sarpid,lat,lon,name,river,road,roadtype,crossingtype,barrierseverity,constriction,huc8,subbasin,huc12,subwatershed,county,totdasqkm,streamorder,trout,tespp,diadromoushabitat,flowstoocean,totalupstreammiles,totaldownstreammiles,freedownstreammiles,gainmiles,milestooutlet,downstreambarriersarpid,downstreambarrier,parent,anchor_kind,tree_root,anchor_miles,span_ft,cost_usd,flood_constriction,flood_load,flood_consequence,flood_risk,nhdplusid,url,easternbrooktrouthabitatupstreammiles,landcover,percentunaltered,annualflow,statesgcnspp,yearsurveyed,condition,helene_slides_2mi,helene_nearest_slide_mi
sm108180,35.3168,-82.75666,Surveyed road/stream crossing - Fs 477 / Avery Creek,Avery Creek,Fs 477,Unpaved,Culvert,Complete barrier,Severe,6010105,Upper French Broad,60101050202,Davidson River,Transylvania,0.06199999,1,Salvelinus fontinalis,0,not located on a reach associated with anadromous / catadromous species habitat,yes,0.176,0.976,0.976,0.176,1853.966,f202503432,waterfall,,waterfall,sm108180,0.976,8.2,89000.0,1.0,0.022,0.5,0.011,25000400378909.0,https://tool.aquaticbarriers.org/report/combined_barriers/sm108180,0.0,90,100,0.080179,7,2020,Satisfactory,1,1.59
sm108188,35.313515,-82.74944,Surveyed road/stream crossing - Fs 477 / Avery Creek,Avery Creek,Fs 477,Unpaved,Culvert,Complete barrier,Moderate,6010105,Upper French Broad,60101050202,Davidson River,Transylvania,0.066,1,Salvelinus fontinalis,0,not located on a reach associated with anadromous / catadromous species habitat,yes,0.135,51.491,51.491,0.135,1853.338,NC28105,dam,,dam,sm108188,51.491,8.4,90000.0,0.6,0.024,0.5,0.0072,25000400338903.0,https://tool.aquaticbarriers.org/report/combined_barriers/sm108188,0.0,82,100,0.091024,7,2020,Satisfactory,1,1.64
sm108194,35.37587,-82.736694,Surveyed road/stream crossing - 476 / Ut Thompson,Ut Thompson,476,Unpaved,Culvert,Moderate barrier,Severe,6010105,Upper French Broad,60101050402,South Fork Mills River,Transylvania,1.0122,3,Salvelinus fontinalis,0,not located on a reach associated with anadromous / catadromous species habitat,yes,2.991,60.922,60.922,2.991,1853.836,f12461,waterfall,,waterfall,sm108194,60.922,19.0,154000.0,1.0,0.26,0.5,0.13,25000400307105.0,https://tool.aquaticbarriers.org/report/combined_barriers/sm108194,0.966,87,100,1.195865,10,2020,Satisfactory,0,3.89
sm108195,35.868984,-78.761055,Surveyed road/stream crossing - Group Camp / Ut1,Ut1,Group Camp,Unpaved,Culvert,Moderate barrier,Severe,3020201,Upper Neuse,30202010802,Turkey Creek,Wake,0.5561,1,not recorded,0,not located on a reach associated with anadromous / catadromous species habitat,yes,0.622,5.519,5.519,0.622,231.1,NC796,dam,,dam,sm108195,5.519,9.4,96000.0,1.0,0.164,0.5,0.082,15000400000922.0,https://tool.aquaticbarriers.org/report/combined_barriers/sm108195,0.0,100,100,0.210933,3,0,Satisfactory,0,127.69
sm108210,35.31748,-82.75876,Surveyed road/stream crossing - Fs 477 / Avery Creek,Avery Creek,Fs 477,Unpaved,Culvert,Complete barrier,Severe,6010105,Upper French Broad,60101050202,Davidson River,Transylvania,0.23450004,2,Salvelinus fontinalis,0,not located on a reach associated with anadromous / catadromous species habitat,yes,0.485,0.976,0.976,0.485,1854.067,f202503432,waterfall,,waterfall,sm108210,0.976,12.1,112000.0,1.0,0.078,0.5,0.039,25000400534536.0,https://tool.aquaticbarriers.org/report/combined_barriers/sm108210,0.0,93,100,0.302245,7,2020,Satisfactory,1,1.59
sm108220,35.268467,-83.01782,Surveyed road/stream crossing - Sols Creek,Sols Creek,,Unknown,Unknown,Barrier - unknown severity,Unknown,6010203,Tuckasegee,60102030104,Cedar Cliff Lake-Tuckasegee River,Jackson,5.8487,2,Salvelinus fontinalis,0,not located on a reach associated with anadromous / catadromous species habitat,yes,1.171,0.992,0.992,0.992,1743.183,f25134,waterfall,,waterfall,sm108220,0.992,34.0,346000.0,0.5,0.715,0.7,0.2502,25000400465894.0,https://tool.aquaticbarriers.org/report/combined_barriers/sm108220,0.932,85,100,9.702653,2,0,Unknown,0,6.28
sm1202,35.394413,-80.0146,Surveyed road/stream crossing - River Road / Cedar Watery,Cedar Watery,River Road,Paved,Culvert,Moderate barrier,Unknown,3040103,Lower Yadkin,30401030505,Outlet Uwharrie River,Montgomery,13.7537,3,not recorded,0,not located on a reach associated with anadromous / catadromous species habitat,yes,13.912,783.397,739.159,13.912,239.847,NC521,dam,,dam,sm1202,783.397,31.3,415000.0,0.5,1.0,1.0,0.5,15000200054952.0,https://tool.aquaticbarriers.org/report/combined_barriers/sm1202,0.0,97,100,5.738786,10,0,Satisfactory,0,88.46
sm1343,35.340733,-80.0224,Surveyed road/stream crossing - 517 / Uwh817-3.6,Uwh817-3.6,517,Unknown,Culvert,Moderate barrier,Unknown,3040104,Upper Pee Dee,30401040202,Wood Run-Lake Tillery,Montgomery,4.2901,1,not recorded,0,not located on a reach associated with anadromous / catadromous species habitat,yes,0.303,4.056,3.925,0.303,237.965,NC183,dam,,dam,sm1343,4.056,19.7,218000.0,0.5,0.619,0.7,0.2166,15000200122538.0,https://tool.aquaticbarriers.org/report/combined_barriers/sm1343,0.0,97,100,1.790243,4,2007,Unknown,0,90.14
sm1344,35.302876,-79.88482,Surveyed road/stream crossing - 1578 / None,,1578,Unknown,Culvert,Moderate barrier,Unknown,3040104,Upper Pee Dee,30401040306,Eury Dam-Little River,Montgomery,4.1714,2,not recorded,0,not located on a reach associated with anadromous / catadromous species habitat,yes,5.199,40.265,36.933,5.199,223.402,NC227,dam,,dam,sm1344,40.265,19.5,216000.0,0.5,0.61,0.7,0.2135,15000200011556.0,https://tool.aquaticbarriers.org/report/combined_barriers/sm1344,0.0,96,100,1.688491,10,2007,Unknown,0,97.91
sm1345,35.469284,-79.99073,Surveyed road/stream crossing - 6752 / Duncombe,Duncombe,6752,Unknown,Culvert,Complete barrier,Unknown,3040103,Lower Yadkin,30401030504,Crow Creek-Uwharrie River,Montgomery,9.4194,3,not recorded,1,not located on a reach associated with anadromous / catadromous species habitat,yes,9.229,783.397,739.159,9.229,247.728,NC521,dam,,dam,sm1345,783.397,26.9,282000.0,0.5,0.87,0.7,0.3045,15000200055223.0,https://tool.aquaticbarriers.org/report/combined_barriers/sm1345,0.0,95,100,3.858765,5,2007,Unknown,0,85.15
sm1346,35.507217,-80.039566,Surveyed road/stream crossing - 6750 / None,,6750,Unknown,Culvert,Complete barrier,Unknown,3040103,Lower Yadkin,30401030504,Crow Creek-Uwharrie River,Randolph,5.8243,2,not recorded,1,not located on a reach associated with anadromous / catadromous species habitat,yes,2.677,783.397,739.159,2.677,254.477,NC521,dam,,dam,sm1346,783.397,22.2,240000.0,0.5,0.713,0.7,0.2495,15000200077325.0,https://tool.aquaticbarriers.org/report/combined_barriers/sm1346,0.0,94,100,2.447452,5,2007,Unknown,0,81.38
sm1347,35.463707,-79.96104,Surveyed road/stream crossing - 1134 / None,,1134,Unknown,Culvert,Indeterminate barrier,Unknown,3040103,Lower Yadkin,30401030503,Barnes Creek,Montgomery,0.9669,1,not recorded,1,not located on a reach associated with anadromous / catadromous species habitat,yes,0.103,783.397,739.159,0.103,249.355,NC521,dam,,dam,sm1347,783.397,11.3,142000.0,0.5,0.251,0.7,0.0878,15000200168503.0,https://tool.aquaticbarriers.org/report/combined_barriers/sm1347,0.0,97,100,0.400671,7,2007,Unknown,0,86.5
sm1348,35.4102,-80.0887,Surveyed road/stream crossing - 576 / Trib To Yadkin,Trib To Yadkin,576,Unknown,Culvert,Complete barrier,Unknown,3040103,Lower Yadkin,30401030605,Beaverdam Creek-Yadkin River,Montgomery,1.3871,1,not recorded,0,not located on a reach associated with anadromous / catadromous species habitat,yes,1.233,0.092,0.092,0.092,239.008,f28126,waterfall,,waterfall,sm1348,0.092,12.9,156000.0,0.5,0.323,0.7,0.113,15000200054067.0,https://tool.aquaticbarriers.org/report/combined_barriers/sm1348,0.0,99,100,0.590469,5,2007,Unknown,0,85.17
sm1349,35.40443,-80.08554,Surveyed road/stream crossing - 6560 / Unnaamed Trib Of Yadkin River,Unnaamed Trib Of Yadkin River,6560,Unknown,Culvert,Complete barrier,Unknown,3040103,Lower Yadkin,30401030605,Beaverdam Creek-Yadkin River,Montgomery,0.4413,1,not recorded,0,not located on a reach associated with anadromous / catadromous species habitat,yes,0.315,8.324,4.745,0.315,238.352,NC552,dam,,dam,sm1349,8.324,8.7,118000.0,0.5,0.136,0.7,0.0476,15000200076634.0,https://tool.aquaticbarriers.org/report/combined_barriers/sm1349,0.0,85,100,0.184265,5,2007,Unknown,0,85.6
sm1350,35.432354,-80.056625,Surveyed road/stream crossing - 576 / Unamed Trib Of Moccasin Creek,Unamed Trib Of Moccasin Creek,576,Unknown,Culvert,Complete barrier,Unknown,3040103,Lower Yadkin,30401030505,Outlet Uwharrie River,Montgomery,1.3396,1,not recorded,0,not located on a reach associated with anadromous / catadromous species habitat,yes,0.148,783.397,739.159,0.148,245.392,NC521,dam,,dam,sm1350,783.397,12.7,155000.0,0.5,0.316,0.7,0.1106,15000200167493.0,https://tool.aquaticbarriers.org/report/combined_barriers/sm1350,0.0,92,100,0.572164,10,2007,Unknown,0,84.95
sm1351,35.42901,-80.04126,Surveyed road/stream crossing - 576 / Mocccaassin,Mocccaassin,576,Unknown,Culvert,Indeterminate barrier,Unknown,3040103,Lower Yadkin,30401030505,Outlet Uwharrie River,Montgomery,2.3448,2,not recorded,0,not located on a reach associated with anadromous / catadromous species habitat,yes,1.888,783.397,739.159,1.888,244.362,NC521,dam,,dam,sm1351,783.397,15.7,181000.0,0.5,0.448,0.7,0.1568,15000200077319.0,https://tool.aquaticbarriers.org/report/combined_barriers/sm1351,0.0,90,100,0.991793,10,2007,Unknown,0,85.64
sm1353,35.451202,-80.06803,Surveyed road/stream crossing - 597 / Trib Of Moccasin Creek,Trib Of Moccasin Creek,597,Unknown,Culvert,Complete barrier,Unknown,3040103,Lower Yadkin,30401030605,Beaverdam Creek-Yadkin River,Montgomery,0.68200004,1,not recorded,0,not located on a reach associated with anadromous / catadromous species habitat,yes,0.636,95.252,63.369,0.636,244.392,NC551,dam,,dam,sm1353,95.252,10.0,130000.0,0.5,0.193,0.7,0.0676,15000200144755.0,https://tool.aquaticbarriers.org/report/combined_barriers/sm1353,0.0,96,100,0.289514,5,2007,Unknown,0,83.51
sm1359,35.0951,-82.84799,,,,Unknown,Culvert,Moderate barrier,Unknown,3060101,Seneca,30601010102,Toxaway River-Lake Jocassee,Transylvania,1.4172,1,Salvelinus fontinalis,0,not located on a reach associated with anadromous / catadromous species habitat,yes,1.026,11.499,11.499,1.026,355.497,f28042,waterfall,,waterfall,sm1359,11.499,13.0,157000.0,0.5,0.328,0.7,0.1148,15000600197169.0,https://tool.aquaticbarriers.org/report/combined_barriers/sm1359,0.0,84,100,1.951866,6,0,Unknown,0,7.54
sm1362,35.08972,-82.81208,Surveyed road/stream crossing - Eastatoe Creek,Eastatoe Creek,,Unknown,Culvert,Complete barrier,Unknown,3060101,Seneca,30601010202,Eastatoe Creek,Transylvania,1.3774,1,Salvelinus fontinalis,0,not located on a reach associated with anadromous / catadromous species habitat,yes,0.265,9.184,9.184,0.265,355.389,f24882,waterfall,,waterfall,sm1362,9.184,12.9,156000.0,0.5,0.322,0.7,0.1127,15000600271109.0,https://tool.aquaticbarriers.org/report/combined_barriers/sm1362,0.0,81,100,2.090636,16,0,Unknown,0,5.49
sm1363,35.124104,-77.72457,Surveyed road/stream crossing - Gray Branch,Gray Branch,,Unknown,Culvert,Barrier - unknown severity,Unknown,3020202,Middle Neuse,30202020301,Headwaters Southwest Creek,Lenoir,1.5059999,2,not recorded,0,not located on a reach associated with anadromous / catadromous species habitat,yes,2.004,130.581,130.189,2.004,94.267,NC1874,dam,,dam,sm1363,130.581,13.3,160000.0,0.5,0.341,0.7,0.1194,15000400068238.0,https://tool.aquaticbarriers.org/report/combined_barriers/sm1363,0.0,52,100,0.691424,1,0,Unknown,0,201.37
sm1364,35.37209,-77.361664,Surveyed road/stream crossing - Saint Johns Canal,Saint Johns Canal,,Unknown,Culvert,Barrier - unknown severity,Unknown,3020202,Middle Neuse,30202020603,Halfmoon Creek-Neuse River,Pitt,5.8115,3,not recorded,2,located on a reach associated with anadromous / catadromous species habitat,yes,9.02,7221.023,7213.387,9.02,66.652,,,,outlet,sm1364,7221.023,22.2,240000.0,0.5,0.713,0.7,0.2495,15000400023989.0,https://tool.aquaticbarriers.org/report/combined_barriers/sm1364,0.0,12,4,2.484015,1,0,Unknown,0,212.85
sm1365,35.375786,-77.30838,,,,Unknown,Culvert,Barrier - unknown severity,Unknown,3020202,Middle Neuse,30202020405,Clayroot Swamp-Swift Creek,Pitt,4.6886,3,not recorded,0,located on a reach associated with anadromous / catadromous species habitat,yes,7.41,7221.023,7213.387,7.41,69.441,,,,outlet,sm1365,7221.023,20.4,224000.0,0.5,0.646,0.7,0.2261,15000400117212.0,https://tool.aquaticbarriers.org/report/combined_barriers/sm1365,0.0,31,33,1.866665,1,0,Unknown,0,215.54
sm1366,35.337597,-77.29634,,,,Unknown,Culvert,Barrier - unknown severity,Unknown,3020202,Middle Neuse,30202020603,Halfmoon Creek-Neuse River,Craven,2.8003001,3,not recorded,2,located on a reach associated with anadromous / catadromous species habitat,yes,3.009,7221.023,7213.387,3.009,59.849,,,,outlet,sm1366,7221.023,16.8,191000.0,0.5,0.496,0.7,0.1736,15000400009263.0,https://tool.aquaticbarriers.org/report/combined_barriers/sm1366,0.0,62,9,1.239142,1,0,Unknown,0,217.12
sm1367,35.53099,-77.4032,,,,Unknown,Culvert,Barrier - unknown severity,Unknown,3020202,Middle Neuse,30202020401,Headwaters Swift Creek,Pitt,2.4856,1,not recorded,0,located on a reach associated with anadromous / catadromous species habitat,yes,0.48,7221.023,7213.387,0.48,84.467,,,,outlet,sm1367,7221.023,16.0,184000.0,0.5,0.464,0.7,0.1624,15000400070198.0,https://tool.aquaticbarriers.org/report/combined_barriers/sm1367,0.0,15,100,1.049645,4,0,Unknown,0,206.87
sm1368,35.292103,-77.60533,Surveyed road/stream crossing - Adkin Branch,Adkin Branch,,Unknown,Culvert,Barrier - unknown severity,Unknown,3020202,Middle Neuse,30202020303,Yadkin Branch-Neuse River,Lenoir,1.8726,1,not recorded,4,located on a reach associated with anadromous / catadromous species habitat,yes,0.524,2.864,2.864,0.524,83.466,sm1371,small_barrier,sm1371,culvert,sm1371,7221.023,14.4,170000.0,0.5,0.392,0.7,0.1372,15000400084341.0,https://tool.aquaticbarriers.org/report/combined_barriers/sm1368,0.0,6,100,0.824495,4,0,Unknown,0,202.35
sm1369,35.279846,-77.67502,,,,Unknown,Culvert,Barrier - unknown severity,Unknown,3020202,Middle Neuse,30202020205,Falling Creek,Lenoir,0.8749,2,not recorded,0,located on a reach associated with anadromous / catadromous species habitat,yes,1.455,7221.023,7213.387,1.455,91.382,,,,outlet,sm1369,7221.023,10.9,139000.0,0.5,0.233,0.7,0.0816,15000400068518.0,https://tool.aquaticbarriers.org/report/combined_barriers/sm1369,0.0,40,100,0.382412,2,0,Unknown,0,199.13
sm1370,35.440247,-77.93304,,,,Unknown,Culvert,Barrier - unknown severity,Unknown,3020202,Middle Neuse,30202020101,Headwaters Stoney Creek,Wayne,0.0492,1,not recorded,0,located on a reach associated with anadromous / catadromous species habitat,yes,0.191,7221.023,7213.387,0.191,134.663,,,,outlet,sm1370,7221.023,4.6,81000.0,0.5,0.018,0.7,0.0063,15000400020898.0,https://tool.aquaticbarriers.org/report/combined_barriers/sm1370,0.0,0,100,0.020887,1,0,Unknown,0,181.42
sm1371,35.283676,-77.58049,Surveyed road/stream crossing - N Queen St / Yadkin Branch,Yadkin Branch,N Queen St,Paved,Culvert,Barrier - unknown severity,Unknown,3020202,Middle Neuse,30202020303,Yadkin Branch-Neuse River,Lenoir,8.4302,2,not recorded,4,located on a reach associated with anadromous / catadromous species habitat,yes,2.864,7221.023,7213.387,2.864,81.478,,,,outlet,sm1371,7221.023,25.7,348000.0,0.5,0.833,1.0,0.4165,15000400069117.0,https://tool.aquaticbarriers.org/report/combined_barriers/sm1371,0.0,38,52,3.718576,4,0,Poor,0,203.86
sm1375,35.876175,-81.822395,Surveyed road/stream crossing - 210 / Simpson C,Simpson C,210,Unknown,Unknown,Barrier - unknown severity,Unknown,3050101,Upper Catawba,30501010402,Irish Creek,Burke,1.4805,3,not recorded,0,not located on a reach associated with anadromous / catadromous species habitat,yes,4.785,1903.298,1857.126,4.785,408.945,NC642,dam,,dam,sm1375,1903.298,13.2,159000.0,0.5,0.337,0.7,0.118,15001500275917.0,https://tool.aquaticbarriers.org/report/combined_barriers/sm1375,0.0,98,100,0.829357,4,2020,Unknown,0,3.48
sm1376,35.79592,-82.07122,Surveyed road/stream crossing - 469 / Elliot Ce,Elliot Ce,469,Unknown,Unknown,Barrier - unknown severity,Unknown,3050101,Upper Catawba,30501010201,Armstrong Creek,McDowell,0.12670001,2,Salvelinus fontinalis,0,not located on a reach associated with anadromous / catadromous species habitat,yes,0.464,599.044,599.044,0.464,433.513,sm8796215,small_barrier,sm8796215,culvert,sm8796215,1377.243,5.9,93000.0,0.5,0.044,0.7,0.0154,15001500233071.0,https://tool.aquaticbarriers.org/report/combined_barriers/sm1376,0.0,100,100,0.08082,3,2020,Unknown,9,0.89
sm1378,35.79584,-82.07579,Surveyed road/stream crossing - 469 / Unnamed T,Unnamed T,469,Unknown,Unknown,Barrier - unknown severity,Unknown,3050101,Upper Catawba,30501010201,Armstrong Creek,McDowell,0.0344,1,Salvelinus fontinalis,0,not located on a reach associated with anadromous / catadromous species habitat,yes,0.093,599.044,599.044,0.093,433.773,sm8796215,small_barrier,sm8796215,culvert,sm8796215,1377.243,4.2,78000.0,0.5,0.013,0.7,0.0045,15001500156866.0,https://tool.aquaticbarriers.org/report/combined_barriers/sm1378,0.0,100,100,0.022506,3,2020,Unknown,9,0.74
sm1379,35.796375,-82.07627,Surveyed road/stream crossing - 469 / Caney Bra,Caney Bra,469,Unknown,Unknown,Barrier - unknown severity,Unknown,3050101,Upper Catawba,30501010201,Armstrong Creek,McDowell,0.96290004,3,Salvelinus fontinalis,0,not located on a reach associated with anadromous / catadromous species habitat,yes,2.926,599.044,599.044,2.926,433.748,sm8796215,small_barrier,sm8796215,culvert,sm8796215,1377.243,11.3,142000.0,0.5,0.25,0.7,0.0875,15001500118780.0,https://tool.aquaticbarriers.org/report/combined_barriers/sm1379,0.0,100,100,0.694501,3,2020,Unknown,9,0.69
sm1380,35.790073,-82.09155,Surveyed road/stream crossing - 469 / Unnamed T,Unnamed T,469,Unknown,Unknown,Barrier - unknown severity,Unknown,3050101,Upper Catawba,30501010201,Armstrong Creek,McDowell,0.20459999,1,Salvelinus fontinalis,0,not located on a reach associated with anadromous / catadromous species habitat,yes,0.24,599.044,599.044,0.24,436.611,sm8796215,small_barrier,sm8796215,culvert,sm8796215,1377.243,6.8,101000.0,0.5,0.069,0.7,0.0242,15001500080130.0,https://tool.aquaticbarriers.org/report/combined_barriers/sm1380,0.0,100,100,0.14918,3,2020,Unknown,11,0.95
sm1381,35.78532,-82.09397,Surveyed road/stream crossing - 469 / Left Pron,Left Pron,469,Unknown,Unknown,Barrier - unknown severity,Unknown,3050101,Upper Catawba,30501010201,Armstrong Creek,McDowell,0.24659999,2,Salvelinus fontinalis,0,not located on a reach associated with anadromous / catadromous species habitat,yes,0.62,599.044,599.044,0.62,436.736,sm8796215,small_barrier,sm8796215,culvert,sm8796215,1377.243,7.2,105000.0,0.5,0.082,0.7,0.0287,15001500232820.0,https://tool.aquaticbarriers.org/report/combined_barriers/sm1381,0.0,100,100,0.190851,3,2020,Unknown,9,1.12
sm1382,35.785103,-82.09499,Surveyed road/stream crossing - 469 / Middle Pr,Middle Pr,469,Unknown,Unknown,Barrier - unknown severity,Unknown,3050101,Upper Catawba,30501010201,Armstrong Creek,McDowell,0.44669998,3,Salvelinus fontinalis,0,not located on a reach associated with anadromous / catadromous species habitat,yes,1.453,599.044,599.044,1.453,436.731,sm8796215,small_barrier,sm8796215,culvert,sm8796215,1377.243,8.7,118000.0,0.5,0.137,0.7,0.048,15001500118519.0,https://tool.aquaticbarriers.org/report/combined_barriers/sm1382,0.0,100,100,0.348633,3,2020,Unknown,9,1.09
sm1383,35.78471,-82.09675,Surveyed road/stream crossing - 469 / Right Pro,Right Pro,469,Unknown,Unknown,Barrier - unknown severity,Unknown,3050101,Upper Catawba,30501010201,Armstrong Creek,McDowell,0.3754,2,Salvelinus fontinalis,0,not located on a reach associated with anadromous / catadromous species habitat,yes,1.144,599.044,599.044,1.144,436.755,sm8796215,small_barrier,sm8796215,culvert,sm8796215,1377.243,8.2,114000.0,0.5,0.118,0.7,0.0413,15001500041726.0,https://tool.aquaticbarriers.org/report/combined_barriers/sm1383,0.0,100,100,0.289386,3,2020,Unknown,9,1.03
sm1384,35.687866,-82.19931,Surveyed road/stream crossing - 482 / Slick Fal,Slick Fal,482,Unknown,Unknown,Barrier - unknown severity,Unknown,3050101,Upper Catawba,30501010101,Curtis Creek,McDowell,1.3843,3,Salvelinus fontinalis,0,not located on a reach associated with anadromous / catadromous species habitat,yes,1.188,1377.243,1270.053,1.188,445.961,NC3331,dam,,dam,sm1384,1377.243,12.9,156000.0,0.5,0.323,0.7,0.113,15001500002194.0,https://tool.aquaticbarriers.org/report/combined_barriers/sm1384,0.0,99,100,0.986327,2,2020,Unknown,33,0.03
sm1386,35.70147,-82.19567,Surveyed road/stream crossing - 482 / Big Camp,Big Camp,482,Unknown,Unknown,Barrier - unknown severity,Unknown,3050101,Upper Catawba,30501010101,Curtis Creek,McDowell,2.5783,4,Salvelinus fontinalis,0,not located on a reach associated with anadromous / catadromous species habitat,yes,7.522,1.026,1.026,1.026,447.128,f202503856,waterfall,,waterfall,sm1386,1.026,16.2,186000.0,0.5,0.474,0.7,0.1659,15001500155338.0,https://tool.aquaticbarriers.org/report/combined_barriers/sm1386,0.0,99,100,2.339559,2,2020,Unknown,33,0.53
sm1387,35.704365,-82.19214,Surveyed road/stream crossing - 482 / Licklog B,Licklog B,482,Unknown,Unknown,Barrier - unknown severity,Unknown,3050101,Upper Catawba,30501010101,Curtis Creek,McDowell,1.3202,3,Salvelinus fontinalis,0,not located on a reach associated with anadromous / catadromous species habitat,yes,0.499,3.259,3.259,0.499,447.5,f202503855,waterfall,,waterfall,sm1387,3.259,12.7,154000.0,0.5,0.313,0.7,0.1096,15001500193584.0,https://tool.aquaticbarriers.org/report/combined_barriers/sm1387,0.0,97,100,1.168893,2,2020,Unknown,41,0.25
sm1388,35.708157,-82.19197,Surveyed road/stream crossing - 482 / Unnamed T,Unnamed T,482,Unknown,Unknown,Barrier - unknown severity,Unknown,3050101,Upper Catawba,30501010101,Curtis Creek,McDowell,0.2144,2,Salvelinus fontinalis,0,not located on a reach associated with anadromous / catadromous species habitat,yes,0.592,3.259,3.259,0.592,447.856,f202503855,waterfall,,waterfall,sm1388,3.259,6.9,102000.0,0.5,0.072,0.7,0.0252,15001500231608.0,https://tool.aquaticbarriers.org/report/combined_barriers/sm1388,0.0,98,100,0.172302,2,2020,Unknown,47,0.2
sm1389,35.713276,-82.19158,Surveyed road/stream crossing - 482 / Beardrive,Beardrive,482,Unknown,Unknown,Barrier - unknown severity,Unknown,3050101,Upper Catawba,30501010101,Curtis Creek,McDowell,1.4703,3,Salvelinus fontinalis,0,not located on a reach associated with anadromous / catadromous species habitat,yes,4.602,1.716,1.716,1.716,448.252,f202503857,waterfall,,waterfall,sm1389,1.716,13.2,159000.0,0.5,0.336,0.7,0.1176,15001500155354.0,https://tool.aquaticbarriers.org/report/combined_barriers/sm1389,0.0,98,100,1.358478,2,2020,Unknown,49,0.13
sm1390,35.71515,-82.19049,Surveyed road/stream crossing - 482 / Curtis Cr,Curtis Cr,482,Unknown,Unknown,Barrier - unknown severity,Unknown,3050101,Upper Catawba,30501010101,Curtis Creek,McDowell,2.1779,4,Salvelinus fontinalis,0,not located on a reach associated with anadromous / catadromous species habitat,yes,0.044,1.716,1.716,0.044,448.364,f202503857,waterfall,,waterfall,sm1390,1.716,15.2,177000.0,0.5,0.429,0.7,0.1501,15001500040493.0,https://tool.aquaticbarriers.org/report/combined_barriers/sm1390,0.0,86,100,1.926865,2,2020,Unknown,50,0.03
sm1392,35.777702,-82.06927,Surveyed road/stream crossing - 0 / Unnamed T,Unnamed T,0,Unknown,Unknown,Barrier - unknown severity,Unknown,3050101,Upper Catawba,30501010106,Toms Creek-Catawba River,McDowell,0.8871,3,not recorded,0,not located on a reach associated with anadromous / catadromous species habitat,yes,2.576,2.44,2.44,2.44,434.981,f30340,waterfall,,waterfall,sm1392,2.44,11.0,139000.0,0.5,0.236,0.7,0.0826,15001500080366.0,https://tool.aquaticbarriers.org/report/combined_barriers/sm1392,0.0,100,100,0.655843,5,2020,Unknown,2,1.09
sm1393,35.777008,-82.07094,Surveyed road/stream crossing - 0 / Toms Cree,Toms Cree,0,Unknown,Unknown,Barrier - unknown severity,Unknown,3050101,Upper Catawba,30501010106,Toms Creek-Catawba River,McDowell,0.8771,3,not recorded,0,not located on a reach associated with anadromous / catadromous species habitat,yes,2.112,2.44,2.44,2.112,435.053,f30340,waterfall,,waterfall,sm1393,2.44,11.0,139000.0,0.5,0.234,0.7,0.0819,15001500118771.0,https://tool.aquaticbarriers.org/report/combined_barriers/sm1393,0.0,100,100,0.652595,5,2020,Unknown,1,1.15
sm1394,35.899136,-81.74672,Surveyed road/stream crossing - 299 / Carroll C,Carroll C,299,Unknown,Unknown,Barrier - unknown severity,Unknown,3050101,Upper Catawba,30501010506,Lower Johns River,Burke,4.8971,2,not recorded,0,not located on a reach associated with anadromous / catadromous species habitat,yes,2.648,1903.298,1857.126,2.648,405.046,NC642,dam,,dam,sm1394,1903.298,20.8,227000.0,0.5,0.659,0.7,0.2306,15001500238559.0,https://tool.aquaticbarriers.org/report/combined_barriers/sm1394,0.0,100,100,3.142425,7,2020,Unknown,0,5.94
sm1395,35.94634,-81.85005,Surveyed road/stream crossing - 4211 / Unnamed T,Unnamed T,4211,Unknown,Unknown,Barrier - unknown severity,Unknown,3050101,Upper Catawba,30501010401,Upper Warrior Fork,Burke,0.39270002,2,Salvelinus fontinalis,0,not located on a reach associated with anadromous / catadromous species habitat,yes,1.151,16.033,16.033,1.151,415.679,f68,waterfall,,waterfall,sm1395,16.033,8.3,115000.0,0.5,0.123,0.7,0.043,15001500198743.0,https://tool.aquaticbarriers.org/report/combined_barriers/sm1395,0.0,93,100,0.283187,8,2020,Unknown,2,0.68
sm1400,35.918964,-81.80091,Surveyed road/stream crossing - 982 / Un Trib T,Un Trib T,982,Unknown,Unknown,Barrier - unknown severity,Unknown,3050101,Upper Catawba,30501010401,Upper Warrior Fork,Burke,1.0746,3,Salvelinus fontinalis,0,not located on a reach associated with anadromous / catadromous species habitat,yes,1.664,1903.298,1857.126,1.664,411.613,NC642,dam,,dam,sm1400,1903.298,11.8,146000.0,0.5,0.271,0.7,0.0948,15001500085110.0,https://tool.aquaticbarriers.org/report/combined_barriers/sm1400,0.0,87,100,0.558266,8,2020,Unknown,0,2.65
sm1401,35.918407,-81.81214,Surveyed road/stream crossing - 982 / Un Trib T,Un Trib T,982,Unknown,Unknown,Barrier - unknown severity,Unknown,3050101,Upper Catawba,30501010401,Upper Warrior Fork,Burke,0.4645,2,Salvelinus fontinalis,0,not located on a reach associated with anadromous / catadromous species habitat,yes,1.343,1.664,1.664,1.343,412.317,sm1400,small_barrier,sm1400,culvert,sm1400,1903.298,8.8,119000.0,0.5,0.142,0.7,0.0497,15001500084742.0,https://tool.aquaticbarriers.org/report/combined_barriers/sm1401,0.0,94,100,0.24897,8,2020,Unknown,0,2.19
sm1402,35.97347,-81.72076,Surveyed road/stream crossing - 187 / Elijah Es,Elijah Es,187,Unknown,Unknown,Barrier - unknown severity,Unknown,3050101,Upper Catawba,30501010505,Middle Johns River,Caldwell,0.625,1,not recorded,0,not located on a reach associated with anadromous / catadromous species habitat,yes,0.992,1903.298,1857.126,0.992,416.918,NC642,dam,,dam,sm1402,1903.298,9.7,128000.0,0.5,0.18,0.7,0.063,15001500162708.0,https://tool.aquaticbarriers.org/report/combined_barriers/sm1402,0.0,100,100,0.371384,4,2020,Unknown,0,2.92
sm1403,35.982864,-81.7186,Surveyed road/stream crossing - 187 / Elizah Es,Elizah Es,187,Unknown,Unknown,Barrier - unknown severity,Unknown,3050101,Upper Catawba,30501010505,Middle Johns River,Caldwell,3.1289,1,not recorded,0,not located on a reach associated with anadromous / catadromous species habitat,yes,0.971,1903.298,1857.126,0.971,417.463,NC642,dam,,dam,sm1403,1903.298,17.5,197000.0,0.5,0.527,0.7,0.1844,15001500200993.0,https://tool.aquaticbarriers.org/report/combined_barriers/sm1403,0.0,100,100,1.990745,4,2020,Unknown,0,2.8
sm1409,35.035755,-83.142075,Surveyed road/stream crossing - 2052 / Cane Cree,Cane Cree,2052,Unknown,Unknown,Barrier - unknown severity,Unknown,3060102,Tugaloo,30601020201,Headwaters Chattooga River,Macon,3.0743,2,Salvelinus fontinalis,0,not located on a reach associated with anadromous / catadromous species habitat,yes,0.311,4.679,4.679,0.311,388.05,f28307,waterfall,,waterfall,sm1409,4.679,17.4,196000.0,0.5,0.522,0.7,0.1827,15000600225108.0,https://tool.aquaticbarriers.org/report/combined_barriers/sm1409,0.0,92,100,4.806638,7,2020,Unknown,1,1.74
sm1411,35.031166,-83.13536,Surveyed road/stream crossing - 2052 / Holly Bra,Holly Bra,2052,Unknown,Unknown,Barrier - unknown severity,Unknown,3060102,Tugaloo,30601020201,Headwaters Chattooga River,Macon,0.6653,1,Salvelinus fontinalis,0,not located on a reach associated with anadromous / catadromous species habitat,yes,0.47,4.679,4.679,0.47,387.544,f28307,waterfall,,waterfall,sm1411,4.679,10.0,130000.0,0.5,0.189,0.7,0.0662,15000600181008.0,https://tool.aquaticbarriers.org/report/combined_barriers/sm1411,0.0,100,100,1.043222,7,2020,Unknown,0,2.22
sm1412,35.72848,-82.19295,Surveyed road/stream crossing - 974 / Curtis Cr,Curtis Cr,974,Unknown,Unknown,Barrier - unknown severity,Unknown,3050101,Upper Catawba,30501010101,Curtis Creek,McDowell,0.6935,3,Salvelinus fontinalis,0,not located on a reach associated with anadromous / catadromous species habitat,yes,0.04,0.217,0.217,0.04,449.535,f202503870,waterfall,,waterfall,sm1412,0.217,10.1,131000.0,0.5,0.196,0.7,0.0686,15001500269900.0,https://tool.aquaticbarriers.org/report/combined_barriers/sm1412,0.0,100,100,0.661012,2,2020,Unknown,53,0.1
sm1413,35.89562,-81.87164,Surveyed road/stream crossing - 0 / Unntrib T,Unntrib T,0,Unknown,Unknown,Barrier - unknown severity,Unknown,3050101,Upper Catawba,30501010402,Irish Creek,Burke,0.2479,1,not recorded,0,not located on a reach associated with anadromous / catadromous species habitat,yes,0.36,1903.298,1857.126,0.36,413.578,NC642,dam,,dam,sm1413,1903.298,7.2,105000.0,0.5,0.082,0.7,0.0287,15001500274685.0,https://tool.aquaticbarriers.org/report/combined_barriers/sm1413,0.0,83,100,0.17977,4,2020,Unknown,2,1.01
sm1414,35.83195,-81.83455,Surveyed road/stream crossing - 118 / Back Cree,Back Cree,118,Unknown,Unknown,Barrier - unknown severity,Unknown,3050101,Upper Catawba,30501010402,Irish Creek,Burke,5.0229,4,not recorded,0,not located on a reach associated with anadromous / catadromous species habitat,yes,7.935,1903.298,1857.126,7.935,408.004,NC642,dam,,dam,sm1414,1903.298,21.0,229000.0,0.5,0.667,0.7,0.2334,15001500122733.0,https://tool.aquaticbarriers.org/report/combined_barriers/sm1414,0.0,91,100,2.855369,4,2020,Unknown,0,3.99
sm1415,35.83402,-81.84221,Surveyed road/stream crossing - 118 / Right For,Right For,118,Unknown,Unknown,Barrier - unknown severity,Unknown,3050101,Upper Catawba,30501010402,Irish Creek,Burke,0.8383,3,not recorded,0,not located on a reach associated with anadromous / catadromous species habitat,yes,2.107,7.935,7.935,2.107,408.605,sm1414,small_barrier,sm1414,culvert,sm1414,1903.298,10.8,137000.0,0.5,0.226,0.7,0.0791,15001500007555.0,https://tool.aquaticbarriers.org/report/combined_barriers/sm1415,0.0,98,100,0.467384,4,2020,Unknown,0,3.77
sm1416,35.82896,-81.85217,Surveyed road/stream crossing - 118 / Unnamed T,Unnamed T,118,Unknown,Unknown,Barrier - unknown severity,Unknown,3050101,Upper Catawba,30501010402,Irish Creek,Burke,0.25140002,2,not recorded,0,not located on a reach associated with anadromous / catadromous species habitat,yes,0.728,7.935,7.935,0.728,409.377,sm1414,small_barrier,sm1414,culvert,sm1414,1903.298,7.2,105000.0,0.5,0.083,0.7,0.029,15001500045404.0,https://tool.aquaticbarriers.org/report/combined_barriers/sm1416,0.0,96,100,0.141958,4,2020,Unknown,0,3.13
sm1417,35.827923,-81.85526,Surveyed road/stream crossing - 118 / Middle Ba,Middle Ba,118,Unknown,Unknown,Barrier - unknown severity,Unknown,3050101,Upper Catawba,30501010402,Irish Creek,Burke,0.5634,3,not recorded,0,not located on a reach associated with anadromous / catadromous species habitat,yes,1.919,7.935,7.935,1.919,409.586,sm1414,small_barrier,sm1414,culvert,sm1414,1903.298,9.4,125000.0,0.5,0.166,0.7,0.0581,15001500083873.0,https://tool.aquaticbarriers.org/report/combined_barriers/sm1417,0.0,99,100,0.323803,4,2020,Unknown,0,2.97
sm1418,35.827827,-81.862404,Surveyed road/stream crossing - 118 / Back Cree,Back Cree,118,Unknown,Unknown,Barrier - unknown severity,Unknown,3050101,Upper Catawba,30501010402,Irish Creek,Burke,0.7327,3,not recorded,0,not located on a reach associated with anadromous / catadromous species habitat,yes,0.587,7.935,7.935,0.587,410.122,sm1414,small_barrier,sm1414,culvert,sm1414,1903.298,10.3,133000.0,0.5,0.204,0.7,0.0714,15001500198657.0,https://tool.aquaticbarriers.org/report/combined_barriers/sm1418,0.0,78,100,0.43235,4,2020,Unknown,0,2.72
sm1419,35.83166,-81.86375,Surveyed road/stream crossing - 118 / Back Cree,Back Cree,118,Unknown,Unknown,Barrier - unknown severity,Unknown,3050101,Upper Catawba,30501010402,Irish Creek,Burke,0.5656,3,not recorded,0,not located on a reach associated with anadromous / catadromous species habitat,yes,2.034,0.587,0.587,0.587,410.416,sm1418,small_barrier,sm1418,culvert,sm1414,1903.298,9.4,125000.0,0.5,0.166,0.7,0.0581,15001500045394.0,https://tool.aquaticbarriers.org/report/combined_barriers/sm1419,0.0,94,100,0.336835,4,2020,Unknown,0,2.9
sm1420,35.84714,-81.85895,Surveyed road/stream crossing - 118 / Little Fo,Little Fo,118,Unknown,Unknown,Barrier - unknown severity,Unknown,3050101,Upper Catawba,30501010402,Irish Creek,Burke,0.6741,2,not recorded,0,not located on a reach associated with anadromous / catadromous species habitat,yes,2.29,1903.298,1857.126,2.29,410.335,NC642,dam,,dam,sm1420,1903.298,10.0,130000.0,0.5,0.191,0.7,0.0668,15001500045410.0,https://tool.aquaticbarriers.org/report/combined_barriers/sm1420,0.0,100,100,0.43901,4,2020,Unknown,0,2.49
sm1421,35.860207,-81.85553,Surveyed road/stream crossing - 118 / Ash Creek,Ash Creek,118,Unknown,Unknown,Barrier - unknown severity,Unknown,3050101,Upper Catawba,30501010402,Irish Creek,Burke,0.23340002,2,not recorded,0,not located on a reach associated with anadromous / catadromous species habitat,yes,0.847,37.396,37.219,0.847,410.605,NC635,dam,,dam,sm1421,37.396,7.1,104000.0,0.5,0.078,0.7,0.0273,15001500122346.0,https://tool.aquaticbarriers.org/report/combined_barriers/sm1421,0.0,100,100,0.141034,4,2020,Unknown,0,2.26
sm1422,35.949726,-81.79872,Surveyed road/stream crossing - 198 / Unn Trib,Unn Trib,198,Unknown,Unknown,Barrier - unknown severity,Unknown,3050101,Upper Catawba,30501010401,Upper Warrior Fork,Burke,0.10239999,1,Salvelinus fontinalis,0,not located on a reach associated with anadromous / catadromous species habitat,yes,0.0,1903.298,1857.126,0.0,414.28,NC642,dam,,dam,sm1422,1903.298,5.6,90000.0,0.5,0.036,0.7,0.0126,15001500008465.0,https://tool.aquaticbarriers.org/report/combined_barriers/sm1422,0.0,0,0,0.063755,8,2020,Unknown,0,2.41
sm14445,35.354702,-83.34357,Surveyed road/stream crossing - Connely Creek,Connely Creek,,Unknown,Culvert,Barrier - unknown severity,Unknown,6010203,Tuckasegee,60102030304,Connlley Creek-Tuckasegee River,Swain,2.1136,2,Salvelinus fontinalis,1,not located on a reach associated with anadromous / catadromous species habitat,yes,1.942,1837.689,1712.55,1.942,1708.995,NC3023,dam,,dam,sm14445,1837.689,24.2,258000.0,0.5,0.422,0.7,0.1477,25000400346270.0,https://tool.aquaticbarriers.org/report/combined_barriers/sm14445,0.744,93,100,2.655817,10,2020,Unknown,0,7.97
sm14723,35.43299,-82.699295,Surveyed road/stream crossing - Fs5097 / Middle Fork,Middle Fork,Fs5097,Unpaved,Culvert,Complete barrier,Unknown,6010105,Upper French Broad,60101050403,Mills River,Henderson,2.8027,4,Salvelinus fontinalis,1,not located on a reach associated with anadromous / catadromous species habitat,yes,5.331,4.033,4.033,4.033,1838.83,f2,waterfall,,waterfall,sm14723,4.033,26.6,199000.0,0.5,0.496,0.5,0.124,25000400355359.0,https://tool.aquaticbarriers.org/report/combined_barriers/sm14723,0.49,89,100,2.637931,10,2021,Satisfactory,1,1.9
sm14859,35.339134,-83.3517,Surveyed road/stream crossing - Alarka Creek,Alarka Creek,,Unknown,Ford / low water crossing,Barrier - unknown severity,Unknown,6010202,Upper Little Tennessee,60102020406,Alarka Creek,Swain,0.6384,1,Salvelinus fontinalis,0,not located on a reach associated with anadromous / catadromous species habitat,yes,0.37,6.013,6.013,0.37,1704.4,f27859,waterfall,,waterfall,sm14859,6.013,16.4,188000.0,0.5,0.183,0.7,0.064,25000400520423.0,https://tool.aquaticbarriers.org/report/combined_barriers/sm14859,0.0,85,100,0.891486,6,2020,Unknown,0,8.28
sm15233,35.74066,-82.19672,Surveyed road/stream crossing - 2074 / Neals Cre,Neals Cre,2074,Unknown,Culvert,Barrier - unknown severity,Unknown,6010108,Nolichucky,60101080201,Upper South Toe River,Yancey,2.1749,1,Salvelinus fontinalis,0,not located on a reach associated with anadromous / catadromous species habitat,yes,0.026,0.007,0.007,0.007,1890.564,f202503714,waterfall,,waterfall,sm15233,0.007,24.4,260000.0,0.5,0.429,0.7,0.1501,25000400392176.0,https://tool.aquaticbarriers.org/report/combined_barriers/sm15233,0.026,88,100,2.668312,4,2020,Unknown,45,0.32
sm162135,35.363594,-82.73108,Surveyed road/stream crossing - 5018 / Billy Branch (3),Billy Branch (3),5018,Unpaved,Culvert,Complete barrier,Severe,6010105,Upper French Broad,60101050402,South Fork Mills River,Transylvania,0.11399999,1,Salvelinus fontinalis,0,not located on a reach associated with anadromous / catadromous species habitat,yes,0.074,2.596,2.596,0.074,1852.916,f28086,waterfall,,waterfall,sm162135,2.596,9.8,99000.0,1.0,0.04,0.5,0.02,25000400433181.0,https://tool.aquaticbarriers.org/report/combined_barriers/sm162135,0.0,100,100,0.155103,10,2020,Satisfactory,0,4.22
sm162138,35.360443,-82.72128,Surveyed road/stream crossing - 5018 / Laurel (3),Laurel (3),5018,Unpaved,Culvert,Moderate barrier,Severe,6010105,Upper French Broad,60101050402,South Fork Mills River,Transylvania,0.04599998,1,Salvelinus fontinalis,0,not located on a reach associated with anadromous / catadromous species habitat,yes,0.012,3735.196,3734.973,0.012,1850.281,NC3047,dam,,dam,sm162138,3735.196,7.6,86000.0,1.0,0.017,0.5,0.0085,25000400405792.0,https://tool.aquaticbarriers.org/report/combined_barriers/sm162138,0.0,100,100,0.057125,10,2020,Satisfactory,0,4.79
sm162139,35.36103,-82.7201,Surveyed road/stream crossing - 5018 / Laural Brook (2),Laural Brook (2),5018,Unpaved,Culvert,Complete barrier,Moderate,6010105,Upper French Broad,60101050402,South Fork Mills River,Transylvania,0.09330002,1,Salvelinus fontinalis,0,not located on a reach associated with anadromous / catadromous species habitat,yes,0.032,3735.196,3734.973,0.032,1850.329,NC3047,dam,,dam,sm162139,3735.196,9.2,95000.0,0.6,0.033,0.5,0.0099,25000400407886.0,https://tool.aquaticbarriers.org/report/combined_barriers/sm162139,0.0,100,100,0.115865,10,2020,Satisfactory,0,4.85
sm162146,35.241817,-82.79128,Surveyed road/stream crossing - Fs5361 / Utrib Kukendall,Utrib Kukendall,Fs5361,Unpaved,Culvert,Complete barrier,Unknown,6010105,Upper French Broad,60101050104,Catheys Creek,Transylvania,0.2848,2,Salvelinus fontinalis,0,not located on a reach associated with anadromous / catadromous species habitat,yes,0.527,27.366,27.366,0.527,1869.77,NC6354,dam,,dam,sm162146,27.366,12.8,117000.0,0.5,0.093,0.5,0.0232,25000400431369.0,https://tool.aquaticbarriers.org/report/combined_barriers/sm162146,0.0,100,100,0.432677,4,2020,Satisfactory,0,3.98
sm162148,35.235424,-82.80413,Surveyed road/stream crossing - 5361 / Ut Kuykendall Cr,Ut Kuykendall Cr,5361,Unpaved,Culvert,Moderate barrier,Severe,6010105,Upper French Broad,60101050104,Catheys Creek,Transylvania,0.6003,3,Salvelinus fontinalis,0,not located on a reach associated with anadromous / catadromous species habitat,yes,2.121,14.202,14.202,2.121,1868.904,f25160,waterfall,,waterfall,sm162148,14.202,16.1,137000.0,1.0,0.175,0.5,0.0875,25000400320039.0,https://tool.aquaticbarriers.org/report/combined_barriers/sm162148,0.0,100,100,0.928801,4,2020,Satisfactory,0,4.66
sm162149,35.230377,-82.80264,Surveyed road/stream crossing - 5361 / Ut Kuykendall,Ut Kuykendall,5361,Unpaved,Culvert,Complete barrier,Severe,6010105,Upper French Broad,60101050104,Catheys Creek,Transylvania,0.15339999,2,Salvelinus fontinalis,0,not located on a reach associated with anadromous / catadromous species habitat,yes,0.199,14.202,14.202,0.199,1868.558,f25160,waterfall,,waterfall,sm162149,14.202,10.6,104000.0,1.0,0.053,0.5,0.0265,25000400450259.0,https://tool.aquaticbarriers.org/report/combined_barriers/sm162149,0.0,100,100,0.232386,4,2020,Satisfactory,0,4.95
sm162150,35.23506,-82.80372,Surveyed road/stream crossing - 5361 / Ut Kuykendall,Ut Kuykendall,5361,Unpaved,Culvert,Moderate barrier,Moderate,6010105,Upper French Broad,60101050104,Catheys Creek,Transylvania,0.17709999,2,Salvelinus fontinalis,0,not located on a reach associated with anadromous / catadromous species habitat,yes,0.342,14.202,14.202,0.342,1868.905,f25160,waterfall,,waterfall,sm162150,14.202,11.1,107000.0,0.6,0.061,0.5,0.0183,25000400490373.0,https://tool.aquaticbarriers.org/report/combined_barriers/sm162150,0.0,100,100,0.268572,4,2020,Satisfactory,0,4.67
sm162151,35.22863,-82.801346,Surveyed road/stream crossing - 5361 / Ut Kuykendall,Ut Kuykendall,5361,Unpaved,Culvert,Moderate barrier,Severe,6010105,Upper French Broad,60101050104,Catheys Creek,Transylvania,0.0772,1,Salvelinus fontinalis,0,not located on a reach associated with anadromous / catadromous species habitat,yes,0.086,14.202,14.202,0.086,1868.378,f25160,waterfall,,waterfall,sm162151,14.202,8.7,92000.0,1.0,0.028,0.5,0.014,25000400351444.0,https://tool.aquaticbarriers.org/report/combined_barriers/sm162151,0.0,100,100,0.115356,4,2020,Satisfactory,0,5.04
sm162152,35.23108,-82.7947,Surveyed road/stream crossing - 5361 / Ut Kuykendall Cr,Ut Kuykendall Cr,5361,Unpaved,Culvert,Complete barrier,Moderate,6010105,Upper French Broad,60101050104,Catheys Creek,Transylvania,0.06849999,1,Salvelinus fontinalis,0,not located on a reach associated with anadromous / catadromous species habitat,yes,0.098,27.366,27.366,0.098,1868.184,NC6354,dam,,dam,sm162152,27.366,8.5,91000.0,0.6,0.025,0.5,0.0075,25000400301207.0,https://tool.aquaticbarriers.org/report/combined_barriers/sm162152,0.0,100,100,0.103784,4,2020,Satisfactory,0,4.75
sm162154,35.232525,-82.794235,Surveyed road/stream crossing - Fs 5361 / Ut Kuykendall Cr,Ut Kuykendall Cr,Fs 5361,Unpaved,Culvert,Complete barrier,Moderate,6010105,Upper French Broad,60101050104,Catheys Creek,Transylvania,0.16350001,1,Salvelinus fontinalis,0,not located on a reach associated with anadromous / catadromous species habitat,yes,0.16,27.366,27.366,0.16,1868.246,NC6354,dam,,dam,sm162154,27.366,10.8,105000.0,0.6,0.056,0.5,0.0168,25000400544844.0,https://tool.aquaticbarriers.org/report/combined_barriers/sm162154,0.0,100,100,0.247171,4,2020,Satisfactory,0,4.65
sm162155,35.23463,-82.79109,Surveyed road/stream crossing - 5361 / It Kuykendall Cr,It Kuykendall Cr,5361,Unpaved,Culvert,Complete barrier,Severe,6010105,Upper French Broad,60101050104,Catheys Creek,Transylvania,0.1447,1,Salvelinus fontinalis,0,not located on a reach associated with anadromous / catadromous species habitat,yes,0.192,27.366,27.366,0.192,1869.151,NC6354,dam,,dam,sm162155,27.366,10.5,103000.0,1.0,0.05,0.5,0.025,25000400372652.0,https://tool.aquaticbarriers.org/report/combined_barriers/sm162155,0.0,100,100,0.209347,4,2020,Satisfactory,0,4.46
sm162156,35.235687,-82.789925,Surveyed road/stream crossing - 5361 / Ut Kuykendall Cr,Ut Kuykendall Cr,5361,Unpaved,Culvert,Moderate barrier,Spans only bankfull/active channel,6010105,Upper French Broad,60101050104,Catheys Creek,Transylvania,0.1185,1,Salvelinus fontinalis,0,not located on a reach associated with anadromous / catadromous species habitat,yes,0.216,27.366,27.366,0.216,1869.098,NC6354,dam,,dam,sm162156,27.366,9.9,99000.0,0.1,0.042,0.5,0.0021,25000400448152.0,https://tool.aquaticbarriers.org/report/combined_barriers/sm162156,0.0,100,100,0.17264,4,2020,Poor,0,4.37
sm162175,35.27353,-82.85186,Surveyed road/stream crossing - Fs 229A / Ut 2,Ut 2,Fs 229A,Unpaved,Culvert,Complete barrier,Severe,6010105,Upper French Broad,60101050202,Davidson River,Transylvania,0.07909998,2,Salvelinus fontinalis,0,not located on a reach associated with anadromous / catadromous species habitat,yes,0.166,1.95,1.95,0.166,1860.146,sm51061,small_barrier,sm51061,culvert,sm163677,10.169,8.8,93000.0,1.0,0.028,0.5,0.014,25000400469293.0,https://tool.aquaticbarriers.org/report/combined_barriers/sm162175,0.0,100,100,0.114051,7,2020,Satisfactory,0,4.88
sm162176,35.272797,-82.85213,Surveyed road/stream crossing - Fs 229A / Ut 1,Ut 1,Fs 229A,Unpaved,Culvert,Complete barrier,Moderate,6010105,Upper French Broad,60101050202,Davidson River,Transylvania,0.1281,2,Salvelinus fontinalis,0,not located on a reach associated with anadromous / catadromous species habitat,yes,0.232,1.95,1.95,0.232,1860.168,sm51061,small_barrier,sm51061,culvert,sm163677,10.169,10.1,101000.0,0.6,0.045,0.5,0.0135,25000400297202.0,https://tool.aquaticbarriers.org/report/combined_barriers/sm162176,0.0,100,100,0.187165,7,2020,Satisfactory,0,4.91
sm162177,35.27024,-82.84938,Surveyed road/stream crossing - Fs 229 / Ut 3,Ut 3,Fs 229,Unpaved,Culvert,Complete barrier,Severe,6010105,Upper French Broad,60101050202,Davidson River,Transylvania,0.0866,1,Salvelinus fontinalis,0,not located on a reach associated with anadromous / catadromous species habitat,yes,0.078,8.272,8.272,0.078,1860.39,f28310,waterfall,,waterfall,sm162177,8.272,9.0,94000.0,1.0,0.031,0.5,0.0155,25000400526195.0,https://tool.aquaticbarriers.org/report/combined_barriers/sm162177,0.0,100,100,0.125259,7,2020,Satisfactory,0,4.83
sm162180,35.278416,-82.86013,Surveyed road/stream crossing - Fs229B / Ut3,Ut3,Fs229B,Unpaved,Culvert,Moderate barrier,Moderate,6010105,Upper French Broad,60101050202,Davidson River,Transylvania,0.14289999,2,Salvelinus fontinalis,0,not located on a reach associated with anadromous / catadromous species habitat,yes,0.327,5.427,5.427,0.327,1860.507,sm163677,small_barrier,sm163677,culvert,sm163677,10.169,10.4,102000.0,0.6,0.05,0.5,0.015,25000400519951.0,https://tool.aquaticbarriers.org/report/combined_barriers/sm162180,0.0,100,100,0.223055,7,2020,Satisfactory,0,5.23
sm162191,35.370777,-82.93941,Surveyed road/stream crossing - Fs97 / West Fork Pigeon,West Fork Pigeon,Fs97,Unpaved,Ford / low water crossing,Complete barrier,Spans only bankfull/active channel,6010106,Pigeon,60101060101,Lake Logan-West Fork Pigeon River,Haywood,9.9788,3,Salvelinus fontinalis,0,not located on a reach associated with anadromous / catadromous species habitat,yes,0.509,32.911,31.42,0.509,1810.669,NC2984,dam,,dam,sm162191,32.911,40.8,285000.0,0.1,0.89,0.5,0.0445,25000400404277.0,https://tool.aquaticbarriers.org/report/combined_barriers/sm162191,0.0,98,100,14.252621,1,2020,Satisfactory,0,3.46
sm162193,35.283012,-82.85781,Surveyed road/stream crossing - Fs229B / Ut5,Ut5,Fs229B,Unpaved,Culvert,Complete barrier,Severe,6010105,Upper French Broad,60101050202,Davidson River,Transylvania,0.48239997,3,Salvelinus fontinalis,0,not located on a reach associated with anadromous / catadromous species habitat,yes,1.003,5.427,5.427,1.003,1860.705,sm163677,small_barrier,sm163677,culvert,sm163677,10.169,15.0,130000.0,1.0,0.146,0.5,0.073,25000400475573.0,https://tool.aquaticbarriers.org/report/combined_barriers/sm162193,0.0,100,100,0.720141,7,2020,Satisfactory,0,5.04
sm162195,35.27798,-82.86008,Surveyed road/stream crossing - Fs229B / Ut2,Ut2,Fs229B,Unpaved,Culvert,Moderate barrier,Moderate,6010105,Upper French Broad,60101050202,Davidson River,Transylvania,0.35580003,3,Salvelinus fontinalis,0,not located on a reach associated with anadromous / catadromous species habitat,yes,1.333,5.427,5.427,1.333,1860.516,sm163677,small_barrier,sm163677,culvert,sm163677,10.169,13.7,122000.0,0.6,0.113,0.5,0.0339,25000400469337.0,https://tool.aquaticbarriers.org/report/combined_barriers/sm162195,0.0,100,100,0.579721,7,2020,Satisfactory,0,5.24
sm162196,35.277557,-82.85917,Surveyed road/stream crossing - Fs229B / Ut 1,Ut 1,Fs229B,Unpaved,Culvert,Moderate barrier,Severe,6010105,Upper French Broad,60101050202,Davidson River,Transylvania,0.28939998,2,Salvelinus fontinalis,0,not located on a reach associated with anadromous / catadromous species habitat,yes,1.018,5.427,5.427,1.018,1860.498,sm163677,small_barrier,sm163677,culvert,sm163677,10.169,12.8,117000.0,1.0,0.094,0.5,0.047,25000400524102.0,https://tool.aquaticbarriers.org/report/combined_barriers/sm162196,0.0,100,100,0.427012,7,2020,Satisfactory,0,5.19
sm163677,35.280712,-82.834465,Surveyed road/stream crossing - Fs 5095 / Cove Creek,Cove Creek,Fs 5095,Unknown,Culvert,Barrier - unknown severity,Unknown,6010105,Upper French Broad,60101050202,Davidson River,Transylvania,3.751,4,Salvelinus fontinalis,0,not located on a reach associated with anadromous / catadromous species habitat,yes,5.427,10.169,10.169,5.427,1858.887,NC61748,dam,,dam,sm163677,10.169,29.3,304000.0,0.5,0.579,0.7,0.2026,25000400446122.0,https://tool.aquaticbarriers.org/report/combined_barriers/sm163677,0.0,91,100,5.415204,7,2020,Satisfactory,0,3.8
sm164609,36.125954,-81.891205,Surveyed road/stream crossing - Camp Luther Rock / North Toe River,North Toe River,Camp Luther Rock,Unpaved,Culvert,Complete barrier,Severe,6010108,Nolichucky,60101080101,Headwaters North Toe River,Avery,0.8813,1,Salvelinus fontinalis,0,not located on a reach associated with anadromous / catadromous species habitat,yes,0.364,1.211,1.211,0.364,1913.714,NC6603,dam,,dam,sm164609,1.211,18.2,149000.0,1.0,0.235,0.5,0.1175,25000400415425.0,https://tool.aquaticbarriers.org/report/combined_barriers/sm164609,0.364,62,100,1.024887,6,2021,Satisfactory,10,0.35
sm164613,35.241913,-83.09297,Surveyed road/stream crossing - Lake Forest Rd / Kiese Creek,Kiese Creek,Lake Forest Rd,Paved,Culvert,Complete barrier,Moderate,6010203,Tuckasegee,60102030104,Cedar Cliff Lake-Tuckasegee River,Jackson,1.9508,1,Salvelinus fontinalis,0,not located on a reach associated with anadromous / catadromous species habitat,yes,0.802,10.505,7.957,0.802,1735.872,NC3026,dam,,dam,sm164613,10.505,23.6,323000.0,0.6,0.402,1.0,0.2412,25000400379737.0,https://tool.aquaticbarriers.org/report/combined_barriers/sm164613,0.0,84,100,2.454515,2,2021,Satisfactory,2,1.69
sm164614,35.43159,-82.70261,Surveyed road/stream crossing - Fs 5097 / Ut Middle Fork Of Fletcher Creek,Ut Middle Fork Of Fletcher Creek,Fs 5097,Unpaved,Culvert,Moderate barrier,Moderate,6010105,Upper French Broad,60101050403,Mills River,Henderson,0.0924,1,Salvelinus fontinalis,1,not located on a reach associated with anadromous / catadromous species habitat,yes,0.085,5.331,5.331,0.085,1839.065,sm14723,small_barrier,sm14723,culvert,sm14723,4.033,9.2,95000.0,0.6,0.033,0.5,0.0099,25000400336458.0,https://tool.aquaticbarriers.org/report/combined_barriers/sm164614,0.0,85,100,0.084471,10,2021,Satisfactory,0,2.1
sm164615,35.432545,-82.70326,Surveyed road/stream crossing - Fs5097 / Ut Middle Fork Of Fletcher Creek,Ut Middle Fork Of Fletcher Creek,Fs5097,Unpaved,Culvert,Moderate barrier,Moderate,6010105,Upper French Broad,60101050403,Mills River,Henderson,0.06500001,1,Salvelinus fontinalis,1,not located on a reach associated with anadromous / catadromous species habitat,yes,0.0,5.331,5.331,0.0,1839.284,sm14723,small_barrier,sm14723,culvert,sm14723,4.033,8.3,90000.0,0.6,0.023,0.5,0.0069,25000400328031.0,https://tool.aquaticbarriers.org/report/combined_barriers/sm164615,0.0,0,0,0.059653,10,2021,Satisfactory,0,2.08
sm164624,35.441616,-82.696175,Surveyed road/stream crossing - Fs 5097 / Fletcher Creek,Fletcher Creek,Fs 5097,Unpaved,Culvert,Moderate barrier,Moderate,6010105,Upper French Broad,60101050403,Mills River,Henderson,0.8286,3,Salvelinus fontinalis,1,not located on a reach associated with anadromous / catadromous species habitat,yes,2.945,14.003,14.003,2.945,1839.072,f202503943,waterfall,,waterfall,sm164624,14.003,17.8,147000.0,0.6,0.224,0.5,0.0672,25000400328023.0,https://tool.aquaticbarriers.org/report/combined_barriers/sm164624,1.57,99,100,0.796526,10,2021,Satisfactory,1,1.36
sm164625,35.440056,-82.69514,Surveyed road/stream crossing - Fs 5097 / Ut Fletcher Creek,Ut Fletcher Creek,Fs 5097,Unpaved,Culvert,Complete barrier,Moderate,6010105,Upper French Broad,60101050403,Mills River,Henderson,0.08640001,2,Salvelinus fontinalis,1,not located on a reach associated with anadromous / catadromous species habitat,yes,0.259,14.003,14.003,0.259,1839.017,f202503943,waterfall,,waterfall,sm164625,14.003,9.0,94000.0,0.6,0.031,0.5,0.0093,25000400504775.0,https://tool.aquaticbarriers.org/report/combined_barriers/sm164625,0.0,92,100,0.079916,10,2021,Poor,1,1.39
sm164626,35.43972,-82.69484,Surveyed road/stream crossing - Fs 5097 / Ut Fletcher Creek,Ut Fletcher Creek,Fs 5097,Unpaved,Culvert,Moderate barrier,Moderate,6010105,Upper French Broad,60101050403,Mills River,Henderson,0.0813,1,Salvelinus fontinalis,1,not located on a reach associated with anadromous / catadromous species habitat,yes,0.133,14.003,14.003,0.133,1838.96,f202503943,waterfall,,waterfall,sm164626,14.003,8.9,93000.0,0.6,0.029,0.5,0.0087,25000400479403.0,https://tool.aquaticbarriers.org/report/combined_barriers/sm164626,0.0,90,100,0.075199,10,2021,Poor,1,1.39
sm164628,35.43771,-82.69271,Surveyed road/stream crossing - Fs 5097 / Ut Fletcher Creek,Ut Fletcher Creek,Fs 5097,Unpaved,Culvert,Complete barrier,Moderate,6010105,Upper French Broad,60101050403,Mills River,Henderson,0.09070001,1,Salvelinus fontinalis,1,not located on a reach associated with anadromous / catadromous species habitat,yes,0.079,14.003,14.003,0.079,1838.778,f202503943,waterfall,,waterfall,sm164628,14.003,9.1,95000.0,0.6,0.032,0.5,0.0096,25000400559390.0,https://tool.aquaticbarriers.org/report/combined_barriers/sm164628,0.0,87,100,0.083893,10,2021,Satisfactory,1,1.42
sm164629,35.43672,-82.69139,Surveyed road/stream crossing - Fs 5097 / Ut Fletcher Creek,Ut Fletcher Creek,Fs 5097,Unpaved,Culvert,Moderate barrier,Moderate,6010105,Upper French Broad,60101050403,Mills River,Henderson,0.0372,1,Salvelinus fontinalis,1,not located on a reach associated with anadromous / catadromous species habitat,yes,0.001,14.003,14.003,0.001,1838.747,f202503943,waterfall,,waterfall,sm164629,14.003,7.2,83000.0,0.6,0.014,0.5,0.0042,25000400550955.0,https://tool.aquaticbarriers.org/report/combined_barriers/sm164629,0.0,82,100,0.034361,10,2021,Satisfactory,1,1.43
sm164630,35.43564,-82.69051,Surveyed road/stream crossing - Fs 5097 / Ut Fletcher Creek,Ut Fletcher Creek,Fs 5097,Unpaved,Culvert,Complete barrier,Moderate,6010105,Upper French Broad,60101050403,Mills River,Henderson,0.0959,1,Salvelinus fontinalis,1,not located on a reach associated with anadromous / catadromous species habitat,yes,0.124,14.003,14.003,0.124,1838.57,f202503943,waterfall,,waterfall,sm164630,14.003,9.3,96000.0,0.6,0.034,0.5,0.0102,25000400485769.0,https://tool.aquaticbarriers.org/report/combined_barriers/sm164630,0.0,89,100,0.08804,10,2021,Poor,1,1.47
sm164631,35.433723,-82.68929,Surveyed road/stream crossing - Fs 5097 / Ut Fletcher Creek,Ut Fletcher Creek,Fs 5097,Unpaved,Culvert,Complete barrier,Moderate,6010105,Upper French Broad,60101050403,Mills River,Henderson,0.09319999,1,Salvelinus fontinalis,1,not located on a reach associated with anadromous / catadromous species habitat,yes,0.055,14.003,14.003,0.055,1838.494,f202503943,waterfall,,waterfall,sm164631,14.003,9.2,95000.0,0.6,0.033,0.5,0.0099,25000400357583.0,https://tool.aquaticbarriers.org/report/combined_barriers/sm164631,0.0,89,100,0.084317,10,2021,Satisfactory,1,1.56
sm164635,35.432026,-82.69724,Surveyed road/stream crossing - 5097 / Ut To Middle Fork,Ut To Middle Fork,5097,Unpaved,Culvert,Complete barrier,Moderate,6010105,Upper French Broad,60101050403,Mills River,Henderson,0.06559999,1,Salvelinus fontinalis,1,not located on a reach associated with anadromous / catadromous species habitat,yes,0.137,4.033,4.033,0.137,1838.72,f2,waterfall,,waterfall,sm164635,4.033,8.4,90000.0,0.6,0.024,0.5,0.0072,25000400374397.0,https://tool.aquaticbarriers.org/report/combined_barriers/sm164635,0.0,88,100,0.060045,10,2021,Satisfactory,1,1.89
sm164638,35.34014,-82.78957,Surveyed road/stream crossing - Us 276 / Pounding Mill Branch,Pounding Mill Branch,Us 276,Paved,Culvert,Moderate barrier,Moderate,6010105,Upper French Broad,60101050202,Davidson River,Transylvania,2.498,3,Salvelinus fontinalis,0,not located on a reach associated with anadromous / catadromous species habitat,yes,5.465,20.309,20.309,5.465,1859.515,f28104,waterfall,,waterfall,sm164638,20.309,25.6,347000.0,0.6,0.465,1.0,0.279,25000400448117.0,https://tool.aquaticbarriers.org/report/combined_barriers/sm164638,0.0,87,100,3.361438,7,2021,Satisfactory,0,2.32
sm164639,35.358883,-82.77902,Surveyed road/stream crossing - Us276 / South Fork Mills River,South Fork Mills River,Us276,Paved,Culvert,Complete barrier,Spans only bankfull/active channel,6010105,Upper French Broad,60101050402,South Fork Mills River,Transylvania,1.0572,3,Salvelinus fontinalis,0,not located on a reach associated with anadromous / catadromous species habitat,yes,3.033,60.922,60.922,3.033,1856.979,f12461,waterfall,,waterfall,sm164639,60.922,19.3,272000.0,0.1,0.268,1.0,0.0268,25000400475199.0,https://tool.aquaticbarriers.org/report/combined_barriers/sm164639,0.668,88,100,1.390931,10,2021,Satisfactory,1,1.72
sm164640,35.343098,-82.787605,Surveyed road/stream crossing - Us276 / Pounding Mill Branch,Pounding Mill Branch,Us276,Paved,Culvert,Moderate barrier,Moderate,6010105,Upper French Broad,60101050202,Davidson River,Transylvania,0.9005,2,Salvelinus fontinalis,0,not located on a reach associated with anadromous / catadromous species habitat,yes,2.52,5.465,5.465,2.52,1859.763,sm164638,small_barrier,sm164638,culvert,sm164638,20.309,18.3,260000.0,0.6,0.238,1.0,0.1428,25000400374620.0,https://tool.aquaticbarriers.org/report/combined_barriers/sm164640,0.0,97,100,1.212104,7,2021,Satisfactory,0,2.18
sm164677,35.316727,-82.744774,Surveyed road/stream crossing - Fsr5058 / Ut17 Avery Creek,Ut17 Avery Creek,Fsr5058,Paved,Culvert,Complete barrier,Severe,6010105,Upper French Broad,60101050202,Davidson River,Transylvania,0.0741,1,Salvelinus fontinalis,0,not located on a reach associated with anadromous / catadromous species habitat,yes,0.085,51.491,51.491,0.085,1853.698,NC28105,dam,,dam,sm164677,51.491,8.6,144000.0,1.0,0.027,1.0,0.027,25000400414626.0,https://tool.aquaticbarriers.org/report/combined_barriers/sm164677,0.0,100,100,0.104864,7,2021,Poor,1,1.98
sm164679,35.318798,-82.74399,Surveyed road/stream crossing - Fsr5058 / Ut19 Avery Creek,Ut19 Avery Creek,Fsr5058,Unpaved,Culvert,Complete barrier,Severe,6010105,Upper French Broad,60101050202,Davidson River,Transylvania,0.11600001,1,Salvelinus fontinalis,0,not located on a reach associated with anadromous / catadromous species habitat,yes,0.144,51.491,51.491,0.144,1853.825,NC28105,dam,,dam,sm164679,51.491,9.8,99000.0,1.0,0.041,0.5,0.0205,25000400406068.0,https://tool.aquaticbarriers.org/report/combined_barriers/sm164679,0.0,100,100,0.164743,7,2021,Satisfactory,0,2.12
sm164681,35.322605,-82.74396,Surveyed road/stream crossing - Fsr5058 / Ut21 Avery Creek,Ut21 Avery Creek,Fsr5058,Unpaved,Culvert,Complete barrier,Severe,6010105,Upper French Broad,60101050202,Davidson River,Transylvania,0.0571,1,Salvelinus fontinalis,0,not located on a reach associated with anadromous / catadromous species habitat,yes,0.052,51.491,51.491,0.052,1854.025,NC28105,dam,,dam,sm164681,51.491,8.0,88000.0,1.0,0.021,0.5,0.0105,25000400492461.0,https://tool.aquaticbarriers.org/report/combined_barriers/sm164681,0.0,100,100,0.081862,7,2021,Satisfactory,0,2.32
sm164682,35.32351,-82.74396,Surveyed road/stream crossing - Fsr5058 / Ut22 Avery Creek,Ut22 Avery Creek,Fsr5058,Unpaved,Culvert,Complete barrier,Severe,6010105,Upper French Broad,60101050202,Davidson River,Transylvania,0.0947,1,Salvelinus fontinalis,0,not located on a reach associated with anadromous / catadromous species habitat,yes,0.1,51.491,51.491,0.1,1854.131,NC28105,dam,,dam,sm164682,51.491,9.3,96000.0,1.0,0.034,0.5,0.017,25000400515686.0,https://tool.aquaticbarriers.org/report/combined_barriers/sm164682,0.0,100,100,0.137312,7,2021,Satisfactory,0,2.37
sm164683,35.32753,-82.74366,Surveyed road/stream crossing - Fsr5058 / Ut23 Avery Creek,Ut23 Avery Creek,Fsr5058,Unpaved,Culvert,Complete barrier,Severe,6010105,Upper French Broad,60101050202,Davidson River,Transylvania,0.2396,3,Salvelinus fontinalis,0,not located on a reach associated with anadromous / catadromous species habitat,yes,0.903,2.645,2.645,0.903,1854.413,f88,waterfall,,waterfall,sm164683,2.645,12.1,113000.0,1.0,0.08,0.5,0.04,25000400528218.0,https://tool.aquaticbarriers.org/report/combined_barriers/sm164683,0.0,100,100,0.330966,7,2021,Satisfactory,0,2.61
sm164684,35.327904,-82.74427,Surveyed road/stream crossing - Fsr5058 / Ut24 Avery Creek,Ut24 Avery Creek,Fsr5058,Unpaved,Culvert,Complete barrier,Severe,6010105,Upper French Broad,60101050202,Davidson River,Transylvania,0.01569999,1,Salvelinus fontinalis,0,not located on a reach associated with anadromous / catadromous species habitat,yes,0.137,2.645,2.645,0.137,1854.418,f88,waterfall,,waterfall,sm164684,2.645,5.8,75000.0,1.0,0.006,0.5,0.003,25000400303297.0,https://tool.aquaticbarriers.org/report/combined_barriers/sm164684,0.0,100,100,0.023347,7,2021,Satisfactory,0,2.61
sm164686,35.330257,-82.74695,Surveyed road/stream crossing - Fsr5058 / Ut26 Avery Creek,Ut26 Avery Creek,Fsr5058,Unpaved,Culvert,Complete barrier,Severe,6010105,Upper French Broad,60101050202,Davidson River,Transylvania,0.0134,1,Salvelinus fontinalis,0,not located on a reach associated with anadromous / catadromous species habitat,yes,0.062,2.645,2.645,0.062,1854.526,f88,waterfall,,waterfall,sm164686,2.645,5.6,74000.0,1.0,0.005,0.5,0.0025,25000400374725.0,https://tool.aquaticbarriers.org/report/combined_barriers/sm164686,0.0,100,100,0.019915,7,2021,Poor,0,2.67
sm164687,35.330357,-82.74744,Surveyed road/stream crossing - Fsr5058 / Ut27 Avery Creek,Ut27 Avery Creek,Fsr5058,Unpaved,Culvert,Complete barrier,Severe,6010105,Upper French Broad,60101050202,Davidson River,Transylvania,0.09089999,1,Salvelinus fontinalis,0,not located on a reach associated with anadromous / catadromous species habitat,yes,0.1,2.645,2.645,0.1,1854.538,f88,waterfall,,waterfall,sm164687,2.645,9.2,95000.0,1.0,0.032,0.5,0.016,25000400469343.0,https://tool.aquaticbarriers.org/report/combined_barriers/sm164687,0.0,100,100,0.129948,7,2021,Satisfactory,0,2.67
sm164688,35.334747,-82.75077,Surveyed road/stream crossing - Fsr5058 / Ut3 Henry Branch,Ut3 Henry Branch,Fsr5058,Unpaved,Culvert,Complete barrier,Severe,6010105,Upper French Broad,60101050202,Davidson River,Transylvania,0.1818,1,Salvelinus fontinalis,0,not located on a reach associated with anadromous / catadromous species habitat,yes,0.31,12.14,12.14,0.31,1855.421,f25171,waterfall,,waterfall,sm164688,12.14,11.2,107000.0,1.0,0.062,0.5,0.031,25000400403972.0,https://tool.aquaticbarriers.org/report/combined_barriers/sm164688,0.0,100,100,0.249181,7,2021,Poor,0,2.87
sm164690,35.339325,-82.75551,Surveyed road/stream crossing - Fsr5058 / Ut1 Henry Branch,Ut1 Henry Branch,Fsr5058,Unpaved,Culvert,Complete barrier,Severe,6010105,Upper French Broad,60101050202,Davidson River,Transylvania,0.36229998,2,Salvelinus fontinalis,0,not located on a reach associated with anadromous / catadromous species habitat,yes,0.788,12.14,12.14,0.788,1855.613,f25171,waterfall,,waterfall,sm164690,12.14,13.8,123000.0,1.0,0.115,0.5,0.0575,25000400465001.0,https://tool.aquaticbarriers.org/report/combined_barriers/sm164690,0.0,100,100,0.495997,7,2021,Satisfactory,0,3.09
sm164691,35.341606,-82.75488,Surveyed road/stream crossing - Fsr5058 / Ut 21Avery Creek,Ut 21Avery Creek,Fsr5058,Unpaved,Culvert,Complete barrier,Severe,6010105,Upper French Broad,60101050202,Davidson River,Transylvania,0.08599999,1,Salvelinus fontinalis,0,not located on a reach associated with anadromous / catadromous species habitat,yes,0.018,0.788,0.788,0.018,1855.787,sm164690,small_barrier,sm164690,culvert,sm164690,12.14,9.0,94000.0,1.0,0.031,0.5,0.0155,25000400458691.0,https://tool.aquaticbarriers.org/report/combined_barriers/sm164691,0.0,100,100,0.114158,7,2021,Satisfactory,0,3.25
sm164696,35.31772,-82.74035,Surveyed road/stream crossing - Fsr 5099 / Ut29 Avery Creek,Ut29 Avery Creek,Fsr 5099,Unpaved,Culvert,Moderate barrier,Moderate,6010105,Upper French Broad,60101050202,Davidson River,Transylvania,0.09890002,1,Salvelinus fontinalis,0,not located on a reach associated with anadromous / catadromous species habitat,yes,0.048,2.912,2.912,0.048,1853.487,sm52735,small_barrier,sm52735,culvert,sm52735,51.491,9.4,96000.0,0.6,0.035,0.5,0.0105,25000400536561.0,https://tool.aquaticbarriers.org/report/combined_barriers/sm164696,0.0,100,100,0.140872,7,2021,Poor,0,2.21
sm164705,35.28227,-82.78502,Surveyed road/stream crossing - Fsr475C / Ut5 Cedar Rock Creek,Ut5 Cedar Rock Creek,Fsr475C,Unpaved,Culvert,Moderate barrier,Severe,6010105,Upper French Broad,60101050202,Davidson River,Transylvania,0.10149999,1,Salvelinus fontinalis,0,not located on a reach associated with anadromous / catadromous species habitat,yes,0.254,21.428,21.428,0.254,1855.581,NC61746,dam,,dam,sm164705,21.428,9.4,97000.0,1.0,0.036,0.5,0.018,25000400376744.0,https://tool.aquaticbarriers.org/report/combined_barriers/sm164705,0.0,100,100,0.132978,7,2021,Satisfactory,1,1.31
sm164710,35.275093,-82.76335,Surveyed road/stream crossing - Fsr475C / Ut2 Shutin Branch,Ut2 Shutin Branch,Fsr475C,Unpaved,Culvert,Complete barrier,Severe,6010105,Upper French Broad,60101050202,Davidson River,Transylvania,0.11039999,1,Salvelinus fontinalis,0,not located on a reach associated with anadromous / catadromous species habitat,yes,0.152,15.547,15.547,0.152,1853.514,NC61747,dam,,dam,sm164710,15.547,9.7,98000.0,1.0,0.039,0.5,0.0195,25000400513535.0,https://tool.aquaticbarriers.org/report/combined_barriers/sm164710,0.0,100,100,0.145154,7,2021,Satisfactory,1,1.52
sm164711,35.27755,-82.78085,Surveyed road/stream crossing - 475C / Ut1 Davidson River,Ut1 Davidson River,475C,Unpaved,Culvert,Complete barrier,Moderate,6010105,Upper French Broad,60101050202,Davidson River,Transylvania,1.4693,3,Salvelinus fontinalis,0,not located on a reach associated with anadromous / catadromous species habitat,yes,4.716,21.428,21.428,4.716,1855.934,NC61746,dam,,dam,sm164711,21.428,21.5,169000.0,0.6,0.336,0.5,0.1008,25000400473523.0,https://tool.aquaticbarriers.org/report/combined_barriers/sm164711,0.0,100,100,2.075882,7,2021,Satisfactory,1,1.45
sm164719,35.278416,-82.76488,Surveyed road/stream crossing - Fsr475C / Ut9 Davidson River,Ut9 Davidson River,Fsr475C,Unpaved,Culvert,Complete barrier,Moderate,6010105,Upper French Broad,60101050202,Davidson River,Transylvania,0.0625,1,Salvelinus fontinalis,0,not located on a reach associated with anadromous / catadromous species habitat,yes,0.021,15.547,15.547,0.021,1853.509,NC61747,dam,,dam,sm164719,15.547,8.2,89000.0,0.6,0.023,0.5,0.0069,25000400378931.0,https://tool.aquaticbarriers.org/report/combined_barriers/sm164719,0.0,100,100,0.081996,7,2021,Satisfactory,1,1.27
sm164759,35.273308,-82.76482,Surveyed road/stream crossing - Fsr475C / Ut3 Shutin Branch,Ut3 Shutin Branch,Fsr475C,Unpaved,Culvert,Complete barrier,Severe,6010105,Upper French Broad,60101050202,Davidson River,Transylvania,0.11170002,1,Salvelinus fontinalis,0,not located on a reach associated with anadromous / catadromous species habitat,yes,0.139,15.547,15.547,0.139,1853.597,NC61747,dam,,dam,sm164759,15.547,9.7,98000.0,1.0,0.039,0.5,0.0195,25000400380951.0,https://tool.aquaticbarriers.org/report/combined_barriers/sm164759,0.0,100,100,0.147023,7,2021,Satisfactory,1,1.62
sm164771,35.270782,-82.766525,Surveyed road/stream crossing - Fsr475C / Ut4 Shutin Branch,Ut4 Shutin Branch,Fsr475C,Unpaved,Culvert,Complete barrier,Severe,6010105,Upper French Broad,60101050202,Davidson River,Transylvania,0.0803,1,Salvelinus fontinalis,0,not located on a reach associated with anadromous / catadromous species habitat,yes,0.124,15.547,15.547,0.124,1853.795,NC61747,dam,,dam,sm164771,15.547,8.8,93000.0,1.0,0.029,0.5,0.0145,25000400345296.0,https://tool.aquaticbarriers.org/report/combined_barriers/sm164771,0.0,100,100,0.105853,7,2021,Satisfactory,1,1.79
sm164772,35.269592,-82.76713,Surveyed road/stream crossing - Fsr475C / Ut5 Shutin Branch,Ut5 Shutin Branch,Fsr475C,Unpaved,Culvert,Complete barrier,Severe,6010105,Upper French Broad,60101050202,Davidson River,Transylvania,0.07219999,1,Salvelinus fontinalis,0,not located on a reach associated with anadromous / catadromous species habitat,yes,0.133,15.547,15.547,0.133,1853.836,NC61747,dam,,dam,sm164772,15.547,8.6,91000.0,1.0,0.026,0.5,0.013,25000400353528.0,https://tool.aquaticbarriers.org/report/combined_barriers/sm164772,0.0,100,100,0.097316,7,2021,Satisfactory,1,1.87
sm164773,35.26851,-82.76794,Surveyed road/stream crossing - Fsr475C / Ut6 Shutin Branch,Ut6 Shutin Branch,Fsr475C,Unpaved,Culvert,Complete barrier,Severe,6010105,Upper French Broad,60101050202,Davidson River,Transylvania,0.11010001,1,Salvelinus fontinalis,0,not located on a reach associated with anadromous / catadromous species habitat,yes,0.263,15.547,15.547,0.263,1853.938,NC61747,dam,,dam,sm164773,15.547,9.7,98000.0,1.0,0.039,0.5,0.0195,25000400538572.0,https://tool.aquaticbarriers.org/report/combined_barriers/sm164773,0.0,100,100,0.151829,7,2021,Satisfactory,1,1.94
sm164774,35.26751,-82.76782,Surveyed road/stream crossing - Fsr475C / Shutin Branch,Shutin Branch,Fsr475C,Unpaved,Culvert,Complete barrier,Severe,6010105,Upper French Broad,60101050202,Davidson River,Transylvania,0.37309998,3,Salvelinus fontinalis,0,not located on a reach associated with anadromous / catadromous species habitat,yes,0.928,15.547,15.547,0.928,1853.954,NC61747,dam,,dam,sm164774,15.547,13.9,123000.0,1.0,0.118,0.5,0.059,25000400387279.0,https://tool.aquaticbarriers.org/report/combined_barriers/sm164774,0.0,100,100,0.51729,7,2021,Satisfactory,0,2.01
sm164779,35.262936,-82.774826,Surveyed road/stream crossing - Fsr475C / Davidson River,Davidson River,Fsr475C,Unpaved,Culvert,Complete barrier,Moderate,6010105,Upper French Broad,60101050203,Williamson Creek-French Broad River,Transylvania,0.06979999,1,Salvelinus fontinalis,1,not located on a reach associated with anadromous / catadromous species habitat,yes,0.158,0.646,0.646,0.158,1854.253,f28309,waterfall,,waterfall,sm164779,0.646,8.5,91000.0,0.6,0.025,0.5,0.0075,25000400340899.0,https://tool.aquaticbarriers.org/report/combined_barriers/sm164779,0.0,100,100,0.096608,7,2021,Satisfactory,0,2.34
sm164780,35.26274,-82.7754,Surveyed road/stream crossing - Fsr475C / Davidson W,Davidson W,Fsr475C,Unpaved,Culvert,Complete barrier,Severe,6010105,Upper French Broad,60101050203,Williamson Creek-French Broad River,Transylvania,0.11020001,2,Salvelinus fontinalis,1,not located on a reach associated with anadromous / catadromous species habitat,yes,0.343,0.646,0.646,0.343,1854.252,f28309,waterfall,,waterfall,sm164780,0.646,9.7,98000.0,1.0,0.039,0.5,0.0195,25000400341034.0,https://tool.aquaticbarriers.org/report/combined_barriers/sm164780,0.0,100,100,0.158629,7,2021,Satisfactory,0,2.36
sm164782,35.26324,-82.78133,Surveyed road/stream crossing - Fsr475C / Davidson River,Davidson River,Fsr475C,Unpaved,Culvert,Moderate barrier,Severe,6010105,Upper French Broad,60101050203,Williamson Creek-French Broad River,Transylvania,0.06350001,1,Salvelinus fontinalis,1,not located on a reach associated with anadromous / catadromous species habitat,yes,0.098,3.174,3.174,0.098,1854.532,f25178,waterfall,,waterfall,sm164782,3.174,8.3,90000.0,1.0,0.023,0.5,0.0115,25000400305432.0,https://tool.aquaticbarriers.org/report/combined_barriers/sm164782,0.0,100,100,0.094351,7,2021,Poor,0,2.4
sm164785,35.262802,-82.78765,Surveyed road/stream crossing - Fsr475C / Davidson River,Davidson River,Fsr475C,Unpaved,Culvert,Moderate barrier,Severe,6010105,Upper French Broad,60101050203,Williamson Creek-French Broad River,Transylvania,0.2408,2,Salvelinus fontinalis,1,not located on a reach associated with anadromous / catadromous species habitat,yes,0.616,3.174,3.174,0.616,1854.762,f25178,waterfall,,waterfall,sm164785,3.174,12.2,113000.0,1.0,0.08,0.5,0.04,25000400486148.0,https://tool.aquaticbarriers.org/report/combined_barriers/sm164785,0.062,100,100,0.371648,7,2021,Satisfactory,0,2.55
sm164787,35.26203,-82.88787,Surveyed road/stream crossing - Fsr140 / Ut6 North Fork French Broad River,Ut6 North Fork French Broad River,Fsr140,Unpaved,Culvert,Complete barrier,Moderate,6010105,Upper French Broad,60101050101,North Fork French Broad River,Transylvania,0.8972,3,Salvelinus fontinalis,0,not located on a reach associated with anadromous / catadromous species habitat,yes,2.683,4.596,4.596,2.683,1886.831,NC6550,dam,,dam,sm164787,4.596,18.3,150000.0,0.6,0.238,0.5,0.0714,25000400505092.0,https://tool.aquaticbarriers.org/report/combined_barriers/sm164787,0.0,100,100,1.527122,4,2021,Poor,0,7.05
sm164789,35.265553,-82.88879,Surveyed road/stream crossing - Fsr140 / Courthouse Creek,Courthouse Creek,Fsr140,Unpaved,Bridge,Likely barrier,Spans only bankfull/active channel,6010105,Upper French Broad,60101050101,North Fork French Broad River,Transylvania,17.3044,5,Salvelinus fontinalis,0,not located on a reach associated with anadromous / catadromous species habitat,yes,15.688,4.596,4.596,4.596,1887.115,NC6550,dam,,dam,sm164789,4.596,49.3,336000.0,0.1,1.0,0.5,0.05,25000400372732.0,https://tool.aquaticbarriers.org/report/combined_barriers/sm164789,0.0,95,100,30.570053,4,2021,Satisfactory,0,7.02
sm164791,35.273937,-82.89221,Surveyed road/stream crossing - Fsr140 / Courthouse Creek,Courthouse Creek,Fsr140,Unpaved,Bridge,Likely barrier,Spans full channel & banks,6010105,Upper French Broad,60101050101,North Fork French Broad River,Transylvania,6.7104,4,Salvelinus fontinalis,0,not located on a reach associated with anadromous / catadromous species habitat,yes,5.419,0.585,0.585,0.585,1888.065,f25788,waterfall,,waterfall,sm164791,0.585,35.6,254000.0,0.0,0.759,0.5,0.0,25000400498844.0,https://tool.aquaticbarriers.org/report/combined_barriers/sm164791,0.417,93,100,12.223181,4,2021,Satisfactory,0,7.05
sm164793,35.275963,-82.90316,Surveyed road/stream crossing - Fsr140B / Ut2 Mill Station Creek,Ut2 Mill Station Creek,Fsr140B,Unpaved,Culvert,Complete barrier,Moderate,6010105,Upper French Broad,60101050101,North Fork French Broad River,Transylvania,0.05830001,1,Salvelinus fontinalis,0,not located on a reach associated with anadromous / catadromous species habitat,yes,0.1,15.688,15.688,0.1,1888.499,sm164789,small_barrier,sm164789,culvert,sm164789,4.596,8.1,89000.0,0.6,0.021,0.5,0.0063,25000400460822.0,https://tool.aquaticbarriers.org/report/combined_barriers/sm164793,0.0,100,100,0.096062,4,2021,Satisfactory,0,7.62
sm164795,35.254154,-82.8882,Surveyed road/stream crossing - Fsr140 / Ut2 North Fork French Broad River,Ut2 North Fork French Broad River,Fsr140,Unpaved,Culvert,Complete barrier,Moderate,6010105,Upper French Broad,60101050101,North Fork French Broad River,Transylvania,0.1379,2,Salvelinus fontinalis,0,not located on a reach associated with anadromous / catadromous species habitat,yes,0.377,4.596,4.596,0.377,1886.07,NC6550,dam,,dam,sm164795,4.596,10.3,102000.0,0.6,0.048,0.5,0.0144,25000400336769.0,https://tool.aquaticbarriers.org/report/combined_barriers/sm164795,0.0,98,100,0.216646,4,2021,Satisfactory,0,7.27
sm164796,35.25471,-82.888535,Surveyed road/stream crossing - Fsr140 / Ut3 North Fork French Broad River,Ut3 North Fork French Broad River,Fsr140,Unpaved,Culvert,Complete barrier,Moderate,6010105,Upper French Broad,60101050101,North Fork French Broad River,Transylvania,0.0655,1,Salvelinus fontinalis,0,not located on a reach associated with anadromous / catadromous species habitat,yes,0.242,4.596,4.596,0.242,1886.11,NC6550,dam,,dam,sm164796,4.596,8.4,90000.0,0.6,0.024,0.5,0.0072,25000400513550.0,https://tool.aquaticbarriers.org/report/combined_barriers/sm164796,0.0,97,100,0.104771,4,2021,Satisfactory,0,7.27
sm164798,35.25824,-82.88819,Surveyed road/stream crossing - Fsr140 / Ut5 North Fork French Broad River,Ut5 North Fork French Broad River,Fsr140,Unpaved,Culvert,Complete barrier,Moderate,6010105,Upper French Broad,60101050101,North Fork French Broad River,Transylvania,0.3364,2,Salvelinus fontinalis,0,not located on a reach associated with anadromous / catadromous species habitat,yes,0.924,4.596,4.596,0.924,1886.424,NC6550,dam,,dam,sm164798,4.596,13.5,121000.0,0.6,0.108,0.5,0.0324,25000400376805.0,https://tool.aquaticbarriers.org/report/combined_barriers/sm164798,0.0,95,100,0.583025,4,2021,Satisfactory,0,7.16
sm164813,35.438908,-82.68093,Surveyed road/stream crossing - Fs 5097 / Ut Spencer Creek,Ut Spencer Creek,Fs 5097,Unpaved,Culvert,Complete barrier,Moderate,6010105,Upper French Broad,60101050403,Mills River,Henderson,0.0634,1,Salvelinus fontinalis,1,not located on a reach associated with anadromous / catadromous species habitat,yes,0.166,14.003,14.003,0.166,1838.554,f202503943,waterfall,,waterfall,sm164813,14.003,8.3,90000.0,0.6,0.023,0.5,0.0069,25000400342786.0,https://tool.aquaticbarriers.org/report/combined_barriers/sm164813,0.0,89,100,0.056606,10,2021,Satisfactory,1,1.07
sm164814,35.439957,-82.68107,Surveyed road/stream crossing - Fs 5097 / Ut Spencer Creek,Ut Spencer Creek,Fs 5097,Unpaved,Culvert,Moderate barrier,Moderate,6010105,Upper French Broad,60101050403,Mills River,Henderson,0.16000001,2,Salvelinus fontinalis,1,not located on a reach associated with anadromous / catadromous species habitat,yes,0.437,14.003,14.003,0.437,1838.594,f202503943,waterfall,,waterfall,sm164814,14.003,10.8,105000.0,0.6,0.055,0.5,0.0165,25000400479415.0,https://tool.aquaticbarriers.org/report/combined_barriers/sm164814,0.0,95,100,0.146109,10,2021,Satisfactory,1,1.0
sm164817,35.4385,-82.6858,Surveyed road/stream crossing - Fs 5097 / Ut Fletcher Creek,Ut Fletcher Creek,Fs 5097,Unpaved,Culvert,Complete barrier,Moderate,6010105,Upper French Broad,60101050403,Mills River,Henderson,0.09520001,1,Salvelinus fontinalis,1,not located on a reach associated with anadromous / catadromous species habitat,yes,0.106,14.003,14.003,0.106,1838.536,f202503943,waterfall,,waterfall,sm164817,14.003,9.3,96000.0,0.6,0.034,0.5,0.0102,25000400498418.0,https://tool.aquaticbarriers.org/report/combined_barriers/sm164817,0.0,90,100,0.085986,10,2021,Satisfactory,1,1.17
sm164827,35.275978,-82.90434,Surveyed road/stream crossing - Fsr140B / Ut3 Mill Station Creek,Ut3 Mill Station Creek,Fsr140B,Unpaved,Culvert,Complete barrier,Severe,6010105,Upper French Broad,60101050101,North Fork French Broad River,Transylvania,0.06979999,1,Salvelinus fontinalis,0,not located on a reach associated with anadromous / catadromous species habitat,yes,0.18,15.688,15.688,0.18,1888.538,sm164789,small_barrier,sm164789,culvert,sm164789,4.596,8.5,91000.0,1.0,0.025,0.5,0.0125,25000400374734.0,https://tool.aquaticbarriers.org/report/combined_barriers/sm164827,0.0,100,100,0.115893,4,2021,Satisfactory,0,7.69
sm164829,35.276,-82.905716,Surveyed road/stream crossing - Fsr140B / Ut4 Mill Station Creek,Ut4 Mill Station Creek,Fsr140B,Unpaved,Culvert,Complete barrier,Severe,6010105,Upper French Broad,60101050101,North Fork French Broad River,Transylvania,0.11740001,2,Salvelinus fontinalis,0,not located on a reach associated with anadromous / catadromous species habitat,yes,0.326,15.688,15.688,0.326,1888.602,sm164789,small_barrier,sm164789,culvert,sm164789,4.596,9.8,99000.0,1.0,0.041,0.5,0.0205,25000400336686.0,https://tool.aquaticbarriers.org/report/combined_barriers/sm164829,0.0,100,100,0.186296,4,2021,Satisfactory,0,7.76
sm164834,35.281498,-82.89762,Surveyed road/stream crossing - Fsr140 / Ut2 Courthouse Creek,Ut2 Courthouse Creek,Fsr140,Unpaved,Inaccessible,Moderate barrier,Unknown,6010105,Upper French Broad,60101050101,North Fork French Broad River,Transylvania,0.1185,1,Salvelinus fontinalis,0,not located on a reach associated with anadromous / catadromous species habitat,yes,0.23,5.419,5.419,0.23,1888.782,sm164791,small_barrier,sm164791,culvert,sm164791,0.585,9.9,99000.0,0.5,0.042,0.5,0.0105,25000400353529.0,https://tool.aquaticbarriers.org/report/combined_barriers/sm164834,0.0,93,100,0.19785,4,2021,Poor,0,7.25
sm164835,35.285324,-82.88687,Surveyed road/stream crossing - Fsr5033 / Ut1 Chestnut Creek,Ut1 Chestnut Creek,Fsr5033,Unpaved,Culvert,Complete barrier,Severe,6010105,Upper French Broad,60101050101,North Fork French Broad River,Transylvania,0.0501,1,Salvelinus fontinalis,0,not located on a reach associated with anadromous / catadromous species habitat,yes,0.047,4.491,4.491,0.047,1889.147,f28094,waterfall,,waterfall,sm164835,4.491,7.8,87000.0,1.0,0.018,0.5,0.009,25000400517718.0,https://tool.aquaticbarriers.org/report/combined_barriers/sm164835,0.0,64,100,0.087894,4,2021,Satisfactory,0,6.62
sm164853,35.28748,-82.93353,Surveyed road/stream crossing - Fsr4663 / Camp Creek 1,Camp Creek 1,Fsr4663,Unpaved,Culvert,Complete barrier,Severe,6010203,Tuckasegee,60102030101,Wolf Creek-Tuckasegee River,Jackson,2.1109,1,Salvelinus fontinalis,0,not located on a reach associated with anadromous / catadromous species habitat,yes,0.328,17.507,16.072,0.328,1751.646,NC3027,dam,,dam,sm164853,17.507,24.2,185000.0,1.0,0.422,0.5,0.211,25000400442632.0,https://tool.aquaticbarriers.org/report/combined_barriers/sm164853,0.328,96,100,4.022478,5,2025,Satisfactory,0,9.01
sm164859,35.29256,-82.93994,Surveyed road/stream crossing - Fsr4663 / Sassafras Creek 1,Sassafras Creek 1,Fsr4663,Unpaved,Culvert,Complete barrier,Severe,6010203,Tuckasegee,60102030101,Wolf Creek-Tuckasegee River,Jackson,2.8684,1,Salvelinus fontinalis,0,not located on a reach associated with anadromous / catadromous species habitat,yes,0.735,0.704,0.704,0.704,1752.011,f25785,waterfall,,waterfall,sm164859,0.704,26.8,201000.0,1.0,0.502,0.5,0.251,25000400552096.0,https://tool.aquaticbarriers.org/report/combined_barriers/sm164859,0.735,100,100,5.495148,5,2021,Satisfactory,0,8.72
sm164929,35.28862,-82.82646,Surveyed road/stream crossing - Fsr5046 / Davidson River 1,Davidson River 1,Fsr5046,Unpaved,Culvert,Complete barrier,Severe,6010105,Upper French Broad,60101050202,Davidson River,Transylvania,1.5361,4,Salvelinus fontinalis,0,not located on a reach associated with anadromous / catadromous species habitat,yes,0.027,6.177,6.177,0.027,1858.806,sm3062,small_barrier,sm3062,culvert,sm3062,10.169,21.8,171000.0,1.0,0.346,0.5,0.173,25000400431469.0,https://tool.aquaticbarriers.org/report/combined_barriers/sm164929,0.0,89,100,2.13843,7,2021,Satisfactory,0,3.24
sm164931,35.29424,-82.827446,Surveyed road/stream crossing - Fsr5046 / Ut2 Davidson River,Ut2 Davidson River,Fsr5046,Unpaved,Culvert,Complete barrier,Spans full channel & banks,6010105,Upper French Broad,60101050202,Davidson River,Transylvania,0.2643,2,Salvelinus fontinalis,0,not located on a reach associated with anadromous / catadromous species habitat,yes,0.69,2.935,2.935,0.69,1859.307,f25173,waterfall,,waterfall,sm164931,2.935,12.5,115000.0,0.0,0.087,0.5,0.0,25000400524120.0,https://tool.aquaticbarriers.org/report/combined_barriers/sm164931,0.0,94,100,0.360457,7,2021,Satisfactory,0,3.25
sm164940,35.43473,-82.68133,Surveyed road/stream crossing - Fs 5097 / Ut Fletcher Creek,Ut Fletcher Creek,Fs 5097,Unpaved,Culvert,Complete barrier,Moderate,6010105,Upper French Broad,60101050403,Mills River,Henderson,0.14259999,2,Salvelinus fontinalis,1,not located on a reach associated with anadromous / catadromous species habitat,yes,0.336,14.003,14.003,0.336,1838.056,f202503943,waterfall,,waterfall,sm164940,14.003,10.4,102000.0,0.6,0.05,0.5,0.015,25000400407957.0,https://tool.aquaticbarriers.org/report/combined_barriers/sm164940,0.0,92,100,0.127056,10,2021,Satisfactory,1,1.36
sm164942,35.42917,-82.698906,Surveyed road/stream crossing - Fs 5097 / Ut Middle Fork Fletcher Creek,Ut Middle Fork Fletcher Creek,Fs 5097,Unpaved,Culvert,Complete barrier,Moderate,6010105,Upper French Broad,60101050403,Mills River,Henderson,0.16000001,2,Salvelinus fontinalis,1,not located on a reach associated with anadromous / catadromous species habitat,yes,0.074,4.033,4.033,0.074,1838.715,f2,waterfall,,waterfall,sm164942,4.033,10.8,105000.0,0.6,0.055,0.5,0.0165,25000400336362.0,https://tool.aquaticbarriers.org/report/combined_barriers/sm164942,0.0,63,100,0.145529,10,2021,Satisfactory,0,2.1
sm164946,35.428783,-82.700096,Surveyed road/stream crossing - Fs 5097 / Ut To Middle Fork Fletcher Creek,Ut To Middle Fork Fletcher Creek,Fs 5097,Unpaved,Culvert,Complete barrier,Severe,6010105,Upper French Broad,60101050403,Mills River,Henderson,0.16000001,2,Salvelinus fontinalis,1,not located on a reach associated with anadromous / catadromous species habitat,yes,0.268,0.074,0.074,0.074,1838.789,sm164942,small_barrier,sm164942,culvert,sm164942,4.033,10.8,105000.0,1.0,0.055,0.5,0.0275,25000400336362.0,https://tool.aquaticbarriers.org/report/combined_barriers/sm164946,0.0,82,100,0.145529,10,2021,Satisfactory,0,2.16
sm165003,35.34531,-83.0874,Surveyed road/stream crossing - Fsr 4651 / Ut13 Moses Creek,Ut13 Moses Creek,Fsr 4651,Unpaved,Culvert,Complete barrier,Moderate,6010203,Tuckasegee,60102030105,Caney Fork,Jackson,0.6393,1,Salvelinus fontinalis,0,not located on a reach associated with anadromous / catadromous species habitat,yes,0.416,99.362,99.362,0.416,1736.252,NC3252,dam,,dam,sm165003,99.362,16.4,139000.0,0.6,0.184,0.5,0.0552,25000400516690.0,https://tool.aquaticbarriers.org/report/combined_barriers/sm165003,0.0,95,100,0.885052,6,2021,Satisfactory,0,6.6
sm165015,35.364006,-83.081985,Surveyed road/stream crossing - Fsr4651 / Ut25 Moses Creek,Ut25 Moses Creek,Fsr4651,Unpaved,Culvert,Complete barrier,Moderate,6010203,Tuckasegee,60102030105,Caney Fork,Jackson,2.3435,1,Salvelinus fontinalis,0,not located on a reach associated with anadromous / catadromous species habitat,yes,0.283,0.367,0.367,0.283,1737.51,sm54732,small_barrier,sm54732,culvert,sm2645,99.362,25.0,190000.0,0.6,0.448,0.5,0.1344,25000400482775.0,https://tool.aquaticbarriers.org/report/combined_barriers/sm165015,0.283,87,100,3.556592,6,2021,Satisfactory,0,7.2
sm165105,35.43076,-82.672066,Surveyed road/stream crossing - Fs 5097 / Long Branch,Long Branch,Fs 5097,Unpaved,Culvert,Moderate barrier,Severe,6010105,Upper French Broad,60101050403,Mills River,Henderson,0.671,3,Salvelinus fontinalis,1,not located on a reach associated with anadromous / catadromous species habitat,yes,2.059,1.318,1.318,1.318,1836.489,f202503948,waterfall,,waterfall,sm165105,1.318,16.7,140000.0,1.0,0.191,0.5,0.0955,25000400384782.0,https://tool.aquaticbarriers.org/report/combined_barriers/sm165105,0.0,98,100,0.590426,10,2021,Satisfactory,1,1.64
sm165108,35.426067,-82.67339,Surveyed road/stream crossing - Fs 5097 / Ut Long Branch,Ut Long Branch,Fs 5097,Unpaved,Culvert,Complete barrier,Moderate,6010105,Upper French Broad,60101050403,Mills River,Henderson,0.11339999,1,Salvelinus fontinalis,1,not located on a reach associated with anadromous / catadromous species habitat,yes,0.1,1.318,1.318,0.1,1836.273,f202503948,waterfall,,waterfall,sm165108,1.318,9.7,98000.0,0.6,0.04,0.5,0.012,25000400456373.0,https://tool.aquaticbarriers.org/report/combined_barriers/sm165108,0.0,88,100,0.098795,10,2021,Satisfactory,1,1.95
sm165113,35.423496,-82.67624,Surveyed road/stream crossing - Fs 5097 / Ut North Fork Mills River,Ut North Fork Mills River,Fs 5097,Unpaved,Culvert,Complete barrier,Severe,6010105,Upper French Broad,60101050403,Mills River,Henderson,0.1069,1,Salvelinus fontinalis,1,not located on a reach associated with anadromous / catadromous species habitat,yes,0.026,9.355,9.355,0.026,1836.824,NC61734,dam,,dam,sm165113,9.355,9.6,97000.0,1.0,0.038,0.5,0.019,25000400389007.0,https://tool.aquaticbarriers.org/report/combined_barriers/sm165113,0.0,88,100,0.093403,10,2021,Satisfactory,0,2.12
sm165135,35.36184,-83.10333,Surveyed road/stream crossing - Fsr4651 / Ut 37 Moses Creek,Ut 37 Moses Creek,Fsr4651,Unpaved,Culvert,Moderate barrier,Moderate,6010203,Tuckasegee,60102030105,Caney Fork,Jackson,0.9281,1,Salvelinus fontinalis,0,not located on a reach associated with anadromous / catadromous species habitat,yes,0.037,3.274,3.274,0.037,1737.465,f30570,waterfall,,waterfall,sm165135,3.274,18.5,151000.0,0.6,0.244,0.5,0.0732,25000400518561.0,https://tool.aquaticbarriers.org/report/combined_barriers/sm165135,0.0,95,100,1.267628,6,2021,Poor,0,6.02
sm165157,35.290173,-83.003204,Surveyed road/stream crossing - Fsr4665 / Ut5 Charleys Creek,Ut5 Charleys Creek,Fsr4665,Unpaved,Culvert,Complete barrier,Moderate,6010203,Tuckasegee,60102030104,Cedar Cliff Lake-Tuckasegee River,Jackson,0.8965,1,Salvelinus fontinalis,0,not located on a reach associated with anadromous / catadromous species habitat,yes,0.059,1.744,1.744,0.059,1745.15,f59,waterfall,,waterfall,sm165157,1.744,18.3,150000.0,0.6,0.238,0.5,0.0714,25000400556414.0,https://tool.aquaticbarriers.org/report/combined_barriers/sm165157,0.0,97,100,1.546931,2,2021,Satisfactory,0,7.68
sm165178,35.323032,-83.06275,Surveyed road/stream crossing - Fsr1745 Chastine Creek Road / Ut 1 Chastine Creek,Ut 1 Chastine Creek,Fsr1745 Chastine Creek Road,Unpaved,Culvert,Complete barrier,Spans only bankfull/active channel,6010203,Tuckasegee,60102030105,Caney Fork,Jackson,12.4719,3,Salvelinus fontinalis,0,not located on a reach associated with anadromous / catadromous species habitat,yes,0.105,0.062,0.062,0.062,1738.691,f28255,waterfall,,waterfall,sm165178,0.062,44.1,304000.0,0.1,0.966,0.5,0.0483,25000400377761.0,https://tool.aquaticbarriers.org/report/combined_barriers/sm165178,0.105,42,100,17.393213,6,2021,Satisfactory,0,6.95
sm165179,35.32446,-83.06243,Surveyed road/stream crossing - Fsr1745 Chastine Creek Road / Ut 2 Chastine Creek,Ut 2 Chastine Creek,Fsr1745 Chastine Creek Road,Unpaved,Culvert,Complete barrier,Moderate,6010203,Tuckasegee,60102030105,Caney Fork,Jackson,12.4719,3,Salvelinus fontinalis,0,not located on a reach associated with anadromous / catadromous species habitat,yes,0.04,0.105,0.105,0.04,1738.796,sm165178,small_barrier,sm165178,culvert,sm165178,0.062,44.1,304000.0,0.6,0.966,0.5,0.2898,25000400377761.0,https://tool.aquaticbarriers.org/report/combined_barriers/sm165179,0.04,42,100,17.393213,6,2021,Satisfactory,0,7.05
sm165180,35.324757,-83.06184,Surveyed road/stream crossing - Fsr1745 Chastine Creek Road / Ut 3 Chastine Creek,Ut 3 Chastine Creek,Fsr1745 Chastine Creek Road,Unpaved,Culvert,Complete barrier,Moderate,6010203,Tuckasegee,60102030105,Caney Fork,Jackson,12.4719,3,Salvelinus fontinalis,0,not located on a reach associated with anadromous / catadromous species habitat,yes,1.174,0.04,0.04,0.04,1738.836,sm165179,small_barrier,sm165179,culvert,sm165178,0.062,44.1,304000.0,0.6,0.966,0.5,0.2898,25000400377761.0,https://tool.aquaticbarriers.org/report/combined_barriers/sm165180,0.54,78,100,17.393213,6,2021,Satisfactory,0,7.08
sm165183,35.33169,-83.05625,Surveyed road/stream crossing - Fsr1745 Chastine Creek Road / Chastine Creek,Chastine Creek,Fsr1745 Chastine Creek Road,Unpaved,Culvert,Complete barrier,Severe,6010203,Tuckasegee,60102030105,Caney Fork,Jackson,10.8716,3,Salvelinus fontinalis,0,not located on a reach associated with anadromous / catadromous species habitat,yes,0.231,0.132,0.132,0.132,1739.508,sm2658,small_barrier,sm2658,culvert,sm165178,0.062,42.0,292000.0,1.0,0.919,0.5,0.4595,25000400304304.0,https://tool.aquaticbarriers.org/report/combined_barriers/sm165183,0.231,64,100,15.529703,6,2021,Satisfactory,0,7.65
sm165184,35.26854,-83.01835,Surveyed road/stream crossing - Charley’S Creek Road / Jeff Creek,Jeff Creek,Charley’S Creek Road,Paved,Culvert,Complete barrier,Moderate,6010203,Tuckasegee,60102030104,Cedar Cliff Lake-Tuckasegee River,Jackson,2.1025,1,Salvelinus fontinalis,0,not located on a reach associated with anadromous / catadromous species habitat,yes,1.639,1.171,1.171,1.171,1743.214,sm108220,small_barrier,sm108220,culvert,sm108220,0.992,24.2,330000.0,0.6,0.421,1.0,0.2526,25000400413323.0,https://tool.aquaticbarriers.org/report/combined_barriers/sm165184,1.639,84,100,3.305778,2,2021,Satisfactory,0,6.25
sm165187,35.276108,-83.01091,Surveyed road/stream crossing - Charley’S Creek Road / Sols Creek,Sols Creek,Charley’S Creek Road,Paved,Culvert,Complete barrier,Moderate,6010203,Tuckasegee,60102030104,Cedar Cliff Lake-Tuckasegee River,Jackson,1.6875,1,Salvelinus fontinalis,0,not located on a reach associated with anadromous / catadromous species habitat,yes,0.64,1.171,1.171,0.64,1743.906,sm108220,small_barrier,sm108220,culvert,sm108220,0.992,22.5,310000.0,0.6,0.367,1.0,0.2202,25000400459674.0,https://tool.aquaticbarriers.org/report/combined_barriers/sm165187,0.0,85,100,2.676506,2,2021,Satisfactory,0,6.85
sm165200,35.278885,-82.82395,Surveyed road/stream crossing - Fsr5095 / Long Branch 1,Long Branch 1,Fsr5095,Unpaved,Culvert,Complete barrier,Spans only bankfull/active channel,6010105,Upper French Broad,60101050202,Davidson River,Transylvania,2.7616,4,Salvelinus fontinalis,0,not located on a reach associated with anadromous / catadromous species habitat,yes,0.052,10.169,10.169,0.052,1858.301,NC61748,dam,,dam,sm165200,10.169,26.4,199000.0,0.1,0.492,0.5,0.0246,25000400378807.0,https://tool.aquaticbarriers.org/report/combined_barriers/sm165200,0.052,100,100,3.896878,7,2021,Satisfactory,0,3.28
sm165201,35.277935,-82.82151,Surveyed road/stream crossing - Fsr5095 / Ut1 Long Branch,Ut1 Long Branch,Fsr5095,Unpaved,Culvert,Complete barrier,Severe,6010105,Upper French Broad,60101050202,Davidson River,Transylvania,0.0653,1,Salvelinus fontinalis,0,not located on a reach associated with anadromous / catadromous species habitat,yes,0.062,10.169,10.169,0.062,1858.366,NC61748,dam,,dam,sm165201,10.169,8.3,90000.0,1.0,0.023,0.5,0.0115,25000400437733.0,https://tool.aquaticbarriers.org/report/combined_barriers/sm165201,0.0,100,100,0.085726,7,2021,Satisfactory,0,3.18
sm165203,35.274796,-82.822685,Surveyed road/stream crossing - Fsr5095 / Ut3 Long Branch,Ut3 Long Branch,Fsr5095,Unpaved,Culvert,Moderate barrier,Severe,6010105,Upper French Broad,60101050202,Davidson River,Transylvania,0.1147,1,Salvelinus fontinalis,0,not located on a reach associated with anadromous / catadromous species habitat,yes,0.026,10.169,10.169,0.026,1858.299,NC61748,dam,,dam,sm165203,10.169,9.8,99000.0,1.0,0.04,0.5,0.02,25000400303446.0,https://tool.aquaticbarriers.org/report/combined_barriers/sm165203,0.0,100,100,0.15527,7,2021,Satisfactory,0,3.34
sm168304,35.425583,-82.652466,Surveyed road/stream crossing - 5000 / Bear Branch,Bear Branch,5000,Unknown,Culvert,Complete barrier,Unknown,6010105,Upper French Broad,60101050403,Mills River,Henderson,1.7493,3,Salvelinus fontinalis,1,not located on a reach associated with anadromous / catadromous species habitat,yes,4.939,12.963,12.963,4.939,1835.507,NC28104,dam,,dam,sm168304,12.963,22.7,245000.0,0.5,0.376,0.7,0.1316,25000400403612.0,https://tool.aquaticbarriers.org/report/combined_barriers/sm168304,0.0,92,100,1.641494,10,2021,Unknown,0,2.42
sm168321,35.40077,-82.67262,Surveyed road/stream crossing - 1206,,1206,Unknown,No upstream habitat,Moderate barrier,Unknown,6010105,Upper French Broad,60101050403,Mills River,Henderson,0.4016,2,Salvelinus fontinalis,1,not located on a reach associated with anadromous / catadromous species habitat,yes,1.036,2.099,2.099,1.036,1835.157,f202503951,waterfall,,waterfall,sm168321,2.099,14.2,168000.0,0.5,0.125,0.7,0.0438,25000400422724.0,https://tool.aquaticbarriers.org/report/combined_barriers/sm168321,0.0,95,100,0.382357,10,2021,Unknown,0,3.71
sm176977,35.150658,-82.8794,Surveyed road/stream crossing - Silversteen / Ut 1 West Fork French Broad,Ut 1 West Fork French Broad,Silversteen,Paved,Culvert,Moderate barrier,Severe,6010105,Upper French Broad,60101050102,West Fork French Broad River,Transylvania,0.1491,1,Salvelinus fontinalis,0,not located on a reach associated with anadromous / catadromous species habitat,yes,0.239,3735.196,3734.973,0.239,1876.783,NC3047,dam,,dam,sm176977,3735.196,10.5,167000.0,1.0,0.052,1.0,0.052,25000400355665.0,https://tool.aquaticbarriers.org/report/combined_barriers/sm176977,0.0,85,100,0.236085,5,2022,Satisfactory,0,9.85
sm176980,35.18242,-82.90137,Surveyed road/stream crossing - Silversteen / Ut3 Westforkfrenchbroad,Ut3 Westforkfrenchbroad,Silversteen,Paved,Culvert,Moderate barrier,Severe,6010105,Upper French Broad,60101050102,West Fork French Broad River,Transylvania,0.0035,1,Salvelinus fontinalis,0,not located on a reach associated with anadromous / catadromous species habitat,yes,0.031,123.324,123.324,0.031,1880.345,f28098,waterfall,,waterfall,sm176980,123.324,5.2,103000.0,1.0,0.001,1.0,0.001,25000400448128.0,https://tool.aquaticbarriers.org/report/combined_barriers/sm176980,0.0,33,100,0.005628,5,2022,Satisfactory,0,10.56
sm210942,35.067814,-83.00778,Surveyed road/stream crossing - Whitewaterroad / Ut1Thompsonriver,Ut1Thompsonriver,Whitewaterroad,Paved,Culvert,Complete barrier,Moderate,3060101,Seneca,30601010104,Whitewater River,Transylvania,4.0819,1,Salvelinus fontinalis,0,not located on a reach associated with anadromous / catadromous species habitat,yes,0.122,0.025,0.025,0.025,351.773,f24871,waterfall,,waterfall,sm210942,0.025,19.4,272000.0,0.6,0.604,1.0,0.3624,15000600255039.0,https://tool.aquaticbarriers.org/report/combined_barriers/sm210942,0.122,98,100,7.187001,20,2022,Satisfactory,0,6.16
sm210943,35.077473,-82.99914,Surveyed road/stream crossing - Whitewater Road / Thompson River,Thompson River,Whitewater Road,Paved,Culvert,Moderate barrier,Severe,3060101,Seneca,30601010104,Whitewater River,Transylvania,6.9582,2,Salvelinus fontinalis,0,not located on a reach associated with anadromous / catadromous species habitat,yes,1.871,0.146,0.146,0.146,351.511,f24894,waterfall,,waterfall,sm210943,0.146,23.8,326000.0,1.0,0.77,1.0,0.77,15000600225734.0,https://tool.aquaticbarriers.org/report/combined_barriers/sm210943,0.371,97,100,12.301375,20,2022,Satisfactory,0,6.29
sm210951,35.05657,-83.067085,Surveyed road/stream crossing - Nc107 / Ut3 Whitewater River,Ut3 Whitewater River,Nc107,Paved,Culvert,Complete barrier,Moderate,3060101,Seneca,30601010104,Whitewater River,Jackson,1.3472,1,Salvelinus fontinalis,0,not located on a reach associated with anadromous / catadromous species habitat,yes,1.013,9.058,9.058,1.013,352.461,f120,waterfall,,waterfall,sm210951,9.058,12.8,193000.0,0.6,0.317,1.0,0.1902,15000600166633.0,https://tool.aquaticbarriers.org/report/combined_barriers/sm210951,0.0,93,100,2.330738,20,2022,Satisfactory,0,4.43
sm210960,35.089573,-82.982895,Surveyed road/stream crossing - Whitewater Lane / Ut1 Horsepasture River,Ut1 Horsepasture River,Whitewater Lane,Unpaved,Culvert,Moderate barrier,Severe,3060101,Seneca,30601010103,Horsepasture River,Transylvania,0.6653,1,Salvelinus fontinalis,0,not located on a reach associated with anadromous / catadromous species habitat,yes,0.128,3.609,3.609,0.128,354.999,f25804,waterfall,,waterfall,sm210960,3.609,10.0,100000.0,1.0,0.189,0.5,0.0945,15000600196316.0,https://tool.aquaticbarriers.org/report/combined_barriers/sm210960,0.0,93,100,1.159576,13,2022,Poor,0,6.88
sm210972,35.102634,-82.99213,Surveyed road/stream crossing - Rainey Knobs Road / Ut4 Horsepastureriver,Ut4 Horsepastureriver,Rainey Knobs Road,Paved,Culvert,Moderate barrier,Moderate,3060101,Seneca,30601010103,Horsepasture River,Transylvania,0.8524,1,Salvelinus fontinalis,0,not located on a reach associated with anadromous / catadromous species habitat,yes,0.393,3.162,3.162,0.393,355.995,f28036,waterfall,,waterfall,sm210972,3.162,10.8,170000.0,0.6,0.229,1.0,0.1374,15000600225736.0,https://tool.aquaticbarriers.org/report/combined_barriers/sm210972,0.0,96,100,1.487603,13,2022,Satisfactory,0,6.2
sm210977,35.1008,-83.01064,Surveyed road/stream crossing - Upper Whitewater Road / Ut6 Horsepasture River,Ut6 Horsepasture River,Upper Whitewater Road,Paved,Culvert,Moderate barrier,Moderate,3060101,Seneca,30601010103,Horsepasture River,Transylvania,1.4801999,1,Salvelinus fontinalis,0,not located on a reach associated with anadromous / catadromous species habitat,yes,0.157,0.767,0.412,0.157,357.338,NC1445,dam,,dam,sm210977,0.767,13.2,199000.0,0.6,0.337,1.0,0.2022,15000600181529.0,https://tool.aquaticbarriers.org/report/combined_barriers/sm210977,0.0,88,100,2.621159,13,2022,Satisfactory,0,5.19
sm210979,35.11355,-82.988304,Surveyed road/stream crossing - Rosman Highway / Ut1 Rock Creek,Ut1 Rock Creek,Rosman Highway,Paved,Culvert,Moderate barrier,Spans only bankfull/active channel,3060101,Seneca,30601010103,Horsepasture River,Transylvania,1.04,1,Salvelinus fontinalis,0,not located on a reach associated with anadromous / catadromous species habitat,yes,0.69,3.162,3.162,0.69,356.307,f28036,waterfall,,waterfall,sm210979,3.162,11.6,180000.0,0.1,0.265,1.0,0.0265,15000600240441.0,https://tool.aquaticbarriers.org/report/combined_barriers/sm210979,0.69,84,100,1.910803,13,2022,Satisfactory,0,6.36
sm210982,35.117485,-83.004616,Surveyed road/stream crossing - Holly Road / Ut7 Horsepasture River,Ut7 Horsepasture River,Holly Road,Paved,Bridge,Moderate barrier,Moderate,3060101,Seneca,30601010103,Horsepasture River,Jackson,2.4408,1,Salvelinus fontinalis,0,not located on a reach associated with anadromous / catadromous species habitat,yes,0.185,3.162,3.162,0.185,356.995,f28036,waterfall,,waterfall,sm210982,3.162,15.9,231000.0,0.6,0.459,1.0,0.2754,15000600181532.0,https://tool.aquaticbarriers.org/report/combined_barriers/sm210982,0.0,84,100,4.360588,13,2022,Poor,0,5.45
sm210983,35.12448,-83.00401,Surveyed road/stream crossing - Hickory Drive / Hogback Creek,Hogback Creek,Hickory Drive,Paved,Inaccessible,Complete barrier,Moderate,3060101,Seneca,30601010103,Horsepasture River,Jackson,2.4408,1,Salvelinus fontinalis,0,not located on a reach associated with anadromous / catadromous species habitat,yes,0.612,0.473,0.473,0.473,357.653,sm210995,small_barrier,sm210995,culvert,sm210982,3.162,15.9,231000.0,0.6,0.459,1.0,0.2754,15000600181532.0,https://tool.aquaticbarriers.org/report/combined_barriers/sm210983,0.0,87,100,4.360588,13,2022,Satisfactory,0,5.53
sm210984,35.126003,-82.991745,Surveyed road/stream crossing - Rockcreekcourt / Rock Creek,Rock Creek,Rockcreekcourt,Paved,Culvert,Complete barrier,Severe,3060101,Seneca,30601010103,Horsepasture River,Jackson,0.1387,1,Salvelinus fontinalis,0,not located on a reach associated with anadromous / catadromous species habitat,yes,0.237,1.042,1.025,0.237,357.293,NC2917,dam,,dam,sm210984,1.042,6.1,113000.0,1.0,0.048,1.0,0.048,15000600255262.0,https://tool.aquaticbarriers.org/report/combined_barriers/sm210984,0.0,93,100,0.275441,13,2022,Satisfactory,0,6.23
sm210986,35.130234,-83.011894,Surveyed road/stream crossing - W Cristy Trail / Ut1 Little Hogback Creek,Ut1 Little Hogback Creek,W Cristy Trail,Paved,Culvert,Moderate barrier,Moderate,3060101,Seneca,30601010103,Horsepasture River,Jackson,0.92039996,1,Salvelinus fontinalis,0,not located on a reach associated with anadromous / catadromous species habitat,yes,0.27,1.76,1.009,0.27,358.902,NC1446,dam,,dam,sm210986,1.76,11.1,174000.0,0.6,0.242,1.0,0.1452,15000600181534.0,https://tool.aquaticbarriers.org/report/combined_barriers/sm210986,0.0,85,100,1.666214,13,2022,Satisfactory,0,5.17
sm210987,35.133045,-83.02076,Surveyed road/stream crossing - W Cristy Trail / Little Hogback,Little Hogback,W Cristy Trail,Paved,Culvert,Complete barrier,Severe,3060101,Seneca,30601010103,Horsepasture River,Jackson,2.7366,1,Salvelinus fontinalis,0,not located on a reach associated with anadromous / catadromous species habitat,yes,0.672,1.76,1.009,0.672,359.117,NC1446,dam,,dam,sm210987,1.76,16.6,239000.0,1.0,0.49,1.0,0.49,15000600269914.0,https://tool.aquaticbarriers.org/report/combined_barriers/sm210987,0.0,76,100,4.629677,13,2022,Satisfactory,0,4.73
sm210990,35.115845,-83.02598,Surveyed road/stream crossing - Fairway Forest Road / Ut1 Sapphire Lake,Ut1 Sapphire Lake,Fairway Forest Road,Paved,Culvert,Moderate barrier,Moderate,3060101,Seneca,30601010103,Horsepasture River,Jackson,0.6127,1,Salvelinus fontinalis,0,not located on a reach associated with anadromous / catadromous species habitat,yes,0.374,12.534,10.457,0.374,359.551,NC1096,dam,,dam,sm210990,12.534,9.7,156000.0,0.6,0.177,1.0,0.1062,15000600181431.0,https://tool.aquaticbarriers.org/report/combined_barriers/sm210990,0.0,40,100,0.982251,13,2022,Satisfactory,0,4.25
sm210991,35.122066,-83.03248,Surveyed road/stream crossing - Gold Creek Road / Mud Creek,Mud Creek,Gold Creek Road,Paved,Inaccessible,Complete barrier,Moderate,3060101,Seneca,30601010103,Horsepasture River,Jackson,1.3356,1,Salvelinus fontinalis,0,not located on a reach associated with anadromous / catadromous species habitat,yes,0.579,0.408,0.306,0.306,360.224,NC4114,dam,,dam,sm210991,0.408,12.7,193000.0,0.6,0.315,1.0,0.189,15000600181430.0,https://tool.aquaticbarriers.org/report/combined_barriers/sm210991,0.0,78,100,2.113887,13,2022,Poor,0,3.92
sm210993,35.12048,-83.03812,Surveyed road/stream crossing - Gold Creek Road / Fairfield Lake,Fairfield Lake,Gold Creek Road,Paved,Inaccessible,Complete barrier,Unknown,3060101,Seneca,30601010103,Horsepasture River,Jackson,5.3732,2,Salvelinus fontinalis,0,not located on a reach associated with anadromous / catadromous species habitat,yes,1.112,0.016,0.0,0.0,360.303,NC1097,dam,,dam,sm210993,0.016,21.5,298000.0,0.5,0.688,1.0,0.344,15000600255042.0,https://tool.aquaticbarriers.org/report/combined_barriers/sm210993,0.044,80,4,8.289344,13,2022,Unknown,0,3.6
sm210995,35.11973,-83.00617,Surveyed road/stream crossing - Rosman Highway / Ut8 Horsepasture River,Ut8 Horsepasture River,Rosman Highway,Paved,Culvert,Moderate barrier,Spans full channel & banks,3060101,Seneca,30601010103,Horsepasture River,Jackson,2.4408,1,Salvelinus fontinalis,0,not located on a reach associated with anadromous / catadromous species habitat,yes,0.473,0.185,0.185,0.185,357.18,sm210982,small_barrier,sm210982,culvert,sm210982,3.162,15.9,231000.0,0.0,0.459,1.0,0.0,15000600181532.0,https://tool.aquaticbarriers.org/report/combined_barriers/sm210995,0.0,84,100,4.360588,13,2022,Satisfactory,0,5.38
sm210999,35.13556,-83.07876,Surveyed road/stream crossing - Cedar Creek Road / Laurel Creek,Laurel Creek,Cedar Creek Road,Paved,Culvert,Complete barrier,Moderate,3060101,Seneca,30601010103,Horsepasture River,Jackson,2.3644,1,Salvelinus fontinalis,0,not located on a reach associated with anadromous / catadromous species habitat,yes,0.097,2.474,2.118,0.097,363.72,NC656,dam,,dam,sm210999,2.474,15.7,229000.0,0.6,0.451,1.0,0.2706,15000600195950.0,https://tool.aquaticbarriers.org/report/combined_barriers/sm210999,0.0,76,100,3.577471,13,2022,Satisfactory,1,1.98
sm211004,35.12494,-83.09506,Surveyed road/stream crossing - Wandering Ridge Drive / Horsepasture River,Horsepasture River,Wandering Ridge Drive,Paved,Culvert,Moderate barrier,Moderate,3060101,Seneca,30601010103,Horsepasture River,Jackson,3.8171,2,Salvelinus fontinalis,0,not located on a reach associated with anadromous / catadromous species habitat,yes,1.632,2.474,2.118,1.632,363.967,NC656,dam,,dam,sm211004,2.474,18.9,266000.0,0.6,0.584,1.0,0.3504,15000600181178.0,https://tool.aquaticbarriers.org/report/combined_barriers/sm211004,0.0,84,100,5.801897,13,2022,Satisfactory,1,0.86
sm211017,35.11822,-83.037506,Surveyed road/stream crossing - Rosman Highway / Ut13 Horsepasture River,Ut13 Horsepasture River,Rosman Highway,Paved,Culvert,Moderate barrier,Spans full channel & banks,3060101,Seneca,30601010103,Horsepasture River,Jackson,5.7197,2,Salvelinus fontinalis,0,not located on a reach associated with anadromous / catadromous species habitat,yes,0.198,12.534,10.457,0.198,360.089,NC1096,dam,,dam,sm211017,12.534,22.1,305000.0,0.0,0.708,1.0,0.0,15000600210777.0,https://tool.aquaticbarriers.org/report/combined_barriers/sm211017,0.0,1,100,8.830321,13,2022,Poor,0,3.61
sm211036,35.098873,-82.865944,Surveyed road/stream crossing - Frozen Creek Road / Ut4 Toxaway Creek,Ut4 Toxaway Creek,Frozen Creek Road,Paved,Inaccessible,Complete barrier,Moderate,3060101,Seneca,30601010102,Toxaway River-Lake Jocassee,Transylvania,0.772,1,Salvelinus fontinalis,0,not located on a reach associated with anadromous / catadromous species habitat,yes,0.405,11.499,11.499,0.405,354.291,f28042,waterfall,,waterfall,sm211036,11.499,10.5,166000.0,0.6,0.212,1.0,0.1272,15000600241165.0,https://tool.aquaticbarriers.org/report/combined_barriers/sm211036,0.0,96,100,0.920039,6,2022,Satisfactory,0,7.43
sm2612,35.06788,-83.59842,Surveyed road/stream crossing - Us Hwy 64,Buck Creek,Us Hwy 64,Paved,Culvert,Barrier - unknown severity,Unknown,6010202,Upper Little Tennessee,60102020301,Buck Creek,Clay,12.397,3,Salvelinus fontinalis,0,not located on a reach associated with anadromous / catadromous species habitat,yes,1.453,149.634,134.674,1.453,1727.906,NC3035,dam,,dam,sm2612,149.634,44.0,568000.0,0.5,0.964,1.0,0.482,25000400312279.0,https://tool.aquaticbarriers.org/report/combined_barriers/sm2612,0.0,91,100,20.838085,5,2020,Satisfactory,0,11.02
sm2617,35.791317,-82.2122,Surveyed road/stream crossing - Rock Creek Rd,Middle Creek,Rock Creek Rd,Paved,Culvert,Barrier - unknown severity,Unknown,6010108,Nolichucky,60101080201,Upper South Toe River,Yancey,6.3935,2,Salvelinus fontinalis,0,not located on a reach associated with anadromous / catadromous species habitat,yes,3.114,0.076,0.076,0.076,1884.531,sm2666,small_barrier,sm2666,culvert,sm2728,2428.293,35.1,461000.0,0.5,0.743,1.0,0.3715,25000400298066.0,https://tool.aquaticbarriers.org/report/combined_barriers/sm2617,0.0,88,100,7.86111,4,0,Satisfactory,9,0.39
sm2618,35.910595,-82.23122,Surveyed road/stream crossing - Cane Branch Rd / Little Crabtree Creek,Little Crabtree Creek,Cane Branch Rd,Paved,Culvert,Complete barrier,Unknown,6010108,Nolichucky,60101080202,Little Crabtree Creek,Yancey,40.9849,4,Salvelinus fontinalis,0,not located on a reach associated with anadromous / catadromous species habitat,yes,50.22,2428.293,2428.293,50.22,1867.598,TN511,dam,,dam,sm2618,2428.293,66.5,838000.0,0.5,1.0,1.0,0.5,25000400554383.0,https://tool.aquaticbarriers.org/report/combined_barriers/sm2618,0.0,44,100,36.399254,3,0,Satisfactory,13,0.7
sm2619,35.225433,-83.19658,Surveyed road/stream crossing - Dodgen Creek,Dodgen Creek,,Unknown,Culvert,Barrier - unknown severity,Unknown,6010203,Tuckasegee,60102030106,Cullowhee Creek,Jackson,5.3752,2,Salvelinus fontinalis,0,not located on a reach associated with anadromous / catadromous species habitat,yes,1.834,1837.689,1712.55,1.834,1730.972,NC3023,dam,,dam,sm2619,1837.689,33.1,338000.0,0.5,0.688,0.7,0.2408,25000400455410.0,https://tool.aquaticbarriers.org/report/combined_barriers/sm2619,0.555,94,100,7.433872,3,0,Unknown,0,3.05
sm2620,35.609825,-82.825905,Surveyed road/stream crossing - Beaverdam Creek,Beaverdam Creek,,Unknown,Culvert,Barrier - unknown severity,Unknown,6010106,Pigeon,60101060105,Beaverdam Creek-Pigeon River,Haywood,0.5483,1,Salvelinus fontinalis,1,not located on a reach associated with anadromous / catadromous species habitat,yes,0.496,1011.88,1002.766,0.496,1798.559,NC3024,dam,,dam,sm2620,1011.88,15.7,181000.0,0.5,0.162,0.7,0.0567,25000400522262.0,https://tool.aquaticbarriers.org/report/combined_barriers/sm2620,0.0,83,100,0.537054,3,0,Unknown,11,0.19
sm2621,35.261116,-83.59403,,,,Unknown,Culvert,Barrier - unknown severity,Unknown,6010202,Upper Little Tennessee,60102020304,Whiteoak Creek-Nantahala River,Macon,0.5233,1,Salvelinus fontinalis,0,not located on a reach associated with anadromous / catadromous species habitat,yes,0.651,32.397,32.397,0.651,1708.883,f28026,waterfall,,waterfall,sm2621,32.397,15.4,179000.0,0.5,0.156,0.7,0.0546,25000400530836.0,https://tool.aquaticbarriers.org/report/combined_barriers/sm2621,0.0,71,100,0.799379,7,0,Unknown,0,3.02
sm2622,35.584965,-82.83914,Surveyed road/stream crossing - Rough Creek,Rough Creek,,Unknown,Culvert,Barrier - unknown severity,Unknown,6010106,Pigeon,60101060105,Beaverdam Creek-Pigeon River,Haywood,4.4122,3,Salvelinus fontinalis,1,not located on a reach associated with anadromous / catadromous species habitat,yes,0.395,1011.88,1002.766,0.395,1796.962,NC3024,dam,,dam,sm2622,1011.88,30.9,318000.0,0.5,0.627,0.7,0.2194,25000400484271.0,https://tool.aquaticbarriers.org/report/combined_barriers/sm2622,0.395,40,100,3.693148,3,0,Unknown,11,0.57
sm2623,35.520206,-83.15374,Surveyed road/stream crossing - Long Branch,Long Branch,,Unknown,Culvert,Barrier - unknown severity,Unknown,6010106,Pigeon,60101060203,Upper Johnathans Creek,Haywood,1.7245,1,Salvelinus fontinalis,0,not located on a reach associated with anadromous / catadromous species habitat,yes,0.284,1011.88,1002.766,0.284,1793.399,NC3024,dam,,dam,sm2623,1011.88,22.6,244000.0,0.5,0.372,0.7,0.1302,25000400330765.0,https://tool.aquaticbarriers.org/report/combined_barriers/sm2623,0.284,45,100,2.215344,2,0,Unknown,0,2.28
sm2624,35.535084,-83.163,Surveyed road/stream crossing - Mashie Stomp Creek,Mashie Stomp Creek,,Unknown,Culvert,Barrier - unknown severity,Unknown,6010106,Pigeon,60101060203,Upper Johnathans Creek,Haywood,1.6488,1,Salvelinus fontinalis,0,not located on a reach associated with anadromous / catadromous species habitat,yes,0.999,1011.88,1002.766,0.999,1794.815,NC3024,dam,,dam,sm2624,1011.88,22.3,241000.0,0.5,0.362,0.7,0.1267,25000400473726.0,https://tool.aquaticbarriers.org/report/combined_barriers/sm2624,0.999,72,100,2.347795,2,0,Unknown,0,2.25
sm2625,35.781128,-82.94035,Surveyed road/stream crossing - East Fork Little Creek,East Fork Little Creek,,Unknown,Culvert,Barrier - unknown severity,Unknown,6010105,Upper French Broad,60101051201,Meadow Fork,Madison,1.4874,4,Salvelinus fontinalis,0,not located on a reach associated with anadromous / catadromous species habitat,yes,4.857,17.276,17.276,4.857,1781.049,NC6601,dam,,dam,sm2625,17.276,21.6,234000.0,0.5,0.338,0.7,0.1183,25000400415736.0,https://tool.aquaticbarriers.org/report/combined_barriers/sm2625,1.506,87,100,1.570007,1,0,Unknown,0,5.21
sm2626,35.78124,-82.95183,Surveyed road/stream crossing - West Fork Little Creek,West Fork Little Creek,,Unknown,Culvert,Barrier - unknown severity,Unknown,6010105,Upper French Broad,60101051201,Meadow Fork,Madison,0.80469996,3,Salvelinus fontinalis,0,not located on a reach associated with anadromous / catadromous species habitat,yes,2.273,17.276,17.276,2.273,1781.93,NC6601,dam,,dam,sm2626,17.276,17.7,199000.0,0.5,0.219,0.7,0.0766,25000400369593.0,https://tool.aquaticbarriers.org/report/combined_barriers/sm2626,1.294,92,100,0.907436,1,0,Unknown,0,5.42
sm2627,35.607082,-82.817635,Surveyed road/stream crossing - Beaverdam Creek,Beaverdam Creek,,Unknown,Culvert,Barrier - unknown severity,Unknown,6010106,Pigeon,60101060105,Beaverdam Creek-Pigeon River,Haywood,2.88,2,Salvelinus fontinalis,1,not located on a reach associated with anadromous / catadromous species habitat,yes,2.532,1011.88,1002.766,2.532,1798.846,NC3024,dam,,dam,sm2627,1011.88,26.8,281000.0,0.5,0.504,0.7,0.1764,25000400450594.0,https://tool.aquaticbarriers.org/report/combined_barriers/sm2627,1.385,65,100,2.654562,3,0,Unknown,12,0.62
sm2628,35.364998,-83.92255,Surveyed road/stream crossing - Horsecove Branch,Horsecove Branch,,Unknown,Culvert,Barrier - unknown severity,Unknown,6010204,Lower Little Tennessee,60102040105,Santeetlah Creek,Graham,3.0128999,2,Salvelinus fontinalis,0,not located on a reach associated with anadromous / catadromous species habitat,yes,3.293,434.482,402.797,3.293,1671.043,NC3038,dam,,dam,sm2628,434.482,27.2,285000.0,0.5,0.516,0.7,0.1806,25000400478302.0,https://tool.aquaticbarriers.org/report/combined_barriers/sm2628,0.0,98,100,3.969315,5,2020,Unknown,0,17.28
sm2629,35.222862,-83.2052,Surveyed road/stream crossing - Dodgen Creek,Dodgen Creek,,Unknown,Culvert,Barrier - unknown severity,Unknown,6010203,Tuckasegee,60102030106,Cullowhee Creek,Jackson,2.6551,1,Salvelinus fontinalis,0,not located on a reach associated with anadromous / catadromous species habitat,yes,1.0,1.834,1.834,1.0,1731.526,sm2619,small_barrier,sm2619,culvert,sm2619,1837.689,26.1,275000.0,0.5,0.481,0.7,0.1683,25000400447140.0,https://tool.aquaticbarriers.org/report/combined_barriers/sm2629,1.0,96,100,3.626768,3,0,Unknown,0,3.53
sm2630,35.516335,-83.167496,Surveyed road/stream crossing - Long Branch,Long Branch,,Unknown,Culvert,Barrier - unknown severity,Unknown,6010106,Pigeon,60101060203,Upper Johnathans Creek,Haywood,1.7245,1,Salvelinus fontinalis,0,not located on a reach associated with anadromous / catadromous species habitat,yes,0.555,0.267,0.267,0.267,1794.252,sm2652,small_barrier,sm2652,culvert,sm2623,1011.88,22.6,244000.0,0.5,0.372,0.7,0.1302,25000400330765.0,https://tool.aquaticbarriers.org/report/combined_barriers/sm2630,0.555,45,100,2.215344,2,0,Unknown,0,3.09
sm2631,35.509205,-83.155525,Surveyed road/stream crossing - Wolf Laurel Branch,Wolf Laurel Branch,,Unknown,Culvert,Barrier - unknown severity,Unknown,6010106,Pigeon,60101060203,Upper Johnathans Creek,Haywood,0.27870002,1,Salvelinus fontinalis,0,not located on a reach associated with anadromous / catadromous species habitat,yes,0.247,0.637,0.637,0.247,1793.474,sm2638,small_barrier,sm2638,culvert,sm2638,1011.88,12.7,154000.0,0.5,0.091,0.7,0.0318,25000400494854.0,https://tool.aquaticbarriers.org/report/combined_barriers/sm2631,0.0,59,100,0.338801,2,0,Unknown,0,2.35
sm2632,35.51328,-83.15557,Surveyed road/stream crossing - Wolf Laurel Branch,Wolf Laurel Branch,,Unknown,Culvert,Barrier - unknown severity,Unknown,6010106,Pigeon,60101060203,Upper Johnathans Creek,Haywood,1.3882,1,Salvelinus fontinalis,0,not located on a reach associated with anadromous / catadromous species habitat,yes,1.625,0.106,0.106,0.106,1793.503,f30455,waterfall,,waterfall,sm2632,0.106,21.1,230000.0,0.5,0.323,0.7,0.113,25000400532688.0,https://tool.aquaticbarriers.org/report/combined_barriers/sm2632,1.625,77,100,1.791738,2,0,Unknown,0,2.41
sm2633,35.511307,-83.15209,Surveyed road/stream crossing - Wolf Laurel Branch,Wolf Laurel Branch,,Unknown,Culvert,Barrier - unknown severity,Unknown,6010106,Pigeon,60101060203,Upper Johnathans Creek,Haywood,1.3882,1,Salvelinus fontinalis,0,not located on a reach associated with anadromous / catadromous species habitat,yes,0.167,0.637,0.637,0.167,1793.231,sm2638,small_barrier,sm2638,culvert,sm2638,1011.88,21.1,230000.0,0.5,0.323,0.7,0.113,25000400532688.0,https://tool.aquaticbarriers.org/report/combined_barriers/sm2633,0.167,77,100,1.791738,2,0,Unknown,0,2.19
sm2634,35.50804,-83.15433,Surveyed road/stream crossing - Wolf Laurel Branch,Wolf Laurel Branch,,Unknown,Culvert,Barrier - unknown severity,Unknown,6010106,Pigeon,60101060203,Upper Johnathans Creek,Haywood,0.5685,1,Salvelinus fontinalis,0,not located on a reach associated with anadromous / catadromous species habitat,yes,0.094,0.637,0.637,0.094,1793.494,sm2638,small_barrier,sm2638,culvert,sm2638,1011.88,15.8,183000.0,0.5,0.167,0.7,0.0584,25000400341255.0,https://tool.aquaticbarriers.org/report/combined_barriers/sm2634,0.0,63,100,0.694691,2,0,Unknown,0,2.27
sm2635,35.51863,-83.15999,Surveyed road/stream crossing - Long Branch,Long Branch,,Unknown,Culvert,Barrier - unknown severity,Unknown,6010106,Pigeon,60101060203,Upper Johnathans Creek,Haywood,1.7245,1,Salvelinus fontinalis,0,not located on a reach associated with anadromous / catadromous species habitat,yes,0.115,0.103,0.103,0.103,1793.786,sm2636,small_barrier,sm2636,culvert,sm2623,1011.88,22.6,244000.0,0.5,0.372,0.7,0.1302,25000400330765.0,https://tool.aquaticbarriers.org/report/combined_barriers/sm2635,0.115,45,100,2.215344,2,0,Unknown,0,2.64
sm2636,35.519543,-83.15862,Surveyed road/stream crossing - Long Branch,Long Branch,,Unknown,Culvert,Barrier - unknown severity,Unknown,6010106,Pigeon,60101060203,Upper Johnathans Creek,Haywood,1.7245,1,Salvelinus fontinalis,0,not located on a reach associated with anadromous / catadromous species habitat,yes,0.103,0.284,0.284,0.103,1793.683,sm2623,small_barrier,sm2623,culvert,sm2623,1011.88,22.6,244000.0,0.5,0.372,0.7,0.1302,25000400330765.0,https://tool.aquaticbarriers.org/report/combined_barriers/sm2636,0.103,45,100,2.215344,2,0,Unknown,0,2.54
sm2637,35.518326,-83.162,Surveyed road/stream crossing - Long Branch,Long Branch,,Unknown,Culvert,Barrier - unknown severity,Unknown,6010106,Pigeon,60101060203,Upper Johnathans Creek,Haywood,1.7245,1,Salvelinus fontinalis,0,not located on a reach associated with anadromous / catadromous species habitat,yes,0.084,0.115,0.115,0.084,1793.901,sm2635,small_barrier,sm2635,culvert,sm2623,1011.88,22.6,244000.0,0.5,0.372,0.7,0.1302,25000400330765.0,https://tool.aquaticbarriers.org/report/combined_barriers/sm2637,0.084,45,100,2.215344,2,0,Unknown,0,2.75
sm2638,35.511307,-83.14993,Surveyed road/stream crossing - Wolf Laurel Branch,Wolf Laurel Branch,,Unknown,Culvert,Barrier - unknown severity,Unknown,6010106,Pigeon,60101060203,Upper Johnathans Creek,Haywood,2.4284,2,Salvelinus fontinalis,0,not located on a reach associated with anadromous / catadromous species habitat,yes,0.637,1011.88,1002.766,0.637,1793.108,NC3024,dam,,dam,sm2638,1011.88,25.3,268000.0,0.5,0.458,0.7,0.1603,25000400492776.0,https://tool.aquaticbarriers.org/report/combined_barriers/sm2638,0.123,67,100,3.051204,2,0,Unknown,0,2.07
sm2639,35.50608,-83.06373,Surveyed road/stream crossing - Mine Branch,Mine Branch,,Unknown,Culvert,Barrier - unknown severity,Unknown,6010106,Pigeon,60101060203,Upper Johnathans Creek,Haywood,0.6215,1,Salvelinus fontinalis,0,not located on a reach associated with anadromous / catadromous species habitat,yes,0.243,1011.88,1002.766,0.243,1788.126,NC3024,dam,,dam,sm2639,1011.88,16.3,187000.0,0.5,0.18,0.7,0.063,25000400362396.0,https://tool.aquaticbarriers.org/report/combined_barriers/sm2639,0.0,72,100,0.703851,2,0,Unknown,0,2.81
sm2640,35.506706,-83.033455,Surveyed road/stream crossing - Gaddis Branch,Gaddis Branch,,Unknown,Culvert,Barrier - unknown severity,Unknown,6010106,Pigeon,60101060203,Upper Johnathans Creek,Haywood,2.341,1,Salvelinus fontinalis,0,not located on a reach associated with anadromous / catadromous species habitat,yes,0.174,0.372,0.372,0.174,1786.684,sm2642,small_barrier,sm2642,culvert,sm2642,1011.88,25.0,265000.0,0.5,0.448,0.7,0.1568,25000400297408.0,https://tool.aquaticbarriers.org/report/combined_barriers/sm2640,0.174,58,100,2.186721,2,0,Unknown,0,4.51
sm2641,35.503506,-83.06114,Surveyed road/stream crossing - Mine Branch,Mine Branch,,Unknown,Culvert,Barrier - unknown severity,Unknown,6010106,Pigeon,60101060203,Upper Johnathans Creek,Haywood,0.6215,1,Salvelinus fontinalis,0,not located on a reach associated with anadromous / catadromous species habitat,yes,0.255,0.243,0.243,0.243,1788.369,sm2639,small_barrier,sm2639,culvert,sm2639,1011.88,16.3,187000.0,0.5,0.18,0.7,0.063,25000400362396.0,https://tool.aquaticbarriers.org/report/combined_barriers/sm2641,0.0,72,100,0.703851,2,0,Unknown,0,2.96
sm2642,35.51116,-83.03125,Surveyed road/stream crossing - Gaddis Branch,Gaddis Branch,,Unknown,Culvert,Barrier - unknown severity,Unknown,6010106,Pigeon,60101060203,Upper Johnathans Creek,Haywood,2.341,1,Salvelinus fontinalis,0,not located on a reach associated with anadromous / catadromous species habitat,yes,0.372,1011.88,1002.766,0.372,1786.312,NC3024,dam,,dam,sm2642,1011.88,25.0,265000.0,0.5,0.448,0.7,0.1568,25000400297408.0,https://tool.aquaticbarriers.org/report/combined_barriers/sm2642,0.372,58,100,2.186721,2,0,Unknown,0,4.65
sm2643,35.77269,-82.97184,Surveyed road/stream crossing - Cherry Creek,Cherry Creek,,Unknown,Culvert,Barrier - unknown severity,Unknown,6010106,Pigeon,60101060305,Cold Springs Creek-Pigeon River,Haywood,2.4441,3,Salvelinus fontinalis,0,not located on a reach associated with anadromous / catadromous species habitat,yes,6.843,1.371,1.371,1.371,1767.776,sm2644,small_barrier,sm2644,culvert,sm2644,2488.362,25.4,268000.0,0.5,0.459,0.7,0.1606,25000400507258.0,https://tool.aquaticbarriers.org/report/combined_barriers/sm2643,1.745,100,100,2.78941,6,2020,Unknown,0,4.18
sm2644,35.769844,-82.97145,Surveyed road/stream crossing - Cherry Creek,Cherry Creek,,Unknown,Culvert,Barrier - unknown severity,Unknown,6010106,Pigeon,60101060305,Cold Springs Creek-Pigeon River,Haywood,2.8272,3,Salvelinus fontinalis,0,not located on a reach associated with anadromous / catadromous species habitat,yes,1.371,2488.362,2324.799,1.371,1767.568,TN1466,dam,,dam,sm2644,2488.362,26.6,280000.0,0.5,0.498,0.7,0.1743,25000400309677.0,https://tool.aquaticbarriers.org/report/combined_barriers/sm2644,0.208,100,100,3.215916,6,2020,Unknown,0,4.14
sm2645,35.35887,-83.08578,Surveyed road/stream crossing - Moses Creek,Moses Creek,,Unknown,Culvert,Barrier - unknown severity,Unknown,6010203,Tuckasegee,60102030105,Caney Fork,Jackson,2.3435,1,Salvelinus fontinalis,0,not located on a reach associated with anadromous / catadromous species habitat,yes,0.064,99.362,99.362,0.064,1737.08,NC3252,dam,,dam,sm2645,99.362,25.0,265000.0,0.5,0.448,0.7,0.1568,25000400482775.0,https://tool.aquaticbarriers.org/report/combined_barriers/sm2645,0.064,87,100,3.556592,6,2020,Unknown,0,6.89
sm2648,35.27648,-82.90569,,,,Unknown,Culvert,Barrier - unknown severity,Unknown,6010105,Upper French Broad,60101050101,North Fork French Broad River,Transylvania,0.11149998,1,Salvelinus fontinalis,0,not located on a reach associated with anadromous / catadromous species habitat,yes,0.314,15.688,15.688,0.314,1888.6,sm164789,small_barrier,sm164789,culvert,sm164789,4.596,9.7,127000.0,0.5,0.039,0.7,0.0136,25000400410261.0,https://tool.aquaticbarriers.org/report/combined_barriers/sm2648,0.0,100,100,0.178563,4,2020,Unknown,0,7.76
sm2649,35.318314,-83.37249,Surveyed road/stream crossing - Huckleberry Creek,Huckleberry Creek,,Unknown,Culvert,Barrier - unknown severity,Unknown,6010202,Upper Little Tennessee,60102020402,Cowee Creek,Macon,0.7501,2,Salvelinus fontinalis,2,not located on a reach associated with anadromous / catadromous species habitat,yes,0.585,0.547,0.547,0.547,1717.407,sm2651,small_barrier,sm2651,culvert,sm2651,1837.689,17.3,196000.0,0.5,0.208,0.7,0.0728,25000400312287.0,https://tool.aquaticbarriers.org/report/combined_barriers/sm2649,0.224,87,100,1.049356,13,0,Unknown,0,8.96
sm2650,35.32151,-83.37259,Surveyed road/stream crossing - Huckleberry Creek,Huckleberry Creek,,Unknown,Culvert,Barrier - unknown severity,Unknown,6010202,Upper Little Tennessee,60102020402,Cowee Creek,Macon,0.10180001,1,Salvelinus fontinalis,2,not located on a reach associated with anadromous / catadromous species habitat,yes,0.259,0.585,0.585,0.259,1717.631,sm2649,small_barrier,sm2649,culvert,sm2651,1837.689,9.4,125000.0,0.5,0.036,0.7,0.0126,25000400543276.0,https://tool.aquaticbarriers.org/report/combined_barriers/sm2650,0.259,98,100,0.146163,13,0,Unknown,0,9.18
sm2651,35.315456,-83.37182,Surveyed road/stream crossing - Huckleberry Creek,Huckleberry Creek,,Unknown,Culvert,Barrier - unknown severity,Unknown,6010202,Upper Little Tennessee,60102020402,Cowee Creek,Macon,0.7501,2,Salvelinus fontinalis,2,not located on a reach associated with anadromous / catadromous species habitat,yes,0.547,1837.689,1712.55,0.547,1717.201,NC3023,dam,,dam,sm2651,1837.689,17.3,196000.0,0.5,0.208,0.7,0.0728,25000400312287.0,https://tool.aquaticbarriers.org/report/combined_barriers/sm2651,0.206,82,100,1.049356,13,0,Unknown,0,8.76
sm2652,35.518265,-83.1635,Surveyed road/stream crossing - Long Branch,Long Branch,,Unknown,Culvert,Barrier - unknown severity,Unknown,6010106,Pigeon,60101060203,Upper Johnathans Creek,Haywood,1.7245,1,Salvelinus fontinalis,0,not located on a reach associated with anadromous / catadromous species habitat,yes,0.267,0.084,0.084,0.084,1793.985,sm2637,small_barrier,sm2637,culvert,sm2623,1011.88,22.6,244000.0,0.5,0.372,0.7,0.1302,25000400330765.0,https://tool.aquaticbarriers.org/report/combined_barriers/sm2652,0.267,45,100,2.215344,2,0,Unknown,0,2.83
sm2653,35.24875,-83.27017,Surveyed road/stream crossing - Savannah Creek,Savannah Creek,,Unknown,Culvert,Barrier - unknown severity,Unknown,6010203,Tuckasegee,60102030301,Savannah Creek,Jackson,3.0625,2,Salvelinus fontinalis,0,not located on a reach associated with anadromous / catadromous species habitat,yes,3.091,1837.689,1712.55,3.091,1727.031,NC3023,dam,,dam,sm2653,1837.689,27.4,286000.0,0.5,0.521,0.7,0.1823,25000400472078.0,https://tool.aquaticbarriers.org/report/combined_barriers/sm2653,1.715,100,100,4.305385,4,0,Unknown,0,6.86
sm2654,35.246876,-83.27026,Surveyed road/stream crossing - Savannah Creek,Savannah Creek,,Unknown,Culvert,Barrier - unknown severity,Unknown,6010203,Tuckasegee,60102030301,Savannah Creek,Jackson,4.4323997,2,Salvelinus fontinalis,0,not located on a reach associated with anadromous / catadromous species habitat,yes,1.204,1837.689,1712.55,1.204,1727.145,NC3023,dam,,dam,sm2654,1837.689,31.0,319000.0,0.5,0.629,0.7,0.2202,25000400291747.0,https://tool.aquaticbarriers.org/report/combined_barriers/sm2654,0.61,71,100,6.257472,4,0,Unknown,0,6.97
sm2655,35.2413,-83.26273,Surveyed road/stream crossing - Savannah Creek,Savannah Creek,,Unknown,Culvert,Barrier - unknown severity,Unknown,6010203,Tuckasegee,60102030301,Savannah Creek,Jackson,3.2939,2,Salvelinus fontinalis,0,not located on a reach associated with anadromous / catadromous species habitat,yes,0.699,1.204,1.204,0.699,1727.755,sm2654,small_barrier,sm2654,culvert,sm2654,1837.689,28.0,292000.0,0.5,0.541,0.7,0.1894,25000400497672.0,https://tool.aquaticbarriers.org/report/combined_barriers/sm2655,0.277,73,100,4.641514,4,0,Unknown,0,6.88
sm2656,35.23857,-83.25941,Surveyed road/stream crossing - Savannah Creek,Savannah Creek,,Unknown,Culvert,Barrier - unknown severity,Unknown,6010203,Tuckasegee,60102030301,Savannah Creek,Jackson,1.9097,1,Salvelinus fontinalis,0,not located on a reach associated with anadromous / catadromous species habitat,yes,0.897,0.699,0.699,0.699,1728.031,sm2655,small_barrier,sm2655,culvert,sm2654,1837.689,23.4,251000.0,0.5,0.397,0.7,0.139,25000400293769.0,https://tool.aquaticbarriers.org/report/combined_barriers/sm2656,0.897,70,100,2.670582,4,0,Unknown,0,6.66
sm2658,35.330704,-83.05826,Surveyed road/stream crossing - Chastine Creek,Chastine Creek,,Unknown,Culvert,Barrier - unknown severity,Unknown,6010203,Tuckasegee,60102030105,Caney Fork,Jackson,10.8716,3,Salvelinus fontinalis,0,not located on a reach associated with anadromous / catadromous species habitat,yes,0.132,1.174,1.174,0.132,1739.376,sm165180,small_barrier,sm165180,culvert,sm165178,0.062,42.0,418000.0,0.5,0.919,0.7,0.3216,25000400304304.0,https://tool.aquaticbarriers.org/report/combined_barriers/sm2658,0.132,64,100,15.529703,6,2020,Unknown,0,7.54
sm2659,35.060776,-83.44562,Surveyed road/stream crossing - Shope Fork,Shope Fork,,Unknown,Culvert,Complete barrier,Unknown,6010202,Upper Little Tennessee,60102020103,Coweeta Creek-Little Tennessee River,Macon,3.8699,2,Salvelinus fontinalis,0,not located on a reach associated with anadromous / catadromous species habitat,yes,0.326,0.039,0.039,0.039,1736.234,NC6617,dam,,dam,sm2659,0.039,29.6,306000.0,0.5,0.588,0.7,0.2058,25000400427412.0,https://tool.aquaticbarriers.org/report/combined_barriers/sm2659,0.326,71,100,5.513596,8,2020,Unknown,0,7.82
sm2660,35.747387,-82.22418,Surveyed road/stream crossing - South Toe River,South Toe River,,Unknown,Culvert,Complete barrier,Unknown,6010108,Nolichucky,60101080201,Upper South Toe River,Yancey,26.5898,4,Salvelinus fontinalis,0,not located on a reach associated with anadromous / catadromous species habitat,yes,6.088,0.316,0.316,0.316,1890.058,f202503687,waterfall,,waterfall,sm2660,0.316,57.2,555000.0,0.5,1.0,0.7,0.35,25000400489242.0,https://tool.aquaticbarriers.org/report/combined_barriers/sm2660,4.06,93,100,35.919804,4,2020,Unknown,27,0.48
sm2661,35.762714,-82.21301,Surveyed road/stream crossing - Laurel Branch,Laurel Branch,,Unknown,Culvert,Complete barrier,Unknown,6010108,Nolichucky,60101080201,Upper South Toe River,Yancey,1.1978,1,Salvelinus fontinalis,0,not located on a reach associated with anadromous / catadromous species habitat,yes,0.25,0.234,0.234,0.234,1888.296,sm2662,small_barrier,sm2662,culvert,sm2728,2428.293,20.1,221000.0,0.5,0.292,0.7,0.1022,25000400525115.0,https://tool.aquaticbarriers.org/report/combined_barriers/sm2661,0.0,75,100,1.375603,4,0,Unknown,15,0.66
sm2662,35.764656,-82.20982,Surveyed road/stream crossing - Laurel Branch,Laurel Branch,,Paved,Culvert,Barrier - unknown severity,Unknown,6010108,Nolichucky,60101080201,Upper South Toe River,Yancey,1.1978,1,Salvelinus fontinalis,0,not located on a reach associated with anadromous / catadromous species habitat,yes,0.234,8.367,8.367,0.234,1888.062,sm2668,small_barrier,sm2668,culvert,sm2728,2428.293,20.1,281000.0,0.5,0.292,1.0,0.146,25000400525115.0,https://tool.aquaticbarriers.org/report/combined_barriers/sm2662,0.0,75,100,1.375603,4,0,Unknown,16,0.44
sm2663,35.785877,-82.21587,Surveyed road/stream crossing - Rock Creek,Rock Creek,,Unknown,Culvert,Complete barrier,Unknown,6010108,Nolichucky,60101080201,Upper South Toe River,Yancey,12.2514,2,Salvelinus fontinalis,0,not located on a reach associated with anadromous / catadromous species habitat,yes,3.218,0.881,0.881,0.881,1886.559,sm2664,small_barrier,sm2664,culvert,sm2728,2428.293,43.8,434000.0,0.5,0.96,0.7,0.336,25000400358898.0,https://tool.aquaticbarriers.org/report/combined_barriers/sm2663,1.288,92,100,15.576768,4,0,Unknown,9,0.05
sm2664,35.7826,-82.20705,Surveyed road/stream crossing - Rock Creek,Rock Creek,,Unknown,Culvert,Barrier - unknown severity,Unknown,6010108,Nolichucky,60101080201,Upper South Toe River,Yancey,12.2514,2,Salvelinus fontinalis,0,not located on a reach associated with anadromous / catadromous species habitat,yes,0.881,8.367,8.367,0.881,1885.678,sm2668,small_barrier,sm2668,culvert,sm2728,2428.293,43.8,434000.0,0.5,0.96,0.7,0.336,25000400358898.0,https://tool.aquaticbarriers.org/report/combined_barriers/sm2664,0.881,71,100,15.576768,4,0,Unknown,11,0.56
sm2665,35.795635,-82.208984,Surveyed road/stream crossing - Middle Creek,Middle Creek,,Paved,Culvert,Barrier - unknown severity,Unknown,6010108,Nolichucky,60101080201,Upper South Toe River,Yancey,6.3935,2,Salvelinus fontinalis,0,not located on a reach associated with anadromous / catadromous species habitat,yes,0.297,5.412,5.412,0.297,1884.158,sm2676,small_barrier,sm2676,culvert,sm2728,2428.293,35.1,461000.0,0.5,0.743,1.0,0.3715,25000400298066.0,https://tool.aquaticbarriers.org/report/combined_barriers/sm2665,0.0,85,100,7.86111,4,2020,Unknown,9,0.74
sm2666,35.79183,-82.21109,Surveyed road/stream crossing - Middle Creek,Middle Creek,,Unknown,Culvert,Barrier - unknown severity,Unknown,6010108,Nolichucky,60101080201,Upper South Toe River,Yancey,6.3935,2,Salvelinus fontinalis,0,not located on a reach associated with anadromous / catadromous species habitat,yes,0.076,0.297,0.297,0.076,1884.456,sm2665,small_barrier,sm2665,culvert,sm2728,2428.293,35.1,356000.0,0.5,0.743,0.7,0.26,25000400298066.0,https://tool.aquaticbarriers.org/report/combined_barriers/sm2666,0.0,85,100,7.86111,4,0,Unknown,9,0.45
sm2667,35.785225,-82.20194,Surveyed road/stream crossing - South Toe River,South Toe River,,Unknown,Culvert,Complete barrier,Unknown,6010108,Nolichucky,60101080201,Upper South Toe River,Yancey,68.634,4,Salvelinus fontinalis,0,not located on a reach associated with anadromous / catadromous species habitat,yes,0.154,5.412,5.412,0.154,1885.186,sm2676,small_barrier,sm2676,culvert,sm2728,2428.293,79.7,757000.0,0.5,1.0,0.7,0.35,25000400293866.0,https://tool.aquaticbarriers.org/report/combined_barriers/sm2667,0.0,92,100,87.22101,4,0,Unknown,11,0.78
sm2668,35.78306,-82.20246,Surveyed road/stream crossing - South Toe River,South Toe River,,Paved,Culvert,Complete barrier,Unknown,6010108,Nolichucky,60101080201,Upper South Toe River,Yancey,68.634,4,Salvelinus fontinalis,0,not located on a reach associated with anadromous / catadromous species habitat,yes,8.367,0.154,0.154,0.154,1885.34,sm2667,small_barrier,sm2667,culvert,sm2728,2428.293,79.7,996000.0,0.5,1.0,1.0,0.5,25000400293866.0,https://tool.aquaticbarriers.org/report/combined_barriers/sm2668,1.826,79,100,87.22101,4,0,Unknown,12,0.78
sm2669,35.770924,-82.19863,Surveyed road/stream crossing - Still Fork Creek,Still Fork Creek,,Unknown,Culvert,Barrier - unknown severity,Unknown,6010108,Nolichucky,60101080201,Upper South Toe River,Yancey,12.8145,3,Salvelinus fontinalis,0,not located on a reach associated with anadromous / catadromous species habitat,yes,0.291,8.367,8.367,0.291,1886.533,sm2668,small_barrier,sm2668,culvert,sm2728,2428.293,44.5,440000.0,0.5,0.975,0.7,0.3412,25000400400823.0,https://tool.aquaticbarriers.org/report/combined_barriers/sm2669,0.0,22,100,15.153521,4,0,Unknown,18,0.33
sm2670,35.769455,-82.194435,Surveyed road/stream crossing - Still Fork Creek,Still Fork Creek,,Unknown,Culvert,Barrier - unknown severity,Unknown,6010108,Nolichucky,60101080201,Upper South Toe River,Yancey,12.8145,3,Salvelinus fontinalis,0,not located on a reach associated with anadromous / catadromous species habitat,yes,0.807,0.291,0.291,0.291,1886.824,sm2669,small_barrier,sm2669,culvert,sm2728,2428.293,44.5,440000.0,0.5,0.975,0.7,0.3412,25000400400823.0,https://tool.aquaticbarriers.org/report/combined_barriers/sm2670,0.7,76,100,15.153521,4,0,Unknown,20,0.54
sm2671,35.769962,-82.19271,Surveyed road/stream crossing - Still Fork Creek,Still Fork Creek,,Unknown,Culvert,Barrier - unknown severity,Unknown,6010108,Nolichucky,60101080201,Upper South Toe River,Yancey,8.55,3,Salvelinus fontinalis,0,not located on a reach associated with anadromous / catadromous species habitat,yes,6.662,0.807,0.807,0.807,1886.932,sm2670,small_barrier,sm2670,culvert,sm2728,2428.293,38.7,388000.0,0.5,0.838,0.7,0.2933,25000400344139.0,https://tool.aquaticbarriers.org/report/combined_barriers/sm2671,0.0,74,100,10.215848,4,0,Unknown,20,0.64
sm2672,35.77775,-82.19031,Surveyed road/stream crossing - Pine Ridge Branch,Pine Ridge Branch,,Unpaved,Culvert,Barrier - unknown severity,Unknown,6010108,Nolichucky,60101080201,Upper South Toe River,Yancey,0.5999,1,Salvelinus fontinalis,0,not located on a reach associated with anadromous / catadromous species habitat,yes,0.033,0.097,0.097,0.033,1888.102,sm2675,small_barrier,sm2675,culvert,sm2728,2428.293,16.1,137000.0,0.5,0.175,0.5,0.0438,25000400476407.0,https://tool.aquaticbarriers.org/report/combined_barriers/sm2672,0.0,72,100,0.727911,4,0,Unknown,22,0.82
sm2673,35.77815,-82.190605,Surveyed road/stream crossing - Pine Ridge Branch,Pine Ridge Branch,,Unknown,Culvert,Barrier - unknown severity,Unknown,6010108,Nolichucky,60101080201,Upper South Toe River,Yancey,0.5999,1,Salvelinus fontinalis,0,not located on a reach associated with anadromous / catadromous species habitat,yes,0.017,0.033,0.033,0.017,1888.134,sm2672,small_barrier,sm2672,culvert,sm2728,2428.293,16.1,185000.0,0.5,0.175,0.7,0.0612,25000400476407.0,https://tool.aquaticbarriers.org/report/combined_barriers/sm2673,0.0,72,100,0.727911,4,0,Unknown,21,0.85
sm2674,35.778385,-82.190636,Surveyed road/stream crossing - Pine Ridge Branch,Pine Ridge Branch,,Unknown,Culvert,Complete barrier,Unknown,6010108,Nolichucky,60101080201,Upper South Toe River,Yancey,0.5999,1,Salvelinus fontinalis,0,not located on a reach associated with anadromous / catadromous species habitat,yes,0.13,0.017,0.017,0.017,1888.151,sm2673,small_barrier,sm2673,culvert,sm2728,2428.293,16.1,185000.0,0.5,0.175,0.7,0.0612,25000400476407.0,https://tool.aquaticbarriers.org/report/combined_barriers/sm2674,0.0,72,100,0.727911,4,0,Unknown,21,0.87
sm2675,35.77661,-82.189316,Surveyed road/stream crossing - Pine Ridge Branch,Pine Ridge Branch,,Unknown,Culvert,Barrier - unknown severity,Unknown,6010108,Nolichucky,60101080201,Upper South Toe River,Yancey,0.5999,1,Salvelinus fontinalis,0,not located on a reach associated with anadromous / catadromous species habitat,yes,0.097,6.662,6.662,0.097,1888.005,sm2671,small_barrier,sm2671,culvert,sm2728,2428.293,16.1,185000.0,0.5,0.175,0.7,0.0612,25000400476407.0,https://tool.aquaticbarriers.org/report/combined_barriers/sm2675,0.0,72,100,0.727911,4,0,Unknown,21,0.73
sm2676,35.80743,-82.199104,Surveyed road/stream crossing - South Toe River,South Toe River,,Unknown,Culvert,Barrier - unknown severity,Unknown,6010108,Nolichucky,60101080201,Upper South Toe River,Yancey,86.2475,4,Salvelinus fontinalis,0,not located on a reach associated with anadromous / catadromous species habitat,yes,5.412,7.514,7.514,5.412,1882.75,sm2689,small_barrier,sm2689,culvert,sm2728,2428.293,86.4,817000.0,0.5,1.0,0.7,0.35,25000400448991.0,https://tool.aquaticbarriers.org/report/combined_barriers/sm2676,0.0,84,100,108.631996,4,0,Unknown,7,0.41
sm2677,35.803104,-82.212105,Surveyed road/stream crossing - Colbert Creek,Colbert Creek,,Paved,Culvert,Barrier - unknown severity,Unknown,6010108,Nolichucky,60101080201,Upper South Toe River,Yancey,5.7805,2,Salvelinus fontinalis,0,not located on a reach associated with anadromous / catadromous species habitat,yes,0.29,0.366,0.366,0.29,1884.175,f202503723,waterfall,,waterfall,sm2677,0.366,33.9,447000.0,0.5,0.711,1.0,0.3555,25000400491182.0,https://tool.aquaticbarriers.org/report/combined_barriers/sm2677,0.0,73,100,6.913917,4,2020,Unknown,9,0.83
sm2678,35.80396,-82.2159,Surveyed road/stream crossing - Colbert Creek,Colbert Creek,,Unknown,Culvert,Barrier - unknown severity,Unknown,6010108,Nolichucky,60101080201,Upper South Toe River,Yancey,5.7805,2,Salvelinus fontinalis,0,not located on a reach associated with anadromous / catadromous species habitat,yes,1.03,0.29,0.29,0.29,1884.466,sm2677,small_barrier,sm2677,culvert,sm2677,0.366,33.9,345000.0,0.5,0.711,0.7,0.2488,25000400491182.0,https://tool.aquaticbarriers.org/report/combined_barriers/sm2678,0.0,90,100,6.913917,4,0,Unknown,10,0.69
sm2679,35.79331,-82.19832,Surveyed road/stream crossing - Right Prong Clear Creek,Right Prong Clear Creek,,Unknown,Culvert,Complete barrier,Unknown,6010108,Nolichucky,60101080201,Upper South Toe River,Yancey,0.8657,1,Salvelinus fontinalis,0,not located on a reach associated with anadromous / catadromous species habitat,yes,0.658,5.412,5.412,0.658,1884.563,sm2676,small_barrier,sm2676,culvert,sm2728,2428.293,18.1,203000.0,0.5,0.232,0.7,0.0812,25000400446991.0,https://tool.aquaticbarriers.org/report/combined_barriers/sm2679,0.0,92,100,1.089368,4,0,Unknown,8,0.86
sm2680,35.801414,-82.19289,Surveyed road/stream crossing - Left Prong Clear Creek,Left Prong Clear Creek,,Unknown,Culvert,Barrier - unknown severity,Unknown,6010108,Nolichucky,60101080201,Upper South Toe River,Yancey,0.8812,1,Salvelinus fontinalis,0,not located on a reach associated with anadromous / catadromous species habitat,yes,0.28,5.412,5.412,0.28,1885.008,sm2676,small_barrier,sm2676,culvert,sm2728,2428.293,18.2,204000.0,0.5,0.235,0.7,0.0822,25000400470117.0,https://tool.aquaticbarriers.org/report/combined_barriers/sm2680,0.0,67,100,1.093004,4,0,Unknown,6,0.24
sm2681,35.830166,-82.18504,Surveyed road/stream crossing - South Toe River,South Toe River,,Paved,Culvert,Barrier - unknown severity,Unknown,6010108,Nolichucky,60101080203,Lower South Toe River,Yancey,112.4911,4,Salvelinus fontinalis,1,not located on a reach associated with anadromous / catadromous species habitat,yes,2.407,0.67,0.67,0.67,1880.828,sm2702,small_barrier,sm2702,culvert,sm2728,2428.293,94.8,1178000.0,0.5,1.0,1.0,0.5,25000400388188.0,https://tool.aquaticbarriers.org/report/combined_barriers/sm2681,0.0,70,100,138.41867,10,0,Unknown,9,1.33
sm2682,35.82479,-82.189316,,,,Unknown,Culvert,Barrier - unknown severity,Unknown,6010108,Nolichucky,60101080201,Upper South Toe River,Yancey,0.85150003,1,Salvelinus fontinalis,0,not located on a reach associated with anadromous / catadromous species habitat,yes,0.829,7.514,7.514,0.829,1881.309,sm2689,small_barrier,sm2689,culvert,sm2728,2428.293,18.0,202000.0,0.5,0.229,0.7,0.0802,25000400337619.0,https://tool.aquaticbarriers.org/report/combined_barriers/sm2682,0.0,83,100,0.892456,4,0,Unknown,8,1.17
sm2683,35.832836,-82.1674,,,,Paved,Culvert,Barrier - unknown severity,Unknown,6010108,Nolichucky,60101080203,Lower South Toe River,Yancey,0.4001,1,Salvelinus fontinalis,1,not located on a reach associated with anadromous / catadromous species habitat,yes,0.171,1.388,1.388,0.171,1881.142,sm2704,small_barrier,sm2704,culvert,sm2728,2428.293,14.2,210000.0,0.5,0.125,1.0,0.0625,25000400493336.0,https://tool.aquaticbarriers.org/report/combined_barriers/sm2683,0.0,51,100,0.452063,10,0,Unknown,8,0.39
sm2684,35.832153,-82.16727,Surveyed road/stream crossing - Bobs Creek,Bobs Creek,,Paved,Culvert,Complete barrier,Unknown,6010108,Nolichucky,60101080203,Lower South Toe River,Yancey,0.9208,1,Salvelinus fontinalis,1,not located on a reach associated with anadromous / catadromous species habitat,yes,0.011,1.388,1.388,0.011,1881.18,sm2704,small_barrier,sm2704,culvert,sm2728,2428.293,18.5,261000.0,0.5,0.242,1.0,0.121,25000400440517.0,https://tool.aquaticbarriers.org/report/combined_barriers/sm2684,0.0,64,100,1.078164,10,0,Unknown,8,0.43
sm2685,35.832,-82.16719,Surveyed road/stream crossing - Bobs Creek,Bobs Creek,,Unpaved,Culvert,Barrier - unknown severity,Unknown,6010108,Nolichucky,60101080203,Lower South Toe River,Yancey,0.9208,1,Salvelinus fontinalis,1,not located on a reach associated with anadromous / catadromous species habitat,yes,0.072,0.011,0.011,0.011,1881.191,sm2684,small_barrier,sm2684,culvert,sm2728,2428.293,18.5,151000.0,0.5,0.242,0.5,0.0605,25000400440517.0,https://tool.aquaticbarriers.org/report/combined_barriers/sm2685,0.0,64,100,1.078164,10,0,Unknown,8,0.43
sm2686,35.830997,-82.16695,Surveyed road/stream crossing - Bobs Creek,Bobs Creek,,Paved,Culvert,Barrier - unknown severity,Unknown,6010108,Nolichucky,60101080203,Lower South Toe River,Yancey,0.9208,1,Salvelinus fontinalis,1,not located on a reach associated with anadromous / catadromous species habitat,yes,0.083,0.072,0.072,0.072,1881.263,sm2685,small_barrier,sm2685,culvert,sm2728,2428.293,18.5,261000.0,0.5,0.242,1.0,0.121,25000400440517.0,https://tool.aquaticbarriers.org/report/combined_barriers/sm2686,0.0,64,100,1.078164,10,0,Unknown,9,0.48
sm2687,35.829914,-82.16657,Surveyed road/stream crossing - Bobs Creek,Bobs Creek,,Paved,Culvert,Complete barrier,Unknown,6010108,Nolichucky,60101080203,Lower South Toe River,Yancey,0.9208,1,Salvelinus fontinalis,1,not located on a reach associated with anadromous / catadromous species habitat,yes,0.109,0.083,0.083,0.083,1881.346,sm2686,small_barrier,sm2686,culvert,sm2728,2428.293,18.5,261000.0,0.5,0.242,1.0,0.121,25000400440517.0,https://tool.aquaticbarriers.org/report/combined_barriers/sm2687,0.0,64,100,1.078164,10,0,Unknown,10,0.54
sm2688,35.8286,-82.165764,Surveyed road/stream crossing - Bobs Creek,Bobs Creek,,Paved,Culvert,Complete barrier,Unknown,6010108,Nolichucky,60101080203,Lower South Toe River,Yancey,0.9208,1,Salvelinus fontinalis,1,not located on a reach associated with anadromous / catadromous species habitat,yes,0.261,0.109,0.109,0.109,1881.455,sm2687,small_barrier,sm2687,culvert,sm2728,2428.293,18.5,261000.0,0.5,0.242,1.0,0.121,25000400440517.0,https://tool.aquaticbarriers.org/report/combined_barriers/sm2688,0.0,64,100,1.078164,10,0,Unknown,11,0.61
sm2689,35.827934,-82.18568,Surveyed road/stream crossing - South Toe River,South Toe River,,Unpaved,Culvert,Barrier - unknown severity,Unknown,6010108,Nolichucky,60101080201,Upper South Toe River,Yancey,100.0808,4,Salvelinus fontinalis,0,not located on a reach associated with anadromous / catadromous species habitat,yes,7.514,2.407,2.407,2.407,1880.991,sm2681,small_barrier,sm2681,culvert,sm2728,2428.293,91.0,586000.0,0.5,1.0,0.5,0.25,25000400459511.0,https://tool.aquaticbarriers.org/report/combined_barriers/sm2689,3.348,90,100,124.62846,4,0,Unknown,8,1.39
sm2690,35.82608,-82.182816,Surveyed road/stream crossing - Hannah Branch,Hannah Branch,,Unpaved,Culvert,Barrier - unknown severity,Unknown,6010108,Nolichucky,60101080201,Upper South Toe River,Yancey,0.6965,1,Salvelinus fontinalis,0,not located on a reach associated with anadromous / catadromous species habitat,yes,0.578,7.514,7.514,0.578,1881.25,sm2689,small_barrier,sm2689,culvert,sm2728,2428.293,16.9,141000.0,0.5,0.196,0.5,0.049,25000400363164.0,https://tool.aquaticbarriers.org/report/combined_barriers/sm2690,0.0,89,100,0.792784,4,0,Unknown,8,1.29
sm2691,35.833206,-82.16442,,,,Paved,Culvert,Barrier - unknown severity,Unknown,6010108,Nolichucky,60101080203,Lower South Toe River,Yancey,0.4001,1,Salvelinus fontinalis,1,not located on a reach associated with anadromous / catadromous species habitat,yes,0.227,0.171,0.171,0.171,1881.312,sm2683,small_barrier,sm2683,culvert,sm2728,2428.293,14.2,210000.0,0.5,0.125,1.0,0.0625,25000400493336.0,https://tool.aquaticbarriers.org/report/combined_barriers/sm2691,0.0,51,100,0.452063,10,0,Unknown,9,0.29
sm2692,35.820435,-82.2296,Surveyed road/stream crossing - Locust Creek,Locust Creek,,Unpaved,Culvert,Barrier - unknown severity,Unknown,6010108,Nolichucky,60101080201,Upper South Toe River,Yancey,4.6844997,1,Salvelinus fontinalis,0,not located on a reach associated with anadromous / catadromous species habitat,yes,0.428,1.529,1.529,0.428,1884.492,sm2694,small_barrier,sm2694,culvert,sm2728,2428.293,31.6,229000.0,0.5,0.645,0.5,0.1612,25000400436448.0,https://tool.aquaticbarriers.org/report/combined_barriers/sm2692,0.0,89,100,5.317295,4,2020,Unknown,6,0.56
sm2693,35.74042,-82.19871,Surveyed road/stream crossing - Neals Creek,Neals Creek,,Unknown,Culvert,Barrier - unknown severity,Unknown,6010108,Nolichucky,60101080201,Upper South Toe River,Yancey,2.1749,1,Salvelinus fontinalis,0,not located on a reach associated with anadromous / catadromous species habitat,yes,0.008,0.072,0.072,0.008,1890.45,f202503709,waterfall,,waterfall,sm2693,0.072,24.4,260000.0,0.5,0.429,0.7,0.1501,25000400392176.0,https://tool.aquaticbarriers.org/report/combined_barriers/sm2693,0.008,88,100,2.668312,4,2020,Unknown,45,0.32
sm2694,35.814156,-82.20547,Surveyed road/stream crossing - Locust Creek,Locust Creek,,Unknown,Culvert,Barrier - unknown severity,Unknown,6010108,Nolichucky,60101080201,Upper South Toe River,Yancey,4.6844997,1,Salvelinus fontinalis,0,not located on a reach associated with anadromous / catadromous species habitat,yes,1.529,7.514,7.514,1.529,1882.963,sm2689,small_barrier,sm2689,culvert,sm2728,2428.293,31.6,324000.0,0.5,0.645,0.7,0.2258,25000400436448.0,https://tool.aquaticbarriers.org/report/combined_barriers/sm2694,0.0,89,100,5.317295,4,0,Unknown,8,0.97
sm2695,35.82677,-82.21599,Surveyed road/stream crossing - Whiteoak Creek,Whiteoak Creek,,Unpaved,Culvert,Barrier - unknown severity,Unknown,6010108,Nolichucky,60101080201,Upper South Toe River,Yancey,5.1966,2,Salvelinus fontinalis,0,not located on a reach associated with anadromous / catadromous species habitat,yes,0.267,0.842,0.842,0.267,1882.992,sm2696,small_barrier,sm2696,culvert,sm2728,2428.293,32.7,236000.0,0.5,0.677,0.5,0.1693,25000400354469.0,https://tool.aquaticbarriers.org/report/combined_barriers/sm2695,0.0,82,100,5.913333,4,0,Unknown,6,0.43
sm2696,35.83061,-82.203064,Surveyed road/stream crossing - Whiteoak Creek,Whiteoak Creek,,Paved,Culvert,Barrier - unknown severity,Unknown,6010108,Nolichucky,60101080201,Upper South Toe River,Yancey,5.1966,2,Salvelinus fontinalis,0,not located on a reach associated with anadromous / catadromous species habitat,yes,0.842,2.407,2.407,0.842,1882.15,sm2681,small_barrier,sm2681,culvert,sm2728,2428.293,32.7,432000.0,0.5,0.677,1.0,0.3385,25000400354469.0,https://tool.aquaticbarriers.org/report/combined_barriers/sm2696,0.0,82,100,5.913333,4,0,Unknown,6,0.54
sm2697,35.821037,-82.202545,,,,Unknown,Culvert,Barrier - unknown severity,Unknown,6010108,Nolichucky,60101080201,Upper South Toe River,Yancey,0.85150003,1,Salvelinus fontinalis,0,not located on a reach associated with anadromous / catadromous species habitat,yes,0.086,0.829,0.829,0.086,1882.1381,sm2682,small_barrier,sm2682,culvert,sm2728,2428.293,18.0,202000.0,0.5,0.229,0.7,0.0802,25000400337619.0,https://tool.aquaticbarriers.org/report/combined_barriers/sm2697,0.0,83,100,0.892456,4,0,Unknown,7,0.96
sm2698,35.833904,-82.198456,,,,Paved,Culvert,Barrier - unknown severity,Unknown,6010108,Nolichucky,60101080201,Upper South Toe River,Yancey,1.9916999,1,Salvelinus fontinalis,0,not located on a reach associated with anadromous / catadromous species habitat,yes,0.83,2.407,2.407,0.83,1881.932,sm2681,small_barrier,sm2681,culvert,sm2728,2428.293,23.7,325000.0,0.5,0.407,1.0,0.2035,25000400320953.0,https://tool.aquaticbarriers.org/report/combined_barriers/sm2698,0.0,47,100,2.060037,4,0,Unknown,5,0.79
sm2699,35.85946,-82.17241,Surveyed road/stream crossing - South Toe River,South Toe River,,Paved,Culvert,Barrier - unknown severity,Unknown,6010108,Nolichucky,60101080203,Lower South Toe River,Yancey,134.321,4,Salvelinus fontinalis,1,not located on a reach associated with anadromous / catadromous species habitat,yes,0.699,0.453,0.453,0.453,1877.265,sm2706,small_barrier,sm2706,culvert,sm2728,2428.293,100.9,1251000.0,0.5,1.0,1.0,0.5,25000400552197.0,https://tool.aquaticbarriers.org/report/combined_barriers/sm2699,0.0,91,100,162.01405,10,0,Unknown,15,0.4
sm2700,35.84427,-82.19043,,,,Paved,Culvert,Complete barrier,Unknown,6010108,Nolichucky,60101080203,Lower South Toe River,Yancey,1.7912,1,Salvelinus fontinalis,1,not located on a reach associated with anadromous / catadromous species habitat,yes,0.321,0.763,0.763,0.321,1879.247,sm2701,small_barrier,sm2701,culvert,sm2728,2428.293,22.9,315000.0,0.5,0.381,1.0,0.1905,25000400304207.0,https://tool.aquaticbarriers.org/report/combined_barriers/sm2700,0.0,62,100,1.847728,10,0,Unknown,13,0.7
sm2701,35.85146,-82.18227,,,,Unknown,Culvert,Barrier - unknown severity,Unknown,6010108,Nolichucky,60101080203,Lower South Toe River,Yancey,1.7912,1,Salvelinus fontinalis,1,not located on a reach associated with anadromous / catadromous species habitat,yes,0.763,2.844,2.844,0.763,1878.484,sm2705,small_barrier,sm2705,culvert,sm2728,2428.293,22.9,246000.0,0.5,0.381,0.7,0.1334,25000400304207.0,https://tool.aquaticbarriers.org/report/combined_barriers/sm2701,0.0,62,100,1.847728,10,0,Unknown,16,0.83
sm2702,35.83493,-82.18286,Surveyed road/stream crossing - South Toe River,South Toe River,,Paved,Culvert,Barrier - unknown severity,Unknown,6010108,Nolichucky,60101080203,Lower South Toe River,Yancey,113.162,4,Salvelinus fontinalis,1,not located on a reach associated with anadromous / catadromous species habitat,yes,0.67,1.388,1.388,0.67,1880.471,sm2704,small_barrier,sm2704,culvert,sm2728,2428.293,95.0,1180000.0,0.5,1.0,1.0,0.5,25000400504037.0,https://tool.aquaticbarriers.org/report/combined_barriers/sm2702,0.0,59,100,139.14049,10,0,Unknown,8,1.13
sm2703,35.842773,-82.17627,Surveyed road/stream crossing - Phipps Branch,Phipps Branch,,Paved,Culvert,Barrier - unknown severity,Unknown,6010108,Nolichucky,60101080203,Lower South Toe River,Yancey,0.53330004,1,Salvelinus fontinalis,1,not located on a reach associated with anadromous / catadromous species habitat,yes,0.459,2.844,2.844,0.459,1879.825,sm2705,small_barrier,sm2705,culvert,sm2728,2428.293,15.5,226000.0,0.5,0.159,1.0,0.0795,25000400543499.0,https://tool.aquaticbarriers.org/report/combined_barriers/sm2703,0.0,95,100,0.612756,10,0,Unknown,14,0.56
sm2704,35.840237,-82.17901,Surveyed road/stream crossing - South Toe River,South Toe River,,Unknown,Culvert,Barrier - unknown severity,Unknown,6010108,Nolichucky,60101080203,Lower South Toe River,Yancey,116.503,4,Salvelinus fontinalis,1,not located on a reach associated with anadromous / catadromous species habitat,yes,1.388,2.844,2.844,1.388,1880.039,sm2705,small_barrier,sm2705,culvert,sm2728,2428.293,96.0,904000.0,0.5,1.0,0.7,0.35,25000400381848.0,https://tool.aquaticbarriers.org/report/combined_barriers/sm2704,0.0,70,100,142.96414,10,0,Unknown,10,0.79
sm2705,35.85613,-82.17389,Surveyed road/stream crossing - South Toe River,South Toe River,,Unpaved,Culvert,Barrier - unknown severity,Unknown,6010108,Nolichucky,60101080203,Lower South Toe River,Yancey,132.5514,4,Salvelinus fontinalis,1,not located on a reach associated with anadromous / catadromous species habitat,yes,2.844,0.699,0.699,0.699,1877.515,sm2699,small_barrier,sm2699,culvert,sm2728,2428.293,100.5,643000.0,0.5,1.0,0.5,0.25,25000400388197.0,https://tool.aquaticbarriers.org/report/combined_barriers/sm2705,0.0,72,100,160.07953,10,0,Unknown,17,0.61
sm2706,35.864807,-82.173935,Surveyed road/stream crossing - South Toe River,South Toe River,,Unpaved,Culvert,Barrier - unknown severity,Unknown,6010108,Nolichucky,60101080203,Lower South Toe River,Yancey,134.321,4,Salvelinus fontinalis,1,not located on a reach associated with anadromous / catadromous species habitat,yes,0.453,1.06,1.06,0.453,1876.812,sm2724,small_barrier,sm2724,culvert,sm2728,2428.293,100.9,646000.0,0.5,1.0,0.5,0.25,25000400552197.0,https://tool.aquaticbarriers.org/report/combined_barriers/sm2706,0.0,83,100,162.01405,10,0,Poor,13,0.03
sm2707,35.853996,-82.18996,Surveyed road/stream crossing - Brown Creek,Brown Creek,,Paved,Culvert,Barrier - unknown severity,Unknown,6010108,Nolichucky,60101080203,Lower South Toe River,Yancey,10.2591,2,Salvelinus fontinalis,1,not located on a reach associated with anadromous / catadromous species habitat,yes,1.93,0.208,0.208,0.208,1878.621,sm2708,small_barrier,sm2708,culvert,sm2728,2428.293,41.2,534000.0,0.5,0.899,1.0,0.4495,25000400417558.0,https://tool.aquaticbarriers.org/report/combined_barriers/sm2707,1.582,59,100,10.831885,10,0,Unknown,16,0.91
sm2708,35.854168,-82.18625,Surveyed road/stream crossing - Brown Creek,Brown Creek,,Paved,Culvert,Barrier - unknown severity,Unknown,6010108,Nolichucky,60101080203,Lower South Toe River,Yancey,10.2591,2,Salvelinus fontinalis,1,not located on a reach associated with anadromous / catadromous species habitat,yes,0.208,2.844,2.844,0.208,1878.413,sm2705,small_barrier,sm2705,culvert,sm2728,2428.293,41.2,534000.0,0.5,0.899,1.0,0.4495,25000400417558.0,https://tool.aquaticbarriers.org/report/combined_barriers/sm2708,0.0,45,100,10.831885,10,0,Unknown,15,1.0
sm2709,35.855667,-82.20446,Surveyed road/stream crossing - Brown Creek,Brown Creek,,Unpaved,Culvert,Complete barrier,Unknown,6010108,Nolichucky,60101080203,Lower South Toe River,Yancey,6.5865,2,Salvelinus fontinalis,1,not located on a reach associated with anadromous / catadromous species habitat,yes,0.042,1.93,1.93,0.042,1879.564,sm2707,small_barrier,sm2707,culvert,sm2728,2428.293,35.4,252000.0,0.5,0.753,0.5,0.1882,25000400341978.0,https://tool.aquaticbarriers.org/report/combined_barriers/sm2709,0.042,61,100,7.081911,10,0,Unknown,15,0.43
sm2710,35.85727,-82.21623,Surveyed road/stream crossing - Brown Creek,Brown Creek,,Unpaved,Culvert,Barrier - unknown severity,Unknown,6010108,Nolichucky,60101080203,Lower South Toe River,Yancey,4.4581,1,Salvelinus fontinalis,1,not located on a reach associated with anadromous / catadromous species habitat,yes,0.082,0.044,0.044,0.044,1880.251,sm2711,small_barrier,sm2711,culvert,sm2728,2428.293,31.0,226000.0,0.5,0.63,0.5,0.1575,25000400537546.0,https://tool.aquaticbarriers.org/report/combined_barriers/sm2710,0.082,92,100,4.96835,10,0,Unknown,17,0.63
sm2711,35.857174,-82.21546,Surveyed road/stream crossing - Brown Creek,Brown Creek,,Unpaved,Culvert,Barrier - unknown severity,Unknown,6010108,Nolichucky,60101080203,Lower South Toe River,Yancey,4.4581,1,Salvelinus fontinalis,1,not located on a reach associated with anadromous / catadromous species habitat,yes,0.044,0.973,0.973,0.044,1880.208,sm2730,small_barrier,sm2730,culvert,sm2728,2428.293,31.0,226000.0,0.5,0.63,0.5,0.1575,25000400537546.0,https://tool.aquaticbarriers.org/report/combined_barriers/sm2711,0.044,92,100,4.96835,10,0,Unknown,16,0.61
sm2712,35.843224,-82.19564,,,,Paved,Culvert,Complete barrier,Unknown,6010108,Nolichucky,60101080203,Lower South Toe River,Yancey,1.7912,1,Salvelinus fontinalis,1,not located on a reach associated with anadromous / catadromous species habitat,yes,0.063,0.321,0.321,0.063,1879.568,sm2700,small_barrier,sm2700,culvert,sm2728,2428.293,22.9,315000.0,0.5,0.381,1.0,0.1905,25000400304207.0,https://tool.aquaticbarriers.org/report/combined_barriers/sm2712,0.0,62,100,1.847728,10,0,Unknown,12,0.43
sm2713,35.84046,-82.21,,,,Unknown,Culvert,Barrier - unknown severity,Unknown,6010108,Nolichucky,60101080201,Upper South Toe River,Yancey,1.9916999,1,Salvelinus fontinalis,0,not located on a reach associated with anadromous / catadromous species habitat,yes,0.074,0.83,0.83,0.074,1882.762,sm2698,small_barrier,sm2698,culvert,sm2728,2428.293,23.7,254000.0,0.5,0.407,0.7,0.1424,25000400320953.0,https://tool.aquaticbarriers.org/report/combined_barriers/sm2713,0.0,47,100,2.060037,4,0,Unknown,6,0.5
sm2714,35.841347,-82.210686,,,,Unpaved,Culvert,Complete barrier,Unknown,6010108,Nolichucky,60101080201,Upper South Toe River,Yancey,1.9916999,1,Salvelinus fontinalis,0,not located on a reach associated with anadromous / catadromous species habitat,yes,0.079,0.074,0.074,0.074,1882.836,sm2713,small_barrier,sm2713,culvert,sm2728,2428.293,23.7,182000.0,0.5,0.407,0.5,0.1017,25000400320953.0,https://tool.aquaticbarriers.org/report/combined_barriers/sm2714,0.0,47,100,2.060037,4,0,Unknown,6,0.5
sm2715,35.84234,-82.21128,,,,Unpaved,Culvert,Complete barrier,Unknown,6010108,Nolichucky,60101080201,Upper South Toe River,Yancey,1.9916999,1,Salvelinus fontinalis,0,not located on a reach associated with anadromous / catadromous species habitat,yes,0.139,0.079,0.079,0.079,1882.915,sm2714,small_barrier,sm2714,culvert,sm2728,2428.293,23.7,182000.0,0.5,0.407,0.5,0.1017,25000400320953.0,https://tool.aquaticbarriers.org/report/combined_barriers/sm2715,0.0,47,100,2.060037,4,0,Unknown,6,0.49
sm2716,35.836445,-82.21114,Surveyed road/stream crossing - Shuford Creek,Shuford Creek,,Unknown,Culvert,Barrier - unknown severity,Unknown,6010108,Nolichucky,60101080201,Upper South Toe River,Yancey,3.6048,1,Salvelinus fontinalis,0,not located on a reach associated with anadromous / catadromous species habitat,yes,0.462,2.407,2.407,0.462,1882.647,sm2681,small_barrier,sm2681,culvert,sm2728,2428.293,28.9,300000.0,0.5,0.567,0.7,0.1984,25000400327145.0,https://tool.aquaticbarriers.org/report/combined_barriers/sm2716,0.0,94,100,4.092599,4,0,Unknown,4,0.3
sm2717,35.871117,-82.19436,Surveyed road/stream crossing - South Toe River,South Toe River,,Paved,Culvert,Barrier - unknown severity,Unknown,6010108,Nolichucky,60101080203,Lower South Toe River,Yancey,139.2675,4,Salvelinus fontinalis,1,not located on a reach associated with anadromous / catadromous species habitat,yes,0.06,0.213,0.213,0.06,1874.932,sm2728,small_barrier,sm2728,culvert,sm2728,2428.293,102.2,1267000.0,0.5,1.0,1.0,0.5,25000400295971.0,https://tool.aquaticbarriers.org/report/combined_barriers/sm2717,0.0,82,100,167.20586,10,0,Unknown,16,0.05
sm2718,35.871067,-82.193275,Surveyed road/stream crossing - South Toe River,South Toe River,,Paved,Culvert,Barrier - unknown severity,Unknown,6010108,Nolichucky,60101080203,Lower South Toe River,Yancey,139.2675,4,Salvelinus fontinalis,1,not located on a reach associated with anadromous / catadromous species habitat,yes,0.473,0.06,0.06,0.06,1874.992,sm2717,small_barrier,sm2717,culvert,sm2728,2428.293,102.2,1267000.0,0.5,1.0,1.0,0.5,25000400295971.0,https://tool.aquaticbarriers.org/report/combined_barriers/sm2718,0.0,82,100,167.20586,10,0,Unknown,16,0.11
sm2719,35.869267,-82.18629,Surveyed road/stream crossing - South Toe River,South Toe River,,Paved,Culvert,Barrier - unknown severity,Unknown,6010108,Nolichucky,60101080203,Lower South Toe River,Yancey,139.2675,4,Salvelinus fontinalis,1,not located on a reach associated with anadromous / catadromous species habitat,yes,0.932,0.473,0.473,0.473,1875.465,sm2718,small_barrier,sm2718,culvert,sm2728,2428.293,102.2,1267000.0,0.5,1.0,1.0,0.5,25000400295971.0,https://tool.aquaticbarriers.org/report/combined_barriers/sm2719,0.0,82,100,167.20586,10,0,Unknown,18,0.02
sm2720,35.874935,-82.16991,Surveyed road/stream crossing - Murphy Branch,Murphy Branch,,Unpaved,Culvert,Barrier - unknown severity,Unknown,6010108,Nolichucky,60101080203,Lower South Toe River,Yancey,1.8053,1,Salvelinus fontinalis,1,not located on a reach associated with anadromous / catadromous species habitat,yes,0.321,0.471,0.471,0.321,1876.913,sm2725,small_barrier,sm2725,culvert,sm2728,2428.293,23.0,178000.0,0.5,0.383,0.5,0.0958,25000400333492.0,https://tool.aquaticbarriers.org/report/combined_barriers/sm2720,0.0,90,100,1.86537,10,0,Unknown,13,0.39
sm2722,35.874546,-82.17856,,,,Unknown,Culvert,Barrier - unknown severity,Unknown,6010108,Nolichucky,60101080203,Lower South Toe River,Yancey,0.75310004,1,Salvelinus fontinalis,1,not located on a reach associated with anadromous / catadromous species habitat,yes,0.468,0.932,0.932,0.468,1876.185,sm2719,small_barrier,sm2719,culvert,sm2728,2428.293,17.3,196000.0,0.5,0.209,0.7,0.0731,25000400331274.0,https://tool.aquaticbarriers.org/report/combined_barriers/sm2722,0.0,90,100,0.813303,10,0,Poor,16,0.12
sm2723,35.872627,-82.17646,Surveyed road/stream crossing - South Toe River,South Toe River,,Paved,Culvert,Barrier - unknown severity,Unknown,6010108,Nolichucky,60101080203,Lower South Toe River,Yancey,136.9566,4,Salvelinus fontinalis,1,not located on a reach associated with anadromous / catadromous species habitat,yes,0.032,0.932,0.932,0.032,1876.188,sm2719,small_barrier,sm2719,culvert,sm2728,2428.293,101.6,1260000.0,0.5,1.0,1.0,0.5,25000400472163.0,https://tool.aquaticbarriers.org/report/combined_barriers/sm2723,0.0,81,100,164.79109,10,0,Unknown,15,0.05
sm2724,35.872253,-82.17613,Surveyed road/stream crossing - South Toe River,South Toe River,,Paved,Culvert,Barrier - unknown severity,Unknown,6010108,Nolichucky,60101080203,Lower South Toe River,Yancey,136.9566,4,Salvelinus fontinalis,1,not located on a reach associated with anadromous / catadromous species habitat,yes,1.06,0.032,0.032,0.032,1876.219,sm2723,small_barrier,sm2723,culvert,sm2728,2428.293,101.6,1260000.0,0.5,1.0,1.0,0.5,25000400472163.0,https://tool.aquaticbarriers.org/report/combined_barriers/sm2724,0.0,84,100,164.79109,10,0,Unknown,15,0.09
sm2725,35.87036,-82.174866,Surveyed road/stream crossing - Murphy Branch,Murphy Branch,,Paved,Culvert,Barrier - unknown severity,Unknown,6010108,Nolichucky,60101080203,Lower South Toe River,Yancey,1.8053,1,Salvelinus fontinalis,1,not located on a reach associated with anadromous / catadromous species habitat,yes,0.471,1.06,1.06,0.471,1876.442,sm2724,small_barrier,sm2724,culvert,sm2728,2428.293,23.0,316000.0,0.5,0.383,1.0,0.1915,25000400333492.0,https://tool.aquaticbarriers.org/report/combined_barriers/sm2725,0.0,84,100,1.86537,10,0,Unknown,15,0.07
sm2726,35.874172,-82.20651,,,,Unpaved,Culvert,Barrier - unknown severity,Unknown,6010108,Nolichucky,60101080203,Lower South Toe River,Yancey,0.93429995,1,Salvelinus fontinalis,1,not located on a reach associated with anadromous / catadromous species habitat,yes,0.222,2428.293,2428.293,0.222,1873.957,TN511,dam,,dam,sm2726,2428.293,18.5,151000.0,0.5,0.245,0.5,0.0612,25000400419720.0,https://tool.aquaticbarriers.org/report/combined_barriers/sm2726,0.0,69,100,0.870675,10,0,Unknown,20,0.08
sm2727,35.875584,-82.20973,,,,Unpaved,Culvert,Barrier - unknown severity,Unknown,6010108,Nolichucky,60101080203,Lower South Toe River,Yancey,0.3094,1,Salvelinus fontinalis,1,not located on a reach associated with anadromous / catadromous species habitat,yes,0.129,0.222,0.222,0.129,1874.179,sm2726,small_barrier,sm2726,culvert,sm2726,2428.293,13.1,119000.0,0.5,0.1,0.5,0.025,25000400352361.0,https://tool.aquaticbarriers.org/report/combined_barriers/sm2727,0.0,53,100,0.285007,10,0,Unknown,20,0.23
sm2728,35.87126,-82.196815,Surveyed road/stream crossing - South Toe River,South Toe River,,Paved,Culvert,Barrier - unknown severity,Unknown,6010108,Nolichucky,60101080203,Lower South Toe River,Yancey,141.3075,4,Salvelinus fontinalis,1,not located on a reach associated with anadromous / catadromous species habitat,yes,0.213,2428.293,2428.293,0.213,1874.795,TN511,dam,,dam,sm2728,2428.293,102.8,1273000.0,0.5,1.0,1.0,0.5,25000400367382.0,https://tool.aquaticbarriers.org/report/combined_barriers/sm2728,0.0,80,100,169.17702,10,0,Unknown,16,0.01
sm2729,35.870167,-82.1967,,,,Unpaved,Culvert,Barrier - unknown severity,Unknown,6010108,Nolichucky,60101080203,Lower South Toe River,Yancey,0.8181,1,Salvelinus fontinalis,1,not located on a reach associated with anadromous / catadromous species habitat,yes,0.604,0.213,0.213,0.213,1874.873,sm2728,small_barrier,sm2728,culvert,sm2728,2428.293,17.8,147000.0,0.5,0.222,0.5,0.0555,25000400363057.0,https://tool.aquaticbarriers.org/report/combined_barriers/sm2729,0.0,74,100,0.803362,10,0,Poor,16,0.07
sm2730,35.855713,-82.205215,Surveyed road/stream crossing - Brown Creek,Brown Creek,,Unpaved,Culvert,Barrier - unknown severity,Unknown,6010108,Nolichucky,60101080203,Lower South Toe River,Yancey,6.5865,2,Salvelinus fontinalis,1,not located on a reach associated with anadromous / catadromous species habitat,yes,0.973,0.042,0.042,0.042,1879.606,sm2709,small_barrier,sm2709,culvert,sm2728,2428.293,35.4,252000.0,0.5,0.753,0.5,0.1882,25000400341978.0,https://tool.aquaticbarriers.org/report/combined_barriers/sm2730,0.602,79,100,7.081911,10,0,Unknown,15,0.41
sm2731,35.85844,-82.22004,Surveyed road/stream crossing - Brown Creek,Brown Creek,,Unknown,Culvert,Complete barrier,Unknown,6010108,Nolichucky,60101080203,Lower South Toe River,Yancey,4.4581,1,Salvelinus fontinalis,1,not located on a reach associated with anadromous / catadromous species habitat,yes,1.456,0.161,0.161,0.161,1880.494,sm2732,small_barrier,sm2732,culvert,sm2728,2428.293,31.0,319000.0,0.5,0.63,0.7,0.2205,25000400537546.0,https://tool.aquaticbarriers.org/report/combined_barriers/sm2731,1.456,92,100,4.96835,10,0,Unknown,17,0.68
sm2732,35.857693,-82.21756,Surveyed road/stream crossing - Brown Creek,Brown Creek,,Paved,Culvert,Complete barrier,Unknown,6010108,Nolichucky,60101080203,Lower South Toe River,Yancey,4.4581,1,Salvelinus fontinalis,1,not located on a reach associated with anadromous / catadromous species habitat,yes,0.161,0.082,0.082,0.082,1880.334,sm2710,small_barrier,sm2710,culvert,sm2728,2428.293,31.0,412000.0,0.5,0.63,1.0,0.315,25000400537546.0,https://tool.aquaticbarriers.org/report/combined_barriers/sm2732,0.161,92,100,4.96835,10,0,Unknown,18,0.64
sm2733,35.88798,-82.179886,Surveyed road/stream crossing - Blue Rock Branch,Blue Rock Branch,,Paved,Culvert,Barrier - unknown severity,Unknown,6010108,Nolichucky,60101080203,Lower South Toe River,Yancey,1.87,2,Salvelinus fontinalis,1,not located on a reach associated with anadromous / catadromous species habitat,yes,0.564,2428.293,2428.293,0.564,1870.428,TN511,dam,,dam,sm2733,2428.293,23.2,319000.0,0.5,0.392,1.0,0.196,25000400459537.0,https://tool.aquaticbarriers.org/report/combined_barriers/sm2733,0.0,68,100,1.865773,10,0,Unknown,14,0.29
sm2734,35.887703,-82.17749,Surveyed road/stream crossing - Blue Rock Branch,Blue Rock Branch,,Paved,Culvert,Barrier - unknown severity,Unknown,6010108,Nolichucky,60101080203,Lower South Toe River,Yancey,0.6743,1,Salvelinus fontinalis,1,not located on a reach associated with anadromous / catadromous species habitat,yes,0.534,0.564,0.564,0.534,1870.563,sm2733,small_barrier,sm2733,culvert,sm2733,2428.293,16.7,241000.0,0.5,0.191,1.0,0.0955,25000400346240.0,https://tool.aquaticbarriers.org/report/combined_barriers/sm2734,0.0,67,100,0.659175,10,0,Unknown,14,0.29
sm2735,35.898705,-82.17377,Surveyed road/stream crossing - Long Branch,Long Branch,,Unknown,Culvert,Barrier - unknown severity,Unknown,6010108,Nolichucky,60101080203,Lower South Toe River,Yancey,1.3718,1,Salvelinus fontinalis,1,not located on a reach associated with anadromous / catadromous species habitat,yes,0.099,0.369,0.369,0.099,1868.748,sm2741,small_barrier,sm2741,culvert,sm2741,2428.293,21.0,229000.0,0.5,0.321,0.7,0.1124,25000400329432.0,https://tool.aquaticbarriers.org/report/combined_barriers/sm2735,0.0,49,100,1.286684,10,0,Unknown,8,1.07
sm2736,35.89769,-82.172516,Surveyed road/stream crossing - Long Branch,Long Branch,,Paved,Culvert,Barrier - unknown severity,Unknown,6010108,Nolichucky,60101080203,Lower South Toe River,Yancey,1.3718,1,Salvelinus fontinalis,1,not located on a reach associated with anadromous / catadromous species habitat,yes,0.209,0.099,0.099,0.099,1868.848,sm2735,small_barrier,sm2735,culvert,sm2741,2428.293,21.0,292000.0,0.5,0.321,1.0,0.1605,25000400329432.0,https://tool.aquaticbarriers.org/report/combined_barriers/sm2736,0.0,49,100,1.286684,10,0,Unknown,7,1.03
sm2737,35.895584,-82.170074,Surveyed road/stream crossing - Long Branch,Long Branch,,Paved,Culvert,Barrier - unknown severity,Unknown,6010108,Nolichucky,60101080203,Lower South Toe River,Yancey,1.3718,1,Salvelinus fontinalis,1,not located on a reach associated with anadromous / catadromous species habitat,yes,0.052,0.209,0.209,0.052,1869.057,sm2736,small_barrier,sm2736,culvert,sm2741,2428.293,21.0,292000.0,0.5,0.321,1.0,0.1605,25000400329432.0,https://tool.aquaticbarriers.org/report/combined_barriers/sm2737,0.0,49,100,1.286684,10,0,Unknown,8,0.96
sm2738,35.895016,-82.16952,Surveyed road/stream crossing - Long Branch,Long Branch,,Paved,Culvert,Barrier - unknown severity,Unknown,6010108,Nolichucky,60101080203,Lower South Toe River,Yancey,1.3718,1,Salvelinus fontinalis,1,not located on a reach associated with anadromous / catadromous species habitat,yes,0.269,0.052,0.052,0.052,1869.108,sm2737,small_barrier,sm2737,culvert,sm2741,2428.293,21.0,292000.0,0.5,0.321,1.0,0.1605,25000400329432.0,https://tool.aquaticbarriers.org/report/combined_barriers/sm2738,0.0,49,100,1.286684,10,0,Unknown,8,0.95
sm2739,35.89332,-82.19862,,,,Paved,Culvert,Barrier - unknown severity,Unknown,6010108,Nolichucky,60101080203,Lower South Toe River,Yancey,0.99670005,2,Salvelinus fontinalis,1,not located on a reach associated with anadromous / catadromous species habitat,yes,0.714,2428.293,2428.293,0.714,1869.072,TN511,dam,,dam,sm2739,2428.293,18.9,267000.0,0.5,0.257,1.0,0.1285,25000400430324.0,https://tool.aquaticbarriers.org/report/combined_barriers/sm2739,0.0,57,100,0.905653,10,0,Unknown,13,0.48
sm2740,35.9042,-82.17781,,,,Paved,Culvert,Barrier - unknown severity,Unknown,6010108,Nolichucky,60101080203,Lower South Toe River,Yancey,1.1686,1,Salvelinus fontinalis,1,not located on a reach associated with anadromous / catadromous species habitat,yes,0.675,2428.293,2428.293,0.675,1868.302,TN511,dam,,dam,sm2740,2428.293,19.9,279000.0,0.5,0.288,1.0,0.144,25000400346268.0,https://tool.aquaticbarriers.org/report/combined_barriers/sm2740,0.0,27,100,1.066454,10,0,Unknown,5,0.69
sm2741,35.902195,-82.177086,Surveyed road/stream crossing - Long Branch,Long Branch,,Unpaved,Culvert,Barrier - unknown severity,Unknown,6010108,Nolichucky,60101080203,Lower South Toe River,Yancey,1.3718,1,Salvelinus fontinalis,1,not located on a reach associated with anadromous / catadromous species habitat,yes,0.369,2428.293,2428.293,0.369,1868.379,TN511,dam,,dam,sm2741,2428.293,21.0,166000.0,0.5,0.321,0.5,0.0802,25000400329432.0,https://tool.aquaticbarriers.org/report/combined_barriers/sm2741,0.0,49,100,1.286684,10,0,Unknown,6,0.78
sm2745,35.40796,-82.6454,Surveyed road/stream crossing - 294B,,294B,Unknown,Culvert,Complete barrier,Unknown,6010105,Upper French Broad,60101050403,Mills River,Henderson,0.4031,2,Salvelinus fontinalis,1,not located on a reach associated with anadromous / catadromous species habitat,yes,0.442,12.963,12.963,0.442,1833.322,NC28104,dam,,dam,sm2745,12.963,14.2,168000.0,0.5,0.126,0.7,0.0441,25000400357502.0,https://tool.aquaticbarriers.org/report/combined_barriers/sm2745,0.0,85,100,0.360245,10,2008,Unknown,0,3.18
sm2746,35.41642,-82.64736,Surveyed road/stream crossing - 5000,,5000,Unknown,Culvert,Complete barrier,Unknown,6010105,Upper French Broad,60101050403,Mills River,Henderson,0.8958,3,Salvelinus fontinalis,1,not located on a reach associated with anadromous / catadromous species habitat,yes,1.819,12.963,12.963,1.819,1834.561,NC28104,dam,,dam,sm2746,12.963,18.3,205000.0,0.5,0.238,0.7,0.0833,25000400445715.0,https://tool.aquaticbarriers.org/report/combined_barriers/sm2746,0.0,99,100,0.814951,10,2008,Unknown,0,2.85
sm2747,35.056564,-83.5109,Surveyed road/stream crossing - 67 / Hurricane Creek,Hurricane Creek,67,Unknown,Culvert,Complete barrier,Unknown,6010202,Upper Little Tennessee,60102020302,Headwaters Nantahala River,Macon,3.8206,2,Salvelinus fontinalis,0,not located on a reach associated with anadromous / catadromous species habitat,yes,3.342,149.634,134.674,3.342,1733.472,NC3035,dam,,dam,sm2747,149.634,29.5,305000.0,0.5,0.584,0.7,0.2044,25000400417256.0,https://tool.aquaticbarriers.org/report/combined_barriers/sm2747,2.163,99,100,6.90503,6,2008,Unknown,0,10.5
sm2748,35.06621,-83.519104,Surveyed road/stream crossing - 67 / Curtis Creek,Curtis Creek,67,Unknown,Culvert,Complete barrier,Unknown,6010202,Upper Little Tennessee,60102020302,Headwaters Nantahala River,Macon,1.569,2,Salvelinus fontinalis,0,not located on a reach associated with anadromous / catadromous species habitat,yes,1.39,149.634,134.674,1.39,1732.349,NC3035,dam,,dam,sm2748,149.634,21.9,237000.0,0.5,0.35,0.7,0.1225,25000400448783.0,https://tool.aquaticbarriers.org/report/combined_barriers/sm2748,0.0,99,100,2.855286,6,2008,Unknown,0,10.45
sm2749,35.067883,-83.52881,Surveyed road/stream crossing - 5226 / Ut Nantahala River,Ut Nantahala River,5226,Unknown,Culvert,Complete barrier,Unknown,6010202,Upper Little Tennessee,60102020302,Headwaters Nantahala River,Macon,0.38500002,1,Salvelinus fontinalis,0,not located on a reach associated with anadromous / catadromous species habitat,yes,0.368,149.634,134.674,0.368,1731.958,NC3035,dam,,dam,sm2749,149.634,14.0,166000.0,0.5,0.121,0.7,0.0424,25000400391934.0,https://tool.aquaticbarriers.org/report/combined_barriers/sm2749,0.0,99,100,0.622871,6,2008,Unknown,0,10.83
sm2750,35.071507,-83.55646,Surveyed road/stream crossing - 7215B,,7215B,Unknown,Culvert,Complete barrier,Unknown,6010202,Upper Little Tennessee,60102020302,Headwaters Nantahala River,Macon,0.7264,1,Salvelinus fontinalis,0,not located on a reach associated with anadromous / catadromous species habitat,yes,0.318,149.634,134.674,0.318,1732.254,NC3035,dam,,dam,sm2750,149.634,17.1,194000.0,0.5,0.203,0.7,0.071,25000400425670.0,https://tool.aquaticbarriers.org/report/combined_barriers/sm2750,0.0,100,100,1.168089,6,2008,Unknown,0,12.03
sm2751,35.07588,-83.525116,Surveyed road/stream crossing - 67B / Ut Longbranch Creek,Ut Longbranch Creek,67B,Unknown,Culvert,Complete barrier,Unknown,6010202,Upper Little Tennessee,60102020302,Headwaters Nantahala River,Macon,1.1646,2,Salvelinus fontinalis,0,not located on a reach associated with anadromous / catadromous species habitat,yes,1.223,149.634,134.674,1.223,1731.668,NC3035,dam,,dam,sm2751,149.634,19.9,219000.0,0.5,0.287,0.7,0.1004,25000400482389.0,https://tool.aquaticbarriers.org/report/combined_barriers/sm2751,0.0,100,100,1.917726,6,2008,Unknown,0,10.36
sm2752,35.121426,-83.54762,Surveyed road/stream crossing - 7131 / Moore Creek,Moore Creek,7131,Unknown,Culvert,Complete barrier,Unknown,6010202,Upper Little Tennessee,60102020302,Headwaters Nantahala River,Macon,1.1088,1,Salvelinus fontinalis,0,not located on a reach associated with anadromous / catadromous species habitat,yes,0.548,3.188,3.027,0.548,1729.19,NC3211,dam,,dam,sm2752,3.188,19.6,216000.0,0.5,0.277,0.7,0.097,25000400539170.0,https://tool.aquaticbarriers.org/report/combined_barriers/sm2752,0.0,86,100,1.701987,6,2008,Unknown,0,9.77
sm2753,35.123264,-83.56774,Surveyed road/stream crossing - 7131 / Bryson Branch,Bryson Branch,7131,Unknown,Culvert,Complete barrier,Unknown,6010202,Upper Little Tennessee,60102020302,Headwaters Nantahala River,Macon,3.1752,2,Salvelinus fontinalis,0,not located on a reach associated with anadromous / catadromous species habitat,yes,2.057,149.634,134.674,2.057,1727.082,NC3035,dam,,dam,sm2753,149.634,27.7,289000.0,0.5,0.531,0.7,0.1858,25000400469849.0,https://tool.aquaticbarriers.org/report/combined_barriers/sm2753,0.0,100,100,5.520758,6,2008,Unknown,0,8.89
sm2754,35.155376,-83.604454,Surveyed road/stream crossing - Sr1310 / Dirty John Creek,Dirty John Creek,Sr1310,Unknown,Culvert,Complete barrier,Unknown,6010202,Upper Little Tennessee,60102020303,Nantahala Lake-Nantahala River,Macon,2.5379,2,Salvelinus fontinalis,0,not located on a reach associated with anadromous / catadromous species habitat,yes,1.981,149.634,134.674,1.981,1718.3881,NC3035,dam,,dam,sm2754,149.634,25.7,271000.0,0.5,0.469,0.7,0.1642,25000400478229.0,https://tool.aquaticbarriers.org/report/combined_barriers/sm2754,0.0,94,100,4.792219,6,2008,Unknown,0,5.85
sm2846,35.166874,-83.58599,Surveyed road/stream crossing - 69C / Ut Jarrett Creek,Ut Jarrett Creek,69C,Unknown,Culvert,Complete barrier,Unknown,6010202,Upper Little Tennessee,60102020303,Nantahala Lake-Nantahala River,Macon,1.1542,1,Salvelinus fontinalis,0,not located on a reach associated with anadromous / catadromous species habitat,yes,0.123,149.634,134.674,0.123,1720.169,NC3035,dam,,dam,sm2846,149.634,19.9,219000.0,0.5,0.285,0.7,0.0997,25000400476126.0,https://tool.aquaticbarriers.org/report/combined_barriers/sm2846,0.0,96,100,2.083776,6,2008,Unknown,0,6.08
sm2847,35.21445,-83.60022,Surveyed road/stream crossing - 711 / Whiteoak Creek,Whiteoak Creek,711,Unknown,Culvert,Complete barrier,Unknown,6010202,Upper Little Tennessee,60102020304,Whiteoak Creek-Nantahala River,Macon,12.2585,2,Salvelinus fontinalis,0,not located on a reach associated with anadromous / catadromous species habitat,yes,9.552,0.047,0.047,0.047,1710.64,sm2848,small_barrier,sm2848,culvert,sm2848,9.666,43.8,434000.0,0.5,0.96,0.7,0.336,25000400522524.0,https://tool.aquaticbarriers.org/report/combined_barriers/sm2847,3.665,94,100,21.006067,7,2008,Unknown,0,3.3
sm2848,35.214577,-83.601036,Surveyed road/stream crossing - 711 / Whiteoak Creek,Whiteoak Creek,711,Unknown,Culvert,Complete barrier,Unknown,6010202,Upper Little Tennessee,60102020304,Whiteoak Creek-Nantahala River,Macon,12.2585,2,Salvelinus fontinalis,0,not located on a reach associated with anadromous / catadromous species habitat,yes,0.047,9.666,9.587,0.047,1710.594,NC3207,dam,,dam,sm2848,9.666,43.8,434000.0,0.5,0.96,0.7,0.336,25000400522524.0,https://tool.aquaticbarriers.org/report/combined_barriers/sm2848,0.0,77,100,21.006067,7,2008,Unknown,0,3.26
sm2849,35.22323,-83.604095,Surveyed road/stream crossing - 711 / Cold Spring Creek,Cold Spring Creek,711,Unknown,Culvert,Complete barrier,Unknown,6010202,Upper Little Tennessee,60102020304,Whiteoak Creek-Nantahala River,Macon,14.0373,3,Salvelinus fontinalis,0,not located on a reach associated with anadromous / catadromous species habitat,yes,8.122,9.666,9.587,8.122,1710.155,NC3207,dam,,dam,sm2849,9.666,45.9,453000.0,0.5,1.0,0.7,0.35,25000400412726.0,https://tool.aquaticbarriers.org/report/combined_barriers/sm2849,1.975,89,100,23.178679,7,2008,Unknown,0,2.75
sm2850,35.22639,-83.65953,Surveyed road/stream crossing - 327,Appletree Branch,327,Unknown,Culvert,Complete barrier,Unknown,6010202,Upper Little Tennessee,60102020304,Whiteoak Creek-Nantahala River,Macon,1.7197,2,Salvelinus fontinalis,0,not located on a reach associated with anadromous / catadromous species habitat,yes,1.3,12.888,12.888,1.3,1708.842,f28027,waterfall,,waterfall,sm2850,12.888,22.6,243000.0,0.5,0.372,0.7,0.1302,25000400528757.0,https://tool.aquaticbarriers.org/report/combined_barriers/sm2850,0.0,94,100,2.267704,7,2008,Unknown,2,0.95
sm2917,35.91333,-82.39773,Surveyed road/stream crossing - West Us Hwy 19E,,West Us Hwy 19E,Paved,Culvert,Barrier - unknown severity,Unknown,6010108,Nolichucky,60101080305,Middle Cane River,Yancey,0.24140003,1,not recorded,1,not located on a reach associated with anadromous / catadromous species habitat,yes,0.229,2428.293,2428.293,0.229,1857.98,TN511,dam,,dam,sm2917,2428.293,12.2,186000.0,0.5,0.08,1.0,0.04,25000400547793.0,https://tool.aquaticbarriers.org/report/combined_barriers/sm2917,0.0,45,100,0.178952,6,0,Unknown,7,0.97
sm2919,35.988625,-82.403854,Surveyed road/stream crossing - Bald Mountain Road,Bald Mountain Creek,Bald Mountain Road,Paved,Culvert,Barrier - unknown severity,Unknown,6010108,Nolichucky,60101080304,Bald Mountain Creek,Yancey,39.8387,5,Salvelinus fontinalis,1,not located on a reach associated with anadromous / catadromous species habitat,yes,54.188,2428.293,2428.293,54.188,1849.486,TN511,dam,,dam,sm2919,2428.293,65.9,831000.0,0.5,1.0,1.0,0.5,25000400539547.0,https://tool.aquaticbarriers.org/report/combined_barriers/sm2919,3.256,67,100,38.36053,6,0,Unknown,0,2.41
sm2920,35.911457,-82.12888,Surveyed road/stream crossing - Pvt Drv Off Rabbit Hop Rd,,Pvt Drv Off Rabbit Hop Rd,Unpaved,Culvert,Barrier - unknown severity,Unknown,6010108,Nolichucky,60101080105,Big Crabtree Creek,Mitchell,0.5314,1,Salvelinus fontinalis,0,not located on a reach associated with anadromous / catadromous species habitat,yes,0.509,2428.293,2428.293,0.509,1868.118,TN511,dam,,dam,sm2920,2428.293,15.5,133000.0,0.5,0.158,0.5,0.0395,25000400398607.0,https://tool.aquaticbarriers.org/report/combined_barriers/sm2920,0.0,84,100,0.505616,2,0,Unknown,0,2.28
sm2921,35.834095,-82.28771,Surveyed road/stream crossing - Cattail Creek Road,,Cattail Creek Road,Paved,Culvert,Complete barrier,Unknown,6010108,Nolichucky,60101080301,Headwaters Cane River,Yancey,3.168,2,Salvelinus fontinalis,0,not located on a reach associated with anadromous / catadromous species habitat,yes,1.891,2428.293,2428.293,1.891,1872.773,TN511,dam,,dam,sm2921,2428.293,27.7,372000.0,0.5,0.53,1.0,0.265,25000400547993.0,https://tool.aquaticbarriers.org/report/combined_barriers/sm2921,0.0,90,100,4.588087,2,0,Unknown,17,0.32
sm2923,35.91095,-82.22576,,,,Unknown,Inaccessible,Barrier - unknown severity,Unknown,6010108,Nolichucky,60101080202,Little Crabtree Creek,Yancey,0.45139998,1,Salvelinus fontinalis,0,not located on a reach associated with anadromous / catadromous species habitat,yes,0.514,2428.293,2428.293,0.514,1867.328,TN511,dam,,dam,sm2923,2428.293,14.7,173000.0,0.5,0.138,0.7,0.0483,25000400527122.0,https://tool.aquaticbarriers.org/report/combined_barriers/sm2923,0.0,41,100,0.374559,3,0,Unknown,13,0.69
sm2924,35.907486,-82.2208,Surveyed road/stream crossing - Ransom Silvers,,Ransom Silvers,Paved,Culvert,Indeterminate barrier,Unknown,6010108,Nolichucky,60101080202,Little Crabtree Creek,Yancey,1.3314,1,Salvelinus fontinalis,0,not located on a reach associated with anadromous / catadromous species habitat,yes,0.934,2428.293,2428.293,0.934,1866.907,TN511,dam,,dam,sm2924,2428.293,20.8,290000.0,0.5,0.314,1.0,0.157,25000400325079.0,https://tool.aquaticbarriers.org/report/combined_barriers/sm2924,0.0,62,100,1.163182,3,0,Unknown,16,0.41
sm2925,36.093567,-81.96395,Surveyed road/stream crossing - Old Toe River Rd,Haw Branch,Old Toe River Rd,Paved,Culvert,Complete barrier,Unknown,6010108,Nolichucky,60101080101,Headwaters North Toe River,Avery,0.7906,1,Salvelinus fontinalis,0,not located on a reach associated with anadromous / catadromous species habitat,yes,0.954,2428.293,2428.293,0.954,1905.087,TN511,dam,,dam,sm2925,2428.293,17.6,251000.0,0.5,0.216,1.0,0.108,25000400514281.0,https://tool.aquaticbarriers.org/report/combined_barriers/sm2925,0.0,97,100,0.84466,6,0,Unknown,29,0.4
sm2926,36.065166,-81.92784,Surveyed road/stream crossing - Old Spanish Oak Rd.,Handpole Branch,Old Spanish Oak Rd.,Paved,Culvert,Barrier - unknown severity,Unknown,6010108,Nolichucky,60101080101,Headwaters North Toe River,Avery,1.2104,1,Salvelinus fontinalis,0,not located on a reach associated with anadromous / catadromous species habitat,yes,0.437,1.243,1.21,0.437,1910.901,NC3237,dam,,dam,sm2926,1.243,20.2,282000.0,0.5,0.295,1.0,0.1475,25000400539546.0,https://tool.aquaticbarriers.org/report/combined_barriers/sm2926,0.0,53,100,1.359062,6,0,Unknown,18,0.44
sm2927,35.998264,-81.96265,Surveyed road/stream crossing - Twin Oaks Ln,Threemile Creek,Twin Oaks Ln,Paved,Culvert,Barrier - unknown severity,Unknown,6010108,Nolichucky,60101080103,Threemile Creek-North Toe River,Avery,1.7789,1,Salvelinus fontinalis,0,not located on a reach associated with anadromous / catadromous species habitat,yes,0.49,2428.293,2428.293,0.49,1893.349,TN511,dam,,dam,sm2927,2428.293,22.9,314000.0,0.5,0.38,1.0,0.19,25000400333406.0,https://tool.aquaticbarriers.org/report/combined_barriers/sm2927,0.0,78,100,1.934042,5,0,Unknown,6,0.82
sm2928,36.05571,-82.275276,Surveyed road/stream crossing - Sr1317/Renfro Rd,Brummett Creek,Sr1317/Renfro Rd,Paved,Culvert,Moderate barrier,Unknown,6010108,Nolichucky,60101080209,Pigeonroost Creek-North Toe River,Mitchell,4.8701,3,Salvelinus fontinalis,1,not located on a reach associated with anadromous / catadromous species habitat,yes,8.599,2428.293,2428.293,8.599,1844.124,TN511,dam,,dam,sm2928,2428.293,32.0,424000.0,0.5,0.657,1.0,0.3285,25000400463906.0,https://tool.aquaticbarriers.org/report/combined_barriers/sm2928,0.0,86,100,4.376382,11,0,Unknown,0,4.56
sm2930,36.015594,-82.31919,Surveyed road/stream crossing - 1340/Horton Hill,Mc Kinney Branch,1340/Horton Hill,Paved,Unknown,Barrier - unknown severity,Unknown,6010108,Nolichucky,60101080209,Pigeonroost Creek-North Toe River,Yancey,2.9519,3,Salvelinus fontinalis,1,not located on a reach associated with anadromous / catadromous species habitat,yes,4.581,2428.293,2428.293,4.581,1839.901,TN511,dam,,dam,sm2930,2428.293,27.0,364000.0,0.5,0.51,1.0,0.255,25000400442713.0,https://tool.aquaticbarriers.org/report/combined_barriers/sm2930,0.0,71,100,2.222381,11,0,Unknown,0,2.58
sm2933,35.749054,-82.22589,Surveyed road/stream crossing - Setrock Creek,Setrock Creek,,Unpaved,Ford / low water crossing,Complete barrier,Unknown,6010108,Nolichucky,60101080201,Upper South Toe River,Yancey,1.1798,1,Salvelinus fontinalis,0,not located on a reach associated with anadromous / catadromous species habitat,yes,0.102,0.316,0.316,0.102,1890.069,f202503687,waterfall,,waterfall,sm2933,0.316,20.0,160000.0,0.5,0.289,0.5,0.0722,25000400514419.0,https://tool.aquaticbarriers.org/report/combined_barriers/sm2933,0.0,100,100,1.46642,4,2020,Unknown,26,0.36
sm2934,35.32026,-82.728035,Surveyed road/stream crossing - 116 / Thorps Cr,Thorps Cr,116,Unknown,Unknown,Barrier - unknown severity,Unknown,6010105,Upper French Broad,60101050202,Davidson River,Transylvania,0.15399998,2,Salvelinus fontinalis,0,not located on a reach associated with anadromous / catadromous species habitat,yes,0.294,3735.196,3734.973,0.294,1853.374,NC3047,dam,,dam,sm2934,3735.196,10.6,136000.0,0.5,0.053,0.7,0.0185,25000400469297.0,https://tool.aquaticbarriers.org/report/combined_barriers/sm2934,0.0,100,100,0.204685,7,2020,Unknown,0,2.86
sm2935,35.303764,-82.82945,Surveyed road/stream crossing - 225 / Cove Cr,Cove Cr,225,Unknown,Unknown,Barrier - unknown severity,Unknown,6010105,Upper French Broad,60101050202,Davidson River,Transylvania,1.7926999,3,Salvelinus fontinalis,0,not located on a reach associated with anadromous / catadromous species habitat,yes,1.423,2.196,2.196,1.423,1859.886,f202503424,waterfall,,waterfall,sm2935,2.196,22.9,246000.0,0.5,0.381,0.7,0.1334,25000400305358.0,https://tool.aquaticbarriers.org/report/combined_barriers/sm2935,0.083,99,100,2.732963,7,2020,Unknown,0,3.4
sm2936,35.28991,-82.81518,Surveyed road/stream crossing - 809 / Cove Cr,Cove Cr,809,Unknown,Unknown,Barrier - unknown severity,Unknown,6010105,Upper French Broad,60101050202,Davidson River,Transylvania,3.6773,3,Salvelinus fontinalis,0,not located on a reach associated with anadromous / catadromous species habitat,yes,0.616,2.287,2.287,0.616,1858.34,f202503422,waterfall,,waterfall,sm2936,2.287,29.1,302000.0,0.5,0.573,0.7,0.2005,25000400387160.0,https://tool.aquaticbarriers.org/report/combined_barriers/sm2936,0.377,99,100,5.337992,7,2020,Unknown,0,2.6
sm2937,35.288433,-82.817154,Surveyed road/stream crossing - 809 / Unnamed T,Unnamed T,809,Unknown,Unknown,Barrier - unknown severity,Unknown,6010105,Upper French Broad,60101050202,Davidson River,Transylvania,0.0395,1,Salvelinus fontinalis,0,not located on a reach associated with anadromous / catadromous species habitat,yes,0.139,1.291,1.291,0.139,1858.183,f202503421,waterfall,,waterfall,sm2937,1.291,7.3,106000.0,0.5,0.014,0.7,0.0049,25000400389292.0,https://tool.aquaticbarriers.org/report/combined_barriers/sm2937,0.0,90,100,0.052337,7,2020,Unknown,0,2.73
sm2938,35.287876,-82.81754,Surveyed road/stream crossing - 809 / Cove Cr,Cove Cr,809,Unknown,Unknown,Barrier - unknown severity,Unknown,6010105,Upper French Broad,60101050202,Davidson River,Transylvania,0.0326,1,Salvelinus fontinalis,0,not located on a reach associated with anadromous / catadromous species habitat,yes,0.102,1.291,1.291,0.102,1858.143,f202503421,waterfall,,waterfall,sm2938,1.291,6.9,102000.0,0.5,0.012,0.7,0.0042,25000400555478.0,https://tool.aquaticbarriers.org/report/combined_barriers/sm2938,0.0,100,100,0.043259,7,2020,Unknown,0,2.76
sm2944,35.320053,-82.72584,Surveyed road/stream crossing - 5099 / South Pro,South Pro,5099,Unknown,Unknown,Barrier - unknown severity,Unknown,6010105,Upper French Broad,60101050202,Davidson River,Transylvania,0.35779998,3,Salvelinus fontinalis,0,not located on a reach associated with anadromous / catadromous species habitat,yes,1.147,3735.196,3734.973,1.147,1853.332,NC3047,dam,,dam,sm2944,3735.196,13.7,163000.0,0.5,0.114,0.7,0.0399,25000400399802.0,https://tool.aquaticbarriers.org/report/combined_barriers/sm2944,0.0,100,100,0.47734,7,2020,Unknown,0,2.95
sm2945,35.751335,-82.22089,Surveyed road/stream crossing - 5544 / Unnamed T,Unnamed T,5544,Unknown,Unknown,Barrier - unknown severity,Unknown,6010108,Nolichucky,60101080201,Upper South Toe River,Yancey,29.411499,4,Salvelinus fontinalis,0,not located on a reach associated with anadromous / catadromous species habitat,yes,0.097,8.367,8.367,0.097,1889.59,sm2668,small_barrier,sm2668,culvert,sm2728,2428.293,59.3,573000.0,0.5,1.0,0.7,0.35,25000400464033.0,https://tool.aquaticbarriers.org/report/combined_barriers/sm2945,0.0,77,100,39.30959,4,2020,Unknown,25,0.64
sm2946,35.75146,-82.22433,Surveyed road/stream crossing - 5544 / Little Mo,Little Mo,5544,Unknown,Unknown,Barrier - unknown severity,Unknown,6010108,Nolichucky,60101080201,Upper South Toe River,Yancey,0.7747,1,Salvelinus fontinalis,0,not located on a reach associated with anadromous / catadromous species habitat,yes,0.206,0.201,0.201,0.201,1889.806,sm3036,small_barrier,sm3036,culvert,sm2728,2428.293,17.5,197000.0,0.5,0.213,0.7,0.0745,25000400461733.0,https://tool.aquaticbarriers.org/report/combined_barriers/sm2946,0.0,100,100,0.910152,4,2020,Unknown,24,0.45
sm2947,35.709,-82.39441,Surveyed road/stream crossing - 63 / Left Fork,Left Fork,63,Unknown,Unknown,Barrier - unknown severity,Unknown,6010105,Upper French Broad,60101050801,Dillingham Creek,Buncombe,0.03389999,1,Salvelinus fontinalis,0,not located on a reach associated with anadromous / catadromous species habitat,yes,0.063,0.111,0.111,0.063,1810.014,f202503551,waterfall,,waterfall,sm2947,0.111,7.0,103000.0,0.5,0.012,0.7,0.0042,25000400409569.0,https://tool.aquaticbarriers.org/report/combined_barriers/sm2947,0.0,85,100,0.045468,3,2020,Unknown,28,0.27
sm2948,35.0654,-83.590485,Surveyed road/stream crossing - 71 / Hogan Cov,Hogan Cov,71,Unknown,Unknown,Barrier - unknown severity,Unknown,6010202,Upper Little Tennessee,60102020301,Buck Creek,Clay,1.5567,1,Salvelinus fontinalis,0,not located on a reach associated with anadromous / catadromous species habitat,yes,0.738,1.453,1.453,0.738,1728.558,sm2612,small_barrier,sm2612,culvert,sm2612,149.634,21.9,237000.0,0.5,0.349,0.7,0.1221,25000400518342.0,https://tool.aquaticbarriers.org/report/combined_barriers/sm2948,0.0,96,100,2.661354,5,2020,Unknown,0,11.31
sm2949,35.061913,-83.588295,Surveyed road/stream crossing - 71 / Un Trib T,Un Trib T,71,Unknown,Unknown,Barrier - unknown severity,Unknown,6010202,Upper Little Tennessee,60102020301,Buck Creek,Clay,9.4346,3,Salvelinus fontinalis,0,not located on a reach associated with anadromous / catadromous species habitat,yes,5.568,1.453,1.453,1.453,1728.714,sm2612,small_barrier,sm2612,culvert,sm2612,149.634,40.0,400000.0,0.5,0.871,0.7,0.3048,25000400440325.0,https://tool.aquaticbarriers.org/report/combined_barriers/sm2949,2.681,98,100,15.960453,5,2020,Unknown,0,11.3
sm2950,35.060215,-83.58699,Surveyed road/stream crossing - 71 / Little Bu,Little Bu,71,Unknown,Unknown,Barrier - unknown severity,Unknown,6010202,Upper Little Tennessee,60102020301,Buck Creek,Clay,2.5188,2,Salvelinus fontinalis,0,not located on a reach associated with anadromous / catadromous species habitat,yes,0.807,5.568,5.568,0.807,1728.856,sm2949,small_barrier,sm2949,culvert,sm2612,149.634,25.6,271000.0,0.5,0.467,0.7,0.1635,25000400558188.0,https://tool.aquaticbarriers.org/report/combined_barriers/sm2950,0.0,81,100,4.235527,5,2020,Unknown,0,11.31
sm2951,35.059807,-83.573685,Surveyed road/stream crossing - 71 / Little Bu,Little Bu,71,Unknown,Unknown,Barrier - unknown severity,Unknown,6010202,Upper Little Tennessee,60102020301,Buck Creek,Clay,2.5188,2,Salvelinus fontinalis,0,not located on a reach associated with anadromous / catadromous species habitat,yes,0.851,0.807,0.807,0.807,1729.664,sm2950,small_barrier,sm2950,culvert,sm2612,149.634,25.6,271000.0,0.5,0.467,0.7,0.1635,25000400558188.0,https://tool.aquaticbarriers.org/report/combined_barriers/sm2951,0.0,88,94,4.235527,5,2020,Unknown,0,11.96
sm2952,35.11058,-83.5242,Surveyed road/stream crossing - 7281 / Unn Trib,Unn Trib,7281,Unknown,Unknown,Barrier - unknown severity,Unknown,6010202,Upper Little Tennessee,60102020104,Upper Cartoogechaye Creek,Macon,2.1809,1,Salvelinus fontinalis,0,not located on a reach associated with anadromous / catadromous species habitat,yes,0.03,85.613,85.613,0.03,1738.426,NC6212,dam,,dam,sm2952,85.613,24.4,260000.0,0.5,0.43,0.7,0.1505,25000400476142.0,https://tool.aquaticbarriers.org/report/combined_barriers/sm2952,0.0,91,100,2.991127,7,2020,Unknown,0,9.26
sm2953,35.110325,-83.524635,Surveyed road/stream crossing - 7281 / Cloer Bra,Cloer Bra,7281,Unknown,Unknown,Barrier - unknown severity,Unknown,6010202,Upper Little Tennessee,60102020104,Upper Cartoogechaye Creek,Macon,2.1809,1,Salvelinus fontinalis,0,not located on a reach associated with anadromous / catadromous species habitat,yes,0.422,0.03,0.03,0.03,1738.457,sm2952,small_barrier,sm2952,culvert,sm2952,85.613,24.4,260000.0,0.5,0.43,0.7,0.1505,25000400476142.0,https://tool.aquaticbarriers.org/report/combined_barriers/sm2953,0.0,91,100,2.991127,7,2020,Unknown,0,9.29
sm2954,35.125336,-83.53585,Surveyed road/stream crossing - 7281 / Poplar Co,Poplar Co,7281,Unknown,Unknown,Barrier - unknown severity,Unknown,6010202,Upper Little Tennessee,60102020104,Upper Cartoogechaye Creek,Macon,0.814,1,Salvelinus fontinalis,0,not located on a reach associated with anadromous / catadromous species habitat,yes,0.349,4.63,4.63,0.349,1737.943,sm3010,small_barrier,sm3010,culvert,sm3010,85.613,17.7,200000.0,0.5,0.221,0.7,0.0774,25000400434072.0,https://tool.aquaticbarriers.org/report/combined_barriers/sm2954,0.0,82,100,1.139057,7,2020,Unknown,0,9.56
sm2956,35.283314,-82.817314,Surveyed road/stream crossing - 475 / Cove Cr,Cove Cr,475,Unknown,Unknown,Barrier - unknown severity,Unknown,6010105,Upper French Broad,60101050202,Davidson River,Transylvania,6.9853,4,Salvelinus fontinalis,0,not located on a reach associated with anadromous / catadromous species habitat,yes,0.285,0.18,0.18,0.18,1857.795,f10334,waterfall,,waterfall,sm2956,0.18,36.1,365000.0,0.5,0.772,0.7,0.2702,25000400364263.0,https://tool.aquaticbarriers.org/report/combined_barriers/sm2956,0.0,91,100,9.850325,7,2020,Unknown,0,2.83
sm2959,35.260796,-82.849686,Surveyed road/stream crossing - 475 / Shoal Cr,Shoal Cr,475,Unknown,Unknown,Barrier - unknown severity,Unknown,6010105,Upper French Broad,60101050101,North Fork French Broad River,Transylvania,0.7297,3,Salvelinus fontinalis,0,not located on a reach associated with anadromous / catadromous species habitat,yes,2.311,25.496,25.496,2.311,1886.446,f25169,waterfall,,waterfall,sm2959,25.496,17.1,194000.0,0.5,0.204,0.7,0.0714,25000400293070.0,https://tool.aquaticbarriers.org/report/combined_barriers/sm2959,0.0,96,100,1.08819,4,2020,Unknown,0,5.13
sm2960,35.33839,-82.79567,Surveyed road/stream crossing - 5032 / Unn Trib,Unn Trib,5032,Unknown,Unknown,Barrier - unknown severity,Unknown,6010105,Upper French Broad,60101050202,Davidson River,Transylvania,0.21539998,1,Salvelinus fontinalis,0,not located on a reach associated with anadromous / catadromous species habitat,yes,0.229,20.309,20.309,0.229,1859.9,f28104,waterfall,,waterfall,sm2960,20.309,11.8,146000.0,0.5,0.072,0.7,0.0252,25000400454498.0,https://tool.aquaticbarriers.org/report/combined_barriers/sm2960,0.0,100,100,0.293472,7,2020,Unknown,0,2.33
sm2961,35.16519,-83.540474,Surveyed road/stream crossing - 316 / Camp Bran,Camp Bran,316,Unknown,Unknown,Barrier - unknown severity,Unknown,6010202,Upper Little Tennessee,60102020105,Lower Cartoogechaye Creek,Macon,3.7745,2,Salvelinus fontinalis,0,not located on a reach associated with anadromous / catadromous species habitat,yes,0.741,85.613,85.613,0.741,1738.274,NC6212,dam,,dam,sm2961,85.613,29.3,304000.0,0.5,0.581,0.7,0.2033,25000400352010.0,https://tool.aquaticbarriers.org/report/combined_barriers/sm2961,0.0,98,100,5.676441,9,2020,Unknown,0,8.08
sm2962,35.177387,-83.531685,Surveyed road/stream crossing - 316 / Locust Tr,Locust Tr,316,Unknown,Unknown,Barrier - unknown severity,Unknown,6010202,Upper Little Tennessee,60102020105,Lower Cartoogechaye Creek,Macon,1.4622,1,Salvelinus fontinalis,0,not located on a reach associated with anadromous / catadromous species habitat,yes,0.135,85.613,85.613,0.135,1738.2,NC6212,dam,,dam,sm2962,85.613,21.4,233000.0,0.5,0.335,0.7,0.1172,25000400526750.0,https://tool.aquaticbarriers.org/report/combined_barriers/sm2962,0.0,100,100,2.109054,9,2020,Unknown,0,7.91
sm2963,35.17912,-83.532684,Surveyed road/stream crossing - 316 / Locust Tr,Locust Tr,316,Unknown,Unknown,Barrier - unknown severity,Unknown,6010202,Upper Little Tennessee,60102020105,Lower Cartoogechaye Creek,Macon,1.4622,1,Salvelinus fontinalis,0,not located on a reach associated with anadromous / catadromous species habitat,yes,0.144,0.135,0.135,0.135,1738.334,sm2962,small_barrier,sm2962,culvert,sm2962,85.613,21.4,233000.0,0.5,0.335,0.7,0.1172,25000400526750.0,https://tool.aquaticbarriers.org/report/combined_barriers/sm2963,0.0,100,100,2.109054,9,2020,Unknown,0,7.79
sm2964,35.196987,-83.54338,Surveyed road/stream crossing - 7279 / Ray Branc,Ray Branc,7279,Unknown,Unknown,Barrier - unknown severity,Unknown,6010202,Upper Little Tennessee,60102020403,Burningtown Creek,Macon,4.833,2,Salvelinus fontinalis,3,not located on a reach associated with anadromous / catadromous species habitat,yes,2.396,1837.689,1712.55,2.396,1714.261,NC3023,dam,,dam,sm2964,1837.689,31.9,327000.0,0.5,0.655,0.7,0.2292,25000400369049.0,https://tool.aquaticbarriers.org/report/combined_barriers/sm2964,0.0,99,100,6.84001,14,2020,Unknown,0,6.6
sm2965,35.204582,-83.55434,Surveyed road/stream crossing - 7279 / Deweese B,Deweese B,7279,Unknown,Unknown,Barrier - unknown severity,Unknown,6010202,Upper Little Tennessee,60102020403,Burningtown Creek,Macon,0.4583,1,Salvelinus fontinalis,3,not located on a reach associated with anadromous / catadromous species habitat,yes,0.503,1837.689,1712.55,0.503,1714.725,NC3023,dam,,dam,sm2965,1837.689,14.8,173000.0,0.5,0.14,0.7,0.049,25000400507763.0,https://tool.aquaticbarriers.org/report/combined_barriers/sm2965,0.0,100,100,0.631845,14,2020,Unknown,0,5.81
sm2966,35.20499,-83.55461,Surveyed road/stream crossing - 7279 / Deweese B,Deweese B,7279,Unknown,Unknown,Barrier - unknown severity,Unknown,6010202,Upper Little Tennessee,60102020403,Burningtown Creek,Macon,0.818,1,Salvelinus fontinalis,3,not located on a reach associated with anadromous / catadromous species habitat,yes,0.67,1837.689,1712.55,0.67,1714.727,NC3023,dam,,dam,sm2966,1837.689,17.8,200000.0,0.5,0.222,0.7,0.0777,25000400402469.0,https://tool.aquaticbarriers.org/report/combined_barriers/sm2966,0.0,100,100,1.146296,14,2020,Unknown,0,5.78
sm2967,35.207623,-83.55306,Surveyed road/stream crossing - 7279 / Deweese B,Deweese B,7279,Unknown,Unknown,Barrier - unknown severity,Unknown,6010202,Upper Little Tennessee,60102020403,Burningtown Creek,Macon,0.6035,1,Salvelinus fontinalis,3,not located on a reach associated with anadromous / catadromous species habitat,yes,0.505,1837.689,1712.55,0.505,1714.652,NC3023,dam,,dam,sm2967,1837.689,16.1,185000.0,0.5,0.175,0.7,0.0612,25000400532941.0,https://tool.aquaticbarriers.org/report/combined_barriers/sm2967,0.0,100,100,0.805369,14,2020,Unknown,0,5.77
sm2968,35.21486,-84.03644,Surveyed road/stream crossing - 420 / Un Trib T,Un Trib T,420,Unknown,Unknown,Barrier - unknown severity,Unknown,6020002,Hiwassee,60200020701,Hanging Dog Creek,Cherokee,7.1193,2,Salvelinus fontinalis,0,not located on a reach associated with anadromous / catadromous species habitat,yes,0.081,1411.054,1347.914,0.081,1613.55,NC3043,dam,,dam,sm2968,1411.054,36.4,367000.0,0.5,0.778,0.7,0.2723,25000300023367.0,https://tool.aquaticbarriers.org/report/combined_barriers/sm2968,0.081,79,100,11.593042,4,2020,Unknown,0,12.15
sm2969,35.215836,-84.03675,Surveyed road/stream crossing - 420 / Dockery C,Dockery C,420,Unknown,Unknown,Barrier - unknown severity,Unknown,6020002,Hiwassee,60200020701,Hanging Dog Creek,Cherokee,7.1193,2,Salvelinus fontinalis,0,not located on a reach associated with anadromous / catadromous species habitat,yes,4.462,0.081,0.081,0.081,1613.631,sm2968,small_barrier,sm2968,culvert,sm2968,1411.054,36.4,367000.0,0.5,0.778,0.7,0.2723,25000300023367.0,https://tool.aquaticbarriers.org/report/combined_barriers/sm2969,1.994,96,100,11.593042,4,2020,Unknown,0,12.21
sm2970,35.21878,-84.03517,Surveyed road/stream crossing - 420 / Un Trib T,Un Trib T,420,Unknown,Unknown,Barrier - unknown severity,Unknown,6020002,Hiwassee,60200020701,Hanging Dog Creek,Cherokee,0.74899995,1,Salvelinus fontinalis,0,not located on a reach associated with anadromous / catadromous species habitat,yes,0.063,4.462,4.462,0.063,1613.873,sm2969,small_barrier,sm2969,culvert,sm2968,1411.054,17.3,196000.0,0.5,0.208,0.7,0.0728,25000300033949.0,https://tool.aquaticbarriers.org/report/combined_barriers/sm2970,0.0,95,100,1.112096,4,2020,Unknown,0,12.35
sm2971,35.2195,-84.035835,Surveyed road/stream crossing - 420 / Un Trib T,Un Trib T,420,Unknown,Unknown,Barrier - unknown severity,Unknown,6020002,Hiwassee,60200020701,Hanging Dog Creek,Cherokee,0.74899995,1,Salvelinus fontinalis,0,not located on a reach associated with anadromous / catadromous species habitat,yes,0.681,0.063,0.063,0.063,1613.936,sm2970,small_barrier,sm2970,culvert,sm2968,1411.054,17.3,196000.0,0.5,0.208,0.7,0.0728,25000300033949.0,https://tool.aquaticbarriers.org/report/combined_barriers/sm2971,0.0,95,100,1.112096,4,2020,Unknown,0,12.41
sm2972,35.217278,-84.05843,Surveyed road/stream crossing - 420 / Rocky Kno,Rocky Kno,420,Unknown,Unknown,Barrier - unknown severity,Unknown,6020002,Hiwassee,60200020701,Hanging Dog Creek,Cherokee,2.7882001,1,Salvelinus fontinalis,0,not located on a reach associated with anadromous / catadromous species habitat,yes,0.759,1411.054,1347.914,0.759,1613.792,NC3043,dam,,dam,sm2972,1411.054,26.5,279000.0,0.5,0.495,0.7,0.1732,25000300036252.0,https://tool.aquaticbarriers.org/report/combined_barriers/sm2972,0.759,97,100,3.996789,4,0,Unknown,0,12.94
sm2974,35.153805,-84.00691,Surveyed road/stream crossing - 625 / Little Ow,Little Ow,625,Unknown,Unknown,Barrier - unknown severity,Unknown,6020002,Hiwassee,60200020701,Hanging Dog Creek,Cherokee,0.31300002,1,Salvelinus fontinalis,0,not located on a reach associated with anadromous / catadromous species habitat,yes,0.072,1411.054,1347.914,0.072,1612.13,NC3043,dam,,dam,sm2974,1411.054,13.2,158000.0,0.5,0.101,0.7,0.0354,25000300003967.0,https://tool.aquaticbarriers.org/report/combined_barriers/sm2974,0.0,68,100,0.368373,4,2020,Unknown,0,7.67
sm2975,35.187737,-83.97857,Surveyed road/stream crossing - 625 / Colvard C,Colvard C,625,Unknown,Unknown,Barrier - unknown severity,Unknown,6020002,Hiwassee,60200020403,Middle Valley River,Cherokee,0.23650001,2,not recorded,1,not located on a reach associated with anadromous / catadromous species habitat,yes,0.368,1411.054,1347.914,0.368,1615.404,NC3043,dam,,dam,sm2975,1411.054,12.1,149000.0,0.5,0.079,0.7,0.0276,25000300001742.0,https://tool.aquaticbarriers.org/report/combined_barriers/sm2975,0.0,95,100,0.33316,7,2020,Unknown,0,9.1
sm2976,35.063557,-83.439545,Surveyed road/stream crossing - 751 / Un Trib T,Un Trib T,751,Unknown,Unknown,Barrier - unknown severity,Unknown,6010202,Upper Little Tennessee,60102020103,Coweeta Creek-Little Tennessee River,Macon,0.76049995,1,Salvelinus fontinalis,0,not located on a reach associated with anadromous / catadromous species habitat,yes,0.631,1.534,1.534,0.631,1735.815,NC6618,dam,,dam,sm2976,1.534,17.4,196000.0,0.5,0.21,0.7,0.0735,25000400423603.0,https://tool.aquaticbarriers.org/report/combined_barriers/sm2976,0.0,99,100,0.969918,8,2020,Unknown,0,7.47
sm2977,35.060085,-83.45113,Surveyed road/stream crossing - 751 / Shope For,Shope For,751,Unknown,Bridge,Barrier - unknown severity,Unknown,6010202,Upper Little Tennessee,60102020103,Coweeta Creek-Little Tennessee River,Macon,3.8699,2,Salvelinus fontinalis,0,not located on a reach associated with anadromous / catadromous species habitat,yes,0.074,0.326,0.326,0.074,1736.559,sm2659,small_barrier,sm2659,culvert,sm2659,0.039,29.6,306000.0,0.5,0.588,0.7,0.2058,25000400427412.0,https://tool.aquaticbarriers.org/report/combined_barriers/sm2977,0.074,71,100,5.513596,8,2020,Unknown,0,8.03
sm2978,35.060486,-83.45447,Surveyed road/stream crossing - 751 / Un Trib T,Un Trib T,751,Unknown,Unknown,Barrier - unknown severity,Unknown,6010202,Upper Little Tennessee,60102020103,Coweeta Creek-Little Tennessee River,Macon,0.3352,1,Salvelinus fontinalis,0,not located on a reach associated with anadromous / catadromous species habitat,yes,0.474,0.14,0.14,0.14,1736.789,f50,waterfall,,waterfall,sm2978,0.14,13.4,161000.0,0.5,0.107,0.7,0.0374,25000400492705.0,https://tool.aquaticbarriers.org/report/combined_barriers/sm2978,0.0,99,100,0.454766,8,2020,Unknown,0,8.12
sm2980,35.495743,-82.63658,Surveyed road/stream crossing - 0 / Ledford B,Ledford B,0,Unknown,Unknown,Barrier - unknown severity,Unknown,6010105,Upper French Broad,60101050705,Bent Creek-French Broad River,Buncombe,0.3179,2,Salvelinus fontinalis,2,not located on a reach associated with anadromous / catadromous species habitat,yes,0.918,3735.196,3734.973,0.918,1817.036,NC3047,dam,,dam,sm2980,3735.196,13.2,159000.0,0.5,0.103,0.7,0.036,25000400342485.0,https://tool.aquaticbarriers.org/report/combined_barriers/sm2980,0.0,88,100,0.214173,6,2020,Unknown,1,1.76
sm2981,35.493244,-82.6333,Surveyed road/stream crossing - 0 / Unnamed T,Unnamed T,0,Unknown,Unknown,Barrier - unknown severity,Unknown,6010105,Upper French Broad,60101050705,Bent Creek-French Broad River,Buncombe,0.0,1,Salvelinus fontinalis,2,not located on a reach associated with anadromous / catadromous species habitat,yes,0.018,3735.196,3734.973,0.018,1816.748,NC3047,dam,,dam,sm2981,3735.196,5.2,87000.0,0.5,0.0,0.7,0.0,25000400317371.0,https://tool.aquaticbarriers.org/report/combined_barriers/sm2981,0.0,0,100,-1.0,6,2020,Unknown,1,1.51
sm2982,35.46578,-82.64413,Surveyed road/stream crossing - 0 / Chestnut,Chestnut,0,Unknown,Unknown,Barrier - unknown severity,Unknown,6010105,Upper French Broad,60101050705,Bent Creek-French Broad River,Buncombe,0.86869997,3,Salvelinus fontinalis,2,not located on a reach associated with anadromous / catadromous species habitat,yes,2.078,38.902,38.591,2.078,1818.452,NC3034,dam,,dam,sm2982,38.902,18.1,203000.0,0.5,0.232,0.7,0.0812,25000400309045.0,https://tool.aquaticbarriers.org/report/combined_barriers/sm2982,0.0,90,100,0.709269,6,2020,Unknown,1,2.0
sm2983,35.464523,-82.64673,Surveyed road/stream crossing - 0 / Chestnut,Chestnut,0,Unknown,Unknown,Barrier - unknown severity,Unknown,6010105,Upper French Broad,60101050705,Bent Creek-French Broad River,Buncombe,0.0888,1,Salvelinus fontinalis,2,not located on a reach associated with anadromous / catadromous species habitat,yes,0.215,38.902,38.591,0.215,1818.576,NC3034,dam,,dam,sm2983,38.902,9.1,122000.0,0.5,0.032,0.7,0.0112,25000400376336.0,https://tool.aquaticbarriers.org/report/combined_barriers/sm2983,0.0,72,100,0.074506,6,2020,Unknown,1,1.86
sm2984,35.44368,-82.734215,Surveyed road/stream crossing - 5094 / Unn Trib,Unn Trib,5094,Unknown,Unknown,Barrier - unknown severity,Unknown,6010105,Upper French Broad,60101050501,South Hominy Creek,Buncombe,0.4828,3,Salvelinus fontinalis,0,not located on a reach associated with anadromous / catadromous species habitat,yes,1.315,244.72,244.72,1.315,1829.606,NC61493,dam,,dam,sm2984,244.72,15.0,175000.0,0.5,0.146,0.7,0.0511,25000400439208.0,https://tool.aquaticbarriers.org/report/combined_barriers/sm2984,0.0,92,100,0.501407,5,2020,Unknown,0,3.26
sm2986,34.99981,-83.3521,Surveyed road/stream crossing - 4503 / Unn Trib,Unn Trib,4503,Unknown,Unknown,Barrier - unknown severity,Unknown,6010202,Upper Little Tennessee,60102020102,Middle Creek-Little Tennessee River,Macon,0.8893,1,Salvelinus fontinalis,0,not located on a reach associated with anadromous / catadromous species habitat,yes,0.0,268.062,263.871,0.0,1744.093,NC2974,dam,,dam,sm2986,268.062,18.3,204000.0,0.5,0.236,0.7,0.0826,25000400429849.0,https://tool.aquaticbarriers.org/report/combined_barriers/sm2986,0.0,0,0,1.360794,10,2020,Unknown,0,10.76
sm2987,35.13399,-83.24133,Surveyed road/stream crossing - 4591 / Buck Cree,Buck Cree,4591,Unknown,Unknown,Barrier - unknown severity,Unknown,6010202,Upper Little Tennessee,60102020203,Lower Cullasaja River,Macon,7.1554,2,Salvelinus fontinalis,0,not located on a reach associated with anadromous / catadromous species habitat,yes,2.783,7.065,7.065,2.783,1734.474,f30322,waterfall,,waterfall,sm2987,7.065,36.4,368000.0,0.5,0.779,0.7,0.2726,25000400358151.0,https://tool.aquaticbarriers.org/report/combined_barriers/sm2987,0.0,72,100,11.866896,8,2020,Unknown,1,1.74
sm2989,35.30454,-83.004395,Surveyed road/stream crossing - 4665 / Rough But,Rough But,4665,Unknown,Unknown,Barrier - unknown severity,Unknown,6010203,Tuckasegee,60102030105,Caney Fork,Jackson,1.7312,1,Salvelinus fontinalis,0,not located on a reach associated with anadromous / catadromous species habitat,yes,0.014,5.062,5.062,0.014,1742.543,f38,waterfall,,waterfall,sm2989,5.062,22.7,244000.0,0.5,0.373,0.7,0.1306,25000400434391.0,https://tool.aquaticbarriers.org/report/combined_barriers/sm2989,0.0,97,100,2.845324,6,2020,Unknown,0,8.17
sm2990,35.477165,-82.62447,Surveyed road/stream crossing - 0 / Unn Trib,Unn Trib,0,Unknown,Unknown,Barrier - unknown severity,Unknown,6010105,Upper French Broad,60101050705,Bent Creek-French Broad River,Buncombe,0.19479999,2,Salvelinus fontinalis,2,not located on a reach associated with anadromous / catadromous species habitat,yes,0.551,38.902,38.591,0.551,1816.579,NC3034,dam,,dam,sm2990,38.902,11.4,143000.0,0.5,0.066,0.7,0.0231,25000400361549.0,https://tool.aquaticbarriers.org/report/combined_barriers/sm2990,0.0,93,100,0.154936,6,2020,Unknown,1,0.68
sm2991,35.460896,-82.641266,Surveyed road/stream crossing - 0 / Chestnut,Chestnut,0,Unknown,Unknown,Barrier - unknown severity,Unknown,6010105,Upper French Broad,60101050705,Bent Creek-French Broad River,Buncombe,0.0542,1,Salvelinus fontinalis,2,not located on a reach associated with anadromous / catadromous species habitat,yes,0.129,2.078,2.078,0.129,1818.853,sm2982,small_barrier,sm2982,culvert,sm2982,38.902,7.9,111000.0,0.5,0.02,0.7,0.007,25000400359477.0,https://tool.aquaticbarriers.org/report/combined_barriers/sm2991,0.0,96,100,0.046066,6,2020,Unknown,0,2.05
sm2992,35.459736,-82.64821,Surveyed road/stream crossing - 0 / Long Bran,Long Bran,0,Unknown,Unknown,Barrier - unknown severity,Unknown,6010105,Upper French Broad,60101050705,Bent Creek-French Broad River,Buncombe,0.85719997,3,Salvelinus fontinalis,2,not located on a reach associated with anadromous / catadromous species habitat,yes,1.747,38.902,38.591,1.747,1818.958,NC3034,dam,,dam,sm2992,38.902,18.0,202000.0,0.5,0.23,0.7,0.0805,25000400411961.0,https://tool.aquaticbarriers.org/report/combined_barriers/sm2992,0.0,97,100,0.736445,6,2020,Unknown,1,1.68
sm2993,35.463417,-82.65437,Surveyed road/stream crossing - 0 / Bent Cree,Bent Cree,0,Unknown,Unknown,Barrier - unknown severity,Unknown,6010105,Upper French Broad,60101050705,Bent Creek-French Broad River,Buncombe,0.61780006,2,Salvelinus fontinalis,2,not located on a reach associated with anadromous / catadromous species habitat,yes,1.5,38.902,38.591,1.5,1818.87,NC3034,dam,,dam,sm2993,38.902,16.3,186000.0,0.5,0.179,0.7,0.0626,25000400487758.0,https://tool.aquaticbarriers.org/report/combined_barriers/sm2993,0.0,91,100,0.545217,6,2020,Unknown,1,1.45
sm2994,35.46509,-82.655815,Surveyed road/stream crossing - 0 / Rich Bran,Rich Bran,0,Unknown,Unknown,Barrier - unknown severity,Unknown,6010105,Upper French Broad,60101050705,Bent Creek-French Broad River,Buncombe,1.0483,3,Salvelinus fontinalis,2,not located on a reach associated with anadromous / catadromous species habitat,yes,3.384,38.902,38.591,3.384,1818.86,NC3034,dam,,dam,sm2994,38.902,19.2,213000.0,0.5,0.266,0.7,0.0931,25000400334011.0,https://tool.aquaticbarriers.org/report/combined_barriers/sm2994,0.0,92,100,0.906042,6,2020,Unknown,1,1.43
sm2995,35.326664,-82.743774,Surveyed road/stream crossing - 5058 / Clawhamme,Clawhamme,5058,Unknown,Unknown,Barrier - unknown severity,Unknown,6010105,Upper French Broad,60101050202,Davidson River,Transylvania,0.02350002,1,Salvelinus fontinalis,0,not located on a reach associated with anadromous / catadromous species habitat,yes,0.175,2.645,2.645,0.175,1854.388,f88,waterfall,,waterfall,sm2995,2.645,6.4,98000.0,0.5,0.009,0.7,0.0031,25000400309528.0,https://tool.aquaticbarriers.org/report/combined_barriers/sm2995,0.0,100,100,0.034107,7,2020,Unknown,0,2.55
sm2996,35.195107,-82.95304,Surveyed road/stream crossing - 5077 / Mill Bran,Mill Bran,5077,Unknown,Unknown,Barrier - unknown severity,Unknown,6010105,Upper French Broad,60101050102,West Fork French Broad River,Transylvania,0.7561,3,Salvelinus fontinalis,0,not located on a reach associated with anadromous / catadromous species habitat,yes,2.238,0.042,0.042,0.042,1884.958,f28357,waterfall,,waterfall,sm2996,0.042,17.3,196000.0,0.5,0.209,0.7,0.0731,25000400524024.0,https://tool.aquaticbarriers.org/report/combined_barriers/sm2996,0.0,100,100,1.167455,5,2020,Unknown,0,9.88
sm3000,35.22569,-83.36461,Surveyed road/stream crossing - Watauga Creek,Watauga Creek,,Unknown,Culvert,Indeterminate barrier,Unknown,6010202,Upper Little Tennessee,60102020401,Lake Emory-Little Tennessee River,Macon,20.8462,3,not recorded,2,not located on a reach associated with anadromous / catadromous species habitat,yes,2.746,1837.689,1712.55,2.746,1717.059,NC3023,dam,,dam,sm3000,1837.689,52.6,513000.0,0.5,1.0,0.7,0.35,25000400557838.0,https://tool.aquaticbarriers.org/report/combined_barriers/sm3000,0.0,46,100,23.369822,15,0,Unknown,0,2.75
sm3001,35.33838,-83.5327,Surveyed road/stream crossing - Wiggins Creek,Wiggins Creek,,Unknown,Culvert,Indeterminate barrier,Unknown,6010202,Upper Little Tennessee,60102020405,Brush Creek-Little Tennessee River,Swain,6.206,2,Salvelinus fontinalis,4,not located on a reach associated with anadromous / catadromous species habitat,yes,1.609,1837.689,1712.55,1.609,1696.148,NC3023,dam,,dam,sm3001,1837.689,34.7,352000.0,0.5,0.733,0.7,0.2566,25000400297653.0,https://tool.aquaticbarriers.org/report/combined_barriers/sm3001,0.0,88,100,5.965173,15,0,Unknown,0,3.68
sm3002,35.33269,-83.53848,Surveyed road/stream crossing - Wiggins Creek,Wiggins Creek,,Unknown,Culvert,Barrier - unknown severity,Unknown,6010202,Upper Little Tennessee,60102020405,Brush Creek-Little Tennessee River,Swain,5.2924,2,Salvelinus fontinalis,4,not located on a reach associated with anadromous / catadromous species habitat,yes,3.969,1.609,1.609,1.609,1696.71,sm3001,small_barrier,sm3001,culvert,sm3001,1837.689,32.9,336000.0,0.5,0.683,0.7,0.239,25000400429836.0,https://tool.aquaticbarriers.org/report/combined_barriers/sm3002,0.0,71,100,5.121574,15,0,Unknown,0,3.19
sm3003,35.323666,-83.523224,Surveyed road/stream crossing - Licklog Creek,Licklog Creek,,Unknown,Culvert,Barrier - unknown severity,Unknown,6010202,Upper Little Tennessee,60102020405,Brush Creek-Little Tennessee River,Swain,5.7429,2,Salvelinus fontinalis,4,not located on a reach associated with anadromous / catadromous species habitat,yes,5.485,1837.689,1712.55,5.485,1698.38,NC3023,dam,,dam,sm3003,1837.689,33.8,344000.0,0.5,0.709,0.7,0.2482,25000400356312.0,https://tool.aquaticbarriers.org/report/combined_barriers/sm3003,0.0,69,100,5.784942,15,0,Unknown,0,3.67
sm3004,35.364555,-83.49962,Surveyed road/stream crossing - Sawmill Creek,Sawmill Creek,,Unknown,Culvert,Indeterminate barrier,Unknown,6010202,Upper Little Tennessee,60102020405,Brush Creek-Little Tennessee River,Swain,8.6943,3,Salvelinus fontinalis,4,not located on a reach associated with anadromous / catadromous species habitat,yes,2.781,1837.689,1712.55,2.781,1694.049,NC3023,dam,,dam,sm3004,1837.689,38.9,390000.0,0.5,0.844,0.7,0.2954,25000400558211.0,https://tool.aquaticbarriers.org/report/combined_barriers/sm3004,0.0,55,100,9.30029,15,0,Unknown,0,4.85
sm3005,35.357567,-83.49362,Surveyed road/stream crossing - Sawmill Creek,Sawmill Creek,,Unknown,Culvert,Barrier - unknown severity,Unknown,6010202,Upper Little Tennessee,60102020405,Brush Creek-Little Tennessee River,Swain,5.3883,2,Salvelinus fontinalis,4,not located on a reach associated with anadromous / catadromous species habitat,yes,4.686,2.781,2.781,2.781,1694.686,sm3004,small_barrier,sm3004,culvert,sm3004,1837.689,33.1,338000.0,0.5,0.689,0.7,0.2411,25000400495111.0,https://tool.aquaticbarriers.org/report/combined_barriers/sm3005,0.0,76,100,5.911789,15,0,Unknown,0,5.25
sm3006,35.252605,-83.438705,Surveyed road/stream crossing - Rose Creek,Rose Creek,,Unknown,Culvert,Indeterminate barrier,Unknown,6010202,Upper Little Tennessee,60102020404,Tellico Creek-Little Tennessee River,Macon,2.655,2,Salvelinus fontinalis,3,not located on a reach associated with anadromous / catadromous species habitat,yes,2.337,1837.689,1712.55,2.337,1709.268,NC3023,dam,,dam,sm3006,1837.689,26.1,275000.0,0.5,0.481,0.7,0.1683,25000400463534.0,https://tool.aquaticbarriers.org/report/combined_barriers/sm3006,0.0,68,100,2.572669,15,0,Unknown,0,5.28
sm3007,35.283997,-83.46835,Surveyed road/stream crossing - Queen Branch,Queen Branch,,Unknown,Culvert,Barrier - unknown severity,Unknown,6010202,Upper Little Tennessee,60102020404,Tellico Creek-Little Tennessee River,Macon,1.3101,2,Salvelinus fontinalis,3,not located on a reach associated with anadromous / catadromous species habitat,yes,1.591,1837.689,1712.55,1.591,1704.358,NC3023,dam,,dam,sm3007,1837.689,20.7,226000.0,0.5,0.311,0.7,0.1088,25000400547547.0,https://tool.aquaticbarriers.org/report/combined_barriers/sm3007,0.0,60,100,1.396823,15,0,Unknown,0,6.73
sm3008,35.28396,-83.45834,Surveyed road/stream crossing - Ut To Lakey Cree,Ut To Lakey Cree,,Unknown,Culvert,Barrier - unknown severity,Unknown,6010202,Upper Little Tennessee,60102020404,Tellico Creek-Little Tennessee River,Macon,1.2268,2,Salvelinus fontinalis,3,not located on a reach associated with anadromous / catadromous species habitat,yes,0.961,1837.689,1712.55,0.961,1707.038,NC3023,dam,,dam,sm3008,1837.689,20.2,222000.0,0.5,0.297,0.7,0.1039,25000400501504.0,https://tool.aquaticbarriers.org/report/combined_barriers/sm3008,0.0,65,100,1.213328,15,0,Unknown,0,7.27
sm3009,35.279934,-83.401215,Surveyed road/stream crossing - Matlock Creek,Matlock Creek,,Unknown,Culvert,Indeterminate barrier,Unknown,6010202,Upper Little Tennessee,60102020402,Cowee Creek,Macon,9.6402,3,Salvelinus fontinalis,2,not located on a reach associated with anadromous / catadromous species habitat,yes,11.87,1837.689,1712.55,11.87,1713.321,NC3023,dam,,dam,sm3009,1837.689,40.3,403000.0,0.5,0.878,0.7,0.3073,25000400337309.0,https://tool.aquaticbarriers.org/report/combined_barriers/sm3009,0.0,73,100,11.363484,13,0,Unknown,0,6.32
sm3010,35.126995,-83.51364,Surveyed road/stream crossing - Poplar Cove,Poplar Cove,,Unpaved,Culvert,Barrier - unknown severity,Unknown,6010202,Upper Little Tennessee,60102020104,Upper Cartoogechaye Creek,Macon,7.2578,3,Salvelinus fontinalis,0,not located on a reach associated with anadromous / catadromous species habitat,yes,4.63,85.613,85.613,4.63,1736.588,NC6212,dam,,dam,sm3010,85.613,36.6,260000.0,0.5,0.784,0.5,0.196,25000400436152.0,https://tool.aquaticbarriers.org/report/combined_barriers/sm3010,0.416,87,100,9.682199,7,0,Unknown,0,8.37
sm3011,35.16449,-83.413536,Surveyed road/stream crossing - Wallace Branch,Wallace Branch,,Paved,Culvert,Barrier - unknown severity,Unknown,6010202,Upper Little Tennessee,60102020105,Lower Cartoogechaye Creek,Macon,7.7319,3,Salvelinus fontinalis,0,not located on a reach associated with anadromous / catadromous species habitat,yes,4.821,268.062,263.871,4.821,1726.033,NC2974,dam,,dam,sm3011,268.062,37.4,489000.0,0.5,0.805,1.0,0.4025,25000400497240.0,https://tool.aquaticbarriers.org/report/combined_barriers/sm3011,0.0,40,100,8.491005,9,0,Unknown,0,2.37
sm3012,35.19634,-83.28192,Surveyed road/stream crossing - Laurel Branch,Laurel Branch,,Unpaved,Culvert,Indeterminate barrier,Unknown,6010202,Upper Little Tennessee,60102020202,Ellijay Creek,Macon,5.8021,2,Salvelinus fontinalis,0,not located on a reach associated with anadromous / catadromous species habitat,yes,0.138,268.062,263.871,0.138,1730.125,NC2974,dam,,dam,sm3012,268.062,33.9,244000.0,0.5,0.712,0.5,0.178,25000400514107.0,https://tool.aquaticbarriers.org/report/combined_barriers/sm3012,0.0,65,100,7.382914,6,0,Unknown,0,3.96
sm3013,35.198124,-83.282906,Surveyed road/stream crossing - Laurel Branch,Laurel Branch,,Unpaved,Culvert,Barrier - unknown severity,Unknown,6010202,Upper Little Tennessee,60102020202,Ellijay Creek,Macon,5.8021,2,Salvelinus fontinalis,0,not located on a reach associated with anadromous / catadromous species habitat,yes,0.053,0.138,0.138,0.053,1730.263,sm3012,small_barrier,sm3012,culvert,sm3012,268.062,33.9,244000.0,0.5,0.712,0.5,0.178,25000400514107.0,https://tool.aquaticbarriers.org/report/combined_barriers/sm3013,0.0,65,100,7.382914,6,0,Unknown,0,4.09
sm3014,35.198856,-83.28316,Surveyed road/stream crossing - Laurel Branch,Laurel Branch,,Unpaved,Culvert,Barrier - unknown severity,Unknown,6010202,Upper Little Tennessee,60102020202,Ellijay Creek,Macon,5.8021,2,Salvelinus fontinalis,0,not located on a reach associated with anadromous / catadromous species habitat,yes,0.322,0.053,0.053,0.053,1730.316,sm3013,small_barrier,sm3013,culvert,sm3012,268.062,33.9,244000.0,0.5,0.712,0.5,0.178,25000400514107.0,https://tool.aquaticbarriers.org/report/combined_barriers/sm3014,0.0,65,100,7.382914,6,0,Unknown,0,4.14
sm3015,35.21289,-83.24656,Surveyed road/stream crossing - Wildcat Branch,Wildcat Branch,,Paved,Culvert,Barrier - unknown severity,Unknown,6010202,Upper Little Tennessee,60102020202,Ellijay Creek,Macon,8.0169,3,Salvelinus fontinalis,0,not located on a reach associated with anadromous / catadromous species habitat,yes,5.582,1.097,1.097,1.097,1732.699,f10086,waterfall,,waterfall,sm3015,1.097,37.9,494000.0,0.5,0.817,1.0,0.4085,25000400356305.0,https://tool.aquaticbarriers.org/report/combined_barriers/sm3015,2.916,93,100,11.967866,6,0,Unknown,0,5.25
sm3016,35.168606,-83.34264,Surveyed road/stream crossing - Mashburn Branch,Mashburn Branch,,Paved,Culvert,Indeterminate barrier,Unknown,6010202,Upper Little Tennessee,60102020203,Lower Cullasaja River,Macon,3.7666,1,Salvelinus fontinalis,0,not located on a reach associated with anadromous / catadromous species habitat,yes,2.491,268.062,263.871,2.491,1723.568,NC2974,dam,,dam,sm3016,268.062,29.3,392000.0,0.5,0.58,1.0,0.29,25000400439980.0,https://tool.aquaticbarriers.org/report/combined_barriers/sm3016,0.0,53,100,4.043525,8,0,Unknown,1,1.75
sm3017,35.14377,-83.30975,Surveyed road/stream crossing - Nickajack Creek,Nickajack Creek,,Paved,Culvert,Indeterminate barrier,Unknown,6010202,Upper Little Tennessee,60102020203,Lower Cullasaja River,Macon,6.0831,2,Salvelinus fontinalis,0,not located on a reach associated with anadromous / catadromous species habitat,yes,0.243,268.062,263.871,0.243,1728.242,NC2974,dam,,dam,sm3017,268.062,34.5,454000.0,0.5,0.727,1.0,0.3635,25000400373255.0,https://tool.aquaticbarriers.org/report/combined_barriers/sm3017,0.0,54,100,7.63349,8,0,Unknown,0,2.17
sm3018,35.14144,-83.31266,Surveyed road/stream crossing - Nickajack Creek,Nickajack Creek,,Paved,Culvert,Barrier - unknown severity,Unknown,6010202,Upper Little Tennessee,60102020203,Lower Cullasaja River,Macon,6.0831,2,Salvelinus fontinalis,0,not located on a reach associated with anadromous / catadromous species habitat,yes,0.111,0.243,0.243,0.111,1728.485,sm3017,small_barrier,sm3017,culvert,sm3017,268.062,34.5,454000.0,0.5,0.727,1.0,0.3635,25000400373255.0,https://tool.aquaticbarriers.org/report/combined_barriers/sm3018,0.0,54,100,7.63349,8,0,Unknown,0,2.32
sm3019,35.12438,-83.37202,Surveyed road/stream crossing - Fulcher Branch,Fulcher Branch,,Paved,Culvert,Barrier - unknown severity,Unknown,6010202,Upper Little Tennessee,60102020106,Skeenah Creek-Little Tennessee River,Macon,2.698,2,Salvelinus fontinalis,0,not located on a reach associated with anadromous / catadromous species habitat,yes,2.074,268.062,263.871,2.074,1725.952,NC2974,dam,,dam,sm3019,268.062,26.2,355000.0,0.5,0.486,1.0,0.243,25000400369060.0,https://tool.aquaticbarriers.org/report/combined_barriers/sm3019,0.0,47,100,3.49048,5,0,Unknown,0,2.09
sm3020,35.10668,-83.35215,Surveyed road/stream crossing - Hickory Knoll Creek,Hickory Knoll Creek,,Unpaved,Culvert,Barrier - unknown severity,Unknown,6010202,Upper Little Tennessee,60102020106,Skeenah Creek-Little Tennessee River,Macon,5.8792,2,Salvelinus fontinalis,0,not located on a reach associated with anadromous / catadromous species habitat,yes,1.977,3.159,3.159,1.977,1731.618,sm3030,small_barrier,sm3030,culvert,sm3030,268.062,34.1,244000.0,0.5,0.716,0.5,0.179,25000400522546.0,https://tool.aquaticbarriers.org/report/combined_barriers/sm3020,0.0,65,100,8.802069,5,0,Unknown,0,3.43
sm3021,35.128555,-83.381775,Surveyed road/stream crossing - Mcdowell Branch,Mcdowell Branch,,Paved,Culvert,Barrier - unknown severity,Unknown,6010202,Upper Little Tennessee,60102020106,Skeenah Creek-Little Tennessee River,Macon,3.5804,2,Salvelinus fontinalis,0,not located on a reach associated with anadromous / catadromous species habitat,yes,3.158,268.062,263.871,3.158,1725.092,NC2974,dam,,dam,sm3021,268.062,28.8,386000.0,0.5,0.565,1.0,0.2825,25000400436151.0,https://tool.aquaticbarriers.org/report/combined_barriers/sm3021,0.0,41,100,3.784581,5,0,Unknown,1,1.94
sm3022,35.014427,-83.38723,Surveyed road/stream crossing - Mulberry Creek,Mulberry Creek,,Paved,Culvert,Barrier - unknown severity,Unknown,6010202,Upper Little Tennessee,60102020102,Middle Creek-Little Tennessee River,Macon,6.1441,2,Salvelinus fontinalis,0,not located on a reach associated with anadromous / catadromous species habitat,yes,4.291,268.062,263.871,4.291,1738.265,NC2974,dam,,dam,sm3022,268.062,34.6,455000.0,0.5,0.73,1.0,0.365,25000400318549.0,https://tool.aquaticbarriers.org/report/combined_barriers/sm3022,0.0,69,100,7.725554,10,0,Unknown,0,9.78
sm3023,35.113945,-83.41097,Surveyed road/stream crossing - North Fork Skeenah Creek,North Fork Skeenah Creek,,Unpaved,Culvert,Indeterminate barrier,Unknown,6010202,Upper Little Tennessee,60102020106,Skeenah Creek-Little Tennessee River,Macon,6.572,2,Salvelinus fontinalis,0,not located on a reach associated with anadromous / catadromous species habitat,yes,0.873,268.062,263.871,0.873,1728.949,NC2974,dam,,dam,sm3023,268.062,35.4,252000.0,0.5,0.752,0.5,0.188,25000400419286.0,https://tool.aquaticbarriers.org/report/combined_barriers/sm3023,0.0,38,100,7.569952,5,0,Unknown,0,3.69
sm3024,35.11805,-83.42346,Surveyed road/stream crossing - North Fork Skeenah Creek,North Fork Skeenah Creek,,Unpaved,Culvert,Barrier - unknown severity,Unknown,6010202,Upper Little Tennessee,60102020106,Skeenah Creek-Little Tennessee River,Macon,6.572,2,Salvelinus fontinalis,0,not located on a reach associated with anadromous / catadromous species habitat,yes,3.781,0.873,0.873,0.873,1729.822,sm3023,small_barrier,sm3023,culvert,sm3023,268.062,35.4,252000.0,0.5,0.752,0.5,0.188,25000400419286.0,https://tool.aquaticbarriers.org/report/combined_barriers/sm3024,0.0,64,100,7.569952,5,0,Unknown,0,3.99
sm3025,35.106567,-83.417725,Surveyed road/stream crossing - South Fork Skeenah Creek,South Fork Skeenah Creek,,Unpaved,Culvert,Barrier - unknown severity,Unknown,6010202,Upper Little Tennessee,60102020106,Skeenah Creek-Little Tennessee River,Macon,6.4934,2,Salvelinus fontinalis,0,not located on a reach associated with anadromous / catadromous species habitat,yes,0.18,268.062,263.871,0.18,1729.443,NC2974,dam,,dam,sm3025,268.062,35.2,251000.0,0.5,0.748,0.5,0.187,25000400362671.0,https://tool.aquaticbarriers.org/report/combined_barriers/sm3025,0.18,41,100,7.610594,5,0,Unknown,0,4.32
sm3026,35.105316,-83.42049,Surveyed road/stream crossing - South Fork Skeenah Creek,South Fork Skeenah Creek,,Paved,Culvert,Barrier - unknown severity,Unknown,6010202,Upper Little Tennessee,60102020106,Skeenah Creek-Little Tennessee River,Macon,6.4934,2,Salvelinus fontinalis,0,not located on a reach associated with anadromous / catadromous species habitat,yes,4.234,0.18,0.18,0.18,1729.624,sm3025,small_barrier,sm3025,culvert,sm3025,268.062,35.2,463000.0,0.5,0.748,1.0,0.374,25000400362671.0,https://tool.aquaticbarriers.org/report/combined_barriers/sm3026,2.552,65,100,7.610594,5,0,Unknown,0,4.49
sm3027,35.228302,-83.351555,Surveyed road/stream crossing - Us Hwy 23 / Watauga Creek,Watauga Creek,Us Hwy 23,Paved,Culvert,Barrier - unknown severity,Unknown,6010202,Upper Little Tennessee,60102020401,Lake Emory-Little Tennessee River,Macon,17.0575,3,not recorded,2,not located on a reach associated with anadromous / catadromous species habitat,yes,12.044,2.746,2.746,2.746,1717.91,sm3000,small_barrier,sm3000,culvert,sm3000,1837.689,49.1,629000.0,0.5,1.0,1.0,0.5,25000400320221.0,https://tool.aquaticbarriers.org/report/combined_barriers/sm3027,0.0,48,100,19.483742,15,0,Poor,0,3.28
sm3028,35.278885,-83.44361,Surveyed road/stream crossing - Bryson City Rd / Lakey Creek,Lakey Creek,Bryson City Rd,Paved,Culvert,Indeterminate barrier,Unknown,6010202,Upper Little Tennessee,60102020404,Tellico Creek-Little Tennessee River,Macon,6.9174,2,Salvelinus fontinalis,3,not located on a reach associated with anadromous / catadromous species habitat,yes,7.622,1837.689,1712.55,7.622,1706.935,NC3023,dam,,dam,sm3028,1837.689,36.0,472000.0,0.5,0.768,1.0,0.384,25000400343687.0,https://tool.aquaticbarriers.org/report/combined_barriers/sm3028,0.0,64,100,8.783404,15,0,Satisfactory,0,6.99
sm3029,35.134518,-83.37109,Surveyed road/stream crossing - Hayes Mill Creek,Hayes Mill Creek,,Paved,Culvert,Barrier - unknown severity,Unknown,6010202,Upper Little Tennessee,60102020106,Skeenah Creek-Little Tennessee River,Macon,4.6741,2,Salvelinus fontinalis,0,not located on a reach associated with anadromous / catadromous species habitat,yes,3.384,268.062,263.871,3.384,1725.137,NC2974,dam,,dam,sm3029,268.062,31.5,418000.0,0.5,0.645,1.0,0.3225,25000400389880.0,https://tool.aquaticbarriers.org/report/combined_barriers/sm3029,0.0,71,100,5.765584,5,0,Satisfactory,1,1.38
sm3030,35.091488,-83.37523,Surveyed road/stream crossing - State Rd 1643 / Hickory Knoll Creek,Hickory Knoll Creek,State Rd 1643,Paved,Culvert,Indeterminate barrier,Unknown,6010202,Upper Little Tennessee,60102020106,Skeenah Creek-Little Tennessee River,Macon,9.91,2,Salvelinus fontinalis,0,not located on a reach associated with anadromous / catadromous species habitat,yes,3.159,268.062,263.871,3.159,1729.74,NC2974,dam,,dam,sm3030,268.062,40.7,529000.0,0.5,0.888,1.0,0.444,25000400539172.0,https://tool.aquaticbarriers.org/report/combined_barriers/sm3030,0.0,63,100,14.322662,5,0,Satisfactory,0,4.39
sm3031,35.098156,-83.384674,Surveyed road/stream crossing - Us Hwy 23,Bates Branch,Us Hwy 23,Paved,Culvert,Barrier - unknown severity,Unknown,6010202,Upper Little Tennessee,60102020106,Skeenah Creek-Little Tennessee River,Macon,6.4081,2,Salvelinus fontinalis,0,not located on a reach associated with anadromous / catadromous species habitat,yes,4.295,268.062,263.871,4.295,1728.588,NC2974,dam,,dam,sm3031,268.062,35.1,461000.0,0.5,0.744,1.0,0.372,25000400366947.0,https://tool.aquaticbarriers.org/report/combined_barriers/sm3031,0.0,49,100,7.10536,5,0,Satisfactory,0,4.01
sm3032,35.30653,-83.52283,Surveyed road/stream crossing - Long Branch Rd,Rattlesnake Creek,Long Branch Rd,Paved,Culvert,Barrier - unknown severity,Unknown,6010202,Upper Little Tennessee,60102020405,Brush Creek-Little Tennessee River,Swain,6.5379,2,Salvelinus fontinalis,4,not located on a reach associated with anadromous / catadromous species habitat,yes,1.443,1837.689,1712.55,1.443,1699.798,NC3023,dam,,dam,sm3032,1837.689,35.3,464000.0,0.5,0.75,1.0,0.375,25000400305976.0,https://tool.aquaticbarriers.org/report/combined_barriers/sm3032,0.0,61,100,7.16763,15,0,Satisfactory,0,3.49
sm3036,35.751026,-82.222435,Surveyed road/stream crossing - 5544 / Unnamed T,Unnamed T,5544,Unpaved,Culvert,Barrier - unknown severity,Unknown,6010108,Nolichucky,60101080201,Upper South Toe River,Yancey,29.411499,4,Salvelinus fontinalis,0,not located on a reach associated with anadromous / catadromous species habitat,yes,0.201,0.097,0.097,0.097,1889.687,sm2945,small_barrier,sm2945,culvert,sm2728,2428.293,59.3,396000.0,0.5,1.0,0.5,0.25,25000400464033.0,https://tool.aquaticbarriers.org/report/combined_barriers/sm3036,0.0,92,100,39.30959,4,2020,Unknown,25,0.55
sm3043,35.42579,-82.6531,Surveyed road/stream crossing - 142 / Wash Creek,Wash Creek,142,Paved,Culvert,Complete barrier,Moderate,6010105,Upper French Broad,60101050403,Mills River,Henderson,7.3357,4,Salvelinus fontinalis,1,not located on a reach associated with anadromous / catadromous species habitat,yes,11.413,12.963,12.963,11.413,1835.534,NC28104,dam,,dam,sm3043,12.963,36.7,481000.0,0.6,0.788,1.0,0.4728,25000400544540.0,https://tool.aquaticbarriers.org/report/combined_barriers/sm3043,0.0,93,100,6.884566,10,2019,Satisfactory,0,2.38
sm3056,35.45192,-82.669365,Surveyed road/stream crossing - 5000B / Ut Wash Creek,Ut Wash Creek,5000B,Unknown,Culvert,Barrier - unknown severity,Unknown,6010105,Upper French Broad,60101050403,Mills River,Henderson,0.30409998,2,Salvelinus fontinalis,1,not located on a reach associated with anadromous / catadromous species habitat,yes,0.781,5.571,5.571,0.781,1837.926,f202503947,waterfall,,waterfall,sm3056,5.571,13.0,157000.0,0.5,0.099,0.7,0.0346,25000400298860.0,https://tool.aquaticbarriers.org/report/combined_barriers/sm3056,0.0,90,100,0.28232,10,2008,Unknown,1,0.47
sm3057,35.231716,-83.566345,Surveyed road/stream crossing - 7041 / Cold Spring Creek,Cold Spring Creek,7041,Unknown,Inaccessible,Barrier - unknown severity,Unknown,6010202,Upper Little Tennessee,60102020304,Whiteoak Creek-Nantahala River,Macon,1.3672,1,Salvelinus fontinalis,0,not located on a reach associated with anadromous / catadromous species habitat,yes,0.222,1.058,1.058,0.222,1713.086,sm3058,small_barrier,sm3058,culvert,sm2849,9.666,21.0,229000.0,0.5,0.32,0.7,0.112,25000400457247.0,https://tool.aquaticbarriers.org/report/combined_barriers/sm3057,0.222,100,100,2.329055,7,2008,Unknown,0,4.48
sm3058,35.237797,-83.581276,Surveyed road/stream crossing - 7040 / Cold Spring Creek,Cold Spring Creek,7040,Unknown,Inaccessible,Barrier - unknown severity,Unknown,6010202,Upper Little Tennessee,60102020304,Whiteoak Creek-Nantahala River,Macon,1.3672,1,Salvelinus fontinalis,0,not located on a reach associated with anadromous / catadromous species habitat,yes,1.058,8.122,8.122,1.058,1712.029,sm2849,small_barrier,sm2849,culvert,sm2849,9.666,21.0,229000.0,0.5,0.32,0.7,0.112,25000400457247.0,https://tool.aquaticbarriers.org/report/combined_barriers/sm3058,1.058,100,100,2.329055,7,2008,Unknown,0,3.58
sm3059,35.238533,-83.580925,Surveyed road/stream crossing - 7040 / Ut Cold Spring Creek,Ut Cold Spring Creek,7040,Unknown,Inaccessible,Barrier - unknown severity,Unknown,6010202,Upper Little Tennessee,60102020304,Whiteoak Creek-Nantahala River,Macon,0.9088,1,Salvelinus fontinalis,0,not located on a reach associated with anadromous / catadromous species habitat,yes,0.902,8.122,8.122,0.902,1712.042,sm2849,small_barrier,sm2849,culvert,sm2849,9.666,18.4,205000.0,0.5,0.24,0.7,0.084,25000400486691.0,https://tool.aquaticbarriers.org/report/combined_barriers/sm3059,0.0,100,100,1.585038,7,2008,Unknown,0,3.6
sm3060,35.24093,-83.5768,Surveyed road/stream crossing - 7040,Big Branch,7040,Unknown,Inaccessible,Barrier - unknown severity,Unknown,6010202,Upper Little Tennessee,60102020304,Whiteoak Creek-Nantahala River,Macon,2.308,2,Salvelinus fontinalis,0,not located on a reach associated with anadromous / catadromous species habitat,yes,1.404,8.122,8.122,1.404,1712.452,sm2849,small_barrier,sm2849,culvert,sm2849,9.666,24.9,264000.0,0.5,0.444,0.7,0.1554,25000400362666.0,https://tool.aquaticbarriers.org/report/combined_barriers/sm3060,0.877,100,100,3.858905,7,2008,Unknown,0,3.81
sm3062,35.284023,-82.828125,Surveyed road/stream crossing - 475,Davidson River,475,Unknown,Bridge,Barrier - unknown severity,Unknown,6010105,Upper French Broad,60101050202,Davidson River,Transylvania,14.1924,5,Salvelinus fontinalis,0,not located on a reach associated with anadromous / catadromous species habitat,yes,6.177,10.169,10.169,6.177,1858.409,NC61748,dam,,dam,sm3062,10.169,46.1,454000.0,0.5,1.0,0.7,0.35,25000400307481.0,https://tool.aquaticbarriers.org/report/combined_barriers/sm3062,0.0,88,100,22.148062,7,2020,Unknown,0,3.4
sm3066,35.751423,-82.223,Surveyed road/stream crossing - 5544 / Unnamed T,Unnamed T,5544,Unknown,Unknown,Barrier - unknown severity,Unknown,6010108,Nolichucky,60101080201,Upper South Toe River,Yancey,0.44399998,1,Salvelinus fontinalis,0,not located on a reach associated with anadromous / catadromous species habitat,yes,0.528,0.201,0.201,0.201,1889.736,sm3036,small_barrier,sm3036,culvert,sm2728,2428.293,14.7,172000.0,0.5,0.136,0.7,0.0476,25000400388180.0,https://tool.aquaticbarriers.org/report/combined_barriers/sm3066,0.0,100,100,0.517636,4,2020,Unknown,24,0.52
sm3067,35.400864,-82.673035,Surveyed road/stream crossing - 1206 / Left Fork,Left Fork,1206,Unknown,Unknown,Barrier - unknown severity,Unknown,6010105,Upper French Broad,60101050403,Mills River,Henderson,0.0377,1,Salvelinus fontinalis,1,not located on a reach associated with anadromous / catadromous species habitat,yes,0.176,0.014,0.014,0.014,1835.176,sm59172,small_barrier,sm59172,culvert,sm59172,2.099,7.2,105000.0,0.5,0.014,0.7,0.0049,25000400546722.0,https://tool.aquaticbarriers.org/report/combined_barriers/sm3067,0.0,97,100,0.035897,10,2020,Unknown,0,3.7
sm3070,35.370106,-82.76833,Surveyed road/stream crossing - 1206 / Unnamed T,Unnamed T,1206,Unknown,Unknown,Barrier - unknown severity,Unknown,6010105,Upper French Broad,60101050402,South Fork Mills River,Transylvania,0.4819,2,Salvelinus fontinalis,0,not located on a reach associated with anadromous / catadromous species habitat,yes,1.521,60.922,60.922,1.521,1855.795,f12461,waterfall,,waterfall,sm3070,60.922,15.0,175000.0,0.5,0.146,0.7,0.0511,25000400456285.0,https://tool.aquaticbarriers.org/report/combined_barriers/sm3070,1.234,95,100,0.617491,10,2020,Unknown,0,2.1
sm3071,35.514362,-83.2275,Surveyed road/stream crossing - Big Witch,Big Witch,,Unknown,Culvert,Barrier - unknown severity,Unknown,6010203,Tuckasegee,60102030206,Soco Creek,Jackson,2.2466,1,Salvelinus fontinalis,0,not located on a reach associated with anadromous / catadromous species habitat,yes,0.765,0.386,0.386,0.386,1713.971,sm3079,small_barrier,sm3079,culvert,sm3079,11.133,24.7,262000.0,0.5,0.437,0.7,0.153,25000400350348.0,https://tool.aquaticbarriers.org/report/combined_barriers/sm3071,0.0,98,100,2.982286,4,0,Unknown,0,5.83
sm3072,35.496204,-83.16882,Surveyed road/stream crossing - Soco Creek,Soco Creek,,Unknown,Culvert,Barrier - unknown severity,Unknown,6010203,Tuckasegee,60102030206,Soco Creek,Jackson,1.9913,2,Salvelinus fontinalis,0,not located on a reach associated with anadromous / catadromous species habitat,yes,1.044,2.562,2.562,1.044,1717.134,f25139,waterfall,,waterfall,sm3072,2.562,23.7,254000.0,0.5,0.407,0.7,0.1424,25000400463774.0,https://tool.aquaticbarriers.org/report/combined_barriers/sm3072,0.0,81,100,2.592485,4,0,Unknown,0,3.11
sm3073,35.487225,-83.214355,Surveyed road/stream crossing - Jenkins,Jenkins,,Unknown,Culvert,Barrier - unknown severity,Unknown,6010203,Tuckasegee,60102030206,Soco Creek,Jackson,6.5376,2,Salvelinus fontinalis,0,not located on a reach associated with anadromous / catadromous species habitat,yes,3.8,1.251,1.251,1.251,1714.489,sm3074,small_barrier,sm3074,culvert,sm3076,432.799,35.3,358000.0,0.5,0.75,0.7,0.2625,25000400361067.0,https://tool.aquaticbarriers.org/report/combined_barriers/sm3073,0.0,83,100,9.099624,4,0,Unknown,0,5.73
sm3074,35.483887,-83.213844,Surveyed road/stream crossing - Jenkins,Jenkins,,Unknown,Culvert,Barrier - unknown severity,Unknown,6010203,Tuckasegee,60102030206,Soco Creek,Jackson,7.7969,2,Salvelinus fontinalis,0,not located on a reach associated with anadromous / catadromous species habitat,yes,1.251,0.524,0.524,0.524,1714.233,sm3075,small_barrier,sm3075,culvert,sm3076,432.799,37.5,378000.0,0.5,0.808,0.7,0.2828,25000400396598.0,https://tool.aquaticbarriers.org/report/combined_barriers/sm3074,0.0,92,100,10.652084,4,0,Unknown,0,5.75
sm3075,35.481537,-83.21608,Surveyed road/stream crossing - Jenkins,Jenkins,,Unknown,Culvert,Barrier - unknown severity,Unknown,6010203,Tuckasegee,60102030206,Soco Creek,Jackson,8.4234,2,Salvelinus fontinalis,0,not located on a reach associated with anadromous / catadromous species habitat,yes,0.524,1.088,1.088,0.524,1714.024,sm3076,small_barrier,sm3076,culvert,sm3076,432.799,38.5,387000.0,0.5,0.833,0.7,0.2915,25000400373518.0,https://tool.aquaticbarriers.org/report/combined_barriers/sm3075,0.0,92,100,11.391246,4,0,Unknown,0,5.92
sm3076,35.47404,-83.221725,Surveyed road/stream crossing - Jenkins,Jenkins,,Unknown,Culvert,Barrier - unknown severity,Unknown,6010203,Tuckasegee,60102030206,Soco Creek,Jackson,9.1421,2,Salvelinus fontinalis,0,not located on a reach associated with anadromous / catadromous species habitat,yes,1.088,432.799,432.799,1.088,1713.362,NC3046,dam,,dam,sm3076,432.799,39.6,396000.0,0.5,0.86,0.7,0.301,25000400447175.0,https://tool.aquaticbarriers.org/report/combined_barriers/sm3076,0.0,78,100,12.20455,4,0,Unknown,0,6.37
sm3077,35.509068,-83.19575,Surveyed road/stream crossing - Jenkins Ef,Jenkins Ef,,Unknown,Culvert,Indeterminate barrier,Unknown,6010203,Tuckasegee,60102030206,Soco Creek,Jackson,2.7148,1,Salvelinus fontinalis,0,not located on a reach associated with anadromous / catadromous species habitat,yes,0.216,3.8,3.8,0.216,1716.557,sm3073,small_barrier,sm3073,culvert,sm3076,432.799,26.3,277000.0,0.5,0.487,0.7,0.1704,25000400514327.0,https://tool.aquaticbarriers.org/report/combined_barriers/sm3077,0.0,87,100,3.866328,4,0,Unknown,0,4.58
sm3078,35.511185,-83.22199,Surveyed road/stream crossing - Big Witch (Rf),Big Witch (Rf),,Unknown,Culvert,Barrier - unknown severity,Unknown,6010203,Tuckasegee,60102030206,Soco Creek,Jackson,1.5432,1,Salvelinus fontinalis,0,not located on a reach associated with anadromous / catadromous species habitat,yes,0.426,11.133,11.133,0.426,1714.031,f30306,waterfall,,waterfall,sm3078,11.133,21.8,236000.0,0.5,0.347,0.7,0.1214,25000400501751.0,https://tool.aquaticbarriers.org/report/combined_barriers/sm3078,0.0,100,100,2.129177,4,0,Unknown,0,5.71
sm3079,35.509598,-83.22979,Surveyed road/stream crossing - Big Witch (Lf),Big Witch (Lf),,Unknown,Culvert,Barrier - unknown severity,Unknown,6010203,Tuckasegee,60102030206,Soco Creek,Jackson,2.2466,1,Salvelinus fontinalis,0,not located on a reach associated with anadromous / catadromous species habitat,yes,0.386,11.133,11.133,0.386,1713.585,f30306,waterfall,,waterfall,sm3079,11.133,24.7,262000.0,0.5,0.437,0.7,0.153,25000400350348.0,https://tool.aquaticbarriers.org/report/combined_barriers/sm3079,0.0,98,100,2.982286,4,0,Unknown,0,6.13
sm3080,35.457848,-83.361595,Surveyed road/stream crossing - Highway 19 / Goose,Goose,Highway 19,Paved,Culvert,Indeterminate barrier,Unknown,6010203,Tuckasegee,60102030207,Lower Oconaluftee River,Swain,4.0807,4,not recorded,1,not located on a reach associated with anadromous / catadromous species habitat,yes,12.855,432.799,432.799,12.855,1702.649,NC3046,dam,,dam,sm3080,432.799,30.1,402000.0,0.5,0.604,1.0,0.302,25000400485966.0,https://tool.aquaticbarriers.org/report/combined_barriers/sm3080,0.0,58,100,3.739026,8,0,Unknown,0,6.71
sm3081,35.466408,-83.214714,Surveyed road/stream crossing - Shut-In,Shut-In,,Unknown,Culvert,Barrier - unknown severity,Unknown,6010203,Tuckasegee,60102030206,Soco Creek,Jackson,6.0705,3,Salvelinus fontinalis,0,not located on a reach associated with anadromous / catadromous species habitat,yes,6.517,432.799,432.799,6.517,1714.01,NC3046,dam,,dam,sm3081,432.799,34.4,350000.0,0.5,0.726,0.7,0.2541,25000400360881.0,https://tool.aquaticbarriers.org/report/combined_barriers/sm3081,0.0,94,100,8.025038,4,0,Unknown,0,6.21
sm3082,35.47144,-83.20855,Surveyed road/stream crossing - Black Rock,Black Rock,,Unknown,Culvert,Indeterminate barrier,Unknown,6010203,Tuckasegee,60102030206,Soco Creek,Jackson,6.5751,3,Salvelinus fontinalis,0,not located on a reach associated with anadromous / catadromous species habitat,yes,7.227,432.799,432.799,7.227,1714.102,NC3046,dam,,dam,sm3082,432.799,35.4,359000.0,0.5,0.752,0.7,0.2632,25000400358804.0,https://tool.aquaticbarriers.org/report/combined_barriers/sm3082,0.0,94,100,8.619727,4,0,Unknown,0,5.75
sm3083,35.533913,-83.27658,Surveyed road/stream crossing - Mingo Creek,Mingo Creek,,Unknown,Culvert,Indeterminate barrier,Unknown,6010203,Tuckasegee,60102030205,Lower Raven Fork,Swain,4.6736,4,Salvelinus fontinalis,0,not located on a reach associated with anadromous / catadromous species habitat,yes,0.213,432.799,432.799,0.213,1714.669,NC3046,dam,,dam,sm3083,432.799,31.5,324000.0,0.5,0.645,0.7,0.2258,25000400498697.0,https://tool.aquaticbarriers.org/report/combined_barriers/sm3083,0.0,99,100,5.813174,5,0,Unknown,0,7.17
sm3084,35.553833,-83.25944,Surveyed road/stream crossing - Galamore,Galamore,,Unknown,Culvert,Barrier - unknown severity,Unknown,6010203,Tuckasegee,60102030205,Lower Raven Fork,Swain,3.1634,4,Salvelinus fontinalis,0,not located on a reach associated with anadromous / catadromous species habitat,yes,7.533,432.799,432.799,7.533,1716.847,NC3046,dam,,dam,sm3084,432.799,27.7,289000.0,0.5,0.53,0.7,0.1855,25000400326094.0,https://tool.aquaticbarriers.org/report/combined_barriers/sm3084,0.0,86,100,3.315113,5,0,Unknown,0,5.58
sm3085,35.54201,-83.21682,Surveyed road/stream crossing - Heintooga,Heintooga,,Unknown,Culvert,Indeterminate barrier,Unknown,6010203,Tuckasegee,60102030205,Lower Raven Fork,Swain,4.1065,3,Salvelinus fontinalis,0,not located on a reach associated with anadromous / catadromous species habitat,yes,5.486,432.799,432.799,5.486,1720.573,NC3046,dam,,dam,sm3085,432.799,30.2,312000.0,0.5,0.606,0.7,0.2121,25000400372566.0,https://tool.aquaticbarriers.org/report/combined_barriers/sm3085,0.0,100,100,5.646309,5,0,Unknown,0,4.39
sm3086,35.55035,-83.23096,Surveyed road/stream crossing - Bunches Creek Road / Indian Creek,Indian Creek,Bunches Creek Road,Unknown,Culvert,Barrier - unknown severity,Unknown,6010203,Tuckasegee,60102030205,Lower Raven Fork,Swain,10.7101,4,Salvelinus fontinalis,0,not located on a reach associated with anadromous / catadromous species habitat,yes,12.12,432.799,432.799,12.12,1719.248,NC3046,dam,,dam,sm3086,432.799,41.8,416000.0,0.5,0.914,0.7,0.3199,25000400523966.0,https://tool.aquaticbarriers.org/report/combined_barriers/sm3086,0.0,97,100,14.818917,5,0,Unknown,0,4.5
sm3087,35.45697,-83.24345,Surveyed road/stream crossing - Washington Creek,Washington Creek,,Unknown,Culvert,Barrier - unknown severity,Unknown,6010203,Tuckasegee,60102030206,Soco Creek,Jackson,4.245,3,Salvelinus fontinalis,0,not located on a reach associated with anadromous / catadromous species habitat,yes,1.574,432.799,432.799,1.574,1712.603,NC3046,dam,,dam,sm3087,432.799,30.5,315000.0,0.5,0.616,0.7,0.2156,25000400554251.0,https://tool.aquaticbarriers.org/report/combined_barriers/sm3087,0.0,79,100,5.184126,4,0,Unknown,0,7.94
sm3088,35.453938,-83.24245,Surveyed road/stream crossing - Trib To Washington,Trib To Washington,,Unknown,Culvert,Indeterminate barrier,Unknown,6010203,Tuckasegee,60102030206,Soco Creek,Jackson,1.9095,2,Salvelinus fontinalis,0,not located on a reach associated with anadromous / catadromous species habitat,yes,1.362,1.574,1.574,1.362,1712.828,sm3087,small_barrier,sm3087,culvert,sm3087,432.799,23.4,251000.0,0.5,0.397,0.7,0.139,25000400406910.0,https://tool.aquaticbarriers.org/report/combined_barriers/sm3088,0.0,89,100,2.371455,4,0,Unknown,0,7.98
sm49835,35.321682,-82.80264,Surveyed road/stream crossing - 475B / Ut To Log Hollow,Ut To Log Hollow,475B,Unpaved,Culvert,Moderate barrier,Unknown,6010105,Upper French Broad,60101050202,Davidson River,Transylvania,0.9493,3,Salvelinus fontinalis,0,not located on a reach associated with anadromous / catadromous species habitat,yes,1.702,20.309,20.309,1.702,1858.433,f28104,waterfall,,waterfall,sm49835,20.309,18.6,152000.0,0.5,0.248,0.5,0.062,25000400475530.0,https://tool.aquaticbarriers.org/report/combined_barriers/sm49835,0.631,99,100,1.301105,7,2020,Satisfactory,0,2.56
sm49837,35.317177,-82.80523,Surveyed road/stream crossing - Fs475B / Bear Pen Branch,Bear Pen Branch,Fs475B,Unpaved,Culvert,Moderate barrier,Moderate,6010105,Upper French Broad,60101050202,Davidson River,Transylvania,1.9122,4,Salvelinus fontinalis,0,not located on a reach associated with anadromous / catadromous species habitat,yes,4.955,1.177,1.177,1.177,1858.531,f26742,waterfall,,waterfall,sm49837,1.177,23.4,180000.0,0.6,0.397,0.5,0.1191,25000400399670.0,https://tool.aquaticbarriers.org/report/combined_barriers/sm49837,1.883,100,100,2.665053,7,2020,Satisfactory,0,2.47
sm49882,35.318363,-82.81961,Surveyed road/stream crossing - 5043 / Big Bearpen Branch,Big Bearpen Branch,5043,Unpaved,Ford / low water crossing,Complete barrier,Spans full channel & banks,6010105,Upper French Broad,60101050202,Davidson River,Transylvania,0.53519994,3,Salvelinus fontinalis,0,not located on a reach associated with anadromous / catadromous species habitat,yes,1.715,4.955,4.955,1.715,1859.448,sm49837,small_barrier,sm49837,culvert,sm49837,1.177,15.5,133000.0,0.0,0.159,0.5,0.0,25000400458668.0,https://tool.aquaticbarriers.org/report/combined_barriers/sm49882,0.598,97,100,0.780735,7,2020,Satisfactory,0,3.2
sm50267,36.04398,-81.79321,Surveyed road/stream crossing - Fs 451 / Trib Rock House Creek,Trib Rock House Creek,Fs 451,Unpaved,Culvert,Moderate barrier,Moderate,3050101,Upper Catawba,30501010502,Upper Wilson Creek,Avery,0.5333,1,Salvelinus fontinalis,0,not located on a reach associated with anadromous / catadromous species habitat,yes,0.15,57.436,57.436,0.15,422.467,f27921,waterfall,,waterfall,sm50267,57.436,9.2,95000.0,0.6,0.159,0.5,0.0477,15001500161607.0,https://tool.aquaticbarriers.org/report/combined_barriers/sm50267,0.0,86,100,0.333382,8,2020,Satisfactory,1,1.36
sm50272,36.046883,-81.79285,Surveyed road/stream crossing - Fs451 / Trib Rock House Creek,Trib Rock House Creek,Fs451,Unpaved,Culvert,Complete barrier,Severe,3050101,Upper Catawba,30501010502,Upper Wilson Creek,Avery,0.4013,1,Salvelinus fontinalis,0,not located on a reach associated with anadromous / catadromous species habitat,yes,0.332,57.436,57.436,0.332,422.982,f27921,waterfall,,waterfall,sm50272,57.436,8.4,90000.0,1.0,0.125,0.5,0.0625,15001500085126.0,https://tool.aquaticbarriers.org/report/combined_barriers/sm50272,0.0,92,100,0.259101,8,2020,Satisfactory,1,1.24
sm50286,34.54907,-78.08019,Surveyed road/stream crossing - Us Hwy 421 / Ut To Buxton Branch,Ut To Buxton Branch,Us Hwy 421,Paved,Culvert,Complete barrier,Spans only bankfull/active channel,3030006,Black,30300060703,Middle Moores Creek,Pender,0.7687,1,not recorded,0,not located on a reach associated with anadromous / catadromous species habitat,no,0.289,0.168,0.168,0.168,0.168,,,,outlet,sm50286,0.168,10.5,166000.0,0.1,0.212,1.0,0.0212,15000500088172.0,https://tool.aquaticbarriers.org/report/combined_barriers/sm50286,0.0,72,100,0.400154,6,0,Poor,0,206.85
sm50292,34.49924,-78.111626,Surveyed road/stream crossing - Bell Williams / Trig Of Moores Creek,Trig Of Moores Creek,Bell Williams,Paved,Culvert,Complete barrier,Spans only bankfull/active channel,3030006,Black,30300060704,Lower Moores Creek,Pender,2.5424001,1,not recorded,1,located on a reach associated with anadromous / catadromous species habitat,yes,0.089,6015.769,6009.144,0.089,61.598,,,,outlet,sm50292,6015.769,16.2,234000.0,0.1,0.47,1.0,0.047,15000500032038.0,https://tool.aquaticbarriers.org/report/combined_barriers/sm50292,0.0,82,100,1.30789,7,0,Satisfactory,0,207.74
sm50294,34.462624,-78.09764,Surveyed road/stream crossing - Brinson / Trib Of Lewis Branch,Trib Of Lewis Branch,Brinson,Paved,Culvert,Moderate barrier,Severe,3030006,Black,30300060704,Lower Moores Creek,Pender,7.2342,3,not recorded,1,located on a reach associated with anadromous / catadromous species habitat,yes,0.265,6015.769,6009.144,0.265,59.542,,,,outlet,sm50294,6015.769,24.2,330000.0,1.0,0.783,1.0,0.783,15000500043382.0,https://tool.aquaticbarriers.org/report/combined_barriers/sm50294,0.0,91,100,1.966786,7,0,Satisfactory,0,210.0
sm50299,34.46388,-78.09345,Surveyed road/stream crossing - Borough Rd / Trib Of Lewis Branch,Trib Of Lewis Branch,Borough Rd,Paved,Culvert,Moderate barrier,Severe,3030006,Black,30300060704,Lower Moores Creek,Pender,7.2342,3,not recorded,1,located on a reach associated with anadromous / catadromous species habitat,yes,0.476,0.265,0.265,0.265,59.807,sm50294,small_barrier,sm50294,culvert,sm50294,6015.769,24.2,330000.0,1.0,0.783,1.0,0.783,15000500043382.0,https://tool.aquaticbarriers.org/report/combined_barriers/sm50299,0.0,91,100,1.966786,7,0,Satisfactory,0,210.12
sm50303,34.487053,-78.107216,Surveyed road/stream crossing - Bell Williams / Trib Of Moores,Trib Of Moores,Bell Williams,Paved,Culvert,Complete barrier,Moderate,3030006,Black,30300060704,Lower Moores Creek,Pender,0.58169997,1,not recorded,1,located on a reach associated with anadromous / catadromous species habitat,yes,0.025,6015.769,6009.144,0.025,60.469,,,,outlet,sm50303,6015.769,9.5,154000.0,0.6,0.17,1.0,0.102,15000500020876.0,https://tool.aquaticbarriers.org/report/combined_barriers/sm50303,0.0,51,100,0.299222,7,0,Satisfactory,0,208.48
sm50305,34.473618,-78.09342,Surveyed road/stream crossing - Highway 210 / Ut Of Deer Valley Branch,Ut Of Deer Valley Branch,Highway 210,Paved,Culvert,Complete barrier,Moderate,3030006,Black,30300060704,Lower Moores Creek,Pender,1.1833,2,not recorded,1,located on a reach associated with anadromous / catadromous species habitat,yes,1.061,6015.769,6009.144,1.061,59.776,,,,outlet,sm50305,6015.769,12.2,186000.0,0.6,0.29,1.0,0.174,15000500043383.0,https://tool.aquaticbarriers.org/report/combined_barriers/sm50305,0.0,74,100,0.612106,7,0,Satisfactory,0,209.68
sm50326,34.647476,-78.116196,Surveyed road/stream crossing - Hwy 421 / Ut To Moores Creek,Ut To Moores Creek,Hwy 421,Paved,Culvert,Complete barrier,Moderate,3030006,Black,30300060702,Upper Moores Creek,Pender,1.3110001,2,not recorded,0,located on a reach associated with anadromous / catadromous species habitat,yes,1.749,6015.769,6009.144,1.749,74.745,,,,outlet,sm50326,6015.769,12.6,192000.0,0.6,0.311,1.0,0.1866,15000500043294.0,https://tool.aquaticbarriers.org/report/combined_barriers/sm50326,0.0,20,100,0.602593,1,0,Satisfactory,0,200.95
sm50329,34.603313,-78.135376,Surveyed road/stream crossing - Shiloh Rd / Crab Branch,Crab Branch,Shiloh Rd,Paved,Culvert,Complete barrier,Moderate,3030006,Black,30300060701,White Oak Branch,Pender,1.5135,1,not recorded,0,located on a reach associated with anadromous / catadromous species habitat,yes,0.584,6015.769,6009.144,0.584,71.702,,,,outlet,sm50329,6015.769,13.3,200000.0,0.6,0.342,1.0,0.2052,15000500022189.0,https://tool.aquaticbarriers.org/report/combined_barriers/sm50329,0.0,87,100,0.77231,8,0,Poor,0,202.05
sm50331,34.571472,-78.15316,Surveyed road/stream crossing - Hayes Road / Ut Tuckahoe Branch,Ut Tuckahoe Branch,Hayes Road,Unpaved,Culvert,Moderate barrier,Severe,3030006,Black,30300060701,White Oak Branch,Pender,0.4538,1,not recorded,0,located on a reach associated with anadromous / catadromous species habitat,yes,0.068,6015.769,6009.144,0.068,72.724,,,,outlet,sm50331,6015.769,8.7,92000.0,1.0,0.139,0.5,0.0695,15000500031980.0,https://tool.aquaticbarriers.org/report/combined_barriers/sm50331,0.0,65,100,0.228967,8,0,Satisfactory,0,202.69
sm50333,34.572277,-78.15926,Surveyed road/stream crossing - Tuckahoe Rd / Tuckahoe Branch,Tuckahoe Branch,Tuckahoe Rd,Paved,Culvert,Moderate barrier,Spans full channel & banks,3030006,Black,30300060701,White Oak Branch,Pender,5.1918,1,not recorded,0,located on a reach associated with anadromous / catadromous species habitat,yes,0.88,6015.769,6009.144,0.88,72.895,,,,outlet,sm50333,6015.769,21.2,295000.0,0.0,0.677,1.0,0.0,15000500031882.0,https://tool.aquaticbarriers.org/report/combined_barriers/sm50333,0.0,96,100,2.582333,8,0,Satisfactory,0,202.39
sm50335,34.607628,-78.200424,Surveyed road/stream crossing - Shiloh Rd / Big Rattlesnake Creek,Big Rattlesnake Creek,Shiloh Rd,Paved,Culvert,Moderate barrier,Spans full channel & banks,3030006,Black,30300060701,White Oak Branch,Pender,9.9286995,2,not recorded,0,located on a reach associated with anadromous / catadromous species habitat,yes,5.07,6015.769,6009.144,5.07,75.617,,,,outlet,sm50335,6015.769,27.4,369000.0,0.0,0.888,1.0,0.0,15000500009181.0,https://tool.aquaticbarriers.org/report/combined_barriers/sm50335,0.0,95,100,4.794178,8,0,Satisfactory,0,199.03
sm50420,34.529236,-78.173035,Surveyed road/stream crossing - Springfield St.   Town Of Atkinson’S / Ut To Mills Branch,Ut To Mills Branch,Springfield St.   Town Of Atkinson’S,Paved,Culvert,Complete barrier,Severe,3030006,Black,30300060703,Middle Moores Creek,Pender,2.0804,1,not recorded,0,located on a reach associated with anadromous / catadromous species habitat,yes,0.074,6015.769,6009.144,0.074,65.539,,,,outlet,sm50420,6015.769,15.0,220000.0,1.0,0.418,1.0,0.418,15000500020633.0,https://tool.aquaticbarriers.org/report/combined_barriers/sm50420,0.0,56,100,1.031084,6,0,Poor,0,203.74
sm50423,34.435997,-78.165565,Surveyed road/stream crossing - Highway 210 / Ut To Colly Creek,Ut To Colly Creek,Highway 210,Paved,Culvert,Complete barrier,Moderate,3030006,Black,30300060603,Lower Colly Creek,Pender,307.1737,4,not recorded,0,located on a reach associated with anadromous / catadromous species habitat,yes,0.314,6015.769,6009.144,0.314,58.938,,,,outlet,sm50423,6015.769,113.2,1399000.0,0.6,1.0,1.0,0.6,15000500020618.0,https://tool.aquaticbarriers.org/report/combined_barriers/sm50423,0.0,35,100,0.10063,8,0,Satisfactory,0,208.36
sm50433,34.707775,-78.45041,Surveyed road/stream crossing - Mote Rd / Ut To Colly Creek,Ut To Colly Creek,Mote Rd,Paved,Culvert,Moderate barrier,Spans full channel & banks,3030006,Black,30300060601,Upper Colly Creek,Bladen,0.903,1,not recorded,0,located on a reach associated with anadromous / catadromous species habitat,yes,0.76,6015.769,6009.144,0.76,92.02,,,,outlet,sm50433,6015.769,11.1,173000.0,0.0,0.239,1.0,0.0,15000500075125.0,https://tool.aquaticbarriers.org/report/combined_barriers/sm50433,0.0,88,100,0.368053,9,0,Satisfactory,0,183.77
sm50436,34.728256,-78.47003,Surveyed road/stream crossing - Wade Smith Rd / Ut To Colly Creek,Ut To Colly Creek,Wade Smith Rd,Paved,Culvert,Moderate barrier,Spans only bankfull/active channel,3030006,Black,30300060601,Upper Colly Creek,Bladen,1.1844001,2,not recorded,0,located on a reach associated with anadromous / catadromous species habitat,yes,0.935,6015.769,6009.144,0.935,93.846,,,,outlet,sm50436,6015.769,12.2,186000.0,0.1,0.29,1.0,0.029,15000500063970.0,https://tool.aquaticbarriers.org/report/combined_barriers/sm50436,0.0,94,100,0.480904,9,0,Satisfactory,0,182.0
sm50438,34.70555,-78.49124,Surveyed road/stream crossing - Autrytown Rd / Ut To Little Colly Creek,Ut To Little Colly Creek,Autrytown Rd,Paved,Culvert,Complete barrier,Moderate,3030006,Black,30300060601,Upper Colly Creek,Bladen,1.4097999,2,not recorded,0,located on a reach associated with anadromous / catadromous species habitat,yes,1.036,6015.769,6009.144,1.036,92.783,,,,outlet,sm50438,6015.769,13.0,196000.0,0.6,0.327,1.0,0.1962,15000500030436.0,https://tool.aquaticbarriers.org/report/combined_barriers/sm50438,0.0,93,100,0.565376,9,0,Poor,0,182.14
sm50465,34.689255,-78.36988,Surveyed road/stream crossing - Nc 210 / Ut To South River,Ut To South River,Nc 210,Paved,Culvert,Complete barrier,Spans only bankfull/active channel,3030006,Black,30300060208,Lake Creek-South River,Bladen,0.71089995,1,not recorded,1,located on a reach associated with anadromous / catadromous species habitat,yes,0.608,6015.769,6009.144,0.608,97.25,,,,outlet,sm50465,6015.769,10.2,162000.0,0.1,0.199,1.0,0.0199,15000500086726.0,https://tool.aquaticbarriers.org/report/combined_barriers/sm50465,0.0,76,100,0.300512,11,0,Satisfactory,0,188.05
sm50545,34.644024,-78.329,Surveyed road/stream crossing - Hwy 210 / Ut To South River,Ut To South River,Hwy 210,Paved,Culvert,Complete barrier,Moderate,3030006,Black,30300060208,Lake Creek-South River,Bladen,0.5426,1,not recorded,1,located on a reach associated with anadromous / catadromous species habitat,yes,0.4,6015.769,6009.144,0.4,89.021,,,,outlet,sm50545,6015.769,9.3,151000.0,0.6,0.161,1.0,0.0966,15000500008611.0,https://tool.aquaticbarriers.org/report/combined_barriers/sm50545,0.0,81,100,0.235147,11,0,Satisfactory,0,191.85
sm50554,34.617733,-78.32398,Surveyed road/stream crossing - Nc 210 / Ut Tour South River,Ut Tour South River,Nc 210,Paved,Culvert,Moderate barrier,Spans only bankfull/active channel,3030006,Black,30300060208,Lake Creek-South River,Bladen,2.3202999,1,not recorded,1,located on a reach associated with anadromous / catadromous species habitat,yes,0.908,6015.769,6009.144,0.908,85.108,,,,outlet,sm50554,6015.769,15.6,227000.0,0.1,0.446,1.0,0.0446,15000500087113.0,https://tool.aquaticbarriers.org/report/combined_barriers/sm50554,0.0,83,100,1.008977,11,0,Satisfactory,0,193.27
sm50611,34.637722,-78.137665,Surveyed road/stream crossing - Indian Hill Road / Bulltail Creek,Bulltail Creek,Indian Hill Road,Paved,Culvert,Moderate barrier,Severe,3030006,Black,30300060702,Upper Moores Creek,Pender,8.1499,2,not recorded,0,located on a reach associated with anadromous / catadromous species habitat,yes,1.999,6015.769,6009.144,1.999,75.157,,,,outlet,sm50611,6015.769,25.4,344000.0,1.0,0.822,1.0,0.822,15000500009383.0,https://tool.aquaticbarriers.org/report/combined_barriers/sm50611,0.0,68,100,1.943077,1,0,Satisfactory,0,200.43
sm50766,34.454678,-78.108696,Surveyed road/stream crossing - Nc 210 / Ut Moore’S Creek,Ut Moore’S Creek,Nc 210,Paved,Culvert,Moderate barrier,Moderate,3030006,Black,30300060704,Lower Moores Creek,Pender,1.4283,1,not recorded,1,located on a reach associated with anadromous / catadromous species habitat,yes,0.669,6015.769,6009.144,0.669,57.759,,,,outlet,sm50766,6015.769,13.0,197000.0,0.6,0.33,1.0,0.198,15000500043284.0,https://tool.aquaticbarriers.org/report/combined_barriers/sm50766,0.0,88,100,0.736465,7,0,Satisfactory,0,209.9
sm50772,34.428936,-78.0763,Surveyed road/stream crossing - Montage Rd / Ut Bear Branch.,Ut Bear Branch.,Montage Rd,Paved,Culvert,Moderate barrier,Severe,3030006,Black,30300060807,Cross Way Creek-Black River,Pender,0.43980002,2,not recorded,3,located on a reach associated with anadromous / catadromous species habitat,yes,1.194,6015.769,6009.144,1.194,54.033,,,,outlet,sm50772,6015.769,8.7,144000.0,1.0,0.135,1.0,0.135,15000500077418.0,https://tool.aquaticbarriers.org/report/combined_barriers/sm50772,0.0,58,100,0.216281,9,0,Satisfactory,0,212.46
sm50808,34.491592,-78.1692,Surveyed road/stream crossing - Slocum Rd / Ut Colvins,Ut Colvins,Slocum Rd,Paved,Culvert,Moderate barrier,Spans only bankfull/active channel,3030006,Black,30300060804,Colvins Creek,Pender,1.659,1,not recorded,1,located on a reach associated with anadromous / catadromous species habitat,yes,0.036,6015.769,6009.144,0.036,62.517,,,,outlet,sm50808,6015.769,13.8,205000.0,0.1,0.363,1.0,0.0363,15000500043116.0,https://tool.aquaticbarriers.org/report/combined_barriers/sm50808,0.0,95,100,0.825763,9,2019,Satisfactory,0,205.63
sm50810,34.54729,-78.2194,Surveyed road/stream crossing - Beatty’S Bridge Road / Jones Creek,Jones Creek,Beatty’S Bridge Road,Paved,Culvert,Moderate barrier,Spans only bankfull/active channel,3030006,Black,30300060804,Colvins Creek,Pender,9.938,2,not recorded,1,not located on a reach associated with anadromous / catadromous species habitat,yes,4.635,0.756,0.491,0.491,67.979,NC2752,dam,,dam,sm50810,0.756,27.4,369000.0,0.1,0.888,1.0,0.0888,15000500054150.0,https://tool.aquaticbarriers.org/report/combined_barriers/sm50810,0.0,91,100,4.739678,9,0,Satisfactory,0,200.94
sm50812,34.55391,-78.17702,Surveyed road/stream crossing - Tuckahoe / Ut,Ut,Tuckahoe,Paved,Culvert,Moderate barrier,Severe,3030006,Black,30300060804,Colvins Creek,Pender,3.1675,1,not recorded,1,located on a reach associated with anadromous / catadromous species habitat,yes,0.637,9.463,9.463,0.637,69.761,sm50886,small_barrier,sm50886,culvert,sm50886,6015.769,17.6,251000.0,1.0,0.53,1.0,0.53,15000500065267.0,https://tool.aquaticbarriers.org/report/combined_barriers/sm50812,0.0,69,100,1.566545,9,0,Satisfactory,0,202.45
sm50815,34.547894,-78.187416,Surveyed road/stream crossing - Beatty’S Bridge Rd / Ut Colvins Creek,Ut Colvins Creek,Beatty’S Bridge Rd,Paved,Culvert,Complete barrier,Moderate,3030006,Black,30300060804,Colvins Creek,Pender,0.16109999,1,not recorded,1,located on a reach associated with anadromous / catadromous species habitat,yes,0.27,9.463,9.463,0.27,67.639,sm50886,small_barrier,sm50886,culvert,sm50886,6015.769,6.3,116000.0,0.6,0.055,1.0,0.033,15000500076400.0,https://tool.aquaticbarriers.org/report/combined_barriers/sm50815,0.0,14,100,0.079015,9,0,Satisfactory,0,202.28
sm50819,34.468716,-78.20359,Surveyed road/stream crossing - Nc Rt 11 / Ut Black R.,Ut Black R.,Nc Rt 11,Paved,Culvert,Complete barrier,Moderate,3030006,Black,30300060805,Rowan Creek-Black River,Bladen,0.4559,1,not recorded,2,located on a reach associated with anadromous / catadromous species habitat,yes,0.417,6015.769,6009.144,0.417,63.423,,,,outlet,sm50819,6015.769,8.8,145000.0,0.6,0.14,1.0,0.084,15000500065195.0,https://tool.aquaticbarriers.org/report/combined_barriers/sm50819,0.0,89,100,0.22136,13,0,Satisfactory,0,205.24
sm50825,34.4629,-78.1563,Surveyed road/stream crossing - Point Caswell Rd / Ut Black R.,Ut Black R.,Point Caswell Rd,Unpaved,Culvert,Complete barrier,Severe,3030006,Black,30300060805,Rowan Creek-Black River,Pender,0.52330005,1,not recorded,2,located on a reach associated with anadromous / catadromous species habitat,yes,0.341,6015.769,6009.144,0.341,59.734,,,,outlet,sm50825,6015.769,9.2,95000.0,1.0,0.156,0.5,0.078,15000500076478.0,https://tool.aquaticbarriers.org/report/combined_barriers/sm50825,0.0,94,100,0.262963,13,0,Satisfactory,0,207.5
sm50854,34.55376,-78.25263,Surveyed road/stream crossing - Ivanhoe Rd / Ut To Black River,Ut To Black River,Ivanhoe Rd,Paved,Culvert,Moderate barrier,Moderate,3030006,Black,30300060805,Rowan Creek-Black River,Pender,0.5666,1,not recorded,2,located on a reach associated with anadromous / catadromous species habitat,yes,0.541,6015.769,6009.144,0.541,74.225,,,,outlet,sm50854,6015.769,9.4,153000.0,0.6,0.167,1.0,0.1002,15000500042840.0,https://tool.aquaticbarriers.org/report/combined_barriers/sm50854,0.0,67,100,0.261548,13,0,Satisfactory,0,199.23
sm50857,34.41994,-78.22613,Surveyed road/stream crossing - Sykes Town Rd / Ut To Buckle Swamp,Ut To Buckle Swamp,Sykes Town Rd,Paved,Culvert,Moderate barrier,Moderate,3030006,Black,30300060806,Lyon Creek,Pender,2.6197,1,not recorded,0,located on a reach associated with anadromous / catadromous species habitat,yes,0.735,6015.769,6009.144,0.735,56.946,,,,outlet,sm50857,6015.769,16.3,236000.0,0.6,0.478,1.0,0.2868,15000500031635.0,https://tool.aquaticbarriers.org/report/combined_barriers/sm50857,0.0,97,100,1.264289,7,0,Satisfactory,0,206.4
sm50860,34.412846,-78.24261,Surveyed road/stream crossing - Natmore Rd / Buckle Swamp Creek,Buckle Swamp Creek,Natmore Rd,Paved,Culvert,Moderate barrier,Moderate,3030006,Black,30300060806,Lyon Creek,Bladen,2.8544,2,not recorded,0,located on a reach associated with anadromous / catadromous species habitat,yes,3.137,6015.769,6009.144,3.137,57.596,,,,outlet,sm50860,6015.769,16.9,243000.0,0.6,0.501,1.0,0.3006,15000500076151.0,https://tool.aquaticbarriers.org/report/combined_barriers/sm50860,0.0,51,100,1.339036,7,0,Satisfactory,0,205.75
sm50880,34.52044,-78.27486,Surveyed road/stream crossing - Nc Highway 210 / Ut To Black River,Ut To Black River,Nc Highway 210,Paved,Culvert,Moderate barrier,Moderate,3030006,Black,30300060805,Rowan Creek-Black River,Bladen,1.6029,1,not recorded,2,located on a reach associated with anadromous / catadromous species habitat,yes,0.279,6015.769,6009.144,0.279,71.433,,,,outlet,sm50880,6015.769,13.6,203000.0,0.6,0.355,1.0,0.213,15000500031470.0,https://tool.aquaticbarriers.org/report/combined_barriers/sm50880,0.0,86,100,0.731829,13,0,Satisfactory,0,199.83
sm50882,34.554092,-78.27511,Surveyed road/stream crossing - Moore’S Swamp Rd / Ut To Black River,Ut To Black River,Moore’S Swamp Rd,Paved,Culvert,Complete barrier,Moderate,3030006,Black,30300060805,Rowan Creek-Black River,Bladen,1.0684,1,not recorded,2,not located on a reach associated with anadromous / catadromous species habitat,no,0.483,1.641,1.641,0.483,1.058,,,,outlet,sm50882,1.641,11.7,181000.0,0.6,0.27,1.0,0.162,15000500064834.0,https://tool.aquaticbarriers.org/report/combined_barriers/sm50882,0.0,17,100,0.483567,13,0,Satisfactory,0,198.26
sm50886,34.514774,-78.194855,Surveyed road/stream crossing - Slocum / Colvins Creek,Colvins Creek,Slocum,Paved,Culvert,Moderate barrier,Spans only bankfull/active channel,3030006,Black,30300060804,Colvins Creek,Pender,35.8725,3,not recorded,1,located on a reach associated with anadromous / catadromous species habitat,yes,9.463,6015.769,6009.144,9.463,64.99,,,,outlet,sm50886,6015.769,46.2,594000.0,0.1,1.0,1.0,0.1,15000500031746.0,https://tool.aquaticbarriers.org/report/combined_barriers/sm50886,0.0,87,100,17.382069,9,0,Satisfactory,0,203.48
sm50916,35.293125,-82.79786,Surveyed road/stream crossing - Fs475B / Ut-Rockhouse,Ut-Rockhouse,Fs475B,Unpaved,Culvert,Complete barrier,Severe,6010105,Upper French Broad,60101050202,Davidson River,Transylvania,0.0,1,Salvelinus fontinalis,0,not located on a reach associated with anadromous / catadromous species habitat,yes,0.057,0.186,0.186,0.057,1857.287,f103,waterfall,,waterfall,sm50916,0.186,5.2,71000.0,1.0,0.0,0.5,0.0,25000400462875.0,https://tool.aquaticbarriers.org/report/combined_barriers/sm50916,0.0,0,100,-1.0,7,2020,Satisfactory,1,1.61
sm50971,35.3433,-82.79417,Surveyed road/stream crossing - 50320 / Ut Cherrycove,Ut Cherrycove,50320,Unpaved,Culvert,Moderate barrier,Severe,6010105,Upper French Broad,60101050202,Davidson River,Transylvania,0.4188,2,Salvelinus fontinalis,0,not located on a reach associated with anadromous / catadromous species habitat,yes,1.071,1.044,1.044,1.044,1860.052,sm51472,small_barrier,sm51472,culvert,sm51472,20.309,14.4,126000.0,1.0,0.13,0.5,0.065,25000400502971.0,https://tool.aquaticbarriers.org/report/combined_barriers/sm50971,0.0,97,100,0.580046,7,2020,Satisfactory,0,2.02
sm50998,36.032738,-81.79818,Surveyed road/stream crossing - Rosebororoad / Utgraggprong2,Utgraggprong2,Rosebororoad,Unpaved,Culvert,Moderate barrier,Moderate,3050101,Upper Catawba,30501010502,Upper Wilson Creek,Avery,0.4853,1,Salvelinus fontinalis,0,not located on a reach associated with anadromous / catadromous species habitat,yes,0.405,6.05,6.05,0.405,423.113,f28502,waterfall,,waterfall,sm50998,6.05,8.9,94000.0,0.6,0.147,0.5,0.0441,15001500276404.0,https://tool.aquaticbarriers.org/report/combined_barriers/sm50998,0.0,95,100,0.289385,8,2020,Satisfactory,1,1.9
sm51005,35.970863,-81.7662,Surveyed road/stream crossing - Brown Mountain / Philips Branch,Philips Branch,Brown Mountain,Unpaved,Culvert,Moderate barrier,Severe,3050101,Upper Catawba,30501010504,Lower Wilson Creek,Caldwell,2.6057,2,Salvelinus fontinalis,0,not located on a reach associated with anadromous / catadromous species habitat,yes,0.4,57.436,57.436,0.4,413.88,f27921,waterfall,,waterfall,sm51005,57.436,16.3,138000.0,1.0,0.476,0.5,0.238,15001500161945.0,https://tool.aquaticbarriers.org/report/combined_barriers/sm51005,0.0,98,100,1.671779,7,0,Poor,3,1.18
sm51006,35.339535,-82.79863,Surveyed road/stream crossing - 5032,,5032,Unpaved,Culvert,Complete barrier,Severe,6010105,Upper French Broad,60101050202,Davidson River,Transylvania,0.0499,1,Salvelinus fontinalis,0,not located on a reach associated with anadromous / catadromous species habitat,yes,0.095,0.126,0.126,0.095,1860.161,sm51011,small_barrier,sm51011,culvert,sm51011,20.309,7.8,87000.0,1.0,0.018,0.5,0.009,25000400507147.0,https://tool.aquaticbarriers.org/report/combined_barriers/sm51006,0.0,100,100,0.067975,7,2020,Satisfactory,0,2.21
sm51011,35.33863,-82.79697,Surveyed road/stream crossing - 5032,,5032,Unpaved,Culvert,Moderate barrier,Moderate,6010105,Upper French Broad,60101050202,Davidson River,Transylvania,0.0499,1,Salvelinus fontinalis,0,not located on a reach associated with anadromous / catadromous species habitat,yes,0.126,20.309,20.309,0.126,1860.035,f28104,waterfall,,waterfall,sm51011,20.309,7.8,87000.0,0.6,0.018,0.5,0.0054,25000400507147.0,https://tool.aquaticbarriers.org/report/combined_barriers/sm51011,0.0,100,100,0.067975,7,2020,Poor,0,2.29
sm51013,35.337017,-82.79941,Surveyed road/stream crossing - 5032,,5032,Unpaved,Culvert,Moderate barrier,Severe,6010105,Upper French Broad,60101050202,Davidson River,Transylvania,0.0986,1,Salvelinus fontinalis,0,not located on a reach associated with anadromous / catadromous species habitat,yes,0.116,20.309,20.309,0.116,1860.161,f28104,waterfall,,waterfall,sm51013,20.309,9.4,96000.0,1.0,0.035,0.5,0.0175,25000400343089.0,https://tool.aquaticbarriers.org/report/combined_barriers/sm51013,0.0,100,100,0.13422,7,2020,Satisfactory,0,2.38
sm51015,35.340725,-82.798035,,,,Unpaved,Culvert,Complete barrier,Severe,6010105,Upper French Broad,60101050202,Davidson River,Transylvania,0.21539998,1,Salvelinus fontinalis,0,not located on a reach associated with anadromous / catadromous species habitat,yes,0.369,0.229,0.229,0.229,1860.129,sm2960,small_barrier,sm2960,culvert,sm2960,20.309,11.8,111000.0,1.0,0.072,0.5,0.036,25000400454498.0,https://tool.aquaticbarriers.org/report/combined_barriers/sm51015,0.0,100,100,0.293472,7,2020,Satisfactory,0,2.14
sm51017,35.34141,-82.79713,Surveyed road/stream crossing - 5032,,5032,Unpaved,Culvert,Moderate barrier,Severe,6010105,Upper French Broad,60101050202,Davidson River,Transylvania,0.04910001,1,Salvelinus fontinalis,0,not located on a reach associated with anadromous / catadromous species habitat,yes,0.022,20.309,20.309,0.022,1860.088,f28104,waterfall,,waterfall,sm51017,20.309,7.7,86000.0,1.0,0.018,0.5,0.009,25000400321977.0,https://tool.aquaticbarriers.org/report/combined_barriers/sm51017,0.0,100,100,0.067155,7,2020,Satisfactory,0,2.1
sm51018,35.341805,-82.795746,Surveyed road/stream crossing - 5032,,5032,Unpaved,Culvert,Complete barrier,Severe,6010105,Upper French Broad,60101050202,Davidson River,Transylvania,0.0273,1,Salvelinus fontinalis,0,not located on a reach associated with anadromous / catadromous species habitat,yes,0.001,20.309,20.309,0.001,1860.101,f28104,waterfall,,waterfall,sm51018,20.309,6.6,80000.0,1.0,0.01,0.5,0.005,25000400524039.0,https://tool.aquaticbarriers.org/report/combined_barriers/sm51018,0.0,100,100,0.03769,7,2020,Satisfactory,0,2.1
sm51019,35.344738,-82.79272,Surveyed road/stream crossing - 5032,,5032,Unpaved,Culvert,Complete barrier,Moderate,6010105,Upper French Broad,60101050202,Davidson River,Transylvania,0.0151,1,Salvelinus fontinalis,0,not located on a reach associated with anadromous / catadromous species habitat,yes,0.014,1.044,1.044,0.014,1860.088,sm51472,small_barrier,sm51472,culvert,sm51472,20.309,5.7,74000.0,0.6,0.006,0.5,0.0018,25000400387130.0,https://tool.aquaticbarriers.org/report/combined_barriers/sm51019,0.0,100,100,0.020338,7,2020,Satisfactory,1,1.96
sm51020,35.34225,-82.795006,Surveyed road/stream crossing - 5032,,5032,Unpaved,Culvert,Complete barrier,Severe,6010105,Upper French Broad,60101050202,Davidson River,Transylvania,0.35709998,2,Salvelinus fontinalis,0,not located on a reach associated with anadromous / catadromous species habitat,yes,0.008,1.044,1.044,0.008,1859.954,sm51472,small_barrier,sm51472,culvert,sm51472,20.309,13.7,122000.0,1.0,0.113,0.5,0.0565,25000400295059.0,https://tool.aquaticbarriers.org/report/combined_barriers/sm51020,0.0,99,100,0.491475,7,2020,Satisfactory,0,2.08
sm51022,35.34237,-82.79499,Surveyed road/stream crossing - 5032,,5032,Unpaved,Culvert,Complete barrier,Severe,6010105,Upper French Broad,60101050202,Davidson River,Transylvania,0.35709998,2,Salvelinus fontinalis,0,not located on a reach associated with anadromous / catadromous species habitat,yes,0.707,0.008,0.008,0.008,1859.962,sm51020,small_barrier,sm51020,culvert,sm51472,20.309,13.7,122000.0,1.0,0.113,0.5,0.0565,25000400295059.0,https://tool.aquaticbarriers.org/report/combined_barriers/sm51022,0.0,99,100,0.491475,7,2020,Satisfactory,0,2.07
sm51054,35.99971,-81.85352,Surveyed road/stream crossing - Fs58 / Unknown Trib To North Harper Creek,Unknown Trib To North Harper Creek,Fs58,Unpaved,Culvert,Complete barrier,Severe,3050101,Upper Catawba,30501010504,Lower Wilson Creek,Avery,0.78319997,1,Salvelinus fontinalis,0,not located on a reach associated with anadromous / catadromous species habitat,yes,0.313,6.127,6.127,0.313,421.853,f25521,waterfall,,waterfall,sm51054,6.127,10.5,103000.0,1.0,0.215,0.5,0.1075,15001500122401.0,https://tool.aquaticbarriers.org/report/combined_barriers/sm51054,0.0,93,100,0.708363,7,2020,Satisfactory,2,0.7
sm51061,35.275177,-82.842735,Surveyed road/stream crossing - Fs475 / Laurelfork,Laurelfork,Fs475,Unpaved,Culvert,Complete barrier,Severe,6010105,Upper French Broad,60101050202,Davidson River,Transylvania,0.7963,3,Salvelinus fontinalis,0,not located on a reach associated with anadromous / catadromous species habitat,yes,1.95,5.427,5.427,1.95,1859.566,sm163677,small_barrier,sm163677,culvert,sm163677,10.169,17.6,146000.0,1.0,0.218,0.5,0.109,25000400410383.0,https://tool.aquaticbarriers.org/report/combined_barriers/sm51061,0.0,98,100,1.127874,7,2020,Satisfactory,0,4.36
sm51081,35.32816,-82.79973,Surveyed road/stream crossing - 475B,,475B,Unpaved,Culvert,Complete barrier,Severe,6010105,Upper French Broad,60101050202,Davidson River,Transylvania,0.1012,1,Salvelinus fontinalis,0,not located on a reach associated with anadromous / catadromous species habitat,yes,0.116,20.309,20.309,0.116,1858.646,f28104,waterfall,,waterfall,sm51081,20.309,9.4,97000.0,1.0,0.036,0.5,0.018,25000400509274.0,https://tool.aquaticbarriers.org/report/combined_barriers/sm51081,0.0,93,100,0.138038,7,2020,Satisfactory,0,2.79
sm51115,35.258007,-82.87602,Surveyed road/stream crossing - Fs5003 / Long Branch,Long Branch,Fs5003,Unpaved,Culvert,Complete barrier,Spans only bankfull/active channel,6010105,Upper French Broad,60101050101,North Fork French Broad River,Transylvania,0.0787,1,Salvelinus fontinalis,0,not located on a reach associated with anadromous / catadromous species habitat,yes,0.109,4.534,4.534,0.109,1886.321,NC6412,dam,,dam,sm51115,4.534,8.8,93000.0,0.1,0.028,0.5,0.0014,25000400364161.0,https://tool.aquaticbarriers.org/report/combined_barriers/sm51115,0.0,100,100,0.125847,4,2020,Satisfactory,0,6.54
sm51117,35.258545,-82.869,Surveyed road/stream crossing - Fs5003 / None,,Fs5003,Unpaved,Culvert,Moderate barrier,Spans only bankfull/active channel,6010105,Upper French Broad,60101050101,North Fork French Broad River,Transylvania,0.0444,1,Salvelinus fontinalis,0,not located on a reach associated with anadromous / catadromous species habitat,yes,0.0,20.98,20.98,0.0,1886.159,f26238,waterfall,,waterfall,sm51117,20.98,7.5,85000.0,0.1,0.016,0.5,0.0008,25000400509361.0,https://tool.aquaticbarriers.org/report/combined_barriers/sm51117,0.0,0,0,0.070999,4,2020,Satisfactory,0,6.17
sm51119,35.260906,-82.86794,Surveyed road/stream crossing - Fs5003 / Trib To Indian Creek,Trib To Indian Creek,Fs5003,Unpaved,Culvert,Complete barrier,Spans only bankfull/active channel,6010105,Upper French Broad,60101050101,North Fork French Broad River,Transylvania,0.4053,2,Salvelinus fontinalis,0,not located on a reach associated with anadromous / catadromous species habitat,yes,0.727,0.064,0.064,0.064,1886.234,sm51120,small_barrier,sm51120,culvert,sm51120,20.98,14.2,125000.0,0.1,0.126,0.5,0.0063,25000400408250.0,https://tool.aquaticbarriers.org/report/combined_barriers/sm51119,0.0,100,100,0.671233,4,2020,Satisfactory,0,6.04
sm51120,35.260136,-82.867645,Surveyed road/stream crossing - Fs5003 / None,,Fs5003,Unpaved,Culvert,Complete barrier,Severe,6010105,Upper French Broad,60101050101,North Fork French Broad River,Transylvania,0.4053,2,Salvelinus fontinalis,0,not located on a reach associated with anadromous / catadromous species habitat,yes,0.064,20.98,20.98,0.064,1886.17,f26238,waterfall,,waterfall,sm51120,20.98,14.2,125000.0,1.0,0.126,0.5,0.063,25000400408250.0,https://tool.aquaticbarriers.org/report/combined_barriers/sm51120,0.0,100,100,0.671233,4,2020,Satisfactory,0,6.05
sm51121,35.260586,-82.86409,Surveyed road/stream crossing - Fs5003,,Fs5003,Unpaved,Culvert,Moderate barrier,Spans full channel & banks,6010105,Upper French Broad,60101050101,North Fork French Broad River,Transylvania,0.16039999,1,Salvelinus fontinalis,0,not located on a reach associated with anadromous / catadromous species habitat,yes,0.104,20.98,20.98,0.104,1886.15,f26238,waterfall,,waterfall,sm51121,20.98,10.8,105000.0,0.0,0.055,0.5,0.0,25000400532319.0,https://tool.aquaticbarriers.org/report/combined_barriers/sm51121,0.0,100,100,0.242661,4,2020,Satisfactory,0,5.86
sm51126,35.264656,-82.856636,Surveyed road/stream crossing - Fs5003 / Indian Creek Head Waters,Indian Creek Head Waters,Fs5003,Unpaved,Culvert,Complete barrier,Spans full channel & banks,6010105,Upper French Broad,60101050101,North Fork French Broad River,Transylvania,0.1817,2,Salvelinus fontinalis,0,not located on a reach associated with anadromous / catadromous species habitat,yes,0.293,25.496,25.496,0.293,1886.874,f25169,waterfall,,waterfall,sm51126,25.496,11.2,107000.0,0.0,0.062,0.5,0.0,25000400389302.0,https://tool.aquaticbarriers.org/report/combined_barriers/sm51126,0.0,100,100,0.274422,4,2020,Satisfactory,0,5.36
sm51328,36.02836,-81.7477,Surveyed road/stream crossing - Fs 4068 / Laurel Creek,Laurel Creek,Fs 4068,Unpaved,Inaccessible,Barrier - unknown severity,Unknown,3050101,Upper Catawba,30501010502,Upper Wilson Creek,Caldwell,0.9749,1,Salvelinus fontinalis,0,not located on a reach associated with anadromous / catadromous species habitat,yes,0.683,57.436,57.436,0.683,421.121,f27921,waterfall,,waterfall,sm51328,57.436,11.4,108000.0,0.5,0.253,0.5,0.0632,15001500124343.0,https://tool.aquaticbarriers.org/report/combined_barriers/sm51328,0.0,95,100,0.584567,8,2020,Unknown,0,2.3
sm51330,36.028305,-81.75144,Surveyed road/stream crossing - Fs 4068 / Popler Spring Branch,Popler Spring Branch,Fs 4068,Unpaved,Culvert,Complete barrier,Moderate,3050101,Upper Catawba,30501010502,Upper Wilson Creek,Caldwell,0.4207,1,Salvelinus fontinalis,0,not located on a reach associated with anadromous / catadromous species habitat,yes,0.761,57.436,57.436,0.761,421.054,f27921,waterfall,,waterfall,sm51330,57.436,8.5,91000.0,0.6,0.13,0.5,0.039,15001500047485.0,https://tool.aquaticbarriers.org/report/combined_barriers/sm51330,0.0,96,100,0.25068,8,2020,Satisfactory,0,2.13
sm51331,36.028687,-81.75346,Surveyed road/stream crossing - Fs 4068 / Trib Laurel Creek,Trib Laurel Creek,Fs 4068,Unpaved,Culvert,Complete barrier,Moderate,3050101,Upper Catawba,30501010502,Upper Wilson Creek,Caldwell,0.36879998,1,Salvelinus fontinalis,0,not located on a reach associated with anadromous / catadromous species habitat,yes,0.406,57.436,57.436,0.406,421.113,f27921,waterfall,,waterfall,sm51331,57.436,8.2,89000.0,0.6,0.117,0.5,0.0351,15001500200627.0,https://tool.aquaticbarriers.org/report/combined_barriers/sm51331,0.0,95,100,0.216357,8,2020,Satisfactory,0,2.06
sm51335,35.4052,-82.66823,Surveyed road/stream crossing - Fs 1206 / Rocky Creek,Rocky Creek,Fs 1206,Unpaved,Culvert,Complete barrier,Moderate,6010105,Upper French Broad,60101050403,Mills River,Henderson,0.08749999,1,Salvelinus fontinalis,1,not located on a reach associated with anadromous / catadromous species habitat,yes,0.24,12.963,12.963,0.24,1834.726,NC28104,dam,,dam,sm51335,12.963,9.1,94000.0,0.6,0.031,0.5,0.0093,25000400374438.0,https://tool.aquaticbarriers.org/report/combined_barriers/sm51335,0.0,98,100,0.076034,10,2020,Satisfactory,0,3.43
sm51353,35.282387,-82.93011,Surveyed road/stream crossing - Fs 4663 / Ut7 Camp Creek,Ut7 Camp Creek,Fs 4663,Unpaved,Culvert,Complete barrier,Moderate,6010203,Tuckasegee,60102030101,Wolf Creek-Tuckasegee River,Jackson,0.5241,1,Salvelinus fontinalis,0,not located on a reach associated with anadromous / catadromous species habitat,yes,0.152,17.507,16.072,0.152,1751.192,NC3027,dam,,dam,sm51353,17.507,15.4,133000.0,0.6,0.157,0.5,0.0471,25000400304358.0,https://tool.aquaticbarriers.org/report/combined_barriers/sm51353,0.0,96,100,0.953579,5,2020,Satisfactory,0,9.05
sm51361,35.386753,-82.6793,Surveyed road/stream crossing - Fs1306 / Ut 11 Fs1206,Ut 11 Fs1206,Fs1306,Unpaved,Culvert,Complete barrier,Severe,6010105,Upper French Broad,60101050402,South Fork Mills River,Henderson,0.0978,1,Salvelinus fontinalis,0,not located on a reach associated with anadromous / catadromous species habitat,yes,0.155,41.176,41.144,0.155,1841.73,NC3263,dam,,dam,sm51361,41.176,9.3,96000.0,1.0,0.035,0.5,0.0175,25000400447867.0,https://tool.aquaticbarriers.org/report/combined_barriers/sm51361,0.0,89,100,0.105462,10,2020,Satisfactory,0,4.68
sm51362,35.391567,-82.67648,Surveyed road/stream crossing - Fs5055 / Ut8,Ut8,Fs5055,Unpaved,Culvert,Complete barrier,Severe,6010105,Upper French Broad,60101050402,South Fork Mills River,Henderson,0.2627,2,Salvelinus fontinalis,0,not located on a reach associated with anadromous / catadromous species habitat,yes,0.709,41.176,41.144,0.709,1842.132,NC3263,dam,,dam,sm51362,41.176,12.5,115000.0,1.0,0.087,0.5,0.0435,25000400410022.0,https://tool.aquaticbarriers.org/report/combined_barriers/sm51362,0.0,93,100,0.279489,10,2020,Satisfactory,0,4.34
sm51366,35.394474,-82.67681,Surveyed road/stream crossing - Fs1206 / Utyellowgap,Utyellowgap,Fs1206,Unpaved,Culvert,Complete barrier,Severe,6010105,Upper French Broad,60101050402,South Fork Mills River,Henderson,0.08430001,1,Salvelinus fontinalis,0,not located on a reach associated with anadromous / catadromous species habitat,yes,0.108,41.176,41.144,0.108,1842.376,NC3263,dam,,dam,sm51366,41.176,9.0,94000.0,1.0,0.03,0.5,0.015,25000400416400.0,https://tool.aquaticbarriers.org/report/combined_barriers/sm51366,0.0,68,100,0.086626,10,2020,Poor,0,4.14
sm51367,35.403843,-82.660645,Surveyed road/stream crossing - Fs1206 / Ut3Rockycreek,Ut3Rockycreek,Fs1206,Unpaved,Culvert,Moderate barrier,Severe,6010105,Upper French Broad,60101050403,Mills River,Henderson,0.10680001,2,Salvelinus fontinalis,1,not located on a reach associated with anadromous / catadromous species habitat,yes,0.32,12.963,12.963,0.32,1834.198,NC28104,dam,,dam,sm51367,12.963,9.6,97000.0,1.0,0.038,0.5,0.019,25000400481496.0,https://tool.aquaticbarriers.org/report/combined_barriers/sm51367,0.0,100,100,0.093575,10,2020,Satisfactory,0,3.61
sm51371,35.38872,-82.67786,Surveyed road/stream crossing - Fs1206 / Ut10,Ut10,Fs1206,Unpaved,Culvert,Complete barrier,Severe,6010105,Upper French Broad,60101050402,South Fork Mills River,Henderson,0.05349999,1,Salvelinus fontinalis,0,not located on a reach associated with anadromous / catadromous species habitat,yes,0.131,41.176,41.144,0.131,1841.908,NC3263,dam,,dam,sm51371,41.176,7.9,87000.0,1.0,0.019,0.5,0.0095,25000400347034.0,https://tool.aquaticbarriers.org/report/combined_barriers/sm51371,0.0,92,100,0.057573,10,2020,Satisfactory,0,4.54
sm51415,35.42461,-82.6552,Surveyed road/stream crossing - Fs142 / Ut1Washcreek,Ut1Washcreek,Fs142,Unpaved,Culvert,Complete barrier,Severe,6010105,Upper French Broad,60101050403,Mills River,Henderson,0.18609999,2,Salvelinus fontinalis,1,not located on a reach associated with anadromous / catadromous species habitat,yes,0.456,12.963,12.963,0.456,1835.413,NC28104,dam,,dam,sm51415,12.963,11.3,108000.0,1.0,0.063,0.5,0.0315,25000400384877.0,https://tool.aquaticbarriers.org/report/combined_barriers/sm51415,0.0,90,100,0.166444,10,2020,Satisfactory,0,2.39
sm51416,35.436573,-82.659874,Surveyed road/stream crossing - Fs5000 / Ut Wash Creek,Ut Wash Creek,Fs5000,Unpaved,Culvert,Complete barrier,Moderate,6010105,Upper French Broad,60101050403,Mills River,Henderson,0.0633,1,Salvelinus fontinalis,1,not located on a reach associated with anadromous / catadromous species habitat,yes,0.056,11.413,11.413,0.056,1836.573,sm3043,small_barrier,sm3043,culvert,sm3043,12.963,8.3,90000.0,0.6,0.023,0.5,0.0069,25000400536225.0,https://tool.aquaticbarriers.org/report/combined_barriers/sm51416,0.0,67,100,0.057345,10,2020,Satisfactory,1,1.56
sm51433,35.37727,-82.76002,Surveyed road/stream crossing - W1206 / Utpoplar Creek,Utpoplar Creek,W1206,Unpaved,Culvert,Moderate barrier,Spans full channel & banks,6010105,Upper French Broad,60101050402,South Fork Mills River,Transylvania,0.06270001,1,Salvelinus fontinalis,0,not located on a reach associated with anadromous / catadromous species habitat,yes,0.005,60.922,60.922,0.005,1854.889,f12461,waterfall,,waterfall,sm51433,60.922,8.3,90000.0,0.0,0.023,0.5,0.0,25000400435327.0,https://tool.aquaticbarriers.org/report/combined_barriers/sm51433,0.0,100,100,0.075746,10,2020,Satisfactory,0,2.6
sm51434,35.372932,-82.764114,Surveyed road/stream crossing - W1206 / Utbarnett Branch,Utbarnett Branch,W1206,Unpaved,Culvert,Complete barrier,Moderate,6010105,Upper French Broad,60101050402,South Fork Mills River,Transylvania,0.07429999,1,Salvelinus fontinalis,0,not located on a reach associated with anadromous / catadromous species habitat,yes,0.232,60.922,60.922,0.232,1855.934,f12461,waterfall,,waterfall,sm51434,60.922,8.6,92000.0,0.6,0.027,0.5,0.0081,25000400525831.0,https://tool.aquaticbarriers.org/report/combined_barriers/sm51434,0.0,92,100,0.089108,10,2020,Satisfactory,0,2.34
sm51445,35.320244,-82.81521,Surveyed road/stream crossing - 5043 / Ut Big Bear Pen Branch,Ut Big Bear Pen Branch,5043,Unpaved,Culvert,Complete barrier,Moderate,6010105,Upper French Broad,60101050202,Davidson River,Transylvania,0.03290001,1,Salvelinus fontinalis,0,not located on a reach associated with anadromous / catadromous species habitat,yes,0.037,4.955,4.955,0.037,1859.232,sm49837,small_barrier,sm49837,culvert,sm49837,1.177,7.0,82000.0,0.6,0.012,0.5,0.0036,25000400439748.0,https://tool.aquaticbarriers.org/report/combined_barriers/sm51445,0.0,100,100,0.045184,7,2020,Satisfactory,0,3.05
sm51446,35.321053,-82.810905,Surveyed road/stream crossing - 5043 / Ut To Big Bear Pen Branch,Ut To Big Bear Pen Branch,5043,Unpaved,Culvert,Complete barrier,Severe,6010105,Upper French Broad,60101050202,Davidson River,Transylvania,0.55789995,2,Salvelinus fontinalis,0,not located on a reach associated with anadromous / catadromous species habitat,yes,0.012,0.46,0.46,0.012,1858.95,sm51464,small_barrier,sm51464,culvert,sm51464,1.177,15.7,134000.0,1.0,0.165,0.5,0.0825,25000400429321.0,https://tool.aquaticbarriers.org/report/combined_barriers/sm51446,0.0,95,100,0.76029,7,2020,Satisfactory,0,2.89
sm51464,35.317688,-82.80453,Surveyed road/stream crossing - Fs475B / Bear Pen Branch,Bear Pen Branch,Fs475B,Unpaved,Culvert,Moderate barrier,Moderate,6010105,Upper French Broad,60101050202,Davidson River,Transylvania,0.55789995,2,Salvelinus fontinalis,0,not located on a reach associated with anadromous / catadromous species habitat,yes,0.46,1.177,1.177,0.46,1858.49,f26742,waterfall,,waterfall,sm51464,1.177,15.7,134000.0,0.6,0.165,0.5,0.0495,25000400429321.0,https://tool.aquaticbarriers.org/report/combined_barriers/sm51464,0.0,95,100,0.76029,7,2020,Satisfactory,0,2.46
sm51472,35.33934,-82.79167,Surveyed road/stream crossing - 475B / Utofcherrycove,Utofcherrycove,475B,Unpaved,Culvert,Moderate barrier,Severe,6010105,Upper French Broad,60101050202,Davidson River,Transylvania,0.9528,3,Salvelinus fontinalis,0,not located on a reach associated with anadromous / catadromous species habitat,yes,1.044,20.309,20.309,1.044,1859.656,f28104,waterfall,,waterfall,sm51472,20.309,18.7,152000.0,1.0,0.249,0.5,0.1245,25000400349435.0,https://tool.aquaticbarriers.org/report/combined_barriers/sm51472,0.0,98,100,1.312866,7,2020,Satisfactory,0,2.33
sm51479,35.256065,-82.87032,Surveyed road/stream crossing - Fs5003 / None,,Fs5003,Unpaved,Culvert,Complete barrier,Unknown,6010105,Upper French Broad,60101050101,North Fork French Broad River,Transylvania,0.1445,1,Salvelinus fontinalis,0,not located on a reach associated with anadromous / catadromous species habitat,yes,0.096,20.98,20.98,0.096,1885.919,f26238,waterfall,,waterfall,sm51479,20.98,10.4,103000.0,0.5,0.05,0.5,0.0125,25000400336752.0,https://tool.aquaticbarriers.org/report/combined_barriers/sm51479,0.0,100,100,0.228533,4,2020,Satisfactory,0,6.31
sm52692,35.29298,-82.74002,Surveyed road/stream crossing - Averycreek Road / Averycreek,Averycreek,Averycreek Road,Unpaved,Culvert,Complete barrier,Severe,6010105,Upper French Broad,60101050202,Davidson River,Transylvania,0.1415,1,Salvelinus fontinalis,0,not located on a reach associated with anadromous / catadromous species habitat,yes,0.333,51.491,51.491,0.333,1851.417,NC28105,dam,,dam,sm52692,51.491,10.4,102000.0,1.0,0.049,0.5,0.0245,25000400494501.0,https://tool.aquaticbarriers.org/report/combined_barriers/sm52692,0.0,98,100,0.173535,7,2020,Satisfactory,1,1.67
sm52694,35.290432,-82.73835,Surveyed road/stream crossing - Averycreek Road / Avery Creek,Avery Creek,Averycreek Road,Unpaved,Culvert,Moderate barrier,Severe,6010105,Upper French Broad,60101050202,Davidson River,Transylvania,0.238,2,Salvelinus fontinalis,0,not located on a reach associated with anadromous / catadromous species habitat,yes,0.738,51.491,51.491,0.738,1851.216,NC28105,dam,,dam,sm52694,51.491,12.1,113000.0,1.0,0.079,0.5,0.0395,25000400393372.0,https://tool.aquaticbarriers.org/report/combined_barriers/sm52694,0.0,99,100,0.289771,7,2020,Satisfactory,1,1.79
sm52713,35.452007,-82.660576,Surveyed road/stream crossing - Fs5000 / Utwashcreek6,Utwashcreek6,Fs5000,Unpaved,Culvert,Complete barrier,Moderate,6010105,Upper French Broad,60101050403,Mills River,Henderson,0.15299998,1,Salvelinus fontinalis,1,not located on a reach associated with anadromous / catadromous species habitat,yes,0.006,11.413,11.413,0.006,1837.791,sm3043,small_barrier,sm3043,culvert,sm3043,12.963,10.6,104000.0,0.6,0.053,0.5,0.0159,25000400422654.0,https://tool.aquaticbarriers.org/report/combined_barriers/sm52713,0.0,87,100,0.144259,10,0,Satisfactory,1,0.95
sm52716,35.256714,-82.83138,Surveyed road/stream crossing - Fsr471 / Charles Creek,Charles Creek,Fsr471,Unpaved,Culvert,Likely barrier,Severe,6010105,Upper French Broad,60101050104,Catheys Creek,Transylvania,0.99189997,3,Salvelinus fontinalis,0,not located on a reach associated with anadromous / catadromous species habitat,yes,2.949,11.657,11.657,2.949,1871.544,sm54718,small_barrier,sm54718,culvert,sm54718,0.408,18.9,153000.0,1.0,0.256,0.5,0.128,25000400351537.0,https://tool.aquaticbarriers.org/report/combined_barriers/sm52716,0.582,99,100,1.468325,4,2020,Satisfactory,0,4.43
sm52717,35.231163,-82.81627,Surveyed road/stream crossing - Fsr 471 / Catheys Cr Ut2,Catheys Cr Ut2,Fsr 471,Unpaved,Culvert,Moderate barrier,Severe,6010105,Upper French Broad,60101050104,Catheys Creek,Transylvania,0.0001,1,Salvelinus fontinalis,0,not located on a reach associated with anadromous / catadromous species habitat,yes,0.057,14.202,14.202,0.057,1869.107,f25160,waterfall,,waterfall,sm52717,14.202,5.2,71000.0,1.0,0.0,0.5,0.0,25000400326236.0,https://tool.aquaticbarriers.org/report/combined_barriers/sm52717,0.0,0,100,0.000159,4,0,Poor,0,5.24
sm52718,35.237022,-82.82125,Surveyed road/stream crossing - Fsr471 / Brushy Ridge Cr,Brushy Ridge Cr,Fsr471,Unpaved,Culvert,Complete barrier,Severe,6010105,Upper French Broad,60101050104,Catheys Creek,Transylvania,0.6439,2,Salvelinus fontinalis,0,not located on a reach associated with anadromous / catadromous species habitat,yes,1.69,14.202,14.202,1.69,1869.742,f25160,waterfall,,waterfall,sm52718,14.202,16.5,139000.0,1.0,0.185,0.5,0.0925,25000400311750.0,https://tool.aquaticbarriers.org/report/combined_barriers/sm52718,0.0,97,100,1.038976,4,2020,Satisfactory,0,5.04
sm52719,35.24713,-82.823784,Surveyed road/stream crossing - Fsr 471 / Charles Cr Ut,Charles Cr Ut,Fsr 471,Unpaved,Culvert,Complete barrier,Severe,6010105,Upper French Broad,60101050104,Catheys Creek,Transylvania,0.02379999,1,Salvelinus fontinalis,0,not located on a reach associated with anadromous / catadromous species habitat,yes,0.031,11.657,11.657,0.031,1870.561,sm54718,small_barrier,sm54718,culvert,sm54718,0.408,6.4,78000.0,1.0,0.009,0.5,0.0045,25000400368467.0,https://tool.aquaticbarriers.org/report/combined_barriers/sm52719,0.0,75,100,0.038555,4,2020,Poor,0,4.58
sm52721,35.254375,-82.82853,Surveyed road/stream crossing - Fsr471 / Ut Charles Creek,Ut Charles Creek,Fsr471,Unpaved,Culvert,Complete barrier,Severe,6010105,Upper French Broad,60101050104,Catheys Creek,Transylvania,0.1596,1,Salvelinus fontinalis,0,not located on a reach associated with anadromous / catadromous species habitat,yes,0.436,11.657,11.657,0.436,1871.278,sm54718,small_barrier,sm54718,culvert,sm54718,0.408,10.8,105000.0,1.0,0.055,0.5,0.0275,25000400322058.0,https://tool.aquaticbarriers.org/report/combined_barriers/sm52721,0.0,97,100,0.244318,4,2020,Satisfactory,0,4.41
sm52735,35.306293,-82.742874,Surveyed road/stream crossing - Fr 477 / Ut8 Avery Creek,Ut8 Avery Creek,Fr 477,Unpaved,Culvert,Moderate barrier,Severe,6010105,Upper French Broad,60101050202,Davidson River,Transylvania,1.2244,3,Salvelinus fontinalis,0,not located on a reach associated with anadromous / catadromous species habitat,yes,2.912,51.491,51.491,2.912,1852.602,NC28105,dam,,dam,sm52735,51.491,20.2,161000.0,1.0,0.297,0.5,0.1485,25000400490334.0,https://tool.aquaticbarriers.org/report/combined_barriers/sm52735,0.0,100,100,1.731933,7,2020,Satisfactory,1,1.64
sm54718,35.24318,-82.82473,Surveyed road/stream crossing - Ziegler Road,Ziegler Road,,Unpaved,Culvert,Complete barrier,Moderate,6010105,Upper French Broad,60101050104,Catheys Creek,Transylvania,5.1047,4,Salvelinus fontinalis,0,not located on a reach associated with anadromous / catadromous species habitat,yes,11.657,0.408,0.408,0.408,1870.216,f28115,waterfall,,waterfall,sm54718,0.408,32.5,235000.0,0.6,0.672,0.5,0.2016,25000400505155.0,https://tool.aquaticbarriers.org/report/combined_barriers/sm54718,1.772,92,100,7.926167,4,2021,Satisfactory,0,4.82
sm54719,35.384396,-82.80075,Surveyed road/stream crossing - Bee Branch,Bee Branch,,Unknown,Ford / low water crossing,Barrier - unknown severity,Unknown,6010106,Pigeon,60101060103,East Fork Pigeon River,Haywood,1.2476,2,Salvelinus fontinalis,1,not located on a reach associated with anadromous / catadromous species habitat,yes,1.158,256.129,256.129,1.158,1812.147,NC3216,dam,,dam,sm54719,256.129,20.4,223000.0,0.5,0.301,0.7,0.1053,25000400299536.0,https://tool.aquaticbarriers.org/report/combined_barriers/sm54719,0.816,100,100,1.844969,6,2018,Unknown,4,0.7
sm54720,36.105663,-81.84746,Surveyed road/stream crossing - Big Grassy Creek,Big Grassy Creek,,Unknown,Culvert,Barrier - unknown severity,Unknown,3050101,Upper Catawba,30501010301,Upper Linville River,Avery,2.4866,4,Salvelinus fontinalis,0,not located on a reach associated with anadromous / catadromous species habitat,yes,10.552,23.243,21.701,10.552,452.833,NC279,dam,,dam,sm54720,23.243,16.0,184000.0,0.5,0.464,0.7,0.1624,15001500045974.0,https://tool.aquaticbarriers.org/report/combined_barriers/sm54720,0.0,58,100,2.800473,6,2019,Unknown,2,1.56
sm54721,35.65493,-82.29942,Surveyed road/stream crossing - Big Piney Branch,Big Piney Branch,,Unknown,Culvert,Barrier - unknown severity,Unknown,6010105,Upper French Broad,60101050602,Upper Swannanoa River,Buncombe,1.068,3,Salvelinus fontinalis,0,not located on a reach associated with anadromous / catadromous species habitat,yes,4.19,16.484,16.37,4.19,1830.751,NC3099,dam,,dam,sm54721,16.484,19.4,214000.0,0.5,0.27,0.7,0.0945,25000400380444.0,https://tool.aquaticbarriers.org/report/combined_barriers/sm54721,0.0,97,100,1.208217,7,2017,Unknown,7,1.16
sm54722,35.872925,-82.67872,Surveyed road/stream crossing - Hunter Creek,Hunter Creek,,Unknown,Culvert,Barrier - unknown severity,Unknown,6010105,Upper French Broad,60101051101,Walnut Creek,Madison,2.6395,4,not recorded,0,not located on a reach associated with anadromous / catadromous species habitat,yes,8.085,1707.129,1707.129,8.085,1786.143,f30542,waterfall,,waterfall,sm54722,1707.129,26.0,274000.0,0.5,0.48,0.7,0.168,25000400558743.0,https://tool.aquaticbarriers.org/report/combined_barriers/sm54722,0.0,100,100,2.102364,0,2019,Unknown,0,6.1
sm54724,35.086056,-83.47849,Surveyed road/stream crossing - Lee Creek,Lee Creek,,Unknown,Culvert,Barrier - unknown severity,Unknown,6010202,Upper Little Tennessee,60102020104,Upper Cartoogechaye Creek,Macon,2.4514,1,Salvelinus fontinalis,0,not located on a reach associated with anadromous / catadromous species habitat,yes,0.538,85.613,85.613,0.538,1740.786,NC6212,dam,,dam,sm54724,85.613,25.4,269000.0,0.5,0.46,0.7,0.161,25000400314333.0,https://tool.aquaticbarriers.org/report/combined_barriers/sm54724,0.0,94,100,3.487097,7,2020,Unknown,0,7.8
sm54725,35.59554,-82.84581,Surveyed road/stream crossing - Rough Creek,Rough Creek,,Unknown,Culvert,Barrier - unknown severity,Unknown,6010106,Pigeon,60101060105,Beaverdam Creek-Pigeon River,Haywood,2.096,2,Salvelinus fontinalis,1,not located on a reach associated with anadromous / catadromous species habitat,yes,0.699,0.691,0.691,0.691,1797.89,NC6604,dam,,dam,sm54725,0.691,24.1,257000.0,0.5,0.42,0.7,0.147,25000400528512.0,https://tool.aquaticbarriers.org/report/combined_barriers/sm54725,0.19,100,100,1.862872,3,2016,Unknown,11,0.58
sm54726,35.597992,-82.84453,Surveyed road/stream crossing - Rough Creek,Rough Creek,,Unknown,Culvert,Barrier - unknown severity,Unknown,6010106,Pigeon,60101060105,Beaverdam Creek-Pigeon River,Haywood,1.3419,1,Salvelinus fontinalis,1,not located on a reach associated with anadromous / catadromous species habitat,yes,0.047,0.699,0.699,0.047,1798.081,sm54725,small_barrier,sm54725,culvert,sm54725,0.691,20.8,228000.0,0.5,0.316,0.7,0.1106,25000400377035.0,https://tool.aquaticbarriers.org/report/combined_barriers/sm54726,0.047,100,100,1.210667,3,2016,Unknown,11,0.76
sm54727,35.20569,-83.06305,Surveyed road/stream crossing - Slatten Branch,Slatten Branch,,Unknown,Culvert,Barrier - unknown severity,Unknown,6010203,Tuckasegee,60102030104,Cedar Cliff Lake-Tuckasegee River,Jackson,1.1128,1,Salvelinus fontinalis,0,not located on a reach associated with anadromous / catadromous species habitat,yes,0.098,0.588,0.503,0.098,1742.222,f28352,waterfall,,waterfall,sm54727,0.588,19.6,217000.0,0.5,0.278,0.7,0.0973,25000400367479.0,https://tool.aquaticbarriers.org/report/combined_barriers/sm54727,0.098,87,100,1.688696,2,2017,Unknown,0,3.89
sm54728,35.43956,-83.82537,Surveyed road/stream crossing - Welch Cove Branch,Welch Cove Branch,,Unknown,Culvert,Barrier - unknown severity,Unknown,6010204,Lower Little Tennessee,60102040401,Lake Cheoah-Little Tennessee River,Graham,5.2406,3,Salvelinus fontinalis,0,not located on a reach associated with anadromous / catadromous species habitat,yes,4.62,0.452,0.452,0.452,1666.7,f115,waterfall,,waterfall,sm54728,0.452,32.8,335000.0,0.5,0.68,0.7,0.238,25000400389238.0,https://tool.aquaticbarriers.org/report/combined_barriers/sm54728,0.0,62,100,5.58865,3,2020,Unknown,0,16.33
sm54729,35.446182,-83.81782,Surveyed road/stream crossing - Welch Cove Branch,Welch Cove Branch,,Unknown,Culvert,Barrier - unknown severity,Unknown,6010204,Lower Little Tennessee,60102040401,Lake Cheoah-Little Tennessee River,Graham,5.2406,3,Salvelinus fontinalis,0,not located on a reach associated with anadromous / catadromous species habitat,yes,0.302,77.103,62.815,0.302,1665.946,NC3039,dam,,dam,sm54729,77.103,32.8,335000.0,0.5,0.68,0.7,0.238,25000400389238.0,https://tool.aquaticbarriers.org/report/combined_barriers/sm54729,0.0,61,100,5.58865,3,2016,Unknown,0,16.25
sm54730,35.016716,-83.138435,Surveyed road/stream crossing - Ammons Branch,Ammons Branch,,Unknown,Culvert,Barrier - unknown severity,Unknown,3060102,Tugaloo,30601020201,Headwaters Chattooga River,Macon,1.4207001,2,Salvelinus fontinalis,0,not located on a reach associated with anadromous / catadromous species habitat,yes,1.141,25.187,25.187,1.141,386.898,f24783,waterfall,,waterfall,sm54730,25.187,13.0,157000.0,0.5,0.328,0.7,0.1148,15000600195665.0,https://tool.aquaticbarriers.org/report/combined_barriers/sm54730,0.605,76,100,2.220255,7,2020,Unknown,0,2.98
sm54731,36.272366,-81.68685,Surveyed road/stream crossing - Cobb Creek,Cobb Creek,,Unknown,Culvert,Barrier - unknown severity,Unknown,5050001,Upper New,50500010202,Meat Camp Creek-South Fork New River,Watauga,2.437,1,Salvelinus fontinalis,0,not located on a reach associated with anadromous / catadromous species habitat,yes,0.518,1150.118,1149.87,0.518,2110.301,VA1913,dam,,dam,sm54731,1150.118,25.4,268000.0,0.5,0.459,0.7,0.1606,24000700028272.0,https://tool.aquaticbarriers.org/report/combined_barriers/sm54731,0.518,51,100,2.373304,7,2017,Unknown,16,0.88
sm54732,35.359768,-83.08555,Surveyed road/stream crossing - East Fork Moses Creek,East Fork Moses Creek,,Unknown,Culvert,Barrier - unknown severity,Unknown,6010203,Tuckasegee,60102030105,Caney Fork,Jackson,2.3435,1,Salvelinus fontinalis,0,not located on a reach associated with anadromous / catadromous species habitat,yes,0.367,0.064,0.064,0.064,1737.144,sm2645,small_barrier,sm2645,culvert,sm2645,99.362,25.0,265000.0,0.5,0.448,0.7,0.1568,25000400482775.0,https://tool.aquaticbarriers.org/report/combined_barriers/sm54732,0.367,87,100,3.556592,6,2020,Unknown,0,6.92
sm54733,36.290302,-81.43936,Surveyed road/stream crossing - East Fork Pine Swamp Creek,East Fork Pine Swamp Creek,,Unknown,Culvert,Barrier - unknown severity,Unknown,5050001,Upper New,50500010205,Pine Swamp-South Fork New River,Ashe,6.0354,3,Salvelinus fontinalis,0,not located on a reach associated with anadromous / catadromous species habitat,yes,5.224,1150.118,1149.87,5.224,2074.617,VA1913,dam,,dam,sm54733,1150.118,34.4,349000.0,0.5,0.725,0.7,0.2537,24000700044072.0,https://tool.aquaticbarriers.org/report/combined_barriers/sm54733,2.11,62,100,5.449658,9,2014,Unknown,0,2.15
sm54734,35.721146,-82.41522,Surveyed road/stream crossing - Hawkbill Creek,Hawkbill Creek,,Unknown,Culvert,Barrier - unknown severity,Unknown,6010105,Upper French Broad,60101050801,Dillingham Creek,Buncombe,1.5849,3,Salvelinus fontinalis,0,not located on a reach associated with anadromous / catadromous species habitat,yes,0.035,0.038,0.038,0.035,1808.875,f202503660,waterfall,,waterfall,sm54734,0.038,22.0,238000.0,0.5,0.353,0.7,0.1235,25000400327560.0,https://tool.aquaticbarriers.org/report/combined_barriers/sm54734,0.035,80,100,1.761463,3,2020,Unknown,20,0.85
sm54735,35.47687,-83.15813,,,,Unknown,Culvert,Barrier - unknown severity,Unknown,6010203,Tuckasegee,60102030206,Soco Creek,Jackson,2.2894,2,Salvelinus fontinalis,0,not located on a reach associated with anadromous / catadromous species habitat,yes,1.994,432.799,432.799,1.994,1717.867,NC3046,dam,,dam,sm54735,432.799,24.8,264000.0,0.5,0.442,0.7,0.1547,25000400375552.0,https://tool.aquaticbarriers.org/report/combined_barriers/sm54735,0.0,76,100,3.212244,4,2018,Unknown,0,3.11
sm54736,36.075726,-82.0854,Surveyed road/stream crossing - Little Rock Creek,Little Rock Creek,,Unknown,Culvert,Barrier - unknown severity,Unknown,6010108,Nolichucky,60101080207,Little Rock Creek,Mitchell,1.6343,2,Salvelinus fontinalis,0,not located on a reach associated with anadromous / catadromous species habitat,yes,1.042,2428.293,2428.293,1.042,1859.079,TN511,dam,,dam,sm54736,2428.293,22.2,240000.0,0.5,0.36,0.7,0.126,25000400461909.0,https://tool.aquaticbarriers.org/report/combined_barriers/sm54736,0.801,78,100,1.897491,8,2016,Unknown,2,0.87
sm54739,35.503586,-83.07779,Surveyed road/stream crossing - Pine Tree Cove Creek,Pine Tree Cove Creek,,Unknown,Culvert,Barrier - unknown severity,Unknown,6010106,Pigeon,60101060203,Upper Johnathans Creek,Haywood,1.6463,1,Salvelinus fontinalis,0,not located on a reach associated with anadromous / catadromous species habitat,yes,1.261,1011.88,1002.766,1.261,1788.812,NC3024,dam,,dam,sm54739,1011.88,22.3,241000.0,0.5,0.361,0.7,0.1264,25000400555765.0,https://tool.aquaticbarriers.org/report/combined_barriers/sm54739,1.261,67,100,1.863764,2,2018,Unknown,0,2.02
sm54740,36.09502,-82.097435,Surveyed road/stream crossing - Powers Branch,Powers Branch,,Unknown,Culvert,Barrier - unknown severity,Unknown,6010108,Nolichucky,60101080207,Little Rock Creek,Mitchell,0.82869995,1,Salvelinus fontinalis,0,not located on a reach associated with anadromous / catadromous species habitat,yes,0.416,1.525,1.525,0.416,1859.869,f25195,waterfall,,waterfall,sm54740,1.525,17.8,201000.0,0.5,0.224,0.7,0.0784,25000400484919.0,https://tool.aquaticbarriers.org/report/combined_barriers/sm54740,0.416,88,100,1.075217,8,2015,Unknown,3,1.26
sm54741,36.28121,-81.74435,Surveyed road/stream crossing - Sharp Creek,Sharp Creek,,Unknown,Culvert,Barrier - unknown severity,Unknown,6010103,"Watauga, North Carolina, Tennessee",60101030302,Cove Creek,Watauga,3.1066,1,Salvelinus fontinalis,0,not located on a reach associated with anadromous / catadromous species habitat,yes,0.871,259.034,255.0,0.871,1886.165,f113,waterfall,,waterfall,sm54741,259.034,27.5,287000.0,0.5,0.525,0.7,0.1838,25000400482839.0,https://tool.aquaticbarriers.org/report/combined_barriers/sm54741,0.0,32,100,3.550382,4,2017,Unknown,46,0.37
sm54742,35.20607,-83.06469,Surveyed road/stream crossing - Slatten Branch,Slatten Branch,,Unknown,Culvert,Barrier - unknown severity,Unknown,6010203,Tuckasegee,60102030104,Cedar Cliff Lake-Tuckasegee River,Jackson,1.1128,1,Salvelinus fontinalis,0,not located on a reach associated with anadromous / catadromous species habitat,yes,0.277,0.098,0.098,0.098,1742.32,sm54727,small_barrier,sm54727,culvert,sm54727,0.588,19.6,217000.0,0.5,0.278,0.7,0.0973,25000400367479.0,https://tool.aquaticbarriers.org/report/combined_barriers/sm54742,0.277,87,100,1.688696,2,2017,Unknown,0,3.8
sm54743,35.74428,-82.35434,Surveyed road/stream crossing - Staire Branch,Staire Branch,,Unknown,Culvert,Barrier - unknown severity,Unknown,6010105,Upper French Broad,60101050801,Dillingham Creek,Buncombe,1.0605999,3,Salvelinus fontinalis,0,not located on a reach associated with anadromous / catadromous species habitat,yes,0.016,0.583,0.583,0.016,1809.765,f202503539,waterfall,,waterfall,sm54743,0.583,19.3,214000.0,0.5,0.269,0.7,0.0942,25000400455667.0,https://tool.aquaticbarriers.org/report/combined_barriers/sm54743,0.016,93,100,1.575801,3,2020,Unknown,17,0.58
sm54744,35.243,-83.81203,Surveyed road/stream crossing - Turkeypen Branch,Turkeypen Branch,,Unknown,Culvert,Barrier - unknown severity,Unknown,6020002,Hiwassee,60200020401,Headwaters Valley River,Cherokee,1.0145,2,not recorded,1,not located on a reach associated with anadromous / catadromous species habitat,yes,1.53,1411.054,1347.914,1.53,1626.398,NC3043,dam,,dam,sm54744,1411.054,19.0,211000.0,0.5,0.26,0.7,0.091,25000300030722.0,https://tool.aquaticbarriers.org/report/combined_barriers/sm54744,0.0,100,100,1.525044,8,2020,Unknown,0,7.96
sm54745,36.154827,-81.90169,Surveyed road/stream crossing - Ramp Branch,Ramp Branch,,Unknown,Culvert,Barrier - unknown severity,Unknown,6010103,"Watauga, North Carolina, Tennessee",60101030201,Upper Elk River,Avery,0.9009,2,Salvelinus fontinalis,0,not located on a reach associated with anadromous / catadromous species habitat,yes,0.915,75.432,75.432,0.915,1884.127,f26431,waterfall,,waterfall,sm54745,75.432,18.3,205000.0,0.5,0.239,0.7,0.0836,25000400493355.0,https://tool.aquaticbarriers.org/report/combined_barriers/sm54745,0.0,75,100,0.899043,6,2016,Unknown,9,0.45
sm54747,35.50304,-83.080864,,,,Unknown,Culvert,Barrier - unknown severity,Unknown,6010106,Pigeon,60101060203,Upper Johnathans Creek,Haywood,1.1969,1,Salvelinus fontinalis,0,not located on a reach associated with anadromous / catadromous species habitat,yes,0.749,1011.88,1002.766,0.749,1789.119,NC3024,dam,,dam,sm54747,1011.88,20.1,221000.0,0.5,0.292,0.7,0.1022,25000400499080.0,https://tool.aquaticbarriers.org/report/combined_barriers/sm54747,0.749,67,100,1.321,2,2018,Unknown,1,1.85
sm54748,36.330544,-81.62386,,,,Unknown,Culvert,Barrier - unknown severity,Unknown,5050001,Upper New,50500010203,Elk Creek-South Fork New River,Watauga,1.4034,1,Salvelinus fontinalis,1,not located on a reach associated with anadromous / catadromous species habitat,yes,1.025,1150.118,1149.87,1.025,2092.104,VA1913,dam,,dam,sm54748,1150.118,21.2,230000.0,0.5,0.326,0.7,0.1141,24000700037840.0,https://tool.aquaticbarriers.org/report/combined_barriers/sm54748,0.0,91,100,1.43911,8,2017,Unknown,0,3.44
sm54749,35.592873,-82.84959,,,,Unknown,Culvert,Barrier - unknown severity,Unknown,6010106,Pigeon,60101060105,Beaverdam Creek-Pigeon River,Haywood,0.92859995,2,Salvelinus fontinalis,1,not located on a reach associated with anadromous / catadromous species habitat,yes,1.027,0.691,0.691,0.691,1797.862,NC6604,dam,,dam,sm54749,0.691,18.5,207000.0,0.5,0.244,0.7,0.0854,25000400507502.0,https://tool.aquaticbarriers.org/report/combined_barriers/sm54749,0.0,100,100,0.798207,3,2016,Unknown,9,0.37
sm54750,35.74211,-82.355804,,,,Unknown,Culvert,Barrier - unknown severity,Unknown,6010105,Upper French Broad,60101050801,Dillingham Creek,Buncombe,0.6811,2,Salvelinus fontinalis,0,not located on a reach associated with anadromous / catadromous species habitat,yes,1.608,2.533,2.533,1.608,1809.71,f202503532,waterfall,,waterfall,sm54750,2.533,16.8,191000.0,0.5,0.193,0.7,0.0676,25000400294287.0,https://tool.aquaticbarriers.org/report/combined_barriers/sm54750,0.0,98,100,0.968019,3,2020,Unknown,22,0.44
sm54751,35.058388,-83.4449,Surveyed road/stream crossing - Cunningham Creek,Cunningham Creek,,Unknown,Unknown,Barrier - unknown severity,Unknown,6010202,Upper Little Tennessee,60102020103,Coweeta Creek-Little Tennessee River,Macon,1.7986,2,Salvelinus fontinalis,0,not located on a reach associated with anadromous / catadromous species habitat,yes,0.964,0.118,0.118,0.118,1736.288,NC6612,dam,,dam,sm54751,0.118,22.9,246000.0,0.5,0.382,0.7,0.1337,25000400397871.0,https://tool.aquaticbarriers.org/report/combined_barriers/sm54751,0.861,100,100,2.374409,8,2020,Unknown,0,7.93
sm54752,36.005985,-82.69483,,,,Unknown,Unknown,Barrier - unknown severity,Unknown,6010105,Upper French Broad,60101051002,Upper Shelton Laurel Creek,Madison,0.12810001,1,Salvelinus fontinalis,0,not located on a reach associated with anadromous / catadromous species habitat,yes,0.309,1707.129,1707.129,0.309,1786.634,f30542,waterfall,,waterfall,sm54752,1707.129,10.1,131000.0,0.5,0.045,0.7,0.0158,25000400510552.0,https://tool.aquaticbarriers.org/report/combined_barriers/sm54752,0.0,98,100,0.122475,4,2020,Unknown,1,0.44
sm54754,35.7535,-82.937294,,,,Unknown,Unknown,Barrier - unknown severity,Unknown,6010105,Upper French Broad,60101051201,Meadow Fork,Madison,0.0041,1,Salvelinus fontinalis,0,not located on a reach associated with anadromous / catadromous species habitat,yes,0.066,554.557,554.557,0.066,1782.746,f28372,waterfall,,waterfall,sm54754,554.557,5.2,87000.0,0.5,0.002,0.7,0.0007,25000400436756.0,https://tool.aquaticbarriers.org/report/combined_barriers/sm54754,0.0,75,100,0.004334,1,2018,Unknown,0,3.35
sm54755,35.85392,-82.912224,Surveyed road/stream crossing - West Fork Shut-In Creek,West Fork Shut-In Creek,,Unknown,Unknown,Barrier - unknown severity,Unknown,6010105,Upper French Broad,60101051203,Shut-In Creek-French Broad River,Madison,1.125,3,Salvelinus fontinalis,1,not located on a reach associated with anadromous / catadromous species habitat,yes,3.565,2488.362,2324.799,3.565,1767.242,TN1466,dam,,dam,sm54755,2488.362,19.7,217000.0,0.5,0.28,0.7,0.098,25000400351292.0,https://tool.aquaticbarriers.org/report/combined_barriers/sm54755,0.991,100,100,1.163875,20,2020,Unknown,0,6.04
sm58011,35.363995,-82.951385,Surveyed road/stream crossing - Fs97 / Right Hand Prong Of West Fork Of Pigeon River,Right Hand Prong Of West Fork Of Pigeon River,Fs97,Unpaved,Culvert,Complete barrier,Spans full channel & banks,6010106,Pigeon,60101060101,Lake Logan-West Fork Pigeon River,Haywood,0.5556,1,Salvelinus fontinalis,0,not located on a reach associated with anadromous / catadromous species habitat,yes,0.103,0.356,0.356,0.103,1811.746,f202503470,waterfall,,waterfall,sm58011,0.356,15.7,134000.0,0.0,0.164,0.5,0.0,25000400370867.0,https://tool.aquaticbarriers.org/report/combined_barriers/sm58011,0.0,91,100,0.715986,1,2020,Satisfactory,0,4.18
sm58019,35.3717,-82.95832,Surveyed road/stream crossing - Fs 97 / Boomer Inn Branch,Boomer Inn Branch,Fs 97,Unpaved,Ford / low water crossing,Complete barrier,Severe,6010106,Pigeon,60101060101,Lake Logan-West Fork Pigeon River,Haywood,2.6457999,2,Salvelinus fontinalis,0,not located on a reach associated with anadromous / catadromous species habitat,yes,0.942,0.457,0.457,0.457,1811.962,f33,waterfall,,waterfall,sm58019,0.457,26.1,196000.0,1.0,0.48,0.5,0.24,25000400379124.0,https://tool.aquaticbarriers.org/report/combined_barriers/sm58019,0.0,97,100,3.688866,1,2020,Satisfactory,0,3.96
sm58038,36.21861,-77.2962,,,,Unpaved,Culvert,Complete barrier,Severe,3010107,Lower Roanoke,30101070301,Sandy Run-Roanoke River,Northampton,0.803,1,not recorded,1,located on a reach associated with anadromous / catadromous species habitat,yes,0.157,1679.149,1677.145,0.157,94.259,,,,outlet,sm58038,1679.149,10.6,104000.0,1.0,0.219,0.5,0.1095,15000100088236.0,https://tool.aquaticbarriers.org/report/combined_barriers/sm58038,0.0,100,100,0.306595,1,0,Satisfactory,0,200.61
sm58079,35.343094,-82.78082,Surveyed road/stream crossing - Fsr477 / Ut1 Looking Glass Creek,Ut1 Looking Glass Creek,Fsr477,Unpaved,Culvert,Complete barrier,Moderate,6010105,Upper French Broad,60101050202,Davidson River,Transylvania,0.11099999,1,Salvelinus fontinalis,0,not located on a reach associated with anadromous / catadromous species habitat,yes,0.043,5.465,5.465,0.043,1860.209,sm164638,small_barrier,sm164638,culvert,sm164638,20.309,9.7,98000.0,0.6,0.039,0.5,0.0117,25000400309613.0,https://tool.aquaticbarriers.org/report/combined_barriers/sm58079,0.0,87,100,0.154392,7,2020,Satisfactory,0,2.38
sm58082,35.33403,-82.78244,Surveyed road/stream crossing - Avery Creek / Ut4 Looking Glass Creek,Ut4 Looking Glass Creek,Avery Creek,Unpaved,Culvert,Complete barrier,Moderate,6010105,Upper French Broad,60101050202,Davidson River,Transylvania,0.04439999,1,Salvelinus fontinalis,0,not located on a reach associated with anadromous / catadromous species habitat,yes,0.023,20.309,20.309,0.023,1859.349,f28104,waterfall,,waterfall,sm58082,20.309,7.5,85000.0,0.6,0.016,0.5,0.0048,25000400513466.0,https://tool.aquaticbarriers.org/report/combined_barriers/sm58082,0.0,81,100,0.059166,7,2020,Satisfactory,0,2.72
sm58376,35.442257,-82.69582,Surveyed road/stream crossing - Fs5097 / Ut To Fletcher Creek,Ut To Fletcher Creek,Fs5097,Unpaved,Culvert,Moderate barrier,Moderate,6010105,Upper French Broad,60101050403,Mills River,Henderson,0.40850002,2,Salvelinus fontinalis,1,not located on a reach associated with anadromous / catadromous species habitat,yes,1.489,14.003,14.003,1.489,1839.088,f202503943,waterfall,,waterfall,sm58376,14.003,14.3,126000.0,0.6,0.127,0.5,0.0381,25000400407871.0,https://tool.aquaticbarriers.org/report/combined_barriers/sm58376,0.0,99,100,0.396206,10,2021,Satisfactory,1,1.31
sm58378,35.44283,-82.69413,Surveyed road/stream crossing - Fs5097 / Ut To Fletcher Creek,Ut To Fletcher Creek,Fs5097,Unpaved,Culvert,Complete barrier,Severe,6010105,Upper French Broad,60101050403,Mills River,Henderson,0.4878,2,Salvelinus fontinalis,1,not located on a reach associated with anadromous / catadromous species habitat,yes,1.313,14.003,14.003,1.313,1839.121,f202503943,waterfall,,waterfall,sm58378,14.003,15.1,131000.0,1.0,0.148,0.5,0.074,25000400414213.0,https://tool.aquaticbarriers.org/report/combined_barriers/sm58378,0.0,98,100,0.470674,10,2021,Satisfactory,1,1.21
sm58380,35.44246,-82.69578,Surveyed road/stream crossing - Fs5097 / Ut To Fletcher Creek,Ut To Fletcher Creek,Fs5097,Unpaved,Culvert,Complete barrier,Severe,6010105,Upper French Broad,60101050403,Mills River,Henderson,0.3403,2,Salvelinus fontinalis,1,not located on a reach associated with anadromous / catadromous species habitat,yes,1.21,14.003,14.003,1.21,1839.097,f202503943,waterfall,,waterfall,sm58380,14.003,13.5,121000.0,1.0,0.109,0.5,0.0545,25000400393136.0,https://tool.aquaticbarriers.org/report/combined_barriers/sm58380,0.0,97,100,0.32899,10,2020,Satisfactory,1,1.3
sm58496,35.43801,-82.71459,Surveyed road/stream crossing - Fs5097 / Ut To Middle Fork Of Fletcher Creek,Ut To Middle Fork Of Fletcher Creek,Fs5097,Unpaved,Culvert,Complete barrier,Spans full channel & banks,6010105,Upper French Broad,60101050403,Mills River,Henderson,0.21880001,2,Salvelinus fontinalis,1,not located on a reach associated with anadromous / catadromous species habitat,yes,0.376,0.842,0.842,0.376,1840.0,sm58850,small_barrier,sm58850,culvert,sm14723,4.033,11.8,111000.0,0.0,0.073,0.5,0.0,25000400525812.0,https://tool.aquaticbarriers.org/report/combined_barriers/sm58496,0.0,94,100,0.210951,10,2021,Satisfactory,0,2.36
sm58500,35.44123,-82.71439,Surveyed road/stream crossing - Fs5097 / Ut To Middle Fork Of Fletcher Creek,Ut To Middle Fork Of Fletcher Creek,Fs5097,Unpaved,Culvert,Moderate barrier,Moderate,6010105,Upper French Broad,60101050403,Mills River,Henderson,0.1255,2,Salvelinus fontinalis,1,not located on a reach associated with anadromous / catadromous species habitat,yes,0.324,0.243,0.243,0.243,1839.946,sm58851,small_barrier,sm58851,culvert,sm14723,4.033,10.0,100000.0,0.6,0.044,0.5,0.0132,25000400393142.0,https://tool.aquaticbarriers.org/report/combined_barriers/sm58500,0.0,92,100,0.119945,10,2020,Satisfactory,0,2.25
sm58501,35.440742,-82.71492,Surveyed road/stream crossing - Fs5097 / Ut To Middle Fork Of Fletcher Creek,Ut To Middle Fork Of Fletcher Creek,Fs5097,Unpaved,Culvert,Complete barrier,Moderate,6010105,Upper French Broad,60101050403,Mills River,Henderson,0.28540003,2,Salvelinus fontinalis,1,not located on a reach associated with anadromous / catadromous species habitat,yes,0.136,0.842,0.842,0.136,1839.99,sm58850,small_barrier,sm58850,culvert,sm14723,4.033,12.8,117000.0,0.6,0.093,0.5,0.0279,25000400384812.0,https://tool.aquaticbarriers.org/report/combined_barriers/sm58501,0.0,95,100,0.274823,10,2021,Satisfactory,0,2.29
sm58846,35.436234,-82.708084,Surveyed road/stream crossing - Fs 5097 / Ut Middle Firk Fletcher Creek,Ut Middle Firk Fletcher Creek,Fs 5097,Unpaved,Culvert,Moderate barrier,Severe,6010105,Upper French Broad,60101050403,Mills River,Henderson,0.13920002,2,Salvelinus fontinalis,1,not located on a reach associated with anadromous / catadromous species habitat,yes,0.398,5.331,5.331,0.398,1839.495,sm14723,small_barrier,sm14723,culvert,sm14723,4.033,10.3,102000.0,1.0,0.048,0.5,0.024,25000400424770.0,https://tool.aquaticbarriers.org/report/combined_barriers/sm58846,0.0,91,100,0.129021,10,2020,Satisfactory,0,2.11
sm58847,35.436447,-82.70817,Surveyed road/stream crossing - Fs 5097 / Ut Middle Fork Of Fletchrr Creek,Ut Middle Fork Of Fletchrr Creek,Fs 5097,Unpaved,Culvert,Moderate barrier,Severe,6010105,Upper French Broad,60101050403,Mills River,Henderson,0.10699999,1,Salvelinus fontinalis,1,not located on a reach associated with anadromous / catadromous species habitat,yes,0.312,5.331,5.331,0.312,1839.496,sm14723,small_barrier,sm14723,culvert,sm14723,4.033,9.6,97000.0,1.0,0.038,0.5,0.019,25000400380643.0,https://tool.aquaticbarriers.org/report/combined_barriers/sm58847,0.0,88,100,0.101354,10,2020,Satisfactory,0,2.11
sm58848,35.437767,-82.709404,Surveyed road/stream crossing - Fs 5097 / Ut Middle Fork Of Fletcher Creek,Ut Middle Fork Of Fletcher Creek,Fs 5097,Unpaved,Culvert,Complete barrier,Unknown,6010105,Upper French Broad,60101050403,Mills River,Henderson,0.0,1,Salvelinus fontinalis,1,not located on a reach associated with anadromous / catadromous species habitat,yes,0.005,5.331,5.331,0.005,1839.565,sm14723,small_barrier,sm14723,culvert,sm14723,4.033,5.2,71000.0,0.5,0.0,0.5,0.0,25000400336405.0,https://tool.aquaticbarriers.org/report/combined_barriers/sm58848,0.0,0,100,-1.0,10,2020,Poor,0,2.11
sm58849,35.438766,-82.71007,Surveyed road/stream crossing - Fs 5097 / Ut Middle Fork. Fletcher Creek,Ut Middle Fork. Fletcher Creek,Fs 5097,Unpaved,Culvert,Moderate barrier,Moderate,6010105,Upper French Broad,60101050403,Mills River,Henderson,0.1333,1,Salvelinus fontinalis,1,not located on a reach associated with anadromous / catadromous species habitat,yes,0.26,5.331,5.331,0.26,1839.628,sm14723,small_barrier,sm14723,culvert,sm14723,4.033,10.2,101000.0,0.6,0.046,0.5,0.0138,25000400551006.0,https://tool.aquaticbarriers.org/report/combined_barriers/sm58849,0.0,76,100,0.124668,10,2020,Satisfactory,0,2.11
sm58850,35.43994,-82.71032,Surveyed road/stream crossing - Fs 5097 / Ut Middle Fork Fletcher Creek,Ut Middle Fork Fletcher Creek,Fs 5097,Unpaved,Culvert,Complete barrier,Spans full channel & banks,6010105,Upper French Broad,60101050403,Mills River,Henderson,0.6055,3,Salvelinus fontinalis,1,not located on a reach associated with anadromous / catadromous species habitat,yes,0.842,5.331,5.331,0.842,1839.7,sm14723,small_barrier,sm14723,culvert,sm14723,4.033,16.2,137000.0,0.0,0.176,0.5,0.0,25000400414282.0,https://tool.aquaticbarriers.org/report/combined_barriers/sm58850,0.0,92,100,0.582237,10,2021,Satisfactory,0,2.08
sm58851,35.44009,-82.710396,Surveyed road/stream crossing - Fs 5097 / Ut Middle Fork Fletcher Creek,Ut Middle Fork Fletcher Creek,Fs 5097,Unpaved,Culvert,Moderate barrier,Spans full channel & banks,6010105,Upper French Broad,60101050403,Mills River,Henderson,0.1255,2,Salvelinus fontinalis,1,not located on a reach associated with anadromous / catadromous species habitat,yes,0.243,5.331,5.331,0.243,1839.703,sm14723,small_barrier,sm14723,culvert,sm14723,4.033,10.0,100000.0,0.0,0.044,0.5,0.0,25000400393142.0,https://tool.aquaticbarriers.org/report/combined_barriers/sm58851,0.0,86,100,0.119945,10,2020,Satisfactory,0,2.08
sm58852,35.442886,-82.71285,Surveyed road/stream crossing - Fs 5097 / Ut To Middle Banch Of Fletcher Creek,Ut To Middle Banch Of Fletcher Creek,Fs 5097,Unpaved,Culvert,Moderate barrier,Severe,6010105,Upper French Broad,60101050403,Mills River,Henderson,0.29549998,2,Salvelinus fontinalis,1,not located on a reach associated with anadromous / catadromous species habitat,yes,0.477,5.331,5.331,0.477,1839.941,sm14723,small_barrier,sm14723,culvert,sm14723,4.033,12.9,118000.0,1.0,0.096,0.5,0.048,25000400307120.0,https://tool.aquaticbarriers.org/report/combined_barriers/sm58852,0.0,92,100,0.288978,10,2021,Satisfactory,0,2.13
sm58853,35.440746,-82.71025,Surveyed road/stream crossing - Fs 5097 / Ut Middle Fork Fletcher Creek,Ut Middle Fork Fletcher Creek,Fs 5097,Unpaved,Culvert,Moderate barrier,Moderate,6010105,Upper French Broad,60101050403,Mills River,Henderson,0.0919,1,Salvelinus fontinalis,1,not located on a reach associated with anadromous / catadromous species habitat,yes,0.219,5.331,5.331,0.219,1839.729,sm14723,small_barrier,sm14723,culvert,sm14723,4.033,9.2,95000.0,0.6,0.033,0.5,0.0099,25000400292652.0,https://tool.aquaticbarriers.org/report/combined_barriers/sm58853,0.0,91,100,0.087841,10,2020,Satisfactory,0,2.05
sm58855,35.441895,-82.71372,Surveyed road/stream crossing - Fs 5097 / Ut Middle Fork Fletcher Creek,Ut Middle Fork Fletcher Creek,Fs 5097,Unpaved,Culvert,Moderate barrier,Severe,6010105,Upper French Broad,60101050403,Mills River,Henderson,0.0919,1,Salvelinus fontinalis,1,not located on a reach associated with anadromous / catadromous species habitat,yes,0.212,0.219,0.219,0.212,1839.948,sm58853,small_barrier,sm58853,culvert,sm14723,4.033,9.2,95000.0,1.0,0.033,0.5,0.0165,25000400292652.0,https://tool.aquaticbarriers.org/report/combined_barriers/sm58855,0.0,91,100,0.087841,10,2020,Satisfactory,0,2.2
sm59172,35.40085,-82.67278,Surveyed road/stream crossing - Fs1206 / Ut 4,Ut 4,Fs1206,Unpaved,Culvert,Moderate barrier,Severe,6010105,Upper French Broad,60101050403,Mills River,Henderson,0.0377,1,Salvelinus fontinalis,1,not located on a reach associated with anadromous / catadromous species habitat,yes,0.014,2.099,2.099,0.014,1835.162,f202503951,waterfall,,waterfall,sm59172,2.099,7.2,83000.0,1.0,0.014,0.5,0.007,25000400546722.0,https://tool.aquaticbarriers.org/report/combined_barriers/sm59172,0.0,97,100,0.035897,10,2019,Satisfactory,0,3.7
sm59176,35.38428,-82.6862,Surveyed road/stream crossing - Fs1206,,Fs1206,Unpaved,Culvert,Complete barrier,Severe,6010105,Upper French Broad,60101050402,South Fork Mills River,Henderson,0.2555,2,Salvelinus fontinalis,0,not located on a reach associated with anadromous / catadromous species habitat,yes,0.71,41.176,41.144,0.71,1841.625,NC3263,dam,,dam,sm59176,41.176,12.4,114000.0,1.0,0.085,0.5,0.0425,25000400353205.0,https://tool.aquaticbarriers.org/report/combined_barriers/sm59176,0.0,98,100,0.277663,10,2021,Satisfactory,0,4.87
sm59179,35.36778,-82.77055,Surveyed road/stream crossing - Fs 1206 / Ut Barnett,Ut Barnett,Fs 1206,Unpaved,Culvert,Moderate barrier,Moderate,6010105,Upper French Broad,60101050402,South Fork Mills River,Transylvania,0.56020004,2,Salvelinus fontinalis,0,not located on a reach associated with anadromous / catadromous species habitat,yes,0.807,60.922,60.922,0.807,1855.788,f12461,waterfall,,waterfall,sm59179,60.922,15.8,135000.0,0.6,0.165,0.5,0.0495,25000400521557.0,https://tool.aquaticbarriers.org/report/combined_barriers/sm59179,0.4,98,100,0.711051,10,2021,Satisfactory,1,1.99
sm59181,35.366154,-82.77667,Surveyed road/stream crossing - Fs 1206 / Bear Wallow Branch,Bear Wallow Branch,Fs 1206,Unpaved,Culvert,Moderate barrier,Severe,6010105,Upper French Broad,60101050402,South Fork Mills River,Transylvania,0.5833,2,Salvelinus fontinalis,0,not located on a reach associated with anadromous / catadromous species habitat,yes,1.409,60.922,60.922,1.409,1856.433,f12461,waterfall,,waterfall,sm59181,60.922,16.0,136000.0,1.0,0.171,0.5,0.0855,25000400414274.0,https://tool.aquaticbarriers.org/report/combined_barriers/sm59181,0.0,97,100,0.763791,10,2021,Satisfactory,1,1.67
sm59182,35.365677,-82.77791,Surveyed road/stream crossing - Fs 1206 / Ut Bear Wallow Branch,Ut Bear Wallow Branch,Fs 1206,Unpaved,Culvert,Moderate barrier,Moderate,6010105,Upper French Broad,60101050402,South Fork Mills River,Transylvania,0.55730003,3,Salvelinus fontinalis,0,not located on a reach associated with anadromous / catadromous species habitat,yes,1.198,60.922,60.922,1.198,1856.47,f12461,waterfall,,waterfall,sm59182,60.922,15.7,134000.0,0.6,0.165,0.5,0.0495,25000400504728.0,https://tool.aquaticbarriers.org/report/combined_barriers/sm59182,0.599,84,100,0.713452,10,2021,Satisfactory,3,1.6
sm59183,35.437912,-82.66061,Surveyed road/stream crossing - Fs 5000 / Ut7Washcreek,Ut7Washcreek,Fs 5000,Unpaved,Culvert,Complete barrier,Severe,6010105,Upper French Broad,60101050403,Mills River,Henderson,0.3566,2,Salvelinus fontinalis,1,not located on a reach associated with anadromous / catadromous species habitat,yes,1.219,11.413,11.413,1.219,1836.65,sm3043,small_barrier,sm3043,culvert,sm3043,12.963,13.7,122000.0,1.0,0.113,0.5,0.0565,25000400384781.0,https://tool.aquaticbarriers.org/report/combined_barriers/sm59183,0.0,97,100,0.347902,10,2021,Satisfactory,1,1.46
sm59186,35.381496,-82.75263,Surveyed road/stream crossing - W1206 / Ut,Ut,W1206,Unpaved,Culvert,Complete barrier,Severe,6010105,Upper French Broad,60101050402,South Fork Mills River,Transylvania,1.3061,3,Salvelinus fontinalis,0,not located on a reach associated with anadromous / catadromous species habitat,yes,4.331,60.922,60.922,4.331,1855.027,f12461,waterfall,,waterfall,sm59186,60.922,20.7,164000.0,1.0,0.31,0.5,0.155,25000400403625.0,https://tool.aquaticbarriers.org/report/combined_barriers/sm59186,1.96,99,100,1.704814,10,2025,Satisfactory,0,3.07
sm59188,35.380653,-82.75545,Surveyed road/stream crossing - W1206 / Ut Poplar Creek,Ut Poplar Creek,W1206,Unpaved,Culvert,Complete barrier,Moderate,6010105,Upper French Broad,60101050402,South Fork Mills River,Transylvania,0.08509999,2,Salvelinus fontinalis,0,not located on a reach associated with anadromous / catadromous species habitat,yes,0.329,60.922,60.922,0.329,1854.955,f12461,waterfall,,waterfall,sm59188,60.922,9.0,94000.0,0.6,0.03,0.5,0.009,25000400363899.0,https://tool.aquaticbarriers.org/report/combined_barriers/sm59188,0.0,95,100,0.102991,10,2021,Poor,0,2.9
sm59190,35.37231,-82.7652,Surveyed road/stream crossing - W1206 / Ut Barnet Branch,Ut Barnet Branch,W1206,Unpaved,Culvert,Complete barrier,Moderate,6010105,Upper French Broad,60101050402,South Fork Mills River,Transylvania,0.98829997,2,Salvelinus fontinalis,0,not located on a reach associated with anadromous / catadromous species habitat,yes,2.396,60.922,60.922,2.396,1855.89,f12461,waterfall,,waterfall,sm59190,60.922,18.9,153000.0,0.6,0.255,0.5,0.0765,25000400502613.0,https://tool.aquaticbarriers.org/report/combined_barriers/sm59190,1.396,95,100,1.294687,10,2021,Satisfactory,0,2.28
sm59197,35.38553,-82.73173,Surveyed road/stream crossing - 1206 / Bradley Creek,Bradley Creek,1206,Unpaved,Culvert,Moderate barrier,Moderate,6010105,Upper French Broad,60101050402,South Fork Mills River,Transylvania,1.1258,3,Salvelinus fontinalis,0,not located on a reach associated with anadromous / catadromous species habitat,yes,2.984,41.176,41.144,2.984,1845.075,NC3263,dam,,dam,sm59197,41.176,19.7,158000.0,0.6,0.28,0.5,0.084,25000400437341.0,https://tool.aquaticbarriers.org/report/combined_barriers/sm59197,1.801,96,100,1.341185,10,2021,Satisfactory,0,4.27
sm59198,35.384094,-82.70982,Surveyed road/stream crossing - 1206 / Ut Bradley Creek,Ut Bradley Creek,1206,Unpaved,Culvert,Complete barrier,Severe,6010105,Upper French Broad,60101050402,South Fork Mills River,Transylvania,0.0887,1,Salvelinus fontinalis,0,not located on a reach associated with anadromous / catadromous species habitat,yes,0.161,41.176,41.144,0.161,1843.658,NC3263,dam,,dam,sm59198,41.176,9.1,95000.0,1.0,0.032,0.5,0.016,25000400468958.0,https://tool.aquaticbarriers.org/report/combined_barriers/sm59198,0.0,91,100,0.097265,10,2019,Satisfactory,0,5.19
sm59199,35.38481,-82.70765,Surveyed road/stream crossing - 1206 / Ut Bradley Creek,Ut Bradley Creek,1206,Unpaved,Culvert,Complete barrier,Severe,6010105,Upper French Broad,60101050402,South Fork Mills River,Transylvania,0.17609999,2,Salvelinus fontinalis,0,not located on a reach associated with anadromous / catadromous species habitat,yes,0.358,41.176,41.144,0.358,1843.446,NC3263,dam,,dam,sm59199,41.176,11.1,106000.0,1.0,0.06,0.5,0.03,25000400540377.0,https://tool.aquaticbarriers.org/report/combined_barriers/sm59199,0.0,89,100,0.191131,10,2019,Satisfactory,0,5.1
sm59202,35.38248,-82.750496,Surveyed road/stream crossing - 1206 / Ut Poplar Creek,Ut Poplar Creek,1206,Unpaved,Culvert,Complete barrier,Moderate,6010105,Upper French Broad,60101050402,South Fork Mills River,Transylvania,0.9216,3,Salvelinus fontinalis,0,not located on a reach associated with anadromous / catadromous species habitat,yes,2.797,60.922,60.922,2.797,1855.069,f12461,waterfall,,waterfall,sm59202,60.922,18.5,151000.0,0.6,0.243,0.5,0.0729,25000400401540.0,https://tool.aquaticbarriers.org/report/combined_barriers/sm59202,1.158,98,100,1.181029,10,2021,Satisfactory,0,3.2
sm59206,35.25374,-82.82747,Surveyed road/stream crossing - Fsr 471 / Charles Crk Ut,Charles Crk Ut,Fsr 471,Unpaved,Culvert,Moderate barrier,Severe,6010105,Upper French Broad,60101050104,Catheys Creek,Transylvania,0.10030001,1,Salvelinus fontinalis,0,not located on a reach associated with anadromous / catadromous species habitat,yes,0.247,11.657,11.657,0.247,1871.207,sm54718,small_barrier,sm54718,culvert,sm54718,0.408,9.4,96000.0,1.0,0.036,0.5,0.018,25000400349366.0,https://tool.aquaticbarriers.org/report/combined_barriers/sm59206,0.0,98,100,0.156344,4,2019,Satisfactory,0,4.4
sm59212,36.06949,-81.81176,Surveyed road/stream crossing - Fs 192 / Andrews Creek,Andrews Creek,Fs 192,Unpaved,Culvert,Moderate barrier,Spans full channel & banks,3050101,Upper Catawba,30501010502,Upper Wilson Creek,Avery,4.0196,2,Salvelinus fontinalis,0,not located on a reach associated with anadromous / catadromous species habitat,yes,0.173,0.918,0.918,0.173,426.124,f202503993,waterfall,,waterfall,sm59212,0.918,19.2,155000.0,0.0,0.599,0.5,0.0,15001500275996.0,https://tool.aquaticbarriers.org/report/combined_barriers/sm59212,0.0,95,100,3.821452,8,2019,Unknown,0,2.36
sm59215,36.07543,-81.79178,Surveyed road/stream crossing - Fs 192 / Little Wilson Creek,Little Wilson Creek,Fs 192,Unpaved,Culvert,Complete barrier,Spans full channel & banks,3050101,Upper Catawba,30501010502,Upper Wilson Creek,Avery,3.0823,2,Salvelinus fontinalis,0,not located on a reach associated with anadromous / catadromous species habitat,yes,0.351,0.702,0.702,0.351,425.665,f202504018,waterfall,,waterfall,sm59215,0.702,17.4,144000.0,0.0,0.522,0.5,0.0,15001500046782.0,https://tool.aquaticbarriers.org/report/combined_barriers/sm59215,0.351,92,100,3.037954,8,2019,Satisfactory,1,1.75
sm59217,35.3692,-82.72851,Surveyed road/stream crossing - 5018 / Billy Branch (8),Billy Branch (8),5018,Unpaved,Culvert,Complete barrier,Spans full channel & banks,6010105,Upper French Broad,60101050402,South Fork Mills River,Transylvania,0.2477,2,Salvelinus fontinalis,0,not located on a reach associated with anadromous / catadromous species habitat,yes,0.648,2.596,2.596,0.648,1853.169,f28086,waterfall,,waterfall,sm59217,2.596,12.3,114000.0,0.0,0.082,0.5,0.0,25000400445722.0,https://tool.aquaticbarriers.org/report/combined_barriers/sm59217,0.0,100,100,0.319235,10,2021,Satisfactory,0,4.33
sm59218,35.36564,-82.72781,Surveyed road/stream crossing - 5018 / Billy Branch (5),Billy Branch (5),5018,Unpaved,Culvert,Complete barrier,Moderate,6010105,Upper French Broad,60101050402,South Fork Mills River,Transylvania,0.20769998,2,Salvelinus fontinalis,0,not located on a reach associated with anadromous / catadromous species habitat,yes,0.339,2.596,2.596,0.339,1853.184,f28086,waterfall,,waterfall,sm59218,2.596,11.6,110000.0,0.6,0.07,0.5,0.021,25000400414192.0,https://tool.aquaticbarriers.org/report/combined_barriers/sm59218,0.0,100,100,0.268339,10,2021,Satisfactory,0,4.38
sm59231,35.405025,-82.668755,Surveyed road/stream crossing - Fa 1206 / Rocky Creek,Rocky Creek,Fa 1206,Unpaved,Culvert,Complete barrier,Severe,6010105,Upper French Broad,60101050403,Mills River,Henderson,0.32220003,2,Salvelinus fontinalis,1,not located on a reach associated with anadromous / catadromous species habitat,yes,1.062,12.963,12.963,1.062,1834.75,NC28104,dam,,dam,sm59231,12.963,13.3,120000.0,1.0,0.104,0.5,0.052,25000400521598.0,https://tool.aquaticbarriers.org/report/combined_barriers/sm59231,0.0,99,100,0.288493,10,2021,Satisfactory,0,3.44
sm642639,35.587494,-83.3629,Surveyed road/stream crossing - 441 / Kanati Fork,Kanati Fork,441,Paved,Culvert,Complete barrier,Spans full channel & banks,6010203,Tuckasegee,60102030204,Upper Oconaluftee River,Swain,3.3934999,3,Salvelinus fontinalis,0,not located on a reach associated with anadromous / catadromous species habitat,yes,5.337,432.799,432.799,5.337,1718.696,NC3046,dam,,dam,sm642639,432.799,28.3,380000.0,0.0,0.55,1.0,0.0,25000400540595.0,https://tool.aquaticbarriers.org/report/combined_barriers/sm642639,1.849,99,100,4.261185,5,2023,Satisfactory,0,10.49
sm642640,35.602356,-83.41553,Surveyed road/stream crossing - 441 / Beech Flats Prong,Beech Flats Prong,441,Paved,Culvert,Moderate barrier,Spans full channel & banks,6010203,Tuckasegee,60102030204,Upper Oconaluftee River,Swain,1.7318,2,Salvelinus fontinalis,0,not located on a reach associated with anadromous / catadromous species habitat,yes,3.154,432.799,432.799,3.154,1722.335,NC3046,dam,,dam,sm642640,432.799,22.7,312000.0,0.0,0.373,1.0,0.0,25000400523950.0,https://tool.aquaticbarriers.org/report/combined_barriers/sm642640,0.792,89,100,2.677041,5,2023,Satisfactory,0,11.8
sm643467,35.718388,-83.09221,Surveyed road/stream crossing - Old Cataloochee Turnpike / Ball Branch,Ball Branch,Old Cataloochee Turnpike,Unpaved,Culvert,Complete barrier,Moderate,6010106,Pigeon,60101060305,Cold Springs Creek-Pigeon River,Haywood,1.3679,2,Salvelinus fontinalis,0,not located on a reach associated with anadromous / catadromous species habitat,yes,1.854,2488.362,2324.799,1.854,1761.656,TN1466,dam,,dam,sm643467,2488.362,21.0,166000.0,0.6,0.32,0.5,0.096,25000400294924.0,https://tool.aquaticbarriers.org/report/combined_barriers/sm643467,0.0,98,100,1.411025,6,2023,Satisfactory,0,3.51
sm643468,35.708336,-83.09673,Surveyed road/stream crossing - Old Cataloochee Tunpike / Mount Sterling Creek,Mount Sterling Creek,Old Cataloochee Tunpike,Unpaved,Culvert,Moderate barrier,Moderate,6010106,Pigeon,60101060305,Cold Springs Creek-Pigeon River,Haywood,1.0195,1,Salvelinus fontinalis,0,not located on a reach associated with anadromous / catadromous species habitat,yes,1.296,2488.362,2324.799,1.296,1762.345,TN1466,dam,,dam,sm643468,2488.362,19.1,154000.0,0.6,0.261,0.5,0.0783,25000400370380.0,https://tool.aquaticbarriers.org/report/combined_barriers/sm643468,0.0,99,100,1.192716,6,2023,Satisfactory,0,4.22
sm645996,34.235928,-78.01133,Surveyed road/stream crossing - Old Fayetteville Rd/Division Dr,,Old Fayetteville Rd/Division Dr,Paved,Culvert,Moderate barrier,Severe,3030005,Lower Cape Fear,30300050502,Town of Woodburn-Sturgeon Creek,Brunswick,1.9197,1,not recorded,1,located on a reach associated with anadromous / catadromous species habitat,yes,0.134,6015.769,6009.144,0.134,31.328,,,,outlet,sm645996,6015.769,14.5,215000.0,1.0,0.398,1.0,0.398,15000500077443.0,https://tool.aquaticbarriers.org/report/combined_barriers/sm645996,0.0,50,100,1.128575,9,2022,Satisfactory,0,222.82
sm646003,36.139503,-76.77885,Surveyed road/stream crossing - Perrytown Road,Eastmost Swamp,Perrytown Road,Paved,Culvert,Moderate barrier,Minor,3010203,Chowan,30102030704,Eastmost Swamp,Bertie,6.8417997,2,not recorded,0,located on a reach associated with anadromous / catadromous species habitat,yes,3.128,4966.502,4964.54,3.128,20.341,,,,outlet,sm646003,4966.502,23.7,324000.0,0.25,0.765,1.0,0.1912,15000100109285.0,https://tool.aquaticbarriers.org/report/combined_barriers/sm646003,0.0,57,100,2.70142,0,2022,Poor,0,229.75
sm646012,34.289177,-78.03685,Surveyed road/stream crossing - 2271 Cedar Hill Rd Ne / Ut To Indian Creek,Ut To Indian Creek,2271 Cedar Hill Rd Ne,Paved,Culvert,Moderate barrier,Severe,3030005,Lower Cape Fear,30300050501,Indian Creek-Cape Fear River,Brunswick,1.6945,1,not recorded,3,located on a reach associated with anadromous / catadromous species habitat,yes,0.36,6015.769,6009.144,0.36,36.946,,,,outlet,sm646012,6015.769,13.9,207000.0,1.0,0.368,1.0,0.368,15000500077049.0,https://tool.aquaticbarriers.org/report/combined_barriers/sm646012,0.0,97,100,0.99927,9,2024,Satisfactory,0,219.93
sm646016,34.19724,-78.087875,Surveyed road/stream crossing - Pinecliff Dr Ne / Bishop Branch,Bishop Branch,Pinecliff Dr Ne,Unpaved,Culvert,Moderate barrier,Moderate,3030005,Lower Cape Fear,30300050603,Lower Town Creek,Brunswick,1.2083,1,not recorded,1,located on a reach associated with anadromous / catadromous species habitat,yes,0.088,6015.769,6009.144,0.088,41.087,,,,outlet,sm646016,6015.769,12.3,114000.0,0.6,0.294,0.5,0.0882,15000500009616.0,https://tool.aquaticbarriers.org/report/combined_barriers/sm646016,0.0,82,100,0.713012,10,2022,Satisfactory,0,220.11
sm646036,36.190723,-76.679535,Surveyed road/stream crossing - Rocky Hock Landing Rd / Ut To Rockyhock Creek,Ut To Rockyhock Creek,Rocky Hock Landing Rd,Paved,Culvert,Moderate barrier,Moderate,3010203,Chowan,30102030702,Bennett Millpond-Rockyhock Creek,Chowan,5.106,3,not recorded,1,not located on a reach associated with anadromous / catadromous species habitat,yes,7.876,51.435,49.705,7.876,16.213,NC22620,dam,,dam,sm646036,51.435,21.1,293000.0,0.6,0.672,1.0,0.4032,15000100015341.0,https://tool.aquaticbarriers.org/report/combined_barriers/sm646036,0.0,66,31,2.001795,0,2022,Satisfactory,0,234.7
sm646067,36.267178,-76.99893,Surveyed road/stream crossing - Johnny Mitchell Rd,,Johnny Mitchell Rd,Paved,Culvert,Moderate barrier,Spans full channel & banks,3010203,Chowan,30102030304,Town of Ahoskie-Middle Ahoskie Creek,Hertford,1.2091,1,not recorded,0,located on a reach associated with anadromous / catadromous species habitat,yes,1.087,4966.502,4964.54,1.087,59.879,,,,outlet,sm646067,4966.502,12.3,187000.0,0.0,0.294,1.0,0.0,15000100032851.0,https://tool.aquaticbarriers.org/report/combined_barriers/sm646067,0.0,43,100,0.512225,1,2022,Satisfactory,0,216.51
sm646068,36.266808,-76.99835,Surveyed road/stream crossing - Johnny Mitchell Rd / Snake Branch,Snake Branch,Johnny Mitchell Rd,Paved,Culvert,Moderate barrier,Spans full channel & banks,3010203,Chowan,30102030304,Town of Ahoskie-Middle Ahoskie Creek,Hertford,6.0336,2,not recorded,0,located on a reach associated with anadromous / catadromous species habitat,yes,2.329,4966.502,4964.54,2.329,59.87,,,,outlet,sm646068,4966.502,22.5,310000.0,0.0,0.725,1.0,0.0,15000100108215.0,https://tool.aquaticbarriers.org/report/combined_barriers/sm646068,0.0,40,100,2.551702,1,2022,Satisfactory,0,216.54
sm646085,34.100243,-77.96951,Surveyed road/stream crossing - River Rd Se / Sand Hill Creek,Sand Hill Creek,River Rd Se,Paved,Culvert,Moderate barrier,Severe,3030005,Lower Cape Fear,30300050702,Mott Creek-Cape Fear River,Brunswick,3.2826,1,not recorded,3,not located on a reach associated with anadromous / catadromous species habitat,yes,1.503,1.825,0.883,0.883,20.987,NC6204,dam,,dam,sm646085,1.825,17.8,254000.0,1.0,0.54,1.0,0.54,15000500033572.0,https://tool.aquaticbarriers.org/report/combined_barriers/sm646085,0.0,98,100,2.155291,13,2022,Poor,0,229.17
sm646093,34.276367,-78.13792,Surveyed road/stream crossing - Trucking Ln Ne / Pasture Pond Branch,Pasture Pond Branch,Trucking Ln Ne,Unpaved,Culvert,Complete barrier,Moderate,3030005,Lower Cape Fear,30300050406,Hood Creek,Brunswick,0.9759,2,not recorded,0,located on a reach associated with anadromous / catadromous species habitat,yes,0.899,6015.769,6009.144,0.899,51.592,,,,outlet,sm646093,6015.769,11.4,108000.0,0.6,0.253,0.5,0.0759,15000500031965.0,https://tool.aquaticbarriers.org/report/combined_barriers/sm646093,0.0,79,100,0.512043,7,2022,Poor,0,215.13
sm646105,34.31687,-78.1194,Surveyed road/stream crossing - Blue Banks Loop Rd Ne,,Blue Banks Loop Rd Ne,Paved,Culvert,Moderate barrier,Minor,3030005,Lower Cape Fear,30300050406,Hood Creek,Brunswick,6.3002,3,not recorded,0,located on a reach associated with anadromous / catadromous species habitat,yes,1.268,6015.769,6009.144,1.268,47.126,,,,outlet,sm646105,6015.769,22.9,315000.0,0.25,0.738,1.0,0.1845,15000500031969.0,https://tool.aquaticbarriers.org/report/combined_barriers/sm646105,0.0,88,100,3.045496,7,2022,Poor,0,214.87
sm646109,34.144836,-77.905846,Surveyed road/stream crossing - Beamon Ln,,Beamon Ln,Paved,Culvert,Moderate barrier,Moderate,3030005,Lower Cape Fear,30300050702,Mott Creek-Cape Fear River,New Hanover,1.5366,2,not recorded,3,located on a reach associated with anadromous / catadromous species habitat,yes,2.334,6015.769,6009.144,2.334,21.583,,,,outlet,sm646109,6015.769,13.4,201000.0,0.6,0.346,1.0,0.2076,15000500066506.0,https://tool.aquaticbarriers.org/report/combined_barriers/sm646109,0.0,21,100,0.936976,13,2022,Poor,0,230.99
sm646132,34.2727,-78.144424,Surveyed road/stream crossing - Marco Rd Ne / Pasture Pond Branch,Pasture Pond Branch,Marco Rd Ne,Paved,Culvert,Moderate barrier,Severe,3030005,Lower Cape Fear,30300050406,Hood Creek,Brunswick,0.28559995,1,not recorded,0,located on a reach associated with anadromous / catadromous species habitat,yes,0.01,0.899,0.899,0.01,52.061,sm646093,small_barrier,sm646093,culvert,sm646093,6015.769,7.5,130000.0,1.0,0.093,1.0,0.093,15000500009365.0,https://tool.aquaticbarriers.org/report/combined_barriers/sm646132,0.0,74,100,0.14995,7,2022,Poor,0,214.9
sm646135,36.19151,-76.89147,Surveyed road/stream crossing - Meadow Rd / Barbeque Swamp,Barbeque Swamp,Meadow Rd,Paved,Culvert,Moderate barrier,Severe,3010203,Chowan,30102030402,Barbeque Swamp,Bertie,14.1289,1,not recorded,0,located on a reach associated with anadromous / catadromous species habitat,yes,3.753,4966.502,4964.54,3.753,54.082,,,,outlet,sm646135,4966.502,31.6,419000.0,1.0,1.0,1.0,1.0,15000100071137.0,https://tool.aquaticbarriers.org/report/combined_barriers/sm646135,0.0,77,100,5.720412,0,2022,Poor,0,223.06
sm646141,36.427006,-76.84752,Surveyed road/stream crossing - Nc-137 / Jody Branch,Jody Branch,Nc-137,Paved,Culvert,Complete barrier,Spans full channel & banks,3010203,Chowan,30102030205,Cole Creek-Sarem Creek,Gates,16.1767,3,not recorded,0,located on a reach associated with anadromous / catadromous species habitat,yes,11.987,4966.502,4964.54,11.987,37.431,,,,outlet,sm646141,4966.502,33.4,440000.0,0.0,1.0,1.0,0.0,15000100052552.0,https://tool.aquaticbarriers.org/report/combined_barriers/sm646141,0.0,82,76,6.540342,1,2022,Satisfactory,0,223.88
sm646142,36.422756,-76.834755,Surveyed road/stream crossing - Nc-137 / Cypress Swamp,Cypress Swamp,Nc-137,Paved,Culvert,Complete barrier,Minor,3010203,Chowan,30102030205,Cole Creek-Sarem Creek,Gates,3.4077,2,not recorded,0,located on a reach associated with anadromous / catadromous species habitat,yes,2.67,4966.502,4964.54,2.67,36.515,,,,outlet,sm646142,4966.502,18.1,257000.0,0.25,0.551,1.0,0.1378,15000100052554.0,https://tool.aquaticbarriers.org/report/combined_barriers/sm646142,0.0,80,100,1.364791,1,2022,Satisfactory,0,224.6
sm646165,36.39975,-76.72949,Surveyed road/stream crossing - Flat Branch Rd,,Flat Branch Rd,Paved,Culvert,Moderate barrier,Severe,3010203,Chowan,30102030504,Bennetts Creek,Gates,2.5155,1,not recorded,2,located on a reach associated with anadromous / catadromous species habitat,yes,2.091,4966.502,4964.54,2.091,37.339,,,,outlet,sm646165,4966.502,16.1,233000.0,1.0,0.467,1.0,0.467,15000100109499.0,https://tool.aquaticbarriers.org/report/combined_barriers/sm646165,0.0,45,100,1.006828,4,2022,Satisfactory,0,230.5
sm646177,36.27862,-76.66531,Surveyed road/stream crossing - Cannons Ferry Rd / Stumpy Creek,Stumpy Creek,Cannons Ferry Rd,Paved,Culvert,Moderate barrier,Severe,3010203,Chowan,30102030603,Holiday Island-Chowan River,Chowan,9.0054,2,not recorded,1,located on a reach associated with anadromous / catadromous species habitat,yes,1.452,4966.502,4964.54,1.452,21.357,,,,outlet,sm646177,4966.502,26.4,357000.0,1.0,0.855,1.0,0.855,15000100128532.0,https://tool.aquaticbarriers.org/report/combined_barriers/sm646177,0.0,84,100,3.550302,2,2022,Unknown,0,234.77
sm646182,36.285732,-76.64824,Surveyed road/stream crossing - Virginia Rd / Stumpy Creek,Stumpy Creek,Virginia Rd,Paved,Culvert,Complete barrier,Spans full channel & banks,3010203,Chowan,30102030603,Holiday Island-Chowan River,Chowan,9.0054,2,not recorded,1,located on a reach associated with anadromous / catadromous species habitat,yes,1.189,1.452,1.452,1.189,22.81,sm646177,small_barrier,sm646177,culvert,sm646177,4966.502,26.4,357000.0,0.0,0.855,1.0,0.0,15000100128532.0,https://tool.aquaticbarriers.org/report/combined_barriers/sm646182,0.0,79,100,3.550302,2,2022,Satisfactory,0,235.66
sm756023,35.34752,-84.02717,Surveyed road/stream crossing - John’S Branch,John’S Branch,,Paved,Culvert,Complete barrier,Severe,6010204,Lower Little Tennessee,60102040105,Santeetlah Creek,Graham,2.0446,1,Salvelinus fontinalis,0,not located on a reach associated with anadromous / catadromous species habitat,yes,0.303,434.482,402.797,0.303,1681.72,NC3038,dam,,dam,sm756023,434.482,23.9,327000.0,1.0,0.414,1.0,0.414,25000400310204.0,https://tool.aquaticbarriers.org/report/combined_barriers/sm756023,0.303,84,100,3.587876,5,2024,Satisfactory,0,20.53
sm756029,35.353863,-83.90749,Surveyed road/stream crossing - Santeetlah Creek,Santeetlah Creek,,Unpaved,Culvert,Moderate barrier,Severe,6010204,Lower Little Tennessee,60102040105,Santeetlah Creek,Graham,0.3102,1,Salvelinus fontinalis,0,not located on a reach associated with anadromous / catadromous species habitat,yes,0.331,434.482,402.797,0.331,1672.43,NC3038,dam,,dam,sm756029,434.482,13.1,119000.0,1.0,0.1,0.5,0.05,25000400377382.0,https://tool.aquaticbarriers.org/report/combined_barriers/sm756029,0.0,97,100,0.353969,5,2024,Satisfactory,0,16.15
sm756030,35.33066,-84.00931,Surveyed road/stream crossing - Pine Rodge Rd / Santeetlah Creek,Santeetlah Creek,Pine Rodge Rd,Unpaved,Culvert,Complete barrier,Severe,6010204,Lower Little Tennessee,60102040105,Santeetlah Creek,Graham,0.9733,1,Salvelinus fontinalis,0,not located on a reach associated with anadromous / catadromous species habitat,yes,0.779,434.482,402.797,0.779,1681.534,NC3038,dam,,dam,sm756030,434.482,18.8,153000.0,1.0,0.252,0.5,0.126,25000400375237.0,https://tool.aquaticbarriers.org/report/combined_barriers/sm756030,0.0,90,100,1.784045,5,2024,Poor,0,19.14
sm757231,35.4005,-82.79474,Surveyed road/stream crossing - 982 Hungry Creek Rd / Hungry Creek,Hungry Creek,982 Hungry Creek Rd,Paved,Culvert,Complete barrier,Moderate,6010106,Pigeon,60101060103,East Fork Pigeon River,Haywood,1.5952,2,Salvelinus fontinalis,1,not located on a reach associated with anadromous / catadromous species habitat,yes,1.522,256.129,256.129,1.522,1810.419,NC3216,dam,,dam,sm757231,256.129,22.1,305000.0,0.6,0.354,1.0,0.2124,25000400341309.0,https://tool.aquaticbarriers.org/report/combined_barriers/sm757231,1.042,92,100,2.267121,6,2024,Satisfactory,3,1.79
sm8025191,36.09461,-82.10033,Surveyed road/stream crossing - 10258 North Carolina Highway 261 / Carvers Gap Creek,Carvers Gap Creek,10258 North Carolina Highway 261,Paved,Culvert,Complete barrier,Severe,6010108,Nolichucky,60101080207,Little Rock Creek,Mitchell,0.7534,1,Salvelinus fontinalis,0,not located on a reach associated with anadromous / catadromous species habitat,yes,0.448,1.663,1.663,0.448,1859.841,sm8025192,small_barrier,sm8025192,culvert,sm8025192,1.525,17.3,248000.0,1.0,0.209,1.0,0.209,25000400415731.0,https://tool.aquaticbarriers.org/report/combined_barriers/sm8025191,0.0,81,100,0.95793,8,2025,Poor,3,1.21
sm8025192,36.091278,-82.100266,Surveyed road/stream crossing - 9892 North Carolina Highway 261 / Fall Creek,Fall Creek,9892 North Carolina Highway 261,Paved,Culvert,Complete barrier,Moderate,6010108,Nolichucky,60101080207,Little Rock Creek,Mitchell,2.6547,2,Salvelinus fontinalis,0,not located on a reach associated with anadromous / catadromous species habitat,yes,1.663,1.525,1.525,1.525,1859.593,f25195,waterfall,,waterfall,sm8025192,1.525,26.1,353000.0,0.6,0.481,1.0,0.2886,25000400535319.0,https://tool.aquaticbarriers.org/report/combined_barriers/sm8025192,0.631,87,100,3.37026,8,2025,Satisfactory,3,0.98
sm8025439,36.423744,-81.59888,Surveyed road/stream crossing - Ut North Fork New River,Ut North Fork New River,,Unpaved,Culvert,Complete barrier,Severe,5050001,Upper New,50500010103,Headwaters North Fork New River,Ashe,1.2511,1,Salvelinus fontinalis,0,not located on a reach associated with anadromous / catadromous species habitat,yes,0.278,261.145,260.798,0.278,2059.575,NC2833,dam,,dam,sm8025439,261.145,20.4,162000.0,1.0,0.301,0.5,0.1505,24000700025570.0,https://tool.aquaticbarriers.org/report/combined_barriers/sm8025439,0.01,91,100,1.098189,7,2025,Satisfactory,2,1.53
sm8025440,36.40869,-81.565956,Surveyed road/stream crossing - Ut Buffalo Creek,Ut Buffalo Creek,,Unpaved,Culvert,Complete barrier,Severe,5050001,Upper New,50500010106,Upper North Fork New River,Ashe,2.2572,1,Salvelinus fontinalis,0,not located on a reach associated with anadromous / catadromous species habitat,yes,1.173,1150.118,1149.87,1.173,2053.417,VA1913,dam,,dam,sm8025440,1150.118,24.7,188000.0,1.0,0.439,0.5,0.2195,24000700009457.0,https://tool.aquaticbarriers.org/report/combined_barriers/sm8025440,0.665,96,100,2.184109,8,2025,Satisfactory,5,0.61
sm8027076,35.154392,-76.96479,Surveyed road/stream crossing - 1149 Olympia Rd,,1149 Olympia Rd,Paved,Culvert,Complete barrier,Spans full channel & banks,3020204,Lower Neuse,30202040402,Headwaters Upper Broad Creek,Pamlico,1.7443,3,not recorded,0,located on a reach associated with anadromous / catadromous species habitat,yes,1.578,7221.023,7213.387,1.578,38.866,,,,outlet,sm8027076,7221.023,14.0,208000.0,0.0,0.375,1.0,0.0,15000400057362.0,https://tool.aquaticbarriers.org/report/combined_barriers/sm8027076,0.0,61,100,0.871672,3,2025,Poor,0,239.14
sm8027254,35.33454,-83.05529,Surveyed road/stream crossing - Chastine Creek,Chastine Creek,,Unpaved,Culvert,Moderate barrier,Severe,6010203,Tuckasegee,60102030105,Caney Fork,Jackson,10.8716,3,Salvelinus fontinalis,0,not located on a reach associated with anadromous / catadromous species habitat,yes,5.877,0.231,0.231,0.231,1739.74,sm165183,small_barrier,sm165183,culvert,sm165178,0.062,42.0,292000.0,1.0,0.919,0.5,0.4595,25000400304304.0,https://tool.aquaticbarriers.org/report/combined_barriers/sm8027254,3.938,90,100,15.529703,6,2025,Satisfactory,0,7.85
sm8031408,35.380817,-82.94501,Surveyed road/stream crossing - Queen Creek,Queen Creek,,Unknown,Culvert,Complete barrier,Unknown,6010106,Pigeon,60101060101,Lake Logan-West Fork Pigeon River,Haywood,2.8999,2,Salvelinus fontinalis,0,not located on a reach associated with anadromous / catadromous species habitat,yes,0.028,0.051,0.051,0.028,1810.173,f202503455,waterfall,,waterfall,sm8031408,0.051,26.9,282000.0,0.5,0.505,0.7,0.1768,25000400467560.0,https://tool.aquaticbarriers.org/report/combined_barriers/sm8031408,0.0,99,100,3.667202,1,2025,Unknown,0,3.0
sm8031409,35.74379,-82.34392,,,,Unknown,Culvert,Complete barrier,Unknown,6010105,Upper French Broad,60101050801,Dillingham Creek,Buncombe,0.16470002,2,Salvelinus fontinalis,0,not located on a reach associated with anadromous / catadromous species habitat,yes,0.424,0.871,0.871,0.424,1810.38,f202503558,waterfall,,waterfall,sm8031409,0.871,10.9,138000.0,0.5,0.057,0.7,0.02,25000400521011.0,https://tool.aquaticbarriers.org/report/combined_barriers/sm8031409,0.0,100,100,0.251305,3,2025,Unknown,12,0.8
sm8031410,35.72668,-82.36413,,,,Unknown,Culvert,Complete barrier,Unknown,6010105,Upper French Broad,60101050801,Dillingham Creek,Buncombe,0.8201,3,Salvelinus fontinalis,0,not located on a reach associated with anadromous / catadromous species habitat,yes,0.287,2.094,2.094,0.287,1810.433,f202503641,waterfall,,waterfall,sm8031410,2.094,17.8,200000.0,0.5,0.222,0.7,0.0777,25000400386401.0,https://tool.aquaticbarriers.org/report/combined_barriers/sm8031410,0.0,92,100,1.074695,3,2025,Unknown,31,0.84
sm8031412,35.722042,-82.24903,Surveyed road/stream crossing - Right Prong South Toe River,Right Prong South Toe River,,Unknown,Culvert,Complete barrier,Unknown,6010108,Nolichucky,60101080201,Upper South Toe River,Yancey,4.222,2,Salvelinus fontinalis,0,not located on a reach associated with anadromous / catadromous species habitat,yes,0.022,6.088,6.088,0.022,1892.506,sm2660,small_barrier,sm2660,culvert,sm2660,0.316,30.5,314000.0,0.5,0.614,0.7,0.2149,25000400362905.0,https://tool.aquaticbarriers.org/report/combined_barriers/sm8031412,0.022,72,100,5.769258,4,2025,Unknown,22,0.22
sm8031413,35.728992,-82.19269,Surveyed road/stream crossing - Curtis Creek,Curtis Creek,,Unknown,Culvert,Complete barrier,Unknown,3050101,Upper Catawba,30501010101,Curtis Creek,McDowell,0.6935,3,Salvelinus fontinalis,0,not located on a reach associated with anadromous / catadromous species habitat,yes,0.301,0.04,0.04,0.04,449.575,sm1412,small_barrier,sm1412,culvert,sm1412,0.217,10.1,131000.0,0.5,0.196,0.7,0.0686,15001500269900.0,https://tool.aquaticbarriers.org/report/combined_barriers/sm8031413,0.0,100,100,0.661012,2,2025,Unknown,53,0.14
sm8031414,35.762547,-82.107704,Surveyed road/stream crossing - Little Buck Creek,Little Buck Creek,,Unknown,Culvert,Complete barrier,Unknown,3050101,Upper Catawba,30501010104,Buck Creek,McDowell,2.5363,4,not recorded,0,not located on a reach associated with anadromous / catadromous species habitat,yes,2.711,11.501,11.501,2.711,437.374,f202503890,waterfall,,waterfall,sm8031414,11.501,16.1,185000.0,0.5,0.469,0.7,0.1642,15001500270960.0,https://tool.aquaticbarriers.org/report/combined_barriers/sm8031414,0.0,97,100,1.85476,2,2025,Unknown,6,1.2
sm8031415,35.93453,-81.88668,Surveyed road/stream crossing - Gingercake Creek,Gingercake Creek,,Unknown,Culvert,Complete barrier,Unknown,3050101,Upper Catawba,30501010401,Upper Warrior Fork,Burke,0.1501,1,Salvelinus fontinalis,0,not located on a reach associated with anadromous / catadromous species habitat,yes,0.281,0.846,0.846,0.281,417.533,f202504017,waterfall,,waterfall,sm8031415,0.846,6.2,96000.0,0.5,0.052,0.7,0.0182,15001500083494.0,https://tool.aquaticbarriers.org/report/combined_barriers/sm8031415,0.281,96,100,0.127894,8,2025,Unknown,1,1.35
sm8037674,34.62504,-77.78998,Surveyed road/stream crossing - Nc 53 / Mill Pond Creek,Mill Pond Creek,Nc 53,Paved,Culvert,Barrier - unknown severity,Unknown,3030007,Northeast Cape Fear,30300070609,Lower Holly Shelter Creek,Pender,13.4249,1,not recorded,1,located on a reach associated with anadromous / catadromous species habitat,yes,2.212,6015.769,6009.144,2.212,85.06,,,,outlet,sm8037674,6015.769,30.9,411000.0,0.5,0.991,1.0,0.4955,15000500022283.0,https://tool.aquaticbarriers.org/report/combined_barriers/sm8037674,0.0,99,100,7.219455,4,0,Unknown,0,216.56
sm8037679,36.06758,-76.65659,"Surveyed road/stream crossing - Replacement Of Culvert (Structure  # Bp-021-2074) Over Pembroke Creek On State Road (Sr) 1202 (Hickory Fork Road) In Chowan County, North Carolina To Improve Aquatic Organism Passage",,"Replacement Of Culvert (Structure  # Bp-021-2074) Over Pembroke Creek On State Road (Sr) 1202 (Hickory Fork Road) In Chowan County, North Carolina To Improve Aquatic Organism Passage",Unknown,Culvert,Barrier - unknown severity,Unknown,3010205,Albemarle,30102050101,Pembroke Creek,Chowan,4.6576,1,not recorded,1,not located on a reach associated with anadromous / catadromous species habitat,yes,3.082,33.993,33.993,3.082,3.319,,,,outlet,sm8037679,33.993,20.4,223000.0,0.5,0.644,0.7,0.2254,15000100015403.0,https://tool.aquaticbarriers.org/report/combined_barriers/sm8037679,0.0,61,100,1.819377,0,0,Unknown,0,237.23
sm8037681,36.112778,-80.177345,Surveyed road/stream crossing - Old Greensboro Road / Lowery Mill Creek,Lowery Mill Creek,Old Greensboro Road,Paved,Bridge,Barrier - unknown severity,Unknown,3040101,Upper Yadkin,30401011304,Upper Salem Creek,Forsyth,22.7595,4,not recorded,0,not located on a reach associated with anadromous / catadromous species habitat,yes,20.101,9.352,4.167,4.167,323.866,NC607,dam,,dam,sm8037681,9.352,38.3,500000.0,0.5,1.0,1.0,0.5,15000200075768.0,https://tool.aquaticbarriers.org/report/combined_barriers/sm8037681,0.0,69,99,9.482384,3,0,Unknown,0,48.22
sm8796199,36.48323,-76.79152,Surveyed road/stream crossing - Sarem Road (Nc 1219) / Hackley Swamp,Hackley Swamp,Sarem Road (Nc 1219),Paved,Culvert,Barrier - unknown severity,Unknown,3010203,Chowan,30102030204,Headwaters Cole Creek,Gates,12.2371,4,not recorded,0,located on a reach associated with anadromous / catadromous species habitat,yes,13.269,4966.502,4964.54,13.269,41.985,,,,outlet,sm8796199,4966.502,29.8,398000.0,0.5,0.959,1.0,0.4795,15000100128024.0,https://tool.aquaticbarriers.org/report/combined_barriers/sm8796199,0.0,78,100,5.255832,0,0,Unknown,0,226.76
sm8796200,36.455124,-77.20656,Surveyed road/stream crossing - Nc 35 / Kirbys Creek,Kirbys Creek,Nc 35,Paved,Bridge,Barrier - unknown severity,Unknown,3010204,Meherrin,30102040907,Kirbys Creek,Northampton,130.9302,4,not recorded,0,located on a reach associated with anadromous / catadromous species habitat,yes,47.198,4966.502,4964.54,47.198,67.907,,,,outlet,sm8796200,4966.502,79.1,989000.0,0.5,1.0,1.0,0.5,15000100145222.0,https://tool.aquaticbarriers.org/report/combined_barriers/sm8796200,0.0,88,100,52.629654,1,0,Unknown,0,203.98
sm8796201,34.69353,-77.057556,Surveyed road/stream crossing - Wb Mclean Drive / Deer Creek,Deer Creek,Wb Mclean Drive,Paved,Bridge,Barrier - unknown severity,Unknown,3020301,White Oak River,30203010304,Bogue Sound-Bogue Inlet,Carteret,2.0525,1,not recorded,6,located on a reach associated with anadromous / catadromous species habitat,yes,0.274,0.787,0.787,0.274,0.787,,,,outlet,sm8796201,0.787,14.9,219000.0,0.5,0.414,1.0,0.207,15000400103271.0,https://tool.aquaticbarriers.org/report/combined_barriers/sm8796201,0.0,93,100,1.165707,7,0,Unknown,0,248.7
sm8796202,36.145016,-78.891975,Surveyed road/stream crossing - John Jones Road (Nc 1618) / Mountain Creek,Mountain Creek,John Jones Road (Nc 1618),Paved,Culvert,Barrier - unknown severity,Unknown,3020201,Upper Neuse,30202010203,Mountain Creek-Little River,Durham,21.965601,3,not recorded,2,not located on a reach associated with anadromous / catadromous species habitat,yes,17.739,204.67,196.419,17.739,266.241,NC1497,dam,,dam,sm8796202,204.67,37.8,493000.0,0.5,1.0,1.0,0.5,15000400046839.0,https://tool.aquaticbarriers.org/report/combined_barriers/sm8796202,0.0,73,100,9.586691,8,0,Unknown,0,114.78
sm8796203,35.02816,-79.465126,Surveyed road/stream crossing - Unnamed Military / Big Muddy Creek,Big Muddy Creek,Unnamed Military,Paved,Bridge,Barrier - unknown severity,Unknown,3040203,Lumber,30402030203,Big Muddy Lake-Big Muddy Creek,Scotland,49.5128,4,not recorded,1,not located on a reach associated with anadromous / catadromous species habitat,yes,3.944,0.329,0.007,0.007,239.358,NC466,dam,,dam,sm8796203,0.329,52.7,673000.0,0.5,1.0,1.0,0.5,15000200037921.0,https://tool.aquaticbarriers.org/report/combined_barriers/sm8796203,0.0,89,94,19.94743,15,0,Unknown,0,125.9
sm8796204,36.11154,-79.32487,Surveyed road/stream crossing - Bason Road (Nc1927) / Quaker Creek,Quaker Creek,Bason Road (Nc1927),Paved,Bridge,Barrier - unknown severity,Unknown,3030002,Haw,30300020406,Quaker Creek-Quaker Creek Reservoir,Alamance,37.4651,4,not recorded,0,not located on a reach associated with anadromous / catadromous species habitat,yes,34.998,127.181,116.315,34.998,241.979,NC1641,dam,,dam,sm8796204,127.181,47.0,604000.0,0.5,1.0,1.0,0.5,15000500037671.0,https://tool.aquaticbarriers.org/report/combined_barriers/sm8796204,0.0,84,94,15.366984,0,0,Unknown,0,92.57
sm8796205,36.110653,-79.330734,Surveyed road/stream crossing - Bason Road (Nc 1927) / Quaker Creek,Quaker Creek,Bason Road (Nc 1927),Paved,Bridge,Barrier - unknown severity,Unknown,3030002,Haw,30300020407,Lower Back Creek,Alamance,6.5596,2,not recorded,0,not located on a reach associated with anadromous / catadromous species habitat,yes,3.376,127.181,116.315,3.376,241.926,NC1641,dam,,dam,sm8796205,127.181,23.3,319000.0,0.5,0.751,1.0,0.3755,15000500050193.0,https://tool.aquaticbarriers.org/report/combined_barriers/sm8796205,0.0,63,91,2.636499,3,0,Unknown,0,92.29
sm8796206,33.9094,-78.52438,Surveyed road/stream crossing - Old Georgetown Road (Nc 179),,Old Georgetown Road (Nc 179),Paved,Culvert,Barrier - unknown severity,Unknown,3040208,Coastal Carolina,30402080302,Calabash Creek,Brunswick,1.4652,1,not recorded,1,not located on a reach associated with anadromous / catadromous species habitat,yes,0.221,2.008,1.603,0.221,8.315,NC17607,dam,,dam,sm8796206,2.008,13.2,198000.0,0.5,0.335,1.0,0.1675,15000200134795.0,https://tool.aquaticbarriers.org/report/combined_barriers/sm8796206,0.0,57,100,0.803707,2,0,Unknown,0,208.87
sm8796207,36.106224,-80.15874,Surveyed road/stream crossing - Linville Road / Kerners Mill Creek,Kerners Mill Creek,Linville Road,Paved,Culvert,Barrier - unknown severity,Unknown,3040101,Upper Yadkin,30401011304,Upper Salem Creek,Forsyth,31.5513,4,not recorded,0,not located on a reach associated with anadromous / catadromous species habitat,yes,19.467,9.352,4.167,4.167,324.202,NC607,dam,,dam,sm8796207,9.352,43.8,566000.0,0.5,1.0,1.0,0.5,15000200121272.0,https://tool.aquaticbarriers.org/report/combined_barriers/sm8796207,0.0,51,100,12.977943,3,0,Unknown,0,49.35
sm8796208,35.7317,-80.342026,Surveyed road/stream crossing - Railroad / South Potts Creek,South Potts Creek,Railroad,Railroad,Culvert,Barrier - unknown severity,Unknown,3040103,Lower Yadkin,30401030103,South Potts Creek-North Potts Creek,Davidson,39.6266,4,not recorded,0,not located on a reach associated with anadromous / catadromous species habitat,yes,1.002,3060.582,2907.279,1.002,269.468,NC547,dam,,dam,sm8796208,3060.582,48.1,1243000.0,0.5,1.0,1.0,0.5,15000200164016.0,https://tool.aquaticbarriers.org/report/combined_barriers/sm8796208,0.0,21,94,14.796406,1,0,Unknown,0,58.74
sm8796209,35.732807,-80.34696,Surveyed road/stream crossing - Railroad Yard / South Potts Creek,South Potts Creek,Railroad Yard,Railroad,Culvert,Barrier - unknown severity,Unknown,3040103,Lower Yadkin,30401030103,South Potts Creek-North Potts Creek,Davidson,38.9004,4,not recorded,0,not located on a reach associated with anadromous / catadromous species habitat,yes,1.183,1.002,0.942,0.942,269.754,sm8796208,small_barrier,sm8796208,culvert,sm8796208,3060.582,47.7,1234000.0,0.5,1.0,1.0,0.5,15000200005935.0,https://tool.aquaticbarriers.org/report/combined_barriers/sm8796209,0.0,85,82,14.525532,1,0,Unknown,0,58.52
sm8796210,35.503815,-80.18044,Surveyed road/stream crossing - Railroad,,Railroad,Railroad,Culvert,Barrier - unknown severity,Unknown,3040103,Lower Yadkin,30401030604,Tuckertown Reservoir-Yadkin River,Montgomery,0.7981,1,not recorded,0,not located on a reach associated with anadromous / catadromous species habitat,yes,0.211,266.617,235.674,0.211,248.487,NC550,dam,,dam,sm8796210,266.617,10.6,305000.0,0.5,0.218,1.0,0.109,15000200075709.0,https://tool.aquaticbarriers.org/report/combined_barriers/sm8796210,0.0,87,4,0.342103,1,0,Unknown,0,76.9
sm8796211,35.496006,-80.17582,Surveyed road/stream crossing - Railroad,,Railroad,Railroad,Culvert,Barrier - unknown severity,Unknown,3040103,Lower Yadkin,30401030604,Tuckertown Reservoir-Yadkin River,Montgomery,0.27429998,1,not recorded,0,not located on a reach associated with anadromous / catadromous species habitat,yes,0.06,266.617,235.674,0.06,247.994,NC550,dam,,dam,sm8796211,266.617,7.4,226000.0,0.5,0.09,1.0,0.045,15000200030705.0,https://tool.aquaticbarriers.org/report/combined_barriers/sm8796211,0.0,100,100,0.118523,1,0,Unknown,0,77.5
sm8796213,36.106316,-81.26164,Surveyed road/stream crossing - Nc 268 / Whites Creek,Whites Creek,Nc 268,Paved,Culvert,Barrier - unknown severity,Unknown,3040101,Upper Yadkin,30401010206,Community of Ferguson-W Kerr Scott Reservoir,Wilkes,6.6568,2,not recorded,0,not located on a reach associated with anadromous / catadromous species habitat,yes,6.743,736.485,708.531,6.743,403.202,NC278,dam,,dam,sm8796213,736.485,23.4,321000.0,0.5,0.756,1.0,0.378,15000200090363.0,https://tool.aquaticbarriers.org/report/combined_barriers/sm8796213,0.0,98,98,4.185807,1,0,Unknown,0,4.86
sm8796214,36.100117,-81.27607,Surveyed road/stream crossing - Nc 268 / Blood Creek,Blood Creek,Nc 268,Paved,Culvert,Barrier - unknown severity,Unknown,3040101,Upper Yadkin,30401010203,Warrior Creek,Wilkes,8.5075,3,not recorded,0,not located on a reach associated with anadromous / catadromous species habitat,yes,9.16,736.485,708.531,9.16,404.275,NC278,dam,,dam,sm8796214,736.485,25.8,350000.0,0.5,0.836,1.0,0.418,15000200090362.0,https://tool.aquaticbarriers.org/report/combined_barriers/sm8796214,0.0,76,96,5.270836,1,0,Unknown,0,4.26
sm8796215,35.758694,-82.003685,Surveyed road/stream crossing - North Fork Catawba River,North Fork Catawba River,,Unpaved,Ford / low water crossing,Barrier - unknown severity,Unknown,3050101,Upper Catawba,30501010202,North Fork Catawba River,McDowell,210.8218,7,Salvelinus fontinalis,0,not located on a reach associated with anadromous / catadromous species habitat,yes,599.044,1377.243,1270.053,599.044,425.828,NC3331,dam,,dam,sm8796215,1377.243,96.6,620000.0,0.5,1.0,0.5,0.25,15001500004498.0,https://tool.aquaticbarriers.org/report/combined_barriers/sm8796215,2.657,84,100,133.23383,5,0,Unknown,0,2.49
sm8796216,35.343338,-83.584015,Surveyed road/stream crossing - Railroad / Townshend Branch,Townshend Branch,Railroad,Railroad,Culvert,Barrier - unknown severity,Unknown,6010202,Upper Little Tennessee,60102020306,Fontana Lake-Nantahala River,Swain,2.8033,2,not recorded,0,not located on a reach associated with anadromous / catadromous species habitat,yes,0.545,1837.689,1712.55,0.545,1692.696,NC3023,dam,,dam,sm8796216,1837.689,26.6,704000.0,0.5,0.496,1.0,0.248,25000400448796.0,https://tool.aquaticbarriers.org/report/combined_barriers/sm8796216,0.0,98,100,2.78774,1,0,Unknown,0,2.57
sm8796217,35.350784,-83.5667,Surveyed road/stream crossing - Railroad / Watia Creek,Watia Creek,Railroad,Railroad,Culvert,Barrier - unknown severity,Unknown,6010202,Upper Little Tennessee,60102020306,Fontana Lake-Nantahala River,Swain,6.3708,3,not recorded,0,not located on a reach associated with anadromous / catadromous species habitat,yes,7.203,1837.689,1712.55,7.203,1691.069,NC3023,dam,,dam,sm8796217,1837.689,35.0,915000.0,0.5,0.742,1.0,0.371,25000400335181.0,https://tool.aquaticbarriers.org/report/combined_barriers/sm8796217,0.0,89,100,6.390484,1,0,Unknown,0,3.25
sm8796218,35.360115,-83.56459,Surveyed road/stream crossing - Railroad,,Railroad,Railroad,Culvert,Barrier - unknown severity,Unknown,6010202,Upper Little Tennessee,60102020306,Fontana Lake-Nantahala River,Swain,0.17619997,1,not recorded,0,not located on a reach associated with anadromous / catadromous species habitat,yes,0.029,1837.689,1712.55,0.029,1690.355,NC3023,dam,,dam,sm8796218,1837.689,11.1,317000.0,0.5,0.06,1.0,0.03,25000400497242.0,https://tool.aquaticbarriers.org/report/combined_barriers/sm8796218,0.0,77,100,0.162724,1,0,Unknown,0,3.91
sm8796219,35.370846,-83.55845,Surveyed road/stream crossing - Nc 28,,Nc 28,Paved,Culvert,Barrier - unknown severity,Unknown,6010202,Upper Little Tennessee,60102020306,Fontana Lake-Nantahala River,Swain,0.11710001,1,not recorded,0,not located on a reach associated with anadromous / catadromous species habitat,yes,0.047,6.792,5.394,0.047,1689.779,sm8796222,small_barrier,sm8796222,culvert,sm8796222,1837.689,9.8,158000.0,0.5,0.041,1.0,0.0205,25000400301839.0,https://tool.aquaticbarriers.org/report/combined_barriers/sm8796219,0.0,45,100,0.109361,1,0,Unknown,0,4.72
sm8796220,35.37342,-83.56659,Surveyed road/stream crossing - Railroad / Pump Branch,Pump Branch,Railroad,Railroad,Culvert,Barrier - unknown severity,Unknown,6010202,Upper Little Tennessee,60102020306,Fontana Lake-Nantahala River,Swain,0.44259998,1,not recorded,0,not located on a reach associated with anadromous / catadromous species habitat,yes,0.371,1837.689,1712.55,0.371,1689.347,NC3023,dam,,dam,sm8796220,1837.689,14.6,406000.0,0.5,0.136,1.0,0.068,25000400436143.0,https://tool.aquaticbarriers.org/report/combined_barriers/sm8796220,0.0,50,100,0.400529,1,0,Unknown,0,4.77
sm8796221,35.36579,-83.56579,Surveyed road/stream crossing - Railroad / Jake Branch,Jake Branch,Railroad,Railroad,Culvert,Barrier - unknown severity,Unknown,6010202,Upper Little Tennessee,60102020306,Fontana Lake-Nantahala River,Swain,1.4627,2,not recorded,0,not located on a reach associated with anadromous / catadromous species habitat,yes,2.182,1837.689,1712.55,2.182,1689.932,NC3023,dam,,dam,sm8796221,1837.689,21.4,576000.0,0.5,0.335,1.0,0.1675,25000400520445.0,https://tool.aquaticbarriers.org/report/combined_barriers/sm8796221,0.0,76,100,1.338365,1,0,Unknown,0,4.27
sm8796222,35.372837,-83.56184,Surveyed road/stream crossing - Nc 28 / Stiles Branch,Stiles Branch,Nc 28,Paved,Culvert,Barrier - unknown severity,Unknown,6010202,Upper Little Tennessee,60102020306,Fontana Lake-Nantahala River,Swain,5.1554003,3,not recorded,0,not located on a reach associated with anadromous / catadromous species habitat,yes,6.792,1837.689,1712.55,6.792,1689.462,NC3023,dam,,dam,sm8796222,1837.689,32.6,431000.0,0.5,0.675,1.0,0.3375,25000400331056.0,https://tool.aquaticbarriers.org/report/combined_barriers/sm8796222,0.0,57,79,4.946273,1,0,Unknown,0,4.8
sm8796223,35.37991,-83.56592,Surveyed road/stream crossing - Railroad / Turkey Branch,Turkey Branch,Railroad,Railroad,Culvert,Barrier - unknown severity,Unknown,6010202,Upper Little Tennessee,60102020306,Fontana Lake-Nantahala River,Swain,2.1792,2,not recorded,0,not located on a reach associated with anadromous / catadromous species habitat,yes,2.379,1837.689,1712.55,2.379,1688.929,NC3023,dam,,dam,sm8796223,1837.689,24.4,651000.0,0.5,0.43,1.0,0.215,25000400364749.0,https://tool.aquaticbarriers.org/report/combined_barriers/sm8796223,0.0,81,89,2.015669,1,0,Unknown,0,5.22
sm8796288,36.112133,-77.90928,Surveyed road/stream crossing - 1610 Swift Creek School Rd / Ut Swift Creek,Ut Swift Creek,1610 Swift Creek School Rd,Paved,Culvert,Complete barrier,Moderate,3020101,Upper Tar,30201010801,Flat Rock Branch-Swift Creek,Nash,1.2374,1,not recorded,6,located on a reach associated with anadromous / catadromous species habitat,yes,0.565,5149.578,5148.106,0.565,146.208,,,,outlet,sm8796288,5149.578,12.4,189000.0,0.6,0.299,1.0,0.1794,15000400083002.0,https://tool.aquaticbarriers.org/report/combined_barriers/sm8796288,0.0,91,100,0.48766,12,2025,Satisfactory,0,168.35
sm8796291,36.179394,-77.89769,Surveyed road/stream crossing - 5758 Fishing Creek Rd / Powells Creek,Powells Creek,5758 Fishing Creek Rd,Paved,Culvert,Moderate barrier,Spans only bankfull/active channel,3020102,Fishing,30201020206,Lower Little Fishing Creek,Halifax,4.8262,2,not recorded,4,not located on a reach associated with anadromous / catadromous species habitat,yes,5.519,1035.892,1035.892,5.519,150.895,NC1048,dam,,dam,sm8796291,1035.892,20.6,288000.0,0.1,0.655,1.0,0.0655,15000400083100.0,https://tool.aquaticbarriers.org/report/combined_barriers/sm8796291,0.0,99,100,1.944138,9,2025,Satisfactory,0,168.11
sm8796303,36.40377,-78.14756,Surveyed road/stream crossing - 417 Warren St / Ut Possumquarter Creek,Ut Possumquarter Creek,417 Warren St,Paved,Culvert,Complete barrier,Moderate,3020102,Fishing,30201020302,Possumquarter Creek-Fishing Creek,Warren,0.3824,1,not recorded,4,not located on a reach associated with anadromous / catadromous species habitat,yes,0.559,1035.892,1035.892,0.559,187.161,NC1048,dam,,dam,sm8796303,1035.892,8.3,139000.0,0.6,0.12,1.0,0.072,15000400020070.0,https://tool.aquaticbarriers.org/report/combined_barriers/sm8796303,0.0,94,100,0.158517,9,2025,Satisfactory,0,152.4
sm8796305,36.386696,-78.12235,Surveyed road/stream crossing - 479 Nc Highway 58 / Ut Possumquarter Creek,Ut Possumquarter Creek,479 Nc Highway 58,Paved,Culvert,Moderate barrier,Moderate,3020102,Fishing,30201020302,Possumquarter Creek-Fishing Creek,Warren,0.9392,2,not recorded,4,not located on a reach associated with anadromous / catadromous species habitat,yes,0.403,1035.892,1035.892,0.403,185.661,NC1048,dam,,dam,sm8796305,1035.892,11.2,175000.0,0.6,0.246,1.0,0.1476,15000400020150.0,https://tool.aquaticbarriers.org/report/combined_barriers/sm8796305,0.0,69,100,0.387717,9,2025,Satisfactory,0,153.89
sm8796309,36.338585,-78.17414,Surveyed road/stream crossing - 569 Limer Town Rd / Richneck Creek,Richneck Creek,569 Limer Town Rd,Paved,Culvert,Complete barrier,Moderate,3020102,Fishing,30201020302,Possumquarter Creek-Fishing Creek,Warren,8.8346,2,not recorded,4,not located on a reach associated with anadromous / catadromous species habitat,yes,4.69,1035.892,1035.892,4.69,185.994,NC1048,dam,,dam,sm8796309,1035.892,26.2,354000.0,0.6,0.849,1.0,0.5094,15000400051055.0,https://tool.aquaticbarriers.org/report/combined_barriers/sm8796309,0.0,96,100,3.662211,9,2025,Poor,0,151.39
sm8796313,36.180508,-78.12372,Surveyed road/stream crossing - Ut Sandy Creek,Ut Sandy Creek,,Paved,Culvert,Complete barrier,Moderate,3020101,Upper Tar,30201010705,Middle Sandy Creek,Franklin,2.3845,2,not recorded,5,located on a reach associated with anadromous / catadromous species habitat,yes,2.636,5149.578,5148.106,2.636,169.514,,,,outlet,sm8796313,5149.578,15.8,229000.0,0.6,0.453,1.0,0.2718,15000400051314.0,https://tool.aquaticbarriers.org/report/combined_barriers/sm8796313,0.0,79,100,0.966825,9,2025,Satisfactory,0,155.78
sm8796314,36.181366,-78.157104,Surveyed road/stream crossing - 506 Raymond Tharrington Rd / Ut Sandy Creek,Ut Sandy Creek,506 Raymond Tharrington Rd,Paved,Culvert,Moderate barrier,Severe,3020101,Upper Tar,30201010705,Middle Sandy Creek,Franklin,4.3863,2,not recorded,5,located on a reach associated with anadromous / catadromous species habitat,yes,2.243,5149.578,5148.106,2.243,171.49,,,,outlet,sm8796314,5149.578,19.9,279000.0,1.0,0.625,1.0,0.625,15000400066428.0,https://tool.aquaticbarriers.org/report/combined_barriers/sm8796314,0.0,84,100,1.785844,9,2025,Poor,0,153.95
sm8796315,36.241177,-78.26383,Surveyed road/stream crossing - 6293 Us Highway 401 N / Buffalo Creek,Buffalo Creek,6293 Us Highway 401 N,Paved,Culvert,Complete barrier,Moderate,3020101,Upper Tar,30201010703,Upper Sandy Creek,Franklin,11.7874,4,not recorded,2,not located on a reach associated with anadromous / catadromous species habitat,yes,9.824,81.447,80.936,9.824,182.926,NC1129,dam,,dam,sm8796315,81.447,29.4,393000.0,0.6,0.947,1.0,0.5682,15000400034960.0,https://tool.aquaticbarriers.org/report/combined_barriers/sm8796315,0.0,87,100,4.86317,5,2025,Satisfactory,0,147.41
sm8796316,36.297867,-78.28967,Surveyed road/stream crossing - 198 Cross Creek Rd / Ut Sandy Creek,Ut Sandy Creek,198 Cross Creek Rd,Paved,Culvert,Moderate barrier,Moderate,3020101,Upper Tar,30201010703,Upper Sandy Creek,Vance,4.3842,2,not recorded,2,not located on a reach associated with anadromous / catadromous species habitat,yes,4.121,81.447,80.936,4.121,187.252,NC1129,dam,,dam,sm8796316,81.447,19.9,279000.0,0.6,0.625,1.0,0.375,15000400081296.0,https://tool.aquaticbarriers.org/report/combined_barriers/sm8796316,0.0,91,100,1.797018,5,2025,Poor,0,145.41
sm8796322,36.111042,-77.62653,Surveyed road/stream crossing - Etheridge Farm Rd / Ut Fishing Creek,Ut Fishing Creek,Etheridge Farm Rd,Unpaved,Culvert,Complete barrier,Spans only bankfull/active channel,3020102,Fishing,30201020504,Town of Bricks-Fishing Creek,Edgecombe,1.0309,1,not recorded,3,located on a reach associated with anadromous / catadromous species habitat,yes,1.449,5149.578,5148.106,1.449,121.764,,,,outlet,sm8796322,5149.578,11.6,110000.0,0.1,0.263,0.5,0.0132,15000400068855.0,https://tool.aquaticbarriers.org/report/combined_barriers/sm8796322,0.0,70,100,0.392867,7,2025,Satisfactory,0,183.74
sm8796324,36.081295,-77.557014,Surveyed road/stream crossing - 6645 Draughn Rd / Ut Fishing Creek,Ut Fishing Creek,6645 Draughn Rd,Paved,Culvert,Moderate barrier,Moderate,3020102,Fishing,30201020606,Outlet Fishing Creek,Edgecombe,3.8814,3,not recorded,4,located on a reach associated with anadromous / catadromous species habitat,yes,4.654,5149.578,5148.106,4.654,109.376,,,,outlet,sm8796324,5149.578,19.0,268000.0,0.6,0.589,1.0,0.3534,15000400022762.0,https://tool.aquaticbarriers.org/report/combined_barriers/sm8796324,0.0,64,100,1.479413,10,2025,Satisfactory,0,187.92
sm8796327,35.908398,-78.1761,Surveyed road/stream crossing - Us Highway 64 / Ut Biddie Toe Creek,Ut Biddie Toe Creek,Us Highway 64,Paved,Culvert,Complete barrier,Moderate,3020101,Upper Tar,30201010603,Biddie Toe Creek-Tar River,Nash,0.8583,2,not recorded,6,not located on a reach associated with anadromous / catadromous species habitat,yes,1.253,389.059,389.059,1.253,160.503,NC2413,dam,,dam,sm8796327,389.059,10.9,170000.0,0.6,0.23,1.0,0.138,15000400066324.0,https://tool.aquaticbarriers.org/report/combined_barriers/sm8796327,0.0,82,100,0.34951,10,2025,Satisfactory,0,157.53
sm8796328,35.922894,-78.13649,Surveyed road/stream crossing - 596 S Big Woods Rd / Ut Tar River,Ut Tar River,596 S Big Woods Rd,Paved,Culvert,Complete barrier,Moderate,3020101,Upper Tar,30201010603,Biddie Toe Creek-Tar River,Nash,1.8011,2,not recorded,6,not located on a reach associated with anadromous / catadromous species habitat,yes,1.304,238.815,222.094,1.304,156.199,NC718,dam,,dam,sm8796328,238.815,14.2,210000.0,0.6,0.383,1.0,0.2298,15000400004752.0,https://tool.aquaticbarriers.org/report/combined_barriers/sm8796328,0.0,93,100,0.709465,10,2025,Satisfactory,0,159.33
sm8796330,35.868603,-78.40613,Surveyed road/stream crossing - 6812 Hodge Rd / Hominy Creek,Hominy Creek,6812 Hodge Rd,Paved,Culvert,Moderate barrier,Moderate,3020201,Upper Neuse,30202011503,Cattail Creek-Little River,Wake,1.8862,2,not recorded,5,not located on a reach associated with anadromous / catadromous species habitat,yes,0.841,2.341,2.341,0.841,204.556,sm8796331,small_barrier,sm8796331,culvert,sm8796331,96.35,14.4,213000.0,0.6,0.394,1.0,0.2364,15000400064990.0,https://tool.aquaticbarriers.org/report/combined_barriers/sm8796330,0.0,98,100,0.795256,12,2025,Satisfactory,0,146.29
sm8796331,35.86812,-78.40063,Surveyed road/stream crossing - 3701 Edgemont Rd / Hominy Creek,Hominy Creek,3701 Edgemont Rd,Paved,Culvert,Moderate barrier,Spans only bankfull/active channel,3020201,Upper Neuse,30202011503,Cattail Creek-Little River,Wake,3.7872,3,not recorded,5,not located on a reach associated with anadromous / catadromous species habitat,yes,2.341,96.35,96.32,2.341,204.212,NC270,dam,,dam,sm8796331,96.35,18.8,266000.0,0.1,0.582,1.0,0.0582,15000400049827.0,https://tool.aquaticbarriers.org/report/combined_barriers/sm8796331,0.0,93,100,1.599638,12,2025,Satisfactory,0,146.59
sm8796334,35.82717,-78.37447,Surveyed road/stream crossing - 2210 Lizard Lick Rd / Ut Little River,Ut Little River,2210 Lizard Lick Rd,Paved,Culvert,Complete barrier,Moderate,3020201,Upper Neuse,30202011503,Cattail Creek-Little River,Wake,3.9792001,2,not recorded,5,not located on a reach associated with anadromous / catadromous species habitat,yes,3.992,96.35,96.32,3.992,201.007,NC270,dam,,dam,sm8796334,96.35,19.2,270000.0,0.6,0.596,1.0,0.3576,15000400018827.0,https://tool.aquaticbarriers.org/report/combined_barriers/sm8796334,0.0,50,100,1.710894,12,2025,Satisfactory,0,148.94
sm8796340,35.812286,-78.332565,Surveyed road/stream crossing - Pony Rd / Ut Little River,Ut Little River,Pony Rd,Paved,Culvert,Moderate barrier,Spans only bankfull/active channel,3020201,Upper Neuse,30202011503,Cattail Creek-Little River,Wake,1.7428,1,not recorded,5,not located on a reach associated with anadromous / catadromous species habitat,yes,0.73,13.448,13.448,0.73,198.639,NC275,dam,,dam,sm8796340,13.448,14.0,208000.0,0.1,0.375,1.0,0.0375,15000400050228.0,https://tool.aquaticbarriers.org/report/combined_barriers/sm8796340,0.0,64,100,0.748561,12,2025,Satisfactory,0,151.49
sm8796345,35.78105,-78.35133,Surveyed road/stream crossing - 161 Morphus Bridge Rd / Ut Little River,Ut Little River,161 Morphus Bridge Rd,Paved,Culvert,Complete barrier,Moderate,3020201,Upper Neuse,30202011503,Cattail Creek-Little River,Wake,1.5314,2,not recorded,5,not located on a reach associated with anadromous / catadromous species habitat,yes,0.978,70.705,68.369,0.978,197.304,NC809,dam,,dam,sm8796345,70.705,13.4,201000.0,0.6,0.345,1.0,0.207,15000400080823.0,https://tool.aquaticbarriers.org/report/combined_barriers/sm8796345,0.0,83,100,0.65138,12,2025,Satisfactory,0,151.27
sm8796350,35.720364,-78.28916,Surveyed road/stream crossing - 12677 Covered Bridge Rd / Ut Little River,Ut Little River,12677 Covered Bridge Rd,Paved,Culvert,Moderate barrier,Spans only bankfull/active channel,3020201,Upper Neuse,30202011503,Cattail Creek-Little River,Johnston,0.61910003,1,not recorded,5,not located on a reach associated with anadromous / catadromous species habitat,yes,0.468,70.705,68.369,0.468,189.165,NC809,dam,,dam,sm8796350,70.705,9.7,157000.0,0.1,0.179,1.0,0.0179,15000400019348.0,https://tool.aquaticbarriers.org/report/combined_barriers/sm8796350,0.0,84,100,0.256716,12,2025,Satisfactory,0,155.88
sm8796355,35.97386,-77.53425,Surveyed road/stream crossing - 2958 Fishing Creek Rd / Ut Fishing Creek,Ut Fishing Creek,2958 Fishing Creek Rd,Paved,Culvert,Complete barrier,Moderate,3020102,Fishing,30201020606,Outlet Fishing Creek,Edgecombe,1.3416001,1,not recorded,4,located on a reach associated with anadromous / catadromous species habitat,yes,1.551,5149.578,5148.106,1.551,96.146,,,,outlet,sm8796355,5149.578,12.8,193000.0,0.6,0.316,1.0,0.1896,15000400038407.0,https://tool.aquaticbarriers.org/report/combined_barriers/sm8796355,0.0,22,100,0.492779,10,2025,Satisfactory,0,190.73
sm8796360,36.407444,-78.74834,Surveyed road/stream crossing - 7226 Goshen Rd / Fox Creek,Fox Creek,7226 Goshen Rd,Paved,Culvert,Complete barrier,Spans only bankfull/active channel,3020101,Upper Tar,30201010103,Shelton Creek,Granville,1.5027,1,not recorded,2,not located on a reach associated with anadromous / catadromous species habitat,yes,0.748,201.01,201.01,0.748,230.443,NC2416,dam,,dam,sm8796360,201.01,13.3,199000.0,0.1,0.341,1.0,0.0341,15000400062926.0,https://tool.aquaticbarriers.org/report/combined_barriers/sm8796360,0.0,90,100,0.64429,7,2025,Poor,0,119.34
sm8796361,36.392395,-78.7718,Surveyed road/stream crossing - 7050 Goshen Rd / Shelton Creek,Shelton Creek,7050 Goshen Rd,Paved,Culvert,Moderate barrier,Moderate,3020101,Upper Tar,30201010103,Shelton Creek,Granville,7.6464,3,not recorded,2,not located on a reach associated with anadromous / catadromous species habitat,yes,5.009,201.01,201.01,5.009,230.647,NC2416,dam,,dam,sm8796361,201.01,24.7,337000.0,0.6,0.801,1.0,0.4806,15000400016358.0,https://tool.aquaticbarriers.org/report/combined_barriers/sm8796361,0.0,86,100,3.343809,7,2025,Poor,0,118.16
sm8796363,36.386204,-78.77212,Surveyed road/stream crossing - 656 Baxter Huff Rd / Ut Shelton Creek,Ut Shelton Creek,656 Baxter Huff Rd,Paved,Culvert,Moderate barrier,Moderate,3020101,Upper Tar,30201010103,Shelton Creek,Granville,1.3923,2,not recorded,2,not located on a reach associated with anadromous / catadromous species habitat,yes,0.88,201.01,201.01,0.88,230.984,NC2416,dam,,dam,sm8796363,201.01,12.9,195000.0,0.6,0.324,1.0,0.1944,15000400078207.0,https://tool.aquaticbarriers.org/report/combined_barriers/sm8796363,0.0,82,100,0.609361,7,2025,Satisfactory,0,118.19
sm8796378,35.78734,-77.53475,Surveyed road/stream crossing - 6453 N Carolina Highway 33 E / Ut Tar River,Ut Tar River,6453 N Carolina Highway 33 E,Paved,Culvert,Moderate barrier,Severe,3020103,Lower Tar,30201030204,Town of Falkland-Tar River,Edgecombe,5.6932,1,not recorded,7,located on a reach associated with anadromous / catadromous species habitat,yes,3.544,5149.578,5148.106,3.544,76.827,,,,outlet,sm8796378,5149.578,22.0,304000.0,1.0,0.706,1.0,0.706,15000400100320.0,https://tool.aquaticbarriers.org/report/combined_barriers/sm8796378,0.0,49,71,2.126873,9,2025,Satisfactory,0,194.1
sm8796382,35.543373,-78.23654,Surveyed road/stream crossing - 261 Seafood House Rd / Burnt Stocking Branch,Burnt Stocking Branch,261 Seafood House Rd,Unpaved,Culvert,Complete barrier,Moderate,3020201,Upper Neuse,30202011602,Little Creek-Little River,Johnston,8.4357,1,not recorded,6,not located on a reach associated with anadromous / catadromous species habitat,yes,0.169,312.179,312.179,0.169,163.94,NC2405,dam,,dam,sm8796382,312.179,25.7,194000.0,0.6,0.834,0.5,0.2502,15000400046364.0,https://tool.aquaticbarriers.org/report/combined_barriers/sm8796382,0.0,81,100,3.311582,12,2025,Poor,0,163.01
sm8796390,36.134438,-78.83958,Surveyed road/stream crossing - 7380 Jock Rd / Ut Flat River,Ut Flat River,7380 Jock Rd,Unpaved,Culvert,Complete barrier,Moderate,3020201,Upper Neuse,30202010104,Lake Michie-Flat River,Durham,1.965,1,not recorded,3,not located on a reach associated with anadromous / catadromous species habitat,yes,1.125,1.781,1.781,1.125,257.266,sm8796391,small_barrier,sm8796391,culvert,sm8796391,668.114,14.7,128000.0,0.6,0.404,0.5,0.1212,15000400047035.0,https://tool.aquaticbarriers.org/report/combined_barriers/sm8796390,0.0,98,100,0.86628,9,2025,Poor,0,117.77
sm8796391,36.131992,-78.83313,Surveyed road/stream crossing - 6339 Lake Michie Dam Rd / Ut Flat River,Ut Flat River,6339 Lake Michie Dam Rd,Unpaved,Culvert,Complete barrier,Severe,3020201,Upper Neuse,30202010104,Lake Michie-Flat River,Durham,3.09,2,not recorded,3,not located on a reach associated with anadromous / catadromous species habitat,yes,1.781,668.114,550.95,1.781,256.776,NC1146,dam,,dam,sm8796391,668.114,17.4,144000.0,1.0,0.523,0.5,0.2615,15000400047036.0,https://tool.aquaticbarriers.org/report/combined_barriers/sm8796391,0.0,98,100,1.36257,9,2025,Poor,0,118.16
sm8796396,36.168106,-78.81211,Surveyed road/stream crossing - 8498 Cassam Rd / Ut Rocky Creek,Ut Rocky Creek,8498 Cassam Rd,Paved,Culvert,Complete barrier,Moderate,3020201,Upper Neuse,30202010104,Lake Michie-Flat River,Durham,1.3096,1,not recorded,3,not located on a reach associated with anadromous / catadromous species habitat,yes,0.521,140.765,131.803,0.521,260.868,NC738,dam,,dam,sm8796396,140.765,12.6,192000.0,0.6,0.311,1.0,0.1866,15000400108840.0,https://tool.aquaticbarriers.org/report/combined_barriers/sm8796396,0.0,59,100,0.579316,9,2025,Satisfactory,0,118.66
sm8796398,36.179356,-78.830376,Surveyed road/stream crossing - 2717 Ellis Chapel Rd / Dry Creek,Dry Creek,2717 Ellis Chapel Rd,Paved,Culvert,Moderate barrier,Spans only bankfull/active channel,3020201,Upper Neuse,30202010104,Lake Michie-Flat River,Durham,3.7022998,2,not recorded,3,not located on a reach associated with anadromous / catadromous species habitat,yes,2.925,140.765,131.803,2.925,261.053,NC738,dam,,dam,sm8796398,140.765,18.6,264000.0,0.1,0.575,1.0,0.0575,15000400077844.0,https://tool.aquaticbarriers.org/report/combined_barriers/sm8796398,0.0,70,100,1.620133,9,2025,Satisfactory,0,117.49
sm8796405,36.23217,-78.85303,Surveyed road/stream crossing - Dial Creek,Dial Creek,,Paved,Culvert,Moderate barrier,Spans only bankfull/active channel,3020201,Upper Neuse,30202010104,Lake Michie-Flat River,Durham,1.6496,2,not recorded,3,not located on a reach associated with anadromous / catadromous species habitat,yes,1.244,140.765,131.803,1.244,265.702,NC738,dam,,dam,sm8796405,140.765,13.8,205000.0,0.1,0.362,1.0,0.0362,15000400000578.0,https://tool.aquaticbarriers.org/report/combined_barriers/sm8796405,0.0,93,100,0.726356,9,2025,Poor,0,115.46
sm8796406,36.22946,-78.87324,Surveyed road/stream crossing - 2786 Red Mountain Rd / Ut Flat River,Ut Flat River,2786 Red Mountain Rd,Paved,Culvert,Moderate barrier,Moderate,3020201,Upper Neuse,30202010104,Lake Michie-Flat River,Durham,1.5521,1,not recorded,3,not located on a reach associated with anadromous / catadromous species habitat,yes,0.468,0.162,0.162,0.162,268.093,sm8796407,small_barrier,sm8796407,culvert,sm8796407,140.765,13.4,201000.0,0.6,0.348,1.0,0.2088,15000400015836.0,https://tool.aquaticbarriers.org/report/combined_barriers/sm8796406,0.0,87,100,0.67808,9,2025,Satisfactory,0,114.41
sm8796407,36.2311,-78.87516,Surveyed road/stream crossing - 2906 Carver Rd / Ut Flat River,Ut Flat River,2906 Carver Rd,Paved,Culvert,Moderate barrier,Moderate,3020201,Upper Neuse,30202010104,Lake Michie-Flat River,Durham,1.5521,1,not recorded,3,not located on a reach associated with anadromous / catadromous species habitat,yes,0.162,140.765,131.803,0.162,267.93,NC738,dam,,dam,sm8796407,140.765,13.4,201000.0,0.6,0.348,1.0,0.2088,15000400015836.0,https://tool.aquaticbarriers.org/report/combined_barriers/sm8796407,0.0,87,100,0.67808,9,2025,Poor,0,114.28
sm8796409,36.251537,-78.89069,Surveyed road/stream crossing - 1380 Bowen Rd / Ut Deep Creek,Ut Deep Creek,1380 Bowen Rd,Paved,Culvert,Moderate barrier,Moderate,3020201,Upper Neuse,30202010103,Deep Creek,Person,0.9149,1,not recorded,2,not located on a reach associated with anadromous / catadromous species habitat,yes,0.548,140.765,131.803,0.548,269.178,NC738,dam,,dam,sm8796409,140.765,11.1,173000.0,0.6,0.241,1.0,0.1446,15000400108517.0,https://tool.aquaticbarriers.org/report/combined_barriers/sm8796409,0.0,98,100,0.401753,7,2025,Poor,0,113.15
sm8796416,36.304836,-78.87985,Surveyed road/stream crossing - 1506 Jim Latta Rd / Ut Deep Creek,Ut Deep Creek,1506 Jim Latta Rd,Paved,Culvert,Complete barrier,Moderate,3020201,Upper Neuse,30202010103,Deep Creek,Person,1.1061,2,not recorded,2,not located on a reach associated with anadromous / catadromous species habitat,yes,0.865,140.765,131.803,0.865,273.949,NC738,dam,,dam,sm8796416,140.765,11.9,183000.0,0.6,0.277,1.0,0.1662,15000400108555.0,https://tool.aquaticbarriers.org/report/combined_barriers/sm8796416,0.0,76,100,0.485454,7,2025,Satisfactory,0,113.07
sm8796419,36.26868,-78.88829,Surveyed road/stream crossing - 386 Bowen Rd / Ut Rock Fork Branch,Ut Rock Fork Branch,386 Bowen Rd,Paved,Culvert,Moderate barrier,Moderate,3020201,Upper Neuse,30202010103,Deep Creek,Person,3.1485,1,not recorded,2,not located on a reach associated with anadromous / catadromous species habitat,yes,1.136,140.765,131.803,1.136,270.814,NC738,dam,,dam,sm8796419,140.765,17.5,250000.0,0.6,0.528,1.0,0.3168,15000400046851.0,https://tool.aquaticbarriers.org/report/combined_barriers/sm8796419,0.0,85,100,1.393019,7,2025,Satisfactory,0,113.05
sm8796422,36.25052,-78.94046,Surveyed road/stream crossing - 10699 Durham Rd / Ut South Flat River,Ut South Flat River,10699 Durham Rd,Paved,Culvert,Moderate barrier,Moderate,3020201,Upper Neuse,30202010102,South Flat River,Person,1.4279,2,not recorded,2,not located on a reach associated with anadromous / catadromous species habitat,yes,1.542,234.405,234.405,1.542,272.827,NC257,dam,,dam,sm8796422,234.405,13.0,197000.0,0.6,0.329,1.0,0.1974,15000400093232.0,https://tool.aquaticbarriers.org/report/combined_barriers/sm8796422,0.0,86,100,0.626469,8,2025,Satisfactory,0,110.47
sm8796423,36.2607,-78.94359,Surveyed road/stream crossing - 9977 Durham Rd / Ut South Flat River,Ut South Flat River,9977 Durham Rd,Paved,Culvert,Moderate barrier,Moderate,3020201,Upper Neuse,30202010102,South Flat River,Person,2.2357,2,not recorded,2,not located on a reach associated with anadromous / catadromous species habitat,yes,1.58,234.405,234.405,1.58,273.34,NC257,dam,,dam,sm8796423,234.405,15.4,225000.0,0.6,0.436,1.0,0.2616,15000400077548.0,https://tool.aquaticbarriers.org/report/combined_barriers/sm8796423,0.0,89,100,0.983059,8,2025,Satisfactory,0,110.16
sm8796424,36.265545,-78.975006,Surveyed road/stream crossing - 1596 Dick Holeman Rd / Ut South Flat River,Ut South Flat River,1596 Dick Holeman Rd,Paved,Culvert,Moderate barrier,Moderate,3020201,Upper Neuse,30202010102,South Flat River,Person,3.3597,3,not recorded,2,not located on a reach associated with anadromous / catadromous species habitat,yes,1.128,234.405,234.405,1.128,275.396,NC257,dam,,dam,sm8796424,234.405,18.0,255000.0,0.6,0.547,1.0,0.3282,15000400046696.0,https://tool.aquaticbarriers.org/report/combined_barriers/sm8796424,0.0,77,100,1.476075,8,2025,Satisfactory,0,108.39
sm8796427,36.26917,-79.01447,Surveyed road/stream crossing - 1517 Terry Rd / Ut South Flat River,Ut South Flat River,1517 Terry Rd,Paved,Culvert,Complete barrier,Moderate,3020201,Upper Neuse,30202010102,South Flat River,Person,1.1574,1,not recorded,2,not located on a reach associated with anadromous / catadromous species habitat,yes,0.855,234.405,234.405,0.855,279.462,NC257,dam,,dam,sm8796427,234.405,12.1,185000.0,0.6,0.286,1.0,0.1716,15000400108249.0,https://tool.aquaticbarriers.org/report/combined_barriers/sm8796427,0.0,45,100,0.505342,8,2025,Satisfactory,0,106.2
sm8796429,36.29056,-79.01074,Surveyed road/stream crossing - 1558 Clay Long Rd / Ut Alderidge Creek,Ut Alderidge Creek,1558 Clay Long Rd,Paved,Culvert,Moderate barrier,Moderate,3020201,Upper Neuse,30202010102,South Flat River,Person,5.1583,2,not recorded,2,not located on a reach associated with anadromous / catadromous species habitat,yes,3.552,234.405,234.405,3.552,279.996,NC257,dam,,dam,sm8796429,234.405,21.2,294000.0,0.6,0.675,1.0,0.405,15000400000301.0,https://tool.aquaticbarriers.org/report/combined_barriers/sm8796429,0.0,86,100,2.270397,8,2025,Satisfactory,0,106.11
sm8796430,36.308174,-79.01526,Surveyed road/stream crossing - 3290 Cates Mill Rd / Ut Alderidge Creek,Ut Alderidge Creek,3290 Cates Mill Rd,Paved,Culvert,Complete barrier,Moderate,3020201,Upper Neuse,30202010102,South Flat River,Person,2.3636,2,not recorded,2,not located on a reach associated with anadromous / catadromous species habitat,yes,1.371,3.552,3.552,1.371,281.375,sm8796429,small_barrier,sm8796429,culvert,sm8796429,234.405,15.7,229000.0,0.6,0.451,1.0,0.2706,15000400108252.0,https://tool.aquaticbarriers.org/report/combined_barriers/sm8796430,0.0,82,100,1.042015,8,2025,Poor,0,105.65
sm8796431,36.316998,-79.03272,Surveyed road/stream crossing - 492 Jones Store Rd / Ut Alderidge Creek,Ut Alderidge Creek,492 Jones Store Rd,Paved,Culvert,Complete barrier,Moderate,3020201,Upper Neuse,30202010102,South Flat River,Person,0.9971,1,not recorded,2,not located on a reach associated with anadromous / catadromous species habitat,yes,0.947,234.405,234.405,0.947,282.828,NC257,dam,,dam,sm8796431,234.405,11.5,178000.0,0.6,0.257,1.0,0.1542,15000400077398.0,https://tool.aquaticbarriers.org/report/combined_barriers/sm8796431,0.0,83,100,0.440969,8,2025,Satisfactory,0,104.59
sm8796432,36.05186,-78.88885,Surveyed road/stream crossing - 8 New Bedford Ct / Ut Eno River,Ut Eno River,8 New Bedford Ct,Paved,Culvert,Complete barrier,Moderate,3020201,Upper Neuse,30202010304,Crooked Creek-Eno River,Durham,1.1163,1,not recorded,4,not located on a reach associated with anadromous / catadromous species habitat,yes,0.418,668.114,550.95,0.418,262.27,NC1146,dam,,dam,sm8796432,668.114,11.9,183000.0,0.6,0.278,1.0,0.1668,15000400062275.0,https://tool.aquaticbarriers.org/report/combined_barriers/sm8796432,0.0,50,100,0.50233,11,2025,Poor,0,116.79
sm8796447,36.21658,-78.97526,Surveyed road/stream crossing - 9220 Nc Highway 57 / Ut Buffalo Creek,Ut Buffalo Creek,9220 Nc Highway 57,Paved,Culvert,Moderate barrier,Spans only bankfull/active channel,3020201,Upper Neuse,30202010201,North Fork Little River,Orange,1.9229,2,not recorded,1,not located on a reach associated with anadromous / catadromous species habitat,yes,0.839,204.67,196.419,0.839,277.096,NC1497,dam,,dam,sm8796447,204.67,14.6,215000.0,0.1,0.398,1.0,0.0398,15000400108313.0,https://tool.aquaticbarriers.org/report/combined_barriers/sm8796447,0.0,97,100,0.854645,6,2025,Poor,0,109.09
sm8796448,36.186817,-78.97123,Surveyed road/stream crossing - 7120 Bill Poole Rd / Ut North Fork Little River,Ut North Fork Little River,7120 Bill Poole Rd,Paved,Inaccessible,Moderate barrier,Moderate,3020201,Upper Neuse,30202010201,North Fork Little River,Orange,2.0616,2,not recorded,1,not located on a reach associated with anadromous / catadromous species habitat,yes,1.754,204.67,196.419,1.754,274.452,NC1497,dam,,dam,sm8796448,204.67,14.9,219000.0,0.6,0.416,1.0,0.2496,15000400077504.0,https://tool.aquaticbarriers.org/report/combined_barriers/sm8796448,0.0,94,100,0.91379,6,2025,Satisfactory,0,109.8
sm8796450,36.167164,-78.93631,Surveyed road/stream crossing - 8250 S Lowell Rd / Ut North Fork Little River,Ut North Fork Little River,8250 S Lowell Rd,Paved,Culvert,Moderate barrier,Spans only bankfull/active channel,3020201,Upper Neuse,30202010201,North Fork Little River,Durham,3.0084999,1,not recorded,1,not located on a reach associated with anadromous / catadromous species habitat,yes,1.9,204.67,196.419,1.9,271.351,NC1497,dam,,dam,sm8796450,204.67,17.2,247000.0,0.1,0.516,1.0,0.0516,15000400108424.0,https://tool.aquaticbarriers.org/report/combined_barriers/sm8796450,0.0,91,100,1.319963,6,2025,Satisfactory,0,112.01
sm8796454,36.052666,-78.92934,Surveyed road/stream crossing - 3729 Guess Rd / Ut Jump And Run Creek,Ut Jump And Run Creek,3729 Guess Rd,Paved,Culvert,Complete barrier,Spans only bankfull/active channel,3020201,Upper Neuse,30202010304,Crooked Creek-Eno River,Durham,2.4125,1,not recorded,4,not located on a reach associated with anadromous / catadromous species habitat,yes,1.561,118.923,118.905,1.561,264.854,NC237,dam,,dam,sm8796454,118.923,15.8,230000.0,0.1,0.456,1.0,0.0456,15000400108404.0,https://tool.aquaticbarriers.org/report/combined_barriers/sm8796454,0.0,10,100,1.094524,11,2025,Satisfactory,0,114.64
sm8796458,36.098297,-78.93854,Surveyed road/stream crossing - 5700 Centennial Dr / Ut Crooked Run Creek,Ut Crooked Run Creek,5700 Centennial Dr,Paved,Culvert,Complete barrier,Spans only bankfull/active channel,3020201,Upper Neuse,30202010304,Crooked Creek-Eno River,Durham,2.2608001,2,not recorded,4,not located on a reach associated with anadromous / catadromous species habitat,yes,2.436,118.923,118.905,2.436,266.366,NC237,dam,,dam,sm8796458,118.923,15.5,225000.0,0.1,0.439,1.0,0.0439,15000400093215.0,https://tool.aquaticbarriers.org/report/combined_barriers/sm8796458,0.0,91,100,1.029471,11,2025,Satisfactory,0,113.19
sm8796459,36.103485,-78.93811,Surveyed road/stream crossing - 1266 Terry Rd / Ut Crooked Run Creek,Ut Crooked Run Creek,1266 Terry Rd,Paved,Culvert,Moderate barrier,Spans only bankfull/active channel,3020201,Upper Neuse,30202010304,Crooked Creek-Eno River,Durham,0.5258,1,not recorded,4,not located on a reach associated with anadromous / catadromous species habitat,yes,0.359,0.22,0.22,0.22,266.96,sm8796460,small_barrier,sm8796460,culvert,sm8796460,118.923,9.2,150000.0,0.1,0.157,1.0,0.0157,15000400000382.0,https://tool.aquaticbarriers.org/report/combined_barriers/sm8796459,0.0,80,100,0.239126,11,2025,Satisfactory,0,113.11
sm8796460,36.10356,-78.934525,Surveyed road/stream crossing - 5836 Scalybark Rd / Ut Crooked Run Creek,Ut Crooked Run Creek,5836 Scalybark Rd,Paved,Culvert,Complete barrier,Moderate,3020201,Upper Neuse,30202010304,Crooked Creek-Eno River,Durham,0.5258,1,not recorded,4,not located on a reach associated with anadromous / catadromous species habitat,yes,0.22,118.923,118.905,0.22,266.74,NC237,dam,,dam,sm8796460,118.923,9.2,150000.0,0.6,0.157,1.0,0.0942,15000400000382.0,https://tool.aquaticbarriers.org/report/combined_barriers/sm8796460,0.0,79,100,0.239126,11,2025,Poor,0,113.3
sm8796468,36.16495,-78.93391,Surveyed road/stream crossing - 7916 Lowell Valley Dr / Ut North Fork Little River,Ut North Fork Little River,7916 Lowell Valley Dr,Paved,Culvert,Complete barrier,Moderate,3020201,Upper Neuse,30202010201,North Fork Little River,Durham,1.3851,2,not recorded,1,not located on a reach associated with anadromous / catadromous species habitat,yes,1.303,204.67,196.419,1.303,271.229,NC1497,dam,,dam,sm8796468,204.67,12.9,195000.0,0.6,0.323,1.0,0.1938,15000400000390.0,https://tool.aquaticbarriers.org/report/combined_barriers/sm8796468,0.0,57,100,0.606523,6,2025,Satisfactory,0,112.18
sm8796473,36.04837,-78.970085,Surveyed road/stream crossing - 3503 Cole Mill Road / Nancy Rhodes Creek,Nancy Rhodes Creek,3503 Cole Mill Road,Paved,Culvert,Complete barrier,Moderate,3020201,Upper Neuse,30202010304,Crooked Creek-Eno River,Durham,2.714,2,not recorded,4,not located on a reach associated with anadromous / catadromous species habitat,yes,1.672,118.923,118.905,1.672,267.704,NC237,dam,,dam,sm8796473,118.923,16.6,239000.0,0.6,0.487,1.0,0.2922,15000400093177.0,https://tool.aquaticbarriers.org/report/combined_barriers/sm8796473,0.0,7,100,1.23663,11,2025,Satisfactory,0,112.59
sm8796474,36.06924,-78.974556,Surveyed road/stream crossing - 549 Continental Dr / Pea Creek,Pea Creek,549 Continental Dr,Paved,Culvert,Complete barrier,Moderate,3020201,Upper Neuse,30202010304,Crooked Creek-Eno River,Durham,4.4637,2,not recorded,4,not located on a reach associated with anadromous / catadromous species habitat,yes,2.862,118.923,118.905,2.862,267.952,NC237,dam,,dam,sm8796474,118.923,20.0,280000.0,0.6,0.631,1.0,0.3786,15000400015615.0,https://tool.aquaticbarriers.org/report/combined_barriers/sm8796474,0.0,95,100,2.043217,11,2025,Satisfactory,0,111.89
sm8796475,36.058586,-78.994576,Surveyed road/stream crossing - 5677 Jomali Dr / Ut Eno River,Ut Eno River,5677 Jomali Dr,Paved,Culvert,Complete barrier,Moderate,3020201,Upper Neuse,30202010304,Crooked Creek-Eno River,Orange,1.8435,1,not recorded,4,not located on a reach associated with anadromous / catadromous species habitat,yes,0.625,118.923,118.905,0.625,269.742,NC237,dam,,dam,sm8796475,118.923,14.3,212000.0,0.6,0.388,1.0,0.2328,15000400093105.0,https://tool.aquaticbarriers.org/report/combined_barriers/sm8796475,0.0,94,100,0.838691,11,2025,Poor,0,111.08
sm8796477,36.1118,-78.99543,Surveyed road/stream crossing - 477 Pleasant Green Rd / Ut Buckwater Creek,Ut Buckwater Creek,477 Pleasant Green Rd,Paved,Culvert,Complete barrier,Spans only bankfull/active channel,3020201,Upper Neuse,30202010303,Stony Creek-Eno River,Orange,4.4397,2,not recorded,3,not located on a reach associated with anadromous / catadromous species habitat,yes,2.599,118.923,118.905,2.599,277.353,NC237,dam,,dam,sm8796477,118.923,20.0,280000.0,0.1,0.629,1.0,0.0629,15000400108267.0,https://tool.aquaticbarriers.org/report/combined_barriers/sm8796477,0.0,82,100,2.025508,10,2025,Poor,0,109.9
sm8796480,36.118805,-78.982704,Surveyed road/stream crossing - 6483 St Marys Rd / Ut Buckwater Creek,Ut Buckwater Creek,6483 St Marys Rd,Paved,Culvert,Complete barrier,Moderate,3020201,Upper Neuse,30202010303,Stony Creek-Eno River,Orange,1.0567,2,not recorded,3,not located on a reach associated with anadromous / catadromous species habitat,yes,1.054,2.599,2.599,1.054,278.3,sm8796477,small_barrier,sm8796477,culvert,sm8796477,118.923,11.7,180000.0,0.6,0.268,1.0,0.1608,15000400108301.0,https://tool.aquaticbarriers.org/report/combined_barriers/sm8796480,0.0,94,100,0.479543,10,2025,Poor,0,110.43
sm8796489,36.104076,-79.03858,Surveyed road/stream crossing - Ut Buckwater Creek,Ut Buckwater Creek,,Paved,Culvert,Moderate barrier,Moderate,3020201,Upper Neuse,30202010303,Stony Creek-Eno River,Orange,1.1765,1,not recorded,3,not located on a reach associated with anadromous / catadromous species habitat,yes,0.572,118.923,118.905,0.572,279.244,NC237,dam,,dam,sm8796489,118.923,12.2,186000.0,0.6,0.289,1.0,0.1734,15000400108193.0,https://tool.aquaticbarriers.org/report/combined_barriers/sm8796489,0.0,89,100,0.528659,10,2025,Satisfactory,0,107.77
sm8796491,36.107056,-79.07361,Surveyed road/stream crossing - Ut Strouds Creek,Ut Strouds Creek,,Paved,Culvert,Moderate barrier,Moderate,3020201,Upper Neuse,30202010303,Stony Creek-Eno River,Orange,3.4224,2,not recorded,3,not located on a reach associated with anadromous / catadromous species habitat,yes,2.581,118.923,118.905,2.581,280.811,NC237,dam,,dam,sm8796491,118.923,18.1,257000.0,0.6,0.552,1.0,0.3312,15000400046519.0,https://tool.aquaticbarriers.org/report/combined_barriers/sm8796491,0.0,74,100,1.514678,10,2025,Satisfactory,0,105.86
sm8796515,36.23489,-79.10718,Surveyed road/stream crossing - 9684 Hester Rd / North Fork Little River,North Fork Little River,9684 Hester Rd,Paved,Culvert,Moderate barrier,Severe,3020201,Upper Neuse,30202010201,North Fork Little River,Orange,2.0884,2,not recorded,1,not located on a reach associated with anadromous / catadromous species habitat,yes,3.368,204.67,196.419,3.368,288.22,NC1497,dam,,dam,sm8796515,204.67,15.0,220000.0,1.0,0.419,1.0,0.419,15000400077266.0,https://tool.aquaticbarriers.org/report/combined_barriers/sm8796515,0.0,81,100,0.911097,6,2025,Poor,0,101.69
sm8796517,36.223644,-79.10068,Surveyed road/stream crossing - Ut North Fork Little River,Ut North Fork Little River,,Paved,Culvert,Moderate barrier,Moderate,3020201,Upper Neuse,30202010201,North Fork Little River,Orange,2.0205,2,not recorded,1,not located on a reach associated with anadromous / catadromous species habitat,yes,1.595,204.67,196.419,1.595,287.14,NC1497,dam,,dam,sm8796517,204.67,14.8,218000.0,0.6,0.411,1.0,0.2466,15000400092962.0,https://tool.aquaticbarriers.org/report/combined_barriers/sm8796517,0.0,91,100,0.880135,6,2025,Poor,0,102.22
sm8796569,36.309242,-79.066574,Surveyed road/stream crossing - 619 Hassell Horton Rd / Ut South Flat River,Ut South Flat River,619 Hassell Horton Rd,Paved,Culvert,Complete barrier,Moderate,3020201,Upper Neuse,30202010102,South Flat River,Person,2.0994,2,not recorded,2,not located on a reach associated with anadromous / catadromous species habitat,yes,1.447,234.405,234.405,1.447,285.693,NC257,dam,,dam,sm8796569,234.405,15.0,220000.0,0.6,0.42,1.0,0.252,15000400077339.0,https://tool.aquaticbarriers.org/report/combined_barriers/sm8796569,0.0,78,100,0.925654,8,2025,Satisfactory,0,102.84
sm8796578,36.253536,-79.11667,Surveyed road/stream crossing - 6391 Wheeler Church Rd / Bushy Fork Creek,Bushy Fork Creek,6391 Wheeler Church Rd,Paved,Culvert,Complete barrier,Spans only bankfull/active channel,3020201,Upper Neuse,30202010102,South Flat River,Person,1.7636,2,not recorded,2,not located on a reach associated with anadromous / catadromous species habitat,yes,1.93,9.25,9.25,1.93,287.413,sm8796580,small_barrier,sm8796580,culvert,sm8796580,234.405,14.1,209000.0,0.1,0.378,1.0,0.0378,15000400061922.0,https://tool.aquaticbarriers.org/report/combined_barriers/sm8796578,0.0,91,100,0.76968,8,2025,Satisfactory,0,100.89
sm8796579,36.252235,-79.093094,Surveyed road/stream crossing - 402 Mccullock Loop Rd / Ut Bushy Fork Creek,Ut Bushy Fork Creek,402 Mccullock Loop Rd,Unpaved,Culvert,Moderate barrier,Moderate,3020201,Upper Neuse,30202010102,South Flat River,Person,1.1565,1,not recorded,2,not located on a reach associated with anadromous / catadromous species habitat,yes,0.894,9.25,9.25,0.894,286.371,sm8796580,small_barrier,sm8796580,culvert,sm8796580,234.405,12.1,113000.0,0.6,0.285,0.5,0.0855,15000400015445.0,https://tool.aquaticbarriers.org/report/combined_barriers/sm8796579,0.0,86,100,0.505856,8,2025,Satisfactory,0,102.18
sm8796580,36.268993,-79.07938,Surveyed road/stream crossing - 505 Lee Bradsher Rd / Bushy Fork Creek,Bushy Fork Creek,505 Lee Bradsher Rd,Paved,Culvert,Complete barrier,Moderate,3020201,Upper Neuse,30202010102,South Flat River,Person,10.7704,4,not recorded,2,not located on a reach associated with anadromous / catadromous species habitat,yes,9.25,234.405,234.405,9.25,284.696,NC257,dam,,dam,sm8796580,234.405,28.3,380000.0,0.6,0.916,1.0,0.5496,15000400046506.0,https://tool.aquaticbarriers.org/report/combined_barriers/sm8796580,0.0,91,100,4.690672,8,2025,Satisfactory,0,102.68
sm8796582,36.229626,-79.02551,Surveyed road/stream crossing - 9407 Nc Highway 157 / Ut Lick Creek,Ut Lick Creek,9407 Nc Highway 157,Paved,Culvert,Moderate barrier,Moderate,3020201,Upper Neuse,30202010102,South Flat River,Orange,2.4806,2,not recorded,2,not located on a reach associated with anadromous / catadromous species habitat,yes,1.612,234.405,234.405,1.612,281.331,NC257,dam,,dam,sm8796582,234.405,16.0,232000.0,0.6,0.463,1.0,0.2778,15000400108244.0,https://tool.aquaticbarriers.org/report/combined_barriers/sm8796582,0.0,69,100,1.091495,8,2025,Satisfactory,0,106.18
sm8796584,36.267113,-79.06768,Surveyed road/stream crossing - 660 Hawkins Loop / Ut Bushy Fork Creek,Ut Bushy Fork Creek,660 Hawkins Loop,Paved,Culvert,Moderate barrier,Moderate,3020201,Upper Neuse,30202010102,South Flat River,Person,0.8089,1,not recorded,2,not located on a reach associated with anadromous / catadromous species habitat,yes,0.641,234.405,234.405,0.641,284.204,NC257,dam,,dam,sm8796584,234.405,10.7,168000.0,0.6,0.22,1.0,0.132,15000400108180.0,https://tool.aquaticbarriers.org/report/combined_barriers/sm8796584,0.0,80,100,0.353679,8,2025,Satisfactory,0,103.34
sm8796586,36.23224,-79.05243,Surveyed road/stream crossing - 3217 Breeze Rd / Ut Byrds Creek,Ut Byrds Creek,3217 Breeze Rd,Paved,Inaccessible,Moderate barrier,Moderate,3020201,Upper Neuse,30202010102,South Flat River,Orange,1.5904,2,not recorded,2,not located on a reach associated with anadromous / catadromous species habitat,yes,1.041,234.405,234.405,1.041,283.952,NC257,dam,,dam,sm8796586,234.405,13.6,203000.0,0.6,0.354,1.0,0.2124,15000400077359.0,https://tool.aquaticbarriers.org/report/combined_barriers/sm8796586,0.0,80,100,0.69714,8,2025,Poor,0,104.68
sm8796587,36.212,-79.05013,Surveyed road/stream crossing - 3479 Laws Store Rd / Ut North Fork Little River,Ut North Fork Little River,3479 Laws Store Rd,Paved,Culvert,Moderate barrier,Moderate,3020201,Upper Neuse,30202010201,North Fork Little River,Orange,1.1631,1,not recorded,1,not located on a reach associated with anadromous / catadromous species habitat,yes,0.392,204.67,196.419,0.392,283.213,NC1497,dam,,dam,sm8796587,204.67,12.1,185000.0,0.6,0.287,1.0,0.1722,15000400093046.0,https://tool.aquaticbarriers.org/report/combined_barriers/sm8796587,0.0,90,100,0.510884,6,2025,Satisfactory,0,105.13
sm8796591,36.0272,-78.98916,Surveyed road/stream crossing - 3582 State Highway 751 / Ut Eno River,Ut Eno River,3582 State Highway 751,Paved,Culvert,Complete barrier,Moderate,3020201,Upper Neuse,30202010304,Crooked Creek-Eno River,Orange,3.3155,1,not recorded,4,not located on a reach associated with anadromous / catadromous species habitat,yes,0.495,1.379,1.379,0.495,273.086,sm8796592,small_barrier,sm8796592,culvert,sm8796592,118.923,17.9,254000.0,0.6,0.543,1.0,0.3258,15000400015572.0,https://tool.aquaticbarriers.org/report/combined_barriers/sm8796591,0.0,89,100,1.506709,11,2025,Satisfactory,0,112.08
sm8796592,36.029037,-79.00963,Surveyed road/stream crossing - 4915 Old Nc 10 / Ut Rhodes Creek,Ut Rhodes Creek,4915 Old Nc 10,Railroad,Culvert,Moderate barrier,Moderate,3020201,Upper Neuse,30202010304,Crooked Creek-Eno River,Orange,3.3155,1,not recorded,4,not located on a reach associated with anadromous / catadromous species habitat,yes,1.379,118.923,118.905,1.379,271.707,NC237,dam,,dam,sm8796592,118.923,17.9,487000.0,0.6,0.543,1.0,0.3258,15000400015572.0,https://tool.aquaticbarriers.org/report/combined_barriers/sm8796592,0.0,89,100,1.506709,11,2025,Satisfactory,0,110.97
sm8796596,36.024403,-79.02116,Surveyed road/stream crossing - 6000 Mount Hermon Church Rd / Rhodes Creek,Rhodes Creek,6000 Mount Hermon Church Rd,Paved,Culvert,Complete barrier,Moderate,3020201,Upper Neuse,30202010304,Crooked Creek-Eno River,Orange,4.0399,3,not recorded,4,not located on a reach associated with anadromous / catadromous species habitat,yes,3.688,118.923,118.905,3.688,272.328,NC237,dam,,dam,sm8796596,118.923,19.3,271000.0,0.6,0.601,1.0,0.3606,15000400108225.0,https://tool.aquaticbarriers.org/report/combined_barriers/sm8796596,0.0,91,100,1.832442,11,2025,Satisfactory,0,110.48
sm8796597,36.044476,-79.02608,Surveyed road/stream crossing - 4103 Myrtlewood Dr / Ut Stony Creek,Ut Stony Creek,4103 Myrtlewood Dr,Paved,Culvert,Complete barrier,Spans full channel & banks,3020201,Upper Neuse,30202010303,Stony Creek-Eno River,Orange,3.5297,2,not recorded,3,not located on a reach associated with anadromous / catadromous species habitat,yes,1.84,15.051,14.788,1.84,272.71,NC221,dam,,dam,sm8796597,15.051,18.3,260000.0,0.0,0.561,1.0,0.0,15000400108224.0,https://tool.aquaticbarriers.org/report/combined_barriers/sm8796597,0.0,78,100,1.619579,10,2025,Satisfactory,0,109.75
sm8796598,36.05355,-79.04307,Surveyed road/stream crossing - 3428 Seven Springs Rd / Ut Stony Creek,Ut Stony Creek,3428 Seven Springs Rd,Paved,Culvert,Complete barrier,Severe,3020201,Upper Neuse,30202010303,Stony Creek-Eno River,Orange,0.937,2,not recorded,3,not located on a reach associated with anadromous / catadromous species habitat,yes,0.814,1.84,1.84,0.814,273.907,sm8796597,small_barrier,sm8796597,culvert,sm8796597,15.051,11.2,175000.0,1.0,0.246,1.0,0.246,15000400093028.0,https://tool.aquaticbarriers.org/report/combined_barriers/sm8796598,0.0,88,100,0.430673,10,2025,Poor,0,108.65
sm8796761,36.12146,-79.15546,Surveyed road/stream crossing - Ut Eno River,Ut Eno River,,Paved,Culvert,Moderate barrier,Moderate,3020201,Upper Neuse,30202010302,Sevenmile Creek-Eno River,Orange,1.1453999,2,not recorded,4,not located on a reach associated with anadromous / catadromous species habitat,yes,1.39,36.566,34.925,1.39,290.398,NC749,dam,,dam,sm8796761,36.566,12.0,185000.0,0.6,0.284,1.0,0.1704,15000400108053.0,https://tool.aquaticbarriers.org/report/combined_barriers/sm8796761,0.0,88,100,0.497656,11,2025,Satisfactory,0,101.23
sm8796781,36.052284,-79.129265,Surveyed road/stream crossing - 619 Chanterelle Ln / Ut Eno River,Ut Eno River,619 Chanterelle Ln,Paved,Culvert,Complete barrier,Spans only bankfull/active channel,3020201,Upper Neuse,30202010302,Sevenmile Creek-Eno River,Orange,2.1204,2,not recorded,4,not located on a reach associated with anadromous / catadromous species habitat,yes,1.891,1.038,1.038,1.038,285.961,sm8796872,small_barrier,sm8796872,culvert,sm8796873,3.154,15.1,221000.0,0.1,0.423,1.0,0.0423,15000400000075.0,https://tool.aquaticbarriers.org/report/combined_barriers/sm8796781,0.0,75,100,0.953514,11,2025,Satisfactory,0,104.18
sm8796796,36.028816,-79.10811,Surveyed road/stream crossing - 396 Oak Ridge Rd / Ut Cates Creek,Ut Cates Creek,396 Oak Ridge Rd,Paved,Culvert,Moderate barrier,Moderate,3020201,Upper Neuse,30202010303,Stony Creek-Eno River,Orange,1.6618999,2,not recorded,3,not located on a reach associated with anadromous / catadromous species habitat,yes,0.992,9.64,9.64,0.992,284.363,sm8796800,small_barrier,sm8796800,culvert,sm8796800,118.923,13.8,205000.0,0.6,0.364,1.0,0.2184,15000400077241.0,https://tool.aquaticbarriers.org/report/combined_barriers/sm8796796,0.0,85,100,0.752058,10,2025,Satisfactory,0,105.85
sm8796797,36.032547,-79.08108,Surveyed road/stream crossing - 3330 Nc Highway 86 S / Ut Stony Creek,Ut Stony Creek,3330 Nc Highway 86 S,Paved,Culvert,Moderate barrier,Moderate,3020201,Upper Neuse,30202010303,Stony Creek-Eno River,Orange,3.0802,2,not recorded,3,not located on a reach associated with anadromous / catadromous species habitat,yes,1.152,0.746,0.746,0.746,276.987,sm8796798,small_barrier,sm8796798,culvert,sm8796798,15.051,17.4,248000.0,0.6,0.522,1.0,0.3132,15000400077276.0,https://tool.aquaticbarriers.org/report/combined_barriers/sm8796797,0.0,83,100,1.393434,10,2025,Satisfactory,0,107.16
sm8796798,36.029327,-79.07188,Surveyed road/stream crossing - 2221 Graystone Ln / Ut Stony Creek,Ut Stony Creek,2221 Graystone Ln,Paved,Culvert,Complete barrier,Spans only bankfull/active channel,3020201,Upper Neuse,30202010303,Stony Creek-Eno River,Orange,3.0802,2,not recorded,3,not located on a reach associated with anadromous / catadromous species habitat,yes,0.746,15.051,14.788,0.746,276.241,NC221,dam,,dam,sm8796798,15.051,17.4,248000.0,0.1,0.522,1.0,0.0522,15000400077276.0,https://tool.aquaticbarriers.org/report/combined_barriers/sm8796798,0.0,95,100,1.393434,10,2025,Satisfactory,0,107.72
sm8796800,36.06601,-79.086845,Surveyed road/stream crossing - Us Highway 70A E / Cates Creek,Cates Creek,Us Highway 70A E,Paved,Culvert,Complete barrier,Moderate,3020201,Upper Neuse,30202010303,Stony Creek-Eno River,Orange,11.4603,3,not recorded,3,not located on a reach associated with anadromous / catadromous species habitat,yes,9.64,118.923,118.905,9.64,281.004,NC237,dam,,dam,sm8796800,118.923,29.0,389000.0,0.6,0.937,1.0,0.5622,15000400077277.0,https://tool.aquaticbarriers.org/report/combined_barriers/sm8796800,0.0,76,100,5.176254,10,2025,Poor,0,106.07
sm8796816,36.11508,-79.09556,Surveyed road/stream crossing - 1845 Nc Highway 57 / Ut Strouds Creek,Ut Strouds Creek,1845 Nc Highway 57,Paved,Culvert,Complete barrier,Moderate,3020201,Upper Neuse,30202010303,Stony Creek-Eno River,Orange,0.5911,1,not recorded,3,not located on a reach associated with anadromous / catadromous species habitat,yes,0.443,1.349,1.23,0.443,282.356,NC20555,dam,,dam,sm8796816,1.349,9.6,155000.0,0.6,0.172,1.0,0.1032,15000400108095.0,https://tool.aquaticbarriers.org/report/combined_barriers/sm8796816,0.0,91,100,0.260815,10,2025,Satisfactory,0,104.53
sm8796818,36.122776,-79.0842,Surveyed road/stream crossing - 2510 Nc Highway 57 / Ut Strouds Creek,Ut Strouds Creek,2510 Nc Highway 57,Paved,Culvert,Complete barrier,Spans only bankfull/active channel,3020201,Upper Neuse,30202010303,Stony Creek-Eno River,Orange,0.8081,1,not recorded,3,not located on a reach associated with anadromous / catadromous species habitat,yes,0.657,118.923,118.905,0.657,282.479,NC237,dam,,dam,sm8796818,118.923,10.6,168000.0,0.1,0.22,1.0,0.022,15000400108132.0,https://tool.aquaticbarriers.org/report/combined_barriers/sm8796818,0.0,91,100,0.356679,10,2025,Satisfactory,0,104.97
sm8796844,36.053658,-79.0425,Surveyed road/stream crossing - 3512 Us 70 E / Ut Stony Creek,Ut Stony Creek,3512 Us 70 E,Paved,Culvert,Moderate barrier,Moderate,3020201,Upper Neuse,30202010303,Stony Creek-Eno River,Orange,0.8288,1,not recorded,3,not located on a reach associated with anadromous / catadromous species habitat,yes,0.561,1.84,1.84,0.561,273.892,sm8796597,small_barrier,sm8796597,culvert,sm8796597,15.051,10.7,169000.0,0.6,0.224,1.0,0.1344,15000400000197.0,https://tool.aquaticbarriers.org/report/combined_barriers/sm8796844,0.0,98,100,0.382832,10,2025,Satisfactory,0,108.67
sm8796866,36.095085,-78.92332,Surveyed road/stream crossing - 5625 Greenbay Dr / Ut Crooked Run Creek,Ut Crooked Run Creek,5625 Greenbay Dr,Paved,Culvert,Moderate barrier,Spans full channel & banks,3020201,Upper Neuse,30202010304,Crooked Creek-Eno River,Durham,2.0441,2,not recorded,4,not located on a reach associated with anadromous / catadromous species habitat,yes,1.025,118.923,118.905,1.025,265.22,NC237,dam,,dam,sm8796866,118.923,14.9,219000.0,0.0,0.413,1.0,0.0,15000400108456.0,https://tool.aquaticbarriers.org/report/combined_barriers/sm8796866,0.0,55,100,0.922346,11,2025,Satisfactory,0,114.06
sm8796868,36.087494,-78.96916,Surveyed road/stream crossing - 3018 Tavistock Dr / Ut Sevenmile Creek,Ut Sevenmile Creek,3018 Tavistock Dr,Paved,Culvert,Complete barrier,Moderate,3020201,Upper Neuse,30202010304,Crooked Creek-Eno River,Durham,2.7858,2,not recorded,4,not located on a reach associated with anadromous / catadromous species habitat,yes,2.714,1.278,0.969,0.969,268.025,NC740,dam,,dam,sm8796868,1.278,16.7,241000.0,0.6,0.494,1.0,0.2964,15000400093179.0,https://tool.aquaticbarriers.org/report/combined_barriers/sm8796868,0.0,85,100,1.285462,11,2025,Satisfactory,0,111.79
sm8796869,36.089596,-78.96334,Surveyed road/stream crossing - 2811 Quincemoor Rd / Sevenmile Creek,Sevenmile Creek,2811 Quincemoor Rd,Paved,Culvert,Moderate barrier,Moderate,3020201,Upper Neuse,30202010304,Crooked Creek-Eno River,Durham,1.5344,1,not recorded,4,not located on a reach associated with anadromous / catadromous species habitat,yes,0.785,1.278,0.969,0.785,268.276,NC740,dam,,dam,sm8796869,1.278,13.4,201000.0,0.6,0.345,1.0,0.207,15000400062148.0,https://tool.aquaticbarriers.org/report/combined_barriers/sm8796869,0.0,84,100,0.702696,11,2025,Satisfactory,0,112.05
sm8796871,36.06253,-79.13725,Surveyed road/stream crossing - I-40 E / Rocky Run,Rocky Run,I-40 E,Paved,Culvert,Moderate barrier,Severe,3020201,Upper Neuse,30202010302,Sevenmile Creek-Eno River,Orange,6.7024,2,not recorded,4,not located on a reach associated with anadromous / catadromous species habitat,yes,6.21,36.993,36.993,6.21,286.379,NC1813,dam,,dam,sm8796871,36.993,23.5,322000.0,1.0,0.758,1.0,0.758,15000400046433.0,https://tool.aquaticbarriers.org/report/combined_barriers/sm8796871,0.0,90,100,2.997187,11,2025,Satisfactory,0,103.52
sm8796872,36.05942,-79.13112,Surveyed road/stream crossing - I-40 E / Ut Eno River,Ut Eno River,I-40 E,Paved,Culvert,Moderate barrier,Severe,3020201,Upper Neuse,30202010302,Sevenmile Creek-Eno River,Orange,3.8973,2,not recorded,4,not located on a reach associated with anadromous / catadromous species habitat,yes,1.038,0.165,0.165,0.165,285.395,sm8796873,small_barrier,sm8796873,culvert,sm8796873,3.154,19.0,268000.0,1.0,0.59,1.0,0.59,15000400046434.0,https://tool.aquaticbarriers.org/report/combined_barriers/sm8796872,0.0,48,100,1.743164,11,2025,Satisfactory,0,103.91
sm8796873,36.061497,-79.12971,Surveyed road/stream crossing - I-40 W / Ut Eno River,Ut Eno River,I-40 W,Paved,Culvert,Complete barrier,Severe,3020201,Upper Neuse,30202010302,Sevenmile Creek-Eno River,Orange,3.8973,2,not recorded,4,not located on a reach associated with anadromous / catadromous species habitat,yes,0.165,3.154,3.154,0.165,285.23,NC61415,dam,,dam,sm8796873,3.154,19.0,268000.0,1.0,0.59,1.0,0.59,15000400046434.0,https://tool.aquaticbarriers.org/report/combined_barriers/sm8796873,0.0,56,100,1.743164,11,2025,Satisfactory,0,103.93
sm8796879,36.074226,-79.06924,Surveyed road/stream crossing - 1863 Us Highway 70 E / Ut Eno River,Ut Eno River,1863 Us Highway 70 E,Paved,Culvert,Complete barrier,Moderate,3020201,Upper Neuse,30202010303,Stony Creek-Eno River,Orange,0.44370002,1,not recorded,3,not located on a reach associated with anadromous / catadromous species habitat,yes,0.374,118.923,118.905,0.374,279.886,NC237,dam,,dam,sm8796879,118.923,8.7,144000.0,0.6,0.136,1.0,0.0816,15000400046516.0,https://tool.aquaticbarriers.org/report/combined_barriers/sm8796879,0.0,82,100,0.202461,10,2025,Satisfactory,0,106.8
sm8796881,36.084625,-79.089066,Surveyed road/stream crossing - 611 Market House Way / Ut Eno River,Ut Eno River,611 Market House Way,Paved,Culvert,Moderate barrier,Moderate,3020201,Upper Neuse,30202010303,Stony Creek-Eno River,Orange,2.1724,2,not recorded,3,not located on a reach associated with anadromous / catadromous species habitat,yes,1.579,0.553,0.397,0.397,281.908,NC25181,dam,,dam,sm8796881,0.553,15.2,223000.0,0.6,0.429,1.0,0.2574,15000400061929.0,https://tool.aquaticbarriers.org/report/combined_barriers/sm8796881,0.0,54,100,0.960622,10,2025,Satisfactory,0,105.53
sm8796882,36.06538,-79.08398,Surveyed road/stream crossing - 136 Fiori Hill Dr S / Ut Cates Creek,Ut Cates Creek,136 Fiori Hill Dr S,Paved,Culvert,Complete barrier,Moderate,3020201,Upper Neuse,30202010303,Stony Creek-Eno River,Orange,1.1977,1,not recorded,3,not located on a reach associated with anadromous / catadromous species habitat,yes,0.587,118.923,118.905,0.587,280.947,NC237,dam,,dam,sm8796882,118.923,12.2,187000.0,0.6,0.292,1.0,0.1752,15000400046491.0,https://tool.aquaticbarriers.org/report/combined_barriers/sm8796882,0.0,70,100,0.541597,10,2025,Satisfactory,0,106.23
sm8796884,36.083664,-79.150185,Surveyed road/stream crossing - 2589 Us Highway 70 W / Ut Mcgowan Creek,Ut Mcgowan Creek,2589 Us Highway 70 W,Paved,Culvert,Complete barrier,Moderate,3020201,Upper Neuse,30202010302,Sevenmile Creek-Eno River,Orange,1.5332,1,not recorded,4,not located on a reach associated with anadromous / catadromous species habitat,yes,0.483,36.566,34.925,0.483,287.531,NC749,dam,,dam,sm8796884,36.566,13.4,201000.0,0.6,0.345,1.0,0.207,15000400092844.0,https://tool.aquaticbarriers.org/report/combined_barriers/sm8796884,0.0,51,100,0.666036,11,2025,Satisfactory,0,102.35
sm8796898,35.669193,-78.59351,Surveyed road/stream crossing - 8107 Bryan Rd / Ut Mahlers Creek,Ut Mahlers Creek,8107 Bryan Rd,Paved,Culvert,Complete barrier,Moderate,3020201,Upper Neuse,30202011004,Mahlers Creek-Swift Creek,Wake,1.9013001,2,not recorded,4,located on a reach associated with anadromous / catadromous species habitat,yes,1.144,7221.023,7213.387,1.144,213.006,,,,outlet,sm8796898,7221.023,14.5,214000.0,0.6,0.396,1.0,0.2376,15000400110167.0,https://tool.aquaticbarriers.org/report/combined_barriers/sm8796898,0.0,89,100,0.745241,8,2025,Satisfactory,0,141.25
sm8797253,36.15465,-78.56766,Surveyed road/stream crossing - 2699 Philo White Rd / Sand Creek,Sand Creek,2699 Philo White Rd,Paved,Culvert,Complete barrier,Severe,3020101,Upper Tar,30201010204,Middle Creek-Tar River,Granville,3.4341,2,not recorded,6,not located on a reach associated with anadromous / catadromous species habitat,yes,1.633,591.418,591.418,1.633,205.788,NC2114,dam,,dam,sm8797253,591.418,18.1,257000.0,1.0,0.553,1.0,0.553,15000400033012.0,https://tool.aquaticbarriers.org/report/combined_barriers/sm8797253,0.0,95,100,1.439214,12,2025,Poor,0,132.05
sm8797265,35.56569,-78.24608,Surveyed road/stream crossing - Little Creek,Little Creek,,Paved,Culvert,Moderate barrier,Moderate,3020201,Upper Neuse,30202011602,Little Creek-Little River,Johnston,21.9642,1,not recorded,6,not located on a reach associated with anadromous / catadromous species habitat,yes,1.846,312.179,312.179,1.846,165.481,NC2405,dam,,dam,sm8797265,312.179,37.8,493000.0,0.6,1.0,1.0,0.6,15000400015300.0,https://tool.aquaticbarriers.org/report/combined_barriers/sm8797265,0.0,86,100,8.627097,12,2025,Satisfactory,0,161.92
sm8797271,36.092194,-78.05176,Surveyed road/stream crossing - Tumbling Run,Tumbling Run,,Paved,Culvert,Complete barrier,Moderate,3020101,Upper Tar,30201010706,Lower Sandy Creek,Nash,1.4142001,2,not recorded,4,located on a reach associated with anadromous / catadromous species habitat,yes,0.929,5149.578,5148.106,0.929,158.186,,,,outlet,sm8797271,5149.578,13.0,196000.0,0.6,0.327,1.0,0.1962,15000400066892.0,https://tool.aquaticbarriers.org/report/combined_barriers/sm8797271,0.0,79,100,0.563966,9,2025,Satisfactory,0,160.91
sm8797272,36.095554,-78.0533,Surveyed road/stream crossing - Ut Tumbling Run,Ut Tumbling Run,,Paved,Culvert,Moderate barrier,Moderate,3020101,Upper Tar,30201010706,Lower Sandy Creek,Nash,2.3597,2,not recorded,4,located on a reach associated with anadromous / catadromous species habitat,yes,2.035,5149.578,5148.106,2.035,158.363,,,,outlet,sm8797272,5149.578,15.7,228000.0,0.6,0.45,1.0,0.27,15000400005160.0,https://tool.aquaticbarriers.org/report/combined_barriers/sm8797272,0.0,93,100,0.942715,9,2025,Satisfactory,0,160.77
sm8797277,36.158127,-77.75238,Surveyed road/stream crossing - Ut Fishing Creek,Ut Fishing Creek,,Paved,Culvert,Moderate barrier,Spans only bankfull/active channel,3020102,Fishing,30201020503,Town of Hickory-Fishing Creek,Halifax,0.32709998,1,not recorded,4,not located on a reach associated with anadromous / catadromous species habitat,yes,0.425,1035.892,1035.892,0.425,137.383,NC1048,dam,,dam,sm8797277,1035.892,7.9,134000.0,0.1,0.105,1.0,0.0105,15000400099109.0,https://tool.aquaticbarriers.org/report/combined_barriers/sm8797277,0.0,26,100,0.12527,8,2025,Poor,0,176.29
sm8797288,35.569534,-78.1913,Surveyed road/stream crossing - Big Branch,Big Branch,,Paved,Culvert,Complete barrier,Spans only bankfull/active channel,3020201,Upper Neuse,30202011602,Little Creek-Little River,Johnston,5.5026,1,not recorded,6,not located on a reach associated with anadromous / catadromous species habitat,yes,1.117,312.179,312.179,1.117,166.221,NC2405,dam,,dam,sm8797288,312.179,21.7,301000.0,0.1,0.695,1.0,0.0695,15000400035176.0,https://tool.aquaticbarriers.org/report/combined_barriers/sm8797288,0.0,83,100,2.151508,12,2025,Unknown,0,164.66
sm8797294,35.574837,-78.208145,Surveyed road/stream crossing - 1483 Micro Rd W / Big Branch,Big Branch,1483 Micro Rd W,Paved,Culvert,Complete barrier,Moderate,3020201,Upper Neuse,30202011602,Little Creek-Little River,Johnston,5.5026,1,not recorded,6,not located on a reach associated with anadromous / catadromous species habitat,yes,0.51,1.117,1.117,0.51,167.339,sm8797288,small_barrier,sm8797288,culvert,sm8797288,312.179,21.7,301000.0,0.6,0.695,1.0,0.417,15000400035176.0,https://tool.aquaticbarriers.org/report/combined_barriers/sm8797294,0.0,83,100,2.151508,12,2025,Satisfactory,0,163.65
sm8797316,35.532032,-78.19334,Surveyed road/stream crossing - 1448 Batten Farm Rd / Ut Little Creek,Ut Little Creek,1448 Batten Farm Rd,Paved,Culvert,Moderate barrier,Moderate,3020201,Upper Neuse,30202011602,Little Creek-Little River,Johnston,2.7542,1,not recorded,6,not located on a reach associated with anadromous / catadromous species habitat,yes,1.413,312.179,312.179,1.413,161.53,NC2405,dam,,dam,sm8797316,312.179,16.7,240000.0,0.6,0.491,1.0,0.2946,15000400004451.0,https://tool.aquaticbarriers.org/report/combined_barriers/sm8797316,0.0,88,100,1.084214,12,2025,Satisfactory,0,165.54
sm8797329,36.05428,-77.69391,Surveyed road/stream crossing - 6012 Marriott Rd / Ut Swift Creek,Ut Swift Creek,6012 Marriott Rd,Paved,Culvert,Complete barrier,Spans only bankfull/active channel,3020101,Upper Tar,30201010803,Moccasin Creek-Swift Creek,Edgecombe,4.4358,2,not recorded,5,located on a reach associated with anadromous / catadromous species habitat,yes,5.981,5149.578,5148.106,5.981,118.57,,,,outlet,sm8797329,5149.578,20.0,280000.0,0.1,0.629,1.0,0.0629,15000400083880.0,https://tool.aquaticbarriers.org/report/combined_barriers/sm8797329,0.0,62,100,1.727534,11,2025,Poor,0,180.86
sm8797337,36.04187,-77.69892,Surveyed road/stream crossing - 3394 Morning Star Church Rd / Ut Swift Creek,Ut Swift Creek,3394 Morning Star Church Rd,Paved,Culvert,Moderate barrier,Moderate,3020101,Upper Tar,30201010803,Moccasin Creek-Swift Creek,Edgecombe,3.6792,2,not recorded,5,located on a reach associated with anadromous / catadromous species habitat,yes,1.811,5149.578,5148.106,1.811,116.498,,,,outlet,sm8797337,5149.578,18.6,263000.0,0.6,0.573,1.0,0.3438,15000400015301.0,https://tool.aquaticbarriers.org/report/combined_barriers/sm8797337,0.0,72,100,1.4348,11,2025,Satisfactory,0,180.77
sm8797362,36.14443,-78.10114,Surveyed road/stream crossing - 1887 Nc Highway 58 / Deer Branch,Deer Branch,1887 Nc Highway 58,Paved,Culvert,Complete barrier,Moderate,3020101,Upper Tar,30201010705,Middle Sandy Creek,Franklin,2.8441,3,not recorded,5,located on a reach associated with anadromous / catadromous species habitat,yes,3.059,5149.578,5148.106,3.059,163.841,,,,outlet,sm8797362,5149.578,16.9,242000.0,0.6,0.5,1.0,0.3,15000400020236.0,https://tool.aquaticbarriers.org/report/combined_barriers/sm8797362,0.0,73,100,1.151903,9,2025,Poor,0,157.48
sm8797388,36.08667,-78.24407,Surveyed road/stream crossing - Ut Tar River,Ut Tar River,,Paved,Culvert,Complete barrier,Spans only bankfull/active channel,3020101,Upper Tar,30201010304,Jumping Run-Tar River,Franklin,2.1381001,2,not recorded,6,not located on a reach associated with anadromous / catadromous species habitat,yes,1.727,389.059,389.059,1.727,176.673,NC2413,dam,,dam,sm8797388,389.059,15.1,222000.0,0.1,0.425,1.0,0.0425,15000400066052.0,https://tool.aquaticbarriers.org/report/combined_barriers/sm8797388,0.0,92,100,0.89107,12,2025,Satisfactory,0,150.6
sm8797392,36.04767,-78.248825,Surveyed road/stream crossing - 2121 E River Rd / Jumping Run,Jumping Run,2121 E River Rd,Paved,Culvert,Moderate barrier,Spans only bankfull/active channel,3020101,Upper Tar,30201010304,Jumping Run-Tar River,Franklin,5.2951,2,not recorded,6,not located on a reach associated with anadromous / catadromous species habitat,yes,2.757,389.059,389.059,2.757,172.624,NC2413,dam,,dam,sm8797392,389.059,21.4,297000.0,0.1,0.683,1.0,0.0683,15000400019629.0,https://tool.aquaticbarriers.org/report/combined_barriers/sm8797392,0.0,70,100,2.187388,12,2025,Satisfactory,0,150.99
sm8797395,36.121117,-78.26253,Surveyed road/stream crossing - 977 Nc 561 Hwy / Ut Fox Creek,Ut Fox Creek,977 Nc 561 Hwy,Paved,Culvert,Complete barrier,Spans only bankfull/active channel,3020101,Upper Tar,30201010304,Jumping Run-Tar River,Franklin,5.1914,2,not recorded,6,not located on a reach associated with anadromous / catadromous species habitat,yes,4.589,389.059,389.059,4.589,181.868,NC2413,dam,,dam,sm8797395,389.059,21.2,295000.0,0.1,0.677,1.0,0.0677,15000400112159.0,https://tool.aquaticbarriers.org/report/combined_barriers/sm8797395,0.0,71,100,2.17124,12,2025,Satisfactory,0,149.06
sm8797412,36.05487,-77.87799,Surveyed road/stream crossing - 3657 Wollett Mill Rd / Ut Flat Rock Branch,Ut Flat Rock Branch,3657 Wollett Mill Rd,Paved,Culvert,Complete barrier,Severe,3020101,Upper Tar,30201010801,Flat Rock Branch-Swift Creek,Nash,5.1073,2,not recorded,6,located on a reach associated with anadromous / catadromous species habitat,yes,3.709,5149.578,5148.106,3.709,140.43,,,,outlet,sm8797412,5149.578,21.1,293000.0,1.0,0.672,1.0,0.672,15000400083089.0,https://tool.aquaticbarriers.org/report/combined_barriers/sm8797412,0.0,90,100,1.987034,12,2025,Satisfactory,0,170.88
sm8798160,36.12275,-78.5538,Surveyed road/stream crossing - 1032 Timberwood Dr / Ut Ford Creek,Ut Ford Creek,1032 Timberwood Dr,Paved,Culvert,Moderate barrier,Moderate,3020101,Upper Tar,30201010204,Middle Creek-Tar River,Granville,0.47520003,2,not recorded,6,not located on a reach associated with anadromous / catadromous species habitat,yes,0.435,0.316,0.245,0.245,205.036,NC22873,dam,,dam,sm8798160,0.316,8.9,147000.0,0.6,0.144,1.0,0.0864,15000400064041.0,https://tool.aquaticbarriers.org/report/combined_barriers/sm8798160,0.0,85,100,0.199078,12,2025,Satisfactory,0,133.31
sm8798164,36.239494,-78.696,Surveyed road/stream crossing - 4199 Old Nc 75 / Jackson Creek,Jackson Creek,4199 Old Nc 75,Paved,Culvert,Complete barrier,Spans full channel & banks,3020101,Upper Tar,30201010105,Rocky Creek-Tar River,Granville,10.3126,3,not recorded,4,not located on a reach associated with anadromous / catadromous species habitat,yes,13.718,240.596,240.596,13.718,215.703,NC265,dam,,dam,sm8798164,240.596,27.8,374000.0,0.0,0.901,1.0,0.0,15000400078729.0,https://tool.aquaticbarriers.org/report/combined_barriers/sm8798164,0.0,88,100,4.50081,11,2025,Satisfactory,0,123.88
sm8798169,36.102806,-78.534546,Surveyed road/stream crossing - 1675 Evans Rd / Middle Creek,Middle Creek,1675 Evans Rd,Paved,Culvert,Moderate barrier,Moderate,3020101,Upper Tar,30201010204,Middle Creek-Tar River,Granville,3.2449,3,not recorded,6,not located on a reach associated with anadromous / catadromous species habitat,yes,3.075,5.381,5.381,3.075,204.187,sm8798170,small_barrier,sm8798170,culvert,sm8798170,591.418,17.7,253000.0,0.6,0.537,1.0,0.3222,15000400079666.0,https://tool.aquaticbarriers.org/report/combined_barriers/sm8798169,0.0,94,100,1.362056,12,2025,Poor,0,134.69
sm8798170,36.115578,-78.519485,Surveyed road/stream crossing - 401 Tom Wright Rd / Middle Creek,Middle Creek,401 Tom Wright Rd,Paved,Culvert,Moderate barrier,Moderate,3020101,Upper Tar,30201010204,Middle Creek-Tar River,Franklin,8.1847,3,not recorded,6,not located on a reach associated with anadromous / catadromous species habitat,yes,5.381,591.418,591.418,5.381,202.777,NC2114,dam,,dam,sm8798170,591.418,25.4,345000.0,0.6,0.824,1.0,0.4944,15000400049033.0,https://tool.aquaticbarriers.org/report/combined_barriers/sm8798170,0.0,93,100,3.427294,12,2025,Satisfactory,0,135.28
sm8798318,36.071568,-79.112305,Surveyed road/stream crossing - 507 Eno St / Ut Eno River,Ut Eno River,507 Eno St,Paved,Culvert,Complete barrier,Spans only bankfull/active channel,3020201,Upper Neuse,30202010302,Sevenmile Creek-Eno River,Orange,2.8878,2,not recorded,4,not located on a reach associated with anadromous / catadromous species habitat,yes,1.091,118.923,118.905,1.091,284.0,NC237,dam,,dam,sm8798318,118.923,17.0,243000.0,0.1,0.504,1.0,0.0504,15000400000104.0,https://tool.aquaticbarriers.org/report/combined_barriers/sm8798318,0.0,30,100,1.273392,11,2025,Satisfactory,0,104.61
sm8798331,36.141365,-79.18018,Surveyed road/stream crossing - 4450 Governor Scott Rd / Ut Eno River,Ut Eno River,4450 Governor Scott Rd,Paved,Culvert,Moderate barrier,Moderate,3020201,Upper Neuse,30202010301,Lake Orange-Eno River,Orange,3.24,2,not recorded,2,not located on a reach associated with anadromous / catadromous species habitat,yes,2.714,36.566,34.925,2.714,293.215,NC749,dam,,dam,sm8798331,36.566,17.7,253000.0,0.6,0.537,1.0,0.3222,15000400000021.0,https://tool.aquaticbarriers.org/report/combined_barriers/sm8798331,0.0,84,100,1.403718,4,2025,Satisfactory,0,99.51
sm8798334,36.202057,-79.15972,Surveyed road/stream crossing - 338 Mcdade Store Rd / Ut East Fork Eno River,Ut East Fork Eno River,338 Mcdade Store Rd,Paved,Culvert,Complete barrier,Moderate,3020201,Upper Neuse,30202010301,Lake Orange-Eno River,Orange,1.6486,2,not recorded,2,not located on a reach associated with anadromous / catadromous species habitat,yes,1.1,10.328,9.726,1.1,297.46,NC26528,dam,,dam,sm8798334,10.328,13.7,205000.0,0.6,0.362,1.0,0.2172,15000400108072.0,https://tool.aquaticbarriers.org/report/combined_barriers/sm8798334,0.0,43,100,0.717872,4,2025,Satisfactory,0,99.42
sm8798335,36.20921,-79.15716,Surveyed road/stream crossing - 206 Hurdle Mills Rd / East Fork Eno River,East Fork Eno River,206 Hurdle Mills Rd,Paved,Culvert,Moderate barrier,Moderate,3020201,Upper Neuse,30202010301,Lake Orange-Eno River,Orange,1.6236,2,not recorded,2,not located on a reach associated with anadromous / catadromous species habitat,yes,1.377,10.328,9.726,1.377,297.967,NC26528,dam,,dam,sm8798335,10.328,13.7,204000.0,0.6,0.358,1.0,0.2148,15000400092859.0,https://tool.aquaticbarriers.org/report/combined_barriers/sm8798335,0.0,71,100,0.706455,4,2025,Satisfactory,0,99.44
sm8798336,36.14752,-79.15263,Surveyed road/stream crossing - 1303 Ausling Way / Ut East Fork Eno River,Ut East Fork Eno River,1303 Ausling Way,Paved,Culvert,Moderate barrier,Moderate,3020201,Upper Neuse,30202010301,Lake Orange-Eno River,Orange,0.811,1,not recorded,2,not located on a reach associated with anadromous / catadromous species habitat,yes,0.63,36.566,34.925,0.63,292.698,NC749,dam,,dam,sm8798336,36.566,10.7,168000.0,0.6,0.221,1.0,0.1326,15000400077211.0,https://tool.aquaticbarriers.org/report/combined_barriers/sm8798336,0.0,83,100,0.35212,4,2025,Satisfactory,0,100.84
sm8854838,35.10435,-79.4747,Surveyed road/stream crossing - Tributary Of Drowning Creek Off Base,Tributary Of Drowning Creek Off Base,,Unknown,Culvert,Barrier - unknown severity,Unknown,3040203,Lumber,30402030202,Aberdeen Creek,Moore,2.049,1,not recorded,0,not located on a reach associated with anadromous / catadromous species habitat,yes,0.452,1.091,1.091,0.452,246.813,sm8854843,small_barrier,sm8854843,culvert,sm8854843,0.446,14.9,174000.0,0.5,0.414,0.7,0.1449,15000200015111.0,https://tool.aquaticbarriers.org/report/combined_barriers/sm8854838,0.0,90,100,0.861121,13,2022,Unknown,0,123.23
sm8854839,35.04844,-79.3008,Surveyed road/stream crossing - Cabin Branch Creek,Cabin Branch Creek,,Unknown,Culvert,Barrier - unknown severity,Unknown,3030004,Upper Cape Fear,30300040602,Headwaters Rockfish Creek,Hoke,6.3662,3,not recorded,0,not located on a reach associated with anadromous / catadromous species habitat,yes,1.694,0.492,0.492,0.492,173.804,sm8854841,small_barrier,sm8854841,culvert,sm8854841,269.553,23.0,247000.0,0.5,0.742,0.7,0.2597,15000500037542.0,https://tool.aquaticbarriers.org/report/combined_barriers/sm8854839,0.0,98,100,2.535307,11,2022,Unknown,0,132.71
sm8854840,35.08929,-79.34076,Surveyed road/stream crossing - Gum Branch Creek,Gum Branch Creek,,Unknown,Culvert,Barrier - unknown severity,Unknown,3030004,Upper Cape Fear,30300040602,Headwaters Rockfish Creek,Hoke,3.6127,2,not recorded,0,not located on a reach associated with anadromous / catadromous species habitat,yes,1.628,269.553,265.436,1.628,177.177,NC893,dam,,dam,sm8854840,269.553,18.5,206000.0,0.5,0.568,0.7,0.1988,15000500070759.0,https://tool.aquaticbarriers.org/report/combined_barriers/sm8854840,0.0,93,100,1.466634,11,2022,Unknown,0,129.11
sm8854841,35.054005,-79.2969,Surveyed road/stream crossing - Cabin Branch Creek,Cabin Branch Creek,,Unknown,Culvert,Barrier - unknown severity,Unknown,3030004,Upper Cape Fear,30300040602,Headwaters Rockfish Creek,Hoke,6.3662,3,not recorded,0,not located on a reach associated with anadromous / catadromous species habitat,yes,0.492,269.553,265.436,0.492,173.312,NC893,dam,,dam,sm8854841,269.553,23.0,247000.0,0.5,0.742,0.7,0.2597,15000500037542.0,https://tool.aquaticbarriers.org/report/combined_barriers/sm8854841,0.0,98,100,2.535307,11,2022,Unknown,0,132.58
sm8854843,35.09887,-79.47107,Surveyed road/stream crossing - Tributary Of Aberdeen Creek,Tributary Of Aberdeen Creek,,Unknown,Culvert,Barrier - unknown severity,Unknown,3040203,Lumber,30402030202,Aberdeen Creek,Moore,4.0908,2,not recorded,0,not located on a reach associated with anadromous / catadromous species habitat,yes,1.091,0.446,0.327,0.327,246.324,NC2128,dam,,dam,sm8854843,0.446,19.4,214000.0,0.5,0.604,0.7,0.2114,15000200150844.0,https://tool.aquaticbarriers.org/report/combined_barriers/sm8854843,0.0,89,100,1.71321,13,2022,Unknown,0,123.65
