{"type":"FeatureCollection","features":[{"type":"Feature","geometry":{"type":"Polygon","coordinates":[[[-76.7014,36.7136],[-76.7175,36.7228],[-76.7342,36.7126],[-76.7456,36.7162],[-76.7519,36.7147],[-76.7553,36.7061],[-76.7501,36.6977],[-76.7594,36.6955],[-76.7616,36.687],[-76.7768,36.683],[-76.7771,36.6718],[-76.7941,36.6633],[-76.7997,36.6676],[-76.805,36.6643],[-76.8031,36.6606],[-76.8057,36.6516],[-76.8219,36.6465],[-76.8305,36.6368],[-76.8416,36.6327],[-76.8486,36.6244],[-76.8594,36.6282],[-76.861,36.6243],[-76.8696,36.6252],[-76.8726,36.5981],[-76.8613,36.5717],[-76.8775,36.5666],[-76.8768,36.5635],[-76.89,36.5661],[-76.8937,36.5716],[-76.9016,36.57],[-76.9046,36.5566],[-76.9115,36.5533],[-76.9114,36.5433],[-76.9151,36.5452],[-76.9172,36.5416],[-76.9355,36.5398],[-76.9446,36.5482],[-76.9888,36.5582],[-76.9902,36.5531],[-77.0009,36.5489],[-76.9925,36.5426],[-76.9963,36.5372],[-77.011,36.5421],[-77.0301,36.5382],[-77.0428,36.5479],[-77.0507,36.5459],[-77.0563,36.5403],[-77.0646,36.5411],[-77.0587,36.5288],[-77.0492,36.5262],[-77.0411,36.5172],[-77.028,36.5167],[-77.0163,36.5004],[-76.9937,36.5105],[-76.983,36.5058],[-76.9704,36.5087],[-76.9624,36.5044],[-76.9666,36.4892],[-76.9727,36.4789],[-76.9776,36.4765],[-76.9692,36.4582],[-76.962,36.451],[-76.9637,36.4414],[-76.9502,36.4373],[-76.9478,36.4309],[-76.9586,36.4258],[-76.9579,36.4183],[-76.9638,36.4124],[-76.9569,36.3994],[-76.9507,36.4003],[-76.944,36.3951],[-76.9482,36.3724],[-76.9577,36.3706],[-76.9583,36.3666],[-76.9549,36.3644],[-76.9616,36.3577],[-76.9602,36.3507],[-76.9553,36.3485],[-76.9567,36.3457],[-76.9694,36.3425],[-76.9799,36.3518],[-76.9857,36.3505],[-76.9919,36.3372],[-76.9985,36.3333],[-76.9992,36.3192],[-77.0226,36.3249],[-77.028,36.3217],[-77.0309,36.313],[-77.0463,36.311],[-77.0496,36.3069],[-77.0587,36.3115],[-77.0666,36.3034],[-77.0829,36.2959],[-77.089,36.2966],[-77.0882,36.2925],[-77.0967,36.2897],[-77.1049,36.2919],[-77.11,36.2878],[-77.1202,36.289],[-77.1397,36.2853],[-77.1496,36.2937],[-77.1691,36.3014],[-77.1768,36.294],[-77.1788,36.2877],[-77.1924,36.2869],[-77.2004,36.2789],[-77.2333,36.2708],[-77.239,36.2653],[-77.2428,36.2688],[-77.2516,36.256],[-77.26,36.2627],[-77.268,36.2618],[-77.277,36.2525],[-77.2791,36.2441],[-77.2735,36.2381],[-77.2536,36.2329],[-77.2392,36.238],[-77.2285,36.219],[-77.2211,36.2272],[-77.2123,36.2289],[-77.2011,36.2238],[-77.1731,36.2276],[-77.1596,36.2212],[-77.1534,36.2303],[-77.1407,36.2195],[-77.1323,36.2234],[-77.1086,36.2195],[-77.106,36.2095],[-77.0898,36.205],[-77.0852,36.1989],[-77.0773,36.1959],[-77.0739,36.1899],[-77.0586,36.1856],[-77.0559,36.1761],[-77.0633,36.1704],[-77.0596,36.1647],[-77.0482,36.1586],[-77.0241,36.1528],[-77.0191,36.1431],[-77.0055,36.1363],[-76.9398,36.1265],[-76.9227,36.1406],[-76.9212,36.1501],[-76.9338,36.1568],[-76.9433,36.156],[-76.9479,36.1651],[-76.9241,36.17],[-76.9232,36.1609],[-76.9177,36.1586],[-76.9125,36.1502],[-76.8891,36.1477],[-76.8816,36.1431],[-76.8731,36.1433],[-76.8668,36.1381],[-76.85,36.1442],[-76.8408,36.1427],[-76.8338,36.1359],[-76.8328,36.1222],[-76.8301,36.1187],[-76.8208,36.1169],[-76.818,36.1066],[-76.8239,36.1003],[-76.8226,36.0917],[-76.8287,36.0808],[-76.828,36.0672],[-76.8321,36.0587],[-76.8298,36.0529],[-76.841,36.044],[-76.8331,36.0363],[-76.8289,36.0238],[-76.8054,36.0213],[-76.788,36.008],[-76.7862,36.0025],[-76.7785,35.9997],[-76.763,36.0076],[-76.7576,35.9991],[-76.7397,36.0011],[-76.7188,35.9961],[-76.7,35.9966],[-76.674,36.0067],[-76.6617,36.0201],[-76.656,36.0404],[-76.6714,36.0499],[-76.6695,36.0541],[-76.6744,36.0581],[-76.6668,36.0622],[-76.6749,36.0667],[-76.6726,36.0696],[-76.6769,36.0736],[-76.6747,36.0759],[-76.6773,36.0819],[-76.6844,36.084],[-76.6869,36.0924],[-76.6789,36.1032],[-76.6761,36.1027],[-76.673,36.0932],[-76.6672,36.0944],[-76.6672,36.1037],[-76.6582,36.1269],[-76.6576,36.1414],[-76.6503,36.159],[-76.6544,36.162],[-76.6366,36.181],[-76.6346,36.1913],[-76.6246,36.2077],[-76.6109,36.2104],[-76.6049,36.2186],[-76.6019,36.2258],[-76.6032,36.2356],[-76.5886,36.2394],[-76.5858,36.2498],[-76.5784,36.2535],[-76.5752,36.2613],[-76.5773,36.2717],[-76.5666,36.282],[-76.5691,36.2923],[-76.5754,36.2942],[-76.5766,36.3055],[-76.5713,36.3071],[-76.578,36.321],[-76.5731,36.3212],[-76.5675,36.327],[-76.5622,36.3413],[-76.5591,36.342],[-76.5595,36.3499],[-76.5535,36.3523],[-76.5581,36.3592],[-76.5539,36.3674],[-76.549,36.3696],[-76.5505,36.3747],[-76.5471,36.3781],[-76.5457,36.3953],[-76.5412,36.4037],[-76.542,36.4144],[-76.5635,36.4183],[-76.5733,36.4232],[-76.5697,36.433],[-76.5712,36.4502],[-76.5846,36.4578],[-76.5825,36.4683],[-76.5845,36.4743],[-76.592,36.4775],[-76.6002,36.4865],[-76.6007,36.4947],[-76.6139,36.5055],[-76.6073,36.5139],[-76.6103,36.5276],[-76.6195,36.5351],[-76.6272,36.5351],[-76.6378,36.543],[-76.6374,36.5598],[-76.6325,36.565],[-76.6269,36.5623],[-76.6233,36.5652],[-76.6321,36.5702],[-76.6477,36.5714],[-76.6483,36.5789],[-76.6582,36.5808],[-76.6592,36.5869],[-76.6622,36.5883],[-76.6574,36.5951],[-76.6608,36.6048],[-76.6799,36.6053],[-76.6763,36.6163],[-76.6964,36.6245],[-76.6972,36.6329],[-76.6864,36.6502],[-76.6899,36.6604],[-76.688,36.6753],[-76.6832,36.6825],[-76.6931,36.6828],[-76.6941,36.7025],[-76.7014,36.7136]]]},"properties":{"huc8":"03010203","name":"Chowan"}},{"type":"Feature","geometry":{"type":"Polygon","coordinates":[[[-78.7296,35.5266],[-78.7346,35.527],[-78.7386,35.5145],[-78.7474,35.5064],[-78.7549,35.5066],[-78.7557,35.5025],[-78.7401,35.496],[-78.7364,35.4874],[-78.7256,35.4791],[-78.7146,35.4798],[-78.7098,35.4732],[-78.7038,35.4772],[-78.6959,35.4745],[-78.6929,35.4605],[-78.6863,35.4552],[-78.6844,35.4416],[-78.6736,35.4318],[-78.6767,35.4224],[-78.6699,35.4077],[-78.6636,35.4029],[-78.6517,35.4004],[-78.6448,35.3888],[-78.6386,35.3876],[-78.6271,35.3769],[-78.6465,35.3368],[-78.6562,35.3276],[-78.6619,35.3289],[-78.6656,35.3247],[-78.6639,35.3166],[-78.6587,35.3125],[-78.6572,35.2994],[-78.6632,35.2943],[-78.6606,35.2907],[-78.6629,35.2849],[-78.6565,35.2792],[-78.655,35.2735],[-78.6666,35.2582],[-78.6702,35.2439],[-78.6703,35.2349],[-78.6647,35.2238],[-78.6684,35.2135],[-78.6615,35.1955],[-78.6621,35.1861],[-78.6694,35.1806],[-78.6826,35.1789],[-78.6906,35.1729],[-78.6895,35.1588],[-78.6923,35.1485],[-78.6897,35.1442],[-78.7004,35.1247],[-78.7134,35.1206],[-78.7303,35.1223],[-78.7317,35.1104],[-78.7472,35.0957],[-78.7488,35.0908],[-78.7452,35.0838],[-78.7465,35.0771],[-78.7393,35.0688],[-78.7416,35.065],[-78.7488,35.063],[-78.7501,35.0573],[-78.7402,35.0441],[-78.7476,35.0365],[-78.7665,35.0339],[-78.7699,35.0266],[-78.7491,35.0035],[-78.7468,34.9963],[-78.7378,34.9932],[-78.7377,34.9858],[-78.7094,34.9719],[-78.7058,34.961],[-78.6611,34.9292],[-78.658,34.9203],[-78.641,34.9028],[-78.628,34.8987],[-78.615,34.8849],[-78.604,34.8664],[-78.5971,34.8611],[-78.5765,34.8587],[-78.5646,34.8529],[-78.5665,34.8485],[-78.5615,34.8442],[-78.5641,34.8226],[-78.5685,34.8076],[-78.5759,34.8023],[-78.573,34.7961],[-78.5416,34.7854],[-78.5345,34.7727],[-78.5452,34.7719],[-78.5464,34.7662],[-78.5542,34.76],[-78.5635,34.7625],[-78.5643,34.7517],[-78.5473,34.747],[-78.5564,34.7384],[-78.5566,34.7331],[-78.5658,34.7326],[-78.5681,34.7271],[-78.5852,34.7213],[-78.5861,34.7177],[-78.5493,34.7035],[-78.5488,34.6986],[-78.5187,34.6837],[-78.4814,34.6559],[-78.4862,34.6482],[-78.4839,34.6353],[-78.4913,34.6308],[-78.4918,34.6252],[-78.4857,34.6177],[-78.4741,34.6138],[-78.476,34.5961],[-78.469,34.585],[-78.4533,34.5818],[-78.4354,34.5703],[-78.4217,34.5658],[-78.4162,34.5579],[-78.4046,34.5531],[-78.4035,34.548],[-78.3866,34.5437],[-78.3815,34.5376],[-78.3544,34.5224],[-78.3518,34.5072],[-78.3597,34.4957],[-78.349,34.4928],[-78.351,34.4876],[-78.3445,34.4841],[-78.3327,34.4814],[-78.3351,34.4773],[-78.3305,34.4701],[-78.3435,34.4656],[-78.3265,34.4477],[-78.3255,34.4441],[-78.3323,34.4416],[-78.3332,34.4367],[-78.3233,34.4327],[-78.3177,34.4265],[-78.2959,34.4201],[-78.2794,34.42],[-78.2743,34.4114],[-78.2537,34.4101],[-78.2499,34.4028],[-78.2299,34.3968],[-78.2182,34.3969],[-78.2003,34.3847],[-78.1692,34.3801],[-78.1616,34.3759],[-78.1613,34.3694],[-78.1581,34.3666],[-78.1438,34.3675],[-78.1383,34.3741],[-78.1321,34.3683],[-78.1208,34.3692],[-78.1172,34.3649],[-78.1086,34.3682],[-78.0657,34.3515],[-78.0477,34.3367],[-78.0302,34.345],[-78.0191,34.3518],[-78.0221,34.3526],[-78.0235,34.3625],[-78.0379,34.367],[-78.0368,34.3766],[-78.0446,34.3846],[-78.0493,34.3985],[-78.0633,34.4073],[-78.0696,34.416],[-78.0699,34.4242],[-78.0648,34.427],[-78.067,34.4324],[-78.0636,34.4382],[-78.0715,34.4387],[-78.0831,34.4524],[-78.072,34.4661],[-78.0763,34.4794],[-78.0743,34.4862],[-78.0962,34.4933],[-78.101,34.4987],[-78.072,34.5107],[-78.0786,34.5302],[-78.0562,34.5528],[-78.0579,34.5589],[-78.0717,34.5656],[-78.0684,34.6002],[-78.0717,34.604],[-78.0852,34.6075],[-78.09,34.6151],[-78.0881,34.6222],[-78.083,34.6252],[-78.0829,34.6452],[-78.0855,34.6498],[-78.1057,34.6609],[-78.0999,34.6748],[-78.103,34.6858],[-78.1081,34.6904],[-78.1173,34.6903],[-78.1246,34.6851],[-78.1281,34.6727],[-78.146,34.6698],[-78.1538,34.6743],[-78.1629,34.6647],[-78.174,34.661],[-78.1804,34.6697],[-78.1809,34.6787],[-78.1882,34.6819],[-78.1909,34.6872],[-78.2229,34.6988],[-78.2276,34.7057],[-78.2199,34.7088],[-78.2153,34.7244],[-78.2067,34.7282],[-78.2164,34.7369],[-78.2104,34.7492],[-78.2256,34.7534],[-78.2256,34.7557],[-78.2193,34.7682],[-78.2127,34.7723],[-78.2157,34.7776],[-78.2109,34.79],[-78.2016,34.789],[-78.1975,34.7927],[-78.1879,34.7939],[-78.1945,34.7982],[-78.1895,34.8095],[-78.1936,34.8104],[-78.1984,34.8206],[-78.1937,34.8289],[-78.186,34.8316],[-78.1907,34.84],[-78.1865,34.8463],[-78.1744,34.8536],[-78.1637,34.8548],[-78.1623,34.8626],[-78.1652,34.8682],[-78.1603,34.8801],[-78.1232,34.8881],[-78.1113,34.8852],[-78.1103,34.8777],[-78.0934,34.8817],[-78.0892,34.8683],[-78.0829,34.8629],[-78.0543,34.8953],[-78.053,34.9009],[-78.0569,34.906],[-78.0668,34.9069],[-78.0678,34.9125],[-78.077,34.9164],[-78.071,34.9257],[-78.0773,34.934],[-78.0717,34.9392],[-78.0761,34.9501],[-78.0656,34.9554],[-78.0631,34.9651],[-78.0529,34.9713],[-78.0599,34.9763],[-78.0563,34.9819],[-78.0602,34.9879],[-78.077,34.9991],[-78.0742,35.0097],[-78.0851,35.0139],[-78.0876,35.0204],[-78.0845,35.026],[-78.0892,35.0315],[-78.0885,35.0369],[-78.1036,35.0433],[-78.1172,35.0435],[-78.1247,35.0404],[-78.1495,35.0472],[-78.1583,35.0668],[-78.1568,35.0729],[-78.1483,35.0783],[-78.157,35.0894],[-78.1574,35.0959],[-78.1706,35.107],[-78.181,35.1101],[-78.1957,35.1282],[-78.2163,35.1433],[-78.2221,35.1545],[-78.2342,35.1578],[-78.2458,35.1704],[-78.2682,35.1682],[-78.277,35.1801],[-78.2869,35.1867],[-78.2885,35.1923],[-78.2857,35.1988],[-78.2748,35.2063],[-78.2827,35.2087],[-78.2877,35.2144],[-78.2873,35.2263],[-78.2807,35.2304],[-78.2754,35.2274],[-78.2594,35.2305],[-78.3055,35.2731],[-78.3203,35.2735],[-78.3221,35.2793],[-78.3303,35.2847],[-78.3463,35.2855],[-78.3484,35.28],[-78.3599,35.2699],[-78.3689,35.267],[-78.3723,35.26],[-78.3848,35.257],[-78.3908,35.2501],[-78.4008,35.2466],[-78.4153,35.2499],[-78.4206,35.2544],[-78.435,35.2526],[-78.4523,35.2579],[-78.4658,35.2531],[-78.4852,35.2557],[-78.4984,35.2695],[-78.5077,35.2708],[-78.5172,35.2775],[-78.5294,35.2952],[-78.529,35.3006],[-78.5204,35.312],[-78.508,35.3124],[-78.5136,35.3164],[-78.5154,35.3232],[-78.5062,35.328],[-78.5041,35.3349],[-78.4988,35.3373],[-78.4941,35.3451],[-78.4945,35.3492],[-78.5026,35.3547],[-78.504,35.3636],[-78.51,35.3689],[-78.5163,35.3692],[-78.5278,35.3588],[-78.5467,35.3622],[-78.5464,35.3676],[-78.5531,35.371],[-78.556,35.3798],[-78.5549,35.4015],[-78.5589,35.4199],[-78.5662,35.4333],[-78.5718,35.4315],[-78.5803,35.4374],[-78.5855,35.4373],[-78.5885,35.4367],[-78.588,35.4302],[-78.598,35.4301],[-78.6101,35.4347],[-78.6161,35.4401],[-78.6158,35.4471],[-78.6257,35.4575],[-78.6325,35.462],[-78.6394,35.4612],[-78.6504,35.4713],[-78.6486,35.4815],[-78.6544,35.4838],[-78.6558,35.4907],[-78.6618,35.4974],[-78.6786,35.4957],[-78.6798,35.4995],[-78.6883,35.503],[-78.6854,35.5141],[-78.7012,35.5208],[-78.7078,35.5184],[-78.712,35.5231],[-78.7237,35.5209],[-78.7258,35.5264],[-78.7296,35.5266]]]},"properties":{"huc8":"03030006","name":"Black"}},{"type":"Feature","geometry":{"type":"Polygon","coordinates":[[[-78.0056,35.2399],[-78.0095,35.2388],[-78.008,35.2319],[-78.014,35.2208],[-78.0302,35.2278],[-78.0542,35.2205],[-78.0566,35.2125],[-78.0666,35.2097],[-78.0714,35.205],[-78.0674,35.1925],[-78.0734,35.1801],[-78.0903,35.174],[-78.107,35.1783],[-78.1126,35.1894],[-78.1143,35.2018],[-78.132,35.2059],[-78.1576,35.2025],[-78.1628,35.2164],[-78.1712,35.2233],[-78.1766,35.2223],[-78.1829,35.2137],[-78.2111,35.2174],[-78.2225,35.2119],[-78.2594,35.2305],[-78.2754,35.2274],[-78.2807,35.2304],[-78.2873,35.2263],[-78.2877,35.2144],[-78.2827,35.2087],[-78.2748,35.2063],[-78.2851,35.1995],[-78.2885,35.19],[-78.2682,35.1682],[-78.2458,35.1704],[-78.2342,35.1578],[-78.2221,35.1545],[-78.2163,35.1433],[-78.1957,35.1282],[-78.181,35.1101],[-78.1706,35.107],[-78.1574,35.0959],[-78.157,35.0894],[-78.1483,35.0783],[-78.1568,35.0729],[-78.1583,35.0668],[-78.1495,35.0472],[-78.1247,35.0404],[-78.1172,35.0435],[-78.1036,35.0433],[-78.0885,35.0369],[-78.0892,35.0315],[-78.0845,35.026],[-78.0876,35.0204],[-78.0851,35.0139],[-78.074,35.0092],[-78.077,34.9991],[-78.0564,34.9825],[-78.06,34.9765],[-78.0529,34.9701],[-78.0626,34.9655],[-78.065,34.956],[-78.0766,34.9491],[-78.0717,34.9392],[-78.0773,34.9339],[-78.071,34.9249],[-78.0773,34.9172],[-78.0678,34.9125],[-78.0668,34.9069],[-78.0569,34.906],[-78.053,34.9009],[-78.0545,34.8949],[-78.0829,34.8629],[-78.0892,34.8683],[-78.0934,34.8817],[-78.1103,34.8777],[-78.1113,34.8852],[-78.1232,34.8881],[-78.1603,34.8801],[-78.1652,34.8682],[-78.1623,34.8626],[-78.1637,34.8548],[-78.1744,34.8536],[-78.1865,34.8463],[-78.1907,34.84],[-78.186,34.8316],[-78.1937,34.8289],[-78.1984,34.8206],[-78.1936,34.8104],[-78.1895,34.8095],[-78.1945,34.7982],[-78.1879,34.7939],[-78.1975,34.7927],[-78.2016,34.789],[-78.2109,34.79],[-78.2157,34.7776],[-78.2127,34.7723],[-78.2193,34.7682],[-78.2256,34.7557],[-78.2256,34.7534],[-78.2104,34.7492],[-78.2164,34.7369],[-78.2067,34.7282],[-78.2153,34.7244],[-78.2199,34.7088],[-78.2276,34.7057],[-78.2229,34.6988],[-78.1909,34.6872],[-78.1882,34.6819],[-78.1809,34.6787],[-78.1804,34.6697],[-78.174,34.661],[-78.1629,34.6647],[-78.1538,34.6743],[-78.146,34.6698],[-78.1281,34.6727],[-78.1246,34.6851],[-78.1173,34.6903],[-78.1096,34.6908],[-78.1041,34.6876],[-78.0999,34.6752],[-78.1057,34.6609],[-78.0855,34.6498],[-78.0829,34.6452],[-78.083,34.6252],[-78.0881,34.6222],[-78.09,34.6151],[-78.0852,34.6075],[-78.0717,34.604],[-78.0684,34.6002],[-78.0717,34.5656],[-78.0579,34.5589],[-78.0562,34.5532],[-78.0786,34.5302],[-78.072,34.5107],[-78.101,34.4991],[-78.0962,34.4933],[-78.0743,34.486],[-78.0763,34.4794],[-78.072,34.4661],[-78.0831,34.4527],[-78.0715,34.4387],[-78.0634,34.4378],[-78.067,34.4324],[-78.0648,34.427],[-78.0699,34.4242],[-78.0694,34.4157],[-78.0633,34.4073],[-78.0493,34.3985],[-78.0446,34.3846],[-78.0368,34.3766],[-78.0377,34.3667],[-78.0238,34.3628],[-78.022,34.3525],[-78.0158,34.3539],[-78.0119,34.3506],[-78.0036,34.3363],[-78.0068,34.3323],[-77.9965,34.3258],[-77.9899,34.3152],[-77.9915,34.3122],[-77.9865,34.3079],[-77.9883,34.3047],[-77.9828,34.3034],[-77.9795,34.2986],[-77.9812,34.295],[-77.971,34.2892],[-77.9629,34.2724],[-77.9621,34.2614],[-77.9571,34.2595],[-77.9554,34.2414],[-77.9422,34.2455],[-77.9424,34.2329],[-77.9389,34.2306],[-77.9376,34.224],[-77.9244,34.2202],[-77.9047,34.2214],[-77.8981,34.2133],[-77.8882,34.2105],[-77.8794,34.2184],[-77.871,34.246],[-77.8515,34.2439],[-77.8497,34.2483],[-77.8422,34.2479],[-77.8379,34.2566],[-77.8285,34.2622],[-77.8242,34.2729],[-77.8142,34.282],[-77.8162,34.2862],[-77.8128,34.2941],[-77.8008,34.2989],[-77.7944,34.2978],[-77.771,34.3179],[-77.7703,34.3221],[-77.7748,34.325],[-77.7655,34.3373],[-77.7463,34.3488],[-77.7377,34.3466],[-77.7339,34.3486],[-77.7185,34.3601],[-77.7173,34.3653],[-77.7083,34.3702],[-77.709,34.378],[-77.7002,34.3776],[-77.695,34.3817],[-77.7008,34.3888],[-77.6902,34.3913],[-77.6751,34.4044],[-77.6678,34.407],[-77.679,34.416],[-77.6797,34.4206],[-77.6735,34.4288],[-77.6519,34.4218],[-77.6463,34.4237],[-77.6381,34.4304],[-77.6401,34.4361],[-77.6358,34.4405],[-77.6364,34.444],[-77.6203,34.454],[-77.6229,34.4586],[-77.6198,34.4637],[-77.6097,34.4657],[-77.6021,34.4619],[-77.584,34.4681],[-77.5826,34.4734],[-77.5919,34.4803],[-77.5892,34.4884],[-77.5792,34.4895],[-77.572,34.4951],[-77.567,34.4946],[-77.5567,34.5011],[-77.5397,34.5058],[-77.5217,34.5169],[-77.5076,34.5203],[-77.5043,34.5384],[-77.4873,34.5761],[-77.4792,34.5876],[-77.4851,34.6186],[-77.4723,34.6283],[-77.4706,34.6348],[-77.4628,34.6361],[-77.4834,34.6484],[-77.4991,34.6449],[-77.5048,34.6477],[-77.5032,34.6559],[-77.5094,34.6595],[-77.5004,34.6697],[-77.5033,34.6778],[-77.5133,34.6818],[-77.5242,34.681],[-77.5233,34.6842],[-77.5287,34.6864],[-77.5369,34.6824],[-77.5386,34.6745],[-77.5482,34.6827],[-77.5512,34.6794],[-77.5563,34.6816],[-77.5573,34.6929],[-77.5637,34.697],[-77.583,34.6966],[-77.5888,34.6999],[-77.5904,34.7058],[-77.6002,34.7101],[-77.6075,34.7086],[-77.6219,34.7158],[-77.6318,34.7146],[-77.628,34.725],[-77.6244,34.7267],[-77.6197,34.7467],[-77.6129,34.7515],[-77.6018,34.7438],[-77.5956,34.7498],[-77.5993,34.7577],[-77.5966,34.7725],[-77.6035,34.7758],[-77.6055,34.7829],[-77.6216,34.7995],[-77.6234,34.8105],[-77.6194,34.8221],[-77.6049,34.8368],[-77.6037,34.8444],[-77.5959,34.8473],[-77.6005,34.8607],[-77.6155,34.8691],[-77.6203,34.8851],[-77.6326,34.888],[-77.6426,34.8958],[-77.6419,34.902],[-77.6466,34.9042],[-77.6468,34.9155],[-77.6546,34.9234],[-77.6516,34.9285],[-77.6542,34.9404],[-77.6721,34.9572],[-77.6924,34.9872],[-77.6959,34.988],[-77.6953,34.9911],[-77.7263,35.0001],[-77.7341,35.0075],[-77.7372,35.0157],[-77.7477,35.0222],[-77.7473,35.0281],[-77.7376,35.0355],[-77.7397,35.0397],[-77.7374,35.0454],[-77.753,35.0494],[-77.7571,35.0548],[-77.7521,35.0586],[-77.749,35.0851],[-77.7417,35.0885],[-77.7413,35.0953],[-77.7473,35.1003],[-77.7517,35.1126],[-77.7454,35.1222],[-77.7605,35.1298],[-77.7674,35.1282],[-77.771,35.1414],[-77.7676,35.1512],[-77.7896,35.1601],[-77.8058,35.1748],[-77.8324,35.1759],[-77.8379,35.1814],[-77.8391,35.1984],[-77.8497,35.2085],[-77.8641,35.21],[-77.8735,35.2075],[-77.8864,35.2191],[-77.8992,35.2208],[-77.9043,35.227],[-77.9126,35.2292],[-77.919,35.2264],[-77.939,35.2265],[-77.9433,35.2315],[-77.9522,35.2319],[-77.9593,35.2276],[-77.9691,35.2271],[-77.9764,35.2308],[-77.987,35.2301],[-77.9885,35.2336],[-78.0056,35.2399]]]},"properties":{"huc8":"03030007","name":"Northeast Cape Fear"}},{"type":"Feature","geometry":{"type":"Polygon","coordinates":[[[-77.7041,36.5408],[-77.7059,36.5354],[-77.7093,36.5361],[-77.7137,36.5316],[-77.7142,36.521],[-77.7034,36.5213],[-77.6786,36.5112],[-77.6752,36.4976],[-77.6675,36.4922],[-77.6748,36.486],[-77.6724,36.471],[-77.6884,36.464],[-77.6894,36.4728],[-77.7008,36.4727],[-77.7091,36.4653],[-77.7207,36.4689],[-77.7235,36.4634],[-77.7386,36.4606],[-77.7453,36.4475],[-77.7597,36.4438],[-77.7637,36.4374],[-77.7702,36.4343],[-77.7677,36.43],[-77.7758,36.4276],[-77.7725,36.4178],[-77.7508,36.4191],[-77.7489,36.4133],[-77.7534,36.4075],[-77.7491,36.3988],[-77.7396,36.391],[-77.7258,36.3873],[-77.7207,36.3812],[-77.7162,36.3827],[-77.7105,36.3784],[-77.6949,36.3768],[-77.6889,36.3711],[-77.6766,36.373],[-77.6783,36.3669],[-77.6728,36.364],[-77.6682,36.3503],[-77.6609,36.3494],[-77.6502,36.333],[-77.6346,36.3286],[-77.6355,36.3242],[-77.6233,36.318],[-77.623,36.3099],[-77.6164,36.3081],[-77.615,36.3114],[-77.6098,36.3118],[-77.6039,36.3053],[-77.6012,36.3109],[-77.592,36.3064],[-77.5912,36.298],[-77.5946,36.2942],[-77.5971,36.2795],[-77.5881,36.2678],[-77.5897,36.2473],[-77.595,36.2445],[-77.6004,36.2486],[-77.616,36.2275],[-77.6121,36.2209],[-77.5976,36.2137],[-77.6035,36.2056],[-77.6024,36.2014],[-77.5943,36.1964],[-77.5832,36.1962],[-77.5727,36.1874],[-77.5495,36.2024],[-77.5454,36.2006],[-77.5323,36.2037],[-77.5293,36.2142],[-77.5211,36.2224],[-77.5068,36.2267],[-77.4877,36.2204],[-77.4851,36.2117],[-77.4743,36.2007],[-77.4575,36.201],[-77.4476,36.1844],[-77.4529,36.1745],[-77.4516,36.1683],[-77.4475,36.168],[-77.4447,36.1585],[-77.4342,36.1587],[-77.4348,36.1534],[-77.4267,36.1514],[-77.4246,36.1443],[-77.4195,36.14],[-77.4216,36.1312],[-77.4177,36.1263],[-77.4072,36.1239],[-77.4139,36.1088],[-77.4127,36.0992],[-77.4053,36.0866],[-77.3945,36.0832],[-77.3723,36.0827],[-77.3602,36.0775],[-77.3627,36.0723],[-77.3598,36.0618],[-77.3659,36.0575],[-77.3667,36.0426],[-77.3705,36.0368],[-77.3785,36.0284],[-77.3908,36.0305],[-77.3947,36.0276],[-77.3889,36.0183],[-77.391,36.0152],[-77.4059,36.0174],[-77.4107,36.0123],[-77.4024,36.0075],[-77.3976,36.0003],[-77.3884,35.9978],[-77.3859,35.9819],[-77.3906,35.9696],[-77.3821,35.9675],[-77.3796,35.9578],[-77.3759,35.9556],[-77.3738,35.9405],[-77.347,35.9401],[-77.3382,35.9259],[-77.3298,35.9209],[-77.3191,35.9218],[-77.3144,35.9135],[-77.3054,35.9094],[-77.3004,35.8994],[-77.268,35.9068],[-77.2595,35.9058],[-77.2514,35.9113],[-77.2023,35.8835],[-77.1876,35.8819],[-77.1785,35.8917],[-77.166,35.8876],[-77.1674,35.8779],[-77.1754,35.8633],[-77.167,35.8581],[-77.1671,35.8484],[-77.1521,35.8445],[-77.1466,35.8361],[-77.1435,35.8051],[-77.121,35.7924],[-77.1131,35.7767],[-77.0985,35.7714],[-77.1004,35.764],[-77.1103,35.7561],[-77.0975,35.7448],[-77.0952,35.7247],[-77.0816,35.7079],[-77.0537,35.7024],[-77.0536,35.6945],[-77.0379,35.6852],[-77.0208,35.6851],[-77.0083,35.6768],[-76.9998,35.6759],[-76.9959,35.6724],[-76.9968,35.6639],[-76.9906,35.661],[-76.9809,35.6635],[-76.952,35.6406],[-76.9394,35.6494],[-76.9154,35.6421],[-76.9023,35.6415],[-76.8875,35.6558],[-76.8746,35.6562],[-76.8684,35.6805],[-76.862,35.6854],[-76.8659,35.6911],[-76.8632,35.7003],[-76.8537,35.7069],[-76.837,35.7032],[-76.836,35.7163],[-76.8276,35.7232],[-76.822,35.7223],[-76.811,35.7482],[-76.8038,35.7545],[-76.7832,35.7871],[-76.772,35.7844],[-76.7644,35.7912],[-76.7541,35.7946],[-76.7478,35.7933],[-76.7422,35.7875],[-76.7348,35.8055],[-76.7281,35.8079],[-76.72,35.8232],[-76.6929,35.8361],[-76.6789,35.8363],[-76.6821,35.8454],[-76.6726,35.8461],[-76.6719,35.8593],[-76.6857,35.8652],[-76.6852,35.8727],[-76.671,35.875],[-76.6799,35.8794],[-76.677,35.891],[-76.6658,35.8939],[-76.6676,35.8998],[-76.6588,35.9013],[-76.6582,35.9083],[-76.663,35.9196],[-76.6702,35.9189],[-76.6807,35.9303],[-76.6837,35.9375],[-76.6762,35.9496],[-76.6871,35.967],[-76.7,35.9747],[-76.7256,35.9802],[-76.7612,35.976],[-76.7828,35.9918],[-76.7874,36.0073],[-76.7985,36.0167],[-76.8104,36.0231],[-76.8232,36.0218],[-76.8297,36.0247],[-76.8331,36.0363],[-76.841,36.044],[-76.8298,36.0529],[-76.8321,36.0587],[-76.828,36.0672],[-76.8287,36.0808],[-76.8226,36.0917],[-76.8239,36.1003],[-76.818,36.1066],[-76.8208,36.1169],[-76.8301,36.1187],[-76.8328,36.1222],[-76.8338,36.1359],[-76.8384,36.1412],[-76.85,36.1442],[-76.8668,36.1381],[-76.8731,36.1433],[-76.8816,36.1431],[-76.8891,36.1477],[-76.9125,36.1502],[-76.9177,36.1586],[-76.9232,36.1609],[-76.9241,36.17],[-76.9479,36.1651],[-76.9433,36.156],[-76.9338,36.1568],[-76.9212,36.1501],[-76.9227,36.1406],[-76.9398,36.1265],[-77.0055,36.1363],[-77.0191,36.1431],[-77.0241,36.1528],[-77.0482,36.1586],[-77.0596,36.1647],[-77.0633,36.1704],[-77.0559,36.1761],[-77.0586,36.1856],[-77.0739,36.1899],[-77.0773,36.1959],[-77.0852,36.1989],[-77.0898,36.205],[-77.106,36.2095],[-77.1086,36.2195],[-77.1323,36.2234],[-77.1407,36.2195],[-77.1534,36.2303],[-77.1596,36.2212],[-77.1731,36.2276],[-77.2011,36.2238],[-77.2123,36.2289],[-77.2211,36.2272],[-77.2285,36.219],[-77.2392,36.238],[-77.2531,36.2329],[-77.2735,36.2381],[-77.2795,36.2459],[-77.2718,36.2589],[-77.2825,36.2677],[-77.3118,36.2703],[-77.3169,36.2753],[-77.3279,36.2726],[-77.3362,36.2775],[-77.3587,36.2787],[-77.377,36.2874],[-77.3895,36.2892],[-77.3907,36.2952],[-77.3964,36.2956],[-77.3975,36.2986],[-77.4127,36.2981],[-77.4107,36.3027],[-77.4169,36.3035],[-77.4197,36.3089],[-77.4094,36.3159],[-77.4034,36.3161],[-77.4014,36.3251],[-77.3925,36.3271],[-77.3969,36.3351],[-77.4165,36.3368],[-77.4168,36.3528],[-77.4114,36.3574],[-77.4158,36.3644],[-77.4098,36.3702],[-77.4114,36.3812],[-77.4243,36.3995],[-77.4379,36.4072],[-77.4323,36.4234],[-77.4385,36.4374],[-77.4426,36.4375],[-77.4447,36.4428],[-77.4498,36.4453],[-77.4481,36.4497],[-77.4537,36.4571],[-77.4498,36.4646],[-77.4623,36.4681],[-77.4675,36.4769],[-77.4789,36.4751],[-77.4927,36.4813],[-77.4966,36.4776],[-77.5068,36.4803],[-77.5075,36.4846],[-77.5157,36.4839],[-77.5304,36.4753],[-77.5393,36.4768],[-77.5423,36.4793],[-77.5385,36.4825],[-77.5431,36.4914],[-77.5512,36.4903],[-77.5606,36.4952],[-77.5658,36.4921],[-77.5685,36.5016],[-77.5811,36.4996],[-77.5833,36.5029],[-77.5887,36.5013],[-77.5935,36.5049],[-77.6045,36.5009],[-77.6091,36.5036],[-77.6091,36.5091],[-77.6152,36.5085],[-77.6217,36.5151],[-77.6262,36.5117],[-77.6353,36.5126],[-77.6454,36.5021],[-77.6563,36.5133],[-77.6672,36.5147],[-77.686,36.5332],[-77.7041,36.5408]]]},"properties":{"huc8":"03010107","name":"Lower Roanoke"}},{"type":"Feature","geometry":{"type":"Polygon","coordinates":[[[-77.3588,35.5742],[-77.3763,35.582],[-77.3854,35.5747],[-77.4065,35.569],[-77.4189,35.5718],[-77.437,35.5691],[-77.4436,35.5736],[-77.4686,35.5578],[-77.4732,35.549],[-77.4679,35.5307],[-77.4558,35.512],[-77.4492,35.5084],[-77.4472,35.4803],[-77.4351,35.4756],[-77.4358,35.4666],[-77.429,35.4669],[-77.4233,35.4616],[-77.4294,35.4572],[-77.4453,35.4578],[-77.4489,35.4479],[-77.446,35.4367],[-77.4498,35.4339],[-77.4378,35.428],[-77.4347,35.4028],[-77.4296,35.4007],[-77.4285,35.3959],[-77.4149,35.3923],[-77.4143,35.3829],[-77.4243,35.3801],[-77.4294,35.3749],[-77.422,35.3692],[-77.4038,35.3699],[-77.4056,35.3662],[-77.3976,35.3639],[-77.3979,35.3593],[-77.3856,35.3447],[-77.3874,35.3415],[-77.3912,35.3403],[-77.3947,35.3442],[-77.409,35.3462],[-77.4158,35.3433],[-77.4294,35.3462],[-77.4405,35.343],[-77.4526,35.3474],[-77.4568,35.3453],[-77.4643,35.3497],[-77.4678,35.3448],[-77.4743,35.3523],[-77.5003,35.3577],[-77.5209,35.352],[-77.5289,35.3566],[-77.5614,35.3588],[-77.5817,35.3577],[-77.6033,35.3499],[-77.6263,35.353],[-77.6311,35.3455],[-77.6419,35.3388],[-77.6538,35.3375],[-77.6608,35.3447],[-77.6674,35.3427],[-77.6679,35.3381],[-77.6748,35.3381],[-77.6944,35.3453],[-77.7042,35.3715],[-77.7034,35.3873],[-77.719,35.3887],[-77.7345,35.3833],[-77.748,35.39],[-77.7658,35.3923],[-77.7625,35.3993],[-77.7637,35.4063],[-77.7727,35.4121],[-77.7739,35.4181],[-77.7709,35.4228],[-77.7742,35.4258],[-77.7809,35.4244],[-77.7925,35.4312],[-77.8079,35.4278],[-77.8167,35.432],[-77.8232,35.4289],[-77.8272,35.4365],[-77.8341,35.4403],[-77.8519,35.4325],[-77.8617,35.4367],[-77.8905,35.4373],[-77.8962,35.4347],[-77.933,35.4486],[-77.9467,35.4459],[-77.9489,35.4562],[-77.9574,35.4575],[-77.9615,35.4635],[-77.9709,35.4602],[-77.9836,35.4639],[-77.9839,35.4452],[-77.9969,35.4444],[-77.9935,35.4395],[-77.9957,35.4312],[-77.985,35.4317],[-77.9782,35.427],[-77.9928,35.4144],[-77.9746,35.4054],[-77.972,35.3919],[-77.9873,35.379],[-77.9879,35.3715],[-78.0015,35.3641],[-78.0012,35.356],[-78.006,35.3446],[-77.9973,35.3368],[-78.0049,35.3339],[-78.0,35.3183],[-77.993,35.314],[-77.9865,35.3033],[-77.988,35.3006],[-77.9826,35.299],[-77.9749,35.2736],[-77.9761,35.2707],[-77.9865,35.2745],[-78.0031,35.2697],[-78.0154,35.2739],[-78.0154,35.2671],[-78.0201,35.2646],[-78.016,35.2595],[-78.0169,35.253],[-78.0074,35.2401],[-77.9989,35.239],[-77.9861,35.2299],[-77.9764,35.2308],[-77.9655,35.2269],[-77.9538,35.2318],[-77.9441,35.2317],[-77.9388,35.2265],[-77.919,35.2264],[-77.9126,35.2292],[-77.9043,35.227],[-77.8992,35.2208],[-77.8864,35.2191],[-77.8735,35.2075],[-77.8641,35.21],[-77.8497,35.2085],[-77.8391,35.1984],[-77.8379,35.1814],[-77.8324,35.1759],[-77.8058,35.1748],[-77.7896,35.1601],[-77.7676,35.1512],[-77.771,35.1414],[-77.7667,35.1273],[-77.7605,35.1298],[-77.7458,35.1231],[-77.7482,35.1174],[-77.7083,35.108],[-77.6981,35.1177],[-77.6878,35.1222],[-77.674,35.1179],[-77.6447,35.1215],[-77.6367,35.1384],[-77.6402,35.1489],[-77.6312,35.1632],[-77.628,35.1655],[-77.6158,35.1633],[-77.61,35.1667],[-77.6074,35.1742],[-77.5884,35.175],[-77.5772,35.1711],[-77.561,35.1784],[-77.5449,35.1784],[-77.5236,35.1879],[-77.473,35.1889],[-77.4555,35.1976],[-77.4503,35.1944],[-77.4466,35.1839],[-77.4381,35.184],[-77.4114,35.1735],[-77.3824,35.1409],[-77.3684,35.149],[-77.3602,35.1502],[-77.3144,35.1385],[-77.2987,35.1332],[-77.2831,35.1232],[-77.2705,35.1234],[-77.2487,35.1135],[-77.2456,35.108],[-77.2449,35.0745],[-77.2413,35.0689],[-77.2436,35.0634],[-77.239,35.055],[-77.2297,35.0514],[-77.2214,35.0518],[-77.2219,35.0548],[-77.2081,35.0687],[-77.2001,35.0822],[-77.1721,35.1099],[-77.1599,35.1064],[-77.1521,35.1144],[-77.1249,35.118],[-77.1167,35.1245],[-77.1028,35.1282],[-77.0896,35.1418],[-77.0802,35.1426],[-77.071,35.155],[-77.0547,35.1679],[-77.0626,35.181],[-77.0569,35.1831],[-77.045,35.1963],[-77.0204,35.1962],[-77.0219,35.2056],[-77.0189,35.2164],[-77.012,35.2233],[-77.0058,35.2243],[-76.9987,35.2326],[-76.9801,35.2332],[-76.963,35.2292],[-76.9487,35.2321],[-76.9425,35.228],[-76.9281,35.2451],[-76.911,35.2551],[-76.924,35.2649],[-76.9183,35.2803],[-76.9225,35.2845],[-76.9177,35.2946],[-76.9234,35.3145],[-76.9393,35.3123],[-76.9436,35.3145],[-76.9425,35.3182],[-76.9487,35.3177],[-76.9591,35.3059],[-76.9591,35.3002],[-76.9624,35.2994],[-76.9793,35.3054],[-77.0217,35.3309],[-77.0418,35.3487],[-77.0686,35.3614],[-77.0787,35.3695],[-77.0906,35.3841],[-77.0918,35.3994],[-77.105,35.4065],[-77.1185,35.4233],[-77.1286,35.4284],[-77.1239,35.4526],[-77.1372,35.4485],[-77.1485,35.4502],[-77.1601,35.4783],[-77.1728,35.4797],[-77.1801,35.4754],[-77.195,35.475],[-77.2008,35.4717],[-77.2097,35.4802],[-77.2324,35.4821],[-77.2346,35.4904],[-77.2452,35.4858],[-77.2518,35.4935],[-77.2683,35.501],[-77.2884,35.4936],[-77.2955,35.5125],[-77.3017,35.5147],[-77.3066,35.5234],[-77.3063,35.5294],[-77.3409,35.5364],[-77.3393,35.5417],[-77.3458,35.5615],[-77.3541,35.573],[-77.3588,35.5742]]]},"properties":{"huc8":"03020202","name":"Middle Neuse"}},{"type":"Feature","geometry":{"type":"Polygon","coordinates":[[[-77.3883,35.9683],[-77.3912,35.9722],[-77.4071,35.9658],[-77.4119,35.9569],[-77.4226,35.953],[-77.4253,35.949],[-77.4391,35.952],[-77.4415,35.939],[-77.4695,35.9389],[-77.4835,35.9301],[-77.4867,35.9305],[-77.4837,35.933],[-77.4881,35.9401],[-77.4959,35.9419],[-77.5059,35.9383],[-77.511,35.942],[-77.5186,35.9391],[-77.5195,35.9423],[-77.5297,35.9412],[-77.5312,35.9353],[-77.5372,35.9303],[-77.5346,35.9223],[-77.5457,35.9161],[-77.5511,35.9221],[-77.5727,35.9302],[-77.5838,35.9229],[-77.5854,35.917],[-77.5909,35.9132],[-77.5854,35.9076],[-77.5911,35.9004],[-77.5806,35.8805],[-77.5835,35.8787],[-77.5839,35.8687],[-77.5882,35.8675],[-77.6144,35.8839],[-77.6265,35.8864],[-77.6312,35.9047],[-77.6374,35.9093],[-77.6548,35.9066],[-77.6619,35.9178],[-77.6923,35.9225],[-77.7075,35.9215],[-77.7249,35.9273],[-77.7375,35.9219],[-77.7518,35.9248],[-77.7587,35.9213],[-77.766,35.9248],[-77.7706,35.9215],[-77.7871,35.928],[-77.7993,35.9288],[-77.8056,35.9243],[-77.8188,35.9233],[-77.8231,35.9142],[-77.8201,35.9047],[-77.8257,35.9015],[-77.8322,35.8887],[-77.8418,35.8863],[-77.841,35.8808],[-77.8503,35.8779],[-77.8621,35.8792],[-77.8738,35.8727],[-77.8939,35.8456],[-77.9165,35.835],[-77.9182,35.8263],[-77.9086,35.8194],[-77.9076,35.8051],[-77.9017,35.8027],[-77.9031,35.7861],[-77.8993,35.781],[-77.8987,35.7729],[-77.8867,35.7716],[-77.8748,35.7643],[-77.8674,35.7544],[-77.8552,35.7473],[-77.8444,35.7321],[-77.8309,35.7298],[-77.8244,35.7255],[-77.8,35.7345],[-77.7702,35.7352],[-77.7566,35.7454],[-77.7435,35.7405],[-77.7213,35.7452],[-77.7203,35.7367],[-77.726,35.7329],[-77.732,35.7119],[-77.7292,35.7049],[-77.712,35.7047],[-77.6972,35.6978],[-77.6927,35.7003],[-77.6727,35.6992],[-77.6525,35.6932],[-77.6499,35.6893],[-77.6432,35.6881],[-77.6399,35.674],[-77.6309,35.6715],[-77.6287,35.675],[-77.623,35.6701],[-77.6179,35.6713],[-77.6008,35.6638],[-77.5853,35.6629],[-77.5645,35.6544],[-77.5588,35.6434],[-77.5427,35.6288],[-77.5055,35.6398],[-77.4974,35.6324],[-77.4866,35.6281],[-77.4869,35.6255],[-77.4754,35.6251],[-77.473,35.628],[-77.4546,35.6083],[-77.4548,35.5888],[-77.441,35.5707],[-77.4343,35.5688],[-77.4189,35.5718],[-77.4065,35.569],[-77.3854,35.5747],[-77.3763,35.582],[-77.355,35.5736],[-77.3438,35.5569],[-77.3393,35.5417],[-77.3409,35.5364],[-77.3063,35.5294],[-77.3066,35.5234],[-77.3017,35.5147],[-77.2955,35.5125],[-77.2884,35.4936],[-77.2683,35.501],[-77.2518,35.4935],[-77.2452,35.4858],[-77.2346,35.4904],[-77.2324,35.4821],[-77.2097,35.4802],[-77.2008,35.4717],[-77.1643,35.4803],[-77.1573,35.4758],[-77.1485,35.4502],[-77.1372,35.4485],[-77.1239,35.4526],[-77.1181,35.4768],[-77.124,35.4949],[-77.123,35.5021],[-77.1194,35.5058],[-77.113,35.5061],[-77.1074,35.5148],[-77.1176,35.5222],[-77.1111,35.5327],[-77.0862,35.549],[-77.0818,35.5609],[-77.0839,35.5645],[-77.0745,35.5666],[-77.0618,35.5563],[-77.0302,35.5706],[-77.0287,35.5807],[-77.0099,35.599],[-77.0,35.5977],[-76.9907,35.5917],[-76.9861,35.598],[-76.9859,35.6063],[-76.9786,35.6072],[-76.9724,35.6215],[-76.952,35.6406],[-76.9809,35.6635],[-76.9906,35.661],[-76.9968,35.6639],[-76.9959,35.6724],[-76.9998,35.6759],[-77.0083,35.6768],[-77.0208,35.6851],[-77.0379,35.6852],[-77.0536,35.6945],[-77.0537,35.7024],[-77.0766,35.7054],[-77.0829,35.7089],[-77.0952,35.7247],[-77.0975,35.7448],[-77.1103,35.7561],[-77.1004,35.764],[-77.0985,35.7714],[-77.1131,35.7767],[-77.121,35.7924],[-77.1435,35.8051],[-77.1466,35.8361],[-77.1521,35.8445],[-77.1671,35.8484],[-77.167,35.8581],[-77.1754,35.8633],[-77.1674,35.8779],[-77.166,35.8876],[-77.1785,35.8917],[-77.1876,35.8819],[-77.2023,35.8835],[-77.2514,35.9113],[-77.2595,35.9058],[-77.268,35.9068],[-77.3004,35.8994],[-77.3054,35.9094],[-77.3144,35.9135],[-77.3191,35.9218],[-77.3298,35.9209],[-77.3382,35.9259],[-77.347,35.9401],[-77.3725,35.9395],[-77.3761,35.9453],[-77.3759,35.9556],[-77.3796,35.9578],[-77.3821,35.9675],[-77.3883,35.9683]]]},"properties":{"huc8":"03020103","name":"Lower Tar"}},{"type":"Feature","geometry":{"type":"Polygon","coordinates":[[[-78.993,36.3895],[-79.0033,36.3993],[-79.0065,36.3985],[-79.0137,36.3855],[-79.0134,36.3782],[-79.02,36.3694],[-79.0326,36.3595],[-79.0461,36.3541],[-79.0511,36.3444],[-79.048,36.3415],[-79.0538,36.3325],[-79.0515,36.3285],[-79.0687,36.3208],[-79.084,36.308],[-79.1002,36.3057],[-79.1062,36.2964],[-79.1202,36.2895],[-79.1254,36.2751],[-79.1168,36.2628],[-79.1174,36.2586],[-79.1244,36.2556],[-79.1305,36.2468],[-79.1266,36.242],[-79.1283,36.2394],[-79.1228,36.2353],[-79.1284,36.2265],[-79.1327,36.2283],[-79.1369,36.2207],[-79.1423,36.2185],[-79.1624,36.2213],[-79.1738,36.2137],[-79.1832,36.2188],[-79.1842,36.225],[-79.1941,36.2274],[-79.1985,36.2197],[-79.2064,36.2168],[-79.2013,36.202],[-79.2049,36.1937],[-79.202,36.1796],[-79.2084,36.1667],[-79.2039,36.1646],[-79.199,36.1548],[-79.2053,36.1427],[-79.2114,36.14],[-79.2012,36.1126],[-79.2164,36.1064],[-79.2129,36.0915],[-79.2234,36.0843],[-79.2239,36.072],[-79.2287,36.0707],[-79.2219,36.0608],[-79.2196,36.0445],[-79.2089,36.0402],[-79.2,36.0271],[-79.1936,36.0273],[-79.189,36.0344],[-79.1757,36.0339],[-79.1701,36.0372],[-79.1659,36.0356],[-79.1615,36.0248],[-79.1402,36.0241],[-79.1359,36.0212],[-79.1373,36.0182],[-79.1324,36.0162],[-79.1125,36.0178],[-79.1076,36.026],[-79.1008,36.0298],[-79.0958,36.0256],[-79.0901,36.03],[-79.085,36.029],[-79.0781,36.0262],[-79.0744,36.0195],[-79.0777,36.0097],[-79.0658,36.0139],[-79.0588,36.0118],[-79.052,36.0196],[-79.0497,36.0154],[-79.0399,36.0162],[-79.0343,36.0134],[-79.0068,36.0247],[-78.9884,36.0181],[-78.9629,36.027],[-78.9521,36.0183],[-78.9469,36.0193],[-78.9346,36.0145],[-78.9274,36.0063],[-78.915,36.0051],[-78.9155,35.9972],[-78.9001,35.9958],[-78.8879,35.9825],[-78.8703,35.978],[-78.8658,35.9731],[-78.8673,35.9694],[-78.8549,35.9632],[-78.8518,35.9506],[-78.845,35.9481],[-78.8378,35.9503],[-78.8375,35.9428],[-78.842,35.9424],[-78.8427,35.9376],[-78.8536,35.9279],[-78.851,35.9085],[-78.8531,35.9025],[-78.8486,35.8933],[-78.8511,35.8872],[-78.8489,35.8847],[-78.8565,35.877],[-78.8547,35.869],[-78.8486,35.8673],[-78.8486,35.8629],[-78.8448,35.8612],[-78.8419,35.8421],[-78.8623,35.8333],[-78.8631,35.8254],[-78.8692,35.8235],[-78.8727,35.8179],[-78.8699,35.8124],[-78.8701,35.7998],[-78.8569,35.7918],[-78.86,35.7877],[-78.849,35.7819],[-78.8473,35.774],[-78.8409,35.7668],[-78.8464,35.7546],[-78.8526,35.7514],[-78.8486,35.739],[-78.8529,35.7256],[-78.8499,35.7176],[-78.8418,35.7164],[-78.8348,35.7079],[-78.8307,35.6931],[-78.8346,35.6916],[-78.8358,35.683],[-78.8315,35.6804],[-78.8296,35.6719],[-78.8368,35.6603],[-78.8466,35.6566],[-78.8424,35.654],[-78.8354,35.6552],[-78.8323,35.6522],[-78.8329,35.6461],[-78.8407,35.6416],[-78.8488,35.6418],[-78.8462,35.6363],[-78.8509,35.6342],[-78.8521,35.6294],[-78.8409,35.6228],[-78.8434,35.6199],[-78.84,35.6169],[-78.8437,35.6121],[-78.842,35.6038],[-78.8341,35.5963],[-78.8303,35.5988],[-78.8189,35.5959],[-78.8037,35.6016],[-78.793,35.5924],[-78.774,35.591],[-78.7658,35.5636],[-78.7539,35.5584],[-78.7572,35.5448],[-78.7497,35.5438],[-78.7396,35.5314],[-78.7258,35.5264],[-78.7242,35.5211],[-78.712,35.5231],[-78.7078,35.5184],[-78.7012,35.5208],[-78.6854,35.5141],[-78.6883,35.503],[-78.6798,35.4995],[-78.6786,35.4957],[-78.6622,35.4977],[-78.6558,35.4907],[-78.6544,35.4838],[-78.6486,35.4815],[-78.6504,35.4713],[-78.6394,35.4612],[-78.6325,35.462],[-78.6257,35.4575],[-78.6158,35.4471],[-78.6161,35.4401],[-78.6101,35.4347],[-78.598,35.4301],[-78.588,35.4302],[-78.5885,35.4367],[-78.5855,35.4373],[-78.5803,35.4374],[-78.5718,35.4315],[-78.5662,35.4333],[-78.5589,35.4199],[-78.5549,35.4015],[-78.556,35.3798],[-78.5531,35.371],[-78.5464,35.3676],[-78.5467,35.3622],[-78.532,35.358],[-78.5167,35.3691],[-78.5102,35.369],[-78.5037,35.3632],[-78.5024,35.3543],[-78.4939,35.3478],[-78.5061,35.3281],[-78.5154,35.3232],[-78.5136,35.3164],[-78.508,35.3124],[-78.5204,35.312],[-78.529,35.3006],[-78.5294,35.2952],[-78.5205,35.2857],[-78.5191,35.2795],[-78.5077,35.2708],[-78.4984,35.2695],[-78.4852,35.2557],[-78.4658,35.2531],[-78.4523,35.2579],[-78.435,35.2526],[-78.4206,35.2544],[-78.4153,35.2499],[-78.3987,35.2467],[-78.3848,35.257],[-78.3723,35.26],[-78.3689,35.267],[-78.3599,35.2699],[-78.3484,35.28],[-78.3463,35.2855],[-78.3312,35.2849],[-78.3221,35.2793],[-78.3213,35.2739],[-78.3043,35.2723],[-78.2803,35.249],[-78.2723,35.2451],[-78.2727,35.2421],[-78.2606,35.2314],[-78.2441,35.2215],[-78.2213,35.2119],[-78.2111,35.2174],[-78.1829,35.2137],[-78.1766,35.2223],[-78.1712,35.2233],[-78.1628,35.2164],[-78.1576,35.2025],[-78.132,35.2059],[-78.1143,35.2018],[-78.1126,35.1894],[-78.1071,35.1785],[-78.0937,35.1739],[-78.0735,35.1799],[-78.0674,35.1925],[-78.0714,35.205],[-78.0666,35.2097],[-78.0566,35.2125],[-78.0526,35.2215],[-78.0297,35.2278],[-78.0133,35.2212],[-78.0074,35.2401],[-78.0169,35.253],[-78.016,35.2595],[-78.02,35.2642],[-78.0153,35.2673],[-78.0165,35.2732],[-78.0026,35.2697],[-77.9865,35.2745],[-77.9761,35.2707],[-77.9747,35.2752],[-77.9826,35.299],[-77.988,35.3006],[-77.9865,35.3033],[-77.993,35.314],[-78.0,35.3183],[-78.0049,35.3339],[-77.9973,35.3368],[-78.006,35.3446],[-78.0012,35.356],[-78.0015,35.3641],[-77.9879,35.3715],[-77.9873,35.379],[-77.972,35.3919],[-77.9746,35.4054],[-77.9928,35.4144],[-77.9782,35.427],[-77.985,35.4317],[-77.9957,35.4313],[-77.9935,35.4395],[-77.9969,35.4444],[-77.9837,35.4459],[-77.9834,35.4846],[-77.9893,35.4914],[-78.002,35.4935],[-78.0009,35.4995],[-78.0117,35.4961],[-78.0324,35.5006],[-78.0415,35.5093],[-78.0498,35.5076],[-78.0483,35.4955],[-78.0798,35.5037],[-78.0825,35.5078],[-78.1028,35.5063],[-78.1096,35.4995],[-78.1275,35.505],[-78.1261,35.513],[-78.1293,35.5184],[-78.1048,35.5361],[-78.1007,35.5564],[-78.0908,35.5615],[-78.0983,35.5687],[-78.0943,35.5753],[-78.0997,35.5797],[-78.0968,35.5909],[-78.0907,35.592],[-78.0945,35.6231],[-78.0877,35.6294],[-78.0883,35.643],[-78.1036,35.6429],[-78.1191,35.6504],[-78.1253,35.6496],[-78.1432,35.6374],[-78.1534,35.6378],[-78.1731,35.6499],[-78.1796,35.6578],[-78.1762,35.6703],[-78.1893,35.6744],[-78.1861,35.6831],[-78.1924,35.6842],[-78.1927,35.6875],[-78.1987,35.6912],[-78.2078,35.6939],[-78.212,35.6854],[-78.2191,35.686],[-78.2214,35.6908],[-78.2313,35.6956],[-78.2279,35.7005],[-78.2327,35.7061],[-78.2455,35.7016],[-78.2519,35.6939],[-78.2557,35.6968],[-78.2506,35.7031],[-78.25,35.7105],[-78.2581,35.7252],[-78.2543,35.7422],[-78.2578,35.7435],[-78.26,35.7559],[-78.2742,35.7637],[-78.2749,35.7711],[-78.27,35.777],[-78.2653,35.7946],[-78.2763,35.8069],[-78.2833,35.8092],[-78.2959,35.8057],[-78.3015,35.8104],[-78.3061,35.8072],[-78.3142,35.808],[-78.3169,35.8213],[-78.322,35.8234],[-78.3233,35.841],[-78.3293,35.8437],[-78.3395,35.8556],[-78.3309,35.8795],[-78.3393,35.8859],[-78.3484,35.8878],[-78.3479,35.8964],[-78.3537,35.9019],[-78.356,35.9116],[-78.3557,35.918],[-78.3481,35.9246],[-78.356,35.9339],[-78.3544,35.9405],[-78.3582,35.9502],[-78.3737,35.9539],[-78.3788,35.9732],[-78.3856,35.9827],[-78.4314,36.0025],[-78.4372,36.0094],[-78.4376,36.0174],[-78.449,36.0194],[-78.4591,36.0268],[-78.4656,36.0235],[-78.4786,36.0264],[-78.4815,36.0339],[-78.4898,36.0386],[-78.5028,36.0395],[-78.5015,36.0535],[-78.5159,36.0674],[-78.5374,36.0677],[-78.5408,36.0719],[-78.5363,36.084],[-78.5418,36.0858],[-78.5482,36.0942],[-78.551,36.1061],[-78.5586,36.1065],[-78.5638,36.1127],[-78.5745,36.1141],[-78.5766,36.1229],[-78.5739,36.1273],[-78.577,36.1308],[-78.5729,36.1371],[-78.5793,36.1458],[-78.5803,36.1425],[-78.5892,36.1415],[-78.6015,36.1506],[-78.6107,36.1503],[-78.612,36.1582],[-78.6217,36.158],[-78.6282,36.1618],[-78.6305,36.1685],[-78.6417,36.1643],[-78.6557,36.1766],[-78.659,36.1833],[-78.6711,36.1826],[-78.6822,36.186],[-78.6848,36.1953],[-78.6806,36.1979],[-78.6819,36.2062],[-78.7058,36.2114],[-78.7078,36.2169],[-78.7234,36.2169],[-78.7255,36.2228],[-78.7453,36.2277],[-78.7496,36.2321],[-78.7494,36.2383],[-78.7596,36.2417],[-78.7592,36.2505],[-78.765,36.2549],[-78.7639,36.2591],[-78.7679,36.263],[-78.7668,36.2704],[-78.7806,36.2756],[-78.7829,36.2851],[-78.7907,36.2811],[-78.7993,36.2839],[-78.8083,36.2803],[-78.8178,36.26],[-78.8308,36.2552],[-78.8293,36.2591],[-78.8371,36.2617],[-78.8377,36.2676],[-78.843,36.2683],[-78.8472,36.2821],[-78.8596,36.2869],[-78.8528,36.2918],[-78.8523,36.2979],[-78.8435,36.3012],[-78.8442,36.3177],[-78.838,36.3243],[-78.842,36.3333],[-78.8398,36.338],[-78.8455,36.3384],[-78.8484,36.3462],[-78.8625,36.3526],[-78.8667,36.3579],[-78.8683,36.3635],[-78.8633,36.3719],[-78.8669,36.3765],[-78.8703,36.3773],[-78.8835,36.3667],[-78.9021,36.369],[-78.903,36.3716],[-78.911,36.3681],[-78.9176,36.3692],[-78.9324,36.3771],[-78.9357,36.3862],[-78.9318,36.3896],[-78.9376,36.3936],[-78.9585,36.3821],[-78.9648,36.3804],[-78.9682,36.3836],[-78.9684,36.3798],[-78.9785,36.3743],[-78.9845,36.3788],[-78.9857,36.3838],[-78.9927,36.3846],[-78.993,36.3895]]]},"properties":{"huc8":"03020201","name":"Upper Neuse"}},{"type":"Feature","geometry":{"type":"Polygon","coordinates":[[[-81.6941,36.1465],[-81.7044,36.1461],[-81.7092,36.1421],[-81.7124,36.1313],[-81.7222,36.1191],[-81.7267,36.1233],[-81.7376,36.1235],[-81.7502,36.1192],[-81.7623,36.1212],[-81.8019,36.1089],[-81.8376,36.1154],[-81.8406,36.1242],[-81.8383,36.1274],[-81.8447,36.1295],[-81.8541,36.1229],[-81.8544,36.1179],[-81.8588,36.1151],[-81.8656,36.1147],[-81.8694,36.1224],[-81.8756,36.125],[-81.8881,36.114],[-81.8903,36.097],[-81.8836,36.0905],[-81.8877,36.0796],[-81.8943,36.0745],[-81.8966,36.0634],[-81.9075,36.0634],[-81.9145,36.068],[-81.9293,36.0602],[-81.9383,36.0627],[-81.9428,36.061],[-81.9352,36.0543],[-81.9372,36.0457],[-81.954,36.0336],[-81.9624,36.0166],[-81.9603,36.0149],[-81.9637,36.0132],[-81.9636,36.0074],[-81.9552,36.0062],[-81.9532,36.0025],[-81.9553,36.0008],[-81.9506,35.9943],[-81.951,35.9882],[-81.9564,35.9843],[-81.9556,35.9771],[-81.9649,35.9723],[-81.954,35.9634],[-81.9591,35.9606],[-81.9637,35.9469],[-81.9633,35.9388],[-81.9548,35.9324],[-81.9545,35.9269],[-81.9605,35.9212],[-81.9824,35.9114],[-81.9791,35.9015],[-81.9802,35.8848],[-81.9994,35.8742],[-82.0077,35.8827],[-82.0226,35.8851],[-82.0288,35.8794],[-82.0295,35.868],[-82.0345,35.8614],[-82.0488,35.8529],[-82.075,35.8484],[-82.0996,35.8515],[-82.1022,35.8403],[-82.1167,35.8333],[-82.1215,35.8244],[-82.1333,35.8243],[-82.1422,35.8126],[-82.15,35.8096],[-82.1478,35.804],[-82.1584,35.8014],[-82.1623,35.7973],[-82.1679,35.7876],[-82.1585,35.7799],[-82.1606,35.7744],[-82.1642,35.7728],[-82.1701,35.7607],[-82.1845,35.7534],[-82.1936,35.7348],[-82.1981,35.7361],[-82.2137,35.7243],[-82.2427,35.7127],[-82.258,35.6988],[-82.2755,35.7047],[-82.2892,35.6962],[-82.2949,35.6841],[-82.2841,35.6768],[-82.2804,35.6679],[-82.2866,35.6581],[-82.2857,35.6483],[-82.2817,35.6391],[-82.271,35.6322],[-82.2741,35.6293],[-82.2722,35.6217],[-82.2642,35.6189],[-82.2651,35.6138],[-82.2806,35.6088],[-82.2817,35.603],[-82.2886,35.5985],[-82.2779,35.5883],[-82.2702,35.5877],[-82.2721,35.5818],[-82.2628,35.5725],[-82.2638,35.5681],[-82.2453,35.5583],[-82.2402,35.548],[-82.2316,35.5471],[-82.2265,35.5385],[-82.2125,35.542],[-82.192,35.5392],[-82.1757,35.5487],[-82.151,35.5438],[-82.1237,35.5655],[-82.1203,35.5731],[-82.101,35.5807],[-82.0991,35.5897],[-82.0944,35.5904],[-82.0954,35.5935],[-82.0897,35.5968],[-82.0848,35.5966],[-82.0829,35.6038],[-82.0677,35.6094],[-82.0635,35.6189],[-82.0664,35.6286],[-82.0638,35.6295],[-82.0506,35.6219],[-82.0365,35.6191],[-82.0365,35.6144],[-82.0249,35.613],[-82.0231,35.6061],[-82.0125,35.6051],[-82.0009,35.5957],[-81.9933,35.5943],[-81.9913,35.5988],[-81.9862,35.5906],[-81.9809,35.593],[-81.9712,35.5885],[-81.969,35.5838],[-81.9584,35.5897],[-81.9506,35.5823],[-81.9445,35.5836],[-81.9425,35.5788],[-81.9456,35.5748],[-81.931,35.5689],[-81.9383,35.5579],[-81.9357,35.5508],[-81.9396,35.548],[-81.9389,35.5446],[-81.9345,35.5435],[-81.9292,35.5275],[-81.9241,35.5312],[-81.9094,35.5309],[-81.9051,35.537],[-81.9001,35.537],[-81.8961,35.545],[-81.8937,35.5437],[-81.8899,35.5479],[-81.8908,35.5534],[-81.8961,35.5529],[-81.8994,35.5593],[-81.896,35.5647],[-81.884,35.5717],[-81.8761,35.5705],[-81.8737,35.5735],[-81.8661,35.5696],[-81.8588,35.5743],[-81.8579,35.5799],[-81.8369,35.5839],[-81.832,35.5878],[-81.8231,35.5841],[-81.8184,35.578],[-81.8099,35.5813],[-81.8026,35.5783],[-81.7979,35.581],[-81.7944,35.593],[-81.7722,35.5929],[-81.768,35.5974],[-81.7719,35.602],[-81.7574,35.6094],[-81.7547,35.6156],[-81.7331,35.6177],[-81.7286,35.6229],[-81.7255,35.6386],[-81.7072,35.6529],[-81.6876,35.661],[-81.688,35.6685],[-81.6719,35.6733],[-81.6571,35.6723],[-81.6533,35.6784],[-81.659,35.6812],[-81.658,35.6837],[-81.6393,35.6912],[-81.6356,35.6966],[-81.6213,35.6963],[-81.6113,35.7011],[-81.6059,35.7096],[-81.6122,35.7188],[-81.6086,35.7229],[-81.5909,35.7173],[-81.5828,35.7204],[-81.5693,35.7148],[-81.552,35.7175],[-81.5494,35.7148],[-81.5382,35.7141],[-81.535,35.7182],[-81.5274,35.7193],[-81.5198,35.7162],[-81.5032,35.7164],[-81.5,35.7132],[-81.4825,35.7128],[-81.4744,35.7156],[-81.4658,35.7075],[-81.4367,35.7116],[-81.4248,35.7093],[-81.4047,35.7248],[-81.3934,35.7285],[-81.3727,35.7283],[-81.3682,35.7312],[-81.365,35.7281],[-81.3603,35.7326],[-81.3303,35.7296],[-81.3249,35.7382],[-81.3168,35.7399],[-81.3097,35.7386],[-81.3005,35.7314],[-81.2874,35.7322],[-81.2844,35.7292],[-81.2709,35.7281],[-81.2578,35.7188],[-81.2356,35.7203],[-81.2198,35.7072],[-81.2177,35.6867],[-81.2067,35.6732],[-81.1926,35.6704],[-81.1802,35.6586],[-81.1657,35.654],[-81.1688,35.6479],[-81.1655,35.637],[-81.1601,35.6361],[-81.1495,35.6238],[-81.1416,35.6286],[-81.1276,35.6304],[-81.1264,35.6259],[-81.1175,35.6185],[-81.1143,35.6035],[-81.12,35.5921],[-81.1253,35.5853],[-81.1406,35.5788],[-81.1456,35.5686],[-81.1534,35.5618],[-81.1636,35.5585],[-81.1726,35.5462],[-81.1824,35.5451],[-81.1859,35.5334],[-81.1972,35.526],[-81.1982,35.5129],[-81.2082,35.5028],[-81.2099,35.4906],[-81.206,35.4874],[-81.1989,35.4901],[-81.1869,35.4836],[-81.1832,35.4749],[-81.1715,35.4684],[-81.1745,35.4584],[-81.1565,35.4505],[-81.1569,35.4397],[-81.1482,35.4345],[-81.1491,35.4296],[-81.1454,35.4237],[-81.1219,35.4198],[-81.1211,35.4011],[-81.1014,35.3847],[-81.0994,35.368],[-81.0931,35.3554],[-81.0944,35.3438],[-81.0902,35.332],[-81.0824,35.3252],[-81.0844,35.3176],[-81.0771,35.3081],[-81.0807,35.2986],[-81.0601,35.2832],[-81.0588,35.2754],[-81.0455,35.2689],[-81.0436,35.2504],[-81.0397,35.2464],[-81.0431,35.2395],[-81.0383,35.2332],[-81.0399,35.2279],[-81.0262,35.2027],[-81.0216,35.2033],[-81.0118,35.1963],[-81.01,35.1903],[-81.0121,35.1879],[-81.019,35.1892],[-81.0225,35.1839],[-81.0189,35.1584],[-81.023,35.1567],[-81.0224,35.1523],[-81.0337,35.1488],[-81.0379,35.158],[-81.0493,35.1612],[-81.0566,35.1763],[-81.0558,35.1807],[-81.0659,35.1918],[-81.0647,35.1963],[-81.0834,35.2128],[-81.0845,35.2242],[-81.0947,35.2192],[-81.0991,35.2233],[-81.1055,35.2229],[-81.1144,35.2293],[-81.1155,35.2371],[-81.1255,35.2429],[-81.1353,35.2432],[-81.147,35.251],[-81.1471,35.2581],[-81.1608,35.2631],[-81.1615,35.2691],[-81.1736,35.2637],[-81.1945,35.2677],[-81.2071,35.2609],[-81.2145,35.2702],[-81.2196,35.2689],[-81.2392,35.2807],[-81.2413,35.2871],[-81.266,35.2874],[-81.2749,35.282],[-81.2874,35.2848],[-81.2955,35.2806],[-81.3083,35.2821],[-81.3207,35.2675],[-81.3331,35.2711],[-81.337,35.2666],[-81.3367,35.2565],[-81.3412,35.2453],[-81.3399,35.2415],[-81.3324,35.2385],[-81.334,35.2193],[-81.3266,35.2139],[-81.3173,35.2159],[-81.3183,35.211],[-81.3116,35.2049],[-81.3144,35.1973],[-81.3277,35.1844],[-81.3267,35.1578],[-81.3115,35.141],[-81.3116,35.1305],[-81.3065,35.1239],[-81.3082,35.1173],[-81.2788,35.0836],[-81.2765,35.0775],[-81.2794,35.0627],[-81.275,35.0546],[-81.2657,35.0476],[-81.2516,35.0499],[-81.2476,35.0465],[-81.212,35.0402],[-81.2087,35.0364],[-81.1819,35.0337],[-81.1823,35.0259],[-81.1772,35.017],[-81.1603,34.9995],[-81.1343,34.9947],[-81.1312,34.9977],[-81.1153,34.9982],[-81.0974,35.014],[-81.0717,35.0095],[-81.0558,35.0104],[-81.0451,35.0164],[-81.0385,35.0117],[-81.0179,35.0072],[-81.0063,35.0164],[-81.009,35.0292],[-80.9916,35.0437],[-80.9931,35.0561],[-80.9904,35.0598],[-80.9909,35.0679],[-81.0038,35.0717],[-81.0058,35.0766],[-81.0066,35.0798],[-81.003,35.0828],[-81.0069,35.0879],[-81.005,35.0952],[-81.0091,35.1004],[-81.0039,35.1061],[-81.0105,35.1207],[-81.0059,35.1231],[-80.9956,35.1215],[-80.9931,35.1272],[-80.986,35.1271],[-80.9766,35.1325],[-80.9791,35.1413],[-80.9559,35.1827],[-80.9637,35.2012],[-80.9565,35.2147],[-80.961,35.2244],[-80.9462,35.228],[-80.9378,35.2413],[-80.9263,35.2452],[-80.9177,35.2427],[-80.91,35.252],[-80.8981,35.2514],[-80.8956,35.2619],[-80.8995,35.2702],[-80.8958,35.2741],[-80.8964,35.2814],[-80.8897,35.2869],[-80.8848,35.2976],[-80.8812,35.2973],[-80.8698,35.307],[-80.8632,35.3045],[-80.841,35.3083],[-80.8279,35.3193],[-80.8226,35.3394],[-80.8262,35.3457],[-80.8159,35.3663],[-80.8331,35.3721],[-80.8326,35.3833],[-80.8368,35.3871],[-80.8345,35.3934],[-80.8424,35.4135],[-80.8395,35.4184],[-80.8428,35.4337],[-80.8393,35.4353],[-80.845,35.4441],[-80.8424,35.459],[-80.8587,35.4826],[-80.8542,35.497],[-80.8489,35.497],[-80.8466,35.5051],[-80.8403,35.5076],[-80.837,35.5133],[-80.8496,35.5377],[-80.8466,35.5403],[-80.8461,35.5506],[-80.8302,35.5634],[-80.8268,35.5724],[-80.8025,35.5877],[-80.8224,35.6164],[-80.8304,35.6185],[-80.8232,35.6265],[-80.8243,35.6334],[-80.8412,35.6429],[-80.8469,35.6568],[-80.8518,35.6595],[-80.8554,35.6575],[-80.8617,35.6625],[-80.8633,35.6666],[-80.8568,35.6755],[-80.86,35.6763],[-80.8589,35.6816],[-80.865,35.6898],[-80.873,35.6916],[-80.8792,35.7],[-80.886,35.6997],[-80.8945,35.7072],[-80.892,35.7135],[-80.9105,35.7178],[-80.9195,35.7272],[-80.9243,35.7255],[-80.9325,35.7282],[-80.9389,35.7363],[-80.9488,35.7353],[-80.9645,35.7514],[-80.9735,35.7526],[-80.9772,35.7591],[-80.9868,35.7624],[-80.9896,35.769],[-81.0029,35.7714],[-81.003,35.786],[-81.0172,35.7974],[-81.0235,35.7979],[-81.027,35.8029],[-81.0358,35.8063],[-81.0417,35.8148],[-81.0596,35.8277],[-81.0663,35.8573],[-81.0685,35.8607],[-81.0724,35.8605],[-81.0802,35.8733],[-81.0939,35.8838],[-81.113,35.8788],[-81.1182,35.8822],[-81.1226,35.8988],[-81.1194,35.9061],[-81.1224,35.9118],[-81.13,35.9152],[-81.1514,35.9162],[-81.1638,35.9219],[-81.158,35.9428],[-81.1489,35.9497],[-81.1486,35.9579],[-81.1522,35.9625],[-81.1477,35.9666],[-81.1483,35.976],[-81.1564,35.9834],[-81.1526,35.9895],[-81.1599,35.993],[-81.1599,35.9991],[-81.1647,36.0028],[-81.1625,36.0082],[-81.1672,36.0118],[-81.1656,36.0233],[-81.1762,36.0315],[-81.1913,36.0368],[-81.2031,36.0367],[-81.2057,36.0329],[-81.2115,36.0338],[-81.2196,36.0298],[-81.2377,36.0302],[-81.2443,36.0252],[-81.2684,36.025],[-81.301,36.0043],[-81.3142,36.0044],[-81.3177,35.9968],[-81.3306,35.9968],[-81.3434,35.9924],[-81.3531,35.9873],[-81.359,35.9797],[-81.3659,35.9779],[-81.3672,35.9734],[-81.3723,35.9704],[-81.3772,35.9723],[-81.377,35.9697],[-81.392,35.9613],[-81.3969,35.965],[-81.4186,35.9683],[-81.4246,35.987],[-81.437,35.977],[-81.4589,35.9692],[-81.4606,35.9724],[-81.4726,35.974],[-81.4704,35.9782],[-81.4618,35.982],[-81.4592,35.988],[-81.4617,35.9919],[-81.4767,35.9983],[-81.4903,35.994],[-81.5059,35.9809],[-81.5271,35.97],[-81.54,35.9768],[-81.5534,35.9748],[-81.5617,35.9686],[-81.5664,35.9686],[-81.5751,35.9605],[-81.5876,35.9658],[-81.5807,35.9849],[-81.5844,35.991],[-81.597,35.9984],[-81.5947,36.0044],[-81.5976,36.0072],[-81.5944,36.0126],[-81.6114,36.0279],[-81.6092,36.0321],[-81.6195,36.0369],[-81.6211,36.0464],[-81.6175,36.051],[-81.6196,36.0634],[-81.6243,36.0661],[-81.6228,36.0759],[-81.6294,36.0788],[-81.6277,36.0841],[-81.6333,36.0878],[-81.6411,36.1026],[-81.6595,36.1082],[-81.6621,36.1105],[-81.6606,36.1171],[-81.6761,36.1231],[-81.6791,36.1372],[-81.6948,36.1379],[-81.6941,36.1465]]]},"properties":{"huc8":"03050101","name":"Upper Catawba"}},{"type":"Feature","geometry":{"type":"Polygon","coordinates":[[[-78.731,34.9834],[-78.7377,34.9858],[-78.7378,34.9932],[-78.7465,34.9961],[-78.753,35.0062],[-78.7579,34.9999],[-78.7564,34.9872],[-78.7704,34.9833],[-78.7711,34.9698],[-78.7774,34.9682],[-78.7875,34.9732],[-78.7952,34.9702],[-78.7954,34.9656],[-78.8035,34.9634],[-78.8094,34.9561],[-78.8172,34.9582],[-78.818,34.9476],[-78.8367,34.9516],[-78.8445,34.9504],[-78.8588,34.9428],[-78.8719,34.9287],[-78.8824,34.9287],[-78.8871,34.9333],[-78.8979,34.9342],[-78.905,34.9308],[-78.9246,34.936],[-78.9385,34.9311],[-78.9412,34.9275],[-78.9334,34.9291],[-78.9123,34.9185],[-78.8909,34.8865],[-78.8938,34.8761],[-78.9047,34.8705],[-78.905,34.8638],[-78.9023,34.855],[-78.8857,34.8391],[-78.8896,34.8282],[-78.8879,34.8234],[-78.8705,34.7997],[-78.8653,34.7968],[-78.8538,34.7999],[-78.821,34.7974],[-78.8112,34.7816],[-78.8103,34.7674],[-78.8044,34.764],[-78.8052,34.7541],[-78.7983,34.7378],[-78.7914,34.7317],[-78.7781,34.7294],[-78.7492,34.7169],[-78.737,34.702],[-78.7285,34.702],[-78.724,34.6971],[-78.703,34.689],[-78.705,34.6815],[-78.7115,34.682],[-78.7144,34.6787],[-78.7164,34.6819],[-78.7215,34.6813],[-78.7257,34.6743],[-78.7354,34.6744],[-78.7416,34.6668],[-78.7223,34.649],[-78.7025,34.6453],[-78.6874,34.6258],[-78.6995,34.6223],[-78.7011,34.6172],[-78.6784,34.6108],[-78.6654,34.596],[-78.6594,34.5796],[-78.6414,34.583],[-78.6329,34.5744],[-78.6368,34.5664],[-78.6247,34.567],[-78.6199,34.5624],[-78.6139,34.5619],[-78.6088,34.5552],[-78.5844,34.5648],[-78.581,34.5611],[-78.5868,34.5572],[-78.5864,34.5495],[-78.5786,34.539],[-78.5658,34.5324],[-78.5374,34.5272],[-78.5246,34.5324],[-78.5246,34.5297],[-78.5159,34.5298],[-78.5025,34.5221],[-78.5032,34.5172],[-78.4976,34.5137],[-78.4839,34.518],[-78.4773,34.4993],[-78.4675,34.4963],[-78.4932,34.4844],[-78.4851,34.4735],[-78.4729,34.4697],[-78.4747,34.4623],[-78.4824,34.4575],[-78.4751,34.4572],[-78.464,34.4477],[-78.4656,34.4382],[-78.4614,34.4293],[-78.4347,34.4203],[-78.4337,34.4084],[-78.3633,34.3822],[-78.3732,34.3698],[-78.3682,34.3553],[-78.3892,34.3348],[-78.3831,34.3272],[-78.3841,34.3217],[-78.3575,34.3188],[-78.3533,34.316],[-78.3546,34.2632],[-78.363,34.2568],[-78.3666,34.2449],[-78.3634,34.2351],[-78.2926,34.2013],[-78.2423,34.2041],[-78.2493,34.1889],[-78.2488,34.1506],[-78.245,34.1363],[-78.2351,34.1296],[-78.2128,34.1259],[-78.2007,34.1091],[-78.2023,34.105],[-78.1851,34.0867],[-78.1807,34.0859],[-78.1781,34.0906],[-78.1643,34.0893],[-78.1661,34.0933],[-78.1625,34.0962],[-78.1577,34.092],[-78.1587,34.084],[-78.1536,34.0812],[-78.1387,34.0854],[-78.1341,34.0805],[-78.1354,34.0773],[-78.1187,34.0688],[-78.1171,34.0608],[-78.1121,34.056],[-78.1042,34.055],[-78.0981,34.0487],[-78.0953,34.0366],[-78.1074,34.0273],[-78.1084,34.0166],[-78.0976,34.0115],[-78.0933,34.0024],[-78.1022,33.9828],[-78.0984,33.9755],[-78.1076,33.9733],[-78.1082,33.9628],[-78.1219,33.9617],[-78.1169,33.9566],[-78.1201,33.9526],[-78.1461,33.954],[-78.1478,33.9504],[-78.141,33.945],[-78.1494,33.9422],[-78.1476,33.9365],[-78.1555,33.9262],[-78.1501,33.9217],[-78.1386,33.9227],[-78.124,33.9166],[-78.1185,33.918],[-78.1058,33.9134],[-78.1063,33.9084],[-78.0778,33.903],[-78.1113,33.8885],[-78.133,33.8601],[-78.0762,33.8488],[-78.06,33.83],[-78.0184,33.8075],[-78.0078,33.7886],[-77.9888,33.7748],[-77.966,33.7688],[-77.9427,33.7705],[-77.9521,33.8051],[-77.9572,33.8082],[-77.9606,33.8157],[-77.9586,33.8247],[-77.9629,33.8378],[-77.9583,33.8718],[-77.9508,33.9023],[-77.9193,33.9676],[-77.9143,33.9725],[-77.91,33.9968],[-77.9042,34.0033],[-77.8938,34.029],[-77.8942,34.0379],[-77.9036,34.0496],[-77.9022,34.0526],[-77.9081,34.0537],[-77.9014,34.0563],[-77.8955,34.0745],[-77.8976,34.0806],[-77.8948,34.0868],[-77.8965,34.0946],[-77.9027,34.1006],[-77.8999,34.1105],[-77.9037,34.116],[-77.8979,34.1229],[-77.8993,34.1269],[-77.8965,34.1313],[-77.8823,34.1287],[-77.8831,34.1327],[-77.875,34.1433],[-77.8804,34.1485],[-77.8907,34.1512],[-77.8973,34.1594],[-77.8893,34.1649],[-77.8909,34.1822],[-77.897,34.1789],[-77.9084,34.1799],[-77.9182,34.187],[-77.9233,34.1872],[-77.9188,34.2006],[-77.9067,34.2044],[-77.9114,34.2142],[-77.9102,34.2194],[-77.9376,34.224],[-77.9389,34.2306],[-77.9424,34.2329],[-77.9422,34.2455],[-77.9554,34.2414],[-77.9571,34.2595],[-77.9621,34.2614],[-77.9629,34.2724],[-77.971,34.2892],[-77.9812,34.295],[-77.9793,34.2983],[-77.9828,34.3034],[-77.9883,34.3047],[-77.9865,34.3079],[-77.9915,34.3122],[-77.9905,34.3167],[-77.9967,34.326],[-78.0068,34.3323],[-78.0039,34.3369],[-78.0158,34.3539],[-78.0477,34.3367],[-78.0657,34.3515],[-78.1086,34.3682],[-78.1172,34.3649],[-78.1208,34.3692],[-78.1321,34.3683],[-78.1383,34.3741],[-78.1438,34.3675],[-78.1581,34.3666],[-78.1613,34.3694],[-78.1616,34.3759],[-78.1692,34.3801],[-78.2003,34.3847],[-78.2182,34.3969],[-78.2299,34.3968],[-78.2499,34.4028],[-78.2537,34.4101],[-78.2743,34.4114],[-78.2794,34.42],[-78.2959,34.4201],[-78.3177,34.4265],[-78.3233,34.4327],[-78.3332,34.4367],[-78.3323,34.4416],[-78.3255,34.4441],[-78.3265,34.4477],[-78.3435,34.4656],[-78.3305,34.4701],[-78.3351,34.4773],[-78.3327,34.4814],[-78.3445,34.4841],[-78.351,34.4876],[-78.349,34.4928],[-78.3597,34.4957],[-78.3518,34.5072],[-78.3544,34.5224],[-78.3815,34.5376],[-78.3866,34.5437],[-78.4035,34.548],[-78.4046,34.5531],[-78.4162,34.5579],[-78.4217,34.5658],[-78.4354,34.5703],[-78.4533,34.5818],[-78.469,34.585],[-78.476,34.5961],[-78.4741,34.6138],[-78.4857,34.6177],[-78.4918,34.6252],[-78.4913,34.6308],[-78.4839,34.6353],[-78.4862,34.6482],[-78.4814,34.6559],[-78.5187,34.6837],[-78.5488,34.6986],[-78.5493,34.7035],[-78.5861,34.7177],[-78.5852,34.7213],[-78.5681,34.7271],[-78.5658,34.7326],[-78.5566,34.7331],[-78.5564,34.7384],[-78.5473,34.747],[-78.5643,34.7517],[-78.5635,34.7625],[-78.5542,34.76],[-78.5464,34.7662],[-78.5452,34.7719],[-78.5345,34.7727],[-78.5416,34.7854],[-78.573,34.7961],[-78.5759,34.8023],[-78.5685,34.8076],[-78.5641,34.8226],[-78.5615,34.8442],[-78.5665,34.8485],[-78.5646,34.8529],[-78.5765,34.8587],[-78.598,34.8616],[-78.6271,34.898],[-78.641,34.9028],[-78.658,34.9203],[-78.6611,34.9292],[-78.7058,34.961],[-78.7094,34.9719],[-78.731,34.9834]]]},"properties":{"huc8":"03030005","name":"Lower Cape Fear"}},{"type":"Feature","geometry":{"type":"Polygon","coordinates":[[[-78.208,34.1191],[-78.2348,34.1155],[-78.2584,34.1029],[-78.2592,34.096],[-78.2715,34.0933],[-78.2856,34.0852],[-78.2973,34.0914],[-78.3348,34.0867],[-78.3569,34.0685],[-78.3643,34.0695],[-78.3668,34.067],[-78.3614,34.0632],[-78.3584,34.0447],[-78.3533,34.0381],[-78.3551,34.0261],[-78.3653,34.0229],[-78.3722,34.0126],[-78.3825,34.0134],[-78.4017,34.0226],[-78.4085,34.0165],[-78.4009,34.0084],[-78.4023,34.0044],[-78.4265,33.9917],[-78.4379,33.9909],[-78.4403,33.98],[-78.4654,33.9831],[-78.4709,33.9795],[-78.4902,33.9789],[-78.4961,33.9739],[-78.5086,33.972],[-78.5145,33.9656],[-78.5187,33.9519],[-78.5278,33.9431],[-78.5204,33.9385],[-78.5252,33.9312],[-78.52,33.9264],[-78.5135,33.9258],[-78.5145,33.9227],[-78.5088,33.9135],[-78.5303,33.9133],[-78.5354,33.9044],[-78.5692,33.8908],[-78.5822,33.8903],[-78.5966,33.8954],[-78.599,33.9002],[-78.6148,33.9029],[-78.6249,33.9021],[-78.6294,33.8977],[-78.6447,33.8933],[-78.6614,33.893],[-78.6697,33.8892],[-78.6687,33.8847],[-78.6725,33.8826],[-78.6685,33.8747],[-78.6596,33.8718],[-78.6562,33.8669],[-78.66,33.8573],[-78.681,33.8531],[-78.6834,33.8503],[-78.6942,33.8529],[-78.7022,33.8441],[-78.7222,33.8507],[-78.7414,33.8467],[-78.7457,33.8363],[-78.7542,33.8272],[-78.7708,33.822],[-78.8043,33.803],[-78.8279,33.8032],[-78.8326,33.7973],[-78.8509,33.7977],[-78.8521,33.7924],[-78.8744,33.7916],[-78.8747,33.7821],[-78.8692,33.7719],[-78.8823,33.7688],[-78.8793,33.7629],[-78.8815,33.7554],[-78.8986,33.7483],[-78.9086,33.739],[-78.9039,33.7304],[-78.9156,33.7111],[-78.9056,33.703],[-78.9093,33.6909],[-78.9313,33.6794],[-78.9323,33.6693],[-78.9379,33.6627],[-78.9597,33.6659],[-78.9785,33.6548],[-78.9916,33.6373],[-78.993,33.6248],[-78.9963,33.6217],[-78.996,33.6173],[-78.9889,33.6096],[-79.0023,33.6005],[-79.0037,33.5961],[-79.0181,33.5902],[-79.0244,33.5838],[-79.0218,33.5824],[-79.0236,33.578],[-79.0383,33.5779],[-79.0436,33.5616],[-79.0529,33.5534],[-79.0595,33.5527],[-79.0769,33.531],[-79.0868,33.5123],[-79.0963,33.5085],[-79.0906,33.5003],[-79.0996,33.4903],[-79.1076,33.4873],[-79.1169,33.4727],[-79.116,33.4666],[-79.1232,33.4659],[-79.1238,33.4612],[-79.1202,33.4592],[-79.1223,33.4518],[-79.1375,33.4387],[-79.1373,33.4354],[-79.1504,33.4277],[-79.1773,33.4196],[-79.1978,33.4057],[-79.2007,33.3894],[-79.2273,33.3638],[-79.2255,33.3582],[-79.2291,33.356],[-79.2312,33.3428],[-79.226,33.3466],[-79.2129,33.3436],[-79.2114,33.3281],[-79.1926,33.3177],[-79.1789,33.299],[-79.1288,33.2831],[-79.1091,33.285],[-79.0981,33.2972],[-79.0919,33.311],[-79.0907,33.3242],[-79.0938,33.3377],[-79.0889,33.367],[-79.0631,33.413],[-79.0354,33.4535],[-79.0154,33.4709],[-78.9806,33.4924],[-78.9705,33.5067],[-78.9632,33.5296],[-78.9523,33.5435],[-78.8936,33.605],[-78.8258,33.6651],[-78.7757,33.7034],[-78.6875,33.7547],[-78.5977,33.7875],[-78.5675,33.7944],[-78.5471,33.7918],[-78.5263,33.7949],[-78.5093,33.802],[-78.4867,33.8189],[-78.3963,33.8443],[-78.3587,33.8488],[-78.3392,33.8557],[-78.2541,33.8634],[-78.224,33.8611],[-78.1668,33.8639],[-78.133,33.8601],[-78.1113,33.8885],[-78.0778,33.903],[-78.1063,33.9084],[-78.1058,33.9134],[-78.1185,33.918],[-78.124,33.9166],[-78.1386,33.9227],[-78.1501,33.9217],[-78.1555,33.9262],[-78.1476,33.9365],[-78.1494,33.9422],[-78.141,33.945],[-78.1478,33.9504],[-78.1461,33.954],[-78.1201,33.9526],[-78.1169,33.9566],[-78.1219,33.9617],[-78.1082,33.9628],[-78.1076,33.9733],[-78.0984,33.9755],[-78.1022,33.9828],[-78.0933,34.0024],[-78.0976,34.0115],[-78.1067,34.0136],[-78.1084,34.0169],[-78.1074,34.0273],[-78.0953,34.0366],[-78.0964,34.0435],[-78.1025,34.0537],[-78.1121,34.056],[-78.1171,34.0608],[-78.12,34.0701],[-78.1354,34.0773],[-78.1341,34.0805],[-78.1387,34.0854],[-78.1552,34.0815],[-78.1588,34.0843],[-78.1578,34.0922],[-78.1627,34.0963],[-78.1661,34.0933],[-78.1643,34.0893],[-78.1781,34.0906],[-78.1807,34.0859],[-78.1915,34.0907],[-78.1931,34.0973],[-78.2023,34.105],[-78.2006,34.1089],[-78.208,34.1191]]]},"properties":{"huc8":"03040208","name":"Coastal Carolina"}},{"type":"Feature","geometry":{"type":"Polygon","coordinates":[[[-80.6165,36.6719],[-80.6169,36.6739],[-80.6244,36.6713],[-80.6285,36.6673],[-80.6425,36.6709],[-80.6507,36.6672],[-80.6572,36.67],[-80.666,36.667],[-80.6732,36.6704],[-80.679,36.6673],[-80.6856,36.6699],[-80.6872,36.6662],[-80.6938,36.6654],[-80.7021,36.6494],[-80.7197,36.6505],[-80.7272,36.6457],[-80.7274,36.6401],[-80.7336,36.6351],[-80.7513,36.6243],[-80.7629,36.6257],[-80.768,36.6172],[-80.7764,36.6185],[-80.781,36.6078],[-80.7889,36.6052],[-80.8141,36.6079],[-80.8145,36.6121],[-80.8258,36.6228],[-80.8226,36.6128],[-80.8243,36.6049],[-80.8289,36.6014],[-80.8214,36.5903],[-80.8224,36.5822],[-80.8263,36.5796],[-80.8194,36.5689],[-80.8235,36.5594],[-80.8328,36.5555],[-80.8438,36.5638],[-80.8563,36.564],[-80.8723,36.5734],[-80.8794,36.5684],[-80.8833,36.5692],[-80.886,36.5628],[-80.891,36.5605],[-80.9005,36.5659],[-80.9023,36.5602],[-80.9083,36.5568],[-80.9089,36.551],[-80.913,36.5521],[-80.918,36.5483],[-80.919,36.541],[-80.9325,36.5391],[-80.9335,36.5288],[-80.9465,36.5282],[-80.939,36.515],[-80.9348,36.4976],[-80.944,36.4968],[-80.9474,36.4896],[-80.9704,36.4726],[-80.9718,36.4625],[-80.9685,36.4598],[-80.971,36.4555],[-80.9872,36.4389],[-80.9866,36.4335],[-81.0,36.43],[-81.0034,36.4218],[-80.9987,36.4172],[-80.9915,36.4175],[-80.9844,36.4125],[-80.9705,36.4168],[-80.9653,36.4143],[-80.9697,36.4067],[-80.9681,36.4027],[-80.9714,36.3991],[-80.9784,36.3989],[-80.9824,36.3904],[-80.9862,36.3967],[-81.0007,36.4007],[-81.0059,36.4086],[-81.0182,36.4071],[-81.0242,36.4108],[-81.0216,36.4174],[-81.0238,36.4195],[-81.0556,36.4253],[-81.0591,36.4327],[-81.0673,36.4383],[-81.067,36.4473],[-81.0807,36.4415],[-81.0955,36.441],[-81.0984,36.4332],[-81.1055,36.4343],[-81.1299,36.4287],[-81.1433,36.4186],[-81.1481,36.419],[-81.1473,36.4235],[-81.1559,36.4295],[-81.1725,36.4351],[-81.1812,36.4304],[-81.1845,36.4204],[-81.1921,36.4209],[-81.1965,36.4146],[-81.2006,36.3904],[-81.218,36.3843],[-81.2213,36.3772],[-81.2323,36.3749],[-81.2434,36.3659],[-81.2503,36.3674],[-81.2577,36.3639],[-81.2765,36.3631],[-81.2866,36.3688],[-81.3088,36.3675],[-81.3188,36.3711],[-81.32,36.379],[-81.339,36.3703],[-81.3577,36.3682],[-81.3635,36.3644],[-81.3625,36.3611],[-81.3715,36.3599],[-81.3753,36.3451],[-81.3745,36.3321],[-81.3681,36.3265],[-81.367,36.3172],[-81.3589,36.3113],[-81.3591,36.3046],[-81.3679,36.3007],[-81.3728,36.2909],[-81.3705,36.2872],[-81.3794,36.2785],[-81.3896,36.2863],[-81.4127,36.2947],[-81.4159,36.2921],[-81.4141,36.2805],[-81.4296,36.2776],[-81.4309,36.2679],[-81.4356,36.2639],[-81.4526,36.2578],[-81.4581,36.249],[-81.4743,36.2524],[-81.4773,36.2411],[-81.4882,36.2332],[-81.4959,36.234],[-81.5072,36.2244],[-81.5249,36.2255],[-81.5316,36.2315],[-81.5436,36.2348],[-81.5472,36.2295],[-81.5592,36.2322],[-81.5709,36.228],[-81.585,36.2176],[-81.5923,36.2194],[-81.6033,36.2121],[-81.6032,36.2096],[-81.5975,36.2078],[-81.6025,36.1958],[-81.5958,36.185],[-81.5905,36.1847],[-81.5909,36.1769],[-81.5856,36.1744],[-81.5862,36.172],[-81.5981,36.1623],[-81.5998,36.1567],[-81.6116,36.1593],[-81.621,36.1491],[-81.6313,36.1488],[-81.6324,36.1426],[-81.6396,36.138],[-81.6515,36.1364],[-81.6521,36.1255],[-81.661,36.1177],[-81.6621,36.1107],[-81.6411,36.1026],[-81.6333,36.0878],[-81.6277,36.0841],[-81.6294,36.0788],[-81.6227,36.0757],[-81.6243,36.0661],[-81.6197,36.0637],[-81.6175,36.051],[-81.6211,36.0464],[-81.6195,36.0369],[-81.6092,36.0321],[-81.6114,36.0279],[-81.5967,36.0164],[-81.5944,36.0126],[-81.5976,36.0072],[-81.5947,36.0044],[-81.597,35.9984],[-81.5844,35.991],[-81.5807,35.9849],[-81.5874,35.9656],[-81.573,35.9608],[-81.5607,35.9716],[-81.5403,35.9768],[-81.5271,35.97],[-81.5059,35.9809],[-81.4903,35.994],[-81.4767,35.9983],[-81.4617,35.9919],[-81.4592,35.988],[-81.4618,35.982],[-81.4704,35.9782],[-81.4726,35.974],[-81.4606,35.9724],[-81.4589,35.9692],[-81.437,35.977],[-81.4246,35.987],[-81.4186,35.9683],[-81.3969,35.965],[-81.392,35.9613],[-81.377,35.9697],[-81.3772,35.9723],[-81.3723,35.9704],[-81.3672,35.9734],[-81.3659,35.9779],[-81.359,35.9797],[-81.3531,35.9873],[-81.3434,35.9924],[-81.3306,35.9968],[-81.3177,35.9968],[-81.3142,36.0044],[-81.301,36.0043],[-81.2684,36.025],[-81.2443,36.0252],[-81.2377,36.0302],[-81.2196,36.0298],[-81.2115,36.0338],[-81.2057,36.0329],[-81.2031,36.0367],[-81.1916,36.0369],[-81.1671,36.0255],[-81.1565,36.0466],[-81.1415,36.0554],[-81.134,36.0548],[-81.1277,36.0636],[-81.1211,36.0629],[-81.1173,36.0661],[-81.1174,36.0694],[-81.1258,36.0726],[-81.1288,36.0823],[-81.137,36.0838],[-81.1413,36.091],[-81.1399,36.095],[-81.1272,36.1019],[-81.1085,36.1037],[-81.0936,36.1104],[-81.0942,36.1175],[-81.0907,36.123],[-81.0804,36.119],[-81.0694,36.1191],[-81.0676,36.1155],[-81.0563,36.1202],[-81.0495,36.1177],[-81.0501,36.1242],[-81.0415,36.129],[-81.0399,36.1355],[-81.0278,36.1405],[-81.0113,36.1361],[-81.0074,36.141],[-80.9965,36.1408],[-80.9869,36.1323],[-80.9782,36.1298],[-80.9714,36.1329],[-80.9733,36.1379],[-80.967,36.1413],[-80.967,36.1454],[-80.9615,36.1452],[-80.9558,36.1495],[-80.9519,36.1471],[-80.941,36.15],[-80.9389,36.1595],[-80.9117,36.1508],[-80.9026,36.1609],[-80.9035,36.1675],[-80.8998,36.1736],[-80.8929,36.1736],[-80.8806,36.1654],[-80.8711,36.1658],[-80.8536,36.1876],[-80.8491,36.186],[-80.8487,36.1755],[-80.8411,36.1779],[-80.8373,36.1731],[-80.8236,36.169],[-80.8294,36.1542],[-80.8423,36.15],[-80.842,36.1435],[-80.8358,36.137],[-80.8224,36.1326],[-80.8125,36.1253],[-80.8059,36.1257],[-80.7968,36.1191],[-80.7881,36.123],[-80.7762,36.1215],[-80.7736,36.1127],[-80.7652,36.1063],[-80.7571,36.0937],[-80.7586,36.0795],[-80.7526,36.0789],[-80.7412,36.0657],[-80.7217,36.0634],[-80.7263,36.0519],[-80.7238,36.046],[-80.7257,36.0423],[-80.7189,36.0321],[-80.7205,36.0213],[-80.714,36.0167],[-80.7157,36.0096],[-80.711,36.0046],[-80.6883,35.9918],[-80.6781,35.9928],[-80.6717,35.9987],[-80.6648,35.9981],[-80.6605,35.9908],[-80.6497,35.9865],[-80.6386,35.9879],[-80.6275,35.9794],[-80.6226,35.979],[-80.617,35.9609],[-80.6014,35.945],[-80.5994,35.9307],[-80.5922,35.9288],[-80.5926,35.9249],[-80.5779,35.9121],[-80.5781,35.9047],[-80.5617,35.8955],[-80.5652,35.8852],[-80.548,35.8622],[-80.5537,35.8564],[-80.5512,35.8427],[-80.543,35.8397],[-80.5424,35.8334],[-80.5166,35.8208],[-80.5178,35.8177],[-80.513,35.8133],[-80.5147,35.81],[-80.5114,35.8048],[-80.5005,35.7989],[-80.4952,35.7888],[-80.4652,35.773],[-80.4656,35.7677],[-80.4593,35.762],[-80.4601,35.7464],[-80.45,35.7487],[-80.4472,35.7556],[-80.4426,35.7606],[-80.4359,35.7617],[-80.4345,35.766],[-80.4254,35.761],[-80.414,35.765],[-80.413,35.78],[-80.4178,35.7871],[-80.4088,35.7943],[-80.4118,35.8002],[-80.3813,35.8033],[-80.3657,35.8184],[-80.3525,35.8201],[-80.3464,35.8277],[-80.3381,35.8303],[-80.3407,35.8416],[-80.3386,35.8449],[-80.3254,35.8512],[-80.3262,35.856],[-80.3169,35.8728],[-80.3186,35.8783],[-80.3081,35.8798],[-80.2986,35.8908],[-80.2892,35.896],[-80.28,35.8931],[-80.2656,35.905],[-80.2567,35.9048],[-80.2569,35.9094],[-80.2483,35.9178],[-80.2485,35.9219],[-80.2405,35.9249],[-80.2389,35.9363],[-80.2288,35.9402],[-80.2199,35.9487],[-80.2181,35.9585],[-80.225,35.9745],[-80.2107,35.9827],[-80.2118,35.9886],[-80.2081,35.9932],[-80.1712,36.0103],[-80.1679,36.0223],[-80.1589,36.0247],[-80.1572,36.0291],[-80.1513,36.0277],[-80.1468,36.0337],[-80.1391,36.0333],[-80.1336,36.0454],[-80.1171,36.0497],[-80.1106,36.0635],[-80.1078,36.0798],[-80.1018,36.0875],[-80.0949,36.0892],[-80.0782,36.1025],[-80.0775,36.1169],[-80.0719,36.1232],[-80.0777,36.134],[-80.0851,36.1371],[-80.0987,36.1355],[-80.1033,36.1397],[-80.1182,36.1344],[-80.1276,36.1448],[-80.1336,36.1665],[-80.151,36.1689],[-80.1533,36.174],[-80.1702,36.1716],[-80.1761,36.1811],[-80.1848,36.1776],[-80.198,36.1793],[-80.2018,36.1865],[-80.2083,36.185],[-80.2164,36.1918],[-80.2274,36.1898],[-80.2374,36.1927],[-80.2447,36.1902],[-80.2513,36.195],[-80.2589,36.1936],[-80.2694,36.2014],[-80.2791,36.1993],[-80.2862,36.2187],[-80.2839,36.2231],[-80.2883,36.2259],[-80.2911,36.2342],[-80.2888,36.2362],[-80.3101,36.2516],[-80.3096,36.2684],[-80.3211,36.2797],[-80.3197,36.2916],[-80.3257,36.2951],[-80.332,36.3049],[-80.3348,36.3137],[-80.333,36.3189],[-80.3368,36.3255],[-80.3366,36.3311],[-80.3295,36.3375],[-80.331,36.3532],[-80.3152,36.3621],[-80.3115,36.3793],[-80.3021,36.3869],[-80.3205,36.3889],[-80.3451,36.3776],[-80.3505,36.3817],[-80.3716,36.3749],[-80.3786,36.3765],[-80.3819,36.3859],[-80.3922,36.3861],[-80.4003,36.3976],[-80.3964,36.4082],[-80.3997,36.4122],[-80.4108,36.4093],[-80.4188,36.4141],[-80.4164,36.4198],[-80.4253,36.432],[-80.4244,36.4413],[-80.4399,36.4451],[-80.4434,36.4532],[-80.4397,36.4585],[-80.4575,36.4933],[-80.4646,36.4988],[-80.4767,36.498],[-80.4799,36.5029],[-80.4947,36.5049],[-80.5119,36.5153],[-80.514,36.5191],[-80.5084,36.5278],[-80.5147,36.5341],[-80.5136,36.5423],[-80.5183,36.5461],[-80.5115,36.5539],[-80.5014,36.5573],[-80.4944,36.5693],[-80.4888,36.5722],[-80.4911,36.5745],[-80.4887,36.5784],[-80.4755,36.5855],[-80.4775,36.5905],[-80.4729,36.5943],[-80.4766,36.614],[-80.4868,36.6214],[-80.4773,36.6271],[-80.4753,36.6375],[-80.4677,36.6395],[-80.4704,36.6512],[-80.4683,36.6545],[-80.4729,36.6572],[-80.4705,36.6628],[-80.4723,36.6693],[-80.4806,36.6649],[-80.4868,36.6658],[-80.4889,36.6502],[-80.5022,36.6568],[-80.5139,36.6488],[-80.5393,36.6412],[-80.5501,36.643],[-80.5532,36.653],[-80.565,36.6526],[-80.5664,36.6568],[-80.5796,36.6627],[-80.5824,36.6626],[-80.5855,36.6563],[-80.606,36.6627],[-80.6165,36.6719]]]},"properties":{"huc8":"03040101","name":"Upper Yadkin"}},{"type":"Feature","geometry":{"type":"Polygon","coordinates":[[[-79.6983,35.299],[-79.7087,35.3059],[-79.716,35.2992],[-79.7393,35.2912],[-79.7445,35.2854],[-79.7432,35.277],[-79.739,35.2721],[-79.7395,35.2639],[-79.7342,35.2608],[-79.7197,35.24],[-79.7249,35.235],[-79.7263,35.2248],[-79.7311,35.2176],[-79.7265,35.2016],[-79.7277,35.1756],[-79.7198,35.1693],[-79.7148,35.1522],[-79.7208,35.1466],[-79.7204,35.1428],[-79.7265,35.1399],[-79.7118,35.1277],[-79.7109,35.1209],[-79.6987,35.1188],[-79.6906,35.1129],[-79.6817,35.1153],[-79.6687,35.1128],[-79.6654,35.1069],[-79.6669,35.0983],[-79.659,35.0949],[-79.6619,35.0916],[-79.6505,35.0915],[-79.6369,35.0837],[-79.6388,35.0767],[-79.6337,35.0649],[-79.6159,35.0681],[-79.6114,35.0649],[-79.5959,35.0657],[-79.5932,35.0621],[-79.5948,35.0575],[-79.5854,35.0531],[-79.5913,35.0416],[-79.561,35.0279],[-79.5637,35.0108],[-79.5603,35.0084],[-79.5653,35.0029],[-79.5651,34.9951],[-79.5617,34.9949],[-79.5607,34.9892],[-79.5559,34.9876],[-79.5571,34.9847],[-79.5508,34.9763],[-79.5372,34.9731],[-79.5283,34.9765],[-79.5232,34.9736],[-79.5159,34.9746],[-79.5048,34.9798],[-79.4964,34.9778],[-79.489,34.9681],[-79.4817,34.9686],[-79.465,34.9629],[-79.4598,34.9533],[-79.449,34.945],[-79.4375,34.9441],[-79.4341,34.9402],[-79.4254,34.9413],[-79.4242,34.9314],[-79.3992,34.9277],[-79.3842,34.9167],[-79.3833,34.9102],[-79.3769,34.9083],[-79.3728,34.8973],[-79.3793,34.8737],[-79.3732,34.8605],[-79.3735,34.8504],[-79.3693,34.8386],[-79.3727,34.8295],[-79.3671,34.8281],[-79.3685,34.8205],[-79.3618,34.7915],[-79.3679,34.7874],[-79.3707,34.7777],[-79.3503,34.7615],[-79.3519,34.7394],[-79.3366,34.7398],[-79.3297,34.7273],[-79.3203,34.722],[-79.3202,34.7191],[-79.3263,34.7185],[-79.3271,34.7122],[-79.3322,34.7072],[-79.3295,34.6981],[-79.3234,34.6946],[-79.3128,34.6804],[-79.2959,34.6735],[-79.2931,34.6666],[-79.2842,34.6628],[-79.2732,34.6521],[-79.2655,34.65],[-79.266,34.6445],[-79.2809,34.6368],[-79.2802,34.6231],[-79.2871,34.6182],[-79.2821,34.6042],[-79.2761,34.6022],[-79.2766,34.5972],[-79.2906,34.5886],[-79.3062,34.5894],[-79.3056,34.5826],[-79.3117,34.5806],[-79.3002,34.5687],[-79.291,34.5671],[-79.2901,34.5618],[-79.2961,34.5563],[-79.2901,34.5495],[-79.2893,34.5433],[-79.2802,34.5439],[-79.2795,34.5348],[-79.275,34.531],[-79.2771,34.5235],[-79.2676,34.5105],[-79.2665,34.501],[-79.2589,34.487],[-79.2693,34.4809],[-79.2736,34.4701],[-79.2599,34.4622],[-79.265,34.4594],[-79.2794,34.4627],[-79.2833,34.4598],[-79.2877,34.463],[-79.2904,34.4595],[-79.2978,34.4652],[-79.3028,34.4652],[-79.3071,34.4729],[-79.316,34.4786],[-79.3221,34.4791],[-79.325,34.4762],[-79.3231,34.4692],[-79.3316,34.4747],[-79.3327,34.4696],[-79.3248,34.4615],[-79.3385,34.4576],[-79.3357,34.4512],[-79.3272,34.4466],[-79.3295,34.4324],[-79.3266,34.4235],[-79.3148,34.4114],[-79.3181,34.4018],[-79.3081,34.3967],[-79.297,34.3956],[-79.2893,34.3876],[-79.2807,34.3882],[-79.2673,34.3763],[-79.2604,34.3799],[-79.2549,34.3779],[-79.2514,34.3812],[-79.2455,34.3792],[-79.2422,34.3828],[-79.2356,34.3827],[-79.224,34.3726],[-79.2173,34.3447],[-79.2075,34.3454],[-79.206,34.3416],[-79.1989,34.3398],[-79.2003,34.3326],[-79.2071,34.3309],[-79.2056,34.3263],[-79.1997,34.3252],[-79.1831,34.3338],[-79.1707,34.3287],[-79.167,34.3231],[-79.1733,34.314],[-79.1618,34.3003],[-79.1588,34.2922],[-79.1603,34.275],[-79.1659,34.2716],[-79.1683,34.2659],[-79.1683,34.2613],[-79.1636,34.2565],[-79.1665,34.2535],[-79.1643,34.2475],[-79.1688,34.2425],[-79.1533,34.2302],[-79.1658,34.2132],[-79.1656,34.1957],[-79.151,34.1957],[-79.1411,34.1996],[-79.1351,34.2077],[-79.1257,34.211],[-79.1177,34.2031],[-79.1084,34.2006],[-79.1021,34.1884],[-79.0846,34.1921],[-79.0773,34.2026],[-79.0602,34.2076],[-79.0519,34.205],[-79.0448,34.21],[-79.0321,34.2027],[-79.0335,34.1967],[-79.0305,34.1931],[-79.0213,34.1977],[-79.005,34.1895],[-78.9919,34.1939],[-78.9888,34.1842],[-78.9803,34.181],[-78.9632,34.1945],[-78.9532,34.1866],[-78.9574,34.1841],[-78.957,34.181],[-78.9407,34.177],[-78.9329,34.1802],[-78.9362,34.1918],[-78.9284,34.2019],[-78.9159,34.2076],[-78.9039,34.2075],[-78.8855,34.2159],[-78.9246,34.229],[-78.9252,34.2384],[-78.9179,34.2435],[-78.9097,34.2423],[-78.9058,34.2468],[-78.9004,34.246],[-78.8985,34.2414],[-78.8897,34.2422],[-78.878,34.2359],[-78.8659,34.2358],[-78.863,34.241],[-78.8666,34.2441],[-78.8508,34.255],[-78.8712,34.264],[-78.8717,34.2681],[-78.8641,34.2763],[-78.853,34.2768],[-78.8483,34.2715],[-78.8392,34.2688],[-78.8257,34.2746],[-78.8305,34.281],[-78.8301,34.2899],[-78.8374,34.3001],[-78.8285,34.3068],[-78.8318,34.3263],[-78.8199,34.3313],[-78.817,34.3447],[-78.8085,34.3516],[-78.8022,34.3619],[-78.804,34.3652],[-78.7977,34.3671],[-78.8099,34.3678],[-78.8306,34.3629],[-78.8307,34.3661],[-78.8229,34.3671],[-78.8219,34.3707],[-78.8302,34.3788],[-78.8319,34.3828],[-78.8292,34.3876],[-78.839,34.4051],[-78.8443,34.4048],[-78.8455,34.4103],[-78.8388,34.4203],[-78.8225,34.4215],[-78.8332,34.4301],[-78.824,34.429],[-78.8178,34.4326],[-78.8154,34.4383],[-78.819,34.4453],[-78.8111,34.4467],[-78.8131,34.4515],[-78.8086,34.4597],[-78.792,34.4654],[-78.7785,34.4636],[-78.7878,34.476],[-78.7858,34.4976],[-78.7811,34.4997],[-78.7785,34.5113],[-78.7807,34.5195],[-78.76,34.5269],[-78.7496,34.5237],[-78.7486,34.5276],[-78.7369,34.527],[-78.7237,34.5356],[-78.7129,34.5383],[-78.71,34.5451],[-78.7022,34.5476],[-78.7076,34.5549],[-78.7069,34.5622],[-78.7122,34.5735],[-78.6746,34.5737],[-78.6584,34.5796],[-78.6654,34.596],[-78.6784,34.6108],[-78.701,34.6171],[-78.6995,34.6223],[-78.6874,34.6258],[-78.7025,34.6453],[-78.7223,34.649],[-78.7416,34.6668],[-78.7359,34.6742],[-78.7288,34.6725],[-78.7183,34.6823],[-78.7149,34.6787],[-78.7115,34.682],[-78.7056,34.6812],[-78.7019,34.6876],[-78.71,34.6935],[-78.7242,34.6972],[-78.7285,34.702],[-78.7374,34.7023],[-78.7492,34.7169],[-78.7781,34.7294],[-78.7914,34.7317],[-78.7983,34.7378],[-78.8052,34.7541],[-78.8044,34.764],[-78.8104,34.7676],[-78.8113,34.7819],[-78.8215,34.7977],[-78.8598,34.7997],[-78.8625,34.7963],[-78.8705,34.7997],[-78.8893,34.8263],[-78.8857,34.8391],[-78.9023,34.855],[-78.9049,34.8633],[-78.9047,34.8705],[-78.8938,34.8761],[-78.8909,34.8865],[-78.9019,34.8997],[-78.9078,34.9138],[-78.9174,34.9223],[-78.9341,34.9293],[-78.9496,34.9251],[-78.9647,34.9283],[-78.9736,34.9359],[-78.9854,34.9364],[-78.9944,34.9404],[-79.0004,34.9481],[-79.0102,34.9439],[-79.0099,34.9366],[-79.0211,34.9401],[-79.0306,34.9342],[-79.0304,34.9262],[-79.0343,34.9264],[-79.0365,34.9179],[-79.0454,34.9122],[-79.0526,34.9148],[-79.0589,34.9223],[-79.0632,34.916],[-79.0961,34.9232],[-79.1003,34.9265],[-79.0981,34.9328],[-79.105,34.9349],[-79.11,34.9439],[-79.1154,34.9415],[-79.1213,34.9518],[-79.1309,34.9577],[-79.149,34.9508],[-79.1587,34.9579],[-79.1667,34.9582],[-79.1777,34.965],[-79.1911,34.959],[-79.1924,34.9555],[-79.2064,34.9572],[-79.2183,34.964],[-79.2213,34.9636],[-79.2207,34.9601],[-79.225,34.9611],[-79.2337,34.972],[-79.2317,34.9754],[-79.2361,34.9776],[-79.2409,34.9891],[-79.2622,34.9894],[-79.273,34.9949],[-79.28,35.0028],[-79.3236,35.0121],[-79.3118,35.0169],[-79.3122,35.0295],[-79.3324,35.0378],[-79.3306,35.0481],[-79.3392,35.0489],[-79.3411,35.0555],[-79.3516,35.0659],[-79.3493,35.072],[-79.3631,35.0911],[-79.3608,35.0954],[-79.3636,35.1035],[-79.3731,35.111],[-79.3721,35.1154],[-79.3772,35.1173],[-79.3855,35.1283],[-79.3953,35.133],[-79.3815,35.145],[-79.3868,35.1566],[-79.3825,35.1668],[-79.4105,35.1699],[-79.4018,35.1849],[-79.4058,35.1978],[-79.4176,35.2006],[-79.4234,35.1974],[-79.4266,35.2067],[-79.4326,35.2082],[-79.4353,35.2044],[-79.4588,35.2027],[-79.4678,35.1951],[-79.476,35.1971],[-79.4774,35.1929],[-79.4922,35.194],[-79.5011,35.1911],[-79.505,35.195],[-79.5041,35.2028],[-79.5146,35.2057],[-79.5291,35.2236],[-79.5413,35.2271],[-79.558,35.2268],[-79.5718,35.232],[-79.5688,35.236],[-79.5707,35.2449],[-79.5756,35.2494],[-79.5764,35.2559],[-79.5888,35.2667],[-79.5983,35.2685],[-79.6031,35.2659],[-79.604,35.2717],[-79.6107,35.2771],[-79.6203,35.2819],[-79.6305,35.2807],[-79.6312,35.2886],[-79.6534,35.2894],[-79.6664,35.3009],[-79.6766,35.3038],[-79.6918,35.2967],[-79.6983,35.299]]]},"properties":{"huc8":"03040203","name":"Lumber"}},{"type":"Feature","geometry":{"type":"Polygon","coordinates":[[[-78.8512,35.7226],[-78.8526,35.7275],[-78.8556,35.7222],[-78.8715,35.7201],[-78.8894,35.7002],[-78.8956,35.6972],[-78.8982,35.6998],[-78.9021,35.6936],[-78.9103,35.694],[-78.9172,35.6884],[-78.9211,35.6897],[-78.9411,35.6754],[-78.95,35.6754],[-78.9681,35.6601],[-78.9817,35.6643],[-78.9934,35.644],[-78.985,35.6333],[-78.9845,35.6179],[-79.0023,35.6107],[-79.0056,35.6066],[-79.0217,35.6037],[-79.023,35.596],[-79.0307,35.596],[-79.0391,35.586],[-79.0504,35.5961],[-79.0628,35.5963],[-79.0753,35.6051],[-79.1045,35.6079],[-79.1118,35.6152],[-79.1254,35.6118],[-79.1252,35.609],[-79.1322,35.6042],[-79.1314,35.5963],[-79.1435,35.5952],[-79.1508,35.5908],[-79.1575,35.5801],[-79.1574,35.5748],[-79.1622,35.5732],[-79.1679,35.5648],[-79.1774,35.5608],[-79.1793,35.5552],[-79.1783,35.5489],[-79.1727,35.5469],[-79.1727,35.543],[-79.161,35.5306],[-79.1611,35.5222],[-79.1646,35.5184],[-79.1623,35.5172],[-79.169,35.5039],[-79.1677,35.4899],[-79.1593,35.4849],[-79.1567,35.4717],[-79.1455,35.4666],[-79.141,35.4608],[-79.1584,35.4546],[-79.1615,35.4582],[-79.1683,35.4585],[-79.1723,35.4438],[-79.1865,35.4384],[-79.2047,35.4366],[-79.2083,35.4397],[-79.2174,35.4388],[-79.2299,35.4202],[-79.2286,35.4159],[-79.2319,35.4122],[-79.2327,35.4066],[-79.2265,35.3991],[-79.2394,35.3888],[-79.2502,35.3894],[-79.2533,35.3856],[-79.2564,35.3913],[-79.2607,35.3925],[-79.2635,35.389],[-79.2701,35.3895],[-79.2757,35.3826],[-79.2842,35.3823],[-79.2842,35.3797],[-79.2912,35.3773],[-79.2955,35.3712],[-79.3042,35.3711],[-79.3086,35.3668],[-79.3083,35.3628],[-79.3169,35.3654],[-79.3248,35.3597],[-79.3305,35.3642],[-79.3437,35.3625],[-79.3492,35.367],[-79.3568,35.3652],[-79.3621,35.3536],[-79.3597,35.3495],[-79.3647,35.343],[-79.3926,35.3453],[-79.3977,35.3399],[-79.4078,35.3412],[-79.4092,35.3368],[-79.4027,35.3297],[-79.4199,35.3118],[-79.4268,35.3136],[-79.4449,35.3093],[-79.4673,35.3203],[-79.4798,35.309],[-79.4797,35.3015],[-79.4848,35.2972],[-79.4825,35.2937],[-79.4848,35.2887],[-79.49,35.2914],[-79.5139,35.2823],[-79.524,35.2848],[-79.5369,35.2769],[-79.5502,35.2773],[-79.5511,35.2736],[-79.5708,35.2721],[-79.5888,35.2667],[-79.5764,35.2559],[-79.5756,35.2494],[-79.5707,35.2449],[-79.5688,35.236],[-79.572,35.2323],[-79.558,35.2268],[-79.5413,35.2271],[-79.5291,35.2236],[-79.5146,35.2057],[-79.5041,35.2028],[-79.505,35.195],[-79.5011,35.1911],[-79.4922,35.194],[-79.4774,35.1929],[-79.476,35.1971],[-79.4678,35.1951],[-79.4588,35.2027],[-79.4353,35.2044],[-79.4326,35.2082],[-79.4266,35.2067],[-79.4234,35.1974],[-79.4176,35.2006],[-79.4058,35.1978],[-79.4018,35.1849],[-79.4105,35.1699],[-79.3825,35.1668],[-79.3868,35.1566],[-79.3815,35.145],[-79.3953,35.133],[-79.3855,35.1283],[-79.3772,35.1173],[-79.3721,35.1154],[-79.3731,35.111],[-79.3636,35.1035],[-79.3608,35.0954],[-79.3631,35.0911],[-79.3493,35.072],[-79.3516,35.0659],[-79.3411,35.0555],[-79.3392,35.0489],[-79.3306,35.0481],[-79.3324,35.0378],[-79.3122,35.0295],[-79.3118,35.0169],[-79.3236,35.0121],[-79.28,35.0028],[-79.273,34.9949],[-79.2622,34.9894],[-79.2409,34.9891],[-79.2361,34.9776],[-79.2317,34.9754],[-79.2337,34.972],[-79.225,34.9611],[-79.2207,34.9601],[-79.2213,34.9636],[-79.2183,34.964],[-79.2064,34.9572],[-79.1924,34.9555],[-79.1911,34.959],[-79.1777,34.965],[-79.1667,34.9582],[-79.1587,34.9579],[-79.149,34.9508],[-79.1309,34.9577],[-79.1213,34.9518],[-79.1154,34.9415],[-79.11,34.9439],[-79.105,34.9349],[-79.0981,34.9328],[-79.1003,34.9265],[-79.0961,34.9232],[-79.0632,34.916],[-79.0589,34.9223],[-79.0526,34.9148],[-79.0454,34.9122],[-79.0365,34.9179],[-79.0343,34.9264],[-79.0304,34.9262],[-79.0306,34.9342],[-79.0211,34.9401],[-79.0099,34.9366],[-79.0102,34.9439],[-79.0004,34.9481],[-78.9952,34.941],[-78.9874,34.9371],[-78.9736,34.9359],[-78.9669,34.9292],[-78.9522,34.9253],[-78.9421,34.9269],[-78.9354,34.9333],[-78.9247,34.936],[-78.905,34.9308],[-78.8979,34.9342],[-78.8871,34.9333],[-78.8824,34.9287],[-78.8719,34.9287],[-78.8588,34.9428],[-78.8445,34.9504],[-78.8367,34.9516],[-78.8183,34.9475],[-78.8158,34.9512],[-78.8172,34.9582],[-78.8094,34.9561],[-78.8035,34.9634],[-78.7954,34.9656],[-78.7952,34.9702],[-78.7875,34.9732],[-78.7774,34.9682],[-78.7714,34.9696],[-78.7704,34.9833],[-78.7564,34.9872],[-78.7579,34.9999],[-78.753,35.0062],[-78.7701,35.0291],[-78.7628,35.0358],[-78.7476,35.0365],[-78.7401,35.0444],[-78.7501,35.0573],[-78.7488,35.063],[-78.7394,35.0686],[-78.7466,35.0774],[-78.7474,35.0955],[-78.7317,35.1104],[-78.73,35.1226],[-78.7134,35.1206],[-78.7004,35.1247],[-78.6897,35.1442],[-78.6923,35.1485],[-78.6895,35.1588],[-78.6906,35.1729],[-78.6826,35.1789],[-78.6694,35.1806],[-78.6621,35.1861],[-78.6615,35.1955],[-78.6684,35.2135],[-78.6647,35.2238],[-78.6703,35.2349],[-78.6702,35.2439],[-78.6666,35.2582],[-78.655,35.2735],[-78.6565,35.2792],[-78.6629,35.2849],[-78.6606,35.2907],[-78.6632,35.2943],[-78.6572,35.2994],[-78.6587,35.3125],[-78.6639,35.3166],[-78.6656,35.3247],[-78.6619,35.3289],[-78.6562,35.3276],[-78.6465,35.3368],[-78.6271,35.3779],[-78.6395,35.3881],[-78.6448,35.3888],[-78.6517,35.4004],[-78.6636,35.4029],[-78.6699,35.4077],[-78.6767,35.4224],[-78.6736,35.4318],[-78.6844,35.4416],[-78.6863,35.4552],[-78.6929,35.4605],[-78.6959,35.4745],[-78.7038,35.4772],[-78.7098,35.4732],[-78.7146,35.4798],[-78.7256,35.4791],[-78.7364,35.4874],[-78.7401,35.496],[-78.7557,35.5025],[-78.7549,35.5066],[-78.7474,35.5064],[-78.7386,35.5145],[-78.7327,35.5285],[-78.7396,35.5314],[-78.7497,35.5438],[-78.7574,35.545],[-78.7539,35.5584],[-78.7658,35.5636],[-78.774,35.591],[-78.793,35.5924],[-78.8037,35.6016],[-78.8189,35.5959],[-78.8303,35.5988],[-78.8341,35.5963],[-78.842,35.6038],[-78.8437,35.6121],[-78.84,35.6169],[-78.8434,35.6199],[-78.8409,35.6228],[-78.8521,35.6294],[-78.8509,35.6342],[-78.8462,35.6363],[-78.8488,35.6418],[-78.8407,35.6416],[-78.8329,35.6461],[-78.8323,35.6522],[-78.8354,35.6552],[-78.8424,35.654],[-78.8466,35.6566],[-78.8368,35.6603],[-78.835,35.6668],[-78.8298,35.671],[-78.8315,35.6804],[-78.8358,35.683],[-78.8346,35.6916],[-78.8307,35.6931],[-78.8353,35.7086],[-78.8418,35.7164],[-78.8499,35.7176],[-78.8512,35.7226]]]},"properties":{"huc8":"03030004","name":"Upper Cape Fear"}},{"type":"Feature","geometry":{"type":"Polygon","coordinates":[[[-80.0598,36.1006],[-80.0657,36.1166],[-80.0719,36.1232],[-80.0775,36.1169],[-80.0782,36.1025],[-80.0949,36.0892],[-80.1018,36.0875],[-80.1078,36.0798],[-80.1106,36.0635],[-80.1171,36.0497],[-80.1336,36.0454],[-80.1391,36.0333],[-80.1468,36.0337],[-80.1513,36.0277],[-80.1572,36.0291],[-80.1589,36.0247],[-80.1679,36.0223],[-80.1712,36.0103],[-80.2081,35.9932],[-80.2118,35.9886],[-80.2107,35.9827],[-80.225,35.9745],[-80.2181,35.9585],[-80.2199,35.9487],[-80.2288,35.9402],[-80.2389,35.9363],[-80.2405,35.9249],[-80.2485,35.9219],[-80.2483,35.9178],[-80.2569,35.9094],[-80.2567,35.9048],[-80.2656,35.905],[-80.28,35.8931],[-80.2892,35.896],[-80.2986,35.8908],[-80.3081,35.8798],[-80.3186,35.8783],[-80.3169,35.8728],[-80.3262,35.856],[-80.3254,35.8512],[-80.3386,35.8449],[-80.3407,35.8416],[-80.3381,35.8303],[-80.3464,35.8277],[-80.3525,35.8201],[-80.3657,35.8184],[-80.3813,35.8033],[-80.4118,35.8002],[-80.4088,35.7943],[-80.4178,35.7871],[-80.413,35.78],[-80.414,35.765],[-80.4254,35.761],[-80.4345,35.766],[-80.4359,35.7617],[-80.4426,35.7606],[-80.455,35.7456],[-80.4644,35.747],[-80.4695,35.753],[-80.4781,35.7527],[-80.4857,35.7573],[-80.4938,35.7534],[-80.5042,35.7547],[-80.5079,35.7497],[-80.5142,35.7492],[-80.5161,35.7452],[-80.5294,35.7443],[-80.5338,35.7382],[-80.5339,35.7146],[-80.541,35.7054],[-80.5553,35.7051],[-80.5619,35.697],[-80.5637,35.6888],[-80.5827,35.6851],[-80.581,35.6779],[-80.5876,35.6561],[-80.5932,35.6535],[-80.6007,35.6425],[-80.6112,35.637],[-80.6205,35.6256],[-80.632,35.6194],[-80.6328,35.6109],[-80.6389,35.6078],[-80.6412,35.5972],[-80.6516,35.5961],[-80.6515,35.5882],[-80.6548,35.5857],[-80.6522,35.5818],[-80.6562,35.5738],[-80.6529,35.5683],[-80.6434,35.5661],[-80.6322,35.5564],[-80.6203,35.5526],[-80.6167,35.5441],[-80.6142,35.5443],[-80.597,35.5574],[-80.5875,35.5594],[-80.5828,35.5699],[-80.5682,35.5738],[-80.5548,35.5842],[-80.5514,35.5819],[-80.5506,35.5727],[-80.5397,35.5651],[-80.529,35.5657],[-80.5122,35.5609],[-80.5084,35.5561],[-80.4937,35.5534],[-80.4784,35.5262],[-80.466,35.5254],[-80.4583,35.5205],[-80.4573,35.5151],[-80.4498,35.5159],[-80.4339,35.5038],[-80.423,35.5035],[-80.4177,35.5001],[-80.4156,35.4894],[-80.4108,35.488],[-80.4059,35.4886],[-80.4023,35.4954],[-80.3957,35.4973],[-80.3947,35.5024],[-80.387,35.506],[-80.3745,35.5194],[-80.363,35.5216],[-80.3601,35.5315],[-80.3544,35.5331],[-80.3388,35.5182],[-80.3332,35.5178],[-80.316,35.5043],[-80.3156,35.5009],[-80.3075,35.497],[-80.297,35.4852],[-80.2851,35.4848],[-80.2763,35.478],[-80.2744,35.4793],[-80.2727,35.4745],[-80.2656,35.4704],[-80.2642,35.4605],[-80.2383,35.4563],[-80.2339,35.4456],[-80.2289,35.4455],[-80.2305,35.4428],[-80.2278,35.4393],[-80.2206,35.4431],[-80.2185,35.441],[-80.2188,35.4457],[-80.2064,35.4493],[-80.1975,35.4561],[-80.1939,35.4537],[-80.1853,35.455],[-80.1866,35.4504],[-80.1833,35.4435],[-80.1674,35.4384],[-80.1555,35.4507],[-80.1451,35.4521],[-80.1481,35.444],[-80.1431,35.4378],[-80.1444,35.4317],[-80.1357,35.4295],[-80.1248,35.4205],[-80.119,35.4208],[-80.1249,35.4107],[-80.1227,35.4074],[-80.1107,35.4044],[-80.1082,35.4099],[-80.1036,35.4079],[-80.1073,35.4004],[-80.1001,35.3982],[-80.0976,35.3898],[-80.1011,35.3756],[-80.0937,35.3739],[-80.0886,35.3689],[-80.0709,35.3824],[-80.0625,35.3802],[-80.0481,35.3857],[-80.0338,35.3724],[-80.0215,35.3677],[-80.0095,35.3526],[-80.0128,35.3477],[-80.003,35.3362],[-79.9938,35.338],[-79.9919,35.3434],[-79.9966,35.3529],[-79.9906,35.3606],[-79.9941,35.3638],[-79.9726,35.3744],[-79.9673,35.3812],[-79.9697,35.3869],[-79.9726,35.3871],[-79.9676,35.3929],[-79.9713,35.3961],[-79.9603,35.408],[-79.9556,35.4089],[-79.9576,35.4121],[-79.9547,35.4206],[-79.949,35.4205],[-79.9485,35.4387],[-79.9432,35.4486],[-79.9409,35.451],[-79.9293,35.4501],[-79.9072,35.4698],[-79.9014,35.4806],[-79.896,35.4826],[-79.8897,35.48],[-79.886,35.4837],[-79.8888,35.487],[-79.8868,35.4976],[-79.891,35.5054],[-79.8856,35.5188],[-79.8897,35.5167],[-79.8963,35.5194],[-79.8974,35.5253],[-79.9059,35.5302],[-79.911,35.5292],[-79.9141,35.5362],[-79.9271,35.5346],[-79.9275,35.5458],[-79.9236,35.5484],[-79.9265,35.5521],[-79.9205,35.5599],[-79.9217,35.5696],[-79.9168,35.5745],[-79.9101,35.5718],[-79.9082,35.5773],[-79.901,35.5818],[-79.894,35.581],[-79.8944,35.601],[-79.9022,35.6009],[-79.903,35.6049],[-79.8909,35.6146],[-79.8877,35.6211],[-79.8824,35.622],[-79.8841,35.6262],[-79.8809,35.6328],[-79.87,35.6404],[-79.861,35.6386],[-79.8579,35.6515],[-79.8524,35.6536],[-79.849,35.662],[-79.8535,35.6676],[-79.8541,35.6772],[-79.8472,35.675],[-79.8427,35.6851],[-79.831,35.6857],[-79.8232,35.691],[-79.8119,35.6898],[-79.8142,35.7045],[-79.8267,35.7075],[-79.8302,35.7237],[-79.8281,35.7349],[-79.8223,35.7368],[-79.8223,35.7447],[-79.8172,35.7467],[-79.8151,35.7544],[-79.8199,35.7732],[-79.8158,35.7822],[-79.8167,35.7901],[-79.812,35.795],[-79.8207,35.8031],[-79.8281,35.803],[-79.8351,35.8136],[-79.8405,35.8134],[-79.8476,35.8196],[-79.8635,35.825],[-79.8671,35.835],[-79.8952,35.8404],[-79.8986,35.85],[-79.9069,35.8571],[-79.9057,35.8709],[-79.915,35.8747],[-79.9191,35.8817],[-79.9255,35.8845],[-79.9307,35.8819],[-79.9531,35.8821],[-79.9552,35.886],[-79.9717,35.8886],[-79.9706,35.8916],[-79.9821,35.8967],[-79.9906,35.907],[-79.9979,35.909],[-80.0002,35.92],[-80.0226,35.9288],[-80.0248,35.9392],[-80.0129,35.9549],[-80.0068,35.9578],[-80.0107,35.9669],[-80.0246,35.9796],[-80.0236,35.9924],[-80.03,35.9991],[-80.0356,35.9997],[-80.0439,36.0138],[-80.0397,36.0198],[-80.0393,36.0298],[-80.0447,36.0367],[-80.0493,36.0376],[-80.0487,36.0413],[-80.0672,36.0516],[-80.065,36.0549],[-80.067,36.0602],[-80.0592,36.0693],[-80.059,36.0748],[-80.0652,36.0807],[-80.0598,36.1006]]]},"properties":{"huc8":"03040103","name":"Lower Yadkin"}},{"type":"Feature","geometry":{"type":"Polygon","coordinates":[[[-79.8218,35.6907],[-79.831,35.6857],[-79.8427,35.6851],[-79.8472,35.675],[-79.8541,35.6772],[-79.8535,35.6676],[-79.849,35.662],[-79.8524,35.6536],[-79.8579,35.6515],[-79.861,35.6386],[-79.87,35.6404],[-79.8809,35.6328],[-79.8841,35.6262],[-79.8824,35.622],[-79.8877,35.6211],[-79.8909,35.6146],[-79.903,35.6049],[-79.9022,35.6009],[-79.8944,35.601],[-79.894,35.581],[-79.9006,35.582],[-79.9082,35.5773],[-79.9101,35.5718],[-79.9168,35.5745],[-79.9217,35.5696],[-79.9205,35.5599],[-79.9262,35.553],[-79.9236,35.5484],[-79.9275,35.5458],[-79.9288,35.5377],[-79.9269,35.5346],[-79.9141,35.5362],[-79.911,35.5292],[-79.9059,35.5302],[-79.8974,35.5253],[-79.8963,35.5194],[-79.8897,35.5167],[-79.8856,35.5188],[-79.891,35.5054],[-79.8868,35.4976],[-79.8888,35.487],[-79.886,35.4837],[-79.8897,35.48],[-79.896,35.4826],[-79.9014,35.4806],[-79.9072,35.4698],[-79.9293,35.4501],[-79.9409,35.451],[-79.9432,35.4486],[-79.9485,35.4387],[-79.949,35.4205],[-79.9547,35.4206],[-79.9576,35.4121],[-79.9556,35.4089],[-79.9603,35.408],[-79.9713,35.3961],[-79.9676,35.3929],[-79.9726,35.3871],[-79.9697,35.3869],[-79.9673,35.3812],[-79.9726,35.3744],[-79.9941,35.3638],[-79.9906,35.3606],[-79.9966,35.3529],[-79.9919,35.3419],[-79.997,35.336],[-80.003,35.3362],[-80.011,35.3449],[-80.0128,35.3477],[-80.0095,35.3526],[-80.0215,35.3677],[-80.0338,35.3724],[-80.0481,35.3857],[-80.0625,35.3802],[-80.0709,35.3824],[-80.0886,35.3689],[-80.0937,35.3739],[-80.1011,35.3756],[-80.0976,35.3898],[-80.1001,35.3982],[-80.1073,35.4004],[-80.1036,35.4079],[-80.1082,35.4099],[-80.1107,35.4044],[-80.1227,35.4074],[-80.1249,35.4107],[-80.119,35.4208],[-80.1248,35.4205],[-80.1357,35.4295],[-80.1444,35.4317],[-80.1431,35.4378],[-80.1481,35.444],[-80.1451,35.4521],[-80.1555,35.4507],[-80.1674,35.4384],[-80.1833,35.4435],[-80.1866,35.4504],[-80.1853,35.455],[-80.1939,35.4537],[-80.1975,35.4561],[-80.2049,35.4526],[-80.2058,35.4476],[-80.2004,35.4467],[-80.2,35.4424],[-80.1957,35.4394],[-80.197,35.4343],[-80.184,35.4211],[-80.1826,35.4114],[-80.1723,35.4001],[-80.169,35.3898],[-80.1704,35.3769],[-80.1659,35.3734],[-80.166,35.3617],[-80.1627,35.3568],[-80.168,35.3494],[-80.1676,35.3328],[-80.1721,35.3286],[-80.1682,35.3231],[-80.172,35.3177],[-80.1817,35.3142],[-80.1805,35.3108],[-80.1851,35.3065],[-80.183,35.3025],[-80.1853,35.3012],[-80.1803,35.2912],[-80.1893,35.2766],[-80.1708,35.2664],[-80.1704,35.2539],[-80.1647,35.2483],[-80.1673,35.2333],[-80.1642,35.2299],[-80.1407,35.2317],[-80.1269,35.2214],[-80.1166,35.2248],[-80.1063,35.2092],[-80.0971,35.2055],[-80.0981,35.1974],[-80.0938,35.1934],[-80.0859,35.1924],[-80.0855,35.1865],[-80.0773,35.178],[-80.0755,35.1658],[-80.0698,35.1649],[-80.0665,35.16],[-80.0737,35.1523],[-80.077,35.143],[-80.0858,35.1536],[-80.1173,35.1418],[-80.1273,35.1488],[-80.1395,35.1487],[-80.1386,35.1458],[-80.1439,35.1418],[-80.1457,35.1356],[-80.1441,35.1282],[-80.168,35.0904],[-80.1652,35.08],[-80.1747,35.078],[-80.1773,35.0743],[-80.1749,35.0709],[-80.1829,35.0675],[-80.1788,35.0619],[-80.1882,35.0515],[-80.1884,35.0455],[-80.1945,35.0399],[-80.1974,35.0288],[-80.2125,35.0263],[-80.2225,35.0137],[-80.2343,35.0075],[-80.245,35.0106],[-80.2498,35.0074],[-80.2516,35.0046],[-80.2488,35.0027],[-80.2655,34.9917],[-80.2833,34.9714],[-80.283,34.9674],[-80.2921,34.9603],[-80.2933,34.9506],[-80.2993,34.9405],[-80.31,34.9353],[-80.3087,34.9269],[-80.3133,34.9207],[-80.3288,34.9138],[-80.3266,34.9094],[-80.33,34.9018],[-80.3255,34.8976],[-80.3374,34.8879],[-80.3343,34.8827],[-80.336,34.8746],[-80.348,34.8665],[-80.3493,34.862],[-80.3567,34.8645],[-80.363,34.8617],[-80.3809,34.8626],[-80.3851,34.8484],[-80.4044,34.8327],[-80.4037,34.8232],[-80.3993,34.8172],[-80.4031,34.8151],[-80.4093,34.802],[-80.3981,34.7892],[-80.3965,34.7825],[-80.3914,34.7804],[-80.391,34.7759],[-80.3813,34.7778],[-80.3737,34.7754],[-80.3657,34.7839],[-80.3594,34.7845],[-80.3506,34.8017],[-80.3531,34.8059],[-80.346,34.8126],[-80.3375,34.8143],[-80.3341,34.8249],[-80.3286,34.8264],[-80.3276,34.8301],[-80.3123,34.8337],[-80.3141,34.8396],[-80.3057,34.8536],[-80.2903,34.8545],[-80.2766,34.8484],[-80.2687,34.8534],[-80.263,34.8639],[-80.2506,34.8712],[-80.2465,34.8806],[-80.2353,34.8847],[-80.2353,34.8897],[-80.2271,34.8981],[-80.2096,34.9034],[-80.1957,34.9141],[-80.1871,34.9075],[-80.1882,34.9053],[-80.1826,34.8989],[-80.1717,34.8994],[-80.1642,34.8912],[-80.1542,34.9032],[-80.1419,34.9007],[-80.1445,34.909],[-80.1424,34.9183],[-80.133,34.9254],[-80.1226,34.9247],[-80.1155,34.9309],[-80.1116,34.9368],[-80.1129,34.9408],[-80.0955,34.9512],[-80.0877,34.9639],[-80.0775,34.9667],[-80.0785,34.9756],[-80.0746,34.9749],[-80.0698,34.9811],[-80.0533,34.9833],[-80.0422,34.9924],[-80.0359,34.9913],[-80.0272,34.9833],[-80.0224,34.9851],[-80.0132,34.9777],[-80.0009,34.9761],[-79.9859,34.9671],[-79.9775,34.9679],[-79.9674,34.9631],[-79.9627,34.9633],[-79.9617,34.967],[-79.9562,34.9692],[-79.945,34.9627],[-79.9391,34.9638],[-79.9366,34.9679],[-79.9396,34.9743],[-79.9199,34.9828],[-79.9142,34.9781],[-79.895,34.9828],[-79.8891,34.9766],[-79.877,34.9744],[-79.8768,34.9818],[-79.8805,34.9859],[-79.8712,35.007],[-79.8692,35.0102],[-79.8558,35.0055],[-79.8421,35.0168],[-79.8454,35.0289],[-79.8344,35.0426],[-79.8346,35.0497],[-79.8241,35.051],[-79.8136,35.0596],[-79.8077,35.0602],[-79.804,35.0645],[-79.7974,35.0638],[-79.7854,35.0707],[-79.7725,35.0731],[-79.7612,35.0704],[-79.7441,35.0914],[-79.7212,35.1026],[-79.7117,35.1272],[-79.7267,35.1403],[-79.7204,35.1428],[-79.7208,35.1466],[-79.7148,35.1522],[-79.7198,35.1693],[-79.7277,35.1756],[-79.7265,35.2016],[-79.7311,35.2176],[-79.7263,35.2248],[-79.7249,35.235],[-79.7197,35.24],[-79.7342,35.2608],[-79.7396,35.264],[-79.739,35.2721],[-79.7432,35.277],[-79.7445,35.2854],[-79.7393,35.2912],[-79.7521,35.2979],[-79.7551,35.3075],[-79.7611,35.3099],[-79.7638,35.3285],[-79.7689,35.3325],[-79.7696,35.3384],[-79.7787,35.3417],[-79.7825,35.3514],[-79.7796,35.3592],[-79.782,35.3631],[-79.7763,35.3769],[-79.7881,35.3894],[-79.7836,35.4003],[-79.7877,35.4259],[-79.7814,35.431],[-79.7913,35.4535],[-79.7782,35.4617],[-79.7756,35.4669],[-79.7794,35.4734],[-79.7777,35.4819],[-79.7815,35.4855],[-79.7721,35.4928],[-79.7773,35.498],[-79.7791,35.5069],[-79.7765,35.5075],[-79.7781,35.5185],[-79.7702,35.5279],[-79.7779,35.5332],[-79.7743,35.5396],[-79.7817,35.5423],[-79.7748,35.5645],[-79.7779,35.5724],[-79.774,35.5765],[-79.7808,35.5778],[-79.7844,35.5876],[-79.8028,35.5945],[-79.8,35.5988],[-79.8077,35.6058],[-79.8055,35.6129],[-79.8136,35.6168],[-79.8223,35.6148],[-79.8246,35.6182],[-79.826,35.6255],[-79.8221,35.6331],[-79.827,35.6339],[-79.8271,35.6378],[-79.8241,35.643],[-79.8257,35.6458],[-79.8206,35.6517],[-79.8267,35.6607],[-79.8119,35.6898],[-79.8218,35.6907]]]},"properties":{"huc8":"03040104","name":"Upper Pee Dee"}},{"type":"Feature","geometry":{"type":"Polygon","coordinates":[[[-83.1967,36.0259],[-83.2009,36.0281],[-83.2131,36.0255],[-83.2111,36.008],[-83.2166,36.0056],[-83.2138,36.002],[-83.22,35.998],[-83.2188,35.9931],[-83.2222,35.9916],[-83.2315,35.9954],[-83.2355,35.9941],[-83.2361,35.9905],[-83.2463,35.9908],[-83.2588,35.9813],[-83.2556,35.9726],[-83.2622,35.9694],[-83.2633,35.9641],[-83.2603,35.9594],[-83.2631,35.9558],[-83.2606,35.9487],[-83.2649,35.9402],[-83.2689,35.9396],[-83.2718,35.9331],[-83.2852,35.9223],[-83.2835,35.9187],[-83.2939,35.9105],[-83.2981,35.9012],[-83.3027,35.8977],[-83.3059,35.9002],[-83.3173,35.891],[-83.3075,35.8867],[-83.3101,35.8828],[-83.3085,35.8715],[-83.2901,35.8686],[-83.2904,35.8579],[-83.2936,35.8544],[-83.2872,35.8534],[-83.2829,35.8382],[-83.2704,35.8329],[-83.2716,35.8265],[-83.2618,35.8254],[-83.2635,35.8189],[-83.2726,35.8143],[-83.275,35.8161],[-83.2734,35.8196],[-83.2791,35.8231],[-83.281,35.8128],[-83.2784,35.8064],[-83.2873,35.7954],[-83.2857,35.7804],[-83.2754,35.7785],[-83.2812,35.7427],[-83.2811,35.733],[-83.2771,35.7302],[-83.2749,35.722],[-83.2764,35.7137],[-83.2553,35.715],[-83.2515,35.7091],[-83.2574,35.7051],[-83.2543,35.6955],[-83.2152,35.6924],[-83.207,35.6811],[-83.1999,35.6812],[-83.1823,35.6712],[-83.1951,35.6607],[-83.1962,35.6545],[-83.2029,35.6495],[-83.2023,35.6443],[-83.1999,35.6412],[-83.1874,35.6408],[-83.1774,35.6318],[-83.1763,35.6274],[-83.1819,35.6179],[-83.1762,35.6123],[-83.1856,35.599],[-83.1835,35.5861],[-83.167,35.5788],[-83.1617,35.5678],[-83.1634,35.5646],[-83.1563,35.5531],[-83.163,35.5483],[-83.1654,35.5384],[-83.1718,35.5376],[-83.17,35.5312],[-83.1741,35.5217],[-83.1862,35.5144],[-83.1857,35.5117],[-83.1641,35.5094],[-83.1603,35.5018],[-83.1613,35.4963],[-83.1381,35.4908],[-83.1401,35.4846],[-83.1365,35.4793],[-83.1377,35.4641],[-83.1092,35.4641],[-83.0929,35.4579],[-83.0901,35.4485],[-83.0793,35.4478],[-83.0798,35.4345],[-83.0637,35.4257],[-83.0559,35.4256],[-83.0448,35.4155],[-83.0438,35.3943],[-83.0296,35.3868],[-83.0249,35.3802],[-83.007,35.3774],[-82.9903,35.3675],[-82.9864,35.3564],[-82.9773,35.3506],[-82.978,35.3444],[-82.9717,35.3429],[-82.9647,35.3333],[-82.9646,35.3155],[-82.9548,35.3161],[-82.9496,35.3065],[-82.9275,35.3031],[-82.9212,35.2924],[-82.9179,35.2916],[-82.9137,35.2977],[-82.8997,35.3052],[-82.8953,35.3038],[-82.8934,35.3075],[-82.8839,35.3086],[-82.8769,35.3144],[-82.8317,35.3185],[-82.8249,35.3242],[-82.8228,35.3316],[-82.8146,35.3367],[-82.8148,35.3439],[-82.805,35.3481],[-82.796,35.3644],[-82.7918,35.367],[-82.7874,35.3813],[-82.7744,35.3935],[-82.746,35.4071],[-82.7494,35.4132],[-82.7453,35.4234],[-82.7562,35.4254],[-82.7818,35.4393],[-82.7861,35.4568],[-82.794,35.4645],[-82.7946,35.4692],[-82.8108,35.4731],[-82.8189,35.4863],[-82.8128,35.5044],[-82.8155,35.5144],[-82.822,35.5201],[-82.8219,35.5284],[-82.8251,35.532],[-82.8324,35.5287],[-82.8355,35.5346],[-82.8285,35.539],[-82.8251,35.5503],[-82.8179,35.5504],[-82.8198,35.5624],[-82.8143,35.5686],[-82.8187,35.5824],[-82.7992,35.5978],[-82.8037,35.6108],[-82.8095,35.6176],[-82.8103,35.6261],[-82.814,35.6279],[-82.8312,35.6197],[-82.836,35.6215],[-82.8462,35.6144],[-82.8519,35.6172],[-82.8517,35.6352],[-82.8651,35.6345],[-82.8685,35.6451],[-82.8748,35.6514],[-82.8722,35.6572],[-82.8779,35.6627],[-82.8768,35.666],[-82.8879,35.6727],[-82.8838,35.6784],[-82.9011,35.6849],[-82.8982,35.6907],[-82.9004,35.6961],[-82.8987,35.7035],[-82.9105,35.716],[-82.907,35.7185],[-82.9075,35.7274],[-82.9177,35.7447],[-82.9232,35.7468],[-82.9361,35.7449],[-82.9482,35.7389],[-82.9571,35.7467],[-82.9568,35.7575],[-82.9528,35.7586],[-82.9499,35.7746],[-82.9602,35.7907],[-82.9693,35.7899],[-82.9839,35.7782],[-82.9978,35.7732],[-83.0056,35.7784],[-83.0157,35.7821],[-83.0202,35.7804],[-83.0362,35.7876],[-83.0443,35.7856],[-83.0526,35.7898],[-83.0639,35.7869],[-83.0743,35.7902],[-83.0829,35.7871],[-83.1023,35.8048],[-83.1102,35.8059],[-83.1101,35.8142],[-83.0967,35.8237],[-83.1078,35.8304],[-83.1036,35.8361],[-83.1039,35.8448],[-83.1142,35.8464],[-83.1134,35.8499],[-83.1194,35.8571],[-83.1357,35.8591],[-83.1366,35.8641],[-83.1437,35.865],[-83.1261,35.8874],[-83.125,35.9023],[-83.1312,35.9114],[-83.1376,35.9131],[-83.1338,35.915],[-83.135,35.9188],[-83.1475,35.9237],[-83.1495,35.9441],[-83.1549,35.9409],[-83.1569,35.9441],[-83.1548,35.9501],[-83.1488,35.954],[-83.1562,35.9674],[-83.1615,35.9651],[-83.1756,35.9749],[-83.1779,35.9792],[-83.1731,35.983],[-83.178,35.9955],[-83.1989,36.0142],[-83.1998,36.0211],[-83.1967,36.0259]]]},"properties":{"huc8":"06010106","name":"Pigeon"}},{"type":"Feature","geometry":{"type":"Polygon","coordinates":[[[-78.8279,36.4259],[-78.8305,36.429],[-78.8391,36.4243],[-78.844,36.4132],[-78.851,36.409],[-78.8516,36.3923],[-78.8557,36.3933],[-78.8575,36.3895],[-78.8648,36.389],[-78.8706,36.3783],[-78.8635,36.3737],[-78.8684,36.3632],[-78.8667,36.3579],[-78.8625,36.3526],[-78.8484,36.3462],[-78.8455,36.3384],[-78.8398,36.338],[-78.842,36.3333],[-78.838,36.3243],[-78.8442,36.3177],[-78.8435,36.3012],[-78.8523,36.2979],[-78.8528,36.2918],[-78.8596,36.2869],[-78.8472,36.2821],[-78.843,36.2683],[-78.8377,36.2676],[-78.8371,36.2617],[-78.8293,36.2591],[-78.8308,36.2552],[-78.8178,36.26],[-78.8083,36.2803],[-78.7993,36.2839],[-78.7907,36.2811],[-78.7829,36.2851],[-78.7806,36.2756],[-78.7668,36.2704],[-78.7679,36.263],[-78.7639,36.2591],[-78.765,36.2549],[-78.7592,36.2505],[-78.7596,36.2417],[-78.7494,36.2383],[-78.7496,36.2321],[-78.7453,36.2277],[-78.7255,36.2228],[-78.7234,36.2169],[-78.7078,36.2169],[-78.7058,36.2114],[-78.6819,36.2062],[-78.6806,36.1979],[-78.6848,36.1953],[-78.6822,36.186],[-78.6711,36.1826],[-78.659,36.1833],[-78.6557,36.1766],[-78.6417,36.1643],[-78.6305,36.1685],[-78.6282,36.1618],[-78.6217,36.158],[-78.612,36.1582],[-78.6107,36.1503],[-78.6015,36.1506],[-78.5892,36.1415],[-78.5803,36.1425],[-78.5793,36.1458],[-78.5729,36.1371],[-78.577,36.1308],[-78.5739,36.1273],[-78.5766,36.1229],[-78.5745,36.1141],[-78.5638,36.1127],[-78.5586,36.1065],[-78.551,36.1061],[-78.5482,36.0942],[-78.5418,36.0858],[-78.5363,36.084],[-78.5408,36.0719],[-78.5374,36.0677],[-78.5164,36.0677],[-78.5015,36.0535],[-78.5019,36.0386],[-78.4898,36.0386],[-78.4815,36.0339],[-78.4786,36.0264],[-78.4656,36.0235],[-78.4591,36.0268],[-78.449,36.0194],[-78.4384,36.0179],[-78.4372,36.0094],[-78.4314,36.0025],[-78.3856,35.9827],[-78.3788,35.9732],[-78.3736,35.9538],[-78.3585,35.9506],[-78.3564,35.9419],[-78.3505,35.9408],[-78.3484,35.9372],[-78.3308,35.936],[-78.3288,35.9312],[-78.3118,35.923],[-78.302,35.9109],[-78.2949,35.9104],[-78.2794,35.8919],[-78.2743,35.8951],[-78.2684,35.8934],[-78.2661,35.8998],[-78.2573,35.9042],[-78.2623,35.9117],[-78.2601,35.9135],[-78.2453,35.9103],[-78.2392,35.9135],[-78.2325,35.911],[-78.2258,35.9128],[-78.2175,35.9087],[-78.2066,35.9143],[-78.1945,35.9138],[-78.1934,35.9069],[-78.1896,35.9066],[-78.1811,35.8974],[-78.1701,35.9027],[-78.1585,35.9028],[-78.1565,35.8929],[-78.1464,35.8872],[-78.1464,35.8807],[-78.1352,35.8799],[-78.1332,35.8704],[-78.1262,35.8607],[-78.1012,35.87],[-78.0864,35.8647],[-78.0767,35.8669],[-78.0369,35.8627],[-78.0332,35.8605],[-78.0348,35.8556],[-78.0303,35.8497],[-78.0222,35.8514],[-78.0093,35.8468],[-77.9974,35.8347],[-77.9797,35.8235],[-77.9606,35.8178],[-77.9489,35.8205],[-77.9396,35.8162],[-77.9289,35.8292],[-77.9185,35.8306],[-77.9155,35.8358],[-77.8939,35.8456],[-77.8738,35.8727],[-77.8621,35.8792],[-77.8503,35.8779],[-77.841,35.8808],[-77.8418,35.8863],[-77.8322,35.8887],[-77.8257,35.9015],[-77.8201,35.9047],[-77.823,35.9151],[-77.8179,35.9238],[-77.8063,35.9241],[-77.7984,35.929],[-77.7871,35.928],[-77.7711,35.9215],[-77.766,35.9248],[-77.76,35.9214],[-77.7501,35.9249],[-77.7402,35.9217],[-77.7249,35.9273],[-77.7075,35.9215],[-77.6923,35.9225],[-77.6619,35.9178],[-77.6548,35.9066],[-77.6374,35.9093],[-77.6312,35.9047],[-77.6265,35.8864],[-77.6144,35.8839],[-77.5882,35.8675],[-77.5839,35.8687],[-77.5835,35.8787],[-77.5806,35.8799],[-77.5912,35.9012],[-77.5856,35.9065],[-77.5909,35.9128],[-77.5854,35.917],[-77.5838,35.9229],[-77.5713,35.9307],[-77.5627,35.9249],[-77.5511,35.9221],[-77.5463,35.916],[-77.5402,35.9174],[-77.5346,35.9223],[-77.5372,35.9303],[-77.5312,35.9353],[-77.53,35.941],[-77.5179,35.9416],[-77.5434,35.9547],[-77.5511,35.9543],[-77.5538,35.9478],[-77.5615,35.9548],[-77.5613,35.9587],[-77.5708,35.9705],[-77.5652,35.9862],[-77.579,35.9929],[-77.5795,36.0022],[-77.5734,36.0107],[-77.5814,36.0096],[-77.5921,36.0182],[-77.6002,36.012],[-77.6112,36.0116],[-77.6168,36.0147],[-77.6134,36.0216],[-77.6179,36.0314],[-77.6137,36.0437],[-77.6188,36.0489],[-77.6084,36.0659],[-77.6151,36.0702],[-77.6161,36.0773],[-77.6236,36.0794],[-77.6239,36.0831],[-77.6225,36.0874],[-77.6168,36.0902],[-77.6151,36.0993],[-77.6379,36.0969],[-77.6497,36.1046],[-77.6638,36.1027],[-77.6877,36.107],[-77.6898,36.1135],[-77.7002,36.115],[-77.7016,36.1202],[-77.7066,36.1163],[-77.7171,36.1202],[-77.7148,36.1094],[-77.721,36.1055],[-77.7325,36.1067],[-77.7337,36.1101],[-77.7447,36.1139],[-77.7634,36.1164],[-77.793,36.1035],[-77.8008,36.103],[-77.8096,36.0916],[-77.8298,36.087],[-77.8387,36.0781],[-77.8466,36.0768],[-77.8723,36.0925],[-77.8754,36.0971],[-77.8745,36.1029],[-77.8822,36.1097],[-77.8914,36.1048],[-77.9005,36.106],[-77.9036,36.1101],[-77.9007,36.1182],[-77.9026,36.1209],[-77.9106,36.1248],[-77.913,36.1178],[-77.9243,36.1283],[-77.9217,36.1302],[-77.9236,36.133],[-77.9315,36.1339],[-77.9361,36.138],[-77.9351,36.1433],[-77.9557,36.1534],[-77.9581,36.1601],[-77.9658,36.1645],[-77.983,36.1648],[-77.9883,36.1553],[-78.0023,36.1476],[-78.0152,36.1512],[-78.019,36.1584],[-78.0369,36.1613],[-78.0491,36.1755],[-78.0558,36.1759],[-78.0604,36.1799],[-78.0599,36.1874],[-78.0628,36.1905],[-78.1131,36.1854],[-78.1222,36.194],[-78.1328,36.1943],[-78.1452,36.1898],[-78.1528,36.199],[-78.1731,36.1931],[-78.1858,36.1983],[-78.1858,36.203],[-78.1944,36.2091],[-78.1963,36.2222],[-78.207,36.2232],[-78.2149,36.2311],[-78.2223,36.2311],[-78.2217,36.2379],[-78.2344,36.2525],[-78.2422,36.2569],[-78.244,36.2614],[-78.2384,36.2694],[-78.2434,36.2799],[-78.252,36.2797],[-78.2589,36.2837],[-78.2601,36.2881],[-78.2669,36.2912],[-78.2731,36.3051],[-78.2811,36.3085],[-78.2907,36.3198],[-78.298,36.3201],[-78.298,36.3269],[-78.3027,36.3306],[-78.3035,36.3479],[-78.3143,36.3489],[-78.3231,36.3588],[-78.3307,36.3565],[-78.3388,36.3613],[-78.357,36.3484],[-78.3877,36.3479],[-78.3976,36.3303],[-78.408,36.3203],[-78.414,36.3198],[-78.4469,36.3393],[-78.4529,36.3531],[-78.4685,36.354],[-78.4728,36.3592],[-78.5058,36.35],[-78.5226,36.3524],[-78.5244,36.3566],[-78.5337,36.3597],[-78.5407,36.367],[-78.5384,36.3728],[-78.5404,36.3766],[-78.5501,36.38],[-78.5752,36.3812],[-78.5794,36.3845],[-78.5949,36.3768],[-78.6004,36.3815],[-78.6128,36.3684],[-78.6232,36.3646],[-78.6377,36.3696],[-78.6387,36.3737],[-78.6427,36.3728],[-78.6544,36.3813],[-78.6544,36.3866],[-78.6638,36.3862],[-78.6696,36.3913],[-78.6838,36.3857],[-78.6892,36.3882],[-78.6888,36.3921],[-78.6974,36.3934],[-78.6997,36.3972],[-78.7263,36.3944],[-78.7306,36.4095],[-78.7363,36.4115],[-78.7395,36.4174],[-78.746,36.4145],[-78.7511,36.4184],[-78.7613,36.4163],[-78.763,36.4109],[-78.7739,36.4067],[-78.788,36.4183],[-78.7941,36.4154],[-78.8019,36.4232],[-78.8127,36.4219],[-78.8188,36.4278],[-78.8249,36.4288],[-78.8279,36.4259]]]},"properties":{"huc8":"03020101","name":"Upper Tar"}},{"type":"Feature","geometry":{"type":"Polygon","coordinates":[[[-78.1812,36.4502],[-78.2047,36.4427],[-78.2124,36.4439],[-78.2226,36.4371],[-78.2347,36.438],[-78.2458,36.4306],[-78.2585,36.427],[-78.259,36.4228],[-78.2665,36.4189],[-78.2909,36.4276],[-78.289,36.4248],[-78.293,36.4155],[-78.3305,36.3941],[-78.3377,36.3941],[-78.3472,36.3844],[-78.3494,36.3747],[-78.3389,36.3705],[-78.3368,36.3588],[-78.329,36.3565],[-78.3232,36.3588],[-78.3143,36.3489],[-78.3035,36.3479],[-78.3027,36.3306],[-78.298,36.3269],[-78.298,36.3201],[-78.2907,36.3198],[-78.2811,36.3085],[-78.2731,36.3051],[-78.2669,36.2912],[-78.2601,36.2881],[-78.2589,36.2837],[-78.252,36.2797],[-78.2434,36.2799],[-78.2384,36.2694],[-78.244,36.2614],[-78.2422,36.2569],[-78.2344,36.2525],[-78.2217,36.2379],[-78.2223,36.2311],[-78.2149,36.2311],[-78.207,36.2232],[-78.1963,36.2222],[-78.1944,36.2091],[-78.1858,36.203],[-78.1858,36.1983],[-78.1731,36.1931],[-78.1528,36.199],[-78.1452,36.1898],[-78.1328,36.1943],[-78.1222,36.194],[-78.1131,36.1854],[-78.0628,36.1905],[-78.0599,36.1874],[-78.0604,36.1799],[-78.0558,36.1759],[-78.0491,36.1755],[-78.0369,36.1613],[-78.019,36.1584],[-78.0152,36.1512],[-78.0023,36.1476],[-77.9883,36.1553],[-77.983,36.1648],[-77.9658,36.1645],[-77.9581,36.1601],[-77.9557,36.1534],[-77.9351,36.1433],[-77.9361,36.138],[-77.9315,36.1339],[-77.9236,36.133],[-77.9217,36.1302],[-77.9243,36.1283],[-77.913,36.1178],[-77.9106,36.1248],[-77.9026,36.1209],[-77.9007,36.1182],[-77.9036,36.1101],[-77.9005,36.106],[-77.8914,36.1048],[-77.8822,36.1097],[-77.8745,36.1029],[-77.8754,36.0971],[-77.8723,36.0925],[-77.8466,36.0768],[-77.8387,36.0781],[-77.8298,36.087],[-77.8096,36.0916],[-77.8008,36.103],[-77.793,36.1035],[-77.7634,36.1164],[-77.7447,36.1139],[-77.7337,36.1101],[-77.7325,36.1067],[-77.721,36.1055],[-77.7148,36.1094],[-77.7171,36.1202],[-77.7066,36.1163],[-77.7016,36.1202],[-77.7002,36.115],[-77.6898,36.1135],[-77.6877,36.107],[-77.6638,36.1027],[-77.6497,36.1046],[-77.6379,36.0969],[-77.6151,36.0993],[-77.6168,36.0902],[-77.6225,36.0874],[-77.6239,36.0831],[-77.6236,36.0794],[-77.6161,36.0773],[-77.6151,36.0702],[-77.6084,36.0659],[-77.6188,36.0489],[-77.6137,36.0437],[-77.6171,36.0387],[-77.6175,36.0278],[-77.6134,36.0216],[-77.617,36.0151],[-77.6112,36.0116],[-77.6012,36.0119],[-77.5921,36.0182],[-77.5814,36.0096],[-77.5734,36.0107],[-77.5795,36.0022],[-77.579,35.9929],[-77.5652,35.9862],[-77.5707,35.9702],[-77.5557,35.9479],[-77.5515,35.9487],[-77.5511,35.9543],[-77.5436,35.9548],[-77.5182,35.9433],[-77.5188,35.9391],[-77.511,35.942],[-77.5059,35.9383],[-77.4959,35.9419],[-77.4875,35.94],[-77.4839,35.9342],[-77.4855,35.9298],[-77.4695,35.9389],[-77.4415,35.939],[-77.4391,35.952],[-77.4253,35.949],[-77.4226,35.953],[-77.4119,35.9569],[-77.4071,35.9658],[-77.391,35.9723],[-77.3859,35.9819],[-77.3884,35.9978],[-77.3976,36.0003],[-77.4024,36.0075],[-77.4107,36.0123],[-77.4059,36.0174],[-77.391,36.0152],[-77.3889,36.0183],[-77.3947,36.0276],[-77.3908,36.0305],[-77.3785,36.0284],[-77.3705,36.0368],[-77.3667,36.0426],[-77.3659,36.0575],[-77.3598,36.0618],[-77.3627,36.0723],[-77.3602,36.0775],[-77.3723,36.0827],[-77.3945,36.0832],[-77.4053,36.0866],[-77.4127,36.0992],[-77.4139,36.1088],[-77.4072,36.1239],[-77.4177,36.1263],[-77.4216,36.1312],[-77.4195,36.14],[-77.4246,36.1443],[-77.4267,36.1514],[-77.4348,36.1534],[-77.4342,36.1587],[-77.4447,36.1585],[-77.4475,36.168],[-77.452,36.1689],[-77.4528,36.175],[-77.4476,36.1844],[-77.4525,36.1956],[-77.4604,36.2022],[-77.4743,36.2007],[-77.4851,36.2117],[-77.4877,36.2204],[-77.5068,36.2267],[-77.5211,36.2224],[-77.5293,36.2142],[-77.5323,36.2037],[-77.5454,36.2006],[-77.5495,36.2024],[-77.5727,36.1874],[-77.5832,36.1962],[-77.5943,36.1964],[-77.6024,36.2014],[-77.6035,36.2056],[-77.5976,36.2137],[-77.6121,36.2209],[-77.616,36.2275],[-77.6004,36.2486],[-77.595,36.2445],[-77.5897,36.2473],[-77.5881,36.2678],[-77.5971,36.2795],[-77.5946,36.2942],[-77.5912,36.298],[-77.592,36.3064],[-77.6012,36.3109],[-77.6039,36.3053],[-77.6098,36.3118],[-77.615,36.3114],[-77.6164,36.3081],[-77.623,36.3099],[-77.6233,36.318],[-77.6355,36.3242],[-77.6346,36.3286],[-77.6502,36.333],[-77.6609,36.3494],[-77.6682,36.3503],[-77.6728,36.364],[-77.6783,36.3669],[-77.6766,36.373],[-77.6894,36.3713],[-77.6949,36.3768],[-77.7105,36.3784],[-77.7162,36.3827],[-77.7202,36.381],[-77.7258,36.3873],[-77.7396,36.391],[-77.7491,36.3988],[-77.7534,36.4075],[-77.7489,36.4133],[-77.7508,36.4191],[-77.7725,36.4178],[-77.7826,36.3997],[-77.7914,36.3944],[-77.799,36.3975],[-77.7967,36.403],[-77.8091,36.4019],[-77.8173,36.4071],[-77.822,36.4031],[-77.833,36.4019],[-77.8338,36.4051],[-77.8454,36.4063],[-77.8558,36.4134],[-77.8614,36.4238],[-77.8708,36.4293],[-77.8946,36.4261],[-77.9002,36.4335],[-77.8997,36.4384],[-77.9048,36.4422],[-77.9095,36.4408],[-77.9125,36.4311],[-77.9323,36.4297],[-77.9413,36.4341],[-77.9407,36.4394],[-77.9457,36.4429],[-77.957,36.428],[-77.9727,36.4305],[-77.9792,36.4233],[-77.9933,36.4198],[-78.0002,36.423],[-78.0054,36.433],[-78.0312,36.4277],[-78.0639,36.4485],[-78.0758,36.4401],[-78.0904,36.4365],[-78.1116,36.4451],[-78.1186,36.4369],[-78.1322,36.4354],[-78.1467,36.4376],[-78.1532,36.4428],[-78.1812,36.4502]]]},"properties":{"huc8":"03020102","name":"Fishing"}},{"type":"Feature","geometry":{"type":"Polygon","coordinates":[[[-76.5443,35.277],[-76.5445,35.2812],[-76.5479,35.28],[-76.5643,35.2652],[-76.5668,35.2538],[-76.6231,35.2366],[-76.7125,35.2284],[-76.7316,35.241],[-76.7417,35.2425],[-76.7483,35.2249],[-76.7533,35.2233],[-76.7531,35.2043],[-76.8465,35.1981],[-76.8493,35.1821],[-76.8446,35.1664],[-76.8596,35.1595],[-76.8707,35.1674],[-76.8704,35.174],[-76.8743,35.1798],[-76.9015,35.1921],[-76.9195,35.2218],[-76.9435,35.219],[-76.9518,35.2146],[-76.9608,35.2293],[-76.9947,35.2342],[-77.0189,35.2164],[-77.0219,35.2056],[-77.0204,35.1962],[-77.045,35.1963],[-77.0569,35.1831],[-77.0626,35.181],[-77.0547,35.1679],[-77.071,35.155],[-77.0802,35.1426],[-77.0896,35.1418],[-77.1028,35.1282],[-77.1167,35.1245],[-77.1249,35.118],[-77.1521,35.1144],[-77.1599,35.1064],[-77.1721,35.1099],[-77.2001,35.0822],[-77.2222,35.0516],[-77.2346,35.0525],[-77.2431,35.0622],[-77.2413,35.0689],[-77.2449,35.0745],[-77.2472,35.0946],[-77.2456,35.108],[-77.2487,35.1135],[-77.2705,35.1234],[-77.2831,35.1232],[-77.2987,35.1332],[-77.3144,35.1385],[-77.3602,35.1502],[-77.3684,35.149],[-77.3824,35.1409],[-77.4114,35.1735],[-77.4381,35.184],[-77.4466,35.1839],[-77.4503,35.1944],[-77.4555,35.1976],[-77.473,35.1889],[-77.5236,35.1879],[-77.5449,35.1784],[-77.561,35.1784],[-77.5772,35.1711],[-77.5884,35.175],[-77.6074,35.1742],[-77.61,35.1667],[-77.6158,35.1633],[-77.628,35.1655],[-77.6312,35.1632],[-77.6402,35.1489],[-77.6367,35.1384],[-77.6436,35.1226],[-77.648,35.1204],[-77.674,35.1179],[-77.6878,35.1222],[-77.6981,35.1177],[-77.7083,35.108],[-77.7482,35.1174],[-77.7517,35.1126],[-77.7473,35.1003],[-77.7413,35.0953],[-77.7416,35.089],[-77.749,35.0851],[-77.7518,35.0595],[-77.757,35.0535],[-77.7521,35.049],[-77.7377,35.0461],[-77.7397,35.0397],[-77.7376,35.0355],[-77.7439,35.0324],[-77.7484,35.0236],[-77.7363,35.0148],[-77.7341,35.0075],[-77.7263,35.0001],[-77.6953,34.9911],[-77.6959,34.988],[-77.6903,34.9836],[-77.6856,34.9845],[-77.6727,34.9742],[-77.666,34.9727],[-77.6598,34.9791],[-77.6229,34.9855],[-77.6198,34.9834],[-77.6165,34.9706],[-77.6056,34.9681],[-77.6054,34.9652],[-77.5902,34.9661],[-77.5737,34.9743],[-77.5654,34.9739],[-77.5411,34.9528],[-77.5309,34.9558],[-77.5286,34.9513],[-77.5194,34.9533],[-77.4991,34.9431],[-77.4816,34.9424],[-77.4834,34.9228],[-77.4744,34.9175],[-77.4744,34.9139],[-77.4694,34.9139],[-77.4006,34.9618],[-77.3676,34.9693],[-77.3078,34.957],[-77.2497,34.9569],[-77.2388,34.9491],[-77.2253,34.93],[-77.2046,34.9384],[-77.1864,34.9347],[-77.177,34.9371],[-77.1523,34.917],[-77.1467,34.9168],[-77.1237,34.9306],[-77.1083,34.9578],[-77.0928,34.9714],[-77.0957,34.9662],[-77.089,34.9477],[-77.0711,34.9253],[-77.0616,34.9035],[-77.0396,34.8991],[-77.0104,34.8734],[-77.0231,34.8448],[-77.0145,34.8365],[-77.0016,34.8317],[-76.9748,34.8428],[-76.9467,34.8479],[-76.9354,34.842],[-76.9218,34.8435],[-76.9192,34.8416],[-76.9203,34.8365],[-76.9092,34.8355],[-76.8858,34.8352],[-76.8817,34.8426],[-76.8541,34.8448],[-76.7936,34.8415],[-76.7789,34.8336],[-76.7707,34.8331],[-76.7575,34.8359],[-76.7558,34.8397],[-76.7408,34.8462],[-76.7194,34.8489],[-76.7105,34.8552],[-76.7022,34.8503],[-76.691,34.8495],[-76.6906,34.8457],[-76.686,34.85],[-76.6684,34.8458],[-76.6246,34.8471],[-76.5836,34.857],[-76.5413,34.8458],[-76.521,34.8465],[-76.5037,34.861],[-76.4997,34.8753],[-76.4854,34.8797],[-76.4841,34.8878],[-76.4584,34.8899],[-76.4274,34.8858],[-76.4137,34.887],[-76.4033,34.9013],[-76.3845,34.9038],[-76.3818,34.9107],[-76.3748,34.9104],[-76.3641,34.927],[-76.3544,34.9356],[-76.3263,34.9448],[-76.3154,34.9561],[-76.308,34.9717],[-76.2993,34.9757],[-76.299,34.9804],[-76.3111,34.99],[-76.3083,34.9942],[-76.318,35.0145],[-76.3162,35.0169],[-76.297,35.0093],[-76.26,35.0028],[-76.25,34.9966],[-76.2218,35.0101],[-76.2151,35.0088],[-76.2081,34.9899],[-76.2013,34.9883],[-76.1979,34.9835],[-76.1734,34.9779],[-76.166,34.9793],[-76.1618,34.9734],[-76.1319,34.9969],[-76.1772,35.0195],[-76.1794,35.025],[-76.1754,35.0383],[-76.1863,35.0546],[-76.2565,35.0939],[-76.2863,35.1218],[-76.3019,35.1423],[-76.347,35.1618],[-76.3682,35.1776],[-76.3794,35.1816],[-76.3825,35.1785],[-76.3886,35.1797],[-76.4195,35.1994],[-76.4413,35.2093],[-76.4625,35.2551],[-76.4792,35.2718],[-76.4819,35.2733],[-76.4998,35.268],[-76.5218,35.2753],[-76.5318,35.2697],[-76.5431,35.274],[-76.5443,35.277]]]},"properties":{"huc8":"03020204","name":"Lower Neuse"}},{"type":"Feature","geometry":{"type":"Polygon","coordinates":[[[-79.7124,36.3525],[-79.7176,36.3662],[-79.7295,36.3719],[-79.7356,36.3688],[-79.7393,36.3568],[-79.7593,36.3502],[-79.7718,36.3415],[-79.768,36.3302],[-79.7837,36.3264],[-79.7815,36.32],[-79.8006,36.3162],[-79.8094,36.3224],[-79.8226,36.3243],[-79.8293,36.3152],[-79.847,36.3146],[-79.8589,36.3086],[-79.8588,36.303],[-79.8654,36.2987],[-79.8672,36.2915],[-79.8832,36.283],[-79.906,36.2804],[-79.91,36.2723],[-79.9153,36.2743],[-79.9243,36.2677],[-79.935,36.2682],[-79.9427,36.2722],[-79.9447,36.2591],[-79.9493,36.2608],[-79.9552,36.2558],[-79.9625,36.2573],[-79.9664,36.2511],[-79.9886,36.251],[-79.9961,36.2471],[-79.9854,36.2434],[-79.9837,36.2386],[-79.9793,36.2372],[-79.99,36.2277],[-79.9915,36.2126],[-80.0048,36.2062],[-80.0065,36.1991],[-80.0174,36.1908],[-80.0468,36.1746],[-80.0484,36.1569],[-80.0448,36.1452],[-80.0506,36.1413],[-80.0534,36.1315],[-80.0733,36.1254],[-80.0658,36.1163],[-80.0543,36.1154],[-80.0485,36.1083],[-80.0159,36.1142],[-79.9988,36.1027],[-79.9846,36.1056],[-79.9769,36.1157],[-79.9701,36.1184],[-79.9653,36.1067],[-79.9588,36.1028],[-79.9582,36.0989],[-79.9452,36.0938],[-79.9325,36.0781],[-79.9117,36.0758],[-79.9088,36.0608],[-79.9002,36.0564],[-79.8994,36.0499],[-79.894,36.0494],[-79.8828,36.0317],[-79.8727,36.0304],[-79.8681,36.0232],[-79.8635,36.022],[-79.8642,36.0162],[-79.8369,36.0107],[-79.8326,36.0057],[-79.8314,35.9935],[-79.8054,35.999],[-79.8031,35.9904],[-79.7808,35.9911],[-79.7792,35.981],[-79.7619,35.9658],[-79.766,35.9573],[-79.7602,35.9497],[-79.751,35.9511],[-79.7453,35.9479],[-79.7455,35.941],[-79.7436,35.9375],[-79.7402,35.9383],[-79.7382,35.9251],[-79.7212,35.9102],[-79.7113,35.9127],[-79.7059,35.9093],[-79.6992,35.8991],[-79.6909,35.9116],[-79.6806,35.9153],[-79.6727,35.9142],[-79.6683,35.9118],[-79.6676,35.9061],[-79.6616,35.907],[-79.6501,35.9021],[-79.6351,35.9015],[-79.6292,35.904],[-79.6245,35.9011],[-79.6138,35.9015],[-79.6139,35.8965],[-79.6092,35.895],[-79.5905,35.8958],[-79.5851,35.887],[-79.5618,35.8704],[-79.5332,35.8909],[-79.5306,35.882],[-79.5128,35.8836],[-79.4995,35.8761],[-79.4832,35.8744],[-79.4812,35.8694],[-79.4873,35.8581],[-79.4748,35.8468],[-79.4693,35.8475],[-79.471,35.8435],[-79.4676,35.8396],[-79.4506,35.8447],[-79.4415,35.8378],[-79.4243,35.8398],[-79.4169,35.8359],[-79.4163,35.8418],[-79.4133,35.8427],[-79.4118,35.8366],[-79.403,35.8379],[-79.4008,35.8356],[-79.4042,35.832],[-79.414,35.829],[-79.4122,35.8234],[-79.4174,35.8192],[-79.4178,35.8106],[-79.4067,35.807],[-79.409,35.8041],[-79.4075,35.7971],[-79.3987,35.7944],[-79.3852,35.8033],[-79.3784,35.8029],[-79.3789,35.7841],[-79.3731,35.7801],[-79.3632,35.7807],[-79.3634,35.7747],[-79.3568,35.7731],[-79.3591,35.7689],[-79.3565,35.754],[-79.351,35.7416],[-79.3381,35.745],[-79.3356,35.7494],[-79.3195,35.7567],[-79.313,35.7533],[-79.3043,35.7538],[-79.2792,35.7673],[-79.2687,35.7685],[-79.2519,35.7776],[-79.2477,35.7757],[-79.2462,35.7693],[-79.2397,35.7657],[-79.2397,35.7606],[-79.2338,35.7532],[-79.2347,35.7468],[-79.2319,35.7445],[-79.2341,35.74],[-79.2312,35.738],[-79.2294,35.7202],[-79.2267,35.7179],[-79.2306,35.7136],[-79.2278,35.7093],[-79.2288,35.7004],[-79.2204,35.6997],[-79.2183,35.6894],[-79.2121,35.6836],[-79.1992,35.6792],[-79.1978,35.675],[-79.1884,35.6776],[-79.1881,35.6724],[-79.1799,35.6707],[-79.176,35.6729],[-79.1715,35.6691],[-79.1542,35.6764],[-79.1543,35.6644],[-79.147,35.6553],[-79.1352,35.6517],[-79.1277,35.651],[-79.1243,35.6539],[-79.1094,35.6511],[-79.0936,35.6324],[-79.0836,35.6385],[-79.0779,35.6322],[-79.0677,35.6278],[-79.0631,35.6217],[-79.066,35.6156],[-79.0638,35.6084],[-79.0561,35.6047],[-79.0528,35.5965],[-79.0397,35.5859],[-79.0307,35.596],[-79.0233,35.5957],[-79.0217,35.6037],[-79.0056,35.6066],[-79.0023,35.6107],[-78.9845,35.6179],[-78.985,35.6333],[-78.9934,35.644],[-78.9817,35.6643],[-78.9681,35.6601],[-78.95,35.6754],[-78.9411,35.6754],[-78.9211,35.6897],[-78.9172,35.6884],[-78.9103,35.694],[-78.9021,35.6936],[-78.8982,35.6998],[-78.8956,35.6972],[-78.8894,35.7002],[-78.8715,35.7201],[-78.8556,35.7222],[-78.8487,35.7374],[-78.8526,35.7514],[-78.8464,35.7546],[-78.8409,35.7668],[-78.8473,35.774],[-78.849,35.7819],[-78.86,35.7877],[-78.8569,35.7918],[-78.8701,35.7998],[-78.8727,35.8181],[-78.8692,35.8235],[-78.8631,35.8254],[-78.8623,35.8333],[-78.8419,35.8421],[-78.8448,35.8612],[-78.8486,35.8629],[-78.8486,35.8673],[-78.8547,35.869],[-78.8565,35.877],[-78.8489,35.8847],[-78.8511,35.8872],[-78.8486,35.8933],[-78.8531,35.9025],[-78.851,35.9085],[-78.8537,35.9144],[-78.8528,35.9308],[-78.8446,35.9355],[-78.8372,35.9459],[-78.8378,35.9503],[-78.845,35.9481],[-78.852,35.9509],[-78.8549,35.9632],[-78.8673,35.9694],[-78.8658,35.9731],[-78.8703,35.978],[-78.8879,35.9825],[-78.9001,35.9958],[-78.9155,35.9972],[-78.915,36.0051],[-78.9274,36.0063],[-78.9346,36.0145],[-78.9469,36.0193],[-78.9521,36.0183],[-78.9629,36.027],[-78.9884,36.0181],[-79.0068,36.0247],[-79.0343,36.0134],[-79.0399,36.0162],[-79.0497,36.0154],[-79.052,36.0196],[-79.0588,36.0118],[-79.0658,36.0139],[-79.0777,36.0097],[-79.0744,36.0195],[-79.0762,36.0241],[-79.0901,36.03],[-79.0958,36.0256],[-79.1011,36.0297],[-79.1076,36.026],[-79.1125,36.0178],[-79.1316,36.0161],[-79.1373,36.0182],[-79.1359,36.0212],[-79.1402,36.0241],[-79.1615,36.0248],[-79.1659,36.0356],[-79.1701,36.0372],[-79.1757,36.0339],[-79.189,36.0344],[-79.1936,36.0273],[-79.2,36.0271],[-79.2088,36.0401],[-79.2163,36.0412],[-79.2218,36.0477],[-79.2192,36.0507],[-79.2217,36.0603],[-79.2287,36.0707],[-79.2239,36.072],[-79.2234,36.0843],[-79.2129,36.0915],[-79.2164,36.1064],[-79.2012,36.1126],[-79.2114,36.14],[-79.2053,36.1427],[-79.199,36.1548],[-79.2039,36.1646],[-79.2084,36.1667],[-79.202,36.1796],[-79.2045,36.1835],[-79.2026,36.1907],[-79.2049,36.1937],[-79.2013,36.202],[-79.2066,36.2145],[-79.2046,36.2187],[-79.2149,36.218],[-79.2215,36.2222],[-79.2332,36.2235],[-79.2409,36.2382],[-79.2537,36.2357],[-79.2579,36.2419],[-79.2653,36.2374],[-79.2695,36.2412],[-79.2835,36.2366],[-79.2875,36.2421],[-79.2882,36.2511],[-79.2964,36.2528],[-79.3037,36.2689],[-79.3135,36.2715],[-79.3388,36.265],[-79.3457,36.2665],[-79.3469,36.2751],[-79.3502,36.2771],[-79.3489,36.2807],[-79.3633,36.2813],[-79.3674,36.2843],[-79.369,36.2945],[-79.3742,36.2914],[-79.3768,36.2959],[-79.3827,36.2958],[-79.385,36.3016],[-79.3942,36.3062],[-79.3958,36.3176],[-79.3988,36.3199],[-79.4043,36.3189],[-79.4061,36.3139],[-79.4128,36.3175],[-79.4171,36.3148],[-79.4374,36.3164],[-79.4448,36.3046],[-79.4529,36.3104],[-79.4573,36.307],[-79.4652,36.3079],[-79.4694,36.3024],[-79.4736,36.3032],[-79.4718,36.3005],[-79.475,36.297],[-79.4979,36.2957],[-79.5092,36.2899],[-79.5112,36.2835],[-79.5172,36.2836],[-79.5211,36.2793],[-79.5272,36.2813],[-79.5349,36.2783],[-79.5417,36.2843],[-79.5492,36.285],[-79.5564,36.2977],[-79.5653,36.2998],[-79.5798,36.2879],[-79.5899,36.2898],[-79.5975,36.283],[-79.6005,36.2881],[-79.6149,36.2919],[-79.6224,36.3061],[-79.6275,36.3088],[-79.6316,36.3145],[-79.6262,36.3202],[-79.63,36.3281],[-79.6418,36.3263],[-79.6517,36.3329],[-79.6588,36.3571],[-79.6767,36.3585],[-79.68,36.353],[-79.6887,36.3534],[-79.7008,36.3478],[-79.7124,36.3525]]]},"properties":{"huc8":"03030002","name":"Haw"}},{"type":"Feature","geometry":{"type":"Polygon","coordinates":[[[-77.0691,34.9204],[-77.089,34.9477],[-77.0957,34.9662],[-77.0928,34.9714],[-77.1083,34.9578],[-77.1237,34.9306],[-77.1412,34.9185],[-77.149,34.9165],[-77.177,34.9371],[-77.1864,34.9347],[-77.2046,34.9384],[-77.2253,34.93],[-77.2388,34.9491],[-77.2497,34.9569],[-77.3078,34.957],[-77.3676,34.9693],[-77.4006,34.9618],[-77.4441,34.9331],[-77.4156,34.9101],[-77.4104,34.8926],[-77.4051,34.8887],[-77.3931,34.8881],[-77.3828,34.8928],[-77.3723,34.8882],[-77.3362,34.8837],[-77.3217,34.8784],[-77.3087,34.8482],[-77.2938,34.8405],[-77.2977,34.834],[-77.296,34.8284],[-77.2792,34.8174],[-77.2721,34.7984],[-77.274,34.7874],[-77.2659,34.7631],[-77.2713,34.753],[-77.2593,34.737],[-77.2624,34.7206],[-77.2566,34.7124],[-77.2593,34.7066],[-77.269,34.7026],[-77.2692,34.6996],[-77.2616,34.6843],[-77.2627,34.6709],[-77.2564,34.6566],[-77.259,34.6554],[-77.2571,34.6507],[-77.2675,34.6245],[-77.2773,34.6208],[-77.2795,34.6133],[-77.2898,34.6101],[-77.2877,34.6044],[-77.2792,34.6041],[-77.2777,34.5982],[-77.2693,34.6018],[-77.2824,34.5907],[-77.2818,34.5866],[-77.2727,34.5837],[-77.2738,34.5719],[-77.2466,34.5508],[-77.2323,34.5293],[-77.1754,34.5626],[-77.1486,34.5703],[-77.1265,34.5824],[-77.0133,34.613],[-76.8473,34.6397],[-76.743,34.6473],[-76.6957,34.6429],[-76.6714,34.6317],[-76.6164,34.6195],[-76.6113,34.5969],[-76.5952,34.5733],[-76.5914,34.5473],[-76.5803,34.531],[-76.5662,34.5208],[-76.5489,34.5145],[-76.5295,34.5128],[-76.511,34.5161],[-76.4964,34.5226],[-76.5037,34.5307],[-76.5006,34.5386],[-76.5023,34.5469],[-76.5102,34.562],[-76.5277,34.5672],[-76.5341,34.5832],[-76.5304,34.6018],[-76.5209,34.6254],[-76.4672,34.6962],[-76.3768,34.7963],[-76.404,34.8133],[-76.4237,34.8342],[-76.4285,34.8435],[-76.4277,34.8479],[-76.4329,34.8529],[-76.4328,34.8868],[-76.4584,34.8899],[-76.4841,34.8878],[-76.4854,34.8797],[-76.4997,34.8753],[-76.5037,34.861],[-76.5186,34.8473],[-76.5241,34.846],[-76.5413,34.8458],[-76.5836,34.857],[-76.6246,34.8471],[-76.6684,34.8458],[-76.686,34.85],[-76.6906,34.8457],[-76.691,34.8495],[-76.7022,34.8503],[-76.7105,34.8552],[-76.7194,34.8489],[-76.7408,34.8462],[-76.7558,34.8397],[-76.7575,34.8359],[-76.7707,34.8331],[-76.7789,34.8336],[-76.7936,34.8415],[-76.8541,34.8448],[-76.8817,34.8426],[-76.8858,34.8352],[-76.9092,34.8355],[-76.9203,34.8365],[-76.9192,34.8416],[-76.9218,34.8435],[-76.9354,34.842],[-76.9467,34.8479],[-76.9748,34.8428],[-77.0016,34.8317],[-77.0145,34.8365],[-77.0231,34.8448],[-77.0104,34.8734],[-77.0396,34.8991],[-77.0616,34.9035],[-77.0691,34.9204]]]},"properties":{"huc8":"03020301","name":"White Oak River"}},{"type":"Feature","geometry":{"type":"Polygon","coordinates":[[[-78.357,37.105],[-78.3716,37.1027],[-78.3715,37.0962],[-78.3819,37.0897],[-78.3895,37.0873],[-78.4074,37.0885],[-78.4172,37.0803],[-78.4241,37.0825],[-78.448,37.0781],[-78.4635,37.0903],[-78.4677,37.0847],[-78.4786,37.0864],[-78.4847,37.0807],[-78.4725,37.0668],[-78.4848,37.0459],[-78.4823,37.04],[-78.4775,37.0406],[-78.4747,37.0329],[-78.4788,37.0256],[-78.4773,37.0216],[-78.4857,37.0103],[-78.4807,36.9955],[-78.4926,36.9804],[-78.4919,36.9713],[-78.4958,36.9584],[-78.5052,36.9392],[-78.4963,36.9278],[-78.5043,36.9249],[-78.5051,36.9206],[-78.5242,36.918],[-78.5315,36.9114],[-78.5256,36.9071],[-78.5262,36.8985],[-78.5217,36.8968],[-78.5133,36.8798],[-78.5036,36.8726],[-78.5001,36.8649],[-78.503,36.8576],[-78.4968,36.8528],[-78.5029,36.838],[-78.4845,36.8336],[-78.4861,36.8303],[-78.4794,36.8191],[-78.4714,36.8156],[-78.4658,36.821],[-78.461,36.8184],[-78.4551,36.8225],[-78.4416,36.8209],[-78.4377,36.8082],[-78.428,36.8071],[-78.4269,36.8101],[-78.414,36.8125],[-78.4107,36.823],[-78.3879,36.8174],[-78.3664,36.8005],[-78.3504,36.7937],[-78.3437,36.7949],[-78.3451,36.7903],[-78.3395,36.7875],[-78.3224,36.7845],[-78.3099,36.7906],[-78.3023,36.7906],[-78.2921,36.7865],[-78.2903,36.7788],[-78.2802,36.7799],[-78.2721,36.7722],[-78.2586,36.7702],[-78.2445,36.7812],[-78.2262,36.7725],[-78.215,36.7723],[-78.2077,36.7768],[-78.2009,36.7733],[-78.1896,36.7733],[-78.189,36.7685],[-78.1792,36.768],[-78.1791,36.7639],[-78.1733,36.7616],[-78.1685,36.7526],[-78.1628,36.7508],[-78.1607,36.7408],[-78.1509,36.7378],[-78.1414,36.7264],[-78.1312,36.7245],[-78.1256,36.7276],[-78.1174,36.7133],[-78.1106,36.7133],[-78.1058,36.7047],[-78.0954,36.6994],[-78.0934,36.6931],[-78.1005,36.687],[-78.0944,36.6828],[-78.0607,36.6737],[-78.0539,36.6687],[-78.0264,36.676],[-78.0061,36.6708],[-78.0001,36.6655],[-77.9894,36.6662],[-77.9841,36.6484],[-77.9769,36.644],[-77.9767,36.6362],[-77.9612,36.6357],[-77.9526,36.6244],[-77.9544,36.6178],[-77.9515,36.6135],[-77.9072,36.6087],[-77.9002,36.603],[-77.898,36.6062],[-77.8869,36.6071],[-77.8755,36.6027],[-77.8735,36.6069],[-77.8626,36.6064],[-77.849,36.5954],[-77.8411,36.5943],[-77.8412,36.591],[-77.8306,36.5898],[-77.8348,36.5827],[-77.8222,36.575],[-77.82,36.5717],[-77.8226,36.5682],[-77.8145,36.5631],[-77.8239,36.5601],[-77.824,36.5499],[-77.8216,36.5465],[-77.8172,36.5486],[-77.8025,36.5462],[-77.7993,36.5347],[-77.791,36.536],[-77.7863,36.5336],[-77.7866,36.5256],[-77.7754,36.5294],[-77.7666,36.521],[-77.762,36.5268],[-77.7575,36.5239],[-77.7484,36.531],[-77.7368,36.5269],[-77.7311,36.5282],[-77.7275,36.5238],[-77.7157,36.5246],[-77.7119,36.5343],[-77.7063,36.5351],[-77.703,36.5408],[-77.686,36.5332],[-77.6672,36.5147],[-77.6563,36.5133],[-77.6442,36.5018],[-77.6417,36.5081],[-77.6353,36.5126],[-77.6262,36.5117],[-77.6217,36.5151],[-77.6152,36.5085],[-77.6091,36.5091],[-77.6091,36.5036],[-77.6045,36.5009],[-77.5935,36.5049],[-77.5887,36.5013],[-77.5833,36.5029],[-77.5811,36.4996],[-77.5685,36.5016],[-77.5658,36.4921],[-77.5606,36.4952],[-77.5512,36.4903],[-77.5431,36.4914],[-77.5385,36.4825],[-77.5423,36.4793],[-77.5372,36.4762],[-77.5253,36.4767],[-77.5157,36.4839],[-77.508,36.4846],[-77.5068,36.4803],[-77.4966,36.4776],[-77.4927,36.4813],[-77.4789,36.4751],[-77.4675,36.4769],[-77.4623,36.4681],[-77.4494,36.4643],[-77.4537,36.4571],[-77.4481,36.4497],[-77.4498,36.4453],[-77.4363,36.4342],[-77.4323,36.4231],[-77.4377,36.4067],[-77.4243,36.3995],[-77.4115,36.3815],[-77.4098,36.3702],[-77.4158,36.3644],[-77.4114,36.3574],[-77.4168,36.3528],[-77.4165,36.3368],[-77.3976,36.3354],[-77.3938,36.3324],[-77.3929,36.3257],[-77.4014,36.3251],[-77.4034,36.3161],[-77.4106,36.3154],[-77.4202,36.3073],[-77.4107,36.3027],[-77.4127,36.2981],[-77.3975,36.2986],[-77.3964,36.2956],[-77.3907,36.2952],[-77.3895,36.2892],[-77.377,36.2874],[-77.3594,36.2789],[-77.3362,36.2775],[-77.3279,36.2726],[-77.3169,36.2753],[-77.3118,36.2703],[-77.2844,36.2684],[-77.2718,36.2589],[-77.2614,36.2629],[-77.2516,36.256],[-77.2428,36.2688],[-77.239,36.2653],[-77.2333,36.2708],[-77.2004,36.2789],[-77.1924,36.2869],[-77.1788,36.2877],[-77.1768,36.294],[-77.1691,36.3014],[-77.1496,36.2937],[-77.1397,36.2853],[-77.1202,36.289],[-77.11,36.2878],[-77.1049,36.2919],[-77.0967,36.2897],[-77.0882,36.2925],[-77.089,36.2966],[-77.0829,36.2959],[-77.0666,36.3034],[-77.0587,36.3115],[-77.0496,36.3069],[-77.0463,36.311],[-77.0309,36.313],[-77.028,36.3217],[-77.0226,36.3249],[-76.9992,36.3192],[-76.9985,36.3333],[-76.9919,36.3372],[-76.9857,36.3505],[-76.9799,36.3518],[-76.9694,36.3425],[-76.9552,36.3474],[-76.9602,36.3507],[-76.9616,36.3577],[-76.9549,36.3644],[-76.9583,36.3666],[-76.9577,36.3706],[-76.9482,36.3724],[-76.944,36.3951],[-76.9507,36.4003],[-76.9569,36.3994],[-76.9638,36.4124],[-76.9579,36.4183],[-76.9586,36.4258],[-76.9478,36.4309],[-76.9502,36.4373],[-76.9637,36.4414],[-76.962,36.451],[-76.9692,36.4582],[-76.9776,36.4765],[-76.9727,36.4789],[-76.9666,36.4892],[-76.9624,36.5044],[-76.9704,36.5087],[-76.983,36.5058],[-76.9937,36.5105],[-77.0169,36.5007],[-77.0177,36.5055],[-77.028,36.5167],[-77.0411,36.5172],[-77.0492,36.5262],[-77.0587,36.5288],[-77.0681,36.546],[-77.0803,36.5507],[-77.0847,36.5595],[-77.0975,36.5583],[-77.1043,36.5661],[-77.1049,36.5841],[-77.1203,36.5952],[-77.1214,36.5996],[-77.1282,36.6038],[-77.1515,36.6085],[-77.1542,36.6159],[-77.1464,36.6247],[-77.152,36.6276],[-77.1516,36.6306],[-77.1673,36.6334],[-77.1695,36.6366],[-77.1881,36.6358],[-77.1864,36.6471],[-77.1642,36.6639],[-77.1628,36.6735],[-77.1491,36.6816],[-77.1523,36.6841],[-77.1624,36.6871],[-77.1649,36.6845],[-77.1875,36.6843],[-77.1968,36.6798],[-77.2071,36.6809],[-77.2333,36.6606],[-77.2397,36.6614],[-77.2477,36.6704],[-77.2553,36.6627],[-77.2663,36.6625],[-77.2722,36.6574],[-77.2786,36.6595],[-77.2865,36.6577],[-77.2929,36.6664],[-77.2999,36.6652],[-77.3054,36.6714],[-77.307,36.6838],[-77.35,36.6808],[-77.3696,36.6861],[-77.3765,36.6836],[-77.3782,36.6796],[-77.3863,36.6862],[-77.3893,36.6826],[-77.3993,36.6817],[-77.4007,36.6765],[-77.4096,36.6724],[-77.4233,36.6788],[-77.429,36.6776],[-77.4518,36.7018],[-77.4652,36.6981],[-77.4725,36.6924],[-77.4787,36.693],[-77.4851,36.7068],[-77.5018,36.712],[-77.5147,36.7086],[-77.5163,36.712],[-77.5347,36.7201],[-77.5457,36.7217],[-77.549,36.7169],[-77.576,36.7116],[-77.5836,36.7139],[-77.5831,36.7185],[-77.5875,36.7193],[-77.5881,36.7236],[-77.6017,36.7227],[-77.6045,36.7188],[-77.6106,36.7227],[-77.6262,36.7182],[-77.6343,36.7307],[-77.647,36.7374],[-77.6466,36.7534],[-77.6583,36.7601],[-77.688,36.7604],[-77.6997,36.7746],[-77.704,36.7751],[-77.7128,36.7996],[-77.7364,36.8234],[-77.7351,36.8284],[-77.7456,36.8297],[-77.7543,36.8364],[-77.758,36.8347],[-77.762,36.8377],[-77.7613,36.8411],[-77.7713,36.8407],[-77.7754,36.8312],[-77.7852,36.8247],[-77.796,36.8206],[-77.8077,36.8218],[-77.8119,36.8126],[-77.8297,36.8142],[-77.8346,36.8183],[-77.8353,36.8237],[-77.839,36.8249],[-77.8409,36.8335],[-77.8442,36.8341],[-77.8409,36.838],[-77.8432,36.8455],[-77.8576,36.85],[-77.8574,36.8551],[-77.8646,36.8642],[-77.873,36.8617],[-77.889,36.8668],[-77.893,36.8653],[-77.9181,36.875],[-77.9212,36.8796],[-77.9293,36.8807],[-77.9425,36.8903],[-77.9475,36.8973],[-77.9444,36.8998],[-77.953,36.9061],[-77.9637,36.9069],[-77.9649,36.9024],[-77.9711,36.899],[-77.9768,36.9047],[-77.9895,36.9022],[-77.9973,36.9046],[-77.9992,36.9087],[-78.0115,36.9097],[-78.0191,36.9151],[-78.0359,36.9189],[-78.0415,36.916],[-78.063,36.9291],[-78.0708,36.9243],[-78.0868,36.9256],[-78.0862,36.9308],[-78.0951,36.95],[-78.0925,36.9539],[-78.1127,36.954],[-78.1233,36.9629],[-78.1337,36.9631],[-78.1381,36.9673],[-78.1434,36.9651],[-78.1534,36.9689],[-78.1628,36.9633],[-78.1709,36.9638],[-78.1778,36.9684],[-78.1857,36.9634],[-78.1926,36.9658],[-78.1959,36.9706],[-78.2104,36.9642],[-78.2143,36.9652],[-78.2116,36.969],[-78.2157,36.9782],[-78.2238,36.9875],[-78.2296,36.9893],[-78.2241,37.0014],[-78.2317,37.0051],[-78.2358,37.0033],[-78.2437,37.0128],[-78.2512,37.0112],[-78.2594,37.0155],[-78.2617,37.0211],[-78.2643,37.0181],[-78.273,37.0218],[-78.2791,37.0311],[-78.2753,37.0448],[-78.2855,37.044],[-78.286,37.0477],[-78.2969,37.0554],[-78.305,37.0559],[-78.299,37.0771],[-78.3058,37.0919],[-78.3161,37.0949],[-78.3257,37.1032],[-78.3369,37.1019],[-78.3431,37.1046],[-78.3476,37.1025],[-78.357,37.105]]]},"properties":{"huc8":"03010204","name":"Meherrin"}},{"type":"Feature","geometry":{"type":"Polygon","coordinates":[[[-83.1129,35.1244],[-83.1162,35.1247],[-83.1247,35.1171],[-83.1225,35.1147],[-83.1297,35.1112],[-83.1332,35.1107],[-83.1394,35.1165],[-83.1474,35.1128],[-83.1519,35.1073],[-83.1529,35.0984],[-83.1474,35.0925],[-83.1435,35.0786],[-83.1578,35.0789],[-83.165,35.0712],[-83.1718,35.0692],[-83.1711,35.0605],[-83.1628,35.055],[-83.1813,35.0583],[-83.1867,35.0397],[-83.1923,35.0381],[-83.1995,35.0433],[-83.2098,35.0413],[-83.2108,35.0369],[-83.2149,35.0365],[-83.2239,35.0462],[-83.2291,35.0393],[-83.2306,35.0532],[-83.2377,35.0574],[-83.244,35.0517],[-83.2418,35.0453],[-83.2471,35.0467],[-83.2502,35.0355],[-83.2563,35.0313],[-83.2598,35.0383],[-83.2676,35.0418],[-83.2734,35.0348],[-83.2858,35.0371],[-83.2918,35.0319],[-83.2966,35.018],[-83.2843,35.0071],[-83.2872,34.9971],[-83.3048,34.9895],[-83.2997,34.9655],[-83.3148,34.9509],[-83.3178,34.9435],[-83.3449,34.9348],[-83.3409,34.9202],[-83.3439,34.9148],[-83.3497,34.9152],[-83.3679,34.9061],[-83.3798,34.9201],[-83.3969,34.9247],[-83.4019,34.9208],[-83.4007,34.9135],[-83.405,34.9068],[-83.4161,34.9065],[-83.4205,34.9034],[-83.4266,34.9113],[-83.4346,34.9108],[-83.4398,34.9174],[-83.4574,34.9205],[-83.452,34.9367],[-83.459,34.945],[-83.4653,34.9449],[-83.4696,34.962],[-83.4738,34.9636],[-83.4808,34.9752],[-83.4819,34.99],[-83.4865,34.9986],[-83.5047,35.0008],[-83.5105,35.0052],[-83.5211,34.9968],[-83.522,35.0036],[-83.5272,35.0094],[-83.522,35.0132],[-83.5212,35.0182],[-83.5385,35.0361],[-83.5479,35.0394],[-83.5593,35.0386],[-83.5689,35.0283],[-83.5791,35.0253],[-83.5778,35.0159],[-83.5848,35.0032],[-83.6014,34.9923],[-83.5914,34.9664],[-83.5969,34.9594],[-83.5888,34.951],[-83.5931,34.9403],[-83.602,34.9385],[-83.5984,34.9224],[-83.5932,34.9203],[-83.599,34.9133],[-83.6154,34.9145],[-83.6186,34.9092],[-83.6267,34.9101],[-83.63,34.9061],[-83.6281,34.8996],[-83.6304,34.8949],[-83.6449,34.8913],[-83.6499,34.8809],[-83.6566,34.8786],[-83.6551,34.8655],[-83.6618,34.8481],[-83.6591,34.8303],[-83.6528,34.8232],[-83.6305,34.8253],[-83.613,34.8222],[-83.6063,34.8278],[-83.5875,34.8205],[-83.5822,34.8072],[-83.5752,34.7995],[-83.5762,34.7956],[-83.5566,34.785],[-83.5622,34.7815],[-83.5588,34.7747],[-83.5605,34.772],[-83.5547,34.766],[-83.5566,34.7575],[-83.551,34.7501],[-83.5368,34.7486],[-83.5349,34.7403],[-83.5131,34.7318],[-83.5035,34.7343],[-83.4966,34.7289],[-83.4784,34.7231],[-83.4712,34.7211],[-83.4653,34.7235],[-83.4624,34.7172],[-83.4501,34.7156],[-83.4364,34.7005],[-83.4295,34.7001],[-83.426,34.6793],[-83.4283,34.6737],[-83.4173,34.6618],[-83.4251,34.6602],[-83.4258,34.6554],[-83.4377,34.6529],[-83.4361,34.6482],[-83.4413,34.642],[-83.4382,34.6352],[-83.4491,34.6259],[-83.4458,34.6138],[-83.4372,34.612],[-83.4339,34.6149],[-83.4301,34.611],[-83.4177,34.6116],[-83.4085,34.6002],[-83.4145,34.595],[-83.4136,34.5877],[-83.4075,34.5893],[-83.3954,34.585],[-83.3918,34.5906],[-83.3855,34.5923],[-83.3837,34.5839],[-83.3752,34.5777],[-83.3597,34.5834],[-83.3553,34.5788],[-83.3433,34.5761],[-83.3399,34.5684],[-83.3288,34.5632],[-83.3142,34.5452],[-83.3053,34.5418],[-83.2905,34.5275],[-83.2741,34.5244],[-83.2701,34.5199],[-83.2579,34.5219],[-83.2473,34.5145],[-83.2284,34.5142],[-83.1932,34.5032],[-83.1896,34.4946],[-83.1857,34.4934],[-83.1874,34.4917],[-83.1837,34.4833],[-83.1764,34.4809],[-83.1733,34.4676],[-83.163,34.4579],[-83.1501,34.4546],[-83.1409,34.4456],[-83.1248,34.4487],[-83.1082,34.441],[-83.1055,34.4282],[-83.0947,34.4178],[-83.1058,34.3956],[-83.0989,34.3906],[-83.0834,34.3922],[-83.0789,34.3811],[-83.0862,34.3642],[-83.07,34.3619],[-83.0671,34.3575],[-83.0578,34.3551],[-83.0492,34.362],[-83.0427,34.3585],[-83.0332,34.3611],[-83.025,34.3819],[-83.0203,34.3875],[-83.0147,34.3867],[-83.0042,34.3956],[-82.9881,34.4172],[-82.9591,34.4209],[-82.9542,34.4271],[-82.9395,34.4304],[-82.9239,34.4426],[-82.9086,34.443],[-82.8989,34.4382],[-82.8822,34.436],[-82.8743,34.4421],[-82.8558,34.4441],[-82.8426,34.4662],[-82.8429,34.4729],[-82.8388,34.4801],[-82.8406,34.4855],[-82.8366,34.4923],[-82.8408,34.501],[-82.8386,34.5062],[-82.8466,34.5178],[-82.8476,34.5378],[-82.852,34.5445],[-82.8636,34.5467],[-82.8683,34.5534],[-82.8682,34.5602],[-82.8875,34.5649],[-82.9029,34.5642],[-82.9213,34.5848],[-82.9308,34.5887],[-82.9376,34.5866],[-82.9396,34.5829],[-82.9471,34.5845],[-82.9564,34.5958],[-82.9715,34.593],[-82.9783,34.5981],[-82.9829,34.5944],[-83.0011,34.5928],[-83.0118,34.6002],[-83.0193,34.5972],[-83.0303,34.6016],[-83.0375,34.6063],[-83.0437,34.6179],[-83.0547,34.6249],[-83.0667,34.646],[-83.0803,34.6498],[-83.099,34.6696],[-83.1096,34.671],[-83.1167,34.6761],[-83.1253,34.69],[-83.126,34.698],[-83.1308,34.6998],[-83.1289,34.7046],[-83.1312,34.7179],[-83.125,34.7248],[-83.1413,34.7403],[-83.1457,34.75],[-83.1419,34.7548],[-83.1466,34.7655],[-83.1572,34.7683],[-83.1505,34.7737],[-83.1473,34.7801],[-83.1497,34.7825],[-83.1421,34.7929],[-83.1413,34.7969],[-83.1469,34.8014],[-83.143,34.8133],[-83.1301,34.8138],[-83.1128,34.8262],[-83.1054,34.8361],[-83.1088,34.8494],[-83.098,34.8592],[-83.0989,34.865],[-83.0956,34.8684],[-83.1003,34.8782],[-83.0971,34.8843],[-83.1088,34.8828],[-83.1132,34.8876],[-83.1058,34.9027],[-83.1109,34.9081],[-83.1082,34.9121],[-83.1129,34.9188],[-83.1023,34.9211],[-83.0946,34.9318],[-83.0998,34.9369],[-83.0978,34.9424],[-83.1023,34.956],[-83.0789,34.9635],[-83.0698,34.9783],[-83.0631,34.98],[-83.0626,34.9832],[-83.0494,34.9923],[-83.0469,35.0003],[-83.0512,35.0053],[-83.0382,35.0279],[-83.0628,35.0432],[-83.0749,35.043],[-83.0916,35.0521],[-83.0932,35.059],[-83.0849,35.0626],[-83.0873,35.0702],[-83.0826,35.0747],[-83.0824,35.0799],[-83.0706,35.0872],[-83.0657,35.0936],[-83.0648,35.1014],[-83.0684,35.1037],[-83.0695,35.11],[-83.077,35.1141],[-83.0852,35.1157],[-83.0909,35.1082],[-83.1129,35.1244]]]},"properties":{"huc8":"03060102","name":"Tugaloo"}},{"type":"Feature","geometry":{"type":"Polygon","coordinates":[[[-82.9292,35.1726],[-82.9444,35.1696],[-82.9452,35.1664],[-82.9538,35.1668],[-82.9601,35.161],[-82.9802,35.1676],[-82.9967,35.1635],[-82.9947,35.1534],[-82.9887,35.1484],[-82.9848,35.1503],[-82.981,35.1482],[-82.9763,35.1345],[-82.9788,35.1301],[-82.997,35.1382],[-83.0152,35.1388],[-83.0164,35.1442],[-83.0314,35.1449],[-83.032,35.1491],[-83.0379,35.1475],[-83.0397,35.1519],[-83.0437,35.1502],[-83.0516,35.1558],[-83.0554,35.1543],[-83.0604,35.1632],[-83.0718,35.1604],[-83.0844,35.1407],[-83.0975,35.1349],[-83.1072,35.135],[-83.1122,35.1236],[-83.1099,35.1206],[-83.1063,35.1211],[-83.0909,35.1082],[-83.0852,35.1157],[-83.077,35.1141],[-83.0695,35.11],[-83.0684,35.1037],[-83.0648,35.1014],[-83.0657,35.0936],[-83.0706,35.0872],[-83.0824,35.0799],[-83.0826,35.0747],[-83.0873,35.0702],[-83.0849,35.0626],[-83.0932,35.059],[-83.0916,35.0521],[-83.0749,35.043],[-83.0628,35.0432],[-83.0382,35.0279],[-83.0512,35.0053],[-83.0469,35.0003],[-83.0494,34.9923],[-83.0626,34.9832],[-83.0631,34.98],[-83.0698,34.9783],[-83.0789,34.9635],[-83.1023,34.956],[-83.0978,34.9424],[-83.0998,34.9369],[-83.0946,34.9318],[-83.1023,34.9211],[-83.1129,34.9188],[-83.1082,34.9121],[-83.1109,34.9081],[-83.1058,34.9027],[-83.1132,34.8876],[-83.1088,34.8828],[-83.0971,34.8843],[-83.1003,34.8782],[-83.0956,34.8684],[-83.0989,34.865],[-83.098,34.8592],[-83.1088,34.8494],[-83.1054,34.8361],[-83.1128,34.8262],[-83.1301,34.8138],[-83.143,34.8133],[-83.1469,34.8014],[-83.1413,34.7969],[-83.1421,34.7929],[-83.1497,34.7825],[-83.1473,34.7801],[-83.1505,34.7737],[-83.1572,34.7673],[-83.1466,34.7655],[-83.1419,34.7548],[-83.1457,34.75],[-83.1413,34.7403],[-83.125,34.7248],[-83.1312,34.7179],[-83.1289,34.7046],[-83.1308,34.6998],[-83.126,34.698],[-83.1253,34.69],[-83.1167,34.6761],[-83.1096,34.671],[-83.099,34.6696],[-83.0803,34.6498],[-83.0667,34.646],[-83.0547,34.6249],[-83.0437,34.6179],[-83.0371,34.6059],[-83.0193,34.5972],[-83.0118,34.6002],[-83.0011,34.5928],[-82.9829,34.5944],[-82.9783,34.5981],[-82.9715,34.593],[-82.9564,34.5958],[-82.9483,34.5851],[-82.9404,34.5827],[-82.9335,34.5883],[-82.9269,34.5879],[-82.913,34.5783],[-82.904,34.5647],[-82.8875,34.5649],[-82.8684,34.5603],[-82.8683,34.5534],[-82.8636,34.5467],[-82.852,34.5445],[-82.847,34.5363],[-82.8466,34.5178],[-82.8386,34.5062],[-82.8408,34.501],[-82.8366,34.4923],[-82.8406,34.4855],[-82.8388,34.4801],[-82.8429,34.4729],[-82.8426,34.4662],[-82.8558,34.444],[-82.8496,34.4434],[-82.8408,34.4366],[-82.8246,34.4494],[-82.7874,34.4586],[-82.7922,34.4671],[-82.7866,34.4735],[-82.7867,34.4829],[-82.7756,34.4918],[-82.7777,34.5002],[-82.7601,34.5123],[-82.7463,34.5127],[-82.7359,34.5208],[-82.7118,34.5262],[-82.7032,34.533],[-82.6862,34.5287],[-82.6699,34.53],[-82.6609,34.5354],[-82.6572,34.5436],[-82.6515,34.5431],[-82.6418,34.562],[-82.6263,34.5632],[-82.6236,34.575],[-82.6166,34.5811],[-82.6163,34.585],[-82.6204,34.5872],[-82.6181,34.5963],[-82.6099,34.6009],[-82.611,34.6142],[-82.5993,34.6291],[-82.6002,34.6371],[-82.5953,34.6385],[-82.5913,34.6463],[-82.5952,34.6549],[-82.5851,34.6638],[-82.5874,34.6699],[-82.5809,34.6694],[-82.5712,34.6773],[-82.5661,34.6769],[-82.5655,34.6828],[-82.5575,34.6885],[-82.5517,34.6875],[-82.5576,34.6983],[-82.557,34.7077],[-82.5648,34.718],[-82.5492,34.7281],[-82.5485,34.7405],[-82.5547,34.743],[-82.5545,34.7595],[-82.5753,34.7651],[-82.5762,34.7691],[-82.572,34.7709],[-82.5826,34.7801],[-82.5787,34.7851],[-82.5898,34.7898],[-82.5935,34.7963],[-82.5981,34.7969],[-82.6014,34.8037],[-82.6067,34.806],[-82.6026,34.8168],[-82.6093,34.8228],[-82.6109,34.8289],[-82.6169,34.8311],[-82.618,34.8394],[-82.6232,34.8449],[-82.6211,34.8503],[-82.6249,34.8523],[-82.6148,34.8578],[-82.6161,34.8651],[-82.6205,34.8693],[-82.61,34.8716],[-82.6199,34.885],[-82.6197,34.8887],[-82.6043,34.8969],[-82.604,34.9009],[-82.6,34.9031],[-82.6105,34.9197],[-82.6206,34.9166],[-82.6352,34.9238],[-82.6444,34.9226],[-82.6493,34.9326],[-82.6353,34.9421],[-82.6352,34.9494],[-82.64,34.9497],[-82.6408,34.9544],[-82.65,34.9578],[-82.6477,34.9592],[-82.6503,34.9671],[-82.6601,34.9623],[-82.6583,34.9596],[-82.6608,34.9567],[-82.6682,34.9572],[-82.6711,34.9626],[-82.666,34.9645],[-82.666,34.9681],[-82.6725,34.97],[-82.677,34.98],[-82.682,34.9803],[-82.6865,34.9864],[-82.7004,34.9835],[-82.7039,34.9721],[-82.712,34.9763],[-82.7174,34.973],[-82.7214,34.9787],[-82.7364,34.9794],[-82.7399,34.984],[-82.7481,34.9857],[-82.76,34.9802],[-82.767,34.9811],[-82.7678,34.9905],[-82.7787,34.9902],[-82.786,34.9939],[-82.7858,34.9966],[-82.8042,35.0006],[-82.8061,35.0051],[-82.8037,35.0173],[-82.7886,35.0134],[-82.7642,35.0321],[-82.7625,35.0389],[-82.7747,35.0644],[-82.7723,35.0655],[-82.782,35.0664],[-82.7761,35.0811],[-82.7824,35.0854],[-82.8022,35.087],[-82.8053,35.0904],[-82.8041,35.0938],[-82.8112,35.0972],[-82.8175,35.0955],[-82.8247,35.0806],[-82.831,35.0817],[-82.8292,35.0907],[-82.8319,35.1023],[-82.8371,35.1041],[-82.8363,35.1102],[-82.8402,35.1183],[-82.8451,35.1171],[-82.8519,35.1229],[-82.8687,35.1212],[-82.8754,35.1256],[-82.882,35.1233],[-82.8885,35.1156],[-82.897,35.1129],[-82.8948,35.1082],[-82.9062,35.1025],[-82.9109,35.1098],[-82.906,35.1145],[-82.911,35.1195],[-82.9083,35.1291],[-82.9114,35.1313],[-82.9116,35.1432],[-82.9177,35.1444],[-82.9206,35.1489],[-82.9171,35.152],[-82.9235,35.1582],[-82.9216,35.1649],[-82.9292,35.1726]]]},"properties":{"huc8":"03060101","name":"Seneca"}},{"type":"Feature","geometry":{"type":"Polygon","coordinates":[[[-80.4044,37.3005],[-80.4173,37.2992],[-80.4279,37.2939],[-80.4469,37.2792],[-80.4527,37.2847],[-80.4619,37.2866],[-80.4672,37.2938],[-80.4786,37.2852],[-80.5209,37.2687],[-80.5704,37.2574],[-80.6754,37.2226],[-80.6925,37.2134],[-80.6856,37.1947],[-80.7494,37.1716],[-80.7724,37.1554],[-80.8483,37.1224],[-80.8481,37.1194],[-80.8732,37.1013],[-80.8703,37.0952],[-80.8842,37.0835],[-80.8814,37.0781],[-80.8787,37.0786],[-80.8832,37.0739],[-80.9173,37.0729],[-80.9781,37.0535],[-81.0327,37.0469],[-81.1153,37.0223],[-81.1285,37.0405],[-81.1594,37.026],[-81.1753,37.0247],[-81.199,37.0408],[-81.2246,37.0478],[-81.2419,37.0372],[-81.2608,37.0319],[-81.2697,37.0251],[-81.2868,37.0188],[-81.3155,36.9983],[-81.3504,36.9661],[-81.371,36.9658],[-81.3696,36.9551],[-81.3641,36.9495],[-81.3628,36.9432],[-81.3572,36.9419],[-81.3544,36.9366],[-81.3434,36.9353],[-81.3412,36.9325],[-81.3408,36.9189],[-81.3361,36.9145],[-81.3389,36.9123],[-81.3283,36.9117],[-81.3247,36.906],[-81.3161,36.9035],[-81.3154,36.8995],[-81.3017,36.8935],[-81.3037,36.8916],[-81.2856,36.8854],[-81.291,36.8811],[-81.3042,36.881],[-81.3022,36.8778],[-81.3047,36.8757],[-81.3003,36.8721],[-81.3181,36.8696],[-81.317,36.8527],[-81.3209,36.8479],[-81.3698,36.84],[-81.3699,36.8313],[-81.3743,36.8286],[-81.3733,36.8224],[-81.3861,36.8202],[-81.3832,36.8125],[-81.3911,36.8102],[-81.3926,36.8054],[-81.3817,36.8051],[-81.3811,36.7996],[-81.3718,36.7922],[-81.3743,36.785],[-81.3692,36.7857],[-81.3705,36.784],[-81.3649,36.7794],[-81.3692,36.762],[-81.3608,36.7594],[-81.3507,36.7611],[-81.3436,36.7516],[-81.3299,36.7513],[-81.3294,36.7478],[-81.3343,36.7457],[-81.3362,36.7397],[-81.3491,36.7388],[-81.3701,36.7313],[-81.3724,36.7279],[-81.3864,36.7247],[-81.3872,36.7288],[-81.396,36.7345],[-81.4327,36.7186],[-81.4464,36.7163],[-81.4561,36.7187],[-81.4678,36.7155],[-81.4717,36.7143],[-81.471,36.7061],[-81.4763,36.7046],[-81.5033,36.7042],[-81.5075,36.7074],[-81.525,36.7078],[-81.5446,36.7018],[-81.5434,36.6972],[-81.5317,36.6939],[-81.5333,36.6766],[-81.5396,36.6645],[-81.5476,36.6568],[-81.5637,36.6587],[-81.5815,36.6466],[-81.6022,36.6424],[-81.6123,36.6154],[-81.6281,36.6133],[-81.6256,36.6029],[-81.6302,36.5955],[-81.6532,36.5993],[-81.6724,36.5927],[-81.6801,36.5857],[-81.6772,36.5706],[-81.6914,36.5678],[-81.6902,36.5517],[-81.6933,36.5511],[-81.6998,36.5367],[-81.7081,36.5358],[-81.7086,36.5238],[-81.7031,36.5214],[-81.6971,36.5059],[-81.7003,36.4984],[-81.6959,36.4916],[-81.6981,36.4884],[-81.6953,36.4673],[-81.7169,36.4565],[-81.7138,36.4473],[-81.7179,36.4451],[-81.7149,36.4371],[-81.7213,36.4339],[-81.7179,36.4299],[-81.7196,36.4247],[-81.7345,36.4125],[-81.7419,36.4112],[-81.7394,36.3956],[-81.7288,36.3916],[-81.7295,36.3854],[-81.7347,36.3796],[-81.7261,36.3688],[-81.7225,36.3529],[-81.7173,36.3477],[-81.708,36.3461],[-81.7053,36.3418],[-81.7115,36.3147],[-81.7189,36.3109],[-81.7284,36.292],[-81.7266,36.2764],[-81.7327,36.275],[-81.7334,36.2703],[-81.7379,36.2693],[-81.7282,36.2627],[-81.7254,36.2445],[-81.6994,36.2336],[-81.7036,36.2066],[-81.6953,36.1986],[-81.7049,36.192],[-81.7038,36.1775],[-81.7119,36.1656],[-81.7027,36.1463],[-81.6943,36.148],[-81.6948,36.1379],[-81.6791,36.1372],[-81.677,36.124],[-81.6611,36.1174],[-81.6521,36.1255],[-81.6515,36.1364],[-81.6396,36.138],[-81.6324,36.1426],[-81.6313,36.1488],[-81.621,36.1491],[-81.6116,36.1593],[-81.5998,36.1567],[-81.5981,36.1623],[-81.5863,36.1718],[-81.5856,36.1744],[-81.5909,36.1769],[-81.5905,36.1847],[-81.5958,36.185],[-81.6031,36.1975],[-81.5975,36.2078],[-81.6037,36.2116],[-81.5923,36.2194],[-81.5859,36.2172],[-81.5709,36.228],[-81.5577,36.2323],[-81.5472,36.2295],[-81.5436,36.2348],[-81.5316,36.2315],[-81.5249,36.2255],[-81.5072,36.2244],[-81.4959,36.234],[-81.4882,36.2332],[-81.4773,36.2411],[-81.4743,36.2524],[-81.4581,36.249],[-81.4526,36.2578],[-81.4356,36.2639],[-81.4309,36.2679],[-81.4296,36.2776],[-81.4141,36.2805],[-81.4159,36.2921],[-81.4127,36.2947],[-81.3896,36.2863],[-81.3794,36.2785],[-81.3705,36.2872],[-81.3728,36.2909],[-81.3679,36.3007],[-81.3591,36.3046],[-81.3589,36.3113],[-81.367,36.3172],[-81.3681,36.3265],[-81.3745,36.3321],[-81.3753,36.3451],[-81.3715,36.3599],[-81.3625,36.3611],[-81.3635,36.3644],[-81.3577,36.3682],[-81.339,36.3703],[-81.32,36.379],[-81.3188,36.3711],[-81.3088,36.3675],[-81.2866,36.3688],[-81.2765,36.3631],[-81.2577,36.3639],[-81.2503,36.3674],[-81.2434,36.3659],[-81.2323,36.3749],[-81.2213,36.3772],[-81.218,36.3843],[-81.2006,36.3904],[-81.1965,36.4146],[-81.1921,36.4209],[-81.184,36.4208],[-81.1778,36.4334],[-81.17,36.4355],[-81.1619,36.4323],[-81.1473,36.4235],[-81.1481,36.419],[-81.1433,36.4186],[-81.1299,36.4287],[-81.1055,36.4343],[-81.0984,36.4332],[-81.0955,36.441],[-81.0807,36.4415],[-81.067,36.4473],[-81.0673,36.4383],[-81.0591,36.4327],[-81.0556,36.4253],[-81.0238,36.4195],[-81.0216,36.4174],[-81.0242,36.4108],[-81.0182,36.4071],[-81.0059,36.4086],[-81.0007,36.4007],[-80.9862,36.3967],[-80.9824,36.3904],[-80.9784,36.3989],[-80.9714,36.3991],[-80.9681,36.4027],[-80.9697,36.4067],[-80.9654,36.4144],[-80.9705,36.4168],[-80.9857,36.4127],[-80.9915,36.4175],[-80.9987,36.4172],[-81.0033,36.4223],[-80.9997,36.4305],[-80.9866,36.4335],[-80.9872,36.4389],[-80.971,36.4555],[-80.9685,36.4598],[-80.9718,36.4625],[-80.9704,36.4726],[-80.9474,36.4896],[-80.944,36.4968],[-80.9348,36.4976],[-80.939,36.515],[-80.9465,36.5282],[-80.9335,36.5288],[-80.9325,36.5391],[-80.919,36.541],[-80.918,36.5483],[-80.913,36.5521],[-80.9089,36.551],[-80.9083,36.5568],[-80.9023,36.5602],[-80.9005,36.5659],[-80.891,36.5605],[-80.886,36.5628],[-80.8833,36.5692],[-80.8794,36.5684],[-80.8723,36.5734],[-80.8563,36.564],[-80.8438,36.5638],[-80.8328,36.5555],[-80.8235,36.5594],[-80.8194,36.5689],[-80.8263,36.5796],[-80.8224,36.5822],[-80.8213,36.589],[-80.8289,36.6014],[-80.8243,36.6049],[-80.8226,36.6128],[-80.8264,36.6225],[-80.8145,36.6121],[-80.8141,36.6079],[-80.7834,36.6068],[-80.7764,36.6185],[-80.7687,36.617],[-80.7629,36.6257],[-80.7564,36.6234],[-80.7461,36.627],[-80.7274,36.6401],[-80.7272,36.6457],[-80.7197,36.6505],[-80.7021,36.6494],[-80.6938,36.6654],[-80.6872,36.6662],[-80.6856,36.6699],[-80.679,36.6673],[-80.6732,36.6704],[-80.666,36.667],[-80.6572,36.67],[-80.6507,36.6672],[-80.6425,36.6709],[-80.6285,36.6673],[-80.6169,36.6739],[-80.606,36.6627],[-80.5855,36.6563],[-80.5821,36.6628],[-80.5775,36.6622],[-80.5664,36.6568],[-80.565,36.6526],[-80.5532,36.653],[-80.5501,36.643],[-80.5399,36.6412],[-80.5139,36.6488],[-80.5016,36.6569],[-80.4889,36.6502],[-80.4868,36.6658],[-80.4806,36.6649],[-80.466,36.6731],[-80.4603,36.6934],[-80.4538,36.7005],[-80.4557,36.7056],[-80.4644,36.709],[-80.462,36.7248],[-80.4526,36.7305],[-80.4589,36.7383],[-80.4436,36.7479],[-80.4307,36.743],[-80.3947,36.7444],[-80.3926,36.7489],[-80.3972,36.7529],[-80.3977,36.7624],[-80.3874,36.7704],[-80.392,36.7768],[-80.3916,36.7802],[-80.3854,36.784],[-80.3909,36.7907],[-80.3874,36.7975],[-80.3745,36.8045],[-80.3613,36.8032],[-80.3506,36.8086],[-80.3418,36.8203],[-80.3453,36.8297],[-80.3436,36.8329],[-80.3289,36.8305],[-80.3271,36.8362],[-80.3213,36.8376],[-80.3176,36.8436],[-80.3056,36.8422],[-80.2945,36.8476],[-80.2878,36.8591],[-80.2746,36.862],[-80.2722,36.8592],[-80.2688,36.8629],[-80.2556,36.8639],[-80.2551,36.8764],[-80.2475,36.8796],[-80.2446,36.8777],[-80.2447,36.8841],[-80.238,36.8871],[-80.2405,36.8976],[-80.2332,36.8991],[-80.2345,36.9077],[-80.2006,36.9104],[-80.2033,36.9172],[-80.1919,36.9219],[-80.1899,36.9295],[-80.1825,36.935],[-80.1848,36.9399],[-80.1793,36.9421],[-80.1729,36.9526],[-80.162,36.955],[-80.1584,36.9488],[-80.1516,36.9518],[-80.145,36.9496],[-80.1457,36.9548],[-80.1401,36.9637],[-80.1346,36.965],[-80.1442,36.9801],[-80.1378,36.9829],[-80.1376,36.986],[-80.1215,36.9914],[-80.1254,36.9962],[-80.1355,36.9983],[-80.1349,37.005],[-80.1229,37.0048],[-80.1212,37.0084],[-80.1135,37.0094],[-80.1163,37.0111],[-80.1125,37.0143],[-80.1158,37.025],[-80.1046,37.0262],[-80.1117,37.0311],[-80.1143,37.0395],[-80.1121,37.0469],[-80.1198,37.0496],[-80.1235,37.0553],[-80.1178,37.0647],[-80.1126,37.0645],[-80.1077,37.0735],[-80.1119,37.0868],[-80.1499,37.0789],[-80.166,37.0696],[-80.169,37.0595],[-80.1741,37.0604],[-80.1761,37.0546],[-80.1824,37.0555],[-80.1814,37.0511],[-80.1945,37.0506],[-80.1965,37.045],[-80.2009,37.0477],[-80.2041,37.0429],[-80.2124,37.0411],[-80.2154,37.0348],[-80.2219,37.0377],[-80.2306,37.0333],[-80.238,37.0341],[-80.2419,37.0392],[-80.2473,37.0382],[-80.2487,37.0414],[-80.2636,37.041],[-80.2626,37.0488],[-80.2781,37.062],[-80.2863,37.0622],[-80.2885,37.0663],[-80.2856,37.0727],[-80.2885,37.0774],[-80.2958,37.073],[-80.2999,37.0746],[-80.3148,37.0704],[-80.3245,37.0717],[-80.3311,37.0755],[-80.3316,37.0791],[-80.3385,37.081],[-80.3404,37.0787],[-80.3451,37.0813],[-80.3651,37.0805],[-80.3659,37.0756],[-80.3592,37.073],[-80.3584,37.0688],[-80.3667,37.0651],[-80.3671,37.0616],[-80.3734,37.0599],[-80.3755,37.0559],[-80.3939,37.0508],[-80.4093,37.0419],[-80.4236,37.0548],[-80.4227,37.0585],[-80.4275,37.0619],[-80.4267,37.0675],[-80.4334,37.0677],[-80.4319,37.0696],[-80.4362,37.0757],[-80.4478,37.0755],[-80.4535,37.0786],[-80.4527,37.087],[-80.4551,37.0899],[-80.437,37.1019],[-80.4402,37.1071],[-80.432,37.1108],[-80.4303,37.1195],[-80.4146,37.1164],[-80.4019,37.1187],[-80.396,37.1131],[-80.3957,37.1081],[-80.3885,37.1096],[-80.3872,37.1154],[-80.3742,37.1149],[-80.3727,37.128],[-80.3666,37.1329],[-80.3681,37.1421],[-80.3896,37.1384],[-80.4008,37.1459],[-80.4039,37.152],[-80.4143,37.1541],[-80.4173,37.161],[-80.4135,37.1645],[-80.4175,37.1725],[-80.4232,37.176],[-80.4038,37.1895],[-80.4064,37.2034],[-80.4017,37.208],[-80.4046,37.2082],[-80.4077,37.2151],[-80.4069,37.2216],[-80.3964,37.2222],[-80.3956,37.2251],[-80.4005,37.2371],[-80.3978,37.2439],[-80.4045,37.2445],[-80.4099,37.2524],[-80.3977,37.2622],[-80.3876,37.2614],[-80.3872,37.2733],[-80.3979,37.2744],[-80.3919,37.2837],[-80.4044,37.3005]]]},"properties":{"huc8":"05050001","name":"Upper New"}},{"type":"Feature","geometry":{"type":"Polygon","coordinates":[[[-83.6072,35.5796],[-83.6185,35.5723],[-83.6294,35.5682],[-83.6338,35.5707],[-83.6401,35.5662],[-83.6557,35.57],[-83.6877,35.5682],[-83.6958,35.5703],[-83.7228,35.5623],[-83.7361,35.5655],[-83.7465,35.5604],[-83.7548,35.5648],[-83.7713,35.5618],[-83.7802,35.5508],[-83.8028,35.5416],[-83.8202,35.5265],[-83.8095,35.5157],[-83.8163,35.491],[-83.8151,35.4854],[-83.8057,35.4817],[-83.8131,35.4669],[-83.8102,35.4577],[-83.8142,35.4532],[-83.8026,35.4527],[-83.7902,35.4448],[-83.7952,35.442],[-83.7926,35.4371],[-83.7995,35.4267],[-83.7746,35.4204],[-83.7651,35.4133],[-83.7619,35.4021],[-83.7645,35.3869],[-83.7538,35.3832],[-83.7546,35.3771],[-83.7443,35.3711],[-83.7265,35.3742],[-83.717,35.3721],[-83.7137,35.3682],[-83.7186,35.3603],[-83.7178,35.3534],[-83.7135,35.3526],[-83.7033,35.3305],[-83.69,35.3289],[-83.685,35.324],[-83.6907,35.317],[-83.6956,35.2998],[-83.6902,35.2942],[-83.6922,35.2872],[-83.6864,35.2823],[-83.6868,35.2791],[-83.7028,35.2593],[-83.7132,35.2577],[-83.7085,35.2576],[-83.703,35.2515],[-83.7043,35.2493],[-83.6917,35.2428],[-83.6906,35.2347],[-83.6975,35.2247],[-83.7229,35.2095],[-83.729,35.2009],[-83.7195,35.1968],[-83.7164,35.1998],[-83.7114,35.1956],[-83.7119,35.1905],[-83.7192,35.1856],[-83.7237,35.1874],[-83.7314,35.1788],[-83.7306,35.1718],[-83.7381,35.156],[-83.7267,35.1452],[-83.7145,35.1553],[-83.6999,35.1524],[-83.6941,35.156],[-83.6869,35.1538],[-83.6834,35.1466],[-83.6852,35.1377],[-83.6822,35.1348],[-83.6847,35.1307],[-83.6799,35.1243],[-83.6603,35.1206],[-83.6512,35.1017],[-83.649,35.0857],[-83.6569,35.0685],[-83.6467,35.0703],[-83.6464,35.0675],[-83.6417,35.0669],[-83.6162,35.067],[-83.5896,35.047],[-83.5796,35.0308],[-83.569,35.0285],[-83.5584,35.0389],[-83.5435,35.0385],[-83.5212,35.0182],[-83.522,35.0132],[-83.5272,35.0094],[-83.522,35.0036],[-83.5211,34.9968],[-83.5105,35.0052],[-83.5047,35.0008],[-83.4865,34.9986],[-83.4819,34.99],[-83.4808,34.9752],[-83.4738,34.9636],[-83.4696,34.962],[-83.4653,34.9449],[-83.459,34.945],[-83.452,34.9367],[-83.4574,34.9205],[-83.4398,34.9174],[-83.4346,34.9108],[-83.4266,34.9113],[-83.4205,34.9034],[-83.4161,34.9065],[-83.405,34.9068],[-83.4007,34.9135],[-83.4019,34.9208],[-83.3972,34.9247],[-83.3798,34.9201],[-83.3679,34.9061],[-83.3497,34.9152],[-83.3441,34.9146],[-83.3409,34.9202],[-83.3449,34.9348],[-83.3178,34.9435],[-83.3148,34.9509],[-83.2997,34.9655],[-83.3048,34.9895],[-83.2885,34.9955],[-83.2841,35.0063],[-83.2878,35.0128],[-83.2925,35.0124],[-83.2966,35.0178],[-83.2918,35.0319],[-83.2836,35.0375],[-83.2734,35.0348],[-83.2676,35.0418],[-83.2599,35.0384],[-83.256,35.0314],[-83.2502,35.0355],[-83.2471,35.0467],[-83.2418,35.0453],[-83.2442,35.0514],[-83.24,35.0573],[-83.2306,35.0532],[-83.2291,35.0393],[-83.2239,35.0462],[-83.2149,35.0365],[-83.2108,35.0369],[-83.2098,35.0413],[-83.1995,35.0433],[-83.1923,35.0381],[-83.1867,35.0397],[-83.1813,35.0583],[-83.1628,35.055],[-83.1711,35.0605],[-83.1718,35.0692],[-83.165,35.0712],[-83.1578,35.0789],[-83.1435,35.0786],[-83.1473,35.0921],[-83.1528,35.0984],[-83.1602,35.0981],[-83.1669,35.1047],[-83.1776,35.1089],[-83.1866,35.1335],[-83.2095,35.1504],[-83.213,35.1582],[-83.2237,35.1575],[-83.2245,35.1884],[-83.2222,35.1931],[-83.2186,35.1934],[-83.2194,35.2065],[-83.2162,35.2091],[-83.2184,35.2173],[-83.2165,35.2232],[-83.2217,35.2289],[-83.2244,35.2387],[-83.243,35.2391],[-83.2454,35.2314],[-83.2813,35.2289],[-83.2941,35.2362],[-83.2983,35.2558],[-83.3082,35.2572],[-83.311,35.2597],[-83.31,35.264],[-83.3161,35.2647],[-83.312,35.2815],[-83.3184,35.289],[-83.3168,35.2982],[-83.3226,35.3014],[-83.3211,35.312],[-83.332,35.3161],[-83.3344,35.3259],[-83.3405,35.3327],[-83.3362,35.3439],[-83.3535,35.3469],[-83.3644,35.3558],[-83.3708,35.3546],[-83.3798,35.3714],[-83.3865,35.3776],[-83.3998,35.3797],[-83.4018,35.3869],[-83.4143,35.3816],[-83.4199,35.3855],[-83.4284,35.3846],[-83.4372,35.3947],[-83.4496,35.3914],[-83.458,35.3943],[-83.467,35.4026],[-83.476,35.3953],[-83.4778,35.4065],[-83.4893,35.4063],[-83.4976,35.4143],[-83.5062,35.4102],[-83.5124,35.425],[-83.5228,35.4232],[-83.5446,35.4344],[-83.5481,35.4328],[-83.561,35.4365],[-83.5641,35.4339],[-83.5702,35.439],[-83.5824,35.4359],[-83.589,35.4478],[-83.5946,35.4519],[-83.5984,35.4503],[-83.6037,35.4586],[-83.596,35.4708],[-83.606,35.4848],[-83.6213,35.4907],[-83.6207,35.4998],[-83.6074,35.5055],[-83.6017,35.5229],[-83.5917,35.5283],[-83.5866,35.5369],[-83.5758,35.5417],[-83.5683,35.5524],[-83.5661,35.5651],[-83.5853,35.5631],[-83.5919,35.5719],[-83.6072,35.5796]]]},"properties":{"huc8":"06010202","name":"Upper Little Tennessee"}},{"type":"Feature","geometry":{"type":"Polygon","coordinates":[[[-83.2485,35.6943],[-83.2569,35.6946],[-83.2592,35.6905],[-83.2709,35.6866],[-83.2745,35.6791],[-83.2903,35.6737],[-83.2937,35.662],[-83.2984,35.6572],[-83.3123,35.6546],[-83.3218,35.6631],[-83.3411,35.6646],[-83.3522,35.6593],[-83.3582,35.647],[-83.3679,35.6378],[-83.3719,35.6391],[-83.3782,35.6347],[-83.3889,35.6336],[-83.3962,35.6228],[-83.4221,35.611],[-83.4457,35.6117],[-83.4564,35.5973],[-83.4791,35.5832],[-83.4853,35.5686],[-83.4984,35.5629],[-83.5655,35.566],[-83.5683,35.5524],[-83.5758,35.5417],[-83.5866,35.5369],[-83.5917,35.5283],[-83.6017,35.5229],[-83.6072,35.5058],[-83.6207,35.4998],[-83.6213,35.4907],[-83.606,35.4848],[-83.5966,35.472],[-83.6039,35.4571],[-83.5984,35.4503],[-83.5946,35.4519],[-83.589,35.4478],[-83.5824,35.4359],[-83.5702,35.439],[-83.5641,35.4339],[-83.561,35.4365],[-83.5481,35.4328],[-83.5446,35.4344],[-83.5228,35.4232],[-83.5124,35.425],[-83.5062,35.4102],[-83.4976,35.4143],[-83.4893,35.4063],[-83.4778,35.4065],[-83.476,35.3953],[-83.467,35.4026],[-83.458,35.3943],[-83.4496,35.3914],[-83.4372,35.3947],[-83.4284,35.3846],[-83.4199,35.3855],[-83.4143,35.3816],[-83.4018,35.3869],[-83.3998,35.3797],[-83.3865,35.3776],[-83.3798,35.3714],[-83.3708,35.3546],[-83.3644,35.3558],[-83.3535,35.3469],[-83.3362,35.3439],[-83.3405,35.3327],[-83.3344,35.3259],[-83.332,35.3161],[-83.3211,35.312],[-83.3226,35.3014],[-83.3168,35.2982],[-83.3184,35.289],[-83.312,35.2815],[-83.3161,35.2647],[-83.31,35.264],[-83.311,35.2597],[-83.3082,35.2572],[-83.2983,35.2558],[-83.2937,35.2357],[-83.282,35.2291],[-83.2723,35.2282],[-83.2454,35.2314],[-83.243,35.2391],[-83.2241,35.2384],[-83.2217,35.2289],[-83.2165,35.2232],[-83.2184,35.2173],[-83.2162,35.2091],[-83.2194,35.2065],[-83.2186,35.1934],[-83.2222,35.1931],[-83.2245,35.1884],[-83.2237,35.1575],[-83.213,35.1582],[-83.2095,35.1504],[-83.1871,35.134],[-83.1776,35.1089],[-83.1669,35.1047],[-83.1602,35.0981],[-83.1528,35.0984],[-83.1519,35.1073],[-83.1437,35.1153],[-83.1389,35.1164],[-83.1332,35.1107],[-83.1297,35.1112],[-83.1225,35.1147],[-83.1247,35.1171],[-83.1162,35.1247],[-83.1108,35.1251],[-83.1072,35.135],[-83.0975,35.1349],[-83.0844,35.1407],[-83.0778,35.1472],[-83.0751,35.1572],[-83.0663,35.1624],[-83.0604,35.1632],[-83.0554,35.1543],[-83.0516,35.1558],[-83.0437,35.1502],[-83.0397,35.1519],[-83.0379,35.1475],[-83.032,35.1491],[-83.0314,35.1449],[-83.0164,35.1442],[-83.0152,35.1388],[-82.997,35.1382],[-82.9788,35.1301],[-82.9763,35.1345],[-82.981,35.1482],[-82.9848,35.1503],[-82.9887,35.1484],[-82.9947,35.1534],[-82.9967,35.1635],[-82.9811,35.1676],[-82.9887,35.1746],[-82.9851,35.1801],[-82.9885,35.1852],[-82.9833,35.1902],[-82.9692,35.1941],[-82.9676,35.1996],[-82.9601,35.2056],[-82.9596,35.2156],[-82.9357,35.225],[-82.9317,35.2292],[-82.9198,35.2664],[-82.9206,35.292],[-82.9275,35.3031],[-82.9496,35.3065],[-82.9552,35.3163],[-82.9645,35.3153],[-82.9647,35.3333],[-82.9717,35.3429],[-82.978,35.3444],[-82.9773,35.3506],[-82.9864,35.3564],[-82.9903,35.3675],[-83.007,35.3774],[-83.0249,35.3802],[-83.0296,35.3868],[-83.0438,35.3943],[-83.0448,35.4155],[-83.0559,35.4256],[-83.0637,35.4257],[-83.0798,35.4345],[-83.0793,35.4478],[-83.0901,35.4485],[-83.0929,35.4579],[-83.1092,35.4641],[-83.1377,35.4641],[-83.1365,35.4793],[-83.1401,35.4846],[-83.1381,35.4908],[-83.1613,35.4963],[-83.1603,35.5018],[-83.1641,35.5094],[-83.1857,35.5117],[-83.1862,35.5144],[-83.1741,35.5217],[-83.17,35.5312],[-83.1718,35.5376],[-83.1654,35.5384],[-83.163,35.5483],[-83.1563,35.5531],[-83.1634,35.5646],[-83.1617,35.5678],[-83.167,35.5788],[-83.1835,35.5861],[-83.1856,35.599],[-83.1762,35.6123],[-83.1819,35.6179],[-83.1763,35.6274],[-83.1774,35.6318],[-83.1874,35.6408],[-83.1999,35.6412],[-83.2023,35.6443],[-83.2029,35.6495],[-83.1962,35.6545],[-83.1951,35.6607],[-83.1823,35.6712],[-83.1999,35.6812],[-83.207,35.6811],[-83.2152,35.6924],[-83.2485,35.6943]]]},"properties":{"huc8":"06010203","name":"Tuckasegee"}},{"type":"Feature","geometry":{"type":"Polygon","coordinates":[[[-81.8239,36.5309],[-81.8361,36.5381],[-81.8591,36.5158],[-81.8674,36.5168],[-81.8854,36.5029],[-81.8901,36.4918],[-81.8997,36.494],[-81.9006,36.487],[-81.9143,36.4757],[-81.9406,36.4699],[-81.9571,36.4765],[-81.9707,36.4883],[-81.9857,36.5034],[-81.984,36.5084],[-81.9871,36.5107],[-82.0013,36.4991],[-81.998,36.496],[-81.9989,36.492],[-82.0404,36.4857],[-82.0521,36.4797],[-82.0536,36.4737],[-82.0613,36.4664],[-82.0776,36.4574],[-82.0884,36.4603],[-82.0989,36.4589],[-82.1081,36.4491],[-82.116,36.447],[-82.1783,36.406],[-82.188,36.4007],[-82.1987,36.4006],[-82.2003,36.3959],[-82.2098,36.3883],[-82.2195,36.3905],[-82.2262,36.3825],[-82.2332,36.388],[-82.2397,36.3856],[-82.245,36.3784],[-82.2509,36.3817],[-82.2484,36.3939],[-82.2547,36.3965],[-82.2533,36.3995],[-82.257,36.4041],[-82.2608,36.4061],[-82.2654,36.4035],[-82.2685,36.4082],[-82.2792,36.4103],[-82.2805,36.4166],[-82.2885,36.4148],[-82.2956,36.4178],[-82.3064,36.4304],[-82.3126,36.4283],[-82.3201,36.4368],[-82.3276,36.4332],[-82.3315,36.4378],[-82.3399,36.4398],[-82.3423,36.4424],[-82.3321,36.4503],[-82.3369,36.4569],[-82.3674,36.4416],[-82.3765,36.4453],[-82.3785,36.4497],[-82.3975,36.4435],[-82.4214,36.4477],[-82.4228,36.43],[-82.4365,36.4227],[-82.4377,36.4173],[-82.444,36.4134],[-82.4444,36.406],[-82.4559,36.3858],[-82.4595,36.3863],[-82.4653,36.3783],[-82.4751,36.3795],[-82.4855,36.3704],[-82.4792,36.3644],[-82.4879,36.3546],[-82.4838,36.3529],[-82.4915,36.3442],[-82.486,36.3423],[-82.493,36.3356],[-82.4895,36.3231],[-82.505,36.3065],[-82.4978,36.3008],[-82.4791,36.3086],[-82.4728,36.3048],[-82.4617,36.3152],[-82.4557,36.3131],[-82.4486,36.3024],[-82.4391,36.2964],[-82.4234,36.3007],[-82.4184,36.2988],[-82.422,36.2899],[-82.4085,36.2746],[-82.3976,36.2733],[-82.3898,36.279],[-82.3858,36.2748],[-82.3737,36.2752],[-82.3761,36.266],[-82.3731,36.2571],[-82.3772,36.2538],[-82.3738,36.2491],[-82.3742,36.2377],[-82.3704,36.2359],[-82.3575,36.2413],[-82.3558,36.2333],[-82.3704,36.2169],[-82.349,36.2056],[-82.3438,36.2065],[-82.3387,36.2014],[-82.3275,36.2032],[-82.3253,36.2092],[-82.3179,36.2104],[-82.3023,36.2248],[-82.2879,36.2299],[-82.2888,36.2253],[-82.2848,36.2241],[-82.2735,36.2077],[-82.2704,36.2066],[-82.2674,36.21],[-82.247,36.2066],[-82.2295,36.1911],[-82.2221,36.1569],[-82.2129,36.159],[-82.2032,36.1569],[-82.1926,36.1489],[-82.1874,36.1509],[-82.1838,36.1441],[-82.1776,36.1424],[-82.1729,36.1464],[-82.1593,36.1459],[-82.1486,36.1498],[-82.141,36.1387],[-82.1369,36.1284],[-82.1378,36.1195],[-82.129,36.1041],[-82.1057,36.1079],[-82.0811,36.103],[-82.0798,36.1065],[-82.0617,36.113],[-82.0543,36.1265],[-82.0338,36.1204],[-82.0269,36.1308],[-82.012,36.1403],[-81.9913,36.1302],[-81.9856,36.116],[-81.9677,36.1115],[-81.9591,36.1112],[-81.9521,36.1211],[-81.9438,36.1246],[-81.9456,36.1351],[-81.9379,36.1337],[-81.9242,36.1202],[-81.9182,36.1181],[-81.9119,36.1199],[-81.9095,36.1287],[-81.9019,36.1269],[-81.8857,36.1332],[-81.8694,36.1224],[-81.8652,36.1146],[-81.8561,36.1163],[-81.8539,36.1231],[-81.8421,36.1291],[-81.8383,36.1274],[-81.8406,36.1242],[-81.8376,36.1154],[-81.8019,36.1089],[-81.7623,36.1212],[-81.7502,36.1192],[-81.7376,36.1235],[-81.7267,36.1233],[-81.7222,36.1191],[-81.7124,36.1313],[-81.7124,36.1379],[-81.7027,36.1463],[-81.7119,36.1656],[-81.7038,36.1775],[-81.7051,36.1917],[-81.6953,36.199],[-81.7036,36.2066],[-81.6994,36.2336],[-81.7254,36.2445],[-81.7282,36.2627],[-81.7379,36.2693],[-81.7334,36.2703],[-81.7327,36.275],[-81.7266,36.2764],[-81.7284,36.292],[-81.7189,36.3109],[-81.7115,36.3147],[-81.7053,36.3415],[-81.708,36.3461],[-81.7173,36.3477],[-81.7225,36.3529],[-81.7261,36.3688],[-81.7347,36.3796],[-81.7295,36.3854],[-81.7288,36.3916],[-81.7394,36.3956],[-81.7419,36.4112],[-81.7345,36.4125],[-81.7196,36.4247],[-81.7179,36.4299],[-81.7213,36.4339],[-81.7149,36.4371],[-81.7179,36.4451],[-81.7138,36.4473],[-81.7169,36.4565],[-81.6953,36.4673],[-81.6981,36.4884],[-81.6959,36.4916],[-81.7003,36.4984],[-81.6971,36.5059],[-81.7031,36.5214],[-81.7086,36.5238],[-81.7148,36.5224],[-81.7227,36.5127],[-81.7306,36.5102],[-81.7426,36.5122],[-81.7517,36.5074],[-81.7781,36.5071],[-81.7901,36.509],[-81.7978,36.5179],[-81.81,36.517],[-81.8184,36.5287],[-81.8239,36.5309]]]},"properties":{"huc8":"06010103","name":"Watauga, North Carolina, Tennessee"}},{"type":"Feature","geometry":{"type":"Polygon","coordinates":[[[-82.6325,36.0657],[-82.6705,36.0529],[-82.684,36.0457],[-82.6893,36.0382],[-82.7086,36.0296],[-82.7155,36.0286],[-82.7264,36.0354],[-82.7302,36.0416],[-82.7349,36.0406],[-82.769,36.024],[-82.7807,36.0136],[-82.7901,36.0162],[-82.7881,36.0119],[-82.7906,36.008],[-82.8071,35.9965],[-82.8161,35.9944],[-82.8128,35.9882],[-82.8149,35.9849],[-82.8471,35.9831],[-82.8648,35.972],[-82.8911,35.9671],[-82.9016,35.9674],[-82.9021,35.9758],[-82.9077,35.9825],[-82.9052,35.9855],[-82.9104,35.9872],[-82.9449,35.9747],[-82.9546,35.9754],[-82.9577,35.9718],[-82.9761,35.9713],[-82.984,35.974],[-82.9901,35.9807],[-82.987,35.9879],[-82.9887,35.9978],[-82.9955,36.0019],[-82.9941,36.0061],[-82.9982,36.0073],[-82.9928,36.0137],[-82.9937,36.0206],[-83.0047,36.0276],[-83.0089,36.0365],[-83.015,36.0341],[-83.0199,36.0423],[-83.0271,36.0426],[-83.0427,36.0349],[-83.0472,36.0372],[-83.0511,36.0281],[-83.0589,36.0254],[-83.0745,36.0252],[-83.0743,36.0184],[-83.079,36.0164],[-83.0846,36.0183],[-83.0917,36.0325],[-83.094,36.0289],[-83.1222,36.0236],[-83.1241,36.0204],[-83.1377,36.0231],[-83.1436,36.017],[-83.1499,36.0202],[-83.1554,36.0154],[-83.156,36.009],[-83.159,36.0125],[-83.1649,36.0089],[-83.1714,36.0136],[-83.1734,36.0114],[-83.1785,36.015],[-83.1878,36.0137],[-83.19,36.0228],[-83.1971,36.0241],[-83.1998,36.0211],[-83.1982,36.0131],[-83.1821,36.0017],[-83.1758,35.9915],[-83.1731,35.983],[-83.178,35.979],[-83.1755,35.9748],[-83.1615,35.9651],[-83.1563,35.9674],[-83.1541,35.9643],[-83.1487,35.9528],[-83.1548,35.9501],[-83.1566,35.9417],[-83.1495,35.9441],[-83.1475,35.9237],[-83.135,35.9188],[-83.1338,35.915],[-83.1376,35.9131],[-83.1312,35.9114],[-83.125,35.9023],[-83.1261,35.8874],[-83.1437,35.865],[-83.1366,35.8641],[-83.1357,35.8591],[-83.1194,35.8571],[-83.1134,35.8499],[-83.1142,35.8464],[-83.1039,35.8448],[-83.1036,35.8361],[-83.1078,35.8304],[-83.0967,35.8237],[-83.1101,35.8142],[-83.1102,35.8059],[-83.1023,35.8048],[-83.0829,35.7871],[-83.0743,35.7902],[-83.0639,35.7869],[-83.0526,35.7898],[-83.0443,35.7856],[-83.0362,35.7876],[-83.0202,35.7804],[-83.0157,35.7821],[-83.0056,35.7784],[-82.9978,35.7732],[-82.9839,35.7782],[-82.9693,35.7899],[-82.9602,35.7907],[-82.9499,35.7746],[-82.9528,35.7586],[-82.9568,35.7575],[-82.9571,35.7467],[-82.9482,35.7389],[-82.9361,35.7449],[-82.9232,35.7468],[-82.9177,35.7447],[-82.9075,35.7274],[-82.907,35.7185],[-82.9105,35.716],[-82.8987,35.7035],[-82.9004,35.6961],[-82.8982,35.6907],[-82.9011,35.6849],[-82.8838,35.6784],[-82.8879,35.6727],[-82.8768,35.666],[-82.8779,35.6627],[-82.8722,35.6572],[-82.8748,35.6514],[-82.8685,35.6451],[-82.8651,35.6345],[-82.8517,35.6352],[-82.8519,35.6172],[-82.8462,35.6144],[-82.836,35.6215],[-82.8288,35.6203],[-82.814,35.6279],[-82.8098,35.625],[-82.8095,35.6176],[-82.8037,35.6108],[-82.7992,35.5978],[-82.8187,35.5824],[-82.8143,35.5686],[-82.8198,35.5624],[-82.8179,35.5504],[-82.8251,35.5503],[-82.8285,35.539],[-82.8355,35.5346],[-82.8324,35.5287],[-82.8251,35.532],[-82.8219,35.5284],[-82.822,35.5201],[-82.8155,35.5144],[-82.8128,35.5044],[-82.8189,35.4863],[-82.8108,35.4731],[-82.7946,35.4692],[-82.794,35.4645],[-82.7861,35.4568],[-82.7818,35.4393],[-82.7562,35.4254],[-82.7453,35.4234],[-82.7494,35.4132],[-82.746,35.4071],[-82.7744,35.3935],[-82.7874,35.3813],[-82.7918,35.367],[-82.796,35.3644],[-82.805,35.3481],[-82.8148,35.3439],[-82.8146,35.3367],[-82.8228,35.3316],[-82.8249,35.3242],[-82.8317,35.3185],[-82.8769,35.3144],[-82.8839,35.3086],[-82.894,35.3072],[-82.8953,35.3038],[-82.8997,35.3052],[-82.9206,35.292],[-82.9198,35.2664],[-82.9317,35.2292],[-82.9357,35.225],[-82.9596,35.2156],[-82.9601,35.2056],[-82.9676,35.1996],[-82.9692,35.1941],[-82.9872,35.1871],[-82.9885,35.1829],[-82.9851,35.1801],[-82.9887,35.1746],[-82.9811,35.1676],[-82.9601,35.161],[-82.9538,35.1668],[-82.9452,35.1664],[-82.9444,35.1696],[-82.9278,35.1724],[-82.9216,35.1649],[-82.9223,35.1554],[-82.9171,35.1523],[-82.9206,35.1489],[-82.9177,35.1444],[-82.9116,35.1432],[-82.9114,35.1313],[-82.9083,35.1291],[-82.911,35.1195],[-82.906,35.1145],[-82.9109,35.1098],[-82.9062,35.1025],[-82.8948,35.1082],[-82.897,35.1129],[-82.8885,35.1156],[-82.882,35.1233],[-82.8754,35.1256],[-82.8687,35.1212],[-82.8516,35.1228],[-82.8451,35.1171],[-82.8402,35.1183],[-82.8363,35.1102],[-82.8371,35.1041],[-82.8319,35.1023],[-82.8292,35.0907],[-82.831,35.0817],[-82.8247,35.0806],[-82.8175,35.0955],[-82.8112,35.0972],[-82.8041,35.0938],[-82.8053,35.0904],[-82.8022,35.087],[-82.7786,35.0838],[-82.7761,35.0811],[-82.7813,35.0653],[-82.7557,35.0678],[-82.7511,35.0733],[-82.751,35.0815],[-82.7392,35.0776],[-82.7353,35.087],[-82.7302,35.0879],[-82.727,35.0947],[-82.7155,35.0931],[-82.7005,35.1007],[-82.6979,35.0955],[-82.6866,35.1082],[-82.6944,35.1161],[-82.6873,35.1195],[-82.6871,35.1255],[-82.6814,35.1281],[-82.6742,35.1261],[-82.6743,35.1173],[-82.6694,35.1207],[-82.6623,35.1182],[-82.6569,35.1189],[-82.6521,35.1261],[-82.6453,35.1269],[-82.6413,35.1325],[-82.6364,35.1305],[-82.6361,35.1256],[-82.6292,35.1258],[-82.6235,35.1346],[-82.6137,35.14],[-82.5983,35.1384],[-82.5884,35.1432],[-82.579,35.1415],[-82.5757,35.1457],[-82.5856,35.152],[-82.5859,35.1592],[-82.5896,35.16],[-82.591,35.1644],[-82.5762,35.176],[-82.5692,35.1734],[-82.5677,35.1794],[-82.5567,35.1829],[-82.5555,35.1886],[-82.5477,35.189],[-82.5415,35.1933],[-82.543,35.1992],[-82.5533,35.2027],[-82.5486,35.2201],[-82.5332,35.2331],[-82.5059,35.233],[-82.4951,35.2381],[-82.4725,35.2363],[-82.4666,35.2386],[-82.462,35.2453],[-82.4351,35.243],[-82.4289,35.247],[-82.4248,35.2561],[-82.4147,35.2576],[-82.4157,35.2668],[-82.4056,35.2659],[-82.4022,35.2751],[-82.4049,35.288],[-82.3955,35.2886],[-82.3915,35.2916],[-82.3909,35.2972],[-82.3815,35.2969],[-82.3794,35.3061],[-82.3645,35.3165],[-82.3645,35.3193],[-82.3746,35.3234],[-82.3766,35.3357],[-82.3709,35.3435],[-82.3669,35.3425],[-82.3652,35.3483],[-82.3556,35.3522],[-82.3461,35.3644],[-82.3461,35.3687],[-82.3406,35.362],[-82.3339,35.3595],[-82.3316,35.3633],[-82.3175,35.3675],[-82.3151,35.3763],[-82.3098,35.38],[-82.3091,35.3903],[-82.3131,35.3913],[-82.3223,35.3835],[-82.3314,35.3894],[-82.3333,35.3994],[-82.3434,35.4028],[-82.3457,35.4086],[-82.3451,35.4133],[-82.3318,35.4142],[-82.328,35.4192],[-82.3304,35.4202],[-82.3298,35.4266],[-82.3205,35.4235],[-82.3183,35.4333],[-82.3136,35.4371],[-82.3125,35.454],[-82.3172,35.4567],[-82.325,35.4543],[-82.3289,35.4596],[-82.3472,35.4654],[-82.363,35.4609],[-82.3707,35.4717],[-82.3719,35.4801],[-82.3693,35.4856],[-82.3608,35.4851],[-82.3562,35.4906],[-82.3408,35.489],[-82.3368,35.4993],[-82.3141,35.5058],[-82.3217,35.517],[-82.3344,35.5165],[-82.344,35.5281],[-82.338,35.5408],[-82.3232,35.5479],[-82.3277,35.5535],[-82.3443,35.5612],[-82.3428,35.5686],[-82.3379,35.5691],[-82.326,35.5817],[-82.2961,35.5866],[-82.2913,35.5909],[-82.289,35.5994],[-82.2817,35.603],[-82.2806,35.6088],[-82.2654,35.6136],[-82.2642,35.6188],[-82.2722,35.6217],[-82.2741,35.6293],[-82.271,35.6322],[-82.282,35.6395],[-82.2866,35.6579],[-82.2804,35.6679],[-82.2841,35.6768],[-82.295,35.6841],[-82.2892,35.6962],[-82.2755,35.7047],[-82.2761,35.7146],[-82.2912,35.73],[-82.3129,35.7335],[-82.3266,35.7475],[-82.3356,35.7485],[-82.3378,35.7682],[-82.3437,35.7753],[-82.3465,35.7868],[-82.3384,35.7962],[-82.3391,35.8011],[-82.362,35.8213],[-82.3737,35.8181],[-82.3818,35.8241],[-82.4016,35.8177],[-82.4139,35.8195],[-82.412,35.8267],[-82.4163,35.8295],[-82.4197,35.843],[-82.4177,35.8593],[-82.4256,35.8617],[-82.4239,35.8695],[-82.4398,35.8797],[-82.4421,35.8878],[-82.4512,35.8988],[-82.4637,35.8999],[-82.4748,35.9093],[-82.4856,35.9069],[-82.4948,35.9095],[-82.4902,35.9214],[-82.498,35.9253],[-82.4986,35.9304],[-82.4797,35.9488],[-82.4967,35.9571],[-82.4962,35.9628],[-82.5012,35.9661],[-82.5055,35.9774],[-82.5402,35.9691],[-82.5501,35.964],[-82.5579,35.9538],[-82.5764,35.9589],[-82.5808,35.9655],[-82.6105,35.9671],[-82.6113,35.9733],[-82.6045,35.9876],[-82.6071,35.9923],[-82.613,35.9937],[-82.6146,36.0019],[-82.6074,36.0099],[-82.6077,36.0157],[-82.6029,36.0176],[-82.6028,36.0233],[-82.5907,36.0334],[-82.6016,36.036],[-82.609,36.0446],[-82.6184,36.0469],[-82.6179,36.0558],[-82.6325,36.0657]]]},"properties":{"huc8":"06010105","name":"Upper French Broad"}},{"type":"Feature","geometry":{"type":"Polygon","coordinates":[[[-82.6748,36.4233],[-82.6868,36.4197],[-82.716,36.4014],[-82.7269,36.4045],[-82.7569,36.3831],[-82.7671,36.3817],[-82.7799,36.3881],[-82.7958,36.3739],[-82.8135,36.3633],[-82.8202,36.368],[-82.8305,36.3657],[-82.8403,36.3707],[-82.8545,36.3606],[-82.8582,36.3651],[-82.8754,36.3527],[-82.8855,36.3535],[-82.916,36.3287],[-82.9282,36.3343],[-82.9328,36.3298],[-82.9375,36.3351],[-82.9615,36.3156],[-82.9678,36.3162],[-82.9717,36.306],[-82.9766,36.3049],[-82.985,36.2937],[-83.0128,36.2744],[-83.0175,36.2788],[-83.022,36.2764],[-83.0264,36.2799],[-83.0221,36.2834],[-83.0268,36.2878],[-83.0234,36.2987],[-83.0407,36.3022],[-83.0438,36.3106],[-83.0526,36.3076],[-83.0538,36.3096],[-83.0583,36.3053],[-83.0654,36.3065],[-83.0738,36.2995],[-83.0768,36.3027],[-83.0867,36.301],[-83.0921,36.2978],[-83.0916,36.2934],[-83.1004,36.2901],[-83.103,36.293],[-83.1105,36.2928],[-83.1181,36.3037],[-83.127,36.3042],[-83.1356,36.3134],[-83.1508,36.3044],[-83.1529,36.2971],[-83.1814,36.2725],[-83.1778,36.2632],[-83.1703,36.2602],[-83.1748,36.2537],[-83.1699,36.2537],[-83.1657,36.249],[-83.1689,36.245],[-83.1781,36.2415],[-83.1842,36.2341],[-83.1884,36.2385],[-83.1976,36.2342],[-83.2016,36.2261],[-83.2052,36.2281],[-83.2443,36.2125],[-83.2431,36.2073],[-83.2471,36.2022],[-83.2562,36.1983],[-83.2561,36.1947],[-83.26,36.1964],[-83.2661,36.1885],[-83.279,36.1827],[-83.285,36.1841],[-83.2963,36.1756],[-83.3012,36.1751],[-83.3069,36.1796],[-83.3119,36.177],[-83.311,36.1716],[-83.3157,36.1692],[-83.3124,36.1648],[-83.316,36.1613],[-83.3199,36.1597],[-83.332,36.1638],[-83.336,36.1613],[-83.3448,36.1542],[-83.3515,36.1421],[-83.346,36.1379],[-83.3558,36.1279],[-83.3586,36.1187],[-83.3654,36.1145],[-83.3755,36.1157],[-83.3793,36.1123],[-83.3766,36.1088],[-83.3932,36.0961],[-83.4119,36.0759],[-83.4067,36.0698],[-83.3853,36.0646],[-83.3792,36.0586],[-83.36,36.0719],[-83.3425,36.0738],[-83.336,36.082],[-83.3366,36.0875],[-83.3125,36.1],[-83.3089,36.1062],[-83.2828,36.1138],[-83.2783,36.1126],[-83.267,36.1186],[-83.2598,36.1081],[-83.2516,36.1086],[-83.245,36.0925],[-83.2402,36.0937],[-83.2271,36.0808],[-83.2201,36.0856],[-83.2208,36.0894],[-83.2056,36.0972],[-83.2027,36.1025],[-83.1943,36.0935],[-83.2002,36.0923],[-83.2015,36.088],[-83.1965,36.0838],[-83.1883,36.0929],[-83.1757,36.0962],[-83.1755,36.0808],[-83.1806,36.0798],[-83.1816,36.0754],[-83.1885,36.0751],[-83.1872,36.0589],[-83.1839,36.0598],[-83.1824,36.0691],[-83.1644,36.0628],[-83.1526,36.0669],[-83.1523,36.0738],[-83.1488,36.0766],[-83.1514,36.0815],[-83.1438,36.0837],[-83.1417,36.0771],[-83.1328,36.0712],[-83.1264,36.0621],[-83.119,36.0622],[-83.1168,36.0659],[-83.1123,36.0649],[-83.1054,36.0689],[-83.1024,36.0669],[-83.0996,36.0717],[-83.0948,36.0661],[-83.0887,36.0649],[-83.088,36.0613],[-83.0947,36.0539],[-83.0927,36.0506],[-83.0998,36.0483],[-83.0965,36.0483],[-83.0945,36.0422],[-83.0867,36.0399],[-83.0899,36.0309],[-83.0846,36.0183],[-83.0808,36.0166],[-83.0744,36.0183],[-83.0744,36.0253],[-83.0511,36.0281],[-83.0472,36.0372],[-83.0427,36.0349],[-83.0271,36.0426],[-83.0199,36.0423],[-83.015,36.0341],[-83.0089,36.0365],[-83.0047,36.0276],[-82.9937,36.0206],[-82.9928,36.0137],[-82.9982,36.0073],[-82.9941,36.0061],[-82.9955,36.0019],[-82.9887,35.9978],[-82.987,35.9879],[-82.9901,35.9807],[-82.9837,35.9739],[-82.9577,35.9718],[-82.9546,35.9754],[-82.9449,35.9747],[-82.9104,35.9872],[-82.9052,35.9855],[-82.9077,35.9825],[-82.9021,35.9758],[-82.9016,35.9674],[-82.8911,35.9671],[-82.8648,35.972],[-82.8471,35.9831],[-82.8149,35.9849],[-82.8128,35.9882],[-82.8161,35.9944],[-82.8071,35.9965],[-82.7906,36.008],[-82.7881,36.0119],[-82.7901,36.0162],[-82.7807,36.0136],[-82.769,36.024],[-82.7349,36.0406],[-82.7302,36.0416],[-82.7264,36.0354],[-82.7155,36.0286],[-82.7086,36.0296],[-82.6893,36.0382],[-82.684,36.0457],[-82.6705,36.0529],[-82.6326,36.066],[-82.6179,36.0558],[-82.6184,36.0469],[-82.609,36.0446],[-82.6016,36.036],[-82.5907,36.0334],[-82.6028,36.0233],[-82.6029,36.0176],[-82.6077,36.0157],[-82.6074,36.0099],[-82.6146,36.0019],[-82.613,35.9937],[-82.6071,35.9923],[-82.6045,35.9876],[-82.6113,35.9733],[-82.6105,35.9671],[-82.5808,35.9655],[-82.5764,35.9589],[-82.5579,35.9538],[-82.5501,35.964],[-82.5402,35.9691],[-82.5055,35.9774],[-82.5012,35.9661],[-82.4962,35.9628],[-82.4967,35.9571],[-82.4797,35.9488],[-82.4986,35.9304],[-82.498,35.9253],[-82.4902,35.9214],[-82.4944,35.909],[-82.4856,35.9069],[-82.4748,35.9093],[-82.4637,35.8999],[-82.4512,35.8988],[-82.4421,35.8878],[-82.4398,35.8797],[-82.4239,35.8695],[-82.4256,35.8617],[-82.4177,35.8593],[-82.4197,35.843],[-82.4163,35.8295],[-82.412,35.8267],[-82.4139,35.8195],[-82.4016,35.8177],[-82.3818,35.8241],[-82.3737,35.8181],[-82.362,35.8213],[-82.3489,35.8115],[-82.3466,35.8059],[-82.3391,35.8011],[-82.3384,35.7962],[-82.3465,35.7868],[-82.3437,35.7753],[-82.3378,35.7682],[-82.3356,35.7485],[-82.3266,35.7475],[-82.3129,35.7335],[-82.2912,35.73],[-82.2761,35.7146],[-82.2755,35.7047],[-82.2588,35.6988],[-82.2427,35.7127],[-82.2137,35.7243],[-82.1981,35.7361],[-82.1936,35.7348],[-82.1845,35.7534],[-82.1701,35.7607],[-82.1642,35.7728],[-82.1606,35.7744],[-82.1585,35.7799],[-82.1679,35.7876],[-82.1623,35.7973],[-82.1584,35.8014],[-82.1478,35.804],[-82.15,35.8096],[-82.1422,35.8126],[-82.1333,35.8243],[-82.1215,35.8244],[-82.1167,35.8333],[-82.1022,35.8403],[-82.0996,35.8515],[-82.075,35.8484],[-82.0488,35.8529],[-82.0345,35.8614],[-82.0295,35.868],[-82.0288,35.8794],[-82.0226,35.8851],[-82.0077,35.8827],[-81.9994,35.8742],[-81.9802,35.8848],[-81.9791,35.9015],[-81.9824,35.9114],[-81.9605,35.9212],[-81.9545,35.9269],[-81.9548,35.9324],[-81.9633,35.9388],[-81.9637,35.9469],[-81.9591,35.9606],[-81.954,35.9634],[-81.9649,35.9723],[-81.9556,35.9771],[-81.9564,35.9843],[-81.951,35.9882],[-81.9506,35.9943],[-81.9553,36.0008],[-81.9532,36.0025],[-81.9552,36.0062],[-81.9636,36.0074],[-81.9637,36.0132],[-81.9603,36.0149],[-81.9624,36.0166],[-81.954,36.0336],[-81.9372,36.0457],[-81.9352,36.0543],[-81.9428,36.061],[-81.9383,36.0627],[-81.9293,36.0602],[-81.9145,36.068],[-81.9075,36.0634],[-81.8966,36.0634],[-81.8943,36.0745],[-81.8877,36.0796],[-81.8836,36.0905],[-81.8903,36.097],[-81.8908,36.1071],[-81.8881,36.114],[-81.8756,36.125],[-81.8855,36.133],[-81.9019,36.1269],[-81.9095,36.1287],[-81.9119,36.1199],[-81.9182,36.1181],[-81.9242,36.1202],[-81.9379,36.1337],[-81.946,36.135],[-81.9438,36.1246],[-81.9521,36.1211],[-81.9591,36.1112],[-81.9677,36.1115],[-81.9856,36.116],[-81.9913,36.1302],[-82.012,36.1403],[-82.0269,36.1308],[-82.0338,36.1204],[-82.0543,36.1265],[-82.0617,36.113],[-82.0798,36.1065],[-82.0811,36.103],[-82.1057,36.1079],[-82.1159,36.1043],[-82.1299,36.1044],[-82.1378,36.1195],[-82.1369,36.1284],[-82.141,36.1387],[-82.1486,36.1498],[-82.1593,36.1459],[-82.1729,36.1464],[-82.1776,36.1424],[-82.1838,36.1441],[-82.1874,36.1509],[-82.1926,36.1489],[-82.2032,36.1569],[-82.2129,36.159],[-82.2221,36.1569],[-82.2295,36.1911],[-82.247,36.2066],[-82.2674,36.21],[-82.2704,36.2066],[-82.2735,36.2077],[-82.2848,36.2241],[-82.2888,36.2253],[-82.2879,36.2299],[-82.3023,36.2248],[-82.3179,36.2104],[-82.3253,36.2092],[-82.3275,36.2032],[-82.3387,36.2014],[-82.3438,36.2065],[-82.349,36.2056],[-82.3704,36.2169],[-82.3558,36.2333],[-82.3575,36.2413],[-82.3704,36.2359],[-82.3742,36.2377],[-82.3738,36.2491],[-82.3772,36.2538],[-82.3731,36.2571],[-82.3761,36.266],[-82.3737,36.2752],[-82.3858,36.2748],[-82.3898,36.279],[-82.3976,36.2733],[-82.4085,36.2746],[-82.422,36.2899],[-82.4184,36.2988],[-82.4234,36.3007],[-82.4391,36.2964],[-82.4486,36.3024],[-82.4557,36.3131],[-82.4617,36.3152],[-82.4713,36.3051],[-82.4791,36.3086],[-82.4905,36.3017],[-82.5026,36.3027],[-82.5049,36.3074],[-82.4968,36.3124],[-82.4984,36.3145],[-82.4894,36.3233],[-82.493,36.3356],[-82.486,36.3423],[-82.4915,36.3442],[-82.4838,36.3529],[-82.4879,36.3546],[-82.4792,36.3644],[-82.4855,36.3704],[-82.4952,36.3723],[-82.4995,36.3683],[-82.5077,36.3726],[-82.5209,36.37],[-82.5368,36.3795],[-82.5396,36.3744],[-82.5549,36.3663],[-82.5624,36.3758],[-82.5738,36.3729],[-82.583,36.3658],[-82.6057,36.3597],[-82.601,36.3651],[-82.6084,36.3702],[-82.6034,36.3782],[-82.6087,36.3838],[-82.6028,36.3932],[-82.6125,36.3913],[-82.6172,36.3866],[-82.6231,36.3896],[-82.6309,36.3865],[-82.6264,36.4026],[-82.6284,36.4081],[-82.6333,36.4047],[-82.6454,36.4118],[-82.6559,36.4093],[-82.6651,36.4189],[-82.6748,36.4233]]]},"properties":{"huc8":"06010108","name":"Nolichucky"}},{"type":"Feature","geometry":{"type":"Polygon","coordinates":[[[-84.2479,35.7814],[-84.2582,35.7774],[-84.2633,35.7791],[-84.2665,35.7737],[-84.261,35.7672],[-84.2704,35.7558],[-84.2851,35.7517],[-84.2813,35.747],[-84.2827,35.7398],[-84.2788,35.737],[-84.2902,35.7329],[-84.2954,35.7264],[-84.2911,35.7196],[-84.3006,35.7146],[-84.2996,35.7099],[-84.3097,35.7037],[-84.3192,35.7022],[-84.3223,35.6973],[-84.3203,35.6947],[-84.3266,35.6876],[-84.3388,35.689],[-84.3469,35.6782],[-84.3435,35.6762],[-84.3469,35.6673],[-84.3591,35.6638],[-84.3596,35.6553],[-84.3658,35.6526],[-84.3689,35.6439],[-84.3776,35.6382],[-84.3842,35.6278],[-84.389,35.6279],[-84.4034,35.6123],[-84.4119,35.6103],[-84.4203,35.613],[-84.451,35.5784],[-84.4562,35.5788],[-84.4659,35.5693],[-84.4626,35.5684],[-84.4647,35.5592],[-84.4616,35.544],[-84.4594,35.5406],[-84.4541,35.5407],[-84.4532,35.5355],[-84.4466,35.5335],[-84.4458,35.5279],[-84.4408,35.527],[-84.4372,35.5327],[-84.4249,35.539],[-84.4185,35.5361],[-84.4124,35.5401],[-84.4109,35.5341],[-84.4001,35.5387],[-84.4026,35.5327],[-84.399,35.5292],[-84.4079,35.5233],[-84.4068,35.5199],[-84.4013,35.5166],[-84.3958,35.5188],[-84.3807,35.5096],[-84.368,35.5135],[-84.362,35.5078],[-84.353,35.5128],[-84.3502,35.5082],[-84.3495,35.5009],[-84.3662,35.4863],[-84.3638,35.479],[-84.3878,35.4609],[-84.3835,35.4585],[-84.3942,35.4495],[-84.3874,35.4419],[-84.3926,35.4331],[-84.3841,35.4274],[-84.3739,35.4311],[-84.3676,35.4234],[-84.3747,35.4154],[-84.3903,35.4114],[-84.3831,35.4067],[-84.3722,35.4078],[-84.3664,35.4049],[-84.3663,35.3982],[-84.3588,35.3967],[-84.3637,35.3883],[-84.3538,35.3917],[-84.355,35.3771],[-84.3578,35.3748],[-84.3509,35.3706],[-84.3511,35.3679],[-84.3528,35.3645],[-84.3626,35.3625],[-84.3559,35.3557],[-84.3451,35.3584],[-84.3398,35.3639],[-84.3342,35.3627],[-84.3359,35.3572],[-84.3318,35.3536],[-84.3388,35.348],[-84.321,35.3287],[-84.3241,35.3201],[-84.3192,35.321],[-84.3125,35.3096],[-84.2989,35.3202],[-84.3,35.311],[-84.2922,35.311],[-84.2902,35.2972],[-84.2849,35.2911],[-84.2806,35.2945],[-84.2811,35.2851],[-84.2758,35.2799],[-84.2531,35.2917],[-84.2495,35.2819],[-84.2291,35.2687],[-84.2115,35.2658],[-84.2029,35.255],[-84.1997,35.2441],[-84.1933,35.2448],[-84.1884,35.2401],[-84.179,35.2406],[-84.17,35.2465],[-84.1615,35.2434],[-84.1474,35.2469],[-84.1275,35.2409],[-84.1251,35.2499],[-84.1066,35.2517],[-84.0981,35.2475],[-84.0793,35.2477],[-84.0732,35.238],[-84.0589,35.2358],[-84.0561,35.2283],[-84.0489,35.2279],[-84.0446,35.2292],[-84.0408,35.2417],[-84.0331,35.2441],[-84.0082,35.2423],[-84.0011,35.2333],[-83.986,35.2309],[-83.9774,35.2257],[-83.9758,35.2211],[-83.9592,35.2169],[-83.9572,35.2204],[-83.934,35.2232],[-83.901,35.2385],[-83.8937,35.2334],[-83.8879,35.2349],[-83.8734,35.2441],[-83.8516,35.2492],[-83.8452,35.2555],[-83.8308,35.256],[-83.8225,35.2503],[-83.7952,35.2576],[-83.7734,35.2458],[-83.7616,35.248],[-83.7567,35.2425],[-83.7343,35.2451],[-83.7121,35.2594],[-83.7032,35.2591],[-83.7021,35.2634],[-83.6968,35.2647],[-83.6861,35.2808],[-83.6919,35.2864],[-83.6902,35.2942],[-83.6956,35.2995],[-83.6907,35.317],[-83.685,35.324],[-83.69,35.3289],[-83.7033,35.3305],[-83.7135,35.3526],[-83.7178,35.3534],[-83.7186,35.3603],[-83.7137,35.3682],[-83.717,35.3721],[-83.7265,35.3742],[-83.7443,35.3711],[-83.7546,35.3771],[-83.7538,35.3832],[-83.7642,35.3865],[-83.7619,35.4021],[-83.7651,35.4133],[-83.7746,35.4204],[-83.7991,35.4262],[-83.7926,35.4371],[-83.7952,35.442],[-83.7903,35.4451],[-83.8026,35.4527],[-83.8142,35.4532],[-83.8102,35.4577],[-83.8131,35.4669],[-83.8057,35.4817],[-83.8151,35.4854],[-83.8163,35.491],[-83.8095,35.5157],[-83.8201,35.5267],[-83.8028,35.5416],[-83.7802,35.5508],[-83.7713,35.5618],[-83.7548,35.5648],[-83.7465,35.5604],[-83.7365,35.5655],[-83.7287,35.5646],[-83.7354,35.583],[-83.7568,35.5972],[-83.7614,35.6036],[-83.7633,35.6224],[-83.7852,35.6287],[-83.7928,35.628],[-83.8031,35.6217],[-83.8193,35.6266],[-83.8426,35.6238],[-83.8528,35.6289],[-83.856,35.6347],[-83.8616,35.6328],[-83.8668,35.6362],[-83.8737,35.6238],[-83.8793,35.6296],[-83.8902,35.627],[-83.8889,35.6306],[-83.8942,35.6323],[-83.8986,35.6394],[-83.9056,35.6358],[-83.9135,35.6363],[-83.9158,35.6428],[-83.9274,35.6349],[-83.9344,35.6384],[-83.9375,35.6368],[-83.9241,35.6532],[-83.9368,35.6624],[-83.9332,35.6693],[-83.9408,35.6694],[-83.9426,35.6788],[-83.9459,35.6777],[-83.948,35.6824],[-83.9506,35.6799],[-83.9629,35.6802],[-83.9688,35.6951],[-83.9755,35.6904],[-83.9792,35.6951],[-83.9891,35.6976],[-83.9922,35.6944],[-83.9967,35.7025],[-84.0116,35.6979],[-84.0108,35.7088],[-84.0145,35.7182],[-84.023,35.7214],[-84.0273,35.7188],[-84.0339,35.7274],[-84.0421,35.7248],[-84.0606,35.7325],[-84.0639,35.7312],[-84.0656,35.7237],[-84.0812,35.7186],[-84.0889,35.7194],[-84.0918,35.7143],[-84.1031,35.7128],[-84.1129,35.7032],[-84.1159,35.7026],[-84.1184,35.7113],[-84.1218,35.7131],[-84.1409,35.7002],[-84.1448,35.7014],[-84.153,35.687],[-84.1724,35.6862],[-84.1738,35.6931],[-84.1885,35.6934],[-84.1849,35.7029],[-84.188,35.7063],[-84.1991,35.7068],[-84.2103,35.7125],[-84.2112,35.7259],[-84.2053,35.7301],[-84.2053,35.7412],[-84.2143,35.7475],[-84.2183,35.7568],[-84.2316,35.7607],[-84.2302,35.7665],[-84.2338,35.776],[-84.2414,35.7768],[-84.2479,35.7814]]]},"properties":{"huc8":"06010204","name":"Lower Little Tennessee"}},{"type":"Feature","geometry":{"type":"Polygon","coordinates":[[[-84.5655,35.5947],[-84.5673,35.5976],[-84.5719,35.5915],[-84.577,35.5906],[-84.589,35.5776],[-84.5893,35.573],[-84.5965,35.5736],[-84.6258,35.524],[-84.6358,35.527],[-84.654,35.5111],[-84.6625,35.5107],[-84.6596,35.5176],[-84.6691,35.5219],[-84.6673,35.5287],[-84.6787,35.5422],[-84.6888,35.5446],[-84.6916,35.5409],[-84.6994,35.546],[-84.7051,35.5428],[-84.7249,35.5217],[-84.7324,35.5208],[-84.7429,35.5109],[-84.7473,35.5105],[-84.7511,35.4992],[-84.7616,35.4936],[-84.7578,35.493],[-84.7575,35.4889],[-84.7674,35.4855],[-84.7715,35.4804],[-84.77,35.4763],[-84.7764,35.4665],[-84.7822,35.4628],[-84.7871,35.4653],[-84.7947,35.4557],[-84.8007,35.4555],[-84.8001,35.4504],[-84.8071,35.4471],[-84.801,35.4428],[-84.8034,35.4364],[-84.814,35.4375],[-84.819,35.4336],[-84.8211,35.4436],[-84.8254,35.4471],[-84.8316,35.4414],[-84.8407,35.4408],[-84.843,35.4461],[-84.8485,35.4435],[-84.8562,35.4488],[-84.8598,35.4475],[-84.8627,35.4545],[-84.8594,35.4576],[-84.8621,35.4607],[-84.8666,35.4551],[-84.8724,35.4547],[-84.8726,35.4501],[-84.8696,35.4502],[-84.8721,35.4454],[-84.8788,35.4433],[-84.8832,35.4373],[-84.893,35.435],[-84.9054,35.4238],[-84.9168,35.4223],[-84.9205,35.4195],[-84.9187,35.4148],[-84.9325,35.407],[-84.9393,35.4075],[-84.9496,35.4177],[-84.9598,35.4033],[-84.9734,35.4053],[-84.9788,35.396],[-84.9936,35.3906],[-84.9887,35.3817],[-84.9953,35.3712],[-84.9902,35.3665],[-84.9899,35.3557],[-84.9855,35.3547],[-84.9889,35.3457],[-84.9801,35.339],[-84.9781,35.3313],[-84.9838,35.3243],[-84.9797,35.3207],[-84.9871,35.3079],[-84.9852,35.3054],[-84.9959,35.2953],[-84.9891,35.2868],[-85.0008,35.2833],[-84.9809,35.2696],[-84.9669,35.2723],[-84.963,35.2647],[-84.9664,35.2608],[-84.9615,35.2542],[-84.9707,35.2435],[-84.9895,35.2069],[-84.9947,35.2016],[-84.9988,35.2033],[-85.0027,35.1967],[-85.0104,35.1749],[-85.0052,35.1739],[-85.0073,35.1637],[-85.0134,35.155],[-85.0103,35.1487],[-85.0043,35.1485],[-85.0077,35.1451],[-85.0044,35.1424],[-85.0051,35.1288],[-85.01,35.1003],[-85.0013,35.0992],[-84.9891,35.0918],[-84.9964,35.072],[-84.9918,35.0652],[-84.9845,35.0669],[-84.9761,35.0627],[-84.9969,35.0116],[-84.9905,35.0092],[-84.9872,35.0149],[-84.9813,35.0149],[-84.9781,35.0099],[-84.9762,35.0113],[-84.9742,35.0075],[-84.9655,35.0046],[-84.9533,35.0271],[-84.955,35.031],[-84.9494,35.0345],[-84.9507,35.0436],[-84.9337,35.0373],[-84.9264,35.054],[-84.9167,35.049],[-84.9105,35.0525],[-84.9038,35.0788],[-84.8946,35.097],[-84.8853,35.1112],[-84.8752,35.1141],[-84.8548,35.1514],[-84.8425,35.1488],[-84.8392,35.1518],[-84.834,35.1496],[-84.8306,35.1518],[-84.819,35.1489],[-84.8158,35.1393],[-84.82,35.1371],[-84.8182,35.1254],[-84.8208,35.1225],[-84.8045,35.108],[-84.8017,35.097],[-84.7952,35.1027],[-84.791,35.1015],[-84.7874,35.0987],[-84.7899,35.0932],[-84.7878,35.0897],[-84.7728,35.0882],[-84.774,35.085],[-84.7676,35.083],[-84.7628,35.0765],[-84.7572,35.0793],[-84.7519,35.0744],[-84.7461,35.0772],[-84.7416,35.0743],[-84.7412,35.0665],[-84.7283,35.0743],[-84.7205,35.0674],[-84.7102,35.064],[-84.7066,35.0686],[-84.7099,35.0707],[-84.7105,35.0785],[-84.7019,35.0856],[-84.7067,35.0855],[-84.7167,35.0969],[-84.7146,35.1002],[-84.723,35.1031],[-84.7169,35.1121],[-84.72,35.1149],[-84.7063,35.1364],[-84.7101,35.1405],[-84.7091,35.1454],[-84.7021,35.1593],[-84.7016,35.168],[-84.6976,35.1703],[-84.6942,35.1759],[-84.6954,35.1808],[-84.688,35.1893],[-84.687,35.1991],[-84.682,35.1973],[-84.6719,35.2007],[-84.667,35.1985],[-84.665,35.2036],[-84.658,35.2064],[-84.6533,35.1971],[-84.6376,35.1909],[-84.6359,35.18],[-84.6269,35.1818],[-84.6282,35.1748],[-84.6181,35.1685],[-84.6094,35.158],[-84.5584,35.1921],[-84.5511,35.1844],[-84.5421,35.1817],[-84.5457,35.175],[-84.5429,35.1659],[-84.5395,35.1605],[-84.5349,35.1596],[-84.5388,35.1563],[-84.5393,35.1506],[-84.528,35.1472],[-84.5103,35.1517],[-84.5002,35.1459],[-84.4956,35.1484],[-84.4893,35.1456],[-84.4889,35.1397],[-84.4834,35.1377],[-84.4866,35.1319],[-84.4768,35.1269],[-84.4796,35.1178],[-84.4698,35.1061],[-84.4542,35.1107],[-84.4455,35.0981],[-84.4348,35.0991],[-84.4213,35.0945],[-84.3994,35.103],[-84.3911,35.0971],[-84.3934,35.0907],[-84.3875,35.0812],[-84.3749,35.0841],[-84.3625,35.0811],[-84.3521,35.0726],[-84.3511,35.0682],[-84.3457,35.0661],[-84.3353,35.0684],[-84.3284,35.063],[-84.3198,35.0617],[-84.3006,35.0651],[-84.287,35.0519],[-84.2879,35.0404],[-84.2603,35.0431],[-84.2554,35.0275],[-84.2475,35.0241],[-84.2491,35.0163],[-84.2283,35.0105],[-84.2223,35.0018],[-84.2391,34.9938],[-84.2467,34.9811],[-84.2395,34.9662],[-84.2419,34.9626],[-84.2367,34.9643],[-84.2309,34.9613],[-84.234,34.9534],[-84.2298,34.952],[-84.2028,34.9674],[-84.1967,34.9655],[-84.1914,34.9526],[-84.1793,34.951],[-84.1715,34.9374],[-84.1633,34.9358],[-84.1615,34.927],[-84.1522,34.9252],[-84.1491,34.9196],[-84.1382,34.9149],[-84.1331,34.9161],[-84.1255,34.9087],[-84.1147,34.8897],[-84.1077,34.8874],[-84.1136,34.8706],[-84.1189,34.8644],[-84.1293,34.8652],[-84.1426,34.8539],[-84.1423,34.8501],[-84.1478,34.8444],[-84.1411,34.8072],[-84.1241,34.7957],[-84.0935,34.8012],[-84.0879,34.8056],[-84.0798,34.8034],[-84.0781,34.8],[-84.0675,34.8035],[-84.0619,34.8032],[-84.058,34.799],[-84.0427,34.8016],[-84.0346,34.7913],[-84.0177,34.7908],[-84.0069,34.7843],[-83.9988,34.7871],[-83.9775,34.7856],[-83.9603,34.7775],[-83.9572,34.768],[-83.9485,34.7573],[-83.9502,34.7479],[-83.9447,34.7466],[-83.9358,34.7383],[-83.9004,34.7321],[-83.8931,34.7254],[-83.8855,34.7265],[-83.8787,34.7229],[-83.8696,34.7273],[-83.8568,34.7219],[-83.8501,34.7262],[-83.8409,34.7249],[-83.8383,34.7289],[-83.8295,34.7311],[-83.8296,34.7407],[-83.8253,34.744],[-83.8306,34.7663],[-83.8243,34.78],[-83.8138,34.7885],[-83.811,34.7956],[-83.8122,34.81],[-83.8061,34.8119],[-83.8047,34.8171],[-83.7949,34.8247],[-83.7895,34.8243],[-83.7785,34.816],[-83.7545,34.8126],[-83.7518,34.8051],[-83.7467,34.8016],[-83.723,34.7978],[-83.7121,34.7906],[-83.696,34.7935],[-83.6911,34.7992],[-83.667,34.8064],[-83.6584,34.8132],[-83.6522,34.823],[-83.6591,34.8303],[-83.6618,34.8481],[-83.6551,34.8655],[-83.6566,34.8786],[-83.6499,34.8809],[-83.6446,34.8916],[-83.6304,34.8949],[-83.6281,34.8996],[-83.63,34.9061],[-83.6267,34.9101],[-83.6186,34.9092],[-83.6154,34.9145],[-83.599,34.9133],[-83.5932,34.9203],[-83.5984,34.9224],[-83.602,34.9385],[-83.5931,34.9403],[-83.5888,34.951],[-83.5969,34.9594],[-83.5914,34.9664],[-83.6021,34.9899],[-83.6009,34.9936],[-83.5848,35.0032],[-83.5778,35.0159],[-83.5791,35.0253],[-83.5689,35.0283],[-83.5799,35.031],[-83.5896,35.047],[-83.6182,35.0679],[-83.6569,35.0685],[-83.649,35.0857],[-83.6512,35.1017],[-83.6603,35.1206],[-83.6799,35.1243],[-83.6847,35.1307],[-83.6822,35.1348],[-83.686,35.1426],[-83.6834,35.1466],[-83.6871,35.1541],[-83.6941,35.156],[-83.6999,35.1524],[-83.7145,35.1553],[-83.7267,35.1452],[-83.7381,35.156],[-83.7306,35.1718],[-83.7314,35.1788],[-83.7237,35.1874],[-83.7192,35.1856],[-83.7119,35.1905],[-83.7114,35.1956],[-83.7164,35.1998],[-83.7195,35.1968],[-83.729,35.2009],[-83.7229,35.2095],[-83.6975,35.2247],[-83.6906,35.2347],[-83.6917,35.2428],[-83.7043,35.2493],[-83.703,35.2515],[-83.7085,35.2576],[-83.7132,35.2577],[-83.7343,35.2451],[-83.7567,35.2425],[-83.7616,35.248],[-83.7734,35.2458],[-83.7952,35.2576],[-83.8225,35.2503],[-83.8308,35.256],[-83.8452,35.2555],[-83.8516,35.2492],[-83.8734,35.2441],[-83.8879,35.2349],[-83.8937,35.2334],[-83.901,35.2385],[-83.934,35.2232],[-83.9572,35.2204],[-83.9592,35.2169],[-83.9758,35.2211],[-83.9774,35.2257],[-83.986,35.2309],[-84.0011,35.2333],[-84.0082,35.2423],[-84.0331,35.2441],[-84.0408,35.2417],[-84.0446,35.2292],[-84.0489,35.2279],[-84.0561,35.2283],[-84.0589,35.2358],[-84.0732,35.238],[-84.0793,35.2477],[-84.0981,35.2475],[-84.1066,35.2517],[-84.1251,35.2499],[-84.1275,35.2409],[-84.1474,35.2469],[-84.1615,35.2434],[-84.17,35.2465],[-84.183,35.2401],[-84.1892,35.2404],[-84.1933,35.2448],[-84.1991,35.2437],[-84.2029,35.255],[-84.2115,35.2658],[-84.2291,35.2687],[-84.2495,35.2819],[-84.2531,35.2917],[-84.2758,35.2799],[-84.2811,35.2851],[-84.2806,35.2945],[-84.2849,35.2911],[-84.2902,35.2972],[-84.2922,35.311],[-84.3,35.311],[-84.2989,35.3202],[-84.3125,35.3096],[-84.3192,35.321],[-84.3241,35.3201],[-84.3207,35.3268],[-84.3235,35.3331],[-84.3388,35.348],[-84.3318,35.3536],[-84.3359,35.3572],[-84.3342,35.3627],[-84.3398,35.3639],[-84.3451,35.3584],[-84.3559,35.3557],[-84.3626,35.3625],[-84.3528,35.3645],[-84.3511,35.3679],[-84.3509,35.3706],[-84.3578,35.3748],[-84.355,35.3771],[-84.3538,35.3917],[-84.3637,35.3883],[-84.3588,35.3967],[-84.3663,35.3982],[-84.3664,35.4049],[-84.3896,35.4091],[-84.387,35.4134],[-84.3747,35.4154],[-84.3676,35.4234],[-84.3739,35.4311],[-84.3841,35.4274],[-84.3926,35.4331],[-84.3874,35.4419],[-84.3942,35.4495],[-84.3835,35.4585],[-84.3878,35.4609],[-84.3638,35.479],[-84.3659,35.4866],[-84.3486,35.5025],[-84.353,35.5128],[-84.362,35.5078],[-84.368,35.5135],[-84.3807,35.5096],[-84.3958,35.5188],[-84.4013,35.5166],[-84.408,35.5229],[-84.399,35.5292],[-84.4026,35.5327],[-84.3998,35.5386],[-84.4109,35.5341],[-84.4124,35.5401],[-84.4185,35.5361],[-84.4257,35.5387],[-84.4426,35.5263],[-84.4466,35.5335],[-84.4532,35.5355],[-84.4551,35.5393],[-84.4588,35.5355],[-84.4666,35.5392],[-84.4761,35.531],[-84.4811,35.535],[-84.4846,35.5308],[-84.4998,35.5289],[-84.4969,35.5338],[-84.5,35.5358],[-84.5099,35.5299],[-84.5155,35.5313],[-84.5244,35.5245],[-84.5314,35.5303],[-84.5283,35.5391],[-84.5372,35.5419],[-84.5394,35.5465],[-84.5494,35.5513],[-84.5336,35.5721],[-84.5265,35.5739],[-84.5254,35.5803],[-84.5346,35.5849],[-84.5465,35.5813],[-84.5516,35.5884],[-84.5655,35.5947]]]},"properties":{"huc8":"06020002","name":"Hiwassee"}},{"type":"Feature","geometry":{"type":"Polygon","coordinates":[[[-76.0244,36.8304],[-76.0283,36.8276],[-76.0315,36.8294],[-76.0299,36.826],[-76.0568,36.7993],[-76.0568,36.7941],[-76.0622,36.7952],[-76.0639,36.7926],[-76.0689,36.7953],[-76.0718,36.7914],[-76.0793,36.7907],[-76.0872,36.7929],[-76.0869,36.7905],[-76.0976,36.7868],[-76.1126,36.7886],[-76.1228,36.7959],[-76.1217,36.8009],[-76.1264,36.8012],[-76.1303,36.8057],[-76.1331,36.8043],[-76.1327,36.8104],[-76.1377,36.811],[-76.1463,36.8063],[-76.1654,36.8133],[-76.1753,36.7975],[-76.2043,36.769],[-76.207,36.759],[-76.2159,36.76],[-76.2169,36.756],[-76.2129,36.7549],[-76.2129,36.7498],[-76.2101,36.7482],[-76.2143,36.7359],[-76.2103,36.7229],[-76.2364,36.7213],[-76.2485,36.7242],[-76.2467,36.7197],[-76.2526,36.7177],[-76.252,36.7145],[-76.2613,36.7108],[-76.2677,36.702],[-76.2767,36.7005],[-76.2805,36.6819],[-76.2934,36.6893],[-76.2971,36.6862],[-76.2993,36.6909],[-76.3415,36.6889],[-76.3445,36.6927],[-76.3586,36.692],[-76.3596,36.6875],[-76.4364,36.6876],[-76.4353,36.7212],[-76.4475,36.7339],[-76.4594,36.7712],[-76.4796,36.7646],[-76.4781,36.7187],[-76.5241,36.6933],[-76.5258,36.6813],[-76.5595,36.6829],[-76.5751,36.6941],[-76.5857,36.6966],[-76.5916,36.6965],[-76.599,36.6897],[-76.6078,36.69],[-76.6112,36.685],[-76.6097,36.6744],[-76.6147,36.6694],[-76.6334,36.6745],[-76.6436,36.6699],[-76.6482,36.6742],[-76.6651,36.6725],[-76.6671,36.6761],[-76.6832,36.6825],[-76.688,36.6753],[-76.6899,36.6604],[-76.6864,36.6502],[-76.6972,36.6329],[-76.6964,36.6245],[-76.6763,36.6163],[-76.6799,36.6053],[-76.6608,36.6048],[-76.6574,36.5951],[-76.6622,36.5883],[-76.6592,36.5869],[-76.6582,36.5808],[-76.6483,36.5789],[-76.6477,36.5714],[-76.6321,36.5702],[-76.6233,36.5652],[-76.6269,36.5623],[-76.6325,36.565],[-76.6374,36.5598],[-76.6378,36.543],[-76.6272,36.5351],[-76.6195,36.5351],[-76.6103,36.5276],[-76.6073,36.5139],[-76.6139,36.5055],[-76.6007,36.4947],[-76.6002,36.4865],[-76.592,36.4775],[-76.5845,36.4743],[-76.5825,36.4683],[-76.5846,36.4578],[-76.5712,36.4502],[-76.5697,36.433],[-76.5733,36.4232],[-76.5635,36.4183],[-76.542,36.4144],[-76.5412,36.4037],[-76.5457,36.3953],[-76.5471,36.3781],[-76.5505,36.3747],[-76.549,36.3696],[-76.5539,36.3674],[-76.5581,36.3592],[-76.5535,36.3523],[-76.5595,36.3499],[-76.5591,36.342],[-76.5622,36.3413],[-76.5675,36.327],[-76.5731,36.3212],[-76.578,36.321],[-76.5713,36.3071],[-76.5766,36.3055],[-76.5754,36.2942],[-76.5691,36.2923],[-76.5666,36.282],[-76.5773,36.2717],[-76.5752,36.2613],[-76.5784,36.2535],[-76.5858,36.2498],[-76.5886,36.2394],[-76.6032,36.2356],[-76.6019,36.2258],[-76.6049,36.2186],[-76.6109,36.2104],[-76.6246,36.2077],[-76.6346,36.1913],[-76.6366,36.181],[-76.6544,36.162],[-76.6503,36.159],[-76.6576,36.1414],[-76.6582,36.1269],[-76.6672,36.1037],[-76.6672,36.0944],[-76.673,36.0932],[-76.6761,36.1027],[-76.6789,36.1032],[-76.6869,36.0924],[-76.6844,36.084],[-76.6773,36.0819],[-76.6747,36.0759],[-76.6769,36.0736],[-76.6726,36.0696],[-76.6749,36.0667],[-76.6668,36.0622],[-76.6744,36.0581],[-76.6695,36.0541],[-76.6714,36.0499],[-76.6565,36.0421],[-76.6617,36.0201],[-76.674,36.0067],[-76.7,35.9966],[-76.7188,35.9961],[-76.7397,36.0011],[-76.7576,35.9991],[-76.763,36.0076],[-76.773,36.0033],[-76.7745,35.9998],[-76.7846,35.9987],[-76.7841,35.9935],[-76.7768,35.9855],[-76.7612,35.976],[-76.7242,35.9802],[-76.7137,35.9757],[-76.7,35.9747],[-76.6871,35.967],[-76.6762,35.9496],[-76.6837,35.9375],[-76.6807,35.9303],[-76.6702,35.9189],[-76.663,35.9196],[-76.6625,35.9134],[-76.6582,35.9086],[-76.6588,35.9013],[-76.6676,35.8998],[-76.6658,35.8939],[-76.677,35.891],[-76.6799,35.8794],[-76.671,35.875],[-76.6852,35.8727],[-76.6857,35.8652],[-76.6719,35.8593],[-76.6726,35.8461],[-76.6821,35.8454],[-76.6789,35.8363],[-76.6929,35.8361],[-76.7175,35.8251],[-76.7295,35.8065],[-76.7058,35.8002],[-76.6676,35.7768],[-76.6306,35.7836],[-76.6201,35.7742],[-76.6259,35.7609],[-76.6019,35.7536],[-76.5819,35.755],[-76.5649,35.7496],[-76.5654,35.7422],[-76.5538,35.7371],[-76.5353,35.7333],[-76.5282,35.7472],[-76.4726,35.7315],[-76.4266,35.7269],[-76.4202,35.7238],[-76.4126,35.7078],[-76.4038,35.7005],[-76.3416,35.688],[-76.3227,35.678],[-76.2823,35.6862],[-76.2759,35.6843],[-76.2524,35.6908],[-76.199,35.6963],[-76.2042,35.6742],[-76.1848,35.6635],[-76.181,35.6573],[-76.1699,35.6542],[-76.16,35.647],[-76.1425,35.6294],[-76.1488,35.6239],[-76.0627,35.5898],[-76.0205,35.5883],[-75.9922,35.5955],[-75.9812,35.602],[-75.9759,35.6119],[-75.9804,35.6227],[-75.9506,35.6524],[-75.9356,35.6493],[-75.9152,35.6515],[-75.9068,35.6617],[-75.8936,35.6703],[-75.8653,35.6723],[-75.8328,35.6591],[-75.8268,35.6502],[-75.827,35.6431],[-75.8326,35.6322],[-75.8287,35.6221],[-75.8076,35.6186],[-75.8059,35.6082],[-75.7902,35.5847],[-75.7504,35.5791],[-75.7368,35.5659],[-75.72,35.5644],[-75.705,35.5507],[-75.6783,35.5364],[-75.6433,35.55],[-75.6319,35.5479],[-75.623,35.5324],[-75.6226,35.5069],[-75.6145,35.4912],[-75.5961,35.4726],[-75.5938,35.4649],[-75.5834,35.4568],[-75.5657,35.4601],[-75.5408,35.4787],[-75.5233,35.4744],[-75.5058,35.4858],[-75.4799,35.4831],[-75.4853,35.4407],[-75.4859,35.402],[-75.5146,35.2948],[-75.5196,35.2574],[-75.5209,35.2537],[-75.5444,35.2505],[-75.546,35.2455],[-75.5277,35.2323],[-75.5197,35.2068],[-75.4823,35.1817],[-75.4683,35.2038],[-75.4646,35.231],[-75.457,35.2504],[-75.4472,35.3108],[-75.4249,35.3929],[-75.4183,35.472],[-75.3983,35.5724],[-75.4,35.6079],[-75.4221,35.7023],[-75.4455,35.7625],[-75.4753,35.8031],[-75.4907,35.8312],[-75.51,35.8778],[-75.5512,35.9526],[-75.609,36.0536],[-75.6581,36.1286],[-75.7221,36.2637],[-75.7396,36.307],[-75.7578,36.3663],[-75.7942,36.5013],[-75.8199,36.6158],[-75.8481,36.6837],[-75.8668,36.7195],[-75.904,36.8214],[-75.9766,36.8115],[-75.9838,36.8008],[-75.9901,36.8041],[-75.9885,36.8083],[-75.9913,36.8097],[-76.0057,36.8099],[-76.0064,36.8136],[-76.0176,36.8192],[-76.0207,36.817],[-76.0294,36.8237],[-76.0245,36.826],[-76.0244,36.8304]]]},"properties":{"huc8":"03010205","name":"Albemarle"}}]}