{"type":"FeatureCollection","features":[{"type":"Feature","geometry":{"type":"LineString","coordinates":[[-83.15448,35.2619],[-83.15373,35.26288],[-83.15273,35.26372],[-83.15221,35.26388],[-83.1503,35.26406],[-83.14886,35.26439],[-83.14817,35.26507],[-83.1476,35.26526],[-83.14672,35.26578],[-83.14586,35.26592],[-83.14419,35.26678],[-83.14041,35.26753],[-83.13882,35.26696],[-83.13823,35.26711],[-83.13732,35.26707],[-83.13701,35.26725],[-83.13471,35.26942],[-83.13296,35.27059],[-83.13163,35.27126],[-83.13052,35.2716],[-83.12928,35.27178],[-83.12827,35.27183],[-83.12684,35.27258]]},"properties":{"net":"NC3252","o":1}},{"type":"Feature","geometry":{"type":"LineString","coordinates":[[-83.15075,35.30085],[-83.15163,35.30011],[-83.15198,35.29937],[-83.15189,35.29866],[-83.15136,35.29791],[-83.15097,35.29688],[-83.15094,35.29625],[-83.15109,35.29593],[-83.15193,35.29514],[-83.15236,35.29494],[-83.15486,35.29431],[-83.15535,35.2943],[-83.15569,35.29442],[-83.1566,35.29498],[-83.1582,35.29618],[-83.15868,35.29702],[-83.15913,35.29823],[-83.15931,35.29849],[-83.15971,35.29875],[-83.16026,35.29873],[-83.16079,35.29835],[-83.16155,35.29706],[-83.16285,35.29571],[-83.16338,35.29528],[-83.16525,35.29517],[-83.16686,35.29543],[-83.16787,35.2959],[-83.17095,35.29696],[-83.1714,35.29722],[-83.17204,35.29774],[-83.17387,35.30016],[-83.17394,35.30151],[-83.17361,35.30265],[-83.17316,35.30352],[-83.17222,35.30445],[-83.17157,35.30479],[-83.17015,35.30493],[-83.16965,35.30477],[-83.16861,35.30395],[-83.16826,35.30342],[-83.16739,35.30263],[-83.16666,35.30239],[-83.16622,35.3024],[-83.16573,35.30247],[-83.16541,35.30261],[-83.16452,35.30346],[-83.16403,35.3037],[-83.1636,35.30376],[-83.16322,35.304],[-83.16214,35.30426],[-83.16192,35.3044],[-83.16105,35.30452],[-83.16002,35.30492],[-83.15961,35.30552],[-83.15948,35.3062],[-83.15958,35.30696],[-83.15988,35.30745],[-83.16015,35.30843],[-83.16026,35.30852],[-83.16097,35.31061],[-83.1614,35.31137],[-83.16225,35.31192],[-83.16326,35.3123],[-83.16437,35.31248],[-83.16509,35.31246],[-83.16592,35.31214]]},"properties":{"net":"NC3252","o":5}},{"type":"Feature","geometry":{"type":"LineString","coordinates":[[-83.53811,35.44383],[-83.5404,35.44403],[-83.54172,35.44405],[-83.54298,35.44395],[-83.54404,35.44372],[-83.54732,35.44232],[-83.54948,35.441]]},"properties":{"net":"out","o":7}},{"type":"Feature","geometry":{"type":"LineString","coordinates":[[-83.52807,35.43762],[-83.52934,35.43739],[-83.52992,35.43741],[-83.53081,35.43755],[-83.53159,35.43782]]},"properties":{"net":"out","o":7}},{"type":"Feature","geometry":{"type":"LineString","coordinates":[[-83.54386,35.51953],[-83.54398,35.51847],[-83.54413,35.51825],[-83.54527,35.51794],[-83.54594,35.51808],[-83.54641,35.51829],[-83.54761,35.51819],[-83.5479,35.51802]]},"properties":{"net":"out","o":4}},{"type":"Feature","geometry":{"type":"LineString","coordinates":[[-83.5713,35.44271],[-83.57165,35.44282]]},"properties":{"net":"out","o":7}},{"type":"Feature","geometry":{"type":"LineString","coordinates":[[-83.55365,35.44175],[-83.55417,35.44196]]},"properties":{"net":"out","o":7}},{"type":"Feature","geometry":{"type":"LineString","coordinates":[[-83.54948,35.441],[-83.55003,35.4407],[-83.55077,35.44061],[-83.55139,35.44071],[-83.55194,35.44083],[-83.55264,35.44115],[-83.55365,35.44175]]},"properties":{"net":"out","o":7}},{"type":"Feature","geometry":{"type":"LineString","coordinates":[[-83.56342,35.48373],[-83.56388,35.48319],[-83.5644,35.48306],[-83.56516,35.48235]]},"properties":{"net":"out","o":4}},{"type":"Feature","geometry":{"type":"LineString","coordinates":[[-83.48885,35.43577],[-83.48926,35.43583]]},"properties":{"net":"out","o":4}},{"type":"Feature","geometry":{"type":"LineString","coordinates":[[-83.28941,35.43473],[-83.29098,35.43482],[-83.29132,35.43507],[-83.29192,35.43533],[-83.29213,35.43553],[-83.29235,35.43556],[-83.29313,35.43545],[-83.2935,35.43561],[-83.29374,35.4355],[-83.29596,35.43568]]},"properties":{"net":"NC3046","o":1}},{"type":"Feature","geometry":{"type":"LineString","coordinates":[[-83.29524,35.46812],[-83.29571,35.46776]]},"properties":{"net":"NC3046","o":1}},{"type":"Feature","geometry":{"type":"LineString","coordinates":[[-83.28214,35.47524],[-83.28334,35.4741],[-83.28394,35.47367],[-83.28415,35.47312],[-83.28564,35.47228],[-83.2873,35.4709],[-83.2883,35.47064],[-83.28878,35.47042],[-83.28923,35.47049]]},"properties":{"net":"NC3046","o":3}},{"type":"Feature","geometry":{"type":"LineString","coordinates":[[-83.29644,35.48833],[-83.29718,35.48733]]},"properties":{"net":"NC3046","o":1}},{"type":"Feature","geometry":{"type":"LineString","coordinates":[[-83.29601,35.48697],[-83.29632,35.4869],[-83.29696,35.48698],[-83.29719,35.4872],[-83.29759,35.48729]]},"properties":{"net":"NC3046","o":3}},{"type":"Feature","geometry":{"type":"LineString","coordinates":[[-83.29484,35.48684],[-83.29601,35.48697]]},"properties":{"net":"NC3046","o":2}},{"type":"Feature","geometry":{"type":"LineString","coordinates":[[-83.29352,35.49021],[-83.29345,35.48976],[-83.29374,35.48932]]},"properties":{"net":"NC3046","o":1}},{"type":"Feature","geometry":{"type":"LineString","coordinates":[[-83.28641,35.49697],[-83.28676,35.49725],[-83.28782,35.49762],[-83.28829,35.49861],[-83.2885,35.4988],[-83.28953,35.49917],[-83.2918,35.49938]]},"properties":{"net":"NC3046","o":1}},{"type":"Feature","geometry":{"type":"LineString","coordinates":[[-83.47754,35.42933],[-83.47889,35.42941],[-83.48038,35.42933],[-83.4828,35.42864]]},"properties":{"net":"out","o":7}},{"type":"Feature","geometry":{"type":"LineString","coordinates":[[-83.47722,35.4293],[-83.47754,35.42933]]},"properties":{"net":"out","o":7}},{"type":"Feature","geometry":{"type":"LineString","coordinates":[[-83.52347,35.46392],[-83.52424,35.46423],[-83.52462,35.46398]]},"properties":{"net":"out","o":4}},{"type":"Feature","geometry":{"type":"LineString","coordinates":[[-83.50754,35.44984],[-83.50843,35.44941]]},"properties":{"net":"out","o":7}},{"type":"Feature","geometry":{"type":"LineString","coordinates":[[-83.50332,35.45199],[-83.50345,35.45192]]},"properties":{"net":"out","o":7}},{"type":"Feature","geometry":{"type":"LineString","coordinates":[[-83.51417,35.47517],[-83.51434,35.47482],[-83.51436,35.47414],[-83.51448,35.47376],[-83.51502,35.47346],[-83.51595,35.47246],[-83.51618,35.47213],[-83.51651,35.47103],[-83.51695,35.47051]]},"properties":{"net":"out","o":4}},{"type":"Feature","geometry":{"type":"LineString","coordinates":[[-83.47208,35.42803],[-83.47306,35.42841],[-83.47382,35.42857]]},"properties":{"net":"out","o":7}},{"type":"Feature","geometry":{"type":"LineString","coordinates":[[-83.48498,35.44074],[-83.48545,35.44051]]},"properties":{"net":"out","o":4}},{"type":"Feature","geometry":{"type":"LineString","coordinates":[[-83.47071,35.45035],[-83.47083,35.44981],[-83.47109,35.44958],[-83.47169,35.44918],[-83.47264,35.44897],[-83.47318,35.44836]]},"properties":{"net":"out","o":4}},{"type":"Feature","geometry":{"type":"LineString","coordinates":[[-83.4227,35.42316],[-83.42253,35.42321],[-83.42247,35.42356],[-83.42307,35.42395],[-83.42306,35.42432]]},"properties":{"net":"NC6241","o":5}},{"type":"Feature","geometry":{"type":"LineString","coordinates":[[-83.43875,35.61023],[-83.43859,35.60966],[-83.43846,35.60833],[-83.43826,35.6079],[-83.43726,35.60759],[-83.43694,35.60761],[-83.43386,35.60692]]},"properties":{"net":"sm642640","o":1}},{"type":"Feature","geometry":{"type":"LineString","coordinates":[[-83.45697,35.421],[-83.45701,35.42122]]},"properties":{"net":"out","o":4}},{"type":"Feature","geometry":{"type":"LineString","coordinates":[[-83.45535,35.41432],[-83.45536,35.41477]]},"properties":{"net":"out","o":4}},{"type":"Feature","geometry":{"type":"LineString","coordinates":[[-83.41713,35.4232],[-83.41802,35.42355],[-83.41823,35.42378],[-83.41885,35.42366],[-83.42013,35.42404],[-83.42109,35.42453],[-83.42276,35.42453],[-83.42306,35.42432]]},"properties":{"net":"NC6241","o":4}},{"type":"Feature","geometry":{"type":"LineString","coordinates":[[-83.41504,35.42068],[-83.41573,35.4209]]},"properties":{"net":"NC6241","o":4}},{"type":"Feature","geometry":{"type":"LineString","coordinates":[[-83.43108,35.40487],[-83.43166,35.4057],[-83.43185,35.40579]]},"properties":{"net":"NC6241","o":4}},{"type":"Feature","geometry":{"type":"LineString","coordinates":[[-83.43971,35.43549],[-83.43968,35.43495],[-83.43923,35.43434],[-83.43905,35.43313]]},"properties":{"net":"out","o":5}},{"type":"Feature","geometry":{"type":"LineString","coordinates":[[-83.40948,35.42727],[-83.41087,35.42737],[-83.41169,35.4277],[-83.41217,35.42827],[-83.41265,35.42959]]},"properties":{"net":"out","o":7}},{"type":"Feature","geometry":{"type":"LineString","coordinates":[[-83.40622,35.42804],[-83.40767,35.42748],[-83.40882,35.42732]]},"properties":{"net":"out","o":7}},{"type":"Feature","geometry":{"type":"LineString","coordinates":[[-83.42917,35.41653],[-83.42911,35.41687]]},"properties":{"net":"NC6241","o":4}},{"type":"Feature","geometry":{"type":"LineString","coordinates":[[-83.42172,35.5266],[-83.42084,35.52505],[-83.42002,35.52406]]},"properties":{"net":"out","o":4}},{"type":"Feature","geometry":{"type":"LineString","coordinates":[[-83.40666,35.61759],[-83.40638,35.61694],[-83.40533,35.61561],[-83.40473,35.6151],[-83.40406,35.61489],[-83.40331,35.61444],[-83.40307,35.61391],[-83.40274,35.6137],[-83.40238,35.61321],[-83.40233,35.613],[-83.40167,35.61227],[-83.4003,35.61159],[-83.39991,35.61122],[-83.3996,35.61109]]},"properties":{"net":"NC3046","o":1}},{"type":"Feature","geometry":{"type":"LineString","coordinates":[[-83.46387,35.42033],[-83.4637,35.42118],[-83.46317,35.42134],[-83.46244,35.42251]]},"properties":{"net":"out","o":4}},{"type":"Feature","geometry":{"type":"LineString","coordinates":[[-83.42979,35.47331],[-83.42993,35.47306],[-83.42982,35.47279],[-83.42909,35.47235]]},"properties":{"net":"out","o":4}},{"type":"Feature","geometry":{"type":"LineString","coordinates":[[-83.42302,35.4113],[-83.42338,35.41147],[-83.42391,35.41208],[-83.42484,35.41268]]},"properties":{"net":"NC6241","o":4}},{"type":"Feature","geometry":{"type":"LineString","coordinates":[[-83.4215,35.40989],[-83.42214,35.41051],[-83.42263,35.41061]]},"properties":{"net":"NC6241","o":4}},{"type":"Feature","geometry":{"type":"LineString","coordinates":[[-83.42158,35.40806],[-83.42144,35.40831],[-83.42136,35.40897]]},"properties":{"net":"NC6241","o":4}},{"type":"Feature","geometry":{"type":"LineString","coordinates":[[-83.42124,35.40163],[-83.42141,35.40192],[-83.42125,35.40223],[-83.42125,35.4026]]},"properties":{"net":"NC6241","o":4}},{"type":"Feature","geometry":{"type":"LineString","coordinates":[[-83.42125,35.4026],[-83.42096,35.40298],[-83.42107,35.4036],[-83.42107,35.40414]]},"properties":{"net":"NC6241","o":4}},{"type":"Feature","geometry":{"type":"LineString","coordinates":[[-83.42948,35.50989],[-83.43059,35.50941],[-83.43135,35.50864],[-83.4316,35.50816],[-83.43164,35.50786],[-83.43135,35.50755],[-83.43028,35.50753],[-83.43009,35.50741],[-83.43005,35.50728],[-83.43018,35.50704],[-83.43079,35.50667],[-83.43158,35.50588],[-83.43168,35.50513],[-83.43137,35.50407]]},"properties":{"net":"out","o":4}},{"type":"Feature","geometry":{"type":"LineString","coordinates":[[-83.41935,35.39866],[-83.41941,35.39884]]},"properties":{"net":"NC6241","o":4}},{"type":"Feature","geometry":{"type":"LineString","coordinates":[[-83.41926,35.39809],[-83.41937,35.39826],[-83.41935,35.39866]]},"properties":{"net":"NC6241","o":4}},{"type":"Feature","geometry":{"type":"LineString","coordinates":[[-83.40801,35.41186],[-83.40789,35.41251],[-83.4076,35.41297],[-83.40759,35.41347]]},"properties":{"net":"NC6241","o":4}},{"type":"Feature","geometry":{"type":"LineString","coordinates":[[-83.39069,35.43546],[-83.39235,35.43506]]},"properties":{"net":"out","o":4}},{"type":"Feature","geometry":{"type":"LineString","coordinates":[[-83.37017,35.59977],[-83.36963,35.60005],[-83.36889,35.60027],[-83.3683,35.60021],[-83.36672,35.6006]]},"properties":{"net":"NC3046","o":1}},{"type":"Feature","geometry":{"type":"LineString","coordinates":[[-83.38084,35.61816],[-83.38088,35.61773],[-83.38106,35.61736],[-83.38149,35.61695]]},"properties":{"net":"NC3046","o":2}},{"type":"Feature","geometry":{"type":"LineString","coordinates":[[-83.38205,35.61187],[-83.38112,35.612],[-83.38038,35.6124],[-83.37925,35.6128],[-83.37879,35.61308],[-83.37854,35.61311]]},"properties":{"net":"NC3046","o":1}},{"type":"Feature","geometry":{"type":"LineString","coordinates":[[-83.37854,35.61311],[-83.37749,35.61227],[-83.3757,35.61121],[-83.37562,35.61097],[-83.37517,35.6105],[-83.37365,35.60951],[-83.37315,35.609],[-83.3722,35.60863],[-83.37176,35.60856],[-83.37091,35.60792]]},"properties":{"net":"NC3046","o":2}},{"type":"Feature","geometry":{"type":"LineString","coordinates":[[-83.36938,35.60954],[-83.36946,35.60888],[-83.36939,35.60865],[-83.36889,35.60815],[-83.36875,35.60756],[-83.36806,35.6071],[-83.36796,35.60682]]},"properties":{"net":"NC3046","o":3}},{"type":"Feature","geometry":{"type":"LineString","coordinates":[[-83.38621,35.57989],[-83.38524,35.58087],[-83.38415,35.58169],[-83.38351,35.58289],[-83.38353,35.58342],[-83.38331,35.5837],[-83.38365,35.58501],[-83.38326,35.5859],[-83.38325,35.5866],[-83.38344,35.58732],[-83.38345,35.588],[-83.38316,35.58898],[-83.38281,35.58925],[-83.3824,35.59007],[-83.38219,35.59032],[-83.38181,35.59046],[-83.3813,35.59088],[-83.38118,35.59141],[-83.38085,35.59212],[-83.38139,35.59272],[-83.38144,35.59289],[-83.3813,35.59318],[-83.38132,35.59341]]},"properties":{"net":"NC3046","o":1}},{"type":"Feature","geometry":{"type":"LineString","coordinates":[[-83.38585,35.59491],[-83.38511,35.59469],[-83.3845,35.59502]]},"properties":{"net":"NC3046","o":3}},{"type":"Feature","geometry":{"type":"LineString","coordinates":[[-83.3845,35.59502],[-83.38396,35.59499],[-83.38359,35.59482],[-83.3835,35.59407],[-83.38329,35.59384],[-83.38291,35.59368],[-83.38132,35.59341]]},"properties":{"net":"NC3046","o":3}},{"type":"Feature","geometry":{"type":"LineString","coordinates":[[-83.39881,35.61994],[-83.39897,35.61944],[-83.39897,35.61854],[-83.39939,35.61779],[-83.39942,35.61708],[-83.39922,35.61617],[-83.39909,35.61471],[-83.39874,35.61368],[-83.39872,35.61096],[-83.39893,35.6106]]},"properties":{"net":"NC3046","o":1}},{"type":"Feature","geometry":{"type":"LineString","coordinates":[[-83.33954,35.45886],[-83.33967,35.4577],[-83.33988,35.45745],[-83.34016,35.4568],[-83.34049,35.45532],[-83.34112,35.45424],[-83.34156,35.45383],[-83.34197,35.45371],[-83.34241,35.45368],[-83.34409,35.45389]]},"properties":{"net":"NC3046","o":2}},{"type":"Feature","geometry":{"type":"LineString","coordinates":[[-83.3598,35.4761],[-83.35992,35.47545],[-83.35983,35.47523],[-83.35984,35.47495],[-83.3596,35.47455],[-83.35962,35.47408],[-83.35952,35.47367]]},"properties":{"net":"NC3046","o":2}},{"type":"Feature","geometry":{"type":"LineString","coordinates":[[-83.35733,35.45633],[-83.35759,35.45673],[-83.3577,35.45712],[-83.3584,35.45758],[-83.3587,35.45792]]},"properties":{"net":"NC3046","o":3}},{"type":"Feature","geometry":{"type":"LineString","coordinates":[[-83.35781,35.46205],[-83.3569,35.46136]]},"properties":{"net":"sm3080","o":1}},{"type":"Feature","geometry":{"type":"LineString","coordinates":[[-83.35637,35.46211],[-83.35662,35.46188],[-83.3569,35.46136]]},"properties":{"net":"sm3080","o":1}},{"type":"Feature","geometry":{"type":"LineString","coordinates":[[-83.35584,35.46676],[-83.35555,35.46712],[-83.35533,35.46715],[-83.35466,35.46762]]},"properties":{"net":"NC3046","o":2}},{"type":"Feature","geometry":{"type":"LineString","coordinates":[[-83.3557,35.46797],[-83.35561,35.46757],[-83.35524,35.46749],[-83.35466,35.46762]]},"properties":{"net":"NC3046","o":1}},{"type":"Feature","geometry":{"type":"LineString","coordinates":[[-83.35466,35.46762],[-83.35432,35.4677],[-83.35393,35.46759]]},"properties":{"net":"NC3046","o":2}},{"type":"Feature","geometry":{"type":"LineString","coordinates":[[-83.35331,35.47966],[-83.35347,35.47914],[-83.35456,35.47764],[-83.35449,35.47731],[-83.35399,35.47679]]},"properties":{"net":"NC3046","o":2}},{"type":"Feature","geometry":{"type":"LineString","coordinates":[[-83.35182,35.46274],[-83.35245,35.46219]]},"properties":{"net":"NC3046","o":6}},{"type":"Feature","geometry":{"type":"LineString","coordinates":[[-83.35109,35.46388],[-83.35129,35.46387]]},"properties":{"net":"NC3046","o":1}},{"type":"Feature","geometry":{"type":"LineString","coordinates":[[-83.37816,35.44709],[-83.37862,35.44712]]},"properties":{"net":"out","o":6}},{"type":"Feature","geometry":{"type":"LineString","coordinates":[[-83.37536,35.44139],[-83.37596,35.44141],[-83.37619,35.44158],[-83.37681,35.44169],[-83.37727,35.44204],[-83.378,35.44233],[-83.37882,35.44225]]},"properties":{"net":"out","o":6}},{"type":"Feature","geometry":{"type":"LineString","coordinates":[[-83.37301,35.44509],[-83.37426,35.44528]]},"properties":{"net":"NC3046","o":6}},{"type":"Feature","geometry":{"type":"LineString","coordinates":[[-83.3702,35.45111],[-83.37039,35.45053],[-83.37118,35.44995],[-83.3713,35.44966],[-83.36958,35.44765],[-83.36913,35.44673],[-83.36893,35.44599]]},"properties":{"net":"NC3046","o":1}},{"type":"Feature","geometry":{"type":"LineString","coordinates":[[-83.36748,35.44412],[-83.36759,35.44447],[-83.36755,35.44544]]},"properties":{"net":"NC3046","o":1}},{"type":"Feature","geometry":{"type":"LineString","coordinates":[[-83.34613,35.64002],[-83.34457,35.64005]]},"properties":{"net":"NC3046","o":2}},{"type":"Feature","geometry":{"type":"LineString","coordinates":[[-83.34829,35.4701],[-83.34888,35.46968]]},"properties":{"net":"NC3046","o":6}},{"type":"Feature","geometry":{"type":"LineString","coordinates":[[-83.34636,35.47485],[-83.34545,35.47425],[-83.34528,35.4737]]},"properties":{"net":"NC3046","o":1}},{"type":"Feature","geometry":{"type":"LineString","coordinates":[[-83.34839,35.62948],[-83.34757,35.62915],[-83.34696,35.6291],[-83.34622,35.62922],[-83.34462,35.62877],[-83.34403,35.62878],[-83.34289,35.62892],[-83.34239,35.62925],[-83.34181,35.62995],[-83.34137,35.63002],[-83.34086,35.62995],[-83.33979,35.63023],[-83.33865,35.63011],[-83.33681,35.62973],[-83.33624,35.62952],[-83.33566,35.62914],[-83.33502,35.62887],[-83.33427,35.62836],[-83.33268,35.62703],[-83.33123,35.62674],[-83.3302,35.62703],[-83.32971,35.62696]]},"properties":{"net":"NC3046","o":1}},{"type":"Feature","geometry":{"type":"LineString","coordinates":[[-83.34449,35.46945],[-83.34429,35.47011],[-83.34441,35.47038],[-83.34662,35.47112]]},"properties":{"net":"NC3046","o":1}},{"type":"Feature","geometry":{"type":"LineString","coordinates":[[-83.34178,35.47286],[-83.34184,35.47302]]},"properties":{"net":"NC3046","o":1}},{"type":"Feature","geometry":{"type":"LineString","coordinates":[[-83.3581,35.4919],[-83.35807,35.4912],[-83.35752,35.49065],[-83.35763,35.48982],[-83.35734,35.4888],[-83.35742,35.48832],[-83.35759,35.4881],[-83.35732,35.48765],[-83.35699,35.48741],[-83.35696,35.48724],[-83.35727,35.4867],[-83.35731,35.48633],[-83.35751,35.48612],[-83.35752,35.48584],[-83.35741,35.48561]]},"properties":{"net":"NC3046","o":1}},{"type":"Feature","geometry":{"type":"LineString","coordinates":[[-83.35638,35.48303],[-83.35614,35.48274],[-83.35593,35.48267],[-83.35584,35.48237],[-83.35565,35.48218],[-83.35564,35.48191],[-83.35532,35.48173]]},"properties":{"net":"NC3046","o":4}},{"type":"Feature","geometry":{"type":"LineString","coordinates":[[-83.35614,35.49388],[-83.35594,35.4937],[-83.35577,35.49314],[-83.35506,35.49281],[-83.35511,35.49199],[-83.35504,35.49175],[-83.35526,35.49151],[-83.35476,35.49056],[-83.35434,35.49037],[-83.35406,35.49009],[-83.35413,35.48956],[-83.35391,35.48923],[-83.35342,35.48881]]},"properties":{"net":"NC3046","o":1}},{"type":"Feature","geometry":{"type":"LineString","coordinates":[[-83.35276,35.49107],[-83.3527,35.4907],[-83.35284,35.49044],[-83.35281,35.48967],[-83.35322,35.48898],[-83.35342,35.48881]]},"properties":{"net":"NC3046","o":2}},{"type":"Feature","geometry":{"type":"LineString","coordinates":[[-83.35507,35.49824],[-83.35434,35.49825],[-83.35397,35.49816],[-83.35309,35.49789],[-83.35151,35.49718]]},"properties":{"net":"NC3046","o":1}},{"type":"Feature","geometry":{"type":"LineString","coordinates":[[-83.36629,35.4485],[-83.36665,35.44836]]},"properties":{"net":"NC3046","o":2}},{"type":"Feature","geometry":{"type":"LineString","coordinates":[[-83.37388,35.46408],[-83.3737,35.46391],[-83.37344,35.46389]]},"properties":{"net":"sm3080","o":2}},{"type":"Feature","geometry":{"type":"LineString","coordinates":[[-83.37307,35.47919],[-83.3726,35.47905],[-83.37239,35.47863],[-83.3722,35.47844],[-83.3719,35.4784],[-83.37115,35.47785],[-83.37083,35.47725],[-83.37084,35.477]]},"properties":{"net":"sm3080","o":1}},{"type":"Feature","geometry":{"type":"LineString","coordinates":[[-83.36804,35.46887],[-83.36836,35.46847],[-83.36848,35.46805]]},"properties":{"net":"sm3080","o":1}},{"type":"Feature","geometry":{"type":"LineString","coordinates":[[-83.36801,35.45843],[-83.36802,35.45826]]},"properties":{"net":"NC3046","o":2}},{"type":"Feature","geometry":{"type":"LineString","coordinates":[[-83.36594,35.47554],[-83.36638,35.47483],[-83.36696,35.47459]]},"properties":{"net":"sm3080","o":2}},{"type":"Feature","geometry":{"type":"LineString","coordinates":[[-83.36489,35.46059],[-83.36552,35.45984]]},"properties":{"net":"NC3046","o":1}},{"type":"Feature","geometry":{"type":"LineString","coordinates":[[-83.3637,35.45701],[-83.36359,35.45714]]},"properties":{"net":"NC3046","o":1}},{"type":"Feature","geometry":{"type":"LineString","coordinates":[[-83.36269,35.4729],[-83.36324,35.47237],[-83.36373,35.47146],[-83.36444,35.47087],[-83.36476,35.47033],[-83.36494,35.47038],[-83.36536,35.46982]]},"properties":{"net":"sm3080","o":1}},{"type":"Feature","geometry":{"type":"LineString","coordinates":[[-83.38609,35.46925],[-83.38602,35.46891]]},"properties":{"net":"out","o":4}},{"type":"Feature","geometry":{"type":"LineString","coordinates":[[-83.34989,35.48118],[-83.35022,35.48087],[-83.35061,35.48071],[-83.35122,35.48056],[-83.35153,35.48062],[-83.35286,35.4804],[-83.3531,35.47988],[-83.35331,35.47966]]},"properties":{"net":"NC3046","o":2}},{"type":"Feature","geometry":{"type":"LineString","coordinates":[[-83.34948,35.48244],[-83.3496,35.48196],[-83.34981,35.48163],[-83.34977,35.48135]]},"properties":{"net":"NC3046","o":1}},{"type":"Feature","geometry":{"type":"LineString","coordinates":[[-83.34696,35.49518],[-83.34684,35.49495],[-83.34682,35.49423],[-83.34734,35.49366],[-83.34756,35.4928],[-83.34865,35.49209],[-83.34902,35.49173],[-83.34912,35.49114],[-83.34908,35.4908],[-83.34922,35.49071],[-83.3492,35.49023]]},"properties":{"net":"NC3046","o":1}},{"type":"Feature","geometry":{"type":"LineString","coordinates":[[-83.38486,35.47415],[-83.38526,35.47381],[-83.38601,35.47375],[-83.38644,35.47353]]},"properties":{"net":"out","o":4}},{"type":"Feature","geometry":{"type":"LineString","coordinates":[[-83.38377,35.47436],[-83.38391,35.47421],[-83.38451,35.47423],[-83.38486,35.47415]]},"properties":{"net":"out","o":4}},{"type":"Feature","geometry":{"type":"LineString","coordinates":[[-83.34999,35.50509],[-83.34801,35.50433]]},"properties":{"net":"NC3046","o":1}},{"type":"Feature","geometry":{"type":"LineString","coordinates":[[-83.34895,35.5062],[-83.34844,35.50598],[-83.34796,35.50549]]},"properties":{"net":"NC3046","o":1}},{"type":"Feature","geometry":{"type":"LineString","coordinates":[[-83.34747,35.50247],[-83.3483,35.5018],[-83.34878,35.50089],[-83.349,35.50066],[-83.34926,35.50056],[-83.3501,35.50056],[-83.35045,35.50045]]},"properties":{"net":"NC3046","o":3}},{"type":"Feature","geometry":{"type":"LineString","coordinates":[[-83.34423,35.50667],[-83.34443,35.50626],[-83.34438,35.50562],[-83.34413,35.50529],[-83.34363,35.50415]]},"properties":{"net":"NC3046","o":1}},{"type":"Feature","geometry":{"type":"LineString","coordinates":[[-83.33985,35.50625],[-83.34029,35.50597],[-83.34166,35.50541],[-83.34225,35.50493]]},"properties":{"net":"NC3046","o":1}},{"type":"Feature","geometry":{"type":"LineString","coordinates":[[-83.39892,35.43484],[-83.39909,35.4349]]},"properties":{"net":"out","o":4}},{"type":"Feature","geometry":{"type":"LineString","coordinates":[[-83.39681,35.43427],[-83.39791,35.43402],[-83.39892,35.43484]]},"properties":{"net":"out","o":4}},{"type":"Feature","geometry":{"type":"LineString","coordinates":[[-83.39891,35.45156],[-83.39976,35.45074]]},"properties":{"net":"out","o":7}},{"type":"Feature","geometry":{"type":"LineString","coordinates":[[-83.39682,35.44332],[-83.39674,35.44315]]},"properties":{"net":"out","o":7}},{"type":"Feature","geometry":{"type":"LineString","coordinates":[[-83.36613,35.48056],[-83.36642,35.47998],[-83.36647,35.47966]]},"properties":{"net":"sm3080","o":1}},{"type":"Feature","geometry":{"type":"LineString","coordinates":[[-83.36282,35.48569],[-83.3625,35.48569],[-83.36213,35.48591],[-83.36124,35.48588]]},"properties":{"net":"NC3046","o":2}},{"type":"Feature","geometry":{"type":"LineString","coordinates":[[-83.36249,35.48786],[-83.36176,35.48717],[-83.36141,35.48631],[-83.36082,35.48616],[-83.36063,35.48576]]},"properties":{"net":"NC3046","o":2}},{"type":"Feature","geometry":{"type":"LineString","coordinates":[[-83.37426,35.58125],[-83.37324,35.58151],[-83.37117,35.58115],[-83.37086,35.58117]]},"properties":{"net":"sm642639","o":1}},{"type":"Feature","geometry":{"type":"LineString","coordinates":[[-83.37134,35.59077],[-83.37056,35.59115],[-83.37027,35.59091]]},"properties":{"net":"NC3046","o":3}},{"type":"Feature","geometry":{"type":"LineString","coordinates":[[-83.37588,35.60353],[-83.37511,35.6036],[-83.37456,35.60336],[-83.37377,35.60316],[-83.37277,35.60341],[-83.37065,35.6033],[-83.36981,35.60337],[-83.36861,35.60298],[-83.36817,35.60262],[-83.36749,35.60247],[-83.36711,35.60157]]},"properties":{"net":"NC3046","o":1}},{"type":"Feature","geometry":{"type":"LineString","coordinates":[[-83.35254,35.39464],[-83.35255,35.3952],[-83.35279,35.39577]]},"properties":{"net":"out","o":4}},{"type":"Feature","geometry":{"type":"LineString","coordinates":[[-83.33854,35.42173],[-83.33945,35.42219],[-83.34078,35.42242],[-83.34215,35.42223],[-83.34307,35.42193]]},"properties":{"net":"out","o":6}},{"type":"Feature","geometry":{"type":"LineString","coordinates":[[-83.35603,35.45158],[-83.35521,35.45185]]},"properties":{"net":"NC3046","o":1}},{"type":"Feature","geometry":{"type":"LineString","coordinates":[[-83.35415,35.45269],[-83.35424,35.45305],[-83.35503,35.45368]]},"properties":{"net":"NC3046","o":3}},{"type":"Feature","geometry":{"type":"LineString","coordinates":[[-83.352,35.45514],[-83.35377,35.45527]]},"properties":{"net":"NC3046","o":3}},{"type":"Feature","geometry":{"type":"LineString","coordinates":[[-83.3509,35.45514],[-83.352,35.45514]]},"properties":{"net":"NC3046","o":3}},{"type":"Feature","geometry":{"type":"LineString","coordinates":[[-83.34847,35.4551],[-83.3509,35.45514]]},"properties":{"net":"NC3046","o":3}},{"type":"Feature","geometry":{"type":"LineString","coordinates":[[-83.34687,35.54931],[-83.34718,35.5497],[-83.34733,35.55015]]},"properties":{"net":"NC3046","o":1}},{"type":"Feature","geometry":{"type":"LineString","coordinates":[[-83.34495,35.5521],[-83.34467,35.55242]]},"properties":{"net":"NC3046","o":2}},{"type":"Feature","geometry":{"type":"LineString","coordinates":[[-83.3611,35.57904],[-83.36091,35.57948],[-83.36041,35.58019],[-83.35935,35.581],[-83.35824,35.58167],[-83.35776,35.58251],[-83.35703,35.58315],[-83.35664,35.58383],[-83.35651,35.58428],[-83.35584,35.58504],[-83.3558,35.58525]]},"properties":{"net":"NC3046","o":1}},{"type":"Feature","geometry":{"type":"LineString","coordinates":[[-83.34763,35.58097],[-83.3456,35.58091],[-83.34534,35.57977],[-83.34571,35.5786],[-83.34537,35.57795]]},"properties":{"net":"NC3046","o":4}},{"type":"Feature","geometry":{"type":"LineString","coordinates":[[-83.34411,35.56457],[-83.34357,35.56446],[-83.3426,35.56473],[-83.34226,35.5651],[-83.34205,35.5656],[-83.34163,35.56611],[-83.34151,35.5666],[-83.34065,35.56709]]},"properties":{"net":"NC3046","o":4}},{"type":"Feature","geometry":{"type":"LineString","coordinates":[[-83.35935,35.58633],[-83.35883,35.58606],[-83.35706,35.58566]]},"properties":{"net":"NC3046","o":4}},{"type":"Feature","geometry":{"type":"LineString","coordinates":[[-83.35114,35.60809],[-83.35038,35.60835],[-83.35015,35.60833],[-83.34986,35.60816],[-83.34912,35.60834],[-83.34744,35.60935],[-83.34622,35.60983],[-83.34574,35.61017],[-83.34527,35.61029],[-83.34467,35.6102],[-83.34411,35.61065],[-83.3434,35.6108],[-83.34251,35.61136],[-83.34122,35.6114],[-83.34017,35.61128]]},"properties":{"net":"NC3046","o":1}},{"type":"Feature","geometry":{"type":"LineString","coordinates":[[-83.39266,35.45261],[-83.3928,35.4525]]},"properties":{"net":"out","o":4}},{"type":"Feature","geometry":{"type":"LineString","coordinates":[[-83.32342,35.4912],[-83.32311,35.49107],[-83.32285,35.49068],[-83.32063,35.48951]]},"properties":{"net":"NC3046","o":2}},{"type":"Feature","geometry":{"type":"LineString","coordinates":[[-83.33504,35.50095],[-83.33416,35.50096]]},"properties":{"net":"NC3046","o":1}},{"type":"Feature","geometry":{"type":"LineString","coordinates":[[-83.33249,35.50062],[-83.33171,35.50065]]},"properties":{"net":"NC3046","o":2}},{"type":"Feature","geometry":{"type":"LineString","coordinates":[[-83.33171,35.50065],[-83.3306,35.5005],[-83.32955,35.49993],[-83.32853,35.49992]]},"properties":{"net":"NC3046","o":2}},{"type":"Feature","geometry":{"type":"LineString","coordinates":[[-83.32191,35.50325],[-83.3215,35.5032]]},"properties":{"net":"NC3046","o":2}},{"type":"Feature","geometry":{"type":"LineString","coordinates":[[-83.32394,35.50848],[-83.32274,35.50818],[-83.32162,35.50758],[-83.32039,35.50743],[-83.32,35.50718],[-83.31895,35.50691],[-83.31856,35.50668],[-83.31813,35.50658],[-83.31707,35.50601],[-83.31692,35.50576],[-83.31651,35.50542],[-83.31633,35.50508],[-83.31612,35.50494]]},"properties":{"net":"NC3046","o":1}},{"type":"Feature","geometry":{"type":"LineString","coordinates":[[-83.28045,35.29284],[-83.27934,35.29324],[-83.2789,35.29328]]},"properties":{"net":"NC6252","o":4}},{"type":"Feature","geometry":{"type":"LineString","coordinates":[[-83.30959,35.49486],[-83.3101,35.49424],[-83.31172,35.49462],[-83.31262,35.49466]]},"properties":{"net":"NC3046","o":2}},{"type":"Feature","geometry":{"type":"LineString","coordinates":[[-83.30939,35.48819],[-83.30997,35.48794],[-83.31051,35.48755],[-83.31132,35.48731],[-83.31175,35.48732]]},"properties":{"net":"NC3046","o":2}},{"type":"Feature","geometry":{"type":"LineString","coordinates":[[-83.3081,35.48983],[-83.30896,35.48894],[-83.30939,35.48819]]},"properties":{"net":"NC3046","o":1}},{"type":"Feature","geometry":{"type":"LineString","coordinates":[[-83.30805,35.48826],[-83.30838,35.4881],[-83.30939,35.48819]]},"properties":{"net":"NC3046","o":2}},{"type":"Feature","geometry":{"type":"LineString","coordinates":[[-83.30641,35.48481],[-83.30702,35.48516],[-83.30706,35.48542]]},"properties":{"net":"NC3046","o":2}},{"type":"Feature","geometry":{"type":"LineString","coordinates":[[-83.30496,35.48821],[-83.30466,35.4878],[-83.30469,35.48736]]},"properties":{"net":"NC3046","o":1}},{"type":"Feature","geometry":{"type":"LineString","coordinates":[[-83.3054,35.48131],[-83.30497,35.48169],[-83.30433,35.48179],[-83.30397,35.48202]]},"properties":{"net":"NC3046","o":1}},{"type":"Feature","geometry":{"type":"LineString","coordinates":[[-83.29998,35.48698],[-83.30038,35.48692]]},"properties":{"net":"NC3046","o":3}},{"type":"Feature","geometry":{"type":"LineString","coordinates":[[-83.29659,35.48544],[-83.29687,35.4862],[-83.29746,35.4869],[-83.2981,35.48704],[-83.29923,35.48705]]},"properties":{"net":"NC3046","o":1}},{"type":"Feature","geometry":{"type":"LineString","coordinates":[[-83.31958,35.50149],[-83.31934,35.50103],[-83.31922,35.50055],[-83.31917,35.49997],[-83.31932,35.49945]]},"properties":{"net":"NC3046","o":2}},{"type":"Feature","geometry":{"type":"LineString","coordinates":[[-83.31623,35.50705],[-83.31601,35.50652],[-83.31604,35.50589]]},"properties":{"net":"NC3046","o":2}},{"type":"Feature","geometry":{"type":"LineString","coordinates":[[-83.28347,35.32434],[-83.2826,35.32457],[-83.28172,35.32468],[-83.28101,35.32512]]},"properties":{"net":"NC6252","o":4}},{"type":"Feature","geometry":{"type":"LineString","coordinates":[[-83.31462,35.5775],[-83.31388,35.57667],[-83.31333,35.57645],[-83.3128,35.57608]]},"properties":{"net":"NC3046","o":3}},{"type":"Feature","geometry":{"type":"LineString","coordinates":[[-83.30988,35.57355],[-83.31005,35.57291]]},"properties":{"net":"NC3046","o":4}},{"type":"Feature","geometry":{"type":"LineString","coordinates":[[-83.30285,35.58365],[-83.30316,35.58361],[-83.30394,35.58324],[-83.30474,35.58313],[-83.3055,35.5827],[-83.30603,35.58283],[-83.30659,35.58266],[-83.30715,35.58269],[-83.30747,35.58236],[-83.30837,35.58205],[-83.30911,35.58166],[-83.31069,35.5815],[-83.31104,35.58129],[-83.31102,35.58073],[-83.31209,35.57965],[-83.31237,35.57908],[-83.31246,35.57866]]},"properties":{"net":"NC3046","o":1}},{"type":"Feature","geometry":{"type":"LineString","coordinates":[[-83.31712,35.59338],[-83.31636,35.59239],[-83.31575,35.59194],[-83.3155,35.59157],[-83.31462,35.59094],[-83.31421,35.59027],[-83.31365,35.58972],[-83.31303,35.58933],[-83.31252,35.58863],[-83.31207,35.58846],[-83.31108,35.5883]]},"properties":{"net":"NC3046","o":1}},{"type":"Feature","geometry":{"type":"LineString","coordinates":[[-83.30973,35.58979],[-83.31033,35.58934],[-83.31051,35.58903],[-83.31095,35.58891],[-83.3111,35.58865],[-83.31108,35.5883]]},"properties":{"net":"NC3046","o":3}},{"type":"Feature","geometry":{"type":"LineString","coordinates":[[-83.38921,35.46462],[-83.39022,35.46395],[-83.39031,35.46368]]},"properties":{"net":"out","o":4}},{"type":"Feature","geometry":{"type":"LineString","coordinates":[[-83.26018,35.30271],[-83.25998,35.30284],[-83.26006,35.30326],[-83.25986,35.30368],[-83.25901,35.30438],[-83.25843,35.30453],[-83.25769,35.30544],[-83.25765,35.30608],[-83.25734,35.30752],[-83.25848,35.30883]]},"properties":{"net":"NC6252","o":4}},{"type":"Feature","geometry":{"type":"LineString","coordinates":[[-83.27298,35.32612],[-83.27223,35.32632],[-83.27162,35.3262]]},"properties":{"net":"NC6252","o":4}},{"type":"Feature","geometry":{"type":"LineString","coordinates":[[-83.27848,35.51081],[-83.27737,35.51182],[-83.27662,35.51222],[-83.27574,35.5132],[-83.2747,35.51383]]},"properties":{"net":"NC3046","o":1}},{"type":"Feature","geometry":{"type":"LineString","coordinates":[[-83.28328,35.53348],[-83.28309,35.53221],[-83.28289,35.53196]]},"properties":{"net":"NC3046","o":1}},{"type":"Feature","geometry":{"type":"LineString","coordinates":[[-83.28228,35.52921],[-83.28182,35.52865]]},"properties":{"net":"NC3046","o":6}},{"type":"Feature","geometry":{"type":"LineString","coordinates":[[-83.27842,35.52443],[-83.27838,35.52433]]},"properties":{"net":"NC3046","o":1}},{"type":"Feature","geometry":{"type":"LineString","coordinates":[[-83.29749,35.5402],[-83.29755,35.54023]]},"properties":{"net":"NC3046","o":3}},{"type":"Feature","geometry":{"type":"LineString","coordinates":[[-83.29772,35.54239],[-83.29733,35.54197],[-83.2971,35.54153],[-83.29717,35.54072],[-83.29755,35.54023]]},"properties":{"net":"NC3046","o":5}},{"type":"Feature","geometry":{"type":"LineString","coordinates":[[-83.29581,35.54368],[-83.29717,35.54326],[-83.29765,35.54247]]},"properties":{"net":"NC3046","o":1}},{"type":"Feature","geometry":{"type":"LineString","coordinates":[[-83.29542,35.56005],[-83.29616,35.55955]]},"properties":{"net":"NC3046","o":1}},{"type":"Feature","geometry":{"type":"LineString","coordinates":[[-83.29175,35.54485],[-83.29102,35.54437],[-83.2898,35.54406],[-83.28839,35.54324]]},"properties":{"net":"NC3046","o":1}},{"type":"Feature","geometry":{"type":"LineString","coordinates":[[-83.27162,35.3262],[-83.27109,35.32625],[-83.27045,35.32683]]},"properties":{"net":"NC6252","o":4}},{"type":"Feature","geometry":{"type":"LineString","coordinates":[[-83.2678,35.32815],[-83.267,35.32808],[-83.26617,35.32857],[-83.26435,35.32861],[-83.26352,35.32908],[-83.26275,35.32887],[-83.2625,35.32889]]},"properties":{"net":"NC6252","o":4}},{"type":"Feature","geometry":{"type":"LineString","coordinates":[[-83.2619,35.31985],[-83.2618,35.3203],[-83.26183,35.32067],[-83.26158,35.32125],[-83.26149,35.32188],[-83.26098,35.32217]]},"properties":{"net":"NC6252","o":4}},{"type":"Feature","geometry":{"type":"LineString","coordinates":[[-83.31605,35.511],[-83.31596,35.51058],[-83.31611,35.51032],[-83.31593,35.5094]]},"properties":{"net":"NC3046","o":1}},{"type":"Feature","geometry":{"type":"LineString","coordinates":[[-83.32945,35.5361],[-83.32909,35.5363],[-83.32796,35.5365],[-83.32716,35.53716],[-83.32672,35.53717],[-83.32622,35.53743],[-83.32594,35.53732],[-83.32542,35.53757],[-83.3253,35.53773],[-83.32449,35.53802],[-83.32405,35.5381],[-83.32319,35.53803]]},"properties":{"net":"NC3046","o":2}},{"type":"Feature","geometry":{"type":"LineString","coordinates":[[-83.33841,35.54939],[-83.33804,35.54992],[-83.33757,35.5503],[-83.33741,35.55091],[-83.33726,35.55112],[-83.33544,35.55159],[-83.33504,35.552],[-83.33485,35.55245]]},"properties":{"net":"NC3046","o":1}},{"type":"Feature","geometry":{"type":"LineString","coordinates":[[-83.32642,35.54862],[-83.32693,35.54965],[-83.32784,35.55041],[-83.32801,35.55074],[-83.32789,35.5513],[-83.32746,35.55185],[-83.32734,35.55231]]},"properties":{"net":"NC3046","o":1}},{"type":"Feature","geometry":{"type":"LineString","coordinates":[[-83.33671,35.55616],[-83.33654,35.55634],[-83.33627,35.55705],[-83.33429,35.5584],[-83.33325,35.55854],[-83.33254,35.55903],[-83.33211,35.55916],[-83.33164,35.55945],[-83.33117,35.55957],[-83.33095,35.55976],[-83.33047,35.55982],[-83.33002,35.56006],[-83.328,35.56015],[-83.32736,35.56029],[-83.32681,35.56052],[-83.32641,35.56094]]},"properties":{"net":"NC3046","o":1}},{"type":"Feature","geometry":{"type":"LineString","coordinates":[[-83.31525,35.502],[-83.31456,35.50253],[-83.31329,35.50284]]},"properties":{"net":"NC3046","o":1}},{"type":"Feature","geometry":{"type":"LineString","coordinates":[[-83.31401,35.50322],[-83.31383,35.50298],[-83.31329,35.50284]]},"properties":{"net":"NC3046","o":2}},{"type":"Feature","geometry":{"type":"LineString","coordinates":[[-83.30759,35.50733],[-83.30685,35.50802],[-83.30662,35.50864],[-83.30342,35.50899]]},"properties":{"net":"NC3046","o":1}},{"type":"Feature","geometry":{"type":"LineString","coordinates":[[-83.3022,35.51174],[-83.30235,35.51143],[-83.30285,35.51089],[-83.30304,35.51055],[-83.30329,35.50897]]},"properties":{"net":"NC3046","o":6}},{"type":"Feature","geometry":{"type":"LineString","coordinates":[[-83.30982,35.52016],[-83.30941,35.5204],[-83.3083,35.5204],[-83.30801,35.52028],[-83.30783,35.52034]]},"properties":{"net":"NC3046","o":3}},{"type":"Feature","geometry":{"type":"LineString","coordinates":[[-83.30713,35.5225],[-83.30732,35.52217],[-83.30762,35.52106],[-83.3077,35.52036]]},"properties":{"net":"NC3046","o":5}},{"type":"Feature","geometry":{"type":"LineString","coordinates":[[-83.30956,35.53684],[-83.3077,35.53676],[-83.30723,35.53682],[-83.30692,35.5367],[-83.30612,35.53686],[-83.30597,35.53727],[-83.30546,35.53748],[-83.30452,35.53737]]},"properties":{"net":"NC3046","o":3}},{"type":"Feature","geometry":{"type":"LineString","coordinates":[[-83.3086,35.54227],[-83.30822,35.54234],[-83.30781,35.54211],[-83.3073,35.54205],[-83.30599,35.5413],[-83.30576,35.54059],[-83.30487,35.53978],[-83.30465,35.53889],[-83.30441,35.53868],[-83.30427,35.53786],[-83.30452,35.53737]]},"properties":{"net":"NC3046","o":1}},{"type":"Feature","geometry":{"type":"LineString","coordinates":[[-83.30293,35.59602],[-83.3034,35.59629],[-83.30367,35.59629],[-83.30437,35.59602],[-83.30465,35.59556],[-83.305,35.59538],[-83.30542,35.59535]]},"properties":{"net":"NC3046","o":3}},{"type":"Feature","geometry":{"type":"LineString","coordinates":[[-83.37042,35.42298],[-83.36973,35.42341],[-83.36955,35.4237]]},"properties":{"net":"out","o":4}},{"type":"Feature","geometry":{"type":"LineString","coordinates":[[-83.27244,35.3872],[-83.27234,35.38695]]},"properties":{"net":"out","o":4}},{"type":"Feature","geometry":{"type":"LineString","coordinates":[[-83.27723,35.51984],[-83.27749,35.519]]},"properties":{"net":"NC3046","o":6}},{"type":"Feature","geometry":{"type":"LineString","coordinates":[[-83.28942,35.55481],[-83.28878,35.55465],[-83.28825,35.55464]]},"properties":{"net":"NC3046","o":1}},{"type":"Feature","geometry":{"type":"LineString","coordinates":[[-83.28764,35.54403],[-83.28787,35.54374]]},"properties":{"net":"NC3046","o":3}},{"type":"Feature","geometry":{"type":"LineString","coordinates":[[-83.2859,35.56065],[-83.28522,35.56053]]},"properties":{"net":"NC3046","o":1}},{"type":"Feature","geometry":{"type":"LineString","coordinates":[[-83.28752,35.55023],[-83.28665,35.54994],[-83.28601,35.54945],[-83.28498,35.549]]},"properties":{"net":"NC3046","o":1}},{"type":"Feature","geometry":{"type":"LineString","coordinates":[[-83.28476,35.5494],[-83.28498,35.549]]},"properties":{"net":"NC3046","o":3}},{"type":"Feature","geometry":{"type":"LineString","coordinates":[[-83.28522,35.56053],[-83.28402,35.55983],[-83.2832,35.55905]]},"properties":{"net":"NC3046","o":2}},{"type":"Feature","geometry":{"type":"LineString","coordinates":[[-83.28285,35.56178],[-83.2828,35.56089],[-83.28296,35.56056],[-83.28276,35.56001],[-83.28289,35.55957],[-83.28319,35.55922],[-83.2832,35.55905]]},"properties":{"net":"NC3046","o":3}},{"type":"Feature","geometry":{"type":"LineString","coordinates":[[-83.28216,35.5472],[-83.28341,35.54716],[-83.284,35.54699],[-83.28446,35.54732]]},"properties":{"net":"NC3046","o":1}},{"type":"Feature","geometry":{"type":"LineString","coordinates":[[-83.28194,35.54851],[-83.2823,35.54798],[-83.28256,35.54794],[-83.28295,35.54762],[-83.28337,35.54746],[-83.28446,35.54732]]},"properties":{"net":"NC3046","o":1}},{"type":"Feature","geometry":{"type":"LineString","coordinates":[[-83.28126,35.54538],[-83.28213,35.54541],[-83.28332,35.54578]]},"properties":{"net":"NC3046","o":1}},{"type":"Feature","geometry":{"type":"LineString","coordinates":[[-83.27978,35.55963],[-83.27933,35.5597],[-83.27877,35.55954],[-83.27727,35.55954],[-83.27685,35.55923],[-83.27634,35.5591]]},"properties":{"net":"NC3046","o":1}},{"type":"Feature","geometry":{"type":"LineString","coordinates":[[-83.32832,35.54645],[-83.32822,35.54619],[-83.3278,35.54587],[-83.32742,35.54457],[-83.32635,35.54382]]},"properties":{"net":"NC3046","o":1}},{"type":"Feature","geometry":{"type":"LineString","coordinates":[[-83.32638,35.56097],[-83.32496,35.56083]]},"properties":{"net":"NC3046","o":5}},{"type":"Feature","geometry":{"type":"LineString","coordinates":[[-83.32496,35.56083],[-83.32475,35.56076],[-83.32452,35.56039]]},"properties":{"net":"NC3046","o":5}},{"type":"Feature","geometry":{"type":"LineString","coordinates":[[-83.32126,35.55808],[-83.32087,35.55778],[-83.32003,35.5574],[-83.31837,35.55696],[-83.31737,35.55655],[-83.31565,35.55671]]},"properties":{"net":"NC3046","o":5}},{"type":"Feature","geometry":{"type":"LineString","coordinates":[[-83.33191,35.57684],[-83.33209,35.57627],[-83.33206,35.57565],[-83.33237,35.57521],[-83.33385,35.57455],[-83.3341,35.5741],[-83.33441,35.5739],[-83.33544,35.5737],[-83.33601,35.57321],[-83.33637,35.57307],[-83.33655,35.57231],[-83.33673,35.57216],[-83.3369,35.57178],[-83.33681,35.57157],[-83.3369,35.57135],[-83.3367,35.57088],[-83.3362,35.57011],[-83.33608,35.56946]]},"properties":{"net":"NC3046","o":1}},{"type":"Feature","geometry":{"type":"LineString","coordinates":[[-83.32036,35.57125],[-83.32006,35.57187],[-83.31925,35.57221],[-83.31908,35.57264],[-83.31877,35.57285],[-83.31871,35.57339],[-83.31852,35.57364],[-83.3185,35.57409],[-83.3182,35.57435],[-83.31805,35.57469],[-83.3178,35.57495],[-83.31791,35.57534],[-83.31784,35.57562],[-83.3179,35.5761],[-83.31803,35.57635],[-83.31805,35.5768],[-83.31798,35.57718],[-83.31756,35.57749]]},"properties":{"net":"NC3046","o":1}},{"type":"Feature","geometry":{"type":"LineString","coordinates":[[-83.33243,35.60746],[-83.3329,35.60715],[-83.33296,35.60674],[-83.33282,35.60638],[-83.33193,35.60596],[-83.33145,35.60534],[-83.33147,35.60488],[-83.33176,35.60434],[-83.33178,35.60413],[-83.33169,35.60359],[-83.33143,35.60311],[-83.33097,35.60284],[-83.32931,35.60276],[-83.32899,35.60265],[-83.32829,35.60201],[-83.32815,35.60129],[-83.32791,35.60104]]},"properties":{"net":"NC3046","o":3}},{"type":"Feature","geometry":{"type":"LineString","coordinates":[[-83.33608,35.60052],[-83.33545,35.60026],[-83.33394,35.59992],[-83.33288,35.59936],[-83.33226,35.59919],[-83.33153,35.59883],[-83.3309,35.59871],[-83.33066,35.59848],[-83.33019,35.59832],[-83.32984,35.59806],[-83.32917,35.59793],[-83.32801,35.59814],[-83.32752,35.59809],[-83.32705,35.59817],[-83.32669,35.59783],[-83.32567,35.59729]]},"properties":{"net":"NC3046","o":2}},{"type":"Feature","geometry":{"type":"LineString","coordinates":[[-83.32768,35.62122],[-83.32765,35.62105],[-83.32731,35.62083],[-83.32652,35.61982],[-83.32627,35.61915],[-83.32667,35.61843],[-83.32701,35.6175],[-83.32722,35.61723],[-83.32746,35.61722],[-83.32784,35.61763],[-83.32831,35.61792],[-83.32858,35.61794],[-83.32875,35.61783],[-83.32875,35.61734],[-83.32818,35.61603],[-83.32817,35.61556],[-83.32832,35.61519]]},"properties":{"net":"NC3046","o":3}},{"type":"Feature","geometry":{"type":"LineString","coordinates":[[-83.33654,35.47487],[-83.33705,35.47475],[-83.3385,35.47397]]},"properties":{"net":"NC3046","o":6}},{"type":"Feature","geometry":{"type":"LineString","coordinates":[[-83.33574,35.47475],[-83.33602,35.47487],[-83.33654,35.47487]]},"properties":{"net":"NC3046","o":6}},{"type":"Feature","geometry":{"type":"LineString","coordinates":[[-83.33425,35.47235],[-83.33444,35.47271]]},"properties":{"net":"NC3046","o":6}},{"type":"Feature","geometry":{"type":"LineString","coordinates":[[-83.33402,35.47237],[-83.33425,35.47235]]},"properties":{"net":"NC3046","o":1}},{"type":"Feature","geometry":{"type":"LineString","coordinates":[[-83.33395,35.47502],[-83.33484,35.47449],[-83.33496,35.4743]]},"properties":{"net":"NC3046","o":3}},{"type":"Feature","geometry":{"type":"LineString","coordinates":[[-83.33288,35.47473],[-83.33395,35.47502]]},"properties":{"net":"NC3046","o":1}},{"type":"Feature","geometry":{"type":"LineString","coordinates":[[-83.33182,35.46119],[-83.33152,35.46146],[-83.33144,35.46171]]},"properties":{"net":"NC3046","o":1}},{"type":"Feature","geometry":{"type":"LineString","coordinates":[[-83.33068,35.47892],[-83.3316,35.47738],[-83.33184,35.47638]]},"properties":{"net":"NC3046","o":1}},{"type":"Feature","geometry":{"type":"LineString","coordinates":[[-83.32858,35.46351],[-83.32875,35.46401]]},"properties":{"net":"NC3046","o":2}},{"type":"Feature","geometry":{"type":"LineString","coordinates":[[-83.32841,35.47514],[-83.32891,35.47488],[-83.33002,35.474],[-83.33049,35.474],[-83.33098,35.47338],[-83.33124,35.47328]]},"properties":{"net":"NC3046","o":1}},{"type":"Feature","geometry":{"type":"LineString","coordinates":[[-83.32439,35.46917],[-83.32431,35.4689]]},"properties":{"net":"NC3046","o":2}},{"type":"Feature","geometry":{"type":"LineString","coordinates":[[-83.27346,35.46909],[-83.27418,35.46883]]},"properties":{"net":"NC3046","o":1}},{"type":"Feature","geometry":{"type":"LineString","coordinates":[[-83.29304,35.38565],[-83.29294,35.38582]]},"properties":{"net":"out","o":4}},{"type":"Feature","geometry":{"type":"LineString","coordinates":[[-83.27902,35.37891],[-83.28029,35.37896],[-83.28169,35.37932],[-83.28242,35.37965],[-83.28286,35.37964],[-83.28298,35.37972],[-83.28419,35.37968],[-83.28442,35.37985],[-83.28452,35.3798]]},"properties":{"net":"out","o":6}},{"type":"Feature","geometry":{"type":"LineString","coordinates":[[-83.29388,35.40507],[-83.29462,35.40559]]},"properties":{"net":"out","o":6}},{"type":"Feature","geometry":{"type":"LineString","coordinates":[[-83.29278,35.40349],[-83.29301,35.40362],[-83.2936,35.40428],[-83.29388,35.40507]]},"properties":{"net":"out","o":6}},{"type":"Feature","geometry":{"type":"LineString","coordinates":[[-83.27254,35.46844],[-83.27307,35.46865],[-83.2738,35.46867],[-83.27418,35.46883]]},"properties":{"net":"NC3046","o":4}},{"type":"Feature","geometry":{"type":"LineString","coordinates":[[-83.25791,35.4738],[-83.25877,35.47315],[-83.25916,35.47263],[-83.25951,35.47243],[-83.25968,35.47216],[-83.26018,35.4719],[-83.26022,35.4708],[-83.26013,35.47014],[-83.2602,35.47],[-83.261,35.46946],[-83.26131,35.4694],[-83.26162,35.46949],[-83.26227,35.46927],[-83.26366,35.46995],[-83.26428,35.47001],[-83.26474,35.46984],[-83.26549,35.46894]]},"properties":{"net":"NC3046","o":1}},{"type":"Feature","geometry":{"type":"LineString","coordinates":[[-83.2685,35.48123],[-83.26968,35.48075],[-83.27087,35.48045],[-83.27175,35.48041]]},"properties":{"net":"NC3046","o":3}},{"type":"Feature","geometry":{"type":"LineString","coordinates":[[-83.2747,35.51383],[-83.27476,35.51403]]},"properties":{"net":"NC3046","o":3}},{"type":"Feature","geometry":{"type":"LineString","coordinates":[[-83.27764,35.50795],[-83.27749,35.5081],[-83.27703,35.50825],[-83.27681,35.50852],[-83.27654,35.50862],[-83.27531,35.5096],[-83.27445,35.50977],[-83.27392,35.50972]]},"properties":{"net":"NC3046","o":1}},{"type":"Feature","geometry":{"type":"LineString","coordinates":[[-83.27384,35.51341],[-83.27445,35.51358],[-83.2747,35.51383]]},"properties":{"net":"NC3046","o":3}},{"type":"Feature","geometry":{"type":"LineString","coordinates":[[-83.27224,35.50995],[-83.27278,35.51037],[-83.27361,35.51075]]},"properties":{"net":"NC3046","o":2}},{"type":"Feature","geometry":{"type":"LineString","coordinates":[[-83.27132,35.51317],[-83.27186,35.51333]]},"properties":{"net":"NC3046","o":2}},{"type":"Feature","geometry":{"type":"LineString","coordinates":[[-83.2709,35.50809],[-83.2706,35.50847],[-83.27069,35.50867],[-83.27049,35.50903],[-83.27049,35.50944]]},"properties":{"net":"NC3046","o":1}},{"type":"Feature","geometry":{"type":"LineString","coordinates":[[-83.26998,35.51772],[-83.26994,35.51657]]},"properties":{"net":"NC3046","o":1}},{"type":"Feature","geometry":{"type":"LineString","coordinates":[[-83.28626,35.5672],[-83.28623,35.56673],[-83.28598,35.56634],[-83.28542,35.56639],[-83.28515,35.56629],[-83.28377,35.56494],[-83.28257,35.56432]]},"properties":{"net":"NC3046","o":1}},{"type":"Feature","geometry":{"type":"LineString","coordinates":[[-83.28327,35.56976],[-83.28261,35.56953],[-83.28213,35.56921],[-83.28176,35.56853]]},"properties":{"net":"NC3046","o":2}},{"type":"Feature","geometry":{"type":"LineString","coordinates":[[-83.28176,35.56853],[-83.28182,35.5668]]},"properties":{"net":"NC3046","o":3}},{"type":"Feature","geometry":{"type":"LineString","coordinates":[[-83.28061,35.57133],[-83.28071,35.57068],[-83.28106,35.57017],[-83.28153,35.56878],[-83.28176,35.56853]]},"properties":{"net":"NC3046","o":2}},{"type":"Feature","geometry":{"type":"LineString","coordinates":[[-83.27884,35.57708],[-83.27824,35.57687],[-83.27755,35.57632],[-83.27695,35.57622]]},"properties":{"net":"sm3084","o":1}},{"type":"Feature","geometry":{"type":"LineString","coordinates":[[-83.28029,35.5969],[-83.28219,35.59748],[-83.28287,35.59778],[-83.28388,35.59807],[-83.28407,35.59822],[-83.28544,35.5983],[-83.28597,35.59859],[-83.28669,35.59855],[-83.2874,35.59878],[-83.28801,35.59915],[-83.2885,35.59924],[-83.28906,35.59958],[-83.28944,35.59953],[-83.28973,35.59938]]},"properties":{"net":"NC3046","o":1}},{"type":"Feature","geometry":{"type":"LineString","coordinates":[[-83.28688,35.586],[-83.2864,35.586],[-83.28537,35.58676],[-83.28424,35.58677],[-83.28371,35.58659],[-83.28273,35.58654],[-83.28178,35.58712],[-83.28016,35.58761],[-83.27833,35.5875],[-83.27814,35.58737],[-83.27744,35.58723],[-83.27687,35.58641],[-83.27651,35.58615],[-83.27642,35.58569]]},"properties":{"net":"NC3046","o":1}},{"type":"Feature","geometry":{"type":"LineString","coordinates":[[-83.29172,35.61389],[-83.29124,35.61401],[-83.29075,35.61445],[-83.28881,35.61502],[-83.28774,35.61489],[-83.28715,35.6146],[-83.28653,35.6141],[-83.28588,35.61394],[-83.28458,35.61406],[-83.28444,35.61414],[-83.28426,35.61448]]},"properties":{"net":"NC3046","o":1}},{"type":"Feature","geometry":{"type":"LineString","coordinates":[[-83.32535,35.61013],[-83.32593,35.60984],[-83.32683,35.6098],[-83.32772,35.61022],[-83.3284,35.61031],[-83.32925,35.60987],[-83.33144,35.60916],[-83.33151,35.60899]]},"properties":{"net":"NC3046","o":1}},{"type":"Feature","geometry":{"type":"LineString","coordinates":[[-83.31696,35.62205],[-83.31739,35.62179],[-83.31807,35.62067],[-83.31908,35.62011],[-83.31959,35.6189],[-83.32009,35.61815],[-83.32044,35.61723],[-83.32063,35.61698],[-83.32113,35.61689],[-83.32238,35.61629],[-83.32291,35.61617],[-83.32329,35.61581],[-83.32386,35.61567],[-83.3247,35.61522],[-83.32565,35.61518],[-83.32653,35.61492],[-83.32736,35.61511],[-83.32806,35.61505],[-83.32832,35.61519]]},"properties":{"net":"NC3046","o":1}},{"type":"Feature","geometry":{"type":"LineString","coordinates":[[-83.3301,35.63361],[-83.33017,35.63316],[-83.33052,35.63251],[-83.33061,35.63209],[-83.33124,35.63107],[-83.33157,35.63018],[-83.33146,35.62988],[-83.33117,35.62961],[-83.33095,35.62896],[-83.33001,35.62797],[-83.32971,35.62696]]},"properties":{"net":"NC3046","o":3}},{"type":"Feature","geometry":{"type":"LineString","coordinates":[[-83.31368,35.65118],[-83.31428,35.65001],[-83.31481,35.64939],[-83.31429,35.64835],[-83.31438,35.64802],[-83.31429,35.64755],[-83.31443,35.64713],[-83.31464,35.64686],[-83.31528,35.64656],[-83.31639,35.64573],[-83.31724,35.64557],[-83.31774,35.64529],[-83.31854,35.64518],[-83.31898,35.64532],[-83.31945,35.64532],[-83.31996,35.64506],[-83.32011,35.64469],[-83.32064,35.64461],[-83.32092,35.64447],[-83.32114,35.6438],[-83.32136,35.6436],[-83.32203,35.64349],[-83.32247,35.64325],[-83.32301,35.64323],[-83.3239,35.64294],[-83.32405,35.64286],[-83.32416,35.64263],[-83.32495,35.64225],[-83.32574,35.64213],[-83.32689,35.64136],[-83.32782,35.64145],[-83.32804,35.64121]]},"properties":{"net":"NC3046","o":1}},{"type":"Feature","geometry":{"type":"LineString","coordinates":[[-83.30178,35.37169],[-83.30152,35.37251],[-83.30007,35.37394]]},"properties":{"net":"out","o":4}},{"type":"Feature","geometry":{"type":"LineString","coordinates":[[-83.30007,35.37394],[-83.29985,35.37437],[-83.29968,35.37528],[-83.29941,35.37589],[-83.29887,35.37642],[-83.29877,35.37695]]},"properties":{"net":"out","o":4}},{"type":"Feature","geometry":{"type":"LineString","coordinates":[[-83.29462,35.40559],[-83.29526,35.40577],[-83.2973,35.4057],[-83.29854,35.40534],[-83.29972,35.40466],[-83.30211,35.40286],[-83.30259,35.40267],[-83.30441,35.40265],[-83.30502,35.40276],[-83.30668,35.40284]]},"properties":{"net":"out","o":6}},{"type":"Feature","geometry":{"type":"LineString","coordinates":[[-83.30617,35.45172],[-83.30698,35.45216],[-83.30742,35.45264],[-83.30788,35.45334],[-83.30844,35.4539],[-83.3088,35.45449],[-83.30866,35.45519]]},"properties":{"net":"NC3046","o":3}},{"type":"Feature","geometry":{"type":"LineString","coordinates":[[-83.31742,35.46895],[-83.31752,35.46903]]},"properties":{"net":"NC3046","o":1}},{"type":"Feature","geometry":{"type":"LineString","coordinates":[[-83.3163,35.45837],[-83.31619,35.45897],[-83.31613,35.46029],[-83.31586,35.46104]]},"properties":{"net":"NC3046","o":1}},{"type":"Feature","geometry":{"type":"LineString","coordinates":[[-83.31577,35.47627],[-83.31581,35.47594],[-83.31603,35.47571],[-83.31648,35.47548],[-83.31735,35.47421]]},"properties":{"net":"NC3046","o":2}},{"type":"Feature","geometry":{"type":"LineString","coordinates":[[-83.31104,35.45753],[-83.312,35.45826]]},"properties":{"net":"NC3046","o":3}},{"type":"Feature","geometry":{"type":"LineString","coordinates":[[-83.31475,35.48876],[-83.31459,35.48876]]},"properties":{"net":"NC3046","o":1}},{"type":"Feature","geometry":{"type":"LineString","coordinates":[[-83.31442,35.49008],[-83.31462,35.48955],[-83.31459,35.48876]]},"properties":{"net":"NC3046","o":6}},{"type":"Feature","geometry":{"type":"LineString","coordinates":[[-83.33539,35.48637],[-83.33521,35.48571],[-83.33494,35.48531]]},"properties":{"net":"NC3046","o":3}},{"type":"Feature","geometry":{"type":"LineString","coordinates":[[-83.33246,35.49316],[-83.33219,35.49292],[-83.33164,35.49268],[-83.33124,35.49231],[-83.33079,35.4921],[-83.3303,35.49153]]},"properties":{"net":"NC3046","o":1}},{"type":"Feature","geometry":{"type":"LineString","coordinates":[[-83.33215,35.48927],[-83.33179,35.48901],[-83.33164,35.48863],[-83.33064,35.48835],[-83.33022,35.48842],[-83.32964,35.48817]]},"properties":{"net":"NC3046","o":1}},{"type":"Feature","geometry":{"type":"LineString","coordinates":[[-83.32982,35.49751],[-83.32954,35.49758],[-83.3291,35.49794],[-83.32878,35.49795]]},"properties":{"net":"NC3046","o":1}},{"type":"Feature","geometry":{"type":"LineString","coordinates":[[-83.33264,35.49711],[-83.33177,35.49768],[-83.33094,35.49844],[-83.33053,35.49866],[-83.33018,35.49906],[-83.32957,35.49913],[-83.32925,35.49946],[-83.32853,35.49973],[-83.32796,35.49973]]},"properties":{"net":"NC3046","o":1}},{"type":"Feature","geometry":{"type":"LineString","coordinates":[[-83.3303,35.49153],[-83.32972,35.49135],[-83.32945,35.4911],[-83.32839,35.49097],[-83.32809,35.49084],[-83.32768,35.49097],[-83.32737,35.49076],[-83.32704,35.49008],[-83.32671,35.48969]]},"properties":{"net":"NC3046","o":2}},{"type":"Feature","geometry":{"type":"LineString","coordinates":[[-83.32417,35.48962],[-83.3243,35.48934],[-83.32424,35.48899]]},"properties":{"net":"NC3046","o":1}},{"type":"Feature","geometry":{"type":"LineString","coordinates":[[-83.32607,35.49745],[-83.32595,35.49759],[-83.32504,35.4976],[-83.32376,35.49696],[-83.32342,35.49652],[-83.32315,35.49646]]},"properties":{"net":"NC3046","o":1}},{"type":"Feature","geometry":{"type":"LineString","coordinates":[[-83.32424,35.48899],[-83.324,35.48874],[-83.32386,35.48808],[-83.32319,35.48712],[-83.32302,35.48667],[-83.32266,35.48624],[-83.32261,35.48584]]},"properties":{"net":"NC3046","o":2}},{"type":"Feature","geometry":{"type":"LineString","coordinates":[[-83.32261,35.48584],[-83.32206,35.48563],[-83.32184,35.48526]]},"properties":{"net":"NC3046","o":3}},{"type":"Feature","geometry":{"type":"LineString","coordinates":[[-83.31388,35.49221],[-83.3138,35.49209]]},"properties":{"net":"NC3046","o":3}},{"type":"Feature","geometry":{"type":"LineString","coordinates":[[-83.31446,35.49451],[-83.31325,35.49421]]},"properties":{"net":"NC3046","o":1}},{"type":"Feature","geometry":{"type":"LineString","coordinates":[[-83.31312,35.49451],[-83.31306,35.49435]]},"properties":{"net":"NC3046","o":1}},{"type":"Feature","geometry":{"type":"LineString","coordinates":[[-83.30251,35.5363],[-83.30285,35.53611],[-83.303,35.53583],[-83.30348,35.53367],[-83.30342,35.53299],[-83.30305,35.53239],[-83.30268,35.53203],[-83.30254,35.5314],[-83.30314,35.52996],[-83.30325,35.52921],[-83.30322,35.52748],[-83.30329,35.52724],[-83.30361,35.52682]]},"properties":{"net":"NC3046","o":5}},{"type":"Feature","geometry":{"type":"LineString","coordinates":[[-83.31565,35.55671],[-83.31428,35.55667],[-83.31366,35.55635]]},"properties":{"net":"NC3046","o":5}},{"type":"Feature","geometry":{"type":"LineString","coordinates":[[-83.30931,35.552],[-83.30915,35.55118]]},"properties":{"net":"NC3046","o":5}},{"type":"Feature","geometry":{"type":"LineString","coordinates":[[-83.30925,35.54897],[-83.30903,35.54901]]},"properties":{"net":"NC3046","o":2}},{"type":"Feature","geometry":{"type":"LineString","coordinates":[[-83.30716,35.54732],[-83.3072,35.54727]]},"properties":{"net":"NC3046","o":1}},{"type":"Feature","geometry":{"type":"LineString","coordinates":[[-83.30615,35.55125],[-83.30671,35.55097],[-83.30779,35.55132],[-83.30902,35.55118]]},"properties":{"net":"NC3046","o":2}},{"type":"Feature","geometry":{"type":"LineString","coordinates":[[-83.3013,35.54887],[-83.30158,35.54817],[-83.30207,35.54765],[-83.30187,35.54719],[-83.30185,35.54686],[-83.30197,35.54629],[-83.30195,35.54523],[-83.30208,35.54471],[-83.30239,35.54408]]},"properties":{"net":"NC3046","o":1}},{"type":"Feature","geometry":{"type":"LineString","coordinates":[[-83.30235,35.544],[-83.30005,35.54359]]},"properties":{"net":"NC3046","o":5}},{"type":"Feature","geometry":{"type":"LineString","coordinates":[[-83.29428,35.52937],[-83.29424,35.52896],[-83.2945,35.52817],[-83.2949,35.52767],[-83.29595,35.52707],[-83.29604,35.52644],[-83.29633,35.52596],[-83.29713,35.5252],[-83.29698,35.52432],[-83.29776,35.52353],[-83.29828,35.52252],[-83.29854,35.52222],[-83.29834,35.52159],[-83.29733,35.52098],[-83.29645,35.51943],[-83.29612,35.51902],[-83.29599,35.51832],[-83.29554,35.51719]]},"properties":{"net":"NC3046","o":1}},{"type":"Feature","geometry":{"type":"LineString","coordinates":[[-83.28989,35.50554],[-83.29069,35.50563],[-83.29125,35.50541],[-83.292,35.50548],[-83.29243,35.50521],[-83.29281,35.50452]]},"properties":{"net":"NC3046","o":1}},{"type":"Feature","geometry":{"type":"LineString","coordinates":[[-83.29913,35.5432],[-83.29772,35.54239]]},"properties":{"net":"NC3046","o":5}},{"type":"Feature","geometry":{"type":"LineString","coordinates":[[-83.28935,35.50218],[-83.29019,35.50252],[-83.2914,35.50334],[-83.29169,35.50366]]},"properties":{"net":"NC3046","o":4}},{"type":"Feature","geometry":{"type":"LineString","coordinates":[[-83.28364,35.50667],[-83.28389,35.50624],[-83.28455,35.50571],[-83.28462,35.5054],[-83.28489,35.50506]]},"properties":{"net":"NC3046","o":1}},{"type":"Feature","geometry":{"type":"LineString","coordinates":[[-83.28399,35.51706],[-83.28332,35.51786]]},"properties":{"net":"NC3046","o":1}},{"type":"Feature","geometry":{"type":"LineString","coordinates":[[-83.28125,35.51825],[-83.28187,35.51861],[-83.2823,35.51905]]},"properties":{"net":"NC3046","o":6}},{"type":"Feature","geometry":{"type":"LineString","coordinates":[[-83.28094,35.51808],[-83.28093,35.51814]]},"properties":{"net":"NC3046","o":1}},{"type":"Feature","geometry":{"type":"LineString","coordinates":[[-83.28067,35.50688],[-83.28044,35.50637],[-83.28046,35.5062],[-83.28113,35.50546],[-83.28123,35.5052]]},"properties":{"net":"NC3046","o":1}},{"type":"Feature","geometry":{"type":"LineString","coordinates":[[-83.27975,35.50479],[-83.28123,35.5052]]},"properties":{"net":"NC3046","o":2}},{"type":"Feature","geometry":{"type":"LineString","coordinates":[[-83.27955,35.51696],[-83.28006,35.51738]]},"properties":{"net":"NC3046","o":1}},{"type":"Feature","geometry":{"type":"LineString","coordinates":[[-83.2694,35.23602],[-83.26955,35.23941],[-83.26987,35.23979],[-83.26995,35.24015],[-83.26985,35.24089],[-83.26854,35.24324],[-83.26794,35.24402]]},"properties":{"net":"sm2654","o":1}},{"type":"Feature","geometry":{"type":"LineString","coordinates":[[-83.23084,35.54467],[-83.2311,35.54517]]},"properties":{"net":"NC3046","o":4}},{"type":"Feature","geometry":{"type":"LineString","coordinates":[[-83.22843,35.54459],[-83.22859,35.54439],[-83.22892,35.54423]]},"properties":{"net":"NC3046","o":1}},{"type":"Feature","geometry":{"type":"LineString","coordinates":[[-83.22049,35.5417],[-83.22093,35.54139]]},"properties":{"net":"NC3046","o":4}},{"type":"Feature","geometry":{"type":"LineString","coordinates":[[-83.2231,35.55809],[-83.2201,35.55722],[-83.21969,35.55695]]},"properties":{"net":"sm3086","o":1}},{"type":"Feature","geometry":{"type":"LineString","coordinates":[[-83.21915,35.54593],[-83.21944,35.54566]]},"properties":{"net":"NC3046","o":2}},{"type":"Feature","geometry":{"type":"LineString","coordinates":[[-83.21918,35.5467],[-83.21915,35.54593]]},"properties":{"net":"NC3046","o":1}},{"type":"Feature","geometry":{"type":"LineString","coordinates":[[-83.21621,35.5515],[-83.21624,35.55204],[-83.21653,35.5531]]},"properties":{"net":"sm3086","o":1}},{"type":"Feature","geometry":{"type":"LineString","coordinates":[[-83.26344,35.55331],[-83.26329,35.55314],[-83.26256,35.55303],[-83.26185,35.55241],[-83.26172,35.55212]]},"properties":{"net":"NC3046","o":1}},{"type":"Feature","geometry":{"type":"LineString","coordinates":[[-83.2608,35.55242],[-83.26096,35.55233]]},"properties":{"net":"NC3046","o":6}},{"type":"Feature","geometry":{"type":"LineString","coordinates":[[-83.26074,35.55393],[-83.25995,35.55324]]},"properties":{"net":"NC3046","o":1}},{"type":"Feature","geometry":{"type":"LineString","coordinates":[[-83.1969,35.33222],[-83.1974,35.33286],[-83.19743,35.33345],[-83.197,35.33477]]},"properties":{"net":"NC6252","o":5}},{"type":"Feature","geometry":{"type":"LineString","coordinates":[[-83.24253,35.49804],[-83.24351,35.49684],[-83.24387,35.49616]]},"properties":{"net":"NC3046","o":1}},{"type":"Feature","geometry":{"type":"LineString","coordinates":[[-83.25624,35.53579],[-83.25589,35.53613],[-83.25585,35.53673],[-83.25541,35.5371],[-83.25526,35.53741]]},"properties":{"net":"NC3046","o":1}},{"type":"Feature","geometry":{"type":"LineString","coordinates":[[-83.25162,35.52374],[-83.25248,35.52414],[-83.25329,35.52432]]},"properties":{"net":"sm3083","o":3}},{"type":"Feature","geometry":{"type":"LineString","coordinates":[[-83.24993,35.53987],[-83.25054,35.53834],[-83.25077,35.53805]]},"properties":{"net":"NC3046","o":2}},{"type":"Feature","geometry":{"type":"LineString","coordinates":[[-83.2497,35.52558],[-83.25068,35.52561],[-83.2513,35.52546],[-83.25197,35.52557]]},"properties":{"net":"sm3083","o":2}},{"type":"Feature","geometry":{"type":"LineString","coordinates":[[-83.25899,35.55394],[-83.25934,35.55362]]},"properties":{"net":"NC3046","o":6}},{"type":"Feature","geometry":{"type":"LineString","coordinates":[[-83.27705,35.576],[-83.27682,35.57605]]},"properties":{"net":"sm3084","o":2}},{"type":"Feature","geometry":{"type":"LineString","coordinates":[[-83.27701,35.56869],[-83.27652,35.5688],[-83.27575,35.56872]]},"properties":{"net":"sm3084","o":1}},{"type":"Feature","geometry":{"type":"LineString","coordinates":[[-83.27163,35.56708],[-83.27074,35.56677]]},"properties":{"net":"sm3084","o":1}},{"type":"Feature","geometry":{"type":"LineString","coordinates":[[-83.26634,35.58223],[-83.26617,35.58177],[-83.26586,35.58169],[-83.2654,35.58179]]},"properties":{"net":"NC3046","o":4}},{"type":"Feature","geometry":{"type":"LineString","coordinates":[[-83.2654,35.58179],[-83.26484,35.5817],[-83.26426,35.58144]]},"properties":{"net":"NC3046","o":4}},{"type":"Feature","geometry":{"type":"LineString","coordinates":[[-83.26495,35.57037],[-83.26461,35.57039],[-83.26368,35.57078]]},"properties":{"net":"NC3046","o":2}},{"type":"Feature","geometry":{"type":"LineString","coordinates":[[-83.26819,35.5766],[-83.26564,35.57691],[-83.26528,35.57722],[-83.26406,35.5778],[-83.26354,35.57742],[-83.26315,35.57686],[-83.2631,35.5766]]},"properties":{"net":"NC3046","o":1}},{"type":"Feature","geometry":{"type":"LineString","coordinates":[[-83.26225,35.57815],[-83.26222,35.57806]]},"properties":{"net":"NC3046","o":2}},{"type":"Feature","geometry":{"type":"LineString","coordinates":[[-83.26004,35.56579],[-83.25947,35.56642],[-83.25924,35.56725],[-83.25867,35.56776],[-83.2587,35.56834],[-83.25847,35.5686],[-83.25814,35.56871],[-83.25796,35.56891]]},"properties":{"net":"NC3046","o":1}},{"type":"Feature","geometry":{"type":"LineString","coordinates":[[-83.24798,35.51958],[-83.24839,35.51992],[-83.24847,35.52037],[-83.24894,35.521],[-83.24946,35.52139],[-83.25003,35.52162],[-83.25036,35.52231],[-83.25149,35.52332],[-83.25162,35.52374]]},"properties":{"net":"sm3083","o":1}},{"type":"Feature","geometry":{"type":"LineString","coordinates":[[-83.2462,35.52076],[-83.24697,35.52149],[-83.24749,35.52177],[-83.24769,35.52203],[-83.24806,35.52215],[-83.24886,35.52219],[-83.24932,35.52264],[-83.25058,35.5234]]},"properties":{"net":"sm3083","o":2}},{"type":"Feature","geometry":{"type":"LineString","coordinates":[[-83.24579,35.53292],[-83.24647,35.53285],[-83.24738,35.53258]]},"properties":{"net":"NC3046","o":3}},{"type":"Feature","geometry":{"type":"LineString","coordinates":[[-83.24512,35.52206],[-83.24649,35.52208],[-83.24714,35.52243]]},"properties":{"net":"sm3083","o":1}},{"type":"Feature","geometry":{"type":"LineString","coordinates":[[-83.24376,35.52082],[-83.2453,35.52072],[-83.24559,35.52053],[-83.24566,35.52038]]},"properties":{"net":"sm3083","o":1}},{"type":"Feature","geometry":{"type":"LineString","coordinates":[[-83.00602,35.16104],[-83.00594,35.16118],[-83.00598,35.16176],[-83.0067,35.16257],[-83.00675,35.16283],[-83.00667,35.16313]]},"properties":{"net":"NC3027","o":2}},{"type":"Feature","geometry":{"type":"LineString","coordinates":[[-83.2273,35.5625],[-83.22866,35.56259]]},"properties":{"net":"NC3046","o":1}},{"type":"Feature","geometry":{"type":"LineString","coordinates":[[-83.22075,35.64639],[-83.22096,35.64571],[-83.22089,35.64515],[-83.22098,35.64464],[-83.22012,35.64369],[-83.22001,35.64344],[-83.2204,35.64263],[-83.22011,35.64208],[-83.22023,35.64154]]},"properties":{"net":"NC31823","o":4}},{"type":"Feature","geometry":{"type":"LineString","coordinates":[[-83.19595,35.49271],[-83.19553,35.49181],[-83.19534,35.49078],[-83.19541,35.48928],[-83.19573,35.4874],[-83.19531,35.48593]]},"properties":{"net":"NC3046","o":1}},{"type":"Feature","geometry":{"type":"LineString","coordinates":[[-83.21943,35.64993],[-83.21984,35.64949],[-83.22008,35.64886],[-83.2205,35.64853],[-83.22062,35.6483],[-83.22061,35.64802],[-83.22038,35.64761],[-83.22039,35.64713]]},"properties":{"net":"NC31823","o":4}},{"type":"Feature","geometry":{"type":"LineString","coordinates":[[-83.20841,35.3876],[-83.21036,35.38629],[-83.21217,35.3856]]},"properties":{"net":"out","o":5}},{"type":"Feature","geometry":{"type":"LineString","coordinates":[[-83.20531,35.38961],[-83.20566,35.38924],[-83.20661,35.38884]]},"properties":{"net":"out","o":5}},{"type":"Feature","geometry":{"type":"LineString","coordinates":[[-83.21215,35.52513],[-83.21224,35.52543],[-83.21215,35.52579],[-83.21195,35.52608],[-83.21154,35.52639]]},"properties":{"net":"NC3046","o":1}},{"type":"Feature","geometry":{"type":"LineString","coordinates":[[-83.21244,35.53006],[-83.2117,35.5303],[-83.21147,35.53024]]},"properties":{"net":"NC3046","o":1}},{"type":"Feature","geometry":{"type":"LineString","coordinates":[[-83.21138,35.52938],[-83.2114,35.52944]]},"properties":{"net":"NC3046","o":3}},{"type":"Feature","geometry":{"type":"LineString","coordinates":[[-83.21123,35.5372],[-83.21127,35.53726]]},"properties":{"net":"NC3046","o":4}},{"type":"Feature","geometry":{"type":"LineString","coordinates":[[-83.21046,35.53191],[-83.21095,35.53201]]},"properties":{"net":"NC3046","o":2}},{"type":"Feature","geometry":{"type":"LineString","coordinates":[[-83.20212,35.52484],[-83.20126,35.52551]]},"properties":{"net":"NC3046","o":1}},{"type":"Feature","geometry":{"type":"LineString","coordinates":[[-83.20396,35.52277],[-83.20291,35.52273],[-83.20124,35.52335]]},"properties":{"net":"NC3046","o":1}},{"type":"Feature","geometry":{"type":"LineString","coordinates":[[-83.20141,35.52299],[-83.20124,35.52335]]},"properties":{"net":"NC3046","o":2}},{"type":"Feature","geometry":{"type":"LineString","coordinates":[[-83.20106,35.53702],[-83.20166,35.53681]]},"properties":{"net":"NC3046","o":1}},{"type":"Feature","geometry":{"type":"LineString","coordinates":[[-83.2083,35.54482],[-83.20832,35.54512],[-83.20797,35.54538]]},"properties":{"net":"sm3085","o":1}},{"type":"Feature","geometry":{"type":"LineString","coordinates":[[-83.24451,35.61625],[-83.24474,35.61604],[-83.24525,35.61586],[-83.24549,35.61561],[-83.24694,35.61511],[-83.24802,35.615],[-83.25011,35.6145]]},"properties":{"net":"NC3046","o":1}},{"type":"Feature","geometry":{"type":"LineString","coordinates":[[-83.26728,35.51519],[-83.26767,35.51524],[-83.26782,35.51546]]},"properties":{"net":"NC3046","o":2}},{"type":"Feature","geometry":{"type":"LineString","coordinates":[[-83.26559,35.50993],[-83.26601,35.50967],[-83.26676,35.50974],[-83.26893,35.50937]]},"properties":{"net":"NC3046","o":1}},{"type":"Feature","geometry":{"type":"LineString","coordinates":[[-83.25833,35.51388],[-83.25815,35.51423],[-83.25834,35.51494],[-83.25833,35.51552],[-83.25811,35.51573],[-83.25796,35.51614]]},"properties":{"net":"sm3083","o":1}},{"type":"Feature","geometry":{"type":"LineString","coordinates":[[-83.27717,35.51985],[-83.27723,35.51984]]},"properties":{"net":"NC3046","o":2}},{"type":"Feature","geometry":{"type":"LineString","coordinates":[[-83.2768,35.52194],[-83.2767,35.52169],[-83.27638,35.52135],[-83.27637,35.52103],[-83.27655,35.52078],[-83.27725,35.52045],[-83.2774,35.52024]]},"properties":{"net":"NC3046","o":1}},{"type":"Feature","geometry":{"type":"LineString","coordinates":[[-83.24648,35.36088],[-83.24644,35.36106],[-83.24682,35.36199],[-83.24704,35.36302],[-83.24722,35.36342],[-83.24718,35.36361]]},"properties":{"net":"NC6252","o":6}},{"type":"Feature","geometry":{"type":"LineString","coordinates":[[-83.25995,35.56722],[-83.25993,35.56752],[-83.25964,35.56771],[-83.25966,35.568],[-83.25952,35.5683],[-83.25887,35.56881],[-83.25796,35.56891]]},"properties":{"net":"NC3046","o":1}},{"type":"Feature","geometry":{"type":"LineString","coordinates":[[-83.26199,35.56756],[-83.26171,35.56803],[-83.2613,35.56835],[-83.26006,35.56859],[-83.25956,35.56916],[-83.25922,35.56929],[-83.25902,35.56957],[-83.25851,35.56996],[-83.25775,35.57014],[-83.25717,35.57016],[-83.25583,35.56967],[-83.2556,35.5695],[-83.25524,35.56894]]},"properties":{"net":"NC3046","o":1}},{"type":"Feature","geometry":{"type":"LineString","coordinates":[[-83.18735,35.3932],[-83.18778,35.39372],[-83.18847,35.3938],[-83.18896,35.39371],[-83.18987,35.39314],[-83.1914,35.39271],[-83.19223,35.39263],[-83.19389,35.39293],[-83.19425,35.39284],[-83.19483,35.39252],[-83.19515,35.39249],[-83.1962,35.39268],[-83.19737,35.39323]]},"properties":{"net":"out","o":5}},{"type":"Feature","geometry":{"type":"LineString","coordinates":[[-83.2393,35.52747],[-83.23954,35.52738],[-83.24009,35.52742]]},"properties":{"net":"NC3046","o":1}},{"type":"Feature","geometry":{"type":"LineString","coordinates":[[-83.23709,35.52896],[-83.23748,35.52921],[-83.23844,35.53018],[-83.23884,35.53035],[-83.23919,35.53075],[-83.23933,35.53113],[-83.23953,35.5313],[-83.23948,35.53164],[-83.24005,35.53206],[-83.24012,35.53225],[-83.24047,35.53225],[-83.24065,35.53242],[-83.24076,35.53281],[-83.24103,35.53299],[-83.24131,35.53373]]},"properties":{"net":"NC3046","o":2}},{"type":"Feature","geometry":{"type":"LineString","coordinates":[[-83.25427,35.56088],[-83.25414,35.56038],[-83.25334,35.56001],[-83.25214,35.55902]]},"properties":{"net":"NC3046","o":1}},{"type":"Feature","geometry":{"type":"LineString","coordinates":[[-83.25172,35.55308],[-83.25212,35.55309]]},"properties":{"net":"NC3046","o":6}},{"type":"Feature","geometry":{"type":"LineString","coordinates":[[-83.24266,35.66839],[-83.24281,35.6679],[-83.24332,35.66714],[-83.2433,35.66607],[-83.24303,35.66544],[-83.24291,35.66461],[-83.24312,35.66413],[-83.24365,35.66332],[-83.24371,35.66272],[-83.24361,35.66208],[-83.24397,35.66162],[-83.24411,35.661],[-83.24446,35.66028],[-83.24443,35.66002],[-83.24421,35.65975],[-83.24422,35.65932],[-83.24317,35.65772],[-83.24231,35.65756],[-83.24208,35.65729],[-83.24185,35.65717],[-83.2411,35.6571],[-83.24082,35.65663],[-83.2399,35.65604],[-83.23934,35.65546],[-83.23892,35.65445],[-83.23922,35.65384],[-83.23959,35.65342],[-83.23953,35.65304],[-83.2388,35.65232],[-83.23867,35.65192],[-83.23806,35.65153],[-83.23796,35.65031],[-83.23674,35.64948],[-83.23671,35.64927]]},"properties":{"net":"NC3046","o":2}},{"type":"Feature","geometry":{"type":"LineString","coordinates":[[-83.27768,35.53855],[-83.27742,35.53816],[-83.27703,35.53781],[-83.27614,35.53747],[-83.27563,35.53708]]},"properties":{"net":"NC3046","o":3}},{"type":"Feature","geometry":{"type":"LineString","coordinates":[[-83.27563,35.53708],[-83.27528,35.53671],[-83.27451,35.53626]]},"properties":{"net":"NC3046","o":3}},{"type":"Feature","geometry":{"type":"LineString","coordinates":[[-83.27417,35.52852],[-83.27507,35.52817],[-83.27585,35.52799],[-83.27667,35.52725]]},"properties":{"net":"NC3046","o":1}},{"type":"Feature","geometry":{"type":"LineString","coordinates":[[-83.27408,35.53998],[-83.27373,35.53972]]},"properties":{"net":"NC3046","o":2}},{"type":"Feature","geometry":{"type":"LineString","coordinates":[[-83.27363,35.54043],[-83.27373,35.53972]]},"properties":{"net":"NC3046","o":1}},{"type":"Feature","geometry":{"type":"LineString","coordinates":[[-83.27247,35.52198],[-83.27293,35.52202],[-83.27378,35.52168],[-83.27443,35.52156],[-83.2747,35.52141],[-83.27492,35.52108],[-83.27579,35.52069],[-83.2763,35.52023],[-83.27719,35.52009]]},"properties":{"net":"NC3046","o":2}},{"type":"Feature","geometry":{"type":"LineString","coordinates":[[-83.27171,35.53307],[-83.27226,35.53346],[-83.27304,35.53356],[-83.27379,35.53383],[-83.27546,35.53383],[-83.27642,35.53425]]},"properties":{"net":"NC3046","o":1}},{"type":"Feature","geometry":{"type":"LineString","coordinates":[[-83.27589,35.58908],[-83.2759,35.58874],[-83.27634,35.58822],[-83.27623,35.5874],[-83.27593,35.58689],[-83.27617,35.58667],[-83.27642,35.58569]]},"properties":{"net":"NC3046","o":2}},{"type":"Feature","geometry":{"type":"LineString","coordinates":[[-83.27645,35.5984],[-83.27517,35.59827],[-83.27467,35.59832],[-83.27416,35.59818],[-83.27246,35.59823],[-83.27204,35.59789],[-83.27133,35.59759],[-83.27099,35.59708],[-83.26929,35.59612],[-83.26902,35.59588],[-83.26789,35.59558],[-83.26706,35.5958]]},"properties":{"net":"NC3046","o":1}},{"type":"Feature","geometry":{"type":"LineString","coordinates":[[-83.26706,35.5958],[-83.26696,35.59577]]},"properties":{"net":"NC3046","o":1}},{"type":"Feature","geometry":{"type":"LineString","coordinates":[[-83.26786,35.58601],[-83.26533,35.58566]]},"properties":{"net":"NC3046","o":1}},{"type":"Feature","geometry":{"type":"LineString","coordinates":[[-83.25734,35.58462],[-83.25787,35.58398],[-83.25933,35.58279],[-83.25963,35.5827],[-83.2603,35.58272]]},"properties":{"net":"NC3046","o":1}},{"type":"Feature","geometry":{"type":"LineString","coordinates":[[-83.25169,35.55304],[-83.25172,35.55308]]},"properties":{"net":"NC3046","o":3}},{"type":"Feature","geometry":{"type":"LineString","coordinates":[[-83.251,35.55239],[-83.25169,35.55304]]},"properties":{"net":"NC3046","o":3}},{"type":"Feature","geometry":{"type":"LineString","coordinates":[[-83.25018,35.54346],[-83.25002,35.54402],[-83.24907,35.54482]]},"properties":{"net":"NC3046","o":1}},{"type":"Feature","geometry":{"type":"LineString","coordinates":[[-83.24895,35.55661],[-83.24902,35.55666]]},"properties":{"net":"NC3046","o":1}},{"type":"Feature","geometry":{"type":"LineString","coordinates":[[-83.24887,35.54376],[-83.24892,35.54457],[-83.24907,35.54482]]},"properties":{"net":"NC3046","o":1}},{"type":"Feature","geometry":{"type":"LineString","coordinates":[[-83.24846,35.5594],[-83.24813,35.55881]]},"properties":{"net":"NC3046","o":5}},{"type":"Feature","geometry":{"type":"LineString","coordinates":[[-83.24643,35.54467],[-83.24757,35.5453],[-83.24853,35.54641]]},"properties":{"net":"NC3046","o":1}},{"type":"Feature","geometry":{"type":"LineString","coordinates":[[-83.23124,35.37425],[-83.23189,35.3743],[-83.23321,35.37472],[-83.23397,35.37479]]},"properties":{"net":"out","o":5}},{"type":"Feature","geometry":{"type":"LineString","coordinates":[[-83.18366,35.56523],[-83.18414,35.56488],[-83.1844,35.56433],[-83.18457,35.56361],[-83.18461,35.56277],[-83.18485,35.56235],[-83.18521,35.56201],[-83.18595,35.56177],[-83.18713,35.56099],[-83.18835,35.55987],[-83.18867,35.55934],[-83.18959,35.5587],[-83.19033,35.5576],[-83.19076,35.55755],[-83.19114,35.55728],[-83.19207,35.55685],[-83.19396,35.55616],[-83.19467,35.55629],[-83.19736,35.55642],[-83.1982,35.55621],[-83.19858,35.55588],[-83.19958,35.55574],[-83.20065,35.55542],[-83.20138,35.55498],[-83.20182,35.55448],[-83.20249,35.55403],[-83.20277,35.55371],[-83.20291,35.55329],[-83.20344,35.55324],[-83.20368,35.55311],[-83.20369,35.55269],[-83.20386,35.55251],[-83.20395,35.55212],[-83.20438,35.5517],[-83.20437,35.55078],[-83.20489,35.54993]]},"properties":{"net":"sm3085","o":1}},{"type":"Feature","geometry":{"type":"LineString","coordinates":[[-83.19903,35.58943],[-83.19969,35.58931],[-83.20002,35.58915]]},"properties":{"net":"NC3046","o":2}},{"type":"Feature","geometry":{"type":"LineString","coordinates":[[-83.1883,35.59706],[-83.18881,35.59641],[-83.18911,35.5956],[-83.19032,35.59428],[-83.19086,35.59304],[-83.19153,35.59253],[-83.19261,35.59235],[-83.19284,35.59213],[-83.19386,35.5916],[-83.1944,35.59168],[-83.19501,35.59136],[-83.19579,35.59143],[-83.19606,35.59123],[-83.19654,35.59037],[-83.1971,35.59027],[-83.19797,35.58975],[-83.19864,35.58947],[-83.19903,35.58943]]},"properties":{"net":"NC3046","o":1}},{"type":"Feature","geometry":{"type":"LineString","coordinates":[[-83.27141,35.53028],[-83.27192,35.53082],[-83.27309,35.5316],[-83.27368,35.53178],[-83.27547,35.5318],[-83.27563,35.53188],[-83.27568,35.53224],[-83.27613,35.53335],[-83.27608,35.53377],[-83.27621,35.53389],[-83.27658,35.53391]]},"properties":{"net":"sm3083","o":4}},{"type":"Feature","geometry":{"type":"LineString","coordinates":[[-83.27658,35.53391],[-83.27677,35.53391]]},"properties":{"net":"NC3046","o":4}},{"type":"Feature","geometry":{"type":"LineString","coordinates":[[-83.2711,35.53745],[-83.27121,35.5375]]},"properties":{"net":"NC3046","o":2}},{"type":"Feature","geometry":{"type":"LineString","coordinates":[[-83.24759,35.60274],[-83.2489,35.60296],[-83.24983,35.60295],[-83.25029,35.60315],[-83.25098,35.60368],[-83.25176,35.60388],[-83.25249,35.60391],[-83.25349,35.60436],[-83.25449,35.60458],[-83.25529,35.60506],[-83.25564,35.60511],[-83.25636,35.605],[-83.25739,35.60526]]},"properties":{"net":"NC3046","o":1}},{"type":"Feature","geometry":{"type":"LineString","coordinates":[[-83.25739,35.60526],[-83.25793,35.60581],[-83.2594,35.60645]]},"properties":{"net":"NC3046","o":2}},{"type":"Feature","geometry":{"type":"LineString","coordinates":[[-83.27649,35.63371],[-83.27615,35.63379],[-83.2754,35.63333],[-83.27512,35.63327],[-83.27498,35.63314],[-83.27487,35.63275],[-83.27453,35.63257],[-83.27349,35.6324]]},"properties":{"net":"NC3046","o":3}},{"type":"Feature","geometry":{"type":"LineString","coordinates":[[-83.26889,35.64293],[-83.26892,35.64283]]},"properties":{"net":"NC3046","o":1}},{"type":"Feature","geometry":{"type":"LineString","coordinates":[[-83.2087,35.4503],[-83.20971,35.45095],[-83.21006,35.45128],[-83.21024,35.4516],[-83.21032,35.45223],[-83.21,35.45392]]},"properties":{"net":"sm3081","o":3}},{"type":"Feature","geometry":{"type":"LineString","coordinates":[[-83.20494,35.44927],[-83.20583,35.45014],[-83.2064,35.45048],[-83.2087,35.4503]]},"properties":{"net":"sm3081","o":3}},{"type":"Feature","geometry":{"type":"LineString","coordinates":[[-83.20629,35.44178],[-83.20598,35.4424],[-83.20553,35.44296],[-83.20437,35.44381],[-83.20399,35.44467],[-83.20404,35.44504],[-83.20458,35.44584],[-83.20475,35.44634],[-83.20481,35.44758],[-83.20475,35.44811]]},"properties":{"net":"sm3081","o":1}},{"type":"Feature","geometry":{"type":"LineString","coordinates":[[-83.2006,35.44731],[-83.2013,35.44759],[-83.20299,35.4485],[-83.20494,35.44927]]},"properties":{"net":"sm3081","o":2}},{"type":"Feature","geometry":{"type":"LineString","coordinates":[[-83.24304,35.54941],[-83.24395,35.54934]]},"properties":{"net":"NC3046","o":1}},{"type":"Feature","geometry":{"type":"LineString","coordinates":[[-83.24301,35.55153],[-83.24293,35.55188],[-83.24356,35.55286],[-83.24384,35.55309],[-83.24459,35.55326],[-83.24518,35.55418],[-83.24554,35.55442],[-83.24598,35.55494],[-83.24669,35.55533],[-83.24736,35.5559],[-83.24823,35.55607],[-83.24895,35.55661]]},"properties":{"net":"NC3046","o":1}},{"type":"Feature","geometry":{"type":"LineString","coordinates":[[-83.2407,35.5521],[-83.24022,35.55272],[-83.2394,35.5528],[-83.23916,35.55299],[-83.23841,35.55328]]},"properties":{"net":"NC3046","o":1}},{"type":"Feature","geometry":{"type":"LineString","coordinates":[[-83.27095,35.53736],[-83.2711,35.53745]]},"properties":{"net":"NC3046","o":2}},{"type":"Feature","geometry":{"type":"LineString","coordinates":[[-83.26994,35.53868],[-83.27008,35.53874]]},"properties":{"net":"NC3046","o":1}},{"type":"Feature","geometry":{"type":"LineString","coordinates":[[-83.26975,35.53093],[-83.27051,35.53097]]},"properties":{"net":"sm3083","o":1}},{"type":"Feature","geometry":{"type":"LineString","coordinates":[[-83.26887,35.52593],[-83.26911,35.52614],[-83.26903,35.52647],[-83.26941,35.52715],[-83.26941,35.52846],[-83.26927,35.52897],[-83.26931,35.52921]]},"properties":{"net":"sm3083","o":2}},{"type":"Feature","geometry":{"type":"LineString","coordinates":[[-83.26721,35.52167],[-83.26809,35.52187],[-83.2691,35.52163]]},"properties":{"net":"NC3046","o":1}},{"type":"Feature","geometry":{"type":"LineString","coordinates":[[-83.2637,35.52623],[-83.26461,35.52655],[-83.26501,35.52689],[-83.26511,35.52711],[-83.2651,35.52769],[-83.26522,35.52786],[-83.26535,35.52836]]},"properties":{"net":"sm3083","o":4}},{"type":"Feature","geometry":{"type":"LineString","coordinates":[[-83.26076,35.52085],[-83.26021,35.52136],[-83.25982,35.52197]]},"properties":{"net":"sm3083","o":1}},{"type":"Feature","geometry":{"type":"LineString","coordinates":[[-83.25982,35.52197],[-83.26014,35.52244]]},"properties":{"net":"sm3083","o":3}},{"type":"Feature","geometry":{"type":"LineString","coordinates":[[-83.25938,35.53408],[-83.26001,35.53307],[-83.26053,35.53264]]},"properties":{"net":"sm3083","o":1}},{"type":"Feature","geometry":{"type":"LineString","coordinates":[[-83.2622,35.64487],[-83.26233,35.64482]]},"properties":{"net":"NC3046","o":3}},{"type":"Feature","geometry":{"type":"LineString","coordinates":[[-83.26741,35.63101],[-83.26681,35.63032],[-83.2663,35.63023],[-83.26601,35.63042],[-83.26611,35.6311],[-83.26586,35.63126],[-83.26479,35.63106],[-83.26405,35.63075],[-83.26364,35.6304],[-83.26345,35.62902],[-83.26332,35.62858],[-83.26303,35.62819],[-83.2615,35.6274],[-83.26039,35.6265],[-83.25987,35.62619],[-83.2595,35.62621],[-83.25927,35.62671],[-83.25909,35.62685],[-83.25889,35.62683],[-83.25848,35.62656]]},"properties":{"net":"NC3046","o":4}},{"type":"Feature","geometry":{"type":"LineString","coordinates":[[-83.26331,35.67208],[-83.26369,35.67139],[-83.26377,35.67097],[-83.26415,35.67052],[-83.26438,35.67047],[-83.26525,35.67072],[-83.26552,35.67071],[-83.26695,35.66963],[-83.26736,35.66948]]},"properties":{"net":"NC3046","o":3}},{"type":"Feature","geometry":{"type":"LineString","coordinates":[[-83.26182,35.67263],[-83.26238,35.67255],[-83.26331,35.67208]]},"properties":{"net":"NC3046","o":2}},{"type":"Feature","geometry":{"type":"LineString","coordinates":[[-83.23154,35.44288],[-83.23127,35.44333],[-83.23152,35.44418],[-83.23155,35.44579]]},"properties":{"net":"sm3087","o":1}},{"type":"Feature","geometry":{"type":"LineString","coordinates":[[-83.23827,35.55568],[-83.23873,35.55592],[-83.23946,35.55654]]},"properties":{"net":"NC3046","o":5}},{"type":"Feature","geometry":{"type":"LineString","coordinates":[[-83.25513,35.57211],[-83.25512,35.57158],[-83.25532,35.57138]]},"properties":{"net":"NC3046","o":2}},{"type":"Feature","geometry":{"type":"LineString","coordinates":[[-83.25337,35.58182],[-83.25419,35.5814],[-83.25491,35.58123],[-83.25612,35.58067]]},"properties":{"net":"NC3046","o":1}},{"type":"Feature","geometry":{"type":"LineString","coordinates":[[-83.25619,35.56704],[-83.25464,35.56721],[-83.25428,35.56683],[-83.25365,35.56674],[-83.25297,35.5665],[-83.25249,35.56643],[-83.25244,35.56655]]},"properties":{"net":"NC3046","o":1}},{"type":"Feature","geometry":{"type":"LineString","coordinates":[[-83.2524,35.56663],[-83.2518,35.56657],[-83.25005,35.56681]]},"properties":{"net":"NC3046","o":4}},{"type":"Feature","geometry":{"type":"LineString","coordinates":[[-83.24512,35.57553],[-83.24467,35.57525]]},"properties":{"net":"NC3046","o":2}},{"type":"Feature","geometry":{"type":"LineString","coordinates":[[-83.24629,35.56867],[-83.2458,35.56846],[-83.24488,35.56779],[-83.24479,35.56755],[-83.24417,35.56705],[-83.24408,35.56686]]},"properties":{"net":"NC3046","o":1}},{"type":"Feature","geometry":{"type":"LineString","coordinates":[[-83.24405,35.5668],[-83.24474,35.56628],[-83.24486,35.56588]]},"properties":{"net":"NC3046","o":4}},{"type":"Feature","geometry":{"type":"LineString","coordinates":[[-83.23323,35.46162],[-83.23413,35.46236],[-83.23513,35.46346],[-83.23531,35.46384],[-83.23535,35.46415],[-83.23516,35.46469]]},"properties":{"net":"NC3046","o":2}},{"type":"Feature","geometry":{"type":"LineString","coordinates":[[-83.23481,35.53407],[-83.23421,35.5345],[-83.23402,35.53478]]},"properties":{"net":"NC3046","o":2}},{"type":"Feature","geometry":{"type":"LineString","coordinates":[[-83.23069,35.53944],[-83.23087,35.53999],[-83.2307,35.54039],[-83.23079,35.5408],[-83.23065,35.54116],[-83.2303,35.54157]]},"properties":{"net":"NC3046","o":3}},{"type":"Feature","geometry":{"type":"LineString","coordinates":[[-83.22833,35.52674],[-83.22838,35.52737],[-83.22872,35.52789],[-83.22951,35.52859],[-83.23046,35.52911]]},"properties":{"net":"NC3046","o":1}},{"type":"Feature","geometry":{"type":"LineString","coordinates":[[-83.22298,35.53356],[-83.22202,35.53355]]},"properties":{"net":"NC3046","o":1}},{"type":"Feature","geometry":{"type":"LineString","coordinates":[[-83.23476,35.45514],[-83.2355,35.45617],[-83.23587,35.45697],[-83.23813,35.45924],[-83.2385,35.45972],[-83.2389,35.46057],[-83.24032,35.46175],[-83.24104,35.46288],[-83.24168,35.46347]]},"properties":{"net":"NC3046","o":1}},{"type":"Feature","geometry":{"type":"LineString","coordinates":[[-83.21452,35.45947],[-83.2146,35.46035]]},"properties":{"net":"sm3081","o":3}},{"type":"Feature","geometry":{"type":"LineString","coordinates":[[-83.21404,35.46381],[-83.21397,35.46438]]},"properties":{"net":"sm3081","o":3}},{"type":"Feature","geometry":{"type":"LineString","coordinates":[[-83.25726,35.52838],[-83.25741,35.52811],[-83.25742,35.52783],[-83.25775,35.52751]]},"properties":{"net":"sm3083","o":2}},{"type":"Feature","geometry":{"type":"LineString","coordinates":[[-83.27183,35.55363],[-83.27186,35.55347]]},"properties":{"net":"NC3046","o":2}},{"type":"Feature","geometry":{"type":"LineString","coordinates":[[-83.25451,35.47497],[-83.2537,35.4736],[-83.25361,35.47299],[-83.25305,35.47177],[-83.25287,35.47079]]},"properties":{"net":"NC3046","o":1}},{"type":"Feature","geometry":{"type":"LineString","coordinates":[[-83.25029,35.47201],[-83.25074,35.4716],[-83.25133,35.47129],[-83.25201,35.47098],[-83.25287,35.47079]]},"properties":{"net":"NC3046","o":4}},{"type":"Feature","geometry":{"type":"LineString","coordinates":[[-83.24216,35.47002],[-83.24293,35.47098],[-83.24412,35.47142],[-83.2457,35.47162],[-83.24797,35.47165],[-83.24887,35.47185],[-83.24959,35.47187],[-83.25029,35.47201]]},"properties":{"net":"NC3046","o":4}},{"type":"Feature","geometry":{"type":"LineString","coordinates":[[-83.20336,35.46894],[-83.20375,35.46928],[-83.20477,35.46951],[-83.20509,35.46967],[-83.20587,35.47056],[-83.20737,35.47078],[-83.20855,35.47144]]},"properties":{"net":"sm3082","o":3}},{"type":"Feature","geometry":{"type":"LineString","coordinates":[[-83.20855,35.47144],[-83.20912,35.47156],[-83.21099,35.47224],[-83.21311,35.47226]]},"properties":{"net":"NC3046","o":3}},{"type":"Feature","geometry":{"type":"LineString","coordinates":[[-83.19566,35.48096],[-83.19619,35.48082],[-83.19717,35.48079],[-83.19845,35.48038],[-83.1988,35.48015],[-83.19933,35.47951],[-83.20005,35.47888],[-83.20156,35.47801],[-83.2031,35.47773],[-83.20459,35.4771],[-83.20498,35.47709],[-83.20563,35.47739],[-83.20633,35.47734],[-83.20671,35.47716],[-83.20728,35.4766],[-83.20821,35.47634],[-83.20875,35.47607],[-83.2097,35.47527],[-83.21149,35.47501]]},"properties":{"net":"NC3046","o":4}},{"type":"Feature","geometry":{"type":"LineString","coordinates":[[-83.19969,35.48766],[-83.19865,35.48718],[-83.19623,35.48639],[-83.19531,35.48593]]},"properties":{"net":"NC3046","o":1}},{"type":"Feature","geometry":{"type":"LineString","coordinates":[[-83.24331,35.56174],[-83.24342,35.5618]]},"properties":{"net":"NC3046","o":3}},{"type":"Feature","geometry":{"type":"LineString","coordinates":[[-83.24329,35.57311],[-83.24345,35.57278]]},"properties":{"net":"NC3046","o":2}},{"type":"Feature","geometry":{"type":"LineString","coordinates":[[-83.27067,35.54897],[-83.27098,35.54869],[-83.27104,35.54841],[-83.27062,35.54826]]},"properties":{"net":"NC3046","o":3}},{"type":"Feature","geometry":{"type":"LineString","coordinates":[[-83.27645,35.54601],[-83.27551,35.54581],[-83.27396,35.5457],[-83.27283,35.54625],[-83.27169,35.54649],[-83.27144,35.54667],[-83.27078,35.54687],[-83.27061,35.54751]]},"properties":{"net":"NC3046","o":2}},{"type":"Feature","geometry":{"type":"LineString","coordinates":[[-83.2706,35.54775],[-83.27062,35.54826]]},"properties":{"net":"NC3046","o":2}},{"type":"Feature","geometry":{"type":"LineString","coordinates":[[-83.2678,35.55728],[-83.26856,35.55642],[-83.26845,35.55563]]},"properties":{"net":"NC3046","o":1}},{"type":"Feature","geometry":{"type":"LineString","coordinates":[[-83.26703,35.54082],[-83.26744,35.54117],[-83.26771,35.54126],[-83.2679,35.54156]]},"properties":{"net":"NC3046","o":1}},{"type":"Feature","geometry":{"type":"LineString","coordinates":[[-83.26301,35.54162],[-83.2632,35.54208]]},"properties":{"net":"NC3046","o":4}},{"type":"Feature","geometry":{"type":"LineString","coordinates":[[-83.2627,35.54986],[-83.26293,35.5491]]},"properties":{"net":"NC3046","o":6}},{"type":"Feature","geometry":{"type":"LineString","coordinates":[[-83.26263,35.55056],[-83.2627,35.54986]]},"properties":{"net":"NC3046","o":6}},{"type":"Feature","geometry":{"type":"LineString","coordinates":[[-83.26255,35.55055],[-83.26263,35.55056]]},"properties":{"net":"NC3046","o":1}},{"type":"Feature","geometry":{"type":"LineString","coordinates":[[-83.26391,35.56036],[-83.26299,35.5598],[-83.2621,35.55903]]},"properties":{"net":"sm3084","o":4}},{"type":"Feature","geometry":{"type":"LineString","coordinates":[[-83.25846,35.62661],[-83.25848,35.62656]]},"properties":{"net":"NC3046","o":1}},{"type":"Feature","geometry":{"type":"LineString","coordinates":[[-83.22081,35.5272],[-83.22048,35.52756],[-83.22042,35.5278]]},"properties":{"net":"NC3046","o":2}},{"type":"Feature","geometry":{"type":"LineString","coordinates":[[-83.21944,35.53481],[-83.22002,35.53482],[-83.2204,35.53498],[-83.22054,35.53514]]},"properties":{"net":"NC3046","o":1}},{"type":"Feature","geometry":{"type":"LineString","coordinates":[[-83.21694,35.52742],[-83.21689,35.52778],[-83.217,35.52796],[-83.21707,35.52849],[-83.21691,35.52914],[-83.21708,35.5299]]},"properties":{"net":"NC3046","o":1}},{"type":"Feature","geometry":{"type":"LineString","coordinates":[[-83.23208,35.55097],[-83.23281,35.55179]]},"properties":{"net":"NC3046","o":5}},{"type":"Feature","geometry":{"type":"LineString","coordinates":[[-83.23337,35.54594],[-83.23289,35.54563],[-83.23205,35.54532],[-83.23183,35.54534],[-83.23127,35.54571]]},"properties":{"net":"NC3046","o":2}},{"type":"Feature","geometry":{"type":"LineString","coordinates":[[-83.23993,35.56222],[-83.24049,35.56219],[-83.2408,35.56199]]},"properties":{"net":"NC3046","o":1}},{"type":"Feature","geometry":{"type":"LineString","coordinates":[[-83.23971,35.56837],[-83.24054,35.56834],[-83.24081,35.56842],[-83.24104,35.56854],[-83.24175,35.56928]]},"properties":{"net":"NC3046","o":3}},{"type":"Feature","geometry":{"type":"LineString","coordinates":[[-83.23872,35.56895],[-83.23891,35.56873],[-83.23971,35.56837]]},"properties":{"net":"NC3046","o":3}},{"type":"Feature","geometry":{"type":"LineString","coordinates":[[-83.2385,35.5763],[-83.23938,35.57699],[-83.23959,35.57746]]},"properties":{"net":"NC3046","o":1}},{"type":"Feature","geometry":{"type":"LineString","coordinates":[[-83.24954,35.59241],[-83.24962,35.59105],[-83.24993,35.58981],[-83.25007,35.58958],[-83.25053,35.58921],[-83.25215,35.58713]]},"properties":{"net":"NC3046","o":1}},{"type":"Feature","geometry":{"type":"LineString","coordinates":[[-83.25241,35.62028],[-83.25195,35.6199],[-83.25141,35.6198],[-83.24993,35.61865]]},"properties":{"net":"NC3046","o":4}},{"type":"Feature","geometry":{"type":"LineString","coordinates":[[-83.24896,35.60641],[-83.24967,35.6066],[-83.25002,35.60684],[-83.25048,35.60794],[-83.25088,35.60836],[-83.25143,35.60861],[-83.25163,35.60908],[-83.25205,35.60956]]},"properties":{"net":"NC3046","o":1}},{"type":"Feature","geometry":{"type":"LineString","coordinates":[[-83.26246,35.58966],[-83.26317,35.58946],[-83.26498,35.5892]]},"properties":{"net":"NC3046","o":2}},{"type":"Feature","geometry":{"type":"LineString","coordinates":[[-83.18275,35.46602],[-83.1841,35.46552],[-83.18538,35.46526],[-83.18564,35.46529],[-83.18628,35.46562],[-83.18667,35.46564],[-83.18727,35.46538],[-83.18852,35.46451],[-83.18892,35.46438],[-83.18969,35.46458],[-83.19038,35.4652],[-83.19085,35.46531]]},"properties":{"net":"sm3082","o":1}},{"type":"Feature","geometry":{"type":"LineString","coordinates":[[-83.18767,35.51718],[-83.18651,35.51767]]},"properties":{"net":"NC3046","o":1}},{"type":"Feature","geometry":{"type":"LineString","coordinates":[[-83.18608,35.51666],[-83.18612,35.51817]]},"properties":{"net":"NC3046","o":1}},{"type":"Feature","geometry":{"type":"LineString","coordinates":[[-83.18612,35.51817],[-83.18565,35.51898]]},"properties":{"net":"NC3046","o":2}},{"type":"Feature","geometry":{"type":"LineString","coordinates":[[-83.14531,35.48618],[-83.14742,35.48586],[-83.1482,35.48605],[-83.15101,35.48778],[-83.15168,35.48837]]},"properties":{"net":"NC3046","o":1}},{"type":"Feature","geometry":{"type":"LineString","coordinates":[[-83.12539,35.31471],[-83.12593,35.31391],[-83.12646,35.31338],[-83.12696,35.3125],[-83.12722,35.31171],[-83.12751,35.31126],[-83.1279,35.31091],[-83.1277,35.30995],[-83.12701,35.30925],[-83.12674,35.30874],[-83.12635,35.30838],[-83.12628,35.30813],[-83.12637,35.30722],[-83.1272,35.30624],[-83.12725,35.30593],[-83.12714,35.30553],[-83.12728,35.30524],[-83.12726,35.30487],[-83.12768,35.30465],[-83.12775,35.30444]]},"properties":{"net":"NC3252","o":3}},{"type":"Feature","geometry":{"type":"LineString","coordinates":[[-83.10966,35.29974],[-83.11031,35.30022],[-83.11072,35.3007],[-83.11197,35.30082],[-83.11299,35.30103]]},"properties":{"net":"NC3252","o":4}},{"type":"Feature","geometry":{"type":"LineString","coordinates":[[-83.10962,35.29357],[-83.11096,35.29406]]},"properties":{"net":"NC3252","o":4}},{"type":"Feature","geometry":{"type":"LineString","coordinates":[[-83.1057,35.32487],[-83.10719,35.32509],[-83.10887,35.32587],[-83.10912,35.32604],[-83.10935,35.32641],[-83.11051,35.32689],[-83.11098,35.32756],[-83.11157,35.32811],[-83.11184,35.32822]]},"properties":{"net":"NC3252","o":3}},{"type":"Feature","geometry":{"type":"LineString","coordinates":[[-83.1537,35.18045],[-83.15382,35.18184],[-83.15363,35.18239],[-83.15382,35.18383],[-83.1542,35.18485],[-83.15513,35.18581],[-83.15523,35.18671]]},"properties":{"net":"NC3036","o":4}},{"type":"Feature","geometry":{"type":"LineString","coordinates":[[-83.19056,35.52248],[-83.19056,35.52324]]},"properties":{"net":"NC3046","o":2}},{"type":"Feature","geometry":{"type":"LineString","coordinates":[[-83.19058,35.52215],[-83.19056,35.52248]]},"properties":{"net":"NC3046","o":2}},{"type":"Feature","geometry":{"type":"LineString","coordinates":[[-83.18831,35.52318],[-83.18865,35.52326],[-83.18904,35.52357],[-83.18924,35.52433]]},"properties":{"net":"NC3046","o":3}},{"type":"Feature","geometry":{"type":"LineString","coordinates":[[-83.18769,35.52456],[-83.18848,35.52425],[-83.18924,35.52433]]},"properties":{"net":"NC3046","o":1}},{"type":"Feature","geometry":{"type":"LineString","coordinates":[[-83.18119,35.55269],[-83.18209,35.55157],[-83.18251,35.55077],[-83.1829,35.55041],[-83.18307,35.55005],[-83.18323,35.54913],[-83.18385,35.54845],[-83.18408,35.54762],[-83.18457,35.54721],[-83.185,35.54648],[-83.18527,35.54632],[-83.18604,35.54552],[-83.18629,35.54495],[-83.18633,35.54458],[-83.18623,35.54372],[-83.18594,35.54322],[-83.18586,35.54285],[-83.1856,35.54234],[-83.18549,35.54106],[-83.18556,35.54021],[-83.18527,35.53874],[-83.1852,35.53788],[-83.18533,35.53744],[-83.18519,35.53678],[-83.18544,35.53568],[-83.18592,35.53536],[-83.18661,35.53528]]},"properties":{"net":"NC3046","o":1}},{"type":"Feature","geometry":{"type":"LineString","coordinates":[[-83.18211,35.29455],[-83.18202,35.29504],[-83.18127,35.29608],[-83.18131,35.29662],[-83.1809,35.29695],[-83.18019,35.29783],[-83.18018,35.29854],[-83.18071,35.29911],[-83.1813,35.29947],[-83.182,35.3005],[-83.18269,35.30128]]},"properties":{"net":"NC6252","o":4}},{"type":"Feature","geometry":{"type":"LineString","coordinates":[[-83.11731,35.40112],[-83.11875,35.40172],[-83.11982,35.40239],[-83.12137,35.40317],[-83.12162,35.40407],[-83.12178,35.40435],[-83.1229,35.40514],[-83.12328,35.406],[-83.12366,35.40631]]},"properties":{"net":"out","o":4}},{"type":"Feature","geometry":{"type":"LineString","coordinates":[[-83.15985,35.20375],[-83.1599,35.20401],[-83.16019,35.20436],[-83.16105,35.20492],[-83.16239,35.20532],[-83.16322,35.20541],[-83.16383,35.20569],[-83.16462,35.20623]]},"properties":{"net":"NC3029","o":4}},{"type":"Feature","geometry":{"type":"LineString","coordinates":[[-83.15303,35.19755],[-83.15321,35.19788],[-83.15319,35.19842],[-83.15257,35.19934],[-83.1527,35.19974],[-83.1543,35.20082],[-83.15615,35.20161],[-83.15687,35.20168],[-83.15762,35.20134],[-83.15839,35.20135],[-83.15891,35.20179],[-83.15911,35.20246],[-83.15976,35.20329],[-83.15985,35.20375]]},"properties":{"net":"NC3029","o":4}},{"type":"Feature","geometry":{"type":"LineString","coordinates":[[-83.15462,35.19521],[-83.15433,35.195],[-83.15383,35.19497],[-83.15247,35.19619],[-83.15248,35.1964]]},"properties":{"net":"NC3036","o":4}},{"type":"Feature","geometry":{"type":"LineString","coordinates":[[-83.16462,35.20623],[-83.16476,35.20659],[-83.16493,35.20776],[-83.16523,35.20825],[-83.16524,35.20852],[-83.16562,35.20945],[-83.16564,35.20981],[-83.1653,35.21046]]},"properties":{"net":"NC3029","o":4}},{"type":"Feature","geometry":{"type":"LineString","coordinates":[[-83.16378,35.28181],[-83.16281,35.28261],[-83.16068,35.28379],[-83.15994,35.28446],[-83.15956,35.28465],[-83.15837,35.28495],[-83.15709,35.28488],[-83.1563,35.28516],[-83.15505,35.28528]]},"properties":{"net":"NC3252","o":1}},{"type":"Feature","geometry":{"type":"LineString","coordinates":[[-83.17836,35.57301],[-83.17927,35.57287],[-83.18005,35.57257],[-83.18045,35.57131],[-83.18033,35.57102],[-83.18091,35.57018],[-83.18143,35.56867]]},"properties":{"net":"NC3046","o":1}},{"type":"Feature","geometry":{"type":"LineString","coordinates":[[-83.17573,35.31501],[-83.1759,35.315]]},"properties":{"net":"NC3252","o":5}},{"type":"Feature","geometry":{"type":"LineString","coordinates":[[-83.1759,35.315],[-83.17642,35.31498]]},"properties":{"net":"NC6252","o":5}},{"type":"Feature","geometry":{"type":"LineString","coordinates":[[-83.17407,35.32559],[-83.17419,35.32568],[-83.1745,35.32652],[-83.17455,35.32738],[-83.1742,35.32807],[-83.17382,35.32921],[-83.17388,35.33043],[-83.17417,35.33078],[-83.17469,35.33116],[-83.17571,35.33172],[-83.17615,35.33184],[-83.17682,35.33186]]},"properties":{"net":"NC6252","o":5}},{"type":"Feature","geometry":{"type":"LineString","coordinates":[[-83.17682,35.33186],[-83.1772,35.33189],[-83.17754,35.33206]]},"properties":{"net":"NC6252","o":5}},{"type":"Feature","geometry":{"type":"LineString","coordinates":[[-83.14772,35.28437],[-83.14791,35.28475],[-83.14787,35.28518],[-83.14777,35.28548],[-83.14747,35.28582],[-83.14725,35.28646],[-83.14677,35.28695],[-83.14576,35.28761],[-83.14488,35.28851]]},"properties":{"net":"NC3252","o":1}},{"type":"Feature","geometry":{"type":"LineString","coordinates":[[-83.14729,35.29696],[-83.14742,35.297]]},"properties":{"net":"NC3252","o":5}},{"type":"Feature","geometry":{"type":"LineString","coordinates":[[-83.14488,35.28851],[-83.1448,35.28859]]},"properties":{"net":"NC3252","o":1}},{"type":"Feature","geometry":{"type":"LineString","coordinates":[[-83.14618,35.28967],[-83.14644,35.29009],[-83.14646,35.29032],[-83.14626,35.29082],[-83.1459,35.29119],[-83.14552,35.29134],[-83.14513,35.29135],[-83.14345,35.29073],[-83.14257,35.29076],[-83.14209,35.2911],[-83.14194,35.29133],[-83.14187,35.29214],[-83.14213,35.2929],[-83.14303,35.2944],[-83.14326,35.29458],[-83.14409,35.29473],[-83.1446,35.29498],[-83.1469,35.2968],[-83.14729,35.29696]]},"properties":{"net":"NC3252","o":5}},{"type":"Feature","geometry":{"type":"LineString","coordinates":[[-83.13287,35.34682],[-83.13312,35.34657],[-83.13318,35.34637],[-83.13272,35.34559],[-83.13271,35.34522],[-83.13326,35.34431],[-83.13328,35.34372],[-83.13341,35.34344],[-83.13408,35.34291]]},"properties":{"net":"NC3252","o":2}},{"type":"Feature","geometry":{"type":"LineString","coordinates":[[-83.15841,35.40536],[-83.1582,35.40422],[-83.1583,35.40392],[-83.15851,35.40366],[-83.15906,35.40343],[-83.16164,35.4028]]},"properties":{"net":"out","o":5}},{"type":"Feature","geometry":{"type":"LineString","coordinates":[[-83.17803,35.40333],[-83.17851,35.4035]]},"properties":{"net":"out","o":5}},{"type":"Feature","geometry":{"type":"LineString","coordinates":[[-83.14331,35.46154],[-83.14452,35.461],[-83.1458,35.46113],[-83.14689,35.46091],[-83.14889,35.45995],[-83.14952,35.45949]]},"properties":{"net":"NC3046","o":1}},{"type":"Feature","geometry":{"type":"LineString","coordinates":[[-83.14998,35.46331],[-83.15199,35.46198],[-83.15463,35.46084],[-83.15532,35.46021]]},"properties":{"net":"NC3046","o":1}},{"type":"Feature","geometry":{"type":"LineString","coordinates":[[-83.12349,35.26595],[-83.12359,35.26601]]},"properties":{"net":"NC3252","o":1}},{"type":"Feature","geometry":{"type":"LineString","coordinates":[[-83.18849,35.46091],[-83.18945,35.46241],[-83.19048,35.46469],[-83.19085,35.46531]]},"properties":{"net":"sm3082","o":3}},{"type":"Feature","geometry":{"type":"LineString","coordinates":[[-83.0807,35.34625],[-83.08122,35.34609],[-83.08209,35.34538],[-83.08238,35.3453],[-83.08507,35.3454],[-83.08664,35.34495],[-83.0874,35.34531]]},"properties":{"net":"sm165003","o":1}},{"type":"Feature","geometry":{"type":"LineString","coordinates":[[-83.0874,35.34531],[-83.08853,35.34559],[-83.09009,35.34575]]},"properties":{"net":"NC3252","o":1}},{"type":"Feature","geometry":{"type":"LineString","coordinates":[[-83.09964,35.40592],[-83.09995,35.40618],[-83.10008,35.40665],[-83.1,35.40723],[-83.09947,35.40842],[-83.0993,35.40908],[-83.09939,35.40977],[-83.09967,35.41033],[-83.10062,35.41095],[-83.10292,35.41184],[-83.10414,35.41261],[-83.10593,35.41318]]},"properties":{"net":"out","o":4}},{"type":"Feature","geometry":{"type":"LineString","coordinates":[[-83.07933,35.31167],[-83.08176,35.31189],[-83.08481,35.31303]]},"properties":{"net":"NC3252","o":4}},{"type":"Feature","geometry":{"type":"LineString","coordinates":[[-83.07731,35.31128],[-83.07802,35.31161],[-83.07933,35.31167]]},"properties":{"net":"NC3252","o":4}},{"type":"Feature","geometry":{"type":"LineString","coordinates":[[-83.07731,35.31128],[-83.07784,35.31196],[-83.07846,35.31233],[-83.07882,35.31227],[-83.07933,35.31167]]},"properties":{"net":"NC3252","o":4}},{"type":"Feature","geometry":{"type":"LineString","coordinates":[[-83.07714,35.31111],[-83.07731,35.31128]]},"properties":{"net":"NC3252","o":4}},{"type":"Feature","geometry":{"type":"LineString","coordinates":[[-83.06078,35.31589],[-83.06122,35.31549]]},"properties":{"net":"NC3252","o":4}},{"type":"Feature","geometry":{"type":"LineString","coordinates":[[-83.06008,35.32582],[-83.0604,35.32566],[-83.06101,35.32506],[-83.06184,35.32476]]},"properties":{"net":"sm165180","o":3}},{"type":"Feature","geometry":{"type":"LineString","coordinates":[[-83.06184,35.32476],[-83.06227,35.32462],[-83.06243,35.32446]]},"properties":{"net":"sm165179","o":3}},{"type":"Feature","geometry":{"type":"LineString","coordinates":[[-83.06243,35.32446],[-83.0628,35.32381],[-83.06275,35.32303]]},"properties":{"net":"sm165178","o":3}},{"type":"Feature","geometry":{"type":"LineString","coordinates":[[-83.06275,35.32303],[-83.06277,35.32265],[-83.06258,35.32222],[-83.06213,35.32171],[-83.06131,35.32105],[-83.06147,35.31969],[-83.06142,35.3185],[-83.06115,35.31761],[-83.06088,35.31715],[-83.06078,35.31589]]},"properties":{"net":"NC3252","o":3}},{"type":"Feature","geometry":{"type":"LineString","coordinates":[[-83.06533,35.33335],[-83.06462,35.3325],[-83.06392,35.33202],[-83.06344,35.33147],[-83.06244,35.33093],[-83.0617,35.33008],[-83.06147,35.32955],[-83.06075,35.32859],[-83.06057,35.3281],[-83.06002,35.32746],[-83.06008,35.32582]]},"properties":{"net":"sm165180","o":1}},{"type":"Feature","geometry":{"type":"LineString","coordinates":[[-83.0894,35.24524],[-83.08903,35.24553],[-83.08826,35.24569],[-83.0879,35.24602],[-83.0878,35.24634]]},"properties":{"net":"NC3026","o":2}},{"type":"Feature","geometry":{"type":"LineString","coordinates":[[-83.10472,35.25415],[-83.1047,35.25421]]},"properties":{"net":"NC3252","o":1}},{"type":"Feature","geometry":{"type":"LineString","coordinates":[[-83.06924,35.20742],[-83.06924,35.20742]]},"properties":{"net":"sm54742","o":1}},{"type":"Feature","geometry":{"type":"LineString","coordinates":[[-83.07468,35.25921],[-83.07635,35.2578],[-83.07712,35.25748],[-83.07792,35.25759],[-83.07817,35.2573],[-83.07866,35.2572],[-83.0789,35.25703]]},"properties":{"net":"NC3026","o":1}},{"type":"Feature","geometry":{"type":"LineString","coordinates":[[-83.07464,35.2593],[-83.07468,35.25921]]},"properties":{"net":"NC3026","o":2}},{"type":"Feature","geometry":{"type":"LineString","coordinates":[[-83.07478,35.26299],[-83.07436,35.26084],[-83.07437,35.25987],[-83.07464,35.2593]]},"properties":{"net":"NC3026","o":2}},{"type":"Feature","geometry":{"type":"LineString","coordinates":[[-83.05737,35.31753],[-83.05768,35.31727],[-83.05814,35.31638],[-83.05881,35.31589],[-83.05991,35.31555],[-83.06122,35.31549]]},"properties":{"net":"NC3252","o":4}},{"type":"Feature","geometry":{"type":"LineString","coordinates":[[-83.09261,35.25232],[-83.09363,35.25254],[-83.09436,35.25282],[-83.09516,35.25347],[-83.09557,35.25423],[-83.09585,35.25525],[-83.09653,35.25603],[-83.09724,35.25627],[-83.09817,35.25587],[-83.09875,35.25514],[-83.09933,35.2534]]},"properties":{"net":"NC3026","o":4}},{"type":"Feature","geometry":{"type":"LineString","coordinates":[[-83.09933,35.2534],[-83.09933,35.2534]]},"properties":{"net":"NC3252","o":4}},{"type":"Feature","geometry":{"type":"LineString","coordinates":[[-83.08,35.25685],[-83.08036,35.25678],[-83.08067,35.25644],[-83.08145,35.25601],[-83.08214,35.25592],[-83.08238,35.25575],[-83.08274,35.25567],[-83.08477,35.25439],[-83.08545,35.25414],[-83.0874,35.25438],[-83.08791,35.25455],[-83.08821,35.25487],[-83.08843,35.25563],[-83.08861,35.25576],[-83.08975,35.25538]]},"properties":{"net":"NC3026","o":3}},{"type":"Feature","geometry":{"type":"LineString","coordinates":[[-83.09031,35.30851],[-83.0904,35.30794],[-83.09006,35.30729]]},"properties":{"net":"NC3252","o":4}},{"type":"Feature","geometry":{"type":"LineString","coordinates":[[-83.08481,35.31303],[-83.08556,35.31293],[-83.08741,35.31235],[-83.08921,35.31248],[-83.08945,35.31241],[-83.08953,35.31221],[-83.08948,35.31163],[-83.08994,35.31058],[-83.0903,35.30943],[-83.09031,35.30851]]},"properties":{"net":"NC3252","o":4}},{"type":"Feature","geometry":{"type":"LineString","coordinates":[[-83.09481,35.34167],[-83.09487,35.34125],[-83.09515,35.34096],[-83.09558,35.34076],[-83.09655,35.34056],[-83.09797,35.33977],[-83.09825,35.33949],[-83.09836,35.33914],[-83.09827,35.33845],[-83.09792,35.33753],[-83.09815,35.33717],[-83.09897,35.33648],[-83.09911,35.3362],[-83.09906,35.33578],[-83.0987,35.33497],[-83.0987,35.33481],[-83.09894,35.33439],[-83.09883,35.33344],[-83.09895,35.33304],[-83.09944,35.33232],[-83.10048,35.33144],[-83.1008,35.33129],[-83.10142,35.33118],[-83.10162,35.33104],[-83.10186,35.33052],[-83.10195,35.32978],[-83.1018,35.32906],[-83.10184,35.32869],[-83.10346,35.32596],[-83.10402,35.32553],[-83.1057,35.32487]]},"properties":{"net":"NC3252","o":3}},{"type":"Feature","geometry":{"type":"LineString","coordinates":[[-83.09009,35.34575],[-83.09034,35.3456],[-83.09107,35.34558],[-83.09154,35.34546],[-83.09264,35.3446],[-83.09304,35.34413],[-83.0932,35.34359],[-83.09361,35.3429],[-83.09481,35.34167]]},"properties":{"net":"NC3252","o":2}},{"type":"Feature","geometry":{"type":"LineString","coordinates":[[-83.07624,35.27445],[-83.07651,35.27361],[-83.07659,35.27248],[-83.0769,35.27099],[-83.0768,35.27041],[-83.07634,35.269],[-83.0764,35.26839],[-83.07619,35.26808],[-83.07542,35.26752],[-83.07462,35.26589],[-83.07426,35.26545]]},"properties":{"net":"NC3026","o":1}},{"type":"Feature","geometry":{"type":"LineString","coordinates":[[-83.08313,35.28017],[-83.0826,35.28114],[-83.0824,35.28206],[-83.08243,35.28233],[-83.08299,35.28313],[-83.08312,35.28347],[-83.08304,35.28447],[-83.08309,35.285],[-83.0833,35.28537],[-83.0843,35.2864],[-83.08469,35.28699],[-83.08499,35.28781],[-83.08529,35.28917],[-83.08577,35.28983]]},"properties":{"net":"NC3252","o":1}},{"type":"Feature","geometry":{"type":"LineString","coordinates":[[-83.07594,35.28739],[-83.07667,35.28811],[-83.07686,35.28848]]},"properties":{"net":"NC3252","o":2}},{"type":"Feature","geometry":{"type":"LineString","coordinates":[[-83.08591,35.32255],[-83.08519,35.32188],[-83.08474,35.32061],[-83.08459,35.31989],[-83.08453,35.31909],[-83.08469,35.31735],[-83.08503,35.31549],[-83.08483,35.3143],[-83.08481,35.31303]]},"properties":{"net":"NC3252","o":1}},{"type":"Feature","geometry":{"type":"LineString","coordinates":[[-83.01139,35.33641],[-83.01223,35.3354],[-83.01224,35.33377],[-83.01264,35.33258],[-83.01258,35.33189],[-83.01268,35.33154],[-83.01286,35.33116],[-83.01388,35.32998],[-83.01431,35.3293],[-83.01403,35.32816]]},"properties":{"net":"NC3252","o":1}},{"type":"Feature","geometry":{"type":"LineString","coordinates":[[-83.00262,35.32679],[-83.00383,35.32667],[-83.00528,35.32583],[-83.00588,35.32569],[-83.00646,35.32587],[-83.00727,35.32639],[-83.00835,35.32634],[-83.00894,35.3265],[-83.00961,35.3269],[-83.01123,35.32697],[-83.01139,35.32713],[-83.01153,35.32763],[-83.012,35.32789],[-83.01323,35.32792],[-83.01403,35.32816]]},"properties":{"net":"NC3252","o":3}},{"type":"Feature","geometry":{"type":"LineString","coordinates":[[-83.03339,35.16106],[-83.03242,35.1618],[-83.03123,35.16187],[-83.02883,35.16294]]},"properties":{"net":"NC3027","o":2}},{"type":"Feature","geometry":{"type":"LineString","coordinates":[[-82.99317,35.15127],[-82.99438,35.15138],[-82.99547,35.15132],[-82.9972,35.15206],[-82.99749,35.15229],[-82.99842,35.15248],[-82.99901,35.15278],[-82.99954,35.1529]]},"properties":{"net":"NC3027","o":1}},{"type":"Feature","geometry":{"type":"LineString","coordinates":[[-83.02958,35.34074],[-83.03051,35.33981],[-83.03131,35.33929],[-83.03213,35.33905],[-83.0326,35.33844],[-83.03327,35.33779],[-83.03415,35.33742],[-83.03443,35.33702],[-83.03485,35.3359],[-83.03574,35.3352],[-83.03686,35.33399],[-83.03711,35.33358],[-83.03728,35.33293],[-83.03785,35.33251],[-83.038,35.33201],[-83.03843,35.3318],[-83.03932,35.33169],[-83.03955,35.33158],[-83.04007,35.33106],[-83.04022,35.33072],[-83.04076,35.33014],[-83.04093,35.32982],[-83.041,35.32924],[-83.0407,35.3283],[-83.04112,35.32746],[-83.0409,35.32656],[-83.04119,35.32583],[-83.04116,35.32498],[-83.04133,35.32475]]},"properties":{"net":"NC3252","o":3}},{"type":"Feature","geometry":{"type":"LineString","coordinates":[[-83.03167,35.37158],[-83.03187,35.36976],[-83.03287,35.36774],[-83.03447,35.36669],[-83.03504,35.36611],[-83.03523,35.3658],[-83.03529,35.36537],[-83.03513,35.36435],[-83.03525,35.36324],[-83.03514,35.36284],[-83.03489,35.36243],[-83.03418,35.36197],[-83.03379,35.3615],[-83.03325,35.36105],[-83.03322,35.36073],[-83.0335,35.3594],[-83.03323,35.35867],[-83.0332,35.35797],[-83.03268,35.3575],[-83.03219,35.35662],[-83.0315,35.35582],[-83.03134,35.35543],[-83.03133,35.35489],[-83.03124,35.35464],[-83.03042,35.35428],[-83.02977,35.35385],[-83.02839,35.35339],[-83.02783,35.35302]]},"properties":{"net":"NC3252","o":1}},{"type":"Feature","geometry":{"type":"LineString","coordinates":[[-83.02817,35.37907],[-83.02819,35.37843],[-83.02794,35.37796],[-83.02774,35.37726],[-83.02774,35.37684],[-83.02763,35.37649],[-83.02625,35.37511]]},"properties":{"net":"NC3252","o":1}},{"type":"Feature","geometry":{"type":"LineString","coordinates":[[-83.0065,35.16338],[-83.00635,35.16375],[-83.00633,35.16412],[-83.00598,35.16455],[-83.00592,35.16475],[-83.00613,35.1655],[-83.007,35.16669],[-83.00792,35.16724],[-83.01035,35.16786],[-83.01097,35.16822],[-83.0115,35.16838]]},"properties":{"net":"NC3027","o":2}},{"type":"Feature","geometry":{"type":"LineString","coordinates":[[-83.0115,35.16838],[-83.01147,35.16873],[-83.01133,35.16884],[-83.01006,35.16897],[-83.00862,35.16956],[-83.00836,35.16958],[-83.00732,35.16926],[-83.00671,35.16938],[-83.00649,35.16969],[-83.00659,35.17075],[-83.00641,35.17185],[-83.00629,35.17208],[-83.00562,35.17236],[-83.00409,35.17246],[-83.00377,35.1727],[-83.00364,35.17309]]},"properties":{"net":"NC3027","o":3}},{"type":"Feature","geometry":{"type":"LineString","coordinates":[[-83.00626,35.21084],[-83.00776,35.21042],[-83.00866,35.21055]]},"properties":{"net":"NC3028","o":4}},{"type":"Feature","geometry":{"type":"LineString","coordinates":[[-83.01298,35.27856],[-83.01399,35.27726],[-83.01427,35.27664],[-83.01413,35.27586],[-83.01348,35.27469]]},"properties":{"net":"sm108220","o":2}},{"type":"Feature","geometry":{"type":"LineString","coordinates":[[-82.99986,35.31379],[-83.00055,35.31439],[-83.00118,35.31473]]},"properties":{"net":"NC3252","o":2}},{"type":"Feature","geometry":{"type":"LineString","coordinates":[[-82.98378,35.32531],[-82.98392,35.32481],[-82.98418,35.32445],[-82.98492,35.32385]]},"properties":{"net":"NC3252","o":2}},{"type":"Feature","geometry":{"type":"LineString","coordinates":[[-82.99676,35.3633],[-82.99794,35.3635],[-82.9992,35.36424],[-82.99944,35.36421],[-82.99986,35.36369]]},"properties":{"net":"NC3252","o":1}},{"type":"Feature","geometry":{"type":"LineString","coordinates":[[-82.95244,35.23739],[-82.95255,35.23728],[-82.9526,35.23702],[-82.95257,35.23594],[-82.95302,35.23556],[-82.9536,35.23529],[-82.9543,35.23519],[-82.95571,35.23538],[-82.9563,35.23531],[-82.95719,35.23489],[-82.95781,35.23439]]},"properties":{"net":"NC3027","o":3}},{"type":"Feature","geometry":{"type":"LineString","coordinates":[[-82.96014,35.24423],[-82.95957,35.2437],[-82.95832,35.24302],[-82.95765,35.242],[-82.95563,35.23947],[-82.95501,35.23902],[-82.95442,35.23896],[-82.9534,35.23846],[-82.95267,35.23774],[-82.95244,35.23739]]},"properties":{"net":"NC3027","o":1}},{"type":"Feature","geometry":{"type":"LineString","coordinates":[[-82.93857,35.25164],[-82.94031,35.25149],[-82.94072,35.25126],[-82.94059,35.25087],[-82.93983,35.2501],[-82.93965,35.24972],[-82.93965,35.24946]]},"properties":{"net":"NC3027","o":3}},{"type":"Feature","geometry":{"type":"LineString","coordinates":[[-82.92199,35.26927],[-82.92312,35.26796],[-82.92415,35.26703],[-82.9251,35.26665],[-82.9255,35.26639],[-82.92722,35.26589],[-82.92775,35.26559],[-82.92846,35.26541],[-82.92897,35.26508],[-82.92937,35.2645],[-82.93,35.26405],[-82.93056,35.26291],[-82.93104,35.26271],[-82.93135,35.26241],[-82.93173,35.26101],[-82.93192,35.25959],[-82.93258,35.25922],[-82.93302,35.25864]]},"properties":{"net":"NC3027","o":1}},{"type":"Feature","geometry":{"type":"LineString","coordinates":[[-82.92957,35.29085],[-82.92991,35.29048],[-82.93088,35.29003],[-82.93172,35.28896],[-82.93258,35.28817],[-82.93353,35.28748]]},"properties":{"net":"sm164853","o":1}},{"type":"Feature","geometry":{"type":"LineString","coordinates":[[-82.93353,35.28748],[-82.93406,35.28712],[-82.93459,35.28696],[-82.93504,35.28649],[-82.93556,35.28637],[-82.93656,35.28513],[-82.93662,35.28495],[-82.93654,35.28443],[-82.937,35.28353],[-82.93771,35.28252],[-82.93814,35.28222],[-82.93877,35.28205],[-82.93902,35.28148],[-82.93938,35.28122],[-82.93985,35.2804],[-82.94096,35.27976]]},"properties":{"net":"NC3027","o":1}},{"type":"Feature","geometry":{"type":"LineString","coordinates":[[-82.98069,35.20983],[-82.98057,35.21028],[-82.98005,35.21111],[-82.9795,35.21159],[-82.97892,35.21227],[-82.97888,35.21292],[-82.97866,35.21359],[-82.97744,35.21537],[-82.97744,35.21559],[-82.97772,35.21584]]},"properties":{"net":"NC3027","o":1}},{"type":"Feature","geometry":{"type":"LineString","coordinates":[[-82.97987,35.22578],[-82.97993,35.22551],[-82.97962,35.22469],[-82.97962,35.22441],[-82.9801,35.22379],[-82.9802,35.22352],[-82.98014,35.2229],[-82.98003,35.22272],[-82.97871,35.22216],[-82.97786,35.22134],[-82.97763,35.22124],[-82.9755,35.22114],[-82.97387,35.22024],[-82.97291,35.22008],[-82.97243,35.21983]]},"properties":{"net":"NC3027","o":1}},{"type":"Feature","geometry":{"type":"LineString","coordinates":[[-83.46621,35.41839],[-83.46587,35.41844],[-83.46535,35.41884],[-83.4651,35.41892]]},"properties":{"net":"out","o":4}},{"type":"Feature","geometry":{"type":"LineString","coordinates":[[-83.45675,35.41881],[-83.4567,35.41942],[-83.45637,35.42013],[-83.45651,35.42045],[-83.45687,35.42064],[-83.45697,35.421]]},"properties":{"net":"out","o":4}},{"type":"Feature","geometry":{"type":"LineString","coordinates":[[-83.33733,35.49056],[-83.33743,35.48975],[-83.33733,35.48912],[-83.33665,35.4878]]},"properties":{"net":"NC3046","o":1}},{"type":"Feature","geometry":{"type":"LineString","coordinates":[[-83.33792,35.4857],[-83.33748,35.48581],[-83.33704,35.4858],[-83.33494,35.48531]]},"properties":{"net":"NC3046","o":1}},{"type":"Feature","geometry":{"type":"LineString","coordinates":[[-83.33605,35.48264],[-83.33527,35.48285],[-83.33456,35.48275],[-83.33386,35.48247],[-83.33314,35.4825]]},"properties":{"net":"NC3046","o":1}},{"type":"Feature","geometry":{"type":"LineString","coordinates":[[-83.32964,35.48817],[-83.32875,35.488],[-83.32852,35.48786]]},"properties":{"net":"NC3046","o":2}},{"type":"Feature","geometry":{"type":"LineString","coordinates":[[-83.32063,35.48951],[-83.32042,35.48933]]},"properties":{"net":"NC3046","o":2}},{"type":"Feature","geometry":{"type":"LineString","coordinates":[[-83.33506,35.49978],[-83.33492,35.50016],[-83.33444,35.50046],[-83.33422,35.5008],[-83.33404,35.50092]]},"properties":{"net":"NC3046","o":1}},{"type":"Feature","geometry":{"type":"LineString","coordinates":[[-83.33024,35.50396],[-83.33006,35.50361]]},"properties":{"net":"NC3046","o":2}},{"type":"Feature","geometry":{"type":"LineString","coordinates":[[-83.32837,35.50513],[-83.32828,35.50484],[-83.32777,35.50423],[-83.32791,35.50345],[-83.32783,35.50299],[-83.32819,35.50237],[-83.32832,35.50152],[-83.32828,35.50107],[-83.32857,35.50027],[-83.32856,35.49996]]},"properties":{"net":"NC3046","o":1}},{"type":"Feature","geometry":{"type":"LineString","coordinates":[[-83.3253,35.50174],[-83.32515,35.5004],[-83.32534,35.49969],[-83.32536,35.49881]]},"properties":{"net":"NC3046","o":1}},{"type":"Feature","geometry":{"type":"LineString","coordinates":[[-83.33863,35.55433],[-83.33921,35.55489],[-83.33935,35.55515],[-83.33945,35.55542],[-83.33943,35.55594],[-83.34025,35.5562]]},"properties":{"net":"NC3046","o":1}},{"type":"Feature","geometry":{"type":"LineString","coordinates":[[-83.33259,35.55002],[-83.33197,35.54993],[-83.33071,35.55084],[-83.32958,35.55093],[-83.32923,35.55113],[-83.32859,35.55127],[-83.32734,35.55231]]},"properties":{"net":"NC3046","o":1}},{"type":"Feature","geometry":{"type":"LineString","coordinates":[[-83.33501,35.54676],[-83.33509,35.54601],[-83.33533,35.54552],[-83.33516,35.54483],[-83.33464,35.54467],[-83.33426,35.54441],[-83.33371,35.54438],[-83.3331,35.54372],[-83.33249,35.54363],[-83.3319,35.54336],[-83.33055,35.54305],[-83.32933,35.54192],[-83.32902,35.54176],[-83.32816,35.54146],[-83.32765,35.54116],[-83.32618,35.54082],[-83.32549,35.54047]]},"properties":{"net":"NC3046","o":1}},{"type":"Feature","geometry":{"type":"LineString","coordinates":[[-83.32195,35.55892],[-83.32155,35.55854],[-83.32126,35.55808]]},"properties":{"net":"NC3046","o":5}},{"type":"Feature","geometry":{"type":"LineString","coordinates":[[-83.33608,35.56946],[-83.33609,35.56941]]},"properties":{"net":"NC3046","o":1}},{"type":"Feature","geometry":{"type":"LineString","coordinates":[[-83.55417,35.44196],[-83.55543,35.44231],[-83.55637,35.44227]]},"properties":{"net":"out","o":7}},{"type":"Feature","geometry":{"type":"LineString","coordinates":[[-83.56727,35.47168],[-83.56643,35.47146],[-83.56594,35.47102],[-83.56595,35.47012],[-83.56618,35.46918],[-83.56653,35.46832],[-83.56649,35.46791],[-83.56611,35.46731],[-83.56575,35.46708],[-83.56512,35.46706],[-83.56395,35.46735],[-83.56364,35.46731],[-83.56324,35.46696],[-83.56281,35.46626]]},"properties":{"net":"out","o":4}},{"type":"Feature","geometry":{"type":"LineString","coordinates":[[-83.34325,35.49064],[-83.34482,35.4911]]},"properties":{"net":"NC3046","o":1}},{"type":"Feature","geometry":{"type":"LineString","coordinates":[[-83.34172,35.48376],[-83.34224,35.48265],[-83.34252,35.48152],[-83.34246,35.4795],[-83.34259,35.47911],[-83.34249,35.4787]]},"properties":{"net":"NC3046","o":1}},{"type":"Feature","geometry":{"type":"LineString","coordinates":[[-83.35202,35.50034],[-83.35201,35.50011],[-83.35155,35.49907]]},"properties":{"net":"NC3046","o":1}},{"type":"Feature","geometry":{"type":"LineString","coordinates":[[-83.34626,35.50426],[-83.34644,35.50386],[-83.34639,35.50361],[-83.34663,35.50326],[-83.34679,35.50307],[-83.34735,35.50279]]},"properties":{"net":"NC3046","o":1}},{"type":"Feature","geometry":{"type":"LineString","coordinates":[[-83.34213,35.50189],[-83.34398,35.50049],[-83.34417,35.50013],[-83.34415,35.49933]]},"properties":{"net":"NC3046","o":1}},{"type":"Feature","geometry":{"type":"LineString","coordinates":[[-83.33923,35.50203],[-83.33965,35.5012],[-83.34055,35.5006],[-83.3412,35.50046],[-83.34249,35.49988],[-83.34367,35.49963],[-83.34415,35.49933]]},"properties":{"net":"NC3046","o":1}},{"type":"Feature","geometry":{"type":"LineString","coordinates":[[-83.35714,35.55591],[-83.356,35.55667],[-83.35515,35.55798],[-83.35445,35.55838],[-83.35414,35.55901]]},"properties":{"net":"NC3046","o":1}},{"type":"Feature","geometry":{"type":"LineString","coordinates":[[-83.58356,35.44659],[-83.5824,35.44464]]},"properties":{"net":"out","o":7}},{"type":"Feature","geometry":{"type":"LineString","coordinates":[[-83.5824,35.44464],[-83.5815,35.44328],[-83.58126,35.44256]]},"properties":{"net":"out","o":7}},{"type":"Feature","geometry":{"type":"LineString","coordinates":[[-83.37082,35.57648],[-83.37026,35.57752],[-83.37009,35.57846],[-83.36959,35.57911],[-83.36938,35.57924],[-83.36885,35.58025],[-83.36853,35.58053]]},"properties":{"net":"sm642639","o":2}},{"type":"Feature","geometry":{"type":"LineString","coordinates":[[-83.37057,35.58512],[-83.37004,35.58495],[-83.36835,35.58353]]},"properties":{"net":"sm642639","o":1}},{"type":"Feature","geometry":{"type":"LineString","coordinates":[[-83.36678,35.58355],[-83.36649,35.58446],[-83.36588,35.58467],[-83.36557,35.58499],[-83.36523,35.58508],[-83.36478,35.58553]]},"properties":{"net":"sm642639","o":3}},{"type":"Feature","geometry":{"type":"LineString","coordinates":[[-83.56516,35.48235],[-83.56565,35.48155],[-83.56585,35.48097],[-83.56579,35.48035],[-83.56561,35.47981],[-83.56523,35.47917],[-83.56524,35.47878]]},"properties":{"net":"out","o":4}},{"type":"Feature","geometry":{"type":"LineString","coordinates":[[-83.37458,35.62083],[-83.37422,35.61967],[-83.37379,35.61899],[-83.37306,35.61829],[-83.3722,35.61773],[-83.37198,35.61728],[-83.37156,35.61699],[-83.37096,35.61584],[-83.37074,35.61567],[-83.36986,35.61422],[-83.36982,35.61395],[-83.36929,35.61318],[-83.36928,35.61211],[-83.36919,35.61184],[-83.36986,35.61107],[-83.37001,35.61067],[-83.36984,35.61006],[-83.36938,35.60954]]},"properties":{"net":"NC3046","o":1}},{"type":"Feature","geometry":{"type":"LineString","coordinates":[[-83.36702,35.61484],[-83.3672,35.61413],[-83.36753,35.61401],[-83.3678,35.61373],[-83.36789,35.61324],[-83.36819,35.6128],[-83.36809,35.61233],[-83.36825,35.61176],[-83.36785,35.61107],[-83.36785,35.61091],[-83.368,35.61074],[-83.36878,35.6104],[-83.36938,35.60954]]},"properties":{"net":"NC3046","o":3}},{"type":"Feature","geometry":{"type":"LineString","coordinates":[[-83.36796,35.60682],[-83.36752,35.60622],[-83.3673,35.60575],[-83.36734,35.60513],[-83.36708,35.60493],[-83.36711,35.60449],[-83.36687,35.60407]]},"properties":{"net":"NC3046","o":3}},{"type":"Feature","geometry":{"type":"LineString","coordinates":[[-83.36369,35.61422],[-83.3644,35.61432],[-83.36535,35.61463],[-83.36603,35.61464],[-83.36702,35.61484]]},"properties":{"net":"NC3046","o":1}},{"type":"Feature","geometry":{"type":"LineString","coordinates":[[-83.55547,35.5144],[-83.55597,35.51388],[-83.55681,35.51395],[-83.55745,35.51366],[-83.55754,35.51338],[-83.55839,35.51252],[-83.55847,35.51208]]},"properties":{"net":"out","o":4}},{"type":"Feature","geometry":{"type":"LineString","coordinates":[[-83.53551,35.44306],[-83.53587,35.44336],[-83.53675,35.44361],[-83.53811,35.44383]]},"properties":{"net":"out","o":7}},{"type":"Feature","geometry":{"type":"LineString","coordinates":[[-83.37004,35.63737],[-83.37022,35.63702],[-83.37109,35.63626],[-83.371,35.63586],[-83.37107,35.63568],[-83.37128,35.6355],[-83.37163,35.63539],[-83.37205,35.6342],[-83.3719,35.63384],[-83.37167,35.63372],[-83.37154,35.63352],[-83.37155,35.63322]]},"properties":{"net":"NC3046","o":1}},{"type":"Feature","geometry":{"type":"LineString","coordinates":[[-83.33856,35.47413],[-83.3385,35.47397]]},"properties":{"net":"NC3046","o":2}},{"type":"Feature","geometry":{"type":"LineString","coordinates":[[-83.3394,35.46707],[-83.33779,35.46668],[-83.33687,35.46626],[-83.33653,35.4662]]},"properties":{"net":"NC3046","o":1}},{"type":"Feature","geometry":{"type":"LineString","coordinates":[[-83.33325,35.47119],[-83.33412,35.47178],[-83.33425,35.47235]]},"properties":{"net":"NC3046","o":6}},{"type":"Feature","geometry":{"type":"LineString","coordinates":[[-83.33378,35.47735],[-83.33357,35.47689],[-83.33366,35.4765],[-83.33338,35.47598],[-83.33309,35.47566],[-83.3331,35.47556]]},"properties":{"net":"NC3046","o":1}},{"type":"Feature","geometry":{"type":"LineString","coordinates":[[-83.33235,35.47951],[-83.33228,35.47931],[-83.33241,35.47898],[-83.3324,35.47865],[-83.33212,35.47795],[-83.33224,35.47755],[-83.33221,35.47731],[-83.33238,35.47707],[-83.33234,35.47677],[-83.3328,35.47598]]},"properties":{"net":"NC3046","o":3}},{"type":"Feature","geometry":{"type":"LineString","coordinates":[[-83.3323,35.46686],[-83.33129,35.4673],[-83.33094,35.46781],[-83.33088,35.4688],[-83.33117,35.46927]]},"properties":{"net":"NC3046","o":2}},{"type":"Feature","geometry":{"type":"LineString","coordinates":[[-83.32875,35.46401],[-83.32852,35.46483],[-83.3282,35.46541],[-83.32814,35.46586],[-83.32817,35.46631],[-83.32842,35.46676],[-83.32856,35.46741],[-83.32841,35.46821],[-83.328,35.46894]]},"properties":{"net":"NC3046","o":2}},{"type":"Feature","geometry":{"type":"LineString","coordinates":[[-83.328,35.46894],[-83.32814,35.46913]]},"properties":{"net":"NC3046","o":2}},{"type":"Feature","geometry":{"type":"LineString","coordinates":[[-83.32651,35.46371],[-83.32687,35.46359],[-83.32796,35.46365],[-83.32858,35.46351]]},"properties":{"net":"NC3046","o":1}},{"type":"Feature","geometry":{"type":"LineString","coordinates":[[-83.32448,35.47252],[-83.32547,35.4723],[-83.32573,35.47213],[-83.32674,35.47214]]},"properties":{"net":"NC3046","o":1}},{"type":"Feature","geometry":{"type":"LineString","coordinates":[[-83.32428,35.46876],[-83.32533,35.46873]]},"properties":{"net":"NC3046","o":6}},{"type":"Feature","geometry":{"type":"LineString","coordinates":[[-83.32003,35.4684],[-83.32116,35.46854],[-83.32222,35.46905],[-83.32319,35.46896]]},"properties":{"net":"NC3046","o":6}},{"type":"Feature","geometry":{"type":"LineString","coordinates":[[-83.32449,35.45896],[-83.32357,35.45923],[-83.32202,35.46042],[-83.31969,35.46301]]},"properties":{"net":"NC3046","o":1}},{"type":"Feature","geometry":{"type":"LineString","coordinates":[[-83.32327,35.45659],[-83.32263,35.45743],[-83.32204,35.45794],[-83.32185,35.4583],[-83.32164,35.45844],[-83.32072,35.45872],[-83.31916,35.45952],[-83.3186,35.45965],[-83.31818,35.46026],[-83.31801,35.46074],[-83.31804,35.4609],[-83.31873,35.46156],[-83.31906,35.46201],[-83.31905,35.46227]]},"properties":{"net":"NC3046","o":1}},{"type":"Feature","geometry":{"type":"LineString","coordinates":[[-83.51914,35.46694],[-83.51962,35.46632],[-83.52013,35.46596],[-83.52096,35.46576],[-83.52193,35.46588],[-83.52215,35.46582],[-83.5223,35.46552],[-83.52242,35.46459]]},"properties":{"net":"out","o":4}},{"type":"Feature","geometry":{"type":"LineString","coordinates":[[-83.47882,35.4147],[-83.47867,35.41517],[-83.47829,35.41561],[-83.47744,35.41586],[-83.47643,35.41634]]},"properties":{"net":"out","o":4}},{"type":"Feature","geometry":{"type":"LineString","coordinates":[[-83.47535,35.41789],[-83.47405,35.41897],[-83.47398,35.4192]]},"properties":{"net":"out","o":4}},{"type":"Feature","geometry":{"type":"LineString","coordinates":[[-83.48964,35.43799],[-83.48889,35.43806]]},"properties":{"net":"out","o":4}},{"type":"Feature","geometry":{"type":"LineString","coordinates":[[-83.46978,35.45323],[-83.46963,35.45283],[-83.46968,35.45269],[-83.47061,35.45196],[-83.47073,35.45078]]},"properties":{"net":"out","o":4}},{"type":"Feature","geometry":{"type":"LineString","coordinates":[[-83.46929,35.4537],[-83.46966,35.45349],[-83.46978,35.45323]]},"properties":{"net":"out","o":4}},{"type":"Feature","geometry":{"type":"LineString","coordinates":[[-83.22933,35.53675],[-83.22937,35.53724]]},"properties":{"net":"NC3046","o":2}},{"type":"Feature","geometry":{"type":"LineString","coordinates":[[-83.22712,35.53127],[-83.22737,35.53156],[-83.22892,35.53217],[-83.22969,35.53264]]},"properties":{"net":"NC3046","o":1}},{"type":"Feature","geometry":{"type":"LineString","coordinates":[[-83.22568,35.5386],[-83.22523,35.53943],[-83.22487,35.53982],[-83.22466,35.54021],[-83.22499,35.54135],[-83.2255,35.54203]]},"properties":{"net":"NC3046","o":1}},{"type":"Feature","geometry":{"type":"LineString","coordinates":[[-83.22497,35.53794],[-83.22409,35.53847],[-83.22374,35.5391],[-83.22363,35.54028],[-83.22409,35.54076],[-83.22426,35.54108],[-83.22406,35.54158]]},"properties":{"net":"NC3046","o":1}},{"type":"Feature","geometry":{"type":"LineString","coordinates":[[-83.22244,35.5261],[-83.22197,35.52665],[-83.22081,35.5272]]},"properties":{"net":"NC3046","o":1}},{"type":"Feature","geometry":{"type":"LineString","coordinates":[[-83.23312,35.55648],[-83.23361,35.55614],[-83.23403,35.55569]]},"properties":{"net":"NC3046","o":2}},{"type":"Feature","geometry":{"type":"LineString","coordinates":[[-83.23327,35.54031],[-83.23303,35.54047],[-83.23278,35.54087],[-83.23289,35.54157],[-83.23273,35.54197]]},"properties":{"net":"NC3046","o":1}},{"type":"Feature","geometry":{"type":"LineString","coordinates":[[-83.232,35.55747],[-83.23225,35.5571],[-83.23276,35.55681]]},"properties":{"net":"NC3046","o":2}},{"type":"Feature","geometry":{"type":"LineString","coordinates":[[-83.23273,35.54197],[-83.23248,35.54219],[-83.2321,35.54232],[-83.23182,35.5427],[-83.23133,35.54303],[-83.23118,35.5436],[-83.23119,35.54406],[-83.23152,35.54459]]},"properties":{"net":"NC3046","o":3}},{"type":"Feature","geometry":{"type":"LineString","coordinates":[[-83.23138,35.54493],[-83.2311,35.54517]]},"properties":{"net":"NC3046","o":3}},{"type":"Feature","geometry":{"type":"LineString","coordinates":[[-83.23043,35.54717],[-83.23043,35.54844]]},"properties":{"net":"NC3046","o":4}},{"type":"Feature","geometry":{"type":"LineString","coordinates":[[-83.17953,35.44938],[-83.18001,35.45043],[-83.18086,35.45124],[-83.18108,35.45182],[-83.18135,35.45305],[-83.18163,35.45366],[-83.18222,35.45462],[-83.18298,35.45529]]},"properties":{"net":"sm3082","o":1}},{"type":"Feature","geometry":{"type":"LineString","coordinates":[[-83.18682,35.4863],[-83.1878,35.4856],[-83.18916,35.48506]]},"properties":{"net":"NC3046","o":3}},{"type":"Feature","geometry":{"type":"LineString","coordinates":[[-83.18313,35.50356],[-83.18287,35.50241],[-83.18208,35.501],[-83.18172,35.5001],[-83.18133,35.49957],[-83.18122,35.49922],[-83.18121,35.49841],[-83.18145,35.49783],[-83.18151,35.49734],[-83.18135,35.49665],[-83.18137,35.49594],[-83.18158,35.49552],[-83.18202,35.49504]]},"properties":{"net":"NC3046","o":1}},{"type":"Feature","geometry":{"type":"LineString","coordinates":[[-83.44042,35.43218],[-83.4413,35.43137],[-83.44302,35.43021]]},"properties":{"net":"out","o":7}},{"type":"Feature","geometry":{"type":"LineString","coordinates":[[-83.43365,35.4336],[-83.43391,35.43361]]},"properties":{"net":"out","o":7}},{"type":"Feature","geometry":{"type":"LineString","coordinates":[[-83.17931,35.50724],[-83.17804,35.50531],[-83.17766,35.50401],[-83.17693,35.50288],[-83.17546,35.50161],[-83.17477,35.50083],[-83.17421,35.49905],[-83.17334,35.49713],[-83.17295,35.49569],[-83.17294,35.49521],[-83.1734,35.49421],[-83.17362,35.49214],[-83.17408,35.49034]]},"properties":{"net":"NC3046","o":1}},{"type":"Feature","geometry":{"type":"LineString","coordinates":[[-83.18685,35.51636],[-83.18685,35.51701],[-83.18651,35.51767]]},"properties":{"net":"NC3046","o":1}},{"type":"Feature","geometry":{"type":"LineString","coordinates":[[-83.18557,35.51876],[-83.18565,35.51898]]},"properties":{"net":"NC3046","o":2}},{"type":"Feature","geometry":{"type":"LineString","coordinates":[[-83.18565,35.51898],[-83.1855,35.5194],[-83.18556,35.51984],[-83.18629,35.52135]]},"properties":{"net":"NC3046","o":3}},{"type":"Feature","geometry":{"type":"LineString","coordinates":[[-83.1836,35.51781],[-83.1847,35.51809],[-83.18557,35.51876]]},"properties":{"net":"NC3046","o":1}},{"type":"Feature","geometry":{"type":"LineString","coordinates":[[-83.18808,35.51931],[-83.18764,35.51997],[-83.18735,35.52065],[-83.1873,35.52119],[-83.18708,35.52165],[-83.1871,35.5224]]},"properties":{"net":"NC3046","o":1}},{"type":"Feature","geometry":{"type":"LineString","coordinates":[[-83.18661,35.53528],[-83.18692,35.53527],[-83.18742,35.53503],[-83.18817,35.53519],[-83.18893,35.53511],[-83.18927,35.53488]]},"properties":{"net":"NC3046","o":3}},{"type":"Feature","geometry":{"type":"LineString","coordinates":[[-83.18629,35.52135],[-83.18658,35.52169],[-83.18683,35.52226]]},"properties":{"net":"NC3046","o":3}},{"type":"Feature","geometry":{"type":"LineString","coordinates":[[-83.42868,35.60643],[-83.42826,35.60647],[-83.42726,35.60608]]},"properties":{"net":"sm642640","o":2}},{"type":"Feature","geometry":{"type":"LineString","coordinates":[[-83.23671,35.64927],[-83.23712,35.64838],[-83.23722,35.64772],[-83.23763,35.64746],[-83.23806,35.64738],[-83.23861,35.64697],[-83.23874,35.64679],[-83.23878,35.64645],[-83.239,35.64613],[-83.23971,35.64578],[-83.24059,35.64569],[-83.24099,35.64534],[-83.24129,35.6449],[-83.24159,35.64501],[-83.24183,35.64553],[-83.242,35.64555],[-83.24232,35.64493],[-83.24257,35.64471],[-83.24302,35.64456],[-83.2435,35.64385],[-83.24426,35.64339],[-83.24479,35.64278]]},"properties":{"net":"NC3046","o":2}},{"type":"Feature","geometry":{"type":"LineString","coordinates":[[-83.24475,35.67907],[-83.24338,35.67799],[-83.2425,35.67703],[-83.24182,35.67674],[-83.24149,35.6765],[-83.24122,35.67594],[-83.24085,35.67571],[-83.24083,35.67533],[-83.24049,35.67478],[-83.24049,35.67435],[-83.24017,35.67363],[-83.24059,35.67316],[-83.2409,35.67228],[-83.2415,35.67171],[-83.24185,35.671],[-83.2419,35.67054],[-83.24221,35.67036],[-83.24253,35.66985],[-83.24259,35.66966],[-83.24248,35.66925],[-83.24278,35.66882],[-83.24266,35.66839]]},"properties":{"net":"NC3046","o":1}},{"type":"Feature","geometry":{"type":"LineString","coordinates":[[-83.41394,35.60171],[-83.41354,35.60148]]},"properties":{"net":"NC3046","o":2}},{"type":"Feature","geometry":{"type":"LineString","coordinates":[[-83.41669,35.61351],[-83.41793,35.61233],[-83.41807,35.61189],[-83.41787,35.61093],[-83.41776,35.60949],[-83.41739,35.6079],[-83.41744,35.60656],[-83.41725,35.60618],[-83.41722,35.60573],[-83.41673,35.60514],[-83.41668,35.6048],[-83.41649,35.60449],[-83.41547,35.60326],[-83.41497,35.60298],[-83.41466,35.60305],[-83.41405,35.60299],[-83.41197,35.60197]]},"properties":{"net":"NC3046","o":1}},{"type":"Feature","geometry":{"type":"LineString","coordinates":[[-83.40669,35.59364],[-83.40677,35.59422],[-83.40664,35.5945],[-83.40673,35.59503]]},"properties":{"net":"NC3046","o":1}},{"type":"Feature","geometry":{"type":"LineString","coordinates":[[-83.40723,35.60032],[-83.40695,35.60015],[-83.40645,35.60023],[-83.40614,35.60008]]},"properties":{"net":"NC3046","o":3}},{"type":"Feature","geometry":{"type":"LineString","coordinates":[[-83.43025,35.43345],[-83.43104,35.43338]]},"properties":{"net":"out","o":7}},{"type":"Feature","geometry":{"type":"LineString","coordinates":[[-83.42937,35.41605],[-83.42917,35.41653]]},"properties":{"net":"NC6241","o":4}},{"type":"Feature","geometry":{"type":"LineString","coordinates":[[-83.42718,35.42004],[-83.42713,35.42025],[-83.4265,35.42055]]},"properties":{"net":"NC6241","o":5}},{"type":"Feature","geometry":{"type":"LineString","coordinates":[[-83.44126,35.45115],[-83.4419,35.4506],[-83.44206,35.45023],[-83.44173,35.44966],[-83.44098,35.44887]]},"properties":{"net":"out","o":4}},{"type":"Feature","geometry":{"type":"LineString","coordinates":[[-83.22403,35.4526],[-83.2246,35.45369],[-83.22481,35.45439],[-83.22523,35.45513],[-83.22564,35.4568],[-83.22599,35.45756],[-83.22695,35.45861],[-83.22798,35.45935],[-83.22861,35.45998]]},"properties":{"net":"NC3046","o":2}},{"type":"Feature","geometry":{"type":"LineString","coordinates":[[-83.22912,35.4607],[-83.22976,35.46112],[-83.23098,35.46149],[-83.23189,35.46156],[-83.23278,35.46146],[-83.23323,35.46162]]},"properties":{"net":"NC3046","o":2}},{"type":"Feature","geometry":{"type":"LineString","coordinates":[[-83.22861,35.45998],[-83.22912,35.4607]]},"properties":{"net":"NC3046","o":2}},{"type":"Feature","geometry":{"type":"LineString","coordinates":[[-83.22519,35.4712],[-83.22634,35.47146],[-83.22659,35.47142],[-83.2271,35.47112],[-83.22704,35.4704],[-83.22717,35.47023],[-83.22754,35.47018],[-83.22839,35.4703],[-83.22908,35.46993],[-83.22979,35.46932],[-83.23086,35.46891],[-83.23107,35.46865],[-83.23114,35.46818],[-83.23128,35.46795],[-83.23224,35.46759],[-83.23271,35.46717],[-83.23316,35.46573],[-83.23351,35.46497],[-83.23386,35.46474],[-83.23433,35.46461],[-83.23478,35.46457],[-83.23516,35.46469]]},"properties":{"net":"NC3046","o":4}},{"type":"Feature","geometry":{"type":"LineString","coordinates":[[-83.22784,35.54186],[-83.22772,35.54202],[-83.22771,35.54233],[-83.22779,35.54253],[-83.22799,35.54265],[-83.22811,35.54304],[-83.22803,35.54337]]},"properties":{"net":"NC3046","o":1}},{"type":"Feature","geometry":{"type":"LineString","coordinates":[[-83.22761,35.54312],[-83.22803,35.54337]]},"properties":{"net":"NC3046","o":4}},{"type":"Feature","geometry":{"type":"LineString","coordinates":[[-83.2255,35.54203],[-83.22591,35.542]]},"properties":{"net":"NC3046","o":4}},{"type":"Feature","geometry":{"type":"LineString","coordinates":[[-83.22634,35.5536],[-83.22567,35.55253],[-83.22568,35.55184],[-83.22533,35.55151],[-83.22487,35.5513],[-83.22487,35.55116]]},"properties":{"net":"sm3086","o":1}},{"type":"Feature","geometry":{"type":"LineString","coordinates":[[-83.22406,35.54158],[-83.2245,35.54201]]},"properties":{"net":"NC3046","o":4}},{"type":"Feature","geometry":{"type":"LineString","coordinates":[[-83.2246,35.56031],[-83.22361,35.56019],[-83.22303,35.5597]]},"properties":{"net":"sm3086","o":1}},{"type":"Feature","geometry":{"type":"LineString","coordinates":[[-83.22227,35.55272],[-83.22236,35.55273]]},"properties":{"net":"sm3086","o":4}},{"type":"Feature","geometry":{"type":"LineString","coordinates":[[-83.22541,35.55852],[-83.22507,35.55825],[-83.22371,35.55626],[-83.22261,35.55549],[-83.22232,35.55491],[-83.22189,35.55449],[-83.22145,35.55371],[-83.2217,35.55355],[-83.22182,35.55331],[-83.2218,35.55303],[-83.22225,35.55295],[-83.22236,35.55273]]},"properties":{"net":"sm3086","o":1}},{"type":"Feature","geometry":{"type":"LineString","coordinates":[[-83.21964,35.54926],[-83.22044,35.54972],[-83.22121,35.55046],[-83.22148,35.5509],[-83.22229,35.55144],[-83.22354,35.55167],[-83.22439,35.55123],[-83.22475,35.55121]]},"properties":{"net":"sm3086","o":1}},{"type":"Feature","geometry":{"type":"LineString","coordinates":[[-83.44031,35.44438],[-83.44034,35.44407]]},"properties":{"net":"out","o":4}},{"type":"Feature","geometry":{"type":"LineString","coordinates":[[-83.43272,35.44035],[-83.43315,35.43985],[-83.43416,35.43943]]},"properties":{"net":"out","o":4}},{"type":"Feature","geometry":{"type":"LineString","coordinates":[[-83.42824,35.44203],[-83.42946,35.44116]]},"properties":{"net":"out","o":4}},{"type":"Feature","geometry":{"type":"LineString","coordinates":[[-83.42676,35.44524],[-83.42668,35.4449],[-83.42702,35.44434],[-83.42732,35.44354],[-83.42735,35.44324]]},"properties":{"net":"out","o":4}},{"type":"Feature","geometry":{"type":"LineString","coordinates":[[-83.21542,35.47111],[-83.21666,35.4717],[-83.21758,35.47226],[-83.21796,35.47232],[-83.21967,35.47232],[-83.22164,35.47144],[-83.22243,35.47126],[-83.22396,35.47111],[-83.22519,35.4712]]},"properties":{"net":"NC3046","o":4}},{"type":"Feature","geometry":{"type":"LineString","coordinates":[[-83.22658,35.49664],[-83.22732,35.49756],[-83.22778,35.49781],[-83.22849,35.49799],[-83.23048,35.49812],[-83.23336,35.49769],[-83.23394,35.49734],[-83.2352,35.49689]]},"properties":{"net":"NC3046","o":1}},{"type":"Feature","geometry":{"type":"LineString","coordinates":[[-83.21508,35.49101],[-83.2148,35.49006],[-83.21472,35.4891],[-83.21444,35.48848],[-83.21436,35.48722]]},"properties":{"net":"sm3073","o":2}},{"type":"Feature","geometry":{"type":"LineString","coordinates":[[-83.21436,35.48722],[-83.21395,35.48692],[-83.21371,35.48651],[-83.21375,35.48575],[-83.21342,35.48504],[-83.21363,35.48424]]},"properties":{"net":"sm3074","o":2}},{"type":"Feature","geometry":{"type":"LineString","coordinates":[[-83.2203,35.52282],[-83.22101,35.52288],[-83.22189,35.52256],[-83.2228,35.52152],[-83.2233,35.52071],[-83.22491,35.51906],[-83.22516,35.51826],[-83.22529,35.51655],[-83.22548,35.51622],[-83.2275,35.51436]]},"properties":{"net":"sm3071","o":1}},{"type":"Feature","geometry":{"type":"LineString","coordinates":[[-83.2275,35.51436],[-83.2281,35.51372],[-83.22959,35.51259],[-83.23005,35.51179],[-83.23012,35.51139],[-83.22979,35.5096]]},"properties":{"net":"sm3079","o":1}},{"type":"Feature","geometry":{"type":"LineString","coordinates":[[-83.22979,35.5096],[-83.22974,35.50938]]},"properties":{"net":"NC3046","o":1}},{"type":"Feature","geometry":{"type":"LineString","coordinates":[[-83.23274,35.53699],[-83.23261,35.53716]]},"properties":{"net":"NC3046","o":2}},{"type":"Feature","geometry":{"type":"LineString","coordinates":[[-83.23352,35.53179],[-83.23341,35.53205],[-83.23126,35.53344],[-83.2305,35.5337],[-83.23015,35.53411]]},"properties":{"net":"NC3046","o":1}},{"type":"Feature","geometry":{"type":"LineString","coordinates":[[-83.21843,35.54684],[-83.21857,35.54645],[-83.21915,35.54593]]},"properties":{"net":"NC3046","o":1}},{"type":"Feature","geometry":{"type":"LineString","coordinates":[[-83.20651,35.57167],[-83.20678,35.5714],[-83.20731,35.57113],[-83.20774,35.57049],[-83.20793,35.56995],[-83.20906,35.56912],[-83.20981,35.56824],[-83.21011,35.56803],[-83.21055,35.56792],[-83.21079,35.56762],[-83.21151,35.56746],[-83.21199,35.56699],[-83.21245,35.56671],[-83.21321,35.56468],[-83.21398,35.56394],[-83.21421,35.56337],[-83.21473,35.56294],[-83.21482,35.56261],[-83.21475,35.56195],[-83.21493,35.56166],[-83.21539,35.56129],[-83.21598,35.56122],[-83.21649,35.56104],[-83.21707,35.561],[-83.21784,35.56072],[-83.21845,35.55957],[-83.21911,35.55863],[-83.21953,35.55824],[-83.21955,35.55807]]},"properties":{"net":"sm3086","o":2}},{"type":"Feature","geometry":{"type":"LineString","coordinates":[[-83.22821,35.56634],[-83.22806,35.56615],[-83.22799,35.56567],[-83.22812,35.56476],[-83.22811,35.56456],[-83.22796,35.56442],[-83.228,35.56334]]},"properties":{"net":"NC3046","o":1}},{"type":"Feature","geometry":{"type":"LineString","coordinates":[[-83.23491,35.5904],[-83.23546,35.58942],[-83.23578,35.58905]]},"properties":{"net":"NC31823","o":4}},{"type":"Feature","geometry":{"type":"LineString","coordinates":[[-83.21995,35.6099],[-83.2216,35.60923],[-83.22273,35.60839],[-83.22351,35.60768]]},"properties":{"net":"NC31823","o":4}},{"type":"Feature","geometry":{"type":"LineString","coordinates":[[-83.4063,35.45685],[-83.40649,35.45598],[-83.40646,35.4557],[-83.40587,35.45511],[-83.40561,35.45466],[-83.4056,35.45362]]},"properties":{"net":"out","o":4}},{"type":"Feature","geometry":{"type":"LineString","coordinates":[[-83.4056,35.45362],[-83.4055,35.45284],[-83.40587,35.45245],[-83.40561,35.45218],[-83.40535,35.45133]]},"properties":{"net":"out","o":4}},{"type":"Feature","geometry":{"type":"LineString","coordinates":[[-83.40535,35.45133],[-83.40532,35.45097],[-83.40515,35.45064],[-83.40526,35.45025],[-83.40509,35.45015],[-83.40504,35.44991],[-83.4049,35.44976]]},"properties":{"net":"out","o":4}},{"type":"Feature","geometry":{"type":"LineString","coordinates":[[-83.4049,35.44976],[-83.40459,35.44923],[-83.40434,35.44838],[-83.40469,35.44743],[-83.40454,35.44736],[-83.40453,35.44724],[-83.40364,35.44628]]},"properties":{"net":"out","o":4}},{"type":"Feature","geometry":{"type":"LineString","coordinates":[[-83.18269,35.30128],[-83.18299,35.30162],[-83.18392,35.30377],[-83.18428,35.30488],[-83.18462,35.30554],[-83.18461,35.30593],[-83.18472,35.30622],[-83.18553,35.30708],[-83.18603,35.30741],[-83.18642,35.30751],[-83.18753,35.30815]]},"properties":{"net":"NC6252","o":4}},{"type":"Feature","geometry":{"type":"LineString","coordinates":[[-83.44537,35.42862],[-83.44581,35.4284]]},"properties":{"net":"out","o":7}},{"type":"Feature","geometry":{"type":"LineString","coordinates":[[-83.18134,35.40363],[-83.18117,35.40276],[-83.18137,35.40194],[-83.18213,35.40119],[-83.18292,35.39921],[-83.18363,35.39846],[-83.18377,35.39818],[-83.18413,35.39665],[-83.18415,35.39627],[-83.18401,35.39584]]},"properties":{"net":"out","o":5}},{"type":"Feature","geometry":{"type":"LineString","coordinates":[[-83.3644,35.45249],[-83.36471,35.45214],[-83.36596,35.45154],[-83.36666,35.45102]]},"properties":{"net":"NC3046","o":6}},{"type":"Feature","geometry":{"type":"LineString","coordinates":[[-83.35885,35.44575],[-83.3599,35.44605],[-83.36122,35.44611],[-83.36188,35.44623],[-83.36342,35.44555],[-83.36442,35.44547]]},"properties":{"net":"NC3046","o":1}},{"type":"Feature","geometry":{"type":"LineString","coordinates":[[-83.35369,35.39225],[-83.35329,35.39323],[-83.35285,35.39377],[-83.35254,35.39464]]},"properties":{"net":"out","o":4}},{"type":"Feature","geometry":{"type":"LineString","coordinates":[[-83.35957,35.45425],[-83.36018,35.45458],[-83.36081,35.45464],[-83.36112,35.45479],[-83.36152,35.45569],[-83.36118,35.45601]]},"properties":{"net":"NC3046","o":1}},{"type":"Feature","geometry":{"type":"LineString","coordinates":[[-83.35275,35.45205],[-83.35357,35.45233],[-83.35415,35.45269]]},"properties":{"net":"NC3046","o":2}},{"type":"Feature","geometry":{"type":"LineString","coordinates":[[-83.35118,35.45378],[-83.3512,35.4548],[-83.3509,35.45514]]},"properties":{"net":"NC3046","o":1}},{"type":"Feature","geometry":{"type":"LineString","coordinates":[[-83.3507,35.4518],[-83.35164,35.45196]]},"properties":{"net":"NC3046","o":2}},{"type":"Feature","geometry":{"type":"LineString","coordinates":[[-83.35957,35.45984],[-83.35996,35.45973],[-83.36068,35.45934],[-83.36136,35.45831]]},"properties":{"net":"sm3080","o":4}},{"type":"Feature","geometry":{"type":"LineString","coordinates":[[-83.35622,35.45702],[-83.35727,35.4578],[-83.35775,35.4584]]},"properties":{"net":"NC3046","o":3}},{"type":"Feature","geometry":{"type":"LineString","coordinates":[[-83.37829,35.46824],[-83.37859,35.46805],[-83.37873,35.46757],[-83.37955,35.46677]]},"properties":{"net":"sm3080","o":1}},{"type":"Feature","geometry":{"type":"LineString","coordinates":[[-83.37084,35.477],[-83.37057,35.47664],[-83.36939,35.47583]]},"properties":{"net":"sm3080","o":2}},{"type":"Feature","geometry":{"type":"LineString","coordinates":[[-83.37082,35.47027],[-83.37036,35.46985],[-83.3701,35.46918],[-83.36848,35.46805]]},"properties":{"net":"sm3080","o":1}},{"type":"Feature","geometry":{"type":"LineString","coordinates":[[-83.3698,35.48086],[-83.36983,35.48045],[-83.36975,35.48009],[-83.36942,35.47944],[-83.36943,35.47915],[-83.36913,35.47876],[-83.36882,35.47861],[-83.36869,35.47799],[-83.36844,35.47772],[-83.36853,35.47741],[-83.36909,35.47679]]},"properties":{"net":"sm3080","o":2}},{"type":"Feature","geometry":{"type":"LineString","coordinates":[[-83.36855,35.46525],[-83.36805,35.46514],[-83.36708,35.46536]]},"properties":{"net":"sm3080","o":3}},{"type":"Feature","geometry":{"type":"LineString","coordinates":[[-83.3671,35.47109],[-83.36696,35.4709]]},"properties":{"net":"sm3080","o":4}},{"type":"Feature","geometry":{"type":"LineString","coordinates":[[-83.39196,35.45216],[-83.3928,35.4525]]},"properties":{"net":"out","o":7}},{"type":"Feature","geometry":{"type":"LineString","coordinates":[[-83.34909,35.55397],[-83.34866,35.55434],[-83.34798,35.55435],[-83.34737,35.55474],[-83.34687,35.55482],[-83.34614,35.55524],[-83.34612,35.55581],[-83.34592,35.55659],[-83.34604,35.55709],[-83.34559,35.55795],[-83.34558,35.55897],[-83.34514,35.55961],[-83.34513,35.56006],[-83.34478,35.56079],[-83.34451,35.56104],[-83.34384,35.5613],[-83.34375,35.56147]]},"properties":{"net":"NC3046","o":1}},{"type":"Feature","geometry":{"type":"LineString","coordinates":[[-83.35766,35.57249],[-83.35756,35.57152],[-83.35729,35.57053],[-83.35733,35.57025],[-83.35752,35.57007],[-83.35767,35.56947],[-83.35732,35.56889],[-83.35724,35.56831],[-83.35707,35.56809],[-83.35607,35.56785],[-83.35561,35.56727],[-83.35506,35.5662],[-83.35489,35.56608]]},"properties":{"net":"NC3046","o":1}},{"type":"Feature","geometry":{"type":"LineString","coordinates":[[-83.36098,35.57417],[-83.36053,35.57418],[-83.35958,35.5747],[-83.35872,35.57497],[-83.3579,35.57543],[-83.35746,35.57584],[-83.35714,35.57589],[-83.3569,35.57607],[-83.35655,35.57618],[-83.35566,35.57682],[-83.35515,35.57695],[-83.35485,35.57726],[-83.3542,35.57759],[-83.35367,35.57808],[-83.35347,35.57843],[-83.35333,35.5797]]},"properties":{"net":"NC3046","o":1}},{"type":"Feature","geometry":{"type":"LineString","coordinates":[[-83.34899,35.57099],[-83.3483,35.57061],[-83.34803,35.57036]]},"properties":{"net":"NC3046","o":2}},{"type":"Feature","geometry":{"type":"LineString","coordinates":[[-83.35507,35.5944],[-83.35519,35.59407],[-83.35516,35.59368],[-83.35534,35.59324],[-83.35588,35.59285],[-83.35597,35.59264],[-83.35704,35.59215],[-83.35728,35.59186],[-83.35745,35.59144],[-83.35746,35.59115],[-83.35782,35.59082],[-83.35783,35.59059],[-83.35827,35.59036],[-83.35842,35.59013],[-83.35906,35.58966],[-83.35914,35.58912],[-83.35906,35.58888],[-83.35933,35.58807],[-83.35932,35.58787],[-83.35958,35.58756],[-83.35956,35.58686],[-83.35965,35.58653]]},"properties":{"net":"NC3046","o":2}},{"type":"Feature","geometry":{"type":"LineString","coordinates":[[-83.37282,35.47544],[-83.37277,35.47528],[-83.37206,35.47485],[-83.37166,35.47436],[-83.37095,35.47393],[-83.37013,35.47317],[-83.36982,35.47271],[-83.36978,35.47236],[-83.36956,35.4719],[-83.36895,35.47138],[-83.3678,35.47089],[-83.36696,35.4709]]},"properties":{"net":"sm3080","o":2}},{"type":"Feature","geometry":{"type":"LineString","coordinates":[[-83.36565,35.47231],[-83.36586,35.47198],[-83.36675,35.4716],[-83.36677,35.47142],[-83.36713,35.47118],[-83.3671,35.47109]]},"properties":{"net":"sm3080","o":1}},{"type":"Feature","geometry":{"type":"LineString","coordinates":[[-83.36427,35.46463],[-83.36357,35.46436]]},"properties":{"net":"sm3080","o":3}},{"type":"Feature","geometry":{"type":"LineString","coordinates":[[-83.36203,35.45679],[-83.36219,35.45698]]},"properties":{"net":"NC3046","o":2}},{"type":"Feature","geometry":{"type":"LineString","coordinates":[[-83.35399,35.47679],[-83.35437,35.47656]]},"properties":{"net":"NC3046","o":2}},{"type":"Feature","geometry":{"type":"LineString","coordinates":[[-83.3539,35.47183],[-83.3535,35.47184],[-83.35301,35.47159]]},"properties":{"net":"NC3046","o":1}},{"type":"Feature","geometry":{"type":"LineString","coordinates":[[-83.35241,35.4577],[-83.35321,35.45754],[-83.35404,35.45768],[-83.35465,35.45766],[-83.35535,35.45721],[-83.35622,35.45702]]},"properties":{"net":"NC3046","o":1}},{"type":"Feature","geometry":{"type":"LineString","coordinates":[[-83.35276,35.46869],[-83.35245,35.46896],[-83.3522,35.46901]]},"properties":{"net":"NC3046","o":1}},{"type":"Feature","geometry":{"type":"LineString","coordinates":[[-83.35301,35.47159],[-83.35297,35.47134],[-83.35239,35.47104],[-83.35246,35.47071],[-83.35207,35.47031],[-83.35223,35.46936],[-83.3522,35.46901]]},"properties":{"net":"NC3046","o":5}},{"type":"Feature","geometry":{"type":"LineString","coordinates":[[-83.35207,35.46563],[-83.35212,35.46546]]},"properties":{"net":"NC3046","o":1}},{"type":"Feature","geometry":{"type":"LineString","coordinates":[[-83.34528,35.47346],[-83.34571,35.47331],[-83.34631,35.47258]]},"properties":{"net":"NC3046","o":6}},{"type":"Feature","geometry":{"type":"LineString","coordinates":[[-83.34438,35.47327],[-83.34528,35.47346]]},"properties":{"net":"NC3046","o":6}},{"type":"Feature","geometry":{"type":"LineString","coordinates":[[-83.39893,35.6106],[-83.39856,35.61],[-83.39848,35.60944],[-83.39816,35.60885],[-83.39832,35.60825],[-83.39877,35.60749],[-83.39883,35.60676],[-83.39917,35.60558],[-83.39912,35.60499],[-83.39927,35.60442],[-83.39922,35.60405],[-83.39951,35.60364],[-83.39969,35.60273],[-83.39964,35.60243],[-83.40001,35.60178],[-83.39982,35.60132],[-83.39983,35.60109]]},"properties":{"net":"NC3046","o":2}},{"type":"Feature","geometry":{"type":"LineString","coordinates":[[-83.34149,35.46665],[-83.34174,35.4672]]},"properties":{"net":"NC3046","o":1}},{"type":"Feature","geometry":{"type":"LineString","coordinates":[[-83.34078,35.47327],[-83.34184,35.47302]]},"properties":{"net":"NC3046","o":6}},{"type":"Feature","geometry":{"type":"LineString","coordinates":[[-83.35741,35.48561],[-83.35705,35.48529],[-83.35715,35.48507],[-83.35696,35.48461],[-83.35653,35.48419],[-83.35648,35.48389],[-83.35664,35.48366],[-83.35638,35.48303]]},"properties":{"net":"NC3046","o":3}},{"type":"Feature","geometry":{"type":"LineString","coordinates":[[-83.35593,35.48106],[-83.35582,35.48041]]},"properties":{"net":"NC3046","o":4}},{"type":"Feature","geometry":{"type":"LineString","coordinates":[[-83.36455,35.48795],[-83.36402,35.48754],[-83.3635,35.4873],[-83.36327,35.48688]]},"properties":{"net":"NC3046","o":1}},{"type":"Feature","geometry":{"type":"LineString","coordinates":[[-83.3534,35.59568],[-83.35399,35.59539],[-83.35464,35.59491],[-83.35471,35.59468],[-83.35507,35.5944]]},"properties":{"net":"NC3046","o":2}},{"type":"Feature","geometry":{"type":"LineString","coordinates":[[-83.36648,35.48535],[-83.36516,35.4855],[-83.36436,35.48541],[-83.36373,35.48567],[-83.36282,35.48569]]},"properties":{"net":"NC3046","o":1}},{"type":"Feature","geometry":{"type":"LineString","coordinates":[[-83.36039,35.54531],[-83.36087,35.54645],[-83.3613,35.54677],[-83.36181,35.54768],[-83.36221,35.54867],[-83.36222,35.54909],[-83.36207,35.54962],[-83.36171,35.55023],[-83.36154,35.5509],[-83.36158,35.55113],[-83.36295,35.55234],[-83.36325,35.55286]]},"properties":{"net":"NC3046","o":1}},{"type":"Feature","geometry":{"type":"LineString","coordinates":[[-83.35718,35.49457],[-83.35731,35.49448],[-83.35732,35.4943],[-83.35698,35.49423],[-83.3567,35.49343],[-83.35681,35.49284],[-83.35666,35.49137],[-83.35579,35.49069],[-83.35566,35.49049]]},"properties":{"net":"NC3046","o":1}},{"type":"Feature","geometry":{"type":"LineString","coordinates":[[-83.35582,35.48041],[-83.35556,35.47995],[-83.35559,35.47971],[-83.35542,35.47948],[-83.35553,35.47911]]},"properties":{"net":"NC3046","o":4}},{"type":"Feature","geometry":{"type":"LineString","coordinates":[[-83.35244,35.49847],[-83.35159,35.49758],[-83.35151,35.49718]]},"properties":{"net":"NC3046","o":1}},{"type":"Feature","geometry":{"type":"LineString","coordinates":[[-83.35151,35.49718],[-83.35119,35.49668],[-83.35095,35.49656]]},"properties":{"net":"NC3046","o":2}},{"type":"Feature","geometry":{"type":"LineString","coordinates":[[-83.35009,35.49496],[-83.35038,35.49458],[-83.35091,35.49438]]},"properties":{"net":"NC3046","o":2}},{"type":"Feature","geometry":{"type":"LineString","coordinates":[[-83.34986,35.48857],[-83.35013,35.48805],[-83.35014,35.48725]]},"properties":{"net":"NC3046","o":4}},{"type":"Feature","geometry":{"type":"LineString","coordinates":[[-83.35015,35.49246],[-83.34997,35.49235],[-83.34992,35.49209],[-83.34972,35.49184],[-83.34965,35.49126],[-83.34991,35.49056],[-83.34969,35.49022],[-83.34962,35.48981]]},"properties":{"net":"NC3046","o":3}},{"type":"Feature","geometry":{"type":"LineString","coordinates":[[-83.34681,35.48768],[-83.34719,35.48764],[-83.34764,35.48733]]},"properties":{"net":"NC3046","o":1}},{"type":"Feature","geometry":{"type":"LineString","coordinates":[[-83.39459,35.59842],[-83.39481,35.59771],[-83.39466,35.59735],[-83.39397,35.59729],[-83.393,35.59689],[-83.3923,35.59678],[-83.39201,35.59635],[-83.39097,35.59586],[-83.39026,35.59582],[-83.38991,35.59559]]},"properties":{"net":"NC3046","o":1}},{"type":"Feature","geometry":{"type":"LineString","coordinates":[[-83.39062,35.61861],[-83.39019,35.61819],[-83.38925,35.61697],[-83.38885,35.61603],[-83.3889,35.61539],[-83.38857,35.61473],[-83.38807,35.6142],[-83.38803,35.61335],[-83.38775,35.61285],[-83.38777,35.61232],[-83.38761,35.61212],[-83.38678,35.61175],[-83.3863,35.61119],[-83.38625,35.61085],[-83.38577,35.61019],[-83.38569,35.6094],[-83.38526,35.60842],[-83.38554,35.60764],[-83.38553,35.60696],[-83.38571,35.60672],[-83.38576,35.60628],[-83.38557,35.60571],[-83.38559,35.60494],[-83.38532,35.60408],[-83.38528,35.60299],[-83.38507,35.60201],[-83.38548,35.60106],[-83.38546,35.60059],[-83.38628,35.59962],[-83.38645,35.5986],[-83.3862,35.59786],[-83.38635,35.59716],[-83.38624,35.59655],[-83.38638,35.59579],[-83.38593,35.59533],[-83.38568,35.59521],[-83.38543,35.59516],[-83.38494,35.59526],[-83.3845,35.59502]]},"properties":{"net":"NC3046","o":1}},{"type":"Feature","geometry":{"type":"LineString","coordinates":[[-83.38767,35.62925],[-83.38737,35.62862],[-83.38645,35.62752],[-83.38633,35.62687],[-83.3854,35.62622],[-83.38429,35.62599],[-83.38377,35.62576],[-83.38337,35.62538],[-83.38309,35.62482],[-83.383,35.62371],[-83.38279,35.62335],[-83.38274,35.62298],[-83.38245,35.62238],[-83.38243,35.62209],[-83.38211,35.62159],[-83.38211,35.62098],[-83.38196,35.62081],[-83.38198,35.62051],[-83.38141,35.61968],[-83.38084,35.61816]]},"properties":{"net":"NC3046","o":1}},{"type":"Feature","geometry":{"type":"LineString","coordinates":[[-83.34647,35.4819],[-83.34702,35.4819],[-83.34793,35.48206],[-83.34927,35.48125],[-83.34989,35.48118]]},"properties":{"net":"NC3046","o":1}},{"type":"Feature","geometry":{"type":"LineString","coordinates":[[-83.34482,35.4911],[-83.34537,35.49096],[-83.34687,35.49082],[-83.34801,35.49035],[-83.34837,35.48997],[-83.34879,35.48911]]},"properties":{"net":"NC3046","o":2}},{"type":"Feature","geometry":{"type":"LineString","coordinates":[[-83.34372,35.49332],[-83.34388,35.49322]]},"properties":{"net":"NC3046","o":2}},{"type":"Feature","geometry":{"type":"LineString","coordinates":[[-83.33501,35.58575],[-83.33466,35.58513],[-83.3347,35.5845],[-83.33459,35.58384],[-83.33473,35.58305],[-83.3346,35.58183],[-83.33466,35.58157],[-83.33518,35.58084],[-83.33542,35.57979],[-83.33596,35.5791],[-83.33631,35.57831],[-83.33658,35.57803],[-83.33665,35.57729],[-83.33675,35.57712],[-83.33706,35.57677],[-83.33834,35.57626],[-83.33907,35.57568],[-83.33942,35.57554],[-83.33953,35.57539],[-83.33943,35.57499],[-83.33949,35.5748]]},"properties":{"net":"NC3046","o":1}},{"type":"Feature","geometry":{"type":"LineString","coordinates":[[-83.3265,35.59576],[-83.32649,35.59558],[-83.3262,35.59527],[-83.3259,35.59398],[-83.32626,35.59296],[-83.32606,35.59229],[-83.32607,35.59133],[-83.32501,35.59012],[-83.32493,35.58983],[-83.32536,35.58881],[-83.32572,35.58838]]},"properties":{"net":"NC3046","o":3}},{"type":"Feature","geometry":{"type":"LineString","coordinates":[[-83.33216,35.60969],[-83.33189,35.60944],[-83.33174,35.60913],[-83.33151,35.60899]]},"properties":{"net":"NC3046","o":3}},{"type":"Feature","geometry":{"type":"LineString","coordinates":[[-83.32804,35.64121],[-83.328,35.64072],[-83.32839,35.64],[-83.32847,35.63946],[-83.32803,35.63909],[-83.32796,35.63872],[-83.32826,35.6385],[-83.32859,35.63847],[-83.32972,35.63805],[-83.33007,35.63778],[-83.33009,35.63742],[-83.32997,35.63679],[-83.3301,35.63558],[-83.3297,35.63509],[-83.32921,35.63422],[-83.3293,35.63405],[-83.3301,35.63361]]},"properties":{"net":"NC3046","o":2}},{"type":"Feature","geometry":{"type":"LineString","coordinates":[[-83.32857,35.65304],[-83.32833,35.65262],[-83.3283,35.65231],[-83.32872,35.65198],[-83.3288,35.65178],[-83.32848,35.65137],[-83.3274,35.65116],[-83.32703,35.65095],[-83.327,35.65062],[-83.32682,35.65049],[-83.32625,35.65059],[-83.32589,35.65036],[-83.3259,35.65005],[-83.3256,35.64957],[-83.32585,35.64915],[-83.32559,35.64859],[-83.32564,35.64832],[-83.32594,35.64785],[-83.32595,35.64763],[-83.32579,35.64739],[-83.32549,35.64728],[-83.32544,35.64707],[-83.32599,35.64688],[-83.32693,35.64624],[-83.32741,35.64607],[-83.32793,35.64549],[-83.32844,35.64538],[-83.32886,35.64499],[-83.32984,35.64468],[-83.33013,35.6445],[-83.33022,35.64423]]},"properties":{"net":"NC3046","o":2}},{"type":"Feature","geometry":{"type":"LineString","coordinates":[[-83.38388,35.4458],[-83.38409,35.44599]]},"properties":{"net":"out","o":6}},{"type":"Feature","geometry":{"type":"LineString","coordinates":[[-83.39031,35.46368],[-83.39032,35.46334],[-83.39013,35.4627],[-83.39006,35.46202],[-83.38951,35.46122]]},"properties":{"net":"out","o":4}},{"type":"Feature","geometry":{"type":"LineString","coordinates":[[-83.3887,35.46599],[-83.38888,35.46531],[-83.38921,35.46462]]},"properties":{"net":"out","o":4}},{"type":"Feature","geometry":{"type":"LineString","coordinates":[[-83.35346,35.38854],[-83.35358,35.3891],[-83.35357,35.38955],[-83.3534,35.39003],[-83.35335,35.39055],[-83.35378,35.39143],[-83.35369,35.39225]]},"properties":{"net":"out","o":4}},{"type":"Feature","geometry":{"type":"LineString","coordinates":[[-83.37239,35.457],[-83.37245,35.45682],[-83.37239,35.45591]]},"properties":{"net":"NC3046","o":1}},{"type":"Feature","geometry":{"type":"LineString","coordinates":[[-83.37133,35.45542],[-83.36974,35.45544]]},"properties":{"net":"NC3046","o":2}},{"type":"Feature","geometry":{"type":"LineString","coordinates":[[-83.36666,35.45102],[-83.36695,35.4505],[-83.36703,35.45005],[-83.36665,35.44836]]},"properties":{"net":"NC3046","o":6}},{"type":"Feature","geometry":{"type":"LineString","coordinates":[[-83.27261,35.29043],[-83.27217,35.29089],[-83.27178,35.29164],[-83.27151,35.2927]]},"properties":{"net":"NC6252","o":4}},{"type":"Feature","geometry":{"type":"LineString","coordinates":[[-83.27008,35.53874],[-83.27016,35.53864]]},"properties":{"net":"NC3046","o":6}},{"type":"Feature","geometry":{"type":"LineString","coordinates":[[-83.26931,35.52921],[-83.2705,35.52961],[-83.27104,35.53003]]},"properties":{"net":"sm3083","o":4}},{"type":"Feature","geometry":{"type":"LineString","coordinates":[[-83.26643,35.53379],[-83.26598,35.53342],[-83.26575,35.53307],[-83.26559,35.53253],[-83.26504,35.5317],[-83.26502,35.53131]]},"properties":{"net":"sm3083","o":1}},{"type":"Feature","geometry":{"type":"LineString","coordinates":[[-83.26476,35.52414],[-83.26384,35.52392],[-83.26316,35.52405]]},"properties":{"net":"sm3083","o":1}},{"type":"Feature","geometry":{"type":"LineString","coordinates":[[-83.26014,35.52244],[-83.26067,35.52287],[-83.26089,35.52366],[-83.26125,35.52396],[-83.26166,35.5248],[-83.26165,35.52515],[-83.2622,35.52558],[-83.26232,35.52578]]},"properties":{"net":"sm3083","o":3}},{"type":"Feature","geometry":{"type":"LineString","coordinates":[[-83.31206,35.50207],[-83.31013,35.50172]]},"properties":{"net":"NC3046","o":2}},{"type":"Feature","geometry":{"type":"LineString","coordinates":[[-83.30728,35.50155],[-83.3073,35.50099],[-83.30697,35.50048],[-83.30698,35.50021]]},"properties":{"net":"NC3046","o":1}},{"type":"Feature","geometry":{"type":"LineString","coordinates":[[-83.30661,35.51499],[-83.30648,35.51499]]},"properties":{"net":"NC3046","o":1}},{"type":"Feature","geometry":{"type":"LineString","coordinates":[[-83.3049,35.49973],[-83.30493,35.49967]]},"properties":{"net":"NC3046","o":2}},{"type":"Feature","geometry":{"type":"LineString","coordinates":[[-83.30133,35.4981],[-83.30174,35.49802],[-83.30215,35.49809]]},"properties":{"net":"NC3046","o":6}},{"type":"Feature","geometry":{"type":"LineString","coordinates":[[-83.29931,35.50007],[-83.2995,35.50009]]},"properties":{"net":"NC3046","o":2}},{"type":"Feature","geometry":{"type":"LineString","coordinates":[[-83.29866,35.49964],[-83.29931,35.50007]]},"properties":{"net":"NC3046","o":2}},{"type":"Feature","geometry":{"type":"LineString","coordinates":[[-83.30577,35.52348],[-83.30574,35.52341]]},"properties":{"net":"NC3046","o":1}},{"type":"Feature","geometry":{"type":"LineString","coordinates":[[-83.30892,35.53064],[-83.30889,35.53014],[-83.30847,35.52966],[-83.30806,35.52876],[-83.30765,35.52836],[-83.30686,35.52783],[-83.3065,35.52735],[-83.30554,35.5273],[-83.30461,35.52709],[-83.30421,35.52714],[-83.30374,35.52688]]},"properties":{"net":"NC3046","o":1}},{"type":"Feature","geometry":{"type":"LineString","coordinates":[[-83.30374,35.52688],[-83.30361,35.52682]]},"properties":{"net":"NC3046","o":1}},{"type":"Feature","geometry":{"type":"LineString","coordinates":[[-83.30452,35.53737],[-83.30423,35.53688],[-83.30331,35.53681],[-83.3026,35.53636]]},"properties":{"net":"NC3046","o":3}},{"type":"Feature","geometry":{"type":"LineString","coordinates":[[-83.31567,35.55664],[-83.31565,35.55671]]},"properties":{"net":"NC3046","o":3}},{"type":"Feature","geometry":{"type":"LineString","coordinates":[[-83.2594,35.53941],[-83.26013,35.53968]]},"properties":{"net":"NC3046","o":4}},{"type":"Feature","geometry":{"type":"LineString","coordinates":[[-83.25864,35.53038],[-83.25967,35.53081],[-83.26031,35.53064],[-83.2606,35.53034],[-83.26111,35.53012],[-83.26175,35.52961],[-83.26218,35.52895],[-83.26387,35.52825]]},"properties":{"net":"sm3083","o":1}},{"type":"Feature","geometry":{"type":"LineString","coordinates":[[-83.27222,35.5424],[-83.27243,35.5418]]},"properties":{"net":"NC3046","o":1}},{"type":"Feature","geometry":{"type":"LineString","coordinates":[[-83.27083,35.55441],[-83.27136,35.5539],[-83.27183,35.55363]]},"properties":{"net":"NC3046","o":1}},{"type":"Feature","geometry":{"type":"LineString","coordinates":[[-83.2671,35.54232],[-83.26719,35.54235]]},"properties":{"net":"NC3046","o":4}},{"type":"Feature","geometry":{"type":"LineString","coordinates":[[-83.28491,35.32337],[-83.285,35.32385],[-83.28489,35.32404],[-83.28448,35.32428],[-83.28401,35.32441],[-83.28369,35.32444],[-83.28347,35.32434]]},"properties":{"net":"NC6252","o":4}},{"type":"Feature","geometry":{"type":"LineString","coordinates":[[-83.28329,35.57321],[-83.28337,35.57172],[-83.28357,35.57126],[-83.2835,35.57004]]},"properties":{"net":"NC3046","o":1}},{"type":"Feature","geometry":{"type":"LineString","coordinates":[[-83.28631,35.56386],[-83.28617,35.56347],[-83.28584,35.56324],[-83.28481,35.56291],[-83.28419,35.56255],[-83.28364,35.56207],[-83.28285,35.56178]]},"properties":{"net":"NC3046","o":1}},{"type":"Feature","geometry":{"type":"LineString","coordinates":[[-83.28461,35.56428],[-83.28412,35.56375],[-83.28385,35.5636],[-83.28266,35.56337]]},"properties":{"net":"NC3046","o":1}},{"type":"Feature","geometry":{"type":"LineString","coordinates":[[-83.28973,35.59938],[-83.29026,35.59894],[-83.29077,35.59868],[-83.29144,35.5984],[-83.29185,35.59833],[-83.29216,35.59807],[-83.29243,35.59804],[-83.2927,35.59765],[-83.29329,35.59779]]},"properties":{"net":"NC3046","o":2}},{"type":"Feature","geometry":{"type":"LineString","coordinates":[[-83.28815,35.60016],[-83.28825,35.60018],[-83.28862,35.59987],[-83.28917,35.59989]]},"properties":{"net":"NC3046","o":2}},{"type":"Feature","geometry":{"type":"LineString","coordinates":[[-83.30976,35.55197],[-83.30938,35.552]]},"properties":{"net":"NC3046","o":2}},{"type":"Feature","geometry":{"type":"LineString","coordinates":[[-83.30499,35.54554],[-83.30494,35.54561]]},"properties":{"net":"NC3046","o":1}},{"type":"Feature","geometry":{"type":"LineString","coordinates":[[-83.2625,35.32889],[-83.26114,35.3298],[-83.2602,35.32971],[-83.25921,35.33015],[-83.25891,35.33054],[-83.25885,35.33124],[-83.25873,35.33158],[-83.25825,35.33207],[-83.25789,35.3326]]},"properties":{"net":"NC6252","o":5}},{"type":"Feature","geometry":{"type":"LineString","coordinates":[[-83.25789,35.3326],[-83.25742,35.33346],[-83.25703,35.33393],[-83.25691,35.33439],[-83.25666,35.33461]]},"properties":{"net":"NC6252","o":5}},{"type":"Feature","geometry":{"type":"LineString","coordinates":[[-83.261,35.36742],[-83.26116,35.36745]]},"properties":{"net":"out","o":6}},{"type":"Feature","geometry":{"type":"LineString","coordinates":[[-83.25689,35.36597],[-83.25772,35.36604],[-83.25831,35.36622]]},"properties":{"net":"out","o":6}},{"type":"Feature","geometry":{"type":"LineString","coordinates":[[-83.26713,35.54467],[-83.26681,35.54459]]},"properties":{"net":"NC3046","o":1}},{"type":"Feature","geometry":{"type":"LineString","coordinates":[[-83.26975,35.54808],[-83.26946,35.54729],[-83.2688,35.54722],[-83.26813,35.54644],[-83.26764,35.54545],[-83.26681,35.54459]]},"properties":{"net":"NC3046","o":6}},{"type":"Feature","geometry":{"type":"LineString","coordinates":[[-83.2666,35.54929],[-83.26659,35.54937]]},"properties":{"net":"NC3046","o":3}},{"type":"Feature","geometry":{"type":"LineString","coordinates":[[-83.26352,35.54805],[-83.26434,35.54758],[-83.2651,35.54758],[-83.2666,35.5489],[-83.2667,35.54907],[-83.2666,35.54929]]},"properties":{"net":"NC3046","o":3}},{"type":"Feature","geometry":{"type":"LineString","coordinates":[[-83.26302,35.54753],[-83.26352,35.54805]]},"properties":{"net":"NC3046","o":2}},{"type":"Feature","geometry":{"type":"LineString","coordinates":[[-83.29761,35.54506],[-83.29815,35.54484],[-83.29842,35.54463],[-83.29876,35.54418],[-83.29913,35.54329]]},"properties":{"net":"NC3046","o":2}},{"type":"Feature","geometry":{"type":"LineString","coordinates":[[-83.31278,35.57612],[-83.3128,35.57608]]},"properties":{"net":"NC3046","o":3}},{"type":"Feature","geometry":{"type":"LineString","coordinates":[[-83.31166,35.57552],[-83.31167,35.57546]]},"properties":{"net":"NC3046","o":1}},{"type":"Feature","geometry":{"type":"LineString","coordinates":[[-83.31167,35.57546],[-83.31158,35.57524]]},"properties":{"net":"NC3046","o":1}},{"type":"Feature","geometry":{"type":"LineString","coordinates":[[-83.31003,35.57254],[-83.30997,35.57132]]},"properties":{"net":"NC3046","o":4}},{"type":"Feature","geometry":{"type":"LineString","coordinates":[[-83.30956,35.56788],[-83.30918,35.56719],[-83.30905,35.56667],[-83.30907,35.56618],[-83.30921,35.56588]]},"properties":{"net":"NC3046","o":4}},{"type":"Feature","geometry":{"type":"LineString","coordinates":[[-83.25952,35.5612],[-83.26013,35.56007],[-83.26018,35.55974],[-83.26104,35.55867],[-83.26105,35.55801]]},"properties":{"net":"sm3084","o":1}},{"type":"Feature","geometry":{"type":"LineString","coordinates":[[-83.2594,35.55375],[-83.25934,35.55362]]},"properties":{"net":"NC3046","o":4}},{"type":"Feature","geometry":{"type":"LineString","coordinates":[[-83.2589,35.5539],[-83.25899,35.55394]]},"properties":{"net":"NC3046","o":1}},{"type":"Feature","geometry":{"type":"LineString","coordinates":[[-83.25776,35.56156],[-83.25751,35.5612],[-83.25745,35.56092],[-83.25787,35.55976],[-83.25774,35.55903],[-83.25798,35.55838],[-83.25793,35.55799]]},"properties":{"net":"NC3046","o":1}},{"type":"Feature","geometry":{"type":"LineString","coordinates":[[-83.27781,35.57547],[-83.27705,35.576]]},"properties":{"net":"sm3084","o":1}},{"type":"Feature","geometry":{"type":"LineString","coordinates":[[-83.27695,35.57622],[-83.27682,35.57605]]},"properties":{"net":"sm3084","o":2}},{"type":"Feature","geometry":{"type":"LineString","coordinates":[[-83.29496,35.43358],[-83.29545,35.43444],[-83.296,35.435],[-83.29596,35.43568]]},"properties":{"net":"NC3046","o":1}},{"type":"Feature","geometry":{"type":"LineString","coordinates":[[-83.2942,35.44932],[-83.29426,35.44955]]},"properties":{"net":"NC3046","o":3}},{"type":"Feature","geometry":{"type":"LineString","coordinates":[[-83.27907,35.44799],[-83.28017,35.44889],[-83.28049,35.44903],[-83.28116,35.44909],[-83.2819,35.44955],[-83.28254,35.45028]]},"properties":{"net":"NC3046","o":1}},{"type":"Feature","geometry":{"type":"LineString","coordinates":[[-83.29521,35.49525],[-83.29578,35.49561]]},"properties":{"net":"NC3046","o":2}},{"type":"Feature","geometry":{"type":"LineString","coordinates":[[-83.28946,35.49101],[-83.28968,35.4907],[-83.29043,35.49041],[-83.29081,35.49016],[-83.29107,35.48973],[-83.29209,35.48891],[-83.29313,35.48857],[-83.29373,35.48823],[-83.29476,35.4882]]},"properties":{"net":"NC3046","o":1}},{"type":"Feature","geometry":{"type":"LineString","coordinates":[[-83.28773,35.49451],[-83.28802,35.49486],[-83.28855,35.49515],[-83.28969,35.49601]]},"properties":{"net":"NC3046","o":1}},{"type":"Feature","geometry":{"type":"LineString","coordinates":[[-83.28765,35.49043],[-83.28852,35.48953],[-83.28943,35.48921],[-83.29104,35.48818],[-83.29233,35.48801]]},"properties":{"net":"NC3046","o":1}},{"type":"Feature","geometry":{"type":"LineString","coordinates":[[-83.29517,35.49837],[-83.29574,35.49864],[-83.29581,35.49883],[-83.29673,35.49926],[-83.29736,35.49926],[-83.29834,35.49947],[-83.29866,35.49964]]},"properties":{"net":"NC3046","o":1}},{"type":"Feature","geometry":{"type":"LineString","coordinates":[[-83.29493,35.50419],[-83.29528,35.5039],[-83.2957,35.50328],[-83.29628,35.50289],[-83.29658,35.5028]]},"properties":{"net":"NC3046","o":4}},{"type":"Feature","geometry":{"type":"LineString","coordinates":[[-83.29477,35.52262],[-83.29484,35.52096],[-83.29522,35.51977],[-83.29517,35.51888],[-83.29531,35.51791],[-83.29554,35.51719]]},"properties":{"net":"NC3046","o":1}},{"type":"Feature","geometry":{"type":"LineString","coordinates":[[-83.29357,35.50573],[-83.29387,35.5054]]},"properties":{"net":"NC3046","o":2}},{"type":"Feature","geometry":{"type":"LineString","coordinates":[[-83.28464,35.60521],[-83.28541,35.60481],[-83.28633,35.60377],[-83.2874,35.60354],[-83.28781,35.60313],[-83.28803,35.60277],[-83.28811,35.60226],[-83.28884,35.60116],[-83.28886,35.60088],[-83.28908,35.60058],[-83.28898,35.60006],[-83.28917,35.59989]]},"properties":{"net":"NC3046","o":1}},{"type":"Feature","geometry":{"type":"LineString","coordinates":[[-83.2814,35.60762],[-83.28142,35.60726],[-83.28174,35.60685],[-83.28179,35.60662],[-83.28141,35.60601],[-83.28188,35.60531],[-83.28206,35.60454],[-83.28338,35.60272],[-83.28337,35.60253],[-83.28351,35.60228],[-83.28396,35.60191],[-83.28418,35.60148],[-83.28479,35.6011],[-83.28506,35.60101],[-83.28538,35.60105],[-83.28586,35.60066],[-83.28628,35.60061],[-83.28651,35.60045],[-83.28752,35.60051],[-83.28815,35.60016]]},"properties":{"net":"NC3046","o":1}},{"type":"Feature","geometry":{"type":"LineString","coordinates":[[-83.28999,35.61028],[-83.29063,35.60955],[-83.29143,35.60919],[-83.29222,35.60838],[-83.29246,35.60765],[-83.29306,35.60678],[-83.29359,35.60655],[-83.29414,35.60612],[-83.29473,35.6058],[-83.29499,35.60553],[-83.29577,35.60524],[-83.29622,35.60496],[-83.2967,35.60482],[-83.29711,35.60485],[-83.29787,35.60463]]},"properties":{"net":"NC3046","o":1}},{"type":"Feature","geometry":{"type":"LineString","coordinates":[[-83.28631,35.6252],[-83.28616,35.62493],[-83.28592,35.62485],[-83.28551,35.62433],[-83.28526,35.62374],[-83.28446,35.6233],[-83.28416,35.62297],[-83.28393,35.62246],[-83.28362,35.62237]]},"properties":{"net":"NC3046","o":2}},{"type":"Feature","geometry":{"type":"LineString","coordinates":[[-83.28426,35.61448],[-83.28385,35.61446],[-83.28306,35.6142],[-83.28227,35.61371],[-83.28203,35.61371],[-83.28163,35.61417],[-83.28162,35.61457],[-83.28178,35.6149],[-83.28175,35.615],[-83.28083,35.6154],[-83.28039,35.61611],[-83.27986,35.61617],[-83.27974,35.61665],[-83.27989,35.61696],[-83.27982,35.61726],[-83.2794,35.61796],[-83.27898,35.61826],[-83.27866,35.61885],[-83.27835,35.61895],[-83.27759,35.61891],[-83.2773,35.61908]]},"properties":{"net":"NC3046","o":2}},{"type":"Feature","geometry":{"type":"LineString","coordinates":[[-83.27918,35.64206],[-83.27898,35.64169],[-83.27905,35.64121],[-83.27872,35.64059],[-83.27912,35.63989],[-83.27886,35.63954],[-83.27878,35.6387],[-83.27854,35.6382],[-83.27872,35.63754],[-83.27798,35.63698],[-83.27783,35.63659],[-83.2772,35.63593],[-83.27668,35.63493],[-83.27652,35.63426],[-83.2766,35.63387],[-83.27649,35.63371]]},"properties":{"net":"NC3046","o":3}},{"type":"Feature","geometry":{"type":"LineString","coordinates":[[-83.29304,35.58358],[-83.29568,35.58165],[-83.29659,35.58132],[-83.29731,35.5812],[-83.29805,35.58089],[-83.29898,35.58089],[-83.29963,35.58075],[-83.30036,35.58081],[-83.30083,35.5805],[-83.30212,35.58037],[-83.30238,35.58005],[-83.30369,35.57981],[-83.30474,35.57899],[-83.30587,35.57898],[-83.30621,35.57865],[-83.3067,35.57858],[-83.30775,35.57887],[-83.30802,35.57883],[-83.30833,35.57863],[-83.30925,35.57845],[-83.30945,35.57827],[-83.30938,35.57795],[-83.30986,35.57735],[-83.31013,35.57725],[-83.31104,35.5772],[-83.31126,35.57702],[-83.31133,35.57655],[-83.31155,35.57614],[-83.31147,35.57562],[-83.31166,35.57552]]},"properties":{"net":"NC3046","o":1}},{"type":"Feature","geometry":{"type":"LineString","coordinates":[[-83.26114,35.40505],[-83.26183,35.40454],[-83.26193,35.40414],[-83.26189,35.40389],[-83.26147,35.40353],[-83.26128,35.4032]]},"properties":{"net":"out","o":4}},{"type":"Feature","geometry":{"type":"LineString","coordinates":[[-83.25797,35.40599],[-83.25834,35.40535],[-83.25889,35.40513],[-83.25985,35.40494],[-83.26044,35.40527],[-83.26114,35.40505]]},"properties":{"net":"out","o":4}},{"type":"Feature","geometry":{"type":"LineString","coordinates":[[-83.27194,35.44233],[-83.2742,35.44294],[-83.27433,35.44303],[-83.27442,35.44329],[-83.27598,35.44461]]},"properties":{"net":"NC3046","o":2}},{"type":"Feature","geometry":{"type":"LineString","coordinates":[[-83.27246,35.46826],[-83.27254,35.46844]]},"properties":{"net":"NC3046","o":4}},{"type":"Feature","geometry":{"type":"LineString","coordinates":[[-83.27267,35.47298],[-83.27264,35.47198],[-83.27199,35.47139],[-83.27193,35.47105],[-83.27206,35.47069],[-83.27178,35.47011],[-83.27187,35.46998],[-83.27346,35.46909]]},"properties":{"net":"NC3046","o":1}},{"type":"Feature","geometry":{"type":"LineString","coordinates":[[-83.26396,35.46795],[-83.2643,35.468],[-83.26532,35.46789]]},"properties":{"net":"NC3046","o":2}},{"type":"Feature","geometry":{"type":"LineString","coordinates":[[-83.27542,35.50294],[-83.27565,35.50205]]},"properties":{"net":"NC3046","o":1}},{"type":"Feature","geometry":{"type":"LineString","coordinates":[[-83.27608,35.50664],[-83.27581,35.50678],[-83.27486,35.50836],[-83.27432,35.50878],[-83.27436,35.50906],[-83.27394,35.50968]]},"properties":{"net":"NC3046","o":1}},{"type":"Feature","geometry":{"type":"LineString","coordinates":[[-83.27242,35.51354],[-83.27384,35.51341]]},"properties":{"net":"NC3046","o":2}},{"type":"Feature","geometry":{"type":"LineString","coordinates":[[-83.26947,35.51337],[-83.26992,35.51322],[-83.27054,35.5133],[-83.27132,35.51317]]},"properties":{"net":"NC3046","o":1}},{"type":"Feature","geometry":{"type":"LineString","coordinates":[[-83.27784,35.56731],[-83.27754,35.56704],[-83.27686,35.56687],[-83.27674,35.5664]]},"properties":{"net":"sm3084","o":1}},{"type":"Feature","geometry":{"type":"LineString","coordinates":[[-83.27682,35.57605],[-83.27655,35.57581],[-83.27608,35.57559],[-83.27549,35.57477]]},"properties":{"net":"sm3084","o":3}},{"type":"Feature","geometry":{"type":"LineString","coordinates":[[-83.27562,35.56849],[-83.27541,35.56771],[-83.27558,35.56675],[-83.2753,35.56635]]},"properties":{"net":"sm3084","o":2}},{"type":"Feature","geometry":{"type":"LineString","coordinates":[[-83.27074,35.56677],[-83.27074,35.56638],[-83.27093,35.56606],[-83.27071,35.56563],[-83.27072,35.56545]]},"properties":{"net":"sm3084","o":3}},{"type":"Feature","geometry":{"type":"LineString","coordinates":[[-83.26079,35.57731],[-83.26083,35.5771]]},"properties":{"net":"NC3046","o":2}},{"type":"Feature","geometry":{"type":"LineString","coordinates":[[-83.26014,35.57065],[-83.25967,35.5708],[-83.25864,35.57166]]},"properties":{"net":"NC3046","o":2}},{"type":"Feature","geometry":{"type":"LineString","coordinates":[[-83.25646,35.57937],[-83.25665,35.57878],[-83.25689,35.57863],[-83.25803,35.57865]]},"properties":{"net":"NC3046","o":1}},{"type":"Feature","geometry":{"type":"LineString","coordinates":[[-83.0352,35.16076],[-83.03449,35.16074],[-83.03339,35.16106]]},"properties":{"net":"NC3027","o":2}},{"type":"Feature","geometry":{"type":"LineString","coordinates":[[-83.31108,35.5883],[-83.31112,35.58786],[-83.31081,35.58775]]},"properties":{"net":"NC3046","o":3}},{"type":"Feature","geometry":{"type":"LineString","coordinates":[[-83.30813,35.59284],[-83.30841,35.59275],[-83.30841,35.59225],[-83.30817,35.59147],[-83.30835,35.59103]]},"properties":{"net":"NC3046","o":3}},{"type":"Feature","geometry":{"type":"LineString","coordinates":[[-83.31519,35.60409],[-83.31494,35.60348],[-83.31494,35.60319],[-83.31473,35.60255],[-83.31414,35.60205],[-83.31406,35.60141],[-83.31414,35.60082],[-83.31401,35.60072],[-83.31365,35.59997],[-83.31313,35.59946],[-83.31294,35.59843],[-83.31274,35.59798],[-83.31249,35.59771],[-83.31175,35.59745],[-83.31024,35.59619],[-83.30969,35.59594],[-83.30937,35.59544],[-83.30868,35.59471],[-83.30789,35.59406],[-83.30778,35.59363],[-83.30813,35.59284]]},"properties":{"net":"NC3046","o":1}},{"type":"Feature","geometry":{"type":"LineString","coordinates":[[-83.30542,35.59535],[-83.30632,35.59502],[-83.30644,35.59476],[-83.30671,35.5945],[-83.30711,35.59364],[-83.30749,35.5931],[-83.30772,35.59292],[-83.30813,35.59284]]},"properties":{"net":"NC3046","o":3}},{"type":"Feature","geometry":{"type":"LineString","coordinates":[[-83.26075,35.58469],[-83.26419,35.58433],[-83.26459,35.58434],[-83.26491,35.58446]]},"properties":{"net":"NC3046","o":1}},{"type":"Feature","geometry":{"type":"LineString","coordinates":[[-83.25944,35.58405],[-83.25939,35.58331],[-83.26,35.58283],[-83.2603,35.58272]]},"properties":{"net":"NC3046","o":1}},{"type":"Feature","geometry":{"type":"LineString","coordinates":[[-83.29141,35.51764],[-83.29223,35.51723],[-83.29322,35.51702]]},"properties":{"net":"NC3046","o":6}},{"type":"Feature","geometry":{"type":"LineString","coordinates":[[-83.29127,35.51776],[-83.29133,35.51776]]},"properties":{"net":"NC3046","o":1}},{"type":"Feature","geometry":{"type":"LineString","coordinates":[[-83.28506,35.50122],[-83.28547,35.5012]]},"properties":{"net":"NC3046","o":2}},{"type":"Feature","geometry":{"type":"LineString","coordinates":[[-83.28429,35.51752],[-83.28383,35.51761],[-83.28332,35.51786]]},"properties":{"net":"NC3046","o":1}},{"type":"Feature","geometry":{"type":"LineString","coordinates":[[-83.29072,35.53133],[-83.2906,35.53128]]},"properties":{"net":"NC3046","o":1}},{"type":"Feature","geometry":{"type":"LineString","coordinates":[[-83.28259,35.53063],[-83.28256,35.53],[-83.28228,35.52921]]},"properties":{"net":"NC3046","o":6}},{"type":"Feature","geometry":{"type":"LineString","coordinates":[[-83.28079,35.5335],[-83.28115,35.53272],[-83.28148,35.53237],[-83.28186,35.53224]]},"properties":{"net":"NC3046","o":1}},{"type":"Feature","geometry":{"type":"LineString","coordinates":[[-83.27838,35.52433],[-83.27885,35.5241]]},"properties":{"net":"NC3046","o":6}},{"type":"Feature","geometry":{"type":"LineString","coordinates":[[-83.2831,35.65343],[-83.28208,35.65224],[-83.28211,35.65182],[-83.28193,35.65103],[-83.28205,35.65003],[-83.28172,35.64918]]},"properties":{"net":"NC3046","o":1}},{"type":"Feature","geometry":{"type":"LineString","coordinates":[[-83.28037,35.67599],[-83.27751,35.67426],[-83.27624,35.67399],[-83.27437,35.6739],[-83.27362,35.67314],[-83.27328,35.67307],[-83.27306,35.67291],[-83.27247,35.67285],[-83.2723,35.67274],[-83.27181,35.67167],[-83.27084,35.6712],[-83.27011,35.67107],[-83.26983,35.67083],[-83.26899,35.67076],[-83.26846,35.67041],[-83.26798,35.67027],[-83.26745,35.66987],[-83.26736,35.66948]]},"properties":{"net":"NC3046","o":1}},{"type":"Feature","geometry":{"type":"LineString","coordinates":[[-83.26719,35.51724],[-83.26782,35.51696],[-83.26806,35.51652]]},"properties":{"net":"NC3046","o":1}},{"type":"Feature","geometry":{"type":"LineString","coordinates":[[-83.26648,35.51438],[-83.26728,35.51519]]},"properties":{"net":"NC3046","o":2}},{"type":"Feature","geometry":{"type":"LineString","coordinates":[[-83.01736,35.14768],[-83.01796,35.14791],[-83.0186,35.14794],[-83.01913,35.14807],[-83.01972,35.14803],[-83.0223,35.14818],[-83.02314,35.14837],[-83.0236,35.14863],[-83.02421,35.14931],[-83.02499,35.15118],[-83.02532,35.15162],[-83.026,35.15219],[-83.02724,35.15271],[-83.02775,35.15303],[-83.02924,35.15499],[-83.03016,35.15589],[-83.03092,35.15728],[-83.03182,35.15812],[-83.03198,35.15861],[-83.03293,35.15954],[-83.03337,35.16048],[-83.03339,35.16106]]},"properties":{"net":"NC3027","o":1}},{"type":"Feature","geometry":{"type":"LineString","coordinates":[[-83.03342,35.23059],[-83.0355,35.23195],[-83.03744,35.23347],[-83.03846,35.23357],[-83.03876,35.23344]]},"properties":{"net":"NC3028","o":4}},{"type":"Feature","geometry":{"type":"LineString","coordinates":[[-83.26425,35.51379],[-83.26483,35.5138],[-83.26559,35.51398],[-83.26616,35.51434],[-83.26648,35.51438]]},"properties":{"net":"NC3046","o":1}},{"type":"Feature","geometry":{"type":"LineString","coordinates":[[-83.25995,35.51736],[-83.2597,35.51763],[-83.25836,35.51758],[-83.25787,35.51821],[-83.25751,35.51839]]},"properties":{"net":"sm3083","o":1}},{"type":"Feature","geometry":{"type":"LineString","coordinates":[[-83.25526,35.51881],[-83.25651,35.51852],[-83.25704,35.51868],[-83.25726,35.5186],[-83.25761,35.51868]]},"properties":{"net":"sm3083","o":1}},{"type":"Feature","geometry":{"type":"LineString","coordinates":[[-83.2767,35.52589],[-83.2768,35.52593]]},"properties":{"net":"NC3046","o":1}},{"type":"Feature","geometry":{"type":"LineString","coordinates":[[-83.27658,35.52615],[-83.27665,35.52617]]},"properties":{"net":"NC3046","o":2}},{"type":"Feature","geometry":{"type":"LineString","coordinates":[[-83.27653,35.53429],[-83.27685,35.53392]]},"properties":{"net":"NC3046","o":6}},{"type":"Feature","geometry":{"type":"LineString","coordinates":[[-83.27557,35.52533],[-83.27602,35.52548],[-83.2767,35.52589]]},"properties":{"net":"NC3046","o":1}},{"type":"Feature","geometry":{"type":"LineString","coordinates":[[-83.27396,35.53637],[-83.27447,35.53621]]},"properties":{"net":"NC3046","o":6}},{"type":"Feature","geometry":{"type":"LineString","coordinates":[[-83.27395,35.53648],[-83.27396,35.53637]]},"properties":{"net":"NC3046","o":1}},{"type":"Feature","geometry":{"type":"LineString","coordinates":[[-83.27148,35.53556],[-83.27161,35.53621],[-83.27218,35.5369]]},"properties":{"net":"NC3046","o":1}},{"type":"Feature","geometry":{"type":"LineString","coordinates":[[-83.27016,35.53864],[-83.27044,35.53824],[-83.27121,35.5375]]},"properties":{"net":"NC3046","o":6}},{"type":"Feature","geometry":{"type":"LineString","coordinates":[[-83.2596,35.60641],[-83.25988,35.60607],[-83.26048,35.60583],[-83.26096,35.60587],[-83.26208,35.60635],[-83.26304,35.60618],[-83.26362,35.60571],[-83.26403,35.60442],[-83.26422,35.60419],[-83.26454,35.60396],[-83.2653,35.60384],[-83.26554,35.6037],[-83.26554,35.60339],[-83.26532,35.60307]]},"properties":{"net":"NC3046","o":4}},{"type":"Feature","geometry":{"type":"LineString","coordinates":[[-83.2594,35.60645],[-83.2596,35.60641]]},"properties":{"net":"NC3046","o":2}},{"type":"Feature","geometry":{"type":"LineString","coordinates":[[-83.26112,35.6113],[-83.26069,35.61092],[-83.26044,35.61025],[-83.25942,35.60985],[-83.25908,35.60958]]},"properties":{"net":"NC3046","o":3}},{"type":"Feature","geometry":{"type":"LineString","coordinates":[[-83.25908,35.60958],[-83.25907,35.60949]]},"properties":{"net":"NC3046","o":3}},{"type":"Feature","geometry":{"type":"LineString","coordinates":[[-83.27349,35.6324],[-83.27229,35.63214],[-83.27154,35.63247],[-83.27062,35.6326],[-83.26988,35.63284]]},"properties":{"net":"NC3046","o":3}},{"type":"Feature","geometry":{"type":"LineString","coordinates":[[-83.26329,35.64713],[-83.26279,35.64569],[-83.26235,35.64494]]},"properties":{"net":"NC3046","o":3}},{"type":"Feature","geometry":{"type":"LineString","coordinates":[[-83.26233,35.64482],[-83.26253,35.64453],[-83.264,35.64372],[-83.26489,35.6438],[-83.26602,35.64413],[-83.26655,35.64412],[-83.26678,35.64405],[-83.26755,35.64341],[-83.26892,35.64283]]},"properties":{"net":"NC3046","o":4}},{"type":"Feature","geometry":{"type":"LineString","coordinates":[[-83.25848,35.62656],[-83.25828,35.62628],[-83.25824,35.62592],[-83.25886,35.62503],[-83.25896,35.62462],[-83.25887,35.62444],[-83.25862,35.62442],[-83.25751,35.62478],[-83.25561,35.62473]]},"properties":{"net":"NC3046","o":4}},{"type":"Feature","geometry":{"type":"LineString","coordinates":[[-83.25934,35.68017],[-83.25927,35.67961],[-83.26035,35.67909],[-83.26037,35.67864],[-83.26057,35.6783]]},"properties":{"net":"NC3046","o":2}},{"type":"Feature","geometry":{"type":"LineString","coordinates":[[-83.02783,35.35302],[-83.02782,35.35222],[-83.02813,35.35161],[-83.0278,35.35112],[-83.02774,35.35049],[-83.02792,35.35011],[-83.02851,35.34949],[-83.02869,35.34911],[-83.02829,35.34831],[-83.02817,35.3477],[-83.0282,35.34727],[-83.0284,35.3469],[-83.0293,35.34601],[-83.02978,35.34521],[-83.02997,35.34451],[-83.02982,35.34276],[-83.02953,35.34176],[-83.02958,35.34074]]},"properties":{"net":"NC3252","o":2}},{"type":"Feature","geometry":{"type":"LineString","coordinates":[[-83.02492,35.34433],[-83.0257,35.34416],[-83.02623,35.34379],[-83.02655,35.3433],[-83.02704,35.34198],[-83.02761,35.34135],[-83.02839,35.34089],[-83.02958,35.34074]]},"properties":{"net":"NC3252","o":2}},{"type":"Feature","geometry":{"type":"LineString","coordinates":[[-83.02039,35.36325],[-83.02079,35.36291],[-83.02096,35.36263],[-83.02108,35.36174],[-83.02174,35.36059],[-83.02161,35.35998],[-83.02185,35.35951],[-83.0219,35.35881],[-83.02252,35.35787],[-83.02292,35.3574],[-83.02388,35.35658],[-83.02435,35.35565],[-83.02455,35.35544],[-83.02622,35.35463],[-83.02696,35.35395],[-83.02716,35.35347],[-83.02764,35.35334],[-83.02783,35.35302]]},"properties":{"net":"NC3252","o":2}},{"type":"Feature","geometry":{"type":"LineString","coordinates":[[-83.30233,35.595],[-83.30256,35.59538],[-83.3029,35.59567],[-83.30293,35.59602]]},"properties":{"net":"NC3046","o":1}},{"type":"Feature","geometry":{"type":"LineString","coordinates":[[-83.30051,35.60124],[-83.30079,35.60069],[-83.30082,35.60033],[-83.30083,35.60004],[-83.30066,35.59966],[-83.30061,35.59926],[-83.30103,35.59876],[-83.30117,35.59782],[-83.30151,35.59728]]},"properties":{"net":"NC3046","o":2}},{"type":"Feature","geometry":{"type":"LineString","coordinates":[[-83.30401,35.61966],[-83.30447,35.61965],[-83.30522,35.61984],[-83.30637,35.6198],[-83.30741,35.61989],[-83.3083,35.61964],[-83.30883,35.6193],[-83.30898,35.61895],[-83.30929,35.61876],[-83.30941,35.61856],[-83.30986,35.61847],[-83.31075,35.61773],[-83.31123,35.61763],[-83.31169,35.61729],[-83.31207,35.61722],[-83.31284,35.61679],[-83.31321,35.61651],[-83.31341,35.6162]]},"properties":{"net":"NC3046","o":1}},{"type":"Feature","geometry":{"type":"LineString","coordinates":[[-83.29725,35.5556],[-83.29693,35.55584],[-83.2963,35.55592]]},"properties":{"net":"NC3046","o":1}},{"type":"Feature","geometry":{"type":"LineString","coordinates":[[-83.29341,35.55686],[-83.29419,35.55575],[-83.29423,35.55532],[-83.29403,35.55485],[-83.29414,35.5546]]},"properties":{"net":"NC3046","o":3}},{"type":"Feature","geometry":{"type":"LineString","coordinates":[[-83.28787,35.54374],[-83.28839,35.54324]]},"properties":{"net":"NC3046","o":3}},{"type":"Feature","geometry":{"type":"LineString","coordinates":[[-83.28626,35.54668],[-83.28647,35.54619],[-83.28707,35.5458],[-83.28749,35.54532]]},"properties":{"net":"NC3046","o":3}},{"type":"Feature","geometry":{"type":"LineString","coordinates":[[-83.28559,35.54798],[-83.28568,35.54777]]},"properties":{"net":"NC3046","o":3}},{"type":"Feature","geometry":{"type":"LineString","coordinates":[[-83.28446,35.54732],[-83.28493,35.54779],[-83.28528,35.54795],[-83.28559,35.54798]]},"properties":{"net":"NC3046","o":2}},{"type":"Feature","geometry":{"type":"LineString","coordinates":[[-83.28185,35.55251],[-83.28203,35.55262],[-83.28239,35.5526],[-83.28356,35.55225],[-83.2841,35.55241]]},"properties":{"net":"NC3046","o":2}},{"type":"Feature","geometry":{"type":"LineString","coordinates":[[-83.28081,35.55833],[-83.28149,35.55711],[-83.28244,35.55607],[-83.28265,35.55551]]},"properties":{"net":"NC3046","o":1}},{"type":"Feature","geometry":{"type":"LineString","coordinates":[[-83.27838,35.55673],[-83.27778,35.55651],[-83.27727,35.55662],[-83.27573,35.55648],[-83.2755,35.55644],[-83.27526,35.55621]]},"properties":{"net":"NC3046","o":1}},{"type":"Feature","geometry":{"type":"LineString","coordinates":[[-83.28479,35.57214],[-83.28461,35.572],[-83.28439,35.57148],[-83.28376,35.57064],[-83.2835,35.57004]]},"properties":{"net":"NC3046","o":1}},{"type":"Feature","geometry":{"type":"LineString","coordinates":[[-83.21845,35.37378],[-83.21935,35.37409],[-83.22164,35.37406],[-83.223,35.37482],[-83.22457,35.37484],[-83.22754,35.3746]]},"properties":{"net":"out","o":5}},{"type":"Feature","geometry":{"type":"LineString","coordinates":[[-83.3103,35.49787],[-83.31075,35.49717]]},"properties":{"net":"NC3046","o":1}},{"type":"Feature","geometry":{"type":"LineString","coordinates":[[-83.20475,35.44811],[-83.20494,35.44927]]},"properties":{"net":"sm3081","o":2}},{"type":"Feature","geometry":{"type":"LineString","coordinates":[[-83.19538,35.46788],[-83.19574,35.46803]]},"properties":{"net":"sm3082","o":3}},{"type":"Feature","geometry":{"type":"LineString","coordinates":[[-83.19005,35.47021],[-83.19081,35.46937],[-83.19192,35.46853],[-83.19223,35.46848],[-83.19313,35.46856],[-83.19538,35.46788]]},"properties":{"net":"sm3082","o":1}},{"type":"Feature","geometry":{"type":"LineString","coordinates":[[-83.23466,35.56172],[-83.23466,35.56109],[-83.2348,35.5606],[-83.23469,35.56006],[-83.23478,35.55925],[-83.23594,35.55737],[-83.23638,35.55708],[-83.23707,35.55702],[-83.23764,35.55657],[-83.23819,35.55638],[-83.23903,35.55667]]},"properties":{"net":"NC3046","o":1}},{"type":"Feature","geometry":{"type":"LineString","coordinates":[[-83.2554,35.57049],[-83.25543,35.57045]]},"properties":{"net":"NC3046","o":2}},{"type":"Feature","geometry":{"type":"LineString","coordinates":[[-83.25535,35.57131],[-83.25529,35.57073],[-83.2554,35.57049]]},"properties":{"net":"NC3046","o":2}},{"type":"Feature","geometry":{"type":"LineString","coordinates":[[-83.25543,35.57045],[-83.25524,35.57027],[-83.2552,35.56992],[-83.25497,35.56949],[-83.25441,35.56891]]},"properties":{"net":"NC3046","o":4}},{"type":"Feature","geometry":{"type":"LineString","coordinates":[[-83.25244,35.56655],[-83.2524,35.56663]]},"properties":{"net":"NC3046","o":1}},{"type":"Feature","geometry":{"type":"LineString","coordinates":[[-83.24908,35.56125],[-83.249,35.56125]]},"properties":{"net":"NC3046","o":1}},{"type":"Feature","geometry":{"type":"LineString","coordinates":[[-83.24767,35.58937],[-83.24857,35.58801],[-83.24885,35.58773],[-83.2489,35.58689],[-83.24874,35.58579],[-83.24891,35.58543],[-83.24951,35.58487],[-83.24973,35.5844],[-83.24989,35.58241],[-83.24966,35.58164],[-83.24889,35.5808],[-83.24835,35.57974],[-83.24772,35.57921],[-83.24675,35.57882],[-83.24647,35.57852],[-83.24623,35.57792],[-83.24598,35.57758],[-83.24592,35.5773],[-83.24565,35.57705],[-83.24564,35.57638]]},"properties":{"net":"NC3046","o":1}},{"type":"Feature","geometry":{"type":"LineString","coordinates":[[-83.24467,35.57525],[-83.2446,35.57524]]},"properties":{"net":"NC3046","o":2}},{"type":"Feature","geometry":{"type":"LineString","coordinates":[[-83.3077,35.49454],[-83.30856,35.49494],[-83.30894,35.49482],[-83.30959,35.49486]]},"properties":{"net":"NC3046","o":1}},{"type":"Feature","geometry":{"type":"LineString","coordinates":[[-83.30116,35.49719],[-83.30116,35.49755],[-83.30088,35.49766]]},"properties":{"net":"NC3046","o":2}},{"type":"Feature","geometry":{"type":"LineString","coordinates":[[-83.30085,35.4978],[-83.30129,35.49803]]},"properties":{"net":"NC3046","o":3}},{"type":"Feature","geometry":{"type":"LineString","coordinates":[[-83.3008,35.4912],[-83.3015,35.49031],[-83.30236,35.48985]]},"properties":{"net":"NC3046","o":1}},{"type":"Feature","geometry":{"type":"LineString","coordinates":[[-83.30064,35.48786],[-83.30046,35.48757],[-83.30038,35.48692]]},"properties":{"net":"NC3046","o":1}},{"type":"Feature","geometry":{"type":"LineString","coordinates":[[-83.29941,35.49029],[-83.30002,35.49001],[-83.30048,35.48967],[-83.30168,35.48958],[-83.30236,35.48985]]},"properties":{"net":"NC3046","o":2}},{"type":"Feature","geometry":{"type":"LineString","coordinates":[[-83.29908,35.49649],[-83.29947,35.49666],[-83.29979,35.49697],[-83.30015,35.49713],[-83.30085,35.4978]]},"properties":{"net":"NC3046","o":2}},{"type":"Feature","geometry":{"type":"LineString","coordinates":[[-83.29813,35.48985],[-83.29849,35.48996],[-83.29875,35.49018],[-83.29941,35.49029]]},"properties":{"net":"NC3046","o":1}},{"type":"Feature","geometry":{"type":"LineString","coordinates":[[-83.31593,35.5094],[-83.31581,35.50829],[-83.31608,35.5078],[-83.31605,35.50761],[-83.31623,35.50705]]},"properties":{"net":"NC3046","o":2}},{"type":"Feature","geometry":{"type":"LineString","coordinates":[[-83.31441,35.50003],[-83.31401,35.4998],[-83.31329,35.49964],[-83.31293,35.49938],[-83.3126,35.49895]]},"properties":{"net":"NC3046","o":1}},{"type":"Feature","geometry":{"type":"LineString","coordinates":[[-83.31216,35.507],[-83.31169,35.50614]]},"properties":{"net":"NC3046","o":2}},{"type":"Feature","geometry":{"type":"LineString","coordinates":[[-83.23397,35.37479],[-83.23483,35.37453],[-83.23572,35.3747],[-83.23606,35.37464],[-83.23713,35.37406],[-83.23785,35.37329],[-83.2384,35.3731],[-83.24026,35.37308],[-83.24067,35.37324],[-83.24127,35.37368],[-83.24239,35.37382]]},"properties":{"net":"out","o":5}},{"type":"Feature","geometry":{"type":"LineString","coordinates":[[-83.24511,35.48984],[-83.24537,35.48948],[-83.24561,35.48891],[-83.2469,35.48786]]},"properties":{"net":"NC3046","o":3}},{"type":"Feature","geometry":{"type":"LineString","coordinates":[[-83.21407,35.53526],[-83.21189,35.53666],[-83.21127,35.53726]]},"properties":{"net":"NC3046","o":1}},{"type":"Feature","geometry":{"type":"LineString","coordinates":[[-83.21095,35.53201],[-83.21106,35.53253],[-83.2107,35.53341],[-83.21058,35.53419]]},"properties":{"net":"NC3046","o":3}},{"type":"Feature","geometry":{"type":"LineString","coordinates":[[-83.21027,35.52248],[-83.21035,35.52266],[-83.21086,35.52296],[-83.2111,35.52392],[-83.2114,35.52447],[-83.21126,35.52488],[-83.21138,35.52515],[-83.21131,35.52579],[-83.21142,35.52621]]},"properties":{"net":"NC3046","o":2}},{"type":"Feature","geometry":{"type":"LineString","coordinates":[[-83.21008,35.52865],[-83.21072,35.52921],[-83.2114,35.52944]]},"properties":{"net":"NC3046","o":2}},{"type":"Feature","geometry":{"type":"LineString","coordinates":[[-83.22897,35.45446],[-83.22906,35.45566],[-83.22903,35.4574],[-83.22861,35.45998]]},"properties":{"net":"NC3046","o":1}},{"type":"Feature","geometry":{"type":"LineString","coordinates":[[-83.20889,35.52054],[-83.20927,35.5212],[-83.21018,35.52216],[-83.21027,35.52248]]},"properties":{"net":"NC3046","o":2}},{"type":"Feature","geometry":{"type":"LineString","coordinates":[[-83.20884,35.52201],[-83.20922,35.52195],[-83.21027,35.52248]]},"properties":{"net":"NC3046","o":1}},{"type":"Feature","geometry":{"type":"LineString","coordinates":[[-83.2063,35.5371],[-83.20661,35.53708],[-83.20736,35.53665],[-83.20843,35.53649]]},"properties":{"net":"NC3046","o":4}},{"type":"Feature","geometry":{"type":"LineString","coordinates":[[-83.20531,35.52953],[-83.20384,35.52995],[-83.20347,35.53017]]},"properties":{"net":"NC3046","o":1}},{"type":"Feature","geometry":{"type":"LineString","coordinates":[[-83.20277,35.53686],[-83.20352,35.53686],[-83.20455,35.53706],[-83.20511,35.53695],[-83.2063,35.5371]]},"properties":{"net":"NC3046","o":4}},{"type":"Feature","geometry":{"type":"LineString","coordinates":[[-83.2026,35.5369],[-83.20277,35.53686]]},"properties":{"net":"NC3046","o":4}},{"type":"Feature","geometry":{"type":"LineString","coordinates":[[-83.20194,35.53851],[-83.20192,35.53812],[-83.20202,35.53773]]},"properties":{"net":"NC3046","o":1}},{"type":"Feature","geometry":{"type":"LineString","coordinates":[[-83.24474,35.5832],[-83.24463,35.58275],[-83.24425,35.58233],[-83.24417,35.582],[-83.2443,35.58137],[-83.24478,35.58097],[-83.24491,35.58064],[-83.24492,35.5804],[-83.24469,35.57997],[-83.24476,35.57969],[-83.24467,35.57936],[-83.24476,35.57888],[-83.24465,35.57852],[-83.24441,35.57832],[-83.24434,35.57813],[-83.24408,35.57798]]},"properties":{"net":"NC3046","o":1}},{"type":"Feature","geometry":{"type":"LineString","coordinates":[[-83.24255,35.57822],[-83.24263,35.57821]]},"properties":{"net":"NC3046","o":2}},{"type":"Feature","geometry":{"type":"LineString","coordinates":[[-83.24144,35.56329],[-83.24167,35.56315],[-83.24183,35.56319]]},"properties":{"net":"NC3046","o":1}},{"type":"Feature","geometry":{"type":"LineString","coordinates":[[-83.23959,35.57746],[-83.24014,35.57778],[-83.24034,35.57819],[-83.24078,35.57838],[-83.24102,35.5784],[-83.24172,35.57817],[-83.24255,35.57822]]},"properties":{"net":"NC3046","o":2}},{"type":"Feature","geometry":{"type":"LineString","coordinates":[[-83.25024,35.61447],[-83.25024,35.6142],[-83.25033,35.61408],[-83.25094,35.61401],[-83.25131,35.61384],[-83.25132,35.61304],[-83.25209,35.61252],[-83.25272,35.61086],[-83.25347,35.61042]]},"properties":{"net":"NC3046","o":4}},{"type":"Feature","geometry":{"type":"LineString","coordinates":[[-83.25011,35.6145],[-83.25024,35.61447]]},"properties":{"net":"NC3046","o":1}},{"type":"Feature","geometry":{"type":"LineString","coordinates":[[-83.25567,35.62481],[-83.25561,35.62473]]},"properties":{"net":"NC3046","o":1}},{"type":"Feature","geometry":{"type":"LineString","coordinates":[[-83.24597,35.63637],[-83.24676,35.63566],[-83.24763,35.63518],[-83.24767,35.6346],[-83.24751,35.63349],[-83.24681,35.63322],[-83.24611,35.63259],[-83.24587,35.63211],[-83.24557,35.63178],[-83.24547,35.63135],[-83.24523,35.63116],[-83.24516,35.63063],[-83.24468,35.63019],[-83.2445,35.62976],[-83.24391,35.62934],[-83.24382,35.62906],[-83.2439,35.62865],[-83.24363,35.62841],[-83.24333,35.62755],[-83.24293,35.62686]]},"properties":{"net":"NC3046","o":1}},{"type":"Feature","geometry":{"type":"LineString","coordinates":[[-83.31932,35.49945],[-83.31925,35.49919],[-83.31881,35.49882]]},"properties":{"net":"NC3046","o":2}},{"type":"Feature","geometry":{"type":"LineString","coordinates":[[-83.24699,35.47986],[-83.24619,35.47933],[-83.24504,35.47757],[-83.24494,35.47714]]},"properties":{"net":"NC3046","o":1}},{"type":"Feature","geometry":{"type":"LineString","coordinates":[[-83.2429,35.49099],[-83.24361,35.49058],[-83.24464,35.49036],[-83.24511,35.48984]]},"properties":{"net":"NC3046","o":3}},{"type":"Feature","geometry":{"type":"LineString","coordinates":[[-83.23533,35.49653],[-83.23563,35.49632],[-83.23669,35.496],[-83.23686,35.49572],[-83.23669,35.49545],[-83.23703,35.4949],[-83.2373,35.49456],[-83.23823,35.49385],[-83.23917,35.49332],[-83.24109,35.49259],[-83.2429,35.49099]]},"properties":{"net":"NC3046","o":2}},{"type":"Feature","geometry":{"type":"LineString","coordinates":[[-83.23508,35.48732],[-83.23578,35.48735],[-83.23659,35.48787],[-83.23752,35.48803],[-83.23808,35.48824],[-83.23915,35.4891],[-83.2404,35.48955],[-83.24135,35.48967],[-83.24259,35.48961],[-83.24403,35.48983],[-83.24511,35.48984]]},"properties":{"net":"NC3046","o":1}},{"type":"Feature","geometry":{"type":"LineString","coordinates":[[-83.25385,35.53595],[-83.25419,35.5361],[-83.25463,35.53654]]},"properties":{"net":"NC3046","o":3}},{"type":"Feature","geometry":{"type":"LineString","coordinates":[[-83.25322,35.52119],[-83.25401,35.52192],[-83.25437,35.5221]]},"properties":{"net":"sm3083","o":2}},{"type":"Feature","geometry":{"type":"LineString","coordinates":[[-83.20187,35.52225],[-83.20169,35.52249]]},"properties":{"net":"NC3046","o":2}},{"type":"Feature","geometry":{"type":"LineString","coordinates":[[-83.2016,35.52025],[-83.20177,35.52113],[-83.20205,35.52187]]},"properties":{"net":"NC3046","o":1}},{"type":"Feature","geometry":{"type":"LineString","coordinates":[[-83.20397,35.52412],[-83.20372,35.52443],[-83.20361,35.52479],[-83.20266,35.52548],[-83.20214,35.52597],[-83.20168,35.52659],[-83.2011,35.52662]]},"properties":{"net":"NC3046","o":1}},{"type":"Feature","geometry":{"type":"LineString","coordinates":[[-83.20124,35.52335],[-83.20095,35.5237],[-83.20084,35.52433],[-83.20091,35.52478],[-83.20126,35.52551]]},"properties":{"net":"NC3046","o":2}},{"type":"Feature","geometry":{"type":"LineString","coordinates":[[-83.21378,35.5452],[-83.21379,35.54518]]},"properties":{"net":"sm3085","o":3}},{"type":"Feature","geometry":{"type":"LineString","coordinates":[[-83.31991,35.47112],[-83.3197,35.47036],[-83.31988,35.46984],[-83.31963,35.46855]]},"properties":{"net":"NC3046","o":1}},{"type":"Feature","geometry":{"type":"LineString","coordinates":[[-83.31901,35.46816],[-83.31902,35.46837]]},"properties":{"net":"NC3046","o":1}},{"type":"Feature","geometry":{"type":"LineString","coordinates":[[-83.31547,35.47742],[-83.31576,35.47722],[-83.31592,35.47685],[-83.31577,35.47627]]},"properties":{"net":"NC3046","o":1}},{"type":"Feature","geometry":{"type":"LineString","coordinates":[[-83.31525,35.47673],[-83.31559,35.47657],[-83.31577,35.47627]]},"properties":{"net":"NC3046","o":1}},{"type":"Feature","geometry":{"type":"LineString","coordinates":[[-83.31706,35.4797],[-83.31793,35.48018]]},"properties":{"net":"NC3046","o":1}},{"type":"Feature","geometry":{"type":"LineString","coordinates":[[-83.31687,35.48982],[-83.3164,35.48947],[-83.31615,35.48892],[-83.31583,35.48879],[-83.31475,35.48876]]},"properties":{"net":"NC3046","o":1}},{"type":"Feature","geometry":{"type":"LineString","coordinates":[[-83.31457,35.49326],[-83.31412,35.49237]]},"properties":{"net":"NC3046","o":1}},{"type":"Feature","geometry":{"type":"LineString","coordinates":[[-83.3138,35.49209],[-83.31399,35.49154]]},"properties":{"net":"NC3046","o":6}},{"type":"Feature","geometry":{"type":"LineString","coordinates":[[-83.31197,35.49326],[-83.31272,35.49244],[-83.31333,35.49157]]},"properties":{"net":"NC3046","o":1}},{"type":"Feature","geometry":{"type":"LineString","coordinates":[[-83.31175,35.48732],[-83.31233,35.48742]]},"properties":{"net":"NC3046","o":3}},{"type":"Feature","geometry":{"type":"LineString","coordinates":[[-83.21183,35.54683],[-83.21211,35.54661]]},"properties":{"net":"sm3085","o":3}},{"type":"Feature","geometry":{"type":"LineString","coordinates":[[-83.18403,35.55469],[-83.185,35.55399],[-83.18699,35.55326],[-83.18774,35.55322],[-83.18883,35.5525],[-83.18969,35.55218],[-83.19056,35.55211],[-83.19112,35.55175],[-83.19202,35.55175],[-83.19298,35.55157],[-83.19373,35.55183],[-83.19388,35.5521],[-83.19435,35.55215],[-83.19624,35.55171],[-83.19665,35.55178],[-83.19697,35.55204],[-83.19751,35.55216],[-83.19815,35.55212],[-83.19864,35.55196],[-83.20011,35.55199],[-83.20131,35.55148],[-83.20196,35.55079],[-83.20283,35.55036],[-83.2032,35.55008],[-83.20489,35.54993]]},"properties":{"net":"sm3085","o":1}},{"type":"Feature","geometry":{"type":"LineString","coordinates":[[-83.1938,35.5949],[-83.19493,35.59466],[-83.19558,35.59394],[-83.19633,35.59351],[-83.19661,35.59272],[-83.19659,35.59212],[-83.19667,35.59191],[-83.19707,35.59151],[-83.19773,35.59119],[-83.19796,35.59062],[-83.19876,35.58984],[-83.19903,35.58943]]},"properties":{"net":"NC3046","o":1}},{"type":"Feature","geometry":{"type":"LineString","coordinates":[[-83.24601,35.53891],[-83.24635,35.53857],[-83.24722,35.53842]]},"properties":{"net":"NC3046","o":2}},{"type":"Feature","geometry":{"type":"LineString","coordinates":[[-83.24577,35.53475],[-83.24553,35.53407],[-83.24579,35.53292]]},"properties":{"net":"NC3046","o":1}},{"type":"Feature","geometry":{"type":"LineString","coordinates":[[-83.24444,35.54147],[-83.24519,35.5406],[-83.24531,35.53999],[-83.24587,35.53929],[-83.24601,35.53891]]},"properties":{"net":"NC3046","o":1}},{"type":"Feature","geometry":{"type":"LineString","coordinates":[[-83.24429,35.53328],[-83.24509,35.53323]]},"properties":{"net":"NC3046","o":3}},{"type":"Feature","geometry":{"type":"LineString","coordinates":[[-83.24458,35.53704],[-83.24468,35.53662],[-83.24458,35.53591],[-83.24438,35.53514],[-83.2441,35.5346],[-83.24402,35.53411],[-83.24414,35.53386],[-83.24475,35.53354],[-83.24509,35.53323]]},"properties":{"net":"NC3046","o":1}},{"type":"Feature","geometry":{"type":"LineString","coordinates":[[-83.24325,35.53894],[-83.24429,35.53872]]},"properties":{"net":"NC3046","o":1}},{"type":"Feature","geometry":{"type":"LineString","coordinates":[[-83.24131,35.53373],[-83.24163,35.53388]]},"properties":{"net":"NC3046","o":2}},{"type":"Feature","geometry":{"type":"LineString","coordinates":[[-83.24009,35.52742],[-83.24102,35.52798],[-83.2417,35.52863],[-83.24298,35.53],[-83.24331,35.53053],[-83.24494,35.53151],[-83.24562,35.53218],[-83.24628,35.53257],[-83.24687,35.53264],[-83.24712,35.53257]]},"properties":{"net":"NC3046","o":2}},{"type":"Feature","geometry":{"type":"LineString","coordinates":[[-83.24001,35.53826],[-83.23868,35.53869]]},"properties":{"net":"NC3046","o":1}},{"type":"Feature","geometry":{"type":"LineString","coordinates":[[-83.23654,35.53387],[-83.23563,35.53396],[-83.2351,35.53389],[-83.23481,35.53407]]},"properties":{"net":"NC3046","o":1}},{"type":"Feature","geometry":{"type":"LineString","coordinates":[[-83.25344,35.66961],[-83.25367,35.67005],[-83.25407,35.67034],[-83.25518,35.67065],[-83.25568,35.6709],[-83.25638,35.67099],[-83.25677,35.67137],[-83.25828,35.67161],[-83.25867,35.67175],[-83.26016,35.6717],[-83.26095,35.67198],[-83.26182,35.67263]]},"properties":{"net":"NC3046","o":1}},{"type":"Feature","geometry":{"type":"LineString","coordinates":[[-83.25124,35.67684],[-83.25175,35.67649],[-83.25314,35.6761],[-83.25365,35.67581],[-83.25411,35.67576],[-83.25491,35.67536],[-83.25592,35.67517],[-83.2562,35.67528],[-83.25646,35.67555],[-83.25684,35.67551],[-83.25771,35.67504],[-83.25788,35.67484],[-83.25947,35.67439],[-83.25973,35.67418],[-83.26026,35.67338],[-83.26182,35.67263]]},"properties":{"net":"NC3046","o":1}},{"type":"Feature","geometry":{"type":"LineString","coordinates":[[-83.24916,35.33921],[-83.24798,35.34013]]},"properties":{"net":"NC6252","o":5}},{"type":"Feature","geometry":{"type":"LineString","coordinates":[[-83.17344,35.53193],[-83.17672,35.53326],[-83.17759,35.53351],[-83.17797,35.53389],[-83.17831,35.53405],[-83.17858,35.53466],[-83.17908,35.53502]]},"properties":{"net":"NC3046","o":2}},{"type":"Feature","geometry":{"type":"LineString","coordinates":[[-83.17247,35.53437],[-83.17286,35.5346],[-83.17466,35.53514],[-83.17601,35.53518],[-83.17646,35.5351],[-83.17701,35.53533],[-83.17764,35.53515],[-83.17854,35.53518],[-83.17908,35.53502]]},"properties":{"net":"NC3046","o":1}},{"type":"Feature","geometry":{"type":"LineString","coordinates":[[-83.25411,35.54915],[-83.25337,35.54936],[-83.25289,35.54965],[-83.25242,35.55011],[-83.25177,35.55031],[-83.25162,35.55051]]},"properties":{"net":"NC3046","o":1}},{"type":"Feature","geometry":{"type":"LineString","coordinates":[[-83.25021,35.55599],[-83.25019,35.55589]]},"properties":{"net":"NC3046","o":2}},{"type":"Feature","geometry":{"type":"LineString","coordinates":[[-83.24798,35.34013],[-83.24722,35.34048],[-83.24541,35.34101],[-83.24517,35.34043],[-83.24498,35.34029],[-83.24441,35.3401],[-83.2434,35.33956],[-83.24293,35.33943],[-83.24222,35.33891],[-83.2414,35.33881],[-83.24011,35.33844],[-83.23984,35.33816],[-83.23952,35.33755],[-83.23921,35.33772],[-83.23885,35.33775],[-83.238,35.33718],[-83.23693,35.33757],[-83.23594,35.33826],[-83.23512,35.33836],[-83.23401,35.33894]]},"properties":{"net":"NC6252","o":5}},{"type":"Feature","geometry":{"type":"LineString","coordinates":[[-83.24918,35.35602],[-83.24924,35.35663],[-83.24839,35.35738],[-83.2473,35.35859],[-83.24669,35.35961],[-83.24645,35.3602]]},"properties":{"net":"NC6252","o":6}},{"type":"Feature","geometry":{"type":"LineString","coordinates":[[-83.25189,35.54651],[-83.25161,35.54684],[-83.25101,35.54802],[-83.25062,35.54846],[-83.25011,35.54876]]},"properties":{"net":"NC3046","o":1}},{"type":"Feature","geometry":{"type":"LineString","coordinates":[[-83.24994,35.56061],[-83.24982,35.55995],[-83.24954,35.55963],[-83.24892,35.55934],[-83.24857,35.55939]]},"properties":{"net":"NC3046","o":1}},{"type":"Feature","geometry":{"type":"LineString","coordinates":[[-83.24805,35.55889],[-83.24813,35.55881]]},"properties":{"net":"NC3046","o":5}},{"type":"Feature","geometry":{"type":"LineString","coordinates":[[-83.24319,35.54712],[-83.24426,35.54773],[-83.24509,35.54804],[-83.24576,35.54816],[-83.24621,35.54838]]},"properties":{"net":"NC3046","o":1}},{"type":"Feature","geometry":{"type":"LineString","coordinates":[[-83.24138,35.55445],[-83.23987,35.5557]]},"properties":{"net":"NC3046","o":1}},{"type":"Feature","geometry":{"type":"LineString","coordinates":[[-83.23987,35.5557],[-83.23981,35.55636],[-83.24025,35.55683]]},"properties":{"net":"NC3046","o":2}},{"type":"Feature","geometry":{"type":"LineString","coordinates":[[-83.24098,35.54525],[-83.24074,35.545],[-83.23957,35.54441]]},"properties":{"net":"NC3046","o":1}},{"type":"Feature","geometry":{"type":"LineString","coordinates":[[-83.23903,35.55667],[-83.23946,35.55654]]},"properties":{"net":"NC3046","o":2}},{"type":"Feature","geometry":{"type":"LineString","coordinates":[[-83.23672,35.55488],[-83.23729,35.5551]]},"properties":{"net":"NC3046","o":5}},{"type":"Feature","geometry":{"type":"LineString","coordinates":[[-83.23822,35.54176],[-83.23683,35.5411],[-83.23648,35.54102],[-83.23578,35.54105]]},"properties":{"net":"NC3046","o":2}},{"type":"Feature","geometry":{"type":"LineString","coordinates":[[-83.23547,35.55333],[-83.23579,35.55453],[-83.23625,35.55456],[-83.23672,35.55488]]},"properties":{"net":"NC3046","o":5}},{"type":"Feature","geometry":{"type":"LineString","coordinates":[[-83.14778,35.28388],[-83.14772,35.28437]]},"properties":{"net":"NC3252","o":1}},{"type":"Feature","geometry":{"type":"LineString","coordinates":[[-83.13256,35.28421],[-83.13457,35.28387],[-83.13516,35.28353],[-83.13542,35.28325],[-83.13586,35.2822],[-83.13628,35.28164]]},"properties":{"net":"NC3252","o":5}},{"type":"Feature","geometry":{"type":"LineString","coordinates":[[-83.12775,35.30444],[-83.12829,35.30364],[-83.1287,35.30241],[-83.12888,35.30214],[-83.13006,35.30182],[-83.13164,35.30049],[-83.13217,35.3004],[-83.13501,35.30241],[-83.13513,35.30326],[-83.135,35.30378],[-83.1346,35.30453],[-83.13555,35.30521],[-83.13558,35.30552],[-83.13541,35.30622],[-83.13568,35.30655],[-83.13624,35.30677],[-83.13667,35.30673],[-83.13696,35.30659],[-83.13734,35.3062],[-83.13769,35.3056],[-83.1381,35.30439],[-83.13835,35.30428],[-83.13874,35.30469],[-83.13935,35.30508],[-83.14129,35.30574],[-83.14148,35.30589],[-83.14155,35.30614],[-83.1413,35.30666],[-83.14121,35.30784],[-83.14142,35.30875],[-83.14166,35.30911],[-83.14192,35.30925],[-83.14224,35.30928],[-83.14295,35.30895],[-83.14352,35.30898],[-83.14466,35.3095],[-83.14599,35.31029]]},"properties":{"net":"NC3252","o":4}},{"type":"Feature","geometry":{"type":"LineString","coordinates":[[-83.143,35.45881],[-83.14573,35.45885],[-83.14698,35.45866],[-83.14838,35.4592],[-83.14952,35.45949]]},"properties":{"net":"NC3046","o":1}},{"type":"Feature","geometry":{"type":"LineString","coordinates":[[-83.12847,35.24773],[-83.12865,35.24786]]},"properties":{"net":"NC3252","o":4}},{"type":"Feature","geometry":{"type":"LineString","coordinates":[[-83.10385,35.2727],[-83.10434,35.27221],[-83.10485,35.27123],[-83.10569,35.27027],[-83.10627,35.26877],[-83.10751,35.26803],[-83.10816,35.26715],[-83.10865,35.26693],[-83.10996,35.26661],[-83.11095,35.26571],[-83.1117,35.26521]]},"properties":{"net":"NC3252","o":1}},{"type":"Feature","geometry":{"type":"LineString","coordinates":[[-83.12674,35.27267],[-83.12705,35.27325],[-83.12711,35.27438],[-83.12736,35.27513],[-83.12739,35.27572],[-83.12635,35.27801],[-83.12589,35.27961],[-83.12582,35.28042],[-83.12612,35.281],[-83.12629,35.28113]]},"properties":{"net":"NC3252","o":5}},{"type":"Feature","geometry":{"type":"LineString","coordinates":[[-83.14213,35.47268],[-83.14331,35.47275],[-83.14453,35.47255],[-83.1466,35.47337],[-83.14728,35.47387],[-83.14882,35.47538],[-83.15034,35.47666]]},"properties":{"net":"sm54735","o":1}},{"type":"Feature","geometry":{"type":"LineString","coordinates":[[-83.12302,35.26821],[-83.12308,35.2682]]},"properties":{"net":"NC3252","o":4}},{"type":"Feature","geometry":{"type":"LineString","coordinates":[[-83.1595,35.46006],[-83.16063,35.46111],[-83.16122,35.46179],[-83.16239,35.46276],[-83.16298,35.4635],[-83.1638,35.46426],[-83.16424,35.46493],[-83.16468,35.4661],[-83.16575,35.46686]]},"properties":{"net":"NC3046","o":3}},{"type":"Feature","geometry":{"type":"LineString","coordinates":[[-83.11728,35.3025],[-83.11769,35.30259],[-83.11812,35.30251],[-83.11862,35.30257],[-83.11946,35.30294],[-83.12035,35.30298],[-83.12143,35.30334],[-83.12272,35.30347],[-83.12288,35.30357],[-83.12304,35.30418],[-83.12329,35.30453],[-83.12479,35.30502],[-83.12522,35.30509],[-83.12573,35.30504],[-83.12775,35.30444]]},"properties":{"net":"NC3252","o":4}},{"type":"Feature","geometry":{"type":"LineString","coordinates":[[-83.10966,35.29974],[-83.1097,35.30006],[-83.10985,35.30029],[-83.11079,35.30122],[-83.11114,35.30146],[-83.11144,35.30143],[-83.11153,35.30113],[-83.11169,35.30097],[-83.11299,35.30103]]},"properties":{"net":"NC3252","o":4}},{"type":"Feature","geometry":{"type":"LineString","coordinates":[[-83.11096,35.29406],[-83.1115,35.29555],[-83.11252,35.29686],[-83.11262,35.29732],[-83.11251,35.29817],[-83.1124,35.29846],[-83.1122,35.2986],[-83.10971,35.2988],[-83.10945,35.2989],[-83.10934,35.29923],[-83.10966,35.29974]]},"properties":{"net":"NC3252","o":4}},{"type":"Feature","geometry":{"type":"LineString","coordinates":[[-83.10734,35.24056],[-83.107,35.24144],[-83.10682,35.24242],[-83.1068,35.24406],[-83.10694,35.24505],[-83.1066,35.24604],[-83.10623,35.24794],[-83.10569,35.24886],[-83.10569,35.2497],[-83.10549,35.25051],[-83.10439,35.25306],[-83.10441,35.25333],[-83.10468,35.25389],[-83.10472,35.25415]]},"properties":{"net":"NC3252","o":1}},{"type":"Feature","geometry":{"type":"LineString","coordinates":[[-83.08694,35.26336],[-83.08765,35.26245],[-83.08894,35.26139],[-83.08987,35.25981],[-83.09005,35.25844],[-83.09046,35.2577],[-83.09056,35.25685],[-83.09033,35.25594],[-83.08975,35.25538]]},"properties":{"net":"NC3026","o":1}},{"type":"Feature","geometry":{"type":"LineString","coordinates":[[-83.14089,35.17056],[-83.14192,35.17133],[-83.1427,35.17162],[-83.14308,35.17161],[-83.14486,35.172],[-83.14607,35.172],[-83.14636,35.17222],[-83.1468,35.17234],[-83.14807,35.17234],[-83.15184,35.17519]]},"properties":{"net":"NC3036","o":4}},{"type":"Feature","geometry":{"type":"LineString","coordinates":[[-83.11053,35.36167],[-83.11216,35.36182],[-83.11327,35.36123],[-83.11371,35.36117],[-83.11456,35.36138],[-83.11543,35.36178],[-83.11596,35.36192],[-83.1175,35.36165],[-83.1189,35.36192],[-83.11992,35.36167],[-83.1209,35.36094],[-83.12158,35.36069],[-83.12206,35.36033],[-83.12235,35.36022],[-83.12318,35.36016],[-83.1236,35.35981],[-83.12424,35.35948],[-83.1248,35.35945],[-83.12533,35.35982],[-83.12557,35.35986],[-83.12592,35.35975],[-83.12681,35.3597],[-83.12783,35.3592]]},"properties":{"net":"NC3252","o":1}},{"type":"Feature","geometry":{"type":"LineString","coordinates":[[-83.15168,35.48837],[-83.15282,35.48825],[-83.15456,35.48866],[-83.15551,35.48916],[-83.15831,35.49122],[-83.1593,35.49178],[-83.15987,35.49178],[-83.16185,35.49119],[-83.164,35.49012],[-83.16508,35.48999],[-83.16576,35.4901],[-83.16717,35.49052],[-83.16967,35.49241]]},"properties":{"net":"NC3046","o":2}},{"type":"Feature","geometry":{"type":"LineString","coordinates":[[-83.16759,35.55485],[-83.16684,35.55348]]},"properties":{"net":"NC3046","o":2}},{"type":"Feature","geometry":{"type":"LineString","coordinates":[[-83.06504,35.23966],[-83.06915,35.24059]]},"properties":{"net":"NC3028","o":4}},{"type":"Feature","geometry":{"type":"LineString","coordinates":[[-83.0789,35.25703],[-83.07958,35.25678],[-83.08,35.25685]]},"properties":{"net":"NC3026","o":2}},{"type":"Feature","geometry":{"type":"LineString","coordinates":[[-83.07233,35.28347],[-83.07269,35.28343],[-83.07308,35.28359],[-83.07321,35.28376],[-83.07325,35.2843],[-83.0735,35.28454],[-83.07348,35.28488],[-83.0739,35.28551],[-83.07421,35.28578],[-83.07532,35.28622],[-83.0756,35.2869],[-83.07594,35.28739]]},"properties":{"net":"NC3252","o":2}},{"type":"Feature","geometry":{"type":"LineString","coordinates":[[-83.05408,35.36152],[-83.05418,35.36062],[-83.05446,35.35984],[-83.05434,35.359],[-83.05442,35.35716],[-83.05397,35.35517],[-83.05357,35.35437],[-83.05376,35.35361],[-83.0538,35.35252],[-83.05363,35.35181],[-83.05367,35.35096],[-83.05341,35.35039],[-83.05334,35.34997],[-83.05348,35.34947],[-83.05441,35.34814],[-83.05445,35.34782],[-83.05407,35.34669],[-83.05351,35.3458]]},"properties":{"net":"sm8027254","o":1}},{"type":"Feature","geometry":{"type":"LineString","coordinates":[[-83.04476,35.36368],[-83.04484,35.36251],[-83.04506,35.3617],[-83.0448,35.36063],[-83.04482,35.3602],[-83.04502,35.3595],[-83.04509,35.35831],[-83.04495,35.35743],[-83.04507,35.35615],[-83.04492,35.35565],[-83.04486,35.35435],[-83.04536,35.35254],[-83.04575,35.35196],[-83.04652,35.35123],[-83.04674,35.3506],[-83.04698,35.35024],[-83.04828,35.34907],[-83.04986,35.34825],[-83.05152,35.3477],[-83.05261,35.34696],[-83.05351,35.3458]]},"properties":{"net":"sm8027254","o":1}},{"type":"Feature","geometry":{"type":"LineString","coordinates":[[-83.0944,35.28386],[-83.09374,35.28482],[-83.09354,35.28567],[-83.09356,35.28628],[-83.09344,35.28702],[-83.09313,35.2884],[-83.09321,35.2889],[-83.09383,35.28975]]},"properties":{"net":"NC3252","o":1}},{"type":"Feature","geometry":{"type":"LineString","coordinates":[[-83.09597,35.29719],[-83.0963,35.29609],[-83.0967,35.29551],[-83.09691,35.29541],[-83.09818,35.29556],[-83.09871,35.29541],[-83.09944,35.29438],[-83.09976,35.29358],[-83.10055,35.29293],[-83.101,35.29226],[-83.10147,35.29191],[-83.10209,35.2919]]},"properties":{"net":"NC3252","o":4}},{"type":"Feature","geometry":{"type":"LineString","coordinates":[[-83.05618,35.29532],[-83.05662,35.29481],[-83.05759,35.29411],[-83.05769,35.29376],[-83.05807,35.29328],[-83.05811,35.29282],[-83.05857,35.29226],[-83.05872,35.2916],[-83.05912,35.29096]]},"properties":{"net":"NC3252","o":1}},{"type":"Feature","geometry":{"type":"LineString","coordinates":[[-83.0552,35.30856],[-83.0559,35.30923],[-83.0566,35.3097],[-83.05758,35.31002],[-83.05933,35.31024],[-83.0602,35.31088],[-83.0623,35.31151],[-83.06318,35.31201],[-83.06371,35.31215]]},"properties":{"net":"NC3252","o":1}},{"type":"Feature","geometry":{"type":"LineString","coordinates":[[-82.99756,35.16112],[-82.99772,35.16095]]},"properties":{"net":"NC3027","o":1}},{"type":"Feature","geometry":{"type":"LineString","coordinates":[[-83.02406,35.16545],[-83.02369,35.16524],[-83.02343,35.16522],[-83.02264,35.16552]]},"properties":{"net":"NC3027","o":2}},{"type":"Feature","geometry":{"type":"LineString","coordinates":[[-83.01386,35.16757],[-83.0134,35.16753],[-83.01289,35.16782],[-83.0123,35.16784],[-83.0115,35.16838]]},"properties":{"net":"NC3027","o":2}},{"type":"Feature","geometry":{"type":"LineString","coordinates":[[-83.01985,35.17418],[-83.01642,35.17535],[-83.01486,35.1757],[-83.01284,35.17634],[-83.01103,35.17672],[-83.00995,35.17659],[-83.00906,35.17636],[-83.00773,35.17557],[-83.00658,35.17506],[-83.00454,35.17385],[-83.00396,35.17365]]},"properties":{"net":"NC3027","o":1}},{"type":"Feature","geometry":{"type":"LineString","coordinates":[[-83.01721,35.21932],[-83.01855,35.2195],[-83.01934,35.22009],[-83.01998,35.22106],[-83.02025,35.2213],[-83.02055,35.22139]]},"properties":{"net":"NC3028","o":4}},{"type":"Feature","geometry":{"type":"LineString","coordinates":[[-83.002,35.2134],[-83.0022,35.21323]]},"properties":{"net":"NC3027","o":4}},{"type":"Feature","geometry":{"type":"LineString","coordinates":[[-83.0022,35.21323],[-83.00305,35.21201],[-83.0045,35.21171],[-83.00569,35.21105],[-83.00626,35.21084]]},"properties":{"net":"NC3028","o":4}},{"type":"Feature","geometry":{"type":"LineString","coordinates":[[-83.02479,35.29522],[-83.0251,35.29635],[-83.02546,35.29716],[-83.02554,35.29768],[-83.0255,35.29805],[-83.02487,35.29905],[-83.02473,35.29955],[-83.02493,35.30025],[-83.02568,35.30148],[-83.02592,35.30206],[-83.02592,35.3026],[-83.02576,35.30337],[-83.0258,35.30413]]},"properties":{"net":"NC3252","o":1}},{"type":"Feature","geometry":{"type":"LineString","coordinates":[[-83.01724,35.29614],[-83.0176,35.29647],[-83.01789,35.29703],[-83.01817,35.29732],[-83.01965,35.29797],[-83.01996,35.29824],[-83.02039,35.29913],[-83.0214,35.30022],[-83.02148,35.3009],[-83.02165,35.30145],[-83.02229,35.30244],[-83.02255,35.30312],[-83.02303,35.30354],[-83.02385,35.30391]]},"properties":{"net":"NC3252","o":1}},{"type":"Feature","geometry":{"type":"LineString","coordinates":[[-83.00118,35.31473],[-83.002,35.31503],[-83.00317,35.31562],[-83.00459,35.31586],[-83.00596,35.3158],[-83.00706,35.3156],[-83.00815,35.31568],[-83.00892,35.31588],[-83.00949,35.31584],[-83.00999,35.31617],[-83.01035,35.31627],[-83.01107,35.31629],[-83.0115,35.31615]]},"properties":{"net":"NC3252","o":2}},{"type":"Feature","geometry":{"type":"LineString","coordinates":[[-82.94853,35.24055],[-82.9489,35.24011],[-82.94912,35.23928],[-82.9494,35.23883]]},"properties":{"net":"NC3027","o":3}},{"type":"Feature","geometry":{"type":"LineString","coordinates":[[-83.43767,35.45931],[-83.43782,35.4589],[-83.43802,35.45759],[-83.43831,35.45713]]},"properties":{"net":"out","o":4}},{"type":"Feature","geometry":{"type":"LineString","coordinates":[[-83.46665,35.40685],[-83.46603,35.40707]]},"properties":{"net":"out","o":4}},{"type":"Feature","geometry":{"type":"LineString","coordinates":[[-83.46352,35.41259],[-83.46381,35.41344],[-83.46419,35.41388],[-83.46458,35.41418],[-83.46576,35.41477]]},"properties":{"net":"out","o":4}},{"type":"Feature","geometry":{"type":"LineString","coordinates":[[-83.46576,35.41477],[-83.4665,35.41521],[-83.46658,35.4155]]},"properties":{"net":"out","o":4}},{"type":"Feature","geometry":{"type":"LineString","coordinates":[[-83.46397,35.42004],[-83.46387,35.42033]]},"properties":{"net":"out","o":4}},{"type":"Feature","geometry":{"type":"LineString","coordinates":[[-83.45536,35.41477],[-83.45549,35.41561],[-83.45543,35.41596],[-83.45555,35.41622],[-83.45545,35.41651],[-83.45601,35.41717]]},"properties":{"net":"out","o":4}},{"type":"Feature","geometry":{"type":"LineString","coordinates":[[-83.43988,35.45235],[-83.44033,35.45169],[-83.44126,35.45115]]},"properties":{"net":"out","o":4}},{"type":"Feature","geometry":{"type":"LineString","coordinates":[[-83.43986,35.44212],[-83.44086,35.44114],[-83.44108,35.44066],[-83.44118,35.44007],[-83.44115,35.43873]]},"properties":{"net":"out","o":4}},{"type":"Feature","geometry":{"type":"LineString","coordinates":[[-83.43962,35.44271],[-83.43964,35.44247],[-83.43986,35.44212]]},"properties":{"net":"out","o":4}},{"type":"Feature","geometry":{"type":"LineString","coordinates":[[-83.43914,35.44762],[-83.44008,35.44587],[-83.4403,35.44486],[-83.44031,35.44438]]},"properties":{"net":"out","o":4}},{"type":"Feature","geometry":{"type":"LineString","coordinates":[[-83.42161,35.40457],[-83.42159,35.40518],[-83.42133,35.40539],[-83.42128,35.40562]]},"properties":{"net":"NC6241","o":4}},{"type":"Feature","geometry":{"type":"LineString","coordinates":[[-83.42146,35.40612],[-83.42146,35.40657],[-83.42122,35.40709],[-83.42138,35.4074],[-83.42135,35.40769],[-83.42158,35.40806]]},"properties":{"net":"NC6241","o":4}},{"type":"Feature","geometry":{"type":"LineString","coordinates":[[-83.58707,35.45199],[-83.58666,35.45167],[-83.58632,35.45123],[-83.58592,35.45027],[-83.58439,35.44801],[-83.58356,35.44659]]},"properties":{"net":"out","o":7}},{"type":"Feature","geometry":{"type":"LineString","coordinates":[[-83.56652,35.44087],[-83.56772,35.44169],[-83.5713,35.44271]]},"properties":{"net":"out","o":7}},{"type":"Feature","geometry":{"type":"LineString","coordinates":[[-83.56837,35.4732],[-83.56881,35.47284],[-83.56859,35.47238],[-83.56851,35.47226],[-83.56785,35.47203],[-83.56727,35.47168]]},"properties":{"net":"out","o":4}},{"type":"Feature","geometry":{"type":"LineString","coordinates":[[-83.56176,35.45948],[-83.56172,35.45841]]},"properties":{"net":"out","o":4}},{"type":"Feature","geometry":{"type":"LineString","coordinates":[[-83.56201,35.50001],[-83.56188,35.49925],[-83.56195,35.49866],[-83.56244,35.49839],[-83.56269,35.49805],[-83.56255,35.49786],[-83.56185,35.49758],[-83.56165,35.49736],[-83.56152,35.49653],[-83.56124,35.49576],[-83.56125,35.49463],[-83.56096,35.49378],[-83.56103,35.49282],[-83.56127,35.49245],[-83.56189,35.49197]]},"properties":{"net":"out","o":4}},{"type":"Feature","geometry":{"type":"LineString","coordinates":[[-83.55847,35.51208],[-83.55843,35.51158],[-83.55906,35.51092],[-83.55929,35.51041]]},"properties":{"net":"out","o":4}},{"type":"Feature","geometry":{"type":"LineString","coordinates":[[-83.36169,35.48214],[-83.36145,35.4815],[-83.36091,35.48117],[-83.35994,35.48086],[-83.35928,35.48094],[-83.35855,35.48087],[-83.3568,35.48043],[-83.35582,35.48041]]},"properties":{"net":"NC3046","o":1}},{"type":"Feature","geometry":{"type":"LineString","coordinates":[[-83.35248,35.49274],[-83.35249,35.49246],[-83.35289,35.49179],[-83.35276,35.49107]]},"properties":{"net":"NC3046","o":1}},{"type":"Feature","geometry":{"type":"LineString","coordinates":[[-83.3492,35.49023],[-83.34962,35.48981]]},"properties":{"net":"NC3046","o":3}},{"type":"Feature","geometry":{"type":"LineString","coordinates":[[-83.34788,35.49817],[-83.34849,35.49798],[-83.34928,35.49726],[-83.3498,35.4966],[-83.35,35.49614],[-83.34987,35.49553],[-83.35009,35.49496]]},"properties":{"net":"NC3046","o":1}},{"type":"Feature","geometry":{"type":"LineString","coordinates":[[-83.34388,35.49322],[-83.34401,35.49306],[-83.3448,35.49262],[-83.34545,35.49248],[-83.34626,35.49198],[-83.34693,35.49172]]},"properties":{"net":"NC3046","o":3}},{"type":"Feature","geometry":{"type":"LineString","coordinates":[[-83.34264,35.49659],[-83.34279,35.49551],[-83.34333,35.4946],[-83.34345,35.49416],[-83.34388,35.49357],[-83.34388,35.49322]]},"properties":{"net":"NC3046","o":3}},{"type":"Feature","geometry":{"type":"LineString","coordinates":[[-83.33973,35.49915],[-83.34039,35.49889],[-83.3416,35.49811],[-83.34208,35.49766],[-83.3426,35.49666]]},"properties":{"net":"NC3046","o":1}},{"type":"Feature","geometry":{"type":"LineString","coordinates":[[-83.31612,35.50494],[-83.31601,35.50466]]},"properties":{"net":"NC3046","o":2}},{"type":"Feature","geometry":{"type":"LineString","coordinates":[[-83.31488,35.50366],[-83.31474,35.5035],[-83.31418,35.50335],[-83.31401,35.50322]]},"properties":{"net":"NC3046","o":2}},{"type":"Feature","geometry":{"type":"LineString","coordinates":[[-83.31281,35.49865],[-83.31273,35.49862]]},"properties":{"net":"NC3046","o":1}},{"type":"Feature","geometry":{"type":"LineString","coordinates":[[-83.47979,35.41103],[-83.47912,35.41186],[-83.47885,35.41244],[-83.47874,35.41409],[-83.47882,35.4147]]},"properties":{"net":"out","o":4}},{"type":"Feature","geometry":{"type":"LineString","coordinates":[[-83.33375,35.61424],[-83.33338,35.61411],[-83.33309,35.61366],[-83.33253,35.61316],[-83.33234,35.6127],[-83.33179,35.61205],[-83.33132,35.61179]]},"properties":{"net":"NC3046","o":1}},{"type":"Feature","geometry":{"type":"LineString","coordinates":[[-83.32623,35.62439],[-83.32622,35.62404],[-83.32659,35.62363]]},"properties":{"net":"NC3046","o":3}},{"type":"Feature","geometry":{"type":"LineString","coordinates":[[-83.31344,35.50854],[-83.31289,35.50787],[-83.31241,35.50757],[-83.31216,35.507]]},"properties":{"net":"NC3046","o":1}},{"type":"Feature","geometry":{"type":"LineString","coordinates":[[-83.31259,35.50871],[-83.31219,35.50829],[-83.31198,35.50786]]},"properties":{"net":"NC3046","o":1}},{"type":"Feature","geometry":{"type":"LineString","coordinates":[[-83.31172,35.5095],[-83.31165,35.50877],[-83.31198,35.50786]]},"properties":{"net":"NC3046","o":1}},{"type":"Feature","geometry":{"type":"LineString","coordinates":[[-83.30848,35.50261],[-83.30884,35.50235],[-83.30898,35.50175],[-83.30925,35.50139]]},"properties":{"net":"NC3046","o":2}},{"type":"Feature","geometry":{"type":"LineString","coordinates":[[-83.30664,35.50112],[-83.30642,35.50068],[-83.30677,35.50018],[-83.30698,35.50021]]},"properties":{"net":"NC3046","o":1}},{"type":"Feature","geometry":{"type":"LineString","coordinates":[[-83.30022,35.49876],[-83.30043,35.49881]]},"properties":{"net":"NC3046","o":2}},{"type":"Feature","geometry":{"type":"LineString","coordinates":[[-83.2995,35.50009],[-83.30001,35.49923],[-83.30043,35.49881]]},"properties":{"net":"NC3046","o":6}},{"type":"Feature","geometry":{"type":"LineString","coordinates":[[-83.52371,35.43706],[-83.52558,35.43827]]},"properties":{"net":"out","o":4}},{"type":"Feature","geometry":{"type":"LineString","coordinates":[[-83.51116,35.4409],[-83.51165,35.44057],[-83.51259,35.44055],[-83.51379,35.44093],[-83.51595,35.44193],[-83.51747,35.44212],[-83.51886,35.44185]]},"properties":{"net":"out","o":7}},{"type":"Feature","geometry":{"type":"LineString","coordinates":[[-83.51875,35.46962],[-83.51868,35.46854],[-83.51875,35.46788],[-83.51914,35.46694]]},"properties":{"net":"out","o":4}},{"type":"Feature","geometry":{"type":"LineString","coordinates":[[-83.32136,35.50896],[-83.32054,35.50852],[-83.31974,35.5086],[-83.31789,35.5079],[-83.31752,35.50746],[-83.31715,35.50728],[-83.31709,35.50683],[-83.31699,35.50669],[-83.31659,35.50654],[-83.31604,35.50589]]},"properties":{"net":"NC3046","o":1}},{"type":"Feature","geometry":{"type":"LineString","coordinates":[[-83.34023,35.59138],[-83.33981,35.59045],[-83.33935,35.58976],[-83.33918,35.58925],[-83.33883,35.58895],[-83.33877,35.58878],[-83.33904,35.58754],[-83.33904,35.5865],[-83.33887,35.58585],[-83.33937,35.58528],[-83.33995,35.58415],[-83.34035,35.58382],[-83.34064,35.58374],[-83.34077,35.58353],[-83.34147,35.58289]]},"properties":{"net":"NC3046","o":1}},{"type":"Feature","geometry":{"type":"LineString","coordinates":[[-83.342,35.61365],[-83.34119,35.61301],[-83.34086,35.61254],[-83.34024,35.61204],[-83.34015,35.61179],[-83.34017,35.61128]]},"properties":{"net":"NC3046","o":2}},{"type":"Feature","geometry":{"type":"LineString","coordinates":[[-83.36162,35.62674],[-83.3615,35.62559]]},"properties":{"net":"NC3046","o":1}},{"type":"Feature","geometry":{"type":"LineString","coordinates":[[-83.35488,35.63937],[-83.35366,35.63994],[-83.35294,35.63999],[-83.35255,35.63984],[-83.3518,35.63999],[-83.35125,35.63996],[-83.35052,35.64014],[-83.35031,35.6404],[-83.35003,35.64049],[-83.34954,35.64043],[-83.34922,35.64029],[-83.34833,35.64024],[-83.3477,35.63998],[-83.34695,35.63991],[-83.34613,35.64002]]},"properties":{"net":"NC3046","o":2}},{"type":"Feature","geometry":{"type":"LineString","coordinates":[[-83.33248,35.53531],[-83.33218,35.53532],[-83.33193,35.53546],[-83.33073,35.53548],[-83.32945,35.5361]]},"properties":{"net":"NC3046","o":1}},{"type":"Feature","geometry":{"type":"LineString","coordinates":[[-83.3214,35.5456],[-83.32139,35.54501],[-83.32089,35.54443],[-83.31978,35.54356],[-83.31928,35.54303],[-83.31915,35.54126],[-83.31937,35.54086],[-83.31931,35.54046],[-83.31984,35.53961],[-83.31974,35.53864],[-83.31942,35.53805]]},"properties":{"net":"NC3046","o":1}},{"type":"Feature","geometry":{"type":"LineString","coordinates":[[-83.33113,35.56411],[-83.33081,35.5641],[-83.33046,35.56393],[-83.32886,35.56269],[-83.32804,35.56227],[-83.32708,35.56124],[-83.32638,35.56097]]},"properties":{"net":"NC3046","o":5}},{"type":"Feature","geometry":{"type":"LineString","coordinates":[[-83.32091,35.55242],[-83.32043,35.5537]]},"properties":{"net":"NC3046","o":2}},{"type":"Feature","geometry":{"type":"LineString","coordinates":[[-83.50622,35.49448],[-83.50629,35.49423],[-83.50619,35.494],[-83.50511,35.49344],[-83.50498,35.49247],[-83.50484,35.49221],[-83.50428,35.49188],[-83.50327,35.49154],[-83.5027,35.49111],[-83.50258,35.49075],[-83.50253,35.49005],[-83.50181,35.48902],[-83.5019,35.4882]]},"properties":{"net":"out","o":4}},{"type":"Feature","geometry":{"type":"LineString","coordinates":[[-83.47382,35.42857],[-83.47435,35.42873]]},"properties":{"net":"out","o":7}},{"type":"Feature","geometry":{"type":"LineString","coordinates":[[-83.47398,35.4192],[-83.4733,35.42028],[-83.47304,35.42128]]},"properties":{"net":"out","o":4}},{"type":"Feature","geometry":{"type":"LineString","coordinates":[[-83.33881,35.49578],[-83.34028,35.49568],[-83.34192,35.49507],[-83.34232,35.49471],[-83.34304,35.49432],[-83.34354,35.49372],[-83.34372,35.49332]]},"properties":{"net":"NC3046","o":2}},{"type":"Feature","geometry":{"type":"LineString","coordinates":[[-83.35257,35.50021],[-83.35266,35.4998],[-83.35258,35.49958],[-83.35204,35.49921],[-83.35155,35.49907]]},"properties":{"net":"NC3046","o":1}},{"type":"Feature","geometry":{"type":"LineString","coordinates":[[-83.35045,35.50045],[-83.35057,35.50006]]},"properties":{"net":"NC3046","o":3}},{"type":"Feature","geometry":{"type":"LineString","coordinates":[[-83.34788,35.50504],[-83.34801,35.50433]]},"properties":{"net":"NC3046","o":2}},{"type":"Feature","geometry":{"type":"LineString","coordinates":[[-83.34344,35.45894],[-83.34287,35.45772],[-83.34275,35.45682],[-83.34299,35.45576],[-83.34296,35.45528],[-83.34374,35.45448],[-83.34383,35.4542],[-83.34409,35.45389]]},"properties":{"net":"NC3046","o":2}},{"type":"Feature","geometry":{"type":"LineString","coordinates":[[-83.35892,35.47179],[-83.35824,35.47113]]},"properties":{"net":"NC3046","o":2}},{"type":"Feature","geometry":{"type":"LineString","coordinates":[[-83.35695,35.46124],[-83.35752,35.46116],[-83.35775,35.46102],[-83.35784,35.46087],[-83.35783,35.46057],[-83.35817,35.46002],[-83.36004,35.45947],[-83.36092,35.45868],[-83.36111,35.45837],[-83.36136,35.45831]]},"properties":{"net":"sm3080","o":2}},{"type":"Feature","geometry":{"type":"LineString","coordinates":[[-83.3569,35.46136],[-83.35695,35.46124]]},"properties":{"net":"sm3080","o":2}},{"type":"Feature","geometry":{"type":"LineString","coordinates":[[-83.35786,35.46596],[-83.35737,35.46612],[-83.35648,35.46605],[-83.356,35.46633],[-83.35584,35.46653],[-83.35584,35.46676]]},"properties":{"net":"NC3046","o":1}},{"type":"Feature","geometry":{"type":"LineString","coordinates":[[-83.3555,35.47786],[-83.35554,35.47767],[-83.35505,35.47703],[-83.35437,35.47656]]},"properties":{"net":"NC3046","o":5}},{"type":"Feature","geometry":{"type":"LineString","coordinates":[[-83.34441,35.54924],[-83.34502,35.55008],[-83.34505,35.55108],[-83.34489,35.55168],[-83.34495,35.5521]]},"properties":{"net":"NC3046","o":1}},{"type":"Feature","geometry":{"type":"LineString","coordinates":[[-83.35245,35.46219],[-83.35792,35.45853]]},"properties":{"net":"NC3046","o":6}},{"type":"Feature","geometry":{"type":"LineString","coordinates":[[-83.35349,35.46643],[-83.35354,35.46604],[-83.35336,35.46587],[-83.35212,35.46546]]},"properties":{"net":"NC3046","o":6}},{"type":"Feature","geometry":{"type":"LineString","coordinates":[[-83.34888,35.46968],[-83.34936,35.4693]]},"properties":{"net":"NC3046","o":6}},{"type":"Feature","geometry":{"type":"LineString","coordinates":[[-83.31905,35.46227],[-83.31905,35.46234]]},"properties":{"net":"NC3046","o":1}},{"type":"Feature","geometry":{"type":"LineString","coordinates":[[-83.31905,35.46234],[-83.31915,35.4623],[-83.31932,35.46243],[-83.31964,35.46306]]},"properties":{"net":"NC3046","o":4}},{"type":"Feature","geometry":{"type":"LineString","coordinates":[[-83.31752,35.46903],[-83.3187,35.4684],[-83.31902,35.46837]]},"properties":{"net":"NC3046","o":6}},{"type":"Feature","geometry":{"type":"LineString","coordinates":[[-83.31678,35.47813],[-83.31751,35.47776],[-83.31774,35.47745],[-83.31803,35.47666],[-83.318,35.47632],[-83.31859,35.4746]]},"properties":{"net":"NC3046","o":1}},{"type":"Feature","geometry":{"type":"LineString","coordinates":[[-83.31446,35.46089],[-83.31449,35.46094]]},"properties":{"net":"NC3046","o":3}},{"type":"Feature","geometry":{"type":"LineString","coordinates":[[-83.30583,35.47004],[-83.30897,35.47097],[-83.30962,35.47054]]},"properties":{"net":"NC3046","o":4}},{"type":"Feature","geometry":{"type":"LineString","coordinates":[[-83.30356,35.46961],[-83.3035,35.46946]]},"properties":{"net":"NC3046","o":1}},{"type":"Feature","geometry":{"type":"LineString","coordinates":[[-83.31989,35.47791],[-83.31974,35.47794]]},"properties":{"net":"NC3046","o":2}},{"type":"Feature","geometry":{"type":"LineString","coordinates":[[-83.31662,35.48222],[-83.31872,35.4809],[-83.31911,35.48058],[-83.3196,35.47988]]},"properties":{"net":"NC3046","o":6}},{"type":"Feature","geometry":{"type":"LineString","coordinates":[[-83.33828,35.49693],[-83.33852,35.49599]]},"properties":{"net":"NC3046","o":2}},{"type":"Feature","geometry":{"type":"LineString","coordinates":[[-83.33715,35.49517],[-83.33881,35.49578]]},"properties":{"net":"NC3046","o":1}},{"type":"Feature","geometry":{"type":"LineString","coordinates":[[-83.33446,35.49371],[-83.33452,35.49291],[-83.33436,35.49221],[-83.33455,35.49176],[-83.33448,35.49124],[-83.33475,35.49011],[-83.33521,35.48936]]},"properties":{"net":"NC3046","o":1}},{"type":"Feature","geometry":{"type":"LineString","coordinates":[[-83.34938,35.4737],[-83.34826,35.47364],[-83.34795,35.4737]]},"properties":{"net":"NC3046","o":1}},{"type":"Feature","geometry":{"type":"LineString","coordinates":[[-83.34171,35.5536],[-83.34186,35.55412],[-83.34237,35.55467],[-83.34267,35.55485],[-83.34279,35.5551]]},"properties":{"net":"NC3046","o":2}},{"type":"Feature","geometry":{"type":"LineString","coordinates":[[-83.34055,35.55291],[-83.34075,35.55312],[-83.34171,35.5536]]},"properties":{"net":"NC3046","o":1}},{"type":"Feature","geometry":{"type":"LineString","coordinates":[[-83.34916,35.56943],[-83.34803,35.57036]]},"properties":{"net":"NC3046","o":1}},{"type":"Feature","geometry":{"type":"LineString","coordinates":[[-83.35107,35.58168],[-83.35021,35.58126],[-83.34899,35.58135],[-83.34812,35.58104],[-83.34763,35.58097]]},"properties":{"net":"NC3046","o":4}},{"type":"Feature","geometry":{"type":"LineString","coordinates":[[-83.3532,35.57313],[-83.35264,35.57302],[-83.3518,35.57303],[-83.35043,35.57346],[-83.35013,35.57364],[-83.3496,35.5734],[-83.34909,35.57334],[-83.34855,35.57314],[-83.34794,35.57269],[-83.34755,35.57189],[-83.34652,35.57134],[-83.34581,35.57073],[-83.3457,35.56997]]},"properties":{"net":"NC3046","o":1}},{"type":"Feature","geometry":{"type":"LineString","coordinates":[[-83.33314,35.4825],[-83.33274,35.48212],[-83.33269,35.48182],[-83.33231,35.48123]]},"properties":{"net":"NC3046","o":3}},{"type":"Feature","geometry":{"type":"LineString","coordinates":[[-83.33085,35.48408],[-83.33123,35.48363],[-83.33128,35.48323],[-83.33152,35.48274],[-83.33156,35.48194],[-83.3318,35.48171],[-83.3319,35.48143],[-83.33231,35.48123]]},"properties":{"net":"NC3046","o":1}},{"type":"Feature","geometry":{"type":"LineString","coordinates":[[-83.331,35.49358],[-83.33064,35.49353],[-83.32989,35.49319],[-83.32857,35.49226],[-83.32805,35.49221],[-83.32712,35.49193],[-83.32541,35.49197]]},"properties":{"net":"NC3046","o":1}},{"type":"Feature","geometry":{"type":"LineString","coordinates":[[-83.3244,35.49928],[-83.32457,35.49898],[-83.32435,35.49851],[-83.32435,35.49788]]},"properties":{"net":"NC3046","o":1}},{"type":"Feature","geometry":{"type":"LineString","coordinates":[[-83.32917,35.4891],[-83.32765,35.48876],[-83.32741,35.48831],[-83.32686,35.48793],[-83.32654,35.48787],[-83.32607,35.4876],[-83.32524,35.48752],[-83.32431,35.48691]]},"properties":{"net":"NC3046","o":1}},{"type":"Feature","geometry":{"type":"LineString","coordinates":[[-83.32355,35.49281],[-83.32383,35.49238],[-83.32385,35.49215],[-83.3238,35.49182],[-83.32352,35.49156],[-83.32342,35.4912]]},"properties":{"net":"NC3046","o":1}},{"type":"Feature","geometry":{"type":"LineString","coordinates":[[-83.32469,35.57023],[-83.32363,35.56969],[-83.32363,35.56923],[-83.32267,35.5675],[-83.32262,35.56709],[-83.32228,35.56657],[-83.32165,35.56618],[-83.32152,35.56573],[-83.32124,35.56546],[-83.3209,35.56453],[-83.3212,35.56382],[-83.32122,35.5627],[-83.32019,35.56099],[-83.32,35.56056],[-83.32004,35.56015],[-83.31973,35.55961]]},"properties":{"net":"NC3046","o":1}},{"type":"Feature","geometry":{"type":"LineString","coordinates":[[-83.31973,35.55961],[-83.3197,35.55936],[-83.31996,35.55906],[-83.32025,35.5588],[-83.32068,35.55862],[-83.32123,35.55813]]},"properties":{"net":"NC3046","o":2}},{"type":"Feature","geometry":{"type":"LineString","coordinates":[[-83.3487,35.46712],[-83.349,35.46719],[-83.34931,35.46747],[-83.34974,35.4676],[-83.35056,35.46736],[-83.35094,35.46769],[-83.35153,35.46798]]},"properties":{"net":"NC3046","o":1}},{"type":"Feature","geometry":{"type":"LineString","coordinates":[[-83.34918,35.479],[-83.34935,35.47737],[-83.34909,35.47704],[-83.34901,35.47664],[-83.34849,35.47582],[-83.34847,35.47522]]},"properties":{"net":"NC3046","o":1}},{"type":"Feature","geometry":{"type":"LineString","coordinates":[[-83.34762,35.47005],[-83.34802,35.46997],[-83.34829,35.4701]]},"properties":{"net":"NC3046","o":1}},{"type":"Feature","geometry":{"type":"LineString","coordinates":[[-83.34795,35.4737],[-83.34742,35.47331],[-83.34696,35.47313],[-83.34654,35.47275]]},"properties":{"net":"NC3046","o":2}},{"type":"Feature","geometry":{"type":"LineString","coordinates":[[-83.34389,35.46297],[-83.34309,35.46208],[-83.34297,35.46155],[-83.34252,35.46145]]},"properties":{"net":"NC3046","o":1}},{"type":"Feature","geometry":{"type":"LineString","coordinates":[[-83.34205,35.46995],[-83.3422,35.47007],[-83.34241,35.47064],[-83.34303,35.47101],[-83.34293,35.47131],[-83.3426,35.47164],[-83.34238,35.47247],[-83.34241,35.47273]]},"properties":{"net":"NC3046","o":2}},{"type":"Feature","geometry":{"type":"LineString","coordinates":[[-83.34528,35.58671],[-83.34549,35.58633],[-83.34608,35.58588],[-83.34626,35.58547],[-83.3467,35.58493],[-83.34688,35.58429],[-83.34733,35.58392],[-83.34747,35.58348],[-83.34734,35.58254],[-83.34742,35.58211],[-83.34759,35.58182],[-83.34763,35.58097]]},"properties":{"net":"NC3046","o":1}},{"type":"Feature","geometry":{"type":"LineString","coordinates":[[-83.34645,35.57622],[-83.34556,35.57646],[-83.34503,35.57674],[-83.34432,35.5769],[-83.3441,35.57716]]},"properties":{"net":"NC3046","o":1}},{"type":"Feature","geometry":{"type":"LineString","coordinates":[[-83.3457,35.56997],[-83.345,35.56946],[-83.34422,35.5691],[-83.34246,35.56739],[-83.34211,35.56723],[-83.34107,35.56705],[-83.34073,35.56718],[-83.34065,35.56709]]},"properties":{"net":"NC3046","o":2}},{"type":"Feature","geometry":{"type":"LineString","coordinates":[[-83.32211,35.54863],[-83.32117,35.54865],[-83.32059,35.54882],[-83.32009,35.54922],[-83.31924,35.54961],[-83.31886,35.55026],[-83.31848,35.55065],[-83.31819,35.55072],[-83.31697,35.55141],[-83.31613,35.55145],[-83.31589,35.55161],[-83.31521,35.55167],[-83.31478,35.55212],[-83.31431,35.55208],[-83.3138,35.55222],[-83.31301,35.55215],[-83.31274,35.55232],[-83.31177,35.55256],[-83.31104,35.55242],[-83.31046,35.55203],[-83.30976,35.55197]]},"properties":{"net":"NC3046","o":1}},{"type":"Feature","geometry":{"type":"LineString","coordinates":[[-83.34065,35.56709],[-83.34005,35.56765],[-83.33965,35.56772]]},"properties":{"net":"NC3046","o":4}},{"type":"Feature","geometry":{"type":"LineString","coordinates":[[-83.32572,35.58838],[-83.32586,35.58765],[-83.32578,35.58743],[-83.32555,35.58722],[-83.3246,35.58709],[-83.3241,35.58722],[-83.32348,35.58722],[-83.3231,35.58706],[-83.32277,35.58672],[-83.32245,35.5857],[-83.32249,35.58476],[-83.32231,35.58414],[-83.32235,35.58329],[-83.32209,35.58243],[-83.3222,35.58176],[-83.32202,35.58143]]},"properties":{"net":"NC3046","o":3}},{"type":"Feature","geometry":{"type":"LineString","coordinates":[[-83.32675,35.5717],[-83.32666,35.57209],[-83.32577,35.57351],[-83.32582,35.57387],[-83.32614,35.57442],[-83.32658,35.57463],[-83.32677,35.57495],[-83.32678,35.57526],[-83.32643,35.57578],[-83.32637,35.57624],[-83.32613,35.5764],[-83.32549,35.57649],[-83.3248,35.57712],[-83.32465,35.57747],[-83.32425,35.57754],[-83.32387,35.57777],[-83.32359,35.57796],[-83.32337,35.57829],[-83.32196,35.57845],[-83.32053,35.57775],[-83.32005,35.57782],[-83.31873,35.57775],[-83.31843,35.57762],[-83.31756,35.57749]]},"properties":{"net":"NC3046","o":1}},{"type":"Feature","geometry":{"type":"LineString","coordinates":[[-83.33569,35.59274],[-83.33494,35.59208],[-83.33418,35.59188],[-83.33368,35.59142],[-83.333,35.59121],[-83.3324,35.5908],[-83.332,35.59065],[-83.33175,35.59062],[-83.33122,35.59081],[-83.33034,35.59089],[-83.32954,35.59071],[-83.32855,35.59022],[-83.32729,35.58936],[-83.32682,35.58926],[-83.32641,35.58889],[-83.32631,35.58864],[-83.32572,35.58838]]},"properties":{"net":"NC3046","o":1}},{"type":"Feature","geometry":{"type":"LineString","coordinates":[[-83.34184,35.47302],[-83.3425,35.47287]]},"properties":{"net":"NC3046","o":6}},{"type":"Feature","geometry":{"type":"LineString","coordinates":[[-83.34121,35.47669],[-83.34134,35.47657],[-83.34137,35.47621],[-83.34122,35.47481],[-83.34145,35.47455],[-83.34125,35.47406],[-83.34103,35.47381]]},"properties":{"net":"NC3046","o":1}},{"type":"Feature","geometry":{"type":"LineString","coordinates":[[-83.3421,35.47755],[-83.34222,35.47642],[-83.34244,35.47574],[-83.34195,35.47447],[-83.34103,35.47381]]},"properties":{"net":"NC3046","o":2}},{"type":"Feature","geometry":{"type":"LineString","coordinates":[[-83.36056,35.49152],[-83.36058,35.4909],[-83.3605,35.49068],[-83.36061,35.48994]]},"properties":{"net":"NC3046","o":1}},{"type":"Feature","geometry":{"type":"LineString","coordinates":[[-83.31536,35.48431],[-83.31517,35.48426]]},"properties":{"net":"NC3046","o":1}},{"type":"Feature","geometry":{"type":"LineString","coordinates":[[-83.31451,35.48776],[-83.31476,35.48773]]},"properties":{"net":"NC3046","o":3}},{"type":"Feature","geometry":{"type":"LineString","coordinates":[[-83.31351,35.49555],[-83.31312,35.49451]]},"properties":{"net":"NC3046","o":1}},{"type":"Feature","geometry":{"type":"LineString","coordinates":[[-83.31306,35.49435],[-83.31313,35.49418]]},"properties":{"net":"NC3046","o":6}},{"type":"Feature","geometry":{"type":"LineString","coordinates":[[-83.31233,35.48742],[-83.31451,35.48776]]},"properties":{"net":"NC3046","o":3}},{"type":"Feature","geometry":{"type":"LineString","coordinates":[[-83.31225,35.49024],[-83.31212,35.489],[-83.31233,35.48742]]},"properties":{"net":"NC3046","o":1}},{"type":"Feature","geometry":{"type":"LineString","coordinates":[[-83.30654,35.48317],[-83.30671,35.48378],[-83.30671,35.48444],[-83.30641,35.48481]]},"properties":{"net":"NC3046","o":1}},{"type":"Feature","geometry":{"type":"LineString","coordinates":[[-83.30236,35.48985],[-83.30286,35.49004],[-83.30325,35.4905],[-83.30376,35.49183],[-83.30443,35.49202]]},"properties":{"net":"NC3046","o":2}},{"type":"Feature","geometry":{"type":"LineString","coordinates":[[-83.30088,35.49766],[-83.30085,35.4978]]},"properties":{"net":"NC3046","o":2}},{"type":"Feature","geometry":{"type":"LineString","coordinates":[[-83.30038,35.48692],[-83.30082,35.48667],[-83.30105,35.48635],[-83.30137,35.48612],[-83.3019,35.48595],[-83.30244,35.48537]]},"properties":{"net":"NC3046","o":3}},{"type":"Feature","geometry":{"type":"LineString","coordinates":[[-83.29963,35.49318],[-83.29987,35.49342],[-83.29993,35.49361],[-83.29982,35.4946],[-83.29993,35.49497],[-83.29972,35.49532],[-83.29958,35.49584],[-83.29971,35.49611],[-83.3,35.49637],[-83.30066,35.49666],[-83.30088,35.49766]]},"properties":{"net":"NC3046","o":1}},{"type":"Feature","geometry":{"type":"LineString","coordinates":[[-83.29923,35.48705],[-83.29977,35.48701]]},"properties":{"net":"NC3046","o":3}},{"type":"Feature","geometry":{"type":"LineString","coordinates":[[-83.3241,35.48511],[-83.32338,35.48535],[-83.32296,35.48533],[-83.32264,35.48514],[-83.32228,35.48527],[-83.32184,35.48526]]},"properties":{"net":"NC3046","o":1}},{"type":"Feature","geometry":{"type":"LineString","coordinates":[[-83.32201,35.49501],[-83.32173,35.49557]]},"properties":{"net":"NC3046","o":1}},{"type":"Feature","geometry":{"type":"LineString","coordinates":[[-83.32134,35.49579],[-83.32106,35.49553],[-83.31994,35.49532],[-83.31962,35.49516],[-83.31906,35.49535],[-83.31777,35.49531]]},"properties":{"net":"NC3046","o":3}},{"type":"Feature","geometry":{"type":"LineString","coordinates":[[-83.33518,35.50191],[-83.33416,35.50096]]},"properties":{"net":"NC3046","o":2}},{"type":"Feature","geometry":{"type":"LineString","coordinates":[[-83.34134,35.56921],[-83.34124,35.56904],[-83.34037,35.56837],[-83.34018,35.56804],[-83.33965,35.56772]]},"properties":{"net":"NC3046","o":1}},{"type":"Feature","geometry":{"type":"LineString","coordinates":[[-83.35965,35.58653],[-83.35935,35.58633]]},"properties":{"net":"NC3046","o":4}},{"type":"Feature","geometry":{"type":"LineString","coordinates":[[-83.35119,35.60586],[-83.35124,35.60479],[-83.35168,35.60361],[-83.35182,35.60244],[-83.35171,35.60204],[-83.35118,35.6013],[-83.35098,35.60077],[-83.35097,35.60046],[-83.35141,35.59991],[-83.35129,35.5992],[-83.35138,35.59889],[-83.35182,35.59824],[-83.35268,35.5976],[-83.35298,35.59709],[-83.35308,35.59659],[-83.35326,35.59638],[-83.3533,35.59583],[-83.3534,35.59568]]},"properties":{"net":"NC3046","o":1}},{"type":"Feature","geometry":{"type":"LineString","coordinates":[[-83.3317,35.50385],[-83.33119,35.50403],[-83.33024,35.50396]]},"properties":{"net":"NC3046","o":1}},{"type":"Feature","geometry":{"type":"LineString","coordinates":[[-83.32885,35.5003],[-83.32856,35.49996]]},"properties":{"net":"NC3046","o":2}},{"type":"Feature","geometry":{"type":"LineString","coordinates":[[-83.32856,35.49996],[-83.32853,35.49992]]},"properties":{"net":"NC3046","o":2}},{"type":"Feature","geometry":{"type":"LineString","coordinates":[[-83.32853,35.49992],[-83.32823,35.49991],[-83.32796,35.49973]]},"properties":{"net":"NC3046","o":3}},{"type":"Feature","geometry":{"type":"LineString","coordinates":[[-83.32796,35.49973],[-83.32762,35.4996]]},"properties":{"net":"NC3046","o":3}},{"type":"Feature","geometry":{"type":"LineString","coordinates":[[-83.32355,35.50356],[-83.32314,35.50325],[-83.32276,35.50314],[-83.32226,35.50314],[-83.32191,35.50325]]},"properties":{"net":"NC3046","o":1}},{"type":"Feature","geometry":{"type":"LineString","coordinates":[[-83.33132,35.61179],[-83.3317,35.61139],[-83.33192,35.61079],[-83.33247,35.61015],[-83.3325,35.60997],[-83.33216,35.60969]]},"properties":{"net":"NC3046","o":3}},{"type":"Feature","geometry":{"type":"LineString","coordinates":[[-83.35892,35.48433],[-83.35874,35.48445],[-83.35825,35.48445]]},"properties":{"net":"NC3046","o":1}},{"type":"Feature","geometry":{"type":"LineString","coordinates":[[-83.35926,35.4839],[-83.35867,35.4834],[-83.35842,35.48332],[-83.35827,35.48331],[-83.35788,35.48353],[-83.35728,35.48347]]},"properties":{"net":"NC3046","o":1}},{"type":"Feature","geometry":{"type":"LineString","coordinates":[[-83.35825,35.48445],[-83.35792,35.48427],[-83.35784,35.48391],[-83.35739,35.4837],[-83.35728,35.48347]]},"properties":{"net":"NC3046","o":3}},{"type":"Feature","geometry":{"type":"LineString","coordinates":[[-83.34728,35.5948],[-83.34917,35.59379],[-83.35085,35.59352],[-83.35188,35.59312],[-83.35319,35.59225],[-83.35438,35.59181],[-83.35507,35.59123],[-83.35555,35.59027],[-83.35608,35.58976],[-83.35629,35.58919],[-83.35672,35.5886],[-83.35681,35.58795],[-83.35674,35.58769],[-83.35678,35.58624],[-83.35687,35.58587],[-83.35706,35.58566]]},"properties":{"net":"NC3046","o":1}},{"type":"Feature","geometry":{"type":"LineString","coordinates":[[-83.34699,35.59941],[-83.3471,35.59875],[-83.34735,35.59838],[-83.34822,35.59784],[-83.34873,35.59732],[-83.34939,35.59705],[-83.35016,35.5965],[-83.35127,35.59611],[-83.35204,35.59563],[-83.35294,35.59555],[-83.3534,35.59568]]},"properties":{"net":"NC3046","o":1}},{"type":"Feature","geometry":{"type":"LineString","coordinates":[[-83.34622,35.59393],[-83.34622,35.59262],[-83.34662,35.59214],[-83.34676,35.59161],[-83.34697,35.59124],[-83.34768,35.59048],[-83.34766,35.58974],[-83.34818,35.5887],[-83.34826,35.5883],[-83.34816,35.58794],[-83.34843,35.58755],[-83.34839,35.58671],[-83.34857,35.58641]]},"properties":{"net":"NC3046","o":1}},{"type":"Feature","geometry":{"type":"LineString","coordinates":[[-83.49932,35.43456],[-83.49854,35.4349],[-83.49795,35.43552]]},"properties":{"net":"out","o":4}},{"type":"Feature","geometry":{"type":"LineString","coordinates":[[-83.43161,35.43338],[-83.43347,35.43358]]},"properties":{"net":"out","o":7}},{"type":"Feature","geometry":{"type":"LineString","coordinates":[[-83.50345,35.45192],[-83.50494,35.45114]]},"properties":{"net":"out","o":7}},{"type":"Feature","geometry":{"type":"LineString","coordinates":[[-83.50085,35.45264],[-83.50218,35.45246],[-83.50287,35.45226]]},"properties":{"net":"out","o":7}},{"type":"Feature","geometry":{"type":"LineString","coordinates":[[-83.49795,35.43552],[-83.49753,35.4359],[-83.49691,35.43611]]},"properties":{"net":"out","o":4}},{"type":"Feature","geometry":{"type":"LineString","coordinates":[[-83.46832,35.42614],[-83.4698,35.42697]]},"properties":{"net":"out","o":7}},{"type":"Feature","geometry":{"type":"LineString","coordinates":[[-83.46743,35.45561],[-83.46759,35.45552],[-83.46793,35.45505],[-83.46835,35.45432],[-83.46869,35.45414],[-83.46891,35.45382]]},"properties":{"net":"out","o":4}},{"type":"Feature","geometry":{"type":"LineString","coordinates":[[-83.43258,35.40915],[-83.43249,35.40961],[-83.43233,35.40986],[-83.4324,35.41017],[-83.43193,35.41055]]},"properties":{"net":"NC6241","o":4}},{"type":"Feature","geometry":{"type":"LineString","coordinates":[[-83.44302,35.43021],[-83.4434,35.42993]]},"properties":{"net":"out","o":7}},{"type":"Feature","geometry":{"type":"LineString","coordinates":[[-83.4391,35.43311],[-83.44011,35.4325],[-83.44042,35.43218]]},"properties":{"net":"out","o":7}},{"type":"Feature","geometry":{"type":"LineString","coordinates":[[-83.17996,35.49158],[-83.18003,35.49105],[-83.17993,35.48966],[-83.18053,35.48803]]},"properties":{"net":"NC3046","o":2}},{"type":"Feature","geometry":{"type":"LineString","coordinates":[[-83.16967,35.49241],[-83.17145,35.49196],[-83.1724,35.49157],[-83.17357,35.49083],[-83.17408,35.49034]]},"properties":{"net":"NC3046","o":3}},{"type":"Feature","geometry":{"type":"LineString","coordinates":[[-83.19029,35.51782],[-83.19093,35.51865],[-83.19098,35.51969],[-83.19124,35.5201]]},"properties":{"net":"NC3046","o":1}},{"type":"Feature","geometry":{"type":"LineString","coordinates":[[-83.17536,35.55373],[-83.17519,35.55337],[-83.17458,35.55282],[-83.17441,35.55222],[-83.17374,35.55173],[-83.1724,35.54964],[-83.17216,35.54942],[-83.17162,35.54919],[-83.1714,35.54859],[-83.17055,35.54798],[-83.17019,35.54732],[-83.16967,35.5469]]},"properties":{"net":"NC3046","o":2}},{"type":"Feature","geometry":{"type":"LineString","coordinates":[[-83.3894,35.45041],[-83.39059,35.45115],[-83.39129,35.45177],[-83.39196,35.45216]]},"properties":{"net":"out","o":7}},{"type":"Feature","geometry":{"type":"LineString","coordinates":[[-83.37882,35.44225],[-83.38003,35.44225],[-83.38068,35.44201],[-83.38173,35.44201],[-83.38231,35.44262],[-83.38322,35.44512],[-83.38388,35.4458]]},"properties":{"net":"out","o":6}},{"type":"Feature","geometry":{"type":"LineString","coordinates":[[-83.39541,35.58244],[-83.3956,35.58271],[-83.39542,35.58367],[-83.39446,35.58433],[-83.39414,35.58466],[-83.39414,35.58524],[-83.3933,35.58589],[-83.39327,35.58632],[-83.39308,35.58667],[-83.39178,35.58748],[-83.39166,35.5877],[-83.39097,35.5882],[-83.39093,35.58841],[-83.39111,35.58879],[-83.39115,35.58928],[-83.39109,35.58992],[-83.39095,35.59024],[-83.38994,35.59106],[-83.38902,35.59154],[-83.3886,35.59157],[-83.38843,35.59167],[-83.38788,35.59225],[-83.38721,35.59367],[-83.3864,35.59422],[-83.38585,35.59491]]},"properties":{"net":"NC3046","o":1}},{"type":"Feature","geometry":{"type":"LineString","coordinates":[[-83.3996,35.61109],[-83.39893,35.6106]]},"properties":{"net":"NC3046","o":2}},{"type":"Feature","geometry":{"type":"LineString","coordinates":[[-83.3624,35.49104],[-83.36215,35.49035],[-83.36212,35.48993],[-83.36276,35.48879],[-83.36246,35.48808],[-83.36249,35.48786]]},"properties":{"net":"NC3046","o":1}},{"type":"Feature","geometry":{"type":"LineString","coordinates":[[-83.18795,35.44816],[-83.18758,35.44895],[-83.18722,35.44943],[-83.187,35.45007]]},"properties":{"net":"sm3082","o":1}},{"type":"Feature","geometry":{"type":"LineString","coordinates":[[-83.17607,35.57928],[-83.17605,35.5787],[-83.17576,35.57808],[-83.17571,35.57742],[-83.17541,35.57703],[-83.17531,35.57647],[-83.17499,35.57621],[-83.17503,35.57575],[-83.17481,35.57514],[-83.1748,35.57474],[-83.17427,35.5739],[-83.1743,35.5737],[-83.17365,35.57286],[-83.17348,35.57243],[-83.17283,35.57196],[-83.17262,35.57154],[-83.17226,35.57133],[-83.17222,35.5709],[-83.17175,35.57022],[-83.17195,35.56963],[-83.17154,35.56942],[-83.17125,35.56902],[-83.17133,35.56874],[-83.17116,35.56823],[-83.17137,35.56793],[-83.1714,35.56764],[-83.17008,35.56538],[-83.16996,35.5649],[-83.1696,35.56469],[-83.16955,35.56428],[-83.16856,35.56324]]},"properties":{"net":"NC3046","o":1}},{"type":"Feature","geometry":{"type":"LineString","coordinates":[[-83.18508,35.58965],[-83.18555,35.58937],[-83.18583,35.58901],[-83.18722,35.5885],[-83.18778,35.58813],[-83.18818,35.58769],[-83.18924,35.58736],[-83.19007,35.58694],[-83.19039,35.58667],[-83.19055,35.58629],[-83.191,35.58578],[-83.19187,35.58567],[-83.19276,35.58472],[-83.1939,35.58432]]},"properties":{"net":"NC3046","o":1}},{"type":"Feature","geometry":{"type":"LineString","coordinates":[[-83.18463,35.58411],[-83.18668,35.58397],[-83.18771,35.58338],[-83.18869,35.58307],[-83.18938,35.58301],[-83.18981,35.58307],[-83.19044,35.58351],[-83.19097,35.58369],[-83.19132,35.58376],[-83.19167,35.58364],[-83.19221,35.58392],[-83.19317,35.58403],[-83.1939,35.58432]]},"properties":{"net":"NC3046","o":1}},{"type":"Feature","geometry":{"type":"LineString","coordinates":[[-83.39042,35.45912],[-83.39146,35.45822]]},"properties":{"net":"out","o":4}},{"type":"Feature","geometry":{"type":"LineString","coordinates":[[-83.38351,35.47509],[-83.38371,35.47491],[-83.38369,35.47454],[-83.38377,35.47436]]},"properties":{"net":"out","o":4}},{"type":"Feature","geometry":{"type":"LineString","coordinates":[[-83.37259,35.44453],[-83.37274,35.44469]]},"properties":{"net":"NC3046","o":1}},{"type":"Feature","geometry":{"type":"LineString","coordinates":[[-83.3733,35.45584],[-83.37239,35.45591]]},"properties":{"net":"NC3046","o":1}},{"type":"Feature","geometry":{"type":"LineString","coordinates":[[-83.36623,35.44572],[-83.36643,35.44605]]},"properties":{"net":"NC3046","o":2}},{"type":"Feature","geometry":{"type":"LineString","coordinates":[[-83.36574,35.44743],[-83.36619,35.44736]]},"properties":{"net":"NC3046","o":1}},{"type":"Feature","geometry":{"type":"LineString","coordinates":[[-83.35728,35.43816],[-83.35745,35.43829],[-83.35746,35.43842],[-83.35884,35.43945],[-83.36003,35.44013],[-83.36142,35.44035],[-83.36154,35.44044],[-83.36214,35.44042],[-83.3627,35.44053],[-83.36422,35.44107],[-83.36505,35.44108],[-83.36606,35.44145],[-83.36738,35.4414],[-83.36789,35.44166],[-83.36899,35.44162]]},"properties":{"net":"out","o":6}},{"type":"Feature","geometry":{"type":"LineString","coordinates":[[-83.20775,35.46432],[-83.21218,35.46384],[-83.21323,35.46403],[-83.21397,35.46438]]},"properties":{"net":"sm3081","o":1}},{"type":"Feature","geometry":{"type":"LineString","coordinates":[[-83.18643,35.47765],[-83.18687,35.47783],[-83.18782,35.47773],[-83.18918,35.47781],[-83.18985,35.47796],[-83.19053,35.47846],[-83.1919,35.48003],[-83.19461,35.4813]]},"properties":{"net":"NC3046","o":3}},{"type":"Feature","geometry":{"type":"LineString","coordinates":[[-83.21154,35.52639],[-83.21167,35.52679],[-83.2115,35.52736]]},"properties":{"net":"NC3046","o":3}},{"type":"Feature","geometry":{"type":"LineString","coordinates":[[-83.21272,35.52649],[-83.21259,35.52665],[-83.21212,35.5268],[-83.21187,35.52733],[-83.21148,35.52744]]},"properties":{"net":"NC3046","o":2}},{"type":"Feature","geometry":{"type":"LineString","coordinates":[[-83.20971,35.53216],[-83.21037,35.53201],[-83.21046,35.53191]]},"properties":{"net":"NC3046","o":1}},{"type":"Feature","geometry":{"type":"LineString","coordinates":[[-83.20964,35.53655],[-83.21096,35.53693],[-83.21123,35.5372]]},"properties":{"net":"NC3046","o":4}},{"type":"Feature","geometry":{"type":"LineString","coordinates":[[-83.20955,35.54032],[-83.20971,35.5393],[-83.21013,35.53863]]},"properties":{"net":"NC3046","o":1}},{"type":"Feature","geometry":{"type":"LineString","coordinates":[[-83.20864,35.52905],[-83.20934,35.52964],[-83.20954,35.52999],[-83.2097,35.53068],[-83.20964,35.53123],[-83.21046,35.53191]]},"properties":{"net":"NC3046","o":1}},{"type":"Feature","geometry":{"type":"LineString","coordinates":[[-83.17188,35.45021],[-83.17181,35.45163],[-83.17157,35.45348],[-83.17171,35.45447],[-83.17146,35.45527]]},"properties":{"net":"NC3046","o":1}},{"type":"Feature","geometry":{"type":"LineString","coordinates":[[-83.20843,35.53649],[-83.20918,35.53637],[-83.20964,35.53655]]},"properties":{"net":"NC3046","o":4}},{"type":"Feature","geometry":{"type":"LineString","coordinates":[[-83.20689,35.52324],[-83.20769,35.5232],[-83.20822,35.52348],[-83.2087,35.52395],[-83.20889,35.52444],[-83.20922,35.52492]]},"properties":{"net":"NC3046","o":1}},{"type":"Feature","geometry":{"type":"LineString","coordinates":[[-83.20629,35.5277],[-83.20595,35.528],[-83.20524,35.52816],[-83.20476,35.52846]]},"properties":{"net":"NC3046","o":1}},{"type":"Feature","geometry":{"type":"LineString","coordinates":[[-83.20338,35.52941],[-83.2033,35.52986],[-83.20347,35.53017]]},"properties":{"net":"NC3046","o":2}},{"type":"Feature","geometry":{"type":"LineString","coordinates":[[-83.38122,35.47194],[-83.38097,35.47133],[-83.38062,35.4709],[-83.38053,35.47015]]},"properties":{"net":"sm3080","o":1}},{"type":"Feature","geometry":{"type":"LineString","coordinates":[[-83.15285,35.48431],[-83.15391,35.48374],[-83.15573,35.48309],[-83.15804,35.48281],[-83.15915,35.48233],[-83.15998,35.48213],[-83.16126,35.48147],[-83.16251,35.48051],[-83.16602,35.47905],[-83.16733,35.47821],[-83.16896,35.47771],[-83.1694,35.47765],[-83.17395,35.47604],[-83.17788,35.47516],[-83.1791,35.47439],[-83.17956,35.47395]]},"properties":{"net":"NC3046","o":1}},{"type":"Feature","geometry":{"type":"LineString","coordinates":[[-83.20169,35.52249],[-83.20145,35.52274],[-83.20141,35.52299]]},"properties":{"net":"NC3046","o":2}},{"type":"Feature","geometry":{"type":"LineString","coordinates":[[-83.20177,35.53467],[-83.20159,35.53504],[-83.20089,35.53556],[-83.20077,35.53585]]},"properties":{"net":"NC3046","o":3}},{"type":"Feature","geometry":{"type":"LineString","coordinates":[[-83.19757,35.53376],[-83.19767,35.53413],[-83.19758,35.53473]]},"properties":{"net":"NC3046","o":2}},{"type":"Feature","geometry":{"type":"LineString","coordinates":[[-83.19774,35.52089],[-83.19721,35.52125],[-83.1971,35.52148],[-83.19726,35.52219],[-83.19709,35.52311],[-83.19732,35.52395],[-83.19726,35.52474]]},"properties":{"net":"NC3046","o":1}},{"type":"Feature","geometry":{"type":"LineString","coordinates":[[-83.21211,35.54661],[-83.21229,35.54611],[-83.21281,35.54557]]},"properties":{"net":"sm3085","o":3}},{"type":"Feature","geometry":{"type":"LineString","coordinates":[[-83.20897,35.54386],[-83.2096,35.54389],[-83.21009,35.54416],[-83.21123,35.54443],[-83.21238,35.54517],[-83.21281,35.54557]]},"properties":{"net":"sm3085","o":1}},{"type":"Feature","geometry":{"type":"LineString","coordinates":[[-83.20592,35.54164],[-83.20578,35.5413],[-83.20519,35.54052],[-83.2047,35.54021]]},"properties":{"net":"NC3046","o":1}},{"type":"Feature","geometry":{"type":"LineString","coordinates":[[-83.37883,35.47127],[-83.37931,35.47068]]},"properties":{"net":"sm3080","o":1}},{"type":"Feature","geometry":{"type":"LineString","coordinates":[[-83.37468,35.46713],[-83.37513,35.46643]]},"properties":{"net":"sm3080","o":1}},{"type":"Feature","geometry":{"type":"LineString","coordinates":[[-83.37955,35.46677],[-83.37925,35.4664],[-83.37878,35.46609],[-83.37457,35.46445]]},"properties":{"net":"sm3080","o":2}},{"type":"Feature","geometry":{"type":"LineString","coordinates":[[-83.37403,35.46318],[-83.37345,35.46357],[-83.37344,35.46389]]},"properties":{"net":"sm3080","o":1}},{"type":"Feature","geometry":{"type":"LineString","coordinates":[[-83.37297,35.47229],[-83.37366,35.47182],[-83.37395,35.47149],[-83.37447,35.47119]]},"properties":{"net":"sm3080","o":1}},{"type":"Feature","geometry":{"type":"LineString","coordinates":[[-83.37513,35.46643],[-83.37369,35.46512],[-83.3723,35.46459]]},"properties":{"net":"sm3080","o":2}},{"type":"Feature","geometry":{"type":"LineString","coordinates":[[-83.37201,35.47141],[-83.37295,35.47083],[-83.37334,35.46984]]},"properties":{"net":"sm3080","o":1}},{"type":"Feature","geometry":{"type":"LineString","coordinates":[[-83.36983,35.45994],[-83.36936,35.45986]]},"properties":{"net":"NC3046","o":2}},{"type":"Feature","geometry":{"type":"LineString","coordinates":[[-83.36939,35.47583],[-83.36922,35.47536],[-83.36934,35.47518],[-83.36926,35.47499],[-83.36867,35.47438],[-83.36874,35.47419],[-83.36826,35.47365]]},"properties":{"net":"sm3080","o":3}},{"type":"Feature","geometry":{"type":"LineString","coordinates":[[-83.19213,35.49391],[-83.19159,35.49289],[-83.19133,35.49204],[-83.19054,35.49083],[-83.18994,35.48791],[-83.18934,35.48613],[-83.18916,35.48506]]},"properties":{"net":"NC3046","o":1}},{"type":"Feature","geometry":{"type":"LineString","coordinates":[[-83.18666,35.49454],[-83.18755,35.49358],[-83.18791,35.49294],[-83.18747,35.49182],[-83.18705,35.48977],[-83.18677,35.48915],[-83.18682,35.48851],[-83.18673,35.48684],[-83.18682,35.4863]]},"properties":{"net":"NC3046","o":1}},{"type":"Feature","geometry":{"type":"LineString","coordinates":[[-83.18615,35.50179],[-83.1851,35.50073],[-83.18441,35.50024],[-83.18369,35.49952],[-83.18324,35.498],[-83.18277,35.49683],[-83.18239,35.49621],[-83.18202,35.49504]]},"properties":{"net":"NC3046","o":1}},{"type":"Feature","geometry":{"type":"LineString","coordinates":[[-83.18053,35.48803],[-83.1836,35.48776],[-83.18422,35.48787],[-83.1846,35.48783],[-83.18546,35.48739],[-83.18605,35.48666],[-83.18682,35.4863]]},"properties":{"net":"NC3046","o":3}},{"type":"Feature","geometry":{"type":"LineString","coordinates":[[-83.144,35.2746],[-83.1435,35.27546],[-83.14291,35.27614],[-83.14211,35.27684],[-83.14147,35.278],[-83.14006,35.27938],[-83.13937,35.28041],[-83.13889,35.28076],[-83.13811,35.2808],[-83.1378,35.28094]]},"properties":{"net":"NC3252","o":1}},{"type":"Feature","geometry":{"type":"LineString","coordinates":[[-83.14676,35.34273],[-83.14631,35.34114],[-83.14566,35.34032],[-83.14506,35.33982],[-83.14412,35.33942],[-83.1435,35.33893],[-83.14198,35.33862],[-83.14174,35.33832],[-83.1417,35.33759],[-83.14111,35.33669],[-83.14066,35.33632]]},"properties":{"net":"NC3252","o":1}},{"type":"Feature","geometry":{"type":"LineString","coordinates":[[-83.13352,35.39881],[-83.13397,35.39898],[-83.13436,35.39939],[-83.13478,35.39939],[-83.13509,35.39919],[-83.13535,35.39879],[-83.13723,35.39725]]},"properties":{"net":"out","o":4}},{"type":"Feature","geometry":{"type":"LineString","coordinates":[[-83.16996,35.46942],[-83.17091,35.46947],[-83.1718,35.46984],[-83.17236,35.47018]]},"properties":{"net":"NC3046","o":3}},{"type":"Feature","geometry":{"type":"LineString","coordinates":[[-83.15338,35.45951],[-83.15532,35.46021]]},"properties":{"net":"NC3046","o":3}},{"type":"Feature","geometry":{"type":"LineString","coordinates":[[-83.14679,35.4819],[-83.14905,35.48029],[-83.14944,35.48013],[-83.15194,35.47964],[-83.15325,35.47867],[-83.1542,35.47746],[-83.15548,35.47691]]},"properties":{"net":"sm54735","o":1}},{"type":"Feature","geometry":{"type":"LineString","coordinates":[[-83.19784,35.59388],[-83.19772,35.59333],[-83.19838,35.59269],[-83.19853,35.59228],[-83.19837,35.5915],[-83.19839,35.59109]]},"properties":{"net":"NC3046","o":1}},{"type":"Feature","geometry":{"type":"LineString","coordinates":[[-83.36716,35.47791],[-83.36713,35.47776],[-83.36734,35.47762],[-83.36737,35.47749],[-83.36712,35.47655],[-83.36703,35.47573],[-83.36715,35.47535],[-83.36692,35.47478],[-83.36696,35.47459]]},"properties":{"net":"sm3080","o":2}},{"type":"Feature","geometry":{"type":"LineString","coordinates":[[-83.36548,35.47711],[-83.36554,35.4768],[-83.3658,35.47649],[-83.36573,35.47614]]},"properties":{"net":"sm3080","o":2}},{"type":"Feature","geometry":{"type":"LineString","coordinates":[[-83.36487,35.47679],[-83.36573,35.47614]]},"properties":{"net":"sm3080","o":1}},{"type":"Feature","geometry":{"type":"LineString","coordinates":[[-83.36708,35.46536],[-83.36569,35.46515],[-83.36427,35.46463]]},"properties":{"net":"sm3080","o":3}},{"type":"Feature","geometry":{"type":"LineString","coordinates":[[-83.36401,35.46831],[-83.36358,35.46763],[-83.36316,35.46727],[-83.36284,35.46608]]},"properties":{"net":"sm3080","o":4}},{"type":"Feature","geometry":{"type":"LineString","coordinates":[[-83.36284,35.46608],[-83.3628,35.46567],[-83.36357,35.46436]]},"properties":{"net":"sm3080","o":4}},{"type":"Feature","geometry":{"type":"LineString","coordinates":[[-83.36219,35.45698],[-83.36301,35.45688],[-83.36359,35.45714]]},"properties":{"net":"NC3046","o":6}},{"type":"Feature","geometry":{"type":"LineString","coordinates":[[-83.36109,35.46941],[-83.36141,35.46933],[-83.36233,35.46939],[-83.36311,35.46902]]},"properties":{"net":"sm3080","o":1}},{"type":"Feature","geometry":{"type":"LineString","coordinates":[[-83.36248,35.46409],[-83.3617,35.46439],[-83.36082,35.46402],[-83.36023,35.4635],[-83.35961,35.46347]]},"properties":{"net":"sm3080","o":4}},{"type":"Feature","geometry":{"type":"LineString","coordinates":[[-83.40318,35.43042],[-83.40473,35.42901],[-83.40622,35.42804]]},"properties":{"net":"out","o":7}},{"type":"Feature","geometry":{"type":"LineString","coordinates":[[-83.31475,35.55353],[-83.31461,35.55522],[-83.31414,35.55607],[-83.31375,35.55632]]},"properties":{"net":"NC3046","o":2}},{"type":"Feature","geometry":{"type":"LineString","coordinates":[[-83.30947,35.553],[-83.30954,35.55298]]},"properties":{"net":"NC3046","o":1}},{"type":"Feature","geometry":{"type":"LineString","coordinates":[[-83.30898,35.54902],[-83.30846,35.54827]]},"properties":{"net":"NC3046","o":5}},{"type":"Feature","geometry":{"type":"LineString","coordinates":[[-83.30715,35.5472],[-83.30665,35.54666],[-83.30609,35.54623],[-83.30494,35.54561]]},"properties":{"net":"NC3046","o":5}},{"type":"Feature","geometry":{"type":"LineString","coordinates":[[-83.30274,35.54407],[-83.30266,35.54412]]},"properties":{"net":"NC3046","o":1}},{"type":"Feature","geometry":{"type":"LineString","coordinates":[[-83.30494,35.54561],[-83.3036,35.54487],[-83.30266,35.54412]]},"properties":{"net":"NC3046","o":5}},{"type":"Feature","geometry":{"type":"LineString","coordinates":[[-83.30266,35.54412],[-83.30235,35.544]]},"properties":{"net":"NC3046","o":5}},{"type":"Feature","geometry":{"type":"LineString","coordinates":[[-83.30007,35.5437],[-83.30005,35.54359]]},"properties":{"net":"NC3046","o":4}},{"type":"Feature","geometry":{"type":"LineString","coordinates":[[-83.29913,35.54329],[-83.29913,35.5432]]},"properties":{"net":"NC3046","o":2}},{"type":"Feature","geometry":{"type":"LineString","coordinates":[[-83.31882,35.56583],[-83.31858,35.56542],[-83.31802,35.56511]]},"properties":{"net":"NC3046","o":1}},{"type":"Feature","geometry":{"type":"LineString","coordinates":[[-83.37091,35.60792],[-83.36988,35.60764],[-83.36815,35.60684],[-83.36796,35.60682]]},"properties":{"net":"NC3046","o":2}},{"type":"Feature","geometry":{"type":"LineString","coordinates":[[-83.40263,35.43096],[-83.40318,35.43042]]},"properties":{"net":"out","o":7}},{"type":"Feature","geometry":{"type":"LineString","coordinates":[[-83.36831,35.62164],[-83.36822,35.6213],[-83.36797,35.62109],[-83.36781,35.62079],[-83.36782,35.62033],[-83.36759,35.61956],[-83.36761,35.619],[-83.36747,35.61841]]},"properties":{"net":"NC3046","o":2}},{"type":"Feature","geometry":{"type":"LineString","coordinates":[[-83.36676,35.61619],[-83.3666,35.61574],[-83.36702,35.61549],[-83.367,35.6152]]},"properties":{"net":"NC3046","o":3}},{"type":"Feature","geometry":{"type":"LineString","coordinates":[[-83.36557,35.61663],[-83.36594,35.6163],[-83.36676,35.61619]]},"properties":{"net":"NC3046","o":2}},{"type":"Feature","geometry":{"type":"LineString","coordinates":[[-83.36715,35.60135],[-83.36681,35.60096],[-83.36672,35.6006]]},"properties":{"net":"NC3046","o":3}},{"type":"Feature","geometry":{"type":"LineString","coordinates":[[-83.36672,35.6006],[-83.36641,35.60036],[-83.36613,35.59978],[-83.3658,35.59974],[-83.36529,35.59943],[-83.36527,35.59835],[-83.3651,35.59802],[-83.36479,35.59774]]},"properties":{"net":"NC3046","o":3}},{"type":"Feature","geometry":{"type":"LineString","coordinates":[[-83.36468,35.59628],[-83.36464,35.59601],[-83.36432,35.5957],[-83.36333,35.59551],[-83.36327,35.59543],[-83.36343,35.59463],[-83.3639,35.59443],[-83.36394,35.5943],[-83.36374,35.59402],[-83.36362,35.59336],[-83.36323,35.59246],[-83.36248,35.59125],[-83.36256,35.58992],[-83.36226,35.58938],[-83.36232,35.58874],[-83.36217,35.58828],[-83.36221,35.588],[-83.36192,35.58761],[-83.36192,35.58733]]},"properties":{"net":"NC3046","o":3}},{"type":"Feature","geometry":{"type":"LineString","coordinates":[[-83.37868,35.61321],[-83.37854,35.61311]]},"properties":{"net":"NC3046","o":2}},{"type":"Feature","geometry":{"type":"LineString","coordinates":[[-83.37766,35.61736],[-83.37837,35.61592],[-83.37841,35.61504],[-83.37831,35.61449],[-83.37851,35.61406],[-83.3785,35.61362],[-83.37868,35.61321]]},"properties":{"net":"NC3046","o":1}},{"type":"Feature","geometry":{"type":"LineString","coordinates":[[-83.37133,35.62443],[-83.3711,35.62423],[-83.37036,35.62396],[-83.36967,35.62349],[-83.3692,35.62339]]},"properties":{"net":"NC3046","o":2}},{"type":"Feature","geometry":{"type":"LineString","coordinates":[[-83.40585,35.45986],[-83.40583,35.45932],[-83.40594,35.4588]]},"properties":{"net":"out","o":4}},{"type":"Feature","geometry":{"type":"LineString","coordinates":[[-83.42417,35.48472],[-83.42358,35.48405]]},"properties":{"net":"out","o":4}},{"type":"Feature","geometry":{"type":"LineString","coordinates":[[-83.31711,35.57845],[-83.31621,35.57838],[-83.31564,35.57822],[-83.31508,35.57799],[-83.31462,35.5775]]},"properties":{"net":"NC3046","o":3}},{"type":"Feature","geometry":{"type":"LineString","coordinates":[[-83.3128,35.57608],[-83.31247,35.57579]]},"properties":{"net":"NC3046","o":4}},{"type":"Feature","geometry":{"type":"LineString","coordinates":[[-83.30994,35.57254],[-83.31003,35.57254]]},"properties":{"net":"NC3046","o":1}},{"type":"Feature","geometry":{"type":"LineString","coordinates":[[-83.29489,35.57822],[-83.2952,35.57789],[-83.29591,35.57748],[-83.29622,35.57718],[-83.29653,35.57652],[-83.29712,35.57575],[-83.29794,35.57532],[-83.29817,35.5751],[-83.29813,35.57445],[-83.29831,35.57386],[-83.29812,35.57333],[-83.29819,35.5729],[-83.29977,35.57179],[-83.30021,35.57122],[-83.30046,35.57059],[-83.30077,35.57034],[-83.30104,35.57025],[-83.30127,35.57],[-83.30214,35.56963],[-83.30293,35.56896],[-83.30336,35.56876],[-83.3039,35.56812],[-83.3046,35.5679],[-83.30471,35.56754],[-83.30489,35.56745],[-83.30502,35.56719],[-83.30677,35.56663],[-83.30737,35.56624]]},"properties":{"net":"NC3046","o":1}},{"type":"Feature","geometry":{"type":"LineString","coordinates":[[-83.30568,35.61728],[-83.30631,35.61699],[-83.30664,35.61702],[-83.30879,35.61648],[-83.30918,35.61656],[-83.30959,35.61641],[-83.31052,35.61657],[-83.31136,35.61647],[-83.31206,35.61603],[-83.31241,35.61595],[-83.31299,35.61564],[-83.31345,35.61556]]},"properties":{"net":"NC3046","o":1}},{"type":"Feature","geometry":{"type":"LineString","coordinates":[[-83.29825,35.63024],[-83.29845,35.62978],[-83.29852,35.62908],[-83.29881,35.62846],[-83.2987,35.62791],[-83.29914,35.62761],[-83.29947,35.62707],[-83.29942,35.62659],[-83.29917,35.62584],[-83.29916,35.6256],[-83.29931,35.62527],[-83.29915,35.62507],[-83.29915,35.62484],[-83.29934,35.62446],[-83.29996,35.62372],[-83.30003,35.62351],[-83.29993,35.62309],[-83.29969,35.62288],[-83.29943,35.62233],[-83.29932,35.62156],[-83.29852,35.62086],[-83.29798,35.6199],[-83.29749,35.6195],[-83.29679,35.61941],[-83.29582,35.61942],[-83.29522,35.61963],[-83.29478,35.62022],[-83.29435,35.62026],[-83.29401,35.62046],[-83.29371,35.62044]]},"properties":{"net":"NC3046","o":2}},{"type":"Feature","geometry":{"type":"LineString","coordinates":[[-83.31027,35.64405],[-83.31072,35.6437],[-83.31139,35.64339],[-83.31219,35.64329],[-83.31243,35.64301],[-83.3134,35.64227],[-83.31462,35.64152],[-83.31506,35.6409],[-83.31529,35.64041],[-83.31535,35.63895],[-83.31507,35.63842],[-83.31502,35.63808]]},"properties":{"net":"NC3046","o":1}},{"type":"Feature","geometry":{"type":"LineString","coordinates":[[-83.30802,35.63808],[-83.30922,35.63799],[-83.31179,35.63826],[-83.31502,35.63808]]},"properties":{"net":"NC3046","o":1}},{"type":"Feature","geometry":{"type":"LineString","coordinates":[[-83.34006,35.48333],[-83.33991,35.48272],[-83.33996,35.48199],[-83.33979,35.48152],[-83.33969,35.4802],[-83.33949,35.4797],[-83.33917,35.47925],[-83.33914,35.47827],[-83.33897,35.47786],[-83.33898,35.47744],[-83.33861,35.47675]]},"properties":{"net":"NC3046","o":1}},{"type":"Feature","geometry":{"type":"LineString","coordinates":[[-83.33806,35.47885],[-83.33811,35.47841],[-83.33826,35.47817],[-83.33842,35.47752],[-83.33834,35.47704],[-83.33861,35.47675]]},"properties":{"net":"NC3046","o":1}},{"type":"Feature","geometry":{"type":"LineString","coordinates":[[-83.33741,35.47135],[-83.33764,35.47136],[-83.33778,35.4716],[-83.33832,35.47208],[-83.33841,35.47231]]},"properties":{"net":"NC3046","o":1}},{"type":"Feature","geometry":{"type":"LineString","coordinates":[[-83.33641,35.47796],[-83.33666,35.47705],[-83.33641,35.47635],[-83.3366,35.47544],[-83.33656,35.47502]]},"properties":{"net":"NC3046","o":1}},{"type":"Feature","geometry":{"type":"LineString","coordinates":[[-83.33502,35.47691],[-83.33482,35.47558],[-83.33498,35.47527],[-83.33546,35.4751],[-83.33558,35.47488]]},"properties":{"net":"NC3046","o":1}},{"type":"Feature","geometry":{"type":"LineString","coordinates":[[-83.33419,35.47277],[-83.33444,35.47271]]},"properties":{"net":"NC3046","o":2}},{"type":"Feature","geometry":{"type":"LineString","coordinates":[[-83.33184,35.47638],[-83.33215,35.47616],[-83.3328,35.47598]]},"properties":{"net":"NC3046","o":2}},{"type":"Feature","geometry":{"type":"LineString","coordinates":[[-83.30715,35.65418],[-83.30714,35.65358],[-83.307,35.65319],[-83.30666,35.65284],[-83.30646,35.65248],[-83.30627,35.65237],[-83.30578,35.65127]]},"properties":{"net":"NC3046","o":1}},{"type":"Feature","geometry":{"type":"LineString","coordinates":[[-83.3452,35.3535],[-83.34472,35.35393],[-83.34357,35.3547]]},"properties":{"net":"sm14445","o":2}},{"type":"Feature","geometry":{"type":"LineString","coordinates":[[-83.42242,35.43077],[-83.42285,35.43086],[-83.42329,35.43111],[-83.42352,35.43153],[-83.42348,35.4319]]},"properties":{"net":"out","o":5}},{"type":"Feature","geometry":{"type":"LineString","coordinates":[[-83.4188,35.60377],[-83.41864,35.60385],[-83.41828,35.60379],[-83.41827,35.60337],[-83.41801,35.60322],[-83.41708,35.60311],[-83.41616,35.60275],[-83.4158,35.60236],[-83.41553,35.60236]]},"properties":{"net":"sm642640","o":2}},{"type":"Feature","geometry":{"type":"LineString","coordinates":[[-83.41553,35.60236],[-83.41516,35.6024],[-83.41477,35.6023],[-83.41433,35.60207],[-83.41394,35.60171]]},"properties":{"net":"NC3046","o":2}},{"type":"Feature","geometry":{"type":"LineString","coordinates":[[-83.41077,35.59836],[-83.41068,35.59888],[-83.41033,35.59917],[-83.40954,35.59945],[-83.40895,35.59947],[-83.40833,35.59979],[-83.40771,35.59984],[-83.40723,35.60032]]},"properties":{"net":"NC3046","o":1}},{"type":"Feature","geometry":{"type":"LineString","coordinates":[[-83.40733,35.59462],[-83.40673,35.59503]]},"properties":{"net":"NC3046","o":1}},{"type":"Feature","geometry":{"type":"LineString","coordinates":[[-83.41036,35.61525],[-83.40941,35.615],[-83.409,35.61467],[-83.4088,35.61404],[-83.4083,35.61311],[-83.40774,35.61241],[-83.40765,35.6117],[-83.40716,35.61145],[-83.40666,35.61087],[-83.40576,35.61016],[-83.40532,35.60997],[-83.40499,35.60963],[-83.40466,35.6089],[-83.40448,35.6082],[-83.40352,35.60742],[-83.4034,35.60668],[-83.40302,35.60588],[-83.40231,35.60511],[-83.40189,35.60415],[-83.40159,35.60381],[-83.40135,35.60317],[-83.40113,35.60284],[-83.40082,35.6026],[-83.40074,35.60233],[-83.4003,35.60191],[-83.40021,35.60146],[-83.39983,35.60109]]},"properties":{"net":"NC3046","o":1}},{"type":"Feature","geometry":{"type":"LineString","coordinates":[[-83.42308,35.60492],[-83.42204,35.60445],[-83.42158,35.60412],[-83.42151,35.60387],[-83.42117,35.60375],[-83.42036,35.60375],[-83.41971,35.60349],[-83.4188,35.60377]]},"properties":{"net":"sm642640","o":2}},{"type":"Feature","geometry":{"type":"LineString","coordinates":[[-83.29932,35.50576],[-83.29941,35.50564]]},"properties":{"net":"NC3046","o":1}},{"type":"Feature","geometry":{"type":"LineString","coordinates":[[-83.29941,35.50564],[-83.29857,35.50491]]},"properties":{"net":"NC3046","o":6}},{"type":"Feature","geometry":{"type":"LineString","coordinates":[[-83.29539,35.51675],[-83.29674,35.51659],[-83.29828,35.51613],[-83.29909,35.51399],[-83.3001,35.51247],[-83.30091,35.51192],[-83.3017,35.51191],[-83.3022,35.51174]]},"properties":{"net":"NC3046","o":6}},{"type":"Feature","geometry":{"type":"LineString","coordinates":[[-83.31942,35.53805],[-83.318,35.53791],[-83.31704,35.53808],[-83.31635,35.53803],[-83.31521,35.53774],[-83.31445,35.53738],[-83.31342,35.53707],[-83.31271,35.5372],[-83.31185,35.53682],[-83.31079,35.53662],[-83.30956,35.53684]]},"properties":{"net":"NC3046","o":3}},{"type":"Feature","geometry":{"type":"LineString","coordinates":[[-83.31845,35.53194],[-83.31758,35.53156],[-83.31684,35.53076],[-83.31624,35.53057],[-83.31568,35.52971],[-83.31487,35.52895],[-83.31449,35.52787],[-83.31447,35.52756],[-83.31403,35.52666],[-83.31339,35.52625],[-83.31291,35.52582],[-83.31176,35.52534],[-83.31116,35.52498],[-83.31088,35.5247],[-83.31087,35.52441],[-83.31074,35.52413],[-83.30993,35.52346],[-83.30952,35.52332],[-83.30893,35.52295],[-83.30769,35.5227],[-83.30739,35.52274],[-83.30718,35.52255]]},"properties":{"net":"NC3046","o":1}},{"type":"Feature","geometry":{"type":"LineString","coordinates":[[-83.30718,35.52255],[-83.30713,35.5225]]},"properties":{"net":"NC3046","o":1}},{"type":"Feature","geometry":{"type":"LineString","coordinates":[[-83.31766,35.55181],[-83.31688,35.55229],[-83.31647,35.55239],[-83.31607,35.55267],[-83.31529,35.55298],[-83.31475,35.55353]]},"properties":{"net":"NC3046","o":1}},{"type":"Feature","geometry":{"type":"LineString","coordinates":[[-83.33106,35.4704],[-83.33095,35.47073],[-83.33112,35.47117],[-83.33165,35.47158],[-83.33217,35.4722],[-83.33297,35.47251],[-83.33349,35.47254],[-83.33402,35.47237]]},"properties":{"net":"NC3046","o":1}},{"type":"Feature","geometry":{"type":"LineString","coordinates":[[-83.33072,35.47688],[-83.33122,35.47651],[-83.33161,35.47637],[-83.33184,35.47638]]},"properties":{"net":"NC3046","o":1}},{"type":"Feature","geometry":{"type":"LineString","coordinates":[[-83.32917,35.46942],[-83.33043,35.46951],[-83.33194,35.46988]]},"properties":{"net":"NC3046","o":6}},{"type":"Feature","geometry":{"type":"LineString","coordinates":[[-83.4229,35.42717],[-83.42272,35.42744],[-83.42268,35.42789],[-83.42249,35.42799],[-83.42186,35.42878]]},"properties":{"net":"out","o":5}},{"type":"Feature","geometry":{"type":"LineString","coordinates":[[-83.41305,35.43045],[-83.41356,35.43118],[-83.41393,35.43146]]},"properties":{"net":"out","o":7}},{"type":"Feature","geometry":{"type":"LineString","coordinates":[[-83.33168,35.46295],[-83.33146,35.4634],[-83.33149,35.46379],[-83.33166,35.46423],[-83.33141,35.4652],[-83.33083,35.46572],[-83.33024,35.46574],[-83.32999,35.46606],[-83.32967,35.4667],[-83.3297,35.46718],[-83.32933,35.46847],[-83.32886,35.46928]]},"properties":{"net":"NC3046","o":2}},{"type":"Feature","geometry":{"type":"LineString","coordinates":[[-83.32886,35.46928],[-83.32884,35.46938]]},"properties":{"net":"NC3046","o":2}},{"type":"Feature","geometry":{"type":"LineString","coordinates":[[-83.32884,35.46938],[-83.32917,35.46942]]},"properties":{"net":"NC3046","o":6}},{"type":"Feature","geometry":{"type":"LineString","coordinates":[[-83.32814,35.46913],[-83.3281,35.46929]]},"properties":{"net":"NC3046","o":2}},{"type":"Feature","geometry":{"type":"LineString","coordinates":[[-83.3281,35.46929],[-83.32884,35.46938]]},"properties":{"net":"NC3046","o":6}},{"type":"Feature","geometry":{"type":"LineString","coordinates":[[-83.32809,35.46301],[-83.32858,35.46351]]},"properties":{"net":"NC3046","o":2}},{"type":"Feature","geometry":{"type":"LineString","coordinates":[[-83.32759,35.46191],[-83.32757,35.46216],[-83.32769,35.4624],[-83.32809,35.46269]]},"properties":{"net":"NC3046","o":1}},{"type":"Feature","geometry":{"type":"LineString","coordinates":[[-83.31963,35.46838],[-83.32003,35.4684]]},"properties":{"net":"NC3046","o":6}},{"type":"Feature","geometry":{"type":"LineString","coordinates":[[-83.33852,35.49599],[-83.33881,35.49578]]},"properties":{"net":"NC3046","o":2}},{"type":"Feature","geometry":{"type":"LineString","coordinates":[[-83.36119,35.43203],[-83.36104,35.43211]]},"properties":{"net":"out","o":4}},{"type":"Feature","geometry":{"type":"LineString","coordinates":[[-83.3497,35.42422],[-83.35349,35.42701],[-83.35486,35.42791],[-83.35912,35.4292],[-83.36021,35.43002],[-83.36068,35.43064],[-83.36095,35.43144],[-83.36104,35.43211]]},"properties":{"net":"out","o":6}},{"type":"Feature","geometry":{"type":"LineString","coordinates":[[-83.35365,35.45425],[-83.35377,35.45527]]},"properties":{"net":"NC3046","o":1}},{"type":"Feature","geometry":{"type":"LineString","coordinates":[[-83.35,35.44973],[-83.34957,35.45084]]},"properties":{"net":"NC3046","o":1}},{"type":"Feature","geometry":{"type":"LineString","coordinates":[[-83.34914,35.45972],[-83.34926,35.45968],[-83.34935,35.45929],[-83.35009,35.45849],[-83.35079,35.45711],[-83.35132,35.45658],[-83.35154,35.45591],[-83.35175,35.45568],[-83.352,35.45514]]},"properties":{"net":"NC3046","o":2}},{"type":"Feature","geometry":{"type":"LineString","coordinates":[[-83.24658,35.44534],[-83.24504,35.44619],[-83.24444,35.44681],[-83.24403,35.44755],[-83.24333,35.44811],[-83.24285,35.44866],[-83.24263,35.44908],[-83.24235,35.4493]]},"properties":{"net":"sm3088","o":1}},{"type":"Feature","geometry":{"type":"LineString","coordinates":[[-83.24494,35.47714],[-83.24489,35.47629],[-83.24505,35.47585],[-83.24552,35.47524],[-83.24635,35.47479],[-83.24637,35.47452],[-83.2462,35.47386],[-83.24635,35.47348]]},"properties":{"net":"NC3046","o":2}},{"type":"Feature","geometry":{"type":"LineString","coordinates":[[-83.25661,35.49201],[-83.25655,35.49166],[-83.2562,35.49102],[-83.2561,35.49013],[-83.2556,35.48957],[-83.25535,35.48825],[-83.25492,35.48807],[-83.25457,35.48669],[-83.25406,35.4859],[-83.25417,35.48525],[-83.25443,35.48494]]},"properties":{"net":"NC3046","o":2}},{"type":"Feature","geometry":{"type":"LineString","coordinates":[[-83.24455,35.4982],[-83.24454,35.49706],[-83.24435,35.49669],[-83.24387,35.49616]]},"properties":{"net":"NC3046","o":1}},{"type":"Feature","geometry":{"type":"LineString","coordinates":[[-83.2542,35.51669],[-83.25469,35.51722],[-83.25506,35.51744]]},"properties":{"net":"sm3083","o":2}},{"type":"Feature","geometry":{"type":"LineString","coordinates":[[-83.27012,35.5213],[-83.27055,35.52138],[-83.27151,35.52187],[-83.27247,35.52198]]},"properties":{"net":"NC3046","o":2}},{"type":"Feature","geometry":{"type":"LineString","coordinates":[[-83.2691,35.52163],[-83.26938,35.52145]]},"properties":{"net":"NC3046","o":2}},{"type":"Feature","geometry":{"type":"LineString","coordinates":[[-83.26502,35.53131],[-83.2653,35.53094],[-83.26534,35.53071],[-83.26583,35.53015],[-83.26648,35.5298]]},"properties":{"net":"sm3083","o":3}},{"type":"Feature","geometry":{"type":"LineString","coordinates":[[-83.27045,35.32683],[-83.26979,35.32691],[-83.26871,35.32741]]},"properties":{"net":"NC6252","o":4}},{"type":"Feature","geometry":{"type":"LineString","coordinates":[[-83.26134,35.52053],[-83.26129,35.52091],[-83.26139,35.52124],[-83.26106,35.5219],[-83.26014,35.52244]]},"properties":{"net":"sm3083","o":1}},{"type":"Feature","geometry":{"type":"LineString","coordinates":[[-83.26066,35.53846],[-83.26019,35.5392],[-83.26008,35.53949],[-83.26013,35.53968]]},"properties":{"net":"NC3046","o":1}},{"type":"Feature","geometry":{"type":"LineString","coordinates":[[-83.26002,35.52564],[-83.26131,35.52548],[-83.262,35.52572]]},"properties":{"net":"sm3083","o":4}},{"type":"Feature","geometry":{"type":"LineString","coordinates":[[-83.25863,35.53909],[-83.2594,35.53941]]},"properties":{"net":"NC3046","o":4}},{"type":"Feature","geometry":{"type":"LineString","coordinates":[[-83.25795,35.54157],[-83.25826,35.54119],[-83.25971,35.53994],[-83.26006,35.5399],[-83.26057,35.54]]},"properties":{"net":"NC3046","o":1}},{"type":"Feature","geometry":{"type":"LineString","coordinates":[[-83.25775,35.52751],[-83.25842,35.52682],[-83.25847,35.52652],[-83.25875,35.5263],[-83.2591,35.52579],[-83.26002,35.52564]]},"properties":{"net":"sm3083","o":2}},{"type":"Feature","geometry":{"type":"LineString","coordinates":[[-83.27634,35.5591],[-83.27631,35.55907]]},"properties":{"net":"NC3046","o":2}},{"type":"Feature","geometry":{"type":"LineString","coordinates":[[-83.27756,35.55372],[-83.27677,35.55334],[-83.27559,35.55313],[-83.27504,35.55279]]},"properties":{"net":"NC3046","o":2}},{"type":"Feature","geometry":{"type":"LineString","coordinates":[[-83.28376,35.56676],[-83.28258,35.5664],[-83.28206,35.56606]]},"properties":{"net":"NC3046","o":1}},{"type":"Feature","geometry":{"type":"LineString","coordinates":[[-83.28488,35.56847],[-83.28355,35.56804],[-83.28253,35.56714],[-83.28182,35.5668]]},"properties":{"net":"NC3046","o":1}},{"type":"Feature","geometry":{"type":"LineString","coordinates":[[-83.28146,35.56559],[-83.28181,35.56571],[-83.28221,35.56568]]},"properties":{"net":"NC3046","o":1}},{"type":"Feature","geometry":{"type":"LineString","coordinates":[[-83.28287,35.57487],[-83.28257,35.57366],[-83.28241,35.57331],[-83.28136,35.57206],[-83.28066,35.57153],[-83.28061,35.57133]]},"properties":{"net":"NC3046","o":1}},{"type":"Feature","geometry":{"type":"LineString","coordinates":[[-83.28362,35.62237],[-83.28215,35.62136],[-83.28153,35.62106],[-83.28054,35.62085],[-83.27995,35.62005],[-83.27946,35.6199],[-83.27917,35.61954],[-83.27861,35.61924],[-83.27844,35.61916],[-83.27773,35.61921],[-83.2773,35.61908]]},"properties":{"net":"NC3046","o":2}},{"type":"Feature","geometry":{"type":"LineString","coordinates":[[-83.26116,35.36745],[-83.26176,35.36795]]},"properties":{"net":"out","o":6}},{"type":"Feature","geometry":{"type":"LineString","coordinates":[[-83.25831,35.36622],[-83.25917,35.3663],[-83.25973,35.36646],[-83.261,35.36742]]},"properties":{"net":"out","o":6}},{"type":"Feature","geometry":{"type":"LineString","coordinates":[[-83.26737,35.38196],[-83.2676,35.3827],[-83.26769,35.38446],[-83.26818,35.38534],[-83.26819,35.38561],[-83.26854,35.38601],[-83.26875,35.38677],[-83.26905,35.38716],[-83.26945,35.38751],[-83.26973,35.38759],[-83.27023,35.38771],[-83.27089,35.38768],[-83.27176,35.38738],[-83.27234,35.38695]]},"properties":{"net":"out","o":6}},{"type":"Feature","geometry":{"type":"LineString","coordinates":[[-83.26678,35.38052],[-83.26672,35.38092],[-83.26697,35.38161]]},"properties":{"net":"out","o":6}},{"type":"Feature","geometry":{"type":"LineString","coordinates":[[-83.29572,35.63602],[-83.29548,35.63516],[-83.29509,35.63444],[-83.2949,35.63427],[-83.29477,35.63387],[-83.2943,35.63345],[-83.29404,35.63289],[-83.29361,35.63236],[-83.29306,35.63188],[-83.29254,35.63124],[-83.29216,35.63045],[-83.29186,35.63023],[-83.29158,35.62985],[-83.29123,35.62963],[-83.29088,35.62876],[-83.29064,35.6284],[-83.28974,35.62764],[-83.28932,35.62753],[-83.28874,35.62718],[-83.28835,35.62649],[-83.28775,35.62616],[-83.28741,35.62571],[-83.28698,35.62561],[-83.28631,35.6252]]},"properties":{"net":"NC3046","o":1}},{"type":"Feature","geometry":{"type":"LineString","coordinates":[[-83.29443,35.64609],[-83.29374,35.64557],[-83.29313,35.64529],[-83.29103,35.64514],[-83.28959,35.64524],[-83.28923,35.64535],[-83.28883,35.64513],[-83.28857,35.64524],[-83.28823,35.64517],[-83.28796,35.64488],[-83.28674,35.6446],[-83.28635,35.64435],[-83.28588,35.64433]]},"properties":{"net":"NC3046","o":1}},{"type":"Feature","geometry":{"type":"LineString","coordinates":[[-83.28561,35.6513],[-83.2849,35.651],[-83.28418,35.65024],[-83.28339,35.64968],[-83.28278,35.64963],[-83.28233,35.64935],[-83.28172,35.64918]]},"properties":{"net":"NC3046","o":1}},{"type":"Feature","geometry":{"type":"LineString","coordinates":[[-83.27946,35.65743],[-83.27896,35.65722],[-83.27845,35.6573],[-83.27742,35.65796],[-83.27612,35.65814],[-83.27552,35.65853],[-83.27416,35.65842],[-83.27364,35.65848]]},"properties":{"net":"NC3046","o":2}},{"type":"Feature","geometry":{"type":"LineString","coordinates":[[-83.24718,35.36361],[-83.24729,35.36374],[-83.24742,35.365],[-83.24766,35.36548],[-83.24801,35.36574],[-83.24899,35.36606]]},"properties":{"net":"NC6252","o":6}},{"type":"Feature","geometry":{"type":"LineString","coordinates":[[-83.24899,35.36606],[-83.24924,35.36611],[-83.2496,35.36638]]},"properties":{"net":"out","o":6}},{"type":"Feature","geometry":{"type":"LineString","coordinates":[[-83.26641,35.38004],[-83.26678,35.38052]]},"properties":{"net":"out","o":6}},{"type":"Feature","geometry":{"type":"LineString","coordinates":[[-83.26237,35.39919],[-83.26245,35.39862],[-83.26209,35.39768],[-83.26208,35.39731],[-83.26259,35.3958]]},"properties":{"net":"out","o":4}},{"type":"Feature","geometry":{"type":"LineString","coordinates":[[-83.26922,35.44746],[-83.26956,35.44741],[-83.27012,35.44715],[-83.2713,35.4464],[-83.27271,35.44609],[-83.27462,35.44539],[-83.27598,35.44461]]},"properties":{"net":"NC3046","o":1}},{"type":"Feature","geometry":{"type":"LineString","coordinates":[[-83.26649,35.44225],[-83.26678,35.44223],[-83.26709,35.44238],[-83.2675,35.44241],[-83.26962,35.44195],[-83.27114,35.44209],[-83.27194,35.44233]]},"properties":{"net":"NC3046","o":2}},{"type":"Feature","geometry":{"type":"LineString","coordinates":[[-83.25523,35.44172],[-83.25617,35.44203],[-83.25677,35.44234],[-83.25733,35.44267],[-83.25765,35.44303],[-83.25855,35.44316],[-83.26162,35.4432],[-83.26268,35.44298],[-83.26379,35.44345],[-83.26436,35.44348],[-83.26522,35.44309],[-83.26603,35.44246],[-83.26649,35.44225]]},"properties":{"net":"NC3046","o":1}},{"type":"Feature","geometry":{"type":"LineString","coordinates":[[-83.26755,35.46803],[-83.26902,35.46777],[-83.26974,35.46748],[-83.27001,35.46747],[-83.27184,35.46794],[-83.27239,35.46815],[-83.27246,35.46826]]},"properties":{"net":"NC3046","o":4}},{"type":"Feature","geometry":{"type":"LineString","coordinates":[[-83.27695,35.51352],[-83.27716,35.51421]]},"properties":{"net":"NC3046","o":1}},{"type":"Feature","geometry":{"type":"LineString","coordinates":[[-83.26475,35.45838],[-83.26599,35.45938],[-83.26643,35.46038],[-83.2676,35.46138],[-83.26799,35.46238],[-83.26807,35.4631],[-83.26885,35.46394],[-83.2688,35.46412],[-83.269,35.46458],[-83.26937,35.46471],[-83.2697,35.46468],[-83.27057,35.46483],[-83.27103,35.4652],[-83.27171,35.46602],[-83.27216,35.46626],[-83.27249,35.46634],[-83.27383,35.46635],[-83.27398,35.46643],[-83.27409,35.46656],[-83.27422,35.4672],[-83.27466,35.4678],[-83.27521,35.46796]]},"properties":{"net":"NC3046","o":1}},{"type":"Feature","geometry":{"type":"LineString","coordinates":[[-83.25673,35.48155],[-83.25614,35.48216],[-83.25585,35.48311],[-83.25583,35.48347],[-83.25594,35.48377],[-83.25621,35.48407],[-83.25652,35.48421],[-83.25742,35.48443],[-83.25802,35.48444]]},"properties":{"net":"NC3046","o":1}},{"type":"Feature","geometry":{"type":"LineString","coordinates":[[-83.274,35.50727],[-83.27397,35.50752],[-83.2741,35.50799],[-83.27387,35.50838]]},"properties":{"net":"NC3046","o":2}},{"type":"Feature","geometry":{"type":"LineString","coordinates":[[-83.27354,35.50591],[-83.2736,35.5065],[-83.27379,35.50703],[-83.274,35.50727]]},"properties":{"net":"NC3046","o":1}},{"type":"Feature","geometry":{"type":"LineString","coordinates":[[-83.26994,35.51657],[-83.27006,35.51642]]},"properties":{"net":"NC3046","o":2}},{"type":"Feature","geometry":{"type":"LineString","coordinates":[[-83.26161,35.51818],[-83.26087,35.51832],[-83.25961,35.51875],[-83.25941,35.51915],[-83.25891,35.51944],[-83.25863,35.51986]]},"properties":{"net":"sm3083","o":1}},{"type":"Feature","geometry":{"type":"LineString","coordinates":[[-83.25906,35.51482],[-83.25898,35.51552],[-83.25837,35.5158],[-83.25796,35.51614]]},"properties":{"net":"sm3083","o":1}},{"type":"Feature","geometry":{"type":"LineString","coordinates":[[-83.27751,35.52797],[-83.27754,35.52791]]},"properties":{"net":"NC3046","o":1}},{"type":"Feature","geometry":{"type":"LineString","coordinates":[[-83.27719,35.52009],[-83.27728,35.52006]]},"properties":{"net":"NC3046","o":2}},{"type":"Feature","geometry":{"type":"LineString","coordinates":[[-83.27754,35.52791],[-83.27694,35.52755]]},"properties":{"net":"NC3046","o":6}},{"type":"Feature","geometry":{"type":"LineString","coordinates":[[-83.27648,35.51909],[-83.27741,35.51903]]},"properties":{"net":"NC3046","o":1}},{"type":"Feature","geometry":{"type":"LineString","coordinates":[[-83.27277,35.52595],[-83.27372,35.5258]]},"properties":{"net":"NC3046","o":1}},{"type":"Feature","geometry":{"type":"LineString","coordinates":[[-83.27224,35.53695],[-83.2727,35.53675]]},"properties":{"net":"NC3046","o":6}},{"type":"Feature","geometry":{"type":"LineString","coordinates":[[-83.29281,35.40008],[-83.29208,35.40083],[-83.29209,35.40205]]},"properties":{"net":"out","o":6}},{"type":"Feature","geometry":{"type":"LineString","coordinates":[[-83.29496,35.43358],[-83.29496,35.43358]]},"properties":{"net":"NC3046","o":1}},{"type":"Feature","geometry":{"type":"LineString","coordinates":[[-83.28918,35.44868],[-83.29021,35.44851],[-83.29151,35.44806],[-83.29185,35.44807],[-83.29217,35.44817],[-83.29325,35.44886],[-83.2942,35.44932]]},"properties":{"net":"NC3046","o":2}},{"type":"Feature","geometry":{"type":"LineString","coordinates":[[-83.28733,35.46959],[-83.28767,35.46987],[-83.28874,35.47007],[-83.28923,35.47049]]},"properties":{"net":"NC3046","o":4}},{"type":"Feature","geometry":{"type":"LineString","coordinates":[[-83.29578,35.49561],[-83.29673,35.4965],[-83.29691,35.49724],[-83.29721,35.49759],[-83.29727,35.49813]]},"properties":{"net":"NC3046","o":2}},{"type":"Feature","geometry":{"type":"LineString","coordinates":[[-83.256,35.5537],[-83.25662,35.55399]]},"properties":{"net":"NC3046","o":1}},{"type":"Feature","geometry":{"type":"LineString","coordinates":[[-83.25156,35.54942],[-83.25147,35.54991],[-83.25162,35.55051]]},"properties":{"net":"NC3046","o":2}},{"type":"Feature","geometry":{"type":"LineString","coordinates":[[-83.25305,35.55783],[-83.25173,35.55814],[-83.25125,35.55853]]},"properties":{"net":"NC3046","o":1}},{"type":"Feature","geometry":{"type":"LineString","coordinates":[[-83.25476,35.53779],[-83.25524,35.53755],[-83.25539,35.53759]]},"properties":{"net":"NC3046","o":3}},{"type":"Feature","geometry":{"type":"LineString","coordinates":[[-83.2501,35.55472],[-83.25088,35.5546]]},"properties":{"net":"NC3046","o":1}},{"type":"Feature","geometry":{"type":"LineString","coordinates":[[-83.25013,35.54505],[-83.24942,35.54601],[-83.24989,35.547],[-83.24977,35.54789],[-83.24982,35.54811],[-83.25005,35.54841],[-83.25011,35.54876]]},"properties":{"net":"NC3046","o":1}},{"type":"Feature","geometry":{"type":"LineString","coordinates":[[-83.24809,35.54818],[-83.24895,35.54885],[-83.24906,35.54925],[-83.24943,35.54967]]},"properties":{"net":"NC3046","o":3}},{"type":"Feature","geometry":{"type":"LineString","coordinates":[[-83.24588,35.55126],[-83.2468,35.55065],[-83.24716,35.55062],[-83.24797,35.55091],[-83.24859,35.55099],[-83.24899,35.55118],[-83.2503,35.55135],[-83.25053,35.55153]]},"properties":{"net":"NC3046","o":1}},{"type":"Feature","geometry":{"type":"LineString","coordinates":[[-83.24395,35.54934],[-83.24505,35.54865],[-83.24602,35.54841]]},"properties":{"net":"NC3046","o":2}},{"type":"Feature","geometry":{"type":"LineString","coordinates":[[-83.24318,35.55841],[-83.24413,35.55865]]},"properties":{"net":"NC3046","o":5}},{"type":"Feature","geometry":{"type":"LineString","coordinates":[[-83.24117,35.54136],[-83.24068,35.54169],[-83.23822,35.54176]]},"properties":{"net":"NC3046","o":1}},{"type":"Feature","geometry":{"type":"LineString","coordinates":[[-83.23841,35.55328],[-83.23797,35.55361],[-83.23729,35.5551]]},"properties":{"net":"NC3046","o":2}},{"type":"Feature","geometry":{"type":"LineString","coordinates":[[-83.27956,35.51166],[-83.27886,35.51276]]},"properties":{"net":"NC3046","o":1}},{"type":"Feature","geometry":{"type":"LineString","coordinates":[[-83.27812,35.51814],[-83.27817,35.51821]]},"properties":{"net":"NC3046","o":3}},{"type":"Feature","geometry":{"type":"LineString","coordinates":[[-83.27767,35.51858],[-83.27817,35.51821]]},"properties":{"net":"NC3046","o":6}},{"type":"Feature","geometry":{"type":"LineString","coordinates":[[-83.2906,35.53128],[-83.29061,35.53121]]},"properties":{"net":"NC3046","o":2}},{"type":"Feature","geometry":{"type":"LineString","coordinates":[[-83.29036,35.53204],[-83.2906,35.53128]]},"properties":{"net":"NC3046","o":1}},{"type":"Feature","geometry":{"type":"LineString","coordinates":[[-83.28926,35.52166],[-83.28947,35.52141],[-83.28968,35.52092],[-83.28995,35.52065],[-83.29039,35.52058]]},"properties":{"net":"NC3046","o":1}},{"type":"Feature","geometry":{"type":"LineString","coordinates":[[-83.27919,35.52033],[-83.27919,35.52029]]},"properties":{"net":"NC3046","o":1}},{"type":"Feature","geometry":{"type":"LineString","coordinates":[[-83.27885,35.5241],[-83.27932,35.52381]]},"properties":{"net":"NC3046","o":6}},{"type":"Feature","geometry":{"type":"LineString","coordinates":[[-83.27823,35.54015],[-83.27772,35.53927],[-83.27768,35.53855]]},"properties":{"net":"NC3046","o":3}},{"type":"Feature","geometry":{"type":"LineString","coordinates":[[-83.29587,35.54864],[-83.2961,35.54834],[-83.29617,35.54798],[-83.29682,35.54712],[-83.2971,35.54648],[-83.29709,35.54598],[-83.29719,35.54571],[-83.29712,35.54543],[-83.29761,35.54506]]},"properties":{"net":"NC3046","o":1}},{"type":"Feature","geometry":{"type":"LineString","coordinates":[[-83.25508,35.52122],[-83.25501,35.52138],[-83.25482,35.52147],[-83.2544,35.52192],[-83.25437,35.5221]]},"properties":{"net":"sm3083","o":1}},{"type":"Feature","geometry":{"type":"LineString","coordinates":[[-83.25425,35.5312],[-83.25471,35.531],[-83.25535,35.53089],[-83.25559,35.53072],[-83.25599,35.5307]]},"properties":{"net":"sm3083","o":1}},{"type":"Feature","geometry":{"type":"LineString","coordinates":[[-83.25197,35.52557],[-83.25263,35.5254],[-83.25335,35.52494],[-83.25452,35.52467],[-83.25502,35.52427],[-83.25544,35.52422]]},"properties":{"net":"sm3083","o":3}},{"type":"Feature","geometry":{"type":"LineString","coordinates":[[-83.25077,35.53805],[-83.25155,35.53774],[-83.2523,35.53788]]},"properties":{"net":"NC3046","o":3}},{"type":"Feature","geometry":{"type":"LineString","coordinates":[[-83.24923,35.54196],[-83.24916,35.54165],[-83.24922,35.54125],[-83.24941,35.54086],[-83.24985,35.5404],[-83.24993,35.53987]]},"properties":{"net":"NC3046","o":1}},{"type":"Feature","geometry":{"type":"LineString","coordinates":[[-83.24714,35.52243],[-83.24755,35.5225],[-83.24863,35.52318],[-83.24898,35.5233],[-83.25058,35.5234]]},"properties":{"net":"sm3083","o":2}},{"type":"Feature","geometry":{"type":"LineString","coordinates":[[-83.24509,35.53323],[-83.24579,35.53292]]},"properties":{"net":"NC3046","o":3}},{"type":"Feature","geometry":{"type":"LineString","coordinates":[[-83.24321,35.53383],[-83.24394,35.53348],[-83.24411,35.5333],[-83.24429,35.53328]]},"properties":{"net":"NC3046","o":3}},{"type":"Feature","geometry":{"type":"LineString","coordinates":[[-83.24005,35.53282],[-83.24079,35.53348],[-83.24131,35.53373]]},"properties":{"net":"NC3046","o":1}},{"type":"Feature","geometry":{"type":"LineString","coordinates":[[-83.23758,35.53646],[-83.23751,35.5372],[-83.23689,35.53821],[-83.23644,35.53861],[-83.23621,35.539],[-83.23606,35.53939],[-83.23615,35.53975]]},"properties":{"net":"NC3046","o":1}},{"type":"Feature","geometry":{"type":"LineString","coordinates":[[-83.21526,35.34016],[-83.21758,35.33983]]},"properties":{"net":"NC6252","o":5}},{"type":"Feature","geometry":{"type":"LineString","coordinates":[[-83.21567,35.37479],[-83.21689,35.37463],[-83.21735,35.37434],[-83.21794,35.3738],[-83.21845,35.37378]]},"properties":{"net":"out","o":5}},{"type":"Feature","geometry":{"type":"LineString","coordinates":[[-83.21552,35.37463],[-83.21567,35.37479]]},"properties":{"net":"out","o":5}},{"type":"Feature","geometry":{"type":"LineString","coordinates":[[-83.27299,35.55941],[-83.27299,35.55891],[-83.27337,35.55828],[-83.27308,35.55785]]},"properties":{"net":"NC3046","o":1}},{"type":"Feature","geometry":{"type":"LineString","coordinates":[[-83.27216,35.55034],[-83.27142,35.55005]]},"properties":{"net":"NC3046","o":1}},{"type":"Feature","geometry":{"type":"LineString","coordinates":[[-83.27599,35.54904],[-83.27451,35.54853],[-83.27394,35.54843],[-83.27238,35.54864],[-83.27169,35.54852],[-83.2715,35.54835],[-83.27117,35.54831],[-83.2706,35.54775]]},"properties":{"net":"NC3046","o":1}},{"type":"Feature","geometry":{"type":"LineString","coordinates":[[-83.27038,35.55192],[-83.2708,35.55129]]},"properties":{"net":"NC3046","o":3}},{"type":"Feature","geometry":{"type":"LineString","coordinates":[[-83.27062,35.54826],[-83.2698,35.54809]]},"properties":{"net":"NC3046","o":3}},{"type":"Feature","geometry":{"type":"LineString","coordinates":[[-83.26801,35.55193],[-83.26806,35.55169],[-83.26867,35.55131]]},"properties":{"net":"NC3046","o":2}},{"type":"Feature","geometry":{"type":"LineString","coordinates":[[-83.26659,35.54937],[-83.26773,35.54955]]},"properties":{"net":"NC3046","o":6}},{"type":"Feature","geometry":{"type":"LineString","coordinates":[[-83.26527,35.55794],[-83.26313,35.55728]]},"properties":{"net":"sm3084","o":1}},{"type":"Feature","geometry":{"type":"LineString","coordinates":[[-83.26309,35.54806],[-83.26352,35.54805]]},"properties":{"net":"NC3046","o":2}},{"type":"Feature","geometry":{"type":"LineString","coordinates":[[-83.26227,35.5434],[-83.26253,35.54346],[-83.26309,35.54333],[-83.26342,35.54342]]},"properties":{"net":"NC3046","o":1}},{"type":"Feature","geometry":{"type":"LineString","coordinates":[[-83.26205,35.54594],[-83.26241,35.54672],[-83.26291,35.54722],[-83.26302,35.54753]]},"properties":{"net":"NC3046","o":1}},{"type":"Feature","geometry":{"type":"LineString","coordinates":[[-83.26426,35.58144],[-83.26398,35.5811],[-83.26373,35.58053],[-83.26359,35.57957],[-83.26331,35.57893],[-83.26293,35.57853],[-83.26222,35.57806]]},"properties":{"net":"NC3046","o":4}},{"type":"Feature","geometry":{"type":"LineString","coordinates":[[-83.26368,35.57078],[-83.26288,35.57073],[-83.26212,35.57027],[-83.2616,35.57008]]},"properties":{"net":"NC3046","o":2}},{"type":"Feature","geometry":{"type":"LineString","coordinates":[[-83.26173,35.56283],[-83.26121,35.56242],[-83.26091,35.56185]]},"properties":{"net":"sm3084","o":1}},{"type":"Feature","geometry":{"type":"LineString","coordinates":[[-83.26222,35.57806],[-83.26125,35.57755],[-83.26083,35.5771]]},"properties":{"net":"NC3046","o":4}},{"type":"Feature","geometry":{"type":"LineString","coordinates":[[-83.23692,35.55627],[-83.23749,35.55583],[-83.23827,35.55568]]},"properties":{"net":"NC3046","o":1}},{"type":"Feature","geometry":{"type":"LineString","coordinates":[[-83.24896,35.5619],[-83.249,35.56125]]},"properties":{"net":"NC3046","o":5}},{"type":"Feature","geometry":{"type":"LineString","coordinates":[[-83.2492,35.57674],[-83.24872,35.57667],[-83.24797,35.57674],[-83.24698,35.57643]]},"properties":{"net":"NC3046","o":1}},{"type":"Feature","geometry":{"type":"LineString","coordinates":[[-83.25449,35.25623],[-83.25589,35.2565],[-83.25675,35.25692],[-83.25754,35.25747],[-83.25811,35.25768],[-83.25971,35.25768],[-83.2602,35.25713],[-83.26108,35.25663],[-83.26195,35.2555],[-83.26261,35.25507],[-83.2634,35.25478],[-83.26369,35.25457],[-83.264,35.25391],[-83.26408,35.25234],[-83.26435,35.2515],[-83.26478,35.2509],[-83.26554,35.25057]]},"properties":{"net":"sm2653","o":2}},{"type":"Feature","geometry":{"type":"LineString","coordinates":[[-83.2661,35.58285],[-83.26634,35.58223]]},"properties":{"net":"NC3046","o":4}},{"type":"Feature","geometry":{"type":"LineString","coordinates":[[-83.26805,35.61385],[-83.26775,35.61346],[-83.26708,35.61292],[-83.26645,35.61271],[-83.2657,35.61274],[-83.26497,35.61254]]},"properties":{"net":"NC3046","o":3}},{"type":"Feature","geometry":{"type":"LineString","coordinates":[[-83.26364,35.62205],[-83.26332,35.6217],[-83.26288,35.62154],[-83.26188,35.62023],[-83.26124,35.62003],[-83.26095,35.61983],[-83.2599,35.61963],[-83.25912,35.61962],[-83.25763,35.62],[-83.25748,35.61984],[-83.2569,35.61965],[-83.25663,35.61941],[-83.25623,35.6194],[-83.25579,35.61918],[-83.25526,35.61918],[-83.25379,35.6199],[-83.25308,35.61993],[-83.25253,35.62026]]},"properties":{"net":"NC3046","o":1}},{"type":"Feature","geometry":{"type":"LineString","coordinates":[[-83.27105,35.6407],[-83.27115,35.64058]]},"properties":{"net":"NC3046","o":1}},{"type":"Feature","geometry":{"type":"LineString","coordinates":[[-83.26988,35.63284],[-83.26977,35.63291]]},"properties":{"net":"NC3046","o":3}},{"type":"Feature","geometry":{"type":"LineString","coordinates":[[-83.26977,35.63291],[-83.26906,35.63264],[-83.268,35.63191],[-83.26741,35.63101]]},"properties":{"net":"NC3046","o":4}},{"type":"Feature","geometry":{"type":"LineString","coordinates":[[-83.24698,35.57643],[-83.24659,35.57636],[-83.24613,35.57609],[-83.24593,35.5763],[-83.24564,35.57638]]},"properties":{"net":"NC3046","o":2}},{"type":"Feature","geometry":{"type":"LineString","coordinates":[[-83.24408,35.56686],[-83.24405,35.5668]]},"properties":{"net":"NC3046","o":1}},{"type":"Feature","geometry":{"type":"LineString","coordinates":[[-83.24342,35.5618],[-83.24609,35.56263]]},"properties":{"net":"NC3046","o":5}},{"type":"Feature","geometry":{"type":"LineString","coordinates":[[-83.24308,35.57773],[-83.24338,35.57751],[-83.24358,35.57679],[-83.24415,35.5765]]},"properties":{"net":"NC3046","o":4}},{"type":"Feature","geometry":{"type":"LineString","coordinates":[[-83.24222,35.5614],[-83.24259,35.56142],[-83.24331,35.56174]]},"properties":{"net":"NC3046","o":3}},{"type":"Feature","geometry":{"type":"LineString","coordinates":[[-83.24175,35.56928],[-83.24179,35.56932]]},"properties":{"net":"NC3046","o":3}},{"type":"Feature","geometry":{"type":"LineString","coordinates":[[-83.23795,35.56402],[-83.23988,35.56327],[-83.24037,35.56272]]},"properties":{"net":"NC3046","o":1}},{"type":"Feature","geometry":{"type":"LineString","coordinates":[[-83.29102,35.54765],[-83.29048,35.5471],[-83.29013,35.54691],[-83.28924,35.54619]]},"properties":{"net":"NC3046","o":1}},{"type":"Feature","geometry":{"type":"LineString","coordinates":[[-83.28839,35.54324],[-83.28846,35.54267],[-83.28908,35.54201]]},"properties":{"net":"NC3046","o":3}},{"type":"Feature","geometry":{"type":"LineString","coordinates":[[-83.28977,35.54975],[-83.2886,35.54918],[-83.28746,35.54894],[-83.28648,35.54857],[-83.28568,35.54777]]},"properties":{"net":"NC3046","o":1}},{"type":"Feature","geometry":{"type":"LineString","coordinates":[[-83.2841,35.55241],[-83.28427,35.55224],[-83.2843,35.55187]]},"properties":{"net":"NC3046","o":3}},{"type":"Feature","geometry":{"type":"LineString","coordinates":[[-83.27993,35.54686],[-83.28112,35.54603],[-83.28174,35.54593],[-83.28222,35.54571],[-83.28332,35.54578]]},"properties":{"net":"NC3046","o":1}},{"type":"Feature","geometry":{"type":"LineString","coordinates":[[-83.27901,35.54105],[-83.27851,35.54029],[-83.27823,35.54015]]},"properties":{"net":"NC3046","o":2}},{"type":"Feature","geometry":{"type":"LineString","coordinates":[[-83.2224,35.47351],[-83.22267,35.47311],[-83.22324,35.47267],[-83.22353,35.47227],[-83.22483,35.47154],[-83.22519,35.4712]]},"properties":{"net":"NC3046","o":2}},{"type":"Feature","geometry":{"type":"LineString","coordinates":[[-83.21311,35.47226],[-83.21372,35.47165],[-83.21413,35.47139],[-83.21476,35.47117],[-83.21542,35.47111]]},"properties":{"net":"NC3046","o":4}},{"type":"Feature","geometry":{"type":"LineString","coordinates":[[-83.22415,35.48392],[-83.22302,35.48273],[-83.2226,35.48188],[-83.22227,35.48145],[-83.22182,35.48039],[-83.22079,35.47969],[-83.22006,35.47893]]},"properties":{"net":"sm3076","o":1}},{"type":"Feature","geometry":{"type":"LineString","coordinates":[[-83.21363,35.48424],[-83.21385,35.48389]]},"properties":{"net":"sm3074","o":2}},{"type":"Feature","geometry":{"type":"LineString","coordinates":[[-83.21385,35.48389],[-83.21404,35.48361],[-83.21482,35.48298],[-83.21524,35.48235],[-83.21582,35.48187]]},"properties":{"net":"sm3075","o":2}},{"type":"Feature","geometry":{"type":"LineString","coordinates":[[-83.23524,35.53237],[-83.23526,35.53265],[-83.23481,35.53407]]},"properties":{"net":"NC3046","o":2}},{"type":"Feature","geometry":{"type":"LineString","coordinates":[[-83.234,35.53728],[-83.23261,35.53716]]},"properties":{"net":"NC3046","o":1}},{"type":"Feature","geometry":{"type":"LineString","coordinates":[[-83.23199,35.53807],[-83.23179,35.5383],[-83.23146,35.53845],[-83.23096,35.53896],[-83.23069,35.53944]]},"properties":{"net":"NC3046","o":2}},{"type":"Feature","geometry":{"type":"LineString","coordinates":[[-83.23238,35.5287],[-83.23187,35.52906],[-83.23117,35.52924],[-83.23039,35.5293]]},"properties":{"net":"NC3046","o":1}},{"type":"Feature","geometry":{"type":"LineString","coordinates":[[-83.22937,35.53724],[-83.22948,35.53797],[-83.2305,35.53895],[-83.23069,35.53944]]},"properties":{"net":"NC3046","o":2}},{"type":"Feature","geometry":{"type":"LineString","coordinates":[[-83.17754,35.33206],[-83.17798,35.33204],[-83.17922,35.33159],[-83.18167,35.33106],[-83.18216,35.33086],[-83.183,35.33007],[-83.18309,35.32979],[-83.18341,35.32942],[-83.1834,35.32929],[-83.18432,35.32799],[-83.18716,35.32537],[-83.18799,35.3243],[-83.18869,35.32306],[-83.18911,35.32268],[-83.18976,35.32239],[-83.19086,35.32235],[-83.19149,35.32278],[-83.19167,35.32318],[-83.19176,35.32489],[-83.19154,35.32594],[-83.19156,35.32751],[-83.19138,35.32815],[-83.19148,35.32905],[-83.19194,35.32944],[-83.19283,35.32968],[-83.19351,35.33006],[-83.19449,35.3308],[-83.19601,35.3316],[-83.1969,35.33222]]},"properties":{"net":"NC6252","o":5}},{"type":"Feature","geometry":{"type":"LineString","coordinates":[[-83.22501,35.529],[-83.22388,35.52895],[-83.22326,35.52877],[-83.22271,35.52846]]},"properties":{"net":"NC3046","o":1}},{"type":"Feature","geometry":{"type":"LineString","coordinates":[[-83.22322,35.52605],[-83.22291,35.52653],[-83.22219,35.52707],[-83.22187,35.5276],[-83.22121,35.52812],[-83.22074,35.52867]]},"properties":{"net":"NC3046","o":1}},{"type":"Feature","geometry":{"type":"LineString","coordinates":[[-83.22027,35.53136],[-83.22037,35.53178],[-83.22035,35.53276]]},"properties":{"net":"NC3046","o":3}},{"type":"Feature","geometry":{"type":"LineString","coordinates":[[-83.22054,35.53514],[-83.22024,35.5357],[-83.22,35.53642],[-83.22008,35.53767]]},"properties":{"net":"NC3046","o":3}},{"type":"Feature","geometry":{"type":"LineString","coordinates":[[-83.21957,35.53076],[-83.21968,35.53099],[-83.22027,35.53136]]},"properties":{"net":"NC3046","o":3}},{"type":"Feature","geometry":{"type":"LineString","coordinates":[[-83.21708,35.5299],[-83.21744,35.53012]]},"properties":{"net":"NC3046","o":2}},{"type":"Feature","geometry":{"type":"LineString","coordinates":[[-83.21524,35.5393],[-83.21481,35.53953],[-83.2147,35.54008]]},"properties":{"net":"NC3046","o":1}},{"type":"Feature","geometry":{"type":"LineString","coordinates":[[-83.23437,35.55012],[-83.23398,35.55065],[-83.2339,35.55103],[-83.23318,35.55137],[-83.23304,35.55164],[-83.23281,35.55179]]},"properties":{"net":"NC3046","o":1}},{"type":"Feature","geometry":{"type":"LineString","coordinates":[[-83.23006,35.55798],[-83.23052,35.55788],[-83.23097,35.55804],[-83.23125,35.55802]]},"properties":{"net":"NC3046","o":1}},{"type":"Feature","geometry":{"type":"LineString","coordinates":[[-83.26171,35.55203],[-83.26217,35.5519],[-83.26244,35.55167],[-83.26263,35.55056]]},"properties":{"net":"NC3046","o":6}},{"type":"Feature","geometry":{"type":"LineString","coordinates":[[-83.2621,35.55903],[-83.26159,35.55843],[-83.26105,35.55801]]},"properties":{"net":"sm3084","o":4}},{"type":"Feature","geometry":{"type":"LineString","coordinates":[[-83.29271,35.49014],[-83.29298,35.48973],[-83.29374,35.48932]]},"properties":{"net":"NC3046","o":1}},{"type":"Feature","geometry":{"type":"LineString","coordinates":[[-83.28601,35.48947],[-83.28686,35.48892],[-83.28744,35.4888],[-83.28786,35.48844],[-83.28834,35.48827],[-83.28903,35.48825],[-83.28992,35.48842],[-83.29119,35.48792],[-83.29233,35.48801]]},"properties":{"net":"NC3046","o":1}},{"type":"Feature","geometry":{"type":"LineString","coordinates":[[-83.29774,35.50391],[-83.2973,35.50256]]},"properties":{"net":"NC3046","o":6}},{"type":"Feature","geometry":{"type":"LineString","coordinates":[[-83.29518,35.50554],[-83.29529,35.50537],[-83.29529,35.50487],[-83.29588,35.50435],[-83.29675,35.50421],[-83.29756,35.50396]]},"properties":{"net":"NC3046","o":1}},{"type":"Feature","geometry":{"type":"LineString","coordinates":[[-83.29387,35.5054],[-83.29413,35.50505],[-83.29454,35.50475],[-83.29493,35.50419]]},"properties":{"net":"NC3046","o":2}},{"type":"Feature","geometry":{"type":"LineString","coordinates":[[-83.29318,35.51695],[-83.29322,35.51702]]},"properties":{"net":"NC3046","o":1}},{"type":"Feature","geometry":{"type":"LineString","coordinates":[[-83.2918,35.49938],[-83.29255,35.49994],[-83.29341,35.50011],[-83.29427,35.50013],[-83.29462,35.50024],[-83.29517,35.50071],[-83.29554,35.50124]]},"properties":{"net":"NC3046","o":3}},{"type":"Feature","geometry":{"type":"LineString","coordinates":[[-83.26105,35.55801],[-83.26097,35.55778],[-83.26105,35.55741],[-83.261,35.55695],[-83.26074,35.55634],[-83.26083,35.55626]]},"properties":{"net":"sm3084","o":4}},{"type":"Feature","geometry":{"type":"LineString","coordinates":[[-83.26003,35.54175],[-83.26039,35.54158],[-83.26154,35.54141],[-83.26235,35.54118],[-83.26301,35.54162]]},"properties":{"net":"NC3046","o":1}},{"type":"Feature","geometry":{"type":"LineString","coordinates":[[-83.25995,35.55324],[-83.25986,35.55315]]},"properties":{"net":"NC3046","o":1}},{"type":"Feature","geometry":{"type":"LineString","coordinates":[[-83.25731,35.55503],[-83.25782,35.55489],[-83.25806,35.55472]]},"properties":{"net":"NC3046","o":6}},{"type":"Feature","geometry":{"type":"LineString","coordinates":[[-83.27575,35.56872],[-83.27562,35.56849]]},"properties":{"net":"sm3084","o":2}},{"type":"Feature","geometry":{"type":"LineString","coordinates":[[-83.27728,35.57512],[-83.27677,35.5748],[-83.27549,35.57477]]},"properties":{"net":"sm3084","o":1}},{"type":"Feature","geometry":{"type":"LineString","coordinates":[[-83.27063,35.56298],[-83.27017,35.56272],[-83.26931,35.5627],[-83.26809,35.56222]]},"properties":{"net":"sm3084","o":4}},{"type":"Feature","geometry":{"type":"LineString","coordinates":[[-83.26543,35.58184],[-83.2654,35.58179]]},"properties":{"net":"NC3046","o":1}},{"type":"Feature","geometry":{"type":"LineString","coordinates":[[-83.26531,35.56422],[-83.26543,35.56365],[-83.26502,35.56314]]},"properties":{"net":"sm3084","o":1}},{"type":"Feature","geometry":{"type":"LineString","coordinates":[[-83.26858,35.57167],[-83.26807,35.57121],[-83.26695,35.5708],[-83.2662,35.57066],[-83.26566,35.57045],[-83.26495,35.57037]]},"properties":{"net":"NC3046","o":1}},{"type":"Feature","geometry":{"type":"LineString","coordinates":[[-83.26417,35.66096],[-83.26429,35.66049],[-83.26414,35.65994],[-83.26426,35.65977],[-83.26476,35.65949],[-83.2655,35.65927],[-83.26693,35.6593],[-83.26749,35.65914],[-83.26758,35.6589],[-83.26715,35.65756],[-83.26727,35.65737],[-83.26835,35.65714],[-83.26922,35.65644],[-83.26967,35.65658],[-83.27011,35.65701],[-83.27127,35.65705],[-83.27201,35.65695]]},"properties":{"net":"NC3046","o":3}},{"type":"Feature","geometry":{"type":"LineString","coordinates":[[-83.23578,35.58905],[-83.2361,35.58856],[-83.23585,35.5876],[-83.23604,35.58682],[-83.23693,35.58557],[-83.23778,35.58487],[-83.23795,35.58429],[-83.2393,35.58355],[-83.23956,35.58283],[-83.23969,35.58161],[-83.24105,35.57989],[-83.24196,35.57907]]},"properties":{"net":"NC31823","o":4}},{"type":"Feature","geometry":{"type":"LineString","coordinates":[[-83.25253,35.62026],[-83.25241,35.62028]]},"properties":{"net":"NC3046","o":1}},{"type":"Feature","geometry":{"type":"LineString","coordinates":[[-83.29225,35.50328],[-83.29181,35.50349],[-83.29169,35.50366]]},"properties":{"net":"NC3046","o":1}},{"type":"Feature","geometry":{"type":"LineString","coordinates":[[-83.28551,35.50457],[-83.28644,35.50374],[-83.28734,35.50269],[-83.28839,35.502],[-83.28881,35.50199]]},"properties":{"net":"NC3046","o":3}},{"type":"Feature","geometry":{"type":"LineString","coordinates":[[-83.28489,35.50506],[-83.28551,35.50457]]},"properties":{"net":"NC3046","o":2}},{"type":"Feature","geometry":{"type":"LineString","coordinates":[[-83.27964,35.51271],[-83.27886,35.51276]]},"properties":{"net":"NC3046","o":1}},{"type":"Feature","geometry":{"type":"LineString","coordinates":[[-83.24825,35.68551],[-83.24884,35.68537],[-83.2491,35.68508],[-83.25027,35.68487],[-83.2508,35.68463],[-83.25135,35.68465],[-83.25183,35.68438],[-83.2527,35.68419],[-83.25368,35.68381],[-83.25467,35.68328],[-83.25542,35.68272],[-83.25577,35.68227],[-83.25721,35.68169],[-83.25865,35.68047],[-83.25934,35.68017]]},"properties":{"net":"NC3046","o":1}},{"type":"Feature","geometry":{"type":"LineString","coordinates":[[-83.22827,35.54348],[-83.22854,35.54362],[-83.22862,35.54399],[-83.22892,35.54423]]},"properties":{"net":"NC3046","o":4}},{"type":"Feature","geometry":{"type":"LineString","coordinates":[[-83.22126,35.54132],[-83.22229,35.54153],[-83.22312,35.54157]]},"properties":{"net":"NC3046","o":4}},{"type":"Feature","geometry":{"type":"LineString","coordinates":[[-83.24464,35.60903],[-83.24498,35.60913],[-83.24541,35.60942],[-83.24643,35.60971],[-83.24727,35.6096],[-83.25001,35.60985],[-83.25205,35.60956]]},"properties":{"net":"NC3046","o":1}},{"type":"Feature","geometry":{"type":"LineString","coordinates":[[-83.25561,35.62473],[-83.25429,35.62451]]},"properties":{"net":"NC3046","o":4}},{"type":"Feature","geometry":{"type":"LineString","coordinates":[[-83.24903,35.6749],[-83.24866,35.67406],[-83.2483,35.67363],[-83.24788,35.67285],[-83.24735,35.67254],[-83.24635,35.67248],[-83.24586,35.67215],[-83.245,35.67125],[-83.24478,35.6705],[-83.24394,35.66969],[-83.24376,35.6692],[-83.24349,35.66879],[-83.24291,35.66844],[-83.24266,35.66839]]},"properties":{"net":"NC3046","o":1}},{"type":"Feature","geometry":{"type":"LineString","coordinates":[[-83.19958,35.39341],[-83.20084,35.39326],[-83.20233,35.39248]]},"properties":{"net":"out","o":5}},{"type":"Feature","geometry":{"type":"LineString","coordinates":[[-83.19806,35.39354],[-83.1988,35.39363],[-83.19958,35.39341]]},"properties":{"net":"out","o":5}},{"type":"Feature","geometry":{"type":"LineString","coordinates":[[-83.22128,35.54457],[-83.22009,35.54456]]},"properties":{"net":"NC3046","o":1}},{"type":"Feature","geometry":{"type":"LineString","coordinates":[[-83.21991,35.55206],[-83.22107,35.55234],[-83.22173,35.55278]]},"properties":{"net":"sm3086","o":1}},{"type":"Feature","geometry":{"type":"LineString","coordinates":[[-83.21959,35.54633],[-83.2196,35.54585],[-83.21944,35.54566]]},"properties":{"net":"NC3046","o":1}},{"type":"Feature","geometry":{"type":"LineString","coordinates":[[-83.21896,35.54254],[-83.21959,35.5423]]},"properties":{"net":"NC3046","o":4}},{"type":"Feature","geometry":{"type":"LineString","coordinates":[[-83.21508,35.54016],[-83.21566,35.54123],[-83.21711,35.54195]]},"properties":{"net":"NC3046","o":4}},{"type":"Feature","geometry":{"type":"LineString","coordinates":[[-83.22931,35.56155],[-83.22967,35.56121]]},"properties":{"net":"NC3046","o":2}},{"type":"Feature","geometry":{"type":"LineString","coordinates":[[-83.22899,35.56203],[-83.22931,35.56155]]},"properties":{"net":"NC3046","o":2}},{"type":"Feature","geometry":{"type":"LineString","coordinates":[[-83.22814,35.56316],[-83.22866,35.56259]]},"properties":{"net":"NC3046","o":2}},{"type":"Feature","geometry":{"type":"LineString","coordinates":[[-83.15184,35.17519],[-83.15206,35.17735],[-83.15181,35.1779],[-83.1537,35.17932],[-83.1537,35.18045]]},"properties":{"net":"NC3036","o":4}},{"type":"Feature","geometry":{"type":"LineString","coordinates":[[-83.15248,35.1964],[-83.15303,35.19755]]},"properties":{"net":"NC3036","o":4}},{"type":"Feature","geometry":{"type":"LineString","coordinates":[[-83.15303,35.19755],[-83.15303,35.19755]]},"properties":{"net":"NC3029","o":4}},{"type":"Feature","geometry":{"type":"LineString","coordinates":[[-83.2177,35.61053],[-83.2185,35.61041],[-83.21995,35.6099]]},"properties":{"net":"NC31823","o":4}},{"type":"Feature","geometry":{"type":"LineString","coordinates":[[-83.21507,35.62655],[-83.21406,35.6262],[-83.2133,35.62532],[-83.21281,35.62494]]},"properties":{"net":"NC31823","o":4}},{"type":"Feature","geometry":{"type":"LineString","coordinates":[[-83.29294,35.38582],[-83.2934,35.38616],[-83.29399,35.387]]},"properties":{"net":"out","o":6}},{"type":"Feature","geometry":{"type":"LineString","coordinates":[[-83.29399,35.387],[-83.29458,35.38766],[-83.29476,35.38792],[-83.29477,35.3881],[-83.29589,35.3896],[-83.29812,35.39213],[-83.29831,35.39267],[-83.29843,35.39275],[-83.29854,35.39482],[-83.29818,35.39628],[-83.29751,35.39734],[-83.29646,35.39824],[-83.29523,35.39891],[-83.29501,35.39892],[-83.29475,35.39915],[-83.29442,35.39917],[-83.2935,35.39956],[-83.29281,35.40008]]},"properties":{"net":"out","o":6}},{"type":"Feature","geometry":{"type":"LineString","coordinates":[[-83.19737,35.39323],[-83.19806,35.39354]]},"properties":{"net":"out","o":5}},{"type":"Feature","geometry":{"type":"LineString","coordinates":[[-83.21,35.45392],[-83.20998,35.45429],[-83.21009,35.45458],[-83.21039,35.45519],[-83.21088,35.45585]]},"properties":{"net":"sm3081","o":3}},{"type":"Feature","geometry":{"type":"LineString","coordinates":[[-83.2146,35.46035],[-83.21467,35.46152],[-83.21409,35.46264],[-83.21401,35.4631],[-83.21404,35.46381]]},"properties":{"net":"sm3081","o":3}},{"type":"Feature","geometry":{"type":"LineString","coordinates":[[-83.20993,35.48057],[-83.21041,35.47919],[-83.2109,35.47858],[-83.21104,35.47738],[-83.21153,35.4765],[-83.21141,35.4755],[-83.21149,35.47501]]},"properties":{"net":"NC3046","o":1}},{"type":"Feature","geometry":{"type":"LineString","coordinates":[[-83.1531,35.27196],[-83.15265,35.27243],[-83.15111,35.27351],[-83.15084,35.27394],[-83.15079,35.27479],[-83.15085,35.27515],[-83.15118,35.27576],[-83.1511,35.27611],[-83.15115,35.27647],[-83.15098,35.27685],[-83.15059,35.27732],[-83.15,35.27883],[-83.14923,35.28005],[-83.14909,35.28103],[-83.1486,35.28146],[-83.1483,35.28191],[-83.14837,35.28273],[-83.14808,35.28334],[-83.14784,35.28359],[-83.14778,35.28388]]},"properties":{"net":"NC3252","o":1}},{"type":"Feature","geometry":{"type":"LineString","coordinates":[[-83.1069,35.26081],[-83.1069,35.26097],[-83.10726,35.26145],[-83.1084,35.26236],[-83.1088,35.26244]]},"properties":{"net":"NC3252","o":4}},{"type":"Feature","geometry":{"type":"LineString","coordinates":[[-83.10806,35.25735],[-83.10857,35.25798],[-83.10855,35.25879],[-83.10846,35.25902],[-83.10809,35.25935],[-83.10705,35.25943],[-83.10662,35.25967],[-83.10652,35.25981],[-83.10653,35.26013],[-83.1069,35.26081]]},"properties":{"net":"NC3252","o":4}},{"type":"Feature","geometry":{"type":"LineString","coordinates":[[-83.06772,35.29044],[-83.06896,35.29065],[-83.06999,35.29057],[-83.07184,35.29],[-83.07281,35.2894],[-83.07325,35.28922],[-83.07396,35.28904],[-83.07467,35.28907],[-83.07686,35.28848]]},"properties":{"net":"NC3252","o":1}},{"type":"Feature","geometry":{"type":"LineString","coordinates":[[-83.08212,35.39904],[-83.08246,35.3995],[-83.08233,35.40039],[-83.08262,35.40112],[-83.08282,35.40209],[-83.08304,35.40246],[-83.08357,35.40274]]},"properties":{"net":"out","o":4}},{"type":"Feature","geometry":{"type":"LineString","coordinates":[[-83.09219,35.25328],[-83.09263,35.25279],[-83.09261,35.25232]]},"properties":{"net":"NC3026","o":3}},{"type":"Feature","geometry":{"type":"LineString","coordinates":[[-83.10209,35.2919],[-83.10255,35.29193],[-83.10359,35.29175],[-83.10378,35.29189],[-83.10406,35.2924],[-83.10465,35.29289],[-83.10548,35.29309],[-83.10672,35.29356],[-83.10779,35.29409],[-83.10824,35.29409],[-83.10962,35.29357]]},"properties":{"net":"NC3252","o":4}},{"type":"Feature","geometry":{"type":"LineString","coordinates":[[-83.09383,35.28975],[-83.09526,35.28979],[-83.0967,35.28895],[-83.09794,35.28874],[-83.0985,35.28881],[-83.09932,35.28919],[-83.09981,35.29017],[-83.10138,35.29143],[-83.10187,35.29166],[-83.10209,35.2919]]},"properties":{"net":"NC3252","o":2}},{"type":"Feature","geometry":{"type":"LineString","coordinates":[[-83.08515,35.2981],[-83.08688,35.29795],[-83.08808,35.29767],[-83.08871,35.29763],[-83.09018,35.29786],[-83.09202,35.29767],[-83.09403,35.2982],[-83.09447,35.29801],[-83.095,35.29737],[-83.0954,35.29723],[-83.09597,35.29719]]},"properties":{"net":"NC3252","o":1}},{"type":"Feature","geometry":{"type":"LineString","coordinates":[[-83.09434,35.35294],[-83.09474,35.35132],[-83.09469,35.3502],[-83.09477,35.34968],[-83.09563,35.34871],[-83.09599,35.34774],[-83.09621,35.34743],[-83.09686,35.34683],[-83.09767,35.34658],[-83.09793,35.34636],[-83.09794,35.34621],[-83.09752,35.34581],[-83.09741,35.34548],[-83.09747,35.34523],[-83.09783,35.34486],[-83.09788,35.34445]]},"properties":{"net":"NC3252","o":2}},{"type":"Feature","geometry":{"type":"LineString","coordinates":[[-82.93322,35.27767],[-82.93492,35.2772],[-82.93778,35.27581],[-82.93796,35.27563],[-82.93852,35.27456],[-82.9386,35.27409],[-82.9385,35.27374]]},"properties":{"net":"NC3027","o":2}},{"type":"Feature","geometry":{"type":"LineString","coordinates":[[-83.08061,35.23416],[-83.08048,35.23482],[-83.08016,35.235],[-83.07968,35.23508],[-83.0798,35.23595],[-83.07929,35.23699],[-83.07849,35.23753],[-83.07817,35.23797],[-83.07764,35.23838],[-83.07683,35.23925],[-83.07579,35.23958],[-83.07447,35.23974],[-83.07425,35.23994],[-83.07403,35.24043]]},"properties":{"net":"NC3026","o":1}},{"type":"Feature","geometry":{"type":"LineString","coordinates":[[-83.07403,35.24043],[-83.07432,35.24049],[-83.07459,35.24075],[-83.07479,35.24109],[-83.07505,35.24196],[-83.07541,35.24242]]},"properties":{"net":"NC3026","o":4}},{"type":"Feature","geometry":{"type":"LineString","coordinates":[[-83.04123,35.16226],[-83.03974,35.16275],[-83.03899,35.16279],[-83.03855,35.16261],[-83.03801,35.16209],[-83.03665,35.16146],[-83.03588,35.1608],[-83.0352,35.16076]]},"properties":{"net":"NC3027","o":2}},{"type":"Feature","geometry":{"type":"LineString","coordinates":[[-83.02791,35.16319],[-83.02736,35.16337],[-83.02663,35.16377],[-83.02665,35.16428],[-83.02565,35.16428],[-83.02483,35.16526],[-83.02406,35.16545]]},"properties":{"net":"NC3027","o":2}},{"type":"Feature","geometry":{"type":"LineString","coordinates":[[-83.02776,35.22616],[-83.02892,35.22708],[-83.0304,35.22751],[-83.03121,35.22876],[-83.03263,35.23007],[-83.03342,35.23059]]},"properties":{"net":"NC3028","o":4}},{"type":"Feature","geometry":{"type":"LineString","coordinates":[[-83.10593,35.41318],[-83.10617,35.41289],[-83.10648,35.41222],[-83.10698,35.41162],[-83.10754,35.41117],[-83.10845,35.41071],[-83.10887,35.41038],[-83.10933,35.40955],[-83.10984,35.40908],[-83.11,35.40864],[-83.11171,35.40758],[-83.11223,35.40655],[-83.11232,35.40608],[-83.11214,35.40554],[-83.11164,35.40483],[-83.1116,35.40462],[-83.11172,35.4042]]},"properties":{"net":"out","o":4}},{"type":"Feature","geometry":{"type":"LineString","coordinates":[[-83.08428,35.27152],[-83.08451,35.27067],[-83.0846,35.26952],[-83.0845,35.26905],[-83.08324,35.268],[-83.08267,35.26709],[-83.0816,35.2657],[-83.0812,35.26544],[-83.07984,35.26494],[-83.07934,35.26453],[-83.07834,35.26465],[-83.0778,35.26452],[-83.07681,35.26383],[-83.07604,35.2635],[-83.07519,35.26332],[-83.07478,35.26299]]},"properties":{"net":"NC3026","o":1}},{"type":"Feature","geometry":{"type":"LineString","coordinates":[[-83.08048,35.27952],[-83.08042,35.28052],[-83.08008,35.28073],[-83.07979,35.28245],[-83.07931,35.28327],[-83.07914,35.28381],[-83.07821,35.28469],[-83.07801,35.28544],[-83.07781,35.28576],[-83.07594,35.28739]]},"properties":{"net":"NC3252","o":1}},{"type":"Feature","geometry":{"type":"LineString","coordinates":[[-83.07686,35.28848],[-83.07765,35.2894],[-83.07822,35.28962],[-83.07881,35.29004],[-83.07926,35.29065],[-83.07995,35.29135],[-83.08201,35.29192],[-83.08295,35.29184],[-83.08404,35.29134],[-83.0845,35.29105],[-83.0855,35.28996],[-83.08577,35.28983]]},"properties":{"net":"NC3252","o":2}},{"type":"Feature","geometry":{"type":"LineString","coordinates":[[-83.02264,35.16552],[-83.02225,35.16588],[-83.02133,35.16574],[-83.01956,35.1662],[-83.01836,35.16634],[-83.0172,35.16681],[-83.01688,35.16681],[-83.01657,35.16654],[-83.01623,35.16667],[-83.01591,35.16667],[-83.01556,35.16702],[-83.01475,35.1671],[-83.0143,35.16747]]},"properties":{"net":"NC3027","o":2}},{"type":"Feature","geometry":{"type":"LineString","coordinates":[[-83.00866,35.21055],[-83.00915,35.21085],[-83.00939,35.21121],[-83.0095,35.2115],[-83.0094,35.21281],[-83.00957,35.21315],[-83.00973,35.21327],[-83.01074,35.21375],[-83.01277,35.21448],[-83.01408,35.2147],[-83.01452,35.21492],[-83.01508,35.21542],[-83.01602,35.21595],[-83.01673,35.21631],[-83.01746,35.21649],[-83.01798,35.21685],[-83.01817,35.21723],[-83.01819,35.21771],[-83.01801,35.21815],[-83.0172,35.2189],[-83.01712,35.21912],[-83.01721,35.21932]]},"properties":{"net":"NC3028","o":4}},{"type":"Feature","geometry":{"type":"LineString","coordinates":[[-83.1281,35.24698],[-83.12847,35.24773]]},"properties":{"net":"NC3252","o":1}},{"type":"Feature","geometry":{"type":"LineString","coordinates":[[-83.12359,35.26601],[-83.12313,35.26633],[-83.12325,35.26777],[-83.1231,35.26814]]},"properties":{"net":"NC3252","o":4}},{"type":"Feature","geometry":{"type":"LineString","coordinates":[[-83.12308,35.2682],[-83.12475,35.26911],[-83.12488,35.26947],[-83.12491,35.2701],[-83.12513,35.2702],[-83.12512,35.27111],[-83.12577,35.2719],[-83.12674,35.27267]]},"properties":{"net":"NC3252","o":5}},{"type":"Feature","geometry":{"type":"LineString","coordinates":[[-83.02385,35.30391],[-83.02501,35.30412],[-83.0258,35.30413]]},"properties":{"net":"NC3252","o":2}},{"type":"Feature","geometry":{"type":"LineString","coordinates":[[-83.037,35.30991],[-83.03766,35.31018],[-83.03889,35.31116],[-83.04021,35.31156],[-83.04101,35.3122],[-83.04144,35.31241],[-83.04176,35.31244],[-83.04254,35.31225],[-83.0431,35.3126],[-83.04358,35.31272],[-83.04473,35.31234],[-83.04555,35.31242],[-83.04657,35.31238]]},"properties":{"net":"NC3252","o":2}},{"type":"Feature","geometry":{"type":"LineString","coordinates":[[-83.11299,35.30103],[-83.11369,35.30101],[-83.11459,35.30145],[-83.11584,35.30164],[-83.11664,35.30204],[-83.11728,35.3025]]},"properties":{"net":"NC3252","o":4}},{"type":"Feature","geometry":{"type":"LineString","coordinates":[[-83.11086,35.2883],[-83.11064,35.29008],[-83.11095,35.29085],[-83.11119,35.29175],[-83.1112,35.29219],[-83.11107,35.29248],[-83.11044,35.29281],[-83.11035,35.29349]]},"properties":{"net":"NC3252","o":1}},{"type":"Feature","geometry":{"type":"LineString","coordinates":[[-83.10962,35.29357],[-83.11035,35.29349]]},"properties":{"net":"NC3252","o":4}},{"type":"Feature","geometry":{"type":"LineString","coordinates":[[-83.12679,35.32926],[-83.12606,35.32846],[-83.12523,35.32699],[-83.12442,35.32616],[-83.12364,35.32497],[-83.12354,35.32457],[-83.12377,35.32388],[-83.12377,35.3236],[-83.12357,35.32312],[-83.12289,35.32225],[-83.12217,35.32156],[-83.12132,35.32088],[-83.12037,35.32064],[-83.11969,35.31978]]},"properties":{"net":"NC3252","o":1}},{"type":"Feature","geometry":{"type":"LineString","coordinates":[[-83.11172,35.4042],[-83.11203,35.40382],[-83.11224,35.4037],[-83.11439,35.40343],[-83.1151,35.40312],[-83.11606,35.40251],[-83.11704,35.4022],[-83.1172,35.40198],[-83.11716,35.40166],[-83.11731,35.40112]]},"properties":{"net":"out","o":4}},{"type":"Feature","geometry":{"type":"LineString","coordinates":[[-83.06165,35.27927],[-83.0621,35.27979],[-83.06248,35.28054],[-83.06281,35.28207],[-83.06312,35.28273],[-83.06328,35.28295],[-83.0638,35.28323],[-83.0641,35.28395],[-83.06497,35.28445],[-83.06571,35.28584]]},"properties":{"net":"NC3252","o":1}},{"type":"Feature","geometry":{"type":"LineString","coordinates":[[-83.05619,35.33608],[-83.05586,35.33521],[-83.05529,35.33454]]},"properties":{"net":"sm8027254","o":3}},{"type":"Feature","geometry":{"type":"LineString","coordinates":[[-83.05529,35.33454],[-83.05493,35.33398],[-83.05487,35.33362],[-83.05494,35.33321],[-83.05558,35.33211],[-83.05625,35.33169]]},"properties":{"net":"sm165183","o":3}},{"type":"Feature","geometry":{"type":"LineString","coordinates":[[-83.05625,35.33169],[-83.05826,35.3307]]},"properties":{"net":"sm2658","o":3}},{"type":"Feature","geometry":{"type":"LineString","coordinates":[[-83.05826,35.3307],[-83.05854,35.3304],[-83.05863,35.32993],[-83.05827,35.32835],[-83.05846,35.32682],[-83.0589,35.32598],[-83.05936,35.32582],[-83.06008,35.32582]]},"properties":{"net":"sm165180","o":3}},{"type":"Feature","geometry":{"type":"LineString","coordinates":[[-82.99954,35.1529],[-82.99986,35.15291]]},"properties":{"net":"NC3027","o":2}},{"type":"Feature","geometry":{"type":"LineString","coordinates":[[-82.99772,35.16095],[-82.99784,35.16062],[-82.99849,35.15991],[-82.99885,35.15986],[-82.99915,35.15998],[-82.99953,35.15994],[-82.99986,35.16002]]},"properties":{"net":"NC3027","o":1}},{"type":"Feature","geometry":{"type":"LineString","coordinates":[[-83.00364,35.17309],[-83.00371,35.17357]]},"properties":{"net":"NC3027","o":3}},{"type":"Feature","geometry":{"type":"LineString","coordinates":[[-82.98488,35.16938],[-82.98668,35.16988],[-82.98786,35.17044],[-82.99038,35.17108],[-82.99114,35.17119],[-82.99189,35.17147],[-82.99259,35.17161],[-82.99355,35.17159],[-82.99546,35.17193],[-82.9979,35.17204],[-82.99862,35.17217],[-82.99969,35.1726]]},"properties":{"net":"NC3027","o":1}},{"type":"Feature","geometry":{"type":"LineString","coordinates":[[-82.99986,35.32599],[-83.00096,35.32605],[-83.00174,35.32648],[-83.00262,35.32679]]},"properties":{"net":"NC3252","o":2}},{"type":"Feature","geometry":{"type":"LineString","coordinates":[[-82.97533,35.20426],[-82.97551,35.20345],[-82.97673,35.20178],[-82.97776,35.2013],[-82.97858,35.20132],[-82.97902,35.20115],[-82.97932,35.2009],[-82.9796,35.20018],[-82.98049,35.19966],[-82.9814,35.19817],[-82.98197,35.19766],[-82.98195,35.1973],[-82.98206,35.19699]]},"properties":{"net":"NC3027","o":1}},{"type":"Feature","geometry":{"type":"LineString","coordinates":[[-82.99695,35.32528],[-82.99709,35.32549],[-82.99746,35.32563],[-82.99879,35.32567],[-82.99986,35.32599]]},"properties":{"net":"NC3252","o":2}},{"type":"Feature","geometry":{"type":"LineString","coordinates":[[-82.99292,35.31858],[-82.99359,35.31891],[-82.99388,35.31918],[-82.99536,35.32117],[-82.99745,35.32265],[-82.99751,35.32299],[-82.99723,35.32395],[-82.99721,35.32474],[-82.99695,35.32528]]},"properties":{"net":"NC3252","o":1}},{"type":"Feature","geometry":{"type":"LineString","coordinates":[[-82.98492,35.32385],[-82.987,35.323],[-82.98796,35.32279],[-82.98869,35.32275],[-82.98965,35.32296],[-82.99131,35.32381],[-82.99214,35.32399],[-82.99274,35.3244],[-82.99347,35.32443],[-82.99369,35.32467],[-82.99428,35.32503],[-82.99535,35.32547],[-82.99575,35.32555],[-82.99658,35.32508],[-82.99682,35.32513],[-82.99695,35.32528]]},"properties":{"net":"NC3252","o":2}},{"type":"Feature","geometry":{"type":"LineString","coordinates":[[-82.99986,35.33196],[-83.00046,35.33162]]},"properties":{"net":"NC3252","o":1}},{"type":"Feature","geometry":{"type":"LineString","coordinates":[[-83.38951,35.46122],[-83.38941,35.46082],[-83.38915,35.46052],[-83.38923,35.46006],[-83.38917,35.45962],[-83.3894,35.45937],[-83.38989,35.45914],[-83.39042,35.45912]]},"properties":{"net":"out","o":4}},{"type":"Feature","geometry":{"type":"LineString","coordinates":[[-83.38684,35.47294],[-83.38721,35.47231]]},"properties":{"net":"out","o":4}},{"type":"Feature","geometry":{"type":"LineString","coordinates":[[-83.38644,35.47353],[-83.38684,35.47294]]},"properties":{"net":"out","o":4}},{"type":"Feature","geometry":{"type":"LineString","coordinates":[[-83.40162,35.59953],[-83.40141,35.59944],[-83.40102,35.59891],[-83.40077,35.59872],[-83.39995,35.59857],[-83.39978,35.59824],[-83.39925,35.5979],[-83.39858,35.59769],[-83.3982,35.59739],[-83.39746,35.59705],[-83.39619,35.59669],[-83.39546,35.59679],[-83.39504,35.59698]]},"properties":{"net":"NC3046","o":3}},{"type":"Feature","geometry":{"type":"LineString","coordinates":[[-83.37013,35.42022],[-83.37026,35.42113],[-83.37081,35.42225],[-83.37077,35.42265],[-83.37042,35.42298]]},"properties":{"net":"out","o":4}},{"type":"Feature","geometry":{"type":"LineString","coordinates":[[-83.35253,35.39795],[-83.35243,35.39842],[-83.35248,35.39886],[-83.35275,35.39944],[-83.35273,35.40039],[-83.35319,35.40126],[-83.35422,35.40279],[-83.35678,35.40593],[-83.35762,35.40654],[-83.35874,35.40706],[-83.36055,35.40826],[-83.36113,35.4085],[-83.36202,35.40868],[-83.36368,35.40932]]},"properties":{"net":"out","o":4}},{"type":"Feature","geometry":{"type":"LineString","coordinates":[[-83.37568,35.44611],[-83.37736,35.44687],[-83.37816,35.44709]]},"properties":{"net":"out","o":6}},{"type":"Feature","geometry":{"type":"LineString","coordinates":[[-83.37357,35.44448],[-83.37405,35.4449],[-83.37426,35.44528]]},"properties":{"net":"NC3046","o":1}},{"type":"Feature","geometry":{"type":"LineString","coordinates":[[-83.37274,35.44469],[-83.37301,35.44509]]},"properties":{"net":"NC3046","o":1}},{"type":"Feature","geometry":{"type":"LineString","coordinates":[[-83.34654,35.47275],[-83.34631,35.47258]]},"properties":{"net":"NC3046","o":2}},{"type":"Feature","geometry":{"type":"LineString","coordinates":[[-83.34252,35.46145],[-83.34162,35.46097],[-83.34142,35.46073],[-83.34124,35.46028],[-83.34104,35.4601],[-83.33949,35.45972]]},"properties":{"net":"NC3046","o":2}},{"type":"Feature","geometry":{"type":"LineString","coordinates":[[-83.34249,35.4787],[-83.34221,35.47831],[-83.34228,35.47773],[-83.3421,35.47755]]},"properties":{"net":"NC3046","o":2}},{"type":"Feature","geometry":{"type":"LineString","coordinates":[[-83.34733,35.55015],[-83.3469,35.55064],[-83.34663,35.55127],[-83.34558,35.55189],[-83.34495,35.5521]]},"properties":{"net":"NC3046","o":2}},{"type":"Feature","geometry":{"type":"LineString","coordinates":[[-83.35573,35.62915],[-83.3554,35.62899],[-83.3547,35.62834],[-83.35469,35.62804],[-83.35441,35.62743],[-83.35434,35.62668],[-83.35376,35.62594],[-83.35386,35.62526],[-83.35378,35.62475],[-83.35346,35.62459],[-83.35294,35.6246],[-83.35161,35.6241],[-83.35104,35.62377],[-83.35049,35.62328],[-83.35016,35.62324],[-83.34977,35.62303],[-83.34933,35.62264],[-83.34939,35.62216],[-83.34911,35.62189],[-83.34904,35.62167],[-83.34859,35.62133],[-83.34823,35.6212],[-83.34744,35.62058],[-83.3456,35.62043],[-83.34498,35.6205],[-83.34391,35.62034],[-83.34363,35.62024],[-83.34346,35.62006],[-83.34296,35.61997],[-83.34166,35.62014],[-83.34091,35.61972],[-83.33991,35.61955],[-83.3395,35.61917],[-83.33911,35.61908],[-83.33837,35.61911],[-83.33797,35.61899],[-83.33759,35.61872],[-83.33678,35.61854],[-83.33608,35.61859],[-83.33584,35.61873],[-83.33441,35.61891]]},"properties":{"net":"NC3046","o":1}},{"type":"Feature","geometry":{"type":"LineString","coordinates":[[-83.35976,35.45643],[-83.35987,35.45657],[-83.36057,35.45634],[-83.36094,35.456],[-83.36118,35.45601]]},"properties":{"net":"NC3046","o":1}},{"type":"Feature","geometry":{"type":"LineString","coordinates":[[-83.35332,35.44901],[-83.3529,35.4491],[-83.35191,35.45015],[-83.35162,35.4515],[-83.35164,35.45196]]},"properties":{"net":"NC3046","o":1}},{"type":"Feature","geometry":{"type":"LineString","coordinates":[[-83.34641,35.45495],[-83.34661,35.45518],[-83.34718,35.45547],[-83.34756,35.45546],[-83.34824,35.45524]]},"properties":{"net":"NC3046","o":3}},{"type":"Feature","geometry":{"type":"LineString","coordinates":[[-83.36118,35.45601],[-83.36142,35.45605],[-83.36164,35.4563]]},"properties":{"net":"NC3046","o":2}},{"type":"Feature","geometry":{"type":"LineString","coordinates":[[-83.3593,35.46428],[-83.35938,35.46397],[-83.35961,35.46368],[-83.35961,35.46347]]},"properties":{"net":"sm3080","o":1}},{"type":"Feature","geometry":{"type":"LineString","coordinates":[[-83.35952,35.47367],[-83.35947,35.47323],[-83.35918,35.47266],[-83.35917,35.47209],[-83.35892,35.47179]]},"properties":{"net":"NC3046","o":2}},{"type":"Feature","geometry":{"type":"LineString","coordinates":[[-83.35397,35.4619],[-83.35435,35.46174],[-83.35622,35.46145],[-83.35695,35.46124]]},"properties":{"net":"sm3080","o":1}},{"type":"Feature","geometry":{"type":"LineString","coordinates":[[-83.35187,35.46818],[-83.35178,35.46803]]},"properties":{"net":"NC3046","o":5}},{"type":"Feature","geometry":{"type":"LineString","coordinates":[[-83.35164,35.46811],[-83.35178,35.46803]]},"properties":{"net":"NC3046","o":6}},{"type":"Feature","geometry":{"type":"LineString","coordinates":[[-83.35212,35.46546],[-83.35185,35.46537],[-83.3516,35.46513],[-83.35129,35.46437],[-83.35129,35.46387]]},"properties":{"net":"NC3046","o":6}},{"type":"Feature","geometry":{"type":"LineString","coordinates":[[-83.34922,35.46918],[-83.34936,35.4693]]},"properties":{"net":"NC3046","o":2}},{"type":"Feature","geometry":{"type":"LineString","coordinates":[[-83.34847,35.47522],[-83.3485,35.4748],[-83.3482,35.47399],[-83.34795,35.4737]]},"properties":{"net":"NC3046","o":2}},{"type":"Feature","geometry":{"type":"LineString","coordinates":[[-83.35598,35.49166],[-83.35602,35.49123],[-83.35569,35.49087],[-83.35566,35.49049]]},"properties":{"net":"NC3046","o":1}},{"type":"Feature","geometry":{"type":"LineString","coordinates":[[-83.35385,35.49478],[-83.3533,35.49482],[-83.35269,35.49511],[-83.35124,35.49523],[-83.35111,35.49519],[-83.35094,35.49492]]},"properties":{"net":"NC3046","o":1}},{"type":"Feature","geometry":{"type":"LineString","coordinates":[[-83.34764,35.48733],[-83.34822,35.4873],[-83.34918,35.48784],[-83.34962,35.48776]]},"properties":{"net":"NC3046","o":2}},{"type":"Feature","geometry":{"type":"LineString","coordinates":[[-83.34734,35.48525],[-83.348,35.4848],[-83.34841,35.48476],[-83.34892,35.48454],[-83.35042,35.48324],[-83.35173,35.48233],[-83.352,35.48196],[-83.35265,35.48172],[-83.35331,35.47966]]},"properties":{"net":"NC3046","o":1}},{"type":"Feature","geometry":{"type":"LineString","coordinates":[[-83.34572,35.48615],[-83.34764,35.48733]]},"properties":{"net":"NC3046","o":2}},{"type":"Feature","geometry":{"type":"LineString","coordinates":[[-83.34484,35.48402],[-83.34557,35.4836],[-83.34621,35.48341],[-83.34701,35.48272],[-83.34746,35.48258],[-83.3478,35.48235],[-83.34877,35.48222],[-83.34949,35.48174],[-83.34977,35.48135]]},"properties":{"net":"NC3046","o":1}},{"type":"Feature","geometry":{"type":"LineString","coordinates":[[-83.34329,35.48501],[-83.34418,35.48514],[-83.34469,35.48567],[-83.34572,35.48615]]},"properties":{"net":"NC3046","o":1}},{"type":"Feature","geometry":{"type":"LineString","coordinates":[[-83.34277,35.48896],[-83.34483,35.48997],[-83.34631,35.4904],[-83.34686,35.49026],[-83.34747,35.48989],[-83.348,35.48939],[-83.34879,35.48911]]},"properties":{"net":"NC3046","o":1}},{"type":"Feature","geometry":{"type":"LineString","coordinates":[[-83.3426,35.49666],[-83.34264,35.49659]]},"properties":{"net":"NC3046","o":2}},{"type":"Feature","geometry":{"type":"LineString","coordinates":[[-83.36009,35.57688],[-83.35919,35.57714],[-83.35827,35.57783],[-83.35756,35.57813],[-83.35642,35.57817],[-83.35538,35.5788],[-83.35333,35.5797]]},"properties":{"net":"NC3046","o":1}},{"type":"Feature","geometry":{"type":"LineString","coordinates":[[-83.34406,35.57719],[-83.34269,35.57649],[-83.34107,35.57682]]},"properties":{"net":"NC3046","o":4}},{"type":"Feature","geometry":{"type":"LineString","coordinates":[[-83.34409,35.59901],[-83.3432,35.5993],[-83.34253,35.59991],[-83.34194,35.60006],[-83.34124,35.60004],[-83.34041,35.60031],[-83.33957,35.60017],[-83.33812,35.60043],[-83.3367,35.60031],[-83.33608,35.60052]]},"properties":{"net":"NC3046","o":1}},{"type":"Feature","geometry":{"type":"LineString","coordinates":[[-83.34549,35.60446],[-83.34507,35.60409],[-83.3449,35.60365],[-83.34413,35.60282],[-83.34309,35.60286],[-83.34048,35.60255],[-83.34009,35.60238],[-83.3399,35.60192],[-83.33911,35.60122],[-83.33819,35.60118],[-83.3377,35.60136],[-83.33693,35.60119],[-83.33658,35.60101],[-83.33632,35.60066],[-83.33608,35.60052]]},"properties":{"net":"NC3046","o":1}},{"type":"Feature","geometry":{"type":"LineString","coordinates":[[-83.57575,35.44637],[-83.57721,35.44766],[-83.58141,35.45201]]},"properties":{"net":"out","o":7}},{"type":"Feature","geometry":{"type":"LineString","coordinates":[[-83.56294,35.50251],[-83.56287,35.50213],[-83.56248,35.50167],[-83.56223,35.50112],[-83.56201,35.50001]]},"properties":{"net":"out","o":4}},{"type":"Feature","geometry":{"type":"LineString","coordinates":[[-83.52302,35.43975],[-83.52446,35.43879],[-83.52558,35.43827]]},"properties":{"net":"out","o":7}},{"type":"Feature","geometry":{"type":"LineString","coordinates":[[-83.52042,35.43664],[-83.52116,35.43688],[-83.52184,35.43681],[-83.52232,35.43697],[-83.52301,35.43686]]},"properties":{"net":"out","o":4}},{"type":"Feature","geometry":{"type":"LineString","coordinates":[[-83.51093,35.44283],[-83.51085,35.44252],[-83.51088,35.44162],[-83.51101,35.44109],[-83.51116,35.4409]]},"properties":{"net":"out","o":7}},{"type":"Feature","geometry":{"type":"LineString","coordinates":[[-83.5019,35.4882],[-83.50321,35.48556],[-83.50341,35.48534],[-83.50397,35.48503],[-83.50669,35.48482],[-83.50895,35.48529],[-83.5091,35.48526],[-83.50933,35.48502]]},"properties":{"net":"out","o":4}},{"type":"Feature","geometry":{"type":"LineString","coordinates":[[-83.50445,35.42896],[-83.50365,35.42975]]},"properties":{"net":"out","o":4}},{"type":"Feature","geometry":{"type":"LineString","coordinates":[[-83.50111,35.43259],[-83.50025,35.43357],[-83.49963,35.43385],[-83.49944,35.43433]]},"properties":{"net":"out","o":4}},{"type":"Feature","geometry":{"type":"LineString","coordinates":[[-83.49572,35.44853],[-83.49635,35.4489],[-83.49673,35.44929],[-83.4975,35.45047],[-83.49787,35.45123],[-83.49839,35.45177]]},"properties":{"net":"out","o":7}},{"type":"Feature","geometry":{"type":"LineString","coordinates":[[-83.49513,35.43659],[-83.49488,35.43668],[-83.49425,35.43747],[-83.49386,35.43761]]},"properties":{"net":"out","o":4}},{"type":"Feature","geometry":{"type":"LineString","coordinates":[[-83.46672,35.42483],[-83.46817,35.42595]]},"properties":{"net":"out","o":7}},{"type":"Feature","geometry":{"type":"LineString","coordinates":[[-83.47504,35.44662],[-83.47573,35.4462]]},"properties":{"net":"out","o":4}},{"type":"Feature","geometry":{"type":"LineString","coordinates":[[-83.49386,35.43761],[-83.49347,35.43776],[-83.49323,35.43801],[-83.49253,35.43808]]},"properties":{"net":"out","o":4}},{"type":"Feature","geometry":{"type":"LineString","coordinates":[[-83.50255,35.49776],[-83.50313,35.4975],[-83.5036,35.4975]]},"properties":{"net":"out","o":4}},{"type":"Feature","geometry":{"type":"LineString","coordinates":[[-83.46891,35.45382],[-83.46929,35.4537]]},"properties":{"net":"out","o":4}},{"type":"Feature","geometry":{"type":"LineString","coordinates":[[-83.4807,35.41053],[-83.47979,35.41103]]},"properties":{"net":"out","o":4}},{"type":"Feature","geometry":{"type":"LineString","coordinates":[[-83.47643,35.41634],[-83.47591,35.41671],[-83.47581,35.41705]]},"properties":{"net":"out","o":4}},{"type":"Feature","geometry":{"type":"LineString","coordinates":[[-83.47286,35.42269],[-83.47262,35.42317],[-83.47253,35.42376],[-83.47177,35.42472],[-83.47171,35.42491],[-83.4698,35.426]]},"properties":{"net":"out","o":4}},{"type":"Feature","geometry":{"type":"LineString","coordinates":[[-83.4698,35.42697],[-83.46998,35.42705]]},"properties":{"net":"out","o":7}},{"type":"Feature","geometry":{"type":"LineString","coordinates":[[-83.4698,35.426],[-83.46976,35.42632],[-83.4701,35.42674],[-83.46998,35.42705]]},"properties":{"net":"out","o":4}},{"type":"Feature","geometry":{"type":"LineString","coordinates":[[-83.45551,35.42125],[-83.45701,35.42122]]},"properties":{"net":"out","o":7}},{"type":"Feature","geometry":{"type":"LineString","coordinates":[[-83.45357,35.41916],[-83.45392,35.41958],[-83.4553,35.42063],[-83.4554,35.4211]]},"properties":{"net":"out","o":4}},{"type":"Feature","geometry":{"type":"LineString","coordinates":[[-83.45237,35.42591],[-83.45354,35.42291]]},"properties":{"net":"out","o":7}},{"type":"Feature","geometry":{"type":"LineString","coordinates":[[-83.4487,35.40867],[-83.44923,35.40904]]},"properties":{"net":"out","o":4}},{"type":"Feature","geometry":{"type":"LineString","coordinates":[[-83.4129,35.61436],[-83.41299,35.61376],[-83.41287,35.61253],[-83.41263,35.61188],[-83.41262,35.61153],[-83.41237,35.61135],[-83.41231,35.61117],[-83.41246,35.61044],[-83.4124,35.61021],[-83.4117,35.6091],[-83.41158,35.60831],[-83.41168,35.60758],[-83.41142,35.60729],[-83.4114,35.60708],[-83.41105,35.60649],[-83.40979,35.60537],[-83.40943,35.60521],[-83.40872,35.60439],[-83.40847,35.60328],[-83.40863,35.60277],[-83.40842,35.60249],[-83.40818,35.60163],[-83.40813,35.60085]]},"properties":{"net":"NC3046","o":1}},{"type":"Feature","geometry":{"type":"LineString","coordinates":[[-83.43514,35.49858],[-83.4352,35.49819]]},"properties":{"net":"out","o":4}},{"type":"Feature","geometry":{"type":"LineString","coordinates":[[-83.42509,35.51503],[-83.42581,35.515],[-83.42621,35.51477],[-83.42636,35.51451],[-83.4261,35.51399],[-83.42563,35.51352],[-83.4253,35.51294]]},"properties":{"net":"out","o":4}},{"type":"Feature","geometry":{"type":"LineString","coordinates":[[-83.42475,35.51638],[-83.4239,35.51534],[-83.42384,35.51509],[-83.42397,35.51496],[-83.42509,35.51503]]},"properties":{"net":"out","o":4}},{"type":"Feature","geometry":{"type":"LineString","coordinates":[[-83.42205,35.43128],[-83.42267,35.4315]]},"properties":{"net":"out","o":7}},{"type":"Feature","geometry":{"type":"LineString","coordinates":[[-83.3928,35.4525],[-83.3936,35.45259],[-83.39416,35.45253]]},"properties":{"net":"out","o":7}},{"type":"Feature","geometry":{"type":"LineString","coordinates":[[-83.38733,35.44886],[-83.3875,35.44901]]},"properties":{"net":"out","o":7}},{"type":"Feature","geometry":{"type":"LineString","coordinates":[[-83.42348,35.4319],[-83.42484,35.43278]]},"properties":{"net":"out","o":7}},{"type":"Feature","geometry":{"type":"LineString","coordinates":[[-83.41667,35.4322],[-83.41772,35.432]]},"properties":{"net":"out","o":7}},{"type":"Feature","geometry":{"type":"LineString","coordinates":[[-83.41573,35.4209],[-83.41592,35.42128],[-83.41597,35.42165]]},"properties":{"net":"NC6241","o":4}},{"type":"Feature","geometry":{"type":"LineString","coordinates":[[-83.40594,35.4588],[-83.40598,35.45849]]},"properties":{"net":"out","o":4}},{"type":"Feature","geometry":{"type":"LineString","coordinates":[[-83.40035,35.43336],[-83.4008,35.43284]]},"properties":{"net":"out","o":7}},{"type":"Feature","geometry":{"type":"LineString","coordinates":[[-83.40263,35.44641],[-83.40179,35.44684],[-83.40146,35.44685],[-83.40103,35.44706],[-83.40044,35.44705],[-83.39991,35.44685]]},"properties":{"net":"out","o":4}},{"type":"Feature","geometry":{"type":"LineString","coordinates":[[-83.39991,35.44685],[-83.39962,35.44688]]},"properties":{"net":"out","o":4}},{"type":"Feature","geometry":{"type":"LineString","coordinates":[[-83.43648,35.43901],[-83.43688,35.43897],[-83.43785,35.43914],[-83.43852,35.43853]]},"properties":{"net":"out","o":4}},{"type":"Feature","geometry":{"type":"LineString","coordinates":[[-83.42543,35.41312],[-83.4256,35.41341],[-83.42625,35.41355]]},"properties":{"net":"NC6241","o":4}},{"type":"Feature","geometry":{"type":"LineString","coordinates":[[-83.42595,35.43356],[-83.42667,35.43392]]},"properties":{"net":"out","o":7}},{"type":"Feature","geometry":{"type":"LineString","coordinates":[[-83.42484,35.43278],[-83.42557,35.43329]]},"properties":{"net":"out","o":7}},{"type":"Feature","geometry":{"type":"LineString","coordinates":[[-83.43244,35.4406],[-83.43262,35.44053],[-83.43272,35.44035]]},"properties":{"net":"out","o":4}},{"type":"Feature","geometry":{"type":"LineString","coordinates":[[-83.43831,35.45713],[-83.43866,35.45657]]},"properties":{"net":"out","o":4}},{"type":"Feature","geometry":{"type":"LineString","coordinates":[[-83.43392,35.46418],[-83.43397,35.46415]]},"properties":{"net":"out","o":4}},{"type":"Feature","geometry":{"type":"LineString","coordinates":[[-83.36523,35.4745],[-83.36611,35.47432],[-83.36668,35.47392],[-83.36781,35.47361],[-83.36805,35.47317]]},"properties":{"net":"sm3080","o":1}},{"type":"Feature","geometry":{"type":"LineString","coordinates":[[-83.3679,35.4524],[-83.36726,35.45292],[-83.36681,35.45389],[-83.36658,35.45416]]},"properties":{"net":"NC3046","o":1}},{"type":"Feature","geometry":{"type":"LineString","coordinates":[[-83.36332,35.45033],[-83.36379,35.45013],[-83.36489,35.44926],[-83.36502,35.44934],[-83.36532,35.44924],[-83.36576,35.44887],[-83.36587,35.44861],[-83.36629,35.4485]]},"properties":{"net":"NC3046","o":2}},{"type":"Feature","geometry":{"type":"LineString","coordinates":[[-83.38053,35.47015],[-83.38107,35.46927],[-83.38107,35.46903]]},"properties":{"net":"sm3080","o":2}},{"type":"Feature","geometry":{"type":"LineString","coordinates":[[-83.38107,35.46903],[-83.38085,35.46834],[-83.38033,35.4679],[-83.37955,35.46677]]},"properties":{"net":"sm3080","o":2}},{"type":"Feature","geometry":{"type":"LineString","coordinates":[[-83.37509,35.47242],[-83.37501,35.47213],[-83.37458,35.47163],[-83.37451,35.47131]]},"properties":{"net":"sm3080","o":2}},{"type":"Feature","geometry":{"type":"LineString","coordinates":[[-83.37018,35.46077],[-83.37011,35.46055],[-83.36999,35.46049],[-83.36983,35.45994]]},"properties":{"net":"NC3046","o":1}},{"type":"Feature","geometry":{"type":"LineString","coordinates":[[-83.36932,35.45831],[-83.36909,35.45796]]},"properties":{"net":"NC3046","o":1}},{"type":"Feature","geometry":{"type":"LineString","coordinates":[[-83.36848,35.46805],[-83.36792,35.46705],[-83.36798,35.46665],[-83.36785,35.46621],[-83.36721,35.46541],[-83.36708,35.46536]]},"properties":{"net":"sm3080","o":2}},{"type":"Feature","geometry":{"type":"LineString","coordinates":[[-83.36696,35.4709],[-83.36656,35.47041],[-83.36536,35.46982]]},"properties":{"net":"sm3080","o":4}},{"type":"Feature","geometry":{"type":"LineString","coordinates":[[-83.36284,35.45771],[-83.36271,35.45759],[-83.3622,35.45755],[-83.36204,35.45731]]},"properties":{"net":"NC3046","o":1}},{"type":"Feature","geometry":{"type":"LineString","coordinates":[[-83.36647,35.47966],[-83.36665,35.47913],[-83.3669,35.4788],[-83.36716,35.47791]]},"properties":{"net":"sm3080","o":2}},{"type":"Feature","geometry":{"type":"LineString","coordinates":[[-83.36424,35.47749],[-83.36455,35.47727],[-83.36497,35.47726],[-83.36548,35.47711]]},"properties":{"net":"sm3080","o":1}},{"type":"Feature","geometry":{"type":"LineString","coordinates":[[-83.36367,35.49239],[-83.3626,35.49227]]},"properties":{"net":"NC3046","o":1}},{"type":"Feature","geometry":{"type":"LineString","coordinates":[[-83.37084,35.55537],[-83.36935,35.55487],[-83.36831,35.55469],[-83.36712,35.55454],[-83.36624,35.55466],[-83.36468,35.55443],[-83.3632,35.55457],[-83.36249,35.55503]]},"properties":{"net":"NC3046","o":1}},{"type":"Feature","geometry":{"type":"LineString","coordinates":[[-83.3824,35.5698],[-83.38194,35.57032],[-83.38164,35.57145],[-83.38144,35.57175],[-83.38106,35.57209],[-83.37963,35.5729],[-83.37903,35.57347],[-83.37882,35.5739],[-83.37863,35.57406],[-83.37699,35.57493],[-83.37567,35.57517],[-83.37487,35.5751]]},"properties":{"net":"sm642639","o":1}},{"type":"Feature","geometry":{"type":"LineString","coordinates":[[-83.37209,35.58268],[-83.37139,35.58154],[-83.37086,35.58117]]},"properties":{"net":"sm642639","o":1}},{"type":"Feature","geometry":{"type":"LineString","coordinates":[[-83.36796,35.58106],[-83.36711,35.58256],[-83.36708,35.58299],[-83.36678,35.58355]]},"properties":{"net":"sm642639","o":3}},{"type":"Feature","geometry":{"type":"LineString","coordinates":[[-83.37655,35.56555],[-83.3758,35.56517],[-83.375,35.56494],[-83.37297,35.56545],[-83.37162,35.56531],[-83.37036,35.56549],[-83.36979,35.5651],[-83.36925,35.56488],[-83.36875,35.56495],[-83.36835,35.56538],[-83.36792,35.5655],[-83.36615,35.56564],[-83.36305,35.56487],[-83.36262,35.56468],[-83.36224,35.56435],[-83.36177,35.56427],[-83.36143,35.56402],[-83.36078,35.56378],[-83.36027,35.56372],[-83.35966,35.56336]]},"properties":{"net":"NC3046","o":1}},{"type":"Feature","geometry":{"type":"LineString","coordinates":[[-83.36257,35.57218],[-83.36263,35.57171],[-83.36247,35.57118],[-83.36249,35.57066],[-83.36228,35.5699],[-83.36187,35.56924],[-83.36174,35.56812],[-83.36154,35.56736],[-83.36134,35.56686],[-83.36072,35.56612],[-83.36059,35.56577],[-83.36037,35.56552],[-83.36008,35.56406],[-83.3594,35.56352]]},"properties":{"net":"NC3046","o":1}},{"type":"Feature","geometry":{"type":"LineString","coordinates":[[-83.37674,35.60247],[-83.37648,35.60138],[-83.37665,35.60101],[-83.37725,35.60024],[-83.37766,35.59913],[-83.3781,35.59856],[-83.37814,35.59823],[-83.37808,35.59761],[-83.37786,35.59726],[-83.37743,35.59565],[-83.37721,35.59527],[-83.37721,35.59486],[-83.377,35.59397],[-83.37732,35.59347],[-83.37755,35.59334],[-83.37791,35.59332],[-83.37818,35.59299]]},"properties":{"net":"NC3046","o":1}},{"type":"Feature","geometry":{"type":"LineString","coordinates":[[-83.36921,35.58601],[-83.36906,35.58617],[-83.3689,35.58619],[-83.36786,35.58587],[-83.36715,35.58586],[-83.36583,35.58555],[-83.36478,35.58553]]},"properties":{"net":"sm642639","o":1}},{"type":"Feature","geometry":{"type":"LineString","coordinates":[[-83.37953,35.61891],[-83.38084,35.61816]]},"properties":{"net":"NC3046","o":1}},{"type":"Feature","geometry":{"type":"LineString","coordinates":[[-83.34003,35.34636],[-83.34061,35.34675],[-83.34179,35.34708],[-83.34226,35.34763],[-83.34267,35.34788],[-83.34349,35.34925],[-83.34402,35.35039],[-83.34477,35.35118],[-83.34504,35.35164],[-83.34537,35.3529],[-83.3452,35.3535]]},"properties":{"net":"sm14445","o":1}},{"type":"Feature","geometry":{"type":"LineString","coordinates":[[-83.35596,35.35424],[-83.35448,35.35417],[-83.35348,35.35401],[-83.35238,35.35434],[-83.35186,35.3543],[-83.34961,35.35369],[-83.34869,35.35326],[-83.34748,35.35315],[-83.34701,35.35298]]},"properties":{"net":"sm14445","o":1}},{"type":"Feature","geometry":{"type":"LineString","coordinates":[[-83.32674,35.47214],[-83.3278,35.47169],[-83.32823,35.47135],[-83.32871,35.47074],[-83.32912,35.4696]]},"properties":{"net":"NC3046","o":2}},{"type":"Feature","geometry":{"type":"LineString","coordinates":[[-83.32431,35.4689],[-83.32428,35.46876]]},"properties":{"net":"NC3046","o":2}},{"type":"Feature","geometry":{"type":"LineString","coordinates":[[-83.32413,35.46983],[-83.32433,35.46953],[-83.32439,35.46917]]},"properties":{"net":"NC3046","o":1}},{"type":"Feature","geometry":{"type":"LineString","coordinates":[[-83.33521,35.48936],[-83.33524,35.48851],[-83.33508,35.48778],[-83.33539,35.48694],[-83.33539,35.48637]]},"properties":{"net":"NC3046","o":2}},{"type":"Feature","geometry":{"type":"LineString","coordinates":[[-83.33871,35.48465],[-83.33616,35.48465],[-83.33506,35.48426],[-83.33466,35.48391],[-83.33406,35.48387]]},"properties":{"net":"NC3046","o":1}},{"type":"Feature","geometry":{"type":"LineString","coordinates":[[-83.33494,35.48531],[-83.33461,35.48489],[-83.33406,35.48387]]},"properties":{"net":"NC3046","o":3}},{"type":"Feature","geometry":{"type":"LineString","coordinates":[[-83.33676,35.48063],[-83.33523,35.48032],[-83.33369,35.47962],[-83.33235,35.47951]]},"properties":{"net":"NC3046","o":1}},{"type":"Feature","geometry":{"type":"LineString","coordinates":[[-83.32781,35.48192],[-83.32653,35.48104],[-83.32602,35.4805],[-83.32578,35.47997],[-83.32578,35.47968],[-83.32544,35.47911],[-83.32488,35.47863],[-83.32447,35.47798],[-83.32448,35.4776]]},"properties":{"net":"NC3046","o":1}},{"type":"Feature","geometry":{"type":"LineString","coordinates":[[-83.32852,35.48786],[-83.32772,35.48762],[-83.32667,35.48709],[-83.32566,35.48718],[-83.32431,35.48691]]},"properties":{"net":"NC3046","o":2}},{"type":"Feature","geometry":{"type":"LineString","coordinates":[[-83.32238,35.50015],[-83.32195,35.49988],[-83.32147,35.49973],[-83.32083,35.49926],[-83.32056,35.49874],[-83.31991,35.49833],[-83.31925,35.49815],[-83.31893,35.49785]]},"properties":{"net":"NC3046","o":1}},{"type":"Feature","geometry":{"type":"LineString","coordinates":[[-83.3358,35.50266],[-83.33518,35.50191]]},"properties":{"net":"NC3046","o":1}},{"type":"Feature","geometry":{"type":"LineString","coordinates":[[-83.32762,35.4996],[-83.32708,35.49915],[-83.32628,35.49919]]},"properties":{"net":"NC3046","o":3}},{"type":"Feature","geometry":{"type":"LineString","coordinates":[[-83.33279,35.5361],[-83.33261,35.53637],[-83.33228,35.53657],[-83.33193,35.53663],[-83.33174,35.53685],[-83.3315,35.53688],[-83.33125,35.53684],[-83.3302,35.5362],[-83.32945,35.5361]]},"properties":{"net":"NC3046","o":1}},{"type":"Feature","geometry":{"type":"LineString","coordinates":[[-83.33966,35.55325],[-83.34001,35.55361],[-83.34013,35.554],[-83.34075,35.55479],[-83.34068,35.55532],[-83.34025,35.5562]]},"properties":{"net":"NC3046","o":1}},{"type":"Feature","geometry":{"type":"LineString","coordinates":[[-83.3373,35.54817],[-83.33659,35.54889],[-83.3361,35.54966],[-83.33459,35.55103],[-83.33384,35.55256]]},"properties":{"net":"NC3046","o":1}},{"type":"Feature","geometry":{"type":"LineString","coordinates":[[-83.32452,35.56039],[-83.32436,35.56022],[-83.32391,35.56009]]},"properties":{"net":"NC3046","o":5}},{"type":"Feature","geometry":{"type":"LineString","coordinates":[[-83.29268,35.32703],[-83.29039,35.32573],[-83.28912,35.32482]]},"properties":{"net":"NC6252","o":4}},{"type":"Feature","geometry":{"type":"LineString","coordinates":[[-83.26793,35.37529],[-83.26795,35.3757],[-83.26706,35.37654],[-83.26706,35.37667],[-83.26685,35.37686],[-83.26688,35.37731],[-83.2664,35.37773],[-83.26616,35.37837],[-83.26615,35.37919],[-83.26641,35.38004]]},"properties":{"net":"out","o":6}},{"type":"Feature","geometry":{"type":"LineString","coordinates":[[-83.27209,35.37898],[-83.27262,35.3786],[-83.2736,35.37852],[-83.27506,35.37905],[-83.27558,35.3794],[-83.27608,35.37947],[-83.27794,35.37922],[-83.27902,35.37891]]},"properties":{"net":"out","o":6}},{"type":"Feature","geometry":{"type":"LineString","coordinates":[[-83.29141,35.44597],[-83.29261,35.44669],[-83.29374,35.44828],[-83.2942,35.44932]]},"properties":{"net":"NC3046","o":2}},{"type":"Feature","geometry":{"type":"LineString","coordinates":[[-83.28254,35.45028],[-83.28309,35.45026],[-83.28403,35.45083]]},"properties":{"net":"NC3046","o":2}},{"type":"Feature","geometry":{"type":"LineString","coordinates":[[-83.27598,35.44461],[-83.27698,35.44467],[-83.27739,35.44446],[-83.2779,35.44449],[-83.27878,35.44466],[-83.27916,35.44483],[-83.2804,35.44475],[-83.28115,35.44459]]},"properties":{"net":"NC3046","o":2}},{"type":"Feature","geometry":{"type":"LineString","coordinates":[[-83.27175,35.48041],[-83.27211,35.48013],[-83.27378,35.47967],[-83.2751,35.47864],[-83.27668,35.47784],[-83.27711,35.47737],[-83.2774,35.47722],[-83.27867,35.47694],[-83.27948,35.47631],[-83.2799,35.47633],[-83.28058,35.47615],[-83.28161,35.47536],[-83.28214,35.47524]]},"properties":{"net":"NC3046","o":3}},{"type":"Feature","geometry":{"type":"LineString","coordinates":[[-83.29609,35.49301],[-83.29609,35.49354],[-83.2968,35.4947],[-83.2971,35.49494],[-83.29763,35.49513]]},"properties":{"net":"NC3046","o":1}},{"type":"Feature","geometry":{"type":"LineString","coordinates":[[-83.29402,35.49354],[-83.29445,35.49439],[-83.29512,35.49499],[-83.29521,35.49525]]},"properties":{"net":"NC3046","o":1}},{"type":"Feature","geometry":{"type":"LineString","coordinates":[[-83.29264,35.4867],[-83.29381,35.48675],[-83.29423,35.4869],[-83.29484,35.48684]]},"properties":{"net":"NC3046","o":2}},{"type":"Feature","geometry":{"type":"LineString","coordinates":[[-83.28974,35.48694],[-83.29141,35.48679],[-83.29196,35.48685],[-83.29264,35.4867]]},"properties":{"net":"NC3046","o":1}},{"type":"Feature","geometry":{"type":"LineString","coordinates":[[-83.2875,35.4951],[-83.28771,35.49546],[-83.28856,35.49567],[-83.28936,35.49632],[-83.28959,35.4968],[-83.29019,35.49757],[-83.29043,35.49802],[-83.29043,35.49821]]},"properties":{"net":"NC3046","o":1}},{"type":"Feature","geometry":{"type":"LineString","coordinates":[[-83.28473,35.49784],[-83.28519,35.49878],[-83.28534,35.49966],[-83.28591,35.50034]]},"properties":{"net":"NC3046","o":1}},{"type":"Feature","geometry":{"type":"LineString","coordinates":[[-83.27996,35.49631],[-83.27918,35.49607],[-83.27886,35.49585],[-83.27875,35.49567],[-83.27799,35.49546],[-83.27665,35.49449],[-83.2762,35.49398],[-83.27382,35.49251]]},"properties":{"net":"NC3046","o":1}},{"type":"Feature","geometry":{"type":"LineString","coordinates":[[-83.29756,35.50396],[-83.29774,35.50391]]},"properties":{"net":"NC3046","o":1}},{"type":"Feature","geometry":{"type":"LineString","coordinates":[[-83.29554,35.51719],[-83.2954,35.51684]]},"properties":{"net":"NC3046","o":2}},{"type":"Feature","geometry":{"type":"LineString","coordinates":[[-83.294,35.51698],[-83.29399,35.5169]]},"properties":{"net":"NC3046","o":1}},{"type":"Feature","geometry":{"type":"LineString","coordinates":[[-83.29405,35.50601],[-83.29387,35.5054]]},"properties":{"net":"NC3046","o":1}},{"type":"Feature","geometry":{"type":"LineString","coordinates":[[-83.291,35.49856],[-83.29153,35.49901],[-83.2918,35.49938]]},"properties":{"net":"NC3046","o":3}},{"type":"Feature","geometry":{"type":"LineString","coordinates":[[-83.29043,35.49821],[-83.291,35.49856]]},"properties":{"net":"NC3046","o":2}},{"type":"Feature","geometry":{"type":"LineString","coordinates":[[-83.28547,35.5012],[-83.28594,35.50106]]},"properties":{"net":"NC3046","o":2}},{"type":"Feature","geometry":{"type":"LineString","coordinates":[[-83.25454,35.5689],[-83.25441,35.56891]]},"properties":{"net":"NC3046","o":2}},{"type":"Feature","geometry":{"type":"LineString","coordinates":[[-83.24415,35.5765],[-83.24445,35.57591]]},"properties":{"net":"NC3046","o":4}},{"type":"Feature","geometry":{"type":"LineString","coordinates":[[-83.24408,35.57798],[-83.24386,35.57774],[-83.24412,35.57665]]},"properties":{"net":"NC3046","o":2}},{"type":"Feature","geometry":{"type":"LineString","coordinates":[[-83.2446,35.57524],[-83.24474,35.5746],[-83.24451,35.57357],[-83.24427,35.57327],[-83.24355,35.5728]]},"properties":{"net":"NC3046","o":4}},{"type":"Feature","geometry":{"type":"LineString","coordinates":[[-83.24486,35.56588],[-83.24435,35.56559],[-83.2432,35.56442],[-83.24277,35.5641]]},"properties":{"net":"NC3046","o":5}},{"type":"Feature","geometry":{"type":"LineString","coordinates":[[-83.25405,35.63736],[-83.25452,35.638],[-83.25461,35.63852],[-83.25454,35.63899],[-83.25476,35.63962],[-83.25517,35.64027],[-83.25526,35.64069],[-83.25492,35.64187],[-83.25476,35.64211],[-83.25466,35.64265],[-83.25471,35.64292]]},"properties":{"net":"NC3046","o":1}},{"type":"Feature","geometry":{"type":"LineString","coordinates":[[-83.27491,35.46824],[-83.27521,35.46796]]},"properties":{"net":"NC3046","o":4}},{"type":"Feature","geometry":{"type":"LineString","coordinates":[[-83.27418,35.46883],[-83.27491,35.46824]]},"properties":{"net":"NC3046","o":1}},{"type":"Feature","geometry":{"type":"LineString","coordinates":[[-83.27246,35.46826],[-83.2732,35.46848],[-83.27366,35.46848],[-83.27424,35.46845],[-83.27491,35.46824]]},"properties":{"net":"NC3046","o":4}},{"type":"Feature","geometry":{"type":"LineString","coordinates":[[-83.26293,35.46741],[-83.26307,35.46761],[-83.26385,35.46767],[-83.26396,35.46795]]},"properties":{"net":"NC3046","o":2}},{"type":"Feature","geometry":{"type":"LineString","coordinates":[[-83.26292,35.46741],[-83.26293,35.46741]]},"properties":{"net":"NC3046","o":2}},{"type":"Feature","geometry":{"type":"LineString","coordinates":[[-83.2689,35.49016],[-83.26828,35.48851],[-83.26867,35.48692],[-83.26832,35.4867],[-83.26834,35.48647],[-83.26861,35.48617],[-83.26851,35.48587],[-83.26854,35.48478],[-83.2687,35.48429],[-83.26878,35.48257],[-83.26841,35.48162],[-83.2685,35.48123]]},"properties":{"net":"NC3046","o":1}},{"type":"Feature","geometry":{"type":"LineString","coordinates":[[-83.26244,35.4947],[-83.26199,35.49446],[-83.26158,35.49409],[-83.26134,35.4935],[-83.26075,35.49298],[-83.2599,35.49285],[-83.25886,35.49216],[-83.25799,35.49213],[-83.25748,35.49197],[-83.25661,35.49201]]},"properties":{"net":"NC3046","o":1}},{"type":"Feature","geometry":{"type":"LineString","coordinates":[[-83.27381,35.51122],[-83.27391,35.51157],[-83.27373,35.5127],[-83.27384,35.51341]]},"properties":{"net":"NC3046","o":3}},{"type":"Feature","geometry":{"type":"LineString","coordinates":[[-83.27223,35.51826],[-83.27331,35.51831],[-83.2739,35.51858],[-83.27434,35.51897],[-83.27522,35.51914],[-83.27571,35.51941],[-83.27589,35.51963]]},"properties":{"net":"NC3046","o":1}},{"type":"Feature","geometry":{"type":"LineString","coordinates":[[-83.27154,35.51259],[-83.27166,35.51281],[-83.27164,35.513],[-83.27186,35.51333]]},"properties":{"net":"NC3046","o":1}},{"type":"Feature","geometry":{"type":"LineString","coordinates":[[-83.27049,35.50944],[-83.27136,35.50991],[-83.27224,35.50995]]},"properties":{"net":"NC3046","o":2}},{"type":"Feature","geometry":{"type":"LineString","coordinates":[[-83.26674,35.51847],[-83.26767,35.51797],[-83.26835,35.51776],[-83.26873,35.51736],[-83.26952,35.51692]]},"properties":{"net":"NC3046","o":1}},{"type":"Feature","geometry":{"type":"LineString","coordinates":[[-83.26362,35.51462],[-83.26407,35.51448],[-83.26452,35.51457],[-83.26549,35.51447],[-83.26583,35.51467],[-83.2662,35.51471],[-83.26665,35.51503],[-83.26728,35.51519]]},"properties":{"net":"NC3046","o":1}},{"type":"Feature","geometry":{"type":"LineString","coordinates":[[-83.27777,35.5203],[-83.27776,35.52026]]},"properties":{"net":"NC3046","o":1}},{"type":"Feature","geometry":{"type":"LineString","coordinates":[[-83.27769,35.52804],[-83.27772,35.52795]]},"properties":{"net":"NC3046","o":1}},{"type":"Feature","geometry":{"type":"LineString","coordinates":[[-83.27743,35.52017],[-83.27728,35.52006]]},"properties":{"net":"NC3046","o":6}},{"type":"Feature","geometry":{"type":"LineString","coordinates":[[-83.27642,35.53425],[-83.27653,35.53429]]},"properties":{"net":"NC3046","o":1}},{"type":"Feature","geometry":{"type":"LineString","coordinates":[[-83.27397,35.54068],[-83.27415,35.5404],[-83.27408,35.53998]]},"properties":{"net":"NC3046","o":1}},{"type":"Feature","geometry":{"type":"LineString","coordinates":[[-83.27373,35.53972],[-83.27296,35.539],[-83.27304,35.53845],[-83.27325,35.53791],[-83.27275,35.53699],[-83.27273,35.53682]]},"properties":{"net":"NC3046","o":2}},{"type":"Feature","geometry":{"type":"LineString","coordinates":[[-83.26938,35.52145],[-83.27012,35.5213]]},"properties":{"net":"NC3046","o":2}},{"type":"Feature","geometry":{"type":"LineString","coordinates":[[-83.26743,35.52286],[-83.26792,35.52253],[-83.26847,35.52235],[-83.2691,35.52163]]},"properties":{"net":"NC3046","o":1}},{"type":"Feature","geometry":{"type":"LineString","coordinates":[[-83.26232,35.52578],[-83.2627,35.52576],[-83.26301,35.52612],[-83.2637,35.52623]]},"properties":{"net":"sm3083","o":4}},{"type":"Feature","geometry":{"type":"LineString","coordinates":[[-83.26167,35.53429],[-83.26282,35.53384]]},"properties":{"net":"sm3083","o":1}},{"type":"Feature","geometry":{"type":"LineString","coordinates":[[-83.25853,35.52501],[-83.25878,35.52528],[-83.25952,35.52527],[-83.26002,35.52564]]},"properties":{"net":"sm3083","o":4}},{"type":"Feature","geometry":{"type":"LineString","coordinates":[[-83.25844,35.53678],[-83.25793,35.53713],[-83.25775,35.53773],[-83.25778,35.53815]]},"properties":{"net":"NC3046","o":1}},{"type":"Feature","geometry":{"type":"LineString","coordinates":[[-83.25232,35.52919],[-83.25266,35.52904],[-83.25278,35.52869],[-83.25334,35.52803],[-83.25334,35.52732],[-83.25356,35.52679],[-83.25458,35.52613],[-83.25473,35.52575],[-83.25514,35.5254],[-83.25525,35.52507],[-83.25559,35.52459],[-83.25732,35.5243]]},"properties":{"net":"sm3083","o":1}},{"type":"Feature","geometry":{"type":"LineString","coordinates":[[-83.27546,35.56258],[-83.27563,35.56229],[-83.27582,35.56116],[-83.27604,35.56094],[-83.2767,35.55981]]},"properties":{"net":"NC3046","o":1}},{"type":"Feature","geometry":{"type":"LineString","coordinates":[[-83.27631,35.55907],[-83.27622,35.55841],[-83.27573,35.55799],[-83.27541,35.55734],[-83.27543,35.5569],[-83.27528,35.55672],[-83.27526,35.55621]]},"properties":{"net":"NC3046","o":2}},{"type":"Feature","geometry":{"type":"LineString","coordinates":[[-83.27593,35.55254],[-83.27504,35.55279]]},"properties":{"net":"NC3046","o":1}},{"type":"Feature","geometry":{"type":"LineString","coordinates":[[-83.27374,35.55939],[-83.27451,35.55919],[-83.27506,35.55943],[-83.27574,35.55947],[-83.27617,35.55927],[-83.27631,35.55907]]},"properties":{"net":"NC3046","o":1}},{"type":"Feature","geometry":{"type":"LineString","coordinates":[[-83.27243,35.5418],[-83.27202,35.54142],[-83.27175,35.54099]]},"properties":{"net":"NC3046","o":2}},{"type":"Feature","geometry":{"type":"LineString","coordinates":[[-83.25391,35.56852],[-83.25397,35.56847]]},"properties":{"net":"NC3046","o":1}},{"type":"Feature","geometry":{"type":"LineString","coordinates":[[-83.25215,35.57676],[-83.25274,35.57659],[-83.25327,35.57616],[-83.25397,35.57613],[-83.25463,35.57586]]},"properties":{"net":"NC3046","o":1}},{"type":"Feature","geometry":{"type":"LineString","coordinates":[[-83.25072,35.57242],[-83.25108,35.57215],[-83.25156,35.57151],[-83.25157,35.57116],[-83.25174,35.57066],[-83.25172,35.57],[-83.25201,35.56947],[-83.25242,35.56931],[-83.25273,35.56942],[-83.25391,35.56852]]},"properties":{"net":"NC3046","o":1}},{"type":"Feature","geometry":{"type":"LineString","coordinates":[[-83.24903,35.56193],[-83.24896,35.5619]]},"properties":{"net":"NC3046","o":2}},{"type":"Feature","geometry":{"type":"LineString","coordinates":[[-83.2492,35.56663],[-83.2487,35.56638],[-83.24809,35.56624]]},"properties":{"net":"NC3046","o":4}},{"type":"Feature","geometry":{"type":"LineString","coordinates":[[-83.24687,35.5826],[-83.24685,35.58174]]},"properties":{"net":"NC3046","o":1}},{"type":"Feature","geometry":{"type":"LineString","coordinates":[[-83.24685,35.58174],[-83.24645,35.58099]]},"properties":{"net":"NC3046","o":2}},{"type":"Feature","geometry":{"type":"LineString","coordinates":[[-83.24609,35.58219],[-83.24611,35.58186],[-83.24645,35.58099]]},"properties":{"net":"NC3046","o":1}},{"type":"Feature","geometry":{"type":"LineString","coordinates":[[-83.24564,35.57638],[-83.2452,35.57606],[-83.24529,35.57586],[-83.24512,35.57553]]},"properties":{"net":"NC3046","o":2}},{"type":"Feature","geometry":{"type":"LineString","coordinates":[[-83.24483,35.56363],[-83.24523,35.56323],[-83.24579,35.56312],[-83.24605,35.5627]]},"properties":{"net":"NC3046","o":1}},{"type":"Feature","geometry":{"type":"LineString","coordinates":[[-83.22591,35.542],[-83.22691,35.54243],[-83.22761,35.54312]]},"properties":{"net":"NC3046","o":4}},{"type":"Feature","geometry":{"type":"LineString","coordinates":[[-83.24183,35.56319],[-83.24205,35.56317]]},"properties":{"net":"NC3046","o":1}},{"type":"Feature","geometry":{"type":"LineString","coordinates":[[-83.24179,35.56932],[-83.24259,35.56901],[-83.24302,35.56872],[-83.24348,35.56788],[-83.24368,35.5672],[-83.24405,35.5668]]},"properties":{"net":"NC3046","o":4}},{"type":"Feature","geometry":{"type":"LineString","coordinates":[[-83.24168,35.56136],[-83.24222,35.5614]]},"properties":{"net":"NC3046","o":2}},{"type":"Feature","geometry":{"type":"LineString","coordinates":[[-83.25263,35.58859],[-83.25215,35.58713]]},"properties":{"net":"NC3046","o":1}},{"type":"Feature","geometry":{"type":"LineString","coordinates":[[-83.21524,35.61013],[-83.21616,35.61066],[-83.2177,35.61053]]},"properties":{"net":"NC31823","o":4}},{"type":"Feature","geometry":{"type":"LineString","coordinates":[[-83.21726,35.63594],[-83.21696,35.63566],[-83.21684,35.6352],[-83.21704,35.63479],[-83.21748,35.63441],[-83.21756,35.63387],[-83.21742,35.63366],[-83.21665,35.63346],[-83.21627,35.63306],[-83.2161,35.63242],[-83.21629,35.63193],[-83.2163,35.63161]]},"properties":{"net":"NC31823","o":4}},{"type":"Feature","geometry":{"type":"LineString","coordinates":[[-83.25251,35.334],[-83.25203,35.33419],[-83.25183,35.33484],[-83.25117,35.33571],[-83.25121,35.33601],[-83.25164,35.33664],[-83.25159,35.337],[-83.25134,35.33716],[-83.25016,35.3374],[-83.24976,35.33794],[-83.24968,35.33868],[-83.24916,35.33921]]},"properties":{"net":"NC6252","o":5}},{"type":"Feature","geometry":{"type":"LineString","coordinates":[[-83.23775,35.34774],[-83.23914,35.34887],[-83.2393,35.34976],[-83.23962,35.35065],[-83.23975,35.35214],[-83.23952,35.35244]]},"properties":{"net":"NC6252","o":6}},{"type":"Feature","geometry":{"type":"LineString","coordinates":[[-83.25259,35.36727],[-83.25272,35.36706]]},"properties":{"net":"out","o":5}},{"type":"Feature","geometry":{"type":"LineString","coordinates":[[-83.24683,35.37263],[-83.2471,35.37223],[-83.247,35.37204],[-83.24563,35.37203],[-83.24493,35.37181],[-83.24483,35.37157],[-83.24505,35.3714],[-83.24569,35.37133],[-83.24619,35.37113],[-83.24696,35.37013],[-83.24799,35.3694],[-83.24942,35.3689],[-83.25067,35.36871],[-83.25234,35.36817],[-83.25267,35.36786],[-83.25259,35.36727]]},"properties":{"net":"out","o":5}},{"type":"Feature","geometry":{"type":"LineString","coordinates":[[-83.22579,35.54383],[-83.22626,35.54343],[-83.22665,35.54326],[-83.22761,35.54312]]},"properties":{"net":"NC3046","o":1}},{"type":"Feature","geometry":{"type":"LineString","coordinates":[[-83.2247,35.54887],[-83.22505,35.54942],[-83.22528,35.55016],[-83.22569,35.55039],[-83.22636,35.5503],[-83.22654,35.55042]]},"properties":{"net":"sm3086","o":1}},{"type":"Feature","geometry":{"type":"LineString","coordinates":[[-83.22219,35.548],[-83.22248,35.54865]]},"properties":{"net":"sm3086","o":1}},{"type":"Feature","geometry":{"type":"LineString","coordinates":[[-83.22173,35.55278],[-83.22227,35.55272]]},"properties":{"net":"sm3086","o":4}},{"type":"Feature","geometry":{"type":"LineString","coordinates":[[-83.21996,35.5544],[-83.2202,35.55406],[-83.22067,35.55376],[-83.22083,35.55344],[-83.22173,35.55278]]},"properties":{"net":"sm3086","o":4}},{"type":"Feature","geometry":{"type":"LineString","coordinates":[[-83.22303,35.5597],[-83.22262,35.55947],[-83.22243,35.55917],[-83.22183,35.5589],[-83.22158,35.55863],[-83.21955,35.55807]]},"properties":{"net":"sm3086","o":2}},{"type":"Feature","geometry":{"type":"LineString","coordinates":[[-83.22969,35.56505],[-83.22976,35.56482],[-83.22948,35.56431],[-83.22814,35.56316]]},"properties":{"net":"NC3046","o":1}},{"type":"Feature","geometry":{"type":"LineString","coordinates":[[-83.2138,35.61306],[-83.21455,35.61289],[-83.2148,35.61266],[-83.21484,35.61184],[-83.21462,35.6112],[-83.21457,35.61041],[-83.21483,35.61011],[-83.21524,35.61013]]},"properties":{"net":"NC31823","o":4}},{"type":"Feature","geometry":{"type":"LineString","coordinates":[[-83.22023,35.64154],[-83.21986,35.64103],[-83.21975,35.6406],[-83.21956,35.64033],[-83.21932,35.64014],[-83.21864,35.63991],[-83.21787,35.6392],[-83.2178,35.63878],[-83.21808,35.63813],[-83.2182,35.63711],[-83.2179,35.6365],[-83.21726,35.63594]]},"properties":{"net":"NC31823","o":4}},{"type":"Feature","geometry":{"type":"LineString","coordinates":[[-83.21279,35.53483],[-83.21246,35.53516],[-83.21235,35.53553],[-83.21189,35.53604],[-83.21174,35.53642],[-83.2112,35.53666],[-83.21123,35.5372]]},"properties":{"net":"NC3046","o":1}},{"type":"Feature","geometry":{"type":"LineString","coordinates":[[-83.2103,35.52696],[-83.2115,35.52736]]},"properties":{"net":"NC3046","o":1}},{"type":"Feature","geometry":{"type":"LineString","coordinates":[[-83.20932,35.5287],[-83.21008,35.52865]]},"properties":{"net":"NC3046","o":1}},{"type":"Feature","geometry":{"type":"LineString","coordinates":[[-83.20922,35.52492],[-83.20955,35.5252],[-83.21035,35.52544],[-83.21111,35.5259],[-83.21142,35.52621]]},"properties":{"net":"NC3046","o":2}},{"type":"Feature","geometry":{"type":"LineString","coordinates":[[-83.20921,35.53887],[-83.20961,35.53884],[-83.21013,35.53863]]},"properties":{"net":"NC3046","o":1}},{"type":"Feature","geometry":{"type":"LineString","coordinates":[[-83.19545,35.52947],[-83.19517,35.52997],[-83.19515,35.53041],[-83.19539,35.53087],[-83.19607,35.53155],[-83.19622,35.53197]]},"properties":{"net":"NC3046","o":1}},{"type":"Feature","geometry":{"type":"LineString","coordinates":[[-83.21379,35.54518],[-83.214,35.5446],[-83.2147,35.54434]]},"properties":{"net":"sm3085","o":3}},{"type":"Feature","geometry":{"type":"LineString","coordinates":[[-83.2764,35.32505],[-83.27561,35.32576],[-83.27483,35.32621],[-83.27365,35.32639],[-83.27298,35.32612]]},"properties":{"net":"NC6252","o":4}},{"type":"Feature","geometry":{"type":"LineString","coordinates":[[-83.21088,35.45585],[-83.21203,35.45652],[-83.21297,35.45791],[-83.21406,35.45864],[-83.21452,35.45947]]},"properties":{"net":"sm3081","o":3}},{"type":"Feature","geometry":{"type":"LineString","coordinates":[[-83.21177,35.44148],[-83.21062,35.4439],[-83.21031,35.44489],[-83.21031,35.44539],[-83.21017,35.446],[-83.20866,35.44867],[-83.2086,35.44904],[-83.20872,35.44977],[-83.2087,35.4503]]},"properties":{"net":"sm3081","o":1}},{"type":"Feature","geometry":{"type":"LineString","coordinates":[[-83.21149,35.47501],[-83.21167,35.47486],[-83.21209,35.47412],[-83.2129,35.47337],[-83.21311,35.47226]]},"properties":{"net":"NC3046","o":4}},{"type":"Feature","geometry":{"type":"LineString","coordinates":[[-83.21233,35.53108],[-83.21125,35.5312]]},"properties":{"net":"NC3046","o":1}},{"type":"Feature","geometry":{"type":"LineString","coordinates":[[-83.20884,35.52686],[-83.20927,35.52743],[-83.20956,35.52819],[-83.21008,35.52865]]},"properties":{"net":"NC3046","o":1}},{"type":"Feature","geometry":{"type":"LineString","coordinates":[[-83.20476,35.52846],[-83.20368,35.52905],[-83.20338,35.52941]]},"properties":{"net":"NC3046","o":2}},{"type":"Feature","geometry":{"type":"LineString","coordinates":[[-83.20215,35.53181],[-83.20211,35.53232],[-83.20248,35.53276],[-83.20253,35.53306],[-83.20242,35.53367],[-83.20221,35.53406],[-83.20179,35.53442],[-83.20177,35.53467]]},"properties":{"net":"NC3046","o":3}},{"type":"Feature","geometry":{"type":"LineString","coordinates":[[-83.20413,35.52224],[-83.20209,35.52256],[-83.20175,35.5229],[-83.20141,35.52299]]},"properties":{"net":"NC3046","o":1}},{"type":"Feature","geometry":{"type":"LineString","coordinates":[[-83.20127,35.52188],[-83.20165,35.52232],[-83.20169,35.52249]]},"properties":{"net":"NC3046","o":1}},{"type":"Feature","geometry":{"type":"LineString","coordinates":[[-83.19923,35.52915],[-83.19965,35.52889],[-83.20056,35.5287]]},"properties":{"net":"NC3046","o":1}},{"type":"Feature","geometry":{"type":"LineString","coordinates":[[-83.19588,35.52278],[-83.19591,35.52317],[-83.19624,35.52402],[-83.19726,35.52474]]},"properties":{"net":"NC3046","o":1}},{"type":"Feature","geometry":{"type":"LineString","coordinates":[[-83.21431,35.54675],[-83.21433,35.54628],[-83.21392,35.54594],[-83.21381,35.54574],[-83.21378,35.5452]]},"properties":{"net":"sm3085","o":1}},{"type":"Feature","geometry":{"type":"LineString","coordinates":[[-83.20576,35.54283],[-83.20428,35.54208],[-83.20448,35.54163],[-83.20451,35.54084],[-83.2047,35.54021]]},"properties":{"net":"NC3046","o":1}},{"type":"Feature","geometry":{"type":"LineString","coordinates":[[-83.20098,35.57115],[-83.20155,35.57101],[-83.20303,35.57096],[-83.20392,35.57082],[-83.20447,35.57101],[-83.20538,35.5716],[-83.20651,35.57167]]},"properties":{"net":"sm3086","o":1}},{"type":"Feature","geometry":{"type":"LineString","coordinates":[[-83.21154,35.61465],[-83.21269,35.61391],[-83.21321,35.61338],[-83.2138,35.61306]]},"properties":{"net":"NC31823","o":4}},{"type":"Feature","geometry":{"type":"LineString","coordinates":[[-83.2088,35.61785],[-83.20883,35.61769],[-83.20865,35.61736],[-83.20866,35.61692],[-83.20901,35.61629],[-83.2094,35.61587],[-83.21006,35.61559],[-83.21154,35.61465]]},"properties":{"net":"NC31823","o":4}},{"type":"Feature","geometry":{"type":"LineString","coordinates":[[-83.16236,35.5631],[-83.16214,35.56281],[-83.16209,35.56232],[-83.16252,35.56112],[-83.16291,35.56098],[-83.16361,35.56033],[-83.16403,35.56023],[-83.16479,35.55984],[-83.1652,35.55926],[-83.1656,35.55897],[-83.16568,35.55871],[-83.16591,35.55853],[-83.16618,35.55775],[-83.1664,35.55737],[-83.16705,35.55662],[-83.16708,35.55612],[-83.16753,35.5555],[-83.16759,35.55485]]},"properties":{"net":"NC3046","o":1}},{"type":"Feature","geometry":{"type":"LineString","coordinates":[[-83.17236,35.47018],[-83.17266,35.47043],[-83.17301,35.47053],[-83.17518,35.47051],[-83.17551,35.47063],[-83.17609,35.47121],[-83.17716,35.472],[-83.17778,35.47267],[-83.1791,35.47312],[-83.17929,35.47333],[-83.17956,35.47395]]},"properties":{"net":"NC3046","o":3}},{"type":"Feature","geometry":{"type":"LineString","coordinates":[[-83.19124,35.5201],[-83.19144,35.52054],[-83.19133,35.52104],[-83.19058,35.52215]]},"properties":{"net":"NC3046","o":2}},{"type":"Feature","geometry":{"type":"LineString","coordinates":[[-83.18793,35.52294],[-83.18831,35.52318]]},"properties":{"net":"NC3046","o":3}},{"type":"Feature","geometry":{"type":"LineString","coordinates":[[-83.1871,35.5224],[-83.18793,35.52294]]},"properties":{"net":"NC3046","o":3}},{"type":"Feature","geometry":{"type":"LineString","coordinates":[[-83.17908,35.53502],[-83.17994,35.53534],[-83.18051,35.53535],[-83.18116,35.53584],[-83.18168,35.53591],[-83.18209,35.53633],[-83.1825,35.53653]]},"properties":{"net":"NC3046","o":2}},{"type":"Feature","geometry":{"type":"LineString","coordinates":[[-83.17892,35.52079],[-83.17928,35.52146],[-83.17951,35.52169],[-83.1795,35.52216],[-83.17961,35.52258],[-83.18046,35.52312],[-83.18077,35.52375],[-83.18089,35.52415],[-83.18089,35.52491],[-83.18103,35.52534],[-83.18319,35.52778],[-83.18358,35.52922],[-83.18394,35.52976],[-83.18418,35.53147],[-83.18431,35.53171],[-83.18524,35.53265],[-83.18601,35.53305],[-83.18683,35.5339],[-83.18749,35.53403],[-83.18785,35.53428],[-83.18927,35.53488]]},"properties":{"net":"NC3046","o":1}},{"type":"Feature","geometry":{"type":"LineString","coordinates":[[-83.17191,35.53145],[-83.17294,35.53192],[-83.17344,35.53193]]},"properties":{"net":"NC3046","o":1}},{"type":"Feature","geometry":{"type":"LineString","coordinates":[[-83.17996,35.57722],[-83.18114,35.57658],[-83.18217,35.57619],[-83.18237,35.57586],[-83.18325,35.57501],[-83.18406,35.57486],[-83.18505,35.57432],[-83.18539,35.57408],[-83.18572,35.57351],[-83.18599,35.57342],[-83.18623,35.57319],[-83.18678,35.57305],[-83.18749,35.57323],[-83.18905,35.57306],[-83.19057,35.57301],[-83.19137,35.57286]]},"properties":{"net":"sm3086","o":1}},{"type":"Feature","geometry":{"type":"LineString","coordinates":[[-83.18143,35.56867],[-83.18139,35.56789],[-83.18123,35.56768],[-83.18096,35.56753],[-83.18084,35.56698],[-83.18039,35.56638],[-83.18033,35.56605],[-83.18053,35.56576],[-83.18055,35.56557],[-83.18017,35.56521],[-83.18027,35.56502],[-83.18015,35.56482],[-83.1802,35.56461],[-83.18006,35.56442],[-83.18012,35.56419],[-83.1798,35.56409],[-83.17968,35.56384],[-83.17937,35.5617]]},"properties":{"net":"NC3046","o":2}},{"type":"Feature","geometry":{"type":"LineString","coordinates":[[-83.12261,35.2355],[-83.12271,35.23627],[-83.12288,35.23653],[-83.12357,35.2371],[-83.12381,35.23745],[-83.12379,35.23813],[-83.12398,35.23851]]},"properties":{"net":"NC3029","o":4}},{"type":"Feature","geometry":{"type":"LineString","coordinates":[[-83.12398,35.23851],[-83.12405,35.23902],[-83.12477,35.24017],[-83.12482,35.24107],[-83.12455,35.24126],[-83.12389,35.24128],[-83.12215,35.24044],[-83.1211,35.24047],[-83.12052,35.2409],[-83.12054,35.24121],[-83.12088,35.24147],[-83.12089,35.2417],[-83.12052,35.24207],[-83.12049,35.24257],[-83.12074,35.2431],[-83.12109,35.24341],[-83.12222,35.244],[-83.12316,35.2441],[-83.12435,35.24492],[-83.12453,35.24523],[-83.12467,35.24581],[-83.12479,35.24707],[-83.125,35.24733],[-83.12631,35.24833],[-83.12675,35.24836],[-83.12804,35.24778],[-83.12847,35.24773]]},"properties":{"net":"NC3252","o":4}},{"type":"Feature","geometry":{"type":"LineString","coordinates":[[-83.12865,35.24786],[-83.12884,35.24825],[-83.12899,35.24905],[-83.12917,35.24936],[-83.12943,35.24956]]},"properties":{"net":"NC3252","o":4}},{"type":"Feature","geometry":{"type":"LineString","coordinates":[[-83.12768,35.25974],[-83.12793,35.26036],[-83.12795,35.26072],[-83.12743,35.26119],[-83.12683,35.2613],[-83.12638,35.26123]]},"properties":{"net":"NC3252","o":4}},{"type":"Feature","geometry":{"type":"LineString","coordinates":[[-83.12638,35.26123],[-83.12611,35.26119],[-83.1254,35.26135],[-83.12482,35.26185],[-83.12484,35.26225],[-83.12519,35.26271],[-83.12532,35.26307],[-83.12543,35.26523],[-83.125,35.2658],[-83.12359,35.26601]]},"properties":{"net":"NC3252","o":4}},{"type":"Feature","geometry":{"type":"LineString","coordinates":[[-83.1231,35.26814],[-83.12308,35.2682]]},"properties":{"net":"NC3252","o":4}},{"type":"Feature","geometry":{"type":"LineString","coordinates":[[-83.11969,35.31978],[-83.11986,35.31935],[-83.12015,35.31907],[-83.12122,35.31868],[-83.12132,35.318],[-83.12145,35.31782],[-83.12185,35.31768],[-83.12226,35.31735],[-83.12325,35.31693],[-83.12381,35.31656],[-83.12479,35.31545],[-83.12509,35.31497],[-83.12539,35.31471]]},"properties":{"net":"NC3252","o":3}},{"type":"Feature","geometry":{"type":"LineString","coordinates":[[-83.11215,35.32822],[-83.11254,35.32806],[-83.11286,35.3276],[-83.11332,35.32735],[-83.11341,35.3271],[-83.11335,35.32658],[-83.11358,35.326],[-83.11475,35.32415],[-83.11544,35.3238],[-83.11571,35.32351],[-83.11582,35.32322],[-83.11588,35.32215],[-83.11599,35.32171]]},"properties":{"net":"NC3252","o":3}},{"type":"Feature","geometry":{"type":"LineString","coordinates":[[-83.09007,35.2357],[-83.09021,35.23616],[-83.09009,35.23706],[-83.08971,35.23769],[-83.09003,35.23841],[-83.08994,35.23877],[-83.08998,35.23914],[-83.09053,35.24054],[-83.09139,35.24173],[-83.09179,35.24335],[-83.09175,35.24372],[-83.09159,35.24399],[-83.09097,35.24459]]},"properties":{"net":"NC3026","o":1}},{"type":"Feature","geometry":{"type":"LineString","coordinates":[[-83.08975,35.25538],[-83.09075,35.2538],[-83.09169,35.25354],[-83.09219,35.25328]]},"properties":{"net":"NC3026","o":3}},{"type":"Feature","geometry":{"type":"LineString","coordinates":[[-83.09031,35.30851],[-83.09007,35.30798],[-83.09006,35.30729]]},"properties":{"net":"NC3252","o":4}},{"type":"Feature","geometry":{"type":"LineString","coordinates":[[-83.26838,35.39318],[-83.26887,35.39292],[-83.2703,35.39184],[-83.27057,35.39104],[-83.2708,35.39069],[-83.27152,35.39004]]},"properties":{"net":"out","o":4}},{"type":"Feature","geometry":{"type":"LineString","coordinates":[[-83.04949,35.30153],[-83.04899,35.30203],[-83.04701,35.30498],[-83.04627,35.30731],[-83.04605,35.30845],[-83.04579,35.30896],[-83.04606,35.30981],[-83.04603,35.31045],[-83.04639,35.31094],[-83.04661,35.31146],[-83.04657,35.31238]]},"properties":{"net":"NC3252","o":1}},{"type":"Feature","geometry":{"type":"LineString","coordinates":[[-83.06439,35.31201],[-83.0651,35.31236],[-83.06563,35.31238]]},"properties":{"net":"NC3252","o":4}},{"type":"Feature","geometry":{"type":"LineString","coordinates":[[-83.04657,35.31238],[-83.04766,35.31321],[-83.04823,35.31384],[-83.04864,35.31486],[-83.04982,35.31632],[-83.05023,35.3175],[-83.05141,35.31855],[-83.05141,35.31897],[-83.05044,35.32012],[-83.05045,35.32022],[-83.05092,35.32049]]},"properties":{"net":"NC3252","o":2}},{"type":"Feature","geometry":{"type":"LineString","coordinates":[[-83.04039,35.32483],[-83.04133,35.32475]]},"properties":{"net":"NC3252","o":3}},{"type":"Feature","geometry":{"type":"LineString","coordinates":[[-83.01403,35.32816],[-83.01454,35.32785],[-83.0149,35.32775],[-83.01578,35.32813],[-83.01705,35.32819],[-83.01768,35.32873],[-83.01825,35.32892],[-83.01894,35.32887],[-83.01976,35.32836],[-83.02012,35.32828],[-83.02104,35.32858],[-83.02253,35.32879],[-83.02289,35.32858],[-83.02351,35.32775],[-83.02426,35.32737],[-83.02555,35.32651],[-83.02633,35.32524],[-83.02699,35.32478]]},"properties":{"net":"NC3252","o":3}},{"type":"Feature","geometry":{"type":"LineString","coordinates":[[-83.32391,35.56009],[-83.32345,35.55989],[-83.32324,35.55962],[-83.32277,35.55927],[-83.32195,35.55892]]},"properties":{"net":"NC3046","o":5}},{"type":"Feature","geometry":{"type":"LineString","coordinates":[[-83.33481,35.41889],[-83.33854,35.42173]]},"properties":{"net":"out","o":6}},{"type":"Feature","geometry":{"type":"LineString","coordinates":[[-83.33955,35.57476],[-83.33903,35.57409],[-83.33912,35.57346],[-83.33907,35.57281],[-83.33873,35.57253],[-83.33775,35.57087],[-83.33747,35.57017],[-83.3372,35.5699],[-83.33609,35.56941]]},"properties":{"net":"NC3046","o":4}},{"type":"Feature","geometry":{"type":"LineString","coordinates":[[-83.33961,35.62614],[-83.33914,35.62558],[-83.33915,35.62501],[-83.33901,35.62466],[-83.33885,35.62444],[-83.33861,35.62436],[-83.33839,35.62403],[-83.33831,35.62379],[-83.33845,35.62344],[-83.33826,35.62299],[-83.33769,35.62242],[-83.33706,35.62214],[-83.33651,35.62172],[-83.33575,35.62087],[-83.33567,35.6202],[-83.33573,35.61989],[-83.33522,35.61938],[-83.33441,35.61891]]},"properties":{"net":"NC3046","o":1}},{"type":"Feature","geometry":{"type":"LineString","coordinates":[[-83.3385,35.61588],[-83.33809,35.61565],[-83.33793,35.61523],[-83.33735,35.61465],[-83.33709,35.61377],[-83.33708,35.61332],[-83.33617,35.61235],[-83.33564,35.6119],[-83.33472,35.61139],[-83.33455,35.61112],[-83.33429,35.611],[-83.33404,35.61066],[-83.33359,35.61029],[-83.3335,35.61003],[-83.33315,35.6098],[-83.33273,35.60965],[-83.33216,35.60969]]},"properties":{"net":"NC3046","o":1}},{"type":"Feature","geometry":{"type":"LineString","coordinates":[[-83.33151,35.60899],[-83.33117,35.60866],[-83.33122,35.60841],[-83.33156,35.60796],[-83.33243,35.60746]]},"properties":{"net":"NC3046","o":3}},{"type":"Feature","geometry":{"type":"LineString","coordinates":[[-83.30709,35.43774],[-83.30574,35.43821],[-83.30538,35.43843],[-83.30451,35.43962],[-83.30344,35.44032],[-83.30272,35.441],[-83.30158,35.44149]]},"properties":{"net":"NC3046","o":1}},{"type":"Feature","geometry":{"type":"LineString","coordinates":[[-83.30112,35.44601],[-83.30132,35.44629],[-83.30142,35.44684],[-83.30168,35.44717],[-83.30182,35.44797],[-83.30203,35.44829],[-83.3031,35.4489],[-83.3033,35.44922],[-83.30336,35.44973],[-83.30376,35.45004],[-83.30399,35.45047],[-83.30439,35.45082],[-83.30507,35.45127],[-83.30617,35.45172]]},"properties":{"net":"NC3046","o":3}},{"type":"Feature","geometry":{"type":"LineString","coordinates":[[-83.30158,35.44149],[-83.30164,35.44288],[-83.30128,35.44321],[-83.30136,35.44417],[-83.30104,35.4455],[-83.30112,35.44601]]},"properties":{"net":"NC3046","o":2}},{"type":"Feature","geometry":{"type":"LineString","coordinates":[[-83.32985,35.61287],[-83.32995,35.61261],[-83.3303,35.61238],[-83.33056,35.61202],[-83.33132,35.61179]]},"properties":{"net":"NC3046","o":3}},{"type":"Feature","geometry":{"type":"LineString","coordinates":[[-83.33441,35.61891],[-83.33323,35.61893],[-83.33285,35.6191],[-83.33252,35.61909],[-83.33234,35.61937],[-83.33196,35.61954],[-83.33111,35.61966],[-83.3307,35.61988],[-83.33051,35.62015],[-83.32959,35.62039],[-83.32808,35.62118],[-83.32768,35.62122]]},"properties":{"net":"NC3046","o":2}},{"type":"Feature","geometry":{"type":"LineString","coordinates":[[-83.33733,35.65797],[-83.33679,35.65708],[-83.3361,35.65664],[-83.3355,35.65645],[-83.33538,35.65604],[-83.33417,35.65522],[-83.33267,35.65477],[-83.33227,35.65451],[-83.33134,35.65431],[-83.33032,35.65392],[-83.32997,35.65393]]},"properties":{"net":"NC3046","o":1}},{"type":"Feature","geometry":{"type":"LineString","coordinates":[[-83.33376,35.41836],[-83.33481,35.41889]]},"properties":{"net":"out","o":6}},{"type":"Feature","geometry":{"type":"LineString","coordinates":[[-83.34027,35.47296],[-83.34056,35.47316]]},"properties":{"net":"NC3046","o":2}},{"type":"Feature","geometry":{"type":"LineString","coordinates":[[-83.34088,35.46317],[-83.34039,35.46226],[-83.33999,35.46184],[-83.33944,35.46063],[-83.33935,35.46033],[-83.33949,35.45972]]},"properties":{"net":"NC3046","o":1}},{"type":"Feature","geometry":{"type":"LineString","coordinates":[[-83.33746,35.46127],[-83.33833,35.4612],[-83.33894,35.46084],[-83.339,35.46044],[-83.33919,35.46034],[-83.33935,35.45988],[-83.33927,35.45958],[-83.33943,35.45945]]},"properties":{"net":"NC3046","o":1}},{"type":"Feature","geometry":{"type":"LineString","coordinates":[[-83.34083,35.46533],[-83.33942,35.46505],[-83.33848,35.46463],[-83.33792,35.46448],[-83.33765,35.46454],[-83.33709,35.46489]]},"properties":{"net":"NC3046","o":1}},{"type":"Feature","geometry":{"type":"LineString","coordinates":[[-83.33656,35.47502],[-83.33654,35.47487]]},"properties":{"net":"NC3046","o":1}},{"type":"Feature","geometry":{"type":"LineString","coordinates":[[-83.33558,35.47488],[-83.33574,35.47475]]},"properties":{"net":"NC3046","o":1}},{"type":"Feature","geometry":{"type":"LineString","coordinates":[[-83.33496,35.4743],[-83.33513,35.47411]]},"properties":{"net":"NC3046","o":3}},{"type":"Feature","geometry":{"type":"LineString","coordinates":[[-83.33144,35.46171],[-83.33172,35.46268],[-83.33168,35.46295]]},"properties":{"net":"NC3046","o":2}},{"type":"Feature","geometry":{"type":"LineString","coordinates":[[-83.33124,35.47328],[-83.33159,35.47302],[-83.33207,35.47292],[-83.33303,35.47277],[-83.33419,35.47277]]},"properties":{"net":"NC3046","o":2}},{"type":"Feature","geometry":{"type":"LineString","coordinates":[[-83.32431,35.48691],[-83.32392,35.4868],[-83.32359,35.48646],[-83.32304,35.48629],[-83.32287,35.48598],[-83.32261,35.48584]]},"properties":{"net":"NC3046","o":2}},{"type":"Feature","geometry":{"type":"LineString","coordinates":[[-83.32224,35.47842],[-83.32151,35.47789],[-83.32076,35.47778]]},"properties":{"net":"NC3046","o":1}},{"type":"Feature","geometry":{"type":"LineString","coordinates":[[-83.32023,35.4794],[-83.32048,35.47823],[-83.31993,35.4781]]},"properties":{"net":"NC3046","o":1}},{"type":"Feature","geometry":{"type":"LineString","coordinates":[[-83.31975,35.49033],[-83.32041,35.4897],[-83.32042,35.48933]]},"properties":{"net":"NC3046","o":1}},{"type":"Feature","geometry":{"type":"LineString","coordinates":[[-83.32536,35.49881],[-83.32509,35.49838],[-83.32453,35.49801]]},"properties":{"net":"NC3046","o":3}},{"type":"Feature","geometry":{"type":"LineString","coordinates":[[-83.29794,35.43823],[-83.2989,35.43839],[-83.3004,35.43915],[-83.30148,35.44029],[-83.3016,35.44073],[-83.30158,35.44149]]},"properties":{"net":"NC3046","o":2}},{"type":"Feature","geometry":{"type":"LineString","coordinates":[[-83.31755,35.47152],[-83.31659,35.47036],[-83.31614,35.47001]]},"properties":{"net":"NC3046","o":1}},{"type":"Feature","geometry":{"type":"LineString","coordinates":[[-83.31187,35.47496],[-83.31281,35.47446],[-83.31336,35.47399],[-83.31429,35.47357],[-83.31491,35.47291]]},"properties":{"net":"NC3046","o":1}},{"type":"Feature","geometry":{"type":"LineString","coordinates":[[-83.30956,35.47049],[-83.30962,35.47054]]},"properties":{"net":"NC3046","o":2}},{"type":"Feature","geometry":{"type":"LineString","coordinates":[[-83.30348,35.46941],[-83.30415,35.46947],[-83.30583,35.47004]]},"properties":{"net":"NC3046","o":4}},{"type":"Feature","geometry":{"type":"LineString","coordinates":[[-83.30121,35.47022],[-83.30208,35.46991],[-83.30356,35.46961]]},"properties":{"net":"NC3046","o":1}},{"type":"Feature","geometry":{"type":"LineString","coordinates":[[-83.29303,35.47736],[-83.29398,35.47701],[-83.29436,35.47672],[-83.29491,35.47605],[-83.29538,35.47523],[-83.29618,35.47353],[-83.29726,35.4724],[-83.29842,35.47153],[-83.29914,35.47129],[-83.29945,35.47106],[-83.30121,35.47022]]},"properties":{"net":"NC3046","o":1}},{"type":"Feature","geometry":{"type":"LineString","coordinates":[[-83.31523,35.4848],[-83.31503,35.48474]]},"properties":{"net":"NC3046","o":1}},{"type":"Feature","geometry":{"type":"LineString","coordinates":[[-83.31273,35.49862],[-83.31284,35.49826],[-83.31273,35.49697]]},"properties":{"net":"NC3046","o":6}},{"type":"Feature","geometry":{"type":"LineString","coordinates":[[-83.31224,35.49548],[-83.31249,35.49544]]},"properties":{"net":"NC3046","o":1}},{"type":"Feature","geometry":{"type":"LineString","coordinates":[[-83.28231,35.28915],[-83.28199,35.2896],[-83.28164,35.29047],[-83.28123,35.29105],[-83.28114,35.29133]]},"properties":{"net":"NC6252","o":4}},{"type":"Feature","geometry":{"type":"LineString","coordinates":[[-83.31116,35.49641],[-83.31152,35.4965],[-83.31167,35.4964],[-83.31212,35.49637],[-83.31211,35.49611],[-83.31191,35.4957],[-83.31209,35.49551],[-83.31224,35.49548]]},"properties":{"net":"NC3046","o":1}},{"type":"Feature","geometry":{"type":"LineString","coordinates":[[-83.31075,35.49717],[-83.31107,35.49717],[-83.31125,35.49694],[-83.3121,35.49701],[-83.31242,35.49667]]},"properties":{"net":"NC3046","o":2}},{"type":"Feature","geometry":{"type":"LineString","coordinates":[[-83.30703,35.4881],[-83.30763,35.48828],[-83.30805,35.48826]]},"properties":{"net":"NC3046","o":1}},{"type":"Feature","geometry":{"type":"LineString","coordinates":[[-83.30692,35.48547],[-83.30706,35.48542]]},"properties":{"net":"NC3046","o":3}},{"type":"Feature","geometry":{"type":"LineString","coordinates":[[-83.30229,35.48157],[-83.30276,35.48179],[-83.30384,35.48192],[-83.30385,35.48218]]},"properties":{"net":"NC3046","o":1}},{"type":"Feature","geometry":{"type":"LineString","coordinates":[[-83.29759,35.48729],[-83.298,35.48744],[-83.299,35.4872],[-83.29923,35.48705]]},"properties":{"net":"NC3046","o":3}},{"type":"Feature","geometry":{"type":"LineString","coordinates":[[-83.31391,35.50448],[-83.31401,35.50322]]},"properties":{"net":"NC3046","o":1}},{"type":"Feature","geometry":{"type":"LineString","coordinates":[[-83.31251,35.49886],[-83.31273,35.49862]]},"properties":{"net":"NC3046","o":6}},{"type":"Feature","geometry":{"type":"LineString","coordinates":[[-83.30985,35.49971],[-83.30991,35.49985]]},"properties":{"net":"NC3046","o":1}},{"type":"Feature","geometry":{"type":"LineString","coordinates":[[-83.30939,35.50735],[-83.30879,35.50624],[-83.30885,35.50558],[-83.30912,35.50503],[-83.30886,35.50376],[-83.3084,35.50316],[-83.30839,35.50278],[-83.30848,35.50261]]},"properties":{"net":"NC3046","o":1}},{"type":"Feature","geometry":{"type":"LineString","coordinates":[[-83.30925,35.50139],[-83.30887,35.50113],[-83.30881,35.50087],[-83.30855,35.5007],[-83.30835,35.50018]]},"properties":{"net":"NC3046","o":3}},{"type":"Feature","geometry":{"type":"LineString","coordinates":[[-83.31296,35.51441],[-83.31195,35.51492],[-83.31098,35.51487],[-83.31032,35.51466],[-83.30963,35.5147],[-83.30842,35.51453],[-83.30709,35.5147],[-83.30661,35.51499]]},"properties":{"net":"NC3046","o":1}},{"type":"Feature","geometry":{"type":"LineString","coordinates":[[-83.3077,35.52036],[-83.30761,35.5201],[-83.30738,35.51989],[-83.30674,35.51956],[-83.30654,35.51915],[-83.30555,35.5182],[-83.30542,35.51793],[-83.30538,35.5175],[-83.30554,35.51696],[-83.30649,35.51568],[-83.30648,35.51499]]},"properties":{"net":"NC3046","o":5}},{"type":"Feature","geometry":{"type":"LineString","coordinates":[[-83.30493,35.49967],[-83.30503,35.4995]]},"properties":{"net":"NC3046","o":2}},{"type":"Feature","geometry":{"type":"LineString","coordinates":[[-83.30648,35.51499],[-83.30636,35.51458],[-83.30535,35.51343],[-83.30317,35.5125],[-83.3025,35.5121],[-83.3022,35.51174]]},"properties":{"net":"NC3046","o":5}},{"type":"Feature","geometry":{"type":"LineString","coordinates":[[-83.30215,35.49809],[-83.30354,35.499],[-83.30503,35.4995]]},"properties":{"net":"NC3046","o":6}},{"type":"Feature","geometry":{"type":"LineString","coordinates":[[-83.29727,35.49813],[-83.29775,35.49832],[-83.29889,35.49854],[-83.29916,35.4985],[-83.29932,35.49864],[-83.29968,35.49858],[-83.30022,35.49876]]},"properties":{"net":"NC3046","o":2}},{"type":"Feature","geometry":{"type":"LineString","coordinates":[[-83.29067,35.51404],[-83.29141,35.51398],[-83.2924,35.51285],[-83.29275,35.51263],[-83.29458,35.51244],[-83.29549,35.51192],[-83.29583,35.51183],[-83.29655,35.51111],[-83.29679,35.5106],[-83.29883,35.51061],[-83.29919,35.50908],[-83.29925,35.50834],[-83.3016,35.50664]]},"properties":{"net":"NC3046","o":1}},{"type":"Feature","geometry":{"type":"LineString","coordinates":[[-83.31557,35.552],[-83.31548,35.55225],[-83.31468,35.55281],[-83.31463,35.5531],[-83.31448,35.55327],[-83.31462,35.55351],[-83.31475,35.55353]]},"properties":{"net":"NC3046","o":1}},{"type":"Feature","geometry":{"type":"LineString","coordinates":[[-83.01165,35.30103],[-83.01332,35.30167],[-83.01415,35.30175],[-83.01533,35.30207],[-83.01748,35.30325],[-83.01929,35.30349],[-83.02046,35.30345],[-83.02125,35.30373],[-83.02322,35.30409],[-83.02367,35.30407],[-83.02385,35.30391]]},"properties":{"net":"NC3252","o":1}},{"type":"Feature","geometry":{"type":"LineString","coordinates":[[-83.02034,35.17827],[-83.01991,35.17851],[-83.01907,35.17949],[-83.01878,35.1797],[-83.01698,35.17962],[-83.0156,35.17992],[-83.01482,35.17959],[-83.01452,35.17956],[-83.01385,35.17996],[-83.01198,35.18062],[-83.00974,35.18122],[-83.00892,35.18131],[-83.00784,35.18119]]},"properties":{"net":"NC3027","o":1}},{"type":"Feature","geometry":{"type":"LineString","coordinates":[[-83.01782,35.26847],[-83.01782,35.26847]]},"properties":{"net":"sm108220","o":2}},{"type":"Feature","geometry":{"type":"LineString","coordinates":[[-83.01805,35.28465],[-83.01784,35.28401],[-83.01782,35.28347],[-83.01764,35.28303],[-83.01731,35.2826],[-83.01603,35.28152],[-83.01548,35.28049],[-83.01514,35.27957],[-83.01482,35.27932],[-83.01393,35.27909],[-83.01298,35.27856]]},"properties":{"net":"sm108220","o":1}},{"type":"Feature","geometry":{"type":"LineString","coordinates":[[-83.01164,35.28354],[-83.01197,35.28261],[-83.01203,35.28218],[-83.01192,35.28173],[-83.01158,35.28102],[-83.01154,35.28045],[-83.01167,35.28022],[-83.0124,35.27967],[-83.01298,35.27856]]},"properties":{"net":"sm108220","o":2}},{"type":"Feature","geometry":{"type":"LineString","coordinates":[[-82.99986,35.36369],[-83.0001,35.3635],[-83.00111,35.36308],[-83.00145,35.36283],[-83.00174,35.36277],[-83.00234,35.36228],[-83.00473,35.36186],[-83.00537,35.36155],[-83.0062,35.3615],[-83.00739,35.3612],[-83.0078,35.36094],[-83.00819,35.36042],[-83.0085,35.36022],[-83.00894,35.36004],[-83.00988,35.3599],[-83.0117,35.35899],[-83.01215,35.35843],[-83.01344,35.35767],[-83.01385,35.35721],[-83.01393,35.35674],[-83.01366,35.35606],[-83.01406,35.35548],[-83.01391,35.35502],[-83.01392,35.35461],[-83.01411,35.35425],[-83.01411,35.35407],[-83.01393,35.35377],[-83.01396,35.35351]]},"properties":{"net":"NC3252","o":1}},{"type":"Feature","geometry":{"type":"LineString","coordinates":[[-82.93965,35.24946],[-82.94018,35.24852],[-82.94079,35.24833],[-82.94115,35.24805],[-82.94148,35.247],[-82.94168,35.24663],[-82.94191,35.24655],[-82.94349,35.24675],[-82.94465,35.24629],[-82.94521,35.24588],[-82.94555,35.24539],[-82.94578,35.24451],[-82.94662,35.2429],[-82.9475,35.24225],[-82.94775,35.24192],[-82.94759,35.24144],[-82.94763,35.24116],[-82.94789,35.24089],[-82.94853,35.24055]]},"properties":{"net":"NC3027","o":3}},{"type":"Feature","geometry":{"type":"LineString","coordinates":[[-82.94296,35.25799],[-82.94305,35.25771],[-82.943,35.2576],[-82.94123,35.25692],[-82.94103,35.25647],[-82.94079,35.25503]]},"properties":{"net":"NC3027","o":3}},{"type":"Feature","geometry":{"type":"LineString","coordinates":[[-83.28171,35.54909],[-83.28297,35.54896],[-83.28369,35.54921],[-83.2843,35.54902],[-83.28448,35.54908],[-83.28485,35.54895],[-83.28498,35.549]]},"properties":{"net":"NC3046","o":2}},{"type":"Feature","geometry":{"type":"LineString","coordinates":[[-83.28221,35.56568],[-83.28257,35.56432]]},"properties":{"net":"NC3046","o":3}},{"type":"Feature","geometry":{"type":"LineString","coordinates":[[-83.28025,35.57549],[-83.27935,35.5758],[-83.27854,35.57595],[-83.27705,35.576]]},"properties":{"net":"sm3084","o":1}},{"type":"Feature","geometry":{"type":"LineString","coordinates":[[-83.2949,35.59591],[-83.29501,35.59642],[-83.2953,35.59687],[-83.29583,35.59735],[-83.29616,35.59748]]},"properties":{"net":"NC3046","o":1}},{"type":"Feature","geometry":{"type":"LineString","coordinates":[[-83.29329,35.59779],[-83.29487,35.59826]]},"properties":{"net":"NC3046","o":2}},{"type":"Feature","geometry":{"type":"LineString","coordinates":[[-83.28917,35.59989],[-83.28962,35.59962],[-83.28973,35.59938]]},"properties":{"net":"NC3046","o":2}},{"type":"Feature","geometry":{"type":"LineString","coordinates":[[-83.29503,35.61446],[-83.29717,35.61278],[-83.29811,35.61131],[-83.29827,35.61048],[-83.29827,35.60983],[-83.29794,35.60897],[-83.29796,35.60873],[-83.29824,35.60826],[-83.29814,35.60799],[-83.29774,35.60744],[-83.29753,35.60676],[-83.29767,35.60585],[-83.29785,35.60536],[-83.29787,35.60463]]},"properties":{"net":"NC3046","o":1}},{"type":"Feature","geometry":{"type":"LineString","coordinates":[[-83.27653,35.61915],[-83.27622,35.61906],[-83.27567,35.61857],[-83.27482,35.61834],[-83.27466,35.61809],[-83.2746,35.61766],[-83.27407,35.61715],[-83.27343,35.61695],[-83.27336,35.61667],[-83.27304,35.61625],[-83.27246,35.61592],[-83.27215,35.61556],[-83.27185,35.6144],[-83.27166,35.61414],[-83.27114,35.61398],[-83.27077,35.61412],[-83.27047,35.61411],[-83.26927,35.61369],[-83.26889,35.61372],[-83.26837,35.61393],[-83.26805,35.61385]]},"properties":{"net":"NC3046","o":3}},{"type":"Feature","geometry":{"type":"LineString","coordinates":[[-83.26754,35.61667],[-83.26805,35.61572],[-83.26814,35.61486],[-83.26805,35.61385]]},"properties":{"net":"NC3046","o":2}},{"type":"Feature","geometry":{"type":"LineString","coordinates":[[-83.2633,35.6152],[-83.26398,35.61434],[-83.26469,35.61293],[-83.26497,35.61254]]},"properties":{"net":"NC3046","o":1}},{"type":"Feature","geometry":{"type":"LineString","coordinates":[[-83.27886,35.51276],[-83.27841,35.51326],[-83.27813,35.51337],[-83.27716,35.51421]]},"properties":{"net":"NC3046","o":2}},{"type":"Feature","geometry":{"type":"LineString","coordinates":[[-83.29039,35.52058],[-83.29046,35.52059]]},"properties":{"net":"NC3046","o":1}},{"type":"Feature","geometry":{"type":"LineString","coordinates":[[-83.29023,35.52796],[-83.29054,35.52751],[-83.2906,35.52713]]},"properties":{"net":"NC3046","o":1}},{"type":"Feature","geometry":{"type":"LineString","coordinates":[[-83.2825,35.52843],[-83.28189,35.52864]]},"properties":{"net":"NC3046","o":1}},{"type":"Feature","geometry":{"type":"LineString","coordinates":[[-83.27504,35.55279],[-83.2742,35.55238],[-83.27352,35.55188],[-83.2724,35.55187],[-83.2708,35.55129]]},"properties":{"net":"NC3046","o":2}},{"type":"Feature","geometry":{"type":"LineString","coordinates":[[-83.27068,35.54174],[-83.27099,35.5415],[-83.27132,35.54142]]},"properties":{"net":"NC3046","o":1}},{"type":"Feature","geometry":{"type":"LineString","coordinates":[[-83.27079,35.54916],[-83.27067,35.54897]]},"properties":{"net":"NC3046","o":3}},{"type":"Feature","geometry":{"type":"LineString","coordinates":[[-83.27192,35.54781],[-83.2713,35.54772],[-83.27092,35.54744],[-83.27061,35.54751]]},"properties":{"net":"NC3046","o":1}},{"type":"Feature","geometry":{"type":"LineString","coordinates":[[-83.28749,35.54532],[-83.28756,35.54508],[-83.28749,35.54475],[-83.28764,35.54403]]},"properties":{"net":"NC3046","o":3}},{"type":"Feature","geometry":{"type":"LineString","coordinates":[[-83.28728,35.55818],[-83.28657,35.55778]]},"properties":{"net":"NC3046","o":1}},{"type":"Feature","geometry":{"type":"LineString","coordinates":[[-83.28667,35.55852],[-83.28656,35.55831],[-83.28664,35.5579],[-83.28657,35.55778]]},"properties":{"net":"NC3046","o":1}},{"type":"Feature","geometry":{"type":"LineString","coordinates":[[-83.28498,35.549],[-83.28524,35.54873],[-83.28559,35.54798]]},"properties":{"net":"NC3046","o":3}},{"type":"Feature","geometry":{"type":"LineString","coordinates":[[-83.28825,35.55464],[-83.28649,35.55397],[-83.28551,35.55283],[-83.28499,35.55258],[-83.28488,35.55243],[-83.28487,35.55203],[-83.2843,35.55187]]},"properties":{"net":"NC3046","o":2}},{"type":"Feature","geometry":{"type":"LineString","coordinates":[[-83.28683,35.55629],[-83.2864,35.5563],[-83.2854,35.5561],[-83.28423,35.55626],[-83.28351,35.55613]]},"properties":{"net":"NC3046","o":1}},{"type":"Feature","geometry":{"type":"LineString","coordinates":[[-83.26083,35.55626],[-83.26035,35.55554],[-83.26012,35.55495],[-83.25966,35.55461],[-83.25944,35.55383]]},"properties":{"net":"sm3084","o":4}},{"type":"Feature","geometry":{"type":"LineString","coordinates":[[-83.25944,35.55383],[-83.2594,35.55375]]},"properties":{"net":"NC3046","o":4}},{"type":"Feature","geometry":{"type":"LineString","coordinates":[[-83.25806,35.55472],[-83.25899,35.55394]]},"properties":{"net":"NC3046","o":6}},{"type":"Feature","geometry":{"type":"LineString","coordinates":[[-83.25678,35.55952],[-83.25713,35.55887],[-83.25756,35.55849],[-83.25793,35.55799]]},"properties":{"net":"NC3046","o":1}},{"type":"Feature","geometry":{"type":"LineString","coordinates":[[-83.25662,35.55399],[-83.25742,35.55432],[-83.25798,35.55468]]},"properties":{"net":"NC3046","o":2}},{"type":"Feature","geometry":{"type":"LineString","coordinates":[[-83.27697,35.57626],[-83.27695,35.57622]]},"properties":{"net":"sm3084","o":2}},{"type":"Feature","geometry":{"type":"LineString","coordinates":[[-83.26083,35.5771],[-83.26016,35.57623],[-83.25973,35.57583],[-83.259,35.57451],[-83.25834,35.57409],[-83.2574,35.57378],[-83.25709,35.5735],[-83.25673,35.57295],[-83.25669,35.57239]]},"properties":{"net":"NC3046","o":4}},{"type":"Feature","geometry":{"type":"LineString","coordinates":[[-83.27642,35.58569],[-83.27661,35.58556],[-83.27646,35.58481],[-83.27652,35.58444],[-83.27621,35.58372]]},"properties":{"net":"NC3046","o":2}},{"type":"Feature","geometry":{"type":"LineString","coordinates":[[-83.27242,35.58779],[-83.27183,35.58719],[-83.26994,35.58586],[-83.26763,35.58532],[-83.26688,35.5849],[-83.26657,35.58436],[-83.26651,35.58406],[-83.26636,35.58395],[-83.26646,35.58323],[-83.26615,35.58292]]},"properties":{"net":"NC3046","o":1}},{"type":"Feature","geometry":{"type":"LineString","coordinates":[[-83.26615,35.58292],[-83.2661,35.58285]]},"properties":{"net":"NC3046","o":1}},{"type":"Feature","geometry":{"type":"LineString","coordinates":[[-83.26532,35.60307],[-83.26519,35.60268],[-83.26508,35.6012],[-83.26548,35.59999],[-83.26588,35.59914],[-83.26632,35.59757],[-83.26689,35.59686],[-83.26703,35.59642],[-83.26696,35.59577]]},"properties":{"net":"NC3046","o":4}},{"type":"Feature","geometry":{"type":"LineString","coordinates":[[-83.26498,35.5892],[-83.26514,35.58915]]},"properties":{"net":"NC3046","o":2}},{"type":"Feature","geometry":{"type":"LineString","coordinates":[[-83.26514,35.58915],[-83.26517,35.58829],[-83.26495,35.58777]]},"properties":{"net":"NC3046","o":4}},{"type":"Feature","geometry":{"type":"LineString","coordinates":[[-83.27706,35.62607],[-83.27723,35.62535],[-83.27712,35.62495],[-83.27732,35.62432],[-83.27722,35.62393],[-83.27731,35.62353],[-83.27716,35.62312],[-83.27725,35.62292],[-83.27724,35.6225],[-83.27705,35.62217],[-83.27654,35.62049],[-83.27653,35.61915]]},"properties":{"net":"NC3046","o":1}},{"type":"Feature","geometry":{"type":"LineString","coordinates":[[-83.25714,35.6353],[-83.25739,35.63499],[-83.25742,35.63482],[-83.25712,35.63429],[-83.25714,35.63367],[-83.25727,35.63322],[-83.25698,35.63203],[-83.25712,35.63121],[-83.25682,35.63093],[-83.25676,35.63032],[-83.25651,35.62978],[-83.25652,35.62945],[-83.25638,35.62911],[-83.25673,35.62842],[-83.25681,35.62796],[-83.25701,35.62767],[-83.2574,35.62735],[-83.25835,35.62692],[-83.25846,35.62661]]},"properties":{"net":"NC3046","o":1}},{"type":"Feature","geometry":{"type":"LineString","coordinates":[[-83.25471,35.64292],[-83.25546,35.6433],[-83.25566,35.64367],[-83.25587,35.64384],[-83.25683,35.64361],[-83.25717,35.64366],[-83.2573,35.6439],[-83.25744,35.64395],[-83.25799,35.64371],[-83.2588,35.64357],[-83.25996,35.64352],[-83.2606,35.64359],[-83.26216,35.64488]]},"properties":{"net":"NC3046","o":2}},{"type":"Feature","geometry":{"type":"LineString","coordinates":[[-83.26258,35.6736],[-83.2628,35.6728],[-83.26331,35.67208]]},"properties":{"net":"NC3046","o":2}},{"type":"Feature","geometry":{"type":"LineString","coordinates":[[-83.2521,35.55306],[-83.25212,35.55309]]},"properties":{"net":"NC3046","o":1}},{"type":"Feature","geometry":{"type":"LineString","coordinates":[[-83.25019,35.55589],[-83.25086,35.55534],[-83.25097,35.55506],[-83.25096,35.5546]]},"properties":{"net":"NC3046","o":6}},{"type":"Feature","geometry":{"type":"LineString","coordinates":[[-83.249,35.56125],[-83.24846,35.5594]]},"properties":{"net":"NC3046","o":5}},{"type":"Feature","geometry":{"type":"LineString","coordinates":[[-83.24011,35.55453],[-83.23984,35.55542],[-83.23987,35.5557]]},"properties":{"net":"NC3046","o":1}},{"type":"Feature","geometry":{"type":"LineString","coordinates":[[-83.23892,35.55004],[-83.23869,35.55088],[-83.23853,35.55118],[-83.23865,35.5525],[-83.23841,35.55328]]},"properties":{"net":"NC3046","o":1}},{"type":"Feature","geometry":{"type":"LineString","coordinates":[[-83.23882,35.54435],[-83.23848,35.54405],[-83.2381,35.54392]]},"properties":{"net":"NC3046","o":2}},{"type":"Feature","geometry":{"type":"LineString","coordinates":[[-83.24033,35.54034],[-83.24014,35.54011],[-83.23986,35.54006],[-83.23876,35.54005],[-83.23786,35.54018]]},"properties":{"net":"NC3046","o":1}},{"type":"Feature","geometry":{"type":"LineString","coordinates":[[-83.27061,35.54751],[-83.2706,35.54775]]},"properties":{"net":"NC3046","o":2}},{"type":"Feature","geometry":{"type":"LineString","coordinates":[[-83.26998,35.55429],[-83.27,35.5537],[-83.26978,35.55338]]},"properties":{"net":"NC3046","o":1}},{"type":"Feature","geometry":{"type":"LineString","coordinates":[[-83.26836,35.54144],[-83.26889,35.54087],[-83.26909,35.54022]]},"properties":{"net":"NC3046","o":6}},{"type":"Feature","geometry":{"type":"LineString","coordinates":[[-83.2679,35.54156],[-83.26806,35.54165]]},"properties":{"net":"NC3046","o":1}},{"type":"Feature","geometry":{"type":"LineString","coordinates":[[-83.26747,35.5505],[-83.26769,35.54967]]},"properties":{"net":"NC3046","o":1}},{"type":"Feature","geometry":{"type":"LineString","coordinates":[[-83.26148,35.54738],[-83.26218,35.54733],[-83.26309,35.54806]]},"properties":{"net":"NC3046","o":1}},{"type":"Feature","geometry":{"type":"LineString","coordinates":[[-83.26096,35.55233],[-83.26171,35.55203]]},"properties":{"net":"NC3046","o":6}},{"type":"Feature","geometry":{"type":"LineString","coordinates":[[-83.25986,35.55315],[-83.26039,35.55265],[-83.2608,35.55242]]},"properties":{"net":"NC3046","o":6}},{"type":"Feature","geometry":{"type":"LineString","coordinates":[[-83.25983,35.55318],[-83.25986,35.55315]]},"properties":{"net":"NC3046","o":6}},{"type":"Feature","geometry":{"type":"LineString","coordinates":[[-83.25148,35.44909],[-83.25074,35.44938],[-83.24958,35.44939],[-83.24863,35.44973],[-83.24758,35.45051],[-83.24683,35.45088],[-83.24432,35.45309],[-83.24331,35.45362],[-83.24248,35.45384]]},"properties":{"net":"sm3088","o":1}},{"type":"Feature","geometry":{"type":"LineString","coordinates":[[-83.26809,35.56222],[-83.2679,35.56224]]},"properties":{"net":"sm3084","o":4}},{"type":"Feature","geometry":{"type":"LineString","coordinates":[[-83.2603,35.58272],[-83.2606,35.58252],[-83.26159,35.58216],[-83.26207,35.58227],[-83.26245,35.58219],[-83.26291,35.58198],[-83.26324,35.58163],[-83.26398,35.58164],[-83.26425,35.58154]]},"properties":{"net":"NC3046","o":2}},{"type":"Feature","geometry":{"type":"LineString","coordinates":[[-83.25998,35.58016],[-83.26063,35.57972],[-83.26068,35.57939],[-83.26086,35.57915],[-83.26124,35.57906]]},"properties":{"net":"NC3046","o":1}},{"type":"Feature","geometry":{"type":"LineString","coordinates":[[-83.26283,35.57576],[-83.2625,35.5754],[-83.26195,35.57511],[-83.26127,35.57413],[-83.26076,35.57377],[-83.26021,35.57277],[-83.25949,35.57236],[-83.25864,35.57166]]},"properties":{"net":"NC3046","o":2}},{"type":"Feature","geometry":{"type":"LineString","coordinates":[[-83.25775,35.57248],[-83.25679,35.57249]]},"properties":{"net":"NC3046","o":3}},{"type":"Feature","geometry":{"type":"LineString","coordinates":[[-83.24226,35.47117],[-83.24323,35.47214],[-83.24459,35.47276],[-83.24524,35.4732],[-83.24566,35.47366],[-83.24603,35.47348],[-83.24635,35.47348]]},"properties":{"net":"NC3046","o":1}},{"type":"Feature","geometry":{"type":"LineString","coordinates":[[-83.24168,35.46347],[-83.24172,35.46365],[-83.24164,35.46384],[-83.24073,35.46479],[-83.24025,35.46562],[-83.24019,35.46609],[-83.24063,35.4666]]},"properties":{"net":"NC3046","o":3}},{"type":"Feature","geometry":{"type":"LineString","coordinates":[[-83.23516,35.46469],[-83.23572,35.46529],[-83.23734,35.46608],[-83.23878,35.46641],[-83.24063,35.4666]]},"properties":{"net":"NC3046","o":4}},{"type":"Feature","geometry":{"type":"LineString","coordinates":[[-83.25228,35.52044],[-83.25247,35.52066],[-83.25257,35.52098],[-83.25296,35.521],[-83.25322,35.52119]]},"properties":{"net":"sm3083","o":2}},{"type":"Feature","geometry":{"type":"LineString","coordinates":[[-83.25162,35.53469],[-83.25177,35.53476]]},"properties":{"net":"NC3046","o":3}},{"type":"Feature","geometry":{"type":"LineString","coordinates":[[-83.25292,35.53237],[-83.25235,35.53306],[-83.25182,35.53333],[-83.25151,35.5337],[-83.25177,35.53476]]},"properties":{"net":"NC3046","o":1}},{"type":"Feature","geometry":{"type":"LineString","coordinates":[[-83.25115,35.53912],[-83.25142,35.53877],[-83.25179,35.53855],[-83.25198,35.53815],[-83.2523,35.53788]]},"properties":{"net":"NC3046","o":1}},{"type":"Feature","geometry":{"type":"LineString","coordinates":[[-83.25076,35.52616],[-83.25162,35.52588],[-83.25197,35.52557]]},"properties":{"net":"sm3083","o":3}},{"type":"Feature","geometry":{"type":"LineString","coordinates":[[-83.24979,35.53347],[-83.25051,35.53397],[-83.25082,35.53441],[-83.25162,35.53469]]},"properties":{"net":"NC3046","o":3}},{"type":"Feature","geometry":{"type":"LineString","coordinates":[[-83.24977,35.53595],[-83.25132,35.5357],[-83.25167,35.53551],[-83.25272,35.53556]]},"properties":{"net":"NC3046","o":1}},{"type":"Feature","geometry":{"type":"LineString","coordinates":[[-83.25013,35.53058],[-83.2499,35.53102],[-83.24971,35.53224],[-83.24965,35.53303],[-83.24979,35.53347]]},"properties":{"net":"NC3046","o":1}},{"type":"Feature","geometry":{"type":"LineString","coordinates":[[-83.24738,35.53258],[-83.24793,35.53263],[-83.24828,35.53285],[-83.24885,35.53299]]},"properties":{"net":"NC3046","o":3}},{"type":"Feature","geometry":{"type":"LineString","coordinates":[[-83.24117,35.53985],[-83.24084,35.53968],[-83.24039,35.53965],[-83.23995,35.53946],[-83.23909,35.53936],[-83.2389,35.53941],[-83.23867,35.53982],[-83.2383,35.53991],[-83.23786,35.54018]]},"properties":{"net":"NC3046","o":1}},{"type":"Feature","geometry":{"type":"LineString","coordinates":[[-83.23615,35.53975],[-83.23614,35.54026]]},"properties":{"net":"NC3046","o":2}},{"type":"Feature","geometry":{"type":"LineString","coordinates":[[-83.23729,35.5551],[-83.23827,35.55568]]},"properties":{"net":"NC3046","o":5}},{"type":"Feature","geometry":{"type":"LineString","coordinates":[[-83.23636,35.56032],[-83.23697,35.55942],[-83.23755,35.559]]},"properties":{"net":"NC3046","o":1}},{"type":"Feature","geometry":{"type":"LineString","coordinates":[[-83.23823,35.54807],[-83.23624,35.54739],[-83.23557,35.54694],[-83.23516,35.54699],[-83.23482,35.54691],[-83.23431,35.54646],[-83.23337,35.54594]]},"properties":{"net":"NC3046","o":1}},{"type":"Feature","geometry":{"type":"LineString","coordinates":[[-83.25465,35.57639],[-83.25463,35.57586]]},"properties":{"net":"NC3046","o":2}},{"type":"Feature","geometry":{"type":"LineString","coordinates":[[-83.23564,35.53117],[-83.23558,35.53155],[-83.23524,35.53237]]},"properties":{"net":"NC3046","o":1}},{"type":"Feature","geometry":{"type":"LineString","coordinates":[[-83.23426,35.5308],[-83.23443,35.53142],[-83.23524,35.53237]]},"properties":{"net":"NC3046","o":1}},{"type":"Feature","geometry":{"type":"LineString","coordinates":[[-83.23379,35.53357],[-83.23368,35.5338],[-83.2337,35.53413],[-83.23402,35.53478]]},"properties":{"net":"NC3046","o":1}},{"type":"Feature","geometry":{"type":"LineString","coordinates":[[-83.23402,35.53478],[-83.23375,35.53515],[-83.23336,35.5361],[-83.23329,35.5365]]},"properties":{"net":"NC3046","o":2}},{"type":"Feature","geometry":{"type":"LineString","coordinates":[[-83.23161,35.52484],[-83.23149,35.52517],[-83.23155,35.52552],[-83.2319,35.52597]]},"properties":{"net":"NC3046","o":1}},{"type":"Feature","geometry":{"type":"LineString","coordinates":[[-83.22343,35.53085],[-83.22236,35.53025],[-83.22191,35.53018],[-83.22155,35.5304],[-83.22115,35.53084],[-83.22027,35.53136]]},"properties":{"net":"NC3046","o":1}},{"type":"Feature","geometry":{"type":"LineString","coordinates":[[-83.21744,35.53012],[-83.21813,35.53018],[-83.21957,35.53076]]},"properties":{"net":"NC3046","o":2}},{"type":"Feature","geometry":{"type":"LineString","coordinates":[[-83.23956,35.44198],[-83.24002,35.443],[-83.24045,35.44434],[-83.24053,35.44568],[-83.24046,35.44631],[-83.24067,35.44674],[-83.2407,35.44722],[-83.24098,35.44756],[-83.24116,35.44805],[-83.24235,35.4493]]},"properties":{"net":"sm3088","o":1}},{"type":"Feature","geometry":{"type":"LineString","coordinates":[[-83.23155,35.44579],[-83.23217,35.44644],[-83.23289,35.44673],[-83.23379,35.44694],[-83.23423,35.44727],[-83.23477,35.44785],[-83.23533,35.44915],[-83.23761,35.45145],[-83.2381,35.4518],[-83.23997,35.45274],[-83.24055,35.45318],[-83.24155,35.45422],[-83.24239,35.45466]]},"properties":{"net":"sm3087","o":2}},{"type":"Feature","geometry":{"type":"LineString","coordinates":[[-83.25491,35.49883],[-83.25582,35.49731],[-83.25584,35.4968]]},"properties":{"net":"NC3046","o":2}},{"type":"Feature","geometry":{"type":"LineString","coordinates":[[-83.25185,35.51601],[-83.2542,35.51669]]},"properties":{"net":"sm3083","o":1}},{"type":"Feature","geometry":{"type":"LineString","coordinates":[[-83.25574,35.53211],[-83.25582,35.53184],[-83.2558,35.53124],[-83.25599,35.5307]]},"properties":{"net":"sm3083","o":1}},{"type":"Feature","geometry":{"type":"LineString","coordinates":[[-83.25526,35.53741],[-83.25539,35.53759]]},"properties":{"net":"NC3046","o":3}},{"type":"Feature","geometry":{"type":"LineString","coordinates":[[-83.25549,35.53497],[-83.2546,35.53619],[-83.25463,35.53654]]},"properties":{"net":"NC3046","o":1}},{"type":"Feature","geometry":{"type":"LineString","coordinates":[[-83.25329,35.52432],[-83.254,35.52439],[-83.2546,35.52413],[-83.25544,35.52422]]},"properties":{"net":"sm3083","o":3}},{"type":"Feature","geometry":{"type":"LineString","coordinates":[[-83.25322,35.51986],[-83.25344,35.52039],[-83.25319,35.52095],[-83.25322,35.52119]]},"properties":{"net":"sm3083","o":1}},{"type":"Feature","geometry":{"type":"LineString","coordinates":[[-83.22809,35.44387],[-83.22993,35.44437],[-83.23155,35.44579]]},"properties":{"net":"sm3087","o":1}},{"type":"Feature","geometry":{"type":"LineString","coordinates":[[-83.2322,35.4571],[-83.23302,35.45848],[-83.23349,35.45964],[-83.23351,35.46029],[-83.23323,35.46162]]},"properties":{"net":"NC3046","o":1}},{"type":"Feature","geometry":{"type":"LineString","coordinates":[[-83.22767,35.47754],[-83.22668,35.47622],[-83.22609,35.47582],[-83.22493,35.4756],[-83.22416,35.47569],[-83.22294,35.47532],[-83.22269,35.47502],[-83.22278,35.47444],[-83.2224,35.47351]]},"properties":{"net":"NC3046","o":1}},{"type":"Feature","geometry":{"type":"LineString","coordinates":[[-83.2173,35.46159],[-83.21627,35.46256],[-83.21482,35.46283],[-83.21434,35.4636],[-83.21404,35.46381]]},"properties":{"net":"sm3081","o":1}},{"type":"Feature","geometry":{"type":"LineString","coordinates":[[-83.21582,35.48187],[-83.21608,35.48154]]},"properties":{"net":"sm3075","o":2}},{"type":"Feature","geometry":{"type":"LineString","coordinates":[[-83.21608,35.48154],[-83.21692,35.4812],[-83.21774,35.48039],[-83.21942,35.47946],[-83.22006,35.47893]]},"properties":{"net":"sm3076","o":2}},{"type":"Feature","geometry":{"type":"LineString","coordinates":[[-83.21947,35.48467],[-83.21721,35.48396],[-83.21689,35.48363],[-83.21658,35.48225],[-83.21582,35.48187]]},"properties":{"net":"sm3075","o":1}},{"type":"Feature","geometry":{"type":"LineString","coordinates":[[-83.18753,35.30815],[-83.18748,35.30998]]},"properties":{"net":"NC6252","o":4}},{"type":"Feature","geometry":{"type":"LineString","coordinates":[[-83.15505,35.28528],[-83.15475,35.28533]]},"properties":{"net":"NC3252","o":1}},{"type":"Feature","geometry":{"type":"LineString","coordinates":[[-83.22754,35.3746],[-83.22784,35.37459],[-83.22891,35.37486],[-83.23004,35.37453]]},"properties":{"net":"out","o":5}},{"type":"Feature","geometry":{"type":"LineString","coordinates":[[-83.16684,35.55348],[-83.1669,35.55308],[-83.16711,35.55281],[-83.16719,35.55224],[-83.16679,35.55136],[-83.16752,35.55091],[-83.16767,35.55048],[-83.16817,35.55026],[-83.16831,35.5499],[-83.16822,35.54942],[-83.16914,35.54868],[-83.16942,35.54824],[-83.16937,35.54784],[-83.16967,35.5469]]},"properties":{"net":"NC3046","o":2}},{"type":"Feature","geometry":{"type":"LineString","coordinates":[[-83.23525,35.55281],[-83.23544,35.553],[-83.23547,35.55333]]},"properties":{"net":"NC3046","o":5}},{"type":"Feature","geometry":{"type":"LineString","coordinates":[[-83.23318,35.56163],[-83.23293,35.56052],[-83.23266,35.56002],[-83.23237,35.55973],[-83.23227,35.55938],[-83.23234,35.5585],[-83.2325,35.55809],[-83.23241,35.5575],[-83.23277,35.55707],[-83.23276,35.55681]]},"properties":{"net":"NC3046","o":1}},{"type":"Feature","geometry":{"type":"LineString","coordinates":[[-83.233,35.54388],[-83.23233,35.54411],[-83.23199,35.54413],[-83.23176,35.54433],[-83.23172,35.54449],[-83.23152,35.54459]]},"properties":{"net":"NC3046","o":1}},{"type":"Feature","geometry":{"type":"LineString","coordinates":[[-83.22766,35.55055],[-83.22868,35.54993],[-83.22938,35.54981],[-83.22981,35.54992],[-83.23039,35.5503],[-83.23096,35.55035]]},"properties":{"net":"sm3086","o":4}},{"type":"Feature","geometry":{"type":"LineString","coordinates":[[-83.23096,35.55035],[-83.23162,35.55038]]},"properties":{"net":"NC3046","o":4}},{"type":"Feature","geometry":{"type":"LineString","coordinates":[[-83.15523,35.18671],[-83.15521,35.18748],[-83.15565,35.1885],[-83.156,35.18903],[-83.15641,35.18942],[-83.15761,35.19033],[-83.15771,35.19222],[-83.15767,35.19254],[-83.15688,35.19329],[-83.1569,35.19374],[-83.1568,35.19383],[-83.15684,35.1946],[-83.15642,35.19497],[-83.15462,35.19521]]},"properties":{"net":"NC3036","o":4}},{"type":"Feature","geometry":{"type":"LineString","coordinates":[[-83.13251,35.3229],[-83.13235,35.32181],[-83.13207,35.3216],[-83.13121,35.32144],[-83.13095,35.32129],[-83.13043,35.32053],[-83.1296,35.31992],[-83.12938,35.31944],[-83.1283,35.31838],[-83.12795,35.31784],[-83.12732,35.31749],[-83.12702,35.31671],[-83.12666,35.31664],[-83.12632,35.31633],[-83.12539,35.31471]]},"properties":{"net":"NC3252","o":1}},{"type":"Feature","geometry":{"type":"LineString","coordinates":[[-83.13723,35.39725],[-83.13766,35.3974],[-83.13847,35.39792],[-83.13854,35.39812],[-83.13835,35.39839]]},"properties":{"net":"out","o":4}},{"type":"Feature","geometry":{"type":"LineString","coordinates":[[-83.14693,35.48954],[-83.15082,35.4888],[-83.15168,35.48837]]},"properties":{"net":"NC3046","o":2}},{"type":"Feature","geometry":{"type":"LineString","coordinates":[[-83.14456,35.49125],[-83.14608,35.4904],[-83.14693,35.48954]]},"properties":{"net":"NC3046","o":1}},{"type":"Feature","geometry":{"type":"LineString","coordinates":[[-83.15113,35.21344],[-83.15044,35.21358],[-83.15012,35.21382],[-83.14983,35.21446],[-83.14942,35.2161],[-83.14859,35.21716],[-83.14862,35.2177],[-83.14901,35.21792],[-83.14945,35.21795],[-83.14986,35.21829],[-83.14989,35.21888],[-83.14942,35.21928]]},"properties":{"net":"NC3029","o":4}},{"type":"Feature","geometry":{"type":"LineString","coordinates":[[-83.14057,35.2231],[-83.14029,35.22367],[-83.13982,35.22579],[-83.13956,35.22617],[-83.13906,35.22651],[-83.13802,35.22668],[-83.13697,35.22749],[-83.1366,35.22791],[-83.13659,35.22876],[-83.13671,35.22903],[-83.13681,35.22993],[-83.1377,35.23107],[-83.13778,35.2317],[-83.13774,35.23188],[-83.13721,35.23231],[-83.13639,35.23233],[-83.13591,35.23271],[-83.13581,35.23289]]},"properties":{"net":"NC3029","o":4}},{"type":"Feature","geometry":{"type":"LineString","coordinates":[[-83.13628,35.28164],[-83.13691,35.28112],[-83.13776,35.28103]]},"properties":{"net":"NC3252","o":5}},{"type":"Feature","geometry":{"type":"LineString","coordinates":[[-83.13242,35.28536],[-83.13242,35.28536]]},"properties":{"net":"NC3252","o":1}},{"type":"Feature","geometry":{"type":"LineString","coordinates":[[-83.12629,35.28113],[-83.12675,35.28152],[-83.12694,35.28196],[-83.12695,35.28223],[-83.12713,35.28254],[-83.12766,35.28311],[-83.12811,35.28341],[-83.13024,35.28419],[-83.13256,35.28421]]},"properties":{"net":"NC3252","o":5}},{"type":"Feature","geometry":{"type":"LineString","coordinates":[[-83.1483,35.29946],[-83.14867,35.30056],[-83.14906,35.30103],[-83.14939,35.30126],[-83.14979,35.30134],[-83.15059,35.30122],[-83.15075,35.30085]]},"properties":{"net":"NC3252","o":5}},{"type":"Feature","geometry":{"type":"LineString","coordinates":[[-83.14742,35.297],[-83.14747,35.29735],[-83.14802,35.29794]]},"properties":{"net":"NC3252","o":5}},{"type":"Feature","geometry":{"type":"LineString","coordinates":[[-83.13918,35.35105],[-83.13853,35.35074],[-83.13737,35.35072],[-83.13662,35.3506],[-83.13582,35.3502],[-83.13538,35.34981],[-83.13378,35.34941],[-83.13269,35.34903],[-83.13238,35.34883]]},"properties":{"net":"NC3252","o":1}},{"type":"Feature","geometry":{"type":"LineString","coordinates":[[-83.12641,35.40513],[-83.1266,35.40488],[-83.1261,35.40294],[-83.12592,35.40251],[-83.12537,35.40187],[-83.1252,35.4011],[-83.12533,35.40065],[-83.12579,35.39975]]},"properties":{"net":"out","o":4}},{"type":"Feature","geometry":{"type":"LineString","coordinates":[[-83.08787,35.35536],[-83.08808,35.35439],[-83.0877,35.35396],[-83.08756,35.35325],[-83.08788,35.35242],[-83.08792,35.35178],[-83.08822,35.35123],[-83.08825,35.35096],[-83.0881,35.35041],[-83.08814,35.34998],[-83.08828,35.34953],[-83.08874,35.34876],[-83.08898,35.3479],[-83.09009,35.34575]]},"properties":{"net":"NC3252","o":2}},{"type":"Feature","geometry":{"type":"LineString","coordinates":[[-83.0776,35.36575],[-83.07887,35.36485],[-83.07968,35.36447],[-83.08094,35.36433],[-83.08198,35.36401]]},"properties":{"net":"sm165015","o":1}},{"type":"Feature","geometry":{"type":"LineString","coordinates":[[-83.08198,35.36401],[-83.08247,35.36366],[-83.08293,35.36304],[-83.0832,35.36242],[-83.08517,35.36076],[-83.08541,35.36035],[-83.08555,35.35977]]},"properties":{"net":"sm54732","o":1}},{"type":"Feature","geometry":{"type":"LineString","coordinates":[[-83.08555,35.35977],[-83.08578,35.35887]]},"properties":{"net":"sm2645","o":1}},{"type":"Feature","geometry":{"type":"LineString","coordinates":[[-83.08578,35.35887],[-83.08599,35.35818],[-83.08668,35.35688],[-83.08787,35.35536]]},"properties":{"net":"NC3252","o":1}},{"type":"Feature","geometry":{"type":"LineString","coordinates":[[-83.06924,35.20742],[-83.06779,35.20725],[-83.06636,35.20689],[-83.06469,35.20607]]},"properties":{"net":"sm54742","o":1}},{"type":"Feature","geometry":{"type":"LineString","coordinates":[[-83.06469,35.20607],[-83.06409,35.20582],[-83.06305,35.20569]]},"properties":{"net":"sm54727","o":1}},{"type":"Feature","geometry":{"type":"LineString","coordinates":[[-83.07426,35.26545],[-83.07469,35.26472],[-83.0748,35.26399],[-83.07478,35.26299]]},"properties":{"net":"NC3026","o":2}},{"type":"Feature","geometry":{"type":"LineString","coordinates":[[-83.06565,35.27311],[-83.06649,35.27237],[-83.06699,35.27128],[-83.0684,35.2699],[-83.06865,35.26949],[-83.06897,35.26855],[-83.06933,35.26802],[-83.07091,35.2673],[-83.07277,35.26619],[-83.07378,35.26581],[-83.07426,35.26545]]},"properties":{"net":"NC3026","o":1}},{"type":"Feature","geometry":{"type":"LineString","coordinates":[[-83.06067,35.29902],[-83.06066,35.29999],[-83.06025,35.30167],[-83.06031,35.30263],[-83.0606,35.30363],[-83.06104,35.30452],[-83.06172,35.30522],[-83.06232,35.30623],[-83.06262,35.30657],[-83.06368,35.30725],[-83.06464,35.30819],[-83.06519,35.30842],[-83.06788,35.30866],[-83.06871,35.30915],[-83.07007,35.30963],[-83.07043,35.30954],[-83.07106,35.30912],[-83.07174,35.30899]]},"properties":{"net":"NC3252","o":1}},{"type":"Feature","geometry":{"type":"LineString","coordinates":[[-83.31366,35.55635],[-83.31274,35.55543],[-83.31204,35.55534]]},"properties":{"net":"NC3046","o":5}},{"type":"Feature","geometry":{"type":"LineString","coordinates":[[-83.30932,35.54808],[-83.3085,35.54825]]},"properties":{"net":"NC3046","o":2}},{"type":"Feature","geometry":{"type":"LineString","coordinates":[[-83.31345,35.61556],[-83.31367,35.61513],[-83.31376,35.61433],[-83.31362,35.61368],[-83.31378,35.613],[-83.3144,35.61236],[-83.31478,35.6116],[-83.31529,35.61133],[-83.31567,35.611]]},"properties":{"net":"NC3046","o":2}},{"type":"Feature","geometry":{"type":"LineString","coordinates":[[-83.29628,35.64398],[-83.29504,35.64352],[-83.29425,35.64296],[-83.29276,35.64214],[-83.29198,35.64131],[-83.29161,35.64123],[-83.29126,35.641],[-83.29097,35.64072],[-83.29063,35.64014],[-83.2898,35.6397],[-83.28951,35.63919],[-83.28881,35.6388],[-83.28856,35.63856],[-83.28854,35.63844],[-83.28865,35.6383],[-83.28853,35.63807],[-83.28862,35.63755],[-83.2885,35.63728]]},"properties":{"net":"NC3046","o":1}},{"type":"Feature","geometry":{"type":"LineString","coordinates":[[-83.30987,35.54245],[-83.31001,35.54294],[-83.30972,35.54464],[-83.30938,35.54496],[-83.30901,35.54557],[-83.30818,35.5461],[-83.30724,35.54714]]},"properties":{"net":"NC3046","o":1}},{"type":"Feature","geometry":{"type":"LineString","coordinates":[[-83.30239,35.54408],[-83.30235,35.544]]},"properties":{"net":"NC3046","o":1}},{"type":"Feature","geometry":{"type":"LineString","coordinates":[[-83.31764,35.58858],[-83.31717,35.58786],[-83.31701,35.5873],[-83.31673,35.58695],[-83.31636,35.5852],[-83.31675,35.58461],[-83.31691,35.58402],[-83.31726,35.58372],[-83.31771,35.58253],[-83.31793,35.58223],[-83.31808,35.58152],[-83.31845,35.58094],[-83.31823,35.57951],[-83.31834,35.57886],[-83.31785,35.57849],[-83.31747,35.57844]]},"properties":{"net":"NC3046","o":1}},{"type":"Feature","geometry":{"type":"LineString","coordinates":[[-83.31471,35.5775],[-83.31462,35.5775]]},"properties":{"net":"NC3046","o":2}},{"type":"Feature","geometry":{"type":"LineString","coordinates":[[-83.30954,35.56791],[-83.30956,35.56788]]},"properties":{"net":"NC3046","o":1}},{"type":"Feature","geometry":{"type":"LineString","coordinates":[[-83.30836,35.59075],[-83.30858,35.59054],[-83.30944,35.59021],[-83.30953,35.58993],[-83.30973,35.58979]]},"properties":{"net":"NC3046","o":3}},{"type":"Feature","geometry":{"type":"LineString","coordinates":[[-83.28332,35.51786],[-83.283,35.51844],[-83.28236,35.51899]]},"properties":{"net":"NC3046","o":2}},{"type":"Feature","geometry":{"type":"LineString","coordinates":[[-83.28093,35.51814],[-83.28125,35.51825]]},"properties":{"net":"NC3046","o":6}},{"type":"Feature","geometry":{"type":"LineString","coordinates":[[-83.28077,35.5181],[-83.28093,35.51814]]},"properties":{"net":"NC3046","o":6}},{"type":"Feature","geometry":{"type":"LineString","coordinates":[[-83.27925,35.5018],[-83.27988,35.50145],[-83.2812,35.50099]]},"properties":{"net":"NC3046","o":1}},{"type":"Feature","geometry":{"type":"LineString","coordinates":[[-83.27891,35.5242],[-83.27885,35.5241]]},"properties":{"net":"NC3046","o":1}},{"type":"Feature","geometry":{"type":"LineString","coordinates":[[-83.29619,35.55852],[-83.29615,35.55811],[-83.2964,35.55722],[-83.29636,35.55677],[-83.29654,35.55627]]},"properties":{"net":"NC3046","o":3}},{"type":"Feature","geometry":{"type":"LineString","coordinates":[[-83.29102,35.55781],[-83.29101,35.55742],[-83.29113,35.55703],[-83.29125,35.55693],[-83.29341,35.55686]]},"properties":{"net":"NC3046","o":1}},{"type":"Feature","geometry":{"type":"LineString","coordinates":[[-82.99697,35.16627],[-82.99733,35.16722],[-82.9979,35.16777],[-82.9987,35.16938],[-82.99969,35.1726]]},"properties":{"net":"NC3027","o":1}},{"type":"Feature","geometry":{"type":"LineString","coordinates":[[-82.99488,35.18984],[-82.99499,35.19014],[-82.99533,35.19037],[-82.99559,35.1907],[-82.99556,35.19095],[-82.99508,35.19163],[-82.99486,35.19228],[-82.99331,35.19394],[-82.99331,35.19539],[-82.99221,35.19698]]},"properties":{"net":"NC3027","o":3}},{"type":"Feature","geometry":{"type":"LineString","coordinates":[[-83.00149,35.33692],[-83.00171,35.33662],[-83.00177,35.33631],[-83.00144,35.33537],[-83.00099,35.33465],[-83.00092,35.33412],[-83.00113,35.33353],[-83.0007,35.33286],[-83.00073,35.332],[-83.00046,35.33162]]},"properties":{"net":"NC3252","o":2}},{"type":"Feature","geometry":{"type":"LineString","coordinates":[[-82.92996,35.24405],[-82.93063,35.24426],[-82.93173,35.24416],[-82.93196,35.24423],[-82.93389,35.24564],[-82.93523,35.24575],[-82.93608,35.24641],[-82.93673,35.24734],[-82.93827,35.24849],[-82.93875,35.24915],[-82.93965,35.24946]]},"properties":{"net":"NC3027","o":1}},{"type":"Feature","geometry":{"type":"LineString","coordinates":[[-82.92792,35.25125],[-82.9281,35.2517],[-82.92907,35.2531],[-82.92959,35.25417],[-82.92968,35.25482],[-82.9296,35.25563],[-82.92986,35.25616],[-82.93196,35.25753],[-82.93302,35.25864]]},"properties":{"net":"NC3027","o":1}},{"type":"Feature","geometry":{"type":"LineString","coordinates":[[-83.49388,35.44676],[-83.49516,35.44808],[-83.49572,35.44853]]},"properties":{"net":"out","o":7}},{"type":"Feature","geometry":{"type":"LineString","coordinates":[[-83.46998,35.42705],[-83.47208,35.42803]]},"properties":{"net":"out","o":7}},{"type":"Feature","geometry":{"type":"LineString","coordinates":[[-83.48156,35.4433],[-83.48189,35.44267],[-83.48239,35.44247],[-83.48323,35.44115],[-83.48348,35.44101]]},"properties":{"net":"out","o":4}},{"type":"Feature","geometry":{"type":"LineString","coordinates":[[-83.47073,35.45078],[-83.47071,35.45035]]},"properties":{"net":"out","o":4}},{"type":"Feature","geometry":{"type":"LineString","coordinates":[[-83.43386,35.60692],[-83.43361,35.60672],[-83.43329,35.60669],[-83.43209,35.60662],[-83.4316,35.6068],[-83.43111,35.60672]]},"properties":{"net":"sm642640","o":2}},{"type":"Feature","geometry":{"type":"LineString","coordinates":[[-83.40882,35.42732],[-83.40948,35.42727]]},"properties":{"net":"out","o":7}},{"type":"Feature","geometry":{"type":"LineString","coordinates":[[-83.40785,35.41463],[-83.40794,35.41514],[-83.40819,35.41559],[-83.40877,35.41643],[-83.40929,35.41695]]},"properties":{"net":"NC6241","o":4}},{"type":"Feature","geometry":{"type":"LineString","coordinates":[[-83.41615,35.59911],[-83.41564,35.59968],[-83.41519,35.5999],[-83.41505,35.60011],[-83.41434,35.60046],[-83.41411,35.60092],[-83.41354,35.60148]]},"properties":{"net":"NC3046","o":1}},{"type":"Feature","geometry":{"type":"LineString","coordinates":[[-83.4125,35.59692],[-83.41256,35.59727],[-83.41245,35.59824],[-83.41267,35.59869],[-83.41269,35.59905],[-83.41226,35.59923],[-83.41217,35.59964]]},"properties":{"net":"NC3046","o":1}},{"type":"Feature","geometry":{"type":"LineString","coordinates":[[-83.41217,35.59964],[-83.41081,35.60058],[-83.41041,35.6007],[-83.40978,35.6007],[-83.40897,35.60113]]},"properties":{"net":"NC3046","o":2}},{"type":"Feature","geometry":{"type":"LineString","coordinates":[[-83.40531,35.59919],[-83.40476,35.59986],[-83.40463,35.60024]]},"properties":{"net":"NC3046","o":1}},{"type":"Feature","geometry":{"type":"LineString","coordinates":[[-83.40614,35.60008],[-83.40592,35.59997],[-83.40526,35.60028],[-83.40463,35.60024]]},"properties":{"net":"NC3046","o":3}},{"type":"Feature","geometry":{"type":"LineString","coordinates":[[-83.40673,35.59503],[-83.40584,35.59586],[-83.40567,35.59613],[-83.40526,35.59638],[-83.40466,35.59769],[-83.40392,35.59821],[-83.40351,35.59917],[-83.40287,35.59941],[-83.40194,35.59933],[-83.40162,35.59953]]},"properties":{"net":"NC3046","o":2}},{"type":"Feature","geometry":{"type":"LineString","coordinates":[[-83.39235,35.43506],[-83.39402,35.43474],[-83.39606,35.43448],[-83.39681,35.43427]]},"properties":{"net":"out","o":4}},{"type":"Feature","geometry":{"type":"LineString","coordinates":[[-83.39801,35.44466],[-83.39682,35.44332]]},"properties":{"net":"out","o":7}},{"type":"Feature","geometry":{"type":"LineString","coordinates":[[-83.3925,35.45635],[-83.39222,35.456],[-83.39217,35.45563],[-83.39197,35.45534],[-83.39196,35.45482]]},"properties":{"net":"out","o":4}},{"type":"Feature","geometry":{"type":"LineString","coordinates":[[-83.38965,35.43565],[-83.39069,35.43546]]},"properties":{"net":"out","o":4}},{"type":"Feature","geometry":{"type":"LineString","coordinates":[[-83.50365,35.42975],[-83.50286,35.4303],[-83.50266,35.43059]]},"properties":{"net":"out","o":4}},{"type":"Feature","geometry":{"type":"LineString","coordinates":[[-83.48906,35.43298],[-83.4891,35.43311]]},"properties":{"net":"out","o":7}},{"type":"Feature","geometry":{"type":"LineString","coordinates":[[-83.48882,35.4321],[-83.48906,35.43298]]},"properties":{"net":"out","o":7}},{"type":"Feature","geometry":{"type":"LineString","coordinates":[[-83.50583,35.42596],[-83.50545,35.42642]]},"properties":{"net":"out","o":4}},{"type":"Feature","geometry":{"type":"LineString","coordinates":[[-83.48294,35.41132],[-83.4807,35.41053]]},"properties":{"net":"out","o":4}},{"type":"Feature","geometry":{"type":"LineString","coordinates":[[-83.4253,35.51294],[-83.42516,35.51262],[-83.42532,35.51223],[-83.42585,35.51201],[-83.42671,35.51207],[-83.42793,35.51264],[-83.42846,35.51269],[-83.42868,35.51238],[-83.42884,35.51189],[-83.42867,35.51129],[-83.42816,35.51097],[-83.42744,35.5113],[-83.42716,35.51132],[-83.42698,35.51118],[-83.42692,35.51083],[-83.42712,35.51048],[-83.42744,35.51029],[-83.42948,35.50989]]},"properties":{"net":"out","o":4}},{"type":"Feature","geometry":{"type":"LineString","coordinates":[[-83.45656,35.41795],[-83.45677,35.41842],[-83.45675,35.41881]]},"properties":{"net":"out","o":4}},{"type":"Feature","geometry":{"type":"LineString","coordinates":[[-83.45601,35.41717],[-83.45635,35.41749],[-83.45656,35.41795]]},"properties":{"net":"out","o":4}},{"type":"Feature","geometry":{"type":"LineString","coordinates":[[-83.4554,35.4211],[-83.45551,35.42125]]},"properties":{"net":"out","o":4}},{"type":"Feature","geometry":{"type":"LineString","coordinates":[[-83.44833,35.42754],[-83.44842,35.42751]]},"properties":{"net":"out","o":7}},{"type":"Feature","geometry":{"type":"LineString","coordinates":[[-83.43391,35.43361],[-83.43511,35.43375]]},"properties":{"net":"out","o":7}},{"type":"Feature","geometry":{"type":"LineString","coordinates":[[-83.43347,35.43358],[-83.43365,35.4336]]},"properties":{"net":"out","o":7}},{"type":"Feature","geometry":{"type":"LineString","coordinates":[[-83.4265,35.42055],[-83.42602,35.42124]]},"properties":{"net":"NC6241","o":5}},{"type":"Feature","geometry":{"type":"LineString","coordinates":[[-83.42557,35.43329],[-83.42595,35.43356]]},"properties":{"net":"out","o":7}},{"type":"Feature","geometry":{"type":"LineString","coordinates":[[-83.42735,35.44324],[-83.42743,35.44305]]},"properties":{"net":"out","o":4}},{"type":"Feature","geometry":{"type":"LineString","coordinates":[[-83.43439,35.49271],[-83.43441,35.49253],[-83.43427,35.49223],[-83.43411,35.49208],[-83.43381,35.49202],[-83.43338,35.49221],[-83.43262,35.49303],[-83.43224,35.49317],[-83.43062,35.4929],[-83.42902,35.49248],[-83.4268,35.49275],[-83.42602,35.49273]]},"properties":{"net":"out","o":4}},{"type":"Feature","geometry":{"type":"LineString","coordinates":[[-83.4255,35.48938],[-83.42501,35.48876],[-83.42432,35.48818],[-83.42328,35.48765],[-83.42287,35.48734],[-83.42272,35.48708],[-83.42273,35.48668],[-83.42354,35.48615],[-83.42445,35.4852],[-83.42445,35.485],[-83.42417,35.48472]]},"properties":{"net":"out","o":4}},{"type":"Feature","geometry":{"type":"LineString","coordinates":[[-83.45073,35.41669],[-83.45087,35.41683]]},"properties":{"net":"out","o":4}},{"type":"Feature","geometry":{"type":"LineString","coordinates":[[-83.44842,35.42751],[-83.44991,35.42716],[-83.45096,35.42717],[-83.45162,35.42707]]},"properties":{"net":"out","o":7}},{"type":"Feature","geometry":{"type":"LineString","coordinates":[[-83.42128,35.40562],[-83.42143,35.40585],[-83.42146,35.40612]]},"properties":{"net":"NC6241","o":4}},{"type":"Feature","geometry":{"type":"LineString","coordinates":[[-83.41649,35.39505],[-83.41651,35.39527],[-83.4169,35.39584],[-83.41702,35.39618]]},"properties":{"net":"NC6241","o":4}},{"type":"Feature","geometry":{"type":"LineString","coordinates":[[-83.42163,35.43048],[-83.42175,35.43063],[-83.42242,35.43077]]},"properties":{"net":"out","o":5}},{"type":"Feature","geometry":{"type":"LineString","coordinates":[[-83.42186,35.42878],[-83.42169,35.42918],[-83.42178,35.42982],[-83.42164,35.42992],[-83.42156,35.4302],[-83.42163,35.43048]]},"properties":{"net":"out","o":5}},{"type":"Feature","geometry":{"type":"LineString","coordinates":[[-83.35643,35.60545],[-83.35748,35.60455],[-83.3586,35.60394],[-83.35938,35.60338],[-83.35992,35.60271],[-83.36077,35.60227],[-83.36087,35.60204],[-83.36193,35.60085],[-83.36328,35.59987],[-83.36484,35.59894],[-83.36496,35.59838],[-83.3648,35.59812],[-83.36479,35.59774]]},"properties":{"net":"NC3046","o":1}},{"type":"Feature","geometry":{"type":"LineString","coordinates":[[-83.38589,35.63354],[-83.38505,35.63341],[-83.38399,35.63351],[-83.38201,35.63309],[-83.38039,35.633],[-83.37975,35.63225],[-83.37919,35.63111],[-83.37873,35.63067],[-83.37809,35.63054],[-83.37769,35.63019],[-83.37769,35.62985],[-83.37807,35.62899],[-83.37778,35.62845],[-83.37737,35.6281],[-83.3769,35.62743],[-83.37692,35.62642],[-83.37682,35.62617],[-83.37649,35.6258],[-83.37556,35.62523],[-83.37466,35.62502],[-83.37404,35.62506],[-83.37387,35.62491],[-83.37276,35.6247],[-83.37247,35.62456],[-83.37133,35.62443]]},"properties":{"net":"NC3046","o":1}},{"type":"Feature","geometry":{"type":"LineString","coordinates":[[-83.37426,35.44528],[-83.37491,35.44555]]},"properties":{"net":"NC3046","o":6}},{"type":"Feature","geometry":{"type":"LineString","coordinates":[[-83.37491,35.44555],[-83.37498,35.4456]]},"properties":{"net":"out","o":6}},{"type":"Feature","geometry":{"type":"LineString","coordinates":[[-83.35984,35.45153],[-83.36126,35.45165],[-83.36217,35.45159],[-83.36282,35.45124],[-83.36293,35.45075],[-83.36332,35.45033]]},"properties":{"net":"NC3046","o":2}},{"type":"Feature","geometry":{"type":"LineString","coordinates":[[-83.37628,35.46799],[-83.37601,35.46718],[-83.37554,35.46689],[-83.37533,35.46657],[-83.37513,35.46643]]},"properties":{"net":"sm3080","o":1}},{"type":"Feature","geometry":{"type":"LineString","coordinates":[[-83.37518,35.46991],[-83.37414,35.46971],[-83.37318,35.46903],[-83.37265,35.46904]]},"properties":{"net":"sm3080","o":1}},{"type":"Feature","geometry":{"type":"LineString","coordinates":[[-83.37192,35.46003],[-83.37177,35.4598],[-83.37075,35.45981],[-83.36983,35.45994]]},"properties":{"net":"NC3046","o":1}},{"type":"Feature","geometry":{"type":"LineString","coordinates":[[-83.36939,35.46533],[-83.369,35.46538],[-83.36855,35.46525]]},"properties":{"net":"sm3080","o":3}},{"type":"Feature","geometry":{"type":"LineString","coordinates":[[-83.36826,35.47365],[-83.36805,35.47317]]},"properties":{"net":"sm3080","o":4}},{"type":"Feature","geometry":{"type":"LineString","coordinates":[[-83.36731,35.4829],[-83.36729,35.4826],[-83.36708,35.48221],[-83.36716,35.48199],[-83.36708,35.4817],[-83.36725,35.48133],[-83.36725,35.48082],[-83.36748,35.48047],[-83.36742,35.48008],[-83.36765,35.47972],[-83.36758,35.4793],[-83.36731,35.47884],[-83.36737,35.47829],[-83.36716,35.47791]]},"properties":{"net":"sm3080","o":1}},{"type":"Feature","geometry":{"type":"LineString","coordinates":[[-83.36536,35.4803],[-83.36582,35.47993],[-83.36647,35.47966]]},"properties":{"net":"sm3080","o":1}},{"type":"Feature","geometry":{"type":"LineString","coordinates":[[-83.36317,35.49317],[-83.3626,35.49227]]},"properties":{"net":"NC3046","o":1}},{"type":"Feature","geometry":{"type":"LineString","coordinates":[[-83.36327,35.48688],[-83.36236,35.48666],[-83.36124,35.48588]]},"properties":{"net":"NC3046","o":2}},{"type":"Feature","geometry":{"type":"LineString","coordinates":[[-83.36603,35.54539],[-83.36621,35.54574],[-83.36647,35.54746],[-83.36661,35.54785],[-83.36643,35.54838],[-83.36646,35.54859],[-83.36566,35.55031],[-83.36481,35.55107],[-83.3641,35.55219],[-83.36348,35.55252],[-83.36325,35.55286]]},"properties":{"net":"NC3046","o":1}},{"type":"Feature","geometry":{"type":"LineString","coordinates":[[-83.36249,35.55503],[-83.36211,35.55544],[-83.36222,35.55624],[-83.36211,35.55666],[-83.36165,35.55737],[-83.36153,35.55773],[-83.36103,35.55838],[-83.36046,35.55891],[-83.36007,35.55897],[-83.35983,35.55914],[-83.3595,35.55919],[-83.35863,35.55956],[-83.35759,35.56037],[-83.3556,35.56069],[-83.35458,35.56103],[-83.35438,35.56126],[-83.35407,35.5613]]},"properties":{"net":"NC3046","o":2}},{"type":"Feature","geometry":{"type":"LineString","coordinates":[[-83.38056,35.5685],[-83.3791,35.5688],[-83.37844,35.56912],[-83.37759,35.56933],[-83.37659,35.56937],[-83.37544,35.56959],[-83.37374,35.57027],[-83.37345,35.57059],[-83.37306,35.57147],[-83.37201,35.57228],[-83.37168,35.57273],[-83.37134,35.57368],[-83.37137,35.57423],[-83.37109,35.57542]]},"properties":{"net":"sm642639","o":1}},{"type":"Feature","geometry":{"type":"LineString","coordinates":[[-83.37487,35.5751],[-83.37362,35.57488],[-83.37109,35.57542]]},"properties":{"net":"sm642639","o":2}},{"type":"Feature","geometry":{"type":"LineString","coordinates":[[-83.37109,35.57542],[-83.37093,35.57565],[-83.37096,35.57595],[-83.37082,35.57648]]},"properties":{"net":"sm642639","o":2}},{"type":"Feature","geometry":{"type":"LineString","coordinates":[[-83.36853,35.58053],[-83.36796,35.58106]]},"properties":{"net":"sm642639","o":2}},{"type":"Feature","geometry":{"type":"LineString","coordinates":[[-83.37086,35.58117],[-83.37009,35.58124],[-83.36836,35.58101],[-83.36796,35.58106]]},"properties":{"net":"sm642639","o":2}},{"type":"Feature","geometry":{"type":"LineString","coordinates":[[-83.36318,35.57587],[-83.36383,35.57635],[-83.36542,35.57797],[-83.36792,35.5789],[-83.36874,35.57936],[-83.36887,35.57958],[-83.36847,35.58025],[-83.36853,35.58053]]},"properties":{"net":"sm642639","o":1}},{"type":"Feature","geometry":{"type":"LineString","coordinates":[[-83.37363,35.56242],[-83.37237,35.56236],[-83.3719,35.56221],[-83.37083,35.56211],[-83.37035,35.56186],[-83.36973,35.56194],[-83.36892,35.56188],[-83.36763,35.56138],[-83.36595,35.56125],[-83.36498,35.56128],[-83.36374,35.56101],[-83.36326,35.56118],[-83.36228,35.56129],[-83.36171,35.56171],[-83.36098,35.56206],[-83.35997,35.56316],[-83.35966,35.56336]]},"properties":{"net":"NC3046","o":1}},{"type":"Feature","geometry":{"type":"LineString","coordinates":[[-83.38132,35.59341],[-83.38059,35.59321],[-83.37946,35.59348],[-83.37906,35.59349],[-83.37867,35.59336],[-83.37818,35.59299]]},"properties":{"net":"NC3046","o":3}},{"type":"Feature","geometry":{"type":"LineString","coordinates":[[-83.37022,35.59471],[-83.3699,35.5941],[-83.36993,35.59382],[-83.36983,35.59362],[-83.36993,35.59286],[-83.36982,35.59237],[-83.36985,35.59177],[-83.37014,35.59138],[-83.37027,35.59091]]},"properties":{"net":"NC3046","o":1}},{"type":"Feature","geometry":{"type":"LineString","coordinates":[[-83.36711,35.60157],[-83.36715,35.60135]]},"properties":{"net":"NC3046","o":3}},{"type":"Feature","geometry":{"type":"LineString","coordinates":[[-83.36479,35.59774],[-83.3646,35.59755],[-83.36475,35.59734],[-83.36482,35.59698],[-83.36468,35.59628]]},"properties":{"net":"NC3046","o":3}},{"type":"Feature","geometry":{"type":"LineString","coordinates":[[-83.37027,35.59091],[-83.36981,35.58992],[-83.36933,35.58946],[-83.369,35.58943],[-83.36786,35.58997],[-83.36736,35.58995],[-83.36697,35.5896],[-83.3668,35.58915],[-83.36666,35.58908],[-83.36637,35.58905],[-83.3658,35.58926],[-83.36531,35.58927],[-83.36461,35.58901],[-83.36425,35.58898],[-83.36361,35.58863],[-83.36295,35.58868],[-83.3627,35.58842],[-83.3628,35.588],[-83.36267,35.58781]]},"properties":{"net":"NC3046","o":3}},{"type":"Feature","geometry":{"type":"LineString","coordinates":[[-83.37685,35.60633],[-83.37601,35.60622],[-83.37525,35.60624],[-83.37445,35.60672],[-83.37284,35.607],[-83.37217,35.60762],[-83.37161,35.60791],[-83.37128,35.608],[-83.37091,35.60792]]},"properties":{"net":"NC3046","o":1}},{"type":"Feature","geometry":{"type":"LineString","coordinates":[[-83.36723,35.61773],[-83.36712,35.6173],[-83.36686,35.61713],[-83.36676,35.61619]]},"properties":{"net":"NC3046","o":3}},{"type":"Feature","geometry":{"type":"LineString","coordinates":[[-83.36465,35.61652],[-83.36557,35.61663]]},"properties":{"net":"NC3046","o":1}},{"type":"Feature","geometry":{"type":"LineString","coordinates":[[-83.3631,35.61553],[-83.36449,35.61535],[-83.367,35.6152]]},"properties":{"net":"NC3046","o":1}},{"type":"Feature","geometry":{"type":"LineString","coordinates":[[-83.37467,35.63256],[-83.3735,35.63296],[-83.37155,35.63322]]},"properties":{"net":"NC3046","o":1}},{"type":"Feature","geometry":{"type":"LineString","coordinates":[[-83.36276,35.63569],[-83.3624,35.63627],[-83.36183,35.63656],[-83.36133,35.63698],[-83.36004,35.63757],[-83.3596,35.63794],[-83.35823,35.63796],[-83.35755,35.63818],[-83.35684,35.63826],[-83.35593,35.63808],[-83.35535,35.63831],[-83.35474,35.63878],[-83.35488,35.63937]]},"properties":{"net":"NC3046","o":1}},{"type":"Feature","geometry":{"type":"LineString","coordinates":[[-83.39983,35.60109],[-83.39966,35.60016],[-83.3991,35.59932],[-83.39882,35.59909],[-83.39815,35.59882],[-83.39788,35.59831],[-83.39726,35.5979],[-83.39675,35.59739],[-83.396,35.59711],[-83.39543,35.59713]]},"properties":{"net":"NC3046","o":2}},{"type":"Feature","geometry":{"type":"LineString","coordinates":[[-83.38976,35.62048],[-83.3872,35.62029],[-83.38618,35.61992],[-83.38562,35.61884],[-83.38433,35.61839],[-83.38365,35.61777],[-83.3825,35.61712],[-83.38149,35.61695]]},"properties":{"net":"NC3046","o":1}},{"type":"Feature","geometry":{"type":"LineString","coordinates":[[-83.36368,35.40932],[-83.36387,35.40948],[-83.36478,35.41111],[-83.36562,35.41127],[-83.36584,35.41141],[-83.36686,35.41267],[-83.36786,35.41315],[-83.36819,35.41349],[-83.36834,35.41374],[-83.3681,35.41464],[-83.36815,35.41486]]},"properties":{"net":"out","o":4}},{"type":"Feature","geometry":{"type":"LineString","coordinates":[[-83.36955,35.4237],[-83.36884,35.42546]]},"properties":{"net":"out","o":4}},{"type":"Feature","geometry":{"type":"LineString","coordinates":[[-83.36884,35.42546],[-83.36694,35.42792],[-83.3666,35.42875],[-83.36558,35.43012],[-83.36531,35.43037],[-83.36495,35.43053],[-83.36426,35.43117]]},"properties":{"net":"out","o":4}},{"type":"Feature","geometry":{"type":"LineString","coordinates":[[-83.36426,35.43117],[-83.36397,35.43135],[-83.36369,35.43178],[-83.36332,35.43201],[-83.36279,35.4321],[-83.36119,35.43203]]},"properties":{"net":"out","o":4}},{"type":"Feature","geometry":{"type":"LineString","coordinates":[[-83.37335,35.44438],[-83.37357,35.44448]]},"properties":{"net":"NC3046","o":1}},{"type":"Feature","geometry":{"type":"LineString","coordinates":[[-83.36757,35.44569],[-83.36883,35.44563]]},"properties":{"net":"NC3046","o":6}},{"type":"Feature","geometry":{"type":"LineString","coordinates":[[-83.36643,35.44605],[-83.3668,35.44579],[-83.36757,35.44569]]},"properties":{"net":"NC3046","o":6}},{"type":"Feature","geometry":{"type":"LineString","coordinates":[[-83.36665,35.44836],[-83.36638,35.44755],[-83.36619,35.44736]]},"properties":{"net":"NC3046","o":6}},{"type":"Feature","geometry":{"type":"LineString","coordinates":[[-83.36442,35.44547],[-83.36566,35.44551],[-83.36623,35.44572]]},"properties":{"net":"NC3046","o":2}},{"type":"Feature","geometry":{"type":"LineString","coordinates":[[-83.36566,35.454],[-83.36465,35.4532],[-83.36435,35.45266],[-83.3644,35.45249]]},"properties":{"net":"NC3046","o":6}},{"type":"Feature","geometry":{"type":"LineString","coordinates":[[-83.36126,35.44391],[-83.36228,35.44409],[-83.36292,35.4444],[-83.36395,35.44459],[-83.36414,35.44476],[-83.36442,35.44547]]},"properties":{"net":"NC3046","o":1}},{"type":"Feature","geometry":{"type":"LineString","coordinates":[[-83.3612,35.45309],[-83.36214,35.45444],[-83.36204,35.4551],[-83.36193,35.45528],[-83.36194,35.45613],[-83.36164,35.4563]]},"properties":{"net":"NC3046","o":1}},{"type":"Feature","geometry":{"type":"LineString","coordinates":[[-83.36696,35.47459],[-83.36732,35.47427],[-83.36796,35.47398],[-83.36826,35.47365]]},"properties":{"net":"sm3080","o":3}},{"type":"Feature","geometry":{"type":"LineString","coordinates":[[-83.36612,35.45815],[-83.36696,35.45827],[-83.36802,35.45826]]},"properties":{"net":"NC3046","o":6}},{"type":"Feature","geometry":{"type":"LineString","coordinates":[[-83.36553,35.45904],[-83.36582,35.4589],[-83.36605,35.45833]]},"properties":{"net":"NC3046","o":2}},{"type":"Feature","geometry":{"type":"LineString","coordinates":[[-83.36195,35.45708],[-83.36219,35.45698]]},"properties":{"net":"NC3046","o":6}},{"type":"Feature","geometry":{"type":"LineString","coordinates":[[-83.58126,35.44256],[-83.58106,35.44131],[-83.58109,35.44056]]},"properties":{"net":"out","o":7}},{"type":"Feature","geometry":{"type":"LineString","coordinates":[[-83.5645,35.43926],[-83.56652,35.44087]]},"properties":{"net":"out","o":7}},{"type":"Feature","geometry":{"type":"LineString","coordinates":[[-83.56281,35.46626],[-83.56258,35.46546]]},"properties":{"net":"out","o":4}},{"type":"Feature","geometry":{"type":"LineString","coordinates":[[-83.56258,35.46546],[-83.56213,35.4641],[-83.56214,35.46365],[-83.56236,35.46286]]},"properties":{"net":"out","o":4}},{"type":"Feature","geometry":{"type":"LineString","coordinates":[[-83.56659,35.48824],[-83.56671,35.48766],[-83.56665,35.4873],[-83.56605,35.48616],[-83.56493,35.485],[-83.56374,35.48465],[-83.56344,35.48434],[-83.56339,35.48412]]},"properties":{"net":"out","o":4}},{"type":"Feature","geometry":{"type":"LineString","coordinates":[[-83.53159,35.43782],[-83.53249,35.43828],[-83.5334,35.43908],[-83.53379,35.44006],[-83.53501,35.44242],[-83.53551,35.44306]]},"properties":{"net":"out","o":7}},{"type":"Feature","geometry":{"type":"LineString","coordinates":[[-83.52301,35.43686],[-83.52341,35.4369],[-83.52371,35.43706]]},"properties":{"net":"out","o":4}},{"type":"Feature","geometry":{"type":"LineString","coordinates":[[-83.51105,35.44337],[-83.51093,35.44283]]},"properties":{"net":"out","o":7}},{"type":"Feature","geometry":{"type":"LineString","coordinates":[[-83.52242,35.46459],[-83.52241,35.46428],[-83.52255,35.46417],[-83.52309,35.46391],[-83.52347,35.46392]]},"properties":{"net":"out","o":4}},{"type":"Feature","geometry":{"type":"LineString","coordinates":[[-83.51873,35.4697],[-83.51875,35.46962]]},"properties":{"net":"out","o":4}},{"type":"Feature","geometry":{"type":"LineString","coordinates":[[-83.44951,35.40928],[-83.44952,35.40977],[-83.44972,35.40993],[-83.44997,35.41038],[-83.45056,35.4105],[-83.45079,35.41064],[-83.45156,35.41155],[-83.45166,35.41193],[-83.45329,35.41273],[-83.4537,35.41302],[-83.45377,35.41333],[-83.45429,35.41382],[-83.45488,35.41417],[-83.45535,35.41432]]},"properties":{"net":"out","o":4}},{"type":"Feature","geometry":{"type":"LineString","coordinates":[[-83.46603,35.40707],[-83.4646,35.40801]]},"properties":{"net":"out","o":4}},{"type":"Feature","geometry":{"type":"LineString","coordinates":[[-83.4646,35.40801],[-83.46414,35.40835],[-83.46382,35.4088]]},"properties":{"net":"out","o":4}},{"type":"Feature","geometry":{"type":"LineString","coordinates":[[-83.46329,35.40974],[-83.46369,35.40989],[-83.46352,35.41083]]},"properties":{"net":"out","o":4}},{"type":"Feature","geometry":{"type":"LineString","coordinates":[[-83.46658,35.4155],[-83.46616,35.41573],[-83.46547,35.41661],[-83.46553,35.41684],[-83.4659,35.41737],[-83.46599,35.41766],[-83.46595,35.41803],[-83.46621,35.41839]]},"properties":{"net":"out","o":4}},{"type":"Feature","geometry":{"type":"LineString","coordinates":[[-83.39146,35.45822],[-83.39164,35.45804],[-83.39168,35.45758],[-83.39219,35.45687],[-83.3925,35.45659],[-83.3925,35.45635]]},"properties":{"net":"out","o":4}},{"type":"Feature","geometry":{"type":"LineString","coordinates":[[-83.38721,35.47231],[-83.38742,35.47191],[-83.38734,35.47119],[-83.38698,35.47061],[-83.38635,35.47001],[-83.3861,35.46932]]},"properties":{"net":"out","o":4}},{"type":"Feature","geometry":{"type":"LineString","coordinates":[[-82.93436,35.23755],[-82.9345,35.237],[-82.93501,35.23598],[-82.93501,35.23562],[-82.93461,35.23517],[-82.93461,35.2349],[-82.93487,35.23411],[-82.93521,35.2338],[-82.93535,35.23339],[-82.93613,35.23273],[-82.93584,35.23162],[-82.93596,35.23112],[-82.93697,35.22982],[-82.93705,35.22892],[-82.93734,35.22879],[-82.93735,35.2284],[-82.93827,35.22717],[-82.93896,35.22684],[-82.94105,35.2264],[-82.94199,35.2263],[-82.94257,35.22657],[-82.94326,35.22726],[-82.94409,35.22744],[-82.94448,35.22743],[-82.94507,35.2272],[-82.94592,35.22639],[-82.94699,35.22662],[-82.94823,35.22644],[-82.94861,35.22593],[-82.94866,35.22531],[-82.94883,35.22508],[-82.9504,35.22503],[-82.95197,35.22426],[-82.9529,35.22399],[-82.95325,35.22363],[-82.9539,35.22342],[-82.95412,35.22325],[-82.95513,35.22187],[-82.9558,35.22132],[-82.95666,35.22085],[-82.95797,35.2199],[-82.95923,35.21991],[-82.9598,35.22034],[-82.96037,35.22042],[-82.96166,35.22023],[-82.96308,35.21962],[-82.964,35.2187],[-82.96377,35.21837],[-82.96379,35.21824],[-82.96405,35.21769],[-82.96454,35.21725],[-82.966,35.21742],[-82.96722,35.21644],[-82.96731,35.21487],[-82.96749,35.21395],[-82.96902,35.21307],[-82.96966,35.21293]]},"properties":{"net":"NC3027","o":1}},{"type":"Feature","geometry":{"type":"LineString","coordinates":[[-83.26794,35.24402],[-83.26911,35.24556],[-83.26997,35.24643],[-83.27026,35.24688]]},"properties":{"net":"sm2654","o":2}},{"type":"Feature","geometry":{"type":"LineString","coordinates":[[-83.26606,35.29398],[-83.2653,35.29479],[-83.26429,35.29518],[-83.26417,35.2958],[-83.26368,35.2964],[-83.26378,35.29686],[-83.26368,35.29715],[-83.2634,35.29744],[-83.2632,35.29787],[-83.26258,35.2981]]},"properties":{"net":"NC6252","o":4}},{"type":"Feature","geometry":{"type":"LineString","coordinates":[[-83.25848,35.30883],[-83.2592,35.30988]]},"properties":{"net":"NC6252","o":4}},{"type":"Feature","geometry":{"type":"LineString","coordinates":[[-83.26179,35.32361],[-83.2618,35.324],[-83.26146,35.32492],[-83.26138,35.32652],[-83.26156,35.32707],[-83.2625,35.32889]]},"properties":{"net":"NC6252","o":4}},{"type":"Feature","geometry":{"type":"LineString","coordinates":[[-83.26117,35.31647],[-83.26092,35.31697],[-83.26115,35.3175],[-83.26111,35.31798]]},"properties":{"net":"NC6252","o":4}},{"type":"Feature","geometry":{"type":"LineString","coordinates":[[-83.26027,35.31199],[-83.26001,35.31265],[-83.25995,35.31372],[-83.26012,35.31405],[-83.2605,35.31441],[-83.26074,35.31499],[-83.2611,35.31553],[-83.26117,35.31647]]},"properties":{"net":"NC6252","o":4}},{"type":"Feature","geometry":{"type":"LineString","coordinates":[[-83.07223,35.24145],[-83.07244,35.24136]]},"properties":{"net":"NC3028","o":4}},{"type":"Feature","geometry":{"type":"LineString","coordinates":[[-83.07244,35.24136],[-83.07353,35.24057],[-83.07403,35.24043]]},"properties":{"net":"NC3026","o":4}},{"type":"Feature","geometry":{"type":"LineString","coordinates":[[-83.0707,35.25465],[-83.07215,35.2553],[-83.07375,35.25558],[-83.07584,35.25636],[-83.07646,35.25646],[-83.07774,35.25645],[-83.07817,35.25693],[-83.0789,35.25703]]},"properties":{"net":"NC3026","o":1}},{"type":"Feature","geometry":{"type":"LineString","coordinates":[[-83.0666,35.26006],[-83.06765,35.25948],[-83.06812,35.25935],[-83.06934,35.2596],[-83.0701,35.2594],[-83.07081,35.25933],[-83.07123,35.25956],[-83.07148,35.25958],[-83.07193,35.25941],[-83.07246,35.25895],[-83.07287,35.25883],[-83.07378,35.25887],[-83.07468,35.25921]]},"properties":{"net":"NC3026","o":1}},{"type":"Feature","geometry":{"type":"LineString","coordinates":[[-83.21552,35.37463],[-83.2162,35.37436],[-83.21652,35.37387],[-83.21759,35.37352],[-83.21796,35.37353],[-83.21845,35.37378]]},"properties":{"net":"out","o":5}},{"type":"Feature","geometry":{"type":"LineString","coordinates":[[-83.21395,35.38424],[-83.21439,35.38274],[-83.21452,35.38174],[-83.21493,35.38023],[-83.21553,35.37922],[-83.21603,35.37785],[-83.21607,35.37695],[-83.21576,35.37595]]},"properties":{"net":"out","o":5}},{"type":"Feature","geometry":{"type":"LineString","coordinates":[[-83.18337,35.51936],[-83.18467,35.52039]]},"properties":{"net":"NC3046","o":1}},{"type":"Feature","geometry":{"type":"LineString","coordinates":[[-83.18305,35.52046],[-83.18409,35.52034],[-83.18467,35.52039]]},"properties":{"net":"NC3046","o":1}},{"type":"Feature","geometry":{"type":"LineString","coordinates":[[-83.14193,35.4049],[-83.14291,35.40445],[-83.14359,35.40337],[-83.14399,35.4031],[-83.14431,35.40267],[-83.14491,35.4025],[-83.14608,35.40284],[-83.14635,35.40318],[-83.14631,35.40382],[-83.14599,35.40448],[-83.14538,35.40526],[-83.14525,35.4057],[-83.14564,35.40596],[-83.14712,35.40621],[-83.1478,35.40647],[-83.14819,35.40683],[-83.14899,35.40807]]},"properties":{"net":"out","o":4}},{"type":"Feature","geometry":{"type":"LineString","coordinates":[[-83.1299,35.16186],[-83.13274,35.16384],[-83.13302,35.16392],[-83.13525,35.16561],[-83.1353,35.1666],[-83.1357,35.1669],[-83.13579,35.16861],[-83.13727,35.16964],[-83.1381,35.16984],[-83.13871,35.16986],[-83.13882,35.16995],[-83.14003,35.16991],[-83.14089,35.17056]]},"properties":{"net":"NC3036","o":4}},{"type":"Feature","geometry":{"type":"LineString","coordinates":[[-83.13611,35.28154],[-83.13628,35.28164]]},"properties":{"net":"NC3252","o":1}},{"type":"Feature","geometry":{"type":"LineString","coordinates":[[-83.1483,35.29946],[-83.14853,35.29963],[-83.14919,35.29979],[-83.14948,35.3],[-83.14966,35.30036],[-83.15001,35.30062],[-83.15046,35.30083],[-83.15075,35.30085]]},"properties":{"net":"NC3252","o":5}},{"type":"Feature","geometry":{"type":"LineString","coordinates":[[-83.14773,35.31054],[-83.14775,35.31039],[-83.14828,35.30997],[-83.1484,35.30897],[-83.14836,35.30821],[-83.14814,35.30718],[-83.14817,35.30555],[-83.14791,35.30479],[-83.14795,35.30348],[-83.14761,35.30322],[-83.14645,35.30317],[-83.14544,35.30276],[-83.14492,35.30237],[-83.14445,35.30166],[-83.14419,35.30095],[-83.14373,35.30051],[-83.14328,35.29989],[-83.14317,35.29947],[-83.14359,35.29885],[-83.14366,35.2976],[-83.14384,35.29735],[-83.14411,35.29732],[-83.14469,35.29751],[-83.14519,35.29756],[-83.14691,35.29706]]},"properties":{"net":"NC3252","o":4}},{"type":"Feature","geometry":{"type":"LineString","coordinates":[[-83.14599,35.31029],[-83.14716,35.31086],[-83.14763,35.31099],[-83.14778,35.31085],[-83.14773,35.31054]]},"properties":{"net":"NC3252","o":4}},{"type":"Feature","geometry":{"type":"LineString","coordinates":[[-83.06888,35.27816],[-83.07076,35.27987],[-83.07189,35.28151],[-83.07192,35.28286],[-83.07201,35.2831],[-83.07233,35.28347]]},"properties":{"net":"NC3252","o":1}},{"type":"Feature","geometry":{"type":"LineString","coordinates":[[-83.12851,35.25742],[-83.12768,35.25974]]},"properties":{"net":"NC3252","o":4}},{"type":"Feature","geometry":{"type":"LineString","coordinates":[[-83.11593,35.25147],[-83.11658,35.25182],[-83.11773,35.25205],[-83.11807,35.2523],[-83.11871,35.25313],[-83.11949,35.25357],[-83.12158,35.25319],[-83.1226,35.25324],[-83.12356,35.25315],[-83.12419,35.25292],[-83.1248,35.2524],[-83.1255,35.25216],[-83.12623,35.25256],[-83.12766,35.25276],[-83.12827,35.25315],[-83.1291,35.2535],[-83.12932,35.25381],[-83.1296,35.25482]]},"properties":{"net":"NC3252","o":1}},{"type":"Feature","geometry":{"type":"LineString","coordinates":[[-83.12878,35.36386],[-83.12876,35.36339],[-83.12922,35.36244],[-83.12928,35.36214],[-83.12891,35.36122],[-83.12818,35.36015],[-83.12783,35.3592]]},"properties":{"net":"NC3252","o":1}},{"type":"Feature","geometry":{"type":"LineString","coordinates":[[-83.06571,35.28584],[-83.06644,35.28599],[-83.06734,35.28555],[-83.06856,35.28551],[-83.06893,35.28532],[-83.0695,35.28469],[-83.07046,35.28405],[-83.07233,35.28347]]},"properties":{"net":"NC3252","o":2}},{"type":"Feature","geometry":{"type":"LineString","coordinates":[[-83.06605,35.29955],[-83.06666,35.29979],[-83.06735,35.30044],[-83.06792,35.30077],[-83.06843,35.3009],[-83.06901,35.30087],[-83.07127,35.30119],[-83.07164,35.30137],[-83.0724,35.30197],[-83.07376,35.30338],[-83.07396,35.30386],[-83.07454,35.30429],[-83.07521,35.30516],[-83.07564,35.30622],[-83.07546,35.30754],[-83.07551,35.30796],[-83.07635,35.30841],[-83.07725,35.30924]]},"properties":{"net":"NC3252","o":1}},{"type":"Feature","geometry":{"type":"LineString","coordinates":[[-83.09097,35.24459],[-83.08981,35.245],[-83.0894,35.24524]]},"properties":{"net":"NC3026","o":2}},{"type":"Feature","geometry":{"type":"LineString","coordinates":[[-83.09954,35.25275],[-83.09983,35.25206],[-83.10052,35.25128],[-83.10105,35.25114],[-83.1019,35.25123],[-83.1025,35.25165],[-83.10295,35.25224],[-83.10305,35.25278],[-83.1029,35.25365],[-83.10386,35.25407],[-83.1047,35.25421]]},"properties":{"net":"NC3252","o":4}},{"type":"Feature","geometry":{"type":"LineString","coordinates":[[-83.34874,35.46537],[-83.34926,35.46589],[-83.34983,35.46612],[-83.35076,35.46617],[-83.35166,35.46607],[-83.35196,35.46587],[-83.35207,35.46563]]},"properties":{"net":"NC3046","o":1}},{"type":"Feature","geometry":{"type":"LineString","coordinates":[[-83.34721,35.47935],[-83.34752,35.47918],[-83.34791,35.47798],[-83.34846,35.47727],[-83.34835,35.47528]]},"properties":{"net":"NC3046","o":1}},{"type":"Feature","geometry":{"type":"LineString","coordinates":[[-83.34711,35.47111],[-83.34829,35.4701]]},"properties":{"net":"NC3046","o":6}},{"type":"Feature","geometry":{"type":"LineString","coordinates":[[-83.34671,35.46745],[-83.34711,35.46755],[-83.34742,35.46824],[-83.34766,35.46832]]},"properties":{"net":"NC3046","o":1}},{"type":"Feature","geometry":{"type":"LineString","coordinates":[[-83.35521,35.45185],[-83.35491,35.45226],[-83.35415,35.45269]]},"properties":{"net":"NC3046","o":2}},{"type":"Feature","geometry":{"type":"LineString","coordinates":[[-83.35377,35.45527],[-83.35423,35.45534],[-83.35437,35.45554],[-83.35454,35.4556],[-83.3546,35.4559],[-83.35484,35.45608],[-83.35479,35.45635],[-83.35509,35.45658],[-83.35567,35.45668],[-83.35622,35.45702]]},"properties":{"net":"NC3046","o":3}},{"type":"Feature","geometry":{"type":"LineString","coordinates":[[-83.35164,35.45196],[-83.35275,35.45205]]},"properties":{"net":"NC3046","o":2}},{"type":"Feature","geometry":{"type":"LineString","coordinates":[[-83.34766,35.45255],[-83.34859,35.45171],[-83.34946,35.45129],[-83.35004,35.45121]]},"properties":{"net":"NC3046","o":1}},{"type":"Feature","geometry":{"type":"LineString","coordinates":[[-83.34582,35.4588],[-83.34669,35.45764],[-83.34686,35.45715],[-83.34756,35.45672],[-83.34786,35.45639],[-83.34798,35.45571],[-83.34824,35.45524]]},"properties":{"net":"NC3046","o":1}},{"type":"Feature","geometry":{"type":"LineString","coordinates":[[-83.34409,35.45389],[-83.3446,35.45393],[-83.34552,35.45419],[-83.34641,35.45495]]},"properties":{"net":"NC3046","o":3}},{"type":"Feature","geometry":{"type":"LineString","coordinates":[[-83.3588,35.45802],[-83.35943,35.45778],[-83.36078,35.45755],[-83.36157,35.45729]]},"properties":{"net":"NC3046","o":6}},{"type":"Feature","geometry":{"type":"LineString","coordinates":[[-83.3585,35.47039],[-83.35824,35.4707],[-83.3579,35.47074]]},"properties":{"net":"NC3046","o":1}},{"type":"Feature","geometry":{"type":"LineString","coordinates":[[-83.35775,35.4584],[-83.35792,35.45853]]},"properties":{"net":"NC3046","o":3}},{"type":"Feature","geometry":{"type":"LineString","coordinates":[[-83.35121,35.46247],[-83.35167,35.46265]]},"properties":{"net":"NC3046","o":1}},{"type":"Feature","geometry":{"type":"LineString","coordinates":[[-83.3492,35.46393],[-83.34983,35.46384],[-83.35109,35.46388]]},"properties":{"net":"NC3046","o":1}},{"type":"Feature","geometry":{"type":"LineString","coordinates":[[-83.3462,35.46907],[-83.34663,35.46937],[-83.34671,35.46962],[-83.34762,35.47005]]},"properties":{"net":"NC3046","o":1}},{"type":"Feature","geometry":{"type":"LineString","coordinates":[[-83.34619,35.47857],[-83.34624,35.47787],[-83.34651,35.47771],[-83.34708,35.47703],[-83.3479,35.47555],[-83.34835,35.47528]]},"properties":{"net":"NC3046","o":1}},{"type":"Feature","geometry":{"type":"LineString","coordinates":[[-83.34423,35.47342],[-83.34438,35.47327]]},"properties":{"net":"NC3046","o":1}},{"type":"Feature","geometry":{"type":"LineString","coordinates":[[-83.35728,35.48347],[-83.35638,35.48303]]},"properties":{"net":"NC3046","o":3}},{"type":"Feature","geometry":{"type":"LineString","coordinates":[[-83.35532,35.48173],[-83.35533,35.48158],[-83.35593,35.48106]]},"properties":{"net":"NC3046","o":4}},{"type":"Feature","geometry":{"type":"LineString","coordinates":[[-83.35437,35.48431],[-83.3542,35.48384],[-83.35422,35.48345],[-83.3544,35.483],[-83.35485,35.48259],[-83.35482,35.48234],[-83.35532,35.48173]]},"properties":{"net":"NC3046","o":3}},{"type":"Feature","geometry":{"type":"LineString","coordinates":[[-83.32671,35.48969],[-83.32652,35.48952],[-83.32584,35.48932],[-83.32506,35.48944],[-83.32424,35.48899]]},"properties":{"net":"NC3046","o":2}},{"type":"Feature","geometry":{"type":"LineString","coordinates":[[-83.32435,35.49788],[-83.32357,35.49717],[-83.32315,35.49646]]},"properties":{"net":"NC3046","o":3}},{"type":"Feature","geometry":{"type":"LineString","coordinates":[[-83.3256,35.48337],[-83.32525,35.48308],[-83.3245,35.48269],[-83.3243,35.48221],[-83.32402,35.48185],[-83.32341,35.48162],[-83.32253,35.48082],[-83.32163,35.48044],[-83.31985,35.47994]]},"properties":{"net":"NC3046","o":2}},{"type":"Feature","geometry":{"type":"LineString","coordinates":[[-83.32641,35.53243],[-83.32461,35.53174],[-83.32329,35.53103],[-83.32266,35.53095],[-83.32216,35.53072],[-83.32189,35.53022],[-83.321,35.52972],[-83.32087,35.52928],[-83.32104,35.52887],[-83.32111,35.52755],[-83.32096,35.5269],[-83.31905,35.52614],[-83.31857,35.52583],[-83.31728,35.52545],[-83.31639,35.52437],[-83.3163,35.52409],[-83.31611,35.52403],[-83.31568,35.52343],[-83.31544,35.52333],[-83.31534,35.523],[-83.31504,35.52308],[-83.31468,35.52292],[-83.31444,35.52253],[-83.31438,35.52213],[-83.31382,35.52129],[-83.3134,35.52096],[-83.31318,35.52052],[-83.31278,35.52058],[-83.31193,35.52048],[-83.3114,35.52063],[-83.31066,35.52024],[-83.30982,35.52016]]},"properties":{"net":"NC3046","o":1}},{"type":"Feature","geometry":{"type":"LineString","coordinates":[[-83.32641,35.56094],[-83.32638,35.56097]]},"properties":{"net":"NC3046","o":1}},{"type":"Feature","geometry":{"type":"LineString","coordinates":[[-83.32202,35.58143],[-83.32187,35.58114],[-83.32186,35.58063],[-83.32136,35.57972],[-83.32133,35.57941],[-83.32107,35.57897],[-83.32079,35.57881]]},"properties":{"net":"NC3046","o":3}},{"type":"Feature","geometry":{"type":"LineString","coordinates":[[-83.33563,35.50371],[-83.33525,35.50329],[-83.33367,35.50268],[-83.33329,35.5021],[-83.33271,35.50162],[-83.33234,35.5011],[-83.33171,35.50065]]},"properties":{"net":"NC3046","o":1}},{"type":"Feature","geometry":{"type":"LineString","coordinates":[[-83.32628,35.49919],[-83.32536,35.49881]]},"properties":{"net":"NC3046","o":3}},{"type":"Feature","geometry":{"type":"LineString","coordinates":[[-83.32424,35.50495],[-83.3236,35.50437],[-83.32229,35.50374],[-83.32191,35.50325]]},"properties":{"net":"NC3046","o":1}},{"type":"Feature","geometry":{"type":"LineString","coordinates":[[-83.3215,35.5032],[-83.32099,35.50308],[-83.32045,35.50273],[-83.31968,35.5019],[-83.31958,35.50149]]},"properties":{"net":"NC3046","o":2}},{"type":"Feature","geometry":{"type":"LineString","coordinates":[[-83.32319,35.53803],[-83.32246,35.53773],[-83.32177,35.5379],[-83.32002,35.5379],[-83.31942,35.53805]]},"properties":{"net":"NC3046","o":3}},{"type":"Feature","geometry":{"type":"LineString","coordinates":[[-83.32734,35.55231],[-83.32717,35.55254],[-83.32615,35.55311],[-83.32557,35.55326]]},"properties":{"net":"NC3046","o":2}},{"type":"Feature","geometry":{"type":"LineString","coordinates":[[-83.32294,35.55086],[-83.32252,35.55115],[-83.32213,35.5517],[-83.32115,35.55218],[-83.32091,35.55242]]},"properties":{"net":"NC3046","o":1}},{"type":"Feature","geometry":{"type":"LineString","coordinates":[[-83.32043,35.5537],[-83.31987,35.55411],[-83.31962,35.5542],[-83.31932,35.55416]]},"properties":{"net":"NC3046","o":3}},{"type":"Feature","geometry":{"type":"LineString","coordinates":[[-83.33609,35.56941],[-83.33557,35.56921],[-83.3351,35.56886],[-83.33437,35.5678],[-83.33412,35.56763],[-83.33374,35.56683],[-83.33312,35.56601]]},"properties":{"net":"NC3046","o":4}},{"type":"Feature","geometry":{"type":"LineString","coordinates":[[-83.33358,35.56187],[-83.33269,35.56308],[-83.33188,35.56331],[-83.33159,35.56363],[-83.33158,35.5638],[-83.3312,35.56406]]},"properties":{"net":"NC3046","o":1}},{"type":"Feature","geometry":{"type":"LineString","coordinates":[[-83.32079,35.57881],[-83.31965,35.57841],[-83.31944,35.57817],[-83.31914,35.57807],[-83.31876,35.5781],[-83.31834,35.57827],[-83.31762,35.5783],[-83.31743,35.57843]]},"properties":{"net":"NC3046","o":3}},{"type":"Feature","geometry":{"type":"LineString","coordinates":[[-83.32791,35.60104],[-83.32673,35.59991],[-83.32705,35.59923],[-83.3268,35.59848],[-83.32632,35.59826],[-83.32595,35.59793],[-83.32577,35.59768],[-83.32567,35.59729]]},"properties":{"net":"NC3046","o":3}},{"type":"Feature","geometry":{"type":"LineString","coordinates":[[-83.34701,35.35298],[-83.3452,35.3535]]},"properties":{"net":"sm14445","o":2}},{"type":"Feature","geometry":{"type":"LineString","coordinates":[[-83.35279,35.39577],[-83.35297,35.39618],[-83.35269,35.39698],[-83.35253,35.39795]]},"properties":{"net":"out","o":4}},{"type":"Feature","geometry":{"type":"LineString","coordinates":[[-83.34307,35.42193],[-83.34511,35.4219],[-83.34645,35.42212],[-83.34763,35.42258],[-83.34866,35.42335]]},"properties":{"net":"out","o":6}},{"type":"Feature","geometry":{"type":"LineString","coordinates":[[-83.35925,35.45228],[-83.35984,35.45153]]},"properties":{"net":"NC3046","o":1}},{"type":"Feature","geometry":{"type":"LineString","coordinates":[[-83.35503,35.45368],[-83.35544,35.45409],[-83.35568,35.45458],[-83.3561,35.45503],[-83.3563,35.4554],[-83.35717,35.45591],[-83.35733,35.45633]]},"properties":{"net":"NC3046","o":3}},{"type":"Feature","geometry":{"type":"LineString","coordinates":[[-83.29868,35.59817],[-83.29958,35.59799],[-83.30042,35.59754],[-83.30068,35.59721]]},"properties":{"net":"NC3046","o":3}},{"type":"Feature","geometry":{"type":"LineString","coordinates":[[-83.31341,35.6162],[-83.31345,35.61556]]},"properties":{"net":"NC3046","o":2}},{"type":"Feature","geometry":{"type":"LineString","coordinates":[[-83.30668,35.40284],[-83.30823,35.40301],[-83.30935,35.40342]]},"properties":{"net":"out","o":6}},{"type":"Feature","geometry":{"type":"LineString","coordinates":[[-83.30938,35.45596],[-83.30959,35.4561],[-83.30972,35.45638],[-83.31032,35.45677],[-83.31104,35.45753]]},"properties":{"net":"NC3046","o":3}},{"type":"Feature","geometry":{"type":"LineString","coordinates":[[-83.31158,35.57524],[-83.31011,35.57425],[-83.30994,35.57397],[-83.30988,35.57355]]},"properties":{"net":"NC3046","o":4}},{"type":"Feature","geometry":{"type":"LineString","coordinates":[[-83.30737,35.56624],[-83.30802,35.56595],[-83.30856,35.56555],[-83.30878,35.56558],[-83.30913,35.56586]]},"properties":{"net":"NC3046","o":2}},{"type":"Feature","geometry":{"type":"LineString","coordinates":[[-83.297,35.57731],[-83.29817,35.57609],[-83.30014,35.57538],[-83.30061,35.57507],[-83.30117,35.57488],[-83.30144,35.57464],[-83.30295,35.57446],[-83.30355,35.57455],[-83.30386,35.57438],[-83.30394,35.5742],[-83.30434,35.57416],[-83.30592,35.57345],[-83.30693,35.57335],[-83.3084,35.57255],[-83.30856,35.57233],[-83.30887,35.57228],[-83.30908,35.57179],[-83.30945,35.57178],[-83.3099,35.57139]]},"properties":{"net":"NC3046","o":1}},{"type":"Feature","geometry":{"type":"LineString","coordinates":[[-83.30523,35.591],[-83.30582,35.59046],[-83.30719,35.59112],[-83.30812,35.59106],[-83.30836,35.59075]]},"properties":{"net":"NC3046","o":1}},{"type":"Feature","geometry":{"type":"LineString","coordinates":[[-83.30734,35.60728],[-83.30708,35.60651],[-83.30654,35.60585],[-83.30597,35.6048],[-83.30567,35.60443],[-83.30514,35.60329],[-83.30496,35.60257],[-83.30516,35.60194],[-83.30494,35.60142],[-83.30427,35.60105],[-83.30417,35.60058],[-83.30336,35.59995],[-83.30216,35.5978],[-83.30179,35.59737],[-83.30151,35.59728]]},"properties":{"net":"NC3046","o":1}},{"type":"Feature","geometry":{"type":"LineString","coordinates":[[-83.29233,35.48801],[-83.29339,35.48806],[-83.29419,35.48759],[-83.29525,35.48738],[-83.29601,35.48697]]},"properties":{"net":"NC3046","o":2}},{"type":"Feature","geometry":{"type":"LineString","coordinates":[[-83.28962,35.49367],[-83.28996,35.49369],[-83.29086,35.4935],[-83.29132,35.49354],[-83.29326,35.49464],[-83.29417,35.49473],[-83.29521,35.49525]]},"properties":{"net":"NC3046","o":1}},{"type":"Feature","geometry":{"type":"LineString","coordinates":[[-83.28236,35.48948],[-83.281,35.48791],[-83.28031,35.48767],[-83.27894,35.48697],[-83.27821,35.48683],[-83.2766,35.4862],[-83.27469,35.4851],[-83.2732,35.48497],[-83.27303,35.48488],[-83.27302,35.48478]]},"properties":{"net":"NC3046","o":1}},{"type":"Feature","geometry":{"type":"LineString","coordinates":[[-83.29857,35.50491],[-83.29795,35.50426],[-83.29774,35.50391]]},"properties":{"net":"NC3046","o":6}},{"type":"Feature","geometry":{"type":"LineString","coordinates":[[-83.2954,35.51684],[-83.29539,35.51675]]},"properties":{"net":"NC3046","o":2}},{"type":"Feature","geometry":{"type":"LineString","coordinates":[[-83.30616,35.45491],[-83.30636,35.45492]]},"properties":{"net":"NC3046","o":1}},{"type":"Feature","geometry":{"type":"LineString","coordinates":[[-83.31959,35.47488],[-83.31952,35.47497]]},"properties":{"net":"NC3046","o":1}},{"type":"Feature","geometry":{"type":"LineString","coordinates":[[-83.31952,35.47497],[-83.31867,35.47451]]},"properties":{"net":"NC3046","o":6}},{"type":"Feature","geometry":{"type":"LineString","coordinates":[[-83.31859,35.4746],[-83.31867,35.47451]]},"properties":{"net":"NC3046","o":1}},{"type":"Feature","geometry":{"type":"LineString","coordinates":[[-83.31605,35.46993],[-83.31752,35.46903]]},"properties":{"net":"NC3046","o":6}},{"type":"Feature","geometry":{"type":"LineString","coordinates":[[-83.31586,35.46104],[-83.31769,35.46172],[-83.31849,35.46237],[-83.31905,35.46234]]},"properties":{"net":"NC3046","o":4}},{"type":"Feature","geometry":{"type":"LineString","coordinates":[[-83.31501,35.47281],[-83.31436,35.47227],[-83.31429,35.47186],[-83.31448,35.47164],[-83.31512,35.47133],[-83.31556,35.4704],[-83.31605,35.46993]]},"properties":{"net":"NC3046","o":6}},{"type":"Feature","geometry":{"type":"LineString","coordinates":[[-83.31178,35.47736],[-83.31342,35.47609],[-83.31397,35.47583]]},"properties":{"net":"NC3046","o":1}},{"type":"Feature","geometry":{"type":"LineString","coordinates":[[-83.31129,35.47808],[-83.31197,35.47796],[-83.3123,35.47778],[-83.31298,35.47707],[-83.31309,35.47677],[-83.31368,35.47636],[-83.31397,35.47583]]},"properties":{"net":"NC3046","o":1}},{"type":"Feature","geometry":{"type":"LineString","coordinates":[[-83.29477,35.48153],[-83.2953,35.48067],[-83.29663,35.47956],[-83.29732,35.47931],[-83.29837,35.47934],[-83.29939,35.47874],[-83.29957,35.4785],[-83.29967,35.47775],[-83.29984,35.47746],[-83.29976,35.47675],[-83.30025,35.47546],[-83.30057,35.47497],[-83.30091,35.47492],[-83.30107,35.47444],[-83.30193,35.47304],[-83.30184,35.47269],[-83.30228,35.47192],[-83.30336,35.4708],[-83.30389,35.47084],[-83.30501,35.47008],[-83.30583,35.47004]]},"properties":{"net":"NC3046","o":1}},{"type":"Feature","geometry":{"type":"LineString","coordinates":[[-83.31979,35.47814],[-83.31974,35.47794]]},"properties":{"net":"NC3046","o":6}},{"type":"Feature","geometry":{"type":"LineString","coordinates":[[-83.3196,35.47988],[-83.31981,35.47906],[-83.31979,35.47814]]},"properties":{"net":"NC3046","o":6}},{"type":"Feature","geometry":{"type":"LineString","coordinates":[[-83.31974,35.47991],[-83.3196,35.47988]]},"properties":{"net":"NC3046","o":2}},{"type":"Feature","geometry":{"type":"LineString","coordinates":[[-83.31453,35.4901],[-83.31442,35.49008]]},"properties":{"net":"NC3046","o":1}},{"type":"Feature","geometry":{"type":"LineString","coordinates":[[-83.31506,35.49731],[-83.31432,35.49702],[-83.31369,35.49693],[-83.31283,35.49696]]},"properties":{"net":"NC3046","o":1}},{"type":"Feature","geometry":{"type":"LineString","coordinates":[[-83.31258,35.49661],[-83.31249,35.49544]]},"properties":{"net":"NC3046","o":6}},{"type":"Feature","geometry":{"type":"LineString","coordinates":[[-83.30667,35.49006],[-83.30715,35.48981],[-83.30732,35.48952],[-83.30769,35.4893],[-83.30781,35.48894],[-83.30779,35.48847],[-83.30805,35.48826]]},"properties":{"net":"NC3046","o":1}},{"type":"Feature","geometry":{"type":"LineString","coordinates":[[-83.30601,35.49708],[-83.30655,35.49686],[-83.30781,35.49526],[-83.30821,35.49515],[-83.30903,35.49536],[-83.30959,35.49486]]},"properties":{"net":"NC3046","o":1}},{"type":"Feature","geometry":{"type":"LineString","coordinates":[[-83.30462,35.48304],[-83.30536,35.48378],[-83.30579,35.48449]]},"properties":{"net":"NC3046","o":2}},{"type":"Feature","geometry":{"type":"LineString","coordinates":[[-83.30397,35.48202],[-83.30385,35.48218]]},"properties":{"net":"NC3046","o":2}},{"type":"Feature","geometry":{"type":"LineString","coordinates":[[-83.30228,35.49707],[-83.30231,35.49753],[-83.30221,35.49793]]},"properties":{"net":"NC3046","o":1}},{"type":"Feature","geometry":{"type":"LineString","coordinates":[[-83.30835,35.50018],[-83.30846,35.50003]]},"properties":{"net":"NC3046","o":3}},{"type":"Feature","geometry":{"type":"LineString","coordinates":[[-83.30329,35.50897],[-83.30313,35.50807],[-83.30271,35.50713],[-83.3024,35.50679],[-83.3017,35.50653]]},"properties":{"net":"NC3046","o":6}},{"type":"Feature","geometry":{"type":"LineString","coordinates":[[-83.30043,35.49881],[-83.30064,35.49859]]},"properties":{"net":"NC3046","o":6}},{"type":"Feature","geometry":{"type":"LineString","coordinates":[[-83.13992,35.31606],[-83.14069,35.31412],[-83.14159,35.31365],[-83.14239,35.31337],[-83.14344,35.31279],[-83.14362,35.31258],[-83.14381,35.31199],[-83.14425,35.31143],[-83.14599,35.31029]]},"properties":{"net":"NC3252","o":1}},{"type":"Feature","geometry":{"type":"LineString","coordinates":[[-83.11689,35.34619],[-83.11698,35.34556],[-83.11742,35.34428],[-83.11798,35.34324],[-83.11845,35.34291],[-83.12005,35.34249],[-83.12175,35.34249],[-83.12315,35.34233],[-83.12473,35.34252],[-83.12543,35.34235],[-83.12696,35.3429],[-83.12872,35.34268],[-83.12911,35.34272],[-83.12963,35.34288],[-83.13013,35.3433],[-83.13031,35.34334],[-83.13311,35.34277],[-83.1335,35.34275],[-83.13408,35.34291]]},"properties":{"net":"NC3252","o":1}},{"type":"Feature","geometry":{"type":"LineString","coordinates":[[-83.29452,35.45864],[-83.29417,35.45754],[-83.29375,35.45665],[-83.29388,35.45634],[-83.29389,35.45567],[-83.29341,35.45499],[-83.29351,35.45456]]},"properties":{"net":"NC3046","o":1}},{"type":"Feature","geometry":{"type":"LineString","coordinates":[[-83.28115,35.44459],[-83.28196,35.44468],[-83.28313,35.44511],[-83.28408,35.44512],[-83.28432,35.44506],[-83.28453,35.44482],[-83.28507,35.44476],[-83.28599,35.44505],[-83.28606,35.44531],[-83.28647,35.44538],[-83.28847,35.44526],[-83.28885,35.44512],[-83.29041,35.4455],[-83.29141,35.44597]]},"properties":{"net":"NC3046","o":2}},{"type":"Feature","geometry":{"type":"LineString","coordinates":[[-83.27709,35.43965],[-83.27823,35.44073],[-83.27897,35.44107],[-83.27944,35.44171],[-83.28015,35.4423],[-83.28038,35.44356],[-83.28051,35.44378],[-83.28124,35.44437],[-83.28115,35.44459]]},"properties":{"net":"NC3046","o":1}},{"type":"Feature","geometry":{"type":"LineString","coordinates":[[-83.26974,35.45536],[-83.27034,35.45537],[-83.27122,35.45503],[-83.27227,35.45438],[-83.27233,35.45403],[-83.27246,35.45393],[-83.27287,35.45386],[-83.27383,35.45395],[-83.27436,35.4539],[-83.27529,35.45359],[-83.27604,35.453],[-83.27669,35.45269],[-83.27843,35.45229],[-83.2807,35.45132],[-83.28166,35.45066],[-83.28254,35.45028]]},"properties":{"net":"NC3046","o":2}},{"type":"Feature","geometry":{"type":"LineString","coordinates":[[-83.28433,35.46346],[-83.28301,35.46425],[-83.28279,35.4645],[-83.28266,35.46553],[-83.28205,35.46626],[-83.28206,35.46704],[-83.28277,35.46713],[-83.28522,35.46791],[-83.28571,35.46849],[-83.28604,35.46873],[-83.2871,35.46918],[-83.28733,35.46959]]},"properties":{"net":"NC3046","o":1}},{"type":"Feature","geometry":{"type":"LineString","coordinates":[[-83.2874,35.48295],[-83.2865,35.48281],[-83.28631,35.48263],[-83.2852,35.48232],[-83.28446,35.48156],[-83.28403,35.48079],[-83.28383,35.47968],[-83.2836,35.47906],[-83.28319,35.47844],[-83.28304,35.47719],[-83.28291,35.47696],[-83.28215,35.47629],[-83.28197,35.47552],[-83.28214,35.47524]]},"properties":{"net":"NC3046","o":1}},{"type":"Feature","geometry":{"type":"LineString","coordinates":[[-83.29399,35.5169],[-83.29539,35.51675]]},"properties":{"net":"NC3046","o":6}},{"type":"Feature","geometry":{"type":"LineString","coordinates":[[-83.29046,35.52059],[-83.2913,35.51886],[-83.29133,35.51776]]},"properties":{"net":"NC3046","o":6}},{"type":"Feature","geometry":{"type":"LineString","coordinates":[[-83.28923,35.50328],[-83.28931,35.50301],[-83.28926,35.50225],[-83.28935,35.50218]]},"properties":{"net":"NC3046","o":1}},{"type":"Feature","geometry":{"type":"LineString","coordinates":[[-83.28529,35.50247],[-83.28528,35.50203],[-83.28544,35.50159],[-83.28547,35.5012]]},"properties":{"net":"NC3046","o":1}},{"type":"Feature","geometry":{"type":"LineString","coordinates":[[-83.28408,35.49995],[-83.28436,35.50018],[-83.28444,35.50058],[-83.28477,35.50082],[-83.28515,35.50099],[-83.28568,35.50091],[-83.28594,35.50106]]},"properties":{"net":"NC3046","o":1}},{"type":"Feature","geometry":{"type":"LineString","coordinates":[[-83.28301,35.50225],[-83.28335,35.50192],[-83.28506,35.50122]]},"properties":{"net":"NC3046","o":1}},{"type":"Feature","geometry":{"type":"LineString","coordinates":[[-83.30611,35.48167],[-83.30585,35.48304],[-83.30568,35.48333],[-83.30576,35.48368],[-83.30564,35.48386],[-83.30564,35.4841],[-83.30608,35.48426],[-83.30612,35.48459],[-83.30641,35.48481]]},"properties":{"net":"NC3046","o":1}},{"type":"Feature","geometry":{"type":"LineString","coordinates":[[-83.30288,35.49531],[-83.3026,35.49569],[-83.30239,35.49583],[-83.30213,35.49654],[-83.30146,35.49707],[-83.30116,35.49719]]},"properties":{"net":"NC3046","o":1}},{"type":"Feature","geometry":{"type":"LineString","coordinates":[[-83.29878,35.49778],[-83.29985,35.49801],[-83.30052,35.4985]]},"properties":{"net":"NC3046","o":1}},{"type":"Feature","geometry":{"type":"LineString","coordinates":[[-83.31789,35.5002],[-83.31809,35.50006],[-83.31881,35.49882]]},"properties":{"net":"NC3046","o":1}},{"type":"Feature","geometry":{"type":"LineString","coordinates":[[-83.31788,35.51107],[-83.3179,35.51089],[-83.31768,35.51063],[-83.31751,35.5097],[-83.31716,35.50936],[-83.31704,35.50895],[-83.31682,35.50863],[-83.3167,35.50775],[-83.31649,35.5071],[-83.31623,35.50705]]},"properties":{"net":"NC3046","o":1}},{"type":"Feature","geometry":{"type":"LineString","coordinates":[[-83.31419,35.50098],[-83.31363,35.50102],[-83.31298,35.50135],[-83.31284,35.5015],[-83.31253,35.50161],[-83.31206,35.50207]]},"properties":{"net":"NC3046","o":1}},{"type":"Feature","geometry":{"type":"LineString","coordinates":[[-83.30846,35.50003],[-83.30991,35.49985]]},"properties":{"net":"NC3046","o":6}},{"type":"Feature","geometry":{"type":"LineString","coordinates":[[-83.3017,35.50653],[-83.30035,35.50609],[-83.29941,35.50564]]},"properties":{"net":"NC3046","o":6}},{"type":"Feature","geometry":{"type":"LineString","coordinates":[[-83.29739,35.50736],[-83.29774,35.5072],[-83.29794,35.50697],[-83.29886,35.50697],[-83.29931,35.50684],[-83.29925,35.50598],[-83.29932,35.50576]]},"properties":{"net":"NC3046","o":1}},{"type":"Feature","geometry":{"type":"LineString","coordinates":[[-83.2973,35.50256],[-83.297,35.5021],[-83.29703,35.50183],[-83.29745,35.50163],[-83.29803,35.50159],[-83.29864,35.5013],[-83.2995,35.50009]]},"properties":{"net":"NC3046","o":6}},{"type":"Feature","geometry":{"type":"LineString","coordinates":[[-83.31932,35.55416],[-83.31908,35.55414],[-83.31751,35.55475],[-83.31709,35.55529],[-83.31641,35.55584],[-83.31629,35.55624],[-83.31575,35.55648],[-83.31567,35.55664]]},"properties":{"net":"NC3046","o":3}},{"type":"Feature","geometry":{"type":"LineString","coordinates":[[-83.30903,35.54901],[-83.30898,35.54902]]},"properties":{"net":"NC3046","o":2}},{"type":"Feature","geometry":{"type":"LineString","coordinates":[[-83.30921,35.56588],[-83.30978,35.56549],[-83.30997,35.5652],[-83.30954,35.56483],[-83.30897,35.56414],[-83.30892,35.56381],[-83.30903,35.56366],[-83.30938,35.56348],[-83.31018,35.5633],[-83.31161,35.5631],[-83.31198,35.56287],[-83.31224,35.56248],[-83.31291,35.56206],[-83.31315,35.56179],[-83.31312,35.56158],[-83.31234,35.56082],[-83.31205,35.56038],[-83.31217,35.55963],[-83.31255,35.55911],[-83.31288,35.5584],[-83.31283,35.55803],[-83.31254,35.55755],[-83.31264,35.55698],[-83.31222,35.55639],[-83.31204,35.55534]]},"properties":{"net":"NC3046","o":4}},{"type":"Feature","geometry":{"type":"LineString","coordinates":[[-83.30846,35.54827],[-83.3072,35.54727]]},"properties":{"net":"NC3046","o":5}},{"type":"Feature","geometry":{"type":"LineString","coordinates":[[-83.306,35.5436],[-83.30591,35.54387],[-83.30544,35.54439],[-83.30499,35.54554]]},"properties":{"net":"NC3046","o":1}},{"type":"Feature","geometry":{"type":"LineString","coordinates":[[-83.30312,35.55409],[-83.30365,35.55351],[-83.30397,35.55265],[-83.30464,35.55225],[-83.30525,35.55213],[-83.30564,35.55155],[-83.30615,35.55125]]},"properties":{"net":"NC3046","o":1}},{"type":"Feature","geometry":{"type":"LineString","coordinates":[[-83.30479,35.54255],[-83.30455,35.54296],[-83.30411,35.5433],[-83.30337,35.54365],[-83.30274,35.54407]]},"properties":{"net":"NC3046","o":1}},{"type":"Feature","geometry":{"type":"LineString","coordinates":[[-83.30044,35.55233],[-83.30142,35.55221],[-83.30164,35.55197],[-83.30272,35.55218],[-83.30337,35.55214],[-83.30404,35.55194],[-83.30433,35.55202],[-83.3047,35.55184],[-83.30503,35.55149],[-83.30615,35.55125]]},"properties":{"net":"NC3046","o":1}},{"type":"Feature","geometry":{"type":"LineString","coordinates":[[-83.29946,35.56095],[-83.29931,35.56039],[-83.29887,35.56017],[-83.29856,35.55969],[-83.29825,35.55951],[-83.29721,35.55931]]},"properties":{"net":"NC3046","o":1}},{"type":"Feature","geometry":{"type":"LineString","coordinates":[[-83.31747,35.57844],[-83.31743,35.57843]]},"properties":{"net":"NC3046","o":1}},{"type":"Feature","geometry":{"type":"LineString","coordinates":[[-83.31246,35.57866],[-83.31236,35.57857],[-83.31243,35.57807],[-83.31226,35.57764],[-83.3125,35.57722],[-83.31278,35.57612]]},"properties":{"net":"NC3046","o":3}},{"type":"Feature","geometry":{"type":"LineString","coordinates":[[-83.26213,35.39512],[-83.26266,35.3946],[-83.26267,35.39383],[-83.2628,35.39365],[-83.26301,35.39358],[-83.2633,35.39357],[-83.26391,35.3938],[-83.26503,35.39385],[-83.26581,35.39376],[-83.26838,35.39318]]},"properties":{"net":"out","o":4}},{"type":"Feature","geometry":{"type":"LineString","coordinates":[[-83.24293,35.62686],[-83.24317,35.62647],[-83.24361,35.62605],[-83.24375,35.62509],[-83.24423,35.62485],[-83.24437,35.62462],[-83.24453,35.62412],[-83.24436,35.62378],[-83.24438,35.62361],[-83.24486,35.62344],[-83.24511,35.62279],[-83.24565,35.62257],[-83.2459,35.62234],[-83.24648,35.62098],[-83.24709,35.62072],[-83.24746,35.62021],[-83.24817,35.61966],[-83.24936,35.61913],[-83.24989,35.61874]]},"properties":{"net":"NC3046","o":2}},{"type":"Feature","geometry":{"type":"LineString","coordinates":[[-83.25004,35.6503],[-83.25097,35.65027],[-83.25126,35.6501],[-83.25242,35.6498],[-83.25356,35.64966],[-83.25405,35.64973],[-83.25429,35.64962],[-83.25523,35.64953],[-83.25605,35.64938],[-83.25649,35.64912]]},"properties":{"net":"NC3046","o":1}},{"type":"Feature","geometry":{"type":"LineString","coordinates":[[-83.29599,35.32779],[-83.29485,35.32735],[-83.29345,35.32721],[-83.29268,35.32703]]},"properties":{"net":"NC6252","o":4}},{"type":"Feature","geometry":{"type":"LineString","coordinates":[[-83.28912,35.32482],[-83.28726,35.32402],[-83.28553,35.32347],[-83.28491,35.32337]]},"properties":{"net":"NC6252","o":4}},{"type":"Feature","geometry":{"type":"LineString","coordinates":[[-83.09242,35.3034],[-83.09268,35.303],[-83.09291,35.30226],[-83.09336,35.30158],[-83.09444,35.30067],[-83.09551,35.29928],[-83.09563,35.29893],[-83.09569,35.29808],[-83.09597,35.29719]]},"properties":{"net":"NC3252","o":4}},{"type":"Feature","geometry":{"type":"LineString","coordinates":[[-83.10242,35.31253],[-83.10188,35.31189],[-83.10101,35.31137],[-83.10065,35.31077],[-83.10033,35.30995],[-83.09973,35.30906],[-83.09951,35.30825],[-83.09889,35.3077],[-83.09791,35.30714],[-83.0973,35.30581],[-83.09632,35.30527],[-83.09518,35.30502],[-83.09431,35.30436],[-83.09242,35.3034]]},"properties":{"net":"NC3252","o":1}},{"type":"Feature","geometry":{"type":"LineString","coordinates":[[-83.08577,35.28983],[-83.08688,35.28965],[-83.08887,35.28962],[-83.08947,35.28936],[-83.09047,35.28936],[-83.09111,35.28918],[-83.09288,35.28966],[-83.09383,35.28975]]},"properties":{"net":"NC3252","o":2}},{"type":"Feature","geometry":{"type":"LineString","coordinates":[[-83.09788,35.34445],[-83.09757,35.34395],[-83.0967,35.34309],[-83.09481,35.34167]]},"properties":{"net":"NC3252","o":2}},{"type":"Feature","geometry":{"type":"LineString","coordinates":[[-83.25035,35.25828],[-83.25151,35.25805],[-83.25237,35.25741],[-83.25312,35.25705],[-83.25396,35.25644],[-83.25449,35.25623]]},"properties":{"net":"sm2653","o":1}},{"type":"Feature","geometry":{"type":"LineString","coordinates":[[-83.21758,35.33983],[-83.22099,35.3398]]},"properties":{"net":"NC6252","o":5}},{"type":"Feature","geometry":{"type":"LineString","coordinates":[[-83.20217,35.34095],[-83.20259,35.34166],[-83.20299,35.34196],[-83.20372,35.3423],[-83.20473,35.34262],[-83.20579,35.34277],[-83.20623,35.34293],[-83.20701,35.34295],[-83.20787,35.34269],[-83.20915,35.34188],[-83.21023,35.34135],[-83.2105,35.34125],[-83.21121,35.34122],[-83.21163,35.3408],[-83.21233,35.34055],[-83.21271,35.34045],[-83.21447,35.34039],[-83.21526,35.34016]]},"properties":{"net":"NC6252","o":5}},{"type":"Feature","geometry":{"type":"LineString","coordinates":[[-83.23526,35.66056],[-83.23512,35.66033],[-83.23511,35.65994],[-83.23493,35.6594],[-83.23422,35.65795],[-83.23395,35.65652],[-83.23372,35.6562],[-83.23366,35.65584],[-83.23402,35.655],[-83.23409,35.65443],[-83.23396,35.65413],[-83.23409,35.65402],[-83.2341,35.6537],[-83.23432,35.65303],[-83.23449,35.65286],[-83.2346,35.65246],[-83.23488,35.65216],[-83.23506,35.65174],[-83.23513,35.65049],[-83.23533,35.6501],[-83.23556,35.64991],[-83.23572,35.64952],[-83.23624,35.64932],[-83.23671,35.64927]]},"properties":{"net":"NC3046","o":1}},{"type":"Feature","geometry":{"type":"LineString","coordinates":[[-83.00784,35.18119],[-83.0074,35.18147],[-83.00636,35.18192],[-83.0048,35.18304]]},"properties":{"net":"NC3027","o":3}},{"type":"Feature","geometry":{"type":"LineString","coordinates":[[-82.96419,35.24011],[-82.96399,35.23955],[-82.96271,35.23771],[-82.96127,35.2361],[-82.96099,35.2359],[-82.96032,35.23573],[-82.95952,35.23573],[-82.95875,35.23557],[-82.95785,35.23489],[-82.95781,35.23439]]},"properties":{"net":"NC3027","o":1}},{"type":"Feature","geometry":{"type":"LineString","coordinates":[[-82.97478,35.19424],[-82.97559,35.19466],[-82.97623,35.19487],[-82.97681,35.19499],[-82.97782,35.195],[-82.97836,35.19528],[-82.97956,35.19561],[-82.98053,35.19602],[-82.98132,35.1969],[-82.98175,35.19703],[-82.98206,35.19699]]},"properties":{"net":"NC3027","o":1}},{"type":"Feature","geometry":{"type":"LineString","coordinates":[[-82.96532,35.20418],[-82.9658,35.20604],[-82.96628,35.20688],[-82.96715,35.20794],[-82.96864,35.21019],[-82.96906,35.21179],[-82.96966,35.21293]]},"properties":{"net":"NC3027","o":1}},{"type":"Feature","geometry":{"type":"LineString","coordinates":[[-82.97075,35.23353],[-82.9705,35.23309],[-82.97053,35.2324],[-82.97005,35.23192],[-82.96962,35.23176],[-82.96919,35.2318],[-82.96813,35.23167],[-82.96719,35.23139],[-82.96671,35.23111],[-82.96593,35.23025],[-82.96562,35.22916],[-82.96568,35.22857]]},"properties":{"net":"NC3027","o":1}},{"type":"Feature","geometry":{"type":"LineString","coordinates":[[-82.94096,35.27976],[-82.94083,35.27962],[-82.94078,35.27925],[-82.94122,35.27869],[-82.94123,35.27849],[-82.94106,35.27818],[-82.94063,35.27777],[-82.94057,35.277],[-82.94082,35.27648],[-82.94163,35.27563],[-82.94174,35.27538],[-82.94149,35.27463],[-82.94123,35.27427],[-82.94097,35.27417],[-82.9385,35.27374]]},"properties":{"net":"NC3027","o":2}},{"type":"Feature","geometry":{"type":"LineString","coordinates":[[-83.02699,35.32478],[-83.02771,35.32461],[-83.02897,35.32473],[-83.02925,35.32461],[-83.02978,35.32413],[-83.03024,35.32398],[-83.03123,35.32427],[-83.03232,35.32404],[-83.03304,35.3241],[-83.03448,35.32456],[-83.03563,35.32468],[-83.03637,35.32508],[-83.03753,35.3246],[-83.03792,35.3246],[-83.03836,35.32474]]},"properties":{"net":"NC3252","o":3}},{"type":"Feature","geometry":{"type":"LineString","coordinates":[[-83.01081,35.1878],[-83.00927,35.18786],[-83.00878,35.18747],[-83.00779,35.18731],[-83.00699,35.1869],[-83.00672,35.18666],[-83.00656,35.18633],[-83.00651,35.18574],[-83.00663,35.18487],[-83.0048,35.18304]]},"properties":{"net":"NC3027","o":1}},{"type":"Feature","geometry":{"type":"LineString","coordinates":[[-83.00952,35.29287],[-83.00992,35.29213],[-83.0102,35.29112],[-83.01027,35.28992],[-83.01017,35.28825],[-83.01053,35.28744],[-83.01106,35.28704],[-83.01116,35.28686],[-83.01121,35.28611],[-83.01164,35.28354]]},"properties":{"net":"sm108220","o":1}},{"type":"Feature","geometry":{"type":"LineString","coordinates":[[-83.02393,35.37657],[-83.0241,35.3763],[-83.02455,35.37599],[-83.02529,35.3752],[-83.02554,35.37511],[-83.02591,35.37477]]},"properties":{"net":"NC3252","o":1}},{"type":"Feature","geometry":{"type":"LineString","coordinates":[[-83.24813,35.56615],[-83.24809,35.56624]]},"properties":{"net":"NC3046","o":1}},{"type":"Feature","geometry":{"type":"LineString","coordinates":[[-83.24345,35.57278],[-83.24347,35.57272]]},"properties":{"net":"NC3046","o":2}},{"type":"Feature","geometry":{"type":"LineString","coordinates":[[-83.24387,35.57403],[-83.24372,35.57356],[-83.24329,35.57311]]},"properties":{"net":"NC3046","o":1}},{"type":"Feature","geometry":{"type":"LineString","coordinates":[[-83.23106,35.59883],[-83.23108,35.5981],[-83.23132,35.59762],[-83.2318,35.59718],[-83.23263,35.59671],[-83.23261,35.59652],[-83.23231,35.59601],[-83.23256,35.59528]]},"properties":{"net":"NC31823","o":4}},{"type":"Feature","geometry":{"type":"LineString","coordinates":[[-83.22822,35.60111],[-83.22825,35.60094],[-83.22838,35.60088],[-83.2301,35.60064],[-83.23057,35.60045],[-83.23078,35.59974],[-83.23104,35.59932],[-83.23106,35.59883]]},"properties":{"net":"NC31823","o":4}},{"type":"Feature","geometry":{"type":"LineString","coordinates":[[-83.1939,35.58432],[-83.19449,35.58416],[-83.19511,35.58419],[-83.19703,35.58499],[-83.19823,35.58497],[-83.19915,35.5853],[-83.19983,35.58503],[-83.20074,35.58498],[-83.20143,35.58474],[-83.20226,35.58496],[-83.20257,35.58482],[-83.20361,35.58474]]},"properties":{"net":"NC3046","o":2}},{"type":"Feature","geometry":{"type":"LineString","coordinates":[[-83.24235,35.4493],[-83.2423,35.44977],[-83.24291,35.45137],[-83.2428,35.45194],[-83.24239,35.45279],[-83.24249,35.45325],[-83.24248,35.45384]]},"properties":{"net":"sm3088","o":2}},{"type":"Feature","geometry":{"type":"LineString","coordinates":[[-83.24981,35.51879],[-83.25009,35.51905],[-83.25101,35.51944],[-83.2514,35.51981],[-83.25171,35.5203],[-83.25228,35.52044]]},"properties":{"net":"sm3083","o":2}},{"type":"Feature","geometry":{"type":"LineString","coordinates":[[-83.25463,35.53654],[-83.25508,35.53694],[-83.25526,35.53741]]},"properties":{"net":"NC3046","o":3}},{"type":"Feature","geometry":{"type":"LineString","coordinates":[[-83.25058,35.5234],[-83.25162,35.52374]]},"properties":{"net":"sm3083","o":3}},{"type":"Feature","geometry":{"type":"LineString","coordinates":[[-83.24915,35.52625],[-83.25002,35.52611],[-83.25076,35.52616]]},"properties":{"net":"sm3083","o":3}},{"type":"Feature","geometry":{"type":"LineString","coordinates":[[-83.21397,35.46438],[-83.21426,35.46528],[-83.21462,35.46593],[-83.21471,35.46641]]},"properties":{"net":"sm3081","o":3}},{"type":"Feature","geometry":{"type":"LineString","coordinates":[[-83.21471,35.46641],[-83.21477,35.46675],[-83.21518,35.46749],[-83.21545,35.46839],[-83.21525,35.46937],[-83.21542,35.47111]]},"properties":{"net":"NC3046","o":3}},{"type":"Feature","geometry":{"type":"LineString","coordinates":[[-83.24387,35.52539],[-83.2454,35.52537],[-83.24585,35.52553],[-83.24671,35.52563],[-83.24702,35.52582],[-83.24751,35.52588],[-83.24865,35.52626],[-83.24899,35.52619],[-83.24915,35.52625]]},"properties":{"net":"sm3083","o":2}},{"type":"Feature","geometry":{"type":"LineString","coordinates":[[-83.24264,35.53655],[-83.24252,35.53603],[-83.24265,35.53555],[-83.2426,35.535]]},"properties":{"net":"NC3046","o":1}},{"type":"Feature","geometry":{"type":"LineString","coordinates":[[-83.24158,35.53577],[-83.2418,35.53544],[-83.2426,35.535]]},"properties":{"net":"NC3046","o":1}},{"type":"Feature","geometry":{"type":"LineString","coordinates":[[-83.23689,35.52799],[-83.2369,35.52843],[-83.23709,35.52896]]},"properties":{"net":"NC3046","o":1}},{"type":"Feature","geometry":{"type":"LineString","coordinates":[[-83.2532,35.54591],[-83.25208,35.54746]]},"properties":{"net":"NC3046","o":1}},{"type":"Feature","geometry":{"type":"LineString","coordinates":[[-83.2531,35.55097],[-83.25251,35.55133],[-83.25219,35.55176],[-83.25197,35.55253],[-83.2521,35.55306]]},"properties":{"net":"NC3046","o":1}},{"type":"Feature","geometry":{"type":"LineString","coordinates":[[-83.22108,35.52604],[-83.22093,35.52623],[-83.22095,35.52667],[-83.22081,35.5272]]},"properties":{"net":"NC3046","o":1}},{"type":"Feature","geometry":{"type":"LineString","coordinates":[[-83.22064,35.53422],[-83.22073,35.53475],[-83.22054,35.53514]]},"properties":{"net":"NC3046","o":3}},{"type":"Feature","geometry":{"type":"LineString","coordinates":[[-83.22006,35.5257],[-83.21973,35.52647],[-83.2196,35.52707],[-83.21965,35.52728]]},"properties":{"net":"NC3046","o":1}},{"type":"Feature","geometry":{"type":"LineString","coordinates":[[-83.22072,35.52912],[-83.22,35.52992],[-83.2198,35.53048],[-83.21957,35.53076]]},"properties":{"net":"NC3046","o":3}},{"type":"Feature","geometry":{"type":"LineString","coordinates":[[-83.21549,35.52934],[-83.21624,35.52952],[-83.2166,35.52983],[-83.21708,35.5299]]},"properties":{"net":"NC3046","o":1}},{"type":"Feature","geometry":{"type":"LineString","coordinates":[[-83.23505,35.54525],[-83.23337,35.54594]]},"properties":{"net":"NC3046","o":1}},{"type":"Feature","geometry":{"type":"LineString","coordinates":[[-83.24943,35.54967],[-83.24991,35.55039],[-83.25025,35.55069]]},"properties":{"net":"NC3046","o":3}},{"type":"Feature","geometry":{"type":"LineString","coordinates":[[-83.24853,35.54641],[-83.24823,35.54707],[-83.24809,35.54818]]},"properties":{"net":"NC3046","o":2}},{"type":"Feature","geometry":{"type":"LineString","coordinates":[[-83.24602,35.54841],[-83.24621,35.54838]]},"properties":{"net":"NC3046","o":2}},{"type":"Feature","geometry":{"type":"LineString","coordinates":[[-83.24354,35.54859],[-83.24469,35.54855],[-83.24576,35.54831],[-83.24602,35.54841]]},"properties":{"net":"NC3046","o":1}},{"type":"Feature","geometry":{"type":"LineString","coordinates":[[-83.24321,35.5441],[-83.24319,35.54453],[-83.24372,35.54518],[-83.24428,35.54533],[-83.24486,35.54561],[-83.24564,35.5467],[-83.24719,35.54769],[-83.24782,35.54821]]},"properties":{"net":"NC3046","o":1}},{"type":"Feature","geometry":{"type":"LineString","coordinates":[[-83.23756,35.55997],[-83.23755,35.559]]},"properties":{"net":"NC3046","o":1}},{"type":"Feature","geometry":{"type":"LineString","coordinates":[[-83.23755,35.559],[-83.23758,35.55819],[-83.23744,35.55787],[-83.23756,35.55748],[-83.23818,35.55695],[-83.23903,35.55667]]},"properties":{"net":"NC3046","o":2}},{"type":"Feature","geometry":{"type":"LineString","coordinates":[[-83.22803,35.54337],[-83.22827,35.54348]]},"properties":{"net":"NC3046","o":4}},{"type":"Feature","geometry":{"type":"LineString","coordinates":[[-83.22506,35.55107],[-83.22547,35.55085],[-83.2259,35.55082],[-83.22654,35.55042]]},"properties":{"net":"sm3086","o":4}},{"type":"Feature","geometry":{"type":"LineString","coordinates":[[-83.22312,35.54157],[-83.22406,35.54158]]},"properties":{"net":"NC3046","o":4}},{"type":"Feature","geometry":{"type":"LineString","coordinates":[[-83.22009,35.54456],[-83.21985,35.54437]]},"properties":{"net":"NC3046","o":2}},{"type":"Feature","geometry":{"type":"LineString","coordinates":[[-83.21969,35.55695],[-83.21987,35.55571],[-83.22015,35.55533],[-83.21991,35.55482],[-83.21996,35.5544]]},"properties":{"net":"sm3086","o":3}},{"type":"Feature","geometry":{"type":"LineString","coordinates":[[-83.20165,35.53596],[-83.20168,35.53615],[-83.2019,35.53639],[-83.2026,35.5369]]},"properties":{"net":"NC3046","o":1}},{"type":"Feature","geometry":{"type":"LineString","coordinates":[[-83.20126,35.52551],[-83.20134,35.52607],[-83.2011,35.52662]]},"properties":{"net":"NC3046","o":2}},{"type":"Feature","geometry":{"type":"LineString","coordinates":[[-83.19758,35.53473],[-83.19791,35.53516]]},"properties":{"net":"NC3046","o":2}},{"type":"Feature","geometry":{"type":"LineString","coordinates":[[-83.19758,35.5307],[-83.1975,35.53171],[-83.19689,35.53247],[-83.19683,35.53275]]},"properties":{"net":"NC3046","o":1}},{"type":"Feature","geometry":{"type":"LineString","coordinates":[[-83.2134,35.54547],[-83.21378,35.5452]]},"properties":{"net":"sm3085","o":3}},{"type":"Feature","geometry":{"type":"LineString","coordinates":[[-83.21281,35.54557],[-83.2134,35.54547]]},"properties":{"net":"sm3085","o":3}},{"type":"Feature","geometry":{"type":"LineString","coordinates":[[-83.21243,35.54914],[-83.21196,35.54806],[-83.21125,35.54759]]},"properties":{"net":"sm3085","o":1}},{"type":"Feature","geometry":{"type":"LineString","coordinates":[[-83.20489,35.54993],[-83.20581,35.54943],[-83.20604,35.54907],[-83.20701,35.54865],[-83.2084,35.54854],[-83.20922,35.54895],[-83.20957,35.54899],[-83.21038,35.54859],[-83.21073,35.54815],[-83.21113,35.54791],[-83.21125,35.54759]]},"properties":{"net":"sm3085","o":2}},{"type":"Feature","geometry":{"type":"LineString","coordinates":[[-83.18397,35.45634],[-83.18442,35.45698],[-83.18541,35.4579],[-83.18644,35.45875],[-83.18721,35.45909]]},"properties":{"net":"sm3082","o":2}},{"type":"Feature","geometry":{"type":"LineString","coordinates":[[-83.17994,35.46772],[-83.1806,35.4684],[-83.1811,35.46874],[-83.18133,35.46905],[-83.18159,35.46978],[-83.18168,35.47085],[-83.18162,35.47253],[-83.18191,35.47396],[-83.18131,35.47552]]},"properties":{"net":"NC3046","o":2}},{"type":"Feature","geometry":{"type":"LineString","coordinates":[[-83.21552,35.45162],[-83.21517,35.45227],[-83.21445,35.45279],[-83.2131,35.45329],[-83.21172,35.45349],[-83.21,35.45392]]},"properties":{"net":"sm3081","o":1}},{"type":"Feature","geometry":{"type":"LineString","coordinates":[[-83.23107,35.49147],[-83.23216,35.49209],[-83.23297,35.49278],[-83.23337,35.49342],[-83.23373,35.49429],[-83.23438,35.49511],[-83.23481,35.496],[-83.23533,35.49653]]},"properties":{"net":"NC3046","o":1}},{"type":"Feature","geometry":{"type":"LineString","coordinates":[[-83.2207,35.50317],[-83.22164,35.50406],[-83.22276,35.50434],[-83.22542,35.50525],[-83.22677,35.50514],[-83.22721,35.50494],[-83.22743,35.50471],[-83.22999,35.50407]]},"properties":{"net":"NC3046","o":1}},{"type":"Feature","geometry":{"type":"LineString","coordinates":[[-83.23218,35.52571],[-83.2319,35.52597]]},"properties":{"net":"NC3046","o":2}},{"type":"Feature","geometry":{"type":"LineString","coordinates":[[-83.22969,35.53264],[-83.22983,35.53304],[-83.23018,35.53354],[-83.23015,35.53411]]},"properties":{"net":"NC3046","o":2}},{"type":"Feature","geometry":{"type":"LineString","coordinates":[[-83.22968,35.52632],[-83.23079,35.52779]]},"properties":{"net":"NC3046","o":1}},{"type":"Feature","geometry":{"type":"LineString","coordinates":[[-83.23006,35.53044],[-83.23006,35.5314],[-83.22971,35.53229],[-83.22969,35.53264]]},"properties":{"net":"NC3046","o":2}},{"type":"Feature","geometry":{"type":"LineString","coordinates":[[-83.22455,35.52705],[-83.22418,35.52744],[-83.22367,35.52772],[-83.22271,35.52846]]},"properties":{"net":"NC3046","o":2}},{"type":"Feature","geometry":{"type":"LineString","coordinates":[[-83.23281,35.55179],[-83.23307,35.55208]]},"properties":{"net":"NC3046","o":5}},{"type":"Feature","geometry":{"type":"LineString","coordinates":[[-83.23127,35.54571],[-83.23056,35.54667],[-83.23043,35.54717]]},"properties":{"net":"NC3046","o":4}},{"type":"Feature","geometry":{"type":"LineString","coordinates":[[-83.23125,35.56248],[-83.23034,35.56123],[-83.23004,35.56097],[-83.22986,35.56093]]},"properties":{"net":"NC3046","o":1}},{"type":"Feature","geometry":{"type":"LineString","coordinates":[[-83.2303,35.54157],[-83.23014,35.54178],[-83.2302,35.54232],[-83.2299,35.543],[-83.22985,35.54361],[-83.23009,35.54387],[-83.23079,35.54415],[-83.23084,35.54467]]},"properties":{"net":"NC3046","o":3}},{"type":"Feature","geometry":{"type":"LineString","coordinates":[[-83.22926,35.5427],[-83.2285,35.54281],[-83.22828,35.5431],[-83.22827,35.54348]]},"properties":{"net":"NC3046","o":1}},{"type":"Feature","geometry":{"type":"LineString","coordinates":[[-83.21959,35.5423],[-83.21992,35.54223],[-83.22049,35.5417]]},"properties":{"net":"NC3046","o":4}},{"type":"Feature","geometry":{"type":"LineString","coordinates":[[-83.21946,35.54171],[-83.22049,35.5417]]},"properties":{"net":"NC3046","o":1}},{"type":"Feature","geometry":{"type":"LineString","coordinates":[[-83.21985,35.54437],[-83.21983,35.54352],[-83.2193,35.54276],[-83.21959,35.5423]]},"properties":{"net":"NC3046","o":3}},{"type":"Feature","geometry":{"type":"LineString","coordinates":[[-83.21711,35.54195],[-83.21847,35.54231],[-83.21896,35.54254]]},"properties":{"net":"NC3046","o":4}},{"type":"Feature","geometry":{"type":"LineString","coordinates":[[-83.2161,35.55424],[-83.21683,35.55473],[-83.2183,35.55487],[-83.21872,35.55501],[-83.21934,35.55491],[-83.21996,35.5544]]},"properties":{"net":"sm3086","o":3}},{"type":"Feature","geometry":{"type":"LineString","coordinates":[[-83.22873,35.56126],[-83.22967,35.56121]]},"properties":{"net":"NC3046","o":1}},{"type":"Feature","geometry":{"type":"LineString","coordinates":[[-83.20826,35.45936],[-83.20903,35.45946],[-83.21071,35.46],[-83.21166,35.4598],[-83.21219,35.4598],[-83.2138,35.46008],[-83.2146,35.46035]]},"properties":{"net":"sm3081","o":1}},{"type":"Feature","geometry":{"type":"LineString","coordinates":[[-83.19574,35.46803],[-83.1973,35.46867],[-83.19788,35.46872],[-83.19889,35.46859],[-83.19959,35.46866]]},"properties":{"net":"sm3082","o":3}},{"type":"Feature","geometry":{"type":"LineString","coordinates":[[-83.1849,35.45368],[-83.18471,35.45434],[-83.18413,35.45535],[-83.18408,35.45605],[-83.18397,35.45634]]},"properties":{"net":"sm3082","o":1}},{"type":"Feature","geometry":{"type":"LineString","coordinates":[[-83.17801,35.45368],[-83.17927,35.45453],[-83.17992,35.45485],[-83.18298,35.45529]]},"properties":{"net":"sm3082","o":1}},{"type":"Feature","geometry":{"type":"LineString","coordinates":[[-83.18721,35.45909],[-83.18849,35.46091]]},"properties":{"net":"sm3082","o":3}},{"type":"Feature","geometry":{"type":"LineString","coordinates":[[-83.18404,35.46139],[-83.18522,35.46139],[-83.18646,35.46091],[-83.18849,35.46091]]},"properties":{"net":"sm3082","o":1}},{"type":"Feature","geometry":{"type":"LineString","coordinates":[[-83.18202,35.49504],[-83.18188,35.4946],[-83.18164,35.49424],[-83.18044,35.4932],[-83.17996,35.49158]]},"properties":{"net":"NC3046","o":2}},{"type":"Feature","geometry":{"type":"LineString","coordinates":[[-83.19183,35.52798],[-83.19193,35.52807],[-83.19222,35.52897]]},"properties":{"net":"NC3046","o":3}},{"type":"Feature","geometry":{"type":"LineString","coordinates":[[-83.19397,35.51952],[-83.19286,35.52011],[-83.19229,35.52053],[-83.19166,35.52139],[-83.19056,35.52248]]},"properties":{"net":"NC3046","o":1}},{"type":"Feature","geometry":{"type":"LineString","coordinates":[[-83.18924,35.52433],[-83.1893,35.52501],[-83.18971,35.52579]]},"properties":{"net":"NC3046","o":3}},{"type":"Feature","geometry":{"type":"LineString","coordinates":[[-83.18683,35.52226],[-83.1871,35.5224]]},"properties":{"net":"NC3046","o":3}},{"type":"Feature","geometry":{"type":"LineString","coordinates":[[-83.20661,35.38884],[-83.20741,35.38843],[-83.20841,35.3876]]},"properties":{"net":"out","o":5}},{"type":"Feature","geometry":{"type":"LineString","coordinates":[[-83.20233,35.39248],[-83.20278,35.39203],[-83.20322,35.39125],[-83.20383,35.3907],[-83.20403,35.39024]]},"properties":{"net":"out","o":5}},{"type":"Feature","geometry":{"type":"LineString","coordinates":[[-83.20269,35.45403],[-83.20365,35.45435],[-83.20436,35.45441],[-83.20557,35.45429],[-83.20744,35.45473],[-83.20842,35.45477],[-83.21012,35.45564],[-83.21088,35.45585]]},"properties":{"net":"sm3081","o":2}},{"type":"Feature","geometry":{"type":"LineString","coordinates":[[-83.18617,35.28295],[-83.18555,35.28424],[-83.18439,35.28472],[-83.18361,35.28545],[-83.18315,35.28572],[-83.18267,35.28622],[-83.18233,35.28634],[-83.18182,35.28689],[-83.18075,35.28766]]},"properties":{"net":"NC6252","o":4}},{"type":"Feature","geometry":{"type":"LineString","coordinates":[[-83.19085,35.46531],[-83.192,35.466],[-83.19391,35.46661],[-83.19538,35.46788]]},"properties":{"net":"sm3082","o":3}},{"type":"Feature","geometry":{"type":"LineString","coordinates":[[-83.21408,35.53974],[-83.21421,35.53988]]},"properties":{"net":"NC3046","o":4}},{"type":"Feature","geometry":{"type":"LineString","coordinates":[[-83.21013,35.53863],[-83.21096,35.53801],[-83.21123,35.53766],[-83.2116,35.53747]]},"properties":{"net":"NC3046","o":2}},{"type":"Feature","geometry":{"type":"LineString","coordinates":[[-83.20766,35.53297],[-83.20782,35.53333],[-83.20763,35.5337],[-83.20759,35.53452],[-83.20706,35.53529]]},"properties":{"net":"NC3046","o":1}},{"type":"Feature","geometry":{"type":"LineString","coordinates":[[-83.2047,35.54021],[-83.20495,35.5395],[-83.20523,35.5391],[-83.20557,35.53827],[-83.20553,35.5376],[-83.20577,35.53737],[-83.2063,35.5371]]},"properties":{"net":"NC3046","o":2}},{"type":"Feature","geometry":{"type":"LineString","coordinates":[[-83.20205,35.52187],[-83.20187,35.52225]]},"properties":{"net":"NC3046","o":2}},{"type":"Feature","geometry":{"type":"LineString","coordinates":[[-83.1653,35.21046],[-83.16486,35.21061],[-83.16441,35.21044],[-83.16336,35.2103],[-83.16263,35.21001],[-83.1616,35.20927],[-83.16133,35.20933],[-83.16101,35.20956],[-83.16079,35.20957],[-83.15933,35.20904],[-83.1584,35.20902],[-83.15823,35.20894],[-83.15757,35.20901],[-83.15679,35.20985],[-83.15693,35.21047],[-83.15723,35.21091],[-83.15734,35.21199],[-83.15758,35.21234],[-83.15804,35.21269],[-83.15893,35.21297],[-83.16012,35.21361],[-83.16097,35.21426],[-83.16121,35.21457],[-83.16122,35.21479],[-83.16085,35.21503],[-83.16008,35.2151],[-83.15992,35.2152],[-83.15855,35.21529],[-83.15743,35.21587],[-83.15602,35.21623],[-83.15547,35.21625],[-83.15513,35.21613],[-83.15484,35.21582],[-83.15477,35.21555],[-83.15442,35.21498],[-83.1526,35.21382],[-83.15181,35.21353],[-83.15113,35.21344]]},"properties":{"net":"NC3029","o":4}},{"type":"Feature","geometry":{"type":"LineString","coordinates":[[-83.15463,35.28525],[-83.1541,35.28533],[-83.15367,35.28562],[-83.15259,35.28701],[-83.15215,35.28812],[-83.15195,35.28831],[-83.15094,35.28871],[-83.15039,35.28907],[-83.14887,35.28964],[-83.14751,35.28914],[-83.14665,35.28929],[-83.14632,35.28959]]},"properties":{"net":"NC3252","o":1}},{"type":"Feature","geometry":{"type":"LineString","coordinates":[[-83.16592,35.31214],[-83.16733,35.31107],[-83.16792,35.31074],[-83.16872,35.31071]]},"properties":{"net":"NC3252","o":5}},{"type":"Feature","geometry":{"type":"LineString","coordinates":[[-83.18075,35.28766],[-83.18066,35.28798],[-83.18083,35.28847],[-83.18108,35.28863],[-83.18224,35.28899],[-83.18266,35.28962],[-83.18271,35.29032],[-83.18288,35.29092],[-83.18284,35.29167],[-83.1823,35.29286],[-83.18231,35.2934],[-83.18211,35.29455]]},"properties":{"net":"NC6252","o":4}},{"type":"Feature","geometry":{"type":"LineString","coordinates":[[-83.16164,35.4028],[-83.16204,35.40255],[-83.16239,35.40252]]},"properties":{"net":"out","o":5}},{"type":"Feature","geometry":{"type":"LineString","coordinates":[[-83.14899,35.40807],[-83.1502,35.40829],[-83.15166,35.40912],[-83.15322,35.40949]]},"properties":{"net":"out","o":5}},{"type":"Feature","geometry":{"type":"LineString","coordinates":[[-83.14795,35.45568],[-83.14904,35.45614],[-83.15055,35.45713],[-83.15161,35.45769]]},"properties":{"net":"NC3046","o":1}},{"type":"Feature","geometry":{"type":"LineString","coordinates":[[-83.14462,35.4779],[-83.14549,35.47793],[-83.14683,35.47781],[-83.14815,35.47723],[-83.15034,35.47666]]},"properties":{"net":"sm54735","o":1}},{"type":"Feature","geometry":{"type":"LineString","coordinates":[[-83.15961,35.45435],[-83.15971,35.45584],[-83.15966,35.45632],[-83.15943,35.45684],[-83.15901,35.4573],[-83.15898,35.45751],[-83.15899,35.45778],[-83.15946,35.45916],[-83.1595,35.46006]]},"properties":{"net":"NC3046","o":2}},{"type":"Feature","geometry":{"type":"LineString","coordinates":[[-83.15979,35.47194],[-83.16097,35.47227],[-83.16277,35.47257],[-83.16348,35.47252],[-83.16401,35.47238],[-83.16497,35.47184]]},"properties":{"net":"NC3046","o":1}},{"type":"Feature","geometry":{"type":"LineString","coordinates":[[-83.15548,35.47691],[-83.15672,35.47695],[-83.15813,35.47687]]},"properties":{"net":"sm54735","o":2}},{"type":"Feature","geometry":{"type":"LineString","coordinates":[[-83.15813,35.47687],[-83.15833,35.47685]]},"properties":{"net":"NC3046","o":2}},{"type":"Feature","geometry":{"type":"LineString","coordinates":[[-83.15522,35.46651],[-83.15692,35.46715],[-83.15785,35.46782],[-83.15813,35.46792],[-83.1596,35.46791],[-83.16117,35.46743],[-83.162,35.46735],[-83.16356,35.46771],[-83.16393,35.4677],[-83.16575,35.46686]]},"properties":{"net":"NC3046","o":1}},{"type":"Feature","geometry":{"type":"LineString","coordinates":[[-83.14255,35.46847],[-83.14311,35.46827],[-83.14405,35.46772],[-83.14505,35.46757],[-83.14638,35.46778],[-83.14719,35.46804],[-83.14803,35.46806],[-83.14876,35.46821],[-83.15031,35.46874],[-83.15153,35.46971],[-83.15373,35.47172],[-83.15446,35.47279],[-83.15562,35.47389],[-83.15631,35.47481],[-83.15712,35.47553],[-83.15788,35.47648],[-83.15833,35.47685]]},"properties":{"net":"NC3046","o":1}},{"type":"Feature","geometry":{"type":"LineString","coordinates":[[-83.15878,35.55682],[-83.1591,35.55624],[-83.15914,35.55583],[-83.15928,35.55561],[-83.16018,35.555],[-83.16134,35.55463],[-83.16228,35.55458],[-83.16362,35.55465],[-83.16429,35.55453],[-83.16452,35.55442],[-83.16487,35.55403],[-83.16614,35.55374],[-83.16684,35.55348]]},"properties":{"net":"NC3046","o":1}},{"type":"Feature","geometry":{"type":"LineString","coordinates":[[-83.05351,35.3458],[-83.05348,35.34538],[-83.05376,35.34454],[-83.05378,35.34362],[-83.0539,35.34305],[-83.05496,35.34138],[-83.05564,35.34063],[-83.05594,35.34001],[-83.05595,35.33964],[-83.05562,35.33882],[-83.05558,35.33851],[-83.05607,35.33768],[-83.0563,35.33704],[-83.05633,35.33667],[-83.05619,35.33608]]},"properties":{"net":"sm8027254","o":2}},{"type":"Feature","geometry":{"type":"LineString","coordinates":[[-83.04907,35.22984],[-83.04972,35.23037],[-83.05067,35.23244],[-83.05105,35.23278]]},"properties":{"net":"NC3028","o":4}},{"type":"Feature","geometry":{"type":"LineString","coordinates":[[-83.35014,35.48725],[-83.35005,35.48712],[-83.35007,35.48677]]},"properties":{"net":"NC3046","o":4}},{"type":"Feature","geometry":{"type":"LineString","coordinates":[[-83.34977,35.48135],[-83.34989,35.48118]]},"properties":{"net":"NC3046","o":2}},{"type":"Feature","geometry":{"type":"LineString","coordinates":[[-83.34962,35.48981],[-83.34965,35.48922],[-83.34986,35.48857]]},"properties":{"net":"NC3046","o":4}},{"type":"Feature","geometry":{"type":"LineString","coordinates":[[-83.34879,35.48911],[-83.34893,35.4889],[-83.34986,35.48857]]},"properties":{"net":"NC3046","o":2}},{"type":"Feature","geometry":{"type":"LineString","coordinates":[[-83.34872,35.49431],[-83.34911,35.49381],[-83.34986,35.49343],[-83.35014,35.4932],[-83.3502,35.49285],[-83.35015,35.49246]]},"properties":{"net":"NC3046","o":1}},{"type":"Feature","geometry":{"type":"LineString","coordinates":[[-83.0615,35.24028],[-83.06413,35.23947],[-83.06504,35.23966]]},"properties":{"net":"NC3028","o":4}},{"type":"Feature","geometry":{"type":"LineString","coordinates":[[-83.33517,35.46963],[-83.33341,35.47109]]},"properties":{"net":"NC3046","o":1}},{"type":"Feature","geometry":{"type":"LineString","coordinates":[[-83.3328,35.47598],[-83.3331,35.47556]]},"properties":{"net":"NC3046","o":3}},{"type":"Feature","geometry":{"type":"LineString","coordinates":[[-83.33117,35.46927],[-83.33169,35.46937],[-83.33194,35.46965],[-83.33194,35.46988]]},"properties":{"net":"NC3046","o":2}},{"type":"Feature","geometry":{"type":"LineString","coordinates":[[-83.32912,35.4696],[-83.32917,35.46942]]},"properties":{"net":"NC3046","o":2}},{"type":"Feature","geometry":{"type":"LineString","coordinates":[[-83.32945,35.46314],[-83.32919,35.46377],[-83.32898,35.46399],[-83.32875,35.46401]]},"properties":{"net":"NC3046","o":1}},{"type":"Feature","geometry":{"type":"LineString","coordinates":[[-83.32736,35.47389],[-83.32741,35.47345],[-83.32674,35.47214]]},"properties":{"net":"NC3046","o":1}},{"type":"Feature","geometry":{"type":"LineString","coordinates":[[-83.31955,35.47734],[-83.31967,35.47645],[-83.32002,35.47563],[-83.31984,35.47524],[-83.31952,35.47497]]},"properties":{"net":"NC3046","o":6}},{"type":"Feature","geometry":{"type":"LineString","coordinates":[[-83.33687,35.49744],[-83.33741,35.49747],[-83.33828,35.49693]]},"properties":{"net":"NC3046","o":1}},{"type":"Feature","geometry":{"type":"LineString","coordinates":[[-83.33612,35.49592],[-83.33659,35.49602],[-83.33738,35.49593],[-83.33802,35.49603],[-83.33852,35.49599]]},"properties":{"net":"NC3046","o":1}},{"type":"Feature","geometry":{"type":"LineString","coordinates":[[-83.33846,35.48733],[-83.3361,35.48696]]},"properties":{"net":"NC3046","o":1}},{"type":"Feature","geometry":{"type":"LineString","coordinates":[[-83.3361,35.48696],[-83.33539,35.48637]]},"properties":{"net":"NC3046","o":2}},{"type":"Feature","geometry":{"type":"LineString","coordinates":[[-83.32751,35.49369],[-83.32691,35.49305],[-83.32571,35.4924],[-83.32541,35.49197]]},"properties":{"net":"NC3046","o":1}},{"type":"Feature","geometry":{"type":"LineString","coordinates":[[-83.3428,35.49202],[-83.34312,35.49191],[-83.34382,35.49202],[-83.34516,35.49146],[-83.34574,35.49136],[-83.34693,35.49172]]},"properties":{"net":"NC3046","o":1}},{"type":"Feature","geometry":{"type":"LineString","coordinates":[[-83.34271,35.48589],[-83.34318,35.48602],[-83.34359,35.48626],[-83.34467,35.48611],[-83.34572,35.48615]]},"properties":{"net":"NC3046","o":1}},{"type":"Feature","geometry":{"type":"LineString","coordinates":[[-83.35155,35.49907],[-83.35102,35.4987]]},"properties":{"net":"NC3046","o":2}},{"type":"Feature","geometry":{"type":"LineString","coordinates":[[-83.35057,35.50006],[-83.35068,35.49951],[-83.35095,35.49906],[-83.35102,35.4987]]},"properties":{"net":"NC3046","o":3}},{"type":"Feature","geometry":{"type":"LineString","coordinates":[[-83.34796,35.50549],[-83.34788,35.50504]]},"properties":{"net":"NC3046","o":2}},{"type":"Feature","geometry":{"type":"LineString","coordinates":[[-83.34735,35.50279],[-83.34747,35.50247]]},"properties":{"net":"NC3046","o":2}},{"type":"Feature","geometry":{"type":"LineString","coordinates":[[-83.34747,35.50767],[-83.34726,35.5072],[-83.34725,35.50684],[-83.34796,35.50549]]},"properties":{"net":"NC3046","o":1}},{"type":"Feature","geometry":{"type":"LineString","coordinates":[[-83.34025,35.5562],[-83.34054,35.55649],[-83.34079,35.55693],[-83.34076,35.55704],[-83.34143,35.55768],[-83.3415,35.558]]},"properties":{"net":"NC3046","o":2}},{"type":"Feature","geometry":{"type":"LineString","coordinates":[[-83.35204,35.58324],[-83.35136,35.5826],[-83.35126,35.58185],[-83.35107,35.58168]]},"properties":{"net":"NC3046","o":4}},{"type":"Feature","geometry":{"type":"LineString","coordinates":[[-83.35259,35.57127],[-83.35145,35.57112],[-83.34956,35.57112],[-83.34899,35.57099]]},"properties":{"net":"NC3046","o":1}},{"type":"Feature","geometry":{"type":"LineString","coordinates":[[-83.35489,35.56608],[-83.35331,35.56594],[-83.35307,35.56577],[-83.35259,35.56568],[-83.3515,35.56596],[-83.3501,35.5658],[-83.34953,35.5656],[-83.34859,35.56494],[-83.34801,35.56473]]},"properties":{"net":"NC3046","o":2}},{"type":"Feature","geometry":{"type":"LineString","coordinates":[[-83.34569,35.56303],[-83.34538,35.56341],[-83.34533,35.56416],[-83.34446,35.56486]]},"properties":{"net":"NC3046","o":1}},{"type":"Feature","geometry":{"type":"LineString","coordinates":[[-83.3441,35.57716],[-83.34406,35.57719]]},"properties":{"net":"NC3046","o":1}},{"type":"Feature","geometry":{"type":"LineString","coordinates":[[-83.35186,35.61771],[-83.34747,35.61654],[-83.34703,35.61628],[-83.34614,35.61535],[-83.34502,35.61494],[-83.34449,35.61458],[-83.34373,35.61426],[-83.3432,35.61414],[-83.3429,35.61395],[-83.342,35.61365]]},"properties":{"net":"NC3046","o":1}},{"type":"Feature","geometry":{"type":"LineString","coordinates":[[-83.35962,35.62961],[-83.35986,35.62885],[-83.36001,35.62785],[-83.36029,35.6276],[-83.36041,35.62723],[-83.36039,35.62675],[-83.36074,35.62638],[-83.3608,35.62611],[-83.36108,35.6257],[-83.3615,35.62559]]},"properties":{"net":"NC3046","o":1}},{"type":"Feature","geometry":{"type":"LineString","coordinates":[[-83.34457,35.64005],[-83.34442,35.64009],[-83.34426,35.64041],[-83.34411,35.64045],[-83.34339,35.64025],[-83.34263,35.63918],[-83.3421,35.6387],[-83.34191,35.63796],[-83.34093,35.63761],[-83.34025,35.63749],[-83.33888,35.63697],[-83.33838,35.63699],[-83.33796,35.63684],[-83.33735,35.63688],[-83.33682,35.63663],[-83.33615,35.63593],[-83.33537,35.63484],[-83.33475,35.63447],[-83.33469,35.63386],[-83.33478,35.63346],[-83.3345,35.63319],[-83.33348,35.63322],[-83.33296,35.63339],[-83.33209,35.63342],[-83.33169,35.63359],[-83.33169,35.63412],[-83.33184,35.63455],[-83.33176,35.63474],[-83.33158,35.63474],[-83.33085,35.63441],[-83.33029,35.63392],[-83.3301,35.63361]]},"properties":{"net":"NC3046","o":2}},{"type":"Feature","geometry":{"type":"LineString","coordinates":[[-83.3385,35.47397],[-83.3407,35.4733]]},"properties":{"net":"NC3046","o":6}},{"type":"Feature","geometry":{"type":"LineString","coordinates":[[-83.25178,35.598],[-83.25206,35.59775],[-83.25243,35.59712],[-83.25283,35.59675],[-83.25339,35.59595],[-83.25399,35.5956],[-83.25462,35.59539],[-83.2563,35.59419],[-83.25729,35.59392],[-83.2579,35.59353],[-83.25881,35.59256],[-83.25927,35.59225],[-83.2596,35.59176],[-83.26029,35.5911]]},"properties":{"net":"NC3046","o":1}},{"type":"Feature","geometry":{"type":"LineString","coordinates":[[-83.26046,35.61541],[-83.26064,35.61439],[-83.26089,35.61375],[-83.26094,35.61312],[-83.26131,35.61229],[-83.26112,35.6113]]},"properties":{"net":"NC3046","o":1}},{"type":"Feature","geometry":{"type":"LineString","coordinates":[[-83.28281,35.50566],[-83.28358,35.50518],[-83.28489,35.50506]]},"properties":{"net":"NC3046","o":1}},{"type":"Feature","geometry":{"type":"LineString","coordinates":[[-83.28123,35.5052],[-83.28329,35.50476],[-83.28397,35.50443],[-83.28498,35.50462],[-83.28551,35.50457]]},"properties":{"net":"NC3046","o":2}},{"type":"Feature","geometry":{"type":"LineString","coordinates":[[-83.28147,35.51635],[-83.28094,35.51723],[-83.28094,35.51808]]},"properties":{"net":"NC3046","o":1}},{"type":"Feature","geometry":{"type":"LineString","coordinates":[[-83.28995,35.52407],[-83.29,35.52395]]},"properties":{"net":"NC3046","o":2}},{"type":"Feature","geometry":{"type":"LineString","coordinates":[[-83.28074,35.53972],[-83.28029,35.53926],[-83.27933,35.53882]]},"properties":{"net":"NC3046","o":1}},{"type":"Feature","geometry":{"type":"LineString","coordinates":[[-83.28031,35.53991],[-83.28005,35.53946],[-83.27933,35.53882]]},"properties":{"net":"NC3046","o":1}},{"type":"Feature","geometry":{"type":"LineString","coordinates":[[-83.28351,35.55613],[-83.28339,35.55603],[-83.28326,35.55553],[-83.28299,35.55516]]},"properties":{"net":"NC3046","o":3}},{"type":"Feature","geometry":{"type":"LineString","coordinates":[[-83.28299,35.55516],[-83.28282,35.55445],[-83.28286,35.55406]]},"properties":{"net":"NC3046","o":3}},{"type":"Feature","geometry":{"type":"LineString","coordinates":[[-83.27982,35.55048],[-83.28032,35.55017],[-83.28055,35.54984],[-83.28127,35.54964],[-83.2815,35.54921],[-83.28171,35.54909]]},"properties":{"net":"NC3046","o":1}},{"type":"Feature","geometry":{"type":"LineString","coordinates":[[-83.28442,35.58403],[-83.28365,35.58377],[-83.28285,35.58292],[-83.28253,35.58246],[-83.28235,35.58177],[-83.28208,35.58136],[-83.28179,35.58061],[-83.28104,35.57981],[-83.28103,35.57954],[-83.28079,35.57938],[-83.28076,35.57925],[-83.28008,35.5789],[-83.2797,35.57822],[-83.27931,35.57788],[-83.27883,35.57768],[-83.27871,35.57749],[-83.27827,35.57734],[-83.2782,35.57715],[-83.27778,35.57673],[-83.27744,35.57661],[-83.27697,35.57626]]},"properties":{"net":"sm3084","o":1}},{"type":"Feature","geometry":{"type":"LineString","coordinates":[[-83.27494,35.62796],[-83.27505,35.62927],[-83.27519,35.62944],[-83.27522,35.62971],[-83.27414,35.63127],[-83.27384,35.63207],[-83.27349,35.6324]]},"properties":{"net":"NC3046","o":1}},{"type":"Feature","geometry":{"type":"LineString","coordinates":[[-83.24263,35.57821],[-83.24308,35.57773]]},"properties":{"net":"NC3046","o":4}},{"type":"Feature","geometry":{"type":"LineString","coordinates":[[-83.2423,35.5644],[-83.24273,35.56414]]},"properties":{"net":"NC3046","o":1}},{"type":"Feature","geometry":{"type":"LineString","coordinates":[[-83.2408,35.56199],[-83.24142,35.56178],[-83.24168,35.56136]]},"properties":{"net":"NC3046","o":2}},{"type":"Feature","geometry":{"type":"LineString","coordinates":[[-83.28274,35.51949],[-83.28265,35.51953]]},"properties":{"net":"NC3046","o":1}},{"type":"Feature","geometry":{"type":"LineString","coordinates":[[-83.2823,35.51905],[-83.28265,35.51953]]},"properties":{"net":"NC3046","o":6}},{"type":"Feature","geometry":{"type":"LineString","coordinates":[[-83.28186,35.53224],[-83.28199,35.5322]]},"properties":{"net":"NC3046","o":1}},{"type":"Feature","geometry":{"type":"LineString","coordinates":[[-83.26128,35.4032],[-83.26122,35.40302],[-83.26132,35.40271],[-83.26292,35.40143],[-83.2626,35.40073],[-83.26237,35.39919]]},"properties":{"net":"out","o":4}},{"type":"Feature","geometry":{"type":"LineString","coordinates":[[-83.27378,35.4928],[-83.27382,35.49251]]},"properties":{"net":"NC3046","o":2}},{"type":"Feature","geometry":{"type":"LineString","coordinates":[[-83.27756,35.51856],[-83.27767,35.51858]]},"properties":{"net":"NC3046","o":3}},{"type":"Feature","geometry":{"type":"LineString","coordinates":[[-83.27038,35.51238],[-83.27132,35.51317]]},"properties":{"net":"NC3046","o":2}},{"type":"Feature","geometry":{"type":"LineString","coordinates":[[-83.27982,35.52231],[-83.27969,35.52157],[-83.27971,35.52108],[-83.27924,35.5206],[-83.27919,35.52033]]},"properties":{"net":"NC3046","o":1}},{"type":"Feature","geometry":{"type":"LineString","coordinates":[[-83.27884,35.52515],[-83.27842,35.52443]]},"properties":{"net":"NC3046","o":1}},{"type":"Feature","geometry":{"type":"LineString","coordinates":[[-83.29463,35.55378],[-83.29454,35.55298]]},"properties":{"net":"NC3046","o":4}},{"type":"Feature","geometry":{"type":"LineString","coordinates":[[-83.2935,35.55839],[-83.29348,35.55814],[-83.29327,35.55794]]},"properties":{"net":"NC3046","o":3}},{"type":"Feature","geometry":{"type":"LineString","coordinates":[[-83.29327,35.55794],[-83.29319,35.55778],[-83.29326,35.55765],[-83.29322,35.55736],[-83.29341,35.55686]]},"properties":{"net":"NC3046","o":3}},{"type":"Feature","geometry":{"type":"LineString","coordinates":[[-83.28873,35.54463],[-83.28828,35.54396],[-83.28787,35.54374]]},"properties":{"net":"NC3046","o":1}},{"type":"Feature","geometry":{"type":"LineString","coordinates":[[-83.29072,35.55295],[-83.29057,35.55274],[-83.28927,35.5519],[-83.28862,35.55177],[-83.28748,35.55116],[-83.28615,35.55072],[-83.28569,35.54976],[-83.28476,35.5494]]},"properties":{"net":"NC3046","o":1}},{"type":"Feature","geometry":{"type":"LineString","coordinates":[[-83.26958,35.53919],[-83.26969,35.53925]]},"properties":{"net":"NC3046","o":1}},{"type":"Feature","geometry":{"type":"LineString","coordinates":[[-83.26909,35.54022],[-83.26969,35.53925]]},"properties":{"net":"NC3046","o":6}},{"type":"Feature","geometry":{"type":"LineString","coordinates":[[-83.26843,35.53323],[-83.26914,35.53276],[-83.26959,35.53208],[-83.26977,35.5316],[-83.27051,35.53097]]},"properties":{"net":"sm3083","o":1}},{"type":"Feature","geometry":{"type":"LineString","coordinates":[[-83.26826,35.52456],[-83.26855,35.52531],[-83.26879,35.52558],[-83.26887,35.52593]]},"properties":{"net":"sm3083","o":1}},{"type":"Feature","geometry":{"type":"LineString","coordinates":[[-83.27818,35.54053],[-83.27823,35.54015]]},"properties":{"net":"NC3046","o":2}},{"type":"Feature","geometry":{"type":"LineString","coordinates":[[-83.2783,35.55393],[-83.27756,35.55372]]},"properties":{"net":"NC3046","o":1}},{"type":"Feature","geometry":{"type":"LineString","coordinates":[[-83.27671,35.54195],[-83.27681,35.54174],[-83.27703,35.54162],[-83.27745,35.54078],[-83.27818,35.54053]]},"properties":{"net":"NC3046","o":1}},{"type":"Feature","geometry":{"type":"LineString","coordinates":[[-83.2795,35.57341],[-83.28012,35.57208],[-83.28061,35.57133]]},"properties":{"net":"NC3046","o":1}},{"type":"Feature","geometry":{"type":"LineString","coordinates":[[-83.26867,35.55131],[-83.26878,35.55113],[-83.2688,35.55036],[-83.26895,35.5499],[-83.27013,35.54943],[-83.27067,35.54897]]},"properties":{"net":"NC3046","o":2}},{"type":"Feature","geometry":{"type":"LineString","coordinates":[[-83.26447,35.54298],[-83.26487,35.54308],[-83.26524,35.54297],[-83.26595,35.5423],[-83.26608,35.54203],[-83.26629,35.54194]]},"properties":{"net":"NC3046","o":4}},{"type":"Feature","geometry":{"type":"LineString","coordinates":[[-83.26476,35.56065],[-83.26391,35.56036]]},"properties":{"net":"sm3084","o":4}},{"type":"Feature","geometry":{"type":"LineString","coordinates":[[-83.26405,35.55818],[-83.26342,35.55776],[-83.26313,35.55728]]},"properties":{"net":"sm3084","o":1}},{"type":"Feature","geometry":{"type":"LineString","coordinates":[[-83.26313,35.55728],[-83.26301,35.5572]]},"properties":{"net":"sm3084","o":2}},{"type":"Feature","geometry":{"type":"LineString","coordinates":[[-83.29487,35.59826],[-83.29521,35.59834],[-83.29573,35.59819],[-83.29623,35.59826],[-83.29655,35.59817],[-83.29697,35.59835],[-83.29742,35.5982],[-83.2979,35.59829],[-83.29854,35.59827],[-83.29868,35.59817]]},"properties":{"net":"NC3046","o":2}},{"type":"Feature","geometry":{"type":"LineString","coordinates":[[-83.27874,35.60022],[-83.28052,35.60064],[-83.28125,35.60043],[-83.28215,35.60051],[-83.28343,35.60005],[-83.28447,35.60005],[-83.28498,35.60028],[-83.2857,35.60038],[-83.2859,35.60029],[-83.28602,35.60009],[-83.28623,35.60002],[-83.28671,35.60006],[-83.28705,35.60021],[-83.28757,35.60011],[-83.28815,35.60016]]},"properties":{"net":"NC3046","o":1}},{"type":"Feature","geometry":{"type":"LineString","coordinates":[[-83.25378,35.54357],[-83.25427,35.5433],[-83.25549,35.54341],[-83.25697,35.54328],[-83.25775,35.54359],[-83.25912,35.54352],[-83.25988,35.54309],[-83.2614,35.54274],[-83.26242,35.5421],[-83.2632,35.54208]]},"properties":{"net":"NC3046","o":1}},{"type":"Feature","geometry":{"type":"LineString","coordinates":[[-83.27674,35.5664],[-83.2753,35.56635]]},"properties":{"net":"sm3084","o":2}},{"type":"Feature","geometry":{"type":"LineString","coordinates":[[-83.27549,35.57477],[-83.27537,35.5746],[-83.27508,35.57447],[-83.27479,35.57402],[-83.27426,35.57375]]},"properties":{"net":"sm3084","o":3}},{"type":"Feature","geometry":{"type":"LineString","coordinates":[[-83.25803,35.57865],[-83.25826,35.57821],[-83.25879,35.57787],[-83.25897,35.57758],[-83.25961,35.57764],[-83.25987,35.57779],[-83.26035,35.57761],[-83.26079,35.57731]]},"properties":{"net":"NC3046","o":2}},{"type":"Feature","geometry":{"type":"LineString","coordinates":[[-83.26005,35.57501],[-83.25982,35.57489],[-83.25936,35.574],[-83.25888,35.57355],[-83.25837,35.57272],[-83.25775,35.57248]]},"properties":{"net":"NC3046","o":1}},{"type":"Feature","geometry":{"type":"LineString","coordinates":[[-83.26997,35.58316],[-83.26944,35.58327],[-83.26869,35.58326],[-83.26843,35.583],[-83.26807,35.58286],[-83.26749,35.5829],[-83.26708,35.5828],[-83.26666,35.58235],[-83.26641,35.58225]]},"properties":{"net":"NC3046","o":2}},{"type":"Feature","geometry":{"type":"LineString","coordinates":[[-83.27751,35.61231],[-83.27734,35.61107],[-83.27791,35.61016],[-83.27798,35.60975],[-83.27774,35.60954],[-83.27759,35.60885],[-83.27722,35.60845],[-83.27716,35.60826],[-83.27681,35.60802],[-83.27616,35.60725],[-83.27602,35.60687],[-83.27594,35.60588],[-83.27573,35.60528],[-83.27578,35.60468],[-83.27568,35.60445],[-83.27561,35.60347],[-83.27516,35.60302],[-83.27486,35.60295],[-83.27436,35.60313],[-83.27342,35.60315],[-83.27152,35.60271],[-83.27081,35.60277],[-83.27038,35.60253],[-83.26996,35.60248],[-83.26823,35.60293],[-83.267,35.60305],[-83.26668,35.60317],[-83.26626,35.60316],[-83.26589,35.60304],[-83.26545,35.60309]]},"properties":{"net":"NC3046","o":1}},{"type":"Feature","geometry":{"type":"LineString","coordinates":[[-83.25332,35.6104],[-83.25347,35.61042]]},"properties":{"net":"NC3046","o":2}},{"type":"Feature","geometry":{"type":"LineString","coordinates":[[-83.25212,35.62223],[-83.25202,35.62203],[-83.25255,35.62119],[-83.25259,35.62064],[-83.25241,35.62028]]},"properties":{"net":"NC3046","o":4}},{"type":"Feature","geometry":{"type":"LineString","coordinates":[[-83.24864,35.62607],[-83.24879,35.62567],[-83.24948,35.6253],[-83.2498,35.6249],[-83.2498,35.62468],[-83.25004,35.62452],[-83.25029,35.62413],[-83.25075,35.6239],[-83.25102,35.6236],[-83.25138,35.6234],[-83.25214,35.62231]]},"properties":{"net":"NC3046","o":1}},{"type":"Feature","geometry":{"type":"LineString","coordinates":[[-83.25751,35.51839],[-83.25751,35.5185]]},"properties":{"net":"sm3083","o":2}},{"type":"Feature","geometry":{"type":"LineString","coordinates":[[-83.27728,35.52006],[-83.27723,35.51984]]},"properties":{"net":"NC3046","o":6}},{"type":"Feature","geometry":{"type":"LineString","coordinates":[[-83.27674,35.5272],[-83.27655,35.52663],[-83.27665,35.52617]]},"properties":{"net":"NC3046","o":6}},{"type":"Feature","geometry":{"type":"LineString","coordinates":[[-83.27588,35.52861],[-83.27648,35.52814],[-83.2769,35.52759]]},"properties":{"net":"NC3046","o":1}},{"type":"Feature","geometry":{"type":"LineString","coordinates":[[-83.27498,35.54133],[-83.27489,35.54069],[-83.27452,35.54036],[-83.27449,35.5402],[-83.27408,35.53998]]},"properties":{"net":"NC3046","o":1}},{"type":"Feature","geometry":{"type":"LineString","coordinates":[[-83.27396,35.53699],[-83.27395,35.53648]]},"properties":{"net":"NC3046","o":1}},{"type":"Feature","geometry":{"type":"LineString","coordinates":[[-83.2727,35.53675],[-83.27396,35.53637]]},"properties":{"net":"NC3046","o":6}},{"type":"Feature","geometry":{"type":"LineString","coordinates":[[-83.23787,35.34735],[-83.23789,35.34752]]},"properties":{"net":"NC6252","o":5}},{"type":"Feature","geometry":{"type":"LineString","coordinates":[[-83.24645,35.3602],[-83.24648,35.36088]]},"properties":{"net":"NC6252","o":6}},{"type":"Feature","geometry":{"type":"LineString","coordinates":[[-83.24613,35.35504],[-83.24744,35.35498],[-83.24833,35.35517],[-83.24891,35.35561],[-83.24918,35.35602]]},"properties":{"net":"NC6252","o":6}},{"type":"Feature","geometry":{"type":"LineString","coordinates":[[-83.26313,35.52792],[-83.26387,35.52825]]},"properties":{"net":"sm3083","o":1}},{"type":"Feature","geometry":{"type":"LineString","coordinates":[[-83.26282,35.53384],[-83.26332,35.53327],[-83.26327,35.5329],[-83.26344,35.5325],[-83.26381,35.53218]]},"properties":{"net":"sm3083","o":2}},{"type":"Feature","geometry":{"type":"LineString","coordinates":[[-83.26332,35.53508],[-83.26274,35.5342],[-83.26282,35.53384]]},"properties":{"net":"sm3083","o":1}},{"type":"Feature","geometry":{"type":"LineString","coordinates":[[-83.26267,35.53819],[-83.2625,35.53851],[-83.26256,35.53882],[-83.26243,35.53932],[-83.26247,35.53975],[-83.262,35.54082]]},"properties":{"net":"NC3046","o":1}},{"type":"Feature","geometry":{"type":"LineString","coordinates":[[-83.25863,35.51989],[-83.25877,35.52024],[-83.25901,35.52052],[-83.25903,35.52129]]},"properties":{"net":"sm3083","o":3}},{"type":"Feature","geometry":{"type":"LineString","coordinates":[[-83.25573,35.52763],[-83.25775,35.52751]]},"properties":{"net":"sm3083","o":1}},{"type":"Feature","geometry":{"type":"LineString","coordinates":[[-83.25324,35.54187],[-83.2541,35.54108],[-83.25561,35.54046],[-83.25671,35.53969],[-83.25829,35.53927],[-83.25863,35.53909]]},"properties":{"net":"NC3046","o":1}},{"type":"Feature","geometry":{"type":"LineString","coordinates":[[-83.26237,35.5482],[-83.26309,35.54806]]},"properties":{"net":"NC3046","o":1}},{"type":"Feature","geometry":{"type":"LineString","coordinates":[[-83.26092,35.55227],[-83.26096,35.55233]]},"properties":{"net":"NC3046","o":1}},{"type":"Feature","geometry":{"type":"LineString","coordinates":[[-83.26057,35.54],[-83.26064,35.54027],[-83.26086,35.54053],[-83.262,35.54082]]},"properties":{"net":"NC3046","o":4}},{"type":"Feature","geometry":{"type":"LineString","coordinates":[[-83.25934,35.55362],[-83.25983,35.55318]]},"properties":{"net":"NC3046","o":6}},{"type":"Feature","geometry":{"type":"LineString","coordinates":[[-83.25727,35.54597],[-83.25788,35.54615],[-83.25999,35.54747],[-83.26087,35.5484],[-83.26191,35.54871],[-83.26254,35.54908],[-83.26281,35.54907]]},"properties":{"net":"NC3046","o":1}},{"type":"Feature","geometry":{"type":"LineString","coordinates":[[-83.2571,35.55006],[-83.25848,35.55033],[-83.25955,35.55075],[-83.26059,35.55148],[-83.26059,35.55184],[-83.26092,35.55227]]},"properties":{"net":"NC3046","o":1}},{"type":"Feature","geometry":{"type":"LineString","coordinates":[[-83.24885,35.53299],[-83.24929,35.53318],[-83.2494,35.5334],[-83.24979,35.53347]]},"properties":{"net":"NC3046","o":3}},{"type":"Feature","geometry":{"type":"LineString","coordinates":[[-83.24837,35.52652],[-83.24915,35.52625]]},"properties":{"net":"sm3083","o":2}},{"type":"Feature","geometry":{"type":"LineString","coordinates":[[-83.24774,35.53924],[-83.24813,35.53888],[-83.24819,35.53866]]},"properties":{"net":"NC3046","o":1}},{"type":"Feature","geometry":{"type":"LineString","coordinates":[[-83.24744,35.5267],[-83.24837,35.52652]]},"properties":{"net":"sm3083","o":2}},{"type":"Feature","geometry":{"type":"LineString","coordinates":[[-83.24704,35.53765],[-83.24722,35.53842]]},"properties":{"net":"NC3046","o":1}},{"type":"Feature","geometry":{"type":"LineString","coordinates":[[-83.24533,35.52284],[-83.24574,35.52254],[-83.24642,35.52258],[-83.24714,35.52243]]},"properties":{"net":"sm3083","o":1}},{"type":"Feature","geometry":{"type":"LineString","coordinates":[[-83.27424,35.5756],[-83.27451,35.57458],[-83.27447,35.57435],[-83.27421,35.57394],[-83.27426,35.57375]]},"properties":{"net":"sm3084","o":1}},{"type":"Feature","geometry":{"type":"LineString","coordinates":[[-83.27494,35.56404],[-83.27438,35.56388],[-83.27313,35.56392],[-83.2723,35.56358],[-83.27166,35.56355],[-83.2712,35.56367]]},"properties":{"net":"sm3084","o":1}},{"type":"Feature","geometry":{"type":"LineString","coordinates":[[-83.2753,35.56635],[-83.27455,35.56619],[-83.27367,35.56586],[-83.27319,35.56584],[-83.27285,35.56571],[-83.27218,35.56571],[-83.2718,35.56529],[-83.27073,35.56467]]},"properties":{"net":"sm3084","o":3}},{"type":"Feature","geometry":{"type":"LineString","coordinates":[[-83.27073,35.56467],[-83.27069,35.5645],[-83.27079,35.56437],[-83.27131,35.56409],[-83.2712,35.56367]]},"properties":{"net":"sm3084","o":4}},{"type":"Feature","geometry":{"type":"LineString","coordinates":[[-83.27191,35.56191],[-83.27127,35.56264],[-83.27063,35.56298]]},"properties":{"net":"sm3084","o":1}},{"type":"Feature","geometry":{"type":"LineString","coordinates":[[-83.2631,35.5766],[-83.26306,35.57612],[-83.26283,35.57576]]},"properties":{"net":"NC3046","o":2}},{"type":"Feature","geometry":{"type":"LineString","coordinates":[[-83.26124,35.57906],[-83.26154,35.57896],[-83.26225,35.57815]]},"properties":{"net":"NC3046","o":2}},{"type":"Feature","geometry":{"type":"LineString","coordinates":[[-83.2528,35.54881],[-83.25202,35.549],[-83.25176,35.54937],[-83.25156,35.54942]]},"properties":{"net":"NC3046","o":1}},{"type":"Feature","geometry":{"type":"LineString","coordinates":[[-83.2506,35.55228],[-83.251,35.55239]]},"properties":{"net":"NC3046","o":3}},{"type":"Feature","geometry":{"type":"LineString","coordinates":[[-83.25023,35.55637],[-83.25021,35.55599]]},"properties":{"net":"NC3046","o":2}},{"type":"Feature","geometry":{"type":"LineString","coordinates":[[-83.25125,35.55853],[-83.25044,35.55781],[-83.25024,35.55751],[-83.25013,35.55695],[-83.25023,35.55637]]},"properties":{"net":"NC3046","o":2}},{"type":"Feature","geometry":{"type":"LineString","coordinates":[[-83.26696,35.59577],[-83.26696,35.59535],[-83.26709,35.59489],[-83.26737,35.59435],[-83.26742,35.5938],[-83.26631,35.59176],[-83.26626,35.59129],[-83.26634,35.5909],[-83.26626,35.59063],[-83.26537,35.58989],[-83.26514,35.58915]]},"properties":{"net":"NC3046","o":4}},{"type":"Feature","geometry":{"type":"LineString","coordinates":[[-83.25463,35.57586],[-83.25495,35.5752],[-83.25573,35.5746],[-83.25618,35.57405],[-83.25613,35.57382],[-83.25556,35.57347],[-83.25543,35.57275],[-83.25527,35.57226],[-83.25513,35.57211]]},"properties":{"net":"NC3046","o":2}},{"type":"Feature","geometry":{"type":"LineString","coordinates":[[-83.25243,35.57906],[-83.25315,35.57875],[-83.25376,35.57824],[-83.25412,35.57824],[-83.25442,35.5781],[-83.25452,35.57788],[-83.25487,35.57762],[-83.25523,35.57714]]},"properties":{"net":"NC3046","o":1}},{"type":"Feature","geometry":{"type":"LineString","coordinates":[[-83.25215,35.58713],[-83.25254,35.58645],[-83.25254,35.58598],[-83.25286,35.58551],[-83.2532,35.58521],[-83.25359,35.58439],[-83.25418,35.58365],[-83.2546,35.58337],[-83.25499,35.58265],[-83.2558,35.58195],[-83.25591,35.58167],[-83.25588,35.58127],[-83.25612,35.58067]]},"properties":{"net":"NC3046","o":2}},{"type":"Feature","geometry":{"type":"LineString","coordinates":[[-83.25299,35.56257],[-83.25223,35.56271],[-83.25091,35.56267],[-83.2493,35.56208]]},"properties":{"net":"NC3046","o":1}},{"type":"Feature","geometry":{"type":"LineString","coordinates":[[-83.25005,35.56681],[-83.2492,35.56663]]},"properties":{"net":"NC3046","o":4}},{"type":"Feature","geometry":{"type":"LineString","coordinates":[[-83.25076,35.56132],[-83.25025,35.56124],[-83.24977,35.56136],[-83.24908,35.56125]]},"properties":{"net":"NC3046","o":1}},{"type":"Feature","geometry":{"type":"LineString","coordinates":[[-82.99072,35.18001],[-82.99078,35.1805],[-82.99151,35.1814],[-82.99182,35.18205],[-82.99196,35.18301],[-82.9917,35.18355],[-82.99154,35.18368],[-82.99057,35.18391],[-82.99007,35.18415],[-82.98997,35.18429],[-82.98997,35.18479],[-82.99005,35.18495],[-82.99085,35.18565],[-82.99118,35.18626],[-82.99092,35.1866],[-82.99025,35.18674],[-82.99026,35.18692],[-82.99289,35.18817],[-82.99374,35.18883],[-82.99451,35.18962],[-82.99488,35.18984]]},"properties":{"net":"NC3027","o":1}},{"type":"Feature","geometry":{"type":"LineString","coordinates":[[-82.97472,35.31189],[-82.97548,35.31212],[-82.97644,35.31256],[-82.9784,35.31279],[-82.98256,35.31268],[-82.9851,35.31243],[-82.98648,35.31241],[-82.98695,35.31243],[-82.98833,35.31277],[-82.9926,35.31234],[-82.99479,35.3118],[-82.99529,35.31177],[-82.99586,35.31187]]},"properties":{"net":"NC3252","o":1}},{"type":"Feature","geometry":{"type":"LineString","coordinates":[[-82.99986,35.3493],[-83.00048,35.34885],[-83.00121,35.348],[-83.00133,35.34727],[-83.0021,35.3455],[-83.00217,35.34443],[-83.00255,35.34324],[-83.00253,35.34292],[-83.00213,35.34196],[-83.00212,35.3409],[-83.00159,35.33976],[-83.00158,35.33938],[-83.00178,35.3384],[-83.00144,35.3372],[-83.00149,35.33692]]},"properties":{"net":"NC3252","o":1}},{"type":"Feature","geometry":{"type":"LineString","coordinates":[[-82.98518,35.33908],[-82.98543,35.33868],[-82.98578,35.33712],[-82.98592,35.33682],[-82.98652,35.33623],[-82.98672,35.3359],[-82.98708,35.3346],[-82.98732,35.33408],[-82.98795,35.33356],[-82.98874,35.33312],[-82.98892,35.3331],[-82.99018,35.33345],[-82.99196,35.33331],[-82.99294,35.33363],[-82.99426,35.33363],[-82.99467,35.33345],[-82.99493,35.33314],[-82.9954,35.33302],[-82.99563,35.33299],[-82.99648,35.33322],[-82.99688,35.3332],[-82.99783,35.33291],[-82.99986,35.33196]]},"properties":{"net":"NC3252","o":1}},{"type":"Feature","geometry":{"type":"LineString","coordinates":[[-82.95466,35.2464],[-82.95442,35.24593],[-82.95431,35.24526],[-82.95386,35.24509],[-82.95367,35.24477],[-82.95344,35.24465],[-82.95323,35.24427],[-82.95236,35.24342],[-82.95219,35.24312],[-82.95162,35.24266],[-82.95113,35.2419],[-82.95057,35.24154],[-82.94946,35.24116],[-82.94853,35.24055]]},"properties":{"net":"NC3027","o":1}},{"type":"Feature","geometry":{"type":"LineString","coordinates":[[-82.94415,35.2345],[-82.94433,35.23485],[-82.9446,35.23512],[-82.94622,35.23556],[-82.94712,35.23634],[-82.94795,35.23777],[-82.94872,35.23818],[-82.94906,35.23865],[-82.9494,35.23883]]},"properties":{"net":"NC3027","o":1}},{"type":"Feature","geometry":{"type":"LineString","coordinates":[[-82.9385,35.27374],[-82.9383,35.2733],[-82.93831,35.27297],[-82.93857,35.27262],[-82.93899,35.27248],[-82.93909,35.27232],[-82.93857,35.27186],[-82.93833,35.27096],[-82.93901,35.26872],[-82.93945,35.2679],[-82.93938,35.26721],[-82.93948,35.26647],[-82.93939,35.26589],[-82.93966,35.26525],[-82.93965,35.2647],[-82.93986,35.2642],[-82.94052,35.26331],[-82.94062,35.26289],[-82.94053,35.26199],[-82.94146,35.26189],[-82.94159,35.26173],[-82.94137,35.2603],[-82.94157,35.25909],[-82.94188,35.25865],[-82.94296,35.25799]]},"properties":{"net":"NC3027","o":3}},{"type":"Feature","geometry":{"type":"LineString","coordinates":[[-83.50614,35.42536],[-83.50583,35.42596]]},"properties":{"net":"out","o":4}},{"type":"Feature","geometry":{"type":"LineString","coordinates":[[-83.50545,35.42642],[-83.50522,35.42665],[-83.50515,35.4269],[-83.50499,35.42806]]},"properties":{"net":"out","o":4}},{"type":"Feature","geometry":{"type":"LineString","coordinates":[[-83.50499,35.42806],[-83.50494,35.42846],[-83.50445,35.42896]]},"properties":{"net":"out","o":4}},{"type":"Feature","geometry":{"type":"LineString","coordinates":[[-83.49944,35.43433],[-83.49932,35.43456]]},"properties":{"net":"out","o":4}},{"type":"Feature","geometry":{"type":"LineString","coordinates":[[-83.46347,35.4113],[-83.46352,35.41259]]},"properties":{"net":"out","o":4}},{"type":"Feature","geometry":{"type":"LineString","coordinates":[[-83.46565,35.42395],[-83.46672,35.42483]]},"properties":{"net":"out","o":7}},{"type":"Feature","geometry":{"type":"LineString","coordinates":[[-83.4651,35.41892],[-83.46471,35.41917],[-83.46397,35.42004]]},"properties":{"net":"out","o":4}},{"type":"Feature","geometry":{"type":"LineString","coordinates":[[-83.40897,35.60113],[-83.40866,35.6011],[-83.40813,35.60085]]},"properties":{"net":"NC3046","o":3}},{"type":"Feature","geometry":{"type":"LineString","coordinates":[[-83.45354,35.42291],[-83.45409,35.42199],[-83.45443,35.42159],[-83.45471,35.42143]]},"properties":{"net":"out","o":7}},{"type":"Feature","geometry":{"type":"LineString","coordinates":[[-83.45265,35.41838],[-83.45357,35.41916]]},"properties":{"net":"out","o":4}},{"type":"Feature","geometry":{"type":"LineString","coordinates":[[-83.45087,35.41683],[-83.4514,35.41726],[-83.45163,35.41766],[-83.45205,35.41779],[-83.45265,35.41838]]},"properties":{"net":"out","o":4}},{"type":"Feature","geometry":{"type":"LineString","coordinates":[[-83.4495,35.41594],[-83.44988,35.4163],[-83.45073,35.41669]]},"properties":{"net":"out","o":4}},{"type":"Feature","geometry":{"type":"LineString","coordinates":[[-83.44887,35.41595],[-83.44926,35.41579],[-83.4495,35.41594]]},"properties":{"net":"out","o":4}},{"type":"Feature","geometry":{"type":"LineString","coordinates":[[-83.40598,35.45849],[-83.40635,35.45736],[-83.40636,35.45719],[-83.40625,35.45705],[-83.4063,35.45685]]},"properties":{"net":"out","o":4}},{"type":"Feature","geometry":{"type":"LineString","coordinates":[[-83.50933,35.48502],[-83.50945,35.48483],[-83.50945,35.48458],[-83.50897,35.484],[-83.50931,35.48342],[-83.50914,35.48252],[-83.50921,35.48188],[-83.50967,35.48077],[-83.50925,35.47979],[-83.50926,35.47869],[-83.50915,35.47848]]},"properties":{"net":"out","o":4}},{"type":"Feature","geometry":{"type":"LineString","coordinates":[[-83.58271,35.43813],[-83.58568,35.43599]]},"properties":{"net":"out","o":7}},{"type":"Feature","geometry":{"type":"LineString","coordinates":[[-83.52509,35.44712],[-83.52634,35.4465],[-83.52803,35.44528],[-83.52865,35.44461]]},"properties":{"net":"out","o":4}},{"type":"Feature","geometry":{"type":"LineString","coordinates":[[-83.52208,35.44045],[-83.52302,35.43975]]},"properties":{"net":"out","o":7}},{"type":"Feature","geometry":{"type":"LineString","coordinates":[[-83.51695,35.47051],[-83.51771,35.47008],[-83.51854,35.46987],[-83.51873,35.4697]]},"properties":{"net":"out","o":4}},{"type":"Feature","geometry":{"type":"LineString","coordinates":[[-83.51097,35.47629],[-83.5112,35.47604],[-83.51156,35.47589],[-83.51305,35.47591],[-83.51339,35.47583],[-83.51417,35.47517]]},"properties":{"net":"out","o":4}},{"type":"Feature","geometry":{"type":"LineString","coordinates":[[-83.57165,35.44282],[-83.57175,35.44286]]},"properties":{"net":"out","o":7}},{"type":"Feature","geometry":{"type":"LineString","coordinates":[[-83.56379,35.4389],[-83.5645,35.43926]]},"properties":{"net":"out","o":7}},{"type":"Feature","geometry":{"type":"LineString","coordinates":[[-83.56039,35.43885],[-83.56109,35.43861],[-83.56181,35.4385],[-83.56254,35.43855],[-83.56379,35.4389]]},"properties":{"net":"out","o":7}},{"type":"Feature","geometry":{"type":"LineString","coordinates":[[-83.55637,35.44227],[-83.55744,35.44185],[-83.55786,35.44155],[-83.55914,35.43987],[-83.55969,35.43932],[-83.56039,35.43885]]},"properties":{"net":"out","o":7}},{"type":"Feature","geometry":{"type":"LineString","coordinates":[[-83.56287,35.46209],[-83.56294,35.46165],[-83.5623,35.46096],[-83.56176,35.45948]]},"properties":{"net":"out","o":4}},{"type":"Feature","geometry":{"type":"LineString","coordinates":[[-83.47889,35.44369],[-83.48038,35.44375]]},"properties":{"net":"out","o":4}},{"type":"Feature","geometry":{"type":"LineString","coordinates":[[-83.42667,35.43392],[-83.42756,35.434],[-83.42988,35.43351]]},"properties":{"net":"out","o":7}},{"type":"Feature","geometry":{"type":"LineString","coordinates":[[-83.42665,35.44591],[-83.42658,35.44576]]},"properties":{"net":"out","o":4}},{"type":"Feature","geometry":{"type":"LineString","coordinates":[[-83.42709,35.60807],[-83.42697,35.6072],[-83.42726,35.60608]]},"properties":{"net":"sm642640","o":1}},{"type":"Feature","geometry":{"type":"LineString","coordinates":[[-83.42564,35.60994],[-83.42487,35.60897],[-83.42473,35.60781],[-83.42425,35.6072],[-83.4243,35.60613],[-83.42404,35.60588],[-83.42385,35.60528],[-83.42308,35.60492]]},"properties":{"net":"sm642640","o":1}},{"type":"Feature","geometry":{"type":"LineString","coordinates":[[-83.44037,35.44839],[-83.43984,35.44813]]},"properties":{"net":"out","o":4}},{"type":"Feature","geometry":{"type":"LineString","coordinates":[[-83.44019,35.43679],[-83.43984,35.43622],[-83.43971,35.43549]]},"properties":{"net":"out","o":5}},{"type":"Feature","geometry":{"type":"LineString","coordinates":[[-83.43943,35.43763],[-83.4401,35.43687]]},"properties":{"net":"out","o":4}},{"type":"Feature","geometry":{"type":"LineString","coordinates":[[-83.43852,35.43853],[-83.43943,35.43763]]},"properties":{"net":"out","o":4}},{"type":"Feature","geometry":{"type":"LineString","coordinates":[[-83.4891,35.43311],[-83.48939,35.43453],[-83.48926,35.43583]]},"properties":{"net":"out","o":7}},{"type":"Feature","geometry":{"type":"LineString","coordinates":[[-83.48853,35.43107],[-83.48875,35.43186]]},"properties":{"net":"out","o":7}},{"type":"Feature","geometry":{"type":"LineString","coordinates":[[-83.48709,35.42872],[-83.48754,35.42915],[-83.48804,35.42982],[-83.48853,35.43107]]},"properties":{"net":"out","o":7}},{"type":"Feature","geometry":{"type":"LineString","coordinates":[[-83.50494,35.45114],[-83.50754,35.44984]]},"properties":{"net":"out","o":7}},{"type":"Feature","geometry":{"type":"LineString","coordinates":[[-83.50287,35.45226],[-83.50332,35.45199]]},"properties":{"net":"out","o":7}},{"type":"Feature","geometry":{"type":"LineString","coordinates":[[-83.49188,35.43828],[-83.49142,35.43835],[-83.48964,35.43799]]},"properties":{"net":"out","o":4}},{"type":"Feature","geometry":{"type":"LineString","coordinates":[[-83.46877,35.40621],[-83.46752,35.40648],[-83.46665,35.40685]]},"properties":{"net":"out","o":4}},{"type":"Feature","geometry":{"type":"LineString","coordinates":[[-83.47435,35.42873],[-83.47549,35.42915],[-83.4764,35.42924]]},"properties":{"net":"out","o":7}},{"type":"Feature","geometry":{"type":"LineString","coordinates":[[-83.43088,35.4119],[-83.43019,35.4126],[-83.43046,35.41277],[-83.4306,35.41306],[-83.4301,35.41375],[-83.43002,35.41454],[-83.42978,35.41515],[-83.42974,35.41555],[-83.42937,35.41605]]},"properties":{"net":"NC6241","o":4}},{"type":"Feature","geometry":{"type":"LineString","coordinates":[[-83.41702,35.39618],[-83.41747,35.39662],[-83.41872,35.39729],[-83.41911,35.39789]]},"properties":{"net":"NC6241","o":4}},{"type":"Feature","geometry":{"type":"LineString","coordinates":[[-83.41863,35.43166],[-83.41968,35.43127],[-83.42059,35.4311]]},"properties":{"net":"out","o":7}},{"type":"Feature","geometry":{"type":"LineString","coordinates":[[-83.41653,35.42288],[-83.41713,35.4232]]},"properties":{"net":"NC6241","o":4}},{"type":"Feature","geometry":{"type":"LineString","coordinates":[[-83.41597,35.42165],[-83.41618,35.42202],[-83.41625,35.42253],[-83.41653,35.42288]]},"properties":{"net":"NC6241","o":4}},{"type":"Feature","geometry":{"type":"LineString","coordinates":[[-83.42308,35.42557],[-83.42317,35.42582],[-83.42346,35.42592],[-83.42351,35.42604],[-83.42326,35.42655]]},"properties":{"net":"NC6241","o":5}},{"type":"Feature","geometry":{"type":"LineString","coordinates":[[-83.42326,35.42655],[-83.4229,35.42717]]},"properties":{"net":"out","o":5}},{"type":"Feature","geometry":{"type":"LineString","coordinates":[[-83.42059,35.4311],[-83.42152,35.43115],[-83.42205,35.43128]]},"properties":{"net":"out","o":7}},{"type":"Feature","geometry":{"type":"LineString","coordinates":[[-83.41595,35.43219],[-83.41667,35.4322]]},"properties":{"net":"out","o":7}},{"type":"Feature","geometry":{"type":"LineString","coordinates":[[-83.4137,35.41962],[-83.41504,35.42068]]},"properties":{"net":"NC6241","o":4}},{"type":"Feature","geometry":{"type":"LineString","coordinates":[[-83.41265,35.42959],[-83.41305,35.43045]]},"properties":{"net":"out","o":7}},{"type":"Feature","geometry":{"type":"LineString","coordinates":[[-83.41081,35.41814],[-83.41121,35.4186],[-83.41317,35.41926],[-83.4137,35.41962]]},"properties":{"net":"NC6241","o":4}},{"type":"Feature","geometry":{"type":"LineString","coordinates":[[-83.36536,35.46982],[-83.36401,35.46831]]},"properties":{"net":"sm3080","o":4}},{"type":"Feature","geometry":{"type":"LineString","coordinates":[[-83.36359,35.45714],[-83.36504,35.45786],[-83.36612,35.45815]]},"properties":{"net":"NC3046","o":6}},{"type":"Feature","geometry":{"type":"LineString","coordinates":[[-83.36747,35.61841],[-83.36726,35.6181],[-83.36723,35.61773]]},"properties":{"net":"NC3046","o":2}},{"type":"Feature","geometry":{"type":"LineString","coordinates":[[-83.36554,35.62328],[-83.36711,35.62268],[-83.36739,35.62249],[-83.36754,35.62219],[-83.36831,35.62164]]},"properties":{"net":"NC3046","o":1}},{"type":"Feature","geometry":{"type":"LineString","coordinates":[[-83.23004,35.37453],[-83.23076,35.37424],[-83.23124,35.37425]]},"properties":{"net":"out","o":5}},{"type":"Feature","geometry":{"type":"LineString","coordinates":[[-83.21551,35.37501],[-83.21552,35.37463]]},"properties":{"net":"out","o":5}},{"type":"Feature","geometry":{"type":"LineString","coordinates":[[-83.36061,35.48994],[-83.36048,35.48938],[-83.36014,35.48908],[-83.35992,35.48903],[-83.35943,35.48793],[-83.35905,35.48772],[-83.35889,35.48746],[-83.35849,35.48718],[-83.35818,35.48649]]},"properties":{"net":"NC3046","o":3}},{"type":"Feature","geometry":{"type":"LineString","coordinates":[[-83.36018,35.49498],[-83.36,35.4946],[-83.35997,35.49416],[-83.35975,35.49385],[-83.35966,35.49293],[-83.35938,35.49216],[-83.3596,35.49149],[-83.36012,35.49103],[-83.36017,35.49088],[-83.35968,35.49008],[-83.35962,35.48969],[-83.35936,35.48919],[-83.35864,35.4886],[-83.35851,35.48818],[-83.35821,35.48792],[-83.35791,35.48721],[-83.35818,35.48649]]},"properties":{"net":"NC3046","o":1}},{"type":"Feature","geometry":{"type":"LineString","coordinates":[[-83.3582,35.47933],[-83.35626,35.47871],[-83.356,35.47846],[-83.3557,35.47839],[-83.3555,35.47786]]},"properties":{"net":"NC3046","o":1}},{"type":"Feature","geometry":{"type":"LineString","coordinates":[[-83.35102,35.4987],[-83.3511,35.49812],[-83.35098,35.49756]]},"properties":{"net":"NC3046","o":3}},{"type":"Feature","geometry":{"type":"LineString","coordinates":[[-83.35109,35.49558],[-83.35094,35.49533],[-83.35094,35.49492]]},"properties":{"net":"NC3046","o":3}},{"type":"Feature","geometry":{"type":"LineString","coordinates":[[-83.35094,35.49492],[-83.35099,35.49458],[-83.35091,35.49438]]},"properties":{"net":"NC3046","o":3}},{"type":"Feature","geometry":{"type":"LineString","coordinates":[[-83.35095,35.49656],[-83.35088,35.49597],[-83.35109,35.49558]]},"properties":{"net":"NC3046","o":3}},{"type":"Feature","geometry":{"type":"LineString","coordinates":[[-83.34183,35.49081],[-83.34314,35.49137],[-83.34349,35.49144],[-83.34387,35.49141],[-83.34482,35.4911]]},"properties":{"net":"NC3046","o":1}},{"type":"Feature","geometry":{"type":"LineString","coordinates":[[-83.34089,35.48],[-83.34077,35.47932],[-83.34131,35.47865],[-83.34178,35.47852],[-83.3418,35.47837],[-83.34199,35.47816],[-83.3421,35.47755]]},"properties":{"net":"NC3046","o":1}},{"type":"Feature","geometry":{"type":"LineString","coordinates":[[-83.34068,35.4975],[-83.34152,35.49701],[-83.3426,35.49666]]},"properties":{"net":"NC3046","o":1}},{"type":"Feature","geometry":{"type":"LineString","coordinates":[[-83.28943,35.47056],[-83.29019,35.47057],[-83.29411,35.46951],[-83.2956,35.46946],[-83.2976,35.4697],[-83.29886,35.46966],[-83.30043,35.46902],[-83.30109,35.46899],[-83.30232,35.46931],[-83.30348,35.46941]]},"properties":{"net":"NC3046","o":4}},{"type":"Feature","geometry":{"type":"LineString","coordinates":[[-83.31881,35.49882],[-83.31877,35.49857],[-83.31893,35.49785]]},"properties":{"net":"NC3046","o":2}},{"type":"Feature","geometry":{"type":"LineString","coordinates":[[-83.31893,35.49785],[-83.31881,35.49701],[-83.3185,35.49624],[-83.31787,35.4956],[-83.31777,35.49531]]},"properties":{"net":"NC3046","o":2}},{"type":"Feature","geometry":{"type":"LineString","coordinates":[[-83.31674,35.48235],[-83.31662,35.48222]]},"properties":{"net":"NC3046","o":3}},{"type":"Feature","geometry":{"type":"LineString","coordinates":[[-83.31517,35.48426],[-83.31585,35.48265],[-83.31662,35.48222]]},"properties":{"net":"NC3046","o":6}},{"type":"Feature","geometry":{"type":"LineString","coordinates":[[-83.30706,35.48542],[-83.30764,35.48577],[-83.30788,35.48628],[-83.30823,35.48662],[-83.30911,35.48671],[-83.30962,35.48647],[-83.31036,35.48682],[-83.31085,35.48687],[-83.31121,35.48713],[-83.31175,35.48732]]},"properties":{"net":"NC3046","o":3}},{"type":"Feature","geometry":{"type":"LineString","coordinates":[[-83.30082,35.4945],[-83.30079,35.49508],[-83.30119,35.49599],[-83.30095,35.49651],[-83.30121,35.49686],[-83.30116,35.49719]]},"properties":{"net":"NC3046","o":1}},{"type":"Feature","geometry":{"type":"LineString","coordinates":[[-83.2995,35.4843],[-83.29997,35.4844],[-83.30089,35.48441],[-83.30244,35.48537]]},"properties":{"net":"NC3046","o":1}},{"type":"Feature","geometry":{"type":"LineString","coordinates":[[-83.36899,35.44162],[-83.36933,35.44174],[-83.36988,35.44172],[-83.36999,35.44181],[-83.37049,35.44183],[-83.37411,35.44157],[-83.37422,35.44147],[-83.37536,35.44139]]},"properties":{"net":"out","o":6}},{"type":"Feature","geometry":{"type":"LineString","coordinates":[[-83.36883,35.44563],[-83.37077,35.44547],[-83.37301,35.44509]]},"properties":{"net":"NC3046","o":6}},{"type":"Feature","geometry":{"type":"LineString","coordinates":[[-83.37848,35.47079],[-83.37931,35.47068]]},"properties":{"net":"sm3080","o":1}},{"type":"Feature","geometry":{"type":"LineString","coordinates":[[-83.37697,35.47191],[-83.37555,35.47163],[-83.37499,35.47164],[-83.37451,35.47131]]},"properties":{"net":"sm3080","o":1}},{"type":"Feature","geometry":{"type":"LineString","coordinates":[[-83.37447,35.47119],[-83.37334,35.46984]]},"properties":{"net":"sm3080","o":2}},{"type":"Feature","geometry":{"type":"LineString","coordinates":[[-83.37386,35.4755],[-83.37323,35.47556],[-83.37282,35.47544]]},"properties":{"net":"sm3080","o":1}},{"type":"Feature","geometry":{"type":"LineString","coordinates":[[-83.36802,35.45826],[-83.36858,35.45816],[-83.36898,35.45779]]},"properties":{"net":"NC3046","o":6}},{"type":"Feature","geometry":{"type":"LineString","coordinates":[[-83.36936,35.45986],[-83.36797,35.45919],[-83.36801,35.45843]]},"properties":{"net":"NC3046","o":2}},{"type":"Feature","geometry":{"type":"LineString","coordinates":[[-83.36311,35.46902],[-83.36362,35.46854],[-83.36401,35.46831]]},"properties":{"net":"sm3080","o":2}},{"type":"Feature","geometry":{"type":"LineString","coordinates":[[-83.36146,35.46999],[-83.36208,35.47006],[-83.36278,35.46979],[-83.36309,35.46948],[-83.36311,35.46902]]},"properties":{"net":"sm3080","o":1}},{"type":"Feature","geometry":{"type":"LineString","coordinates":[[-83.36569,35.48938],[-83.3645,35.48945]]},"properties":{"net":"NC3046","o":1}},{"type":"Feature","geometry":{"type":"LineString","coordinates":[[-83.35252,35.34725],[-83.35243,35.34767],[-83.35184,35.34873],[-83.3517,35.34923],[-83.35134,35.34988],[-83.35121,35.35038],[-83.35069,35.35141],[-83.35024,35.3516],[-83.34949,35.35157],[-83.34873,35.35178],[-83.34831,35.35202],[-83.34814,35.35229],[-83.34726,35.35268],[-83.34701,35.35298]]},"properties":{"net":"sm14445","o":1}},{"type":"Feature","geometry":{"type":"LineString","coordinates":[[-83.37126,35.58335],[-83.37014,35.58349],[-83.36987,35.58361],[-83.36835,35.58353]]},"properties":{"net":"sm642639","o":1}},{"type":"Feature","geometry":{"type":"LineString","coordinates":[[-83.36687,35.60407],[-83.36676,35.60272],[-83.36711,35.60157]]},"properties":{"net":"NC3046","o":3}},{"type":"Feature","geometry":{"type":"LineString","coordinates":[[-83.36478,35.58553],[-83.3642,35.58572],[-83.36361,35.58628],[-83.36352,35.58643],[-83.3635,35.58702],[-83.3629,35.58749]]},"properties":{"net":"sm642639","o":3}},{"type":"Feature","geometry":{"type":"LineString","coordinates":[[-83.3629,35.58749],[-83.36267,35.58781]]},"properties":{"net":"NC3046","o":3}},{"type":"Feature","geometry":{"type":"LineString","coordinates":[[-83.3692,35.62339],[-83.36901,35.62321],[-83.36891,35.62277],[-83.36862,35.62231],[-83.36856,35.62196],[-83.36831,35.62164]]},"properties":{"net":"NC3046","o":2}},{"type":"Feature","geometry":{"type":"LineString","coordinates":[[-83.34866,35.42335],[-83.3497,35.42422]]},"properties":{"net":"out","o":6}},{"type":"Feature","geometry":{"type":"LineString","coordinates":[[-83.35508,35.45076],[-83.35508,35.45146],[-83.35521,35.45185]]},"properties":{"net":"NC3046","o":1}},{"type":"Feature","geometry":{"type":"LineString","coordinates":[[-83.30706,35.44354],[-83.30675,35.44415],[-83.30692,35.445],[-83.30711,35.44515],[-83.30782,35.4453],[-83.30807,35.44545],[-83.30849,35.44597],[-83.30874,35.44662],[-83.30871,35.44676],[-83.30826,35.44727],[-83.30813,35.44754],[-83.30817,35.44778],[-83.308,35.44793],[-83.30755,35.44805],[-83.3071,35.44797],[-83.30702,35.44804],[-83.30645,35.44918],[-83.30645,35.45015],[-83.30617,35.45172]]},"properties":{"net":"NC3046","o":1}},{"type":"Feature","geometry":{"type":"LineString","coordinates":[[-83.31735,35.47421],[-83.31746,35.47405]]},"properties":{"net":"NC3046","o":2}},{"type":"Feature","geometry":{"type":"LineString","coordinates":[[-83.31635,35.45819],[-83.3163,35.45837]]},"properties":{"net":"NC3046","o":1}},{"type":"Feature","geometry":{"type":"LineString","coordinates":[[-83.31625,35.46807],[-83.31675,35.46829],[-83.31742,35.46895]]},"properties":{"net":"NC3046","o":1}},{"type":"Feature","geometry":{"type":"LineString","coordinates":[[-83.31614,35.47001],[-83.31605,35.46993]]},"properties":{"net":"NC3046","o":1}},{"type":"Feature","geometry":{"type":"LineString","coordinates":[[-83.31449,35.46094],[-83.31586,35.46104]]},"properties":{"net":"NC3046","o":4}},{"type":"Feature","geometry":{"type":"LineString","coordinates":[[-83.31397,35.47583],[-83.31503,35.4745],[-83.31508,35.47425],[-83.31559,35.47337]]},"properties":{"net":"NC3046","o":2}},{"type":"Feature","geometry":{"type":"LineString","coordinates":[[-83.31459,35.48876],[-83.31476,35.48773]]},"properties":{"net":"NC3046","o":6}},{"type":"Feature","geometry":{"type":"LineString","coordinates":[[-83.31585,35.49058],[-83.31517,35.49024],[-83.31453,35.4901]]},"properties":{"net":"NC3046","o":1}},{"type":"Feature","geometry":{"type":"LineString","coordinates":[[-83.31325,35.49421],[-83.31313,35.49418]]},"properties":{"net":"NC3046","o":1}},{"type":"Feature","geometry":{"type":"LineString","coordinates":[[-83.31287,35.49464],[-83.31306,35.49435]]},"properties":{"net":"NC3046","o":6}},{"type":"Feature","geometry":{"type":"LineString","coordinates":[[-83.31273,35.49697],[-83.31258,35.49661]]},"properties":{"net":"NC3046","o":6}},{"type":"Feature","geometry":{"type":"LineString","coordinates":[[-83.31242,35.49667],[-83.31258,35.49661]]},"properties":{"net":"NC3046","o":2}},{"type":"Feature","geometry":{"type":"LineString","coordinates":[[-83.30988,35.49166],[-83.31043,35.49192]]},"properties":{"net":"NC3046","o":1}},{"type":"Feature","geometry":{"type":"LineString","coordinates":[[-83.29596,35.43568],[-83.29595,35.43639],[-83.29609,35.43663],[-83.29739,35.43809],[-83.29794,35.43823]]},"properties":{"net":"NC3046","o":2}},{"type":"Feature","geometry":{"type":"LineString","coordinates":[[-83.29712,35.45786],[-83.2969,35.45718],[-83.29655,35.4568],[-83.29621,35.45577],[-83.29627,35.45518],[-83.29656,35.45478],[-83.29661,35.45447],[-83.29637,35.45379],[-83.29581,35.45335],[-83.29499,35.45297],[-83.29435,35.45281]]},"properties":{"net":"NC3046","o":1}},{"type":"Feature","geometry":{"type":"LineString","coordinates":[[-83.2984,35.48469],[-83.29847,35.48505],[-83.29894,35.48605],[-83.29945,35.48663],[-83.29998,35.48698]]},"properties":{"net":"NC3046","o":1}},{"type":"Feature","geometry":{"type":"LineString","coordinates":[[-83.29763,35.49513],[-83.29779,35.49537],[-83.29784,35.49584],[-83.29818,35.49623],[-83.29908,35.49649]]},"properties":{"net":"NC3046","o":2}},{"type":"Feature","geometry":{"type":"LineString","coordinates":[[-83.3141,35.49919],[-83.31281,35.49865]]},"properties":{"net":"NC3046","o":1}},{"type":"Feature","geometry":{"type":"LineString","coordinates":[[-83.31149,35.50718],[-83.31154,35.5065],[-83.31169,35.50614]]},"properties":{"net":"NC3046","o":1}},{"type":"Feature","geometry":{"type":"LineString","coordinates":[[-83.31069,35.50585],[-83.3109,35.50565],[-83.311,35.50538],[-83.31118,35.5053]]},"properties":{"net":"NC3046","o":1}},{"type":"Feature","geometry":{"type":"LineString","coordinates":[[-83.31118,35.5053],[-83.31143,35.50489],[-83.31075,35.50428],[-83.31063,35.50375],[-83.31072,35.50316],[-83.31052,35.50268],[-83.31047,35.50227],[-83.31013,35.50172]]},"properties":{"net":"NC3046","o":2}},{"type":"Feature","geometry":{"type":"LineString","coordinates":[[-83.31161,35.51935],[-83.31052,35.5196],[-83.3101,35.52004],[-83.30982,35.52016]]},"properties":{"net":"NC3046","o":3}},{"type":"Feature","geometry":{"type":"LineString","coordinates":[[-83.29392,35.5014],[-83.29477,35.50163],[-83.29529,35.5013],[-83.29554,35.50124]]},"properties":{"net":"NC3046","o":1}},{"type":"Feature","geometry":{"type":"LineString","coordinates":[[-83.29213,35.49825],[-83.29223,35.49863],[-83.29218,35.49894],[-83.29253,35.49914],[-83.29294,35.49916],[-83.29334,35.49931],[-83.29404,35.49927],[-83.29546,35.49953],[-83.29652,35.49953],[-83.29695,35.49982],[-83.29819,35.50016],[-83.29848,35.50007],[-83.29866,35.49964]]},"properties":{"net":"NC3046","o":1}},{"type":"Feature","geometry":{"type":"LineString","coordinates":[[-83.3526,35.3872],[-83.35273,35.38788],[-83.35346,35.38854]]},"properties":{"net":"out","o":4}},{"type":"Feature","geometry":{"type":"LineString","coordinates":[[-83.34957,35.45084],[-83.35004,35.45121]]},"properties":{"net":"NC3046","o":2}},{"type":"Feature","geometry":{"type":"LineString","coordinates":[[-83.36011,35.46681],[-83.3605,35.46686],[-83.36098,35.46667],[-83.36162,35.4667]]},"properties":{"net":"sm3080","o":1}},{"type":"Feature","geometry":{"type":"LineString","coordinates":[[-83.36104,35.47467],[-83.35952,35.47367]]},"properties":{"net":"NC3046","o":1}},{"type":"Feature","geometry":{"type":"LineString","coordinates":[[-83.3587,35.45792],[-83.3588,35.45802]]},"properties":{"net":"NC3046","o":3}},{"type":"Feature","geometry":{"type":"LineString","coordinates":[[-83.35961,35.46347],[-83.35945,35.46316],[-83.35878,35.46251],[-83.3586,35.4622],[-83.35881,35.46132],[-83.35931,35.46059],[-83.35933,35.46012],[-83.35957,35.45984]]},"properties":{"net":"sm3080","o":4}},{"type":"Feature","geometry":{"type":"LineString","coordinates":[[-83.35792,35.45853],[-83.3588,35.45802]]},"properties":{"net":"NC3046","o":6}},{"type":"Feature","geometry":{"type":"LineString","coordinates":[[-83.28452,35.3798],[-83.28498,35.38001],[-83.2857,35.38017],[-83.28621,35.38046],[-83.28654,35.3805],[-83.2883,35.38152],[-83.28934,35.38229],[-83.29033,35.38343],[-83.2904,35.38365],[-83.29116,35.38444],[-83.29294,35.38582]]},"properties":{"net":"out","o":6}},{"type":"Feature","geometry":{"type":"LineString","coordinates":[[-83.29351,35.45456],[-83.29439,35.45356],[-83.2945,35.45314],[-83.29435,35.45281]]},"properties":{"net":"NC3046","o":2}},{"type":"Feature","geometry":{"type":"LineString","coordinates":[[-83.28403,35.45083],[-83.28492,35.4506],[-83.28715,35.44945],[-83.28918,35.44868]]},"properties":{"net":"NC3046","o":2}},{"type":"Feature","geometry":{"type":"LineString","coordinates":[[-83.29634,35.4629],[-83.29667,35.46361],[-83.29645,35.46483],[-83.29663,35.46589],[-83.29679,35.46621],[-83.29708,35.46645],[-83.29849,35.46721]]},"properties":{"net":"NC3046","o":1}},{"type":"Feature","geometry":{"type":"LineString","coordinates":[[-83.28923,35.47049],[-83.28943,35.47056]]},"properties":{"net":"NC3046","o":4}},{"type":"Feature","geometry":{"type":"LineString","coordinates":[[-83.27521,35.46796],[-83.27596,35.46754],[-83.27671,35.46752],[-83.27735,35.46769],[-83.27785,35.46797],[-83.27811,35.46824],[-83.27885,35.46852],[-83.27916,35.46871],[-83.27957,35.46919],[-83.28032,35.46916],[-83.28174,35.46936],[-83.28334,35.46984],[-83.28696,35.46956],[-83.28733,35.46959]]},"properties":{"net":"NC3046","o":4}},{"type":"Feature","geometry":{"type":"LineString","coordinates":[[-83.29374,35.48932],[-83.29375,35.48929]]},"properties":{"net":"NC3046","o":2}},{"type":"Feature","geometry":{"type":"LineString","coordinates":[[-83.29243,35.48983],[-83.29288,35.48947],[-83.29375,35.48929]]},"properties":{"net":"NC3046","o":1}},{"type":"Feature","geometry":{"type":"LineString","coordinates":[[-83.26871,35.32741],[-83.26817,35.32767],[-83.2678,35.32815]]},"properties":{"net":"NC6252","o":4}},{"type":"Feature","geometry":{"type":"LineString","coordinates":[[-83.26111,35.31798],[-83.2615,35.31867],[-83.2616,35.31929],[-83.2619,35.31985]]},"properties":{"net":"NC6252","o":4}},{"type":"Feature","geometry":{"type":"LineString","coordinates":[[-83.26098,35.32217],[-83.26075,35.32284],[-83.26083,35.32314],[-83.2611,35.32344],[-83.26151,35.32334],[-83.26179,35.32361]]},"properties":{"net":"NC6252","o":4}},{"type":"Feature","geometry":{"type":"LineString","coordinates":[[-83.29169,35.50366],[-83.29176,35.50392],[-83.29241,35.50432]]},"properties":{"net":"NC3046","o":4}},{"type":"Feature","geometry":{"type":"LineString","coordinates":[[-83.29134,35.51762],[-83.29141,35.51764]]},"properties":{"net":"NC3046","o":1}},{"type":"Feature","geometry":{"type":"LineString","coordinates":[[-83.29133,35.51776],[-83.29141,35.51764]]},"properties":{"net":"NC3046","o":6}},{"type":"Feature","geometry":{"type":"LineString","coordinates":[[-83.29097,35.50612],[-83.29198,35.50584],[-83.2925,35.5056],[-83.29357,35.50573]]},"properties":{"net":"NC3046","o":1}},{"type":"Feature","geometry":{"type":"LineString","coordinates":[[-83.28591,35.50034],[-83.28622,35.50102]]},"properties":{"net":"NC3046","o":2}},{"type":"Feature","geometry":{"type":"LineString","coordinates":[[-83.2812,35.50099],[-83.28248,35.50097],[-83.28309,35.50108],[-83.28386,35.50088],[-83.28506,35.50122]]},"properties":{"net":"NC3046","o":2}},{"type":"Feature","geometry":{"type":"LineString","coordinates":[[-83.27817,35.51821],[-83.27958,35.51794],[-83.28077,35.5181]]},"properties":{"net":"NC3046","o":6}},{"type":"Feature","geometry":{"type":"LineString","coordinates":[[-83.29199,35.53256],[-83.29131,35.532],[-83.29093,35.53146],[-83.29072,35.53133]]},"properties":{"net":"NC3046","o":1}},{"type":"Feature","geometry":{"type":"LineString","coordinates":[[-83.29035,35.52218],[-83.29046,35.52213]]},"properties":{"net":"NC3046","o":1}},{"type":"Feature","geometry":{"type":"LineString","coordinates":[[-83.30701,35.49989],[-83.30846,35.50003]]},"properties":{"net":"NC3046","o":6}},{"type":"Feature","geometry":{"type":"LineString","coordinates":[[-83.30503,35.4995],[-83.30701,35.49989]]},"properties":{"net":"NC3046","o":6}},{"type":"Feature","geometry":{"type":"LineString","coordinates":[[-83.30517,35.50066],[-83.3049,35.49973]]},"properties":{"net":"NC3046","o":1}},{"type":"Feature","geometry":{"type":"LineString","coordinates":[[-83.30342,35.50899],[-83.30329,35.50897]]},"properties":{"net":"NC3046","o":1}},{"type":"Feature","geometry":{"type":"LineString","coordinates":[[-83.30129,35.49803],[-83.30133,35.4981]]},"properties":{"net":"NC3046","o":3}},{"type":"Feature","geometry":{"type":"LineString","coordinates":[[-83.30783,35.52034],[-83.3077,35.52036]]},"properties":{"net":"NC3046","o":3}},{"type":"Feature","geometry":{"type":"LineString","coordinates":[[-83.31093,35.5283],[-83.3107,35.52791],[-83.31028,35.52769],[-83.30954,35.52747],[-83.30877,35.5268],[-83.3087,35.52645],[-83.30884,35.52596],[-83.30861,35.52579],[-83.30846,35.52543],[-83.30805,35.52489],[-83.30672,35.52408],[-83.30606,35.52402],[-83.30605,35.52384],[-83.30577,35.52348]]},"properties":{"net":"NC3046","o":1}},{"type":"Feature","geometry":{"type":"LineString","coordinates":[[-83.30557,35.52346],[-83.30556,35.52343]]},"properties":{"net":"NC3046","o":1}},{"type":"Feature","geometry":{"type":"LineString","coordinates":[[-83.30854,35.52785],[-83.30845,35.52721],[-83.30796,35.52655],[-83.30736,35.52612],[-83.30663,35.52612],[-83.30612,35.5256],[-83.30603,35.52485],[-83.30532,35.52418],[-83.30557,35.52346]]},"properties":{"net":"NC3046","o":1}},{"type":"Feature","geometry":{"type":"LineString","coordinates":[[-83.3026,35.53636],[-83.30251,35.5363]]},"properties":{"net":"NC3046","o":3}},{"type":"Feature","geometry":{"type":"LineString","coordinates":[[-83.31201,35.55532],[-83.31129,35.55513]]},"properties":{"net":"NC3046","o":5}},{"type":"Feature","geometry":{"type":"LineString","coordinates":[[-83.30938,35.552],[-83.30931,35.552]]},"properties":{"net":"NC3046","o":2}},{"type":"Feature","geometry":{"type":"LineString","coordinates":[[-83.30954,35.55298],[-83.30931,35.552]]},"properties":{"net":"NC3046","o":5}},{"type":"Feature","geometry":{"type":"LineString","coordinates":[[-83.30915,35.55118],[-83.30898,35.54902]]},"properties":{"net":"NC3046","o":5}},{"type":"Feature","geometry":{"type":"LineString","coordinates":[[-83.2592,35.30988],[-83.25956,35.31058],[-83.2601,35.31122],[-83.26027,35.31199]]},"properties":{"net":"NC6252","o":4}},{"type":"Feature","geometry":{"type":"LineString","coordinates":[[-83.26678,35.38052],[-83.26723,35.38086],[-83.26741,35.38113],[-83.2675,35.3818],[-83.26737,35.38196]]},"properties":{"net":"out","o":6}},{"type":"Feature","geometry":{"type":"LineString","coordinates":[[-83.2692,35.43696],[-83.2697,35.43708],[-83.2702,35.43752],[-83.27057,35.43871],[-83.27058,35.43965],[-83.271,35.44024],[-83.27167,35.44086],[-83.2718,35.44113],[-83.27194,35.44233]]},"properties":{"net":"NC3046","o":1}},{"type":"Feature","geometry":{"type":"LineString","coordinates":[[-83.27254,35.46844],[-83.27265,35.46873],[-83.27346,35.46909]]},"properties":{"net":"NC3046","o":4}},{"type":"Feature","geometry":{"type":"LineString","coordinates":[[-83.26532,35.46789],[-83.26726,35.46789],[-83.26755,35.46803]]},"properties":{"net":"NC3046","o":2}},{"type":"Feature","geometry":{"type":"LineString","coordinates":[[-83.26396,35.46795],[-83.26414,35.46821],[-83.26483,35.46824],[-83.26522,35.4681],[-83.26532,35.46789]]},"properties":{"net":"NC3046","o":2}},{"type":"Feature","geometry":{"type":"LineString","coordinates":[[-83.26895,35.50126],[-83.26861,35.5001],[-83.26856,35.49948],[-83.2686,35.49906],[-83.26886,35.49842],[-83.26921,35.49813],[-83.26969,35.49805],[-83.26987,35.49792],[-83.27059,35.49784],[-83.27101,35.49747],[-83.27126,35.49684],[-83.27171,35.4967],[-83.27222,35.49605],[-83.27246,35.49527],[-83.27287,35.49476],[-83.2728,35.4944],[-83.27287,35.49416],[-83.27358,35.49339],[-83.27378,35.4928]]},"properties":{"net":"NC3046","o":1}},{"type":"Feature","geometry":{"type":"LineString","coordinates":[[-83.25802,35.48444],[-83.25894,35.48429],[-83.26025,35.48446],[-83.26143,35.48447],[-83.26323,35.48414],[-83.26416,35.48338],[-83.26485,35.48306],[-83.26548,35.48215],[-83.26606,35.48186],[-83.26649,35.48136],[-83.26679,35.48126],[-83.26774,35.48134],[-83.2685,35.48123]]},"properties":{"net":"NC3046","o":3}},{"type":"Feature","geometry":{"type":"LineString","coordinates":[[-83.28974,35.52258],[-83.29004,35.52231],[-83.29035,35.52218]]},"properties":{"net":"NC3046","o":1}},{"type":"Feature","geometry":{"type":"LineString","coordinates":[[-83.28265,35.51953],[-83.28298,35.52112],[-83.28325,35.52139],[-83.28395,35.52153],[-83.28456,35.52226],[-83.28635,35.52301],[-83.2884,35.52371],[-83.29,35.52395]]},"properties":{"net":"NC3046","o":6}},{"type":"Feature","geometry":{"type":"LineString","coordinates":[[-83.28289,35.53196],[-83.28316,35.53141],[-83.2832,35.5311],[-83.28304,35.53089],[-83.28259,35.53063]]},"properties":{"net":"NC3046","o":1}},{"type":"Feature","geometry":{"type":"LineString","coordinates":[[-83.27932,35.52381],[-83.28065,35.52306],[-83.281,35.52203],[-83.28072,35.52115],[-83.2804,35.52068],[-83.27919,35.52029]]},"properties":{"net":"NC3046","o":6}},{"type":"Feature","geometry":{"type":"LineString","coordinates":[[-83.27929,35.52508],[-83.27926,35.52484],[-83.27891,35.5242]]},"properties":{"net":"NC3046","o":1}},{"type":"Feature","geometry":{"type":"LineString","coordinates":[[-83.28182,35.52865],[-83.28099,35.52846],[-83.27826,35.52811],[-83.27772,35.52795]]},"properties":{"net":"NC3046","o":6}},{"type":"Feature","geometry":{"type":"LineString","coordinates":[[-83.3072,35.54727],[-83.30715,35.5472]]},"properties":{"net":"NC3046","o":5}},{"type":"Feature","geometry":{"type":"LineString","coordinates":[[-83.30005,35.54359],[-83.29913,35.5432]]},"properties":{"net":"NC3046","o":5}},{"type":"Feature","geometry":{"type":"LineString","coordinates":[[-83.31756,35.57749],[-83.3172,35.57738],[-83.31595,35.57736],[-83.31513,35.57739],[-83.31471,35.5775]]},"properties":{"net":"NC3046","o":2}},{"type":"Feature","geometry":{"type":"LineString","coordinates":[[-83.3088,35.57112],[-83.30911,35.57086],[-83.30942,35.56984],[-83.30927,35.5689],[-83.3094,35.5681],[-83.30954,35.56791]]},"properties":{"net":"NC3046","o":1}},{"type":"Feature","geometry":{"type":"LineString","coordinates":[[-83.29718,35.59583],[-83.29844,35.59633],[-83.29914,35.59648],[-83.2997,35.59682],[-83.30037,35.59701],[-83.30068,35.59721]]},"properties":{"net":"NC3046","o":1}},{"type":"Feature","geometry":{"type":"LineString","coordinates":[[-83.27685,35.53392],[-83.27723,35.53361],[-83.27824,35.53359],[-83.27894,35.53386],[-83.27969,35.53442],[-83.28053,35.53486],[-83.28082,35.5349],[-83.28152,35.53475],[-83.28185,35.53452],[-83.28206,35.53422],[-83.28209,35.5332],[-83.28199,35.5322]]},"properties":{"net":"NC3046","o":6}},{"type":"Feature","geometry":{"type":"LineString","coordinates":[[-83.2768,35.52593],[-83.27759,35.52495],[-83.27838,35.52433]]},"properties":{"net":"NC3046","o":6}},{"type":"Feature","geometry":{"type":"LineString","coordinates":[[-83.30583,35.63645],[-83.30607,35.63561],[-83.30589,35.63497],[-83.30531,35.6344],[-83.30502,35.63392],[-83.30453,35.63353],[-83.30402,35.63282],[-83.30179,35.63126],[-83.30083,35.63106],[-83.30023,35.6307],[-83.29953,35.63064],[-83.29903,35.63032],[-83.29825,35.63024]]},"properties":{"net":"NC3046","o":1}},{"type":"Feature","geometry":{"type":"LineString","coordinates":[[-83.27476,35.51403],[-83.27482,35.51444],[-83.27516,35.51495],[-83.27557,35.51515],[-83.27613,35.51577]]},"properties":{"net":"NC3046","o":3}},{"type":"Feature","geometry":{"type":"LineString","coordinates":[[-83.2751,35.50503],[-83.27507,35.50564],[-83.2748,35.5061],[-83.27407,35.50685],[-83.274,35.50727]]},"properties":{"net":"NC3046","o":1}},{"type":"Feature","geometry":{"type":"LineString","coordinates":[[-83.27387,35.50838],[-83.27404,35.50884],[-83.27394,35.50968]]},"properties":{"net":"NC3046","o":2}},{"type":"Feature","geometry":{"type":"LineString","coordinates":[[-83.27205,35.50663],[-83.27266,35.50694],[-83.27317,35.50741],[-83.27373,35.5075],[-83.27383,35.50766],[-83.27387,35.50838]]},"properties":{"net":"NC3046","o":1}},{"type":"Feature","geometry":{"type":"LineString","coordinates":[[-83.27186,35.51333],[-83.27242,35.51354]]},"properties":{"net":"NC3046","o":2}},{"type":"Feature","geometry":{"type":"LineString","coordinates":[[-83.26893,35.50937],[-83.27049,35.50944]]},"properties":{"net":"NC3046","o":2}},{"type":"Feature","geometry":{"type":"LineString","coordinates":[[-83.26001,35.51626],[-83.25928,35.51629],[-83.25898,35.51646],[-83.25851,35.51641],[-83.25804,35.51684]]},"properties":{"net":"sm3083","o":1}},{"type":"Feature","geometry":{"type":"LineString","coordinates":[[-83.25761,35.51868],[-83.25799,35.519],[-83.25863,35.51986]]},"properties":{"net":"sm3083","o":3}},{"type":"Feature","geometry":{"type":"LineString","coordinates":[[-83.27772,35.52795],[-83.27754,35.52791]]},"properties":{"net":"NC3046","o":6}},{"type":"Feature","geometry":{"type":"LineString","coordinates":[[-83.27668,35.52918],[-83.27694,35.52892],[-83.27704,35.52849],[-83.27751,35.52797]]},"properties":{"net":"NC3046","o":1}},{"type":"Feature","geometry":{"type":"LineString","coordinates":[[-83.27667,35.52725],[-83.27674,35.5272]]},"properties":{"net":"NC3046","o":1}},{"type":"Feature","geometry":{"type":"LineString","coordinates":[[-83.27453,35.51946],[-83.27589,35.51963]]},"properties":{"net":"NC3046","o":2}},{"type":"Feature","geometry":{"type":"LineString","coordinates":[[-83.29765,35.54247],[-83.29772,35.54239]]},"properties":{"net":"NC3046","o":1}},{"type":"Feature","geometry":{"type":"LineString","coordinates":[[-83.29647,35.56574],[-83.29637,35.56516],[-83.29657,35.56461],[-83.29662,35.56404],[-83.29694,35.56359],[-83.29696,35.56317],[-83.2969,35.56283],[-83.29646,35.56253],[-83.29627,35.56205],[-83.29624,35.5617],[-83.29636,35.56117],[-83.29616,35.56029],[-83.29616,35.55955]]},"properties":{"net":"NC3046","o":1}},{"type":"Feature","geometry":{"type":"LineString","coordinates":[[-83.28933,35.55589],[-83.28886,35.55508],[-83.28825,35.55464]]},"properties":{"net":"NC3046","o":1}},{"type":"Feature","geometry":{"type":"LineString","coordinates":[[-83.28601,35.55916],[-83.28527,35.55868],[-83.28499,35.55834],[-83.28485,35.55794],[-83.28484,35.55731]]},"properties":{"net":"NC3046","o":1}},{"type":"Feature","geometry":{"type":"LineString","coordinates":[[-83.2843,35.55187],[-83.28409,35.55105],[-83.28423,35.55064],[-83.28439,35.55052],[-83.28476,35.5494]]},"properties":{"net":"NC3046","o":3}},{"type":"Feature","geometry":{"type":"LineString","coordinates":[[-83.28369,35.55631],[-83.28351,35.55613]]},"properties":{"net":"NC3046","o":3}},{"type":"Feature","geometry":{"type":"LineString","coordinates":[[-83.28092,35.54898],[-83.28171,35.54909]]},"properties":{"net":"NC3046","o":1}},{"type":"Feature","geometry":{"type":"LineString","coordinates":[[-83.27447,35.53621],[-83.27495,35.53588],[-83.27653,35.53429]]},"properties":{"net":"NC3046","o":6}},{"type":"Feature","geometry":{"type":"LineString","coordinates":[[-83.27296,35.51913],[-83.27352,35.51921],[-83.2742,35.51946],[-83.27453,35.51946]]},"properties":{"net":"NC3046","o":1}},{"type":"Feature","geometry":{"type":"LineString","coordinates":[[-83.2712,35.5294],[-83.27106,35.52965],[-83.27104,35.53003]]},"properties":{"net":"sm3083","o":1}},{"type":"Feature","geometry":{"type":"LineString","coordinates":[[-83.30578,35.65127],[-83.30537,35.651],[-83.30481,35.65079],[-83.30387,35.65019],[-83.30313,35.64962],[-83.30287,35.64926],[-83.30218,35.64871]]},"properties":{"net":"NC3046","o":2}},{"type":"Feature","geometry":{"type":"LineString","coordinates":[[-83.28047,35.55286],[-83.28143,35.55253],[-83.28185,35.55251]]},"properties":{"net":"NC3046","o":1}},{"type":"Feature","geometry":{"type":"LineString","coordinates":[[-83.27858,35.55503],[-83.2796,35.55468],[-83.28067,35.55459],[-83.28116,35.55439],[-83.28178,35.55446],[-83.28228,35.55438],[-83.28286,35.55406]]},"properties":{"net":"NC3046","o":1}},{"type":"Feature","geometry":{"type":"LineString","coordinates":[[-83.27819,35.56164],[-83.27813,35.56126],[-83.2774,35.56087],[-83.27706,35.56017],[-83.2767,35.55981]]},"properties":{"net":"NC3046","o":2}},{"type":"Feature","geometry":{"type":"LineString","coordinates":[[-83.26969,35.53925],[-83.27008,35.53874]]},"properties":{"net":"NC3046","o":6}},{"type":"Feature","geometry":{"type":"LineString","coordinates":[[-83.26861,35.53571],[-83.26985,35.53731],[-83.27029,35.53748],[-83.27095,35.53736]]},"properties":{"net":"NC3046","o":1}},{"type":"Feature","geometry":{"type":"LineString","coordinates":[[-83.26701,35.53625],[-83.26715,35.53691],[-83.26756,35.53731],[-83.26776,35.53768],[-83.26821,35.538],[-83.26898,35.53809],[-83.26945,35.53852],[-83.26973,35.53853],[-83.26994,35.53868]]},"properties":{"net":"NC3046","o":1}},{"type":"Feature","geometry":{"type":"LineString","coordinates":[[-83.26648,35.5298],[-83.267,35.52994],[-83.26761,35.52975],[-83.26851,35.52926],[-83.26931,35.52921]]},"properties":{"net":"sm3083","o":4}},{"type":"Feature","geometry":{"type":"LineString","coordinates":[[-83.26387,35.52825],[-83.26432,35.52821],[-83.26466,35.52837],[-83.26535,35.52836]]},"properties":{"net":"sm3083","o":2}},{"type":"Feature","geometry":{"type":"LineString","coordinates":[[-83.25951,35.52848],[-83.25991,35.52768],[-83.26086,35.52663]]},"properties":{"net":"sm3083","o":1}},{"type":"Feature","geometry":{"type":"LineString","coordinates":[[-83.25746,35.52125],[-83.2583,35.52136],[-83.25862,35.5212],[-83.25903,35.52129]]},"properties":{"net":"sm3083","o":1}},{"type":"Feature","geometry":{"type":"LineString","coordinates":[[-83.2835,35.57004],[-83.28327,35.56976]]},"properties":{"net":"NC3046","o":2}},{"type":"Feature","geometry":{"type":"LineString","coordinates":[[-83.28257,35.56432],[-83.28266,35.56337]]},"properties":{"net":"NC3046","o":3}},{"type":"Feature","geometry":{"type":"LineString","coordinates":[[-83.28266,35.56337],[-83.28254,35.56241],[-83.28272,35.56218],[-83.28285,35.56178]]},"properties":{"net":"NC3046","o":3}},{"type":"Feature","geometry":{"type":"LineString","coordinates":[[-83.27852,35.56465],[-83.27838,35.56435],[-83.27794,35.564],[-83.27763,35.56349],[-83.27767,35.56292],[-83.27789,35.56209],[-83.27819,35.56164]]},"properties":{"net":"NC3046","o":1}},{"type":"Feature","geometry":{"type":"LineString","coordinates":[[-83.2827,35.60827],[-83.2834,35.60808],[-83.28516,35.6071],[-83.28563,35.60693],[-83.28589,35.60658],[-83.28718,35.6057],[-83.28754,35.60516],[-83.28765,35.60472],[-83.28821,35.60373],[-83.28839,35.60358],[-83.28893,35.60349],[-83.28945,35.60269],[-83.2895,35.6021],[-83.2898,35.60145],[-83.28981,35.60054],[-83.29013,35.59977],[-83.2909,35.59937],[-83.29136,35.59901],[-83.29176,35.59899],[-83.29204,35.59883],[-83.29281,35.59862],[-83.29362,35.59863],[-83.29487,35.59826]]},"properties":{"net":"NC3046","o":1}},{"type":"Feature","geometry":{"type":"LineString","coordinates":[[-83.29464,35.6255],[-83.29508,35.62509],[-83.29508,35.62406],[-83.2943,35.6223],[-83.29408,35.62126],[-83.29426,35.62075],[-83.29371,35.62044]]},"properties":{"net":"NC3046","o":1}},{"type":"Feature","geometry":{"type":"LineString","coordinates":[[-83.25728,35.52426],[-83.25732,35.5243]]},"properties":{"net":"sm3083","o":4}},{"type":"Feature","geometry":{"type":"LineString","coordinates":[[-83.25634,35.52395],[-83.25728,35.52426]]},"properties":{"net":"sm3083","o":4}},{"type":"Feature","geometry":{"type":"LineString","coordinates":[[-83.25599,35.5307],[-83.25667,35.53025],[-83.2574,35.52949],[-83.25726,35.52838]]},"properties":{"net":"sm3083","o":2}},{"type":"Feature","geometry":{"type":"LineString","coordinates":[[-83.27721,35.54593],[-83.27645,35.54601]]},"properties":{"net":"NC3046","o":1}},{"type":"Feature","geometry":{"type":"LineString","coordinates":[[-83.2767,35.55981],[-83.27648,35.55955],[-83.27634,35.5591]]},"properties":{"net":"NC3046","o":2}},{"type":"Feature","geometry":{"type":"LineString","coordinates":[[-83.29054,35.63355],[-83.2902,35.63287],[-83.28899,35.632],[-83.28875,35.63145],[-83.28821,35.63098],[-83.28732,35.63062],[-83.28669,35.6299],[-83.2859,35.62926],[-83.28549,35.6287],[-83.28556,35.62832],[-83.28518,35.62805],[-83.28522,35.62774],[-83.28508,35.62722],[-83.28557,35.62638],[-83.28598,35.6262],[-83.28631,35.6252]]},"properties":{"net":"NC3046","o":1}},{"type":"Feature","geometry":{"type":"LineString","coordinates":[[-83.28588,35.64433],[-83.28542,35.64363],[-83.28506,35.64344],[-83.28459,35.64292],[-83.28396,35.64262],[-83.28327,35.64254],[-83.28265,35.64286],[-83.28217,35.6429],[-83.28114,35.64272],[-83.28036,35.64241],[-83.27965,35.64235],[-83.27918,35.64206]]},"properties":{"net":"NC3046","o":2}},{"type":"Feature","geometry":{"type":"LineString","coordinates":[[-83.28479,35.66513],[-83.2837,35.66461],[-83.28341,35.66424],[-83.28242,35.66194],[-83.28175,35.66108],[-83.28172,35.66093],[-83.28186,35.66069],[-83.28152,35.66015],[-83.28131,35.65998],[-83.28022,35.65974],[-83.28047,35.65877],[-83.2797,35.65809],[-83.27946,35.65743]]},"properties":{"net":"NC3046","o":2}},{"type":"Feature","geometry":{"type":"LineString","coordinates":[[-83.2684,35.55308],[-83.26813,35.55279],[-83.26815,35.55219],[-83.26801,35.55193]]},"properties":{"net":"NC3046","o":1}},{"type":"Feature","geometry":{"type":"LineString","coordinates":[[-83.26719,35.54235],[-83.26806,35.54165]]},"properties":{"net":"NC3046","o":6}},{"type":"Feature","geometry":{"type":"LineString","coordinates":[[-83.27741,35.57162],[-83.27764,35.57045],[-83.27751,35.56991],[-83.2773,35.56964],[-83.27669,35.56918],[-83.27575,35.56872]]},"properties":{"net":"sm3084","o":1}},{"type":"Feature","geometry":{"type":"LineString","coordinates":[[-83.27072,35.56545],[-83.27084,35.56503],[-83.27073,35.56467]]},"properties":{"net":"sm3084","o":3}},{"type":"Feature","geometry":{"type":"LineString","coordinates":[[-83.27175,35.56813],[-83.27134,35.56773],[-83.27065,35.56753]]},"properties":{"net":"sm3084","o":1}},{"type":"Feature","geometry":{"type":"LineString","coordinates":[[-83.27132,35.54142],[-83.27175,35.54099]]},"properties":{"net":"NC3046","o":2}},{"type":"Feature","geometry":{"type":"LineString","coordinates":[[-83.27131,35.54201],[-83.27132,35.54142]]},"properties":{"net":"NC3046","o":1}},{"type":"Feature","geometry":{"type":"LineString","coordinates":[[-83.27518,35.55023],[-83.2737,35.54968],[-83.2723,35.54941],[-83.27114,35.54941],[-83.27079,35.54916]]},"properties":{"net":"NC3046","o":1}},{"type":"Feature","geometry":{"type":"LineString","coordinates":[[-83.26899,35.54022],[-83.26909,35.54022]]},"properties":{"net":"NC3046","o":1}},{"type":"Feature","geometry":{"type":"LineString","coordinates":[[-83.26845,35.55563],[-83.26878,35.55481],[-83.26876,35.55443],[-83.26915,35.55381],[-83.26958,35.55343],[-83.26978,35.55338]]},"properties":{"net":"NC3046","o":2}},{"type":"Feature","geometry":{"type":"LineString","coordinates":[[-83.26845,35.55367],[-83.26877,35.55352],[-83.26901,35.55325],[-83.26889,35.55239],[-83.26895,35.55192],[-83.26867,35.55131]]},"properties":{"net":"NC3046","o":1}},{"type":"Feature","geometry":{"type":"LineString","coordinates":[[-83.26806,35.54165],[-83.26836,35.54144]]},"properties":{"net":"NC3046","o":6}},{"type":"Feature","geometry":{"type":"LineString","coordinates":[[-83.26172,35.55212],[-83.26171,35.55203]]},"properties":{"net":"NC3046","o":1}},{"type":"Feature","geometry":{"type":"LineString","coordinates":[[-83.26091,35.56185],[-83.26132,35.56064],[-83.2621,35.55903]]},"properties":{"net":"sm3084","o":2}},{"type":"Feature","geometry":{"type":"LineString","coordinates":[[-83.26301,35.5572],[-83.26265,35.55703],[-83.26151,35.5568],[-83.26103,35.55658],[-83.26083,35.55626]]},"properties":{"net":"sm3084","o":2}},{"type":"Feature","geometry":{"type":"LineString","coordinates":[[-83.26085,35.55247],[-83.2608,35.55242]]},"properties":{"net":"NC3046","o":1}},{"type":"Feature","geometry":{"type":"LineString","coordinates":[[-83.25752,35.5493],[-83.25809,35.54956],[-83.25848,35.54991],[-83.25961,35.55002],[-83.26005,35.54999],[-83.2604,35.54984],[-83.26255,35.55055]]},"properties":{"net":"NC3046","o":1}},{"type":"Feature","geometry":{"type":"LineString","coordinates":[[-83.25793,35.55799],[-83.25756,35.55751],[-83.25736,35.55684],[-83.25755,35.55588],[-83.25737,35.5552]]},"properties":{"net":"NC3046","o":2}},{"type":"Feature","geometry":{"type":"LineString","coordinates":[[-83.25639,35.55068],[-83.25676,35.55137],[-83.25673,35.55183],[-83.25769,35.55267],[-83.25817,35.5528],[-83.25869,35.55263],[-83.25904,35.55284],[-83.25942,35.5529],[-83.25976,35.55312]]},"properties":{"net":"NC3046","o":1}},{"type":"Feature","geometry":{"type":"LineString","coordinates":[[-83.25458,35.55499],[-83.25604,35.55523],[-83.25731,35.55503]]},"properties":{"net":"NC3046","o":6}},{"type":"Feature","geometry":{"type":"LineString","coordinates":[[-83.27644,35.5782],[-83.27678,35.57813],[-83.27727,35.57769],[-83.27716,35.57712],[-83.277,35.57687],[-83.27697,35.57626]]},"properties":{"net":"sm3084","o":1}},{"type":"Feature","geometry":{"type":"LineString","coordinates":[[-83.24063,35.4666],[-83.2409,35.46672],[-83.24111,35.46698],[-83.24131,35.46768],[-83.24156,35.46804],[-83.24172,35.46886],[-83.24216,35.47002]]},"properties":{"net":"NC3046","o":4}},{"type":"Feature","geometry":{"type":"LineString","coordinates":[[-83.2712,35.56367],[-83.27063,35.56298]]},"properties":{"net":"sm3084","o":4}},{"type":"Feature","geometry":{"type":"LineString","coordinates":[[-83.26482,35.58276],[-83.26538,35.58246],[-83.2655,35.58214],[-83.26543,35.58184]]},"properties":{"net":"NC3046","o":1}},{"type":"Feature","geometry":{"type":"LineString","coordinates":[[-83.26425,35.58154],[-83.26426,35.58144]]},"properties":{"net":"NC3046","o":2}},{"type":"Feature","geometry":{"type":"LineString","coordinates":[[-83.26507,35.57456],[-83.26476,35.57545],[-83.26441,35.57572],[-83.26369,35.57575],[-83.2632,35.57589],[-83.26283,35.57576]]},"properties":{"net":"NC3046","o":1}},{"type":"Feature","geometry":{"type":"LineString","coordinates":[[-83.2616,35.57008],[-83.26095,35.57013],[-83.26059,35.56998],[-83.26035,35.57012],[-83.26014,35.57065]]},"properties":{"net":"NC3046","o":2}},{"type":"Feature","geometry":{"type":"LineString","coordinates":[[-83.26237,35.5716],[-83.26212,35.57132],[-83.2612,35.57082],[-83.2609,35.57056],[-83.26045,35.5705],[-83.26014,35.57065]]},"properties":{"net":"NC3046","o":1}},{"type":"Feature","geometry":{"type":"LineString","coordinates":[[-83.27553,35.5959],[-83.27605,35.59537],[-83.27613,35.59494],[-83.27627,35.59473],[-83.27617,35.59436],[-83.27625,35.59414],[-83.27584,35.59388],[-83.27593,35.59333],[-83.27588,35.59303],[-83.27571,35.59287],[-83.27531,35.59274],[-83.27515,35.59236],[-83.27531,35.59116],[-83.27523,35.59013],[-83.27555,35.58945],[-83.27589,35.58908]]},"properties":{"net":"NC3046","o":1}},{"type":"Feature","geometry":{"type":"LineString","coordinates":[[-83.25437,35.5221],[-83.25455,35.52218],[-83.25526,35.52316],[-83.25586,35.52347],[-83.25634,35.52395]]},"properties":{"net":"sm3083","o":2}},{"type":"Feature","geometry":{"type":"LineString","coordinates":[[-83.254,35.53361],[-83.25367,35.5343],[-83.25375,35.53487],[-83.25398,35.53528],[-83.25382,35.53574],[-83.25385,35.53595]]},"properties":{"net":"NC3046","o":1}},{"type":"Feature","geometry":{"type":"LineString","coordinates":[[-83.24248,35.45384],[-83.24244,35.45394]]},"properties":{"net":"sm3088","o":2}},{"type":"Feature","geometry":{"type":"LineString","coordinates":[[-83.24244,35.45394],[-83.24239,35.45466]]},"properties":{"net":"sm3087","o":2}},{"type":"Feature","geometry":{"type":"LineString","coordinates":[[-83.24635,35.47348],[-83.24892,35.47344],[-83.24987,35.47266],[-83.25029,35.47201]]},"properties":{"net":"NC3046","o":2}},{"type":"Feature","geometry":{"type":"LineString","coordinates":[[-83.23282,35.47467],[-83.23308,35.47399],[-83.23363,35.47308],[-83.23417,35.47261],[-83.23616,35.47176],[-83.23824,35.47109],[-83.23935,35.47042],[-83.2404,35.47011],[-83.24089,35.47006],[-83.24118,35.47024],[-83.24147,35.47086],[-83.24173,35.47115],[-83.24197,35.47122],[-83.24226,35.47117]]},"properties":{"net":"NC3046","o":1}},{"type":"Feature","geometry":{"type":"LineString","coordinates":[[-83.23668,35.48384],[-83.23747,35.48319],[-83.23797,35.48254],[-83.23866,35.4819],[-83.23914,35.48118],[-83.2397,35.48081],[-83.24011,35.48035],[-83.24065,35.47966],[-83.24124,35.47832],[-83.24178,35.47768],[-83.24242,35.47735],[-83.24334,35.47731],[-83.24406,35.47714],[-83.24494,35.47714]]},"properties":{"net":"NC3046","o":1}},{"type":"Feature","geometry":{"type":"LineString","coordinates":[[-83.25474,35.51477],[-83.25411,35.51569],[-83.2542,35.51669]]},"properties":{"net":"sm3083","o":1}},{"type":"Feature","geometry":{"type":"LineString","coordinates":[[-83.25317,35.51754],[-83.254,35.51788],[-83.25481,35.51764],[-83.25506,35.51744]]},"properties":{"net":"sm3083","o":1}},{"type":"Feature","geometry":{"type":"LineString","coordinates":[[-83.25121,35.51067],[-83.25116,35.51013],[-83.25045,35.50865],[-83.25044,35.50762],[-83.25079,35.50661],[-83.25085,35.50597]]},"properties":{"net":"NC3046","o":1}},{"type":"Feature","geometry":{"type":"LineString","coordinates":[[-83.25162,35.52482],[-83.25179,35.52469],[-83.25257,35.5246],[-83.25329,35.52432]]},"properties":{"net":"sm3083","o":1}},{"type":"Feature","geometry":{"type":"LineString","coordinates":[[-83.24819,35.53866],[-83.24989,35.53819],[-83.25077,35.53805]]},"properties":{"net":"NC3046","o":2}},{"type":"Feature","geometry":{"type":"LineString","coordinates":[[-83.24712,35.53257],[-83.24738,35.53258]]},"properties":{"net":"NC3046","o":2}},{"type":"Feature","geometry":{"type":"LineString","coordinates":[[-83.24608,35.52611],[-83.24648,35.52609],[-83.24681,35.52619],[-83.24713,35.52659]]},"properties":{"net":"sm3083","o":1}},{"type":"Feature","geometry":{"type":"LineString","coordinates":[[-83.24602,35.52803],[-83.24637,35.52776],[-83.24681,35.52717],[-83.24744,35.5267]]},"properties":{"net":"sm3083","o":1}},{"type":"Feature","geometry":{"type":"LineString","coordinates":[[-83.24465,35.52361],[-83.24495,35.52385],[-83.24507,35.52407],[-83.24508,35.52488]]},"properties":{"net":"sm3083","o":1}},{"type":"Feature","geometry":{"type":"LineString","coordinates":[[-83.24444,35.52763],[-83.24512,35.52708],[-83.24559,35.52708],[-83.246,35.5269],[-83.2464,35.52692],[-83.24683,35.5266],[-83.24713,35.52659]]},"properties":{"net":"sm3083","o":1}},{"type":"Feature","geometry":{"type":"LineString","coordinates":[[-83.24395,35.51946],[-83.24429,35.51957],[-83.24494,35.52003],[-83.24566,35.52038]]},"properties":{"net":"sm3083","o":1}},{"type":"Feature","geometry":{"type":"LineString","coordinates":[[-83.24353,35.54006],[-83.24354,35.53982],[-83.2438,35.5395],[-83.24399,35.53895],[-83.24429,35.53872]]},"properties":{"net":"NC3046","o":1}},{"type":"Feature","geometry":{"type":"LineString","coordinates":[[-83.24221,35.52314],[-83.24304,35.52389],[-83.24427,35.52435],[-83.24448,35.5246],[-83.24508,35.52488]]},"properties":{"net":"sm3083","o":1}},{"type":"Feature","geometry":{"type":"LineString","coordinates":[[-83.36327,35.63083],[-83.36535,35.63003],[-83.36719,35.62836],[-83.36732,35.62813],[-83.36767,35.62662],[-83.36799,35.62603],[-83.36836,35.62467],[-83.36872,35.62408],[-83.36919,35.62356],[-83.3692,35.62339]]},"properties":{"net":"NC3046","o":1}},{"type":"Feature","geometry":{"type":"LineString","coordinates":[[-83.35598,35.6171],[-83.35604,35.61641],[-83.35645,35.61463],[-83.35716,35.61287],[-83.35758,35.61256],[-83.3576,35.6122],[-83.35784,35.61184],[-83.35828,35.6115],[-83.35867,35.611],[-83.35912,35.61076],[-83.35952,35.61031],[-83.36027,35.60973],[-83.36192,35.60898],[-83.36246,35.60886],[-83.36297,35.60861],[-83.36356,35.60769],[-83.36336,35.60721],[-83.36347,35.60645],[-83.36399,35.60573],[-83.36437,35.60553],[-83.36502,35.60543],[-83.36628,35.60505],[-83.36652,35.60487],[-83.36665,35.60432],[-83.36687,35.60407]]},"properties":{"net":"NC3046","o":1}},{"type":"Feature","geometry":{"type":"LineString","coordinates":[[-83.35393,35.46759],[-83.35386,35.46743],[-83.354,35.46675],[-83.35393,35.4666],[-83.35368,35.46649]]},"properties":{"net":"NC3046","o":3}},{"type":"Feature","geometry":{"type":"LineString","coordinates":[[-83.35368,35.46649],[-83.35349,35.46643]]},"properties":{"net":"NC3046","o":3}},{"type":"Feature","geometry":{"type":"LineString","coordinates":[[-83.35178,35.46803],[-83.35326,35.46674],[-83.35349,35.46643]]},"properties":{"net":"NC3046","o":6}},{"type":"Feature","geometry":{"type":"LineString","coordinates":[[-83.34835,35.47528],[-83.34847,35.47522]]},"properties":{"net":"NC3046","o":2}},{"type":"Feature","geometry":{"type":"LineString","coordinates":[[-83.20689,35.20939],[-83.20672,35.21029],[-83.20648,35.21098],[-83.20583,35.21224],[-83.2051,35.21298],[-83.20372,35.21382],[-83.20088,35.21471],[-83.20002,35.21525],[-83.19914,35.21602],[-83.19917,35.21654],[-83.19867,35.21758],[-83.19855,35.21803],[-83.19856,35.21847],[-83.19894,35.2195],[-83.199,35.22074],[-83.19917,35.2215],[-83.19988,35.22269],[-83.20058,35.22423]]},"properties":{"net":"sm2619","o":1}},{"type":"Feature","geometry":{"type":"LineString","coordinates":[[-83.34766,35.46832],[-83.34789,35.46874],[-83.34831,35.46906],[-83.34881,35.46912],[-83.34905,35.46903],[-83.34922,35.46918]]},"properties":{"net":"NC3046","o":2}},{"type":"Feature","geometry":{"type":"LineString","coordinates":[[-83.34528,35.4737],[-83.34528,35.47346]]},"properties":{"net":"NC3046","o":1}},{"type":"Feature","geometry":{"type":"LineString","coordinates":[[-83.34241,35.47273],[-83.3425,35.47287]]},"properties":{"net":"NC3046","o":2}},{"type":"Feature","geometry":{"type":"LineString","coordinates":[[-83.34291,35.4681],[-83.34289,35.46904],[-83.34268,35.46966],[-83.34205,35.46995]]},"properties":{"net":"NC3046","o":1}},{"type":"Feature","geometry":{"type":"LineString","coordinates":[[-83.34201,35.4632],[-83.34256,35.46247],[-83.34252,35.46145]]},"properties":{"net":"NC3046","o":1}},{"type":"Feature","geometry":{"type":"LineString","coordinates":[[-83.34174,35.4672],[-83.34117,35.4684],[-83.34135,35.46865],[-83.34136,35.469],[-83.34155,35.46911],[-83.34189,35.46957],[-83.34205,35.46995]]},"properties":{"net":"NC3046","o":2}},{"type":"Feature","geometry":{"type":"LineString","coordinates":[[-83.34103,35.47381],[-83.34101,35.47379]]},"properties":{"net":"NC3046","o":2}},{"type":"Feature","geometry":{"type":"LineString","coordinates":[[-83.3618,35.49186],[-83.36161,35.49141],[-83.36153,35.49065],[-83.36105,35.49008],[-83.36061,35.48994]]},"properties":{"net":"NC3046","o":3}},{"type":"Feature","geometry":{"type":"LineString","coordinates":[[-83.17976,35.3171],[-83.17959,35.31719]]},"properties":{"net":"NC6252","o":4}},{"type":"Feature","geometry":{"type":"LineString","coordinates":[[-83.1296,35.25482],[-83.12968,35.25479]]},"properties":{"net":"NC3252","o":1}},{"type":"Feature","geometry":{"type":"LineString","coordinates":[[-83.12968,35.25479],[-83.12851,35.25742]]},"properties":{"net":"NC3252","o":4}},{"type":"Feature","geometry":{"type":"LineString","coordinates":[[-83.12768,35.25974],[-83.12763,35.25985]]},"properties":{"net":"NC3252","o":4}},{"type":"Feature","geometry":{"type":"LineString","coordinates":[[-83.12763,35.25985],[-83.12725,35.26007],[-83.12706,35.26071],[-83.12651,35.26116]]},"properties":{"net":"NC3252","o":4}},{"type":"Feature","geometry":{"type":"LineString","coordinates":[[-83.11865,35.26109],[-83.11906,35.26216],[-83.11952,35.26259],[-83.12021,35.26356],[-83.1212,35.26423],[-83.1224,35.26451],[-83.12273,35.26466],[-83.12295,35.26491],[-83.12349,35.26595]]},"properties":{"net":"NC3252","o":1}},{"type":"Feature","geometry":{"type":"LineString","coordinates":[[-83.1117,35.26521],[-83.11179,35.26514]]},"properties":{"net":"NC3252","o":1}},{"type":"Feature","geometry":{"type":"LineString","coordinates":[[-83.12684,35.27258],[-83.12674,35.27267]]},"properties":{"net":"NC3252","o":1}},{"type":"Feature","geometry":{"type":"LineString","coordinates":[[-83.11035,35.29349],[-83.11082,35.29374],[-83.11096,35.29406]]},"properties":{"net":"NC3252","o":1}},{"type":"Feature","geometry":{"type":"LineString","coordinates":[[-83.14352,35.4884],[-83.14625,35.48943],[-83.14693,35.48954]]},"properties":{"net":"NC3046","o":1}},{"type":"Feature","geometry":{"type":"LineString","coordinates":[[-83.38746,35.46793],[-83.38752,35.46717],[-83.38779,35.46695],[-83.38803,35.46648],[-83.3887,35.46599]]},"properties":{"net":"out","o":4}},{"type":"Feature","geometry":{"type":"LineString","coordinates":[[-83.12366,35.40631],[-83.12414,35.40625],[-83.12641,35.40513]]},"properties":{"net":"out","o":4}},{"type":"Feature","geometry":{"type":"LineString","coordinates":[[-83.14942,35.21928],[-83.14882,35.2195],[-83.14843,35.21952],[-83.14715,35.21906],[-83.14632,35.21905],[-83.14601,35.21937],[-83.14603,35.21978],[-83.14621,35.22009],[-83.14619,35.22049],[-83.14589,35.22145],[-83.14553,35.22192],[-83.14516,35.22211],[-83.14363,35.22239],[-83.14353,35.22248],[-83.1432,35.22249],[-83.14222,35.2228],[-83.14091,35.22284],[-83.14057,35.2231]]},"properties":{"net":"NC3029","o":4}},{"type":"Feature","geometry":{"type":"LineString","coordinates":[[-83.14032,35.32624],[-83.14073,35.3267],[-83.14192,35.32727],[-83.1421,35.32775],[-83.14224,35.32858],[-83.14329,35.33004],[-83.14361,35.33098],[-83.1442,35.33171],[-83.14466,35.3321]]},"properties":{"net":"NC3252","o":1}},{"type":"Feature","geometry":{"type":"LineString","coordinates":[[-83.15631,35.25446],[-83.15594,35.25469],[-83.15416,35.25541],[-83.15268,35.25553],[-83.1522,35.25541],[-83.15128,35.25486],[-83.14904,35.25452],[-83.14826,35.25456],[-83.14737,35.25407],[-83.14647,35.25407],[-83.14601,35.25423],[-83.14489,35.25492],[-83.14415,35.25517],[-83.14314,35.25568],[-83.14248,35.25568],[-83.1417,35.25586],[-83.14085,35.2559],[-83.13981,35.25583],[-83.13867,35.25557],[-83.13792,35.25557],[-83.137,35.25575],[-83.13601,35.25617],[-83.13473,35.25642],[-83.13408,35.25645],[-83.13113,35.2575],[-83.1308,35.25752],[-83.12986,35.25726],[-83.12861,35.25742]]},"properties":{"net":"NC3252","o":1}},{"type":"Feature","geometry":{"type":"LineString","coordinates":[[-83.38386,35.44607],[-83.38409,35.44599]]},"properties":{"net":"out","o":6}},{"type":"Feature","geometry":{"type":"LineString","coordinates":[[-83.3861,35.46932],[-83.38609,35.46925]]},"properties":{"net":"out","o":4}},{"type":"Feature","geometry":{"type":"LineString","coordinates":[[-83.3925,35.62255],[-83.39289,35.62191],[-83.39328,35.62147],[-83.39349,35.62036],[-83.39352,35.61902],[-83.39382,35.61849],[-83.394,35.61837],[-83.3942,35.61763],[-83.39398,35.61736],[-83.39391,35.61681],[-83.39366,35.61641],[-83.3931,35.61473],[-83.39282,35.61421],[-83.39256,35.61401],[-83.39247,35.61373],[-83.39166,35.61329],[-83.39149,35.61285],[-83.39116,35.61239],[-83.39111,35.61185],[-83.39051,35.61093],[-83.39034,35.61033],[-83.39018,35.61019],[-83.38982,35.60948],[-83.3896,35.60702],[-83.3903,35.60606],[-83.39067,35.60538],[-83.39173,35.60422],[-83.39236,35.60319],[-83.39302,35.60295],[-83.39373,35.60294],[-83.39452,35.60265],[-83.39537,35.60198],[-83.39566,35.60152],[-83.39595,35.60149],[-83.39656,35.60089],[-83.39641,35.60023],[-83.39669,35.59975],[-83.39668,35.59944],[-83.39704,35.59898],[-83.39703,35.59882],[-83.3968,35.59845],[-83.39631,35.59825],[-83.39626,35.59809],[-83.39573,35.59759],[-83.39543,35.59713]]},"properties":{"net":"NC3046","o":1}},{"type":"Feature","geometry":{"type":"LineString","coordinates":[[-83.38991,35.59559],[-83.38966,35.59549],[-83.38908,35.59553],[-83.38867,35.59516],[-83.38791,35.59498],[-83.38758,35.59468],[-83.38628,35.59495],[-83.38585,35.59491]]},"properties":{"net":"NC3046","o":3}},{"type":"Feature","geometry":{"type":"LineString","coordinates":[[-83.40215,35.61793],[-83.40217,35.61748],[-83.40203,35.61703],[-83.40134,35.61577],[-83.40122,35.61518],[-83.401,35.61482],[-83.40085,35.61432],[-83.40014,35.61296],[-83.40005,35.61238],[-83.39965,35.61171],[-83.3996,35.61109]]},"properties":{"net":"NC3046","o":1}},{"type":"Feature","geometry":{"type":"LineString","coordinates":[[-83.13581,35.23289],[-83.13504,35.234],[-83.13486,35.23473],[-83.13396,35.23548],[-83.13381,35.23572],[-83.13377,35.23603],[-83.13413,35.23661],[-83.13447,35.23682],[-83.13548,35.23719],[-83.13584,35.23751]]},"properties":{"net":"NC3029","o":4}},{"type":"Feature","geometry":{"type":"LineString","coordinates":[[-83.13256,35.28432],[-83.13256,35.28421]]},"properties":{"net":"NC3252","o":1}},{"type":"Feature","geometry":{"type":"LineString","coordinates":[[-83.14802,35.29794],[-83.1478,35.29839],[-83.14783,35.29889],[-83.14807,35.29928],[-83.1483,35.29946]]},"properties":{"net":"NC3252","o":5}},{"type":"Feature","geometry":{"type":"LineString","coordinates":[[-83.14632,35.28959],[-83.14618,35.28967]]},"properties":{"net":"NC3252","o":1}},{"type":"Feature","geometry":{"type":"LineString","coordinates":[[-83.13408,35.34291],[-83.13476,35.34246],[-83.13508,35.34158],[-83.13556,35.34103]]},"properties":{"net":"NC3252","o":2}},{"type":"Feature","geometry":{"type":"LineString","coordinates":[[-83.13238,35.34883],[-83.13266,35.34815],[-83.13265,35.34756],[-83.13287,35.34682]]},"properties":{"net":"NC3252","o":2}},{"type":"Feature","geometry":{"type":"LineString","coordinates":[[-83.12348,35.35014],[-83.12504,35.34904],[-83.12567,35.34843],[-83.12587,35.34806],[-83.12647,35.34779],[-83.1279,35.34744],[-83.12897,35.34691],[-83.13093,35.34641],[-83.13143,35.34644],[-83.13287,35.34682]]},"properties":{"net":"NC3252","o":1}},{"type":"Feature","geometry":{"type":"LineString","coordinates":[[-83.13706,35.41698],[-83.13764,35.41681],[-83.139,35.41677],[-83.14013,35.41635],[-83.1406,35.41609],[-83.14122,35.41547],[-83.14362,35.4141],[-83.1451,35.41299]]},"properties":{"net":"out","o":4}},{"type":"Feature","geometry":{"type":"LineString","coordinates":[[-83.26029,35.5911],[-83.26083,35.59061],[-83.26145,35.5904],[-83.26246,35.58966]]},"properties":{"net":"NC3046","o":2}},{"type":"Feature","geometry":{"type":"LineString","coordinates":[[-83.2773,35.61908],[-83.27653,35.61915]]},"properties":{"net":"NC3046","o":3}},{"type":"Feature","geometry":{"type":"LineString","coordinates":[[-83.25907,35.60949],[-83.25929,35.6093],[-83.25948,35.60892],[-83.25932,35.60741],[-83.2596,35.60641]]},"properties":{"net":"NC3046","o":4}},{"type":"Feature","geometry":{"type":"LineString","coordinates":[[-83.27115,35.64058],[-83.27173,35.6393],[-83.27217,35.63887],[-83.27231,35.63856],[-83.27195,35.63733],[-83.27113,35.6368],[-83.27077,35.63634],[-83.27072,35.636],[-83.27091,35.63532],[-83.27083,35.63482],[-83.27023,35.63331],[-83.2701,35.63311],[-83.26977,35.63291]]},"properties":{"net":"NC3046","o":4}},{"type":"Feature","geometry":{"type":"LineString","coordinates":[[-83.26752,35.63102],[-83.26741,35.63101]]},"properties":{"net":"NC3046","o":1}},{"type":"Feature","geometry":{"type":"LineString","coordinates":[[-83.25119,35.69445],[-83.25216,35.69233],[-83.25255,35.69206],[-83.25263,35.69104],[-83.25297,35.69085],[-83.25313,35.69048],[-83.25371,35.69018],[-83.25429,35.69006],[-83.25454,35.68962],[-83.25495,35.6892],[-83.25534,35.689],[-83.25535,35.68805],[-83.25566,35.68707],[-83.25657,35.6868],[-83.25703,35.68608],[-83.25761,35.68568],[-83.25807,35.68445],[-83.25826,35.6843],[-83.25877,35.68354],[-83.2597,35.68258],[-83.26001,35.6815],[-83.25934,35.68017]]},"properties":{"net":"NC3046","o":1}},{"type":"Feature","geometry":{"type":"LineString","coordinates":[[-83.24163,35.53388],[-83.24292,35.53393],[-83.24321,35.53383]]},"properties":{"net":"NC3046","o":2}},{"type":"Feature","geometry":{"type":"LineString","coordinates":[[-83.23612,35.5289],[-83.23667,35.52881],[-83.23709,35.52896]]},"properties":{"net":"NC3046","o":1}},{"type":"Feature","geometry":{"type":"LineString","coordinates":[[-83.36815,35.41486],[-83.36804,35.4153],[-83.36806,35.41586],[-83.36839,35.41686],[-83.36845,35.41733],[-83.36838,35.41855],[-83.36845,35.41873],[-83.36925,35.41926],[-83.37013,35.42022]]},"properties":{"net":"out","o":4}},{"type":"Feature","geometry":{"type":"LineString","coordinates":[[-83.2567,35.5534],[-83.25659,35.55363],[-83.25662,35.55399]]},"properties":{"net":"NC3046","o":1}},{"type":"Feature","geometry":{"type":"LineString","coordinates":[[-83.25451,35.55506],[-83.25458,35.55499]]},"properties":{"net":"NC3046","o":1}},{"type":"Feature","geometry":{"type":"LineString","coordinates":[[-83.25412,35.55545],[-83.25451,35.55506]]},"properties":{"net":"NC3046","o":1}},{"type":"Feature","geometry":{"type":"LineString","coordinates":[[-83.25212,35.55309],[-83.25244,35.55326],[-83.25261,35.5538],[-83.25285,35.55411],[-83.25458,35.55499]]},"properties":{"net":"NC3046","o":6}},{"type":"Feature","geometry":{"type":"LineString","coordinates":[[-83.25396,35.54584],[-83.25363,35.54651],[-83.25335,35.54683],[-83.25208,35.54746]]},"properties":{"net":"NC3046","o":1}},{"type":"Feature","geometry":{"type":"LineString","coordinates":[[-83.24998,35.55249],[-83.2506,35.55228]]},"properties":{"net":"NC3046","o":1}},{"type":"Feature","geometry":{"type":"LineString","coordinates":[[-83.24902,35.55666],[-83.25019,35.55589]]},"properties":{"net":"NC3046","o":6}},{"type":"Feature","geometry":{"type":"LineString","coordinates":[[-83.24857,35.55939],[-83.24846,35.5594]]},"properties":{"net":"NC3046","o":1}},{"type":"Feature","geometry":{"type":"LineString","coordinates":[[-83.24813,35.55881],[-83.24786,35.55802],[-83.24793,35.55739],[-83.24822,35.55708],[-83.24902,35.55666]]},"properties":{"net":"NC3046","o":6}},{"type":"Feature","geometry":{"type":"LineString","coordinates":[[-83.24621,35.54838],[-83.24704,35.54819],[-83.2474,35.54826],[-83.24782,35.54821]]},"properties":{"net":"NC3046","o":2}},{"type":"Feature","geometry":{"type":"LineString","coordinates":[[-83.24616,35.54342],[-83.24727,35.54369],[-83.24787,35.54444],[-83.24883,35.54527]]},"properties":{"net":"NC3046","o":1}},{"type":"Feature","geometry":{"type":"LineString","coordinates":[[-83.0115,35.31615],[-83.01197,35.31602],[-83.01318,35.31596],[-83.01398,35.31625],[-83.0152,35.31723],[-83.01599,35.31764],[-83.01844,35.31803],[-83.0199,35.31801],[-83.02091,35.31866],[-83.02208,35.31926],[-83.02366,35.32037],[-83.02396,35.32076],[-83.02418,35.32129],[-83.02482,35.32201],[-83.02523,35.32275],[-83.02633,35.32369],[-83.02699,35.32478]]},"properties":{"net":"NC3252","o":2}},{"type":"Feature","geometry":{"type":"LineString","coordinates":[[-83.03068,35.29499],[-83.03172,35.29708],[-83.03265,35.29791],[-83.0333,35.29896],[-83.03523,35.30044],[-83.03574,35.30203],[-83.0372,35.30321],[-83.0373,35.30367],[-83.03724,35.30581],[-83.03737,35.30677],[-83.03724,35.30838],[-83.03695,35.30907],[-83.037,35.30991]]},"properties":{"net":"NC3252","o":1}},{"type":"Feature","geometry":{"type":"LineString","coordinates":[[-83.0258,35.30413],[-83.02641,35.30472],[-83.02809,35.30549],[-83.02902,35.30666],[-83.03005,35.30774],[-83.03039,35.30799],[-83.0317,35.30819],[-83.03272,35.30881],[-83.03453,35.30961],[-83.037,35.30991]]},"properties":{"net":"NC3252","o":2}},{"type":"Feature","geometry":{"type":"LineString","coordinates":[[-83.03836,35.32474],[-83.0392,35.32492],[-83.04039,35.32483]]},"properties":{"net":"NC3252","o":3}},{"type":"Feature","geometry":{"type":"LineString","coordinates":[[-83.03836,35.32474],[-83.03859,35.32492],[-83.03884,35.32533],[-83.03919,35.32542],[-83.03976,35.32529],[-83.04039,35.32483]]},"properties":{"net":"NC3252","o":3}},{"type":"Feature","geometry":{"type":"LineString","coordinates":[[-82.99986,35.14764],[-83.00039,35.14892],[-83.00135,35.15051],[-83.00198,35.15145],[-83.00259,35.1518]]},"properties":{"net":"NC3027","o":1}},{"type":"Feature","geometry":{"type":"LineString","coordinates":[[-83.00396,35.17365],[-83.00371,35.17357]]},"properties":{"net":"NC3027","o":1}},{"type":"Feature","geometry":{"type":"LineString","coordinates":[[-82.99986,35.17265],[-83.001,35.17321],[-83.00239,35.17364],[-83.0028,35.17388],[-83.00293,35.17411]]},"properties":{"net":"NC3027","o":2}},{"type":"Feature","geometry":{"type":"LineString","coordinates":[[-82.98598,35.21534],[-82.98941,35.21595],[-82.99065,35.21605],[-82.9915,35.21595],[-82.99275,35.21453],[-82.99335,35.21357],[-82.99475,35.21251],[-82.9969,35.21209],[-82.998,35.21228],[-82.99992,35.21358],[-83.0003,35.21363]]},"properties":{"net":"NC3027","o":3}},{"type":"Feature","geometry":{"type":"LineString","coordinates":[[-82.97772,35.21584],[-82.97905,35.2163],[-82.9801,35.21641],[-82.98078,35.21622],[-82.98223,35.21604],[-82.98407,35.21607],[-82.98514,35.21538],[-82.98598,35.21534]]},"properties":{"net":"NC3027","o":3}},{"type":"Feature","geometry":{"type":"LineString","coordinates":[[-82.9919,35.30437],[-82.99221,35.30515],[-82.99257,35.30571],[-82.99286,35.30655],[-82.99339,35.30733],[-82.99356,35.30835],[-82.99381,35.30872],[-82.995,35.30988],[-82.99533,35.3105],[-82.99547,35.31111],[-82.99586,35.31187]]},"properties":{"net":"NC3252","o":1}},{"type":"Feature","geometry":{"type":"LineString","coordinates":[[-82.99054,35.3453],[-82.99249,35.34363],[-82.99271,35.34322],[-82.9931,35.3429],[-82.99335,35.34235],[-82.99353,35.34172],[-82.993,35.34069],[-82.99298,35.33924],[-82.99307,35.33878],[-82.99342,35.33836],[-82.99447,35.33778],[-82.99586,35.33728],[-82.99803,35.33752],[-82.99986,35.33727]]},"properties":{"net":"NC3252","o":1}},{"type":"Feature","geometry":{"type":"LineString","coordinates":[[-83.0048,35.18304],[-83.00438,35.18302],[-83.00399,35.18287],[-83.00224,35.18172],[-83.0016,35.18153],[-83.0008,35.18167],[-82.99939,35.18233],[-82.9985,35.18236],[-82.9981,35.18251],[-82.99769,35.18289],[-82.99751,35.18416],[-82.99778,35.18495],[-82.99877,35.18671],[-82.99874,35.18729],[-82.99854,35.18789],[-82.99772,35.18904],[-82.99694,35.18971],[-82.99651,35.18984],[-82.99587,35.18941],[-82.99564,35.1894],[-82.99508,35.18964],[-82.99488,35.18984]]},"properties":{"net":"NC3027","o":3}},{"type":"Feature","geometry":{"type":"LineString","coordinates":[[-82.9917,35.19945],[-82.99195,35.19997],[-82.99346,35.20164],[-82.99284,35.20253],[-82.99297,35.20328],[-82.99283,35.20422],[-82.99255,35.2049],[-82.99267,35.2054],[-82.99308,35.20585],[-82.994,35.20629],[-82.99467,35.20707],[-82.99483,35.20748],[-82.99519,35.20801],[-82.99585,35.20856],[-82.99647,35.20927],[-82.99678,35.20947],[-82.99715,35.20956],[-82.99785,35.20949],[-82.99804,35.20935],[-82.99825,35.20935]]},"properties":{"net":"NC3027","o":3}},{"type":"Feature","geometry":{"type":"LineString","coordinates":[[-82.99221,35.19698],[-82.99151,35.19777],[-82.99098,35.19811],[-82.991,35.19843],[-82.99155,35.1988],[-82.99154,35.19924],[-82.9917,35.19945]]},"properties":{"net":"NC3027","o":3}},{"type":"Feature","geometry":{"type":"LineString","coordinates":[[-82.97117,35.3246],[-82.97196,35.32469],[-82.9726,35.32492],[-82.97361,35.32481],[-82.9751,35.32521],[-82.97531,35.32521],[-82.97624,35.3249],[-82.97664,35.3249],[-82.9782,35.3253],[-82.97938,35.32582],[-82.98185,35.32535],[-82.98332,35.32543],[-82.98378,35.32531]]},"properties":{"net":"NC3252","o":1}},{"type":"Feature","geometry":{"type":"LineString","coordinates":[[-83.1069,35.26081],[-83.10703,35.26085],[-83.10794,35.26175],[-83.10871,35.26228],[-83.1088,35.26244]]},"properties":{"net":"NC3252","o":4}},{"type":"Feature","geometry":{"type":"LineString","coordinates":[[-83.09083,35.27104],[-83.09152,35.27042],[-83.09285,35.26961],[-83.09333,35.26917],[-83.09347,35.26884],[-83.09352,35.26807],[-83.09365,35.26767],[-83.09436,35.26699],[-83.09447,35.26675],[-83.09423,35.26585],[-83.0944,35.26524],[-83.09569,35.26298],[-83.09667,35.26232],[-83.09689,35.26174],[-83.09755,35.26103],[-83.09813,35.25975],[-83.09885,35.25883],[-83.09951,35.25883],[-83.0997,35.25868],[-83.10032,35.25862],[-83.10213,35.25779],[-83.10255,35.25768],[-83.10326,35.25764],[-83.10477,35.25785],[-83.10713,35.25763],[-83.10791,35.25732]]},"properties":{"net":"NC3252","o":1}},{"type":"Feature","geometry":{"type":"LineString","coordinates":[[-83.0878,35.24634],[-83.08822,35.24696],[-83.08879,35.24734],[-83.09023,35.24752],[-83.09091,35.24804],[-83.09096,35.24899],[-83.09108,35.24916],[-83.09227,35.24984],[-83.09234,35.25127],[-83.09261,35.25232]]},"properties":{"net":"NC3026","o":4}},{"type":"Feature","geometry":{"type":"LineString","coordinates":[[-83.07174,35.30899],[-83.07185,35.30878],[-83.07236,35.3086],[-83.0746,35.30856],[-83.07577,35.30876],[-83.07725,35.30924]]},"properties":{"net":"NC3252","o":4}},{"type":"Feature","geometry":{"type":"LineString","coordinates":[[-83.07725,35.30924],[-83.07745,35.30951],[-83.0771,35.31033],[-83.07706,35.31087],[-83.07714,35.31111]]},"properties":{"net":"NC3252","o":4}},{"type":"Feature","geometry":{"type":"LineString","coordinates":[[-83.05105,35.23278],[-83.05418,35.23562],[-83.05571,35.23801],[-83.05726,35.2407]]},"properties":{"net":"NC3028","o":4}},{"type":"Feature","geometry":{"type":"LineString","coordinates":[[-83.04069,35.22742],[-83.04086,35.22738],[-83.04224,35.22852],[-83.04493,35.22928],[-83.04656,35.229],[-83.04822,35.22914],[-83.04907,35.22984]]},"properties":{"net":"NC3028","o":4}},{"type":"Feature","geometry":{"type":"LineString","coordinates":[[-83.31871,35.65439],[-83.31896,35.65434],[-83.31944,35.65452],[-83.32029,35.65555],[-83.32136,35.65608],[-83.32173,35.65661],[-83.32194,35.6566],[-83.32225,35.6564],[-83.32273,35.65639],[-83.32345,35.65671],[-83.32402,35.65671],[-83.32437,35.65685],[-83.32449,35.65677],[-83.32456,35.65649],[-83.32478,35.65645],[-83.32601,35.6569],[-83.32633,35.65691],[-83.32673,35.65675],[-83.32678,35.65626],[-83.32712,35.65592],[-83.32726,35.65558],[-83.32809,35.65484],[-83.32824,35.65427],[-83.32812,35.65382],[-83.32827,35.65342],[-83.32857,35.65304]]},"properties":{"net":"NC3046","o":1}},{"type":"Feature","geometry":{"type":"LineString","coordinates":[[-83.34056,35.47316],[-83.3407,35.4733]]},"properties":{"net":"NC3046","o":2}},{"type":"Feature","geometry":{"type":"LineString","coordinates":[[-83.33861,35.47675],[-83.33864,35.47653],[-83.33849,35.47604],[-83.33863,35.47576],[-83.3387,35.47503],[-83.33856,35.47413]]},"properties":{"net":"NC3046","o":2}},{"type":"Feature","geometry":{"type":"LineString","coordinates":[[-83.32888,35.46045],[-83.32864,35.46072],[-83.32852,35.46107],[-83.32858,35.46216],[-83.32809,35.46269]]},"properties":{"net":"NC3046","o":1}},{"type":"Feature","geometry":{"type":"LineString","coordinates":[[-83.32569,35.47387],[-83.32625,35.47307],[-83.32674,35.47214]]},"properties":{"net":"NC3046","o":1}},{"type":"Feature","geometry":{"type":"LineString","coordinates":[[-83.32533,35.46873],[-83.3281,35.46929]]},"properties":{"net":"NC3046","o":6}},{"type":"Feature","geometry":{"type":"LineString","coordinates":[[-83.32732,35.47627],[-83.32574,35.4769],[-83.32456,35.47724],[-83.32443,35.47708],[-83.3241,35.47718],[-83.32395,35.47734]]},"properties":{"net":"NC3046","o":1}},{"type":"Feature","geometry":{"type":"LineString","coordinates":[[-83.32319,35.46896],[-83.32428,35.46876]]},"properties":{"net":"NC3046","o":6}},{"type":"Feature","geometry":{"type":"LineString","coordinates":[[-83.32003,35.46856],[-83.32003,35.4684]]},"properties":{"net":"NC3046","o":1}},{"type":"Feature","geometry":{"type":"LineString","coordinates":[[-83.31964,35.46306],[-83.32023,35.46389],[-83.32127,35.46485],[-83.32145,35.46511],[-83.32191,35.46645],[-83.32226,35.46675],[-83.3243,35.46794],[-83.32533,35.46873]]},"properties":{"net":"NC3046","o":4}},{"type":"Feature","geometry":{"type":"LineString","coordinates":[[-83.33811,35.49949],[-83.33799,35.49908],[-83.33807,35.49885],[-83.33799,35.49843],[-83.33778,35.49797],[-83.33828,35.49693]]},"properties":{"net":"NC3046","o":1}},{"type":"Feature","geometry":{"type":"LineString","coordinates":[[-83.3339,35.48428],[-83.33406,35.48387]]},"properties":{"net":"NC3046","o":2}},{"type":"Feature","geometry":{"type":"LineString","coordinates":[[-83.3334,35.48576],[-83.33355,35.4856],[-83.33357,35.48513],[-83.33396,35.48453],[-83.3339,35.48428]]},"properties":{"net":"NC3046","o":1}},{"type":"Feature","geometry":{"type":"LineString","coordinates":[[-83.33231,35.48123],[-83.33226,35.48104]]},"properties":{"net":"NC3046","o":3}},{"type":"Feature","geometry":{"type":"LineString","coordinates":[[-83.3302,35.48771],[-83.32852,35.48786]]},"properties":{"net":"NC3046","o":1}},{"type":"Feature","geometry":{"type":"LineString","coordinates":[[-83.32818,35.481],[-83.32799,35.48032],[-83.32726,35.47925],[-83.32719,35.47863],[-83.32686,35.47827],[-83.3268,35.47791],[-83.32666,35.47783],[-83.32647,35.47792],[-83.32572,35.47759],[-83.32448,35.4776]]},"properties":{"net":"NC3046","o":1}},{"type":"Feature","geometry":{"type":"LineString","coordinates":[[-83.32453,35.49801],[-83.32435,35.49788]]},"properties":{"net":"NC3046","o":3}},{"type":"Feature","geometry":{"type":"LineString","coordinates":[[-83.32776,35.49566],[-83.32715,35.49561],[-83.32645,35.49531],[-83.32545,35.49523],[-83.32496,35.49538],[-83.32465,35.49565],[-83.3242,35.49572],[-83.32319,35.49568],[-83.32285,35.49578],[-83.32173,35.49557]]},"properties":{"net":"NC3046","o":2}},{"type":"Feature","geometry":{"type":"LineString","coordinates":[[-83.32173,35.49557],[-83.32134,35.49579]]},"properties":{"net":"NC3046","o":2}},{"type":"Feature","geometry":{"type":"LineString","coordinates":[[-83.32076,35.47778],[-83.32054,35.47774],[-83.32035,35.47787],[-83.31989,35.47791]]},"properties":{"net":"NC3046","o":2}},{"type":"Feature","geometry":{"type":"LineString","coordinates":[[-83.32042,35.48933],[-83.32052,35.48885],[-83.32008,35.48864],[-83.31987,35.48815],[-83.31986,35.48731],[-83.31999,35.48664]]},"properties":{"net":"NC3046","o":2}},{"type":"Feature","geometry":{"type":"LineString","coordinates":[[-83.33416,35.50096],[-83.33404,35.50092]]},"properties":{"net":"NC3046","o":2}},{"type":"Feature","geometry":{"type":"LineString","coordinates":[[-83.33404,35.50092],[-83.33249,35.50062]]},"properties":{"net":"NC3046","o":2}},{"type":"Feature","geometry":{"type":"LineString","coordinates":[[-83.33006,35.50361],[-83.32979,35.50286],[-83.3296,35.50189],[-83.3293,35.50158],[-83.32886,35.50061],[-83.32885,35.5003]]},"properties":{"net":"NC3046","o":2}},{"type":"Feature","geometry":{"type":"LineString","coordinates":[[-83.32316,35.5016],[-83.32237,35.50107],[-83.3216,35.50099],[-83.31974,35.50022],[-83.3196,35.50006],[-83.31947,35.4996],[-83.31932,35.49945]]},"properties":{"net":"NC3046","o":1}},{"type":"Feature","geometry":{"type":"LineString","coordinates":[[-83.32549,35.54047],[-83.32417,35.53935],[-83.32359,35.53903],[-83.3233,35.53866],[-83.32332,35.5384],[-83.32319,35.53803]]},"properties":{"net":"NC3046","o":2}},{"type":"Feature","geometry":{"type":"LineString","coordinates":[[-83.33781,35.55173],[-83.3375,35.55196],[-83.33615,35.55252],[-83.33572,35.55256],[-83.33485,35.55245]]},"properties":{"net":"NC3046","o":1}},{"type":"Feature","geometry":{"type":"LineString","coordinates":[[-83.32635,35.54382],[-83.32603,35.54307],[-83.32606,35.54196],[-83.32549,35.54047]]},"properties":{"net":"NC3046","o":2}},{"type":"Feature","geometry":{"type":"LineString","coordinates":[[-83.32123,35.55813],[-83.32126,35.55808]]},"properties":{"net":"NC3046","o":2}},{"type":"Feature","geometry":{"type":"LineString","coordinates":[[-83.33317,35.56601],[-83.33312,35.56601]]},"properties":{"net":"NC3046","o":4}},{"type":"Feature","geometry":{"type":"LineString","coordinates":[[-83.3312,35.56406],[-83.33113,35.56411]]},"properties":{"net":"NC3046","o":1}},{"type":"Feature","geometry":{"type":"LineString","coordinates":[[-83.33312,35.56601],[-83.33265,35.56572],[-83.33253,35.56551],[-83.33292,35.5648],[-83.33293,35.56452],[-83.3328,35.56421],[-83.33221,35.56401],[-83.33113,35.56411]]},"properties":{"net":"NC3046","o":5}},{"type":"Feature","geometry":{"type":"LineString","coordinates":[[-83.33192,35.58408],[-83.33116,35.58361],[-83.3298,35.58317],[-83.32945,35.5829],[-83.32911,35.58239],[-83.32786,35.58194],[-83.3271,35.58135],[-83.32634,35.58134],[-83.32529,35.58078],[-83.32505,35.58053],[-83.32486,35.58007],[-83.32434,35.5796],[-83.3228,35.57927],[-83.32205,35.57927],[-83.3213,35.57886],[-83.32079,35.57881]]},"properties":{"net":"NC3046","o":1}},{"type":"Feature","geometry":{"type":"LineString","coordinates":[[-83.32025,35.58418],[-83.32075,35.58394],[-83.3214,35.58387],[-83.32147,35.58378],[-83.32149,35.5835],[-83.32129,35.5829],[-83.32127,35.58251],[-83.32141,35.58196],[-83.32202,35.58143]]},"properties":{"net":"NC3046","o":1}},{"type":"Feature","geometry":{"type":"LineString","coordinates":[[-83.34017,35.61128],[-83.33934,35.61043],[-83.3389,35.61029],[-83.33857,35.61001],[-83.33803,35.60977],[-83.33742,35.60981],[-83.33678,35.60973],[-83.33611,35.60987],[-83.33491,35.60938],[-83.33424,35.60891],[-83.33349,35.60867],[-83.33284,35.6086],[-83.33254,35.60823],[-83.33243,35.60746]]},"properties":{"net":"NC3046","o":2}},{"type":"Feature","geometry":{"type":"LineString","coordinates":[[-83.32282,35.62236],[-83.32331,35.62293],[-83.32391,35.62326],[-83.32508,35.62363],[-83.32562,35.62355],[-83.32659,35.62363]]},"properties":{"net":"NC3046","o":1}},{"type":"Feature","geometry":{"type":"LineString","coordinates":[[-83.32997,35.65393],[-83.32956,35.65348],[-83.32899,35.6532],[-83.3287,35.65317],[-83.32857,35.65304]]},"properties":{"net":"NC3046","o":2}},{"type":"Feature","geometry":{"type":"LineString","coordinates":[[-83.25139,35.24931],[-83.25245,35.2494],[-83.25504,35.24938],[-83.25647,35.24974],[-83.258,35.24998],[-83.26014,35.24996],[-83.26093,35.24977],[-83.26151,35.24974],[-83.26298,35.25004],[-83.26481,35.25009],[-83.26554,35.25057]]},"properties":{"net":"sm2653","o":1}},{"type":"Feature","geometry":{"type":"LineString","coordinates":[[-83.26045,35.23343],[-83.26069,35.23432],[-83.26138,35.23517],[-83.26153,35.23671],[-83.26137,35.23788],[-83.26108,35.23847],[-83.26059,35.23914]]},"properties":{"net":"sm2655","o":1}},{"type":"Feature","geometry":{"type":"LineString","coordinates":[[-83.25214,35.62231],[-83.25212,35.62223]]},"properties":{"net":"NC3046","o":1}},{"type":"Feature","geometry":{"type":"LineString","coordinates":[[-83.25429,35.62451],[-83.25357,35.62434],[-83.25298,35.6239],[-83.25292,35.62361],[-83.25313,35.62302],[-83.25309,35.62265],[-83.25262,35.62231],[-83.25212,35.62223]]},"properties":{"net":"NC3046","o":4}},{"type":"Feature","geometry":{"type":"LineString","coordinates":[[-83.25205,35.60956],[-83.25276,35.60992],[-83.25332,35.6104]]},"properties":{"net":"NC3046","o":2}},{"type":"Feature","geometry":{"type":"LineString","coordinates":[[-83.24394,35.55578],[-83.24378,35.55633],[-83.24381,35.55651],[-83.24359,35.55707],[-83.24366,35.55769],[-83.24307,35.55814],[-83.24318,35.55841]]},"properties":{"net":"NC3046","o":1}},{"type":"Feature","geometry":{"type":"LineString","coordinates":[[-83.24025,35.55683],[-83.24088,35.55691],[-83.24118,35.55705]]},"properties":{"net":"NC3046","o":5}},{"type":"Feature","geometry":{"type":"LineString","coordinates":[[-83.23957,35.54441],[-83.23882,35.54435]]},"properties":{"net":"NC3046","o":2}},{"type":"Feature","geometry":{"type":"LineString","coordinates":[[-83.23974,35.54534],[-83.239,35.54469],[-83.23882,35.54435]]},"properties":{"net":"NC3046","o":1}},{"type":"Feature","geometry":{"type":"LineString","coordinates":[[-83.23761,35.54518],[-83.23747,35.5445],[-83.23695,35.54383],[-83.23689,35.54337]]},"properties":{"net":"NC3046","o":1}},{"type":"Feature","geometry":{"type":"LineString","coordinates":[[-83.23786,35.54018],[-83.23729,35.5403],[-83.23642,35.54019],[-83.23614,35.54026]]},"properties":{"net":"NC3046","o":2}},{"type":"Feature","geometry":{"type":"LineString","coordinates":[[-83.25669,35.57239],[-83.25665,35.57184],[-83.25639,35.5713],[-83.25596,35.571],[-83.25578,35.57072],[-83.25543,35.57045]]},"properties":{"net":"NC3046","o":4}},{"type":"Feature","geometry":{"type":"LineString","coordinates":[[-83.25297,35.57806],[-83.25333,35.57787],[-83.25359,35.57735],[-83.25427,35.57685],[-83.25465,35.57639]]},"properties":{"net":"NC3046","o":1}},{"type":"Feature","geometry":{"type":"LineString","coordinates":[[-83.25397,35.56847],[-83.25317,35.56717],[-83.25278,35.5668],[-83.2524,35.56663]]},"properties":{"net":"NC3046","o":4}},{"type":"Feature","geometry":{"type":"LineString","coordinates":[[-83.25214,35.56193],[-83.25117,35.56195],[-83.2506,35.56217],[-83.25019,35.56195],[-83.2493,35.56208]]},"properties":{"net":"NC3046","o":1}},{"type":"Feature","geometry":{"type":"LineString","coordinates":[[-83.2493,35.56208],[-83.24903,35.56193]]},"properties":{"net":"NC3046","o":2}},{"type":"Feature","geometry":{"type":"LineString","coordinates":[[-83.24827,35.58446],[-83.24855,35.5836],[-83.2484,35.58264],[-83.24816,35.58246],[-83.24714,35.5821],[-83.24685,35.58174]]},"properties":{"net":"NC3046","o":1}},{"type":"Feature","geometry":{"type":"LineString","coordinates":[[-83.24445,35.57591],[-83.2446,35.57524]]},"properties":{"net":"NC3046","o":4}},{"type":"Feature","geometry":{"type":"LineString","coordinates":[[-83.24365,35.5728],[-83.24355,35.5728]]},"properties":{"net":"NC3046","o":1}},{"type":"Feature","geometry":{"type":"LineString","coordinates":[[-83.24024,35.57511],[-83.24085,35.57442],[-83.24329,35.57311]]},"properties":{"net":"NC3046","o":1}},{"type":"Feature","geometry":{"type":"LineString","coordinates":[[-83.23208,35.56729],[-83.23314,35.56713],[-83.23365,35.56737],[-83.23524,35.56772],[-83.23872,35.56895]]},"properties":{"net":"NC3046","o":1}},{"type":"Feature","geometry":{"type":"LineString","coordinates":[[-83.2231,35.57837],[-83.22469,35.57809],[-83.22476,35.57796],[-83.22474,35.57749],[-83.2253,35.57729],[-83.2254,35.57686],[-83.22701,35.57643],[-83.22768,35.57552],[-83.22827,35.57548],[-83.22897,35.57595],[-83.22963,35.57599],[-83.22984,35.5759],[-83.23049,35.57515],[-83.23142,35.57479],[-83.23235,35.57477],[-83.23263,35.5743],[-83.23263,35.57364],[-83.23278,35.5733],[-83.23332,35.57315],[-83.23437,35.57338],[-83.23466,35.57303],[-83.23535,35.5729],[-83.23569,35.57249],[-83.2358,35.57211],[-83.23605,35.57193]]},"properties":{"net":"NC3046","o":3}},{"type":"Feature","geometry":{"type":"LineString","coordinates":[[-83.24989,35.61874],[-83.24993,35.61865]]},"properties":{"net":"NC3046","o":2}},{"type":"Feature","geometry":{"type":"LineString","coordinates":[[-83.24993,35.61865],[-83.24968,35.61829],[-83.24968,35.618],[-83.25033,35.61726],[-83.25047,35.61696],[-83.25037,35.6163],[-83.25047,35.61562],[-83.25024,35.61447]]},"properties":{"net":"NC3046","o":4}},{"type":"Feature","geometry":{"type":"LineString","coordinates":[[-83.2529,35.63477],[-83.25282,35.63424],[-83.25287,35.63384],[-83.25351,35.63324],[-83.25363,35.63304],[-83.25361,35.63252],[-83.25369,35.63231],[-83.25445,35.63161],[-83.25486,35.63106],[-83.25542,35.63013],[-83.25557,35.62963],[-83.25545,35.62895],[-83.25557,35.62859],[-83.25554,35.62822],[-83.25569,35.62731],[-83.25552,35.62703],[-83.2558,35.62614],[-83.25584,35.62519],[-83.25567,35.62481]]},"properties":{"net":"NC3046","o":1}},{"type":"Feature","geometry":{"type":"LineString","coordinates":[[-83.22558,35.52691],[-83.22455,35.52705]]},"properties":{"net":"NC3046","o":1}},{"type":"Feature","geometry":{"type":"LineString","coordinates":[[-83.22074,35.52867],[-83.22072,35.52912]]},"properties":{"net":"NC3046","o":3}},{"type":"Feature","geometry":{"type":"LineString","coordinates":[[-83.22035,35.53276],[-83.2203,35.53295],[-83.22045,35.53326],[-83.22045,35.53364],[-83.22064,35.53422]]},"properties":{"net":"NC3046","o":3}},{"type":"Feature","geometry":{"type":"LineString","coordinates":[[-83.21623,35.53125],[-83.21744,35.53012]]},"properties":{"net":"NC3046","o":1}},{"type":"Feature","geometry":{"type":"LineString","coordinates":[[-83.22236,35.55273],[-83.22285,35.55269]]},"properties":{"net":"sm3086","o":4}},{"type":"Feature","geometry":{"type":"LineString","coordinates":[[-83.22663,35.55701],[-83.22565,35.55619],[-83.22516,35.5555],[-83.2251,35.55514],[-83.22487,35.55493],[-83.2242,35.55482],[-83.22368,35.55451],[-83.22269,35.55434],[-83.2225,35.55423],[-83.22232,35.55346],[-83.22262,35.55324],[-83.22263,35.55291],[-83.22285,35.55269]]},"properties":{"net":"sm3086","o":1}},{"type":"Feature","geometry":{"type":"LineString","coordinates":[[-83.22262,35.46267],[-83.22378,35.46244],[-83.22558,35.46229],[-83.22741,35.46154],[-83.2284,35.46097],[-83.22912,35.4607]]},"properties":{"net":"NC3046","o":1}},{"type":"Feature","geometry":{"type":"LineString","coordinates":[[-83.21706,35.45675],[-83.21652,35.45714],[-83.21504,35.45866],[-83.21452,35.45947]]},"properties":{"net":"sm3081","o":1}},{"type":"Feature","geometry":{"type":"LineString","coordinates":[[-83.22999,35.50407],[-83.23037,35.50325],[-83.23127,35.502],[-83.2317,35.50115],[-83.23243,35.5006],[-83.23264,35.49999],[-83.2349,35.49779],[-83.23515,35.49726],[-83.2352,35.49689]]},"properties":{"net":"NC3046","o":2}},{"type":"Feature","geometry":{"type":"LineString","coordinates":[[-83.21922,35.49239],[-83.21734,35.49134],[-83.21656,35.49116],[-83.21556,35.49116],[-83.21508,35.49101]]},"properties":{"net":"sm3073","o":1}},{"type":"Feature","geometry":{"type":"LineString","coordinates":[[-83.22974,35.50938],[-83.23077,35.50845],[-83.23091,35.50815],[-83.2309,35.50796],[-83.23048,35.50708],[-83.22977,35.50608],[-83.2296,35.5055],[-83.2295,35.50501],[-83.22999,35.50407]]},"properties":{"net":"NC3046","o":2}},{"type":"Feature","geometry":{"type":"LineString","coordinates":[[-83.2334,35.52543],[-83.23258,35.52538],[-83.23218,35.52571]]},"properties":{"net":"NC3046","o":1}},{"type":"Feature","geometry":{"type":"LineString","coordinates":[[-83.23079,35.52779],[-83.23046,35.52911]]},"properties":{"net":"NC3046","o":2}},{"type":"Feature","geometry":{"type":"LineString","coordinates":[[-83.23046,35.52911],[-83.23039,35.5293]]},"properties":{"net":"NC3046","o":2}},{"type":"Feature","geometry":{"type":"LineString","coordinates":[[-83.23015,35.53411],[-83.23017,35.53442]]},"properties":{"net":"NC3046","o":2}},{"type":"Feature","geometry":{"type":"LineString","coordinates":[[-83.23039,35.5293],[-83.23018,35.52973],[-83.23006,35.53044]]},"properties":{"net":"NC3046","o":2}},{"type":"Feature","geometry":{"type":"LineString","coordinates":[[-83.22846,35.53897],[-83.22937,35.53985],[-83.22978,35.54002],[-83.22993,35.54076],[-83.2303,35.54157]]},"properties":{"net":"NC3046","o":1}},{"type":"Feature","geometry":{"type":"LineString","coordinates":[[-83.22758,35.53344],[-83.22791,35.53366],[-83.22852,35.53385],[-83.22878,35.53405],[-83.22996,35.53407],[-83.23017,35.53442]]},"properties":{"net":"NC3046","o":1}},{"type":"Feature","geometry":{"type":"LineString","coordinates":[[-83.23559,35.55225],[-83.23525,35.55281]]},"properties":{"net":"NC3046","o":1}},{"type":"Feature","geometry":{"type":"LineString","coordinates":[[-83.23578,35.54105],[-83.235,35.54165],[-83.23457,35.5418]]},"properties":{"net":"NC3046","o":3}},{"type":"Feature","geometry":{"type":"LineString","coordinates":[[-83.23152,35.54459],[-83.23138,35.54493]]},"properties":{"net":"NC3046","o":3}},{"type":"Feature","geometry":{"type":"LineString","coordinates":[[-83.23416,35.54829],[-83.23369,35.54814],[-83.23222,35.54731],[-83.23131,35.54701],[-83.23077,35.54694],[-83.23043,35.54717]]},"properties":{"net":"NC3046","o":1}},{"type":"Feature","geometry":{"type":"LineString","coordinates":[[-83.22877,35.55464],[-83.22917,35.55417],[-83.22923,35.55326],[-83.22962,35.55268],[-83.23011,35.55235],[-83.23035,35.55197],[-83.23092,35.55153],[-83.2316,35.55136],[-83.23181,35.55108],[-83.23208,35.55097]]},"properties":{"net":"NC3046","o":1}},{"type":"Feature","geometry":{"type":"LineString","coordinates":[[-83.22574,35.54086],[-83.22573,35.54151],[-83.22591,35.542]]},"properties":{"net":"NC3046","o":1}},{"type":"Feature","geometry":{"type":"LineString","coordinates":[[-83.22487,35.55116],[-83.22506,35.55107]]},"properties":{"net":"sm3086","o":4}},{"type":"Feature","geometry":{"type":"LineString","coordinates":[[-83.22279,35.54813],[-83.22291,35.54884]]},"properties":{"net":"sm3086","o":1}},{"type":"Feature","geometry":{"type":"LineString","coordinates":[[-83.19917,35.51321],[-83.20282,35.51113],[-83.20345,35.51063],[-83.20403,35.5104],[-83.20505,35.50968],[-83.20722,35.50714],[-83.20775,35.50678],[-83.20892,35.50544],[-83.20988,35.50467],[-83.21025,35.5041],[-83.21041,35.50287],[-83.21088,35.50195],[-83.21137,35.5013],[-83.21214,35.50062],[-83.21295,35.5001],[-83.21308,35.49989],[-83.21305,35.49941],[-83.21254,35.49742],[-83.21255,35.4971],[-83.21274,35.49673]]},"properties":{"net":"sm3073","o":1}},{"type":"Feature","geometry":{"type":"LineString","coordinates":[[-83.22154,35.54851],[-83.22248,35.54865]]},"properties":{"net":"sm3086","o":1}},{"type":"Feature","geometry":{"type":"LineString","coordinates":[[-83.22053,35.54544],[-83.22048,35.5449],[-83.22009,35.54456]]},"properties":{"net":"NC3046","o":1}},{"type":"Feature","geometry":{"type":"LineString","coordinates":[[-83.21955,35.55807],[-83.2194,35.55782],[-83.21964,35.55743],[-83.21969,35.55695]]},"properties":{"net":"sm3086","o":3}},{"type":"Feature","geometry":{"type":"LineString","coordinates":[[-83.228,35.56334],[-83.22814,35.56316]]},"properties":{"net":"NC3046","o":2}},{"type":"Feature","geometry":{"type":"LineString","coordinates":[[-83.22442,35.56713],[-83.22479,35.56632],[-83.22492,35.5657],[-83.22539,35.56528],[-83.22582,35.56511],[-83.22696,35.56403],[-83.22761,35.56368],[-83.228,35.56334]]},"properties":{"net":"NC3046","o":1}},{"type":"Feature","geometry":{"type":"LineString","coordinates":[[-83.20347,35.53017],[-83.20344,35.5308],[-83.20215,35.53181]]},"properties":{"net":"NC3046","o":2}},{"type":"Feature","geometry":{"type":"LineString","coordinates":[[-83.20166,35.53681],[-83.20203,35.53708],[-83.2026,35.5369]]},"properties":{"net":"NC3046","o":4}},{"type":"Feature","geometry":{"type":"LineString","coordinates":[[-83.20056,35.5287],[-83.20091,35.52985],[-83.20157,35.53057],[-83.20171,35.53115],[-83.20215,35.53181]]},"properties":{"net":"NC3046","o":3}},{"type":"Feature","geometry":{"type":"LineString","coordinates":[[-83.22039,35.64713],[-83.22044,35.64678],[-83.2207,35.64658],[-83.22075,35.64639]]},"properties":{"net":"NC31823","o":4}},{"type":"Feature","geometry":{"type":"LineString","coordinates":[[-83.19923,35.45136],[-83.19979,35.45158],[-83.20039,35.45199],[-83.20141,35.45302],[-83.20269,35.45403]]},"properties":{"net":"sm3081","o":1}},{"type":"Feature","geometry":{"type":"LineString","coordinates":[[-83.19403,35.4574],[-83.19391,35.45782],[-83.19387,35.45864],[-83.1935,35.45955],[-83.19354,35.46036],[-83.19407,35.46254],[-83.19544,35.46406],[-83.19552,35.46469],[-83.19604,35.46648],[-83.19587,35.46698],[-83.19574,35.46803]]},"properties":{"net":"sm3082","o":1}},{"type":"Feature","geometry":{"type":"LineString","coordinates":[[-83.19255,35.51074],[-83.19363,35.50994],[-83.19429,35.50958],[-83.19575,35.50907]]},"properties":{"net":"sm3077","o":1}},{"type":"Feature","geometry":{"type":"LineString","coordinates":[[-83.19575,35.50907],[-83.19735,35.50837],[-83.19892,35.50741],[-83.19926,35.50636],[-83.19954,35.50586],[-83.20034,35.50529],[-83.20365,35.50424],[-83.20436,35.50409],[-83.20527,35.50343],[-83.20766,35.50253],[-83.20894,35.50183],[-83.20939,35.50118],[-83.20956,35.5001],[-83.20952,35.49949],[-83.20968,35.4991],[-83.21148,35.49737],[-83.21208,35.49695],[-83.21274,35.49673]]},"properties":{"net":"sm3073","o":1}},{"type":"Feature","geometry":{"type":"LineString","coordinates":[[-83.21421,35.53988],[-83.21435,35.54001],[-83.2147,35.54008]]},"properties":{"net":"NC3046","o":4}},{"type":"Feature","geometry":{"type":"LineString","coordinates":[[-83.2115,35.52736],[-83.21148,35.52744]]},"properties":{"net":"NC3046","o":3}},{"type":"Feature","geometry":{"type":"LineString","coordinates":[[-83.21142,35.52621],[-83.21154,35.52639]]},"properties":{"net":"NC3046","o":3}},{"type":"Feature","geometry":{"type":"LineString","coordinates":[[-83.21147,35.53024],[-83.21125,35.5312]]},"properties":{"net":"NC3046","o":3}},{"type":"Feature","geometry":{"type":"LineString","coordinates":[[-83.21369,35.53314],[-83.21339,35.53317],[-83.21305,35.53349],[-83.2122,35.53371],[-83.21193,35.53399],[-83.21165,35.5341],[-83.21122,35.53407],[-83.21058,35.53419]]},"properties":{"net":"NC3046","o":1}},{"type":"Feature","geometry":{"type":"LineString","coordinates":[[-83.20604,35.52539],[-83.2057,35.52564],[-83.20484,35.5273],[-83.20476,35.52846]]},"properties":{"net":"NC3046","o":1}},{"type":"Feature","geometry":{"type":"LineString","coordinates":[[-83.19842,35.52806],[-83.19965,35.52773],[-83.19999,35.52772]]},"properties":{"net":"NC3046","o":1}},{"type":"Feature","geometry":{"type":"LineString","coordinates":[[-83.19683,35.53275],[-83.19757,35.53376]]},"properties":{"net":"NC3046","o":2}},{"type":"Feature","geometry":{"type":"LineString","coordinates":[[-83.21291,35.5438],[-83.21351,35.54403],[-83.21399,35.54404],[-83.21443,35.54435],[-83.2147,35.54434]]},"properties":{"net":"sm3085","o":1}},{"type":"Feature","geometry":{"type":"LineString","coordinates":[[-83.21125,35.54759],[-83.2114,35.54698],[-83.21183,35.54683]]},"properties":{"net":"sm3085","o":2}},{"type":"Feature","geometry":{"type":"LineString","coordinates":[[-83.1956,35.59525],[-83.19662,35.59404],[-83.197,35.59317],[-83.19744,35.59272],[-83.19766,35.59215],[-83.19795,35.59188],[-83.19817,35.59133],[-83.19839,35.59109]]},"properties":{"net":"NC3046","o":1}},{"type":"Feature","geometry":{"type":"LineString","coordinates":[[-83.21281,35.62494],[-83.21262,35.62485],[-83.21248,35.62434],[-83.21182,35.62389],[-83.21189,35.62319],[-83.21165,35.62257],[-83.2114,35.62225],[-83.21138,35.62204],[-83.20971,35.621],[-83.20858,35.61915],[-83.20854,35.61886],[-83.20862,35.61868]]},"properties":{"net":"NC31823","o":4}},{"type":"Feature","geometry":{"type":"LineString","coordinates":[[-83.17851,35.4035],[-83.17957,35.40373],[-83.18066,35.4041],[-83.18104,35.40405],[-83.18124,35.40392]]},"properties":{"net":"out","o":5}},{"type":"Feature","geometry":{"type":"LineString","coordinates":[[-83.17775,35.46187],[-83.17756,35.46278],[-83.1776,35.46337],[-83.17752,35.46384],[-83.17765,35.46462],[-83.17807,35.46519],[-83.17927,35.46598],[-83.17981,35.46712],[-83.17994,35.46772]]},"properties":{"net":"NC3046","o":1}},{"type":"Feature","geometry":{"type":"LineString","coordinates":[[-83.17408,35.49034],[-83.17454,35.48991],[-83.17559,35.48946],[-83.1763,35.48927],[-83.17695,35.48929],[-83.17785,35.48882],[-83.17903,35.48836],[-83.18053,35.48803]]},"properties":{"net":"NC3046","o":3}},{"type":"Feature","geometry":{"type":"LineString","coordinates":[[-83.19056,35.52324],[-83.19009,35.52429],[-83.19006,35.52481],[-83.18971,35.52579]]},"properties":{"net":"NC3046","o":2}},{"type":"Feature","geometry":{"type":"LineString","coordinates":[[-83.1895,35.51938],[-83.19013,35.52035],[-83.19024,35.52071],[-83.19026,35.52132],[-83.19058,35.52215]]},"properties":{"net":"NC3046","o":1}},{"type":"Feature","geometry":{"type":"LineString","coordinates":[[-83.18501,35.52199],[-83.18623,35.52231],[-83.18683,35.52226]]},"properties":{"net":"NC3046","o":1}},{"type":"Feature","geometry":{"type":"LineString","coordinates":[[-83.17232,35.53076],[-83.17295,35.53131],[-83.17344,35.53193]]},"properties":{"net":"NC3046","o":1}},{"type":"Feature","geometry":{"type":"LineString","coordinates":[[-83.17861,35.58014],[-83.17995,35.57948],[-83.18128,35.57905],[-83.18192,35.57903],[-83.18244,35.57887],[-83.18278,35.57839],[-83.18434,35.57793],[-83.18526,35.5774],[-83.18621,35.5773],[-83.18695,35.57741],[-83.18766,35.57723],[-83.18914,35.57603],[-83.19004,35.5755],[-83.19029,35.57508],[-83.19075,35.5748],[-83.19134,35.5734],[-83.19137,35.57286]]},"properties":{"net":"sm3086","o":1}},{"type":"Feature","geometry":{"type":"LineString","coordinates":[[-83.16497,35.47184],[-83.16571,35.47023],[-83.16619,35.46985],[-83.16678,35.46968],[-83.16996,35.46942]]},"properties":{"net":"NC3046","o":2}},{"type":"Feature","geometry":{"type":"LineString","coordinates":[[-83.15532,35.46021],[-83.1568,35.46022],[-83.15893,35.45992],[-83.1595,35.46006]]},"properties":{"net":"NC3046","o":3}},{"type":"Feature","geometry":{"type":"LineString","coordinates":[[-83.16997,35.5005],[-83.16955,35.49919],[-83.16874,35.49754],[-83.16869,35.49686],[-83.16882,35.4962]]},"properties":{"net":"sm3072","o":2}},{"type":"Feature","geometry":{"type":"LineString","coordinates":[[-83.16882,35.4962],[-83.16902,35.49535],[-83.16876,35.49451],[-83.16877,35.49337],[-83.16898,35.49295],[-83.16967,35.49241]]},"properties":{"net":"NC3046","o":2}},{"type":"Feature","geometry":{"type":"LineString","coordinates":[[-83.39909,35.4349],[-83.40035,35.43336]]},"properties":{"net":"out","o":7}},{"type":"Feature","geometry":{"type":"LineString","coordinates":[[-83.40364,35.44628],[-83.4032,35.44624],[-83.40263,35.44641]]},"properties":{"net":"out","o":4}},{"type":"Feature","geometry":{"type":"LineString","coordinates":[[-83.39858,35.43688],[-83.39854,35.43651]]},"properties":{"net":"out","o":7}},{"type":"Feature","geometry":{"type":"LineString","coordinates":[[-83.34803,35.57036],[-83.34774,35.57016],[-83.34656,35.56979],[-83.34627,35.56977],[-83.3457,35.56997]]},"properties":{"net":"NC3046","o":2}},{"type":"Feature","geometry":{"type":"LineString","coordinates":[[-83.35186,35.50359],[-83.35178,35.50343],[-83.35143,35.50325],[-83.35128,35.50307],[-83.35125,35.50268],[-83.3514,35.50198],[-83.3513,35.50106],[-83.35114,35.50063],[-83.35057,35.50006]]},"properties":{"net":"NC3046","o":1}},{"type":"Feature","geometry":{"type":"LineString","coordinates":[[-83.34934,35.50208],[-83.34961,35.50131],[-83.35016,35.50092],[-83.35045,35.50045]]},"properties":{"net":"NC3046","o":1}},{"type":"Feature","geometry":{"type":"LineString","coordinates":[[-83.34363,35.50415],[-83.3438,35.504]]},"properties":{"net":"NC3046","o":2}},{"type":"Feature","geometry":{"type":"LineString","coordinates":[[-83.34168,35.50604],[-83.34181,35.50572],[-83.34225,35.50529],[-83.34225,35.50493]]},"properties":{"net":"NC3046","o":1}},{"type":"Feature","geometry":{"type":"LineString","coordinates":[[-83.35414,35.55901],[-83.35456,35.55956],[-83.3544,35.55981],[-83.35443,35.56038],[-83.35407,35.5613]]},"properties":{"net":"NC3046","o":2}},{"type":"Feature","geometry":{"type":"LineString","coordinates":[[-83.34181,35.55294],[-83.34171,35.5536]]},"properties":{"net":"NC3046","o":2}},{"type":"Feature","geometry":{"type":"LineString","coordinates":[[-83.3415,35.558],[-83.34139,35.55907],[-83.34164,35.55976],[-83.34182,35.56003],[-83.34206,35.56016],[-83.34241,35.56071],[-83.34268,35.56087],[-83.34307,35.56086],[-83.34331,35.5612],[-83.34375,35.56147]]},"properties":{"net":"NC3046","o":3}},{"type":"Feature","geometry":{"type":"LineString","coordinates":[[-83.34446,35.56486],[-83.34411,35.56457]]},"properties":{"net":"NC3046","o":3}},{"type":"Feature","geometry":{"type":"LineString","coordinates":[[-83.34375,35.56147],[-83.34383,35.56165],[-83.34371,35.56186],[-83.34372,35.56208],[-83.34449,35.56302],[-83.34498,35.56385],[-83.34486,35.56411],[-83.3444,35.56427],[-83.34411,35.56457]]},"properties":{"net":"NC3046","o":3}},{"type":"Feature","geometry":{"type":"LineString","coordinates":[[-83.34147,35.58289],[-83.34153,35.58263],[-83.342,35.58228],[-83.3419,35.58188],[-83.34196,35.58118],[-83.34221,35.58087],[-83.3424,35.58041],[-83.34302,35.57991],[-83.34322,35.57959],[-83.34385,35.57956],[-83.34415,35.57946],[-83.34456,35.57906],[-83.34455,35.57865],[-83.3447,35.57825],[-83.34495,35.57807],[-83.34537,35.57795]]},"properties":{"net":"NC3046","o":2}},{"type":"Feature","geometry":{"type":"LineString","coordinates":[[-83.35533,35.60227],[-83.35546,35.60203],[-83.35547,35.6011],[-83.35599,35.60027],[-83.35623,35.59967],[-83.3563,35.59889],[-83.35648,35.59874],[-83.35652,35.59754],[-83.35631,35.59714],[-83.35641,35.59658],[-83.35565,35.59544],[-83.35539,35.59525],[-83.35535,35.59479],[-83.35507,35.5944]]},"properties":{"net":"NC3046","o":1}},{"type":"Feature","geometry":{"type":"LineString","coordinates":[[-83.34857,35.58641],[-83.34869,35.58611],[-83.34867,35.58514],[-83.34881,35.58495],[-83.34915,35.58477],[-83.34919,35.58459],[-83.34909,35.58431],[-83.34923,35.58405],[-83.34999,35.58364],[-83.35097,35.58382],[-83.35114,35.58368],[-83.3517,35.58367],[-83.35193,35.58347],[-83.35204,35.58324]]},"properties":{"net":"NC3046","o":2}},{"type":"Feature","geometry":{"type":"LineString","coordinates":[[-83.3499,35.59017],[-83.34962,35.58962],[-83.34938,35.58838],[-83.34881,35.58774],[-83.34873,35.58673],[-83.34857,35.58641]]},"properties":{"net":"NC3046","o":1}},{"type":"Feature","geometry":{"type":"LineString","coordinates":[[-83.3414,35.61504],[-83.34172,35.61468],[-83.34181,35.61415],[-83.34202,35.61385],[-83.342,35.61365]]},"properties":{"net":"NC3046","o":1}},{"type":"Feature","geometry":{"type":"LineString","coordinates":[[-83.33855,35.48814],[-83.33808,35.48817],[-83.33665,35.4878]]},"properties":{"net":"NC3046","o":1}},{"type":"Feature","geometry":{"type":"LineString","coordinates":[[-83.35474,35.64742],[-83.35446,35.64701],[-83.35389,35.64679],[-83.3525,35.64692],[-83.3521,35.64689],[-83.35158,35.64669],[-83.35147,35.64641],[-83.3516,35.6461],[-83.3509,35.64506],[-83.35034,35.64481],[-83.35003,35.64448],[-83.34948,35.64451],[-83.34947,35.64424],[-83.34999,35.64399],[-83.35012,35.64376],[-83.34978,35.64325],[-83.34933,35.64287],[-83.34914,35.64235],[-83.34789,35.64178],[-83.34767,35.6414],[-83.34715,35.64114],[-83.34613,35.64002]]},"properties":{"net":"NC3046","o":1}},{"type":"Feature","geometry":{"type":"LineString","coordinates":[[-83.324,35.56006],[-83.32391,35.56009]]},"properties":{"net":"NC3046","o":2}},{"type":"Feature","geometry":{"type":"LineString","coordinates":[[-83.06122,35.31549],[-83.06261,35.31532],[-83.06369,35.31496],[-83.06381,35.31396],[-83.06359,35.3125],[-83.06371,35.31215]]},"properties":{"net":"NC3252","o":4}},{"type":"Feature","geometry":{"type":"LineString","coordinates":[[-83.05092,35.32049],[-83.05304,35.31951],[-83.0542,35.31867],[-83.0558,35.31798],[-83.05696,35.31776],[-83.05737,35.31753]]},"properties":{"net":"NC3252","o":4}},{"type":"Feature","geometry":{"type":"LineString","coordinates":[[-83.05262,35.28325],[-83.05384,35.28369],[-83.05544,35.28396],[-83.05655,35.28455],[-83.05772,35.2855],[-83.05985,35.28758],[-83.06126,35.28811]]},"properties":{"net":"NC3252","o":1}},{"type":"Feature","geometry":{"type":"LineString","coordinates":[[-83.05912,35.29096],[-83.05956,35.29075],[-83.06035,35.29011],[-83.06074,35.28995],[-83.06131,35.28926],[-83.0614,35.28902],[-83.06119,35.28851],[-83.06126,35.28811]]},"properties":{"net":"NC3252","o":2}},{"type":"Feature","geometry":{"type":"LineString","coordinates":[[-83.06371,35.31215],[-83.06404,35.312],[-83.06439,35.31201]]},"properties":{"net":"NC3252","o":4}},{"type":"Feature","geometry":{"type":"LineString","coordinates":[[-83.04133,35.32475],[-83.04216,35.32467],[-83.04324,35.3248],[-83.04528,35.32486],[-83.04625,35.32466],[-83.0469,35.32416],[-83.04738,35.32339],[-83.04768,35.3225],[-83.04806,35.32208],[-83.05092,35.32049]]},"properties":{"net":"NC3252","o":4}},{"type":"Feature","geometry":{"type":"LineString","coordinates":[[-82.99986,35.16002],[-83.00096,35.16011],[-83.00172,35.15988],[-83.0029,35.15995],[-83.00562,35.16078],[-83.00602,35.16104]]},"properties":{"net":"NC3027","o":1}},{"type":"Feature","geometry":{"type":"LineString","coordinates":[[-83.0143,35.16747],[-83.01386,35.16757]]},"properties":{"net":"NC3027","o":2}},{"type":"Feature","geometry":{"type":"LineString","coordinates":[[-83.02591,35.37477],[-83.02579,35.37385],[-83.02501,35.37176],[-83.02429,35.37085],[-83.02273,35.36959],[-83.02228,35.36881],[-83.02079,35.36713]]},"properties":{"net":"NC3252","o":2}},{"type":"Feature","geometry":{"type":"LineString","coordinates":[[-83.00575,35.35469],[-83.00628,35.35441],[-83.00721,35.35434],[-83.00859,35.35396],[-83.01022,35.35321],[-83.01076,35.35308],[-83.01309,35.35333],[-83.01396,35.35351]]},"properties":{"net":"NC3252","o":1}},{"type":"Feature","geometry":{"type":"LineString","coordinates":[[-83.01348,35.27469],[-83.01337,35.27439],[-83.01338,35.27402],[-83.01412,35.27191],[-83.01442,35.27163],[-83.01507,35.27147],[-83.01536,35.27127],[-83.01565,35.27],[-83.01597,35.26961],[-83.01636,35.26932],[-83.01762,35.26876],[-83.01782,35.26847]]},"properties":{"net":"sm108220","o":2}},{"type":"Feature","geometry":{"type":"LineString","coordinates":[[-83.00322,35.3687],[-83.00404,35.36837],[-83.00463,35.36834],[-83.00858,35.36929],[-83.00941,35.36938],[-83.01086,35.36935],[-83.01235,35.36912],[-83.01339,35.36851],[-83.01464,35.3671],[-83.0159,35.36589],[-83.01835,35.36423],[-83.02039,35.36325]]},"properties":{"net":"NC3252","o":1}},{"type":"Feature","geometry":{"type":"LineString","coordinates":[[-83.48557,35.42778],[-83.4865,35.42823],[-83.48709,35.42872]]},"properties":{"net":"out","o":7}},{"type":"Feature","geometry":{"type":"LineString","coordinates":[[-83.48491,35.42775],[-83.48557,35.42778]]},"properties":{"net":"out","o":7}},{"type":"Feature","geometry":{"type":"LineString","coordinates":[[-83.48545,35.44051],[-83.4855,35.44039],[-83.48537,35.44014],[-83.48483,35.43962],[-83.4847,35.43939],[-83.48489,35.439],[-83.48527,35.43874],[-83.48521,35.43819],[-83.48476,35.43775]]},"properties":{"net":"out","o":4}},{"type":"Feature","geometry":{"type":"LineString","coordinates":[[-83.47759,35.44436],[-83.4779,35.44421],[-83.47872,35.44428],[-83.4788,35.44411],[-83.47866,35.44387],[-83.47889,35.44369]]},"properties":{"net":"out","o":4}},{"type":"Feature","geometry":{"type":"LineString","coordinates":[[-83.47304,35.42128],[-83.4731,35.42208],[-83.47286,35.42269]]},"properties":{"net":"out","o":4}},{"type":"Feature","geometry":{"type":"LineString","coordinates":[[-83.47573,35.4462],[-83.47586,35.44609],[-83.47599,35.44537],[-83.47635,35.44514],[-83.47694,35.44563],[-83.47737,35.44566],[-83.47759,35.44539],[-83.47759,35.44436]]},"properties":{"net":"out","o":4}},{"type":"Feature","geometry":{"type":"LineString","coordinates":[[-83.57175,35.44286],[-83.5739,35.44426],[-83.57575,35.44637]]},"properties":{"net":"out","o":7}},{"type":"Feature","geometry":{"type":"LineString","coordinates":[[-83.52775,35.45655],[-83.52826,35.45463]]},"properties":{"net":"out","o":4}},{"type":"Feature","geometry":{"type":"LineString","coordinates":[[-83.50915,35.47848],[-83.50929,35.47815],[-83.51045,35.47751],[-83.51082,35.47697],[-83.51097,35.47629]]},"properties":{"net":"out","o":4}},{"type":"Feature","geometry":{"type":"LineString","coordinates":[[-83.52826,35.45463],[-83.5269,35.45408],[-83.52687,35.45385],[-83.52709,35.45367],[-83.52861,35.4536],[-83.5288,35.45338],[-83.52871,35.45313],[-83.52844,35.45286],[-83.52727,35.45226],[-83.52711,35.45212],[-83.52709,35.45197],[-83.52716,35.45187],[-83.5274,35.45184],[-83.5288,35.45188],[-83.52901,35.45163],[-83.52898,35.45136],[-83.52873,35.451],[-83.52802,35.45054],[-83.52629,35.44885],[-83.52475,35.44808],[-83.52461,35.44786],[-83.52467,35.44738],[-83.52484,35.4472],[-83.52509,35.44712]]},"properties":{"net":"out","o":4}},{"type":"Feature","geometry":{"type":"LineString","coordinates":[[-83.52865,35.44461],[-83.52877,35.4443],[-83.52875,35.44388],[-83.52846,35.44291],[-83.52789,35.44239],[-83.52714,35.44196],[-83.5258,35.44145],[-83.52522,35.44144],[-83.52373,35.44178],[-83.5229,35.4416],[-83.52245,35.44136]]},"properties":{"net":"out","o":4}},{"type":"Feature","geometry":{"type":"LineString","coordinates":[[-83.52245,35.44136],[-83.5217,35.44067]]},"properties":{"net":"out","o":4}},{"type":"Feature","geometry":{"type":"LineString","coordinates":[[-83.50843,35.44941],[-83.51025,35.44821],[-83.51099,35.44761],[-83.51116,35.44737]]},"properties":{"net":"out","o":7}},{"type":"Feature","geometry":{"type":"LineString","coordinates":[[-83.52462,35.46398],[-83.52482,35.46367],[-83.52485,35.46305],[-83.52433,35.46239],[-83.52374,35.46195],[-83.52363,35.46177],[-83.52363,35.46094],[-83.52387,35.46009],[-83.52392,35.45955],[-83.52343,35.45846],[-83.52334,35.45803],[-83.52406,35.4579],[-83.52722,35.4585],[-83.52761,35.45807],[-83.52763,35.457],[-83.52775,35.45655]]},"properties":{"net":"out","o":4}},{"type":"Feature","geometry":{"type":"LineString","coordinates":[[-83.49839,35.45177],[-83.49963,35.45256],[-83.50085,35.45264]]},"properties":{"net":"out","o":7}},{"type":"Feature","geometry":{"type":"LineString","coordinates":[[-83.49691,35.43611],[-83.49533,35.43656]]},"properties":{"net":"out","o":4}},{"type":"Feature","geometry":{"type":"LineString","coordinates":[[-83.49316,35.44608],[-83.49388,35.44676]]},"properties":{"net":"out","o":7}},{"type":"Feature","geometry":{"type":"LineString","coordinates":[[-83.48926,35.43583],[-83.48907,35.43653]]},"properties":{"net":"out","o":7}},{"type":"Feature","geometry":{"type":"LineString","coordinates":[[-83.48476,35.43775],[-83.48491,35.43756],[-83.48549,35.43741],[-83.48692,35.43737],[-83.48672,35.43673],[-83.48684,35.43654],[-83.48727,35.43639],[-83.48724,35.43592],[-83.48735,35.43573],[-83.48758,35.43569],[-83.48833,35.43587],[-83.48885,35.43577]]},"properties":{"net":"out","o":4}},{"type":"Feature","geometry":{"type":"LineString","coordinates":[[-83.5062,35.49506],[-83.50632,35.49491],[-83.50619,35.49466],[-83.50622,35.49448]]},"properties":{"net":"out","o":4}},{"type":"Feature","geometry":{"type":"LineString","coordinates":[[-83.5036,35.4975],[-83.50395,35.49715],[-83.504,35.49672],[-83.50473,35.49602],[-83.50512,35.49574],[-83.50562,35.49556],[-83.5062,35.49506]]},"properties":{"net":"out","o":4}},{"type":"Feature","geometry":{"type":"LineString","coordinates":[[-83.46518,35.42363],[-83.46565,35.42395]]},"properties":{"net":"out","o":7}},{"type":"Feature","geometry":{"type":"LineString","coordinates":[[-83.45782,35.42131],[-83.45838,35.42149]]},"properties":{"net":"out","o":7}},{"type":"Feature","geometry":{"type":"LineString","coordinates":[[-83.45701,35.42122],[-83.45782,35.42131]]},"properties":{"net":"out","o":7}},{"type":"Feature","geometry":{"type":"LineString","coordinates":[[-83.45162,35.42707],[-83.45205,35.42689],[-83.45237,35.42591]]},"properties":{"net":"out","o":7}},{"type":"Feature","geometry":{"type":"LineString","coordinates":[[-83.44619,35.41577],[-83.44669,35.41569],[-83.44732,35.41578],[-83.44776,35.41551],[-83.44848,35.41554]]},"properties":{"net":"out","o":4}},{"type":"Feature","geometry":{"type":"LineString","coordinates":[[-83.58377,35.45349],[-83.58445,35.45348],[-83.58537,35.45331],[-83.58626,35.45299],[-83.58688,35.4524],[-83.58707,35.45199]]},"properties":{"net":"out","o":7}},{"type":"Feature","geometry":{"type":"LineString","coordinates":[[-83.58141,35.45201],[-83.58283,35.45336],[-83.58377,35.45349]]},"properties":{"net":"out","o":7}},{"type":"Feature","geometry":{"type":"LineString","coordinates":[[-83.56411,35.49168],[-83.56494,35.4912],[-83.56529,35.49041],[-83.56619,35.48917],[-83.56659,35.48824]]},"properties":{"net":"out","o":4}},{"type":"Feature","geometry":{"type":"LineString","coordinates":[[-83.56267,35.50345],[-83.56294,35.50251]]},"properties":{"net":"out","o":4}},{"type":"Feature","geometry":{"type":"LineString","coordinates":[[-83.55934,35.50724],[-83.55979,35.50688],[-83.56022,35.50621],[-83.56165,35.50558],[-83.56242,35.50429],[-83.56267,35.50345]]},"properties":{"net":"out","o":4}},{"type":"Feature","geometry":{"type":"LineString","coordinates":[[-83.56172,35.45841],[-83.56228,35.45597],[-83.56268,35.45477],[-83.56306,35.45059],[-83.56342,35.44876],[-83.56339,35.44653],[-83.56365,35.44371],[-83.5645,35.43926]]},"properties":{"net":"out","o":4}},{"type":"Feature","geometry":{"type":"LineString","coordinates":[[-83.56524,35.47878],[-83.56538,35.47817],[-83.56596,35.47758],[-83.56621,35.47707],[-83.56636,35.4757],[-83.56683,35.47455],[-83.56734,35.47386],[-83.56837,35.4732]]},"properties":{"net":"out","o":4}},{"type":"Feature","geometry":{"type":"LineString","coordinates":[[-83.46352,35.41083],[-83.46347,35.4113]]},"properties":{"net":"out","o":4}},{"type":"Feature","geometry":{"type":"LineString","coordinates":[[-83.46332,35.40957],[-83.46329,35.40974]]},"properties":{"net":"out","o":4}},{"type":"Feature","geometry":{"type":"LineString","coordinates":[[-83.30698,35.50003],[-83.30701,35.49989]]},"properties":{"net":"NC3046","o":2}},{"type":"Feature","geometry":{"type":"LineString","coordinates":[[-83.30698,35.50021],[-83.30698,35.50003]]},"properties":{"net":"NC3046","o":2}},{"type":"Feature","geometry":{"type":"LineString","coordinates":[[-83.31125,35.55383],[-83.31088,35.55378],[-83.31053,35.55359],[-83.31016,35.55255],[-83.30976,35.55197]]},"properties":{"net":"NC3046","o":1}},{"type":"Feature","geometry":{"type":"LineString","coordinates":[[-83.31552,35.54555],[-83.31542,35.5462],[-83.31477,35.54646],[-83.31378,35.54712],[-83.31321,35.54763],[-83.31294,35.54804],[-83.31257,35.54817],[-83.31149,35.54817],[-83.31041,35.54866],[-83.30996,35.54866],[-83.30964,35.54895],[-83.30925,35.54897]]},"properties":{"net":"NC3046","o":1}},{"type":"Feature","geometry":{"type":"LineString","coordinates":[[-83.3085,35.54825],[-83.30846,35.54827]]},"properties":{"net":"NC3046","o":2}},{"type":"Feature","geometry":{"type":"LineString","coordinates":[[-83.30173,35.55932],[-83.30195,35.55883],[-83.30203,35.55835],[-83.30241,35.55773],[-83.30244,35.55701],[-83.30265,35.55647],[-83.30288,35.55632],[-83.30325,35.55584],[-83.30372,35.55555],[-83.30379,35.55527],[-83.30418,35.55482],[-83.30534,35.55413],[-83.30603,35.55417],[-83.30621,35.5541],[-83.307,35.55337],[-83.30746,35.55313],[-83.30825,35.55305],[-83.30887,35.55313],[-83.30947,35.553]]},"properties":{"net":"NC3046","o":1}},{"type":"Feature","geometry":{"type":"LineString","coordinates":[[-83.29938,35.55842],[-83.29921,35.5581],[-83.29891,35.5579],[-83.29881,35.5576],[-83.29857,35.55738],[-83.29772,35.55707],[-83.29738,35.55682],[-83.29724,35.55652],[-83.29654,35.55627]]},"properties":{"net":"NC3046","o":1}},{"type":"Feature","geometry":{"type":"LineString","coordinates":[[-83.2505,35.59518],[-83.25089,35.59457],[-83.25142,35.59406],[-83.25198,35.59393],[-83.25253,35.59359],[-83.25291,35.59365],[-83.25325,35.59356],[-83.2537,35.59368],[-83.25434,35.5935],[-83.25532,35.59253],[-83.2563,35.59209],[-83.25686,35.59198],[-83.25772,35.5915],[-83.25799,35.59123],[-83.25807,35.59092],[-83.25832,35.59076],[-83.25882,35.59075],[-83.25992,35.59114],[-83.26029,35.5911]]},"properties":{"net":"NC3046","o":1}},{"type":"Feature","geometry":{"type":"LineString","coordinates":[[-83.25881,35.65726],[-83.25873,35.65689],[-83.25879,35.65644],[-83.25923,35.65588],[-83.25956,35.6557],[-83.26126,35.65534],[-83.26164,35.65494],[-83.26174,35.65456],[-83.26163,35.65386],[-83.26149,35.65366],[-83.26174,35.65303],[-83.26166,35.65226],[-83.26146,35.65179],[-83.26195,35.65085],[-83.26186,35.65044],[-83.26196,35.6502],[-83.26181,35.64969],[-83.26214,35.64938],[-83.26239,35.64852],[-83.26232,35.64816],[-83.26264,35.64775],[-83.26271,35.64737],[-83.26292,35.6472],[-83.26329,35.64713]]},"properties":{"net":"NC3046","o":1}},{"type":"Feature","geometry":{"type":"LineString","coordinates":[[-83.26617,35.6876],[-83.26667,35.68664],[-83.26663,35.68647],[-83.26622,35.68565],[-83.26579,35.68513],[-83.26549,35.68447],[-83.2653,35.6843],[-83.26457,35.68319],[-83.26418,35.68302],[-83.26367,35.6823],[-83.26359,35.68166],[-83.26331,35.68099],[-83.26308,35.67955],[-83.26268,35.67927],[-83.26093,35.6787],[-83.26057,35.6783]]},"properties":{"net":"NC3046","o":1}},{"type":"Feature","geometry":{"type":"LineString","coordinates":[[-83.26057,35.6783],[-83.26081,35.67764],[-83.26051,35.67724],[-83.26043,35.67691],[-83.26062,35.67671],[-83.2616,35.67646],[-83.26175,35.67625],[-83.26211,35.67609],[-83.2622,35.67585],[-83.2622,35.67513],[-83.26258,35.6736]]},"properties":{"net":"NC3046","o":2}},{"type":"Feature","geometry":{"type":"LineString","coordinates":[[-83.30244,35.48537],[-83.30339,35.48515],[-83.30374,35.48495],[-83.30416,35.48501],[-83.30465,35.48478],[-83.30528,35.4847],[-83.30579,35.48449]]},"properties":{"net":"NC3046","o":3}},{"type":"Feature","geometry":{"type":"LineString","coordinates":[[-83.31529,35.5101],[-83.31593,35.5094]]},"properties":{"net":"NC3046","o":1}},{"type":"Feature","geometry":{"type":"LineString","coordinates":[[-83.31812,35.50331],[-83.31764,35.50317],[-83.31658,35.5032],[-83.31548,35.50364],[-83.31488,35.50366]]},"properties":{"net":"NC3046","o":1}},{"type":"Feature","geometry":{"type":"LineString","coordinates":[[-83.31601,35.50466],[-83.31532,35.50398],[-83.31497,35.50384],[-83.31488,35.50366]]},"properties":{"net":"NC3046","o":2}},{"type":"Feature","geometry":{"type":"LineString","coordinates":[[-83.31169,35.50614],[-83.31166,35.50607]]},"properties":{"net":"NC3046","o":2}},{"type":"Feature","geometry":{"type":"LineString","coordinates":[[-83.31013,35.50172],[-83.30963,35.50145],[-83.30925,35.50139]]},"properties":{"net":"NC3046","o":3}},{"type":"Feature","geometry":{"type":"LineString","coordinates":[[-83.30677,35.5045],[-83.30767,35.50324],[-83.30804,35.50309],[-83.30824,35.50278],[-83.30848,35.50261]]},"properties":{"net":"NC3046","o":1}},{"type":"Feature","geometry":{"type":"LineString","coordinates":[[-83.30052,35.4985],[-83.30064,35.49859]]},"properties":{"net":"NC3046","o":1}},{"type":"Feature","geometry":{"type":"LineString","coordinates":[[-83.30574,35.52341],[-83.30626,35.5233],[-83.30659,35.52311],[-83.30713,35.5225]]},"properties":{"net":"NC3046","o":5}},{"type":"Feature","geometry":{"type":"LineString","coordinates":[[-83.30556,35.52343],[-83.30574,35.52341]]},"properties":{"net":"NC3046","o":5}},{"type":"Feature","geometry":{"type":"LineString","coordinates":[[-83.29755,35.54023],[-83.29815,35.53961],[-83.29868,35.53871],[-83.2997,35.5377],[-83.30055,35.53752],[-83.30251,35.5363]]},"properties":{"net":"NC3046","o":5}},{"type":"Feature","geometry":{"type":"LineString","coordinates":[[-83.31874,35.55281],[-83.31908,35.55309],[-83.31953,35.55378],[-83.31955,35.55395],[-83.31932,35.55416]]},"properties":{"net":"NC3046","o":1}},{"type":"Feature","geometry":{"type":"LineString","coordinates":[[-83.31802,35.56511],[-83.31809,35.56419],[-83.31831,35.56388],[-83.31873,35.56264],[-83.31899,35.56223],[-83.31896,35.56153],[-83.31923,35.56099],[-83.3192,35.56065],[-83.31941,35.56006],[-83.31973,35.55961]]},"properties":{"net":"NC3046","o":2}},{"type":"Feature","geometry":{"type":"LineString","coordinates":[[-83.29454,35.55298],[-83.29455,35.55259],[-83.29445,35.55229],[-83.29506,35.55104],[-83.29601,35.5507],[-83.29665,35.5502],[-83.29702,35.5501],[-83.29739,35.54968],[-83.29814,35.54936],[-83.29844,35.54901],[-83.29855,35.54855],[-83.29878,35.54828],[-83.2988,35.54794],[-83.29913,35.54754],[-83.29899,35.54676],[-83.29906,35.54646],[-83.29983,35.54554],[-83.29979,35.54519],[-83.30005,35.5442],[-83.30007,35.5437]]},"properties":{"net":"NC3046","o":4}},{"type":"Feature","geometry":{"type":"LineString","coordinates":[[-83.27109,35.6224],[-83.27074,35.6219],[-83.27041,35.61987],[-83.26949,35.6191],[-83.26893,35.6182],[-83.26757,35.61704],[-83.26746,35.61683],[-83.26754,35.61667]]},"properties":{"net":"NC3046","o":1}},{"type":"Feature","geometry":{"type":"LineString","coordinates":[[-83.26545,35.60309],[-83.26532,35.60307]]},"properties":{"net":"NC3046","o":1}},{"type":"Feature","geometry":{"type":"LineString","coordinates":[[-83.26892,35.64283],[-83.26983,35.64232],[-83.27016,35.64193],[-83.2703,35.64133],[-83.27054,35.64089],[-83.27115,35.64058]]},"properties":{"net":"NC3046","o":4}},{"type":"Feature","geometry":{"type":"LineString","coordinates":[[-83.26979,35.62402],[-83.26965,35.62431],[-83.26967,35.62473],[-83.26991,35.62656],[-83.27003,35.6268],[-83.26992,35.62708],[-83.26958,35.62742],[-83.26979,35.62879],[-83.26964,35.62962],[-83.26925,35.63028],[-83.26848,35.63067],[-83.26811,35.63103],[-83.26752,35.63102]]},"properties":{"net":"NC3046","o":1}},{"type":"Feature","geometry":{"type":"LineString","coordinates":[[-83.26216,35.64488],[-83.2622,35.64487]]},"properties":{"net":"NC3046","o":3}},{"type":"Feature","geometry":{"type":"LineString","coordinates":[[-83.27364,35.65848],[-83.27263,35.658],[-83.27223,35.65769],[-83.27199,35.65726],[-83.27201,35.65695]]},"properties":{"net":"NC3046","o":2}},{"type":"Feature","geometry":{"type":"LineString","coordinates":[[-83.25025,35.55069],[-83.25063,35.55112],[-83.25053,35.55153]]},"properties":{"net":"NC3046","o":3}},{"type":"Feature","geometry":{"type":"LineString","coordinates":[[-83.25011,35.54876],[-83.25013,35.54934],[-83.25004,35.5497],[-83.25025,35.55069]]},"properties":{"net":"NC3046","o":2}},{"type":"Feature","geometry":{"type":"LineString","coordinates":[[-83.24883,35.54527],[-83.2489,35.54565],[-83.24876,35.54612],[-83.24853,35.54641]]},"properties":{"net":"NC3046","o":2}},{"type":"Feature","geometry":{"type":"LineString","coordinates":[[-83.24814,35.54969],[-83.24943,35.54967]]},"properties":{"net":"NC3046","o":1}},{"type":"Feature","geometry":{"type":"LineString","coordinates":[[-83.24782,35.54821],[-83.24809,35.54818]]},"properties":{"net":"NC3046","o":2}},{"type":"Feature","geometry":{"type":"LineString","coordinates":[[-83.24645,35.57208],[-83.24575,35.57259],[-83.24451,35.57259],[-83.24365,35.5728]]},"properties":{"net":"NC3046","o":1}},{"type":"Feature","geometry":{"type":"LineString","coordinates":[[-83.24355,35.5728],[-83.24347,35.57272]]},"properties":{"net":"NC3046","o":4}},{"type":"Feature","geometry":{"type":"LineString","coordinates":[[-83.24205,35.56317],[-83.24207,35.56293],[-83.2423,35.56266],[-83.24342,35.5618]]},"properties":{"net":"NC3046","o":5}},{"type":"Feature","geometry":{"type":"LineString","coordinates":[[-83.24196,35.57907],[-83.24214,35.57892]]},"properties":{"net":"NC31823","o":4}},{"type":"Feature","geometry":{"type":"LineString","coordinates":[[-83.24214,35.57892],[-83.24263,35.57821]]},"properties":{"net":"NC3046","o":4}},{"type":"Feature","geometry":{"type":"LineString","coordinates":[[-83.24169,35.57084],[-83.24148,35.57053],[-83.24129,35.56995],[-83.24139,35.56952],[-83.24179,35.56932]]},"properties":{"net":"NC3046","o":4}},{"type":"Feature","geometry":{"type":"LineString","coordinates":[[-83.23289,35.56586],[-83.23375,35.56565],[-83.23599,35.56613],[-83.2386,35.56739],[-83.23971,35.56837]]},"properties":{"net":"NC3046","o":1}},{"type":"Feature","geometry":{"type":"LineString","coordinates":[[-83.23112,35.5682],[-83.23153,35.56846],[-83.2319,35.56892],[-83.23297,35.56966],[-83.23514,35.57079],[-83.23561,35.57158],[-83.23605,35.57193]]},"properties":{"net":"NC3046","o":1}},{"type":"Feature","geometry":{"type":"LineString","coordinates":[[-83.2245,35.54201],[-83.22496,35.54217],[-83.2255,35.54203]]},"properties":{"net":"NC3046","o":4}},{"type":"Feature","geometry":{"type":"LineString","coordinates":[[-83.25282,35.64304],[-83.25329,35.64312],[-83.25364,35.64281],[-83.25396,35.64274],[-83.25471,35.64292]]},"properties":{"net":"NC3046","o":2}},{"type":"Feature","geometry":{"type":"LineString","coordinates":[[-83.24479,35.64278],[-83.24547,35.64262],[-83.24588,35.6421],[-83.24606,35.64202],[-83.24699,35.64237],[-83.24716,35.64265],[-83.24733,35.64267],[-83.24782,35.64242],[-83.24834,35.64193],[-83.24849,35.64192],[-83.24953,35.64199],[-83.25009,35.64228],[-83.25069,35.64222],[-83.2512,35.64266],[-83.25139,35.64271],[-83.25183,35.64265],[-83.2522,35.64232],[-83.25244,35.64234],[-83.25257,35.64245],[-83.25282,35.64304]]},"properties":{"net":"NC3046","o":2}},{"type":"Feature","geometry":{"type":"LineString","coordinates":[[-83.23884,35.63876],[-83.2396,35.63918],[-83.24036,35.63945],[-83.24113,35.64008],[-83.24204,35.64053],[-83.24235,35.64077],[-83.24252,35.64108],[-83.24375,35.64179],[-83.24479,35.64278]]},"properties":{"net":"NC3046","o":1}},{"type":"Feature","geometry":{"type":"LineString","coordinates":[[-83.21708,35.55194],[-83.21653,35.5531]]},"properties":{"net":"sm3086","o":1}},{"type":"Feature","geometry":{"type":"LineString","coordinates":[[-83.21653,35.5531],[-83.21644,35.55366],[-83.21608,35.55404],[-83.2161,35.55424]]},"properties":{"net":"sm3086","o":2}},{"type":"Feature","geometry":{"type":"LineString","coordinates":[[-83.22866,35.56259],[-83.22884,35.56247],[-83.22899,35.56203]]},"properties":{"net":"NC3046","o":2}},{"type":"Feature","geometry":{"type":"LineString","coordinates":[[-83.28114,35.29133],[-83.28071,35.2926],[-83.28045,35.29284]]},"properties":{"net":"NC6252","o":4}},{"type":"Feature","geometry":{"type":"LineString","coordinates":[[-83.27151,35.2927],[-83.27054,35.2934],[-83.2702,35.29353],[-83.26898,35.29354],[-83.26758,35.29342],[-83.26694,35.29362],[-83.2665,35.29394],[-83.26606,35.29398]]},"properties":{"net":"NC6252","o":4}},{"type":"Feature","geometry":{"type":"LineString","coordinates":[[-83.26258,35.2981],[-83.2623,35.29844],[-83.2622,35.29896],[-83.26188,35.29956],[-83.26187,35.29967],[-83.26216,35.29993],[-83.26193,35.30079],[-83.26121,35.30158],[-83.26093,35.30225],[-83.26063,35.30253],[-83.26018,35.30271]]},"properties":{"net":"NC6252","o":4}},{"type":"Feature","geometry":{"type":"LineString","coordinates":[[-83.2432,35.55051],[-83.24356,35.54968],[-83.24395,35.54934]]},"properties":{"net":"NC3046","o":1}},{"type":"Feature","geometry":{"type":"LineString","coordinates":[[-83.24216,35.55875],[-83.24273,35.5587],[-83.24338,35.55886],[-83.24413,35.55865]]},"properties":{"net":"NC3046","o":1}},{"type":"Feature","geometry":{"type":"LineString","coordinates":[[-83.24146,35.56082],[-83.24147,35.5611],[-83.24168,35.56136]]},"properties":{"net":"NC3046","o":1}},{"type":"Feature","geometry":{"type":"LineString","coordinates":[[-83.2389,35.54615],[-83.23874,35.54566],[-83.23821,35.54481],[-83.23824,35.54414],[-83.2381,35.54392]]},"properties":{"net":"NC3046","o":1}},{"type":"Feature","geometry":{"type":"LineString","coordinates":[[-83.25441,35.56891],[-83.25397,35.56847]]},"properties":{"net":"NC3046","o":4}},{"type":"Feature","geometry":{"type":"LineString","coordinates":[[-83.24859,35.5696],[-83.24869,35.56904],[-83.24888,35.56871],[-83.24916,35.56859],[-83.24959,35.56857],[-83.24969,35.56848],[-83.24994,35.56782],[-83.25004,35.56687]]},"properties":{"net":"NC3046","o":1}},{"type":"Feature","geometry":{"type":"LineString","coordinates":[[-83.24877,35.57501],[-83.24698,35.57643]]},"properties":{"net":"NC3046","o":1}},{"type":"Feature","geometry":{"type":"LineString","coordinates":[[-83.22746,35.52956],[-83.22803,35.52974],[-83.22899,35.53022],[-83.23006,35.53044]]},"properties":{"net":"NC3046","o":1}},{"type":"Feature","geometry":{"type":"LineString","coordinates":[[-83.22644,35.53677],[-83.22709,35.53673],[-83.22734,35.53689],[-83.22875,35.53703],[-83.22937,35.53724]]},"properties":{"net":"NC3046","o":1}},{"type":"Feature","geometry":{"type":"LineString","coordinates":[[-83.22271,35.52846],[-83.2224,35.52862],[-83.22114,35.5289],[-83.22072,35.52912]]},"properties":{"net":"NC3046","o":2}},{"type":"Feature","geometry":{"type":"LineString","coordinates":[[-83.22042,35.5278],[-83.22044,35.52807],[-83.22074,35.52867]]},"properties":{"net":"NC3046","o":3}},{"type":"Feature","geometry":{"type":"LineString","coordinates":[[-83.21746,35.53629],[-83.21747,35.53658],[-83.21837,35.53691],[-83.21893,35.53742],[-83.22008,35.53767]]},"properties":{"net":"NC3046","o":1}},{"type":"Feature","geometry":{"type":"LineString","coordinates":[[-83.2311,35.54517],[-83.23127,35.54571]]},"properties":{"net":"NC3046","o":4}},{"type":"Feature","geometry":{"type":"LineString","coordinates":[[-83.22986,35.56093],[-83.22996,35.5607],[-83.2303,35.56047],[-83.23073,35.55916],[-83.23114,35.55851],[-83.23125,35.55802]]},"properties":{"net":"NC3046","o":2}},{"type":"Feature","geometry":{"type":"LineString","coordinates":[[-83.22967,35.56121],[-83.22986,35.56093]]},"properties":{"net":"NC3046","o":2}},{"type":"Feature","geometry":{"type":"LineString","coordinates":[[-83.22892,35.54423],[-83.22952,35.5445],[-83.23084,35.54467]]},"properties":{"net":"NC3046","o":4}},{"type":"Feature","geometry":{"type":"LineString","coordinates":[[-83.22654,35.55042],[-83.22766,35.55055]]},"properties":{"net":"sm3086","o":4}},{"type":"Feature","geometry":{"type":"LineString","coordinates":[[-83.22475,35.55121],[-83.22487,35.55116]]},"properties":{"net":"sm3086","o":4}},{"type":"Feature","geometry":{"type":"LineString","coordinates":[[-83.22451,35.54609],[-83.22627,35.54692],[-83.22749,35.54689],[-83.22806,35.54701],[-83.2285,35.54725],[-83.2288,35.54758],[-83.2293,35.54776],[-83.23043,35.54844]]},"properties":{"net":"NC3046","o":1}},{"type":"Feature","geometry":{"type":"LineString","coordinates":[[-83.22449,35.55984],[-83.22392,35.55971],[-83.22303,35.5597]]},"properties":{"net":"sm3086","o":1}},{"type":"Feature","geometry":{"type":"LineString","coordinates":[[-83.22291,35.54884],[-83.22318,35.54936],[-83.22375,35.54978],[-83.22401,35.55039],[-83.22452,35.55067],[-83.22481,35.55099],[-83.22506,35.55107]]},"properties":{"net":"sm3086","o":2}},{"type":"Feature","geometry":{"type":"LineString","coordinates":[[-83.22248,35.54865],[-83.22291,35.54884]]},"properties":{"net":"sm3086","o":2}},{"type":"Feature","geometry":{"type":"LineString","coordinates":[[-83.21944,35.54566],[-83.21968,35.54523],[-83.21985,35.54437]]},"properties":{"net":"NC3046","o":2}},{"type":"Feature","geometry":{"type":"LineString","coordinates":[[-83.22776,35.5618],[-83.22877,35.56206],[-83.22899,35.56203]]},"properties":{"net":"NC3046","o":1}},{"type":"Feature","geometry":{"type":"LineString","coordinates":[[-83.20361,35.58474],[-83.20396,35.58454],[-83.2051,35.58351],[-83.20588,35.5833],[-83.20677,35.58323],[-83.20803,35.58203],[-83.2088,35.58191],[-83.20951,35.5815],[-83.21033,35.58151],[-83.21068,35.58139],[-83.21092,35.58111],[-83.21164,35.58074],[-83.21196,35.58018],[-83.21258,35.58028],[-83.21312,35.58014],[-83.21391,35.58035],[-83.21443,35.58029],[-83.2148,35.58012],[-83.21499,35.57961],[-83.21561,35.57947],[-83.21617,35.57903],[-83.21713,35.57867],[-83.21848,35.57851],[-83.21895,35.57825],[-83.21944,35.57776],[-83.21985,35.57758],[-83.22102,35.57745],[-83.22256,35.57828],[-83.2231,35.57837]]},"properties":{"net":"NC3046","o":3}},{"type":"Feature","geometry":{"type":"LineString","coordinates":[[-83.26554,35.25057],[-83.26604,35.25034],[-83.26645,35.24989],[-83.26729,35.24923],[-83.26819,35.24876],[-83.2692,35.24849],[-83.26976,35.24874],[-83.27017,35.24875]]},"properties":{"net":"sm2653","o":2}},{"type":"Feature","geometry":{"type":"LineString","coordinates":[[-83.21687,35.53318],[-83.21705,35.53294],[-83.2173,35.53282],[-83.21926,35.53295],[-83.22035,35.53276]]},"properties":{"net":"NC3046","o":1}},{"type":"Feature","geometry":{"type":"LineString","coordinates":[[-83.21665,35.53944],[-83.2162,35.53976],[-83.21508,35.54016]]},"properties":{"net":"NC3046","o":1}},{"type":"Feature","geometry":{"type":"LineString","coordinates":[[-83.2341,35.55359],[-83.23498,35.55336],[-83.23547,35.55333]]},"properties":{"net":"NC3046","o":1}},{"type":"Feature","geometry":{"type":"LineString","coordinates":[[-83.23307,35.55208],[-83.23362,35.55235]]},"properties":{"net":"NC3046","o":5}},{"type":"Feature","geometry":{"type":"LineString","coordinates":[[-83.23232,35.5532],[-83.23263,35.55278],[-83.23278,35.5524],[-83.23307,35.55208]]},"properties":{"net":"NC3046","o":1}},{"type":"Feature","geometry":{"type":"LineString","coordinates":[[-83.23253,35.54478],[-83.232,35.54478],[-83.23138,35.54493]]},"properties":{"net":"NC3046","o":1}},{"type":"Feature","geometry":{"type":"LineString","coordinates":[[-83.23119,35.55629],[-83.2319,35.55651],[-83.23312,35.55648]]},"properties":{"net":"NC3046","o":1}},{"type":"Feature","geometry":{"type":"LineString","coordinates":[[-83.2122,35.21061],[-83.21188,35.21104],[-83.21165,35.21173],[-83.2107,35.21295],[-83.21028,35.21374],[-83.21005,35.2152],[-83.21028,35.21606],[-83.20965,35.21754],[-83.20959,35.2178],[-83.20976,35.21835],[-83.20974,35.21867],[-83.20929,35.21934],[-83.20916,35.21979],[-83.20907,35.21993],[-83.20781,35.22062],[-83.20697,35.2216],[-83.20565,35.22243],[-83.2052,35.22286]]},"properties":{"net":"sm2629","o":1}},{"type":"Feature","geometry":{"type":"LineString","coordinates":[[-83.2052,35.22286],[-83.20473,35.22316],[-83.20416,35.22329],[-83.20332,35.22308],[-83.20295,35.22315],[-83.20235,35.22341],[-83.20178,35.2239],[-83.20058,35.22423]]},"properties":{"net":"sm2619","o":1}},{"type":"Feature","geometry":{"type":"LineString","coordinates":[[-83.20058,35.22423],[-83.19997,35.22455],[-83.1992,35.22521],[-83.19881,35.22537],[-83.19811,35.22542],[-83.19697,35.2253],[-83.19658,35.22543]]},"properties":{"net":"sm2619","o":2}},{"type":"Feature","geometry":{"type":"LineString","coordinates":[[-83.41846,35.43172],[-83.41863,35.43166]]},"properties":{"net":"out","o":7}},{"type":"Feature","geometry":{"type":"LineString","coordinates":[[-83.2163,35.63161],[-83.21569,35.63003],[-83.21584,35.6286],[-83.21561,35.62816]]},"properties":{"net":"NC31823","o":4}},{"type":"Feature","geometry":{"type":"LineString","coordinates":[[-83.21561,35.62816],[-83.21555,35.62801]]},"properties":{"net":"NC31823","o":4}},{"type":"Feature","geometry":{"type":"LineString","coordinates":[[-83.19642,35.44548],[-83.19706,35.44557],[-83.19818,35.44614],[-83.19877,35.44617],[-83.19941,35.44637],[-83.2006,35.44731]]},"properties":{"net":"sm3081","o":1}},{"type":"Feature","geometry":{"type":"LineString","coordinates":[[-83.196,35.44802],[-83.19744,35.44801],[-83.19863,35.44784],[-83.2006,35.44731]]},"properties":{"net":"sm3081","o":1}},{"type":"Feature","geometry":{"type":"LineString","coordinates":[[-83.21391,35.5265],[-83.21328,35.52668],[-83.21303,35.52666],[-83.21272,35.52649]]},"properties":{"net":"NC3046","o":1}},{"type":"Feature","geometry":{"type":"LineString","coordinates":[[-83.21406,35.53603],[-83.21228,35.53691],[-83.212,35.53716],[-83.21188,35.53769]]},"properties":{"net":"NC3046","o":1}},{"type":"Feature","geometry":{"type":"LineString","coordinates":[[-83.2116,35.53747],[-83.21188,35.53769]]},"properties":{"net":"NC3046","o":4}},{"type":"Feature","geometry":{"type":"LineString","coordinates":[[-83.19405,35.52814],[-83.19349,35.52854],[-83.19222,35.52897]]},"properties":{"net":"NC3046","o":1}},{"type":"Feature","geometry":{"type":"LineString","coordinates":[[-83.19222,35.52897],[-83.19244,35.52986],[-83.19223,35.53065],[-83.1919,35.53123],[-83.19196,35.53233],[-83.1924,35.53309],[-83.19272,35.53337],[-83.1929,35.53409],[-83.19406,35.53465],[-83.19437,35.53494],[-83.1944,35.53508]]},"properties":{"net":"NC3046","o":3}},{"type":"Feature","geometry":{"type":"LineString","coordinates":[[-83.19407,35.52054],[-83.19283,35.52096],[-83.19238,35.52136],[-83.19196,35.52231],[-83.19161,35.5225],[-83.19096,35.52308],[-83.19056,35.52324]]},"properties":{"net":"NC3046","o":1}},{"type":"Feature","geometry":{"type":"LineString","coordinates":[[-83.18927,35.53488],[-83.18962,35.53452],[-83.19008,35.53437],[-83.19121,35.5347],[-83.1916,35.53495],[-83.19267,35.53484],[-83.1944,35.53508]]},"properties":{"net":"NC3046","o":3}},{"type":"Feature","geometry":{"type":"LineString","coordinates":[[-83.21304,35.54494],[-83.21311,35.5452],[-83.2134,35.54547]]},"properties":{"net":"sm3085","o":1}},{"type":"Feature","geometry":{"type":"LineString","coordinates":[[-83.211,35.54187],[-83.21071,35.54119],[-83.21083,35.54074]]},"properties":{"net":"NC3046","o":1}},{"type":"Feature","geometry":{"type":"LineString","coordinates":[[-83.20957,35.54138],[-83.21053,35.54097],[-83.21083,35.54074]]},"properties":{"net":"NC3046","o":1}},{"type":"Feature","geometry":{"type":"LineString","coordinates":[[-83.43557,35.60577],[-83.43485,35.60614],[-83.4345,35.60651],[-83.43386,35.60692]]},"properties":{"net":"sm642640","o":1}},{"type":"Feature","geometry":{"type":"LineString","coordinates":[[-83.43325,35.60902],[-83.43296,35.60848],[-83.43253,35.60804],[-83.4314,35.60727],[-83.43111,35.60672]]},"properties":{"net":"sm642640","o":1}},{"type":"Feature","geometry":{"type":"LineString","coordinates":[[-83.19959,35.46866],[-83.20139,35.46883],[-83.20244,35.46866],[-83.20336,35.46894]]},"properties":{"net":"sm3082","o":3}},{"type":"Feature","geometry":{"type":"LineString","coordinates":[[-83.19816,35.45971],[-83.19882,35.4615],[-83.19919,35.46208],[-83.19916,35.46267],[-83.1989,35.46329],[-83.19946,35.46475],[-83.19974,35.46603],[-83.1997,35.46672],[-83.19926,35.46794],[-83.19933,35.46825],[-83.19959,35.46866]]},"properties":{"net":"sm3082","o":1}},{"type":"Feature","geometry":{"type":"LineString","coordinates":[[-83.19531,35.48593],[-83.19462,35.48447],[-83.19461,35.4837],[-83.19536,35.48203],[-83.19566,35.48096]]},"properties":{"net":"NC3046","o":2}},{"type":"Feature","geometry":{"type":"LineString","coordinates":[[-83.18916,35.48506],[-83.18997,35.48468],[-83.1907,35.48394],[-83.19093,35.48358],[-83.19118,35.48284],[-83.19147,35.4825],[-83.19266,35.48192],[-83.19424,35.48161],[-83.19461,35.4813]]},"properties":{"net":"NC3046","o":3}},{"type":"Feature","geometry":{"type":"LineString","coordinates":[[-83.21148,35.52744],[-83.21127,35.52832],[-83.21138,35.52938]]},"properties":{"net":"NC3046","o":3}},{"type":"Feature","geometry":{"type":"LineString","coordinates":[[-83.206,35.53152],[-83.20602,35.53187],[-83.20646,35.53308],[-83.20624,35.53426],[-83.20649,35.53472],[-83.20706,35.53529]]},"properties":{"net":"NC3046","o":1}},{"type":"Feature","geometry":{"type":"LineString","coordinates":[[-83.20311,35.52844],[-83.2029,35.52885],[-83.20338,35.52941]]},"properties":{"net":"NC3046","o":1}},{"type":"Feature","geometry":{"type":"LineString","coordinates":[[-83.20202,35.53773],[-83.20246,35.53744],[-83.20277,35.53686]]},"properties":{"net":"NC3046","o":2}},{"type":"Feature","geometry":{"type":"LineString","coordinates":[[-83.20339,35.52175],[-83.20187,35.52225]]},"properties":{"net":"NC3046","o":1}},{"type":"Feature","geometry":{"type":"LineString","coordinates":[[-83.20077,35.53585],[-83.20116,35.53644],[-83.20166,35.53681]]},"properties":{"net":"NC3046","o":4}},{"type":"Feature","geometry":{"type":"LineString","coordinates":[[-83.19968,35.53252],[-83.19869,35.53313],[-83.19855,35.53399],[-83.19758,35.53473]]},"properties":{"net":"NC3046","o":1}},{"type":"Feature","geometry":{"type":"LineString","coordinates":[[-83.19726,35.52474],[-83.19729,35.52529],[-83.19765,35.52588],[-83.19835,35.5263],[-83.19908,35.52691],[-83.19958,35.52714],[-83.19999,35.52772]]},"properties":{"net":"NC3046","o":2}},{"type":"Feature","geometry":{"type":"LineString","coordinates":[[-83.18298,35.45529],[-83.18341,35.45565],[-83.18397,35.45634]]},"properties":{"net":"sm3082","o":2}},{"type":"Feature","geometry":{"type":"LineString","coordinates":[[-83.43397,35.46415],[-83.43565,35.46329],[-83.43605,35.46255],[-83.43619,35.46207],[-83.4362,35.4615]]},"properties":{"net":"out","o":4}},{"type":"Feature","geometry":{"type":"LineString","coordinates":[[-83.43226,35.46535],[-83.43392,35.46418]]},"properties":{"net":"out","o":4}},{"type":"Feature","geometry":{"type":"LineString","coordinates":[[-83.42602,35.49273],[-83.42503,35.49256],[-83.42459,35.49225]]},"properties":{"net":"out","o":4}},{"type":"Feature","geometry":{"type":"LineString","coordinates":[[-83.43208,35.50148],[-83.43281,35.50082],[-83.43444,35.50013],[-83.43471,35.49983],[-83.43514,35.49858]]},"properties":{"net":"out","o":4}},{"type":"Feature","geometry":{"type":"LineString","coordinates":[[-83.43111,35.60672],[-83.43075,35.60668],[-83.43012,35.60679],[-83.42981,35.60663],[-83.42868,35.60643]]},"properties":{"net":"sm642640","o":2}},{"type":"Feature","geometry":{"type":"LineString","coordinates":[[-83.42886,35.60937],[-83.42866,35.60805],[-83.42876,35.6071],[-83.42868,35.60643]]},"properties":{"net":"sm642640","o":1}},{"type":"Feature","geometry":{"type":"LineString","coordinates":[[-83.42263,35.41061],[-83.42277,35.41069],[-83.42279,35.41107],[-83.42302,35.4113]]},"properties":{"net":"NC6241","o":4}},{"type":"Feature","geometry":{"type":"LineString","coordinates":[[-83.42136,35.40897],[-83.42133,35.40931],[-83.42115,35.40962]]},"properties":{"net":"NC6241","o":4}},{"type":"Feature","geometry":{"type":"LineString","coordinates":[[-83.42107,35.40414],[-83.42151,35.40435],[-83.42161,35.40457]]},"properties":{"net":"NC6241","o":4}},{"type":"Feature","geometry":{"type":"LineString","coordinates":[[-83.40801,35.41182],[-83.40801,35.41186]]},"properties":{"net":"NC6241","o":4}},{"type":"Feature","geometry":{"type":"LineString","coordinates":[[-83.40743,35.41038],[-83.40745,35.41044]]},"properties":{"net":"NC6241","o":4}},{"type":"Feature","geometry":{"type":"LineString","coordinates":[[-83.42306,35.42432],[-83.42308,35.42557]]},"properties":{"net":"NC6241","o":5}},{"type":"Feature","geometry":{"type":"LineString","coordinates":[[-83.42267,35.4315],[-83.42348,35.4319]]},"properties":{"net":"out","o":7}},{"type":"Feature","geometry":{"type":"LineString","coordinates":[[-83.40929,35.41695],[-83.40995,35.41733],[-83.41081,35.41814]]},"properties":{"net":"NC6241","o":4}},{"type":"Feature","geometry":{"type":"LineString","coordinates":[[-83.17642,35.31498],[-83.17786,35.31576],[-83.17866,35.31638]]},"properties":{"net":"NC6252","o":5}},{"type":"Feature","geometry":{"type":"LineString","coordinates":[[-83.17863,35.31786],[-83.17788,35.31829],[-83.17733,35.3184],[-83.17669,35.31869],[-83.17576,35.31886],[-83.17357,35.31902],[-83.17308,35.31918],[-83.17255,35.3196],[-83.17247,35.32014],[-83.17251,35.32086],[-83.17224,35.32205],[-83.17234,35.32299],[-83.17258,35.32343],[-83.17305,35.32387],[-83.17407,35.32559]]},"properties":{"net":"NC6252","o":5}},{"type":"Feature","geometry":{"type":"LineString","coordinates":[[-83.16872,35.31071],[-83.16929,35.31069],[-83.17043,35.31155],[-83.17149,35.31386],[-83.17178,35.31426],[-83.1723,35.31465],[-83.17303,35.31494],[-83.17392,35.31509],[-83.17573,35.31501]]},"properties":{"net":"NC3252","o":5}},{"type":"Feature","geometry":{"type":"LineString","coordinates":[[-83.18124,35.40392],[-83.18134,35.40363]]},"properties":{"net":"out","o":5}},{"type":"Feature","geometry":{"type":"LineString","coordinates":[[-83.17207,35.40216],[-83.17366,35.40216],[-83.17473,35.40231],[-83.17637,35.40265],[-83.17803,35.40333]]},"properties":{"net":"out","o":5}},{"type":"Feature","geometry":{"type":"LineString","coordinates":[[-83.42136,35.60924],[-83.42128,35.60854],[-83.42085,35.60695],[-83.42082,35.60573],[-83.42065,35.60466],[-83.42016,35.60426],[-83.4198,35.60416],[-83.41924,35.60379],[-83.4188,35.60377]]},"properties":{"net":"sm642640","o":1}},{"type":"Feature","geometry":{"type":"LineString","coordinates":[[-83.42142,35.53299],[-83.42179,35.53213],[-83.42232,35.53137],[-83.42239,35.52969]]},"properties":{"net":"out","o":4}},{"type":"Feature","geometry":{"type":"LineString","coordinates":[[-83.41447,35.5973],[-83.4136,35.59827],[-83.41302,35.59914],[-83.41295,35.5994],[-83.41217,35.59964]]},"properties":{"net":"NC3046","o":1}},{"type":"Feature","geometry":{"type":"LineString","coordinates":[[-83.39873,35.43793],[-83.39858,35.43688]]},"properties":{"net":"out","o":7}},{"type":"Feature","geometry":{"type":"LineString","coordinates":[[-83.39854,35.43651],[-83.39863,35.43573]]},"properties":{"net":"out","o":7}},{"type":"Feature","geometry":{"type":"LineString","coordinates":[[-83.39818,35.4521],[-83.39891,35.45156]]},"properties":{"net":"out","o":7}},{"type":"Feature","geometry":{"type":"LineString","coordinates":[[-83.42002,35.52406],[-83.41957,35.52359],[-83.41955,35.52342],[-83.4202,35.52083]]},"properties":{"net":"out","o":4}},{"type":"Feature","geometry":{"type":"LineString","coordinates":[[-83.41789,35.59923],[-83.41692,35.60001],[-83.41525,35.60069],[-83.41394,35.60171]]},"properties":{"net":"NC3046","o":1}},{"type":"Feature","geometry":{"type":"LineString","coordinates":[[-83.41354,35.60148],[-83.41275,35.6013],[-83.41197,35.60197]]},"properties":{"net":"NC3046","o":2}},{"type":"Feature","geometry":{"type":"LineString","coordinates":[[-83.40813,35.60085],[-83.40766,35.60081],[-83.40723,35.60032]]},"properties":{"net":"NC3046","o":3}},{"type":"Feature","geometry":{"type":"LineString","coordinates":[[-83.40939,35.59583],[-83.40854,35.59766],[-83.40743,35.59873],[-83.4066,35.5999],[-83.40614,35.60008]]},"properties":{"net":"NC3046","o":1}},{"type":"Feature","geometry":{"type":"LineString","coordinates":[[-83.4008,35.43284],[-83.40263,35.43096]]},"properties":{"net":"out","o":7}},{"type":"Feature","geometry":{"type":"LineString","coordinates":[[-83.39684,35.4526],[-83.39818,35.4521]]},"properties":{"net":"out","o":7}},{"type":"Feature","geometry":{"type":"LineString","coordinates":[[-83.39416,35.45253],[-83.39589,35.45266],[-83.39684,35.4526]]},"properties":{"net":"out","o":7}},{"type":"Feature","geometry":{"type":"LineString","coordinates":[[-83.32124,35.49339],[-83.32028,35.49309],[-83.3196,35.49273],[-83.31922,35.4927],[-83.31891,35.4927],[-83.31835,35.49289],[-83.31774,35.49285],[-83.31737,35.49299],[-83.31608,35.49317]]},"properties":{"net":"NC3046","o":1}},{"type":"Feature","geometry":{"type":"LineString","coordinates":[[-83.33485,35.55245],[-83.3345,35.55258],[-83.33384,35.55256]]},"properties":{"net":"NC3046","o":2}},{"type":"Feature","geometry":{"type":"LineString","coordinates":[[-83.32583,35.54619],[-83.32647,35.54513],[-83.32625,35.54443],[-83.32635,35.54382]]},"properties":{"net":"NC3046","o":1}},{"type":"Feature","geometry":{"type":"LineString","coordinates":[[-83.32592,35.55096],[-83.32618,35.55168],[-83.32609,35.55249],[-83.32557,35.55326]]},"properties":{"net":"NC3046","o":1}},{"type":"Feature","geometry":{"type":"LineString","coordinates":[[-83.39863,35.43573],[-83.39909,35.4349]]},"properties":{"net":"out","o":7}},{"type":"Feature","geometry":{"type":"LineString","coordinates":[[-83.36153,35.64026],[-83.36128,35.64031],[-83.35868,35.63976],[-83.35801,35.63979],[-83.3573,35.64004],[-83.35683,35.63993],[-83.35656,35.63961],[-83.356,35.6394],[-83.35488,35.63937]]},"properties":{"net":"NC3046","o":1}},{"type":"Feature","geometry":{"type":"LineString","coordinates":[[-83.34287,35.65987],[-83.34312,35.65971],[-83.3431,35.65937],[-83.34327,35.65913],[-83.34352,35.65828],[-83.34355,35.65774],[-83.3438,35.65691],[-83.34408,35.65648],[-83.34444,35.65552],[-83.34444,35.65518],[-83.34463,35.6549],[-83.34471,35.65447],[-83.34478,35.65353],[-83.34518,35.65277],[-83.34508,35.65249],[-83.34369,35.65161],[-83.34299,35.65087],[-83.34228,35.65035],[-83.34196,35.65027],[-83.34135,35.65031],[-83.34127,35.65012],[-83.34154,35.64988],[-83.34156,35.64972],[-83.34143,35.64949],[-83.34124,35.64938],[-83.34096,35.64931],[-83.33985,35.64937],[-83.33927,35.64892],[-83.33861,35.64868],[-83.33811,35.64897],[-83.33792,35.64898],[-83.33759,35.64878],[-83.33747,35.64835],[-83.33718,35.64804],[-83.33547,35.64802],[-83.33521,35.64791],[-83.3349,35.64747],[-83.33523,35.64666],[-83.33519,35.64639],[-83.33506,35.64624],[-83.33443,35.64616],[-83.33328,35.64642],[-83.33236,35.6464],[-83.3317,35.64666],[-83.33142,35.64656],[-83.33113,35.64601],[-83.3312,35.64543],[-83.33134,35.64508],[-83.33127,35.6446],[-83.33119,35.64451],[-83.33034,35.64435],[-83.33022,35.64423]]},"properties":{"net":"NC3046","o":1}},{"type":"Feature","geometry":{"type":"LineString","coordinates":[[-83.33703,35.47004],[-83.33725,35.47019],[-83.33723,35.47035],[-83.33746,35.47062],[-83.33858,35.47135],[-83.33868,35.4719],[-83.33844,35.47215],[-83.33841,35.47231]]},"properties":{"net":"NC3046","o":2}},{"type":"Feature","geometry":{"type":"LineString","coordinates":[[-83.33585,35.49168],[-83.33548,35.49091],[-83.33521,35.48936]]},"properties":{"net":"NC3046","o":1}},{"type":"Feature","geometry":{"type":"LineString","coordinates":[[-83.33229,35.48563],[-83.33272,35.48472],[-83.33285,35.48462],[-83.33362,35.48446],[-83.3339,35.48428]]},"properties":{"net":"NC3046","o":1}},{"type":"Feature","geometry":{"type":"LineString","coordinates":[[-83.32945,35.49699],[-83.32914,35.49767],[-83.32878,35.49795]]},"properties":{"net":"NC3046","o":1}},{"type":"Feature","geometry":{"type":"LineString","coordinates":[[-83.33102,35.4951],[-83.33045,35.49521],[-83.33,35.49541],[-83.3283,35.49542],[-83.32776,35.49566]]},"properties":{"net":"NC3046","o":1}},{"type":"Feature","geometry":{"type":"LineString","coordinates":[[-83.32878,35.49795],[-83.32811,35.49811],[-83.32746,35.49806],[-83.32701,35.49791],[-83.32609,35.49802],[-83.32453,35.49801]]},"properties":{"net":"NC3046","o":2}},{"type":"Feature","geometry":{"type":"LineString","coordinates":[[-83.32192,35.49671],[-83.32204,35.4965],[-83.32186,35.4961]]},"properties":{"net":"NC3046","o":1}},{"type":"Feature","geometry":{"type":"LineString","coordinates":[[-83.32186,35.4961],[-83.32134,35.49579]]},"properties":{"net":"NC3046","o":3}},{"type":"Feature","geometry":{"type":"LineString","coordinates":[[-83.32264,35.47735],[-83.32076,35.47778]]},"properties":{"net":"NC3046","o":2}},{"type":"Feature","geometry":{"type":"LineString","coordinates":[[-83.32151,35.4921],[-83.32146,35.49178],[-83.32155,35.49143],[-83.32147,35.49109],[-83.32109,35.4904],[-83.32078,35.49008],[-83.32063,35.48951]]},"properties":{"net":"NC3046","o":1}},{"type":"Feature","geometry":{"type":"LineString","coordinates":[[-83.32553,35.48538],[-83.32502,35.48504],[-83.32417,35.48486],[-83.3232,35.48408],[-83.32175,35.48309],[-83.32153,35.48193],[-83.32117,35.48163],[-83.31985,35.47994]]},"properties":{"net":"NC3046","o":1}},{"type":"Feature","geometry":{"type":"LineString","coordinates":[[-83.32184,35.48526],[-83.32171,35.48516],[-83.32146,35.48463],[-83.32087,35.48411],[-83.31995,35.48379],[-83.31937,35.48387],[-83.31901,35.4838],[-83.31737,35.48285]]},"properties":{"net":"NC3046","o":3}},{"type":"Feature","geometry":{"type":"LineString","coordinates":[[-83.331,35.50467],[-83.33024,35.50396]]},"properties":{"net":"NC3046","o":2}},{"type":"Feature","geometry":{"type":"LineString","coordinates":[[-83.3229,35.50471],[-83.32268,35.50461],[-83.3219,35.50382],[-83.3215,35.5032]]},"properties":{"net":"NC3046","o":1}},{"type":"Feature","geometry":{"type":"LineString","coordinates":[[-83.33384,35.55256],[-83.3333,35.55283],[-83.33263,35.55269],[-83.33229,35.55283],[-83.33154,35.55293],[-83.33068,35.55322],[-83.33023,35.55354],[-83.32979,35.55365],[-83.32921,35.55502],[-83.32885,35.55563],[-83.32879,35.55606],[-83.32854,35.55668],[-83.32818,35.55716],[-83.32758,35.55754],[-83.32614,35.55796],[-83.32554,35.55864],[-83.32495,35.55902],[-83.32494,35.55962],[-83.32481,35.55984],[-83.324,35.56006]]},"properties":{"net":"NC3046","o":2}},{"type":"Feature","geometry":{"type":"LineString","coordinates":[[-83.32567,35.59729],[-83.32552,35.59707],[-83.32553,35.59688],[-83.32641,35.59602],[-83.3265,35.59576]]},"properties":{"net":"NC3046","o":3}},{"type":"Feature","geometry":{"type":"LineString","coordinates":[[-83.31567,35.611],[-83.31613,35.61086],[-83.31663,35.61012],[-83.31731,35.6099],[-83.318,35.60927],[-83.31876,35.60907],[-83.31966,35.60842],[-83.31979,35.60814],[-83.31974,35.60778],[-83.32022,35.60755],[-83.32047,35.60711],[-83.32039,35.60633],[-83.3205,35.6061],[-83.32133,35.60593],[-83.3222,35.60517],[-83.32356,35.60453],[-83.32412,35.60404],[-83.32425,35.60375],[-83.32506,35.60348],[-83.32541,35.6031],[-83.32623,35.60278],[-83.32648,35.60223],[-83.32672,35.60202],[-83.32692,35.60164],[-83.32791,35.60104]]},"properties":{"net":"NC3046","o":2}},{"type":"Feature","geometry":{"type":"LineString","coordinates":[[-83.32659,35.62363],[-83.32732,35.62273],[-83.32768,35.62122]]},"properties":{"net":"NC3046","o":3}},{"type":"Feature","geometry":{"type":"LineString","coordinates":[[-83.33315,35.65948],[-83.33311,35.65916],[-83.33239,35.65853],[-83.33199,35.65774],[-83.33108,35.65701],[-83.33082,35.65645],[-83.33002,35.65574],[-83.32993,35.65505],[-83.33015,35.65443],[-83.32997,35.65393]]},"properties":{"net":"NC3046","o":1}},{"type":"Feature","geometry":{"type":"LineString","coordinates":[[-83.33341,35.47109],[-83.33325,35.47119]]},"properties":{"net":"NC3046","o":1}},{"type":"Feature","geometry":{"type":"LineString","coordinates":[[-83.3331,35.47556],[-83.33395,35.47502]]},"properties":{"net":"NC3046","o":3}},{"type":"Feature","geometry":{"type":"LineString","coordinates":[[-83.33508,35.46502],[-83.3342,35.46541],[-83.33391,35.4654],[-83.33299,35.46566],[-83.33285,35.46585],[-83.33256,35.46672],[-83.3323,35.46686]]},"properties":{"net":"NC3046","o":1}},{"type":"Feature","geometry":{"type":"LineString","coordinates":[[-83.33194,35.46988],[-83.33325,35.47119]]},"properties":{"net":"NC3046","o":6}},{"type":"Feature","geometry":{"type":"LineString","coordinates":[[-83.33317,35.46292],[-83.33213,35.46302],[-83.33168,35.46295]]},"properties":{"net":"NC3046","o":1}},{"type":"Feature","geometry":{"type":"LineString","coordinates":[[-83.32685,35.4671],[-83.32677,35.46744],[-83.32638,35.46782],[-83.32632,35.46822],[-83.32695,35.46854],[-83.32716,35.46877],[-83.328,35.46894]]},"properties":{"net":"NC3046","o":1}},{"type":"Feature","geometry":{"type":"LineString","coordinates":[[-83.32577,35.47009],[-83.32521,35.4696],[-83.32459,35.46935],[-83.32439,35.46917]]},"properties":{"net":"NC3046","o":1}},{"type":"Feature","geometry":{"type":"LineString","coordinates":[[-83.32312,35.47157],[-83.32343,35.47136],[-83.32366,35.47083],[-83.32322,35.46909]]},"properties":{"net":"NC3046","o":1}},{"type":"Feature","geometry":{"type":"LineString","coordinates":[[-83.32056,35.46981],[-83.32017,35.46925],[-83.32003,35.46856]]},"properties":{"net":"NC3046","o":1}},{"type":"Feature","geometry":{"type":"LineString","coordinates":[[-83.32155,35.47393],[-83.32102,35.47421],[-83.32082,35.47461],[-83.32061,35.47474],[-83.32031,35.47481],[-83.31988,35.47471],[-83.31959,35.47488]]},"properties":{"net":"NC3046","o":1}},{"type":"Feature","geometry":{"type":"LineString","coordinates":[[-83.31403,35.40424],[-83.31458,35.40436],[-83.31524,35.40434],[-83.3166,35.40388]]},"properties":{"net":"out","o":6}},{"type":"Feature","geometry":{"type":"LineString","coordinates":[[-83.30866,35.45519],[-83.30875,35.45537],[-83.30938,35.45596]]},"properties":{"net":"NC3046","o":3}},{"type":"Feature","geometry":{"type":"LineString","coordinates":[[-83.31882,35.46636],[-83.31875,35.46679],[-83.31908,35.46726],[-83.31898,35.46754],[-83.31907,35.46772],[-83.31901,35.46816]]},"properties":{"net":"NC3046","o":1}},{"type":"Feature","geometry":{"type":"LineString","coordinates":[[-83.31569,35.47319],[-83.31501,35.47281]]},"properties":{"net":"NC3046","o":6}},{"type":"Feature","geometry":{"type":"LineString","coordinates":[[-83.31491,35.47291],[-83.31501,35.47281]]},"properties":{"net":"NC3046","o":1}},{"type":"Feature","geometry":{"type":"LineString","coordinates":[[-83.29849,35.46721],[-83.29921,35.46707],[-83.29966,35.4671],[-83.30101,35.46767],[-83.30152,35.46778],[-83.3029,35.46785],[-83.30426,35.46861],[-83.30682,35.46905],[-83.30796,35.47029],[-83.30956,35.47049]]},"properties":{"net":"NC3046","o":2}},{"type":"Feature","geometry":{"type":"LineString","coordinates":[[-83.31793,35.48018],[-83.31803,35.48015],[-83.31881,35.47903],[-83.31955,35.47734]]},"properties":{"net":"NC3046","o":1}},{"type":"Feature","geometry":{"type":"LineString","coordinates":[[-83.31737,35.48285],[-83.31674,35.48235]]},"properties":{"net":"NC3046","o":3}},{"type":"Feature","geometry":{"type":"LineString","coordinates":[[-83.31777,35.49531],[-83.31684,35.49461],[-83.31635,35.49338],[-83.31608,35.49317]]},"properties":{"net":"NC3046","o":3}},{"type":"Feature","geometry":{"type":"LineString","coordinates":[[-83.31736,35.48714],[-83.31725,35.48672],[-83.31745,35.48659],[-83.31751,35.48627],[-83.31734,35.48593],[-83.31661,35.48545],[-83.31628,35.4854],[-83.3157,35.48468],[-83.31574,35.4845],[-83.31536,35.48431]]},"properties":{"net":"NC3046","o":1}},{"type":"Feature","geometry":{"type":"LineString","coordinates":[[-83.31608,35.49317],[-83.31549,35.49255],[-83.31443,35.49255],[-83.31412,35.49237]]},"properties":{"net":"NC3046","o":3}},{"type":"Feature","geometry":{"type":"LineString","coordinates":[[-83.31412,35.49237],[-83.31388,35.49221]]},"properties":{"net":"NC3046","o":3}},{"type":"Feature","geometry":{"type":"LineString","coordinates":[[-83.31383,35.49156],[-83.31399,35.49154]]},"properties":{"net":"NC3046","o":2}},{"type":"Feature","geometry":{"type":"LineString","coordinates":[[-83.31283,35.49696],[-83.31273,35.49697]]},"properties":{"net":"NC3046","o":1}},{"type":"Feature","geometry":{"type":"LineString","coordinates":[[-83.30579,35.48449],[-83.30591,35.48468],[-83.30631,35.48493],[-83.30645,35.48534],[-83.30692,35.48547]]},"properties":{"net":"NC3046","o":3}},{"type":"Feature","geometry":{"type":"LineString","coordinates":[[-83.30492,35.49838],[-83.3074,35.49754],[-83.30784,35.49726],[-83.30832,35.49712],[-83.30951,35.49724],[-83.31075,35.49717]]},"properties":{"net":"NC3046","o":1}},{"type":"Feature","geometry":{"type":"LineString","coordinates":[[-83.30469,35.48736],[-83.30521,35.48715],[-83.30528,35.48689],[-83.30577,35.48634],[-83.30611,35.4862],[-83.30661,35.48562],[-83.30692,35.48547]]},"properties":{"net":"NC3046","o":2}},{"type":"Feature","geometry":{"type":"LineString","coordinates":[[-83.30257,35.49289],[-83.30315,35.49272],[-83.30381,35.49222],[-83.30443,35.49202]]},"properties":{"net":"NC3046","o":1}},{"type":"Feature","geometry":{"type":"LineString","coordinates":[[-83.02883,35.16294],[-83.02791,35.16319]]},"properties":{"net":"NC3027","o":2}},{"type":"Feature","geometry":{"type":"LineString","coordinates":[[-83.03361,35.16654],[-83.03067,35.16706],[-83.02825,35.16769],[-83.02773,35.16772],[-83.02606,35.16693],[-83.02542,35.16648],[-83.02477,35.16618],[-83.02428,35.16582],[-83.02406,35.16545]]},"properties":{"net":"NC3027","o":1}},{"type":"Feature","geometry":{"type":"LineString","coordinates":[[-83.02644,35.2885],[-83.02697,35.28753],[-83.02726,35.28642],[-83.02805,35.28543],[-83.02826,35.28501],[-83.02846,35.28381],[-83.02848,35.2831],[-83.02823,35.28225],[-83.02822,35.28173],[-83.02759,35.28101],[-83.02718,35.28089],[-83.02639,35.28086],[-83.02603,35.28064],[-83.02545,35.27958],[-83.02472,35.27884],[-83.02408,35.27801],[-83.02326,35.27726],[-83.02302,35.2768],[-83.0229,35.27618],[-83.02168,35.27417],[-83.02159,35.27349],[-83.02141,35.27328],[-83.02102,35.27312],[-83.02079,35.27281],[-83.0206,35.27228],[-83.02048,35.27155],[-83.02024,35.27114],[-83.02025,35.27061],[-83.01968,35.26993],[-83.01908,35.26965],[-83.01875,35.26889],[-83.01835,35.26854]]},"properties":{"net":"sm165184","o":1}},{"type":"Feature","geometry":{"type":"LineString","coordinates":[[-83.01835,35.26854],[-83.01782,35.26847]]},"properties":{"net":"sm108220","o":1}},{"type":"Feature","geometry":{"type":"LineString","coordinates":[[-83.03876,35.23344],[-83.03923,35.23323],[-83.03972,35.23231],[-83.03993,35.23127],[-83.03929,35.22924],[-83.03961,35.22823],[-83.04009,35.22754],[-83.04069,35.22742]]},"properties":{"net":"NC3028","o":4}},{"type":"Feature","geometry":{"type":"LineString","coordinates":[[-83.00569,35.14295],[-83.0049,35.14277],[-83.00304,35.14333],[-83.00265,35.1436],[-83.00229,35.14452],[-83.00175,35.14487],[-82.99986,35.1448]]},"properties":{"net":"NC3027","o":1}},{"type":"Feature","geometry":{"type":"LineString","coordinates":[[-83.01396,35.35351],[-83.01438,35.35314],[-83.01482,35.35306],[-83.01506,35.35284],[-83.01569,35.35195],[-83.01681,35.35067],[-83.0175,35.34956],[-83.0181,35.34902],[-83.01869,35.3483],[-83.01916,35.34801],[-83.02027,35.34775],[-83.02055,35.34753],[-83.02083,35.34708],[-83.02108,35.34692],[-83.02244,35.34656],[-83.02293,35.3459],[-83.02372,35.34548],[-83.02492,35.34433]]},"properties":{"net":"NC3252","o":2}},{"type":"Feature","geometry":{"type":"LineString","coordinates":[[-83.01819,35.37356],[-83.01838,35.37297],[-83.01839,35.37167],[-83.01878,35.36991],[-83.01952,35.36841],[-83.0199,35.36793],[-83.02079,35.36713]]},"properties":{"net":"NC3252","o":1}},{"type":"Feature","geometry":{"type":"LineString","coordinates":[[-83.01209,35.15452],[-83.01166,35.1561],[-83.01192,35.15699],[-83.01277,35.15717],[-83.01432,35.15722],[-83.01674,35.15868],[-83.01714,35.15903],[-83.01712,35.15966],[-83.01748,35.16064],[-83.01767,35.16066],[-83.01815,35.16042],[-83.01875,35.1607],[-83.01915,35.16043],[-83.01953,35.16079],[-83.02002,35.16089],[-83.02014,35.16166],[-83.01953,35.16219],[-83.01931,35.16277],[-83.01889,35.16311],[-83.01886,35.16325],[-83.01927,35.16346],[-83.02009,35.16345],[-83.02062,35.1643],[-83.02127,35.16473],[-83.02176,35.16473],[-83.02204,35.16485],[-83.02264,35.16552]]},"properties":{"net":"NC3027","o":1}},{"type":"Feature","geometry":{"type":"LineString","coordinates":[[-83.00259,35.1518],[-83.0031,35.15183],[-83.00364,35.15209],[-83.00395,35.15207],[-83.00421,35.15231],[-83.0044,35.15268],[-83.00441,35.15305],[-83.00432,35.15324],[-83.00389,35.15355],[-83.00376,35.15428],[-83.00379,35.15486],[-83.00433,35.15532],[-83.00606,35.15612],[-83.0064,35.15637],[-83.00663,35.15684],[-83.0067,35.15764],[-83.00688,35.15807],[-83.00708,35.15833],[-83.00763,35.15856],[-83.00716,35.15954],[-83.00721,35.16029],[-83.00713,35.16087],[-83.00698,35.16096],[-83.0064,35.16092],[-83.00602,35.16104]]},"properties":{"net":"NC3027","o":2}},{"type":"Feature","geometry":{"type":"LineString","coordinates":[[-83.00293,35.17411],[-83.00289,35.17428],[-83.00306,35.17494],[-83.00267,35.17623],[-83.00275,35.17659],[-83.00305,35.17709],[-83.00316,35.17766],[-83.00371,35.1783],[-83.00467,35.17865],[-83.00597,35.17973],[-83.00757,35.1804],[-83.00775,35.18062],[-83.00784,35.18119]]},"properties":{"net":"NC3027","o":3}},{"type":"Feature","geometry":{"type":"LineString","coordinates":[[-83.0043,35.30436],[-83.00439,35.30454]]},"properties":{"net":"sm2989","o":1}},{"type":"Feature","geometry":{"type":"LineString","coordinates":[[-83.00439,35.30454],[-83.00465,35.30491],[-83.00503,35.30625],[-83.00586,35.30685],[-83.00706,35.30831],[-83.00926,35.31014],[-83.00999,35.31115],[-83.01065,35.31181],[-83.01109,35.31201],[-83.01208,35.31218],[-83.01252,35.31268],[-83.01264,35.31302],[-83.01255,35.31377],[-83.01229,35.31434],[-83.01225,35.31471],[-83.01146,35.31565],[-83.01142,35.31591],[-83.0115,35.31615]]},"properties":{"net":"NC3252","o":1}},{"type":"Feature","geometry":{"type":"LineString","coordinates":[[-82.97286,35.21635],[-82.97343,35.21525],[-82.97366,35.2151],[-82.97424,35.21516],[-82.97637,35.21566],[-82.97772,35.21584]]},"properties":{"net":"NC3027","o":3}},{"type":"Feature","geometry":{"type":"LineString","coordinates":[[-82.95781,35.23439],[-82.95868,35.23336],[-82.95902,35.23274],[-82.95953,35.23226],[-82.96035,35.23116],[-82.96115,35.23057],[-82.9616,35.22995],[-82.96191,35.22985],[-82.96195,35.22909],[-82.96212,35.22885],[-82.96257,35.22886],[-82.96335,35.22945],[-82.96351,35.22946],[-82.96381,35.22926],[-82.96399,35.22881],[-82.96424,35.22853],[-82.96449,35.22839],[-82.96534,35.22829],[-82.96568,35.22857]]},"properties":{"net":"NC3027","o":3}},{"type":"Feature","geometry":{"type":"LineString","coordinates":[[-82.95427,35.25465],[-82.95332,35.25465],[-82.95257,35.25486],[-82.95179,35.25481],[-82.95068,35.25548],[-82.94988,35.25559],[-82.94924,35.25582],[-82.94763,35.25666],[-82.94658,35.25733],[-82.9462,35.25761],[-82.94585,35.25815],[-82.94547,35.25842],[-82.945,35.25846],[-82.94361,35.25825],[-82.94296,35.25799]]},"properties":{"net":"NC3027","o":1}},{"type":"Feature","geometry":{"type":"LineString","coordinates":[[-83.16601,35.31227],[-83.16592,35.31214]]},"properties":{"net":"NC3252","o":2}},{"type":"Feature","geometry":{"type":"LineString","coordinates":[[-83.15478,35.32436],[-83.15578,35.32339],[-83.15627,35.32273],[-83.15717,35.32226],[-83.15791,35.32148],[-83.15909,35.32064],[-83.16037,35.31998],[-83.1614,35.31885],[-83.16182,35.31877],[-83.16254,35.31759],[-83.16291,35.31739],[-83.16356,35.31679],[-83.16472,35.31636],[-83.1656,35.31569],[-83.166,35.31523],[-83.16656,35.31415],[-83.16691,35.31367],[-83.16674,35.31275],[-83.16601,35.31227]]},"properties":{"net":"NC3252","o":2}},{"type":"Feature","geometry":{"type":"LineString","coordinates":[[-83.15689,35.33599],[-83.15698,35.33536],[-83.15687,35.33501],[-83.15688,35.33408],[-83.15699,35.33374],[-83.15735,35.33326],[-83.15737,35.33213],[-83.15712,35.33133],[-83.15648,35.33045],[-83.1566,35.32967],[-83.1565,35.32877],[-83.15661,35.32825],[-83.15634,35.32741],[-83.15629,35.32655],[-83.15602,35.32614],[-83.15545,35.32563],[-83.15513,35.32481],[-83.15478,35.32436]]},"properties":{"net":"NC3252","o":1}},{"type":"Feature","geometry":{"type":"LineString","coordinates":[[-83.14691,35.29706],[-83.14729,35.29696]]},"properties":{"net":"NC3252","o":4}},{"type":"Feature","geometry":{"type":"LineString","coordinates":[[-83.16333,35.40195],[-83.16368,35.40173],[-83.16416,35.40162],[-83.1667,35.40182],[-83.16822,35.40138],[-83.16879,35.40131],[-83.16908,35.40141],[-83.16929,35.40183],[-83.16961,35.402],[-83.17207,35.40216]]},"properties":{"net":"out","o":5}},{"type":"Feature","geometry":{"type":"LineString","coordinates":[[-83.136,35.24483],[-83.13527,35.24523],[-83.13512,35.24578],[-83.13464,35.24613],[-83.13407,35.24681],[-83.13356,35.24713],[-83.13098,35.24745],[-83.13001,35.24779],[-83.12982,35.24806],[-83.12979,35.2486],[-83.12958,35.24902],[-83.12947,35.24952]]},"properties":{"net":"NC3252","o":1}},{"type":"Feature","geometry":{"type":"LineString","coordinates":[[-83.13242,35.28536],[-83.13256,35.28432]]},"properties":{"net":"NC3252","o":1}},{"type":"Feature","geometry":{"type":"LineString","coordinates":[[-83.13733,35.27295],[-83.13679,35.2739],[-83.1361,35.27438],[-83.13506,35.27484],[-83.13346,35.27698],[-83.13216,35.27785],[-83.13176,35.27832],[-83.13188,35.27877],[-83.13192,35.27967],[-83.13288,35.28089],[-83.13344,35.28141],[-83.13404,35.28168],[-83.13548,35.28149],[-83.13611,35.28154]]},"properties":{"net":"NC3252","o":1}},{"type":"Feature","geometry":{"type":"LineString","coordinates":[[-83.14742,35.297],[-83.14779,35.29708],[-83.14808,35.2973],[-83.14816,35.29779],[-83.14802,35.29794]]},"properties":{"net":"NC3252","o":5}},{"type":"Feature","geometry":{"type":"LineString","coordinates":[[-83.14066,35.33632],[-83.1408,35.33593],[-83.14112,35.33566],[-83.14134,35.3353],[-83.14223,35.33479],[-83.14269,35.33353],[-83.14291,35.33322],[-83.14331,35.33295],[-83.14407,35.33273],[-83.14466,35.3321]]},"properties":{"net":"NC3252","o":2}},{"type":"Feature","geometry":{"type":"LineString","coordinates":[[-83.13673,35.36448],[-83.13704,35.36399],[-83.13707,35.36279],[-83.13695,35.36218],[-83.13703,35.36176],[-83.13626,35.36043],[-83.13564,35.35976],[-83.13426,35.35903],[-83.13362,35.35826],[-83.13252,35.3578],[-83.13146,35.35709],[-83.13105,35.35663],[-83.13077,35.3559]]},"properties":{"net":"NC3252","o":1}},{"type":"Feature","geometry":{"type":"LineString","coordinates":[[-83.12947,35.24952],[-83.12943,35.24956]]},"properties":{"net":"NC3252","o":1}},{"type":"Feature","geometry":{"type":"LineString","coordinates":[[-83.12943,35.24956],[-83.12968,35.25024],[-83.12977,35.25101],[-83.13014,35.25185],[-83.13016,35.25226],[-83.12993,35.25407],[-83.12968,35.25479]]},"properties":{"net":"NC3252","o":4}},{"type":"Feature","geometry":{"type":"LineString","coordinates":[[-83.12861,35.25742],[-83.12851,35.25742]]},"properties":{"net":"NC3252","o":1}},{"type":"Feature","geometry":{"type":"LineString","coordinates":[[-83.12794,35.24642],[-83.12865,35.24786]]},"properties":{"net":"NC3252","o":1}},{"type":"Feature","geometry":{"type":"LineString","coordinates":[[-83.12651,35.26116],[-83.12638,35.26123]]},"properties":{"net":"NC3252","o":4}},{"type":"Feature","geometry":{"type":"LineString","coordinates":[[-83.10955,35.31003],[-83.11012,35.30969],[-83.11059,35.30919],[-83.11099,35.30893],[-83.11117,35.30866],[-83.11125,35.30831],[-83.11124,35.3074],[-83.11149,35.30672],[-83.1115,35.30625],[-83.11192,35.30512],[-83.11194,35.30388],[-83.11229,35.30329],[-83.1128,35.303],[-83.11341,35.30288],[-83.11447,35.30305],[-83.11515,35.30295],[-83.11581,35.30311],[-83.11663,35.30247],[-83.11728,35.3025]]},"properties":{"net":"NC3252","o":1}},{"type":"Feature","geometry":{"type":"LineString","coordinates":[[-83.11599,35.32171],[-83.11632,35.32146],[-83.1172,35.32134],[-83.11845,35.32078],[-83.11904,35.32023],[-83.11969,35.31978]]},"properties":{"net":"NC3252","o":3}},{"type":"Feature","geometry":{"type":"LineString","coordinates":[[-83.11624,35.33407],[-83.11474,35.33311],[-83.11347,35.33178],[-83.11297,35.33074],[-83.11291,35.32978],[-83.11226,35.32868],[-83.11215,35.32822]]},"properties":{"net":"NC3252","o":1}},{"type":"Feature","geometry":{"type":"LineString","coordinates":[[-83.10883,35.31801],[-83.11012,35.31832],[-83.11137,35.3185],[-83.11227,35.31885],[-83.11275,35.31927],[-83.11315,35.3199],[-83.11442,35.32058],[-83.11534,35.32141],[-83.11599,35.32171]]},"properties":{"net":"NC3252","o":1}},{"type":"Feature","geometry":{"type":"LineString","coordinates":[[-83.10781,35.33621],[-83.1086,35.33449],[-83.11027,35.33163],[-83.11058,35.33059],[-83.11142,35.32981],[-83.11184,35.32822]]},"properties":{"net":"NC3252","o":1}},{"type":"Feature","geometry":{"type":"LineString","coordinates":[[-83.09232,35.40038],[-83.0929,35.40041],[-83.09325,35.40084],[-83.0933,35.4012],[-83.09309,35.40168],[-83.09308,35.40195],[-83.09321,35.40229],[-83.09361,35.40276],[-83.09368,35.40301],[-83.09334,35.40432],[-83.0934,35.40507],[-83.0932,35.40572],[-83.09325,35.40592],[-83.094,35.40591],[-83.09519,35.40661],[-83.09603,35.40681],[-83.09671,35.40668],[-83.09877,35.40598],[-83.09964,35.40592]]},"properties":{"net":"out","o":4}},{"type":"Feature","geometry":{"type":"LineString","coordinates":[[-83.12493,35.23433],[-83.12431,35.23423],[-83.1237,35.23425],[-83.12349,35.23435],[-83.12296,35.23477],[-83.12277,35.23532],[-83.12261,35.2355]]},"properties":{"net":"NC3029","o":4}},{"type":"Feature","geometry":{"type":"LineString","coordinates":[[-83.1088,35.26244],[-83.11045,35.26365],[-83.11132,35.26452],[-83.11179,35.26514]]},"properties":{"net":"NC3252","o":4}},{"type":"Feature","geometry":{"type":"LineString","coordinates":[[-83.12612,35.28125],[-83.12629,35.28113]]},"properties":{"net":"NC3252","o":1}},{"type":"Feature","geometry":{"type":"LineString","coordinates":[[-83.10724,35.27874],[-83.10989,35.27852],[-83.11091,35.27864],[-83.11207,35.27899],[-83.11329,35.27898],[-83.11441,35.27942],[-83.11662,35.27983],[-83.11771,35.28017],[-83.11936,35.28033],[-83.12157,35.28151],[-83.12279,35.28187],[-83.12377,35.28184],[-83.12494,35.28158],[-83.12565,35.28128],[-83.12612,35.28125]]},"properties":{"net":"NC3252","o":1}},{"type":"Feature","geometry":{"type":"LineString","coordinates":[[-83.1047,35.25421],[-83.10487,35.25436],[-83.10509,35.25436],[-83.1071,35.2551],[-83.10762,35.25544],[-83.10791,35.25593],[-83.10806,35.25735]]},"properties":{"net":"NC3252","o":4}},{"type":"Feature","geometry":{"type":"LineString","coordinates":[[-83.09049,35.30465],[-83.09177,35.30399],[-83.09242,35.3034]]},"properties":{"net":"NC3252","o":4}},{"type":"Feature","geometry":{"type":"LineString","coordinates":[[-83.09006,35.30729],[-83.08981,35.3065],[-83.08932,35.3061],[-83.08926,35.3056]]},"properties":{"net":"NC3252","o":4}},{"type":"Feature","geometry":{"type":"LineString","coordinates":[[-83.08926,35.3056],[-83.08923,35.30528],[-83.08935,35.305],[-83.08985,35.30478],[-83.09049,35.30465]]},"properties":{"net":"NC3252","o":4}},{"type":"Feature","geometry":{"type":"LineString","coordinates":[[-83.09317,35.32428],[-83.0936,35.32407],[-83.09535,35.32368],[-83.09841,35.32271],[-83.09915,35.32267],[-83.09992,35.32286],[-83.10058,35.32287],[-83.10228,35.32251],[-83.10384,35.32313],[-83.1043,35.32343],[-83.10524,35.32431],[-83.1057,35.32487]]},"properties":{"net":"NC3252","o":1}},{"type":"Feature","geometry":{"type":"LineString","coordinates":[[-83.09425,35.36748],[-83.09469,35.36631],[-83.09468,35.36587],[-83.0943,35.36414],[-83.09432,35.36376],[-83.09455,35.36312],[-83.09318,35.36191],[-83.09253,35.36148],[-83.09206,35.36071],[-83.09198,35.3603],[-83.09243,35.35864],[-83.09248,35.35607],[-83.0926,35.3559],[-83.093,35.35577],[-83.09311,35.35564],[-83.09328,35.35482],[-83.09434,35.35294]]},"properties":{"net":"NC3252","o":1}},{"type":"Feature","geometry":{"type":"LineString","coordinates":[[-83.08357,35.40274],[-83.08635,35.40306],[-83.08755,35.40304],[-83.08822,35.40291],[-83.08911,35.40254],[-83.09086,35.40151],[-83.09131,35.40119],[-83.09185,35.4006],[-83.09232,35.40038]]},"properties":{"net":"out","o":4}},{"type":"Feature","geometry":{"type":"LineString","coordinates":[[-83.26016,35.56289],[-83.26057,35.56249],[-83.26091,35.56185]]},"properties":{"net":"sm3084","o":1}},{"type":"Feature","geometry":{"type":"LineString","coordinates":[[-83.30132,35.59632],[-83.30189,35.59585],[-83.30293,35.59602]]},"properties":{"net":"NC3046","o":3}},{"type":"Feature","geometry":{"type":"LineString","coordinates":[[-83.28573,35.57063],[-83.28456,35.56999],[-83.28327,35.56976]]},"properties":{"net":"NC3046","o":1}},{"type":"Feature","geometry":{"type":"LineString","coordinates":[[-83.28206,35.56606],[-83.28221,35.56568]]},"properties":{"net":"NC3046","o":3}},{"type":"Feature","geometry":{"type":"LineString","coordinates":[[-83.29443,35.65138],[-83.29357,35.65052],[-83.29291,35.65007],[-83.29244,35.64921],[-83.29106,35.64836],[-83.29057,35.64822],[-83.29023,35.64839],[-83.28912,35.64845],[-83.28839,35.64826],[-83.28813,35.64789],[-83.28744,35.64771],[-83.28714,35.64753],[-83.28651,35.64693],[-83.28664,35.64632],[-83.2864,35.64603],[-83.28631,35.64529],[-83.28622,35.64505],[-83.28591,35.64472],[-83.28588,35.64433]]},"properties":{"net":"NC3046","o":1}},{"type":"Feature","geometry":{"type":"LineString","coordinates":[[-83.29182,35.66317],[-83.29062,35.66339],[-83.29022,35.6636],[-83.28913,35.6638],[-83.2886,35.66402],[-83.28744,35.66414],[-83.28645,35.66456],[-83.28596,35.66462],[-83.28519,35.66506],[-83.28479,35.66513]]},"properties":{"net":"NC3046","o":1}},{"type":"Feature","geometry":{"type":"LineString","coordinates":[[-83.28946,35.66992],[-83.28933,35.66924],[-83.28874,35.66832],[-83.28797,35.66792],[-83.28718,35.66732],[-83.28679,35.66724],[-83.28651,35.66684],[-83.28613,35.66656],[-83.28607,35.66625],[-83.28567,35.66602],[-83.28479,35.66513]]},"properties":{"net":"NC3046","o":1}},{"type":"Feature","geometry":{"type":"LineString","coordinates":[[-83.26681,35.54459],[-83.26638,35.54396],[-83.26633,35.54358],[-83.2666,35.54305],[-83.26719,35.54235]]},"properties":{"net":"NC3046","o":6}},{"type":"Feature","geometry":{"type":"LineString","coordinates":[[-83.2679,35.56224],[-83.2668,35.56168],[-83.26601,35.56101],[-83.26504,35.56085],[-83.26476,35.56065]]},"properties":{"net":"sm3084","o":4}},{"type":"Feature","geometry":{"type":"LineString","coordinates":[[-83.26304,35.56123],[-83.26356,35.56088],[-83.26391,35.56036]]},"properties":{"net":"sm3084","o":1}},{"type":"Feature","geometry":{"type":"LineString","coordinates":[[-83.26296,35.54421],[-83.2631,35.54376],[-83.26342,35.54342]]},"properties":{"net":"NC3046","o":1}},{"type":"Feature","geometry":{"type":"LineString","coordinates":[[-83.26293,35.5491],[-83.26314,35.5489],[-83.2636,35.54882],[-83.26659,35.54937]]},"properties":{"net":"NC3046","o":6}},{"type":"Feature","geometry":{"type":"LineString","coordinates":[[-83.26281,35.54907],[-83.26293,35.5491]]},"properties":{"net":"NC3046","o":1}},{"type":"Feature","geometry":{"type":"LineString","coordinates":[[-83.26261,35.54984],[-83.2627,35.54986]]},"properties":{"net":"NC3046","o":1}},{"type":"Feature","geometry":{"type":"LineString","coordinates":[[-83.26289,35.55402],[-83.26177,35.55361],[-83.26085,35.55247]]},"properties":{"net":"NC3046","o":1}},{"type":"Feature","geometry":{"type":"LineString","coordinates":[[-83.25817,35.55346],[-83.25826,35.55361],[-83.2589,35.5539]]},"properties":{"net":"NC3046","o":1}},{"type":"Feature","geometry":{"type":"LineString","coordinates":[[-83.25736,35.5482],[-83.25824,35.5485],[-83.25962,35.54846],[-83.26089,35.54894],[-83.26164,35.54943],[-83.26261,35.54984]]},"properties":{"net":"NC3046","o":1}},{"type":"Feature","geometry":{"type":"LineString","coordinates":[[-83.27219,35.58165],[-83.27127,35.5819],[-83.27088,35.58246],[-83.2705,35.58278],[-83.27014,35.58295],[-83.26997,35.58316]]},"properties":{"net":"NC3046","o":1}},{"type":"Feature","geometry":{"type":"LineString","coordinates":[[-83.26388,35.56493],[-83.264,35.56447],[-83.26442,35.56404],[-83.26502,35.56314]]},"properties":{"net":"sm3084","o":1}},{"type":"Feature","geometry":{"type":"LineString","coordinates":[[-83.25864,35.57166],[-83.258,35.57234],[-83.25775,35.57248]]},"properties":{"net":"NC3046","o":3}},{"type":"Feature","geometry":{"type":"LineString","coordinates":[[-83.25413,35.58659],[-83.25495,35.5857],[-83.25557,35.58473],[-83.25607,35.58436],[-83.25643,35.58423],[-83.25673,35.58396],[-83.25722,35.5838],[-83.2575,35.58352],[-83.25765,35.58329],[-83.2578,35.5825],[-83.25803,35.58223],[-83.25889,35.58231],[-83.26001,35.58177],[-83.26021,35.58111],[-83.26079,35.58064],[-83.26124,35.57906]]},"properties":{"net":"NC3046","o":1}},{"type":"Feature","geometry":{"type":"LineString","coordinates":[[-83.27621,35.58372],[-83.27572,35.58364],[-83.27529,35.58369],[-83.27495,35.5835],[-83.27287,35.58347],[-83.27115,35.58317],[-83.26997,35.58316]]},"properties":{"net":"NC3046","o":2}},{"type":"Feature","geometry":{"type":"LineString","coordinates":[[-83.26533,35.58566],[-83.26523,35.58564]]},"properties":{"net":"NC3046","o":1}},{"type":"Feature","geometry":{"type":"LineString","coordinates":[[-83.265,35.58446],[-83.2661,35.58285]]},"properties":{"net":"NC3046","o":4}},{"type":"Feature","geometry":{"type":"LineString","coordinates":[[-83.25182,35.60046],[-83.25205,35.60073],[-83.25207,35.60142],[-83.25218,35.60161],[-83.25275,35.60193],[-83.25331,35.60258],[-83.25392,35.60296],[-83.25568,35.60357],[-83.25677,35.60444],[-83.25695,35.60482],[-83.25739,35.60526]]},"properties":{"net":"NC3046","o":1}},{"type":"Feature","geometry":{"type":"LineString","coordinates":[[-83.23596,35.51968],[-83.2366,35.51843],[-83.23685,35.51824],[-83.23869,35.51746],[-83.24162,35.51564],[-83.24688,35.51127],[-83.24754,35.51044],[-83.24794,35.51029],[-83.24839,35.50995],[-83.24899,35.50933],[-83.24915,35.50902],[-83.2492,35.50862],[-83.24942,35.50827],[-83.25023,35.50736],[-83.25047,35.50667],[-83.25085,35.50597]]},"properties":{"net":"NC3046","o":1}},{"type":"Feature","geometry":{"type":"LineString","coordinates":[[-83.30151,35.59728],[-83.30132,35.59632]]},"properties":{"net":"NC3046","o":2}},{"type":"Feature","geometry":{"type":"LineString","coordinates":[[-83.30272,35.61803],[-83.30225,35.61688],[-83.30243,35.61636],[-83.30249,35.61539],[-83.30275,35.61469],[-83.30257,35.61427],[-83.30266,35.61373],[-83.30287,35.61341],[-83.30297,35.61233],[-83.30269,35.61106],[-83.30291,35.60986],[-83.30265,35.60932],[-83.30273,35.6089],[-83.30261,35.6083],[-83.30263,35.60771],[-83.30241,35.60716],[-83.30238,35.60663],[-83.30196,35.60573],[-83.30149,35.60534],[-83.30123,35.60495],[-83.30106,35.6044],[-83.30119,35.60393],[-83.30112,35.60354],[-83.30093,35.60305],[-83.30056,35.60261],[-83.30061,35.60159],[-83.30051,35.60124]]},"properties":{"net":"NC3046","o":1}},{"type":"Feature","geometry":{"type":"LineString","coordinates":[[-83.2973,35.65528],[-83.29761,35.65462],[-83.29832,35.65418],[-83.29855,35.6537],[-83.29888,35.65358],[-83.29947,35.65316],[-83.30009,35.65301],[-83.30056,35.65268],[-83.30101,35.65196],[-83.30103,35.6515],[-83.30087,35.65124],[-83.30092,35.65097],[-83.30083,35.65069],[-83.30094,35.64995],[-83.30089,35.64968],[-83.30117,35.64947],[-83.30165,35.64931],[-83.30183,35.649],[-83.30218,35.64871]]},"properties":{"net":"NC3046","o":1}},{"type":"Feature","geometry":{"type":"LineString","coordinates":[[-83.29715,35.50262],[-83.2973,35.50256]]},"properties":{"net":"NC3046","o":4}},{"type":"Feature","geometry":{"type":"LineString","coordinates":[[-83.29658,35.5028],[-83.29715,35.50262]]},"properties":{"net":"NC3046","o":4}},{"type":"Feature","geometry":{"type":"LineString","coordinates":[[-83.2934,35.5186],[-83.29397,35.51816],[-83.29412,35.51745],[-83.294,35.51698]]},"properties":{"net":"NC3046","o":1}},{"type":"Feature","geometry":{"type":"LineString","coordinates":[[-83.2847,35.51904],[-83.28274,35.51949]]},"properties":{"net":"NC3046","o":1}},{"type":"Feature","geometry":{"type":"LineString","coordinates":[[-83.28342,35.52626],[-83.28097,35.52541],[-83.28066,35.5252],[-83.28038,35.5247],[-83.2797,35.5245],[-83.27942,35.52417],[-83.27933,35.52391]]},"properties":{"net":"NC3046","o":1}},{"type":"Feature","geometry":{"type":"LineString","coordinates":[[-83.27933,35.52391],[-83.27932,35.52381]]},"properties":{"net":"NC3046","o":1}},{"type":"Feature","geometry":{"type":"LineString","coordinates":[[-83.27779,35.5214],[-83.27807,35.52099],[-83.27782,35.52061],[-83.27777,35.5203]]},"properties":{"net":"NC3046","o":1}},{"type":"Feature","geometry":{"type":"LineString","coordinates":[[-83.28968,35.54593],[-83.28924,35.54619]]},"properties":{"net":"NC3046","o":1}},{"type":"Feature","geometry":{"type":"LineString","coordinates":[[-83.28924,35.54619],[-83.28788,35.5456],[-83.28749,35.54532]]},"properties":{"net":"NC3046","o":2}},{"type":"Feature","geometry":{"type":"LineString","coordinates":[[-83.28568,35.54777],[-83.28626,35.54668]]},"properties":{"net":"NC3046","o":3}},{"type":"Feature","geometry":{"type":"LineString","coordinates":[[-83.28525,35.54313],[-83.28558,35.54302],[-83.28576,35.54281],[-83.28635,35.54175],[-83.287,35.54142],[-83.28853,35.54172],[-83.28908,35.54201]]},"properties":{"net":"NC3046","o":1}},{"type":"Feature","geometry":{"type":"LineString","coordinates":[[-83.28523,35.54407],[-83.2868,35.54426],[-83.28764,35.54403]]},"properties":{"net":"NC3046","o":1}},{"type":"Feature","geometry":{"type":"LineString","coordinates":[[-83.2853,35.56118],[-83.28522,35.56053]]},"properties":{"net":"NC3046","o":1}},{"type":"Feature","geometry":{"type":"LineString","coordinates":[[-83.28286,35.55406],[-83.28307,35.55336],[-83.28379,35.55258],[-83.2841,35.55241]]},"properties":{"net":"NC3046","o":3}},{"type":"Feature","geometry":{"type":"LineString","coordinates":[[-83.28039,35.5567],[-83.28125,35.55579],[-83.28198,35.55553],[-83.28265,35.55551]]},"properties":{"net":"NC3046","o":1}},{"type":"Feature","geometry":{"type":"LineString","coordinates":[[-83.28067,35.54134],[-83.27901,35.54105]]},"properties":{"net":"NC3046","o":1}},{"type":"Feature","geometry":{"type":"LineString","coordinates":[[-83.27846,35.56662],[-83.27674,35.5664]]},"properties":{"net":"sm3084","o":1}},{"type":"Feature","geometry":{"type":"LineString","coordinates":[[-83.2941,35.59743],[-83.29481,35.59751],[-83.29616,35.59748]]},"properties":{"net":"NC3046","o":1}},{"type":"Feature","geometry":{"type":"LineString","coordinates":[[-83.28515,35.59037],[-83.28635,35.58997],[-83.28787,35.59035],[-83.28875,35.59165],[-83.289,35.59242],[-83.28912,35.59334],[-83.28948,35.5937],[-83.2896,35.59405],[-83.29024,35.5947],[-83.29064,35.59478],[-83.29121,35.59522],[-83.29176,35.59533],[-83.29232,35.59593],[-83.2927,35.59613],[-83.29278,35.59647],[-83.29259,35.59703],[-83.29278,35.59734],[-83.29322,35.59751],[-83.29329,35.59779]]},"properties":{"net":"NC3046","o":1}},{"type":"Feature","geometry":{"type":"LineString","coordinates":[[-83.28049,35.62664],[-83.28233,35.6249],[-83.28311,35.62366],[-83.2834,35.62301],[-83.2837,35.62279],[-83.28362,35.62237]]},"properties":{"net":"NC3046","o":1}},{"type":"Feature","geometry":{"type":"LineString","coordinates":[[-83.29565,35.64098],[-83.29537,35.64068],[-83.29427,35.64037],[-83.29392,35.63973],[-83.29388,35.63941],[-83.29372,35.63925],[-83.29301,35.63934],[-83.29278,35.63926],[-83.29221,35.63852],[-83.29217,35.63828],[-83.29155,35.63786],[-83.29072,35.63784],[-83.29006,35.63742],[-83.2892,35.63745],[-83.28893,35.63731],[-83.2885,35.63728]]},"properties":{"net":"NC3046","o":1}},{"type":"Feature","geometry":{"type":"LineString","coordinates":[[-83.26343,35.52356],[-83.26316,35.52405]]},"properties":{"net":"sm3083","o":2}},{"type":"Feature","geometry":{"type":"LineString","coordinates":[[-83.26287,35.52258],[-83.26336,35.52323],[-83.26343,35.52356]]},"properties":{"net":"sm3083","o":1}},{"type":"Feature","geometry":{"type":"LineString","coordinates":[[-83.26086,35.52663],[-83.26091,35.52625],[-83.2619,35.52585],[-83.262,35.52572]]},"properties":{"net":"sm3083","o":2}},{"type":"Feature","geometry":{"type":"LineString","coordinates":[[-83.26098,35.52806],[-83.2611,35.52755],[-83.26086,35.52663]]},"properties":{"net":"sm3083","o":1}},{"type":"Feature","geometry":{"type":"LineString","coordinates":[[-83.26013,35.53968],[-83.26051,35.53987],[-83.26057,35.54]]},"properties":{"net":"NC3046","o":4}},{"type":"Feature","geometry":{"type":"LineString","coordinates":[[-83.26024,35.53678],[-83.26026,35.53696],[-83.25994,35.53786],[-83.25996,35.5384],[-83.2594,35.53941]]},"properties":{"net":"NC3046","o":1}},{"type":"Feature","geometry":{"type":"LineString","coordinates":[[-83.25419,35.52981],[-83.25456,35.52948],[-83.25572,35.52906],[-83.25602,35.52884],[-83.25654,35.52878],[-83.25726,35.52838]]},"properties":{"net":"sm3083","o":1}},{"type":"Feature","geometry":{"type":"LineString","coordinates":[[-83.27526,35.55621],[-83.27439,35.55538]]},"properties":{"net":"NC3046","o":2}},{"type":"Feature","geometry":{"type":"LineString","coordinates":[[-83.27308,35.55785],[-83.27301,35.55761],[-83.27307,35.55727],[-83.27289,35.55706],[-83.27321,35.5563],[-83.27423,35.55571],[-83.27439,35.55538]]},"properties":{"net":"NC3046","o":2}},{"type":"Feature","geometry":{"type":"LineString","coordinates":[[-83.2708,35.55129],[-83.27085,35.55084],[-83.27098,35.5506],[-83.27123,35.55047],[-83.27142,35.55005]]},"properties":{"net":"NC3046","o":3}},{"type":"Feature","geometry":{"type":"LineString","coordinates":[[-83.26978,35.55338],[-83.27001,35.55312],[-83.26985,35.5526],[-83.26989,35.55234],[-83.27038,35.55192]]},"properties":{"net":"NC3046","o":2}},{"type":"Feature","geometry":{"type":"LineString","coordinates":[[-83.26887,35.55708],[-83.2688,35.5561],[-83.26867,35.5558],[-83.26845,35.55563]]},"properties":{"net":"NC3046","o":1}},{"type":"Feature","geometry":{"type":"LineString","coordinates":[[-83.26859,35.54192],[-83.26843,35.54178],[-83.26839,35.54155]]},"properties":{"net":"NC3046","o":1}},{"type":"Feature","geometry":{"type":"LineString","coordinates":[[-83.26839,35.54155],[-83.26836,35.54144]]},"properties":{"net":"NC3046","o":1}},{"type":"Feature","geometry":{"type":"LineString","coordinates":[[-83.25272,35.36706],[-83.25408,35.36698],[-83.25517,35.36676],[-83.25689,35.36597]]},"properties":{"net":"out","o":6}},{"type":"Feature","geometry":{"type":"LineString","coordinates":[[-83.2496,35.36638],[-83.24981,35.36654],[-83.25116,35.3669],[-83.25272,35.36706]]},"properties":{"net":"out","o":6}},{"type":"Feature","geometry":{"type":"LineString","coordinates":[[-83.23952,35.35244],[-83.23961,35.35372],[-83.24031,35.35446],[-83.24044,35.35473],[-83.24101,35.35516],[-83.24139,35.35515],[-83.24185,35.3554],[-83.24295,35.35536],[-83.24393,35.35515],[-83.24613,35.35504]]},"properties":{"net":"NC6252","o":6}},{"type":"Feature","geometry":{"type":"LineString","coordinates":[[-83.24216,35.47002],[-83.24226,35.47117]]},"properties":{"net":"NC3046","o":4}},{"type":"Feature","geometry":{"type":"LineString","coordinates":[[-83.25544,35.52422],[-83.25634,35.52395]]},"properties":{"net":"sm3083","o":4}},{"type":"Feature","geometry":{"type":"LineString","coordinates":[[-83.2523,35.53788],[-83.25353,35.53804],[-83.25476,35.53779]]},"properties":{"net":"NC3046","o":3}},{"type":"Feature","geometry":{"type":"LineString","coordinates":[[-83.2489,35.53112],[-83.249,35.53169],[-83.24885,35.53299]]},"properties":{"net":"NC3046","o":1}},{"type":"Feature","geometry":{"type":"LineString","coordinates":[[-83.24781,35.52763],[-83.24821,35.52705],[-83.24837,35.52652]]},"properties":{"net":"sm3083","o":1}},{"type":"Feature","geometry":{"type":"LineString","coordinates":[[-83.24429,35.53872],[-83.24527,35.53894],[-83.24601,35.53891]]},"properties":{"net":"NC3046","o":2}},{"type":"Feature","geometry":{"type":"LineString","coordinates":[[-83.23907,35.52632],[-83.24009,35.52742]]},"properties":{"net":"NC3046","o":2}},{"type":"Feature","geometry":{"type":"LineString","coordinates":[[-83.23785,35.52611],[-83.23841,35.52628],[-83.23907,35.52632]]},"properties":{"net":"NC3046","o":1}},{"type":"Feature","geometry":{"type":"LineString","coordinates":[[-83.2362,35.53486],[-83.23536,35.53567],[-83.23439,35.53575],[-83.23394,35.5359],[-83.23379,35.53599],[-83.23356,35.53639],[-83.23329,35.5365]]},"properties":{"net":"NC3046","o":1}},{"type":"Feature","geometry":{"type":"LineString","coordinates":[[-83.25162,35.55051],[-83.2515,35.55085],[-83.25147,35.55148],[-83.251,35.55239]]},"properties":{"net":"NC3046","o":2}},{"type":"Feature","geometry":{"type":"LineString","coordinates":[[-83.25088,35.5546],[-83.25096,35.5546]]},"properties":{"net":"NC3046","o":1}},{"type":"Feature","geometry":{"type":"LineString","coordinates":[[-83.25057,35.55193],[-83.2506,35.55228]]},"properties":{"net":"NC3046","o":3}},{"type":"Feature","geometry":{"type":"LineString","coordinates":[[-83.31247,35.57579],[-83.31225,35.57546],[-83.31158,35.57524]]},"properties":{"net":"NC3046","o":4}},{"type":"Feature","geometry":{"type":"LineString","coordinates":[[-83.31005,35.57291],[-83.31003,35.57254]]},"properties":{"net":"NC3046","o":4}},{"type":"Feature","geometry":{"type":"LineString","coordinates":[[-83.3099,35.57139],[-83.30997,35.57132]]},"properties":{"net":"NC3046","o":1}},{"type":"Feature","geometry":{"type":"LineString","coordinates":[[-83.30913,35.56586],[-83.30921,35.56588]]},"properties":{"net":"NC3046","o":2}},{"type":"Feature","geometry":{"type":"LineString","coordinates":[[-83.30292,35.56146],[-83.30328,35.56185],[-83.30355,35.56232],[-83.30402,35.56266],[-83.3043,35.56311],[-83.30472,35.56327],[-83.30469,35.56377],[-83.30494,35.56435],[-83.30502,35.56495],[-83.3052,35.56542],[-83.30594,35.56604],[-83.30693,35.56598],[-83.30737,35.56624]]},"properties":{"net":"NC3046","o":1}},{"type":"Feature","geometry":{"type":"LineString","coordinates":[[-83.31678,35.59527],[-83.3164,35.59495],[-83.31608,35.59439],[-83.31482,35.59337],[-83.31441,35.59287],[-83.31364,35.59271],[-83.31263,35.59168],[-83.31174,35.59114],[-83.30996,35.59034],[-83.30982,35.59015],[-83.30973,35.58979]]},"properties":{"net":"NC3046","o":1}},{"type":"Feature","geometry":{"type":"LineString","coordinates":[[-83.29209,35.40205],[-83.29216,35.40245],[-83.29276,35.40333],[-83.29278,35.40349]]},"properties":{"net":"out","o":6}},{"type":"Feature","geometry":{"type":"LineString","coordinates":[[-83.29435,35.45281],[-83.29384,35.45152],[-83.29361,35.45054],[-83.29377,35.44981],[-83.29426,35.44955]]},"properties":{"net":"NC3046","o":2}},{"type":"Feature","geometry":{"type":"LineString","coordinates":[[-83.28922,35.44974],[-83.28904,35.44953],[-83.28918,35.44868]]},"properties":{"net":"NC3046","o":1}},{"type":"Feature","geometry":{"type":"LineString","coordinates":[[-83.29322,35.51702],[-83.29399,35.5169]]},"properties":{"net":"NC3046","o":6}},{"type":"Feature","geometry":{"type":"LineString","coordinates":[[-83.29241,35.50432],[-83.29281,35.50452]]},"properties":{"net":"NC3046","o":4}},{"type":"Feature","geometry":{"type":"LineString","coordinates":[[-83.28075,35.51804],[-83.28077,35.5181]]},"properties":{"net":"NC3046","o":2}},{"type":"Feature","geometry":{"type":"LineString","coordinates":[[-83.28133,35.51406],[-83.2812,35.51448],[-83.28064,35.51549],[-83.28075,35.51579],[-83.2807,35.5166],[-83.28018,35.51709],[-83.28006,35.51738]]},"properties":{"net":"NC3046","o":1}},{"type":"Feature","geometry":{"type":"LineString","coordinates":[[-83.27722,35.50428],[-83.27831,35.50439],[-83.27901,35.50473],[-83.27975,35.50479]]},"properties":{"net":"NC3046","o":1}},{"type":"Feature","geometry":{"type":"LineString","coordinates":[[-83.29061,35.53121],[-83.29098,35.53044],[-83.29135,35.52902],[-83.29096,35.52826],[-83.29096,35.52759],[-83.2906,35.52713]]},"properties":{"net":"NC3046","o":2}},{"type":"Feature","geometry":{"type":"LineString","coordinates":[[-83.29046,35.52213],[-83.29035,35.52137],[-83.29046,35.52059]]},"properties":{"net":"NC3046","o":6}},{"type":"Feature","geometry":{"type":"LineString","coordinates":[[-83.2906,35.52713],[-83.29009,35.52648],[-83.29001,35.52551],[-83.28966,35.52513],[-83.28979,35.52459],[-83.28991,35.52446],[-83.28995,35.52407]]},"properties":{"net":"NC3046","o":2}},{"type":"Feature","geometry":{"type":"LineString","coordinates":[[-83.26549,35.46894],[-83.26755,35.46803]]},"properties":{"net":"NC3046","o":4}},{"type":"Feature","geometry":{"type":"LineString","coordinates":[[-83.25287,35.47079],[-83.25481,35.4707],[-83.25534,35.47026],[-83.25577,35.47004],[-83.25654,35.46997],[-83.25728,35.47001],[-83.25857,35.46981],[-83.25932,35.46963],[-83.26068,35.46896],[-83.26186,35.46892],[-83.26256,35.46921],[-83.26335,35.46939],[-83.26549,35.46894]]},"properties":{"net":"NC3046","o":4}},{"type":"Feature","geometry":{"type":"LineString","coordinates":[[-83.27714,35.49779],[-83.27714,35.49683],[-83.27705,35.49648],[-83.27668,35.49585],[-83.2766,35.49528],[-83.27579,35.49475],[-83.27378,35.4928]]},"properties":{"net":"NC3046","o":1}},{"type":"Feature","geometry":{"type":"LineString","coordinates":[[-83.27919,35.52029],[-83.27881,35.52016],[-83.27776,35.52026]]},"properties":{"net":"NC3046","o":6}},{"type":"Feature","geometry":{"type":"LineString","coordinates":[[-83.29721,35.55931],[-83.29663,35.55867],[-83.29619,35.55852]]},"properties":{"net":"NC3046","o":2}},{"type":"Feature","geometry":{"type":"LineString","coordinates":[[-83.29616,35.55955],[-83.29619,35.55852]]},"properties":{"net":"NC3046","o":2}},{"type":"Feature","geometry":{"type":"LineString","coordinates":[[-83.29191,35.55445],[-83.29242,35.55476],[-83.29296,35.55488],[-83.29341,35.55485],[-83.29414,35.5546]]},"properties":{"net":"NC3046","o":1}},{"type":"Feature","geometry":{"type":"LineString","coordinates":[[-83.26424,35.51769],[-83.26458,35.51746],[-83.26505,35.51735],[-83.26596,35.51728],[-83.26667,35.51658],[-83.26806,35.51652]]},"properties":{"net":"NC3046","o":1}},{"type":"Feature","geometry":{"type":"LineString","coordinates":[[-83.25796,35.51614],[-83.25794,35.51625]]},"properties":{"net":"sm3083","o":2}},{"type":"Feature","geometry":{"type":"LineString","coordinates":[[-83.25751,35.5185],[-83.25761,35.51868]]},"properties":{"net":"sm3083","o":3}},{"type":"Feature","geometry":{"type":"LineString","coordinates":[[-83.25729,35.51805],[-83.25744,35.5182],[-83.25751,35.5185]]},"properties":{"net":"sm3083","o":2}},{"type":"Feature","geometry":{"type":"LineString","coordinates":[[-83.25679,35.51656],[-83.25704,35.51704],[-83.25729,35.51805]]},"properties":{"net":"sm3083","o":1}},{"type":"Feature","geometry":{"type":"LineString","coordinates":[[-83.25652,35.515],[-83.25715,35.51569],[-83.25794,35.51625]]},"properties":{"net":"sm3083","o":1}},{"type":"Feature","geometry":{"type":"LineString","coordinates":[[-83.26094,35.51132],[-83.26073,35.51031],[-83.26049,35.50988],[-83.25932,35.50883],[-83.25882,35.50812],[-83.25856,35.50696],[-83.25858,35.50663],[-83.25906,35.50539],[-83.25905,35.50507],[-83.25842,35.50315],[-83.25759,35.50198],[-83.25635,35.50099],[-83.25547,35.5001],[-83.25496,35.49925],[-83.25491,35.49883]]},"properties":{"net":"NC3046","o":1}},{"type":"Feature","geometry":{"type":"LineString","coordinates":[[-83.27776,35.52026],[-83.27743,35.52017]]},"properties":{"net":"NC3046","o":6}},{"type":"Feature","geometry":{"type":"LineString","coordinates":[[-83.27665,35.52617],[-83.2768,35.52593]]},"properties":{"net":"NC3046","o":6}},{"type":"Feature","geometry":{"type":"LineString","coordinates":[[-83.27788,35.54367],[-83.27794,35.54321],[-83.27811,35.54289],[-83.27811,35.54235],[-83.27862,35.54162],[-83.27847,35.54081],[-83.27818,35.54053]]},"properties":{"net":"NC3046","o":1}},{"type":"Feature","geometry":{"type":"LineString","coordinates":[[-83.27265,35.52482],[-83.27301,35.52535],[-83.27372,35.5258]]},"properties":{"net":"NC3046","o":1}},{"type":"Feature","geometry":{"type":"LineString","coordinates":[[-83.27218,35.5369],[-83.27224,35.53695]]},"properties":{"net":"NC3046","o":1}},{"type":"Feature","geometry":{"type":"LineString","coordinates":[[-83.27121,35.5375],[-83.27153,35.53725],[-83.27224,35.53695]]},"properties":{"net":"NC3046","o":6}},{"type":"Feature","geometry":{"type":"LineString","coordinates":[[-83.27104,35.53003],[-83.27141,35.53028]]},"properties":{"net":"sm3083","o":4}},{"type":"Feature","geometry":{"type":"LineString","coordinates":[[-83.27027,35.53517],[-83.2703,35.53587],[-83.27106,35.53673],[-83.27115,35.53694],[-83.27087,35.5372],[-83.27095,35.53736]]},"properties":{"net":"NC3046","o":1}},{"type":"Feature","geometry":{"type":"LineString","coordinates":[[-83.27175,35.54099],[-83.27167,35.54078],[-83.27118,35.54031],[-83.27099,35.53983],[-83.27022,35.53874]]},"properties":{"net":"NC3046","o":3}},{"type":"Feature","geometry":{"type":"LineString","coordinates":[[-83.26979,35.52315],[-83.27152,35.52292],[-83.27197,35.52232],[-83.27247,35.52198]]},"properties":{"net":"NC3046","o":1}},{"type":"Feature","geometry":{"type":"LineString","coordinates":[[-83.26535,35.52836],[-83.26555,35.52868],[-83.26601,35.52894],[-83.26621,35.52933],[-83.26619,35.52965],[-83.26648,35.5298]]},"properties":{"net":"sm3083","o":4}},{"type":"Feature","geometry":{"type":"LineString","coordinates":[[-83.26529,35.5202],[-83.26627,35.52046],[-83.26718,35.52086],[-83.26766,35.52083],[-83.26851,35.52148],[-83.26887,35.52154],[-83.26938,35.52145]]},"properties":{"net":"NC3046","o":1}},{"type":"Feature","geometry":{"type":"LineString","coordinates":[[-83.26351,35.52102],[-83.26369,35.52188],[-83.26386,35.52221],[-83.26415,35.52243],[-83.26421,35.52276],[-83.26373,35.52346],[-83.26343,35.52356]]},"properties":{"net":"sm3083","o":1}},{"type":"Feature","geometry":{"type":"LineString","coordinates":[[-83.25863,35.51986],[-83.25863,35.51989]]},"properties":{"net":"sm3083","o":3}},{"type":"Feature","geometry":{"type":"LineString","coordinates":[[-83.25732,35.5243],[-83.25784,35.5248],[-83.25853,35.52501]]},"properties":{"net":"sm3083","o":4}},{"type":"Feature","geometry":{"type":"LineString","coordinates":[[-83.25737,35.52368],[-83.25728,35.52426]]},"properties":{"net":"sm3083","o":1}},{"type":"Feature","geometry":{"type":"LineString","coordinates":[[-83.25719,35.51999],[-83.25753,35.52012],[-83.25818,35.51986],[-83.25863,35.51989]]},"properties":{"net":"sm3083","o":1}},{"type":"Feature","geometry":{"type":"LineString","coordinates":[[-83.25709,35.53287],[-83.25786,35.53234],[-83.25865,35.5321],[-83.25958,35.53233],[-83.26008,35.53259],[-83.26053,35.53264]]},"properties":{"net":"sm3083","o":1}},{"type":"Feature","geometry":{"type":"LineString","coordinates":[[-83.25539,35.53759],[-83.25591,35.53794],[-83.25689,35.53797],[-83.25778,35.53815]]},"properties":{"net":"NC3046","o":4}},{"type":"Feature","geometry":{"type":"LineString","coordinates":[[-83.26773,35.54955],[-83.26825,35.54953],[-83.26911,35.54928],[-83.26928,35.54912],[-83.26943,35.54873],[-83.26966,35.54854],[-83.26975,35.54808]]},"properties":{"net":"NC3046","o":6}},{"type":"Feature","geometry":{"type":"LineString","coordinates":[[-83.26769,35.54967],[-83.26773,35.54955]]},"properties":{"net":"NC3046","o":1}},{"type":"Feature","geometry":{"type":"LineString","coordinates":[[-83.26692,35.55265],[-83.26801,35.55193]]},"properties":{"net":"NC3046","o":1}},{"type":"Feature","geometry":{"type":"LineString","coordinates":[[-83.25666,35.33461],[-83.25462,35.33533]]},"properties":{"net":"NC6252","o":5}},{"type":"Feature","geometry":{"type":"LineString","coordinates":[[-83.25462,35.33533],[-83.25447,35.33524],[-83.25419,35.33396],[-83.25402,35.33368],[-83.25333,35.33366],[-83.25251,35.334]]},"properties":{"net":"NC6252","o":5}},{"type":"Feature","geometry":{"type":"LineString","coordinates":[[-83.29072,35.46526],[-83.29105,35.46584],[-83.29212,35.46614],[-83.29259,35.46721],[-83.29299,35.46748],[-83.29404,35.46806],[-83.29524,35.46812]]},"properties":{"net":"NC3046","o":1}},{"type":"Feature","geometry":{"type":"LineString","coordinates":[[-83.29497,35.49334],[-83.29512,35.49361],[-83.2952,35.49429],[-83.29578,35.49561]]},"properties":{"net":"NC3046","o":1}},{"type":"Feature","geometry":{"type":"LineString","coordinates":[[-83.29476,35.4882],[-83.29499,35.48803],[-83.29614,35.48757],[-83.29718,35.48733]]},"properties":{"net":"NC3046","o":2}},{"type":"Feature","geometry":{"type":"LineString","coordinates":[[-83.29375,35.48929],[-83.29476,35.4882]]},"properties":{"net":"NC3046","o":2}},{"type":"Feature","geometry":{"type":"LineString","coordinates":[[-83.2923,35.4841],[-83.29299,35.48461],[-83.29337,35.48503],[-83.29355,35.48547],[-83.29393,35.48585],[-83.29403,35.48623],[-83.29432,35.4866],[-83.29484,35.48684]]},"properties":{"net":"NC3046","o":1}},{"type":"Feature","geometry":{"type":"LineString","coordinates":[[-83.29145,35.48616],[-83.29182,35.48642],[-83.29264,35.4867]]},"properties":{"net":"NC3046","o":1}},{"type":"Feature","geometry":{"type":"LineString","coordinates":[[-83.27382,35.49251],[-83.27364,35.49159],[-83.27349,35.49135],[-83.27354,35.49103],[-83.2739,35.4904],[-83.2734,35.48976],[-83.27325,35.4889],[-83.27293,35.48836],[-83.27299,35.48733],[-83.27287,35.48678],[-83.27313,35.48651],[-83.27314,35.48603],[-83.27287,35.48564],[-83.27273,35.48506],[-83.27302,35.48478]]},"properties":{"net":"NC3046","o":2}},{"type":"Feature","geometry":{"type":"LineString","coordinates":[[-83.25443,35.48494],[-83.25476,35.4849],[-83.2558,35.4845],[-83.25751,35.48471],[-83.25773,35.48451],[-83.25802,35.48444]]},"properties":{"net":"NC3046","o":3}},{"type":"Feature","geometry":{"type":"LineString","coordinates":[[-83.27403,35.50342],[-83.27435,35.50317],[-83.27455,35.50281],[-83.27565,35.50205]]},"properties":{"net":"NC3046","o":1}},{"type":"Feature","geometry":{"type":"LineString","coordinates":[[-83.27394,35.50968],[-83.27392,35.50972]]},"properties":{"net":"NC3046","o":2}},{"type":"Feature","geometry":{"type":"LineString","coordinates":[[-83.27361,35.51075],[-83.27357,35.51096],[-83.27381,35.51122]]},"properties":{"net":"NC3046","o":3}},{"type":"Feature","geometry":{"type":"LineString","coordinates":[[-83.27134,35.50728],[-83.27157,35.50746],[-83.27187,35.50853],[-83.27223,35.50894],[-83.27247,35.50954],[-83.27243,35.50977],[-83.27224,35.50995]]},"properties":{"net":"NC3046","o":1}},{"type":"Feature","geometry":{"type":"LineString","coordinates":[[-83.26952,35.51692],[-83.26994,35.51657]]},"properties":{"net":"NC3046","o":2}},{"type":"Feature","geometry":{"type":"LineString","coordinates":[[-83.26782,35.51546],[-83.26873,35.51584],[-83.26917,35.51625],[-83.27006,35.51642]]},"properties":{"net":"NC3046","o":2}},{"type":"Feature","geometry":{"type":"LineString","coordinates":[[-83.26546,35.50745],[-83.26607,35.50789],[-83.26651,35.508],[-83.26702,35.5083],[-83.26773,35.50855]]},"properties":{"net":"NC3046","o":1}},{"type":"Feature","geometry":{"type":"LineString","coordinates":[[-83.27589,35.51963],[-83.27647,35.51991],[-83.27717,35.51985]]},"properties":{"net":"NC3046","o":2}},{"type":"Feature","geometry":{"type":"LineString","coordinates":[[-83.27546,35.53869],[-83.27519,35.53784],[-83.27553,35.53739],[-83.27563,35.53708]]},"properties":{"net":"NC3046","o":1}},{"type":"Feature","geometry":{"type":"LineString","coordinates":[[-83.27372,35.5258],[-83.27448,35.52596],[-83.27611,35.52604],[-83.27658,35.52615]]},"properties":{"net":"NC3046","o":2}},{"type":"Feature","geometry":{"type":"LineString","coordinates":[[-83.27273,35.53682],[-83.2727,35.53675]]},"properties":{"net":"NC3046","o":2}},{"type":"Feature","geometry":{"type":"LineString","coordinates":[[-83.24844,35.25298],[-83.24889,35.25363],[-83.24912,35.25382],[-83.25141,35.25437],[-83.25205,35.25463]]},"properties":{"net":"sm2653","o":1}},{"type":"Feature","geometry":{"type":"LineString","coordinates":[[-83.23401,35.33894],[-83.23353,35.3394],[-83.23338,35.3399],[-83.23345,35.34026],[-83.234,35.34133],[-83.23421,35.34159],[-83.23465,35.34178],[-83.23543,35.34179],[-83.23632,35.34216],[-83.23633,35.34247],[-83.23607,35.34299],[-83.23581,35.34323],[-83.23581,35.34359],[-83.23556,35.34394],[-83.23581,35.34416],[-83.23681,35.34442],[-83.23763,35.34489],[-83.23776,35.34551],[-83.2376,35.3465],[-83.23787,35.34735]]},"properties":{"net":"NC6252","o":5}},{"type":"Feature","geometry":{"type":"LineString","coordinates":[[-83.16967,35.5469],[-83.17008,35.54663],[-83.17036,35.54545],[-83.17041,35.54479],[-83.17074,35.54446],[-83.17127,35.54436],[-83.17139,35.54403],[-83.17186,35.54345],[-83.17195,35.54268],[-83.17213,35.54242],[-83.17281,35.54206],[-83.17305,35.5421],[-83.17331,35.54231],[-83.17358,35.54231],[-83.17378,35.54211],[-83.17409,35.54145],[-83.17453,35.54136],[-83.17546,35.54095],[-83.17615,35.54097],[-83.17705,35.54074],[-83.17724,35.54036],[-83.17759,35.54012],[-83.17812,35.5395],[-83.17911,35.53937],[-83.17959,35.53883],[-83.18016,35.53885],[-83.18038,35.53877],[-83.1808,35.53812],[-83.18134,35.53801],[-83.18159,35.53759],[-83.18192,35.53737],[-83.18185,35.5369],[-83.18196,35.53672],[-83.1825,35.53653]]},"properties":{"net":"NC3046","o":3}},{"type":"Feature","geometry":{"type":"LineString","coordinates":[[-83.17648,35.56722],[-83.17717,35.56678],[-83.17731,35.56658],[-83.17742,35.56573],[-83.17785,35.56494],[-83.17792,35.5645],[-83.17829,35.5643],[-83.17877,35.56349],[-83.1787,35.56253],[-83.17899,35.56206],[-83.17937,35.5617]]},"properties":{"net":"NC3046","o":1}},{"type":"Feature","geometry":{"type":"LineString","coordinates":[[-83.27152,35.39004],[-83.272,35.38925],[-83.27261,35.38855],[-83.27282,35.38759],[-83.27244,35.3872]]},"properties":{"net":"out","o":4}},{"type":"Feature","geometry":{"type":"LineString","coordinates":[[-83.26746,35.45017],[-83.26748,35.45065],[-83.26733,35.45103],[-83.26721,35.45197],[-83.2673,35.45256],[-83.26721,35.45364],[-83.26765,35.4539],[-83.26847,35.45414],[-83.26974,35.45536]]},"properties":{"net":"NC3046","o":1}},{"type":"Feature","geometry":{"type":"LineString","coordinates":[[-83.26199,35.45172],[-83.26259,35.45244],[-83.26331,35.45393],[-83.26442,35.45434],[-83.26485,35.45509],[-83.26514,35.4553],[-83.26541,35.45539],[-83.26673,35.45541],[-83.26848,35.45511],[-83.26922,35.45536],[-83.26974,35.45536]]},"properties":{"net":"NC3046","o":1}},{"type":"Feature","geometry":{"type":"LineString","coordinates":[[-83.26147,35.43872],[-83.26334,35.43937],[-83.2635,35.43968],[-83.26426,35.44038],[-83.26576,35.44136],[-83.26649,35.44225]]},"properties":{"net":"NC3046","o":1}},{"type":"Feature","geometry":{"type":"LineString","coordinates":[[-83.2352,35.49689],[-83.23533,35.49653]]},"properties":{"net":"NC3046","o":2}},{"type":"Feature","geometry":{"type":"LineString","coordinates":[[-83.21567,35.51444],[-83.21612,35.51389],[-83.2165,35.51363],[-83.21863,35.51261],[-83.2215,35.51152],[-83.22199,35.51118]]},"properties":{"net":"sm3078","o":1}},{"type":"Feature","geometry":{"type":"LineString","coordinates":[[-83.22199,35.51118],[-83.22299,35.51075],[-83.22542,35.51035],[-83.22698,35.50983],[-83.22788,35.50939],[-83.22974,35.50938]]},"properties":{"net":"NC3046","o":1}},{"type":"Feature","geometry":{"type":"LineString","coordinates":[[-83.23329,35.5365],[-83.23274,35.53699]]},"properties":{"net":"NC3046","o":2}},{"type":"Feature","geometry":{"type":"LineString","coordinates":[[-83.23261,35.53716],[-83.23218,35.53762],[-83.23199,35.53807]]},"properties":{"net":"NC3046","o":2}},{"type":"Feature","geometry":{"type":"LineString","coordinates":[[-83.23369,35.53832],[-83.23199,35.53807]]},"properties":{"net":"NC3046","o":1}},{"type":"Feature","geometry":{"type":"LineString","coordinates":[[-83.23468,35.52567],[-83.23425,35.52596],[-83.23387,35.52609],[-83.23366,35.52642],[-83.23271,35.52699],[-83.23141,35.52723]]},"properties":{"net":"NC3046","o":1}},{"type":"Feature","geometry":{"type":"LineString","coordinates":[[-83.23017,35.53442],[-83.22938,35.53643],[-83.22933,35.53675]]},"properties":{"net":"NC3046","o":2}},{"type":"Feature","geometry":{"type":"LineString","coordinates":[[-83.22752,35.53463],[-83.22823,35.536],[-83.22933,35.53675]]},"properties":{"net":"NC3046","o":1}},{"type":"Feature","geometry":{"type":"LineString","coordinates":[[-83.16964,35.4846],[-83.17086,35.48449],[-83.17151,35.48432],[-83.17326,35.48352],[-83.17476,35.48303],[-83.17587,35.48244],[-83.17908,35.48217],[-83.18156,35.48164],[-83.18289,35.48094],[-83.18374,35.48035],[-83.18427,35.47989],[-83.18473,35.479],[-83.18643,35.47765]]},"properties":{"net":"NC3046","o":1}},{"type":"Feature","geometry":{"type":"LineString","coordinates":[[-83.18651,35.51767],[-83.18612,35.51817]]},"properties":{"net":"NC3046","o":2}},{"type":"Feature","geometry":{"type":"LineString","coordinates":[[-83.19375,35.52673],[-83.19294,35.52737],[-83.19198,35.52768],[-83.19184,35.52781],[-83.19183,35.52798]]},"properties":{"net":"NC3046","o":1}},{"type":"Feature","geometry":{"type":"LineString","coordinates":[[-83.18999,35.52671],[-83.19032,35.5269]]},"properties":{"net":"NC3046","o":3}},{"type":"Feature","geometry":{"type":"LineString","coordinates":[[-83.18971,35.52579],[-83.18984,35.52652],[-83.18999,35.52671]]},"properties":{"net":"NC3046","o":3}},{"type":"Feature","geometry":{"type":"LineString","coordinates":[[-83.18795,35.52224],[-83.18793,35.52294]]},"properties":{"net":"NC3046","o":1}},{"type":"Feature","geometry":{"type":"LineString","coordinates":[[-83.18707,35.52412],[-83.18831,35.52318]]},"properties":{"net":"NC3046","o":1}},{"type":"Feature","geometry":{"type":"LineString","coordinates":[[-83.18382,35.58235],[-83.18456,35.58186],[-83.18578,35.58157],[-83.1865,35.5807],[-83.18735,35.58021],[-83.18767,35.57992],[-83.18837,35.57986],[-83.18883,35.57972],[-83.18967,35.57923],[-83.19176,35.57833],[-83.19241,35.57834],[-83.19402,35.57909],[-83.19486,35.57916],[-83.19533,35.5789],[-83.19571,35.57846],[-83.19675,35.57802],[-83.19823,35.57807],[-83.19915,35.57776],[-83.20093,35.57808],[-83.20121,35.57803],[-83.20164,35.57765],[-83.2026,35.57708],[-83.20296,35.57705],[-83.2042,35.57652],[-83.20444,35.57577],[-83.20479,35.57545],[-83.20489,35.57461],[-83.20505,35.57453],[-83.20511,35.5739],[-83.20552,35.57315],[-83.20557,35.57269],[-83.20629,35.57216],[-83.20651,35.57167]]},"properties":{"net":"sm3086","o":1}},{"type":"Feature","geometry":{"type":"LineString","coordinates":[[-83.42911,35.41687],[-83.42925,35.41715],[-83.42909,35.41745],[-83.42919,35.41779],[-83.42896,35.41822],[-83.42872,35.41838]]},"properties":{"net":"NC6241","o":5}},{"type":"Feature","geometry":{"type":"LineString","coordinates":[[-83.42842,35.41851],[-83.42795,35.41874],[-83.42779,35.41921],[-83.42757,35.41939]]},"properties":{"net":"NC6241","o":5}},{"type":"Feature","geometry":{"type":"LineString","coordinates":[[-83.44034,35.44407],[-83.44025,35.44354],[-83.43971,35.44295],[-83.43962,35.44271]]},"properties":{"net":"out","o":4}},{"type":"Feature","geometry":{"type":"LineString","coordinates":[[-83.43984,35.44813],[-83.43914,35.44762]]},"properties":{"net":"out","o":4}},{"type":"Feature","geometry":{"type":"LineString","coordinates":[[-83.43866,35.45657],[-83.43954,35.45446],[-83.43988,35.45235]]},"properties":{"net":"out","o":4}},{"type":"Feature","geometry":{"type":"LineString","coordinates":[[-83.20862,35.61868],[-83.20861,35.61847],[-83.20883,35.61801],[-83.2088,35.61785]]},"properties":{"net":"NC31823","o":4}},{"type":"Feature","geometry":{"type":"LineString","coordinates":[[-83.17146,35.45527],[-83.17178,35.45601],[-83.17268,35.45713],[-83.17309,35.45818],[-83.17348,35.46013],[-83.17356,35.46141],[-83.17381,35.46308],[-83.17446,35.46457],[-83.17533,35.46536],[-83.17588,35.46616],[-83.17685,35.46716],[-83.17724,35.46731],[-83.17848,35.46727],[-83.17994,35.46772]]},"properties":{"net":"NC3046","o":2}},{"type":"Feature","geometry":{"type":"LineString","coordinates":[[-83.18131,35.47552],[-83.18208,35.47602],[-83.18279,35.47683],[-83.18377,35.47753],[-83.18435,35.47771],[-83.18578,35.47748],[-83.18643,35.47765]]},"properties":{"net":"NC3046","o":3}},{"type":"Feature","geometry":{"type":"LineString","coordinates":[[-83.17956,35.47395],[-83.18038,35.47431],[-83.18072,35.4747],[-83.18099,35.47526],[-83.18131,35.47552]]},"properties":{"net":"NC3046","o":3}},{"type":"Feature","geometry":{"type":"LineString","coordinates":[[-83.43104,35.43338],[-83.43161,35.43338]]},"properties":{"net":"out","o":7}},{"type":"Feature","geometry":{"type":"LineString","coordinates":[[-83.42602,35.42124],[-83.42592,35.42155],[-83.42599,35.42203],[-83.42514,35.42289],[-83.42463,35.42279],[-83.42435,35.42283],[-83.4241,35.42295],[-83.42372,35.42344],[-83.42346,35.42351],[-83.4227,35.42316]]},"properties":{"net":"NC6241","o":5}},{"type":"Feature","geometry":{"type":"LineString","coordinates":[[-83.44097,35.43837],[-83.4407,35.43802],[-83.44019,35.43679]]},"properties":{"net":"out","o":4}},{"type":"Feature","geometry":{"type":"LineString","coordinates":[[-83.43185,35.40579],[-83.43187,35.40631],[-83.4322,35.40744],[-83.43206,35.40772],[-83.43208,35.408],[-83.43258,35.40915]]},"properties":{"net":"NC6241","o":4}},{"type":"Feature","geometry":{"type":"LineString","coordinates":[[-83.43193,35.41055],[-83.43156,35.41071],[-83.43117,35.41074]]},"properties":{"net":"NC6241","o":4}},{"type":"Feature","geometry":{"type":"LineString","coordinates":[[-83.38602,35.46891],[-83.38614,35.46861],[-83.38677,35.46841],[-83.38746,35.46793]]},"properties":{"net":"out","o":4}},{"type":"Feature","geometry":{"type":"LineString","coordinates":[[-83.39504,35.59698],[-83.39484,35.59699],[-83.39455,35.59678],[-83.39414,35.59664],[-83.39372,35.59625],[-83.39312,35.59622],[-83.39255,35.5959],[-83.39184,35.59576],[-83.39162,35.59537],[-83.39101,35.59532],[-83.39064,35.59541],[-83.39035,35.59562],[-83.38991,35.59559]]},"properties":{"net":"NC3046","o":3}},{"type":"Feature","geometry":{"type":"LineString","coordinates":[[-83.38149,35.61695],[-83.38158,35.61646],[-83.38151,35.61615],[-83.38116,35.61513],[-83.38092,35.61481],[-83.3806,35.61407],[-83.37997,35.61361],[-83.37947,35.61355],[-83.37868,35.61321]]},"properties":{"net":"NC3046","o":2}},{"type":"Feature","geometry":{"type":"LineString","coordinates":[[-83.367,35.6152],[-83.36702,35.61484]]},"properties":{"net":"NC3046","o":3}},{"type":"Feature","geometry":{"type":"LineString","coordinates":[[-83.3615,35.62559],[-83.3617,35.62509],[-83.36172,35.6243],[-83.36212,35.62365],[-83.36216,35.62284],[-83.36225,35.62259],[-83.36216,35.6222],[-83.36261,35.62173],[-83.36292,35.62083],[-83.36329,35.6203],[-83.36411,35.61994],[-83.36456,35.61953],[-83.36583,35.61869],[-83.36603,35.61866],[-83.36677,35.61821],[-83.36723,35.61773]]},"properties":{"net":"NC3046","o":2}},{"type":"Feature","geometry":{"type":"LineString","coordinates":[[-83.3497,35.57191],[-83.34899,35.57099]]},"properties":{"net":"NC3046","o":1}},{"type":"Feature","geometry":{"type":"LineString","coordinates":[[-83.35407,35.5613],[-83.35301,35.56207],[-83.35265,35.56251],[-83.3513,35.56271],[-83.35085,35.56307],[-83.3499,35.56331],[-83.34964,35.5635],[-83.34932,35.56402],[-83.3486,35.56422],[-83.34801,35.56473]]},"properties":{"net":"NC3046","o":3}},{"type":"Feature","geometry":{"type":"LineString","coordinates":[[-83.34801,35.56473],[-83.34615,35.56596],[-83.34563,35.56603],[-83.34504,35.56575],[-83.34446,35.56486]]},"properties":{"net":"NC3046","o":3}},{"type":"Feature","geometry":{"type":"LineString","coordinates":[[-83.34537,35.57795],[-83.34511,35.57771],[-83.34406,35.57719]]},"properties":{"net":"NC3046","o":4}},{"type":"Feature","geometry":{"type":"LineString","coordinates":[[-83.36111,35.58229],[-83.36073,35.58337],[-83.36079,35.58474],[-83.3606,35.58508],[-83.3603,35.58533],[-83.36026,35.58567],[-83.35995,35.58598],[-83.35935,35.58633]]},"properties":{"net":"NC3046","o":1}},{"type":"Feature","geometry":{"type":"LineString","coordinates":[[-83.35706,35.58566],[-83.3558,35.58525]]},"properties":{"net":"NC3046","o":4}},{"type":"Feature","geometry":{"type":"LineString","coordinates":[[-83.3558,35.58525],[-83.35404,35.58477],[-83.35368,35.58452],[-83.35326,35.58405],[-83.35238,35.58368],[-83.35204,35.58324]]},"properties":{"net":"NC3046","o":4}},{"type":"Feature","geometry":{"type":"LineString","coordinates":[[-83.34279,35.59366],[-83.34314,35.59352],[-83.34348,35.59319],[-83.34359,35.59186],[-83.34313,35.59105],[-83.34324,35.59055],[-83.34358,35.59],[-83.34366,35.58893],[-83.34397,35.58778],[-83.34369,35.58707],[-83.34337,35.5868],[-83.34305,35.58633],[-83.34291,35.58592],[-83.34243,35.58535],[-83.34235,35.58456],[-83.34198,35.58376],[-83.34142,35.58319],[-83.34147,35.58289]]},"properties":{"net":"NC3046","o":1}},{"type":"Feature","geometry":{"type":"LineString","coordinates":[[-83.38506,35.44646],[-83.38571,35.44698],[-83.38733,35.44886]]},"properties":{"net":"out","o":7}},{"type":"Feature","geometry":{"type":"LineString","coordinates":[[-83.37239,35.45591],[-83.37191,35.45595],[-83.37164,35.45574],[-83.37151,35.45544],[-83.37133,35.45542]]},"properties":{"net":"NC3046","o":2}},{"type":"Feature","geometry":{"type":"LineString","coordinates":[[-83.36898,35.45779],[-83.3693,35.45664],[-83.36937,35.45573],[-83.36947,35.45548]]},"properties":{"net":"NC3046","o":6}},{"type":"Feature","geometry":{"type":"LineString","coordinates":[[-83.36679,35.45128],[-83.36666,35.45102]]},"properties":{"net":"NC3046","o":1}},{"type":"Feature","geometry":{"type":"LineString","coordinates":[[-83.37211,35.4776],[-83.37187,35.47751],[-83.37144,35.47709],[-83.37084,35.477]]},"properties":{"net":"sm3080","o":1}},{"type":"Feature","geometry":{"type":"LineString","coordinates":[[-83.3723,35.46459],[-83.37087,35.46504],[-83.37022,35.46499],[-83.36939,35.46533]]},"properties":{"net":"sm3080","o":3}},{"type":"Feature","geometry":{"type":"LineString","coordinates":[[-83.37265,35.46904],[-83.37228,35.4686],[-83.37179,35.46822],[-83.3709,35.46672],[-83.3703,35.46609],[-83.37008,35.46569],[-83.36939,35.46533]]},"properties":{"net":"sm3080","o":2}},{"type":"Feature","geometry":{"type":"LineString","coordinates":[[-83.36936,35.4636],[-83.36908,35.46463],[-83.36855,35.46525]]},"properties":{"net":"sm3080","o":1}},{"type":"Feature","geometry":{"type":"LineString","coordinates":[[-83.36805,35.47317],[-83.36777,35.47259],[-83.36749,35.47243],[-83.36749,35.47225],[-83.36732,35.47203],[-83.36728,35.47123],[-83.3671,35.47109]]},"properties":{"net":"sm3080","o":4}},{"type":"Feature","geometry":{"type":"LineString","coordinates":[[-83.36895,35.48213],[-83.36897,35.48166],[-83.36918,35.48141],[-83.36943,35.48129],[-83.36963,35.48092],[-83.3698,35.48086]]},"properties":{"net":"sm3080","o":1}},{"type":"Feature","geometry":{"type":"LineString","coordinates":[[-83.36456,35.49068],[-83.36465,35.49024],[-83.3645,35.48945]]},"properties":{"net":"NC3046","o":1}},{"type":"Feature","geometry":{"type":"LineString","coordinates":[[-83.3645,35.48945],[-83.36393,35.48892],[-83.36304,35.48837],[-83.36249,35.48786]]},"properties":{"net":"NC3046","o":2}},{"type":"Feature","geometry":{"type":"LineString","coordinates":[[-83.3626,35.49227],[-83.3618,35.49186]]},"properties":{"net":"NC3046","o":2}},{"type":"Feature","geometry":{"type":"LineString","coordinates":[[-83.37627,35.57945],[-83.37577,35.57873],[-83.37433,35.57806],[-83.37303,35.57657],[-83.37196,35.57577],[-83.37171,35.57572],[-83.37127,35.57595],[-83.37082,35.57648]]},"properties":{"net":"sm642639","o":1}},{"type":"Feature","geometry":{"type":"LineString","coordinates":[[-83.37273,35.59987],[-83.36993,35.60128],[-83.36783,35.60169],[-83.36741,35.60167],[-83.36715,35.60135]]},"properties":{"net":"NC3046","o":1}},{"type":"Feature","geometry":{"type":"LineString","coordinates":[[-83.36835,35.58353],[-83.36759,35.58346],[-83.36678,35.58355]]},"properties":{"net":"sm642639","o":2}},{"type":"Feature","geometry":{"type":"LineString","coordinates":[[-83.3695,35.59759],[-83.36909,35.59758],[-83.36775,35.5973],[-83.36711,35.59679],[-83.36603,35.59641],[-83.36468,35.59628]]},"properties":{"net":"NC3046","o":1}},{"type":"Feature","geometry":{"type":"LineString","coordinates":[[-83.35152,35.47492],[-83.35113,35.4743],[-83.35095,35.47363],[-83.35108,35.47342],[-83.35044,35.4725],[-83.35045,35.47224],[-83.35076,35.47188],[-83.35073,35.47161],[-83.35036,35.47102],[-83.35001,35.47076],[-83.3496,35.47016],[-83.34903,35.46982]]},"properties":{"net":"NC3046","o":1}},{"type":"Feature","geometry":{"type":"LineString","coordinates":[[-83.34752,35.4612],[-83.34884,35.46042],[-83.34914,35.45972]]},"properties":{"net":"NC3046","o":2}},{"type":"Feature","geometry":{"type":"LineString","coordinates":[[-83.34751,35.4667],[-83.34742,35.46701],[-83.34766,35.46763],[-83.34758,35.46799],[-83.34766,35.46832]]},"properties":{"net":"NC3046","o":1}},{"type":"Feature","geometry":{"type":"LineString","coordinates":[[-83.37155,35.63322],[-83.37145,35.63282],[-83.37083,35.63212],[-83.37063,35.63113],[-83.37112,35.63024],[-83.37114,35.62994],[-83.37098,35.62948],[-83.37158,35.62899],[-83.37198,35.62842],[-83.37176,35.62767],[-83.37191,35.62747],[-83.3719,35.62727],[-83.37174,35.62712],[-83.37178,35.6266],[-83.37161,35.62598],[-83.37155,35.62511],[-83.37147,35.62506],[-83.37133,35.62443]]},"properties":{"net":"NC3046","o":2}},{"type":"Feature","geometry":{"type":"LineString","coordinates":[[-83.34059,35.47575],[-83.34059,35.47484],[-83.34094,35.47432],[-83.34101,35.47379]]},"properties":{"net":"NC3046","o":1}},{"type":"Feature","geometry":{"type":"LineString","coordinates":[[-83.36162,35.49215],[-83.3618,35.49186]]},"properties":{"net":"NC3046","o":2}},{"type":"Feature","geometry":{"type":"LineString","coordinates":[[-83.35894,35.48517],[-83.35876,35.48503],[-83.3585,35.485],[-83.35832,35.48475],[-83.35825,35.48445]]},"properties":{"net":"NC3046","o":3}},{"type":"Feature","geometry":{"type":"LineString","coordinates":[[-83.35818,35.48649],[-83.35803,35.48604],[-83.35741,35.48561]]},"properties":{"net":"NC3046","o":3}},{"type":"Feature","geometry":{"type":"LineString","coordinates":[[-83.35906,35.48273],[-83.35832,35.48258],[-83.35817,35.48229],[-83.35766,35.48194],[-83.35688,35.4818],[-83.35634,35.4813],[-83.35605,35.48122],[-83.35593,35.48106]]},"properties":{"net":"NC3046","o":1}},{"type":"Feature","geometry":{"type":"LineString","coordinates":[[-83.35566,35.49049],[-83.35553,35.49013],[-83.35566,35.48968],[-83.35553,35.48922],[-83.35557,35.48897],[-83.35515,35.48867],[-83.35472,35.48752],[-83.35477,35.48711],[-83.35491,35.48689],[-83.35468,35.48633],[-83.35508,35.48562],[-83.35483,35.48534],[-83.3548,35.48491],[-83.35437,35.48431]]},"properties":{"net":"NC3046","o":2}},{"type":"Feature","geometry":{"type":"LineString","coordinates":[[-83.35464,35.49664],[-83.35333,35.49658],[-83.35167,35.49595],[-83.35133,35.49562],[-83.35109,35.49558]]},"properties":{"net":"NC3046","o":1}},{"type":"Feature","geometry":{"type":"LineString","coordinates":[[-83.34693,35.49172],[-83.34734,35.49166],[-83.3477,35.49144],[-83.34842,35.49079],[-83.34864,35.49045],[-83.3492,35.49023]]},"properties":{"net":"NC3046","o":3}},{"type":"Feature","geometry":{"type":"LineString","coordinates":[[-83.34361,35.48073],[-83.34332,35.47926],[-83.34249,35.4787]]},"properties":{"net":"NC3046","o":1}},{"type":"Feature","geometry":{"type":"LineString","coordinates":[[-83.34801,35.50433],[-83.34769,35.50386],[-83.3476,35.5032],[-83.34735,35.50279]]},"properties":{"net":"NC3046","o":2}},{"type":"Feature","geometry":{"type":"LineString","coordinates":[[-83.34722,35.50542],[-83.34788,35.50504]]},"properties":{"net":"NC3046","o":1}},{"type":"Feature","geometry":{"type":"LineString","coordinates":[[-83.34244,35.55079],[-83.34244,35.55098],[-83.34195,35.5519],[-83.34197,35.55256],[-83.34181,35.55294]]},"properties":{"net":"NC3046","o":1}},{"type":"Feature","geometry":{"type":"LineString","coordinates":[[-83.34279,35.5551],[-83.34268,35.5554],[-83.34286,35.55608],[-83.34283,35.55634],[-83.3415,35.558]]},"properties":{"net":"NC3046","o":3}},{"type":"Feature","geometry":{"type":"LineString","coordinates":[[-83.34092,35.55093],[-83.34105,35.55244],[-83.34124,35.55261],[-83.3417,35.55278],[-83.34181,35.55294]]},"properties":{"net":"NC3046","o":1}},{"type":"Feature","geometry":{"type":"LineString","coordinates":[[-83.3166,35.40388],[-83.31915,35.40329],[-83.32015,35.4033],[-83.32083,35.40373]]},"properties":{"net":"out","o":6}},{"type":"Feature","geometry":{"type":"LineString","coordinates":[[-83.33841,35.47231],[-83.33859,35.47252],[-83.33925,35.47283],[-83.34027,35.47296]]},"properties":{"net":"NC3046","o":2}},{"type":"Feature","geometry":{"type":"LineString","coordinates":[[-83.36405,35.45242],[-83.3644,35.45249]]},"properties":{"net":"NC3046","o":1}},{"type":"Feature","geometry":{"type":"LineString","coordinates":[[-83.3636,35.45226],[-83.36405,35.45242]]},"properties":{"net":"NC3046","o":1}},{"type":"Feature","geometry":{"type":"LineString","coordinates":[[-83.36207,35.45001],[-83.36242,35.45009],[-83.36291,35.45006],[-83.36332,35.45033]]},"properties":{"net":"NC3046","o":1}},{"type":"Feature","geometry":{"type":"LineString","coordinates":[[-83.38275,35.47068],[-83.38239,35.47039],[-83.38213,35.46984],[-83.38157,35.46915],[-83.38107,35.46903]]},"properties":{"net":"sm3080","o":1}},{"type":"Feature","geometry":{"type":"LineString","coordinates":[[-83.37931,35.47068],[-83.38053,35.47015]]},"properties":{"net":"sm3080","o":2}},{"type":"Feature","geometry":{"type":"LineString","coordinates":[[-83.37731,35.47522],[-83.37745,35.47476],[-83.37739,35.4745],[-83.37661,35.47378],[-83.37605,35.47356],[-83.37562,35.47316],[-83.37552,35.47287],[-83.37518,35.47261],[-83.37509,35.47242]]},"properties":{"net":"sm3080","o":1}},{"type":"Feature","geometry":{"type":"LineString","coordinates":[[-83.37344,35.46389],[-83.37301,35.46401],[-83.3723,35.46459]]},"properties":{"net":"sm3080","o":2}},{"type":"Feature","geometry":{"type":"LineString","coordinates":[[-83.36552,35.45984],[-83.36553,35.45904]]},"properties":{"net":"NC3046","o":2}},{"type":"Feature","geometry":{"type":"LineString","coordinates":[[-83.36456,35.45941],[-83.36493,35.45916],[-83.36553,35.45904]]},"properties":{"net":"NC3046","o":1}},{"type":"Feature","geometry":{"type":"LineString","coordinates":[[-83.36397,35.47594],[-83.3644,35.47596],[-83.36527,35.47559],[-83.36594,35.47554]]},"properties":{"net":"sm3080","o":1}},{"type":"Feature","geometry":{"type":"LineString","coordinates":[[-83.36162,35.4667],[-83.36232,35.46618],[-83.36273,35.46618],[-83.36284,35.46608]]},"properties":{"net":"sm3080","o":2}},{"type":"Feature","geometry":{"type":"LineString","coordinates":[[-83.36248,35.4949],[-83.36247,35.49426],[-83.36181,35.49333],[-83.36193,35.4929],[-83.36162,35.49243],[-83.36162,35.49215]]},"properties":{"net":"NC3046","o":1}},{"type":"Feature","geometry":{"type":"LineString","coordinates":[[-83.36379,35.48398],[-83.3632,35.48433],[-83.3626,35.48453],[-83.36158,35.48452],[-83.3611,35.48479],[-83.36093,35.48505],[-83.36039,35.48518],[-83.36017,35.48533],[-83.35894,35.48517]]},"properties":{"net":"NC3046","o":1}},{"type":"Feature","geometry":{"type":"LineString","coordinates":[[-83.34583,35.45118],[-83.34647,35.45069],[-83.34697,35.45049],[-83.3486,35.45061],[-83.34957,35.45084]]},"properties":{"net":"NC3046","o":1}},{"type":"Feature","geometry":{"type":"LineString","coordinates":[[-83.34438,35.45667],[-83.34491,35.45599],[-83.34504,35.45563],[-83.34566,35.45518],[-83.34641,35.45495]]},"properties":{"net":"NC3046","o":1}},{"type":"Feature","geometry":{"type":"LineString","coordinates":[[-83.36157,35.45729],[-83.36195,35.45708]]},"properties":{"net":"NC3046","o":6}},{"type":"Feature","geometry":{"type":"LineString","coordinates":[[-83.36136,35.45831],[-83.36154,35.45812],[-83.3616,35.45785]]},"properties":{"net":"sm3080","o":4}},{"type":"Feature","geometry":{"type":"LineString","coordinates":[[-83.3616,35.45785],[-83.36162,35.45748]]},"properties":{"net":"NC3046","o":4}},{"type":"Feature","geometry":{"type":"LineString","coordinates":[[-83.35976,35.47174],[-83.35892,35.47179]]},"properties":{"net":"NC3046","o":1}},{"type":"Feature","geometry":{"type":"LineString","coordinates":[[-83.35863,35.47696],[-83.35908,35.47633],[-83.35936,35.47617],[-83.3598,35.4761]]},"properties":{"net":"NC3046","o":1}},{"type":"Feature","geometry":{"type":"LineString","coordinates":[[-83.3579,35.47074],[-83.35769,35.47051],[-83.35717,35.47023],[-83.35675,35.47016],[-83.35618,35.46975],[-83.3559,35.46966],[-83.35566,35.4694],[-83.35522,35.46931],[-83.35486,35.46906],[-83.35435,35.46824],[-83.35405,35.46797],[-83.35393,35.46759]]},"properties":{"net":"NC3046","o":2}},{"type":"Feature","geometry":{"type":"LineString","coordinates":[[-83.34717,35.48114],[-83.34818,35.48069],[-83.34927,35.48045],[-83.34955,35.48013],[-83.34965,35.47984],[-83.35034,35.47913],[-83.35067,35.47853],[-83.3517,35.47811],[-83.3525,35.47795],[-83.35317,35.47715],[-83.35399,35.47679]]},"properties":{"net":"NC3046","o":1}},{"type":"Feature","geometry":{"type":"LineString","coordinates":[[-83.34657,35.46272],[-83.34683,35.46234],[-83.34703,35.46177],[-83.34752,35.4612]]},"properties":{"net":"NC3046","o":1}},{"type":"Feature","geometry":{"type":"LineString","coordinates":[[-83.34631,35.47258],[-83.34673,35.47159],[-83.34711,35.47111]]},"properties":{"net":"NC3046","o":6}},{"type":"Feature","geometry":{"type":"LineString","coordinates":[[-83.34623,35.46413],[-83.34694,35.46361],[-83.34741,35.46284],[-83.34746,35.4624],[-83.34769,35.46204],[-83.34751,35.46157],[-83.34752,35.4612]]},"properties":{"net":"NC3046","o":1}},{"type":"Feature","geometry":{"type":"LineString","coordinates":[[-83.34414,35.46596],[-83.34367,35.46626],[-83.34247,35.46659],[-83.34174,35.4672]]},"properties":{"net":"NC3046","o":1}},{"type":"Feature","geometry":{"type":"LineString","coordinates":[[-83.34084,35.47108],[-83.34084,35.47148],[-83.34143,35.47194],[-83.34178,35.47286]]},"properties":{"net":"NC3046","o":1}},{"type":"Feature","geometry":{"type":"LineString","coordinates":[[-83.35091,35.49438],[-83.35107,35.49394],[-83.3513,35.49365],[-83.35119,35.49316],[-83.35085,35.4929],[-83.35067,35.49262],[-83.35015,35.49246]]},"properties":{"net":"NC3046","o":3}},{"type":"Feature","geometry":{"type":"LineString","coordinates":[[-83.34798,35.48619],[-83.3486,35.48647],[-83.34926,35.48657],[-83.34959,35.48681],[-83.35007,35.48677]]},"properties":{"net":"NC3046","o":1}},{"type":"Feature","geometry":{"type":"LineString","coordinates":[[-83.34714,35.49734],[-83.34833,35.4963],[-83.34845,35.49589],[-83.34863,35.4957],[-83.3496,35.49509],[-83.35009,35.49496]]},"properties":{"net":"NC3046","o":1}},{"type":"Feature","geometry":{"type":"LineString","coordinates":[[-83.37173,35.45477],[-83.37133,35.45542]]},"properties":{"net":"NC3046","o":1}},{"type":"Feature","geometry":{"type":"LineString","coordinates":[[-83.3583,35.44957],[-83.35858,35.45021],[-83.35919,35.45113],[-83.35984,35.45153]]},"properties":{"net":"NC3046","o":1}},{"type":"Feature","geometry":{"type":"LineString","coordinates":[[-83.35766,35.45452],[-83.358,35.45564],[-83.35733,35.45633]]},"properties":{"net":"NC3046","o":1}},{"type":"Feature","geometry":{"type":"LineString","coordinates":[[-83.35606,35.45262],[-83.35565,35.45306],[-83.35521,35.45319],[-83.35503,35.45368]]},"properties":{"net":"NC3046","o":1}},{"type":"Feature","geometry":{"type":"LineString","coordinates":[[-83.35188,35.46185],[-83.35228,35.4621]]},"properties":{"net":"NC3046","o":1}},{"type":"Feature","geometry":{"type":"LineString","coordinates":[[-83.35167,35.46265],[-83.35182,35.46274]]},"properties":{"net":"NC3046","o":1}},{"type":"Feature","geometry":{"type":"LineString","coordinates":[[-83.34936,35.4693],[-83.35164,35.46811]]},"properties":{"net":"NC3046","o":6}},{"type":"Feature","geometry":{"type":"LineString","coordinates":[[-83.04446,35.29026],[-83.04559,35.29011],[-83.04861,35.29009],[-83.0493,35.2902],[-83.05015,35.29051],[-83.05257,35.29027],[-83.05422,35.29046],[-83.05572,35.29024],[-83.0567,35.29022],[-83.05853,35.29094],[-83.05912,35.29096]]},"properties":{"net":"NC3252","o":1}},{"type":"Feature","geometry":{"type":"LineString","coordinates":[[-83.05737,35.31753],[-83.05806,35.31757],[-83.05842,35.31749],[-83.05944,35.3166],[-83.06022,35.3163],[-83.06078,35.31589]]},"properties":{"net":"NC3252","o":4}},{"type":"Feature","geometry":{"type":"LineString","coordinates":[[-83.06324,35.35636],[-83.06303,35.35566],[-83.06255,35.35478],[-83.06239,35.35357],[-83.06166,35.35135],[-83.06107,35.35018],[-83.0611,35.34926],[-83.06083,35.34815],[-83.06087,35.3473],[-83.06144,35.34656],[-83.06205,35.34555],[-83.0622,35.3451],[-83.06223,35.34453]]},"properties":{"net":"sm8027254","o":1}},{"type":"Feature","geometry":{"type":"LineString","coordinates":[[-83.06223,35.34453],[-83.0618,35.34319],[-83.06189,35.34239],[-83.06219,35.34129],[-83.06213,35.34065],[-83.06149,35.34001],[-83.06131,35.33941],[-83.06108,35.33905],[-83.05996,35.33783],[-83.05914,35.33759],[-83.05754,35.33665],[-83.05619,35.33608]]},"properties":{"net":"sm8027254","o":2}},{"type":"Feature","geometry":{"type":"LineString","coordinates":[[-83.07464,35.2593],[-83.07521,35.25909],[-83.0759,35.25841],[-83.07778,35.2579],[-83.07882,35.25744],[-83.07926,35.25713],[-83.07986,35.25699],[-83.08,35.25685]]},"properties":{"net":"NC3026","o":2}},{"type":"Feature","geometry":{"type":"LineString","coordinates":[[-83.06563,35.31238],[-83.06674,35.31283],[-83.0674,35.31325],[-83.06756,35.31352],[-83.06764,35.3141],[-83.06796,35.31442],[-83.06867,35.31461],[-83.06965,35.31445],[-83.06988,35.31414],[-83.07043,35.31224],[-83.07115,35.31122],[-83.07143,35.31066],[-83.07174,35.30899]]},"properties":{"net":"NC3252","o":4}},{"type":"Feature","geometry":{"type":"LineString","coordinates":[[-83.07118,35.34789],[-83.07111,35.34741],[-83.0714,35.34665],[-83.07147,35.34607],[-83.07132,35.34535],[-83.07139,35.34461],[-83.0712,35.34441],[-83.06909,35.3441],[-83.06856,35.34412],[-83.06747,35.34434],[-83.06587,35.34502],[-83.06483,35.345],[-83.06393,35.34533],[-83.0631,35.34523],[-83.06223,35.34453]]},"properties":{"net":"sm8027254","o":1}},{"type":"Feature","geometry":{"type":"LineString","coordinates":[[-83.07611,35.35719],[-83.07769,35.35711],[-83.07916,35.35665],[-83.08042,35.35675],[-83.08086,35.3567],[-83.0813,35.3565],[-83.08176,35.35605],[-83.08218,35.35582],[-83.0838,35.3556],[-83.08408,35.35539],[-83.08439,35.3549],[-83.08479,35.35476],[-83.08592,35.35468],[-83.0868,35.35505],[-83.08787,35.35536]]},"properties":{"net":"NC3252","o":1}},{"type":"Feature","geometry":{"type":"LineString","coordinates":[[-83.04521,35.16763],[-83.04417,35.16737],[-83.04314,35.1669],[-83.04286,35.16601],[-83.04238,35.1653],[-83.04239,35.16503],[-83.04277,35.16423],[-83.04271,35.16381],[-83.04237,35.16337],[-83.04174,35.16305],[-83.04123,35.16226]]},"properties":{"net":"NC3027","o":1}},{"type":"Feature","geometry":{"type":"LineString","coordinates":[[-82.97928,35.13527],[-82.97902,35.13651],[-82.97886,35.1368],[-82.97894,35.13725],[-82.97991,35.13771],[-82.98013,35.13793],[-82.9804,35.1385],[-82.98077,35.13887],[-82.98184,35.13931],[-82.98234,35.13968],[-82.98263,35.13998],[-82.98276,35.14069],[-82.98394,35.14078],[-82.9841,35.14086],[-82.98433,35.14129],[-82.98468,35.1414],[-82.9847,35.14161],[-82.98543,35.14164],[-82.98577,35.1419],[-82.98598,35.14188],[-82.98596,35.14155],[-82.98607,35.14153],[-82.98619,35.14164],[-82.98634,35.14159],[-82.9865,35.14188],[-82.98679,35.14206],[-82.98673,35.14235],[-82.98681,35.14251],[-82.98754,35.14273],[-82.98859,35.14278],[-82.98917,35.14304],[-82.98941,35.14305],[-82.99071,35.14271],[-82.99185,35.14301],[-82.99229,35.14335],[-82.9925,35.14299],[-82.99274,35.14292],[-82.99324,35.14318],[-82.9937,35.14311],[-82.9939,35.14328],[-82.99401,35.14355],[-82.99388,35.144],[-82.99504,35.14558],[-82.995,35.14584],[-82.99431,35.14638],[-82.99436,35.14661],[-82.99468,35.14685],[-82.995,35.1473],[-82.99527,35.14737],[-82.99547,35.14728],[-82.99587,35.14661],[-82.99614,35.14642],[-82.99636,35.14636],[-82.99658,35.14645],[-82.9964,35.14701],[-82.99664,35.14763],[-82.99674,35.14831],[-82.99734,35.14897],[-82.99788,35.14919],[-82.99808,35.14937],[-82.99802,35.14983],[-82.9982,35.15009],[-82.99821,35.15023],[-82.99797,35.15052],[-82.99798,35.15071],[-82.99902,35.15197],[-82.99954,35.1529]]},"properties":{"net":"NC3027","o":1}},{"type":"Feature","geometry":{"type":"LineString","coordinates":[[-82.99986,35.15291],[-83.00022,35.15279],[-83.00066,35.15244],[-83.00135,35.15236],[-83.00259,35.1518]]},"properties":{"net":"NC3027","o":2}},{"type":"Feature","geometry":{"type":"LineString","coordinates":[[-83.0037,35.17369],[-83.00293,35.17411]]},"properties":{"net":"NC3027","o":3}},{"type":"Feature","geometry":{"type":"LineString","coordinates":[[-83.0003,35.21363],[-83.00064,35.21368],[-83.002,35.2134]]},"properties":{"net":"NC3027","o":4}},{"type":"Feature","geometry":{"type":"LineString","coordinates":[[-82.99586,35.31187],[-82.99706,35.31258],[-82.99986,35.31379]]},"properties":{"net":"NC3252","o":2}},{"type":"Feature","geometry":{"type":"LineString","coordinates":[[-82.99415,35.35505],[-82.99519,35.35361],[-82.99689,35.3532],[-82.99718,35.35301],[-82.9975,35.35254],[-82.99786,35.35168],[-82.99938,35.34969],[-82.99986,35.3493]]},"properties":{"net":"NC3252","o":1}},{"type":"Feature","geometry":{"type":"LineString","coordinates":[[-82.93302,35.25864],[-82.93433,35.25828],[-82.93491,35.25786],[-82.93556,35.25708],[-82.93666,35.25676],[-82.937,35.25639],[-82.93737,35.25576],[-82.93753,35.25566],[-82.93893,35.25575],[-82.9404,35.25526],[-82.94079,35.25503]]},"properties":{"net":"NC3027","o":2}},{"type":"Feature","geometry":{"type":"LineString","coordinates":[[-82.92758,35.28306],[-82.92943,35.28277],[-82.93011,35.28239]]},"properties":{"net":"sm51353","o":1}},{"type":"Feature","geometry":{"type":"LineString","coordinates":[[-82.93011,35.28239],[-82.93093,35.28195],[-82.93171,35.28173],[-82.93277,35.28105],[-82.93288,35.28056],[-82.933,35.27857],[-82.93308,35.27799],[-82.93322,35.27767]]},"properties":{"net":"NC3027","o":1}},{"type":"Feature","geometry":{"type":"LineString","coordinates":[[-83.16575,35.46686],[-83.16653,35.46731],[-83.1671,35.46817],[-83.16751,35.46857],[-83.16996,35.46942]]},"properties":{"net":"NC3046","o":3}},{"type":"Feature","geometry":{"type":"LineString","coordinates":[[-83.14952,35.45949],[-83.15219,35.4598],[-83.15258,35.45978],[-83.15338,35.45951]]},"properties":{"net":"NC3046","o":2}},{"type":"Feature","geometry":{"type":"LineString","coordinates":[[-83.16683,35.50509],[-83.16708,35.50445],[-83.16857,35.50276],[-83.16997,35.50093],[-83.16997,35.5005]]},"properties":{"net":"sm3072","o":1}},{"type":"Feature","geometry":{"type":"LineString","coordinates":[[-83.16856,35.56324],[-83.16831,35.56293],[-83.16827,35.56273],[-83.16849,35.56228],[-83.16832,35.56176],[-83.16847,35.5613],[-83.1683,35.561],[-83.1688,35.56043],[-83.16905,35.55939],[-83.16959,35.55912],[-83.16943,35.55839],[-83.16953,35.55734],[-83.16939,35.55714],[-83.16903,35.55698],[-83.16878,35.55674],[-83.16866,35.55626],[-83.16841,35.5558],[-83.1684,35.55544],[-83.16759,35.55485]]},"properties":{"net":"NC3046","o":2}},{"type":"Feature","geometry":{"type":"LineString","coordinates":[[-83.15833,35.47685],[-83.15947,35.47711],[-83.16011,35.47678],[-83.16182,35.47619],[-83.16372,35.47454],[-83.16458,35.4734],[-83.16496,35.4727],[-83.16497,35.47184]]},"properties":{"net":"NC3046","o":2}},{"type":"Feature","geometry":{"type":"LineString","coordinates":[[-83.15161,35.45769],[-83.1519,35.45805],[-83.15292,35.45889],[-83.15338,35.45951]]},"properties":{"net":"NC3046","o":2}},{"type":"Feature","geometry":{"type":"LineString","coordinates":[[-83.54117,35.52306],[-83.54175,35.52268],[-83.54193,35.52182],[-83.5425,35.52145],[-83.54287,35.52104]]},"properties":{"net":"NC6577","o":4}},{"type":"Feature","geometry":{"type":"LineString","coordinates":[[-83.54287,35.52104],[-83.54387,35.51985],[-83.54386,35.51953]]},"properties":{"net":"out","o":4}},{"type":"Feature","geometry":{"type":"LineString","coordinates":[[-83.51116,35.44737],[-83.5115,35.44688],[-83.51172,35.44624],[-83.51179,35.44547],[-83.51157,35.44456],[-83.51105,35.44337]]},"properties":{"net":"out","o":7}},{"type":"Feature","geometry":{"type":"LineString","coordinates":[[-83.56339,35.48412],[-83.56333,35.48398],[-83.56342,35.48373]]},"properties":{"net":"out","o":4}},{"type":"Feature","geometry":{"type":"LineString","coordinates":[[-83.55929,35.51041],[-83.5594,35.51009],[-83.55886,35.50927],[-83.5593,35.5079],[-83.55934,35.50724]]},"properties":{"net":"out","o":4}},{"type":"Feature","geometry":{"type":"LineString","coordinates":[[-83.52558,35.43827],[-83.52635,35.43798],[-83.52807,35.43762]]},"properties":{"net":"out","o":7}},{"type":"Feature","geometry":{"type":"LineString","coordinates":[[-83.5217,35.44067],[-83.52208,35.44045]]},"properties":{"net":"out","o":7}},{"type":"Feature","geometry":{"type":"LineString","coordinates":[[-83.51886,35.44185],[-83.5202,35.44145]]},"properties":{"net":"out","o":7}},{"type":"Feature","geometry":{"type":"LineString","coordinates":[[-83.19137,35.57286],[-83.19204,35.57252],[-83.19238,35.57194],[-83.19309,35.57147],[-83.1936,35.57021],[-83.19447,35.56893],[-83.19458,35.56833],[-83.19513,35.56809],[-83.19615,35.56723],[-83.19659,35.56715],[-83.19715,35.56734],[-83.19793,35.5673],[-83.19963,35.56676],[-83.20021,35.56584],[-83.20048,35.56574],[-83.20089,35.56536],[-83.20112,35.56465],[-83.20141,35.56452],[-83.20158,35.56424],[-83.20193,35.56406],[-83.20229,35.56369],[-83.20237,35.56335],[-83.20269,35.563],[-83.2029,35.56232],[-83.20292,35.56181],[-83.20317,35.56141],[-83.20337,35.56127],[-83.20405,35.56119],[-83.20516,35.56087],[-83.20586,35.56041],[-83.20628,35.55998],[-83.20673,35.55986],[-83.20729,35.55947],[-83.20752,35.55922],[-83.2079,35.55825],[-83.20913,35.55753],[-83.20923,35.5571],[-83.20971,35.55676],[-83.20991,35.55627],[-83.21018,35.55594],[-83.211,35.55549],[-83.21177,35.5554],[-83.21223,35.55507],[-83.21309,35.55484],[-83.21351,35.55443],[-83.21391,35.55438],[-83.21488,35.55454],[-83.2161,35.55424]]},"properties":{"net":"sm3086","o":2}},{"type":"Feature","geometry":{"type":"LineString","coordinates":[[-83.58109,35.44056],[-83.58156,35.43918],[-83.58203,35.43844],[-83.58271,35.43813]]},"properties":{"net":"out","o":7}},{"type":"Feature","geometry":{"type":"LineString","coordinates":[[-83.35153,35.46798],[-83.35164,35.46811]]},"properties":{"net":"NC3046","o":1}},{"type":"Feature","geometry":{"type":"LineString","coordinates":[[-83.34671,35.46021],[-83.34722,35.45997],[-83.34842,35.46001],[-83.34914,35.45972]]},"properties":{"net":"NC3046","o":1}},{"type":"Feature","geometry":{"type":"LineString","coordinates":[[-83.34662,35.47112],[-83.34711,35.47111]]},"properties":{"net":"NC3046","o":1}},{"type":"Feature","geometry":{"type":"LineString","coordinates":[[-83.34388,35.47851],[-83.34372,35.47804],[-83.34358,35.47704],[-83.34368,35.47632],[-83.34356,35.47599],[-83.34368,35.47516],[-83.3435,35.47454],[-83.34367,35.47406],[-83.34423,35.47342]]},"properties":{"net":"NC3046","o":1}},{"type":"Feature","geometry":{"type":"LineString","coordinates":[[-83.34502,35.45992],[-83.34434,35.45965],[-83.34344,35.45894]]},"properties":{"net":"NC3046","o":1}},{"type":"Feature","geometry":{"type":"LineString","coordinates":[[-83.34296,35.45944],[-83.34337,35.45911],[-83.34344,35.45894]]},"properties":{"net":"NC3046","o":1}},{"type":"Feature","geometry":{"type":"LineString","coordinates":[[-83.34101,35.47379],[-83.34087,35.47348]]},"properties":{"net":"NC3046","o":2}},{"type":"Feature","geometry":{"type":"LineString","coordinates":[[-83.35553,35.47911],[-83.35559,35.47897],[-83.35537,35.47827],[-83.3555,35.47786]]},"properties":{"net":"NC3046","o":5}},{"type":"Feature","geometry":{"type":"LineString","coordinates":[[-83.35407,35.49281],[-83.35404,35.49253],[-83.35319,35.49182],[-83.35276,35.49107]]},"properties":{"net":"NC3046","o":1}},{"type":"Feature","geometry":{"type":"LineString","coordinates":[[-83.36609,35.62059],[-83.36598,35.61976],[-83.36606,35.61945],[-83.36662,35.61888],[-83.36747,35.61841]]},"properties":{"net":"NC3046","o":1}},{"type":"Feature","geometry":{"type":"LineString","coordinates":[[-83.35098,35.49756],[-83.35087,35.49698],[-83.35095,35.49656]]},"properties":{"net":"NC3046","o":3}},{"type":"Feature","geometry":{"type":"LineString","coordinates":[[-83.35007,35.48677],[-83.35013,35.48647],[-83.35071,35.48544],[-83.35112,35.48517],[-83.35122,35.485],[-83.35133,35.48472],[-83.35131,35.48416],[-83.3516,35.48351],[-83.35226,35.48298],[-83.35265,35.4828],[-83.35307,35.48238],[-83.35335,35.48143],[-83.35363,35.48131],[-83.35454,35.48008],[-83.35479,35.47994],[-83.3549,35.47933],[-83.35553,35.47911]]},"properties":{"net":"NC3046","o":4}},{"type":"Feature","geometry":{"type":"LineString","coordinates":[[-83.34962,35.48776],[-83.35014,35.48725]]},"properties":{"net":"NC3046","o":2}},{"type":"Feature","geometry":{"type":"LineString","coordinates":[[-83.34415,35.49933],[-83.34405,35.49897],[-83.34354,35.49837],[-83.34264,35.49659]]},"properties":{"net":"NC3046","o":2}},{"type":"Feature","geometry":{"type":"LineString","coordinates":[[-83.34243,35.48779],[-83.34376,35.48799],[-83.34436,35.48836],[-83.3453,35.48866],[-83.34609,35.48913],[-83.34651,35.48915],[-83.34704,35.48903],[-83.34826,35.48903],[-83.34885,35.48843],[-83.34917,35.4883],[-83.34962,35.48776]]},"properties":{"net":"NC3046","o":1}},{"type":"Feature","geometry":{"type":"LineString","coordinates":[[-83.33901,35.49332],[-83.34003,35.4933],[-83.3417,35.49357],[-83.34261,35.49347],[-83.34317,35.49353],[-83.34372,35.49332]]},"properties":{"net":"NC3046","o":1}},{"type":"Feature","geometry":{"type":"LineString","coordinates":[[-83.3438,35.504],[-83.34392,35.50383],[-83.34415,35.5029],[-83.34473,35.50223],[-83.34508,35.50208],[-83.34615,35.5021],[-83.34654,35.50226],[-83.34689,35.50224],[-83.34747,35.50247]]},"properties":{"net":"NC3046","o":2}},{"type":"Feature","geometry":{"type":"LineString","coordinates":[[-83.34225,35.50493],[-83.34229,35.50482],[-83.34284,35.50469],[-83.34363,35.50415]]},"properties":{"net":"NC3046","o":2}},{"type":"Feature","geometry":{"type":"LineString","coordinates":[[-83.35812,35.62003],[-83.35859,35.61966],[-83.35952,35.61922],[-83.36034,35.61905],[-83.36114,35.61865],[-83.36296,35.61841],[-83.36466,35.61805],[-83.36529,35.61742],[-83.36557,35.61663]]},"properties":{"net":"NC3046","o":1}},{"type":"Feature","geometry":{"type":"LineString","coordinates":[[-83.32757,35.40931],[-83.32768,35.4103],[-83.32762,35.4112],[-83.32752,35.41134]]},"properties":{"net":"out","o":6}},{"type":"Feature","geometry":{"type":"LineString","coordinates":[[-83.34064,35.50354],[-83.34185,35.50407],[-83.3438,35.504]]},"properties":{"net":"NC3046","o":1}},{"type":"Feature","geometry":{"type":"LineString","coordinates":[[-83.34087,35.47348],[-83.34078,35.47327]]},"properties":{"net":"NC3046","o":2}},{"type":"Feature","geometry":{"type":"LineString","coordinates":[[-83.3407,35.4733],[-83.34078,35.47327]]},"properties":{"net":"NC3046","o":6}},{"type":"Feature","geometry":{"type":"LineString","coordinates":[[-83.33943,35.45945],[-83.33954,35.45886]]},"properties":{"net":"NC3046","o":2}},{"type":"Feature","geometry":{"type":"LineString","coordinates":[[-83.33949,35.45972],[-83.33943,35.45945]]},"properties":{"net":"NC3046","o":2}},{"type":"Feature","geometry":{"type":"LineString","coordinates":[[-83.33791,35.46273],[-83.3375,35.46285],[-83.33741,35.46326],[-83.33721,35.4635],[-83.33709,35.46489]]},"properties":{"net":"NC3046","o":1}},{"type":"Feature","geometry":{"type":"LineString","coordinates":[[-83.33655,35.45987],[-83.3375,35.45973],[-83.33865,35.45922],[-83.33871,35.45881],[-83.33954,35.45886]]},"properties":{"net":"NC3046","o":1}},{"type":"Feature","geometry":{"type":"LineString","coordinates":[[-83.33709,35.46489],[-83.33707,35.46522],[-83.33653,35.4662]]},"properties":{"net":"NC3046","o":2}},{"type":"Feature","geometry":{"type":"LineString","coordinates":[[-83.33513,35.47411],[-83.33574,35.47475]]},"properties":{"net":"NC3046","o":6}},{"type":"Feature","geometry":{"type":"LineString","coordinates":[[-83.33444,35.47271],[-83.33513,35.47411]]},"properties":{"net":"NC3046","o":6}},{"type":"Feature","geometry":{"type":"LineString","coordinates":[[-83.34873,35.54751],[-83.34934,35.54781],[-83.35002,35.54786],[-83.35146,35.54874],[-83.35221,35.54934],[-83.35251,35.54995],[-83.3531,35.55076],[-83.35315,35.55134],[-83.35352,35.55187],[-83.35361,35.55215],[-83.35409,35.55261],[-83.35374,35.55455],[-83.35382,35.55493],[-83.35378,35.55538],[-83.3536,35.55586],[-83.35375,35.5568],[-83.35373,35.55733],[-83.35393,35.55753],[-83.35408,35.55802],[-83.35392,35.55866],[-83.35414,35.55901]]},"properties":{"net":"NC3046","o":1}},{"type":"Feature","geometry":{"type":"LineString","coordinates":[[-83.34813,35.54917],[-83.34786,35.54959],[-83.34733,35.55015]]},"properties":{"net":"NC3046","o":1}},{"type":"Feature","geometry":{"type":"LineString","coordinates":[[-83.34454,35.54833],[-83.34436,35.54866],[-83.34367,35.54926],[-83.34349,35.54979],[-83.34409,35.55109],[-83.34458,35.55176],[-83.34473,35.55214],[-83.34467,35.55242]]},"properties":{"net":"NC3046","o":1}},{"type":"Feature","geometry":{"type":"LineString","coordinates":[[-83.34467,35.55242],[-83.3442,35.55348],[-83.34381,35.55398],[-83.34384,35.55413],[-83.34307,35.555],[-83.34279,35.5551]]},"properties":{"net":"NC3046","o":2}},{"type":"Feature","geometry":{"type":"LineString","coordinates":[[-83.35966,35.56336],[-83.3594,35.56352]]},"properties":{"net":"NC3046","o":2}},{"type":"Feature","geometry":{"type":"LineString","coordinates":[[-83.3594,35.56352],[-83.35876,35.56365],[-83.35835,35.56395],[-83.35768,35.56411],[-83.35728,35.56434],[-83.35695,35.56464],[-83.3569,35.56492],[-83.35668,35.56524],[-83.35621,35.56547],[-83.35585,35.56551],[-83.35489,35.56608]]},"properties":{"net":"NC3046","o":2}},{"type":"Feature","geometry":{"type":"LineString","coordinates":[[-83.34107,35.57682],[-83.34087,35.57697],[-83.3406,35.57688],[-83.34044,35.57667]]},"properties":{"net":"NC3046","o":4}},{"type":"Feature","geometry":{"type":"LineString","coordinates":[[-83.35044,35.63331],[-83.35025,35.63367],[-83.34966,35.63423],[-83.34911,35.63497],[-83.34843,35.63538],[-83.34772,35.63609],[-83.34725,35.63692],[-83.34696,35.63706],[-83.34627,35.63801],[-83.34504,35.63907],[-83.3446,35.63965],[-83.34457,35.64005]]},"properties":{"net":"NC3046","o":1}},{"type":"Feature","geometry":{"type":"LineString","coordinates":[[-83.32315,35.49646],[-83.32258,35.49619],[-83.32186,35.4961]]},"properties":{"net":"NC3046","o":3}},{"type":"Feature","geometry":{"type":"LineString","coordinates":[[-83.28309,35.52945],[-83.28239,35.52923]]},"properties":{"net":"NC3046","o":3}},{"type":"Feature","geometry":{"type":"LineString","coordinates":[[-83.28199,35.5322],[-83.28259,35.53063]]},"properties":{"net":"NC3046","o":6}},{"type":"Feature","geometry":{"type":"LineString","coordinates":[[-83.28189,35.52864],[-83.28182,35.52865]]},"properties":{"net":"NC3046","o":1}},{"type":"Feature","geometry":{"type":"LineString","coordinates":[[-83.28332,35.54578],[-83.28447,35.54585],[-83.28515,35.54645],[-83.28583,35.54651],[-83.28626,35.54668]]},"properties":{"net":"NC3046","o":2}},{"type":"Feature","geometry":{"type":"LineString","coordinates":[[-83.28052,35.59207],[-83.28015,35.59189],[-83.27957,35.59142],[-83.27831,35.59087],[-83.27807,35.59045],[-83.27804,35.59018],[-83.27786,35.58999],[-83.27712,35.5899],[-83.27658,35.58971],[-83.27589,35.58908]]},"properties":{"net":"NC3046","o":1}},{"type":"Feature","geometry":{"type":"LineString","coordinates":[[-83.33033,35.47493],[-83.33145,35.47455],[-83.33156,35.4743],[-83.33121,35.47374],[-83.33124,35.47328]]},"properties":{"net":"NC3046","o":1}},{"type":"Feature","geometry":{"type":"LineString","coordinates":[[-83.32694,35.46259],[-83.32722,35.46264],[-83.32741,35.46282],[-83.32809,35.46301]]},"properties":{"net":"NC3046","o":1}},{"type":"Feature","geometry":{"type":"LineString","coordinates":[[-83.32322,35.46909],[-83.32319,35.46896]]},"properties":{"net":"NC3046","o":1}},{"type":"Feature","geometry":{"type":"LineString","coordinates":[[-83.32309,35.47586],[-83.32259,35.47639],[-83.32264,35.47735]]},"properties":{"net":"NC3046","o":1}},{"type":"Feature","geometry":{"type":"LineString","coordinates":[[-83.33665,35.4878],[-83.3361,35.48696]]},"properties":{"net":"NC3046","o":2}},{"type":"Feature","geometry":{"type":"LineString","coordinates":[[-83.33174,35.49021],[-83.33094,35.48964],[-83.33067,35.4892],[-83.32999,35.48866],[-83.32964,35.48817]]},"properties":{"net":"NC3046","o":1}},{"type":"Feature","geometry":{"type":"LineString","coordinates":[[-83.3287,35.49598],[-83.32776,35.49566]]},"properties":{"net":"NC3046","o":1}},{"type":"Feature","geometry":{"type":"LineString","coordinates":[[-83.32762,35.4898],[-83.32671,35.48969]]},"properties":{"net":"NC3046","o":1}},{"type":"Feature","geometry":{"type":"LineString","coordinates":[[-83.32816,35.48355],[-83.3277,35.48336],[-83.32625,35.48326],[-83.3256,35.48337]]},"properties":{"net":"NC3046","o":1}},{"type":"Feature","geometry":{"type":"LineString","coordinates":[[-83.32899,35.48532],[-83.32841,35.48496],[-83.32699,35.48456],[-83.32584,35.48383],[-83.32566,35.48363],[-83.3256,35.48337]]},"properties":{"net":"NC3046","o":1}},{"type":"Feature","geometry":{"type":"LineString","coordinates":[[-83.32448,35.4776],[-83.3241,35.47751],[-83.32395,35.47734]]},"properties":{"net":"NC3046","o":2}},{"type":"Feature","geometry":{"type":"LineString","coordinates":[[-83.32541,35.49197],[-83.3248,35.49177],[-83.32446,35.49145],[-83.3241,35.49127],[-83.32342,35.4912]]},"properties":{"net":"NC3046","o":2}},{"type":"Feature","geometry":{"type":"LineString","coordinates":[[-83.32395,35.47734],[-83.32361,35.47728],[-83.32264,35.47735]]},"properties":{"net":"NC3046","o":2}},{"type":"Feature","geometry":{"type":"LineString","coordinates":[[-83.31999,35.48664],[-83.31989,35.4864],[-83.31942,35.48619],[-83.31896,35.4857],[-83.31859,35.48558],[-83.3183,35.48513],[-83.31782,35.48498],[-83.31772,35.48485],[-83.31773,35.48454],[-83.31722,35.48418],[-83.31718,35.48402],[-83.31733,35.48388],[-83.31737,35.48285]]},"properties":{"net":"NC3046","o":2}},{"type":"Feature","geometry":{"type":"LineString","coordinates":[[-83.33649,35.50235],[-83.33577,35.50196],[-83.33518,35.50191]]},"properties":{"net":"NC3046","o":1}},{"type":"Feature","geometry":{"type":"LineString","coordinates":[[-83.33379,35.50505],[-83.33339,35.50493],[-83.33292,35.50454],[-83.33237,35.50436],[-83.331,35.50467]]},"properties":{"net":"NC3046","o":1}},{"type":"Feature","geometry":{"type":"LineString","coordinates":[[-83.33195,35.5054],[-83.33117,35.50494],[-83.331,35.50467]]},"properties":{"net":"NC3046","o":1}},{"type":"Feature","geometry":{"type":"LineString","coordinates":[[-83.32921,35.50543],[-83.3293,35.50487],[-83.32973,35.50399],[-83.33006,35.50361]]},"properties":{"net":"NC3046","o":1}},{"type":"Feature","geometry":{"type":"LineString","coordinates":[[-83.33188,35.50252],[-83.33086,35.50222],[-83.32991,35.50179],[-83.32962,35.50149],[-83.32946,35.50089],[-83.3292,35.50052],[-83.32885,35.5003]]},"properties":{"net":"NC3046","o":1}},{"type":"Feature","geometry":{"type":"LineString","coordinates":[[-83.32724,35.50347],[-83.32721,35.50237],[-83.32698,35.50165],[-83.32648,35.5011],[-83.32622,35.50062],[-83.32657,35.49968],[-83.32628,35.49919]]},"properties":{"net":"NC3046","o":1}},{"type":"Feature","geometry":{"type":"LineString","coordinates":[[-83.29756,35.56169],[-83.29723,35.56026],[-83.29721,35.55931]]},"properties":{"net":"NC3046","o":1}},{"type":"Feature","geometry":{"type":"LineString","coordinates":[[-83.2963,35.55592],[-83.29602,35.55571],[-83.29573,35.55512],[-83.29509,35.5544],[-83.295,35.55408],[-83.29463,35.55378]]},"properties":{"net":"NC3046","o":3}},{"type":"Feature","geometry":{"type":"LineString","coordinates":[[-83.29414,35.5546],[-83.29428,35.55407],[-83.29463,35.55378]]},"properties":{"net":"NC3046","o":3}},{"type":"Feature","geometry":{"type":"LineString","coordinates":[[-83.29296,35.55341],[-83.29327,35.55323],[-83.29454,35.55298]]},"properties":{"net":"NC3046","o":1}},{"type":"Feature","geometry":{"type":"LineString","coordinates":[[-83.29347,35.5585],[-83.2935,35.55839]]},"properties":{"net":"NC3046","o":3}},{"type":"Feature","geometry":{"type":"LineString","coordinates":[[-83.28484,35.55731],[-83.28402,35.55647],[-83.28369,35.55631]]},"properties":{"net":"NC3046","o":2}},{"type":"Feature","geometry":{"type":"LineString","coordinates":[[-83.2832,35.55905],[-83.28334,35.5583],[-83.28321,35.55777],[-83.28337,35.55737],[-83.28336,35.55707],[-83.28369,35.55631]]},"properties":{"net":"NC3046","o":3}},{"type":"Feature","geometry":{"type":"LineString","coordinates":[[-83.28024,35.55226],[-83.28124,35.55228],[-83.28185,35.55251]]},"properties":{"net":"NC3046","o":1}},{"type":"Feature","geometry":{"type":"LineString","coordinates":[[-83.27981,35.54227],[-83.27933,35.54197],[-83.27901,35.54105]]},"properties":{"net":"NC3046","o":1}},{"type":"Feature","geometry":{"type":"LineString","coordinates":[[-83.28182,35.5668],[-83.28206,35.56606]]},"properties":{"net":"NC3046","o":3}},{"type":"Feature","geometry":{"type":"LineString","coordinates":[[-83.27921,35.56335],[-83.27859,35.5626],[-83.27819,35.56164]]},"properties":{"net":"NC3046","o":1}},{"type":"Feature","geometry":{"type":"LineString","coordinates":[[-83.29616,35.59748],[-83.29761,35.59789],[-83.29788,35.59804],[-83.29868,35.59817]]},"properties":{"net":"NC3046","o":2}},{"type":"Feature","geometry":{"type":"LineString","coordinates":[[-83.28416,35.58522],[-83.28319,35.58505],[-83.28182,35.58438],[-83.27963,35.58409],[-83.27785,35.58404],[-83.2769,35.58371],[-83.27666,35.58378],[-83.27621,35.58372]]},"properties":{"net":"NC3046","o":1}},{"type":"Feature","geometry":{"type":"LineString","coordinates":[[-83.26806,35.51652],[-83.26875,35.51647],[-83.26952,35.51692]]},"properties":{"net":"NC3046","o":2}},{"type":"Feature","geometry":{"type":"LineString","coordinates":[[-83.29371,35.62044],[-83.29296,35.62037],[-83.29245,35.62051],[-83.29185,35.62081],[-83.29125,35.62062],[-83.28971,35.62038],[-83.28922,35.62004],[-83.28804,35.61872],[-83.28736,35.61825],[-83.28704,35.61769],[-83.28628,35.61732],[-83.28583,35.61653],[-83.28473,35.61548],[-83.28468,35.6149],[-83.28426,35.61448]]},"properties":{"net":"NC3046","o":2}},{"type":"Feature","geometry":{"type":"LineString","coordinates":[[-83.28172,35.64918],[-83.28107,35.64864],[-83.28102,35.64832],[-83.28078,35.64806],[-83.28103,35.64764],[-83.28102,35.64726],[-83.28118,35.64703],[-83.28104,35.64658],[-83.28119,35.64631],[-83.28098,35.64605],[-83.28098,35.6454],[-83.28079,35.64521],[-83.28072,35.64488],[-83.27962,35.64375],[-83.27967,35.64335],[-83.27939,35.64278],[-83.27949,35.64244],[-83.27918,35.64206]]},"properties":{"net":"NC3046","o":2}},{"type":"Feature","geometry":{"type":"LineString","coordinates":[[-83.2885,35.63728],[-83.28834,35.63696],[-83.28801,35.6369],[-83.2875,35.63663],[-83.28705,35.63623],[-83.28653,35.63628],[-83.2863,35.63614],[-83.28591,35.63613],[-83.28496,35.63576],[-83.28436,35.63565],[-83.28406,35.63539],[-83.28334,35.63505],[-83.28249,35.63497],[-83.28181,35.6346],[-83.28104,35.63436],[-83.28035,35.63396],[-83.27976,35.63386],[-83.2793,35.63351],[-83.27899,35.63352],[-83.27883,35.63366],[-83.27856,35.63372],[-83.27776,35.63355],[-83.27649,35.63371]]},"properties":{"net":"NC3046","o":2}},{"type":"Feature","geometry":{"type":"LineString","coordinates":[[-83.269,35.52025],[-83.26923,35.5204],[-83.26941,35.52076],[-83.26965,35.5209],[-83.26987,35.52125],[-83.27012,35.5213]]},"properties":{"net":"NC3046","o":1}},{"type":"Feature","geometry":{"type":"LineString","coordinates":[[-83.26623,35.53824],[-83.26696,35.53873],[-83.26769,35.53888],[-83.26871,35.53873],[-83.26918,35.53886],[-83.26958,35.53919]]},"properties":{"net":"NC3046","o":1}},{"type":"Feature","geometry":{"type":"LineString","coordinates":[[-83.27828,35.6509],[-83.27787,35.65019],[-83.27788,35.64954],[-83.27739,35.64893],[-83.27669,35.64843],[-83.27618,35.6476],[-83.27597,35.64745],[-83.27539,35.64665],[-83.27473,35.64602],[-83.27361,35.64524],[-83.27339,35.64482],[-83.27256,35.64415],[-83.27213,35.64329],[-83.272,35.64241],[-83.27163,35.64184],[-83.2712,35.6416],[-83.27082,35.64115],[-83.27082,35.64097],[-83.27105,35.6407]]},"properties":{"net":"NC3046","o":1}},{"type":"Feature","geometry":{"type":"LineString","coordinates":[[-83.27302,35.48478],[-83.27283,35.48409],[-83.2725,35.48377],[-83.27214,35.48302],[-83.27207,35.48219],[-83.2722,35.48115],[-83.27175,35.48041]]},"properties":{"net":"NC3046","o":2}},{"type":"Feature","geometry":{"type":"LineString","coordinates":[[-83.27741,35.51903],[-83.27749,35.519]]},"properties":{"net":"NC3046","o":1}},{"type":"Feature","geometry":{"type":"LineString","coordinates":[[-83.27716,35.51421],[-83.27659,35.51539],[-83.27613,35.51577]]},"properties":{"net":"NC3046","o":2}},{"type":"Feature","geometry":{"type":"LineString","coordinates":[[-83.27683,35.50919],[-83.27634,35.50982],[-83.27596,35.51067],[-83.27525,35.51096],[-83.27381,35.51122]]},"properties":{"net":"NC3046","o":1}},{"type":"Feature","geometry":{"type":"LineString","coordinates":[[-83.27392,35.50972],[-83.27356,35.51022],[-83.27361,35.51075]]},"properties":{"net":"NC3046","o":2}},{"type":"Feature","geometry":{"type":"LineString","coordinates":[[-83.27297,35.51404],[-83.27336,35.5139],[-83.27398,35.51386],[-83.27476,35.51403]]},"properties":{"net":"NC3046","o":1}},{"type":"Feature","geometry":{"type":"LineString","coordinates":[[-83.27039,35.5149],[-83.27057,35.51455],[-83.2709,35.51423],[-83.27155,35.51386],[-83.27242,35.51354]]},"properties":{"net":"NC3046","o":1}},{"type":"Feature","geometry":{"type":"LineString","coordinates":[[-83.27006,35.51642],[-83.2723,35.51665],[-83.27397,35.51732],[-83.27492,35.51794],[-83.27647,35.51812],[-83.27756,35.51856]]},"properties":{"net":"NC3046","o":3}},{"type":"Feature","geometry":{"type":"LineString","coordinates":[[-83.26773,35.50855],[-83.2683,35.50886],[-83.26893,35.50937]]},"properties":{"net":"NC3046","o":2}},{"type":"Feature","geometry":{"type":"LineString","coordinates":[[-83.2677,35.5079],[-83.26773,35.50855]]},"properties":{"net":"NC3046","o":1}},{"type":"Feature","geometry":{"type":"LineString","coordinates":[[-83.26749,35.51298],[-83.26801,35.51269],[-83.26862,35.51261],[-83.26949,35.51269],[-83.27038,35.51238]]},"properties":{"net":"NC3046","o":1}},{"type":"Feature","geometry":{"type":"LineString","coordinates":[[-83.26714,35.51112],[-83.268,35.51106],[-83.26837,35.51136],[-83.26882,35.51143],[-83.26915,35.51159],[-83.26963,35.51202],[-83.27038,35.51238]]},"properties":{"net":"NC3046","o":1}},{"type":"Feature","geometry":{"type":"LineString","coordinates":[[-83.26514,35.51212],[-83.26516,35.51252],[-83.26538,35.51306],[-83.26648,35.51438]]},"properties":{"net":"NC3046","o":1}},{"type":"Feature","geometry":{"type":"LineString","coordinates":[[-83.25794,35.51625],[-83.25804,35.51684]]},"properties":{"net":"sm3083","o":2}},{"type":"Feature","geometry":{"type":"LineString","coordinates":[[-83.2774,35.52024],[-83.27743,35.52017]]},"properties":{"net":"NC3046","o":1}},{"type":"Feature","geometry":{"type":"LineString","coordinates":[[-83.27781,35.53025],[-83.27741,35.52988],[-83.27733,35.52954],[-83.27738,35.52921],[-83.27767,35.52864],[-83.27757,35.52837],[-83.27769,35.52804]]},"properties":{"net":"NC3046","o":1}},{"type":"Feature","geometry":{"type":"LineString","coordinates":[[-83.27694,35.52755],[-83.27674,35.5272]]},"properties":{"net":"NC3046","o":6}},{"type":"Feature","geometry":{"type":"LineString","coordinates":[[-83.27451,35.53626],[-83.27447,35.53621]]},"properties":{"net":"NC3046","o":3}},{"type":"Feature","geometry":{"type":"LineString","coordinates":[[-83.27051,35.53097],[-83.27141,35.53028]]},"properties":{"net":"sm3083","o":2}},{"type":"Feature","geometry":{"type":"LineString","coordinates":[[-83.26381,35.53218],[-83.26472,35.53177],[-83.26502,35.53131]]},"properties":{"net":"sm3083","o":3}},{"type":"Feature","geometry":{"type":"LineString","coordinates":[[-83.26316,35.52405],[-83.26277,35.52459],[-83.26277,35.52491],[-83.2637,35.52623]]},"properties":{"net":"sm3083","o":2}},{"type":"Feature","geometry":{"type":"LineString","coordinates":[[-83.262,35.52572],[-83.26232,35.52578]]},"properties":{"net":"sm3083","o":4}},{"type":"Feature","geometry":{"type":"LineString","coordinates":[[-83.26053,35.53264],[-83.26122,35.53252],[-83.26201,35.53218],[-83.26287,35.53242],[-83.26381,35.53218]]},"properties":{"net":"sm3083","o":2}},{"type":"Feature","geometry":{"type":"LineString","coordinates":[[-83.25903,35.52129],[-83.25909,35.52151],[-83.25959,35.52167],[-83.25962,35.52189],[-83.25982,35.52197]]},"properties":{"net":"sm3083","o":3}},{"type":"Feature","geometry":{"type":"LineString","coordinates":[[-83.25778,35.53815],[-83.25803,35.53863],[-83.25863,35.53909]]},"properties":{"net":"NC3046","o":4}},{"type":"Feature","geometry":{"type":"LineString","coordinates":[[-83.2773,35.55437],[-83.27756,35.55372]]},"properties":{"net":"NC3046","o":1}},{"type":"Feature","geometry":{"type":"LineString","coordinates":[[-83.27439,35.55538],[-83.27401,35.5551],[-83.27404,35.55457],[-83.27228,35.55386],[-83.27186,35.55347]]},"properties":{"net":"NC3046","o":3}},{"type":"Feature","geometry":{"type":"LineString","coordinates":[[-83.22612,35.34621],[-83.22527,35.34696],[-83.22507,35.34724],[-83.22498,35.34769],[-83.22528,35.34926],[-83.22546,35.34957],[-83.22575,35.34974],[-83.22822,35.34961],[-83.23017,35.35004],[-83.23138,35.35004],[-83.23176,35.34994],[-83.23219,35.34974],[-83.23272,35.34927],[-83.2333,35.34781],[-83.23329,35.34763],[-83.23397,35.34697],[-83.23419,35.34692],[-83.23502,35.34689],[-83.2368,35.34732],[-83.23775,35.34774]]},"properties":{"net":"NC6252","o":5}},{"type":"Feature","geometry":{"type":"LineString","coordinates":[[-83.24624,35.37323],[-83.24683,35.37263]]},"properties":{"net":"out","o":5}},{"type":"Feature","geometry":{"type":"LineString","coordinates":[[-83.28159,35.67365],[-83.28141,35.67263],[-83.2812,35.67253],[-83.28057,35.67192],[-83.2801,35.67121],[-83.27979,35.67018],[-83.27959,35.66986],[-83.2791,35.66934],[-83.27874,35.66875],[-83.27834,35.66851],[-83.27811,35.66799],[-83.27819,35.66771],[-83.27786,35.66744],[-83.27763,35.66668],[-83.27708,35.66624],[-83.27676,35.6657],[-83.27614,35.66499],[-83.27593,35.66435],[-83.27612,35.66376],[-83.27585,35.66287],[-83.27464,35.661],[-83.27357,35.65986],[-83.27346,35.65922],[-83.27382,35.65902],[-83.27364,35.65848]]},"properties":{"net":"NC3046","o":1}},{"type":"Feature","geometry":{"type":"LineString","coordinates":[[-83.27142,35.55005],[-83.27113,35.54963],[-83.27084,35.54959],[-83.27079,35.54916]]},"properties":{"net":"NC3046","o":3}},{"type":"Feature","geometry":{"type":"LineString","coordinates":[[-83.27186,35.55347],[-83.27153,35.55262],[-83.27038,35.55192]]},"properties":{"net":"NC3046","o":3}},{"type":"Feature","geometry":{"type":"LineString","coordinates":[[-83.26629,35.54194],[-83.26672,35.542],[-83.2671,35.54232]]},"properties":{"net":"NC3046","o":4}},{"type":"Feature","geometry":{"type":"LineString","coordinates":[[-83.26574,35.54154],[-83.26601,35.54164],[-83.26629,35.54194]]},"properties":{"net":"NC3046","o":1}},{"type":"Feature","geometry":{"type":"LineString","coordinates":[[-83.26502,35.56314],[-83.26508,35.56263],[-83.26494,35.56215],[-83.26497,35.56156],[-83.26476,35.56065]]},"properties":{"net":"sm3084","o":2}},{"type":"Feature","geometry":{"type":"LineString","coordinates":[[-83.2632,35.54208],[-83.26389,35.54226],[-83.26405,35.54262],[-83.26447,35.54298]]},"properties":{"net":"NC3046","o":4}},{"type":"Feature","geometry":{"type":"LineString","coordinates":[[-83.49253,35.43808],[-83.49188,35.43828]]},"properties":{"net":"out","o":4}},{"type":"Feature","geometry":{"type":"LineString","coordinates":[[-83.48889,35.43806],[-83.48927,35.43947],[-83.49176,35.44298],[-83.49248,35.44509],[-83.49269,35.44556],[-83.49316,35.44608]]},"properties":{"net":"out","o":7}},{"type":"Feature","geometry":{"type":"LineString","coordinates":[[-83.48907,35.43653],[-83.48894,35.43702],[-83.48889,35.43806]]},"properties":{"net":"out","o":7}},{"type":"Feature","geometry":{"type":"LineString","coordinates":[[-83.25205,35.25463],[-83.2536,35.25504],[-83.25381,35.25525],[-83.25412,35.25586],[-83.25449,35.25623]]},"properties":{"net":"sm2653","o":2}},{"type":"Feature","geometry":{"type":"LineString","coordinates":[[-83.23789,35.34752],[-83.23775,35.34774]]},"properties":{"net":"NC6252","o":5}},{"type":"Feature","geometry":{"type":"LineString","coordinates":[[-83.24239,35.37382],[-83.2434,35.37345],[-83.24457,35.37365],[-83.24585,35.37341],[-83.24624,35.37323]]},"properties":{"net":"out","o":5}},{"type":"Feature","geometry":{"type":"LineString","coordinates":[[-83.24239,35.45466],[-83.24286,35.45542],[-83.24318,35.45635],[-83.24345,35.45675],[-83.24344,35.45697]]},"properties":{"net":"sm3087","o":3}},{"type":"Feature","geometry":{"type":"LineString","coordinates":[[-83.24344,35.45697],[-83.24333,35.45896],[-83.24344,35.45984],[-83.2423,35.4611],[-83.24198,35.46187],[-83.24168,35.46347]]},"properties":{"net":"NC3046","o":3}},{"type":"Feature","geometry":{"type":"LineString","coordinates":[[-83.25584,35.4968],[-83.2559,35.49535],[-83.25639,35.49428],[-83.25653,35.49374],[-83.25661,35.49201]]},"properties":{"net":"NC3046","o":2}},{"type":"Feature","geometry":{"type":"LineString","coordinates":[[-83.26437,35.5564],[-83.26339,35.55695],[-83.26323,35.55716],[-83.26301,35.5572]]},"properties":{"net":"sm3084","o":1}},{"type":"Feature","geometry":{"type":"LineString","coordinates":[[-83.26113,35.54571],[-83.26143,35.54622],[-83.26207,35.54685],[-83.26302,35.54753]]},"properties":{"net":"NC3046","o":1}},{"type":"Feature","geometry":{"type":"LineString","coordinates":[[-83.25798,35.55468],[-83.25806,35.55472]]},"properties":{"net":"NC3046","o":2}},{"type":"Feature","geometry":{"type":"LineString","coordinates":[[-83.25737,35.5552],[-83.25731,35.55503]]},"properties":{"net":"NC3046","o":2}},{"type":"Feature","geometry":{"type":"LineString","coordinates":[[-83.2751,35.57158],[-83.275,35.5699],[-83.27526,35.56908],[-83.27562,35.56849]]},"properties":{"net":"sm3084","o":1}},{"type":"Feature","geometry":{"type":"LineString","coordinates":[[-83.27065,35.56753],[-83.27058,35.56714],[-83.27072,35.56701],[-83.27074,35.56677]]},"properties":{"net":"sm3084","o":3}},{"type":"Feature","geometry":{"type":"LineString","coordinates":[[-83.24967,35.49225],[-83.24966,35.49188],[-83.24944,35.49157],[-83.24763,35.49063],[-83.2474,35.48967],[-83.24706,35.48885],[-83.2469,35.48786]]},"properties":{"net":"NC3046","o":1}},{"type":"Feature","geometry":{"type":"LineString","coordinates":[[-83.25085,35.50597],[-83.25098,35.50444],[-83.25216,35.50304],[-83.25312,35.50214],[-83.25317,35.50166],[-83.25367,35.50091],[-83.25381,35.5001],[-83.25473,35.49892],[-83.25491,35.49883]]},"properties":{"net":"NC3046","o":2}},{"type":"Feature","geometry":{"type":"LineString","coordinates":[[-83.24894,35.51802],[-83.24963,35.5184],[-83.24981,35.51879]]},"properties":{"net":"sm3083","o":1}},{"type":"Feature","geometry":{"type":"LineString","coordinates":[[-83.25376,35.54042],[-83.25404,35.53915],[-83.25476,35.53779]]},"properties":{"net":"NC3046","o":1}},{"type":"Feature","geometry":{"type":"LineString","coordinates":[[-83.27426,35.57375],[-83.27419,35.57351],[-83.27365,35.57325],[-83.27343,35.57281],[-83.27111,35.57161],[-83.27072,35.57106],[-83.27038,35.57089],[-83.27005,35.57045],[-83.26999,35.56996],[-83.26969,35.56951],[-83.26964,35.56922],[-83.26995,35.56842],[-83.27031,35.56823],[-83.27065,35.56753]]},"properties":{"net":"sm3084","o":3}},{"type":"Feature","geometry":{"type":"LineString","coordinates":[[-83.26853,35.56626],[-83.26913,35.56591],[-83.27072,35.56545]]},"properties":{"net":"sm3084","o":1}},{"type":"Feature","geometry":{"type":"LineString","coordinates":[[-83.2689,35.561],[-83.2687,35.56126],[-83.26856,35.56176],[-83.26809,35.56211],[-83.26809,35.56222]]},"properties":{"net":"sm3084","o":1}},{"type":"Feature","geometry":{"type":"LineString","coordinates":[[-83.2664,35.56978],[-83.26598,35.57012],[-83.26532,35.57016],[-83.26495,35.57037]]},"properties":{"net":"NC3046","o":1}},{"type":"Feature","geometry":{"type":"LineString","coordinates":[[-83.26937,35.57284],[-83.26861,35.57271],[-83.26772,35.5723],[-83.26634,35.57191],[-83.26586,35.57194],[-83.26553,35.57185],[-83.26503,35.5715],[-83.26398,35.5711],[-83.26368,35.57078]]},"properties":{"net":"NC3046","o":1}},{"type":"Feature","geometry":{"type":"LineString","coordinates":[[-83.26671,35.57516],[-83.26579,35.57568],[-83.26486,35.57605],[-83.26423,35.57655],[-83.2634,35.57678],[-83.2631,35.5766]]},"properties":{"net":"NC3046","o":1}},{"type":"Feature","geometry":{"type":"LineString","coordinates":[[-83.26523,35.58564],[-83.26488,35.58493],[-83.265,35.58446]]},"properties":{"net":"NC3046","o":4}},{"type":"Feature","geometry":{"type":"LineString","coordinates":[[-83.26495,35.58777],[-83.26482,35.58734],[-83.26514,35.58652],[-83.26523,35.58564]]},"properties":{"net":"NC3046","o":4}},{"type":"Feature","geometry":{"type":"LineString","coordinates":[[-83.25738,35.58937],[-83.25785,35.58979],[-83.25877,35.58995],[-83.25908,35.58997],[-83.26049,35.58969],[-83.26246,35.58966]]},"properties":{"net":"NC3046","o":1}},{"type":"Feature","geometry":{"type":"LineString","coordinates":[[-83.46955,35.40584],[-83.46877,35.40621]]},"properties":{"net":"out","o":4}},{"type":"Feature","geometry":{"type":"LineString","coordinates":[[-83.48038,35.44375],[-83.48104,35.44374],[-83.48156,35.4433]]},"properties":{"net":"out","o":4}},{"type":"Feature","geometry":{"type":"LineString","coordinates":[[-83.25272,35.53556],[-83.25365,35.53582],[-83.25385,35.53595]]},"properties":{"net":"NC3046","o":3}},{"type":"Feature","geometry":{"type":"LineString","coordinates":[[-83.25177,35.53476],[-83.25214,35.53495],[-83.25234,35.53531],[-83.25272,35.53556]]},"properties":{"net":"NC3046","o":3}},{"type":"Feature","geometry":{"type":"LineString","coordinates":[[-83.24881,35.52903],[-83.24916,35.5286],[-83.24971,35.52874],[-83.25028,35.5283],[-83.25051,35.52764],[-83.25053,35.52725],[-83.25074,35.52685],[-83.25076,35.52616]]},"properties":{"net":"sm3083","o":1}},{"type":"Feature","geometry":{"type":"LineString","coordinates":[[-83.24821,35.53547],[-83.24879,35.53511],[-83.25016,35.53496],[-83.25095,35.53465],[-83.25162,35.53469]]},"properties":{"net":"NC3046","o":1}},{"type":"Feature","geometry":{"type":"LineString","coordinates":[[-83.24722,35.53842],[-83.24819,35.53866]]},"properties":{"net":"NC3046","o":2}},{"type":"Feature","geometry":{"type":"LineString","coordinates":[[-83.24688,35.52458],[-83.24734,35.52492],[-83.24858,35.52503],[-83.24881,35.52516],[-83.24943,35.52527],[-83.2497,35.52558]]},"properties":{"net":"sm3083","o":1}},{"type":"Feature","geometry":{"type":"LineString","coordinates":[[-83.25796,35.56891],[-83.25689,35.56926],[-83.25585,35.56918],[-83.25524,35.56894]]},"properties":{"net":"NC3046","o":2}},{"type":"Feature","geometry":{"type":"LineString","coordinates":[[-83.26491,35.58446],[-83.265,35.58446]]},"properties":{"net":"NC3046","o":1}},{"type":"Feature","geometry":{"type":"LineString","coordinates":[[-83.24605,35.53042],[-83.2462,35.53062],[-83.24642,35.53159],[-83.24659,35.53194],[-83.24712,35.53257]]},"properties":{"net":"NC3046","o":1}},{"type":"Feature","geometry":{"type":"LineString","coordinates":[[-83.24577,35.5194],[-83.2462,35.52076]]},"properties":{"net":"sm3083","o":1}},{"type":"Feature","geometry":{"type":"LineString","coordinates":[[-83.24508,35.52488],[-83.24549,35.5252],[-83.24578,35.5253],[-83.24658,35.52527],[-83.24703,35.52541],[-83.2488,35.5254],[-83.24936,35.52545],[-83.2497,35.52558]]},"properties":{"net":"sm3083","o":2}},{"type":"Feature","geometry":{"type":"LineString","coordinates":[[-83.2425,35.53236],[-83.24345,35.53289],[-83.24362,35.53318],[-83.24429,35.53328]]},"properties":{"net":"NC3046","o":1}},{"type":"Feature","geometry":{"type":"LineString","coordinates":[[-83.24138,35.52404],[-83.24176,35.52436],[-83.24296,35.52481],[-83.24387,35.52539]]},"properties":{"net":"sm3083","o":1}},{"type":"Feature","geometry":{"type":"LineString","coordinates":[[-83.24095,35.52452],[-83.24221,35.5248],[-83.24257,35.52509],[-83.24341,35.52542],[-83.24387,35.52539]]},"properties":{"net":"sm3083","o":1}},{"type":"Feature","geometry":{"type":"LineString","coordinates":[[-83.23876,35.52542],[-83.23907,35.52632]]},"properties":{"net":"NC3046","o":1}},{"type":"Feature","geometry":{"type":"LineString","coordinates":[[-83.25196,35.55971],[-83.25214,35.55902]]},"properties":{"net":"NC3046","o":1}},{"type":"Feature","geometry":{"type":"LineString","coordinates":[[-83.25208,35.54746],[-83.25176,35.54775],[-83.25147,35.54821],[-83.25166,35.54905],[-83.25156,35.54942]]},"properties":{"net":"NC3046","o":2}},{"type":"Feature","geometry":{"type":"LineString","coordinates":[[-83.25214,35.55902],[-83.25153,35.55876],[-83.25125,35.55853]]},"properties":{"net":"NC3046","o":2}},{"type":"Feature","geometry":{"type":"LineString","coordinates":[[-83.26637,35.62149],[-83.26577,35.62106],[-83.26563,35.6208],[-83.26519,35.62053],[-83.2648,35.6201],[-83.26543,35.61927],[-83.26542,35.61872],[-83.26552,35.61847],[-83.26615,35.61797],[-83.26625,35.61765],[-83.26664,35.61737],[-83.26717,35.61681],[-83.26754,35.61667]]},"properties":{"net":"NC3046","o":1}},{"type":"Feature","geometry":{"type":"LineString","coordinates":[[-83.26497,35.61254],[-83.26437,35.61229],[-83.26395,35.61184],[-83.26232,35.61129],[-83.26201,35.61123],[-83.26151,35.61135],[-83.26112,35.6113]]},"properties":{"net":"NC3046","o":3}},{"type":"Feature","geometry":{"type":"LineString","coordinates":[[-83.25347,35.61042],[-83.25475,35.61019],[-83.25543,35.6102],[-83.25594,35.61009],[-83.25617,35.60989],[-83.25656,35.6098],[-83.25815,35.60982],[-83.25907,35.60949]]},"properties":{"net":"NC3046","o":4}},{"type":"Feature","geometry":{"type":"LineString","coordinates":[[-83.27319,35.64947],[-83.27084,35.64763],[-83.27053,35.64753],[-83.27025,35.64705],[-83.26988,35.64681],[-83.26917,35.64515],[-83.2692,35.64479],[-83.26903,35.64409],[-83.26908,35.64349],[-83.26887,35.64328],[-83.26889,35.64293]]},"properties":{"net":"NC3046","o":1}},{"type":"Feature","geometry":{"type":"LineString","coordinates":[[-83.26235,35.64494],[-83.26233,35.64482]]},"properties":{"net":"NC3046","o":3}},{"type":"Feature","geometry":{"type":"LineString","coordinates":[[-83.24654,35.55294],[-83.2471,35.55231],[-83.24767,35.55207],[-83.24919,35.55204],[-83.24992,35.55187],[-83.25057,35.55193]]},"properties":{"net":"NC3046","o":1}},{"type":"Feature","geometry":{"type":"LineString","coordinates":[[-83.24413,35.55865],[-83.24521,35.55934],[-83.24584,35.56016],[-83.24652,35.56079],[-83.24675,35.56075],[-83.24734,35.56019],[-83.24775,35.55915],[-83.24805,35.55889]]},"properties":{"net":"NC3046","o":5}},{"type":"Feature","geometry":{"type":"LineString","coordinates":[[-83.24118,35.55705],[-83.2418,35.55734],[-83.2423,35.5581],[-83.24253,35.55829],[-83.24318,35.55841]]},"properties":{"net":"NC3046","o":5}},{"type":"Feature","geometry":{"type":"LineString","coordinates":[[-83.25649,35.64912],[-83.25665,35.64893],[-83.25696,35.64878],[-83.25728,35.64824],[-83.25753,35.64819],[-83.25786,35.64784],[-83.25814,35.64778],[-83.25829,35.64751],[-83.25857,35.6474],[-83.25874,35.64717],[-83.25912,35.6471],[-83.25929,35.64674],[-83.25991,35.64635],[-83.26004,35.64613],[-83.26051,35.64592],[-83.26088,35.64591],[-83.26136,35.64561],[-83.2617,35.64511],[-83.26216,35.64488]]},"properties":{"net":"NC3046","o":2}},{"type":"Feature","geometry":{"type":"LineString","coordinates":[[-83.26736,35.66948],[-83.26754,35.66929],[-83.26769,35.66856],[-83.26745,35.66735],[-83.26728,35.66702],[-83.26644,35.66667],[-83.26582,35.66611],[-83.26572,35.66574],[-83.26589,35.66523],[-83.26584,35.66442],[-83.26515,35.66349],[-83.26471,35.66246],[-83.26459,35.66191],[-83.26416,35.66137],[-83.26417,35.66096]]},"properties":{"net":"NC3046","o":3}},{"type":"Feature","geometry":{"type":"LineString","coordinates":[[-83.27201,35.65695],[-83.27262,35.65666],[-83.27293,35.65629],[-83.27302,35.65602],[-83.27289,35.65586],[-83.27238,35.65574],[-83.27155,35.65527],[-83.27135,35.65442],[-83.27067,35.65322],[-83.2704,35.65302],[-83.27007,35.65303],[-83.26909,35.65358],[-83.26882,35.65403],[-83.26876,35.65478],[-83.26856,35.65498],[-83.2679,35.65512],[-83.26714,35.655],[-83.26667,35.65475],[-83.26619,35.65426],[-83.26533,35.65294],[-83.26516,35.65251],[-83.26533,35.6517],[-83.26547,35.65016],[-83.26575,35.65012],[-83.26619,35.65054],[-83.26655,35.65051],[-83.2667,35.65036],[-83.26672,35.65013],[-83.26646,35.64939],[-83.2663,35.64907],[-83.266,35.64879],[-83.26471,35.6486],[-83.26383,35.64813],[-83.26329,35.64713]]},"properties":{"net":"NC3046","o":3}},{"type":"Feature","geometry":{"type":"LineString","coordinates":[[-83.25546,35.65985],[-83.2556,35.65969],[-83.25565,35.65922],[-83.25581,35.659],[-83.2558,35.65849],[-83.25683,35.65747],[-83.25695,35.65665],[-83.25727,35.65614],[-83.25736,35.65564],[-83.25761,35.65521],[-83.25732,35.6543],[-83.25686,35.65349],[-83.25681,35.65296],[-83.25624,35.65215],[-83.25618,35.65153],[-83.25628,35.65073],[-83.25608,35.64989],[-83.25649,35.64912]]},"properties":{"net":"NC3046","o":1}},{"type":"Feature","geometry":{"type":"LineString","coordinates":[[-83.4828,35.42864],[-83.4835,35.42841],[-83.48415,35.42803],[-83.48491,35.42775]]},"properties":{"net":"out","o":7}},{"type":"Feature","geometry":{"type":"LineString","coordinates":[[-83.4764,35.42924],[-83.47722,35.4293]]},"properties":{"net":"out","o":7}},{"type":"Feature","geometry":{"type":"LineString","coordinates":[[-83.47581,35.41705],[-83.47535,35.41789]]},"properties":{"net":"out","o":4}},{"type":"Feature","geometry":{"type":"LineString","coordinates":[[-83.25053,35.55153],[-83.25045,35.55178],[-83.25057,35.55193]]},"properties":{"net":"NC3046","o":3}},{"type":"Feature","geometry":{"type":"LineString","coordinates":[[-83.24907,35.54482],[-83.24883,35.54527]]},"properties":{"net":"NC3046","o":2}},{"type":"Feature","geometry":{"type":"LineString","coordinates":[[-83.24077,35.5443],[-83.24038,35.54415],[-83.24004,35.54415],[-83.23957,35.54441]]},"properties":{"net":"NC3046","o":1}},{"type":"Feature","geometry":{"type":"LineString","coordinates":[[-83.23946,35.55654],[-83.24025,35.55683]]},"properties":{"net":"NC3046","o":5}},{"type":"Feature","geometry":{"type":"LineString","coordinates":[[-83.2381,35.54392],[-83.23771,35.54363],[-83.23689,35.54337]]},"properties":{"net":"NC3046","o":2}},{"type":"Feature","geometry":{"type":"LineString","coordinates":[[-83.23614,35.54026],[-83.23578,35.54105]]},"properties":{"net":"NC3046","o":3}},{"type":"Feature","geometry":{"type":"LineString","coordinates":[[-83.23689,35.54337],[-83.2366,35.54315],[-83.23594,35.54288],[-83.23563,35.54253],[-83.23457,35.5418]]},"properties":{"net":"NC3046","o":2}},{"type":"Feature","geometry":{"type":"LineString","coordinates":[[-83.25532,35.57138],[-83.25535,35.57131]]},"properties":{"net":"NC3046","o":2}},{"type":"Feature","geometry":{"type":"LineString","coordinates":[[-83.25523,35.57714],[-83.25512,35.57699],[-83.25479,35.57681],[-83.25465,35.57639]]},"properties":{"net":"NC3046","o":2}},{"type":"Feature","geometry":{"type":"LineString","coordinates":[[-83.25524,35.56894],[-83.25454,35.5689]]},"properties":{"net":"NC3046","o":2}},{"type":"Feature","geometry":{"type":"LineString","coordinates":[[-83.25341,35.58083],[-83.25392,35.58029],[-83.25403,35.57943],[-83.25428,35.57894],[-83.25467,35.57868],[-83.25536,35.57797],[-83.25544,35.57773],[-83.25524,35.57743],[-83.25523,35.57714]]},"properties":{"net":"NC3046","o":1}},{"type":"Feature","geometry":{"type":"LineString","coordinates":[[-83.25004,35.56687],[-83.25005,35.56681]]},"properties":{"net":"NC3046","o":1}},{"type":"Feature","geometry":{"type":"LineString","coordinates":[[-83.24609,35.56263],[-83.24745,35.56297],[-83.24799,35.56298],[-83.24866,35.56271],[-83.24887,35.56235],[-83.24896,35.5619]]},"properties":{"net":"NC3046","o":5}},{"type":"Feature","geometry":{"type":"LineString","coordinates":[[-83.24605,35.5627],[-83.24609,35.56263]]},"properties":{"net":"NC3046","o":1}},{"type":"Feature","geometry":{"type":"LineString","coordinates":[[-83.24545,35.57544],[-83.24512,35.57553]]},"properties":{"net":"NC3046","o":1}},{"type":"Feature","geometry":{"type":"LineString","coordinates":[[-83.24809,35.56624],[-83.24723,35.5658],[-83.24632,35.56552],[-83.24586,35.56553],[-83.24486,35.56588]]},"properties":{"net":"NC3046","o":4}},{"type":"Feature","geometry":{"type":"LineString","coordinates":[[-83.24412,35.57665],[-83.24415,35.5765]]},"properties":{"net":"NC3046","o":2}},{"type":"Feature","geometry":{"type":"LineString","coordinates":[[-83.24645,35.58099],[-83.24623,35.58088],[-83.24608,35.58046],[-83.24572,35.58023],[-83.24575,35.57928],[-83.24531,35.57892],[-83.24524,35.57842],[-83.245,35.57796],[-83.24465,35.57776],[-83.24408,35.57798]]},"properties":{"net":"NC3046","o":2}},{"type":"Feature","geometry":{"type":"LineString","coordinates":[[-83.24299,35.57771],[-83.24308,35.57773]]},"properties":{"net":"NC3046","o":1}},{"type":"Feature","geometry":{"type":"LineString","coordinates":[[-83.24273,35.56414],[-83.24277,35.5641]]},"properties":{"net":"NC3046","o":1}},{"type":"Feature","geometry":{"type":"LineString","coordinates":[[-83.24191,35.57716],[-83.24299,35.57771]]},"properties":{"net":"NC3046","o":1}},{"type":"Feature","geometry":{"type":"LineString","coordinates":[[-83.43137,35.50407],[-83.43108,35.50339],[-83.43103,35.50286],[-83.43118,35.50242],[-83.43208,35.50148]]},"properties":{"net":"out","o":4}},{"type":"Feature","geometry":{"type":"LineString","coordinates":[[-83.4202,35.52083],[-83.42027,35.52045],[-83.42065,35.52004],[-83.42112,35.51917],[-83.42157,35.51885],[-83.42322,35.51867],[-83.42526,35.51869],[-83.42618,35.51839],[-83.42617,35.51789],[-83.42602,35.51747],[-83.42577,35.51715],[-83.42475,35.51638]]},"properties":{"net":"out","o":4}},{"type":"Feature","geometry":{"type":"LineString","coordinates":[[-83.46382,35.4088],[-83.46332,35.40957]]},"properties":{"net":"out","o":4}},{"type":"Feature","geometry":{"type":"LineString","coordinates":[[-83.42115,35.40962],[-83.4215,35.40989]]},"properties":{"net":"NC6241","o":4}},{"type":"Feature","geometry":{"type":"LineString","coordinates":[[-83.41941,35.39884],[-83.42016,35.39922],[-83.42109,35.40037],[-83.4212,35.40078],[-83.42095,35.40121],[-83.42124,35.40163]]},"properties":{"net":"NC6241","o":4}},{"type":"Feature","geometry":{"type":"LineString","coordinates":[[-83.4079,35.41135],[-83.40801,35.41182]]},"properties":{"net":"NC6241","o":4}},{"type":"Feature","geometry":{"type":"LineString","coordinates":[[-83.40745,35.41044],[-83.4079,35.41135]]},"properties":{"net":"NC6241","o":4}},{"type":"Feature","geometry":{"type":"LineString","coordinates":[[-83.36573,35.47614],[-83.36594,35.47554]]},"properties":{"net":"sm3080","o":2}},{"type":"Feature","geometry":{"type":"LineString","coordinates":[[-83.36595,35.46038],[-83.36592,35.46017],[-83.36552,35.45984]]},"properties":{"net":"NC3046","o":1}},{"type":"Feature","geometry":{"type":"LineString","coordinates":[[-83.3639,35.45623],[-83.36399,35.45667],[-83.3637,35.45701]]},"properties":{"net":"NC3046","o":1}},{"type":"Feature","geometry":{"type":"LineString","coordinates":[[-83.36993,35.4817],[-83.3698,35.48142],[-83.3698,35.48086]]},"properties":{"net":"sm3080","o":1}},{"type":"Feature","geometry":{"type":"LineString","coordinates":[[-83.41393,35.43146],[-83.41423,35.43169],[-83.41522,35.43206],[-83.41595,35.43219]]},"properties":{"net":"out","o":7}},{"type":"Feature","geometry":{"type":"LineString","coordinates":[[-83.37498,35.4456],[-83.37568,35.44611]]},"properties":{"net":"out","o":6}},{"type":"Feature","geometry":{"type":"LineString","coordinates":[[-83.36893,35.44599],[-83.36883,35.44563]]},"properties":{"net":"NC3046","o":1}},{"type":"Feature","geometry":{"type":"LineString","coordinates":[[-83.36755,35.44544],[-83.36757,35.44569]]},"properties":{"net":"NC3046","o":1}},{"type":"Feature","geometry":{"type":"LineString","coordinates":[[-83.36681,35.4517],[-83.36679,35.45128]]},"properties":{"net":"NC3046","o":1}},{"type":"Feature","geometry":{"type":"LineString","coordinates":[[-83.35853,35.44697],[-83.359,35.44724],[-83.35934,35.44729],[-83.36002,35.44781],[-83.36144,35.44809],[-83.36236,35.44781],[-83.36362,35.44769],[-83.36413,35.4475],[-83.36483,35.44748],[-83.36514,35.44737],[-83.36574,35.44743]]},"properties":{"net":"NC3046","o":1}},{"type":"Feature","geometry":{"type":"LineString","coordinates":[[-83.37952,35.46362],[-83.37851,35.4633],[-83.37764,35.46289],[-83.37715,35.46287],[-83.37646,35.4631],[-83.37575,35.4635],[-83.37457,35.46445]]},"properties":{"net":"sm3080","o":1}},{"type":"Feature","geometry":{"type":"LineString","coordinates":[[-83.37451,35.47131],[-83.37447,35.47119]]},"properties":{"net":"sm3080","o":2}},{"type":"Feature","geometry":{"type":"LineString","coordinates":[[-83.37457,35.46445],[-83.37388,35.46408]]},"properties":{"net":"sm3080","o":2}},{"type":"Feature","geometry":{"type":"LineString","coordinates":[[-83.37334,35.46984],[-83.37312,35.46948],[-83.37287,35.46939],[-83.37265,35.46904]]},"properties":{"net":"sm3080","o":2}},{"type":"Feature","geometry":{"type":"LineString","coordinates":[[-83.36909,35.47679],[-83.36912,35.47635],[-83.36939,35.47583]]},"properties":{"net":"sm3080","o":2}},{"type":"Feature","geometry":{"type":"LineString","coordinates":[[-83.37106,35.48051],[-83.37069,35.47967],[-83.37033,35.47938],[-83.36999,35.47884],[-83.37001,35.47806],[-83.36952,35.47754],[-83.36909,35.47679]]},"properties":{"net":"sm3080","o":1}},{"type":"Feature","geometry":{"type":"LineString","coordinates":[[-83.36909,35.45796],[-83.36898,35.45779]]},"properties":{"net":"NC3046","o":1}},{"type":"Feature","geometry":{"type":"LineString","coordinates":[[-83.36605,35.45833],[-83.36612,35.45815]]},"properties":{"net":"NC3046","o":2}},{"type":"Feature","geometry":{"type":"LineString","coordinates":[[-83.36357,35.46436],[-83.36289,35.46412],[-83.36248,35.46409]]},"properties":{"net":"sm3080","o":4}},{"type":"Feature","geometry":{"type":"LineString","coordinates":[[-83.36204,35.45731],[-83.36195,35.45708]]},"properties":{"net":"NC3046","o":1}},{"type":"Feature","geometry":{"type":"LineString","coordinates":[[-83.36164,35.4563],[-83.36171,35.45654],[-83.36203,35.45679]]},"properties":{"net":"NC3046","o":2}},{"type":"Feature","geometry":{"type":"LineString","coordinates":[[-83.36294,35.48155],[-83.36292,35.48115],[-83.36241,35.48029],[-83.36215,35.4801],[-83.3619,35.47893],[-83.36166,35.47834],[-83.3614,35.47818],[-83.36108,35.47823],[-83.36078,35.47797],[-83.3607,35.47769],[-83.36023,35.47737],[-83.35983,35.47677],[-83.35969,35.47626],[-83.3598,35.4761]]},"properties":{"net":"NC3046","o":1}},{"type":"Feature","geometry":{"type":"LineString","coordinates":[[-83.36429,35.47936],[-83.36436,35.47922],[-83.36487,35.4789],[-83.36542,35.47818],[-83.36548,35.47711]]},"properties":{"net":"sm3080","o":1}},{"type":"Feature","geometry":{"type":"LineString","coordinates":[[-83.36615,35.48767],[-83.36562,35.48746],[-83.3648,35.48695],[-83.36363,35.48681],[-83.36327,35.48688]]},"properties":{"net":"NC3046","o":1}},{"type":"Feature","geometry":{"type":"LineString","coordinates":[[-83.3642,35.48471],[-83.36311,35.48529],[-83.36282,35.48569]]},"properties":{"net":"NC3046","o":1}},{"type":"Feature","geometry":{"type":"LineString","coordinates":[[-83.35824,35.47113],[-83.35819,35.47101],[-83.3579,35.47086],[-83.3579,35.47074]]},"properties":{"net":"NC3046","o":2}},{"type":"Feature","geometry":{"type":"LineString","coordinates":[[-83.35735,35.46663],[-83.35673,35.46645],[-83.35623,35.46678],[-83.35584,35.46676]]},"properties":{"net":"NC3046","o":1}},{"type":"Feature","geometry":{"type":"LineString","coordinates":[[-83.3522,35.46901],[-83.35209,35.46896],[-83.35202,35.46873],[-83.35209,35.46863],[-83.35187,35.46818]]},"properties":{"net":"NC3046","o":5}},{"type":"Feature","geometry":{"type":"LineString","coordinates":[[-83.36325,35.55286],[-83.36302,35.55341],[-83.36305,35.55383],[-83.36292,35.55399],[-83.36291,35.55436],[-83.36254,35.5548],[-83.36249,35.55503]]},"properties":{"net":"NC3046","o":2}},{"type":"Feature","geometry":{"type":"LineString","coordinates":[[-83.37818,35.59299],[-83.37744,35.59209],[-83.37687,35.59199],[-83.37627,35.59211],[-83.37537,35.59182],[-83.37496,35.59156],[-83.37464,35.59103],[-83.37445,35.59092],[-83.37416,35.59089],[-83.37319,35.59116],[-83.37281,35.59112],[-83.37238,35.59123],[-83.37225,35.59121],[-83.37193,35.59077],[-83.37157,35.5907],[-83.37134,35.59077]]},"properties":{"net":"NC3046","o":3}},{"type":"Feature","geometry":{"type":"LineString","coordinates":[[-83.37909,35.58227],[-83.37897,35.58253],[-83.37869,35.58273],[-83.37809,35.58389],[-83.37744,35.5848],[-83.3768,35.58541],[-83.37633,35.58561],[-83.37586,35.58598],[-83.37523,35.58631],[-83.37501,35.58658],[-83.37488,35.58706],[-83.37448,35.58765],[-83.37414,35.58788],[-83.37369,35.58839],[-83.37345,35.5891],[-83.37326,35.58937],[-83.37305,35.58952],[-83.37235,35.58974],[-83.37191,35.59028],[-83.37131,35.59068],[-83.37134,35.59077]]},"properties":{"net":"NC3046","o":1}},{"type":"Feature","geometry":{"type":"LineString","coordinates":[[-83.36104,35.43211],[-83.36086,35.43298],[-83.36052,35.43371],[-83.35825,35.43564],[-83.35826,35.43578],[-83.35769,35.43656],[-83.3574,35.43725],[-83.35726,35.43775],[-83.35728,35.43816]]},"properties":{"net":"out","o":6}},{"type":"Feature","geometry":{"type":"LineString","coordinates":[[-83.35328,35.45072],[-83.35304,35.45115],[-83.35275,35.45205]]},"properties":{"net":"NC3046","o":1}},{"type":"Feature","geometry":{"type":"LineString","coordinates":[[-83.35015,35.45215],[-83.35048,35.45202],[-83.3507,35.4518]]},"properties":{"net":"NC3046","o":1}},{"type":"Feature","geometry":{"type":"LineString","coordinates":[[-83.34824,35.45524],[-83.34847,35.4551]]},"properties":{"net":"NC3046","o":3}},{"type":"Feature","geometry":{"type":"LineString","coordinates":[[-83.34802,35.45452],[-83.34828,35.4547],[-83.34847,35.4551]]},"properties":{"net":"NC3046","o":1}},{"type":"Feature","geometry":{"type":"LineString","coordinates":[[-83.36162,35.45748],[-83.36157,35.45729]]},"properties":{"net":"NC3046","o":4}},{"type":"Feature","geometry":{"type":"LineString","coordinates":[[-83.35978,35.46859],[-83.36051,35.46826],[-83.36113,35.46707],[-83.36162,35.4667]]},"properties":{"net":"sm3080","o":1}},{"type":"Feature","geometry":{"type":"LineString","coordinates":[[-83.07541,35.24242],[-83.07597,35.24281],[-83.07609,35.24317],[-83.07661,35.24365],[-83.07677,35.24464],[-83.07735,35.24516],[-83.07742,35.24538],[-83.07816,35.2459],[-83.07942,35.2459],[-83.0799,35.24566],[-83.08037,35.24515],[-83.08057,35.24464],[-83.08064,35.24383],[-83.08099,35.24328],[-83.08099,35.24314],[-83.08151,35.24263],[-83.08222,35.2426],[-83.08371,35.24373],[-83.08393,35.24376],[-83.08439,35.24411],[-83.08478,35.24419],[-83.08524,35.24453],[-83.08557,35.24452],[-83.08591,35.24473],[-83.08751,35.24594],[-83.08752,35.24612],[-83.0878,35.24634]]},"properties":{"net":"NC3026","o":4}},{"type":"Feature","geometry":{"type":"LineString","coordinates":[[-83.06915,35.24059],[-83.07223,35.24145]]},"properties":{"net":"NC3028","o":4}},{"type":"Feature","geometry":{"type":"LineString","coordinates":[[-83.07669,35.33676],[-83.07741,35.33559],[-83.07829,35.33489],[-83.07858,35.33439],[-83.07866,35.33392],[-83.07837,35.33358],[-83.07831,35.33294],[-83.07791,35.33231],[-83.07797,35.33205],[-83.07847,35.33124],[-83.07853,35.33081],[-83.07832,35.33034],[-83.07757,35.32966],[-83.07687,35.32853],[-83.07634,35.32739],[-83.07632,35.32674],[-83.07596,35.32554],[-83.07538,35.32437],[-83.07495,35.32224],[-83.07509,35.32195],[-83.07551,35.32155],[-83.07577,35.32098],[-83.07589,35.32034],[-83.07589,35.3188],[-83.07529,35.31736],[-83.0748,35.31687],[-83.07419,35.31648],[-83.07395,35.31602],[-83.07484,35.31462],[-83.07555,35.31402],[-83.07589,35.31309],[-83.07638,35.31232],[-83.07653,35.31172],[-83.07714,35.31111]]},"properties":{"net":"NC3252","o":1}},{"type":"Feature","geometry":{"type":"LineString","coordinates":[[-83.05726,35.2407],[-83.05757,35.24125],[-83.059,35.2415],[-83.0615,35.24028]]},"properties":{"net":"NC3028","o":4}},{"type":"Feature","geometry":{"type":"LineString","coordinates":[[-83.06439,35.31201],[-83.06476,35.31204],[-83.06563,35.31238]]},"properties":{"net":"NC3252","o":4}},{"type":"Feature","geometry":{"type":"LineString","coordinates":[[-83.02055,35.22139],[-83.0208,35.22144],[-83.02124,35.22121],[-83.02258,35.22014],[-83.02314,35.21995],[-83.02412,35.22026],[-83.02538,35.221],[-83.02603,35.22262],[-83.02731,35.22466],[-83.02751,35.22596],[-83.02776,35.22616]]},"properties":{"net":"NC3028","o":4}},{"type":"Feature","geometry":{"type":"LineString","coordinates":[[-83.04508,35.15567],[-83.04527,35.15582],[-83.04537,35.15606],[-83.04565,35.157],[-83.04571,35.15764],[-83.04553,35.15824],[-83.04461,35.16012],[-83.04456,35.16081],[-83.04365,35.16121],[-83.04238,35.16202],[-83.04123,35.16226]]},"properties":{"net":"NC3027","o":1}},{"type":"Feature","geometry":{"type":"LineString","coordinates":[[-83.036,35.15102],[-83.03603,35.15169],[-83.03628,35.15254],[-83.03603,35.15317],[-83.03605,35.15359],[-83.03712,35.15476],[-83.03734,35.15545],[-83.03722,35.15623],[-83.03772,35.15694],[-83.03786,35.15733],[-83.03736,35.15793],[-83.03651,35.15934],[-83.03567,35.16015],[-83.0352,35.16076]]},"properties":{"net":"NC3027","o":1}},{"type":"Feature","geometry":{"type":"LineString","coordinates":[[-83.02625,35.37511],[-83.02591,35.37477]]},"properties":{"net":"NC3252","o":1}},{"type":"Feature","geometry":{"type":"LineString","coordinates":[[-83.00371,35.17357],[-83.0037,35.17369]]},"properties":{"net":"NC3027","o":3}},{"type":"Feature","geometry":{"type":"LineString","coordinates":[[-82.99986,35.19439],[-82.99891,35.19454],[-82.99828,35.19494],[-82.99796,35.19524],[-82.99737,35.19609],[-82.99645,35.19687],[-82.99424,35.19691],[-82.99318,35.19672],[-82.99221,35.19698]]},"properties":{"net":"NC3027","o":1}},{"type":"Feature","geometry":{"type":"LineString","coordinates":[[-82.99825,35.20935],[-82.99931,35.21028],[-83.00004,35.21112],[-83.00055,35.21149],[-83.00077,35.21265],[-83.0003,35.21363]]},"properties":{"net":"NC3027","o":3}},{"type":"Feature","geometry":{"type":"LineString","coordinates":[[-83.00017,35.30556],[-83.00046,35.30611],[-83.00066,35.30714],[-83.00051,35.30863],[-83.00067,35.3101],[-83.00108,35.31128],[-83.00118,35.31473]]},"properties":{"net":"NC3252","o":1}},{"type":"Feature","geometry":{"type":"LineString","coordinates":[[-83.22008,35.53767],[-83.22023,35.53881],[-83.22075,35.53946],[-83.22114,35.54019],[-83.22116,35.54042],[-83.22099,35.54083],[-83.22126,35.54132]]},"properties":{"net":"NC3046","o":3}},{"type":"Feature","geometry":{"type":"LineString","coordinates":[[-83.21965,35.52728],[-83.22042,35.5278]]},"properties":{"net":"NC3046","o":2}},{"type":"Feature","geometry":{"type":"LineString","coordinates":[[-83.21853,35.52681],[-83.21898,35.52684],[-83.21965,35.52728]]},"properties":{"net":"NC3046","o":1}},{"type":"Feature","geometry":{"type":"LineString","coordinates":[[-83.21573,35.53731],[-83.21529,35.53756],[-83.21502,35.53785],[-83.21475,35.53875],[-83.21427,35.53913],[-83.21424,35.53943],[-83.21408,35.53974]]},"properties":{"net":"NC3046","o":1}},{"type":"Feature","geometry":{"type":"LineString","coordinates":[[-83.22093,35.54139],[-83.22126,35.54132]]},"properties":{"net":"NC3046","o":4}},{"type":"Feature","geometry":{"type":"LineString","coordinates":[[-83.22009,35.54064],[-83.22046,35.54087],[-83.22093,35.54139]]},"properties":{"net":"NC3046","o":1}},{"type":"Feature","geometry":{"type":"LineString","coordinates":[[-83.21761,35.5497],[-83.21782,35.55013],[-83.21815,35.55045],[-83.2198,35.5511],[-83.22069,35.55161],[-83.22124,35.55209],[-83.222,35.55231],[-83.22227,35.55272]]},"properties":{"net":"sm3086","o":1}},{"type":"Feature","geometry":{"type":"LineString","coordinates":[[-83.21757,35.54464],[-83.21793,35.54442],[-83.21805,35.54368],[-83.21864,35.54308],[-83.21896,35.54254]]},"properties":{"net":"NC3046","o":1}},{"type":"Feature","geometry":{"type":"LineString","coordinates":[[-83.21551,35.37501],[-83.21567,35.37479]]},"properties":{"net":"out","o":5}},{"type":"Feature","geometry":{"type":"LineString","coordinates":[[-83.21576,35.37595],[-83.21547,35.37523],[-83.21551,35.37501]]},"properties":{"net":"out","o":5}},{"type":"Feature","geometry":{"type":"LineString","coordinates":[[-83.221,35.44712],[-83.22234,35.44851],[-83.22304,35.4496],[-83.22377,35.45022],[-83.22398,35.45053],[-83.2241,35.45131],[-83.22403,35.4526]]},"properties":{"net":"NC3046","o":1}},{"type":"Feature","geometry":{"type":"LineString","coordinates":[[-83.22006,35.47893],[-83.2208,35.47721],[-83.22088,35.47646],[-83.22067,35.47576],[-83.2207,35.47534],[-83.22146,35.47423],[-83.22173,35.47404]]},"properties":{"net":"sm3076","o":2}},{"type":"Feature","geometry":{"type":"LineString","coordinates":[[-83.22173,35.47404],[-83.2224,35.47351]]},"properties":{"net":"NC3046","o":2}},{"type":"Feature","geometry":{"type":"LineString","coordinates":[[-83.21274,35.49673],[-83.21365,35.49549],[-83.21437,35.4942],[-83.21453,35.49354],[-83.21468,35.49216],[-83.21508,35.49101]]},"properties":{"net":"sm3073","o":2}},{"type":"Feature","geometry":{"type":"LineString","coordinates":[[-83.23233,35.53653],[-83.23234,35.53674],[-83.23269,35.53687],[-83.23274,35.53699]]},"properties":{"net":"NC3046","o":1}},{"type":"Feature","geometry":{"type":"LineString","coordinates":[[-83.2319,35.52597],[-83.23191,35.5262],[-83.23141,35.52723]]},"properties":{"net":"NC3046","o":2}},{"type":"Feature","geometry":{"type":"LineString","coordinates":[[-83.22202,35.53355],[-83.22123,35.53374],[-83.22074,35.53405],[-83.22064,35.53422]]},"properties":{"net":"NC3046","o":2}},{"type":"Feature","geometry":{"type":"LineString","coordinates":[[-83.23457,35.5418],[-83.23313,35.54182],[-83.23273,35.54197]]},"properties":{"net":"NC3046","o":3}},{"type":"Feature","geometry":{"type":"LineString","coordinates":[[-83.23162,35.55038],[-83.23208,35.55097]]},"properties":{"net":"NC3046","o":5}},{"type":"Feature","geometry":{"type":"LineString","coordinates":[[-83.23125,35.55802],[-83.23137,35.55781],[-83.232,35.55747]]},"properties":{"net":"NC3046","o":2}},{"type":"Feature","geometry":{"type":"LineString","coordinates":[[-83.23073,35.55746],[-83.23122,35.55736],[-83.232,35.55747]]},"properties":{"net":"NC3046","o":1}},{"type":"Feature","geometry":{"type":"LineString","coordinates":[[-83.22722,35.55288],[-83.22735,35.55189],[-83.22779,35.55121],[-83.22763,35.55076],[-83.22766,35.55055]]},"properties":{"net":"sm3086","o":1}},{"type":"Feature","geometry":{"type":"LineString","coordinates":[[-83.22371,35.54283],[-83.22386,35.54231],[-83.22402,35.54208],[-83.2245,35.54201]]},"properties":{"net":"NC3046","o":1}},{"type":"Feature","geometry":{"type":"LineString","coordinates":[[-83.22285,35.55269],[-83.22341,35.55257],[-83.22354,35.55223],[-83.22427,35.55172],[-83.22451,35.55137],[-83.22475,35.55121]]},"properties":{"net":"sm3086","o":4}},{"type":"Feature","geometry":{"type":"LineString","coordinates":[[-83.21575,35.54462],[-83.21575,35.54423],[-83.21529,35.54373]]},"properties":{"net":"sm3085","o":1}},{"type":"Feature","geometry":{"type":"LineString","coordinates":[[-83.21584,35.54696],[-83.21564,35.54666],[-83.21557,35.54628],[-83.21538,35.54608],[-83.21492,35.54579],[-83.21475,35.54553],[-83.21379,35.54518]]},"properties":{"net":"sm3085","o":1}},{"type":"Feature","geometry":{"type":"LineString","coordinates":[[-83.23,35.56351],[-83.23009,35.56288],[-83.22941,35.56219],[-83.22931,35.56155]]},"properties":{"net":"NC3046","o":1}},{"type":"Feature","geometry":{"type":"LineString","coordinates":[[-83.2197,35.5883],[-83.22004,35.5878],[-83.22011,35.58707],[-83.22063,35.58618],[-83.22084,35.58463],[-83.22109,35.584],[-83.22188,35.58324],[-83.22227,35.58239],[-83.22271,35.58187],[-83.22287,35.58067],[-83.22286,35.57964],[-83.22306,35.57907],[-83.2231,35.57837]]},"properties":{"net":"NC3046","o":1}},{"type":"Feature","geometry":{"type":"LineString","coordinates":[[-83.197,35.33477],[-83.19713,35.33508],[-83.19723,35.33589],[-83.19747,35.33638],[-83.19782,35.33664],[-83.19826,35.3368],[-83.19899,35.33696],[-83.1997,35.33693],[-83.20009,35.33705],[-83.2013,35.33805],[-83.20162,35.3388],[-83.20184,35.34001],[-83.20217,35.34095]]},"properties":{"net":"NC6252","o":5}},{"type":"Feature","geometry":{"type":"LineString","coordinates":[[-83.21217,35.3856],[-83.21343,35.38476],[-83.21395,35.38424]]},"properties":{"net":"out","o":5}},{"type":"Feature","geometry":{"type":"LineString","coordinates":[[-83.20403,35.39024],[-83.20428,35.38983],[-83.20485,35.38979],[-83.20531,35.38961]]},"properties":{"net":"out","o":5}},{"type":"Feature","geometry":{"type":"LineString","coordinates":[[-83.20163,35.4442],[-83.20208,35.44527],[-83.20281,35.44639],[-83.20361,35.4469],[-83.20475,35.44811]]},"properties":{"net":"sm3081","o":1}},{"type":"Feature","geometry":{"type":"LineString","coordinates":[[-83.15475,35.28533],[-83.15463,35.28525]]},"properties":{"net":"NC3252","o":1}},{"type":"Feature","geometry":{"type":"LineString","coordinates":[[-83.15322,35.40949],[-83.15376,35.40937],[-83.15437,35.40897],[-83.15502,35.40826],[-83.15592,35.40692],[-83.15674,35.40657],[-83.15734,35.40608],[-83.1583,35.40558],[-83.15841,35.40536]]},"properties":{"net":"out","o":5}},{"type":"Feature","geometry":{"type":"LineString","coordinates":[[-83.15528,35.45164],[-83.15833,35.45383],[-83.15961,35.45435]]},"properties":{"net":"NC3046","o":1}},{"type":"Feature","geometry":{"type":"LineString","coordinates":[[-83.15034,35.47666],[-83.15066,35.47669],[-83.15298,35.47623],[-83.15356,35.47619],[-83.15462,35.47635],[-83.15548,35.47691]]},"properties":{"net":"sm54735","o":2}},{"type":"Feature","geometry":{"type":"LineString","coordinates":[[-83.14466,35.3321],[-83.14539,35.3318],[-83.14583,35.33148],[-83.14623,35.33096],[-83.14701,35.33065],[-83.14801,35.32988],[-83.14882,35.32949],[-83.14908,35.32925],[-83.14991,35.32903],[-83.15049,35.32874],[-83.15075,35.32844],[-83.15108,35.32767],[-83.15243,35.32577],[-83.15413,35.32492],[-83.15478,35.32436]]},"properties":{"net":"NC3252","o":2}},{"type":"Feature","geometry":{"type":"LineString","coordinates":[[-83.16239,35.40252],[-83.16315,35.40217],[-83.16333,35.40195]]},"properties":{"net":"out","o":5}},{"type":"Feature","geometry":{"type":"LineString","coordinates":[[-83.1689,35.45178],[-83.17005,35.45411],[-83.17051,35.45462],[-83.17146,35.45527]]},"properties":{"net":"NC3046","o":1}},{"type":"Feature","geometry":{"type":"LineString","coordinates":[[-83.16031,35.45063],[-83.16006,35.45263],[-83.15961,35.45435]]},"properties":{"net":"NC3046","o":1}},{"type":"Feature","geometry":{"type":"LineString","coordinates":[[-83.16676,35.576],[-83.16664,35.57552],[-83.16634,35.575],[-83.16631,35.57446],[-83.1655,35.57278],[-83.16553,35.57188],[-83.16547,35.57156],[-83.16525,35.57115],[-83.16523,35.56955],[-83.16511,35.56927],[-83.16517,35.56863],[-83.16511,35.5682],[-83.1653,35.56754],[-83.16517,35.56712],[-83.16544,35.56677],[-83.16543,35.56652],[-83.16551,35.56642],[-83.16624,35.56604],[-83.16682,35.56498],[-83.1676,35.56428],[-83.16797,35.56362],[-83.16856,35.56324]]},"properties":{"net":"NC3046","o":1}},{"type":"Feature","geometry":{"type":"LineString","coordinates":[[-83.13584,35.23751],[-83.13578,35.23777],[-83.13552,35.238],[-83.13477,35.23839],[-83.13273,35.23837],[-83.13144,35.23882],[-83.13067,35.23885],[-83.13039,35.23876],[-83.13011,35.23864],[-83.12948,35.23807],[-83.12889,35.23728],[-83.12834,35.23626],[-83.12724,35.23526],[-83.12633,35.23462],[-83.12493,35.23433]]},"properties":{"net":"NC3029","o":4}},{"type":"Feature","geometry":{"type":"LineString","coordinates":[[-83.1378,35.28094],[-83.13776,35.28103]]},"properties":{"net":"NC3252","o":1}},{"type":"Feature","geometry":{"type":"LineString","coordinates":[[-83.13776,35.28103],[-83.13894,35.28214],[-83.13924,35.28253],[-83.13924,35.28267],[-83.13989,35.28341],[-83.14214,35.2855],[-83.14296,35.28656],[-83.1431,35.287],[-83.14351,35.28767],[-83.1448,35.28859]]},"properties":{"net":"NC3252","o":5}},{"type":"Feature","geometry":{"type":"LineString","coordinates":[[-83.1448,35.28859],[-83.14618,35.28967]]},"properties":{"net":"NC3252","o":5}},{"type":"Feature","geometry":{"type":"LineString","coordinates":[[-83.13556,35.34103],[-83.13598,35.34093],[-83.13613,35.3406],[-83.13652,35.34024],[-83.13733,35.33971],[-83.13794,35.33909],[-83.1385,35.33887],[-83.13851,35.33836],[-83.13908,35.33768],[-83.13924,35.33718],[-83.14066,35.33632]]},"properties":{"net":"NC3252","o":2}},{"type":"Feature","geometry":{"type":"LineString","coordinates":[[-83.13077,35.3559],[-83.1309,35.35555],[-83.13068,35.35486],[-83.13076,35.35406],[-83.13124,35.3534],[-83.13124,35.35237],[-83.1309,35.35194],[-83.13097,35.35136],[-83.13111,35.35102],[-83.13146,35.35059],[-83.1314,35.34993],[-83.13185,35.34926],[-83.13238,35.34883]]},"properties":{"net":"NC3252","o":2}},{"type":"Feature","geometry":{"type":"LineString","coordinates":[[-83.1276,35.3361],[-83.12833,35.33636],[-83.12949,35.33613],[-83.13013,35.33631],[-83.13149,35.3372],[-83.13162,35.33738],[-83.13182,35.33813],[-83.13349,35.33941],[-83.13386,35.34],[-83.1344,35.3404],[-83.13556,35.34103]]},"properties":{"net":"NC3252","o":1}},{"type":"Feature","geometry":{"type":"LineString","coordinates":[[-83.1451,35.41299],[-83.14557,35.41239],[-83.1455,35.41161],[-83.14562,35.41093],[-83.14619,35.40981],[-83.14645,35.40957],[-83.14731,35.40914],[-83.14804,35.40859],[-83.14899,35.40807]]},"properties":{"net":"out","o":4}},{"type":"Feature","geometry":{"type":"LineString","coordinates":[[-83.13835,35.39839],[-83.13735,35.39925],[-83.13723,35.39948],[-83.13726,35.39984],[-83.13764,35.40019],[-83.13897,35.40049],[-83.13954,35.40042],[-83.14021,35.39994],[-83.14059,35.40011],[-83.14121,35.40101],[-83.14154,35.40172],[-83.14158,35.40192],[-83.14141,35.40241],[-83.14147,35.40393],[-83.1417,35.40472],[-83.14193,35.4049]]},"properties":{"net":"out","o":4}},{"type":"Feature","geometry":{"type":"LineString","coordinates":[[-83.12791,35.39764],[-83.12918,35.39754],[-83.13121,35.39804],[-83.13213,35.39846],[-83.13352,35.39881]]},"properties":{"net":"out","o":4}},{"type":"Feature","geometry":{"type":"LineString","coordinates":[[-83.11179,35.26514],[-83.11307,35.26645],[-83.11349,35.26729],[-83.11402,35.26799],[-83.11482,35.26851],[-83.11726,35.26896],[-83.11875,35.269],[-83.12152,35.26837],[-83.12302,35.26821]]},"properties":{"net":"NC3252","o":4}},{"type":"Feature","geometry":{"type":"LineString","coordinates":[[-83.11184,35.32822],[-83.11215,35.32822]]},"properties":{"net":"NC3252","o":3}},{"type":"Feature","geometry":{"type":"LineString","coordinates":[[-83.12579,35.39975],[-83.12634,35.399],[-83.12716,35.39813],[-83.12791,35.39764]]},"properties":{"net":"out","o":4}},{"type":"Feature","geometry":{"type":"LineString","coordinates":[[-83.10791,35.25732],[-83.10806,35.25735]]},"properties":{"net":"NC3252","o":1}},{"type":"Feature","geometry":{"type":"LineString","coordinates":[[-83.08926,35.3056],[-83.09013,35.3052],[-83.09049,35.30465]]},"properties":{"net":"NC3252","o":4}},{"type":"Feature","geometry":{"type":"LineString","coordinates":[[-83.10516,35.35087],[-83.10379,35.35005],[-83.10306,35.34937],[-83.10237,35.34829],[-83.10171,35.34681],[-83.10117,35.346],[-83.10074,35.34567],[-83.10001,35.34539],[-83.09921,35.34485],[-83.09788,35.34445]]},"properties":{"net":"NC3252","o":1}},{"type":"Feature","geometry":{"type":"LineString","coordinates":[[-83.32218,35.54989],[-83.3212,35.55079],[-83.32091,35.55242]]},"properties":{"net":"NC3046","o":1}},{"type":"Feature","geometry":{"type":"LineString","coordinates":[[-83.29787,35.60463],[-83.2979,35.60406],[-83.29777,35.60325],[-83.29793,35.60245],[-83.29883,35.60189],[-83.30002,35.60169],[-83.30051,35.60124]]},"properties":{"net":"NC3046","o":2}},{"type":"Feature","geometry":{"type":"LineString","coordinates":[[-83.29089,35.58684],[-83.29131,35.58634],[-83.29189,35.58602],[-83.29353,35.5857],[-83.29453,35.58541],[-83.29494,35.58518],[-83.29538,35.58516],[-83.2961,35.58529],[-83.29803,35.58647],[-83.29991,35.58724],[-83.30049,35.58733],[-83.30163,35.58778],[-83.30235,35.58766],[-83.30298,35.58774],[-83.3036,35.58795],[-83.30388,35.58824],[-83.30504,35.58859],[-83.30546,35.58854],[-83.30578,35.5883],[-83.3066,35.58839],[-83.30692,35.58823],[-83.30745,35.58837],[-83.309,35.58852],[-83.30935,35.58841],[-83.31025,35.58837],[-83.31065,35.5882],[-83.31081,35.58775]]},"properties":{"net":"NC3046","o":1}},{"type":"Feature","geometry":{"type":"LineString","coordinates":[[-83.30762,35.61254],[-83.30805,35.6123],[-83.30893,35.61202],[-83.31039,35.61218],[-83.3113,35.61209],[-83.31198,35.61175],[-83.31229,35.61126],[-83.31289,35.61107],[-83.31341,35.61066],[-83.31371,35.61057],[-83.31525,35.61071],[-83.31567,35.611]]},"properties":{"net":"NC3046","o":1}},{"type":"Feature","geometry":{"type":"LineString","coordinates":[[-83.30686,35.62463],[-83.30709,35.62375],[-83.30808,35.62287],[-83.30961,35.62213],[-83.31097,35.62174],[-83.3117,35.62104],[-83.31194,35.62052],[-83.31204,35.61991],[-83.31242,35.61947],[-83.31207,35.61886],[-83.31226,35.61862],[-83.31235,35.61825],[-83.31288,35.61789],[-83.31312,35.61756],[-83.31323,35.6172],[-83.31342,35.61703],[-83.31357,35.61656],[-83.31341,35.6162]]},"properties":{"net":"NC3046","o":1}},{"type":"Feature","geometry":{"type":"LineString","coordinates":[[-83.30836,35.65091],[-83.3069,35.65098],[-83.30578,35.65127]]},"properties":{"net":"NC3046","o":1}},{"type":"Feature","geometry":{"type":"LineString","coordinates":[[-83.32197,35.50212],[-83.32107,35.50202],[-83.32052,35.50182],[-83.32007,35.50177],[-83.31958,35.50149]]},"properties":{"net":"NC3046","o":1}},{"type":"Feature","geometry":{"type":"LineString","coordinates":[[-83.32542,35.50666],[-83.32383,35.50674],[-83.32257,35.50653],[-83.32204,35.50629],[-83.32059,35.50598],[-83.31962,35.50555],[-83.31884,35.50539],[-83.31833,35.50515],[-83.31767,35.5051],[-83.31706,35.5047],[-83.31601,35.50466]]},"properties":{"net":"NC3046","o":1}},{"type":"Feature","geometry":{"type":"LineString","coordinates":[[-83.32066,35.54751],[-83.32015,35.54763],[-83.31979,35.548],[-83.31929,35.54821],[-83.31916,35.54851],[-83.31896,35.54867],[-83.31727,35.5486],[-83.31677,35.54881],[-83.31611,35.54881],[-83.31558,35.549],[-83.31456,35.54962],[-83.31413,35.55021],[-83.31348,35.55082],[-83.31227,35.55122],[-83.31204,35.55119],[-83.31159,35.55077],[-83.31051,35.55014],[-83.31013,35.55006],[-83.30978,35.54986],[-83.30984,35.54944],[-83.30974,35.54907],[-83.30925,35.54897]]},"properties":{"net":"NC3046","o":1}},{"type":"Feature","geometry":{"type":"LineString","coordinates":[[-83.34044,35.57667],[-83.33955,35.57476]]},"properties":{"net":"NC3046","o":4}},{"type":"Feature","geometry":{"type":"LineString","coordinates":[[-83.33965,35.56772],[-83.33906,35.56758],[-83.33889,35.56729],[-83.33842,35.56717],[-83.33798,35.56728],[-83.33792,35.56752],[-83.33731,35.56746],[-83.3369,35.56766],[-83.3365,35.56767],[-83.33597,35.567],[-83.3356,35.5669],[-83.33501,35.56716],[-83.33455,35.56691],[-83.33362,35.56601],[-83.33317,35.56601]]},"properties":{"net":"NC3046","o":4}},{"type":"Feature","geometry":{"type":"LineString","coordinates":[[-83.34072,35.59462],[-83.33986,35.59479],[-83.33838,35.59559],[-83.33635,35.59566],[-83.3356,35.59594],[-83.3354,35.59611],[-83.33442,35.59634],[-83.33403,35.59672],[-83.33273,35.59731],[-83.33162,35.59728],[-83.33082,35.59743],[-83.33011,35.59716],[-83.32899,35.59742],[-83.32758,35.59712],[-83.32696,35.59714],[-83.32661,35.59691],[-83.32677,35.59645],[-83.32681,35.59597],[-83.32672,35.59582],[-83.3265,35.59576]]},"properties":{"net":"NC3046","o":1}},{"type":"Feature","geometry":{"type":"LineString","coordinates":[[-83.3324,35.61441],[-83.33164,35.61408],[-83.33104,35.61364],[-83.33019,35.61322],[-83.32985,35.61287]]},"properties":{"net":"NC3046","o":1}},{"type":"Feature","geometry":{"type":"LineString","coordinates":[[-83.32832,35.61519],[-83.32946,35.61412],[-83.32973,35.61355],[-83.32975,35.61303],[-83.32985,35.61287]]},"properties":{"net":"NC3046","o":3}},{"type":"Feature","geometry":{"type":"LineString","coordinates":[[-83.33022,35.64423],[-83.32974,35.64369],[-83.32892,35.64332],[-83.32874,35.64266],[-83.32867,35.642],[-83.32815,35.64149],[-83.32804,35.64121]]},"properties":{"net":"NC3046","o":2}},{"type":"Feature","geometry":{"type":"LineString","coordinates":[[-83.32971,35.62696],[-83.32964,35.62658],[-83.3289,35.62569],[-83.32842,35.62557],[-83.32738,35.62556],[-83.32623,35.62439]]},"properties":{"net":"NC3046","o":3}},{"type":"Feature","geometry":{"type":"LineString","coordinates":[[-83.31502,35.63808],[-83.31535,35.63766],[-83.3159,35.63732],[-83.3163,35.63664],[-83.31658,35.6354],[-83.3165,35.63436],[-83.31668,35.63377],[-83.3167,35.63328],[-83.31715,35.63273],[-83.31768,35.63239],[-83.31789,35.63172],[-83.31758,35.63124],[-83.31759,35.63077],[-83.31814,35.63001],[-83.31862,35.62893],[-83.319,35.62863],[-83.31958,35.62844],[-83.32042,35.6274],[-83.32081,35.62725],[-83.32119,35.62671],[-83.3221,35.62637],[-83.3229,35.62573],[-83.32339,35.62567],[-83.32421,35.6258],[-83.32452,35.62595],[-83.32508,35.62592],[-83.3257,35.62485],[-83.32623,35.62439]]},"properties":{"net":"NC3046","o":2}},{"type":"Feature","geometry":{"type":"LineString","coordinates":[[-83.31023,35.45854],[-83.31043,35.45812],[-83.31104,35.45753]]},"properties":{"net":"NC3046","o":1}},{"type":"Feature","geometry":{"type":"LineString","coordinates":[[-83.31022,35.4587],[-83.31023,35.45854]]},"properties":{"net":"NC3046","o":1}},{"type":"Feature","geometry":{"type":"LineString","coordinates":[[-83.30878,35.49935],[-83.30954,35.4995],[-83.30985,35.49971]]},"properties":{"net":"NC3046","o":1}},{"type":"Feature","geometry":{"type":"LineString","coordinates":[[-83.30283,35.50209],[-83.30355,35.50144],[-83.30378,35.5008],[-83.3049,35.49973]]},"properties":{"net":"NC3046","o":1}},{"type":"Feature","geometry":{"type":"LineString","coordinates":[[-83.3016,35.50664],[-83.3017,35.50653]]},"properties":{"net":"NC3046","o":1}},{"type":"Feature","geometry":{"type":"LineString","coordinates":[[-83.30902,35.55118],[-83.30915,35.55118]]},"properties":{"net":"NC3046","o":2}},{"type":"Feature","geometry":{"type":"LineString","coordinates":[[-83.30724,35.54714],[-83.30715,35.5472]]},"properties":{"net":"NC3046","o":1}},{"type":"Feature","geometry":{"type":"LineString","coordinates":[[-83.3026,35.55041],[-83.30314,35.55066],[-83.30368,35.55055],[-83.30396,35.55036],[-83.30456,35.55033],[-83.30537,35.5499],[-83.30657,35.54945],[-83.3071,35.5488],[-83.30712,35.54851],[-83.30693,35.5481],[-83.30709,35.54784],[-83.30716,35.54732]]},"properties":{"net":"NC3046","o":1}},{"type":"Feature","geometry":{"type":"LineString","coordinates":[[-83.2911,35.50698],[-83.29163,35.50645],[-83.29338,35.50591],[-83.29357,35.50573]]},"properties":{"net":"NC3046","o":1}},{"type":"Feature","geometry":{"type":"LineString","coordinates":[[-83.29038,35.50468],[-83.29114,35.50441],[-83.29152,35.50436],[-83.29202,35.50444],[-83.29241,35.50432]]},"properties":{"net":"NC3046","o":1}},{"type":"Feature","geometry":{"type":"LineString","coordinates":[[-83.2903,35.51751],[-83.2908,35.51781],[-83.29127,35.51776]]},"properties":{"net":"NC3046","o":1}},{"type":"Feature","geometry":{"type":"LineString","coordinates":[[-83.28622,35.50102],[-83.28667,35.50127],[-83.28794,35.50146],[-83.28881,35.50199]]},"properties":{"net":"NC3046","o":3}},{"type":"Feature","geometry":{"type":"LineString","coordinates":[[-83.28594,35.50106],[-83.28622,35.50102]]},"properties":{"net":"NC3046","o":2}},{"type":"Feature","geometry":{"type":"LineString","coordinates":[[-83.28617,35.4986],[-83.28632,35.49918],[-83.28592,35.49963],[-83.28601,35.50015],[-83.28591,35.50034]]},"properties":{"net":"NC3046","o":1}},{"type":"Feature","geometry":{"type":"LineString","coordinates":[[-83.30585,35.36954],[-83.30421,35.37027],[-83.30271,35.37072],[-83.30203,35.37118],[-83.30178,35.37169]]},"properties":{"net":"out","o":4}},{"type":"Feature","geometry":{"type":"LineString","coordinates":[[-83.29426,35.44955],[-83.29496,35.44958],[-83.29603,35.44945],[-83.29733,35.44895],[-83.29748,35.44885],[-83.29778,35.44818],[-83.29813,35.4478],[-83.29877,35.44674],[-83.30019,35.44595],[-83.30066,35.44609],[-83.30112,35.44601]]},"properties":{"net":"NC3046","o":3}},{"type":"Feature","geometry":{"type":"LineString","coordinates":[[-83.31969,35.46301],[-83.31964,35.46306]]},"properties":{"net":"NC3046","o":1}},{"type":"Feature","geometry":{"type":"LineString","coordinates":[[-83.31963,35.46855],[-83.31963,35.46838]]},"properties":{"net":"NC3046","o":1}},{"type":"Feature","geometry":{"type":"LineString","coordinates":[[-83.31902,35.46837],[-83.31963,35.46838]]},"properties":{"net":"NC3046","o":6}},{"type":"Feature","geometry":{"type":"LineString","coordinates":[[-83.31867,35.47451],[-83.31746,35.47405]]},"properties":{"net":"NC3046","o":6}},{"type":"Feature","geometry":{"type":"LineString","coordinates":[[-83.31746,35.47405],[-83.31569,35.47319]]},"properties":{"net":"NC3046","o":6}},{"type":"Feature","geometry":{"type":"LineString","coordinates":[[-83.312,35.45826],[-83.31275,35.4591],[-83.314,35.46025],[-83.31446,35.46089]]},"properties":{"net":"NC3046","o":3}},{"type":"Feature","geometry":{"type":"LineString","coordinates":[[-83.30962,35.47054],[-83.31035,35.47006],[-83.31101,35.46882],[-83.31104,35.46837],[-83.31012,35.46768],[-83.30947,35.46689],[-83.30827,35.46513],[-83.30815,35.46486],[-83.30812,35.46441],[-83.30828,35.46427],[-83.30905,35.4642],[-83.30948,35.46405],[-83.30996,35.46362],[-83.31057,35.46274],[-83.31136,35.46204],[-83.3124,35.46182],[-83.31309,35.46139],[-83.31391,35.46127],[-83.31434,35.46094],[-83.31449,35.46094]]},"properties":{"net":"NC3046","o":4}},{"type":"Feature","geometry":{"type":"LineString","coordinates":[[-83.3035,35.46946],[-83.30348,35.46941]]},"properties":{"net":"NC3046","o":1}},{"type":"Feature","geometry":{"type":"LineString","coordinates":[[-83.31993,35.4781],[-83.31979,35.47814]]},"properties":{"net":"NC3046","o":1}},{"type":"Feature","geometry":{"type":"LineString","coordinates":[[-83.31985,35.47994],[-83.31974,35.47991]]},"properties":{"net":"NC3046","o":2}},{"type":"Feature","geometry":{"type":"LineString","coordinates":[[-83.31974,35.47794],[-83.31955,35.47734]]},"properties":{"net":"NC3046","o":6}},{"type":"Feature","geometry":{"type":"LineString","coordinates":[[-83.31546,35.48593],[-83.31554,35.48491],[-83.31523,35.4848]]},"properties":{"net":"NC3046","o":1}},{"type":"Feature","geometry":{"type":"LineString","coordinates":[[-83.31503,35.48474],[-83.31517,35.48426]]},"properties":{"net":"NC3046","o":6}},{"type":"Feature","geometry":{"type":"LineString","coordinates":[[-83.31476,35.48773],[-83.3147,35.48589],[-83.31503,35.48474]]},"properties":{"net":"NC3046","o":6}},{"type":"Feature","geometry":{"type":"LineString","coordinates":[[-83.31399,35.49154],[-83.31442,35.49008]]},"properties":{"net":"NC3046","o":6}},{"type":"Feature","geometry":{"type":"LineString","coordinates":[[-83.31313,35.49418],[-83.31318,35.49323],[-83.3138,35.49209]]},"properties":{"net":"NC3046","o":6}},{"type":"Feature","geometry":{"type":"LineString","coordinates":[[-83.31262,35.49466],[-83.31287,35.49464]]},"properties":{"net":"NC3046","o":2}},{"type":"Feature","geometry":{"type":"LineString","coordinates":[[-83.30443,35.49202],[-83.3051,35.49239],[-83.30568,35.49253],[-83.30606,35.49279],[-83.30645,35.49288],[-83.30714,35.49283],[-83.30782,35.49306],[-83.30813,35.49333],[-83.30815,35.49368],[-83.30837,35.49388],[-83.3088,35.49361],[-83.30916,35.49364],[-83.31043,35.49192]]},"properties":{"net":"NC3046","o":2}},{"type":"Feature","geometry":{"type":"LineString","coordinates":[[-83.30385,35.48218],[-83.30391,35.48238],[-83.30421,35.48252],[-83.30462,35.48304]]},"properties":{"net":"NC3046","o":2}},{"type":"Feature","geometry":{"type":"LineString","coordinates":[[-83.30221,35.49793],[-83.30215,35.49809]]},"properties":{"net":"NC3046","o":1}},{"type":"Feature","geometry":{"type":"LineString","coordinates":[[-83.29916,35.48776],[-83.2995,35.48715],[-83.29977,35.48701]]},"properties":{"net":"NC3046","o":1}},{"type":"Feature","geometry":{"type":"LineString","coordinates":[[-83.29567,35.49091],[-83.29623,35.49088],[-83.29683,35.49114],[-83.29717,35.49114],[-83.29797,35.49099],[-83.29855,35.49075],[-83.299,35.49039],[-83.29941,35.49029]]},"properties":{"net":"NC3046","o":1}},{"type":"Feature","geometry":{"type":"LineString","coordinates":[[-83.31604,35.50589],[-83.31615,35.50554],[-83.31612,35.50494]]},"properties":{"net":"NC3046","o":2}},{"type":"Feature","geometry":{"type":"LineString","coordinates":[[-83.31329,35.50284],[-83.31275,35.50251],[-83.31256,35.50224],[-83.31206,35.50207]]},"properties":{"net":"NC3046","o":2}},{"type":"Feature","geometry":{"type":"LineString","coordinates":[[-83.31198,35.50786],[-83.31216,35.507]]},"properties":{"net":"NC3046","o":2}},{"type":"Feature","geometry":{"type":"LineString","coordinates":[[-83.31166,35.50607],[-83.31118,35.5053]]},"properties":{"net":"NC3046","o":2}},{"type":"Feature","geometry":{"type":"LineString","coordinates":[[-83.30991,35.49985],[-83.31158,35.49937],[-83.31251,35.49886]]},"properties":{"net":"NC3046","o":6}},{"type":"Feature","geometry":{"type":"LineString","coordinates":[[-83.30361,35.52682],[-83.30363,35.52632],[-83.30284,35.52494],[-83.30282,35.5244],[-83.30297,35.52422],[-83.30379,35.52404],[-83.30499,35.52355],[-83.30556,35.52343]]},"properties":{"net":"NC3046","o":5}},{"type":"Feature","geometry":{"type":"LineString","coordinates":[[-83.31375,35.55632],[-83.31366,35.55635]]},"properties":{"net":"NC3046","o":2}},{"type":"Feature","geometry":{"type":"LineString","coordinates":[[-83.31131,35.5552],[-83.31129,35.55513]]},"properties":{"net":"NC3046","o":1}},{"type":"Feature","geometry":{"type":"LineString","coordinates":[[-83.31129,35.55513],[-83.30998,35.55443]]},"properties":{"net":"NC3046","o":5}},{"type":"Feature","geometry":{"type":"LineString","coordinates":[[-83.30991,35.55449],[-83.30998,35.55443]]},"properties":{"net":"NC3046","o":1}},{"type":"Feature","geometry":{"type":"LineString","coordinates":[[-83.30998,35.55443],[-83.30954,35.55403],[-83.30954,35.55298]]},"properties":{"net":"NC3046","o":5}},{"type":"Feature","geometry":{"type":"LineString","coordinates":[[-83.30941,35.55643],[-83.30981,35.55637],[-83.31048,35.55588],[-83.31127,35.55584],[-83.31136,35.55564],[-83.31131,35.5552]]},"properties":{"net":"NC3046","o":1}},{"type":"Feature","geometry":{"type":"LineString","coordinates":[[-83.30971,35.54737],[-83.30955,35.54741],[-83.30936,35.54769],[-83.30932,35.54808]]},"properties":{"net":"NC3046","o":1}},{"type":"Feature","geometry":{"type":"LineString","coordinates":[[-83.31743,35.57843],[-83.31711,35.57845]]},"properties":{"net":"NC3046","o":3}},{"type":"Feature","geometry":{"type":"LineString","coordinates":[[-83.3162,35.58287],[-83.31672,35.58246],[-83.3172,35.58165],[-83.31703,35.58058],[-83.31721,35.57982],[-83.31708,35.57907],[-83.31711,35.57848]]},"properties":{"net":"NC3046","o":1}},{"type":"Feature","geometry":{"type":"LineString","coordinates":[[-83.31081,35.58775],[-83.3107,35.58749],[-83.31072,35.58689],[-83.31099,35.58615],[-83.31086,35.58585],[-83.31085,35.58536],[-83.31141,35.58464],[-83.31198,35.58433],[-83.31201,35.58384],[-83.31216,35.58338],[-83.31183,35.5828],[-83.31217,35.58249],[-83.31231,35.5817],[-83.31294,35.58096],[-83.31272,35.58044],[-83.31286,35.57983],[-83.3127,35.5792],[-83.31288,35.57883],[-83.31246,35.57866]]},"properties":{"net":"NC3046","o":3}},{"type":"Feature","geometry":{"type":"LineString","coordinates":[[-83.30835,35.59103],[-83.30836,35.59075]]},"properties":{"net":"NC3046","o":3}},{"type":"Feature","geometry":{"type":"LineString","coordinates":[[-83.31628,35.59685],[-83.3159,35.5964],[-83.31467,35.59583],[-83.31323,35.59489],[-83.31281,35.59449],[-83.31238,35.59443],[-83.31122,35.59451],[-83.31025,35.59406],[-83.30985,35.59341],[-83.30917,35.59283],[-83.30887,35.59223],[-83.30888,35.59166],[-83.30835,35.59103]]},"properties":{"net":"NC3046","o":1}},{"type":"Feature","geometry":{"type":"LineString","coordinates":[[-83.31042,35.60238],[-83.30914,35.60097],[-83.30817,35.60012],[-83.30717,35.59859],[-83.30642,35.5981],[-83.30616,35.5977],[-83.30502,35.5967],[-83.30501,35.59604],[-83.30512,35.59558],[-83.30542,35.59535]]},"properties":{"net":"NC3046","o":1}},{"type":"Feature","geometry":{"type":"LineString","coordinates":[[-83.30068,35.59721],[-83.30108,35.59698],[-83.30106,35.59654],[-83.30132,35.59632]]},"properties":{"net":"NC3046","o":3}},{"type":"Feature","geometry":{"type":"LineString","coordinates":[[-83.29141,35.43933],[-83.29218,35.43991],[-83.29342,35.44039],[-83.29423,35.44098],[-83.29499,35.44053],[-83.29794,35.43823]]},"properties":{"net":"NC3046","o":1}},{"type":"Feature","geometry":{"type":"LineString","coordinates":[[-83.28935,35.45001],[-83.28922,35.44974]]},"properties":{"net":"NC3046","o":1}},{"type":"Feature","geometry":{"type":"LineString","coordinates":[[-83.28524,35.51427],[-83.28641,35.5148],[-83.28891,35.51516],[-83.28923,35.51508],[-83.28974,35.51513],[-83.29028,35.51494],[-83.29205,35.51558],[-83.29263,35.51568],[-83.29288,35.51611],[-83.29318,35.51695]]},"properties":{"net":"NC3046","o":1}},{"type":"Feature","geometry":{"type":"LineString","coordinates":[[-83.28236,35.51899],[-83.2823,35.51905]]},"properties":{"net":"NC3046","o":2}},{"type":"Feature","geometry":{"type":"LineString","coordinates":[[-83.28125,35.51818],[-83.28125,35.51825]]},"properties":{"net":"NC3046","o":1}},{"type":"Feature","geometry":{"type":"LineString","coordinates":[[-83.28303,35.5152],[-83.28315,35.51568],[-83.28308,35.51584],[-83.28205,35.51708],[-83.28131,35.51755],[-83.28123,35.51767],[-83.28125,35.51818]]},"properties":{"net":"NC3046","o":1}},{"type":"Feature","geometry":{"type":"LineString","coordinates":[[-83.28006,35.51738],[-83.28033,35.5177],[-83.28063,35.5178],[-83.28075,35.51804]]},"properties":{"net":"NC3046","o":2}},{"type":"Feature","geometry":{"type":"LineString","coordinates":[[-83.2468,35.241],[-83.24758,35.24006],[-83.2481,35.2392],[-83.24905,35.23833],[-83.24945,35.23819],[-83.25068,35.23814],[-83.25132,35.23798],[-83.25251,35.23704],[-83.25311,35.23676],[-83.25349,35.23674],[-83.25398,35.23696],[-83.2547,35.23712],[-83.25549,35.23698],[-83.25645,35.23764],[-83.257,35.23751],[-83.25778,35.23766],[-83.259,35.23842],[-83.25941,35.23857]]},"properties":{"net":"sm2656","o":1}},{"type":"Feature","geometry":{"type":"LineString","coordinates":[[-83.25941,35.23857],[-83.26009,35.23877],[-83.26059,35.23914]]},"properties":{"net":"sm2655","o":1}},{"type":"Feature","geometry":{"type":"LineString","coordinates":[[-83.48875,35.43186],[-83.48882,35.4321]]},"properties":{"net":"out","o":7}},{"type":"Feature","geometry":{"type":"LineString","coordinates":[[-83.2789,35.29328],[-83.27797,35.29248],[-83.27772,35.2925],[-83.27738,35.29273],[-83.27714,35.29271],[-83.27673,35.29224],[-83.27636,35.2916],[-83.27552,35.29126],[-83.27463,35.29053],[-83.27425,35.29037]]},"properties":{"net":"NC6252","o":4}},{"type":"Feature","geometry":{"type":"LineString","coordinates":[[-83.29278,35.40349],[-83.29286,35.40414],[-83.2931,35.40449],[-83.29368,35.40506],[-83.29388,35.40507]]},"properties":{"net":"out","o":6}},{"type":"Feature","geometry":{"type":"LineString","coordinates":[[-83.28861,35.4403],[-83.2895,35.44066],[-83.29005,35.44117],[-83.29032,35.44161],[-83.2904,35.4428],[-83.29055,35.44317],[-83.29065,35.44415],[-83.29124,35.44531],[-83.29141,35.44597]]},"properties":{"net":"NC3046","o":1}},{"type":"Feature","geometry":{"type":"LineString","coordinates":[[-83.28631,35.45689],[-83.28797,35.45581],[-83.28973,35.45499],[-83.28997,35.45457],[-83.29018,35.45441],[-83.29071,35.4543],[-83.29116,35.45455],[-83.29206,35.45486],[-83.29351,35.45456]]},"properties":{"net":"NC3046","o":1}},{"type":"Feature","geometry":{"type":"LineString","coordinates":[[-83.29766,35.49283],[-83.2978,35.49328],[-83.29749,35.494],[-83.29763,35.49513]]},"properties":{"net":"NC3046","o":1}},{"type":"Feature","geometry":{"type":"LineString","coordinates":[[-83.29718,35.48733],[-83.29759,35.48729]]},"properties":{"net":"NC3046","o":2}},{"type":"Feature","geometry":{"type":"LineString","coordinates":[[-83.29173,35.49525],[-83.29231,35.49567],[-83.29312,35.49604],[-83.29379,35.49606],[-83.2944,35.49626],[-83.29501,35.49633],[-83.29626,35.49701],[-83.2968,35.49749],[-83.29696,35.49781],[-83.29727,35.49813]]},"properties":{"net":"NC3046","o":1}},{"type":"Feature","geometry":{"type":"LineString","coordinates":[[-83.28964,35.4953],[-83.28972,35.49552],[-83.28969,35.49601]]},"properties":{"net":"NC3046","o":1}},{"type":"Feature","geometry":{"type":"LineString","coordinates":[[-83.29616,35.50628],[-83.29636,35.50581],[-83.2966,35.50565],[-83.29725,35.50549],[-83.29769,35.50515],[-83.29839,35.50495]]},"properties":{"net":"NC3046","o":1}},{"type":"Feature","geometry":{"type":"LineString","coordinates":[[-83.29554,35.50124],[-83.29574,35.50154],[-83.29608,35.50257],[-83.29631,35.50275],[-83.29658,35.5028]]},"properties":{"net":"NC3046","o":3}},{"type":"Feature","geometry":{"type":"LineString","coordinates":[[-83.29281,35.50452],[-83.29333,35.50452],[-83.29383,35.50424],[-83.29465,35.50434],[-83.29493,35.50419]]},"properties":{"net":"NC3046","o":4}},{"type":"Feature","geometry":{"type":"LineString","coordinates":[[-83.26059,35.23914],[-83.26101,35.2398],[-83.26212,35.24051],[-83.26273,35.2413]]},"properties":{"net":"sm2655","o":2}},{"type":"Feature","geometry":{"type":"LineString","coordinates":[[-83.26273,35.2413],[-83.26402,35.24278],[-83.26427,35.24295],[-83.26535,35.24333],[-83.2673,35.24359],[-83.26794,35.24402]]},"properties":{"net":"sm2654","o":2}},{"type":"Feature","geometry":{"type":"LineString","coordinates":[[-83.27613,35.51577],[-83.2766,35.51636],[-83.27672,35.51678],[-83.27756,35.5177],[-83.27787,35.51785],[-83.27812,35.51814]]},"properties":{"net":"NC3046","o":3}},{"type":"Feature","geometry":{"type":"LineString","coordinates":[[-83.27565,35.50205],[-83.27662,35.5014],[-83.27693,35.50087],[-83.27754,35.50037],[-83.2786,35.50002],[-83.27873,35.50001],[-83.27927,35.50035],[-83.28026,35.50066],[-83.2806,35.50089],[-83.2812,35.50099]]},"properties":{"net":"NC3046","o":2}},{"type":"Feature","geometry":{"type":"LineString","coordinates":[[-83.2903,35.53474],[-83.29077,35.53415],[-83.29027,35.53345],[-83.29013,35.53309],[-83.29019,35.53245],[-83.29036,35.53204]]},"properties":{"net":"NC3046","o":1}},{"type":"Feature","geometry":{"type":"LineString","coordinates":[[-83.28908,35.54201],[-83.28987,35.54154],[-83.29066,35.54083],[-83.29079,35.54067],[-83.29082,35.54041],[-83.29115,35.54026],[-83.29127,35.53995],[-83.29138,35.53988],[-83.29165,35.53995],[-83.29235,35.53959],[-83.29263,35.53932],[-83.29305,35.53946],[-83.29402,35.53932],[-83.2945,35.53932],[-83.29481,35.53946],[-83.29524,35.53942],[-83.29681,35.53976],[-83.29749,35.5402]]},"properties":{"net":"NC3046","o":3}},{"type":"Feature","geometry":{"type":"LineString","coordinates":[[-83.25484,35.66667],[-83.25537,35.66687],[-83.25622,35.66691],[-83.25699,35.66718],[-83.25799,35.66716],[-83.25874,35.66729],[-83.25921,35.6672],[-83.25977,35.66663],[-83.26014,35.66575],[-83.26011,35.66523],[-83.25985,35.66494],[-83.25975,35.66456],[-83.25989,35.66362],[-83.26026,35.66326],[-83.26049,35.66317],[-83.26068,35.66263],[-83.2609,35.66256],[-83.26133,35.66263],[-83.26165,35.66245],[-83.26222,35.66239],[-83.26241,35.66228],[-83.26287,35.66165],[-83.26328,35.66159],[-83.26417,35.66096]]},"properties":{"net":"NC3046","o":1}},{"type":"Feature","geometry":{"type":"LineString","coordinates":[[-83.23811,35.57649],[-83.23845,35.57681],[-83.23887,35.57694],[-83.2393,35.57733],[-83.23959,35.57746]]},"properties":{"net":"NC3046","o":1}},{"type":"Feature","geometry":{"type":"LineString","coordinates":[[-83.27425,35.29037],[-83.27368,35.29049],[-83.27306,35.29039],[-83.27261,35.29043]]},"properties":{"net":"NC6252","o":4}},{"type":"Feature","geometry":{"type":"LineString","coordinates":[[-83.26398,35.36988],[-83.26405,35.37005],[-83.26463,35.37066],[-83.2663,35.37205],[-83.26631,35.37227],[-83.26678,35.37275],[-83.26697,35.37324],[-83.26751,35.37404],[-83.26798,35.3752],[-83.26793,35.37529]]},"properties":{"net":"out","o":6}},{"type":"Feature","geometry":{"type":"LineString","coordinates":[[-83.26176,35.36795],[-83.26294,35.36883],[-83.26398,35.36988]]},"properties":{"net":"out","o":6}},{"type":"Feature","geometry":{"type":"LineString","coordinates":[[-82.93004,35.29711],[-82.9317,35.29651],[-82.9334,35.29653],[-82.9345,35.29635],[-82.93668,35.2965],[-82.9377,35.29613],[-82.93829,35.29563],[-82.93914,35.29439],[-82.93969,35.29394],[-82.93989,35.29326],[-82.93994,35.29256]]},"properties":{"net":"sm164859","o":1}},{"type":"Feature","geometry":{"type":"LineString","coordinates":[[-82.93994,35.29256],[-82.94005,35.2922],[-82.94037,35.29187],[-82.94045,35.29144],[-82.94059,35.29132],[-82.94138,35.29113],[-82.94154,35.291],[-82.9422,35.29038],[-82.94306,35.28934],[-82.94315,35.28912],[-82.94301,35.28866],[-82.94306,35.28852],[-82.94327,35.28834],[-82.94374,35.28825],[-82.94389,35.28804],[-82.94396,35.28724],[-82.94387,35.28628],[-82.94357,35.28521],[-82.94322,35.28468],[-82.9432,35.28383],[-82.94353,35.28294],[-82.94344,35.28238],[-82.9431,35.28172],[-82.94314,35.28119],[-82.94249,35.28008],[-82.94133,35.27997],[-82.94096,35.27976]]},"properties":{"net":"NC3027","o":1}},{"type":"Feature","geometry":{"type":"LineString","coordinates":[[-83.24037,35.56272],[-83.24149,35.56227],[-83.24222,35.5614]]},"properties":{"net":"NC3046","o":2}},{"type":"Feature","geometry":{"type":"LineString","coordinates":[[-83.23974,35.56158],[-83.24001,35.5616],[-83.2408,35.56199]]},"properties":{"net":"NC3046","o":1}},{"type":"Feature","geometry":{"type":"LineString","coordinates":[[-83.23939,35.56256],[-83.24037,35.56272]]},"properties":{"net":"NC3046","o":1}},{"type":"Feature","geometry":{"type":"LineString","coordinates":[[-83.25043,35.6664],[-83.25037,35.66598],[-83.24949,35.66483],[-83.249,35.6638],[-83.24849,35.66322],[-83.24819,35.66267],[-83.24811,35.66166],[-83.24822,35.66109],[-83.24813,35.66054],[-83.24819,35.66015],[-83.24784,35.65914],[-83.24775,35.6577],[-83.24783,35.65706],[-83.24732,35.6558],[-83.24738,35.65552],[-83.24728,35.65493],[-83.24746,35.65445],[-83.24735,35.65385],[-83.24745,35.6534],[-83.24719,35.65285],[-83.24711,35.65213],[-83.24722,35.65191],[-83.24714,35.65125],[-83.24685,35.65078],[-83.24682,35.65045],[-83.24689,35.6503],[-83.24737,35.64997],[-83.24747,35.64958],[-83.24744,35.64934],[-83.24765,35.649],[-83.24764,35.64854],[-83.24791,35.64824],[-83.24826,35.64751],[-83.24873,35.64729],[-83.24908,35.64656],[-83.2497,35.64606],[-83.25012,35.6459],[-83.25046,35.64515],[-83.25074,35.64482],[-83.2509,35.64432],[-83.25246,35.64307],[-83.25262,35.643],[-83.25282,35.64304]]},"properties":{"net":"NC3046","o":1}},{"type":"Feature","geometry":{"type":"LineString","coordinates":[[-83.23709,35.63801],[-83.2373,35.63769],[-83.23753,35.6368],[-83.23789,35.636],[-83.23821,35.63564],[-83.23878,35.63534],[-83.23903,35.63507],[-83.23898,35.63428],[-83.23922,35.63357],[-83.23914,35.63289],[-83.23934,35.63267],[-83.23964,35.63198],[-83.23991,35.63174],[-83.24026,35.63159],[-83.24061,35.63037],[-83.2409,35.63024],[-83.24105,35.62989],[-83.24133,35.6297],[-83.24176,35.62916],[-83.24189,35.62818],[-83.24281,35.62691],[-83.24293,35.62686]]},"properties":{"net":"NC3046","o":1}},{"type":"Feature","geometry":{"type":"LineString","coordinates":[[-83.43009,35.46672],[-83.43226,35.46535]]},"properties":{"net":"out","o":4}},{"type":"Feature","geometry":{"type":"LineString","coordinates":[[-83.42358,35.48405],[-83.42325,35.48369],[-83.42317,35.48347],[-83.42362,35.48244],[-83.42392,35.482],[-83.42487,35.48108],[-83.42559,35.48],[-83.42648,35.47911],[-83.42682,35.47837],[-83.42852,35.47649],[-83.42865,35.47597],[-83.42861,35.47539],[-83.42902,35.47405],[-83.42979,35.47331]]},"properties":{"net":"out","o":4}},{"type":"Feature","geometry":{"type":"LineString","coordinates":[[-83.46244,35.42251],[-83.46233,35.42269]]},"properties":{"net":"out","o":4}},{"type":"Feature","geometry":{"type":"LineString","coordinates":[[-83.46233,35.42269],[-83.46518,35.42363]]},"properties":{"net":"out","o":7}},{"type":"Feature","geometry":{"type":"LineString","coordinates":[[-83.46062,35.42226],[-83.46233,35.42269]]},"properties":{"net":"out","o":7}},{"type":"Feature","geometry":{"type":"LineString","coordinates":[[-83.45971,35.422],[-83.46062,35.42226]]},"properties":{"net":"out","o":7}},{"type":"Feature","geometry":{"type":"LineString","coordinates":[[-83.45471,35.42143],[-83.45551,35.42125]]},"properties":{"net":"out","o":7}},{"type":"Feature","geometry":{"type":"LineString","coordinates":[[-83.44848,35.41554],[-83.44862,35.4156],[-83.44887,35.41595]]},"properties":{"net":"out","o":4}},{"type":"Feature","geometry":{"type":"LineString","coordinates":[[-83.44581,35.4284],[-83.44746,35.42776],[-83.44833,35.42754]]},"properties":{"net":"out","o":7}},{"type":"Feature","geometry":{"type":"LineString","coordinates":[[-83.42988,35.43351],[-83.43025,35.43345]]},"properties":{"net":"out","o":7}},{"type":"Feature","geometry":{"type":"LineString","coordinates":[[-83.44115,35.43873],[-83.44097,35.43837]]},"properties":{"net":"out","o":4}},{"type":"Feature","geometry":{"type":"LineString","coordinates":[[-83.4401,35.43687],[-83.44019,35.43679]]},"properties":{"net":"out","o":4}},{"type":"Feature","geometry":{"type":"LineString","coordinates":[[-83.4352,35.49819],[-83.43534,35.49773],[-83.43643,35.49782],[-83.4368,35.49764],[-83.43685,35.49747]]},"properties":{"net":"out","o":4}},{"type":"Feature","geometry":{"type":"LineString","coordinates":[[-83.42459,35.49225],[-83.42461,35.49174],[-83.42518,35.49031],[-83.42556,35.48968],[-83.4255,35.48938]]},"properties":{"net":"out","o":4}},{"type":"Feature","geometry":{"type":"LineString","coordinates":[[-82.94079,35.25503],[-82.94101,35.25472],[-82.94085,35.25432],[-82.93924,35.25335],[-82.93885,35.25292],[-82.93841,35.252],[-82.93844,35.25176],[-82.93857,35.25164]]},"properties":{"net":"NC3027","o":3}},{"type":"Feature","geometry":{"type":"LineString","coordinates":[[-82.92969,35.24772],[-82.93078,35.24854],[-82.93403,35.24999],[-82.93524,35.25102],[-82.93591,35.2511],[-82.93688,35.25084],[-82.93857,35.25164]]},"properties":{"net":"NC3027","o":1}},{"type":"Feature","geometry":{"type":"LineString","coordinates":[[-82.9278,35.27573],[-82.92801,35.27637],[-82.92862,35.27753],[-82.92896,35.27776],[-82.93045,35.27785],[-82.93164,35.27853],[-82.93276,35.27804],[-82.93322,35.27767]]},"properties":{"net":"NC3027","o":1}},{"type":"Feature","geometry":{"type":"LineString","coordinates":[[-83.43117,35.41074],[-83.43117,35.41119],[-83.43125,35.41127],[-83.43088,35.4119]]},"properties":{"net":"NC6241","o":4}},{"type":"Feature","geometry":{"type":"LineString","coordinates":[[-83.42484,35.41268],[-83.42543,35.41312]]},"properties":{"net":"NC6241","o":4}},{"type":"Feature","geometry":{"type":"LineString","coordinates":[[-83.4434,35.42993],[-83.44429,35.42925],[-83.44537,35.42862]]},"properties":{"net":"out","o":7}},{"type":"Feature","geometry":{"type":"LineString","coordinates":[[-83.43905,35.43313],[-83.4391,35.43311]]},"properties":{"net":"out","o":7}},{"type":"Feature","geometry":{"type":"LineString","coordinates":[[-83.43878,35.4333],[-83.43905,35.43313]]},"properties":{"net":"out","o":7}},{"type":"Feature","geometry":{"type":"LineString","coordinates":[[-83.42872,35.41838],[-83.42842,35.41851]]},"properties":{"net":"NC6241","o":5}},{"type":"Feature","geometry":{"type":"LineString","coordinates":[[-83.42772,35.41456],[-83.42811,35.41516],[-83.42818,35.41576],[-83.42849,35.41634],[-83.42911,35.41687]]},"properties":{"net":"NC6241","o":4}},{"type":"Feature","geometry":{"type":"LineString","coordinates":[[-83.43416,35.43943],[-83.43498,35.43907],[-83.43648,35.43901]]},"properties":{"net":"out","o":4}},{"type":"Feature","geometry":{"type":"LineString","coordinates":[[-83.42946,35.44116],[-83.43123,35.44104],[-83.43165,35.4409],[-83.43188,35.44068],[-83.43244,35.4406]]},"properties":{"net":"out","o":4}},{"type":"Feature","geometry":{"type":"LineString","coordinates":[[-83.42792,35.44274],[-83.42808,35.44255],[-83.42824,35.44203]]},"properties":{"net":"out","o":4}},{"type":"Feature","geometry":{"type":"LineString","coordinates":[[-83.42743,35.44305],[-83.42778,35.4429],[-83.42792,35.44274]]},"properties":{"net":"out","o":4}},{"type":"Feature","geometry":{"type":"LineString","coordinates":[[-83.42658,35.44576],[-83.4266,35.44561],[-83.42676,35.44548],[-83.42676,35.44524]]},"properties":{"net":"out","o":4}},{"type":"Feature","geometry":{"type":"LineString","coordinates":[[-83.43702,35.45991],[-83.43767,35.45931]]},"properties":{"net":"out","o":4}},{"type":"Feature","geometry":{"type":"LineString","coordinates":[[-83.4362,35.4615],[-83.43611,35.46051],[-83.43638,35.4602],[-83.43702,35.45991]]},"properties":{"net":"out","o":4}},{"type":"Feature","geometry":{"type":"LineString","coordinates":[[-83.40463,35.60024],[-83.4043,35.60038],[-83.40379,35.60027],[-83.40343,35.60048],[-83.40297,35.60049],[-83.40278,35.60043],[-83.40235,35.60004],[-83.4022,35.59967],[-83.40162,35.59953]]},"properties":{"net":"NC3046","o":3}},{"type":"Feature","geometry":{"type":"LineString","coordinates":[[-83.39976,35.45074],[-83.4003,35.4503],[-83.40073,35.4497]]},"properties":{"net":"out","o":7}},{"type":"Feature","geometry":{"type":"LineString","coordinates":[[-83.40073,35.4497],[-83.40088,35.44899],[-83.40075,35.44847],[-83.39997,35.44749],[-83.39962,35.44688]]},"properties":{"net":"out","o":7}},{"type":"Feature","geometry":{"type":"LineString","coordinates":[[-83.39962,35.44688],[-83.39892,35.44563],[-83.39801,35.44466]]},"properties":{"net":"out","o":7}},{"type":"Feature","geometry":{"type":"LineString","coordinates":[[-83.39734,35.44233],[-83.39781,35.44184],[-83.39858,35.44037],[-83.39887,35.43961],[-83.39888,35.43888],[-83.39873,35.43793]]},"properties":{"net":"out","o":7}},{"type":"Feature","geometry":{"type":"LineString","coordinates":[[-83.3875,35.44901],[-83.3894,35.45041]]},"properties":{"net":"out","o":7}},{"type":"Feature","geometry":{"type":"LineString","coordinates":[[-83.38409,35.44599],[-83.38506,35.44646]]},"properties":{"net":"out","o":7}},{"type":"Feature","geometry":{"type":"LineString","coordinates":[[-83.38385,35.57676],[-83.38362,35.5768],[-83.38257,35.5766],[-83.38109,35.57593],[-83.37937,35.57623],[-83.3776,35.57608],[-83.37655,35.57545],[-83.37524,35.57531],[-83.37487,35.5751]]},"properties":{"net":"sm642639","o":1}},{"type":"Feature","geometry":{"type":"LineString","coordinates":[[-83.00667,35.16313],[-83.0065,35.16338]]},"properties":{"net":"NC3027","o":2}},{"type":"Feature","geometry":{"type":"LineString","coordinates":[[-83.00226,35.2905],[-83.0032,35.29017]]},"properties":{"net":"sm165157","o":1}},{"type":"Feature","geometry":{"type":"LineString","coordinates":[[-83.0032,35.29017],[-83.00368,35.29013],[-83.00483,35.2904],[-83.00516,35.29039],[-83.0055,35.29026],[-83.00629,35.28972],[-83.00808,35.28826],[-83.00861,35.28756],[-83.00971,35.28683],[-83.01005,35.28651],[-83.01046,35.28588],[-83.0107,35.28426],[-83.0111,35.28379],[-83.01164,35.28354]]},"properties":{"net":"sm108220","o":1}},{"type":"Feature","geometry":{"type":"LineString","coordinates":[[-83.02079,35.36713],[-83.02005,35.36546],[-83.01981,35.36466],[-83.01987,35.36435],[-83.02035,35.36358],[-83.02039,35.36325]]},"properties":{"net":"NC3252","o":2}},{"type":"Feature","geometry":{"type":"LineString","coordinates":[[-82.97243,35.21983],[-82.97248,35.21957],[-82.97156,35.21873],[-82.9714,35.21846],[-82.9714,35.2182],[-82.97165,35.21783],[-82.97243,35.21721],[-82.97286,35.21635]]},"properties":{"net":"NC3027","o":3}},{"type":"Feature","geometry":{"type":"LineString","coordinates":[[-82.96966,35.21293],[-82.97015,35.21377],[-82.97096,35.21477],[-82.97122,35.21523],[-82.97258,35.21636],[-82.97286,35.21635]]},"properties":{"net":"NC3027","o":2}},{"type":"Feature","geometry":{"type":"LineString","coordinates":[[-82.96568,35.22857],[-82.96672,35.22759],[-82.96692,35.22725],[-82.96696,35.22586],[-82.96724,35.22533],[-82.96779,35.22474],[-82.96825,35.22383],[-82.96894,35.22347],[-82.97035,35.22342],[-82.97103,35.22315],[-82.97138,35.22245],[-82.97123,35.22177],[-82.97129,35.22129],[-82.97173,35.22094],[-82.97206,35.22016],[-82.97243,35.21983]]},"properties":{"net":"NC3027","o":3}},{"type":"Feature","geometry":{"type":"LineString","coordinates":[[-83.21555,35.62801],[-83.21551,35.62703],[-83.21537,35.62677],[-83.21507,35.62655]]},"properties":{"net":"NC31823","o":4}},{"type":"Feature","geometry":{"type":"LineString","coordinates":[[-83.19832,35.4545],[-83.19878,35.4545],[-83.20022,35.45403],[-83.20129,35.45419],[-83.20269,35.45403]]},"properties":{"net":"sm3081","o":1}},{"type":"Feature","geometry":{"type":"LineString","coordinates":[[-83.20855,35.51947],[-83.20889,35.52054]]},"properties":{"net":"NC3046","o":1}},{"type":"Feature","geometry":{"type":"LineString","coordinates":[[-83.20823,35.52469],[-83.20922,35.52492]]},"properties":{"net":"NC3046","o":1}},{"type":"Feature","geometry":{"type":"LineString","coordinates":[[-83.20706,35.53529],[-83.20714,35.53591],[-83.20731,35.5362],[-83.20759,35.53633],[-83.20813,35.53629],[-83.20843,35.53649]]},"properties":{"net":"NC3046","o":2}},{"type":"Feature","geometry":{"type":"LineString","coordinates":[[-83.20797,35.54538],[-83.20811,35.54553],[-83.20879,35.54567],[-83.20955,35.54602],[-83.21054,35.54608],[-83.21144,35.5465],[-83.21183,35.54683]]},"properties":{"net":"sm3085","o":2}},{"type":"Feature","geometry":{"type":"LineString","coordinates":[[-83.20252,35.49461],[-83.2037,35.49354],[-83.20426,35.49236],[-83.20513,35.49101],[-83.20528,35.49046],[-83.20637,35.48874],[-83.20684,35.48848],[-83.20814,35.48811],[-83.20881,35.4878],[-83.20926,35.48741],[-83.21019,35.48686],[-83.21115,35.48581],[-83.21201,35.48538],[-83.21306,35.48443],[-83.21363,35.48424]]},"properties":{"net":"sm3074","o":1}},{"type":"Feature","geometry":{"type":"LineString","coordinates":[[-83.21394,35.52516],[-83.21294,35.52565],[-83.21272,35.52649]]},"properties":{"net":"NC3046","o":1}},{"type":"Feature","geometry":{"type":"LineString","coordinates":[[-83.21252,35.54099],[-83.213,35.54069],[-83.21319,35.54022],[-83.21352,35.53977],[-83.21376,35.53974],[-83.21421,35.53988]]},"properties":{"net":"NC3046","o":1}},{"type":"Feature","geometry":{"type":"LineString","coordinates":[[-83.21188,35.53769],[-83.21202,35.53797],[-83.21262,35.53838],[-83.213,35.53897],[-83.21364,35.53918],[-83.2138,35.53936]]},"properties":{"net":"NC3046","o":4}},{"type":"Feature","geometry":{"type":"LineString","coordinates":[[-83.2114,35.52944],[-83.21151,35.52989],[-83.21147,35.53024]]},"properties":{"net":"NC3046","o":3}},{"type":"Feature","geometry":{"type":"LineString","coordinates":[[-83.21127,35.53726],[-83.2116,35.53747]]},"properties":{"net":"NC3046","o":4}},{"type":"Feature","geometry":{"type":"LineString","coordinates":[[-83.20323,35.52052],[-83.20217,35.52138],[-83.20205,35.52187]]},"properties":{"net":"NC3046","o":1}},{"type":"Feature","geometry":{"type":"LineString","coordinates":[[-83.20282,35.53424],[-83.20228,35.53424],[-83.20177,35.53467]]},"properties":{"net":"NC3046","o":1}},{"type":"Feature","geometry":{"type":"LineString","coordinates":[[-83.2011,35.52662],[-83.20067,35.52692],[-83.20024,35.52704],[-83.20005,35.52735],[-83.19999,35.52772]]},"properties":{"net":"NC3046","o":2}},{"type":"Feature","geometry":{"type":"LineString","coordinates":[[-83.19999,35.52772],[-83.20013,35.52819],[-83.20056,35.5287]]},"properties":{"net":"NC3046","o":3}},{"type":"Feature","geometry":{"type":"LineString","coordinates":[[-83.19791,35.53516],[-83.19862,35.53519],[-83.19944,35.53591],[-83.20051,35.53566],[-83.20066,35.53569],[-83.20077,35.53585]]},"properties":{"net":"NC3046","o":4}},{"type":"Feature","geometry":{"type":"LineString","coordinates":[[-83.19648,35.53075],[-83.19643,35.53136],[-83.19622,35.53197]]},"properties":{"net":"NC3046","o":1}},{"type":"Feature","geometry":{"type":"LineString","coordinates":[[-83.1944,35.53508],[-83.19476,35.53526],[-83.19511,35.53516],[-83.19548,35.53519],[-83.19616,35.53478],[-83.19665,35.53466],[-83.19729,35.53482],[-83.19764,35.53516],[-83.19791,35.53516]]},"properties":{"net":"NC3046","o":4}},{"type":"Feature","geometry":{"type":"LineString","coordinates":[[-83.21385,35.54727],[-83.21279,35.54666],[-83.21211,35.54661]]},"properties":{"net":"sm3085","o":1}},{"type":"Feature","geometry":{"type":"LineString","coordinates":[[-83.20757,35.54484],[-83.20797,35.54538]]},"properties":{"net":"sm3085","o":1}},{"type":"Feature","geometry":{"type":"LineString","coordinates":[[-83.19372,35.52538],[-83.19231,35.52637],[-83.19177,35.52657],[-83.19101,35.52706],[-83.19083,35.52732]]},"properties":{"net":"NC3046","o":1}},{"type":"Feature","geometry":{"type":"LineString","coordinates":[[-83.19032,35.5269],[-83.19083,35.52732]]},"properties":{"net":"NC3046","o":3}},{"type":"Feature","geometry":{"type":"LineString","coordinates":[[-83.18748,35.30998],[-83.18759,35.31219],[-83.18749,35.31269],[-83.18753,35.31312],[-83.18737,35.31367],[-83.18746,35.31427],[-83.18772,35.31495],[-83.1882,35.31556],[-83.1888,35.31595],[-83.18941,35.31661],[-83.18939,35.31681],[-83.18913,35.31721],[-83.18869,35.31741],[-83.18823,35.31738],[-83.18749,35.31751],[-83.18679,35.31732],[-83.18616,35.31754],[-83.18535,35.31729],[-83.18447,35.31731],[-83.18409,35.31696],[-83.18379,35.31688],[-83.18246,35.31729],[-83.18145,35.3169],[-83.1801,35.31698],[-83.17976,35.3171]]},"properties":{"net":"NC6252","o":4}},{"type":"Feature","geometry":{"type":"LineString","coordinates":[[-83.17866,35.31638],[-83.17924,35.31675],[-83.17959,35.31719]]},"properties":{"net":"NC6252","o":5}},{"type":"Feature","geometry":{"type":"LineString","coordinates":[[-83.17866,35.31638],[-83.17873,35.31767],[-83.17863,35.31786]]},"properties":{"net":"NC6252","o":5}},{"type":"Feature","geometry":{"type":"LineString","coordinates":[[-83.17959,35.31719],[-83.17959,35.31733],[-83.17923,35.31774],[-83.17874,35.3179],[-83.17863,35.31786]]},"properties":{"net":"NC6252","o":4}},{"type":"Feature","geometry":{"type":"LineString","coordinates":[[-83.18401,35.39584],[-83.1839,35.39528],[-83.18403,35.39499],[-83.18442,35.39483],[-83.18465,35.39458],[-83.18551,35.39429],[-83.18613,35.39362],[-83.18661,35.39326],[-83.18696,35.39314],[-83.18735,35.3932]]},"properties":{"net":"out","o":5}},{"type":"Feature","geometry":{"type":"LineString","coordinates":[[-83.187,35.45007],[-83.18774,35.45136],[-83.18834,35.45197],[-83.18868,35.45257],[-83.18988,35.45363],[-83.19,35.45392],[-83.18992,35.45439],[-83.18973,35.45471],[-83.18857,35.45596],[-83.18769,35.45736],[-83.18728,35.45832],[-83.18721,35.45909]]},"properties":{"net":"sm3082","o":2}},{"type":"Feature","geometry":{"type":"LineString","coordinates":[[-83.18544,35.44749],[-83.18583,35.44906],[-83.187,35.45007]]},"properties":{"net":"sm3082","o":1}},{"type":"Feature","geometry":{"type":"LineString","coordinates":[[-83.17861,35.49284],[-83.17885,35.49269],[-83.17938,35.49199],[-83.17996,35.49158]]},"properties":{"net":"NC3046","o":1}},{"type":"Feature","geometry":{"type":"LineString","coordinates":[[-83.1918,35.51853],[-83.19125,35.51926],[-83.19118,35.51973],[-83.19124,35.5201]]},"properties":{"net":"NC3046","o":1}},{"type":"Feature","geometry":{"type":"LineString","coordinates":[[-83.17413,35.50419],[-83.17372,35.50298],[-83.17334,35.50268],[-83.17044,35.50108],[-83.16997,35.5005]]},"properties":{"net":"sm3072","o":1}},{"type":"Feature","geometry":{"type":"LineString","coordinates":[[-83.19083,35.52732],[-83.19139,35.52777],[-83.19183,35.52798]]},"properties":{"net":"NC3046","o":3}},{"type":"Feature","geometry":{"type":"LineString","coordinates":[[-83.192,35.5236],[-83.19196,35.52414],[-83.19162,35.52485],[-83.1912,35.52521],[-83.1908,35.52535],[-83.19032,35.5269]]},"properties":{"net":"NC3046","o":1}},{"type":"Feature","geometry":{"type":"LineString","coordinates":[[-83.18724,35.52597],[-83.18785,35.52642],[-83.18887,35.52677],[-83.18939,35.52681],[-83.18999,35.52671]]},"properties":{"net":"NC3046","o":1}},{"type":"Feature","geometry":{"type":"LineString","coordinates":[[-83.1825,35.53653],[-83.18292,35.5364],[-83.18302,35.53607],[-83.18364,35.53557],[-83.18418,35.53549],[-83.18444,35.53525],[-83.1851,35.53524],[-83.18611,35.53502],[-83.18661,35.53528]]},"properties":{"net":"NC3046","o":3}},{"type":"Feature","geometry":{"type":"LineString","coordinates":[[-83.17432,35.55619],[-83.17485,35.5547],[-83.17533,35.55407],[-83.17536,35.55373]]},"properties":{"net":"NC3046","o":1}},{"type":"Feature","geometry":{"type":"LineString","coordinates":[[-83.17906,35.56951],[-83.17964,35.5692],[-83.18073,35.56908],[-83.18143,35.56867]]},"properties":{"net":"NC3046","o":1}},{"type":"Feature","geometry":{"type":"LineString","coordinates":[[-83.31249,35.49544],[-83.31263,35.49499],[-83.31287,35.49464]]},"properties":{"net":"NC3046","o":6}},{"type":"Feature","geometry":{"type":"LineString","coordinates":[[-83.37862,35.44712],[-83.37902,35.44701],[-83.37947,35.4467],[-83.38103,35.44634],[-83.38287,35.44609],[-83.38386,35.44607]]},"properties":{"net":"out","o":6}},{"type":"Feature","geometry":{"type":"LineString","coordinates":[[-83.36947,35.45548],[-83.36937,35.45527],[-83.36905,35.45504],[-83.36661,35.45452],[-83.36566,35.454]]},"properties":{"net":"NC3046","o":6}},{"type":"Feature","geometry":{"type":"LineString","coordinates":[[-83.31539,35.54402],[-83.31482,35.54386],[-83.31374,35.54312],[-83.3136,35.54213],[-83.31333,35.5416],[-83.31251,35.54071],[-83.31248,35.54036],[-83.31196,35.53967],[-83.3118,35.53929],[-83.31122,35.53873],[-83.31115,35.53823],[-83.31077,35.5379],[-83.31027,35.5379],[-83.30959,35.53742],[-83.30951,35.53732],[-83.30956,35.53684]]},"properties":{"net":"NC3046","o":1}},{"type":"Feature","geometry":{"type":"LineString","coordinates":[[-83.37556,35.47515],[-83.37518,35.47432],[-83.37507,35.47313],[-83.37489,35.47271],[-83.37509,35.47242]]},"properties":{"net":"sm3080","o":1}},{"type":"Feature","geometry":{"type":"LineString","coordinates":[[-83.20674,35.52036],[-83.20719,35.52027],[-83.20889,35.52054]]},"properties":{"net":"NC3046","o":1}},{"type":"Feature","geometry":{"type":"LineString","coordinates":[[-83.31333,35.49157],[-83.31383,35.49156]]},"properties":{"net":"NC3046","o":2}},{"type":"Feature","geometry":{"type":"LineString","coordinates":[[-83.30462,35.47952],[-83.30463,35.47989],[-83.30439,35.48017],[-83.30404,35.48087],[-83.30428,35.48149],[-83.30397,35.48202]]},"properties":{"net":"NC3046","o":1}},{"type":"Feature","geometry":{"type":"LineString","coordinates":[[-83.2138,35.53936],[-83.21408,35.53974]]},"properties":{"net":"NC3046","o":4}},{"type":"Feature","geometry":{"type":"LineString","coordinates":[[-83.29877,35.37695],[-83.29859,35.3772],[-83.29846,35.37863],[-83.29832,35.37908],[-83.29781,35.37976],[-83.29761,35.38065],[-83.29718,35.38129],[-83.29689,35.38203],[-83.29675,35.38269],[-83.29658,35.38288],[-83.29593,35.38322],[-83.29561,35.38366],[-83.29482,35.38406],[-83.29456,35.38449],[-83.29377,35.38476],[-83.29321,35.3848],[-83.29303,35.38494],[-83.29296,35.38529],[-83.29304,35.38565]]},"properties":{"net":"out","o":4}},{"type":"Feature","geometry":{"type":"LineString","coordinates":[[-83.41772,35.432],[-83.41846,35.43172]]},"properties":{"net":"out","o":7}},{"type":"Feature","geometry":{"type":"LineString","coordinates":[[-83.36192,35.58733],[-83.36152,35.58721],[-83.3606,35.58726],[-83.35965,35.58653]]},"properties":{"net":"NC3046","o":4}},{"type":"Feature","geometry":{"type":"LineString","coordinates":[[-83.09933,35.2534],[-83.09954,35.25275]]},"properties":{"net":"NC3252","o":4}},{"type":"Feature","geometry":{"type":"LineString","coordinates":[[-83.46817,35.42595],[-83.46832,35.42614]]},"properties":{"net":"out","o":7}},{"type":"Feature","geometry":{"type":"LineString","coordinates":[[-83.32869,35.4989],[-83.32805,35.49946],[-83.32762,35.4996]]},"properties":{"net":"NC3046","o":1}},{"type":"Feature","geometry":{"type":"LineString","coordinates":[[-83.35333,35.5797],[-83.35291,35.58003],[-83.35264,35.58049],[-83.35206,35.58079],[-83.35184,35.58109],[-83.35107,35.58168]]},"properties":{"net":"NC3046","o":2}},{"type":"Feature","geometry":{"type":"LineString","coordinates":[[-83.21529,35.54373],[-83.21574,35.54309],[-83.21587,35.54275],[-83.21634,35.54226],[-83.21682,35.54201]]},"properties":{"net":"sm3085","o":3}},{"type":"Feature","geometry":{"type":"LineString","coordinates":[[-83.21682,35.54201],[-83.21711,35.54195]]},"properties":{"net":"NC3046","o":3}},{"type":"Feature","geometry":{"type":"LineString","coordinates":[[-83.44923,35.40904],[-83.44951,35.40928]]},"properties":{"net":"out","o":4}},{"type":"Feature","geometry":{"type":"LineString","coordinates":[[-83.01353,35.34124],[-83.01417,35.34122],[-83.0147,35.34149],[-83.01611,35.34173],[-83.01663,35.34158],[-83.01792,35.34094],[-83.01925,35.34084],[-83.02075,35.34171],[-83.0223,35.34211],[-83.02278,35.34234],[-83.02492,35.34433]]},"properties":{"net":"NC3252","o":1}},{"type":"Feature","geometry":{"type":"LineString","coordinates":[[-83.39543,35.59713],[-83.39504,35.59698]]},"properties":{"net":"NC3046","o":2}},{"type":"Feature","geometry":{"type":"LineString","coordinates":[[-83.36517,35.46248],[-83.36527,35.46275],[-83.36563,35.463],[-83.36564,35.46352],[-83.36555,35.46389],[-83.36535,35.4642],[-83.36506,35.46444],[-83.36427,35.46463]]},"properties":{"net":"sm3080","o":1}},{"type":"Feature","geometry":{"type":"LineString","coordinates":[[-83.42757,35.41939],[-83.42718,35.42004]]},"properties":{"net":"NC6241","o":5}},{"type":"Feature","geometry":{"type":"LineString","coordinates":[[-82.99986,35.33727],[-83.00149,35.33692]]},"properties":{"net":"NC3252","o":1}},{"type":"Feature","geometry":{"type":"LineString","coordinates":[[-83.36124,35.48588],[-83.36063,35.48576]]},"properties":{"net":"NC3046","o":3}},{"type":"Feature","geometry":{"type":"LineString","coordinates":[[-83.36246,35.46218],[-83.36235,35.46268],[-83.36257,35.46315],[-83.36261,35.46375],[-83.36248,35.46409]]},"properties":{"net":"sm3080","o":1}},{"type":"Feature","geometry":{"type":"LineString","coordinates":[[-83.2831,35.52945],[-83.28309,35.52945]]},"properties":{"net":"NC3046","o":3}},{"type":"Feature","geometry":{"type":"LineString","coordinates":[[-83.25804,35.51684],[-83.25814,35.51754],[-83.25751,35.51839]]},"properties":{"net":"sm3083","o":2}},{"type":"Feature","geometry":{"type":"LineString","coordinates":[[-83.41911,35.39789],[-83.41926,35.39809]]},"properties":{"net":"NC6241","o":4}},{"type":"Feature","geometry":{"type":"LineString","coordinates":[[-83.35437,35.47656],[-83.35409,35.47628],[-83.35388,35.47578],[-83.35417,35.47542],[-83.35417,35.4751],[-83.35404,35.47481],[-83.35406,35.47368],[-83.35418,35.4734],[-83.35399,35.47278],[-83.35378,35.47245],[-83.35351,35.47227],[-83.35339,35.47202],[-83.35297,35.47189],[-83.35301,35.47159]]},"properties":{"net":"NC3046","o":5}},{"type":"Feature","geometry":{"type":"LineString","coordinates":[[-83.24162,35.55581],[-83.24116,35.55642],[-83.24108,35.55671],[-83.24118,35.55705]]},"properties":{"net":"NC3046","o":1}},{"type":"Feature","geometry":{"type":"LineString","coordinates":[[-83.22505,35.52638],[-83.22498,35.52659],[-83.22455,35.52705]]},"properties":{"net":"NC3046","o":1}},{"type":"Feature","geometry":{"type":"LineString","coordinates":[[-83.26368,35.56691],[-83.26318,35.56832],[-83.26236,35.56887],[-83.26209,35.56929],[-83.26176,35.56949],[-83.2616,35.57008]]},"properties":{"net":"NC3046","o":1}},{"type":"Feature","geometry":{"type":"LineString","coordinates":[[-83.2426,35.535],[-83.24276,35.53451],[-83.24321,35.53383]]},"properties":{"net":"NC3046","o":2}},{"type":"Feature","geometry":{"type":"LineString","coordinates":[[-83.30997,35.57132],[-83.30995,35.56992],[-83.31011,35.56892],[-83.31004,35.56852],[-83.30956,35.56788]]},"properties":{"net":"NC3046","o":4}},{"type":"Feature","geometry":{"type":"LineString","coordinates":[[-83.29839,35.50495],[-83.29857,35.50491]]},"properties":{"net":"NC3046","o":1}},{"type":"Feature","geometry":{"type":"LineString","coordinates":[[-83.25048,35.51718],[-83.25084,35.51796],[-83.2516,35.51867],[-83.25157,35.51912],[-83.25169,35.51992],[-83.25228,35.52044]]},"properties":{"net":"sm3083","o":1}},{"type":"Feature","geometry":{"type":"LineString","coordinates":[[-83.42239,35.52969],[-83.42195,35.52865],[-83.42177,35.52788],[-83.42172,35.5266]]},"properties":{"net":"out","o":4}},{"type":"Feature","geometry":{"type":"LineString","coordinates":[[-83.32752,35.41134],[-83.32764,35.41152],[-83.32782,35.41287],[-83.32829,35.41443],[-83.32884,35.4154],[-83.32995,35.41671],[-83.33076,35.41741],[-83.33155,35.41779],[-83.33376,35.41836]]},"properties":{"net":"out","o":6}},{"type":"Feature","geometry":{"type":"LineString","coordinates":[[-83.32809,35.46269],[-83.32809,35.46301]]},"properties":{"net":"NC3046","o":2}},{"type":"Feature","geometry":{"type":"LineString","coordinates":[[-83.27599,35.54394],[-83.27571,35.54373],[-83.27421,35.54313],[-83.27243,35.5418]]},"properties":{"net":"NC3046","o":1}},{"type":"Feature","geometry":{"type":"LineString","coordinates":[[-83.36267,35.58781],[-83.36192,35.58733]]},"properties":{"net":"NC3046","o":4}},{"type":"Feature","geometry":{"type":"LineString","coordinates":[[-83.28265,35.55551],[-83.28299,35.55516]]},"properties":{"net":"NC3046","o":2}},{"type":"Feature","geometry":{"type":"LineString","coordinates":[[-83.26491,35.53898],[-83.26634,35.53988],[-83.26673,35.53996],[-83.26718,35.5402],[-83.26767,35.54029],[-83.26846,35.54017],[-83.26899,35.54022]]},"properties":{"net":"NC3046","o":1}},{"type":"Feature","geometry":{"type":"LineString","coordinates":[[-83.43511,35.43375],[-83.43592,35.43381],[-83.43755,35.43371],[-83.43817,35.4336],[-83.43878,35.4333]]},"properties":{"net":"out","o":7}},{"type":"Feature","geometry":{"type":"LineString","coordinates":[[-83.31362,35.50656],[-83.31331,35.50641],[-83.31243,35.50638],[-83.31166,35.50607]]},"properties":{"net":"NC3046","o":1}},{"type":"Feature","geometry":{"type":"LineString","coordinates":[[-83.30218,35.64871],[-83.30202,35.64848],[-83.30178,35.64738],[-83.30221,35.6462],[-83.30204,35.64574],[-83.30219,35.64526],[-83.30248,35.64496],[-83.30268,35.6443],[-83.30252,35.64401],[-83.3025,35.64336],[-83.30221,35.64288],[-83.30252,35.6422],[-83.30239,35.64185],[-83.30247,35.64131],[-83.3022,35.64089],[-83.30226,35.64009],[-83.30211,35.63937],[-83.30223,35.63868],[-83.30187,35.63812],[-83.30213,35.63733],[-83.30213,35.63638],[-83.30221,35.63608],[-83.30206,35.6358],[-83.30211,35.63559],[-83.30175,35.63535],[-83.30144,35.63488],[-83.30129,35.63398],[-83.30087,35.63386],[-83.30073,35.63372],[-83.30075,35.6335],[-83.30061,35.63314],[-83.30011,35.63235],[-83.29942,35.63194],[-83.29894,35.63147],[-83.29875,35.63114],[-83.29843,35.63104],[-83.29825,35.63024]]},"properties":{"net":"NC3046","o":2}},{"type":"Feature","geometry":{"type":"LineString","coordinates":[[-83.42625,35.41355],[-83.42661,35.41368],[-83.42738,35.41443],[-83.42772,35.41456]]},"properties":{"net":"NC6241","o":4}},{"type":"Feature","geometry":{"type":"LineString","coordinates":[[-83.35745,35.47383],[-83.35781,35.47315],[-83.35753,35.4725],[-83.35744,35.47199],[-83.3577,35.47152],[-83.35824,35.47113]]},"properties":{"net":"NC3046","o":1}},{"type":"Feature","geometry":{"type":"LineString","coordinates":[[-83.30636,35.45492],[-83.30787,35.45523],[-83.30866,35.45519]]},"properties":{"net":"NC3046","o":1}},{"type":"Feature","geometry":{"type":"LineString","coordinates":[[-83.29977,35.48701],[-83.29998,35.48698]]},"properties":{"net":"NC3046","o":3}},{"type":"Feature","geometry":{"type":"LineString","coordinates":[[-83.33406,35.48387],[-83.33373,35.48359],[-83.33357,35.48296],[-83.33314,35.4825]]},"properties":{"net":"NC3046","o":3}},{"type":"Feature","geometry":{"type":"LineString","coordinates":[[-83.3212,35.48751],[-83.32096,35.48718],[-83.32059,35.4869],[-83.31999,35.48664]]},"properties":{"net":"NC3046","o":1}},{"type":"Feature","geometry":{"type":"LineString","coordinates":[[-83.32557,35.55326],[-83.32456,35.55347],[-83.3226,35.55358],[-83.32151,35.55335],[-83.32093,35.55344],[-83.32043,35.5537]]},"properties":{"net":"NC3046","o":2}},{"type":"Feature","geometry":{"type":"LineString","coordinates":[[-83.35228,35.4621],[-83.35245,35.46219]]},"properties":{"net":"NC3046","o":1}},{"type":"Feature","geometry":{"type":"LineString","coordinates":[[-83.26507,35.50295],[-83.26414,35.50166],[-83.26341,35.50087],[-83.26299,35.5001],[-83.26159,35.49907],[-83.26095,35.49846],[-83.2606,35.49839],[-83.25961,35.49771],[-83.25793,35.49757],[-83.25769,35.49738],[-83.25691,35.49738],[-83.25631,35.49696],[-83.25584,35.4968]]},"properties":{"net":"NC3046","o":1}},{"type":"Feature","geometry":{"type":"LineString","coordinates":[[-83.44098,35.44887],[-83.44037,35.44839]]},"properties":{"net":"out","o":4}},{"type":"Feature","geometry":{"type":"LineString","coordinates":[[-83.42909,35.47235],[-83.42808,35.47182],[-83.42794,35.4716],[-83.4279,35.47124],[-83.42801,35.47087],[-83.42838,35.47032],[-83.42956,35.46987],[-83.42982,35.46954],[-83.42942,35.46864],[-83.42932,35.46803],[-83.42943,35.46764],[-83.43009,35.46672]]},"properties":{"net":"out","o":4}},{"type":"Feature","geometry":{"type":"LineString","coordinates":[[-83.42726,35.60608],[-83.42705,35.60605],[-83.42679,35.6058],[-83.42622,35.60569],[-83.42603,35.60575],[-83.42565,35.60545],[-83.42369,35.60481],[-83.42308,35.60492]]},"properties":{"net":"sm642640","o":2}},{"type":"Feature","geometry":{"type":"LineString","coordinates":[[-83.50266,35.43059],[-83.50241,35.431],[-83.50189,35.43142],[-83.50149,35.43219],[-83.50111,35.43259]]},"properties":{"net":"out","o":4}},{"type":"Feature","geometry":{"type":"LineString","coordinates":[[-83.36781,35.46193],[-83.36847,35.46173],[-83.36888,35.46125],[-83.36919,35.46034],[-83.36941,35.46023],[-83.36936,35.45986]]},"properties":{"net":"NC3046","o":1}},{"type":"Feature","geometry":{"type":"LineString","coordinates":[[-83.35342,35.48881],[-83.35381,35.48834],[-83.35361,35.48731],[-83.35377,35.48693],[-83.35378,35.48619],[-83.35397,35.48567],[-83.35384,35.48538],[-83.35385,35.48505],[-83.35411,35.48457],[-83.35437,35.48431]]},"properties":{"net":"NC3046","o":2}},{"type":"Feature","geometry":{"type":"LineString","coordinates":[[-83.0036,35.28194],[-83.00449,35.28088],[-83.00524,35.27954],[-83.0057,35.27898],[-83.00584,35.27859],[-83.00588,35.278],[-83.00603,35.27783],[-83.00817,35.2765],[-83.00905,35.27612],[-83.00978,35.27598],[-83.01091,35.27611]]},"properties":{"net":"sm165187","o":1}},{"type":"Feature","geometry":{"type":"LineString","coordinates":[[-83.01091,35.27611],[-83.01126,35.276],[-83.01249,35.27511],[-83.01348,35.27469]]},"properties":{"net":"sm108220","o":1}},{"type":"Feature","geometry":{"type":"LineString","coordinates":[[-83.3014,35.48396],[-83.3019,35.4838],[-83.30238,35.48337],[-83.30405,35.48303],[-83.30462,35.48304]]},"properties":{"net":"NC3046","o":1}},{"type":"Feature","geometry":{"type":"LineString","coordinates":[[-83.15024,35.4536],[-83.15061,35.45414],[-83.15092,35.45497],[-83.15161,35.45769]]},"properties":{"net":"NC3046","o":1}},{"type":"Feature","geometry":{"type":"LineString","coordinates":[[-83.36103,35.49356],[-83.36138,35.49239],[-83.36162,35.49215]]},"properties":{"net":"NC3046","o":1}},{"type":"Feature","geometry":{"type":"LineString","coordinates":[[-83.28969,35.49601],[-83.28976,35.49623],[-83.29003,35.4965],[-83.29059,35.49787],[-83.29101,35.49837],[-83.291,35.49856]]},"properties":{"net":"NC3046","o":2}},{"type":"Feature","geometry":{"type":"LineString","coordinates":[[-83.33719,35.46793],[-83.33691,35.46814],[-83.33696,35.46867],[-83.3366,35.46957],[-83.33668,35.46979],[-83.33703,35.47004]]},"properties":{"net":"NC3046","o":1}},{"type":"Feature","geometry":{"type":"LineString","coordinates":[[-83.2238,35.53235],[-83.22277,35.53275],[-83.22231,35.53345],[-83.22202,35.53355]]},"properties":{"net":"NC3046","o":1}},{"type":"Feature","geometry":{"type":"LineString","coordinates":[[-83.27235,35.54524],[-83.27136,35.5459],[-83.27116,35.54623],[-83.27076,35.54632],[-83.27014,35.54588],[-83.26901,35.54557],[-83.26822,35.54503],[-83.26783,35.54486],[-83.26742,35.54484],[-83.26713,35.54467]]},"properties":{"net":"NC3046","o":1}},{"type":"Feature","geometry":{"type":"LineString","coordinates":[[-83.24008,35.5376],[-83.23926,35.53786],[-83.23868,35.53869]]},"properties":{"net":"NC3046","o":1}},{"type":"Feature","geometry":{"type":"LineString","coordinates":[[-83.23276,35.55681],[-83.23312,35.55648]]},"properties":{"net":"NC3046","o":2}},{"type":"Feature","geometry":{"type":"LineString","coordinates":[[-83.2147,35.54434],[-83.21529,35.54373]]},"properties":{"net":"sm3085","o":3}},{"type":"Feature","geometry":{"type":"LineString","coordinates":[[-83.49533,35.43656],[-83.49513,35.43659]]},"properties":{"net":"out","o":4}},{"type":"Feature","geometry":{"type":"LineString","coordinates":[[-83.56236,35.46286],[-83.56254,35.46246],[-83.56287,35.46209]]},"properties":{"net":"out","o":4}},{"type":"Feature","geometry":{"type":"LineString","coordinates":[[-83.26259,35.3958],[-83.26213,35.39512]]},"properties":{"net":"out","o":4}},{"type":"Feature","geometry":{"type":"LineString","coordinates":[[-83.2736,35.52009],[-83.2741,35.51989],[-83.27453,35.51946]]},"properties":{"net":"NC3046","o":1}},{"type":"Feature","geometry":{"type":"LineString","coordinates":[[-83.31485,35.45402],[-83.3137,35.45449],[-83.31317,35.4548],[-83.31269,35.4552],[-83.31222,35.45582],[-83.31178,35.45616],[-83.31115,35.45637],[-83.31086,35.45666],[-83.31093,35.45692],[-83.31201,35.45817],[-83.312,35.45826]]},"properties":{"net":"NC3046","o":1}},{"type":"Feature","geometry":{"type":"LineString","coordinates":[[-83.21998,35.45023],[-83.22052,35.45069],[-83.22126,35.45108],[-83.22249,35.45206],[-83.22403,35.4526]]},"properties":{"net":"NC3046","o":1}},{"type":"Feature","geometry":{"type":"LineString","coordinates":[[-83.28657,35.55778],[-83.28617,35.55758],[-83.28537,35.55755],[-83.28484,35.55731]]},"properties":{"net":"NC3046","o":2}},{"type":"Feature","geometry":{"type":"LineString","coordinates":[[-83.2698,35.54809],[-83.26975,35.54808]]},"properties":{"net":"NC3046","o":3}},{"type":"Feature","geometry":{"type":"LineString","coordinates":[[-83.33949,35.5748],[-83.33955,35.57476]]},"properties":{"net":"NC3046","o":1}},{"type":"Feature","geometry":{"type":"LineString","coordinates":[[-83.5202,35.44145],[-83.5217,35.44067]]},"properties":{"net":"out","o":7}},{"type":"Feature","geometry":{"type":"LineString","coordinates":[[-83.31043,35.49192],[-83.31065,35.4917],[-83.31086,35.49163],[-83.31167,35.4917],[-83.31271,35.4915],[-83.31333,35.49157]]},"properties":{"net":"NC3046","o":2}},{"type":"Feature","geometry":{"type":"LineString","coordinates":[[-83.33653,35.4662],[-83.33611,35.46638],[-83.33549,35.46646],[-83.33451,35.46705],[-83.33418,35.46715],[-83.3323,35.46686]]},"properties":{"net":"NC3046","o":2}},{"type":"Feature","geometry":{"type":"LineString","coordinates":[[-83.18467,35.52039],[-83.1852,35.52078],[-83.18629,35.52135]]},"properties":{"net":"NC3046","o":2}},{"type":"Feature","geometry":{"type":"LineString","coordinates":[[-83.43685,35.49747],[-83.43665,35.49702],[-83.43646,35.49596],[-83.43629,35.49561],[-83.43608,35.49546],[-83.4358,35.49542],[-83.43484,35.49586],[-83.43432,35.49587],[-83.43393,35.49558],[-83.43374,35.49509],[-83.4334,35.49461],[-83.43334,35.49437],[-83.43344,35.49404],[-83.43439,35.49271]]},"properties":{"net":"out","o":4}},{"type":"Feature","geometry":{"type":"LineString","coordinates":[[-82.98206,35.19699],[-82.98253,35.19677],[-82.98293,35.19671],[-82.98356,35.19699],[-82.98527,35.19723],[-82.98671,35.19791],[-82.98789,35.198],[-82.98837,35.19857],[-82.98926,35.19897],[-82.99053,35.19922],[-82.99115,35.1995],[-82.9917,35.19945]]},"properties":{"net":"NC3027","o":2}},{"type":"Feature","geometry":{"type":"LineString","coordinates":[[-83.19282,35.54584],[-83.19304,35.54493],[-83.19295,35.54445],[-83.19297,35.54333],[-83.19354,35.54236],[-83.19388,35.5422],[-83.19418,35.54165],[-83.19472,35.54135],[-83.19504,35.54094],[-83.19571,35.54059],[-83.19679,35.5403],[-83.1974,35.53988],[-83.19895,35.53953],[-83.19975,35.53893],[-83.20022,35.53872],[-83.20066,35.53866],[-83.20145,35.53824],[-83.20202,35.53773]]},"properties":{"net":"NC3046","o":1}},{"type":"Feature","geometry":{"type":"LineString","coordinates":[[-82.99986,35.1448],[-82.99949,35.14488],[-82.99854,35.14468],[-82.99801,35.14473],[-82.99779,35.14484],[-82.99777,35.14502],[-82.99788,35.14544],[-82.99873,35.1462],[-82.99938,35.14692],[-82.99986,35.14764]]},"properties":{"net":"NC3027","o":1}},{"type":"Feature","geometry":{"type":"LineString","coordinates":[[-83.21058,35.53419],[-83.21042,35.53496],[-83.20995,35.53581],[-83.20993,35.53622],[-83.20964,35.53655]]},"properties":{"net":"NC3046","o":3}},{"type":"Feature","geometry":{"type":"LineString","coordinates":[[-83.16516,35.4513],[-83.16599,35.45438],[-83.16586,35.45702],[-83.1661,35.45815],[-83.16647,35.45886],[-83.1673,35.46001],[-83.16752,35.4612],[-83.16789,35.46212],[-83.16792,35.46269],[-83.16809,35.46296],[-83.17014,35.46568],[-83.17057,35.46663],[-83.17223,35.46803],[-83.17267,35.46854],[-83.17277,35.46916],[-83.17236,35.47018]]},"properties":{"net":"NC3046","o":1}},{"type":"Feature","geometry":{"type":"LineString","coordinates":[[-83.5479,35.51802],[-83.54869,35.51754],[-83.55031,35.51737],[-83.55088,35.51719],[-83.55147,35.51641],[-83.55262,35.5154],[-83.55421,35.51491],[-83.55517,35.51475],[-83.55547,35.5144]]},"properties":{"net":"out","o":4}},{"type":"Feature","geometry":{"type":"LineString","coordinates":[[-83.30567,35.57628],[-83.30676,35.57575],[-83.30705,35.57532],[-83.30741,35.57436],[-83.30763,35.57417],[-83.30809,35.574],[-83.30841,35.57318],[-83.30956,35.57302],[-83.3098,35.57287],[-83.30981,35.57255],[-83.30994,35.57254]]},"properties":{"net":"NC3046","o":1}},{"type":"Feature","geometry":{"type":"LineString","coordinates":[[-83.26641,35.58225],[-83.26634,35.58223]]},"properties":{"net":"NC3046","o":2}},{"type":"Feature","geometry":{"type":"LineString","coordinates":[[-83.24713,35.52659],[-83.24744,35.5267]]},"properties":{"net":"sm3083","o":2}},{"type":"Feature","geometry":{"type":"LineString","coordinates":[[-83.00364,35.19175],[-83.00264,35.19266],[-83.00205,35.19356],[-83.00179,35.1938],[-83.00046,35.19448],[-82.99986,35.19439]]},"properties":{"net":"NC3027","o":1}},{"type":"Feature","geometry":{"type":"LineString","coordinates":[[-83.25976,35.55312],[-83.25983,35.55318]]},"properties":{"net":"NC3046","o":1}},{"type":"Feature","geometry":{"type":"LineString","coordinates":[[-83.26718,35.56578],[-83.2678,35.56523],[-83.26857,35.5643],[-83.26848,35.56395],[-83.26854,35.5635],[-83.26839,35.56304],[-83.26816,35.56244],[-83.2679,35.56224]]},"properties":{"net":"sm3084","o":1}},{"type":"Feature","geometry":{"type":"LineString","coordinates":[[-83.41197,35.60197],[-83.4107,35.60172],[-83.40982,35.60127],[-83.40897,35.60113]]},"properties":{"net":"NC3046","o":2}},{"type":"Feature","geometry":{"type":"LineString","coordinates":[[-83.25246,35.5736],[-83.25275,35.57341],[-83.25303,35.57308],[-83.25388,35.57275],[-83.25416,35.57245],[-83.25455,35.57237],[-83.25488,35.57245],[-83.25513,35.57211]]},"properties":{"net":"NC3046","o":1}},{"type":"Feature","geometry":{"type":"LineString","coordinates":[[-83.22351,35.60768],[-83.22369,35.60723],[-83.22424,35.60676],[-83.22459,35.60621],[-83.22516,35.60568],[-83.22594,35.60467],[-83.2268,35.60305],[-83.22778,35.60242],[-83.22804,35.60183],[-83.2284,35.6016],[-83.22841,35.6014],[-83.22822,35.60111]]},"properties":{"net":"NC31823","o":4}},{"type":"Feature","geometry":{"type":"LineString","coordinates":[[-83.19461,35.4813],[-83.19566,35.48096]]},"properties":{"net":"NC3046","o":4}},{"type":"Feature","geometry":{"type":"LineString","coordinates":[[-83.28239,35.52923],[-83.28228,35.52921]]},"properties":{"net":"NC3046","o":3}},{"type":"Feature","geometry":{"type":"LineString","coordinates":[[-83.23403,35.55569],[-83.23424,35.55558],[-83.23567,35.55536],[-83.2362,35.55491],[-83.23672,35.55488]]},"properties":{"net":"NC3046","o":2}},{"type":"Feature","geometry":{"type":"LineString","coordinates":[[-83.27677,35.53391],[-83.27685,35.53392]]},"properties":{"net":"NC3046","o":4}},{"type":"Feature","geometry":{"type":"LineString","coordinates":[[-83.16164,35.4028],[-83.16239,35.40252]]},"properties":{"net":"out","o":5}},{"type":"Feature","geometry":{"type":"LineString","coordinates":[[-83.23605,35.57193],[-83.2364,35.57173],[-83.23683,35.57173],[-83.23708,35.57163],[-83.23809,35.57044],[-83.23836,35.57035],[-83.23847,35.57009],[-83.23847,35.56964],[-83.23872,35.56895]]},"properties":{"net":"NC3046","o":3}},{"type":"Feature","geometry":{"type":"LineString","coordinates":[[-83.47318,35.44836],[-83.4737,35.44777],[-83.47419,35.44747],[-83.47504,35.44662]]},"properties":{"net":"out","o":4}},{"type":"Feature","geometry":{"type":"LineString","coordinates":[[-83.22099,35.3398],[-83.22209,35.33981],[-83.22287,35.33991],[-83.22572,35.34063],[-83.22815,35.34086],[-83.2286,35.34098],[-83.229,35.34123],[-83.22912,35.34155],[-83.22915,35.34213],[-83.22821,35.34302],[-83.2276,35.34395],[-83.2269,35.34537],[-83.22612,35.34621]]},"properties":{"net":"NC6252","o":5}},{"type":"Feature","geometry":{"type":"LineString","coordinates":[[-83.23632,35.54985],[-83.23456,35.55139],[-83.23398,35.55213],[-83.23362,35.55235]]},"properties":{"net":"NC3046","o":1}},{"type":"Feature","geometry":{"type":"LineString","coordinates":[[-83.30935,35.40342],[-83.31148,35.40397],[-83.31264,35.40407],[-83.31353,35.40431],[-83.31403,35.40424]]},"properties":{"net":"out","o":6}},{"type":"Feature","geometry":{"type":"LineString","coordinates":[[-83.30064,35.49859],[-83.30133,35.4981]]},"properties":{"net":"NC3046","o":6}},{"type":"Feature","geometry":{"type":"LineString","coordinates":[[-83.28101,35.32512],[-83.28064,35.32531],[-83.28027,35.32533],[-83.27877,35.3242],[-83.27832,35.32408],[-83.27791,35.32419],[-83.2764,35.32505]]},"properties":{"net":"NC6252","o":4}},{"type":"Feature","geometry":{"type":"LineString","coordinates":[[-83.31204,35.55534],[-83.31201,35.55532]]},"properties":{"net":"NC3046","o":5}},{"type":"Feature","geometry":{"type":"LineString","coordinates":[[-83.29571,35.46776],[-83.2971,35.4676],[-83.29849,35.46721]]},"properties":{"net":"NC3046","o":1}},{"type":"Feature","geometry":{"type":"LineString","coordinates":[[-83.30483,35.46026],[-83.3053,35.45984],[-83.30552,35.45909],[-83.3061,35.4589],[-83.30653,35.4583],[-83.30758,35.4573],[-83.30777,35.45693],[-83.30861,35.45635],[-83.30938,35.45596]]},"properties":{"net":"NC3046","o":1}},{"type":"Feature","geometry":{"type":"LineString","coordinates":[[-83.3183,35.56768],[-83.31787,35.56644],[-83.31791,35.56601],[-83.31782,35.56565],[-83.31799,35.56537],[-83.31802,35.56511]]},"properties":{"net":"NC3046","o":1}},{"type":"Feature","geometry":{"type":"LineString","coordinates":[[-83.35129,35.46387],[-83.35138,35.46349],[-83.35182,35.46274]]},"properties":{"net":"NC3046","o":6}},{"type":"Feature","geometry":{"type":"LineString","coordinates":[[-83.3425,35.47287],[-83.34333,35.47281],[-83.34438,35.47327]]},"properties":{"net":"NC3046","o":6}},{"type":"Feature","geometry":{"type":"LineString","coordinates":[[-83.24798,35.25568],[-83.24882,35.25549],[-83.25017,35.25491],[-83.25081,35.25484],[-83.25135,35.25492],[-83.25205,35.25463]]},"properties":{"net":"sm2653","o":1}},{"type":"Feature","geometry":{"type":"LineString","coordinates":[[-83.2469,35.48786],[-83.24742,35.48733],[-83.24843,35.48666],[-83.25043,35.48564],[-83.25126,35.48468],[-83.25215,35.48427],[-83.25362,35.48433],[-83.25433,35.48464],[-83.25443,35.48494]]},"properties":{"net":"NC3046","o":3}},{"type":"Feature","geometry":{"type":"LineString","coordinates":[[-83.26769,35.52544],[-83.26848,35.52567],[-83.26871,35.52593],[-83.26887,35.52593]]},"properties":{"net":"sm3083","o":1}},{"type":"Feature","geometry":{"type":"LineString","coordinates":[[-83.24566,35.52038],[-83.2462,35.52076]]},"properties":{"net":"sm3083","o":2}},{"type":"Feature","geometry":{"type":"LineString","coordinates":[[-83.26342,35.54342],[-83.26359,35.5432],[-83.26447,35.54298]]},"properties":{"net":"NC3046","o":2}},{"type":"Feature","geometry":{"type":"LineString","coordinates":[[-83.241,35.54285],[-83.24015,35.54257],[-83.23982,35.54235],[-83.23894,35.54222],[-83.23822,35.54176]]},"properties":{"net":"NC3046","o":1}},{"type":"Feature","geometry":{"type":"LineString","coordinates":[[-83.28689,35.49544],[-83.28772,35.49569],[-83.28789,35.4961],[-83.28844,35.49674],[-83.28911,35.49678],[-83.28939,35.49697],[-83.29019,35.49805],[-83.29043,35.49821]]},"properties":{"net":"NC3046","o":1}},{"type":"Feature","geometry":{"type":"LineString","coordinates":[[-83.00046,35.33162],[-83.0008,35.33118],[-83.00074,35.33056],[-83.00082,35.33031],[-83.00145,35.32971],[-83.00188,35.32903],[-83.00178,35.32847],[-83.00187,35.328],[-83.00206,35.32757],[-83.00262,35.32679]]},"properties":{"net":"NC3252","o":2}},{"type":"Feature","geometry":{"type":"LineString","coordinates":[[-83.23328,35.55565],[-83.23403,35.55569]]},"properties":{"net":"NC3046","o":1}},{"type":"Feature","geometry":{"type":"LineString","coordinates":[[-83.29208,35.66044],[-83.29226,35.66013],[-83.29229,35.65982],[-83.29208,35.65947],[-83.29157,35.659],[-83.29057,35.65848],[-83.29026,35.65812],[-83.28998,35.65798],[-83.28935,35.65721],[-83.28865,35.65662],[-83.28834,35.65658],[-83.28749,35.65676],[-83.2867,35.65669],[-83.28469,35.65743],[-83.28429,35.65767],[-83.28391,35.65767],[-83.2833,35.65791],[-83.28237,35.65776],[-83.28192,35.65749],[-83.28126,35.65739],[-83.28019,35.65754],[-83.27946,35.65743]]},"properties":{"net":"NC3046","o":1}},{"type":"Feature","geometry":{"type":"LineString","coordinates":[[-83.23043,35.54844],[-83.23095,35.54951],[-83.23142,35.54985],[-83.23162,35.55038]]},"properties":{"net":"NC3046","o":4}},{"type":"Feature","geometry":{"type":"LineString","coordinates":[[-83.24823,35.54046],[-83.24993,35.53987]]},"properties":{"net":"NC3046","o":1}},{"type":"Feature","geometry":{"type":"LineString","coordinates":[[-83.25105,35.55617],[-83.25023,35.55637]]},"properties":{"net":"NC3046","o":1}},{"type":"Feature","geometry":{"type":"LineString","coordinates":[[-83.36658,35.45416],[-83.36566,35.454]]},"properties":{"net":"NC3046","o":1}},{"type":"Feature","geometry":{"type":"LineString","coordinates":[[-83.34796,35.50007],[-83.34836,35.4998],[-83.3487,35.49931],[-83.35048,35.49813],[-83.35098,35.49756]]},"properties":{"net":"NC3046","o":1}},{"type":"Feature","geometry":{"type":"LineString","coordinates":[[-83.33983,35.4714],[-83.33973,35.47187],[-83.33978,35.47243],[-83.34013,35.4727],[-83.34027,35.47296]]},"properties":{"net":"NC3046","o":1}},{"type":"Feature","geometry":{"type":"LineString","coordinates":[[-83.33404,35.49826],[-83.334,35.49892],[-83.33379,35.49941],[-83.33285,35.50043],[-83.33249,35.50062]]},"properties":{"net":"NC3046","o":1}},{"type":"Feature","geometry":{"type":"LineString","coordinates":[[-83.37526,35.46174],[-83.37549,35.46227],[-83.37533,35.4628],[-83.37388,35.46408]]},"properties":{"net":"sm3080","o":1}},{"type":"Feature","geometry":{"type":"LineString","coordinates":[[-83.29251,35.55013],[-83.29309,35.55024],[-83.29328,35.5502],[-83.29352,35.54936],[-83.29345,35.54904],[-83.29317,35.54866],[-83.29321,35.54833],[-83.29379,35.54779],[-83.29391,35.54745],[-83.29437,35.5471],[-83.29459,35.5464],[-83.29503,35.54593],[-83.29631,35.54533],[-83.29711,35.54524],[-83.2974,35.54506],[-83.29761,35.54506]]},"properties":{"net":"NC3046","o":1}},{"type":"Feature","geometry":{"type":"LineString","coordinates":[[-83.27749,35.519],[-83.27767,35.51858]]},"properties":{"net":"NC3046","o":6}},{"type":"Feature","geometry":{"type":"LineString","coordinates":[[-83.35004,35.45121],[-83.35034,35.45159],[-83.3507,35.4518]]},"properties":{"net":"NC3046","o":2}},{"type":"Feature","geometry":{"type":"LineString","coordinates":[[-83.27726,35.54784],[-83.27645,35.54601]]},"properties":{"net":"NC3046","o":1}},{"type":"Feature","geometry":{"type":"LineString","coordinates":[[-83.25679,35.57249],[-83.25669,35.57239]]},"properties":{"net":"NC3046","o":3}},{"type":"Feature","geometry":{"type":"LineString","coordinates":[[-83.24277,35.5641],[-83.24224,35.5636],[-83.24205,35.56317]]},"properties":{"net":"NC3046","o":5}},{"type":"Feature","geometry":{"type":"LineString","coordinates":[[-82.9494,35.23883],[-82.94994,35.23837],[-82.95079,35.23787],[-82.95223,35.23752],[-82.95244,35.23739]]},"properties":{"net":"NC3027","o":3}},{"type":"Feature","geometry":{"type":"LineString","coordinates":[[-83.34903,35.46982],[-83.34888,35.46968]]},"properties":{"net":"NC3046","o":1}},{"type":"Feature","geometry":{"type":"LineString","coordinates":[[-83.20002,35.58915],[-83.2001,35.58894],[-83.20051,35.58848],[-83.2009,35.58825],[-83.20131,35.58773],[-83.20154,35.58701],[-83.20195,35.58666],[-83.2022,35.58625],[-83.20264,35.58594],[-83.20279,35.5856],[-83.20331,35.58529],[-83.20361,35.58474]]},"properties":{"net":"NC3046","o":3}},{"type":"Feature","geometry":{"type":"LineString","coordinates":[[-83.29,35.52395],[-83.29041,35.5239],[-83.29064,35.52367],[-83.29049,35.52291],[-83.29046,35.52213]]},"properties":{"net":"NC3046","o":6}},{"type":"Feature","geometry":{"type":"LineString","coordinates":[[-83.36619,35.44736],[-83.36612,35.44694],[-83.36631,35.44617],[-83.36643,35.44605]]},"properties":{"net":"NC3046","o":6}},{"type":"Feature","geometry":{"type":"LineString","coordinates":[[-83.37371,35.47632],[-83.373,35.47589],[-83.37285,35.47571],[-83.37282,35.47544]]},"properties":{"net":"sm3080","o":1}},{"type":"Feature","geometry":{"type":"LineString","coordinates":[[-83.25506,35.51744],[-83.2559,35.51755],[-83.25657,35.51795],[-83.25729,35.51805]]},"properties":{"net":"sm3083","o":2}},{"type":"Feature","geometry":{"type":"LineString","coordinates":[[-83.48348,35.44101],[-83.4844,35.44094],[-83.48498,35.44074]]},"properties":{"net":"out","o":4}},{"type":"Feature","geometry":{"type":"LineString","coordinates":[[-83.25612,35.58067],[-83.25645,35.58017],[-83.25688,35.57994],[-83.25803,35.57865]]},"properties":{"net":"NC3046","o":2}},{"type":"Feature","geometry":{"type":"LineString","coordinates":[[-83.23256,35.59528],[-83.23287,35.5948],[-83.23298,35.59404],[-83.23416,35.59136],[-83.23438,35.59097],[-83.23491,35.5904]]},"properties":{"net":"NC31823","o":4}},{"type":"Feature","geometry":{"type":"LineString","coordinates":[[-83.23971,35.53515],[-83.23984,35.53489],[-83.24076,35.53433],[-83.24104,35.53403],[-83.24163,35.53388]]},"properties":{"net":"NC3046","o":1}},{"type":"Feature","geometry":{"type":"LineString","coordinates":[[-83.33036,35.46017],[-83.33038,35.4611],[-83.33093,35.46135],[-83.33144,35.46171]]},"properties":{"net":"NC3046","o":1}},{"type":"Feature","geometry":{"type":"LineString","coordinates":[[-83.40759,35.41347],[-83.40755,35.41411],[-83.40785,35.41463]]},"properties":{"net":"NC6241","o":4}},{"type":"Feature","geometry":{"type":"LineString","coordinates":[[-83.27119,35.68115],[-83.27105,35.68067],[-83.27084,35.68038],[-83.27082,35.67969],[-83.27039,35.67915],[-83.27041,35.67816],[-83.27026,35.67789],[-83.26955,35.67724],[-83.26945,35.67641],[-83.26931,35.67612],[-83.26871,35.67585],[-83.26775,35.67584],[-83.26682,35.67488],[-83.26597,35.67443],[-83.26557,35.67437],[-83.26505,35.67445],[-83.26359,35.67423],[-83.26307,35.67401],[-83.26293,35.67366],[-83.26258,35.6736]]},"properties":{"net":"NC3046","o":1}},{"type":"Feature","geometry":{"type":"LineString","coordinates":[[-82.99969,35.1726],[-82.99986,35.17265]]},"properties":{"net":"NC3027","o":2}},{"type":"Feature","geometry":{"type":"LineString","coordinates":[[-82.97155,35.31779],[-82.9724,35.31823],[-82.97614,35.31921],[-82.97694,35.31968],[-82.97796,35.32072],[-82.97951,35.32095],[-82.98069,35.32168],[-82.98144,35.32204],[-82.98356,35.32253],[-82.9844,35.32311],[-82.98492,35.32385]]},"properties":{"net":"NC3252","o":1}},{"type":"Feature","geometry":{"type":"LineString","coordinates":[[-83.31711,35.57848],[-83.31711,35.57845]]},"properties":{"net":"NC3046","o":1}},{"type":"Feature","geometry":{"type":"LineString","coordinates":[[-83.30321,35.48826],[-83.30351,35.48782],[-83.30469,35.48736]]},"properties":{"net":"NC3046","o":1}},{"type":"Feature","geometry":{"type":"LineString","coordinates":[[-83.27881,35.50598],[-83.27892,35.50548],[-83.2791,35.50518],[-83.27932,35.50496],[-83.27975,35.50479]]},"properties":{"net":"NC3046","o":1}},{"type":"Feature","geometry":{"type":"LineString","coordinates":[[-83.29654,35.55627],[-83.2963,35.55592]]},"properties":{"net":"NC3046","o":3}},{"type":"Feature","geometry":{"type":"LineString","coordinates":[[-83.33786,35.46888],[-83.33745,35.46911],[-83.33731,35.46938],[-83.33709,35.46955],[-83.33703,35.47004]]},"properties":{"net":"NC3046","o":1}},{"type":"Feature","geometry":{"type":"LineString","coordinates":[[-83.33192,35.49191],[-83.33142,35.49182],[-83.33105,35.49143],[-83.3303,35.49153]]},"properties":{"net":"NC3046","o":1}},{"type":"Feature","geometry":{"type":"LineString","coordinates":[[-83.31268,35.54689],[-83.31148,35.54742],[-83.31031,35.54766],[-83.30954,35.54805],[-83.30932,35.54808]]},"properties":{"net":"NC3046","o":1}},{"type":"Feature","geometry":{"type":"LineString","coordinates":[[-83.39196,35.45482],[-83.39198,35.45453],[-83.39231,35.4542],[-83.39215,35.45339],[-83.39219,35.45313],[-83.39266,35.45261]]},"properties":{"net":"out","o":4}},{"type":"Feature","geometry":{"type":"LineString","coordinates":[[-83.3126,35.49895],[-83.31251,35.49886]]},"properties":{"net":"NC3046","o":1}},{"type":"Feature","geometry":{"type":"LineString","coordinates":[[-83.24905,35.5188],[-83.24981,35.51879]]},"properties":{"net":"sm3083","o":1}},{"type":"Feature","geometry":{"type":"LineString","coordinates":[[-83.23868,35.53869],[-83.23807,35.53899],[-83.23698,35.53927],[-83.23615,35.53975]]},"properties":{"net":"NC3046","o":2}},{"type":"Feature","geometry":{"type":"LineString","coordinates":[[-83.25096,35.5546],[-83.25135,35.55335],[-83.25172,35.55308]]},"properties":{"net":"NC3046","o":6}},{"type":"Feature","geometry":{"type":"LineString","coordinates":[[-83.23362,35.55235],[-83.23442,35.5527],[-83.23525,35.55281]]},"properties":{"net":"NC3046","o":5}},{"type":"Feature","geometry":{"type":"LineString","coordinates":[[-83.45838,35.42149],[-83.45971,35.422]]},"properties":{"net":"out","o":7}},{"type":"Feature","geometry":{"type":"LineString","coordinates":[[-83.39674,35.44315],[-83.39669,35.44289],[-83.39676,35.44275],[-83.39734,35.44233]]},"properties":{"net":"out","o":7}},{"type":"Feature","geometry":{"type":"LineString","coordinates":[[-83.09546,35.2314],[-83.09664,35.23436],[-83.09634,35.23525],[-83.09633,35.236],[-83.09599,35.23659],[-83.09511,35.23739],[-83.09408,35.23854],[-83.09353,35.23973],[-83.09314,35.2403],[-83.09297,35.24191]]},"properties":{"net":"sm164613","o":1}},{"type":"Feature","geometry":{"type":"LineString","coordinates":[[-83.09297,35.24191],[-83.09299,35.24293],[-83.09283,35.24343],[-83.09199,35.24401],[-83.09156,35.24446],[-83.09097,35.24459]]},"properties":{"net":"NC3026","o":1}},{"type":"Feature","geometry":{"type":"LineString","coordinates":[[-83.20191,35.46048],[-83.20182,35.46151],[-83.202,35.46277],[-83.20328,35.46536],[-83.20368,35.46686],[-83.20376,35.46798],[-83.20338,35.46872],[-83.20336,35.46894]]},"properties":{"net":"sm3082","o":1}},{"type":"Feature","geometry":{"type":"LineString","coordinates":[[-83.21125,35.5312],[-83.21091,35.53182],[-83.21095,35.53201]]},"properties":{"net":"NC3046","o":3}},{"type":"Feature","geometry":{"type":"LineString","coordinates":[[-83.19622,35.53197],[-83.19637,35.53228],[-83.19683,35.53275]]},"properties":{"net":"NC3046","o":2}},{"type":"Feature","geometry":{"type":"LineString","coordinates":[[-83.27062,35.55755],[-83.27109,35.55705],[-83.272,35.55658],[-83.27207,35.55598],[-83.2716,35.55436],[-83.27164,35.55394],[-83.27183,35.55363]]},"properties":{"net":"NC3046","o":1}},{"type":"Feature","geometry":{"type":"LineString","coordinates":[[-83.262,35.54082],[-83.26274,35.54115],[-83.26301,35.54162]]},"properties":{"net":"NC3046","o":4}},{"type":"Feature","geometry":{"type":"LineString","coordinates":[[-83.3063,35.55582],[-83.30646,35.55564],[-83.30741,35.55514],[-83.30865,35.55513],[-83.30991,35.55449]]},"properties":{"net":"NC3046","o":1}},{"type":"Feature","geometry":{"type":"LineString","coordinates":[[-83.27933,35.53882],[-83.27768,35.53855]]},"properties":{"net":"NC3046","o":2}},{"type":"Feature","geometry":{"type":"LineString","coordinates":[[-83.25836,35.52378],[-83.25822,35.52411],[-83.25824,35.52458],[-83.25847,35.52475],[-83.25853,35.52501]]},"properties":{"net":"sm3083","o":1}},{"type":"Feature","geometry":{"type":"LineString","coordinates":[[-83.21083,35.54074],[-83.21099,35.54044],[-83.21172,35.54],[-83.21229,35.53938],[-83.2138,35.53936]]},"properties":{"net":"NC3046","o":2}},{"type":"Feature","geometry":{"type":"LineString","coordinates":[[-83.29051,35.51703],[-83.29107,35.51756],[-83.29134,35.51762]]},"properties":{"net":"NC3046","o":1}},{"type":"Feature","geometry":{"type":"LineString","coordinates":[[-83.29858,35.4954],[-83.29852,35.49589],[-83.29908,35.49649]]},"properties":{"net":"NC3046","o":1}},{"type":"Feature","geometry":{"type":"LineString","coordinates":[[-83.28226,35.45847],[-83.28213,35.45795],[-83.28175,35.45752],[-83.28135,35.4563],[-83.28147,35.45556],[-83.28133,35.45493],[-83.28137,35.45446],[-83.28147,35.45406],[-83.28204,35.45305],[-83.2824,35.45262],[-83.28312,35.45222],[-83.28336,35.45176],[-83.28378,35.45149],[-83.2839,35.45135],[-83.28395,35.45089],[-83.28403,35.45083]]},"properties":{"net":"NC3046","o":1}},{"type":"Feature","geometry":{"type":"LineString","coordinates":[[-83.26338,35.51634],[-83.26372,35.51623],[-83.26427,35.51637],[-83.26483,35.51638],[-83.2655,35.5161],[-83.26623,35.51596],[-83.26711,35.51546],[-83.26782,35.51546]]},"properties":{"net":"NC3046","o":1}},{"type":"Feature","geometry":{"type":"LineString","coordinates":[[-83.28881,35.50199],[-83.28935,35.50218]]},"properties":{"net":"NC3046","o":4}},{"type":"Feature","geometry":{"type":"LineString","coordinates":[[-83.27234,35.38695],[-83.27335,35.38633],[-83.27487,35.38574],[-83.27509,35.38573],[-83.27546,35.38545],[-83.2756,35.38508],[-83.27557,35.38445],[-83.27539,35.38418],[-83.27538,35.384],[-83.27498,35.3837],[-83.27359,35.38344],[-83.27204,35.38227],[-83.27134,35.38158],[-83.27132,35.38126],[-83.27109,35.38104],[-83.27103,35.38082],[-83.27111,35.38023],[-83.27147,35.37981],[-83.27172,35.37931],[-83.27209,35.37898]]},"properties":{"net":"out","o":6}},{"type":"Feature","geometry":{"type":"LineString","coordinates":[[-83.2769,35.52759],[-83.27694,35.52755]]},"properties":{"net":"NC3046","o":1}},{"type":"Feature","geometry":{"type":"LineString","coordinates":[[-83.10384,35.36219],[-83.10333,35.36184]]},"properties":{"net":"sm165135","o":1}},{"type":"Feature","geometry":{"type":"LineString","coordinates":[[-83.10333,35.36184],[-83.10309,35.36155],[-83.10295,35.36099],[-83.10258,35.36024],[-83.10178,35.35919],[-83.0995,35.35732],[-83.09878,35.35658],[-83.09782,35.35622],[-83.09666,35.35521],[-83.09551,35.35482],[-83.09536,35.35465],[-83.09516,35.35392],[-83.09488,35.35342],[-83.09434,35.35294]]},"properties":{"net":"NC3252","o":1}},{"type":"Feature","geometry":{"type":"LineString","coordinates":[[-83.31559,35.47337],[-83.31569,35.47319]]},"properties":{"net":"NC3046","o":2}},{"type":"Feature","geometry":{"type":"LineString","coordinates":[[-83.36974,35.45544],[-83.36947,35.45548]]},"properties":{"net":"NC3046","o":2}},{"type":"Feature","geometry":{"type":"LineString","coordinates":[[-83.27218,35.55846],[-83.27248,35.55816],[-83.27308,35.55785]]},"properties":{"net":"NC3046","o":1}},{"type":"Feature","geometry":{"type":"LineString","coordinates":[[-83.19854,35.53151],[-83.19811,35.53177],[-83.19808,35.53216],[-83.19791,35.53243],[-83.19757,35.53376]]},"properties":{"net":"NC3046","o":1}},{"type":"Feature","geometry":{"type":"LineString","coordinates":[[-83.19839,35.59109],[-83.19888,35.59004],[-83.19924,35.5897],[-83.19989,35.58934],[-83.20002,35.58915]]},"properties":{"net":"NC3046","o":2}},{"type":"Feature","geometry":{"type":"LineString","coordinates":[[-83.24387,35.49616],[-83.24418,35.49533],[-83.2441,35.49378],[-83.24373,35.49215],[-83.2429,35.49099]]},"properties":{"net":"NC3046","o":2}},{"type":"Feature","geometry":{"type":"LineString","coordinates":[[-83.33226,35.48104],[-83.33216,35.48013],[-83.33235,35.47951]]},"properties":{"net":"NC3046","o":3}},{"type":"Feature","geometry":{"type":"LineString","coordinates":[[-82.97442,35.33723],[-82.97536,35.33644],[-82.97593,35.33537],[-82.97662,35.33456],[-82.9768,35.3339],[-82.97676,35.33316],[-82.97728,35.33206],[-82.97798,35.33151],[-82.9792,35.33104],[-82.97962,35.33074],[-82.97964,35.33029],[-82.97948,35.32945],[-82.97957,35.3292],[-82.97976,35.32896],[-82.98155,35.32765],[-82.98336,35.32642],[-82.98359,35.32612],[-82.98378,35.32531]]},"properties":{"net":"NC3252","o":1}},{"type":"Feature","geometry":{"type":"LineString","coordinates":[[-83.36112,35.46134],[-83.36099,35.46094],[-83.36017,35.46055],[-83.35996,35.46024],[-83.35965,35.46005],[-83.35957,35.45984]]},"properties":{"net":"sm3080","o":1}},{"type":"Feature","geometry":{"type":"LineString","coordinates":[[-83.36063,35.48576],[-83.35971,35.48567],[-83.3593,35.48548],[-83.35894,35.48517]]},"properties":{"net":"NC3046","o":3}},{"type":"Feature","geometry":{"type":"LineString","coordinates":[[-83.22252,35.53858],[-83.22201,35.53884],[-83.2219,35.53931],[-83.22235,35.53992],[-83.22234,35.54079],[-83.22264,35.54121],[-83.22312,35.54157]]},"properties":{"net":"NC3046","o":1}},{"type":"Feature","geometry":{"type":"LineString","coordinates":[[-83.21335,35.52782],[-83.2132,35.5279],[-83.21276,35.52784],[-83.21228,35.52796],[-83.21217,35.52828],[-83.21172,35.52868],[-83.21156,35.52929],[-83.21138,35.52938]]},"properties":{"net":"NC3046","o":1}},{"type":"Feature","geometry":{"type":"LineString","coordinates":[[-83.32083,35.40373],[-83.32274,35.40538],[-83.32394,35.40624],[-83.32479,35.40661],[-83.32611,35.4076],[-83.32733,35.40882],[-83.32734,35.409],[-83.32757,35.40931]]},"properties":{"net":"out","o":6}},{"type":"Feature","geometry":{"type":"LineString","coordinates":[[-83.24347,35.57272],[-83.24297,35.57182],[-83.2422,35.57131],[-83.24169,35.57084]]},"properties":{"net":"NC3046","o":4}},{"type":"Feature","geometry":{"type":"LineString","coordinates":[[-83.2324,35.52487],[-83.23246,35.52521],[-83.23218,35.52571]]},"properties":{"net":"NC3046","o":1}},{"type":"Feature","geometry":{"type":"LineString","coordinates":[[-83.18459,35.51619],[-83.18522,35.51735],[-83.18526,35.5179],[-83.18557,35.51876]]},"properties":{"net":"NC3046","o":1}},{"type":"Feature","geometry":{"type":"LineString","coordinates":[[-83.56189,35.49197],[-83.56411,35.49168]]},"properties":{"net":"out","o":4}},{"type":"Feature","geometry":{"type":"LineString","coordinates":[[-83.27022,35.53874],[-83.27016,35.53864]]},"properties":{"net":"NC3046","o":3}},{"type":"Feature","geometry":{"type":"LineString","coordinates":[[-83.23141,35.52723],[-83.23079,35.52779]]},"properties":{"net":"NC3046","o":2}},{"type":"Feature","geometry":{"type":"LineString","coordinates":[[-83.2147,35.54008],[-83.21508,35.54016]]},"properties":{"net":"NC3046","o":4}},{"type":"Feature","geometry":{"type":"LineString","coordinates":[[-83.12783,35.3592],[-83.12873,35.35843],[-83.12929,35.35731],[-83.12969,35.35673],[-83.13015,35.35628],[-83.13077,35.3559]]},"properties":{"net":"NC3252","o":2}},{"type":"Feature","geometry":{"type":"LineString","coordinates":[[-83.17937,35.5617],[-83.17935,35.56106],[-83.179,35.5608],[-83.17882,35.56038],[-83.17893,35.55993],[-83.17855,35.55934],[-83.17864,35.55895],[-83.1781,35.55846],[-83.17811,35.55728],[-83.17822,35.55686],[-83.1775,35.55559],[-83.17681,35.555],[-83.17612,35.55464],[-83.17595,35.55413],[-83.17536,35.55373]]},"properties":{"net":"NC3046","o":2}},{"type":"Feature","geometry":{"type":"LineString","coordinates":[[-83.06126,35.28811],[-83.062,35.28738],[-83.06236,35.28717],[-83.06303,35.28702],[-83.06425,35.28693],[-83.06479,35.28671],[-83.06514,35.28646],[-83.06541,35.286],[-83.06571,35.28584]]},"properties":{"net":"NC3252","o":2}},{"type":"Feature","geometry":{"type":"LineString","coordinates":[[-83.33399,35.48162],[-83.33332,35.48155],[-83.33226,35.48104]]},"properties":{"net":"NC3046","o":1}}]}