{"type":"FeatureCollection","features":[{"type":"Feature","geometry":{"type":"LineString","coordinates":[[-83.33425,36.09178],[-83.33214,36.0926],[-83.33202,36.09276],[-83.33169,36.09284],[-83.33158,36.09312],[-83.32922,36.0942]]},"properties":{"net":"out","o":4}},{"type":"Feature","geometry":{"type":"LineString","coordinates":[[-83.20769,36.14119],[-83.20803,36.14155]]},"properties":{"net":"out","o":7}},{"type":"Feature","geometry":{"type":"LineString","coordinates":[[-83.19675,36.12988],[-83.19702,36.13016]]},"properties":{"net":"out","o":7}},{"type":"Feature","geometry":{"type":"LineString","coordinates":[[-83.26496,36.12877],[-83.26498,36.129],[-83.26456,36.12941],[-83.26449,36.12985],[-83.26396,36.13005]]},"properties":{"net":"out","o":4}},{"type":"Feature","geometry":{"type":"LineString","coordinates":[[-83.13442,36.1015],[-83.13458,36.10158],[-83.1346,36.10194],[-83.13367,36.10257],[-83.13337,36.10288],[-83.13338,36.10307],[-83.13389,36.10327],[-83.13435,36.10388],[-83.13452,36.10453],[-83.13483,36.10483],[-83.13526,36.10507]]},"properties":{"net":"out","o":4}},{"type":"Feature","geometry":{"type":"LineString","coordinates":[[-83.13918,36.1291],[-83.13966,36.12922],[-83.14003,36.12944],[-83.14095,36.13037],[-83.14126,36.13098],[-83.14125,36.13285],[-83.14117,36.13335],[-83.14128,36.13376],[-83.14119,36.13429]]},"properties":{"net":"out","o":7}},{"type":"Feature","geometry":{"type":"LineString","coordinates":[[-83.13665,36.12843],[-83.13729,36.12853],[-83.13847,36.12902],[-83.13918,36.1291]]},"properties":{"net":"out","o":7}},{"type":"Feature","geometry":{"type":"LineString","coordinates":[[-83.13977,36.15701],[-83.13966,36.15698]]},"properties":{"net":"out","o":6}},{"type":"Feature","geometry":{"type":"LineString","coordinates":[[-83.16962,36.11466],[-83.17003,36.11503],[-83.17024,36.11542],[-83.17031,36.11578],[-83.17,36.1167],[-83.17011,36.11709],[-83.17121,36.11844],[-83.17156,36.11916],[-83.17211,36.11977],[-83.17227,36.12017]]},"properties":{"net":"out","o":4}},{"type":"Feature","geometry":{"type":"LineString","coordinates":[[-83.16252,36.16938],[-83.1627,36.16974],[-83.1634,36.17043],[-83.16446,36.17116],[-83.16492,36.17135],[-83.16555,36.17138],[-83.16737,36.17079],[-83.16787,36.17077]]},"properties":{"net":"out","o":6}},{"type":"Feature","geometry":{"type":"LineString","coordinates":[[-83.2202,36.13468],[-83.22004,36.1343],[-83.2198,36.13302],[-83.21979,36.13229],[-83.22007,36.13067],[-83.21997,36.13044],[-83.21999,36.12979],[-83.21986,36.1292],[-83.21996,36.12873]]},"properties":{"net":"out","o":7}},{"type":"Feature","geometry":{"type":"LineString","coordinates":[[-83.12157,36.1378],[-83.12169,36.13787]]},"properties":{"net":"out","o":6}},{"type":"Feature","geometry":{"type":"LineString","coordinates":[[-83.11273,36.14124],[-83.11368,36.14109],[-83.11677,36.14118]]},"properties":{"net":"out","o":6}},{"type":"Feature","geometry":{"type":"LineString","coordinates":[[-83.10546,36.14291],[-83.1074,36.14264],[-83.10999,36.14202],[-83.11099,36.14161]]},"properties":{"net":"out","o":6}},{"type":"Feature","geometry":{"type":"LineString","coordinates":[[-83.23804,36.10405],[-83.2377,36.10276],[-83.23751,36.10256],[-83.23735,36.10189],[-83.23768,36.101],[-83.23773,36.10044],[-83.23746,36.09933],[-83.2377,36.09908]]},"properties":{"net":"out","o":7}},{"type":"Feature","geometry":{"type":"LineString","coordinates":[[-83.2366,36.09622],[-83.23606,36.09562]]},"properties":{"net":"out","o":7}},{"type":"Feature","geometry":{"type":"LineString","coordinates":[[-83.14191,36.20424],[-83.14284,36.20407],[-83.14431,36.20423],[-83.14588,36.2035],[-83.14654,36.20285],[-83.14714,36.20248],[-83.14739,36.2024],[-83.14787,36.20245],[-83.14808,36.20258],[-83.14863,36.20253],[-83.14954,36.20198],[-83.15112,36.20147],[-83.15138,36.20132],[-83.1519,36.20065],[-83.1526,36.20026]]},"properties":{"net":"out","o":4}},{"type":"Feature","geometry":{"type":"LineString","coordinates":[[-83.13405,36.20866],[-83.13467,36.20812],[-83.13541,36.20777],[-83.13601,36.20769],[-83.13796,36.20794],[-83.13831,36.2078],[-83.13898,36.20729],[-83.1401,36.20709],[-83.14055,36.20688]]},"properties":{"net":"out","o":4}},{"type":"Feature","geometry":{"type":"LineString","coordinates":[[-83.17975,36.12531],[-83.18132,36.12511],[-83.18221,36.12518],[-83.1831,36.12502],[-83.18443,36.1252],[-83.18498,36.1254]]},"properties":{"net":"out","o":7}},{"type":"Feature","geometry":{"type":"LineString","coordinates":[[-83.12446,36.09334],[-83.12477,36.09366],[-83.12546,36.09389]]},"properties":{"net":"out","o":4}},{"type":"Feature","geometry":{"type":"LineString","coordinates":[[-83.12249,36.08995],[-83.12283,36.09025],[-83.12319,36.09075],[-83.1234,36.09188]]},"properties":{"net":"out","o":4}},{"type":"Feature","geometry":{"type":"LineString","coordinates":[[-83.06496,36.27506],[-83.06602,36.27382]]},"properties":{"net":"out","o":4}},{"type":"Feature","geometry":{"type":"LineString","coordinates":[[-83.10524,36.24489],[-83.10565,36.24472],[-83.10583,36.24448],[-83.10594,36.2441],[-83.10625,36.24359],[-83.10636,36.24295],[-83.10657,36.24254],[-83.10694,36.24222]]},"properties":{"net":"out","o":4}},{"type":"Feature","geometry":{"type":"LineString","coordinates":[[-83.07383,36.26544],[-83.07473,36.26451],[-83.07559,36.2645],[-83.07587,36.26428],[-83.07599,36.26401],[-83.07609,36.26353],[-83.07605,36.26326],[-83.07577,36.26302],[-83.07521,36.26276],[-83.07512,36.26255],[-83.07599,36.26194],[-83.07605,36.26175],[-83.07599,36.26137],[-83.07626,36.26116],[-83.07627,36.26024],[-83.07641,36.26003],[-83.07632,36.25948],[-83.07655,36.25917],[-83.07635,36.25901],[-83.07639,36.25874],[-83.07617,36.25837],[-83.07623,36.25817],[-83.07667,36.25782],[-83.07926,36.2565]]},"properties":{"net":"out","o":4}},{"type":"Feature","geometry":{"type":"LineString","coordinates":[[-83.0791,36.10217],[-83.08084,36.104]]},"properties":{"net":"out","o":7}},{"type":"Feature","geometry":{"type":"LineString","coordinates":[[-83.06992,36.12397],[-83.07092,36.12424],[-83.07128,36.1245],[-83.07238,36.12466],[-83.07268,36.1248],[-83.07302,36.12509],[-83.07301,36.12567],[-83.07326,36.12602],[-83.07385,36.1263],[-83.07434,36.12636],[-83.07545,36.12597],[-83.07604,36.12554],[-83.07634,36.12544],[-83.07726,36.12562]]},"properties":{"net":"out","o":5}},{"type":"Feature","geometry":{"type":"LineString","coordinates":[[-83.09778,36.16346],[-83.09762,36.16296],[-83.098,36.16035]]},"properties":{"net":"out","o":4}},{"type":"Feature","geometry":{"type":"LineString","coordinates":[[-83.09629,36.16586],[-83.09731,36.16573]]},"properties":{"net":"out","o":4}},{"type":"Feature","geometry":{"type":"LineString","coordinates":[[-83.09204,36.15292],[-83.09269,36.15325],[-83.0928,36.1535],[-83.09414,36.15485]]},"properties":{"net":"out","o":6}},{"type":"Feature","geometry":{"type":"LineString","coordinates":[[-83.06781,36.12356],[-83.06806,36.12375],[-83.06992,36.12397]]},"properties":{"net":"out","o":5}},{"type":"Feature","geometry":{"type":"LineString","coordinates":[[-83.06002,36.07582],[-83.06,36.07606]]},"properties":{"net":"out","o":5}},{"type":"Feature","geometry":{"type":"LineString","coordinates":[[-83.06244,36.08694],[-83.06281,36.08742],[-83.06366,36.08801],[-83.0643,36.08877],[-83.06459,36.08941],[-83.06464,36.09021],[-83.06484,36.09059],[-83.06507,36.09084],[-83.06561,36.09111],[-83.06645,36.09135]]},"properties":{"net":"out","o":5}},{"type":"Feature","geometry":{"type":"LineString","coordinates":[[-83.05495,36.12735],[-83.05631,36.12644],[-83.05659,36.12637],[-83.05712,36.12646],[-83.0583,36.12698],[-83.05877,36.12699]]},"properties":{"net":"out","o":5}},{"type":"Feature","geometry":{"type":"LineString","coordinates":[[-83.05512,36.15206],[-83.05608,36.15227],[-83.05675,36.15271],[-83.05807,36.15297],[-83.05865,36.15331],[-83.05897,36.15337],[-83.06081,36.15281],[-83.06165,36.15207],[-83.06207,36.15186]]},"properties":{"net":"out","o":4}},{"type":"Feature","geometry":{"type":"LineString","coordinates":[[-83.05582,36.1893],[-83.05603,36.18932],[-83.0569,36.18981],[-83.05721,36.18984],[-83.05792,36.18942],[-83.05885,36.18952],[-83.05952,36.18988],[-83.06023,36.19054]]},"properties":{"net":"out","o":6}},{"type":"Feature","geometry":{"type":"LineString","coordinates":[[-83.02383,36.07399],[-83.02366,36.07478]]},"properties":{"net":"out","o":4}},{"type":"Feature","geometry":{"type":"LineString","coordinates":[[-83.04982,36.18107],[-83.05015,36.18145],[-83.05046,36.18201]]},"properties":{"net":"out","o":4}},{"type":"Feature","geometry":{"type":"LineString","coordinates":[[-83.05585,36.20138],[-83.0534,36.19907],[-83.05202,36.1971],[-83.05173,36.19682],[-83.05085,36.19705],[-83.05009,36.19697],[-83.04986,36.19683],[-83.05014,36.19659],[-83.05015,36.19649],[-83.04967,36.19617],[-83.04878,36.19652],[-83.0483,36.19661],[-83.04778,36.19655],[-83.04743,36.19632],[-83.04696,36.19639],[-83.04696,36.1958],[-83.04677,36.19551],[-83.04656,36.19538],[-83.04573,36.19517],[-83.04534,36.19487],[-83.04543,36.19464],[-83.04609,36.1943],[-83.04619,36.19402],[-83.04551,36.19359],[-83.04477,36.19337]]},"properties":{"net":"out","o":4}},{"type":"Feature","geometry":{"type":"LineString","coordinates":[[-83.0345,36.11972],[-83.03569,36.12003]]},"properties":{"net":"out","o":5}},{"type":"Feature","geometry":{"type":"LineString","coordinates":[[-83.00858,36.09046],[-83.00889,36.09021],[-83.01009,36.09063]]},"properties":{"net":"out","o":7}},{"type":"Feature","geometry":{"type":"LineString","coordinates":[[-83.03857,36.16969],[-83.03902,36.17006],[-83.03949,36.17017],[-83.03974,36.17079]]},"properties":{"net":"out","o":4}},{"type":"Feature","geometry":{"type":"LineString","coordinates":[[-83.02951,36.16464],[-83.02989,36.16483],[-83.03046,36.16551],[-83.03128,36.16615],[-83.0325,36.16749]]},"properties":{"net":"out","o":4}},{"type":"Feature","geometry":{"type":"LineString","coordinates":[[-83.09423,36.1221],[-83.09392,36.12131],[-83.09394,36.12091],[-83.09434,36.12067],[-83.09467,36.12059],[-83.09507,36.12064],[-83.09556,36.12094],[-83.09579,36.12097],[-83.09593,36.12091],[-83.09612,36.12036]]},"properties":{"net":"out","o":5}},{"type":"Feature","geometry":{"type":"LineString","coordinates":[[-83.08578,36.12946],[-83.08605,36.12933],[-83.08682,36.12829],[-83.088,36.12773],[-83.08835,36.12698],[-83.08842,36.12659],[-83.08887,36.12606],[-83.08909,36.12562],[-83.08945,36.12533],[-83.08986,36.12531],[-83.09007,36.12518],[-83.09023,36.12483],[-83.09063,36.12462],[-83.09214,36.12479],[-83.09323,36.12455],[-83.09367,36.12459],[-83.0943,36.12524]]},"properties":{"net":"out","o":5}},{"type":"Feature","geometry":{"type":"LineString","coordinates":[[-83.02504,36.21953],[-83.02541,36.21904]]},"properties":{"net":"out","o":4}},{"type":"Feature","geometry":{"type":"LineString","coordinates":[[-83.02977,36.21612],[-83.02995,36.21524],[-83.03018,36.21469],[-83.03059,36.21416],[-83.03161,36.21322],[-83.03218,36.21228],[-83.03254,36.21206],[-83.0332,36.21192],[-83.0334,36.21176],[-83.03351,36.21112],[-83.03335,36.21024],[-83.03295,36.2094],[-83.03231,36.20865],[-83.0317,36.20826],[-83.02937,36.20757],[-83.02882,36.20733],[-83.02735,36.20641],[-83.02704,36.20609],[-83.02695,36.20586],[-83.02696,36.20554],[-83.02725,36.20489],[-83.02755,36.20445],[-83.0287,36.20357],[-83.02919,36.20337],[-83.02965,36.20335],[-83.03085,36.20348],[-83.03145,36.20365],[-83.03427,36.20389],[-83.03519,36.20406],[-83.03587,36.20431],[-83.03636,36.20437],[-83.03714,36.20427],[-83.03972,36.2051],[-83.0407,36.20571],[-83.04162,36.20667],[-83.04303,36.20903],[-83.04366,36.20988]]},"properties":{"net":"out","o":6}},{"type":"Feature","geometry":{"type":"LineString","coordinates":[[-82.84882,36.01389],[-82.84855,36.01404],[-82.84791,36.0141],[-82.84631,36.01452],[-82.84456,36.01559]]},"properties":{"net":"out","o":4}},{"type":"Feature","geometry":{"type":"LineString","coordinates":[[-82.84558,36.03476],[-82.84566,36.03493],[-82.84601,36.03488],[-82.84639,36.03498],[-82.84683,36.03542],[-82.84671,36.03618],[-82.84694,36.0363],[-82.84773,36.03633],[-82.84786,36.037],[-82.84834,36.0373],[-82.84858,36.03729],[-82.84907,36.03705],[-82.84965,36.03639],[-82.8507,36.03582]]},"properties":{"net":"out","o":5}},{"type":"Feature","geometry":{"type":"LineString","coordinates":[[-82.98949,36.14299],[-82.98993,36.14266]]},"properties":{"net":"out","o":5}},{"type":"Feature","geometry":{"type":"LineString","coordinates":[[-82.96542,36.1537],[-82.96555,36.15363],[-82.96643,36.15376],[-82.96689,36.15399]]},"properties":{"net":"out","o":5}},{"type":"Feature","geometry":{"type":"LineString","coordinates":[[-82.95898,36.15774],[-82.95989,36.15751],[-82.96097,36.15756],[-82.96133,36.15749]]},"properties":{"net":"out","o":5}},{"type":"Feature","geometry":{"type":"LineString","coordinates":[[-82.95844,36.24679],[-82.9584,36.24701],[-82.95852,36.24714],[-82.9597,36.24712],[-82.96105,36.24669],[-82.96208,36.24619]]},"properties":{"net":"out","o":6}},{"type":"Feature","geometry":{"type":"LineString","coordinates":[[-82.95513,36.0106],[-82.95491,36.01056],[-82.95476,36.01068],[-82.95436,36.01074],[-82.95397,36.01059],[-82.9532,36.01096],[-82.95101,36.01166]]},"properties":{"net":"out","o":4}},{"type":"Feature","geometry":{"type":"LineString","coordinates":[[-82.96376,36.16324],[-82.96373,36.16291],[-82.9632,36.16278],[-82.96301,36.16259],[-82.96305,36.16183]]},"properties":{"net":"out","o":4}},{"type":"Feature","geometry":{"type":"LineString","coordinates":[[-82.97015,36.23218],[-82.97046,36.23215],[-82.97088,36.2318],[-82.97094,36.23148],[-82.97081,36.23118]]},"properties":{"net":"out","o":6}},{"type":"Feature","geometry":{"type":"LineString","coordinates":[[-82.94514,36.01705],[-82.94352,36.01847]]},"properties":{"net":"out","o":4}},{"type":"Feature","geometry":{"type":"LineString","coordinates":[[-82.94131,36.24308],[-82.94152,36.24321],[-82.94307,36.24342],[-82.94357,36.24311],[-82.94436,36.24196]]},"properties":{"net":"out","o":6}},{"type":"Feature","geometry":{"type":"LineString","coordinates":[[-82.95446,36.29483],[-82.95581,36.29473],[-82.95633,36.29414],[-82.95677,36.2939],[-82.9569,36.2935],[-82.95725,36.293],[-82.95762,36.29273]]},"properties":{"net":"out","o":4}},{"type":"Feature","geometry":{"type":"LineString","coordinates":[[-82.96193,36.22838],[-82.96216,36.22825],[-82.96308,36.2282],[-82.96476,36.22842],[-82.96606,36.22875],[-82.96721,36.22945],[-82.96847,36.2311],[-82.96931,36.23199],[-82.96951,36.23212],[-82.97015,36.23218]]},"properties":{"net":"out","o":6}},{"type":"Feature","geometry":{"type":"LineString","coordinates":[[-82.96208,36.24619],[-82.96291,36.24563],[-82.96383,36.24555],[-82.96413,36.24537],[-82.96424,36.24524],[-82.96432,36.24478],[-82.96392,36.24423],[-82.96393,36.24394],[-82.96411,36.24367],[-82.96482,36.24325],[-82.96485,36.24253],[-82.9646,36.24113],[-82.96432,36.24035],[-82.96375,36.23924],[-82.9632,36.23846],[-82.96172,36.23707],[-82.95939,36.23562],[-82.9575,36.23473],[-82.95451,36.23289]]},"properties":{"net":"out","o":6}},{"type":"Feature","geometry":{"type":"LineString","coordinates":[[-82.97082,36.23826],[-82.97077,36.23823]]},"properties":{"net":"out","o":4}},{"type":"Feature","geometry":{"type":"LineString","coordinates":[[-82.99634,36.26138],[-82.99677,36.26132],[-82.99725,36.26147],[-82.99759,36.26139],[-82.99894,36.26014],[-83.00054,36.2597],[-83.00123,36.25896]]},"properties":{"net":"out","o":4}},{"type":"Feature","geometry":{"type":"LineString","coordinates":[[-82.98586,36.26554],[-82.98651,36.265],[-82.98673,36.26451],[-82.987,36.26429],[-82.98762,36.26404],[-82.98817,36.26366],[-82.98872,36.26356],[-82.99034,36.26278],[-82.99117,36.26215],[-82.99202,36.26203],[-82.99266,36.26157],[-82.99361,36.26123],[-82.99475,36.26124],[-82.99551,36.26104],[-82.996,36.26111],[-82.99634,36.26138]]},"properties":{"net":"out","o":4}},{"type":"Feature","geometry":{"type":"LineString","coordinates":[[-82.9574,36.10038],[-82.95804,36.10015],[-82.96001,36.09914],[-82.96142,36.09853],[-82.96254,36.09834]]},"properties":{"net":"out","o":4}},{"type":"Feature","geometry":{"type":"LineString","coordinates":[[-82.9949,36.08273],[-82.99608,36.08322],[-82.99737,36.0844]]},"properties":{"net":"out","o":7}},{"type":"Feature","geometry":{"type":"LineString","coordinates":[[-82.98006,36.08665],[-82.9798,36.08713],[-82.97975,36.08766],[-82.97983,36.08796],[-82.98015,36.08821],[-82.98069,36.08823],[-82.98116,36.08814],[-82.98275,36.08756],[-82.98351,36.08714],[-82.9845,36.08638],[-82.98509,36.08558],[-82.9853,36.08513],[-82.98599,36.08453],[-82.9866,36.08374]]},"properties":{"net":"out","o":7}},{"type":"Feature","geometry":{"type":"LineString","coordinates":[[-82.91554,36.16211],[-82.91576,36.16228],[-82.91602,36.16289],[-82.91617,36.16357]]},"properties":{"net":"out","o":5}},{"type":"Feature","geometry":{"type":"LineString","coordinates":[[-82.93019,36.0284],[-82.93031,36.0293],[-82.93008,36.02967]]},"properties":{"net":"out","o":4}},{"type":"Feature","geometry":{"type":"LineString","coordinates":[[-82.93395,36.0731],[-82.93438,36.07272],[-82.93472,36.07203],[-82.9353,36.0713],[-82.93628,36.07037],[-82.93694,36.06997],[-82.93785,36.06993],[-82.93874,36.07002]]},"properties":{"net":"out","o":7}},{"type":"Feature","geometry":{"type":"LineString","coordinates":[[-82.97987,36.06283],[-82.98003,36.06303]]},"properties":{"net":"out","o":4}},{"type":"Feature","geometry":{"type":"LineString","coordinates":[[-82.97955,36.06183],[-82.97944,36.06201],[-82.97947,36.0622],[-82.97987,36.06283]]},"properties":{"net":"out","o":4}},{"type":"Feature","geometry":{"type":"LineString","coordinates":[[-82.89698,36.05362],[-82.89721,36.05206],[-82.8974,36.05176],[-82.89807,36.05129],[-82.89841,36.05089],[-82.89886,36.05062],[-82.90077,36.05083]]},"properties":{"net":"out","o":7}},{"type":"Feature","geometry":{"type":"LineString","coordinates":[[-82.91835,36.08854],[-82.91845,36.08816],[-82.9187,36.08781],[-82.91861,36.08743],[-82.91835,36.08697],[-82.91832,36.08609],[-82.91807,36.08567]]},"properties":{"net":"out","o":5}},{"type":"Feature","geometry":{"type":"LineString","coordinates":[[-82.91446,36.20101],[-82.91416,36.20156],[-82.91386,36.20188],[-82.91326,36.20224],[-82.9122,36.20248]]},"properties":{"net":"out","o":4}},{"type":"Feature","geometry":{"type":"LineString","coordinates":[[-82.90466,36.21146],[-82.90486,36.21251],[-82.90472,36.21294],[-82.90485,36.21334],[-82.90466,36.21423],[-82.90495,36.21477],[-82.90503,36.21544],[-82.90555,36.21584],[-82.90556,36.21616]]},"properties":{"net":"out","o":4}},{"type":"Feature","geometry":{"type":"LineString","coordinates":[[-82.91173,36.24581],[-82.91271,36.24613],[-82.9137,36.24621],[-82.91512,36.2455]]},"properties":{"net":"out","o":6}},{"type":"Feature","geometry":{"type":"LineString","coordinates":[[-82.90896,36.10764],[-82.90946,36.10737],[-82.91007,36.10609],[-82.91039,36.10419],[-82.91063,36.10378],[-82.91111,36.10346],[-82.9115,36.10303],[-82.9114,36.10277],[-82.91169,36.10212],[-82.91239,36.10162],[-82.91266,36.10088],[-82.91357,36.10026],[-82.91373,36.09991]]},"properties":{"net":"out","o":4}},{"type":"Feature","geometry":{"type":"LineString","coordinates":[[-82.89907,36.11542],[-82.89969,36.11512],[-82.9009,36.11389]]},"properties":{"net":"out","o":4}},{"type":"Feature","geometry":{"type":"LineString","coordinates":[[-82.91587,36.16548],[-82.91789,36.16591],[-82.91875,36.16669],[-82.91879,36.16771]]},"properties":{"net":"out","o":5}},{"type":"Feature","geometry":{"type":"LineString","coordinates":[[-82.92733,36.2494],[-82.92761,36.24936],[-82.92797,36.24915],[-82.92821,36.24853],[-82.9285,36.2482],[-82.9304,36.24715],[-82.93135,36.24642],[-82.9319,36.24583],[-82.93213,36.24532],[-82.93263,36.24489]]},"properties":{"net":"out","o":6}},{"type":"Feature","geometry":{"type":"LineString","coordinates":[[-82.79404,36.32492],[-82.79483,36.32421],[-82.79744,36.32334],[-82.79791,36.32296],[-82.79818,36.32245],[-82.79908,36.32217]]},"properties":{"net":"out","o":6}},{"type":"Feature","geometry":{"type":"LineString","coordinates":[[-82.88357,36.21056],[-82.88456,36.21094],[-82.887,36.21256]]},"properties":{"net":"out","o":4}},{"type":"Feature","geometry":{"type":"LineString","coordinates":[[-82.87796,36.20571],[-82.87888,36.20594],[-82.87928,36.20642],[-82.87952,36.20702],[-82.87947,36.20716],[-82.87901,36.2075]]},"properties":{"net":"out","o":4}},{"type":"Feature","geometry":{"type":"LineString","coordinates":[[-82.89907,36.2328],[-82.89888,36.23311],[-82.89867,36.23379],[-82.8982,36.23456]]},"properties":{"net":"out","o":5}},{"type":"Feature","geometry":{"type":"LineString","coordinates":[[-82.89707,36.22553],[-82.89782,36.22663],[-82.89846,36.22694]]},"properties":{"net":"out","o":5}},{"type":"Feature","geometry":{"type":"LineString","coordinates":[[-82.89447,36.26071],[-82.89378,36.25961]]},"properties":{"net":"out","o":4}},{"type":"Feature","geometry":{"type":"LineString","coordinates":[[-82.8915,36.26518],[-82.89216,36.2644],[-82.89225,36.26374],[-82.8925,36.26344],[-82.89439,36.26192],[-82.89447,36.2616],[-82.89434,36.2611],[-82.89447,36.26071]]},"properties":{"net":"out","o":4}},{"type":"Feature","geometry":{"type":"LineString","coordinates":[[-82.84616,36.21628],[-82.84689,36.21684],[-82.84748,36.21759],[-82.84847,36.2184],[-82.84903,36.21941]]},"properties":{"net":"out","o":5}},{"type":"Feature","geometry":{"type":"LineString","coordinates":[[-82.88772,36.22261],[-82.8892,36.22221],[-82.88982,36.22223],[-82.89022,36.22199],[-82.89057,36.22194],[-82.8911,36.22213],[-82.89231,36.22236]]},"properties":{"net":"out","o":5}},{"type":"Feature","geometry":{"type":"LineString","coordinates":[[-82.88138,36.22707],[-82.88185,36.22674],[-82.88246,36.22646],[-82.88296,36.22599],[-82.88384,36.22558],[-82.88492,36.226]]},"properties":{"net":"out","o":5}},{"type":"Feature","geometry":{"type":"LineString","coordinates":[[-82.85092,36.27928],[-82.85097,36.27901],[-82.85144,36.27867],[-82.85253,36.27839],[-82.85331,36.27833],[-82.85378,36.27802],[-82.85383,36.27774],[-82.85374,36.27744],[-82.85307,36.2769],[-82.85306,36.27665],[-82.85324,36.27641],[-82.8543,36.27581],[-82.85521,36.27504],[-82.85691,36.27491],[-82.85716,36.27476],[-82.85738,36.27428],[-82.85753,36.27418]]},"properties":{"net":"out","o":6}},{"type":"Feature","geometry":{"type":"LineString","coordinates":[[-82.87806,36.20512],[-82.87824,36.20528],[-82.87778,36.2055],[-82.87796,36.20571]]},"properties":{"net":"out","o":4}},{"type":"Feature","geometry":{"type":"LineString","coordinates":[[-82.8776,36.19884],[-82.87743,36.19924],[-82.8767,36.20002],[-82.87801,36.20111],[-82.87797,36.20138],[-82.87747,36.20241],[-82.87744,36.203]]},"properties":{"net":"out","o":4}},{"type":"Feature","geometry":{"type":"LineString","coordinates":[[-82.87625,36.22729],[-82.87658,36.22756]]},"properties":{"net":"out","o":5}},{"type":"Feature","geometry":{"type":"LineString","coordinates":[[-82.85438,35.99593],[-82.85344,35.99638]]},"properties":{"net":"out","o":4}},{"type":"Feature","geometry":{"type":"LineString","coordinates":[[-82.841,36.30004],[-82.8401,36.29757],[-82.83932,36.29683],[-82.83907,36.29644],[-82.83904,36.29608],[-82.83921,36.29512],[-82.83901,36.29442],[-82.8394,36.29403],[-82.84102,36.29284],[-82.8412,36.29232],[-82.84097,36.29204],[-82.8404,36.29169],[-82.83869,36.2911],[-82.83846,36.29086],[-82.83849,36.29043],[-82.83889,36.29019],[-82.83934,36.29024],[-82.8399,36.29041],[-82.84069,36.29082],[-82.84105,36.29086],[-82.84124,36.29077],[-82.84148,36.29047],[-82.84143,36.28996],[-82.84159,36.28984],[-82.8419,36.28987],[-82.84243,36.29022],[-82.84287,36.29027],[-82.84327,36.29006],[-82.84378,36.2895],[-82.84408,36.28932],[-82.8445,36.28926],[-82.8453,36.28938],[-82.84618,36.29002],[-82.84771,36.29012],[-82.84867,36.29071],[-82.84946,36.291],[-82.84994,36.29112],[-82.85101,36.2912],[-82.85164,36.29102],[-82.85209,36.29075],[-82.85254,36.29001]]},"properties":{"net":"out","o":6}},{"type":"Feature","geometry":{"type":"LineString","coordinates":[[-82.86288,36.27063],[-82.86161,36.27034],[-82.8613,36.27006],[-82.86128,36.26988],[-82.86178,36.26961],[-82.86323,36.26962],[-82.86398,36.26949],[-82.86434,36.26924],[-82.86438,36.26878],[-82.86416,36.2685]]},"properties":{"net":"out","o":6}},{"type":"Feature","geometry":{"type":"LineString","coordinates":[[-82.84185,36.06309],[-82.84266,36.06333]]},"properties":{"net":"out","o":4}},{"type":"Feature","geometry":{"type":"LineString","coordinates":[[-82.84026,36.30297],[-82.84021,36.30288]]},"properties":{"net":"out","o":5}},{"type":"Feature","geometry":{"type":"LineString","coordinates":[[-82.84004,36.31101],[-82.83888,36.31028],[-82.83813,36.30998]]},"properties":{"net":"out","o":5}},{"type":"Feature","geometry":{"type":"LineString","coordinates":[[-82.84198,36.33637],[-82.84166,36.33404],[-82.84165,36.33269],[-82.84145,36.33207],[-82.84151,36.33163],[-82.84134,36.33125],[-82.84129,36.33077],[-82.84172,36.33039]]},"properties":{"net":"out","o":4}},{"type":"Feature","geometry":{"type":"LineString","coordinates":[[-82.85191,36.08845],[-82.85232,36.08795],[-82.85282,36.08764],[-82.85353,36.08772],[-82.85434,36.08727],[-82.85459,36.08687],[-82.85479,36.08675],[-82.85488,36.08625],[-82.85476,36.08613],[-82.85481,36.08585],[-82.85438,36.08522],[-82.85379,36.08494],[-82.85345,36.08458],[-82.85326,36.08409],[-82.85327,36.08351],[-82.85421,36.08319],[-82.85555,36.08297],[-82.85657,36.08215]]},"properties":{"net":"out","o":4}},{"type":"Feature","geometry":{"type":"LineString","coordinates":[[-82.85202,36.09898],[-82.85255,36.09836],[-82.85242,36.09805],[-82.852,36.09761],[-82.85189,36.09731],[-82.85205,36.09691],[-82.85271,36.09592],[-82.8528,36.09553],[-82.85254,36.09494],[-82.85172,36.09436],[-82.85162,36.09384],[-82.85195,36.09277],[-82.85245,36.09201]]},"properties":{"net":"out","o":4}},{"type":"Feature","geometry":{"type":"LineString","coordinates":[[-82.84198,36.34871],[-82.84228,36.34807],[-82.8424,36.34728],[-82.84258,36.34702]]},"properties":{"net":"out","o":4}},{"type":"Feature","geometry":{"type":"LineString","coordinates":[[-82.83795,36.35186],[-82.83822,36.35165],[-82.83831,36.35132],[-82.83891,36.35079]]},"properties":{"net":"out","o":4}},{"type":"Feature","geometry":{"type":"LineString","coordinates":[[-82.75443,36.3317],[-82.75585,36.33141]]},"properties":{"net":"out","o":4}},{"type":"Feature","geometry":{"type":"LineString","coordinates":[[-82.75278,36.34207],[-82.75414,36.33892],[-82.75495,36.33774],[-82.75531,36.33757]]},"properties":{"net":"out","o":6}},{"type":"Feature","geometry":{"type":"LineString","coordinates":[[-82.82565,36.06847],[-82.82576,36.06883],[-82.82622,36.06921],[-82.82611,36.06949],[-82.82549,36.07017],[-82.82527,36.07071],[-82.82526,36.0711],[-82.8249,36.07148],[-82.82472,36.07188],[-82.82485,36.0721],[-82.82524,36.07228],[-82.82575,36.07222],[-82.82585,36.07229],[-82.82598,36.07292],[-82.82579,36.07357],[-82.82602,36.07387],[-82.82608,36.07413],[-82.82675,36.07423],[-82.8271,36.0744],[-82.82722,36.07438],[-82.82754,36.07406],[-82.82826,36.07426],[-82.8285,36.07416],[-82.82855,36.07375],[-82.82865,36.07368],[-82.82916,36.07363]]},"properties":{"net":"out","o":4}},{"type":"Feature","geometry":{"type":"LineString","coordinates":[[-82.76396,36.34694],[-82.76356,36.34679],[-82.76353,36.34557],[-82.76364,36.34535],[-82.76396,36.34516]]},"properties":{"net":"out","o":4}},{"type":"Feature","geometry":{"type":"LineString","coordinates":[[-82.82293,36.31275],[-82.82275,36.31168],[-82.82224,36.31117]]},"properties":{"net":"out","o":4}},{"type":"Feature","geometry":{"type":"LineString","coordinates":[[-82.82224,36.31117],[-82.82175,36.31107],[-82.82137,36.3111]]},"properties":{"net":"out","o":4}},{"type":"Feature","geometry":{"type":"LineString","coordinates":[[-82.82129,36.3111],[-82.82084,36.31054],[-82.82078,36.31006]]},"properties":{"net":"out","o":6}},{"type":"Feature","geometry":{"type":"LineString","coordinates":[[-82.82078,36.31006],[-82.82086,36.30914],[-82.82169,36.3088],[-82.82173,36.30757],[-82.82161,36.3072],[-82.8213,36.30688],[-82.82053,36.3064],[-82.82047,36.30617],[-82.82063,36.30569],[-82.82063,36.30529],[-82.82037,36.30497],[-82.81979,36.30455]]},"properties":{"net":"out","o":6}},{"type":"Feature","geometry":{"type":"LineString","coordinates":[[-82.82691,36.31982],[-82.82621,36.31902],[-82.82625,36.31832],[-82.82685,36.31768],[-82.82673,36.31713]]},"properties":{"net":"out","o":4}},{"type":"Feature","geometry":{"type":"LineString","coordinates":[[-82.80745,36.31058],[-82.8076,36.31048]]},"properties":{"net":"out","o":6}},{"type":"Feature","geometry":{"type":"LineString","coordinates":[[-82.8024,36.31543],[-82.80422,36.31442]]},"properties":{"net":"out","o":6}},{"type":"Feature","geometry":{"type":"LineString","coordinates":[[-82.83483,36.00711],[-82.83505,36.00804],[-82.83546,36.00844]]},"properties":{"net":"out","o":4}},{"type":"Feature","geometry":{"type":"LineString","coordinates":[[-82.81197,36.01993],[-82.81252,36.02007],[-82.81307,36.02047],[-82.8139,36.02073],[-82.81436,36.02114],[-82.81511,36.02159],[-82.81615,36.02193],[-82.81693,36.02253],[-82.8176,36.02385],[-82.81856,36.02472],[-82.8189,36.02482],[-82.81941,36.02476],[-82.81992,36.02523],[-82.82061,36.02537],[-82.8215,36.02602],[-82.82252,36.02614],[-82.82348,36.02644],[-82.82464,36.02662]]},"properties":{"net":"out","o":4}},{"type":"Feature","geometry":{"type":"LineString","coordinates":[[-82.79724,36.06329],[-82.79775,36.06367],[-82.79803,36.06375],[-82.79842,36.06462],[-82.79865,36.06488]]},"properties":{"net":"out","o":4}},{"type":"Feature","geometry":{"type":"LineString","coordinates":[[-82.80151,36.10643],[-82.8017,36.10612]]},"properties":{"net":"out","o":7}},{"type":"Feature","geometry":{"type":"LineString","coordinates":[[-82.79626,36.10737],[-82.79753,36.10771],[-82.79794,36.10812]]},"properties":{"net":"out","o":4}},{"type":"Feature","geometry":{"type":"LineString","coordinates":[[-82.78627,36.33527],[-82.78592,36.33495]]},"properties":{"net":"out","o":4}},{"type":"Feature","geometry":{"type":"LineString","coordinates":[[-82.7853,36.33885],[-82.78574,36.33875],[-82.78632,36.33838],[-82.7865,36.33701],[-82.7863,36.33607],[-82.78638,36.33543]]},"properties":{"net":"out","o":4}},{"type":"Feature","geometry":{"type":"LineString","coordinates":[[-82.7019,36.35987],[-82.70199,36.36025],[-82.70218,36.36049],[-82.70266,36.36078],[-82.70337,36.361],[-82.70365,36.36122],[-82.70366,36.36231],[-82.70393,36.36279],[-82.70513,36.36318],[-82.70595,36.36321],[-82.70698,36.36347],[-82.70828,36.36354],[-82.70859,36.36377],[-82.70884,36.36416],[-82.70912,36.36432],[-82.7096,36.36426],[-82.71085,36.36385],[-82.71176,36.36393],[-82.712,36.36387],[-82.7129,36.36335],[-82.71362,36.36225],[-82.71481,36.36175],[-82.71531,36.36173],[-82.71584,36.36197]]},"properties":{"net":"out","o":5}},{"type":"Feature","geometry":{"type":"LineString","coordinates":[[-82.78111,36.35022],[-82.78103,36.34962],[-82.7806,36.34881],[-82.78064,36.34826]]},"properties":{"net":"out","o":4}},{"type":"Feature","geometry":{"type":"LineString","coordinates":[[-82.75805,36.30467],[-82.75849,36.30421],[-82.75976,36.30215],[-82.76061,36.30123],[-82.76111,36.30101],[-82.76196,36.30113]]},"properties":{"net":"out","o":4}},{"type":"Feature","geometry":{"type":"LineString","coordinates":[[-82.76631,36.33453],[-82.76684,36.33436],[-82.76745,36.334],[-82.76845,36.33296],[-82.76985,36.33264]]},"properties":{"net":"out","o":6}},{"type":"Feature","geometry":{"type":"LineString","coordinates":[[-82.7636,36.33537],[-82.7641,36.33496],[-82.76454,36.33437]]},"properties":{"net":"out","o":6}},{"type":"Feature","geometry":{"type":"LineString","coordinates":[[-82.76178,36.13365],[-82.76201,36.13364],[-82.76227,36.13392],[-82.76347,36.13409],[-82.76393,36.13403],[-82.76438,36.13379],[-82.76484,36.13295],[-82.76493,36.13245],[-82.76513,36.13233],[-82.76534,36.13195],[-82.7658,36.13063]]},"properties":{"net":"out","o":7}},{"type":"Feature","geometry":{"type":"LineString","coordinates":[[-82.75323,36.27489],[-82.75387,36.27508]]},"properties":{"net":"out","o":4}},{"type":"Feature","geometry":{"type":"LineString","coordinates":[[-82.7588,36.28816],[-82.75884,36.28875],[-82.75844,36.28949],[-82.75862,36.29022],[-82.75886,36.29047],[-82.75979,36.29082],[-82.76033,36.29123]]},"properties":{"net":"out","o":4}},{"type":"Feature","geometry":{"type":"LineString","coordinates":[[-82.76757,36.30386],[-82.76792,36.30375],[-82.7684,36.30338]]},"properties":{"net":"out","o":5}},{"type":"Feature","geometry":{"type":"LineString","coordinates":[[-82.7608,36.2961],[-82.76082,36.29626],[-82.76053,36.29697],[-82.76025,36.29743]]},"properties":{"net":"out","o":4}},{"type":"Feature","geometry":{"type":"LineString","coordinates":[[-82.67805,36.15954],[-82.67864,36.15959],[-82.67931,36.15999]]},"properties":{"net":"out","o":4}},{"type":"Feature","geometry":{"type":"LineString","coordinates":[[-82.735,36.35823],[-82.73545,36.35762]]},"properties":{"net":"out","o":4}},{"type":"Feature","geometry":{"type":"LineString","coordinates":[[-82.72983,36.34767],[-82.7302,36.34745],[-82.73043,36.3469],[-82.7313,36.34635],[-82.73302,36.34589],[-82.73399,36.34584]]},"properties":{"net":"out","o":6}},{"type":"Feature","geometry":{"type":"LineString","coordinates":[[-82.74607,36.11058],[-82.74587,36.1107],[-82.74512,36.11164]]},"properties":{"net":"out","o":5}},{"type":"Feature","geometry":{"type":"LineString","coordinates":[[-82.74394,36.12754],[-82.7444,36.12772],[-82.74535,36.12774],[-82.74547,36.12736],[-82.74569,36.12709],[-82.74673,36.12608],[-82.74754,36.12551],[-82.74875,36.12404],[-82.74931,36.12369],[-82.74987,36.12356]]},"properties":{"net":"out","o":5}},{"type":"Feature","geometry":{"type":"LineString","coordinates":[[-82.73699,36.1148],[-82.73739,36.11508]]},"properties":{"net":"out","o":4}},{"type":"Feature","geometry":{"type":"LineString","coordinates":[[-82.75087,36.14823],[-82.75132,36.14543],[-82.75111,36.14508],[-82.75116,36.14483],[-82.75102,36.14431],[-82.75115,36.14332],[-82.75106,36.14306],[-82.75115,36.14231],[-82.75075,36.14172],[-82.75018,36.14112],[-82.74981,36.14107],[-82.74886,36.14006]]},"properties":{"net":"out","o":7}},{"type":"Feature","geometry":{"type":"LineString","coordinates":[[-82.74033,36.14806],[-82.74078,36.14785],[-82.7415,36.1479],[-82.74227,36.14766]]},"properties":{"net":"out","o":7}},{"type":"Feature","geometry":{"type":"LineString","coordinates":[[-82.73275,36.15052],[-82.73339,36.15045],[-82.7342,36.14996],[-82.73438,36.14998],[-82.73576,36.14913]]},"properties":{"net":"out","o":7}},{"type":"Feature","geometry":{"type":"LineString","coordinates":[[-82.71695,36.36256],[-82.71748,36.36271],[-82.71781,36.36265],[-82.71792,36.3624],[-82.71787,36.36195],[-82.71795,36.36155],[-82.71847,36.36106]]},"properties":{"net":"out","o":6}},{"type":"Feature","geometry":{"type":"LineString","coordinates":[[-82.70498,36.1814],[-82.70597,36.18174],[-82.70707,36.18249],[-82.70876,36.18315],[-82.70939,36.183],[-82.71034,36.18293],[-82.7108,36.18271],[-82.71269,36.18249]]},"properties":{"net":"out","o":7}},{"type":"Feature","geometry":{"type":"LineString","coordinates":[[-82.72793,36.21891],[-82.72804,36.2186],[-82.72799,36.21721],[-82.72763,36.21638],[-82.72748,36.21533],[-82.72708,36.21483]]},"properties":{"net":"out","o":4}},{"type":"Feature","geometry":{"type":"LineString","coordinates":[[-82.72419,36.25601],[-82.72457,36.25585],[-82.72563,36.25572],[-82.72609,36.25539],[-82.72695,36.25548],[-82.72717,36.25535],[-82.72719,36.25526],[-82.72694,36.25509],[-82.72694,36.25479],[-82.72739,36.25441],[-82.72745,36.25366],[-82.72785,36.25356],[-82.72782,36.25315],[-82.72753,36.25293],[-82.72661,36.25261],[-82.72647,36.2524],[-82.72671,36.25215],[-82.72801,36.25131],[-82.72842,36.24992]]},"properties":{"net":"out","o":4}},{"type":"Feature","geometry":{"type":"LineString","coordinates":[[-82.63906,36.22904],[-82.63835,36.22834],[-82.63801,36.22821]]},"properties":{"net":"out","o":5}},{"type":"Feature","geometry":{"type":"LineString","coordinates":[[-82.62957,36.22794],[-82.62963,36.22795]]},"properties":{"net":"out","o":5}},{"type":"Feature","geometry":{"type":"LineString","coordinates":[[-82.63109,36.27234],[-82.63199,36.27256],[-82.63225,36.27249],[-82.63261,36.27184],[-82.63217,36.27121],[-82.63271,36.27069],[-82.63287,36.27035],[-82.63292,36.2701],[-82.6328,36.26959],[-82.63186,36.26891],[-82.63174,36.26862]]},"properties":{"net":"out","o":5}},{"type":"Feature","geometry":{"type":"LineString","coordinates":[[-82.6323,36.29532],[-82.63145,36.29483],[-82.63147,36.29458],[-82.63179,36.2942],[-82.63184,36.29391],[-82.63177,36.29371]]},"properties":{"net":"out","o":5}},{"type":"Feature","geometry":{"type":"LineString","coordinates":[[-82.63177,36.29371],[-82.63141,36.29321],[-82.63155,36.29313],[-82.63153,36.2929],[-82.63207,36.2924],[-82.63211,36.29218],[-82.63144,36.29181],[-82.63116,36.29085],[-82.6317,36.29045],[-82.63158,36.29003],[-82.63199,36.28963],[-82.63203,36.28938],[-82.63164,36.28909],[-82.63084,36.28891],[-82.63052,36.28868]]},"properties":{"net":"out","o":5}},{"type":"Feature","geometry":{"type":"LineString","coordinates":[[-82.68326,36.34933],[-82.68344,36.34946]]},"properties":{"net":"out","o":5}},{"type":"Feature","geometry":{"type":"LineString","coordinates":[[-82.67844,36.35089],[-82.67929,36.35044],[-82.68146,36.35051],[-82.68165,36.35038],[-82.68171,36.35016],[-82.68281,36.34935],[-82.68326,36.34933]]},"properties":{"net":"out","o":5}},{"type":"Feature","geometry":{"type":"LineString","coordinates":[[-82.66675,36.34595],[-82.66762,36.34631],[-82.66873,36.34644],[-82.6701,36.34777],[-82.67048,36.34797],[-82.67157,36.3482],[-82.67348,36.34942]]},"properties":{"net":"out","o":4}},{"type":"Feature","geometry":{"type":"LineString","coordinates":[[-82.69215,36.19377],[-82.69269,36.19379],[-82.6929,36.19367],[-82.69368,36.19361],[-82.69515,36.19273],[-82.69534,36.19243],[-82.69558,36.19134]]},"properties":{"net":"out","o":7}},{"type":"Feature","geometry":{"type":"LineString","coordinates":[[-82.60281,36.21329],[-82.60265,36.21288],[-82.60262,36.21246],[-82.60291,36.21212],[-82.60309,36.21142],[-82.60337,36.2109],[-82.60325,36.21008]]},"properties":{"net":"out","o":4}},{"type":"Feature","geometry":{"type":"LineString","coordinates":[[-82.60283,36.2177],[-82.60284,36.217],[-82.60254,36.21663]]},"properties":{"net":"out","o":4}},{"type":"Feature","geometry":{"type":"LineString","coordinates":[[-82.59808,36.22479],[-82.59809,36.22438],[-82.59972,36.22217],[-82.60016,36.22188],[-82.60067,36.22113],[-82.60104,36.2203],[-82.60084,36.21979],[-82.60094,36.2195],[-82.60137,36.21896],[-82.60283,36.2177]]},"properties":{"net":"out","o":4}},{"type":"Feature","geometry":{"type":"LineString","coordinates":[[-82.58437,36.21499],[-82.58536,36.21515],[-82.58594,36.21467]]},"properties":{"net":"out","o":4}},{"type":"Feature","geometry":{"type":"LineString","coordinates":[[-82.59988,36.25796],[-82.60067,36.25733],[-82.60143,36.25687],[-82.60203,36.25634]]},"properties":{"net":"out","o":5}},{"type":"Feature","geometry":{"type":"LineString","coordinates":[[-82.59554,36.26182],[-82.59586,36.26162],[-82.59541,36.26106],[-82.59545,36.26085],[-82.59566,36.26069],[-82.59569,36.26055],[-82.59556,36.26024],[-82.59547,36.25941],[-82.59558,36.25924],[-82.59664,36.25875],[-82.59705,36.25876],[-82.59723,36.25903],[-82.59715,36.25949],[-82.59727,36.25958],[-82.59764,36.25955],[-82.59791,36.25987]]},"properties":{"net":"out","o":5}},{"type":"Feature","geometry":{"type":"LineString","coordinates":[[-82.65715,36.29403],[-82.65612,36.2932],[-82.65435,36.29281],[-82.65185,36.29169]]},"properties":{"net":"out","o":4}},{"type":"Feature","geometry":{"type":"LineString","coordinates":[[-82.66173,36.35795],[-82.66205,36.35749],[-82.66278,36.3571]]},"properties":{"net":"out","o":4}},{"type":"Feature","geometry":{"type":"LineString","coordinates":[[-82.6532,36.10345],[-82.65314,36.10388],[-82.65343,36.10448],[-82.65337,36.10527],[-82.65349,36.10557],[-82.65381,36.10577],[-82.6542,36.10587],[-82.65547,36.10601],[-82.65588,36.10627],[-82.65604,36.10667],[-82.65631,36.10775],[-82.65638,36.10901],[-82.65679,36.11099],[-82.65662,36.1116],[-82.65605,36.11257],[-82.65612,36.11328],[-82.65588,36.11373],[-82.65596,36.11415],[-82.65635,36.11473],[-82.65662,36.11652]]},"properties":{"net":"out","o":4}},{"type":"Feature","geometry":{"type":"LineString","coordinates":[[-82.66103,36.16102],[-82.66162,36.16104],[-82.66296,36.16187],[-82.66307,36.16207],[-82.66303,36.16246],[-82.66317,36.16325]]},"properties":{"net":"out","o":4}},{"type":"Feature","geometry":{"type":"LineString","coordinates":[[-82.59583,36.14063],[-82.59553,36.14113],[-82.59501,36.14133]]},"properties":{"net":"out","o":4}},{"type":"Feature","geometry":{"type":"LineString","coordinates":[[-82.59128,36.15902],[-82.59157,36.15942],[-82.592,36.15954],[-82.59227,36.15982],[-82.59249,36.15985],[-82.59278,36.16011]]},"properties":{"net":"out","o":7}},{"type":"Feature","geometry":{"type":"LineString","coordinates":[[-82.65889,36.4069],[-82.65984,36.40645],[-82.66097,36.40562]]},"properties":{"net":"out","o":4}},{"type":"Feature","geometry":{"type":"LineString","coordinates":[[-82.645,36.31066],[-82.64565,36.31009],[-82.64583,36.3094],[-82.64658,36.30858],[-82.64662,36.30825],[-82.64643,36.30731],[-82.647,36.30663],[-82.64733,36.30592]]},"properties":{"net":"out","o":5}},{"type":"Feature","geometry":{"type":"LineString","coordinates":[[-82.64127,36.30313],[-82.64169,36.30264],[-82.64174,36.30238],[-82.6408,36.30173],[-82.64047,36.30134],[-82.64019,36.30068],[-82.64023,36.29985],[-82.64049,36.2994],[-82.64054,36.29902]]},"properties":{"net":"out","o":5}},{"type":"Feature","geometry":{"type":"LineString","coordinates":[[-82.63825,36.29734],[-82.63791,36.29743]]},"properties":{"net":"out","o":5}},{"type":"Feature","geometry":{"type":"LineString","coordinates":[[-82.60562,36.16371],[-82.60621,36.16374],[-82.60694,36.16393]]},"properties":{"net":"out","o":7}},{"type":"Feature","geometry":{"type":"LineString","coordinates":[[-82.6122,36.20258],[-82.61279,36.20261],[-82.61301,36.20285],[-82.61399,36.20296],[-82.61456,36.20285],[-82.61505,36.2029],[-82.61535,36.20272],[-82.61585,36.2027],[-82.6162,36.20253],[-82.61651,36.20256],[-82.61727,36.20236],[-82.61782,36.20235],[-82.61849,36.20214],[-82.61876,36.20217],[-82.62048,36.20114],[-82.62064,36.20029],[-82.62056,36.19992],[-82.61916,36.19839],[-82.61826,36.19811],[-82.61806,36.19794],[-82.61808,36.19783],[-82.61769,36.19725],[-82.61758,36.19655],[-82.61771,36.19559],[-82.61808,36.1948],[-82.61853,36.19431],[-82.61932,36.19368],[-82.62069,36.19286],[-82.62094,36.19246],[-82.62108,36.19218],[-82.62134,36.19048],[-82.62113,36.18959]]},"properties":{"net":"out","o":7}},{"type":"Feature","geometry":{"type":"LineString","coordinates":[[-82.62326,36.23447],[-82.62324,36.23428]]},"properties":{"net":"out","o":5}},{"type":"Feature","geometry":{"type":"LineString","coordinates":[[-82.62031,36.23826],[-82.62073,36.23783],[-82.62144,36.23762],[-82.62162,36.23732]]},"properties":{"net":"out","o":5}},{"type":"Feature","geometry":{"type":"LineString","coordinates":[[-82.61758,36.24113],[-82.61781,36.24109],[-82.61837,36.24066],[-82.61878,36.24053],[-82.61867,36.23999]]},"properties":{"net":"out","o":5}},{"type":"Feature","geometry":{"type":"LineString","coordinates":[[-82.54155,36.24737],[-82.54178,36.24745],[-82.54278,36.24741],[-82.54304,36.24745],[-82.54324,36.24759],[-82.54351,36.24843],[-82.54461,36.24991]]},"properties":{"net":"out","o":4}},{"type":"Feature","geometry":{"type":"LineString","coordinates":[[-82.61566,36.08919],[-82.61691,36.09103]]},"properties":{"net":"out","o":4}},{"type":"Feature","geometry":{"type":"LineString","coordinates":[[-82.61287,36.10104],[-82.61298,36.1018],[-82.61333,36.10232],[-82.6142,36.10312],[-82.61533,36.10468],[-82.61525,36.10567],[-82.61589,36.10644],[-82.61597,36.10708],[-82.61648,36.10811],[-82.61675,36.1084],[-82.61709,36.10846]]},"properties":{"net":"out","o":4}},{"type":"Feature","geometry":{"type":"LineString","coordinates":[[-82.61659,36.11095],[-82.61651,36.11166],[-82.61657,36.11218]]},"properties":{"net":"out","o":5}},{"type":"Feature","geometry":{"type":"LineString","coordinates":[[-82.61553,36.1226],[-82.61509,36.12377],[-82.61509,36.12432],[-82.61404,36.12511],[-82.61387,36.12538],[-82.61386,36.12561],[-82.61411,36.12646],[-82.61402,36.12696],[-82.61354,36.12804]]},"properties":{"net":"out","o":5}},{"type":"Feature","geometry":{"type":"LineString","coordinates":[[-82.58979,36.01489],[-82.58941,36.01549],[-82.58889,36.01603],[-82.58862,36.01617]]},"properties":{"net":"out","o":4}},{"type":"Feature","geometry":{"type":"LineString","coordinates":[[-82.58553,36.05547],[-82.58435,36.05509],[-82.58346,36.05455]]},"properties":{"net":"out","o":5}},{"type":"Feature","geometry":{"type":"LineString","coordinates":[[-82.57871,36.27287],[-82.57937,36.27242],[-82.58041,36.272],[-82.581,36.27146],[-82.58143,36.27131],[-82.58171,36.27103],[-82.58224,36.27092],[-82.58257,36.2706],[-82.5831,36.27048],[-82.58365,36.2705],[-82.58433,36.27021],[-82.58448,36.27001],[-82.58413,36.26974],[-82.58399,36.26933],[-82.58367,36.26908],[-82.58382,36.26858],[-82.58493,36.26768],[-82.58636,36.26677],[-82.58734,36.26655],[-82.58859,36.2657],[-82.58972,36.26532]]},"properties":{"net":"out","o":5}},{"type":"Feature","geometry":{"type":"LineString","coordinates":[[-82.60198,36.31682],[-82.6022,36.31606],[-82.60262,36.31549],[-82.60274,36.31503],[-82.60258,36.3147],[-82.60136,36.31354]]},"properties":{"net":"out","o":4}},{"type":"Feature","geometry":{"type":"LineString","coordinates":[[-82.59848,36.13359],[-82.59859,36.13405],[-82.59858,36.1349],[-82.59817,36.13601],[-82.59809,36.13736],[-82.59773,36.13835],[-82.59755,36.13923],[-82.59755,36.14005],[-82.59748,36.14025],[-82.59713,36.14044],[-82.59583,36.14063]]},"properties":{"net":"out","o":4}},{"type":"Feature","geometry":{"type":"LineString","coordinates":[[-82.57993,36.01851],[-82.57927,36.01876],[-82.57859,36.01918],[-82.57773,36.0194],[-82.57727,36.01939]]},"properties":{"net":"out","o":4}},{"type":"Feature","geometry":{"type":"LineString","coordinates":[[-82.57727,36.01939],[-82.57551,36.02008]]},"properties":{"net":"out","o":4}},{"type":"Feature","geometry":{"type":"LineString","coordinates":[[-82.57517,36.02066],[-82.5745,36.02105]]},"properties":{"net":"out","o":4}},{"type":"Feature","geometry":{"type":"LineString","coordinates":[[-82.57217,36.02245],[-82.57096,36.02277],[-82.56915,36.02297],[-82.56626,36.02388],[-82.56597,36.02412],[-82.56522,36.0252],[-82.56488,36.02534],[-82.56419,36.02536],[-82.5639,36.02547],[-82.56355,36.02576],[-82.56284,36.02671]]},"properties":{"net":"out","o":4}},{"type":"Feature","geometry":{"type":"LineString","coordinates":[[-82.49001,35.95797],[-82.48882,35.95989],[-82.48813,35.96076],[-82.48765,35.96112],[-82.48686,35.96142],[-82.48516,35.96232],[-82.48496,35.96258],[-82.48485,35.963]]},"properties":{"net":"sm2919","o":1}},{"type":"Feature","geometry":{"type":"LineString","coordinates":[[-82.48531,35.97047],[-82.48445,35.97016],[-82.48365,35.97001],[-82.48176,35.96905]]},"properties":{"net":"sm2919","o":3}},{"type":"Feature","geometry":{"type":"LineString","coordinates":[[-82.49569,36.0425],[-82.49595,36.04281],[-82.49655,36.04301],[-82.49839,36.04312],[-82.4986,36.04327],[-82.49886,36.04379],[-82.49921,36.04413]]},"properties":{"net":"out","o":5}},{"type":"Feature","geometry":{"type":"LineString","coordinates":[[-82.56789,36.28735],[-82.56839,36.28678],[-82.56837,36.28633],[-82.56899,36.2857],[-82.56941,36.28491],[-82.57022,36.284],[-82.57053,36.2833]]},"properties":{"net":"out","o":4}},{"type":"Feature","geometry":{"type":"LineString","coordinates":[[-82.56797,36.28788],[-82.56789,36.28735]]},"properties":{"net":"out","o":4}},{"type":"Feature","geometry":{"type":"LineString","coordinates":[[-82.56231,36.29638],[-82.56223,36.29543],[-82.56239,36.29495],[-82.56408,36.29289]]},"properties":{"net":"out","o":4}},{"type":"Feature","geometry":{"type":"LineString","coordinates":[[-82.57631,36.30796],[-82.57612,36.30776]]},"properties":{"net":"out","o":5}},{"type":"Feature","geometry":{"type":"LineString","coordinates":[[-82.57636,36.29753],[-82.57569,36.29728],[-82.57534,36.29703]]},"properties":{"net":"out","o":4}},{"type":"Feature","geometry":{"type":"LineString","coordinates":[[-82.57025,36.31335],[-82.5711,36.31269],[-82.5719,36.3126],[-82.57221,36.31225]]},"properties":{"net":"out","o":5}},{"type":"Feature","geometry":{"type":"LineString","coordinates":[[-82.56683,36.31529],[-82.56671,36.31513],[-82.56663,36.3146],[-82.56664,36.31378],[-82.56679,36.31362],[-82.56689,36.31361],[-82.56743,36.31401],[-82.56807,36.31413],[-82.56871,36.31371],[-82.56911,36.31309],[-82.56944,36.31308],[-82.56999,36.31333],[-82.57025,36.31335]]},"properties":{"net":"out","o":5}},{"type":"Feature","geometry":{"type":"LineString","coordinates":[[-82.48767,36.0401],[-82.48852,36.04036],[-82.49008,36.04018],[-82.49027,36.04002],[-82.4905,36.03911],[-82.49119,36.03864],[-82.49177,36.03849]]},"properties":{"net":"out","o":5}},{"type":"Feature","geometry":{"type":"LineString","coordinates":[[-82.57692,36.34043],[-82.57679,36.33997],[-82.57618,36.33947],[-82.57597,36.33902],[-82.57495,36.33847],[-82.57443,36.33747],[-82.57288,36.33632],[-82.57251,36.33589],[-82.57238,36.33565],[-82.57238,36.33539],[-82.57302,36.33489],[-82.57319,36.3345]]},"properties":{"net":"out","o":4}},{"type":"Feature","geometry":{"type":"LineString","coordinates":[[-82.56326,36.32556],[-82.56451,36.32474],[-82.56513,36.32472],[-82.56581,36.32432],[-82.56606,36.32347],[-82.56614,36.32218],[-82.56622,36.32201],[-82.56719,36.32104],[-82.56789,36.32009],[-82.56963,36.31812]]},"properties":{"net":"out","o":5}},{"type":"Feature","geometry":{"type":"LineString","coordinates":[[-82.56813,36.15211],[-82.56821,36.15115]]},"properties":{"net":"out","o":7}},{"type":"Feature","geometry":{"type":"LineString","coordinates":[[-82.56421,36.16289],[-82.56467,36.16261],[-82.56483,36.1622],[-82.56501,36.16117]]},"properties":{"net":"out","o":7}},{"type":"Feature","geometry":{"type":"LineString","coordinates":[[-82.57878,36.21168],[-82.57922,36.21177]]},"properties":{"net":"out","o":4}},{"type":"Feature","geometry":{"type":"LineString","coordinates":[[-82.58303,36.21424],[-82.58349,36.21465],[-82.58408,36.21474],[-82.58437,36.21499]]},"properties":{"net":"out","o":4}},{"type":"Feature","geometry":{"type":"LineString","coordinates":[[-82.58095,36.21246],[-82.58158,36.21348],[-82.58211,36.21335],[-82.58247,36.21387],[-82.58303,36.21424]]},"properties":{"net":"out","o":4}},{"type":"Feature","geometry":{"type":"LineString","coordinates":[[-82.55675,36.04807],[-82.55662,36.04791],[-82.55646,36.04702]]},"properties":{"net":"out","o":5}},{"type":"Feature","geometry":{"type":"LineString","coordinates":[[-82.5558,36.30264],[-82.55722,36.30103]]},"properties":{"net":"out","o":4}},{"type":"Feature","geometry":{"type":"LineString","coordinates":[[-82.55046,36.30794],[-82.55202,36.30653]]},"properties":{"net":"out","o":4}},{"type":"Feature","geometry":{"type":"LineString","coordinates":[[-82.54841,36.34229],[-82.54849,36.34201],[-82.54891,36.34152],[-82.54959,36.341],[-82.54985,36.34086],[-82.55037,36.34087],[-82.55053,36.34078],[-82.5506,36.34058],[-82.55041,36.34012],[-82.55044,36.33993],[-82.55174,36.33829],[-82.55211,36.33794]]},"properties":{"net":"out","o":4}},{"type":"Feature","geometry":{"type":"LineString","coordinates":[[-82.55699,36.11531],[-82.55647,36.11602],[-82.55623,36.11619],[-82.5545,36.11711]]},"properties":{"net":"out","o":4}},{"type":"Feature","geometry":{"type":"LineString","coordinates":[[-82.54506,36.3457],[-82.54533,36.34632],[-82.54552,36.34646],[-82.5457,36.34643],[-82.54602,36.34562],[-82.54584,36.34501],[-82.54605,36.34467]]},"properties":{"net":"out","o":4}},{"type":"Feature","geometry":{"type":"LineString","coordinates":[[-82.54383,36.34634],[-82.54393,36.34595],[-82.54462,36.34524]]},"properties":{"net":"out","o":4}},{"type":"Feature","geometry":{"type":"LineString","coordinates":[[-82.54306,36.17715],[-82.54242,36.17673],[-82.54236,36.1766],[-82.54254,36.17549],[-82.54286,36.17493],[-82.5429,36.17467],[-82.54274,36.17437],[-82.54233,36.17395],[-82.54235,36.17369],[-82.54259,36.17337],[-82.54319,36.17294],[-82.54357,36.17279],[-82.54403,36.1728],[-82.54603,36.17182],[-82.54645,36.17143],[-82.54683,36.17086]]},"properties":{"net":"out","o":4}},{"type":"Feature","geometry":{"type":"LineString","coordinates":[[-82.55996,36.01257],[-82.55985,36.01265]]},"properties":{"net":"out","o":4}},{"type":"Feature","geometry":{"type":"LineString","coordinates":[[-82.55825,36.01644],[-82.55821,36.01735],[-82.55792,36.01765],[-82.5576,36.01783]]},"properties":{"net":"out","o":5}},{"type":"Feature","geometry":{"type":"LineString","coordinates":[[-82.54171,36.00921],[-82.54375,36.01034],[-82.54394,36.01061],[-82.54424,36.0117],[-82.54444,36.0119],[-82.5448,36.01201],[-82.54532,36.01245]]},"properties":{"net":"out","o":4}},{"type":"Feature","geometry":{"type":"LineString","coordinates":[[-82.5368,36.1268],[-82.53655,36.12696],[-82.53607,36.12695],[-82.53557,36.12657],[-82.53543,36.12657],[-82.53501,36.12678],[-82.5348,36.12707],[-82.53487,36.12799]]},"properties":{"net":"out","o":5}},{"type":"Feature","geometry":{"type":"LineString","coordinates":[[-82.53382,36.13184],[-82.53386,36.13211],[-82.53368,36.13261],[-82.53282,36.13336],[-82.53198,36.13463]]},"properties":{"net":"out","o":5}},{"type":"Feature","geometry":{"type":"LineString","coordinates":[[-82.44071,35.95951],[-82.43742,35.95971],[-82.43639,35.9596],[-82.43587,35.95976],[-82.43549,35.96004]]},"properties":{"net":"sm2919","o":1}},{"type":"Feature","geometry":{"type":"LineString","coordinates":[[-82.45406,35.96366],[-82.45431,35.96448],[-82.45471,35.96483],[-82.45569,35.96604],[-82.4558,35.96628],[-82.45596,35.96753]]},"properties":{"net":"sm2919","o":2}},{"type":"Feature","geometry":{"type":"LineString","coordinates":[[-82.45327,35.9629],[-82.45388,35.96339],[-82.45406,35.96366]]},"properties":{"net":"sm2919","o":2}},{"type":"Feature","geometry":{"type":"LineString","coordinates":[[-82.45237,35.97434],[-82.45207,35.97494],[-82.45226,35.97613],[-82.45209,35.97634],[-82.45165,35.97641]]},"properties":{"net":"sm2919","o":3}},{"type":"Feature","geometry":{"type":"LineString","coordinates":[[-82.45165,35.97641],[-82.45106,35.97647],[-82.45068,35.97666],[-82.45021,35.97709],[-82.44952,35.97747],[-82.44924,35.97792],[-82.4487,35.97819],[-82.44735,35.97859],[-82.44699,35.9785]]},"properties":{"net":"sm2919","o":3}},{"type":"Feature","geometry":{"type":"LineString","coordinates":[[-82.44265,35.96252],[-82.44232,35.9633],[-82.44145,35.96401],[-82.4407,35.9644],[-82.44013,35.96488]]},"properties":{"net":"sm2919","o":1}},{"type":"Feature","geometry":{"type":"LineString","coordinates":[[-82.52787,36.32618],[-82.52925,36.32499],[-82.53152,36.32376]]},"properties":{"net":"out","o":4}},{"type":"Feature","geometry":{"type":"LineString","coordinates":[[-82.52804,36.14951],[-82.52838,36.14999]]},"properties":{"net":"out","o":5}},{"type":"Feature","geometry":{"type":"LineString","coordinates":[[-82.53434,36.18007],[-82.53744,36.17821]]},"properties":{"net":"out","o":7}},{"type":"Feature","geometry":{"type":"LineString","coordinates":[[-82.52847,36.17546],[-82.52941,36.17572],[-82.52984,36.17569],[-82.53147,36.17482],[-82.53281,36.17369]]},"properties":{"net":"out","o":4}},{"type":"Feature","geometry":{"type":"LineString","coordinates":[[-82.53862,36.00785],[-82.53944,36.00825],[-82.53987,36.00876],[-82.54009,36.00887]]},"properties":{"net":"out","o":4}},{"type":"Feature","geometry":{"type":"LineString","coordinates":[[-82.52724,36.24971],[-82.52981,36.24999],[-82.5301,36.24977],[-82.53091,36.24947],[-82.53124,36.24917],[-82.53146,36.24869],[-82.53167,36.24851],[-82.53245,36.24815],[-82.53334,36.24744],[-82.53362,36.24742],[-82.53422,36.24769],[-82.53495,36.24771],[-82.53547,36.24811],[-82.53577,36.24861],[-82.53648,36.24876],[-82.53696,36.24861],[-82.53762,36.24752],[-82.53808,36.24706]]},"properties":{"net":"out","o":4}},{"type":"Feature","geometry":{"type":"LineString","coordinates":[[-82.52653,36.05436],[-82.52617,36.0546],[-82.52575,36.05519],[-82.52535,36.05626],[-82.52484,36.05698],[-82.52344,36.05812]]},"properties":{"net":"out","o":6}},{"type":"Feature","geometry":{"type":"LineString","coordinates":[[-82.53717,36.12659],[-82.5368,36.1268]]},"properties":{"net":"out","o":4}},{"type":"Feature","geometry":{"type":"LineString","coordinates":[[-82.44047,35.91245],[-82.43961,35.91206],[-82.43859,35.91197],[-82.43785,35.9121],[-82.43572,35.91283],[-82.43478,35.91272],[-82.43359,35.91242]]},"properties":{"net":"out","o":4}},{"type":"Feature","geometry":{"type":"LineString","coordinates":[[-82.45699,35.95944],[-82.45597,35.9602],[-82.45494,35.96149],[-82.45488,35.96202],[-82.45463,35.9627],[-82.45406,35.96366]]},"properties":{"net":"sm2919","o":1}},{"type":"Feature","geometry":{"type":"LineString","coordinates":[[-82.50376,36.19614],[-82.50416,36.19615],[-82.50672,36.19554],[-82.50703,36.19557],[-82.50844,36.1948],[-82.5094,36.19375],[-82.51094,36.19248],[-82.51264,36.19087],[-82.51337,36.19034],[-82.51558,36.18912]]},"properties":{"net":"out","o":7}},{"type":"Feature","geometry":{"type":"LineString","coordinates":[[-82.509,36.02392],[-82.50931,36.02506],[-82.50994,36.02575],[-82.51009,36.02611]]},"properties":{"net":"out","o":4}},{"type":"Feature","geometry":{"type":"LineString","coordinates":[[-82.50258,36.05548],[-82.5035,36.05675],[-82.50378,36.05824],[-82.50372,36.05845],[-82.50341,36.05881],[-82.50259,36.05934]]},"properties":{"net":"out","o":5}},{"type":"Feature","geometry":{"type":"LineString","coordinates":[[-82.51932,36.06874],[-82.51927,36.06908],[-82.51885,36.0695],[-82.51875,36.06948]]},"properties":{"net":"out","o":6}},{"type":"Feature","geometry":{"type":"LineString","coordinates":[[-82.51019,36.25762],[-82.51063,36.25747],[-82.51117,36.25749],[-82.51166,36.25806],[-82.51237,36.25862]]},"properties":{"net":"out","o":4}},{"type":"Feature","geometry":{"type":"LineString","coordinates":[[-82.50938,36.06708],[-82.50866,36.06798]]},"properties":{"net":"out","o":6}},{"type":"Feature","geometry":{"type":"LineString","coordinates":[[-82.5026,36.06657],[-82.50291,36.06729],[-82.50314,36.0692],[-82.50332,36.06981]]},"properties":{"net":"out","o":5}},{"type":"Feature","geometry":{"type":"LineString","coordinates":[[-82.48454,36.0888],[-82.48392,36.08896],[-82.48341,36.08927],[-82.48313,36.08985],[-82.48285,36.09112]]},"properties":{"net":"out","o":6}},{"type":"Feature","geometry":{"type":"LineString","coordinates":[[-82.5007,36.19711],[-82.50031,36.1969]]},"properties":{"net":"out","o":5}},{"type":"Feature","geometry":{"type":"LineString","coordinates":[[-82.50543,36.14643],[-82.5052,36.14655]]},"properties":{"net":"out","o":4}},{"type":"Feature","geometry":{"type":"LineString","coordinates":[[-82.50373,36.14725],[-82.50299,36.14808]]},"properties":{"net":"out","o":4}},{"type":"Feature","geometry":{"type":"LineString","coordinates":[[-82.49163,36.19877],[-82.49181,36.1988],[-82.49262,36.19856],[-82.49428,36.19785]]},"properties":{"net":"out","o":7}},{"type":"Feature","geometry":{"type":"LineString","coordinates":[[-82.4609,35.99756],[-82.4599,35.99542],[-82.45886,35.99423],[-82.45881,35.99353],[-82.45853,35.99308],[-82.45789,35.99254],[-82.45583,35.99155],[-82.4555,35.99111],[-82.45515,35.99022]]},"properties":{"net":"sm2919","o":2}},{"type":"Feature","geometry":{"type":"LineString","coordinates":[[-82.46427,36.0423],[-82.46435,36.04228]]},"properties":{"net":"out","o":4}},{"type":"Feature","geometry":{"type":"LineString","coordinates":[[-82.46155,36.16764],[-82.46201,36.16737],[-82.46358,36.16723]]},"properties":{"net":"out","o":7}},{"type":"Feature","geometry":{"type":"LineString","coordinates":[[-82.4603,36.23138],[-82.46039,36.23077],[-82.4607,36.22993],[-82.46112,36.22956]]},"properties":{"net":"out","o":4}},{"type":"Feature","geometry":{"type":"LineString","coordinates":[[-82.45661,36.24771],[-82.45674,36.24723],[-82.45618,36.24693],[-82.45609,36.24672],[-82.45662,36.24655],[-82.45702,36.2463],[-82.45765,36.24614],[-82.45826,36.24555],[-82.45798,36.24533],[-82.458,36.24501],[-82.45808,36.24492],[-82.45819,36.24484],[-82.45858,36.24485],[-82.45906,36.24459],[-82.45905,36.24419],[-82.45974,36.24377],[-82.4601,36.24374],[-82.46011,36.24355],[-82.46194,36.24238]]},"properties":{"net":"out","o":4}},{"type":"Feature","geometry":{"type":"LineString","coordinates":[[-82.38837,35.99774],[-82.3883,35.99767]]},"properties":{"net":"out","o":4}},{"type":"Feature","geometry":{"type":"LineString","coordinates":[[-82.38649,35.9989],[-82.38569,35.99948]]},"properties":{"net":"out","o":6}},{"type":"Feature","geometry":{"type":"LineString","coordinates":[[-82.38569,35.99948],[-82.38522,35.9998]]},"properties":{"net":"out","o":6}},{"type":"Feature","geometry":{"type":"LineString","coordinates":[[-82.38522,35.9998],[-82.38483,36.00003],[-82.38364,35.99984],[-82.38267,35.99945],[-82.38182,35.99897],[-82.38071,35.99882],[-82.37955,35.99829]]},"properties":{"net":"out","o":6}},{"type":"Feature","geometry":{"type":"LineString","coordinates":[[-82.37662,35.99417],[-82.37636,35.99389],[-82.37506,35.99369],[-82.37418,35.99414],[-82.37352,35.99491]]},"properties":{"net":"out","o":6}},{"type":"Feature","geometry":{"type":"LineString","coordinates":[[-82.46195,35.91495],[-82.461,35.91457],[-82.45976,35.91434],[-82.45765,35.9132]]},"properties":{"net":"out","o":4}},{"type":"Feature","geometry":{"type":"LineString","coordinates":[[-82.46893,35.95411],[-82.4703,35.95567],[-82.4707,35.95668],[-82.47094,35.95803],[-82.47266,35.95947],[-82.47303,35.96045]]},"properties":{"net":"sm2919","o":1}},{"type":"Feature","geometry":{"type":"LineString","coordinates":[[-82.47077,35.98308],[-82.47034,35.9827],[-82.46973,35.98244],[-82.46858,35.98218],[-82.4675,35.98207],[-82.46668,35.98169],[-82.46569,35.9806],[-82.46545,35.97958],[-82.46548,35.97921],[-82.46529,35.97877]]},"properties":{"net":"sm2919","o":2}},{"type":"Feature","geometry":{"type":"LineString","coordinates":[[-82.46157,35.98766],[-82.46032,35.9875],[-82.45956,35.98691],[-82.45916,35.98633],[-82.45844,35.98601],[-82.4577,35.98541],[-82.45718,35.98524],[-82.45601,35.98446]]},"properties":{"net":"sm2919","o":3}},{"type":"Feature","geometry":{"type":"LineString","coordinates":[[-82.47495,36.16593],[-82.47445,36.16629],[-82.4741,36.16619]]},"properties":{"net":"out","o":4}},{"type":"Feature","geometry":{"type":"LineString","coordinates":[[-82.44743,36.12185],[-82.44741,36.12344],[-82.44772,36.12423],[-82.44761,36.12483],[-82.44715,36.12558],[-82.4468,36.12579]]},"properties":{"net":"out","o":6}},{"type":"Feature","geometry":{"type":"LineString","coordinates":[[-82.4468,36.12579],[-82.44617,36.12673],[-82.44579,36.12712],[-82.44535,36.12735]]},"properties":{"net":"out","o":6}},{"type":"Feature","geometry":{"type":"LineString","coordinates":[[-82.44271,36.12058],[-82.44261,36.12141],[-82.44239,36.12151]]},"properties":{"net":"out","o":7}},{"type":"Feature","geometry":{"type":"LineString","coordinates":[[-82.43988,36.14117],[-82.44021,36.1412],[-82.44091,36.14157],[-82.44256,36.14328],[-82.4432,36.1452]]},"properties":{"net":"out","o":7}},{"type":"Feature","geometry":{"type":"LineString","coordinates":[[-82.44228,36.15862],[-82.44255,36.15937],[-82.44297,36.15981],[-82.44286,36.16041],[-82.44323,36.16133]]},"properties":{"net":"out","o":7}},{"type":"Feature","geometry":{"type":"LineString","coordinates":[[-82.44218,36.15809],[-82.44228,36.15862]]},"properties":{"net":"out","o":7}},{"type":"Feature","geometry":{"type":"LineString","coordinates":[[-82.44222,36.1512],[-82.44215,36.15157],[-82.44201,36.15177]]},"properties":{"net":"out","o":7}},{"type":"Feature","geometry":{"type":"LineString","coordinates":[[-82.45399,36.17393],[-82.45456,36.17411],[-82.4552,36.17409],[-82.45573,36.17386]]},"properties":{"net":"out","o":4}},{"type":"Feature","geometry":{"type":"LineString","coordinates":[[-82.44197,36.23349],[-82.44231,36.2333],[-82.44272,36.23282],[-82.4438,36.23231],[-82.44428,36.23126],[-82.44423,36.23078]]},"properties":{"net":"out","o":4}},{"type":"Feature","geometry":{"type":"LineString","coordinates":[[-82.44013,35.96488],[-82.43869,35.96585],[-82.43697,35.96632],[-82.43608,35.96642],[-82.43545,35.96665],[-82.43387,35.96686],[-82.43322,35.96704],[-82.43101,35.96828],[-82.43045,35.96873],[-82.4298,35.96905],[-82.42913,35.96956],[-82.42745,35.97051],[-82.42677,35.97102]]},"properties":{"net":"sm2919","o":2}},{"type":"Feature","geometry":{"type":"LineString","coordinates":[[-82.44025,35.99902],[-82.43909,35.99907],[-82.43757,35.99966],[-82.43663,35.9999]]},"properties":{"net":"sm2919","o":1}},{"type":"Feature","geometry":{"type":"LineString","coordinates":[[-82.43939,35.99317],[-82.43935,35.99194],[-82.43887,35.99073],[-82.43809,35.98962],[-82.43694,35.98883],[-82.43666,35.98854],[-82.43653,35.98831],[-82.4364,35.98759],[-82.43622,35.98732],[-82.43613,35.98665]]},"properties":{"net":"sm2919","o":1}},{"type":"Feature","geometry":{"type":"LineString","coordinates":[[-82.44805,36.00353],[-82.44676,36.00345],[-82.44542,36.00366],[-82.44471,36.00394],[-82.4442,36.00389],[-82.4439,36.004]]},"properties":{"net":"sm2919","o":2}},{"type":"Feature","geometry":{"type":"LineString","coordinates":[[-82.42745,36.24618],[-82.42865,36.24556],[-82.43073,36.24368]]},"properties":{"net":"out","o":4}},{"type":"Feature","geometry":{"type":"LineString","coordinates":[[-82.33024,36.02277],[-82.33047,36.02322]]},"properties":{"net":"out","o":6}},{"type":"Feature","geometry":{"type":"LineString","coordinates":[[-82.31002,36.00673],[-82.3103,36.00783],[-82.31067,36.00812],[-82.31148,36.00851],[-82.31195,36.00888],[-82.31235,36.00902],[-82.31454,36.0092]]},"properties":{"net":"sm2930","o":1}},{"type":"Feature","geometry":{"type":"LineString","coordinates":[[-82.43095,35.99847],[-82.4304,35.99812],[-82.43011,35.99778],[-82.4294,35.99772],[-82.42827,35.99742],[-82.4274,35.99688],[-82.42684,35.99667]]},"properties":{"net":"sm2919","o":3}},{"type":"Feature","geometry":{"type":"LineString","coordinates":[[-82.42686,35.99365],[-82.42584,35.99263],[-82.42516,35.99169]]},"properties":{"net":"sm2919","o":1}},{"type":"Feature","geometry":{"type":"LineString","coordinates":[[-82.42241,35.99046],[-82.42198,35.99031]]},"properties":{"net":"sm2919","o":3}},{"type":"Feature","geometry":{"type":"LineString","coordinates":[[-82.43359,35.91242],[-82.43251,35.91234],[-82.43193,35.9124],[-82.42957,35.91199],[-82.42917,35.91213],[-82.42877,35.91277],[-82.42857,35.91297],[-82.42834,35.91305]]},"properties":{"net":"out","o":4}},{"type":"Feature","geometry":{"type":"LineString","coordinates":[[-82.42056,36.08172],[-82.42123,36.08205],[-82.42162,36.08213],[-82.42177,36.08229],[-82.42232,36.08253],[-82.42357,36.08387],[-82.42376,36.08479]]},"properties":{"net":"out","o":7}},{"type":"Feature","geometry":{"type":"LineString","coordinates":[[-82.42224,35.91395],[-82.42116,35.91342],[-82.42019,35.91321],[-82.41945,35.91335],[-82.41887,35.91328],[-82.4184,35.91341],[-82.41788,35.9134],[-82.41707,35.91403],[-82.41658,35.91412]]},"properties":{"net":"out","o":4}},{"type":"Feature","geometry":{"type":"LineString","coordinates":[[-82.43265,36.13421],[-82.43288,36.13453]]},"properties":{"net":"out","o":4}},{"type":"Feature","geometry":{"type":"LineString","coordinates":[[-82.32199,35.86958],[-82.32181,35.8702],[-82.32123,35.87089],[-82.32098,35.87151],[-82.32038,35.87238],[-82.31947,35.8731]]},"properties":{"net":"NC3200","o":4}},{"type":"Feature","geometry":{"type":"LineString","coordinates":[[-82.32001,35.88327],[-82.31997,35.88339]]},"properties":{"net":"NC3200","o":4}},{"type":"Feature","geometry":{"type":"LineString","coordinates":[[-82.32608,35.95159],[-82.32528,35.95202],[-82.32359,35.95236],[-82.32296,35.95315]]},"properties":{"net":"out","o":4}},{"type":"Feature","geometry":{"type":"LineString","coordinates":[[-82.32296,35.95315],[-82.32267,35.95354],[-82.32232,35.95444],[-82.32199,35.95492]]},"properties":{"net":"out","o":4}},{"type":"Feature","geometry":{"type":"LineString","coordinates":[[-82.43651,35.98179],[-82.43537,35.98164],[-82.43439,35.98107],[-82.43383,35.98084],[-82.43239,35.98084],[-82.43146,35.98054]]},"properties":{"net":"sm2919","o":4}},{"type":"Feature","geometry":{"type":"LineString","coordinates":[[-82.42637,36.20322],[-82.42611,36.20335],[-82.42606,36.20363],[-82.42642,36.20443],[-82.42675,36.20471],[-82.42756,36.20508],[-82.42825,36.20519],[-82.42931,36.20558],[-82.43035,36.20633],[-82.43122,36.20673]]},"properties":{"net":"out","o":5}},{"type":"Feature","geometry":{"type":"LineString","coordinates":[[-82.42677,35.97102],[-82.42618,35.97153]]},"properties":{"net":"sm2919","o":3}},{"type":"Feature","geometry":{"type":"LineString","coordinates":[[-82.42591,35.97794],[-82.42581,35.97889],[-82.4259,35.97934],[-82.42517,35.98066]]},"properties":{"net":"sm2919","o":3}},{"type":"Feature","geometry":{"type":"LineString","coordinates":[[-82.42773,35.98029],[-82.42631,35.98109],[-82.42588,35.981],[-82.42532,35.98064],[-82.42517,35.98066]]},"properties":{"net":"sm2919","o":4}},{"type":"Feature","geometry":{"type":"LineString","coordinates":[[-82.43702,35.98439],[-82.43713,35.98351],[-82.43671,35.98212],[-82.43651,35.98179]]},"properties":{"net":"sm2919","o":2}},{"type":"Feature","geometry":{"type":"LineString","coordinates":[[-82.4042,35.91315],[-82.40242,35.91347]]},"properties":{"net":"out","o":4}},{"type":"Feature","geometry":{"type":"LineString","coordinates":[[-82.40155,35.98933],[-82.4009,35.98977],[-82.40016,35.99003]]},"properties":{"net":"out","o":5}},{"type":"Feature","geometry":{"type":"LineString","coordinates":[[-82.4026,36.07136],[-82.40268,36.07144],[-82.40339,36.07152],[-82.40511,36.07222],[-82.40554,36.07213],[-82.40624,36.07178],[-82.40739,36.07191],[-82.40749,36.07185],[-82.40965,36.07195],[-82.4111,36.07181]]},"properties":{"net":"out","o":7}},{"type":"Feature","geometry":{"type":"LineString","coordinates":[[-82.3946,36.0808],[-82.39562,36.08117],[-82.39732,36.08151],[-82.39792,36.08172]]},"properties":{"net":"out","o":7}},{"type":"Feature","geometry":{"type":"LineString","coordinates":[[-82.37927,36.07041],[-82.37985,36.07069]]},"properties":{"net":"out","o":7}},{"type":"Feature","geometry":{"type":"LineString","coordinates":[[-82.39103,35.89673],[-82.39092,35.89719],[-82.39026,35.89817]]},"properties":{"net":"out","o":4}},{"type":"Feature","geometry":{"type":"LineString","coordinates":[[-82.4107,36.15645],[-82.41102,36.15639]]},"properties":{"net":"out","o":6}},{"type":"Feature","geometry":{"type":"LineString","coordinates":[[-82.39542,36.16942],[-82.39566,36.16866],[-82.39612,36.16779],[-82.39633,36.16763]]},"properties":{"net":"out","o":6}},{"type":"Feature","geometry":{"type":"LineString","coordinates":[[-82.38179,35.91482],[-82.38211,35.91484]]},"properties":{"net":"out","o":5}},{"type":"Feature","geometry":{"type":"LineString","coordinates":[[-82.37662,35.91584],[-82.37668,35.91556]]},"properties":{"net":"out","o":5}},{"type":"Feature","geometry":{"type":"LineString","coordinates":[[-82.3944,36.17092],[-82.39516,36.17019],[-82.39542,36.16942]]},"properties":{"net":"out","o":6}},{"type":"Feature","geometry":{"type":"LineString","coordinates":[[-82.39044,36.17328],[-82.39105,36.17312]]},"properties":{"net":"out","o":6}},{"type":"Feature","geometry":{"type":"LineString","coordinates":[[-82.3833,36.18001],[-82.38293,36.17938]]},"properties":{"net":"out","o":6}},{"type":"Feature","geometry":{"type":"LineString","coordinates":[[-82.33884,36.19259],[-82.34031,36.19224],[-82.34145,36.19249],[-82.3417,36.19279],[-82.34175,36.19302],[-82.34301,36.19387],[-82.34451,36.19394],[-82.34615,36.19433],[-82.34682,36.19461],[-82.34838,36.1944]]},"properties":{"net":"out","o":5}},{"type":"Feature","geometry":{"type":"LineString","coordinates":[[-82.33578,36.19304],[-82.33754,36.19241],[-82.33884,36.19259]]},"properties":{"net":"out","o":5}},{"type":"Feature","geometry":{"type":"LineString","coordinates":[[-82.33951,36.01854],[-82.33839,36.01843],[-82.33749,36.01814],[-82.33682,36.01723]]},"properties":{"net":"out","o":6}},{"type":"Feature","geometry":{"type":"LineString","coordinates":[[-82.33455,36.01439],[-82.33279,36.01352],[-82.3324,36.01349],[-82.33155,36.01368]]},"properties":{"net":"out","o":6}},{"type":"Feature","geometry":{"type":"LineString","coordinates":[[-82.33945,36.03326],[-82.33977,36.03389]]},"properties":{"net":"out","o":7}},{"type":"Feature","geometry":{"type":"LineString","coordinates":[[-82.33942,36.05976],[-82.34004,36.06179],[-82.34009,36.06305],[-82.34023,36.06376],[-82.34017,36.06386]]},"properties":{"net":"out","o":7}},{"type":"Feature","geometry":{"type":"LineString","coordinates":[[-82.35976,36.13978],[-82.36041,36.13992],[-82.3609,36.14023],[-82.36174,36.14127],[-82.36265,36.14174],[-82.36338,36.14255],[-82.36421,36.14321],[-82.36447,36.14376]]},"properties":{"net":"out","o":4}},{"type":"Feature","geometry":{"type":"LineString","coordinates":[[-82.35114,36.08371],[-82.35172,36.08428],[-82.35229,36.08456]]},"properties":{"net":"out","o":7}},{"type":"Feature","geometry":{"type":"LineString","coordinates":[[-82.3452,36.07379],[-82.34514,36.07385],[-82.34526,36.07423],[-82.34503,36.07525],[-82.34522,36.07642],[-82.34542,36.07684],[-82.3458,36.07725]]},"properties":{"net":"out","o":7}},{"type":"Feature","geometry":{"type":"LineString","coordinates":[[-82.29891,36.07544],[-82.29824,36.07517]]},"properties":{"net":"out","o":4}},{"type":"Feature","geometry":{"type":"LineString","coordinates":[[-82.30138,35.92649],[-82.30018,35.92545],[-82.30022,35.92445],[-82.30032,35.92426],[-82.30026,35.92369],[-82.29913,35.92223],[-82.29924,35.92053],[-82.29859,35.91982],[-82.29832,35.91928],[-82.29739,35.91821],[-82.29651,35.91754],[-82.29551,35.91705],[-82.29465,35.91719],[-82.29424,35.91655],[-82.29297,35.91642]]},"properties":{"net":"sm2618","o":2}},{"type":"Feature","geometry":{"type":"LineString","coordinates":[[-82.30536,35.93135],[-82.30422,35.9309],[-82.30342,35.93071]]},"properties":{"net":"sm2618","o":2}},{"type":"Feature","geometry":{"type":"LineString","coordinates":[[-82.30023,35.93305],[-82.30046,35.93244],[-82.30026,35.93139],[-82.3003,35.93052],[-82.30069,35.92896],[-82.30126,35.92756],[-82.30138,35.92649]]},"properties":{"net":"sm2618","o":1}},{"type":"Feature","geometry":{"type":"LineString","coordinates":[[-82.29465,35.93058],[-82.29455,35.92981],[-82.29462,35.92931],[-82.29402,35.92744],[-82.2941,35.92619],[-82.29399,35.9257]]},"properties":{"net":"sm2618","o":1}},{"type":"Feature","geometry":{"type":"LineString","coordinates":[[-82.29399,35.9257],[-82.29338,35.92525],[-82.29288,35.92514],[-82.29265,35.92498]]},"properties":{"net":"sm2618","o":2}},{"type":"Feature","geometry":{"type":"LineString","coordinates":[[-82.36233,36.00243],[-82.361,36.00181]]},"properties":{"net":"out","o":6}},{"type":"Feature","geometry":{"type":"LineString","coordinates":[[-82.29216,35.92984],[-82.29254,35.92815],[-82.29255,35.92717],[-82.29277,35.92631],[-82.2928,35.92597],[-82.29265,35.92498]]},"properties":{"net":"sm2618","o":1}},{"type":"Feature","geometry":{"type":"LineString","coordinates":[[-82.30348,35.97408],[-82.30256,35.97513],[-82.30212,35.97527],[-82.30124,35.97538],[-82.30094,35.97552],[-82.30051,35.97627],[-82.30016,35.97656],[-82.29953,35.97667],[-82.29839,35.97667],[-82.2977,35.97684],[-82.29751,35.97699],[-82.29744,35.9772],[-82.29749,35.9774]]},"properties":{"net":"out","o":4}},{"type":"Feature","geometry":{"type":"LineString","coordinates":[[-82.35767,36.08096],[-82.35793,36.08027],[-82.35807,36.07949],[-82.35844,36.07905]]},"properties":{"net":"out","o":7}},{"type":"Feature","geometry":{"type":"LineString","coordinates":[[-82.35708,36.08244],[-82.35749,36.08166],[-82.35767,36.08096]]},"properties":{"net":"out","o":7}},{"type":"Feature","geometry":{"type":"LineString","coordinates":[[-82.33481,35.9433],[-82.33429,35.94368],[-82.33366,35.94467],[-82.33353,35.94491],[-82.33344,35.94575],[-82.33279,35.94667]]},"properties":{"net":"out","o":4}},{"type":"Feature","geometry":{"type":"LineString","coordinates":[[-82.31004,36.10945],[-82.31099,36.10879]]},"properties":{"net":"out","o":4}},{"type":"Feature","geometry":{"type":"LineString","coordinates":[[-82.31544,36.20702],[-82.31622,36.20692],[-82.31665,36.20653],[-82.31744,36.2055],[-82.31807,36.20491],[-82.31838,36.20406]]},"properties":{"net":"out","o":5}},{"type":"Feature","geometry":{"type":"LineString","coordinates":[[-82.31091,36.20918],[-82.31171,36.20869],[-82.31241,36.20857],[-82.31291,36.20838],[-82.31369,36.20781],[-82.314,36.20772],[-82.31483,36.20774],[-82.31515,36.2072],[-82.31544,36.20702]]},"properties":{"net":"out","o":4}},{"type":"Feature","geometry":{"type":"LineString","coordinates":[[-82.30668,36.20225],[-82.30674,36.20275],[-82.30712,36.20319],[-82.30791,36.20378],[-82.31001,36.20474],[-82.31357,36.2059],[-82.31544,36.20702]]},"properties":{"net":"out","o":4}},{"type":"Feature","geometry":{"type":"LineString","coordinates":[[-82.31066,36.03966],[-82.31108,36.03935],[-82.31128,36.03897],[-82.31176,36.03847]]},"properties":{"net":"out","o":6}},{"type":"Feature","geometry":{"type":"LineString","coordinates":[[-82.36347,36.0305],[-82.36338,36.03004],[-82.36305,36.02955],[-82.36168,36.02919],[-82.3615,36.02902]]},"properties":{"net":"out","o":4}},{"type":"Feature","geometry":{"type":"LineString","coordinates":[[-82.30809,36.04055],[-82.30964,36.04026],[-82.31066,36.03966]]},"properties":{"net":"out","o":6}},{"type":"Feature","geometry":{"type":"LineString","coordinates":[[-82.34978,36.00146],[-82.34896,36.00176],[-82.34895,36.00184]]},"properties":{"net":"out","o":6}},{"type":"Feature","geometry":{"type":"LineString","coordinates":[[-82.34905,36.00239],[-82.34887,36.00245]]},"properties":{"net":"out","o":6}},{"type":"Feature","geometry":{"type":"LineString","coordinates":[[-82.34872,36.01219],[-82.34879,36.01239],[-82.34918,36.01271]]},"properties":{"net":"out","o":6}},{"type":"Feature","geometry":{"type":"LineString","coordinates":[[-82.34808,36.00354],[-82.348,36.005]]},"properties":{"net":"out","o":6}},{"type":"Feature","geometry":{"type":"LineString","coordinates":[[-82.29598,36.17678],[-82.29686,36.17715]]},"properties":{"net":"out","o":5}},{"type":"Feature","geometry":{"type":"LineString","coordinates":[[-82.29449,36.17704],[-82.29507,36.17705]]},"properties":{"net":"out","o":5}},{"type":"Feature","geometry":{"type":"LineString","coordinates":[[-82.3011,36.05289],[-82.30059,36.05132],[-82.29969,36.05022]]},"properties":{"net":"out","o":5}},{"type":"Feature","geometry":{"type":"LineString","coordinates":[[-82.273,36.1778],[-82.27349,36.17744],[-82.2745,36.17702]]},"properties":{"net":"out","o":5}},{"type":"Feature","geometry":{"type":"LineString","coordinates":[[-82.18977,35.80449],[-82.19035,35.80405],[-82.19088,35.80317],[-82.192,35.80195],[-82.19289,35.80141]]},"properties":{"net":"sm2680","o":1}},{"type":"Feature","geometry":{"type":"LineString","coordinates":[[-82.19289,35.80141],[-82.19314,35.80123],[-82.19352,35.80053],[-82.19345,35.79972],[-82.19432,35.7986],[-82.19562,35.7975],[-82.19591,35.79708],[-82.19643,35.79658],[-82.19687,35.79634],[-82.19768,35.79609]]},"properties":{"net":"sm2676","o":1}},{"type":"Feature","geometry":{"type":"LineString","coordinates":[[-82.18207,35.79752],[-82.18447,35.7967],[-82.18553,35.7967],[-82.1865,35.79681],[-82.18763,35.79623],[-82.18858,35.796],[-82.18926,35.79568],[-82.19014,35.79545],[-82.1912,35.79548],[-82.19331,35.7958],[-82.19593,35.79565],[-82.19677,35.79578],[-82.19768,35.79609]]},"properties":{"net":"sm2676","o":1}},{"type":"Feature","geometry":{"type":"LineString","coordinates":[[-82.19703,35.83218],[-82.19653,35.83196]]},"properties":{"net":"sm2681","o":2}},{"type":"Feature","geometry":{"type":"LineString","coordinates":[[-82.18951,35.82186],[-82.18911,35.8227],[-82.18896,35.82351],[-82.18809,35.82496]]},"properties":{"net":"sm2689","o":4}},{"type":"Feature","geometry":{"type":"LineString","coordinates":[[-82.18012,35.87208],[-82.1804,35.87204],[-82.18081,35.8718],[-82.18114,35.86996],[-82.18137,35.8697],[-82.18198,35.86934],[-82.18287,35.86941],[-82.1838,35.86999],[-82.18451,35.87007],[-82.18495,35.86987],[-82.18538,35.86952],[-82.18629,35.86926]]},"properties":{"net":"sm2719","o":4}},{"type":"Feature","geometry":{"type":"LineString","coordinates":[[-82.18629,35.86926],[-82.18716,35.8689],[-82.18778,35.86875],[-82.18854,35.86881],[-82.18896,35.86896],[-82.18992,35.86962],[-82.19108,35.87095],[-82.1915,35.87114],[-82.19194,35.87119],[-82.19328,35.87107]]},"properties":{"net":"sm2718","o":4}},{"type":"Feature","geometry":{"type":"LineString","coordinates":[[-82.19328,35.87107],[-82.19436,35.87112]]},"properties":{"net":"sm2717","o":4}},{"type":"Feature","geometry":{"type":"LineString","coordinates":[[-82.19436,35.87112],[-82.19678,35.87126]]},"properties":{"net":"sm2728","o":4}},{"type":"Feature","geometry":{"type":"LineString","coordinates":[[-82.18751,35.89558],[-82.18778,35.89609],[-82.18866,35.89695],[-82.18885,35.8974],[-82.18887,35.89777],[-82.18925,35.89842],[-82.18979,35.89892],[-82.19021,35.89911],[-82.19065,35.89917],[-82.19098,35.8991],[-82.19174,35.89864],[-82.19264,35.89842],[-82.19289,35.89827],[-82.19338,35.89732],[-82.19384,35.89705],[-82.19529,35.89675],[-82.19704,35.89684]]},"properties":{"net":"out","o":4}},{"type":"Feature","geometry":{"type":"LineString","coordinates":[[-82.19775,35.95242],[-82.19766,35.95295],[-82.19725,35.95319],[-82.19686,35.95361],[-82.19648,35.95443],[-82.19449,35.95543],[-82.19387,35.95611],[-82.19371,35.95646]]},"properties":{"net":"out","o":6}},{"type":"Feature","geometry":{"type":"LineString","coordinates":[[-82.19371,35.95646],[-82.19339,35.95696],[-82.19315,35.95903],[-82.19292,35.95932],[-82.19221,35.95975],[-82.19167,35.95972],[-82.19089,35.95952],[-82.18946,35.95896],[-82.1893,35.95879],[-82.18899,35.95876],[-82.18782,35.95826],[-82.18711,35.95818],[-82.18672,35.95831]]},"properties":{"net":"out","o":6}},{"type":"Feature","geometry":{"type":"LineString","coordinates":[[-82.1963,35.7405],[-82.19672,35.74066]]},"properties":{"net":"sm15233","o":1}},{"type":"Feature","geometry":{"type":"LineString","coordinates":[[-82.19672,35.74066],[-82.1972,35.74067],[-82.19871,35.74042]]},"properties":{"net":"sm2693","o":1}},{"type":"Feature","geometry":{"type":"LineString","coordinates":[[-82.19871,35.74042],[-82.20286,35.74068],[-82.20357,35.74087],[-82.20414,35.74122],[-82.20624,35.74216],[-82.20723,35.74236],[-82.20807,35.74244],[-82.20961,35.7424],[-82.21033,35.74257],[-82.21146,35.74306],[-82.21261,35.74329],[-82.21334,35.74388],[-82.21389,35.74451]]},"properties":{"net":"sm2668","o":1}},{"type":"Feature","geometry":{"type":"LineString","coordinates":[[-82.22274,35.77281],[-82.22209,35.7731],[-82.22144,35.77373],[-82.22061,35.77491],[-82.21997,35.77631],[-82.21913,35.77715],[-82.21871,35.77872],[-82.21826,35.77938],[-82.21786,35.77979],[-82.21757,35.78045],[-82.21712,35.78108],[-82.21706,35.78129],[-82.21733,35.78193],[-82.21728,35.78232],[-82.21716,35.78249]]},"properties":{"net":"sm2663","o":2}},{"type":"Feature","geometry":{"type":"LineString","coordinates":[[-82.18632,35.94323],[-82.18612,35.94358]]},"properties":{"net":"out","o":5}},{"type":"Feature","geometry":{"type":"LineString","coordinates":[[-82.25571,36.07047],[-82.2562,36.06981],[-82.25727,36.06906],[-82.25958,36.0679],[-82.26067,36.06709],[-82.26154,36.06681],[-82.26257,36.06669]]},"properties":{"net":"sm2928","o":1}},{"type":"Feature","geometry":{"type":"LineString","coordinates":[[-82.26456,36.10353],[-82.26466,36.10257],[-82.26536,36.10182],[-82.26547,36.10158],[-82.26535,36.10067]]},"properties":{"net":"out","o":4}},{"type":"Feature","geometry":{"type":"LineString","coordinates":[[-82.20148,35.91083],[-82.20173,35.91118],[-82.20192,35.91214],[-82.20221,35.91276],[-82.20406,35.91405],[-82.20536,35.9141],[-82.20566,35.91417],[-82.20653,35.91463],[-82.20918,35.91498],[-82.20983,35.91484],[-82.21137,35.91408]]},"properties":{"net":"out","o":4}},{"type":"Feature","geometry":{"type":"LineString","coordinates":[[-82.27514,36.0558],[-82.27528,36.05571]]},"properties":{"net":"sm2928","o":3}},{"type":"Feature","geometry":{"type":"LineString","coordinates":[[-82.27403,36.06533],[-82.27421,36.06495],[-82.27432,36.06417],[-82.27487,36.06336],[-82.27515,36.06316]]},"properties":{"net":"sm2928","o":2}},{"type":"Feature","geometry":{"type":"LineString","coordinates":[[-82.27283,36.05995],[-82.27344,36.05982],[-82.27437,36.0598],[-82.27556,36.05998],[-82.27589,36.05982]]},"properties":{"net":"sm2928","o":1}},{"type":"Feature","geometry":{"type":"LineString","coordinates":[[-82.28774,36.07306],[-82.28875,36.07295],[-82.28991,36.07326],[-82.29026,36.0735],[-82.29061,36.07347]]},"properties":{"net":"out","o":5}},{"type":"Feature","geometry":{"type":"LineString","coordinates":[[-82.23725,36.00471],[-82.2393,36.00491],[-82.24029,36.00539],[-82.24086,36.006],[-82.24139,36.00631],[-82.24551,36.00729],[-82.24674,36.00776]]},"properties":{"net":"out","o":6}},{"type":"Feature","geometry":{"type":"LineString","coordinates":[[-82.22938,36.03564],[-82.22943,36.0356]]},"properties":{"net":"out","o":5}},{"type":"Feature","geometry":{"type":"LineString","coordinates":[[-82.22955,36.03697],[-82.22934,36.03666],[-82.2292,36.03621],[-82.22923,36.03585],[-82.22938,36.03564]]},"properties":{"net":"out","o":5}},{"type":"Feature","geometry":{"type":"LineString","coordinates":[[-82.20431,36.00445],[-82.20403,36.00571],[-82.20323,36.00613],[-82.20208,36.00624],[-82.20013,36.00602],[-82.19935,36.0051],[-82.1994,36.00485],[-82.1991,36.00449],[-82.19915,36.00424],[-82.19886,36.00356],[-82.1986,36.00327],[-82.19861,36.00295],[-82.19649,36.00068],[-82.1951,36.00041],[-82.19489,36.00053],[-82.19454,36.00049],[-82.19392,36.00089]]},"properties":{"net":"out","o":6}},{"type":"Feature","geometry":{"type":"LineString","coordinates":[[-82.19169,35.99057],[-82.19225,35.9913],[-82.19259,35.99145],[-82.19604,35.99164]]},"properties":{"net":"out","o":6}},{"type":"Feature","geometry":{"type":"LineString","coordinates":[[-82.19104,36.01426],[-82.19136,36.01437],[-82.19168,36.01433],[-82.19341,36.01348],[-82.19397,36.01279],[-82.1945,36.01241],[-82.19497,36.01188]]},"properties":{"net":"out","o":4}},{"type":"Feature","geometry":{"type":"LineString","coordinates":[[-82.25771,35.77204],[-82.25728,35.77153],[-82.25699,35.77133],[-82.25565,35.77093],[-82.25526,35.77068],[-82.25318,35.76833]]},"properties":{"net":"sm2663","o":1}},{"type":"Feature","geometry":{"type":"LineString","coordinates":[[-82.24939,35.76595],[-82.24848,35.76586],[-82.24755,35.76588],[-82.24658,35.76571],[-82.24509,35.76524],[-82.24391,35.76503],[-82.24149,35.76562],[-82.24035,35.76616],[-82.23968,35.76674]]},"properties":{"net":"sm2663","o":2}},{"type":"Feature","geometry":{"type":"LineString","coordinates":[[-82.24928,35.88532],[-82.25001,35.88538],[-82.25021,35.88548],[-82.2508,35.88609],[-82.25146,35.88728],[-82.25225,35.88771],[-82.25292,35.88821]]},"properties":{"net":"sm2618","o":1}},{"type":"Feature","geometry":{"type":"LineString","coordinates":[[-82.26636,35.9079],[-82.26734,35.90826],[-82.26847,35.9089]]},"properties":{"net":"sm2618","o":1}},{"type":"Feature","geometry":{"type":"LineString","coordinates":[[-82.24985,35.90485],[-82.24588,35.90522]]},"properties":{"net":"sm2618","o":1}},{"type":"Feature","geometry":{"type":"LineString","coordinates":[[-82.26256,35.94331],[-82.26286,35.94285],[-82.26382,35.942],[-82.26457,35.94066],[-82.26505,35.94011],[-82.26538,35.93956],[-82.26593,35.93899],[-82.26607,35.93823],[-82.26664,35.9374],[-82.26687,35.93691]]},"properties":{"net":"sm2618","o":1}},{"type":"Feature","geometry":{"type":"LineString","coordinates":[[-82.25921,35.93882],[-82.25857,35.93803],[-82.25857,35.93756],[-82.25819,35.9369],[-82.2571,35.93632],[-82.25589,35.93583],[-82.25518,35.93567],[-82.25362,35.93496],[-82.25268,35.93378],[-82.25233,35.93293],[-82.25148,35.93248]]},"properties":{"net":"sm2618","o":1}},{"type":"Feature","geometry":{"type":"LineString","coordinates":[[-82.19355,36.05167],[-82.19419,36.05165],[-82.19452,36.05149],[-82.19476,36.05124],[-82.19503,36.05079],[-82.19501,36.05014],[-82.19511,36.04968],[-82.19538,36.04922],[-82.19584,36.04884],[-82.19823,36.04755],[-82.19926,36.04732],[-82.20003,36.04738],[-82.20055,36.04715]]},"properties":{"net":"out","o":4}},{"type":"Feature","geometry":{"type":"LineString","coordinates":[[-82.21614,36.05702],[-82.2162,36.05677],[-82.21656,36.05634],[-82.21794,36.05489],[-82.21802,36.05464],[-82.21798,36.05386],[-82.21889,36.05315],[-82.21909,36.05284],[-82.21905,36.05257],[-82.21835,36.05154],[-82.21726,36.05094],[-82.2172,36.04961],[-82.2174,36.04935],[-82.21786,36.04904],[-82.21835,36.0484]]},"properties":{"net":"out","o":4}},{"type":"Feature","geometry":{"type":"LineString","coordinates":[[-82.24911,35.94096],[-82.24898,35.94074],[-82.24833,35.94023],[-82.24797,35.93968],[-82.24812,35.93945],[-82.24895,35.93887],[-82.24927,35.93847],[-82.24959,35.93672],[-82.24966,35.93659],[-82.25011,35.93634],[-82.25059,35.93574]]},"properties":{"net":"sm2618","o":3}},{"type":"Feature","geometry":{"type":"LineString","coordinates":[[-82.27559,35.83908],[-82.27775,35.83867],[-82.27954,35.8387],[-82.28254,35.83854],[-82.28323,35.83808],[-82.28387,35.83722],[-82.28446,35.83681],[-82.28486,35.83661],[-82.28621,35.83622],[-82.28708,35.83581]]},"properties":{"net":"sm2921","o":1}},{"type":"Feature","geometry":{"type":"LineString","coordinates":[[-82.26859,35.89629],[-82.2692,35.89676],[-82.26983,35.8975],[-82.27033,35.89788],[-82.27052,35.89818],[-82.27055,35.89865],[-82.27034,35.89953],[-82.26978,35.90048],[-82.26968,35.90091],[-82.26892,35.90191],[-82.26841,35.90231],[-82.2683,35.9026],[-82.2685,35.90503],[-82.26859,35.90533],[-82.269,35.90582],[-82.26916,35.90641]]},"properties":{"net":"sm2618","o":1}},{"type":"Feature","geometry":{"type":"LineString","coordinates":[[-82.28893,35.91174],[-82.28856,35.91215],[-82.28779,35.91347],[-82.28773,35.91456],[-82.28742,35.91527]]},"properties":{"net":"sm2618","o":2}},{"type":"Feature","geometry":{"type":"LineString","coordinates":[[-82.28395,36.0933],[-82.28408,36.09285],[-82.28462,36.09235]]},"properties":{"net":"out","o":4}},{"type":"Feature","geometry":{"type":"LineString","coordinates":[[-82.28355,36.09485],[-82.28385,36.09402],[-82.28395,36.0933]]},"properties":{"net":"out","o":4}},{"type":"Feature","geometry":{"type":"LineString","coordinates":[[-82.28356,36.09543],[-82.28355,36.09485]]},"properties":{"net":"out","o":4}},{"type":"Feature","geometry":{"type":"LineString","coordinates":[[-82.28127,36.10032],[-82.28171,36.1],[-82.28227,36.09939]]},"properties":{"net":"out","o":4}},{"type":"Feature","geometry":{"type":"LineString","coordinates":[[-82.20392,36.1152],[-82.20337,36.11496],[-82.2026,36.11401],[-82.20145,36.11312],[-82.20118,36.11278],[-82.201,36.11201],[-82.20082,36.1118],[-82.2002,36.11155],[-82.19738,36.11084]]},"properties":{"net":"out","o":4}},{"type":"Feature","geometry":{"type":"LineString","coordinates":[[-82.19738,36.11084],[-82.19738,36.11068],[-82.19705,36.1103],[-82.19687,36.10981],[-82.19613,36.10879],[-82.19566,36.10833],[-82.19488,36.10799],[-82.19464,36.10719]]},"properties":{"net":"out","o":4}},{"type":"Feature","geometry":{"type":"LineString","coordinates":[[-82.20852,36.07845],[-82.20865,36.07829]]},"properties":{"net":"out","o":4}},{"type":"Feature","geometry":{"type":"LineString","coordinates":[[-82.25925,35.94723],[-82.25765,35.94649],[-82.25468,35.94554],[-82.25364,35.9449],[-82.25287,35.9446],[-82.25141,35.94431],[-82.25005,35.94364]]},"properties":{"net":"sm2618","o":1}},{"type":"Feature","geometry":{"type":"LineString","coordinates":[[-82.24966,35.99359],[-82.24973,35.99345],[-82.24949,35.99299],[-82.24953,35.99281],[-82.24911,35.99114],[-82.24908,35.99078],[-82.24925,35.98986]]},"properties":{"net":"out","o":6}},{"type":"Feature","geometry":{"type":"LineString","coordinates":[[-82.26035,36.01703],[-82.26184,36.01698],[-82.26239,36.0171],[-82.2629,36.01706],[-82.26397,36.01641],[-82.26497,36.01549],[-82.26628,36.01463],[-82.26705,36.01442],[-82.26746,36.01452]]},"properties":{"net":"out","o":5}},{"type":"Feature","geometry":{"type":"LineString","coordinates":[[-82.25382,36.00658],[-82.25397,36.00551],[-82.25392,36.00529],[-82.25264,36.0029]]},"properties":{"net":"out","o":6}},{"type":"Feature","geometry":{"type":"LineString","coordinates":[[-82.25129,36.00881],[-82.25229,36.00853],[-82.25291,36.0081],[-82.25357,36.0072],[-82.25382,36.00658]]},"properties":{"net":"out","o":6}},{"type":"Feature","geometry":{"type":"LineString","coordinates":[[-82.25098,36.16126],[-82.25176,36.16185],[-82.25265,36.16203],[-82.25269,36.16221],[-82.25244,36.16277],[-82.25245,36.16295]]},"properties":{"net":"out","o":4}},{"type":"Feature","geometry":{"type":"LineString","coordinates":[[-82.20152,35.79502],[-82.2017,35.79489]]},"properties":{"net":"sm2676","o":2}},{"type":"Feature","geometry":{"type":"LineString","coordinates":[[-82.19961,35.79534],[-82.20035,35.79545],[-82.20081,35.79538],[-82.20152,35.79502]]},"properties":{"net":"sm2676","o":2}},{"type":"Feature","geometry":{"type":"LineString","coordinates":[[-82.25639,36.06566],[-82.25665,36.06537],[-82.25779,36.06458],[-82.25877,36.06424],[-82.25907,36.06431],[-82.25956,36.06471],[-82.26108,36.06518],[-82.26192,36.06527],[-82.26273,36.06516]]},"properties":{"net":"sm2928","o":1}},{"type":"Feature","geometry":{"type":"LineString","coordinates":[[-82.26129,36.1838],[-82.26219,36.18409],[-82.26312,36.18412],[-82.26338,36.18398],[-82.26366,36.18348],[-82.26405,36.18323],[-82.26439,36.18319],[-82.26483,36.18329],[-82.26506,36.18319],[-82.26544,36.18323],[-82.26635,36.18249],[-82.26763,36.18216],[-82.26796,36.18195]]},"properties":{"net":"out","o":4}},{"type":"Feature","geometry":{"type":"LineString","coordinates":[[-82.27386,36.00367],[-82.27425,36.00422],[-82.27431,36.00466]]},"properties":{"net":"out","o":6}},{"type":"Feature","geometry":{"type":"LineString","coordinates":[[-82.27324,36.0197],[-82.27381,36.02005],[-82.27543,36.02161],[-82.27595,36.02196]]},"properties":{"net":"out","o":6}},{"type":"Feature","geometry":{"type":"LineString","coordinates":[[-82.28779,36.04267],[-82.28797,36.04256]]},"properties":{"net":"out","o":4}},{"type":"Feature","geometry":{"type":"LineString","coordinates":[[-82.23094,35.74168],[-82.23011,35.74279],[-82.22957,35.74377],[-82.22919,35.74422],[-82.22733,35.7454],[-82.22452,35.74668],[-82.22422,35.74704],[-82.22419,35.74739]]},"properties":{"net":"sm2660","o":4}},{"type":"Feature","geometry":{"type":"LineString","coordinates":[[-82.22419,35.74739],[-82.22443,35.74851]]},"properties":{"net":"sm3036","o":4}},{"type":"Feature","geometry":{"type":"LineString","coordinates":[[-82.01797,35.99503],[-82.01776,35.99412],[-82.01784,35.99319],[-82.01762,35.99216],[-82.01705,35.99158],[-82.01528,35.9904],[-82.01407,35.98986],[-82.01149,35.98717],[-82.01073,35.98661],[-82.01027,35.98601]]},"properties":{"net":"NC6575","o":4}},{"type":"Feature","geometry":{"type":"LineString","coordinates":[[-82.12515,35.93485],[-82.12583,35.9358],[-82.1264,35.93641],[-82.12709,35.93685],[-82.12777,35.93682],[-82.1287,35.93621],[-82.12903,35.93614]]},"properties":{"net":"out","o":5}},{"type":"Feature","geometry":{"type":"LineString","coordinates":[[-82.15645,36.05185],[-82.15809,36.05061],[-82.1588,36.05028],[-82.16352,36.05281],[-82.16476,36.05329],[-82.16523,36.05362]]},"properties":{"net":"out","o":4}},{"type":"Feature","geometry":{"type":"LineString","coordinates":[[-82.14573,35.86555],[-82.14561,35.86616],[-82.14608,35.8667],[-82.14617,35.86699]]},"properties":{"net":"out","o":4}},{"type":"Feature","geometry":{"type":"LineString","coordinates":[[-82.149,35.89332],[-82.14864,35.89375],[-82.14777,35.8938],[-82.14635,35.89439],[-82.1454,35.89524],[-82.1452,35.89602],[-82.14466,35.89665],[-82.14469,35.8968]]},"properties":{"net":"out","o":4}},{"type":"Feature","geometry":{"type":"LineString","coordinates":[[-82.15329,35.91469],[-82.15451,35.91481],[-82.15496,35.91495]]},"properties":{"net":"out","o":4}},{"type":"Feature","geometry":{"type":"LineString","coordinates":[[-82.1484,35.93298],[-82.14907,35.93286],[-82.15031,35.933],[-82.15218,35.93365],[-82.15278,35.93358],[-82.15478,35.93378],[-82.15526,35.93362],[-82.15644,35.93285],[-82.15786,35.93179],[-82.15838,35.93117],[-82.15895,35.9308],[-82.15928,35.9307]]},"properties":{"net":"out","o":5}},{"type":"Feature","geometry":{"type":"LineString","coordinates":[[-82.14518,35.93106],[-82.14534,35.93178],[-82.14545,35.93204],[-82.14562,35.93217],[-82.14718,35.9323],[-82.14787,35.93255],[-82.14836,35.9329]]},"properties":{"net":"out","o":4}},{"type":"Feature","geometry":{"type":"LineString","coordinates":[[-82.24462,35.75559],[-82.24213,35.75533],[-82.23971,35.75421],[-82.23879,35.75417],[-82.23735,35.75368],[-82.23583,35.75286],[-82.23401,35.75143],[-82.23271,35.75102],[-82.23167,35.75091],[-82.23093,35.75068],[-82.22931,35.7504],[-82.22872,35.7502],[-82.22861,35.75009]]},"properties":{"net":"sm2933","o":1}},{"type":"Feature","geometry":{"type":"LineString","coordinates":[[-82.24561,35.78938],[-82.24267,35.78985],[-82.2414,35.78982],[-82.23914,35.79001],[-82.23614,35.79112]]},"properties":{"net":"sm2617","o":1}},{"type":"Feature","geometry":{"type":"LineString","coordinates":[[-82.23156,35.7846],[-82.23109,35.78494],[-82.22949,35.7856],[-82.22791,35.78639],[-82.22706,35.7865],[-82.22372,35.78656],[-82.2223,35.78615],[-82.22075,35.78534],[-82.21992,35.78457],[-82.21931,35.78357],[-82.21829,35.7831],[-82.218,35.78263],[-82.21784,35.78254],[-82.21716,35.78249]]},"properties":{"net":"sm2663","o":1}},{"type":"Feature","geometry":{"type":"LineString","coordinates":[[-82.24588,35.90522],[-82.24549,35.90556],[-82.24527,35.90612],[-82.24498,35.90617],[-82.24479,35.90639],[-82.24475,35.90656],[-82.24485,35.90689],[-82.2446,35.90708],[-82.24444,35.90752],[-82.24465,35.9079],[-82.2446,35.90803],[-82.24411,35.90853],[-82.24355,35.90885],[-82.2432,35.90975],[-82.24298,35.90993],[-82.24278,35.90995],[-82.24251,35.90981],[-82.24227,35.90981],[-82.24181,35.91008],[-82.24166,35.91033],[-82.24153,35.91098],[-82.24079,35.91179],[-82.24065,35.91272],[-82.24077,35.91311],[-82.24042,35.91353],[-82.24035,35.91392],[-82.24002,35.91413],[-82.23979,35.91443]]},"properties":{"net":"sm2618","o":2}},{"type":"Feature","geometry":{"type":"LineString","coordinates":[[-82.23273,35.91103],[-82.23169,35.91057]]},"properties":{"net":"sm2618","o":4}},{"type":"Feature","geometry":{"type":"LineString","coordinates":[[-82.24724,35.94568],[-82.24734,35.94567],[-82.24739,35.94545],[-82.24728,35.94505]]},"properties":{"net":"sm2618","o":3}},{"type":"Feature","geometry":{"type":"LineString","coordinates":[[-82.13066,36.05815],[-82.13099,36.05763],[-82.13202,36.05697]]},"properties":{"net":"out","o":4}},{"type":"Feature","geometry":{"type":"LineString","coordinates":[[-82.18027,35.78747],[-82.17959,35.78679],[-82.17859,35.78627],[-82.17788,35.78578],[-82.17717,35.7856],[-82.17576,35.78494]]},"properties":{"net":"sm2671","o":1}},{"type":"Feature","geometry":{"type":"LineString","coordinates":[[-82.1652,35.80632],[-82.16568,35.80674],[-82.16658,35.80726],[-82.16749,35.80795],[-82.16977,35.81034],[-82.17067,35.8114],[-82.17073,35.81171],[-82.17061,35.8121],[-82.17065,35.81276],[-82.17124,35.81397],[-82.17121,35.81495]]},"properties":{"net":"sm2689","o":1}},{"type":"Feature","geometry":{"type":"LineString","coordinates":[[-82.18317,35.83374],[-82.18286,35.83493]]},"properties":{"net":"sm2702","o":4}},{"type":"Feature","geometry":{"type":"LineString","coordinates":[[-82.18286,35.83493],[-82.18235,35.83573],[-82.18051,35.83781]]},"properties":{"net":"sm2704","o":4}},{"type":"Feature","geometry":{"type":"LineString","coordinates":[[-82.17289,35.85852],[-82.1726,35.85889],[-82.17241,35.85946]]},"properties":{"net":"sm2699","o":4}},{"type":"Feature","geometry":{"type":"LineString","coordinates":[[-82.17241,35.85946],[-82.17233,35.85991],[-82.17258,35.86022],[-82.17332,35.86042],[-82.17369,35.86082],[-82.17378,35.86109],[-82.17364,35.86208],[-82.1729,35.86293],[-82.17271,35.86349],[-82.17394,35.86481]]},"properties":{"net":"sm2706","o":4}},{"type":"Feature","geometry":{"type":"LineString","coordinates":[[-82.17394,35.86481],[-82.1745,35.86579],[-82.17419,35.86651],[-82.17387,35.86684]]},"properties":{"net":"sm2724","o":4}},{"type":"Feature","geometry":{"type":"LineString","coordinates":[[-82.16989,35.87516],[-82.1699,35.87493]]},"properties":{"net":"sm2720","o":1}},{"type":"Feature","geometry":{"type":"LineString","coordinates":[[-82.1699,35.87493],[-82.16981,35.87412],[-82.16989,35.87365],[-82.17008,35.87334],[-82.1711,35.87258],[-82.17198,35.87222],[-82.17288,35.87156],[-82.17339,35.87109],[-82.17375,35.87047],[-82.17401,35.87036],[-82.17487,35.87036]]},"properties":{"net":"sm2725","o":1}},{"type":"Feature","geometry":{"type":"LineString","coordinates":[[-82.17487,35.87036],[-82.17523,35.87026]]},"properties":{"net":"sm2724","o":1}},{"type":"Feature","geometry":{"type":"LineString","coordinates":[[-82.16731,35.8789],[-82.16833,35.87778],[-82.16892,35.87734],[-82.16943,35.8768],[-82.16989,35.87516]]},"properties":{"net":"sm2720","o":1}},{"type":"Feature","geometry":{"type":"LineString","coordinates":[[-82.16637,35.90332],[-82.16659,35.90335]]},"properties":{"net":"sm2740","o":1}},{"type":"Feature","geometry":{"type":"LineString","coordinates":[[-82.17237,35.93104],[-82.17378,35.93225],[-82.17473,35.93247],[-82.17531,35.93279],[-82.17587,35.93343],[-82.17583,35.93415],[-82.17606,35.93461],[-82.1767,35.9353],[-82.17734,35.93577],[-82.17798,35.93599],[-82.17907,35.93594],[-82.17991,35.93603],[-82.18051,35.93621]]},"properties":{"net":"out","o":5}},{"type":"Feature","geometry":{"type":"LineString","coordinates":[[-82.17219,35.93083],[-82.17237,35.93104]]},"properties":{"net":"out","o":5}},{"type":"Feature","geometry":{"type":"LineString","coordinates":[[-82.05748,35.88206],[-82.0572,35.88293],[-82.05687,35.88322],[-82.05695,35.88359],[-82.05723,35.88387],[-82.05683,35.88407],[-82.05727,35.88445],[-82.05736,35.88498]]},"properties":{"net":"NC61468","o":4}},{"type":"Feature","geometry":{"type":"LineString","coordinates":[[-82.06736,35.89523],[-82.06754,35.89543],[-82.06743,35.89605],[-82.06714,35.89647],[-82.06717,35.89716],[-82.06694,35.89775],[-82.06715,35.898],[-82.06732,35.89834],[-82.06729,35.8985]]},"properties":{"net":"NC31609","o":4}},{"type":"Feature","geometry":{"type":"LineString","coordinates":[[-82.06516,35.89154],[-82.06549,35.89402],[-82.06568,35.89417]]},"properties":{"net":"NC61468","o":4}},{"type":"Feature","geometry":{"type":"LineString","coordinates":[[-82.06568,35.89417],[-82.06686,35.89479],[-82.06709,35.89509],[-82.06736,35.89523]]},"properties":{"net":"NC31609","o":4}},{"type":"Feature","geometry":{"type":"LineString","coordinates":[[-82.04973,35.90167],[-82.05009,35.90146],[-82.05051,35.9014],[-82.05148,35.90151],[-82.05203,35.90172],[-82.05316,35.90247],[-82.05416,35.90338],[-82.05505,35.90374],[-82.05635,35.90378],[-82.05763,35.90347],[-82.05853,35.9035],[-82.05992,35.90377],[-82.06093,35.90469],[-82.06173,35.90475],[-82.0624,35.90454]]},"properties":{"net":"NC6575","o":4}},{"type":"Feature","geometry":{"type":"LineString","coordinates":[[-82.03334,35.94036],[-82.03294,35.94009],[-82.03129,35.93972],[-82.02979,35.93954],[-82.02942,35.93957],[-82.02922,35.93969],[-82.02909,35.93985],[-82.02898,35.94045],[-82.02964,35.94201],[-82.0298,35.94384],[-82.02976,35.94408],[-82.02959,35.94428],[-82.02909,35.94451],[-82.02765,35.9447],[-82.02322,35.94494],[-82.02066,35.94629],[-82.02036,35.94673],[-82.02014,35.94764],[-82.02064,35.94813],[-82.02149,35.9482],[-82.02414,35.94728],[-82.02467,35.94735],[-82.02514,35.94755],[-82.02529,35.94771],[-82.02521,35.9481],[-82.02476,35.94884],[-82.02449,35.94909],[-82.02388,35.94946],[-82.02263,35.94985],[-82.02134,35.94999],[-82.02041,35.94988],[-82.01993,35.95],[-82.01946,35.95034],[-82.01922,35.95089],[-82.01881,35.95138],[-82.01763,35.9524],[-82.0166,35.95307],[-82.01571,35.95347],[-82.01506,35.95358],[-82.01336,35.95421],[-82.01294,35.95426],[-82.01268,35.95423],[-82.01235,35.95405],[-82.01203,35.95375]]},"properties":{"net":"NC6575","o":4}},{"type":"Feature","geometry":{"type":"LineString","coordinates":[[-82.02131,35.96937],[-82.02231,35.96985],[-82.02384,35.97036],[-82.02482,35.97047],[-82.02564,35.97043],[-82.02593,35.97032]]},"properties":{"net":"NC6575","o":4}},{"type":"Feature","geometry":{"type":"LineString","coordinates":[[-81.99027,36.0963],[-81.99133,36.0948],[-81.9918,36.09326],[-81.99244,36.092],[-81.99287,36.0914],[-81.99374,36.0906],[-81.99447,36.08961],[-81.99469,36.08869],[-81.99465,36.08844]]},"properties":{"net":"NC6622","o":4}},{"type":"Feature","geometry":{"type":"LineString","coordinates":[[-81.98649,36.09904],[-81.98668,36.09902]]},"properties":{"net":"NC6622","o":4}},{"type":"Feature","geometry":{"type":"LineString","coordinates":[[-81.93536,36.0655],[-81.93512,36.0654],[-81.93397,36.06534],[-81.93327,36.06507],[-81.93237,36.06528],[-81.9307,36.06542],[-81.92921,36.06528],[-81.92833,36.06498],[-81.92784,36.06517]]},"properties":{"net":"sm2926","o":1}},{"type":"Feature","geometry":{"type":"LineString","coordinates":[[-81.92784,36.06517],[-81.92691,36.06546],[-81.92617,36.06585],[-81.92569,36.06719],[-81.92458,36.06811],[-81.92432,36.06869],[-81.92404,36.06891]]},"properties":{"net":"NC3237","o":1}},{"type":"Feature","geometry":{"type":"LineString","coordinates":[[-82.00005,36.06582],[-82.00139,36.06578]]},"properties":{"net":"NC6622","o":4}},{"type":"Feature","geometry":{"type":"LineString","coordinates":[[-82.23659,35.8219],[-82.23519,35.821],[-82.23323,35.82075],[-82.23215,35.82022],[-82.23159,35.82013],[-82.23037,35.82024],[-82.2296,35.82044]]},"properties":{"net":"sm2692","o":1}},{"type":"Feature","geometry":{"type":"LineString","coordinates":[[-82.2296,35.82044],[-82.22794,35.82033],[-82.2251,35.81977],[-82.224,35.82002],[-82.22371,35.82],[-82.22315,35.81972],[-82.22053,35.81925],[-82.21868,35.81946],[-82.21682,35.81937],[-82.21595,35.81945],[-82.21565,35.81935],[-82.21495,35.81887],[-82.21389,35.81776],[-82.21335,35.81754],[-82.21309,35.81732],[-82.21105,35.81686],[-82.21044,35.81696],[-82.20966,35.81659],[-82.20924,35.81617],[-82.20827,35.81572],[-82.20685,35.81454],[-82.20601,35.81423],[-82.20547,35.81416]]},"properties":{"net":"sm2694","o":1}},{"type":"Feature","geometry":{"type":"LineString","coordinates":[[-82.20547,35.81416],[-82.20455,35.81375],[-82.20362,35.81359],[-82.20319,35.81341],[-82.20233,35.81339],[-82.20179,35.81323],[-82.20107,35.81347],[-82.20046,35.81349],[-82.20033,35.81344],[-82.19988,35.81264],[-82.19734,35.81172]]},"properties":{"net":"sm2689","o":1}},{"type":"Feature","geometry":{"type":"LineString","coordinates":[[-83.08084,36.104],[-83.08114,36.10402],[-83.08144,36.10434],[-83.08184,36.10442]]},"properties":{"net":"out","o":7}},{"type":"Feature","geometry":{"type":"LineString","coordinates":[[-83.06602,36.27382],[-83.06656,36.27342],[-83.06697,36.27333],[-83.06721,36.27355],[-83.06749,36.2741],[-83.06785,36.2744],[-83.07006,36.27498]]},"properties":{"net":"out","o":4}},{"type":"Feature","geometry":{"type":"LineString","coordinates":[[-83.07033,36.2697],[-83.07063,36.26924],[-83.07077,36.26879],[-83.07084,36.26727],[-83.0712,36.26696],[-83.07189,36.26675],[-83.07212,36.26643]]},"properties":{"net":"out","o":4}},{"type":"Feature","geometry":{"type":"LineString","coordinates":[[-83.22953,36.08772],[-83.22942,36.08731],[-83.22902,36.08672],[-83.22896,36.0852],[-83.22909,36.08446],[-83.22866,36.08402],[-83.22887,36.08307],[-83.22963,36.08257],[-83.2303,36.08176],[-83.23217,36.07728]]},"properties":{"net":"out","o":7}},{"type":"Feature","geometry":{"type":"LineString","coordinates":[[-83.27688,36.11957],[-83.27616,36.12013],[-83.27525,36.12043]]},"properties":{"net":"out","o":4}},{"type":"Feature","geometry":{"type":"LineString","coordinates":[[-83.24483,36.11838],[-83.24444,36.11797],[-83.2443,36.11745],[-83.24369,36.11679]]},"properties":{"net":"out","o":7}},{"type":"Feature","geometry":{"type":"LineString","coordinates":[[-83.23468,36.13177],[-83.23362,36.13108],[-83.23279,36.13034],[-83.23285,36.12999],[-83.2331,36.12958],[-83.23295,36.12913],[-83.233,36.12889],[-83.23332,36.12856],[-83.23341,36.12832],[-83.23377,36.12803],[-83.23383,36.12746],[-83.23394,36.12733],[-83.2342,36.12606],[-83.23398,36.12575],[-83.23403,36.12547],[-83.23423,36.12534],[-83.2345,36.12537],[-83.23482,36.12559],[-83.23504,36.12561],[-83.23567,36.1251],[-83.23643,36.12504]]},"properties":{"net":"out","o":4}},{"type":"Feature","geometry":{"type":"LineString","coordinates":[[-83.24135,36.13675],[-83.24061,36.13672],[-83.23911,36.13699],[-83.23862,36.13687],[-83.23744,36.13545],[-83.23696,36.13524],[-83.23665,36.13495],[-83.23655,36.13472],[-83.23664,36.13404],[-83.23658,36.13378],[-83.23607,36.13313],[-83.23553,36.13266]]},"properties":{"net":"out","o":4}},{"type":"Feature","geometry":{"type":"LineString","coordinates":[[-83.17347,36.18046],[-83.17608,36.17973],[-83.1772,36.17928],[-83.17889,36.17841],[-83.18165,36.17763],[-83.18431,36.17716],[-83.18562,36.17665]]},"properties":{"net":"out","o":7}},{"type":"Feature","geometry":{"type":"LineString","coordinates":[[-82.94183,36.23831],[-82.94211,36.23798],[-82.94359,36.23702],[-82.94461,36.23667],[-82.94567,36.23653],[-82.94659,36.23649],[-82.94748,36.23658],[-82.95015,36.23738]]},"properties":{"net":"out","o":6}},{"type":"Feature","geometry":{"type":"LineString","coordinates":[[-82.94436,36.24196],[-82.94465,36.24165],[-82.9447,36.24133],[-82.94336,36.24017],[-82.94268,36.23992],[-82.94216,36.23953],[-82.94184,36.23903],[-82.94183,36.23831]]},"properties":{"net":"out","o":6}},{"type":"Feature","geometry":{"type":"LineString","coordinates":[[-83.10694,36.24222],[-83.10755,36.24207],[-83.10917,36.24192],[-83.10943,36.24195],[-83.11012,36.24243],[-83.11068,36.24234],[-83.11089,36.24218],[-83.11099,36.24162],[-83.11152,36.24117],[-83.11171,36.24033],[-83.11167,36.23997]]},"properties":{"net":"out","o":4}},{"type":"Feature","geometry":{"type":"LineString","coordinates":[[-82.95101,36.01166],[-82.94895,36.01226],[-82.94843,36.01259]]},"properties":{"net":"out","o":4}},{"type":"Feature","geometry":{"type":"LineString","coordinates":[[-83.16591,36.10636],[-83.16526,36.10702],[-83.16452,36.10719],[-83.16437,36.1073],[-83.16429,36.10744],[-83.16432,36.10791],[-83.16406,36.10875]]},"properties":{"net":"out","o":4}},{"type":"Feature","geometry":{"type":"LineString","coordinates":[[-83.17227,36.12017],[-83.17246,36.1205]]},"properties":{"net":"out","o":4}},{"type":"Feature","geometry":{"type":"LineString","coordinates":[[-82.94843,36.01259],[-82.94817,36.01277],[-82.94786,36.01274],[-82.94769,36.01287],[-82.94737,36.01291],[-82.94723,36.01314],[-82.94687,36.01339],[-82.94683,36.01359],[-82.94698,36.01399],[-82.94685,36.01413],[-82.94686,36.01446],[-82.94609,36.01481],[-82.94624,36.01517],[-82.94623,36.01542],[-82.94574,36.01636]]},"properties":{"net":"out","o":4}},{"type":"Feature","geometry":{"type":"LineString","coordinates":[[-83.17514,36.12791],[-83.17543,36.12725],[-83.1759,36.12666]]},"properties":{"net":"out","o":7}},{"type":"Feature","geometry":{"type":"LineString","coordinates":[[-82.96134,36.15753],[-82.96133,36.15749]]},"properties":{"net":"out","o":4}},{"type":"Feature","geometry":{"type":"LineString","coordinates":[[-82.9556,36.15994],[-82.95574,36.1598],[-82.95564,36.1597]]},"properties":{"net":"out","o":5}},{"type":"Feature","geometry":{"type":"LineString","coordinates":[[-82.95051,36.16165],[-82.95113,36.16131],[-82.95248,36.16081],[-82.954,36.1604],[-82.95469,36.15983],[-82.95529,36.16],[-82.9556,36.15994]]},"properties":{"net":"out","o":5}},{"type":"Feature","geometry":{"type":"LineString","coordinates":[[-82.94264,36.16556],[-82.94258,36.16538],[-82.94269,36.165],[-82.94327,36.16481],[-82.94374,36.16446],[-82.94417,36.16433],[-82.94424,36.16416],[-82.9445,36.164],[-82.94483,36.1639],[-82.94491,36.16372],[-82.94577,36.16295],[-82.94601,36.16262],[-82.94658,36.16268],[-82.94689,36.1625],[-82.94706,36.16227],[-82.94719,36.16181],[-82.94743,36.16172]]},"properties":{"net":"out","o":5}},{"type":"Feature","geometry":{"type":"LineString","coordinates":[[-82.9412,36.16629],[-82.94226,36.16596],[-82.94251,36.1658],[-82.94264,36.16556]]},"properties":{"net":"out","o":5}},{"type":"Feature","geometry":{"type":"LineString","coordinates":[[-82.94047,36.17166],[-82.94128,36.17183],[-82.94202,36.17177],[-82.94284,36.17147],[-82.9432,36.17122],[-82.94328,36.17101],[-82.94246,36.16948],[-82.94233,36.16892],[-82.94155,36.16819],[-82.94136,36.1677],[-82.9409,36.16725],[-82.94093,36.16682],[-82.9412,36.16629]]},"properties":{"net":"out","o":5}},{"type":"Feature","geometry":{"type":"LineString","coordinates":[[-83.04866,36.14869],[-83.04968,36.14849],[-83.0508,36.14903],[-83.0516,36.14914],[-83.05227,36.14946],[-83.05326,36.14958]]},"properties":{"net":"out","o":4}},{"type":"Feature","geometry":{"type":"LineString","coordinates":[[-83.0943,36.12524],[-83.09476,36.125],[-83.09484,36.12465],[-83.09466,36.12438],[-83.09469,36.12417],[-83.09485,36.12407],[-83.09549,36.12404],[-83.09564,36.12391],[-83.09564,36.12369],[-83.09536,36.12319],[-83.09522,36.12242],[-83.09487,36.12209],[-83.09423,36.1221]]},"properties":{"net":"out","o":5}},{"type":"Feature","geometry":{"type":"LineString","coordinates":[[-83.08795,36.10782],[-83.08838,36.10823],[-83.08864,36.10826],[-83.08934,36.10866],[-83.09174,36.11025],[-83.0934,36.11112],[-83.09362,36.11114],[-83.09406,36.11148],[-83.09442,36.11152],[-83.09486,36.11185],[-83.09544,36.11192],[-83.09588,36.11225],[-83.0961,36.11228],[-83.09633,36.11252],[-83.09672,36.11263],[-83.09735,36.11317],[-83.09793,36.11399],[-83.098,36.11465],[-83.09789,36.11691],[-83.09811,36.11718],[-83.09807,36.11743],[-83.09837,36.11779],[-83.09833,36.11804],[-83.09863,36.11839],[-83.09858,36.11864],[-83.09977,36.11989],[-83.10013,36.11993],[-83.10043,36.12025],[-83.10083,36.12029],[-83.10127,36.12066]]},"properties":{"net":"out","o":7}},{"type":"Feature","geometry":{"type":"LineString","coordinates":[[-83.09797,36.15894],[-83.09826,36.15866],[-83.09841,36.15835],[-83.09851,36.15777]]},"properties":{"net":"out","o":6}},{"type":"Feature","geometry":{"type":"LineString","coordinates":[[-83.04466,36.19302],[-83.04532,36.19204],[-83.04571,36.19115],[-83.04603,36.19082],[-83.04643,36.19062],[-83.04684,36.19062],[-83.04756,36.19088],[-83.04867,36.19104],[-83.05201,36.19112],[-83.05346,36.19059],[-83.05544,36.18936],[-83.05582,36.1893]]},"properties":{"net":"out","o":6}},{"type":"Feature","geometry":{"type":"LineString","coordinates":[[-83.06722,36.20955],[-83.0658,36.20726],[-83.06573,36.20702],[-83.06583,36.20621]]},"properties":{"net":"out","o":4}},{"type":"Feature","geometry":{"type":"LineString","coordinates":[[-83.13212,36.14711],[-83.13141,36.14804]]},"properties":{"net":"out","o":6}},{"type":"Feature","geometry":{"type":"LineString","coordinates":[[-83.14149,36.15542],[-83.14136,36.15585],[-83.14101,36.15614]]},"properties":{"net":"out","o":6}},{"type":"Feature","geometry":{"type":"LineString","coordinates":[[-83.13889,36.15446],[-83.13947,36.15435],[-83.14081,36.15373],[-83.1412,36.15368],[-83.1415,36.15375],[-83.14177,36.15397],[-83.14171,36.15481]]},"properties":{"net":"out","o":6}},{"type":"Feature","geometry":{"type":"LineString","coordinates":[[-83.08147,36.05312],[-83.08122,36.05436],[-83.08074,36.05563],[-83.08085,36.05619],[-83.08077,36.05643]]},"properties":{"net":"out","o":5}},{"type":"Feature","geometry":{"type":"LineString","coordinates":[[-83.08012,36.04705],[-83.08014,36.04811],[-83.07975,36.04868],[-83.07939,36.04889]]},"properties":{"net":"out","o":5}},{"type":"Feature","geometry":{"type":"LineString","coordinates":[[-83.0976,36.17165],[-83.09783,36.17128],[-83.09782,36.171],[-83.09715,36.16962]]},"properties":{"net":"out","o":4}},{"type":"Feature","geometry":{"type":"LineString","coordinates":[[-83.09654,36.1767],[-83.09711,36.1765],[-83.0972,36.17628],[-83.09679,36.17486],[-83.09676,36.17422],[-83.09667,36.17405],[-83.09643,36.17391]]},"properties":{"net":"out","o":4}},{"type":"Feature","geometry":{"type":"LineString","coordinates":[[-83.05605,36.28059],[-83.05631,36.28031],[-83.05653,36.27971],[-83.05687,36.2792],[-83.05748,36.27853],[-83.05903,36.27839],[-83.05987,36.27819],[-83.06178,36.27706],[-83.06251,36.27705],[-83.06496,36.27506]]},"properties":{"net":"out","o":4}},{"type":"Feature","geometry":{"type":"LineString","coordinates":[[-83.13526,36.10507],[-83.13579,36.10579],[-83.13678,36.10666],[-83.13675,36.10721],[-83.13689,36.10776],[-83.1374,36.10875]]},"properties":{"net":"out","o":4}},{"type":"Feature","geometry":{"type":"LineString","coordinates":[[-83.09027,36.24625],[-83.09148,36.24552]]},"properties":{"net":"out","o":4}},{"type":"Feature","geometry":{"type":"LineString","coordinates":[[-83.08751,36.24788],[-83.09027,36.24625]]},"properties":{"net":"out","o":4}},{"type":"Feature","geometry":{"type":"LineString","coordinates":[[-83.06225,36.07467],[-83.06168,36.07507]]},"properties":{"net":"out","o":5}},{"type":"Feature","geometry":{"type":"LineString","coordinates":[[-83.06168,36.07507],[-83.0611,36.0755],[-83.06002,36.07582]]},"properties":{"net":"out","o":5}},{"type":"Feature","geometry":{"type":"LineString","coordinates":[[-83.05048,36.12488],[-83.05101,36.12486],[-83.05127,36.12466]]},"properties":{"net":"out","o":5}},{"type":"Feature","geometry":{"type":"LineString","coordinates":[[-83.04358,36.1269],[-83.04373,36.12745],[-83.04426,36.1278],[-83.04484,36.12786],[-83.04544,36.12753],[-83.04551,36.12671],[-83.04536,36.12619],[-83.04506,36.12579],[-83.04496,36.12433],[-83.04505,36.12384],[-83.04526,36.1235],[-83.04576,36.12312],[-83.04619,36.12299],[-83.04768,36.12275],[-83.04869,36.12303],[-83.04922,36.12353],[-83.04976,36.12435],[-83.05023,36.1248],[-83.05034,36.12481]]},"properties":{"net":"out","o":5}},{"type":"Feature","geometry":{"type":"LineString","coordinates":[[-83.02256,36.07715],[-83.02286,36.07803],[-83.02261,36.07858],[-83.02275,36.07921],[-83.02222,36.08008],[-83.02223,36.08027],[-83.02255,36.08059],[-83.02277,36.08108]]},"properties":{"net":"out","o":4}},{"type":"Feature","geometry":{"type":"LineString","coordinates":[[-83.03844,36.17596],[-83.03843,36.1763],[-83.03881,36.17649],[-83.03907,36.1768],[-83.0395,36.17684],[-83.03952,36.17716],[-83.0401,36.17769],[-83.04044,36.17837],[-83.04127,36.17901]]},"properties":{"net":"out","o":4}},{"type":"Feature","geometry":{"type":"LineString","coordinates":[[-83.02554,36.0934],[-83.0257,36.09353],[-83.02571,36.09371]]},"properties":{"net":"out","o":4}},{"type":"Feature","geometry":{"type":"LineString","coordinates":[[-83.01278,36.09236],[-83.01316,36.09331],[-83.01331,36.09347],[-83.0133,36.09363]]},"properties":{"net":"out","o":7}},{"type":"Feature","geometry":{"type":"LineString","coordinates":[[-83.00858,36.09046],[-83.00854,36.09071],[-83.00918,36.09172],[-83.0094,36.09228],[-83.00937,36.09246]]},"properties":{"net":"out","o":7}},{"type":"Feature","geometry":{"type":"LineString","coordinates":[[-82.87905,36.04682],[-82.87904,36.04702],[-82.87963,36.04767]]},"properties":{"net":"out","o":5}},{"type":"Feature","geometry":{"type":"LineString","coordinates":[[-83.01986,36.16015],[-83.01939,36.16065],[-83.01994,36.16104]]},"properties":{"net":"out","o":4}},{"type":"Feature","geometry":{"type":"LineString","coordinates":[[-83.0146,36.20261],[-83.01587,36.20332],[-83.01631,36.2034],[-83.0166,36.20329],[-83.01688,36.20303],[-83.01719,36.20224],[-83.0175,36.20205],[-83.01949,36.20227]]},"properties":{"net":"out","o":6}},{"type":"Feature","geometry":{"type":"LineString","coordinates":[[-82.99633,36.14053],[-82.99621,36.14026],[-82.99634,36.14003],[-82.99802,36.13949],[-82.99822,36.13937],[-82.99825,36.13919],[-82.99815,36.139],[-82.99763,36.13858],[-82.99704,36.13834],[-82.99565,36.13851],[-82.99507,36.13845],[-82.99474,36.1383],[-82.99302,36.13645],[-82.9922,36.13524]]},"properties":{"net":"out","o":5}},{"type":"Feature","geometry":{"type":"LineString","coordinates":[[-82.9922,36.13524],[-82.99219,36.13496],[-82.99255,36.13471],[-82.99529,36.13378],[-82.99576,36.13372],[-82.9966,36.13382],[-82.99728,36.13407],[-82.99772,36.13412],[-82.99844,36.13368]]},"properties":{"net":"out","o":5}},{"type":"Feature","geometry":{"type":"LineString","coordinates":[[-82.9659,36.06991],[-82.96643,36.07026],[-82.96811,36.07203]]},"properties":{"net":"out","o":7}},{"type":"Feature","geometry":{"type":"LineString","coordinates":[[-82.96828,36.09511],[-82.96847,36.09487],[-82.96892,36.0948],[-82.97033,36.09401],[-82.97104,36.09416],[-82.97134,36.09382],[-82.97173,36.09379]]},"properties":{"net":"out","o":4}},{"type":"Feature","geometry":{"type":"LineString","coordinates":[[-82.97721,36.15071],[-82.97906,36.15039],[-82.98039,36.15055]]},"properties":{"net":"out","o":5}},{"type":"Feature","geometry":{"type":"LineString","coordinates":[[-83.04485,36.0556],[-83.04506,36.05628],[-83.0449,36.05676],[-83.04508,36.05692]]},"properties":{"net":"out","o":4}},{"type":"Feature","geometry":{"type":"LineString","coordinates":[[-83.02616,36.0709],[-83.02603,36.07094],[-83.02586,36.07142],[-83.02553,36.07185],[-83.02495,36.0722],[-83.02468,36.07249],[-83.02403,36.07344],[-83.02383,36.07399]]},"properties":{"net":"out","o":4}},{"type":"Feature","geometry":{"type":"LineString","coordinates":[[-83.04454,36.09419],[-83.04487,36.09386],[-83.0452,36.09328],[-83.04578,36.09255],[-83.04653,36.09184]]},"properties":{"net":"out","o":7}},{"type":"Feature","geometry":{"type":"LineString","coordinates":[[-83.04417,36.09441],[-83.04454,36.09419]]},"properties":{"net":"out","o":7}},{"type":"Feature","geometry":{"type":"LineString","coordinates":[[-83.03441,36.09261],[-83.03555,36.09385],[-83.03815,36.09557],[-83.03893,36.09625]]},"properties":{"net":"out","o":7}},{"type":"Feature","geometry":{"type":"LineString","coordinates":[[-83.017,36.23461],[-83.01722,36.23421],[-83.01691,36.23314],[-83.01712,36.23218],[-83.01713,36.23171],[-83.01786,36.23036],[-83.01791,36.23011]]},"properties":{"net":"out","o":4}},{"type":"Feature","geometry":{"type":"LineString","coordinates":[[-82.97648,36.1531],[-82.97721,36.15071]]},"properties":{"net":"out","o":5}},{"type":"Feature","geometry":{"type":"LineString","coordinates":[[-82.96979,36.15208],[-82.97128,36.15137],[-82.972,36.15125]]},"properties":{"net":"out","o":5}},{"type":"Feature","geometry":{"type":"LineString","coordinates":[[-83.03997,36.12177],[-83.04012,36.122],[-83.04009,36.12257]]},"properties":{"net":"out","o":5}},{"type":"Feature","geometry":{"type":"LineString","coordinates":[[-83.03569,36.12003],[-83.0361,36.12008],[-83.03703,36.11993],[-83.03772,36.12003]]},"properties":{"net":"out","o":5}},{"type":"Feature","geometry":{"type":"LineString","coordinates":[[-82.96301,36.16166],[-82.96248,36.16106]]},"properties":{"net":"out","o":4}},{"type":"Feature","geometry":{"type":"LineString","coordinates":[[-82.98079,36.21046],[-82.98195,36.20954],[-82.98251,36.20889]]},"properties":{"net":"out","o":6}},{"type":"Feature","geometry":{"type":"LineString","coordinates":[[-82.97803,36.21241],[-82.97884,36.21209],[-82.97948,36.21167]]},"properties":{"net":"out","o":6}},{"type":"Feature","geometry":{"type":"LineString","coordinates":[[-82.98365,36.06487],[-82.98472,36.06625],[-82.98535,36.06809],[-82.98513,36.06936],[-82.985,36.0696],[-82.98414,36.07091],[-82.98314,36.07199],[-82.98277,36.07256],[-82.98239,36.07342],[-82.98211,36.07508],[-82.98203,36.07513]]},"properties":{"net":"out","o":7}},{"type":"Feature","geometry":{"type":"LineString","coordinates":[[-82.98772,36.08597],[-82.98776,36.08571],[-82.98682,36.08394]]},"properties":{"net":"out","o":4}},{"type":"Feature","geometry":{"type":"LineString","coordinates":[[-83.00243,36.08714],[-83.00253,36.08724]]},"properties":{"net":"out","o":7}},{"type":"Feature","geometry":{"type":"LineString","coordinates":[[-82.96595,36.0086],[-82.96556,36.00862]]},"properties":{"net":"out","o":4}},{"type":"Feature","geometry":{"type":"LineString","coordinates":[[-82.97488,36.24193],[-82.97325,36.24027],[-82.9725,36.23978],[-82.97234,36.23957]]},"properties":{"net":"out","o":4}},{"type":"Feature","geometry":{"type":"LineString","coordinates":[[-82.90315,36.03014],[-82.90282,36.0307],[-82.90096,36.03275],[-82.90026,36.03367]]},"properties":{"net":"out","o":4}},{"type":"Feature","geometry":{"type":"LineString","coordinates":[[-82.92668,36.03404],[-82.92655,36.03449],[-82.92546,36.03574],[-82.92466,36.03624],[-82.92452,36.03619],[-82.92416,36.03641]]},"properties":{"net":"out","o":4}},{"type":"Feature","geometry":{"type":"LineString","coordinates":[[-82.9213,36.03787],[-82.92108,36.03844],[-82.92044,36.03944],[-82.92029,36.0404],[-82.92041,36.04129]]},"properties":{"net":"out","o":5}},{"type":"Feature","geometry":{"type":"LineString","coordinates":[[-82.92093,36.07105],[-82.92137,36.0712],[-82.92241,36.07184],[-82.92338,36.07257],[-82.92451,36.07394]]},"properties":{"net":"out","o":7}},{"type":"Feature","geometry":{"type":"LineString","coordinates":[[-82.90958,36.05345],[-82.91021,36.05483],[-82.91027,36.05553],[-82.91055,36.05612],[-82.91056,36.05712],[-82.91082,36.0574]]},"properties":{"net":"out","o":5}},{"type":"Feature","geometry":{"type":"LineString","coordinates":[[-82.90292,36.11238],[-82.90383,36.11185]]},"properties":{"net":"out","o":4}},{"type":"Feature","geometry":{"type":"LineString","coordinates":[[-82.93989,36.24259],[-82.94131,36.24308]]},"properties":{"net":"out","o":6}},{"type":"Feature","geometry":{"type":"LineString","coordinates":[[-82.93285,36.24268],[-82.93395,36.24238],[-82.93492,36.24227]]},"properties":{"net":"out","o":6}},{"type":"Feature","geometry":{"type":"LineString","coordinates":[[-82.82916,36.07363],[-82.82944,36.0737],[-82.83045,36.07492],[-82.83029,36.07547]]},"properties":{"net":"out","o":4}},{"type":"Feature","geometry":{"type":"LineString","coordinates":[[-82.91807,36.08567],[-82.9179,36.08517],[-82.91841,36.08481],[-82.91864,36.08436],[-82.91964,36.08412],[-82.92025,36.08365],[-82.92108,36.08343],[-82.92109,36.08327],[-82.92051,36.08301],[-82.92073,36.08284],[-82.92131,36.08282],[-82.92138,36.08268],[-82.92126,36.08235],[-82.92138,36.08217],[-82.92187,36.08198],[-82.92215,36.08162],[-82.92343,36.08138],[-82.92395,36.08065],[-82.9243,36.08032],[-82.92815,36.07742],[-82.92894,36.07653]]},"properties":{"net":"out","o":5}},{"type":"Feature","geometry":{"type":"LineString","coordinates":[[-82.91187,36.16103],[-82.91259,36.1615],[-82.91321,36.1616],[-82.91353,36.16185],[-82.91403,36.16191]]},"properties":{"net":"out","o":5}},{"type":"Feature","geometry":{"type":"LineString","coordinates":[[-82.92522,36.16938],[-82.92604,36.17023]]},"properties":{"net":"out","o":5}},{"type":"Feature","geometry":{"type":"LineString","coordinates":[[-82.93962,36.17356],[-82.93975,36.17253],[-82.93994,36.17201],[-82.94047,36.17166]]},"properties":{"net":"out","o":5}},{"type":"Feature","geometry":{"type":"LineString","coordinates":[[-82.92629,36.0161],[-82.92581,36.01639],[-82.92559,36.01695],[-82.92514,36.01768]]},"properties":{"net":"out","o":4}},{"type":"Feature","geometry":{"type":"LineString","coordinates":[[-82.93605,36.17241],[-82.93713,36.17304],[-82.93791,36.17323],[-82.93868,36.17375],[-82.93947,36.17365],[-82.93962,36.17356]]},"properties":{"net":"out","o":5}},{"type":"Feature","geometry":{"type":"LineString","coordinates":[[-82.94739,36.29737],[-82.94773,36.29738],[-82.94793,36.29697],[-82.94821,36.29676],[-82.94916,36.29652],[-82.94974,36.29584],[-82.95101,36.2954],[-82.95181,36.29488],[-82.95248,36.2943],[-82.95386,36.29449],[-82.95446,36.29483]]},"properties":{"net":"out","o":4}},{"type":"Feature","geometry":{"type":"LineString","coordinates":[[-82.89916,36.16548],[-82.89931,36.16477],[-82.89981,36.16446]]},"properties":{"net":"out","o":4}},{"type":"Feature","geometry":{"type":"LineString","coordinates":[[-82.88982,36.15814],[-82.89019,36.15817],[-82.89046,36.15791],[-82.89097,36.15771],[-82.89136,36.15775]]},"properties":{"net":"out","o":4}},{"type":"Feature","geometry":{"type":"LineString","coordinates":[[-82.90812,36.20496],[-82.90807,36.20543]]},"properties":{"net":"out","o":4}},{"type":"Feature","geometry":{"type":"LineString","coordinates":[[-82.90809,36.20724],[-82.90857,36.20779],[-82.90852,36.20825],[-82.90819,36.20899],[-82.90749,36.20959]]},"properties":{"net":"out","o":4}},{"type":"Feature","geometry":{"type":"LineString","coordinates":[[-82.90839,36.23029],[-82.90841,36.23061],[-82.90825,36.23143],[-82.90783,36.2322]]},"properties":{"net":"out","o":4}},{"type":"Feature","geometry":{"type":"LineString","coordinates":[[-82.91175,36.24574],[-82.91173,36.24581]]},"properties":{"net":"out","o":4}},{"type":"Feature","geometry":{"type":"LineString","coordinates":[[-82.89301,36.25532],[-82.89418,36.25563],[-82.89473,36.25537],[-82.89536,36.2549],[-82.89567,36.25493],[-82.89637,36.25533],[-82.89667,36.2554],[-82.89688,36.25525],[-82.89686,36.25488],[-82.89631,36.2541],[-82.89611,36.25368],[-82.89611,36.25347],[-82.89622,36.2533],[-82.89658,36.25309],[-82.8969,36.25305],[-82.89748,36.25315],[-82.89825,36.25392],[-82.89959,36.25454],[-82.90038,36.2552],[-82.90063,36.25533],[-82.90082,36.25532],[-82.90102,36.25516],[-82.90107,36.25491],[-82.90057,36.2541],[-82.90058,36.25381],[-82.90076,36.25358],[-82.90105,36.25343],[-82.90243,36.25337],[-82.90283,36.25313],[-82.90335,36.2525],[-82.90416,36.25201],[-82.90422,36.25173]]},"properties":{"net":"out","o":6}},{"type":"Feature","geometry":{"type":"LineString","coordinates":[[-82.91772,36.25947],[-82.91805,36.25856],[-82.91789,36.25805],[-82.91821,36.25781],[-82.9183,36.25762]]},"properties":{"net":"out","o":4}},{"type":"Feature","geometry":{"type":"LineString","coordinates":[[-82.89416,36.22267],[-82.89533,36.22299]]},"properties":{"net":"out","o":5}},{"type":"Feature","geometry":{"type":"LineString","coordinates":[[-82.8929,36.22254],[-82.89316,36.22262],[-82.89348,36.2225],[-82.89416,36.22267]]},"properties":{"net":"out","o":5}},{"type":"Feature","geometry":{"type":"LineString","coordinates":[[-82.89433,36.21966],[-82.89467,36.22016],[-82.89469,36.22066],[-82.89489,36.22116],[-82.89404,36.22164],[-82.8931,36.22198],[-82.8929,36.22225],[-82.8929,36.22254]]},"properties":{"net":"out","o":4}},{"type":"Feature","geometry":{"type":"LineString","coordinates":[[-82.88914,36.21397],[-82.88919,36.21399]]},"properties":{"net":"out","o":4}},{"type":"Feature","geometry":{"type":"LineString","coordinates":[[-82.88467,36.24851],[-82.88498,36.24863],[-82.88535,36.24907],[-82.88581,36.25],[-82.88585,36.25025],[-82.88556,36.25126],[-82.88573,36.25144]]},"properties":{"net":"out","o":6}},{"type":"Feature","geometry":{"type":"LineString","coordinates":[[-82.8947,36.12052],[-82.89558,36.12061],[-82.89579,36.12055],[-82.89659,36.11968]]},"properties":{"net":"out","o":4}},{"type":"Feature","geometry":{"type":"LineString","coordinates":[[-82.84037,36.01916],[-82.84025,36.01944],[-82.84036,36.01992],[-82.84087,36.02072],[-82.84128,36.02169],[-82.84218,36.02264],[-82.84265,36.02298],[-82.84331,36.02337],[-82.84426,36.02377]]},"properties":{"net":"out","o":5}},{"type":"Feature","geometry":{"type":"LineString","coordinates":[[-82.87744,36.203],[-82.87753,36.2033],[-82.87811,36.20317],[-82.87851,36.20323]]},"properties":{"net":"out","o":4}},{"type":"Feature","geometry":{"type":"LineString","coordinates":[[-82.8759,36.22682],[-82.87625,36.22729]]},"properties":{"net":"out","o":5}},{"type":"Feature","geometry":{"type":"LineString","coordinates":[[-82.84904,36.02981],[-82.84881,36.03014],[-82.84893,36.03076],[-82.84887,36.03084],[-82.84842,36.03128],[-82.84774,36.03117],[-82.8476,36.03152],[-82.84731,36.03174],[-82.84745,36.032],[-82.84644,36.03269]]},"properties":{"net":"out","o":5}},{"type":"Feature","geometry":{"type":"LineString","coordinates":[[-82.84644,36.03269],[-82.84604,36.03357],[-82.84615,36.03407],[-82.8458,36.03439],[-82.84558,36.03476]]},"properties":{"net":"out","o":5}},{"type":"Feature","geometry":{"type":"LineString","coordinates":[[-82.83696,36.02695],[-82.83758,36.0273],[-82.83822,36.02806],[-82.83858,36.02828]]},"properties":{"net":"out","o":4}},{"type":"Feature","geometry":{"type":"LineString","coordinates":[[-82.84656,36.07866],[-82.8471,36.07843],[-82.84796,36.07845],[-82.84829,36.07834],[-82.84957,36.07848]]},"properties":{"net":"out","o":7}},{"type":"Feature","geometry":{"type":"LineString","coordinates":[[-82.84172,36.33039],[-82.84164,36.33004]]},"properties":{"net":"out","o":5}},{"type":"Feature","geometry":{"type":"LineString","coordinates":[[-82.84258,36.34702],[-82.84268,36.34579],[-82.84245,36.34551],[-82.8422,36.3449],[-82.8421,36.3441]]},"properties":{"net":"out","o":4}},{"type":"Feature","geometry":{"type":"LineString","coordinates":[[-82.84203,36.34326],[-82.84209,36.34282],[-82.84192,36.34201],[-82.84234,36.34178],[-82.84223,36.34138],[-82.84221,36.3405],[-82.84194,36.34015],[-82.84217,36.33991],[-82.84215,36.3397]]},"properties":{"net":"out","o":4}},{"type":"Feature","geometry":{"type":"LineString","coordinates":[[-82.83702,36.35418],[-82.83735,36.35228],[-82.83795,36.35186]]},"properties":{"net":"out","o":4}},{"type":"Feature","geometry":{"type":"LineString","coordinates":[[-82.78532,36.31891],[-82.78563,36.31908],[-82.78625,36.31911],[-82.78731,36.31989],[-82.78776,36.32],[-82.78838,36.31999],[-82.78869,36.32018]]},"properties":{"net":"out","o":5}},{"type":"Feature","geometry":{"type":"LineString","coordinates":[[-82.7852,36.3177],[-82.78532,36.31891]]},"properties":{"net":"out","o":5}},{"type":"Feature","geometry":{"type":"LineString","coordinates":[[-82.86991,36.2232],[-82.87135,36.22417],[-82.8718,36.22428],[-82.87282,36.22489]]},"properties":{"net":"out","o":5}},{"type":"Feature","geometry":{"type":"LineString","coordinates":[[-82.8699,36.22316],[-82.86991,36.2232]]},"properties":{"net":"out","o":5}},{"type":"Feature","geometry":{"type":"LineString","coordinates":[[-82.78453,36.34042],[-82.7845,36.34038]]},"properties":{"net":"out","o":4}},{"type":"Feature","geometry":{"type":"LineString","coordinates":[[-82.85276,36.09139],[-82.85256,36.09093],[-82.85255,36.0905],[-82.85231,36.09008],[-82.85204,36.08925],[-82.85191,36.08845]]},"properties":{"net":"out","o":4}},{"type":"Feature","geometry":{"type":"LineString","coordinates":[[-82.86767,36.22158],[-82.86818,36.22192],[-82.8689,36.22219],[-82.8699,36.22316]]},"properties":{"net":"out","o":5}},{"type":"Feature","geometry":{"type":"LineString","coordinates":[[-82.8402,36.2117],[-82.84043,36.21138],[-82.84119,36.21156],[-82.84183,36.21193]]},"properties":{"net":"out","o":5}},{"type":"Feature","geometry":{"type":"LineString","coordinates":[[-82.78064,36.34826],[-82.7807,36.34821],[-82.78057,36.34795],[-82.78,36.34749],[-82.77974,36.34677],[-82.77986,36.34657],[-82.78012,36.34657],[-82.78024,36.34646],[-82.78036,36.34594]]},"properties":{"net":"out","o":4}},{"type":"Feature","geometry":{"type":"LineString","coordinates":[[-82.85922,35.98697],[-82.85917,35.98727],[-82.85936,35.98765],[-82.85933,35.98791],[-82.85869,35.98851],[-82.85854,35.98895],[-82.85802,35.98933],[-82.85727,35.98958],[-82.85701,35.99015],[-82.85658,35.99077],[-82.85551,35.99173]]},"properties":{"net":"out","o":4}},{"type":"Feature","geometry":{"type":"LineString","coordinates":[[-82.84878,36.25276],[-82.84924,36.25275],[-82.8497,36.25253],[-82.85044,36.25242],[-82.85126,36.2519],[-82.85139,36.25142],[-82.85207,36.25139]]},"properties":{"net":"out","o":4}},{"type":"Feature","geometry":{"type":"LineString","coordinates":[[-82.85948,36.07854],[-82.85973,36.07716],[-82.86024,36.07266]]},"properties":{"net":"out","o":7}},{"type":"Feature","geometry":{"type":"LineString","coordinates":[[-82.77218,36.30375],[-82.77374,36.30372],[-82.77456,36.30334],[-82.77546,36.30328],[-82.7776,36.30269],[-82.77807,36.30224],[-82.77915,36.3019],[-82.78031,36.30185]]},"properties":{"net":"out","o":5}},{"type":"Feature","geometry":{"type":"LineString","coordinates":[[-82.78869,36.32018],[-82.78888,36.3207],[-82.78963,36.32133],[-82.7895,36.3215],[-82.78904,36.32158],[-82.78873,36.3219]]},"properties":{"net":"out","o":5}},{"type":"Feature","geometry":{"type":"LineString","coordinates":[[-82.78578,36.32384],[-82.78634,36.32319],[-82.78695,36.32279],[-82.78723,36.32226]]},"properties":{"net":"out","o":6}},{"type":"Feature","geometry":{"type":"LineString","coordinates":[[-82.82673,36.31713],[-82.82655,36.31608]]},"properties":{"net":"out","o":4}},{"type":"Feature","geometry":{"type":"LineString","coordinates":[[-82.82251,36.09196],[-82.8227,36.09086],[-82.82198,36.0901],[-82.8217,36.0896]]},"properties":{"net":"out","o":7}},{"type":"Feature","geometry":{"type":"LineString","coordinates":[[-82.83249,36.21652],[-82.83257,36.21614],[-82.83351,36.21594],[-82.83424,36.21567],[-82.83549,36.21486],[-82.83636,36.21387],[-82.83699,36.21298]]},"properties":{"net":"out","o":5}},{"type":"Feature","geometry":{"type":"LineString","coordinates":[[-82.79856,36.24339],[-82.80056,36.24167],[-82.80074,36.24132]]},"properties":{"net":"out","o":4}},{"type":"Feature","geometry":{"type":"LineString","coordinates":[[-82.79852,36.24349],[-82.79856,36.24339]]},"properties":{"net":"out","o":4}},{"type":"Feature","geometry":{"type":"LineString","coordinates":[[-82.81085,36.31203],[-82.81099,36.31237],[-82.81101,36.31302],[-82.81121,36.31326]]},"properties":{"net":"out","o":6}},{"type":"Feature","geometry":{"type":"LineString","coordinates":[[-82.79876,36.32147],[-82.79871,36.32125],[-82.79879,36.32104],[-82.79959,36.32037],[-82.79966,36.31948],[-82.80014,36.31906],[-82.80018,36.31881],[-82.79964,36.31832],[-82.79979,36.31798],[-82.80019,36.31773],[-82.80026,36.31734],[-82.80015,36.31668],[-82.80058,36.3163],[-82.80134,36.31584],[-82.8024,36.31543]]},"properties":{"net":"out","o":6}},{"type":"Feature","geometry":{"type":"LineString","coordinates":[[-82.79903,36.33176],[-82.79918,36.33151]]},"properties":{"net":"out","o":4}},{"type":"Feature","geometry":{"type":"LineString","coordinates":[[-82.74634,36.21983],[-82.74636,36.21949],[-82.7474,36.2188],[-82.74746,36.21835],[-82.74785,36.21803]]},"properties":{"net":"out","o":5}},{"type":"Feature","geometry":{"type":"LineString","coordinates":[[-82.74584,36.22319],[-82.7459,36.22252]]},"properties":{"net":"out","o":5}},{"type":"Feature","geometry":{"type":"LineString","coordinates":[[-82.73644,36.23878],[-82.73656,36.23869],[-82.73675,36.23784],[-82.73689,36.23763],[-82.7367,36.23722],[-82.73699,36.23711],[-82.73728,36.23717],[-82.73762,36.23689],[-82.73787,36.23691],[-82.73794,36.23684],[-82.7378,36.23656],[-82.73785,36.23647],[-82.73799,36.23633],[-82.73829,36.23634],[-82.73844,36.23619],[-82.73842,36.23579],[-82.73768,36.23567],[-82.73754,36.23534],[-82.73758,36.23518]]},"properties":{"net":"out","o":5}},{"type":"Feature","geometry":{"type":"LineString","coordinates":[[-82.73324,36.24114],[-82.73366,36.24041],[-82.73525,36.23891],[-82.73569,36.23862],[-82.73644,36.23878]]},"properties":{"net":"out","o":5}},{"type":"Feature","geometry":{"type":"LineString","coordinates":[[-82.79722,36.02132],[-82.79843,36.02059],[-82.80024,36.01977]]},"properties":{"net":"out","o":4}},{"type":"Feature","geometry":{"type":"LineString","coordinates":[[-82.80577,36.06831],[-82.80587,36.06823],[-82.80588,36.06793],[-82.80643,36.06776],[-82.80655,36.06741],[-82.80696,36.06742],[-82.80724,36.06722],[-82.80742,36.06728],[-82.80782,36.06777],[-82.80838,36.06745],[-82.8087,36.06766]]},"properties":{"net":"out","o":4}},{"type":"Feature","geometry":{"type":"LineString","coordinates":[[-82.80422,36.09793],[-82.80436,36.09741],[-82.80488,36.09678],[-82.80528,36.09653],[-82.80689,36.09614],[-82.80866,36.09612]]},"properties":{"net":"out","o":7}},{"type":"Feature","geometry":{"type":"LineString","coordinates":[[-82.8017,36.10612],[-82.80232,36.10544],[-82.80288,36.10453],[-82.80309,36.10437]]},"properties":{"net":"out","o":7}},{"type":"Feature","geometry":{"type":"LineString","coordinates":[[-82.80113,36.10675],[-82.80151,36.10643]]},"properties":{"net":"out","o":7}},{"type":"Feature","geometry":{"type":"LineString","coordinates":[[-82.73939,36.32851],[-82.74026,36.32866],[-82.74095,36.32925],[-82.74114,36.32962]]},"properties":{"net":"out","o":4}},{"type":"Feature","geometry":{"type":"LineString","coordinates":[[-82.75284,36.34215],[-82.75278,36.34207]]},"properties":{"net":"out","o":6}},{"type":"Feature","geometry":{"type":"LineString","coordinates":[[-82.74512,36.11164],[-82.74504,36.11193],[-82.74517,36.11265],[-82.74502,36.113],[-82.74468,36.11301],[-82.74425,36.1128],[-82.74392,36.11277]]},"properties":{"net":"out","o":5}},{"type":"Feature","geometry":{"type":"LineString","coordinates":[[-82.74392,36.11277],[-82.74328,36.1136],[-82.74314,36.11403],[-82.74314,36.11479]]},"properties":{"net":"out","o":5}},{"type":"Feature","geometry":{"type":"LineString","coordinates":[[-82.73803,36.35256],[-82.73918,36.35122],[-82.73956,36.35089],[-82.74137,36.35016]]},"properties":{"net":"out","o":4}},{"type":"Feature","geometry":{"type":"LineString","coordinates":[[-82.73634,36.34555],[-82.73669,36.34591],[-82.73681,36.34628],[-82.73703,36.34656],[-82.73723,36.34726],[-82.73717,36.34758],[-82.73676,36.34808],[-82.73616,36.34841],[-82.73638,36.34897],[-82.73654,36.3491],[-82.73739,36.34916],[-82.73764,36.34904],[-82.73773,36.34876],[-82.73789,36.34867],[-82.73815,36.3487],[-82.73918,36.34951]]},"properties":{"net":"out","o":6}},{"type":"Feature","geometry":{"type":"LineString","coordinates":[[-82.73453,36.35858],[-82.73474,36.35831],[-82.735,36.35823]]},"properties":{"net":"out","o":4}},{"type":"Feature","geometry":{"type":"LineString","coordinates":[[-82.74314,36.11479],[-82.7428,36.11499],[-82.74255,36.11527],[-82.74269,36.11619],[-82.74294,36.11694],[-82.74297,36.11763],[-82.74278,36.11798],[-82.74226,36.11835]]},"properties":{"net":"out","o":5}},{"type":"Feature","geometry":{"type":"LineString","coordinates":[[-82.77438,36.26168],[-82.77567,36.26161],[-82.77602,36.26168],[-82.77696,36.26248],[-82.77765,36.26283]]},"properties":{"net":"out","o":4}},{"type":"Feature","geometry":{"type":"LineString","coordinates":[[-82.79402,36.05187],[-82.79443,36.05225],[-82.79461,36.05263],[-82.79467,36.05326],[-82.79486,36.05382],[-82.79481,36.05439]]},"properties":{"net":"out","o":4}},{"type":"Feature","geometry":{"type":"LineString","coordinates":[[-82.78715,36.11344],[-82.78751,36.11229]]},"properties":{"net":"out","o":7}},{"type":"Feature","geometry":{"type":"LineString","coordinates":[[-82.78744,36.11384],[-82.78715,36.11344]]},"properties":{"net":"out","o":7}},{"type":"Feature","geometry":{"type":"LineString","coordinates":[[-82.78142,36.11717],[-82.78177,36.11696],[-82.78327,36.11644],[-82.7847,36.11656]]},"properties":{"net":"out","o":7}},{"type":"Feature","geometry":{"type":"LineString","coordinates":[[-82.77812,36.12153],[-82.77835,36.12152],[-82.7786,36.12137],[-82.77929,36.12054],[-82.77988,36.11974],[-82.78075,36.11814],[-82.78142,36.11717]]},"properties":{"net":"out","o":7}},{"type":"Feature","geometry":{"type":"LineString","coordinates":[[-82.77765,36.26283],[-82.7788,36.2625],[-82.77958,36.26209],[-82.78127,36.26163]]},"properties":{"net":"out","o":4}},{"type":"Feature","geometry":{"type":"LineString","coordinates":[[-82.76135,36.29438],[-82.76125,36.29492],[-82.7608,36.2961]]},"properties":{"net":"out","o":4}},{"type":"Feature","geometry":{"type":"LineString","coordinates":[[-82.76155,36.28107],[-82.76157,36.28167],[-82.76178,36.2823],[-82.76141,36.28286],[-82.76085,36.28342],[-82.76078,36.28368],[-82.76119,36.28432],[-82.76126,36.28475],[-82.76099,36.2852],[-82.75977,36.28569],[-82.75946,36.28596]]},"properties":{"net":"out","o":4}},{"type":"Feature","geometry":{"type":"LineString","coordinates":[[-82.75946,36.28596],[-82.75948,36.2862],[-82.75979,36.28655],[-82.75981,36.28682],[-82.75899,36.28762],[-82.7588,36.28816]]},"properties":{"net":"out","o":4}},{"type":"Feature","geometry":{"type":"LineString","coordinates":[[-82.69949,36.16182],[-82.70077,36.16209]]},"properties":{"net":"out","o":4}},{"type":"Feature","geometry":{"type":"LineString","coordinates":[[-82.70821,36.1727],[-82.70823,36.17259]]},"properties":{"net":"out","o":7}},{"type":"Feature","geometry":{"type":"LineString","coordinates":[[-82.70992,36.17455],[-82.70884,36.17425],[-82.70846,36.17388],[-82.70821,36.17324],[-82.70821,36.1727]]},"properties":{"net":"out","o":7}},{"type":"Feature","geometry":{"type":"LineString","coordinates":[[-82.68482,36.38553],[-82.68593,36.38493],[-82.68658,36.38446],[-82.68786,36.38406],[-82.68843,36.38404],[-82.68943,36.38432],[-82.68952,36.38401],[-82.6901,36.38376],[-82.68987,36.38348],[-82.6899,36.38321],[-82.69072,36.38252],[-82.69097,36.38242]]},"properties":{"net":"out","o":5}},{"type":"Feature","geometry":{"type":"LineString","coordinates":[[-82.76905,36.30314],[-82.76936,36.30326],[-82.76962,36.3031],[-82.76978,36.30334],[-82.77008,36.3032],[-82.77046,36.30341],[-82.77077,36.30338],[-82.771,36.30365],[-82.77218,36.30375]]},"properties":{"net":"out","o":5}},{"type":"Feature","geometry":{"type":"LineString","coordinates":[[-82.76011,36.29966],[-82.76142,36.30038]]},"properties":{"net":"out","o":4}},{"type":"Feature","geometry":{"type":"LineString","coordinates":[[-82.76538,36.11982],[-82.76466,36.11873],[-82.76453,36.11821],[-82.76465,36.11775],[-82.76522,36.11739],[-82.76613,36.11709],[-82.76659,36.11703],[-82.76761,36.11718]]},"properties":{"net":"out","o":7}},{"type":"Feature","geometry":{"type":"LineString","coordinates":[[-82.68413,36.09233],[-82.68452,36.09289],[-82.68464,36.09339],[-82.68486,36.09362],[-82.68637,36.09396],[-82.68792,36.09445],[-82.68874,36.09506],[-82.68987,36.09637],[-82.69024,36.0965],[-82.69103,36.09643]]},"properties":{"net":"out","o":4}},{"type":"Feature","geometry":{"type":"LineString","coordinates":[[-82.70442,36.34694],[-82.70463,36.34712],[-82.70504,36.34724],[-82.70605,36.34736],[-82.7065,36.34772],[-82.70647,36.348],[-82.70667,36.3484],[-82.70654,36.34872],[-82.70589,36.34938],[-82.70577,36.34973],[-82.70535,36.35008],[-82.70531,36.35049],[-82.70482,36.35094],[-82.70398,36.35282],[-82.70375,36.35309]]},"properties":{"net":"out","o":5}},{"type":"Feature","geometry":{"type":"LineString","coordinates":[[-82.70108,36.34361],[-82.70146,36.34382]]},"properties":{"net":"out","o":5}},{"type":"Feature","geometry":{"type":"LineString","coordinates":[[-82.68394,36.34979],[-82.68419,36.34985],[-82.68527,36.34969],[-82.68569,36.34978],[-82.6862,36.3495],[-82.68696,36.34931],[-82.6873,36.34907],[-82.68784,36.34891],[-82.68815,36.34868],[-82.68909,36.34869],[-82.68936,36.34822],[-82.6904,36.34786],[-82.69171,36.34715],[-82.69336,36.34691],[-82.69466,36.34648],[-82.69502,36.34623],[-82.69531,36.34575],[-82.69571,36.34552],[-82.69679,36.34543],[-82.69806,36.34492]]},"properties":{"net":"out","o":5}},{"type":"Feature","geometry":{"type":"LineString","coordinates":[[-82.70626,36.37831],[-82.70623,36.37829]]},"properties":{"net":"out","o":4}},{"type":"Feature","geometry":{"type":"LineString","coordinates":[[-82.76662,36.35332],[-82.76728,36.3524],[-82.76699,36.35187],[-82.76696,36.35132],[-82.76643,36.35095],[-82.76581,36.35001],[-82.76551,36.34978],[-82.76492,36.34964],[-82.76463,36.34942],[-82.7646,36.34913],[-82.76476,36.3482],[-82.76447,36.3479]]},"properties":{"net":"out","o":4}},{"type":"Feature","geometry":{"type":"LineString","coordinates":[[-82.76397,36.34489],[-82.76443,36.34466],[-82.76483,36.3442],[-82.76501,36.34321],[-82.76526,36.34281],[-82.76531,36.34252],[-82.76505,36.34242],[-82.76464,36.34248],[-82.76388,36.34142]]},"properties":{"net":"out","o":6}},{"type":"Feature","geometry":{"type":"LineString","coordinates":[[-82.75608,36.35181],[-82.75713,36.35107],[-82.75775,36.35005],[-82.7579,36.3493],[-82.75811,36.34883],[-82.75889,36.34794]]},"properties":{"net":"out","o":4}},{"type":"Feature","geometry":{"type":"LineString","coordinates":[[-82.65783,36.25966],[-82.65752,36.25975],[-82.65631,36.25961],[-82.65578,36.25905],[-82.65582,36.2585]]},"properties":{"net":"out","o":4}},{"type":"Feature","geometry":{"type":"LineString","coordinates":[[-82.65582,36.2585],[-82.65576,36.25811],[-82.65531,36.25747]]},"properties":{"net":"out","o":4}},{"type":"Feature","geometry":{"type":"LineString","coordinates":[[-82.65537,36.25793],[-82.65519,36.25756]]},"properties":{"net":"out","o":4}},{"type":"Feature","geometry":{"type":"LineString","coordinates":[[-82.66256,36.34651],[-82.66494,36.34637],[-82.6659,36.34606],[-82.66675,36.34595]]},"properties":{"net":"out","o":4}},{"type":"Feature","geometry":{"type":"LineString","coordinates":[[-82.65005,36.14569],[-82.65079,36.14731],[-82.65063,36.14783],[-82.6508,36.14855],[-82.65066,36.14918],[-82.6507,36.14955],[-82.65116,36.15032],[-82.65118,36.15088],[-82.65139,36.15126],[-82.65152,36.15243],[-82.65191,36.15337],[-82.65229,36.154]]},"properties":{"net":"out","o":4}},{"type":"Feature","geometry":{"type":"LineString","coordinates":[[-82.65229,36.154],[-82.65365,36.15561],[-82.65446,36.1563],[-82.65541,36.15684]]},"properties":{"net":"out","o":4}},{"type":"Feature","geometry":{"type":"LineString","coordinates":[[-82.71724,36.26629],[-82.71741,36.26605],[-82.71807,36.26612],[-82.71826,36.26597],[-82.71831,36.26563],[-82.71866,36.2654],[-82.72015,36.26506],[-82.72026,36.26485],[-82.72019,36.26448]]},"properties":{"net":"out","o":4}},{"type":"Feature","geometry":{"type":"LineString","coordinates":[[-82.72127,36.10178],[-82.72189,36.10192],[-82.72216,36.10214],[-82.72254,36.10297],[-82.7228,36.10323],[-82.72376,36.10356]]},"properties":{"net":"out","o":4}},{"type":"Feature","geometry":{"type":"LineString","coordinates":[[-82.72418,36.14227],[-82.725,36.14241],[-82.72543,36.14223],[-82.72567,36.14193],[-82.72585,36.14188],[-82.72711,36.14267]]},"properties":{"net":"out","o":4}},{"type":"Feature","geometry":{"type":"LineString","coordinates":[[-82.71854,36.13825],[-82.7187,36.13846],[-82.71956,36.13871],[-82.72015,36.13912],[-82.72086,36.13935],[-82.72208,36.14022]]},"properties":{"net":"out","o":4}},{"type":"Feature","geometry":{"type":"LineString","coordinates":[[-82.71537,36.17783],[-82.71586,36.17738],[-82.71594,36.17717],[-82.71613,36.17586]]},"properties":{"net":"out","o":7}},{"type":"Feature","geometry":{"type":"LineString","coordinates":[[-82.68141,36.33116],[-82.68217,36.33081],[-82.68455,36.33055],[-82.68544,36.3303],[-82.68672,36.32947],[-82.68722,36.3293]]},"properties":{"net":"out","o":4}},{"type":"Feature","geometry":{"type":"LineString","coordinates":[[-82.66772,36.35382],[-82.66856,36.35306],[-82.66954,36.35287],[-82.67112,36.35204],[-82.67179,36.35159],[-82.67231,36.35149],[-82.67331,36.35045],[-82.67406,36.35043],[-82.67475,36.3507]]},"properties":{"net":"out","o":4}},{"type":"Feature","geometry":{"type":"LineString","coordinates":[[-82.68166,36.38775],[-82.68248,36.38717],[-82.68252,36.38701],[-82.68284,36.38674],[-82.68379,36.38627],[-82.68419,36.38597],[-82.68453,36.3859],[-82.68482,36.38553]]},"properties":{"net":"out","o":5}},{"type":"Feature","geometry":{"type":"LineString","coordinates":[[-82.68601,36.16138],[-82.68623,36.16176]]},"properties":{"net":"out","o":4}},{"type":"Feature","geometry":{"type":"LineString","coordinates":[[-82.67328,36.40632],[-82.67277,36.40532],[-82.67208,36.40452],[-82.67196,36.40419]]},"properties":{"net":"out","o":4}},{"type":"Feature","geometry":{"type":"LineString","coordinates":[[-82.65447,36.10001],[-82.65431,36.10008],[-82.654,36.10047],[-82.65371,36.10148],[-82.65365,36.1029],[-82.65338,36.10313],[-82.6532,36.10345]]},"properties":{"net":"out","o":4}},{"type":"Feature","geometry":{"type":"LineString","coordinates":[[-82.61015,36.16729],[-82.61008,36.16742],[-82.6106,36.16831],[-82.61063,36.16864],[-82.61119,36.16932],[-82.61151,36.16982],[-82.61149,36.16993],[-82.61228,36.1711],[-82.61228,36.17135],[-82.61254,36.17171],[-82.61262,36.172]]},"properties":{"net":"out","o":7}},{"type":"Feature","geometry":{"type":"LineString","coordinates":[[-82.62113,36.18959],[-82.62123,36.18852],[-82.62234,36.18793],[-82.62262,36.18788],[-82.62446,36.18798],[-82.62614,36.18869],[-82.62675,36.18908]]},"properties":{"net":"out","o":7}},{"type":"Feature","geometry":{"type":"LineString","coordinates":[[-82.61516,36.18091],[-82.61462,36.18136],[-82.61455,36.18153],[-82.61382,36.18202],[-82.61337,36.1823],[-82.61292,36.18228],[-82.61271,36.1824],[-82.61252,36.18274],[-82.61176,36.1832],[-82.61121,36.18375],[-82.60914,36.18492],[-82.6082,36.18611],[-82.60783,36.1864],[-82.60771,36.18682],[-82.60733,36.18721]]},"properties":{"net":"out","o":7}},{"type":"Feature","geometry":{"type":"LineString","coordinates":[[-82.62162,36.23732],[-82.62207,36.23659],[-82.62222,36.23647],[-82.62272,36.23638],[-82.62346,36.23496],[-82.62347,36.23477],[-82.62326,36.23447]]},"properties":{"net":"out","o":5}},{"type":"Feature","geometry":{"type":"LineString","coordinates":[[-82.61486,36.2454],[-82.61505,36.2446],[-82.61527,36.24441],[-82.61532,36.24409],[-82.61536,36.24247]]},"properties":{"net":"out","o":5}},{"type":"Feature","geometry":{"type":"LineString","coordinates":[[-82.61044,36.24966],[-82.61039,36.24938],[-82.6102,36.24918],[-82.61019,36.2482],[-82.60995,36.24803]]},"properties":{"net":"out","o":5}},{"type":"Feature","geometry":{"type":"LineString","coordinates":[[-82.60696,36.25108],[-82.6071,36.25077],[-82.60736,36.25062],[-82.60852,36.25056]]},"properties":{"net":"out","o":5}},{"type":"Feature","geometry":{"type":"LineString","coordinates":[[-82.62675,36.18908],[-82.62785,36.18957],[-82.62857,36.19008],[-82.62925,36.19084],[-82.62957,36.1916],[-82.63026,36.19254],[-82.6308,36.19282],[-82.63267,36.19341]]},"properties":{"net":"out","o":7}},{"type":"Feature","geometry":{"type":"LineString","coordinates":[[-82.6414,36.19798],[-82.64225,36.19808],[-82.64256,36.19836],[-82.64373,36.19902]]},"properties":{"net":"out","o":7}},{"type":"Feature","geometry":{"type":"LineString","coordinates":[[-82.64147,36.21734],[-82.64176,36.21689],[-82.64247,36.21628]]},"properties":{"net":"out","o":6}},{"type":"Feature","geometry":{"type":"LineString","coordinates":[[-82.64157,36.22928],[-82.64131,36.22935],[-82.64093,36.22976],[-82.64034,36.22985],[-82.63976,36.22939],[-82.63906,36.22904]]},"properties":{"net":"out","o":5}},{"type":"Feature","geometry":{"type":"LineString","coordinates":[[-82.63141,36.22677],[-82.63176,36.22669]]},"properties":{"net":"out","o":5}},{"type":"Feature","geometry":{"type":"LineString","coordinates":[[-82.64482,36.24209],[-82.6457,36.24072],[-82.64552,36.24018],[-82.64528,36.23983],[-82.6453,36.2397]]},"properties":{"net":"out","o":5}},{"type":"Feature","geometry":{"type":"LineString","coordinates":[[-82.6453,36.2397],[-82.64572,36.23957],[-82.64724,36.2395],[-82.64743,36.23934],[-82.64735,36.23914],[-82.647,36.239],[-82.64679,36.23881],[-82.64663,36.23816],[-82.64675,36.23774],[-82.64727,36.23729],[-82.64725,36.23686],[-82.64659,36.23611],[-82.64712,36.23539],[-82.64687,36.23495],[-82.64653,36.23468],[-82.64569,36.2343],[-82.64513,36.23382],[-82.64469,36.23367],[-82.64446,36.23342]]},"properties":{"net":"out","o":5}},{"type":"Feature","geometry":{"type":"LineString","coordinates":[[-82.64439,36.25119],[-82.64357,36.25047],[-82.64349,36.25011],[-82.64337,36.24997],[-82.6413,36.24913],[-82.64072,36.24862]]},"properties":{"net":"out","o":4}},{"type":"Feature","geometry":{"type":"LineString","coordinates":[[-82.63895,36.2488],[-82.63949,36.24878],[-82.63975,36.24869],[-82.6403,36.24872],[-82.64072,36.24862]]},"properties":{"net":"out","o":5}},{"type":"Feature","geometry":{"type":"LineString","coordinates":[[-82.61323,36.08236],[-82.61315,36.08272],[-82.61321,36.08335],[-82.61398,36.08453],[-82.61418,36.08505],[-82.61425,36.0855],[-82.61418,36.08622],[-82.61429,36.08683]]},"properties":{"net":"out","o":4}},{"type":"Feature","geometry":{"type":"LineString","coordinates":[[-82.61951,36.09652],[-82.61987,36.09734],[-82.62084,36.09859],[-82.62155,36.09979]]},"properties":{"net":"out","o":4}},{"type":"Feature","geometry":{"type":"LineString","coordinates":[[-82.62537,36.26103],[-82.62567,36.25939],[-82.62618,36.25893],[-82.62678,36.25876],[-82.62752,36.25804],[-82.62778,36.25773],[-82.62765,36.25713],[-82.6277,36.25696],[-82.62835,36.25639]]},"properties":{"net":"out","o":5}},{"type":"Feature","geometry":{"type":"LineString","coordinates":[[-82.63052,36.28868],[-82.62976,36.28817],[-82.6299,36.28799],[-82.62993,36.28772],[-82.63057,36.2874],[-82.63058,36.28665],[-82.63076,36.28659],[-82.63165,36.28678],[-82.63194,36.28664],[-82.63197,36.2865],[-82.63175,36.28631],[-82.63108,36.28608],[-82.63067,36.2858],[-82.63046,36.28585],[-82.63032,36.28607],[-82.63007,36.28606],[-82.62995,36.28597],[-82.62977,36.28536],[-82.6295,36.28517],[-82.62888,36.28503]]},"properties":{"net":"out","o":5}},{"type":"Feature","geometry":{"type":"LineString","coordinates":[[-82.64054,36.29902],[-82.6404,36.29873],[-82.63983,36.29818],[-82.63963,36.29749],[-82.63947,36.29736],[-82.63825,36.29734]]},"properties":{"net":"out","o":5}},{"type":"Feature","geometry":{"type":"LineString","coordinates":[[-82.59045,36.11825],[-82.59118,36.11831]]},"properties":{"net":"out","o":4}},{"type":"Feature","geometry":{"type":"LineString","coordinates":[[-82.58778,36.11729],[-82.58818,36.11759],[-82.5891,36.11797],[-82.59045,36.11825]]},"properties":{"net":"out","o":4}},{"type":"Feature","geometry":{"type":"LineString","coordinates":[[-82.59501,36.14133],[-82.59462,36.14159],[-82.59427,36.14229],[-82.59295,36.14335],[-82.59285,36.14366],[-82.59279,36.1445],[-82.59263,36.14488],[-82.59173,36.14535],[-82.59121,36.14606],[-82.58975,36.14644],[-82.58919,36.1467],[-82.58854,36.1475],[-82.58829,36.14823],[-82.58805,36.14857],[-82.5866,36.15001]]},"properties":{"net":"out","o":4}},{"type":"Feature","geometry":{"type":"LineString","coordinates":[[-82.59531,36.16128],[-82.59602,36.1614],[-82.59649,36.16131],[-82.59777,36.16149],[-82.59942,36.16214],[-82.59974,36.1624],[-82.60106,36.16283],[-82.60425,36.16327],[-82.60444,36.16347],[-82.60562,36.16371]]},"properties":{"net":"out","o":7}},{"type":"Feature","geometry":{"type":"LineString","coordinates":[[-82.52717,36.33309],[-82.52716,36.33251],[-82.52745,36.3316],[-82.52762,36.33132],[-82.52798,36.33119],[-82.52803,36.33058],[-82.5285,36.33003],[-82.52931,36.32982],[-82.52951,36.32961],[-82.5295,36.32943],[-82.52916,36.32893],[-82.52916,36.32829]]},"properties":{"net":"out","o":4}},{"type":"Feature","geometry":{"type":"LineString","coordinates":[[-82.5851,36.15172],[-82.58556,36.15192],[-82.58713,36.15354],[-82.58736,36.15357],[-82.58779,36.1539],[-82.58845,36.15455],[-82.58876,36.15459],[-82.58937,36.15524],[-82.59003,36.1556],[-82.59071,36.15633]]},"properties":{"net":"out","o":7}},{"type":"Feature","geometry":{"type":"LineString","coordinates":[[-82.53665,36.35326],[-82.53774,36.35257],[-82.53814,36.3525]]},"properties":{"net":"out","o":4}},{"type":"Feature","geometry":{"type":"LineString","coordinates":[[-82.59507,36.27096],[-82.59418,36.27063],[-82.59373,36.27032]]},"properties":{"net":"out","o":4}},{"type":"Feature","geometry":{"type":"LineString","coordinates":[[-82.57922,36.21177],[-82.58078,36.21213],[-82.58095,36.21246]]},"properties":{"net":"out","o":4}},{"type":"Feature","geometry":{"type":"LineString","coordinates":[[-82.57418,36.21243],[-82.57565,36.21222],[-82.57633,36.21179],[-82.57726,36.2119],[-82.57833,36.21162],[-82.57878,36.21168]]},"properties":{"net":"out","o":4}},{"type":"Feature","geometry":{"type":"LineString","coordinates":[[-82.56352,35.99784],[-82.5635,35.99838],[-82.56388,35.99929],[-82.56398,36.00031],[-82.56417,36.00097],[-82.56448,36.00158],[-82.56457,36.00209]]},"properties":{"net":"out","o":4}},{"type":"Feature","geometry":{"type":"LineString","coordinates":[[-82.56457,36.00209],[-82.56438,36.00275],[-82.56423,36.00402],[-82.56365,36.00566]]},"properties":{"net":"out","o":4}},{"type":"Feature","geometry":{"type":"LineString","coordinates":[[-82.57534,36.29703],[-82.57889,36.29053],[-82.57912,36.28979],[-82.57903,36.28932]]},"properties":{"net":"out","o":5}},{"type":"Feature","geometry":{"type":"LineString","coordinates":[[-82.57425,36.30271],[-82.57418,36.30224],[-82.5746,36.30163],[-82.57446,36.30103],[-82.57467,36.30059],[-82.57469,36.30036],[-82.5745,36.30002],[-82.5739,36.29956],[-82.57389,36.29941],[-82.57402,36.29912],[-82.5744,36.29869],[-82.57534,36.29703]]},"properties":{"net":"out","o":5}},{"type":"Feature","geometry":{"type":"LineString","coordinates":[[-82.48883,36.19707],[-82.48911,36.19691],[-82.48999,36.19669],[-82.49135,36.19671]]},"properties":{"net":"out","o":7}},{"type":"Feature","geometry":{"type":"LineString","coordinates":[[-82.47831,36.2139],[-82.47876,36.21376],[-82.47965,36.21315],[-82.48082,36.21273],[-82.48104,36.2129],[-82.48101,36.2133],[-82.48119,36.21347],[-82.48143,36.21344],[-82.48199,36.21307],[-82.48262,36.21297],[-82.48361,36.21328],[-82.48467,36.21315],[-82.48577,36.21363],[-82.48667,36.21373],[-82.48729,36.21402],[-82.48757,36.21396],[-82.48784,36.21376],[-82.4878,36.21339],[-82.48758,36.21288],[-82.48763,36.21282],[-82.48903,36.21251],[-82.48925,36.21218],[-82.48941,36.21161],[-82.48998,36.21119],[-82.48999,36.21098],[-82.4891,36.21053],[-82.48889,36.21032],[-82.48893,36.20966],[-82.4898,36.20851]]},"properties":{"net":"out","o":5}},{"type":"Feature","geometry":{"type":"LineString","coordinates":[[-82.54223,36.17015],[-82.54346,36.1697],[-82.54534,36.16993],[-82.54653,36.17031],[-82.54705,36.17021]]},"properties":{"net":"out","o":7}},{"type":"Feature","geometry":{"type":"LineString","coordinates":[[-82.49596,36.07852],[-82.49521,36.07982],[-82.49475,36.08018]]},"properties":{"net":"out","o":6}},{"type":"Feature","geometry":{"type":"LineString","coordinates":[[-82.49475,36.08018],[-82.4941,36.08071],[-82.49397,36.08091],[-82.49393,36.08141]]},"properties":{"net":"out","o":6}},{"type":"Feature","geometry":{"type":"LineString","coordinates":[[-82.49376,36.08233],[-82.49379,36.08396],[-82.4939,36.08458],[-82.49421,36.08538],[-82.49418,36.08577]]},"properties":{"net":"out","o":6}},{"type":"Feature","geometry":{"type":"LineString","coordinates":[[-82.48041,36.08386],[-82.48105,36.08438],[-82.48154,36.08443],[-82.4821,36.08436]]},"properties":{"net":"out","o":4}},{"type":"Feature","geometry":{"type":"LineString","coordinates":[[-82.56303,36.00649],[-82.56247,36.00683],[-82.56186,36.00771]]},"properties":{"net":"out","o":4}},{"type":"Feature","geometry":{"type":"LineString","coordinates":[[-82.5586,36.01507],[-82.55825,36.01644]]},"properties":{"net":"out","o":5}},{"type":"Feature","geometry":{"type":"LineString","coordinates":[[-82.48285,36.09112],[-82.48167,36.09214]]},"properties":{"net":"out","o":6}},{"type":"Feature","geometry":{"type":"LineString","coordinates":[[-82.48051,36.09359],[-82.47997,36.09417]]},"properties":{"net":"out","o":6}},{"type":"Feature","geometry":{"type":"LineString","coordinates":[[-82.54961,36.0264],[-82.54792,36.0283]]},"properties":{"net":"out","o":5}},{"type":"Feature","geometry":{"type":"LineString","coordinates":[[-82.55646,36.04702],[-82.55632,36.04632]]},"properties":{"net":"out","o":5}},{"type":"Feature","geometry":{"type":"LineString","coordinates":[[-82.49983,36.19679],[-82.50031,36.1969]]},"properties":{"net":"out","o":7}},{"type":"Feature","geometry":{"type":"LineString","coordinates":[[-82.55457,36.2457],[-82.55568,36.24582]]},"properties":{"net":"out","o":4}},{"type":"Feature","geometry":{"type":"LineString","coordinates":[[-82.55983,36.29947],[-82.56039,36.29878]]},"properties":{"net":"out","o":4}},{"type":"Feature","geometry":{"type":"LineString","coordinates":[[-82.54462,36.34524],[-82.54487,36.34531],[-82.54506,36.3457]]},"properties":{"net":"out","o":4}},{"type":"Feature","geometry":{"type":"LineString","coordinates":[[-82.54443,36.31385],[-82.5451,36.31317]]},"properties":{"net":"out","o":4}},{"type":"Feature","geometry":{"type":"LineString","coordinates":[[-82.54048,36.00904],[-82.54096,36.00918],[-82.5415,36.00921]]},"properties":{"net":"out","o":4}},{"type":"Feature","geometry":{"type":"LineString","coordinates":[[-82.54048,36.00904],[-82.54116,36.00938],[-82.54135,36.00937],[-82.5415,36.00921]]},"properties":{"net":"out","o":4}},{"type":"Feature","geometry":{"type":"LineString","coordinates":[[-82.53573,36.17394],[-82.53664,36.17339],[-82.53713,36.17324],[-82.53758,36.17285],[-82.53788,36.17273],[-82.53822,36.17148],[-82.54058,36.16999]]},"properties":{"net":"out","o":4}},{"type":"Feature","geometry":{"type":"LineString","coordinates":[[-82.53215,36.15499],[-82.53221,36.15504]]},"properties":{"net":"out","o":5}},{"type":"Feature","geometry":{"type":"LineString","coordinates":[[-82.53281,36.17369],[-82.53573,36.17394]]},"properties":{"net":"out","o":4}},{"type":"Feature","geometry":{"type":"LineString","coordinates":[[-82.52737,36.17514],[-82.52847,36.17546]]},"properties":{"net":"out","o":4}},{"type":"Feature","geometry":{"type":"LineString","coordinates":[[-82.53905,36.24861],[-82.54049,36.24775],[-82.54133,36.24734],[-82.54155,36.24737]]},"properties":{"net":"out","o":4}},{"type":"Feature","geometry":{"type":"LineString","coordinates":[[-82.53357,36.32301],[-82.53421,36.32293],[-82.53477,36.32259],[-82.53501,36.3213]]},"properties":{"net":"out","o":4}},{"type":"Feature","geometry":{"type":"LineString","coordinates":[[-82.50245,36.05514],[-82.50258,36.05548]]},"properties":{"net":"out","o":5}},{"type":"Feature","geometry":{"type":"LineString","coordinates":[[-82.50267,36.05304],[-82.50288,36.05329],[-82.50287,36.05346],[-82.50244,36.05432],[-82.50236,36.05493],[-82.50245,36.05514]]},"properties":{"net":"out","o":5}},{"type":"Feature","geometry":{"type":"LineString","coordinates":[[-82.50373,36.07061],[-82.50288,36.07104],[-82.50159,36.07139],[-82.50092,36.07174],[-82.5007,36.07213],[-82.50062,36.07275],[-82.50073,36.07379],[-82.50068,36.07453],[-82.50037,36.07508],[-82.49978,36.0751],[-82.49952,36.07523],[-82.49886,36.07533],[-82.49866,36.07546],[-82.49846,36.07576]]},"properties":{"net":"out","o":6}},{"type":"Feature","geometry":{"type":"LineString","coordinates":[[-82.49915,35.97556],[-82.49756,35.97469],[-82.49718,35.97427],[-82.49695,35.9738],[-82.49668,35.97357],[-82.4946,35.97275],[-82.49395,35.97256],[-82.4933,35.97252],[-82.49122,35.97281]]},"properties":{"net":"sm2919","o":2}},{"type":"Feature","geometry":{"type":"LineString","coordinates":[[-82.48884,35.97641],[-82.48939,35.97572],[-82.48994,35.97524],[-82.49132,35.97437],[-82.49162,35.97395]]},"properties":{"net":"sm2919","o":1}},{"type":"Feature","geometry":{"type":"LineString","coordinates":[[-82.48755,35.96704],[-82.486,35.96751],[-82.48351,35.96778],[-82.48209,35.9689],[-82.48176,35.96905]]},"properties":{"net":"sm2919","o":1}},{"type":"Feature","geometry":{"type":"LineString","coordinates":[[-82.50439,36.14703],[-82.50373,36.14725]]},"properties":{"net":"out","o":4}},{"type":"Feature","geometry":{"type":"LineString","coordinates":[[-82.4795,35.97771],[-82.48012,35.97698],[-82.48067,35.97509],[-82.48082,35.97392],[-82.48008,35.97045],[-82.47974,35.96919],[-82.47942,35.96843]]},"properties":{"net":"sm2919","o":1}},{"type":"Feature","geometry":{"type":"LineString","coordinates":[[-82.49177,36.03849],[-82.49295,36.0398],[-82.49351,36.04001]]},"properties":{"net":"out","o":5}},{"type":"Feature","geometry":{"type":"LineString","coordinates":[[-82.49062,36.02675],[-82.49077,36.02689],[-82.49103,36.02767],[-82.49094,36.02847],[-82.49134,36.02896],[-82.49147,36.02957],[-82.49063,36.03068],[-82.48906,36.03169],[-82.48885,36.03192]]},"properties":{"net":"out","o":4}},{"type":"Feature","geometry":{"type":"LineString","coordinates":[[-82.51016,36.03666],[-82.51011,36.03711],[-82.51053,36.03774],[-82.51058,36.03806],[-82.51027,36.03885],[-82.50992,36.04069]]},"properties":{"net":"out","o":4}},{"type":"Feature","geometry":{"type":"LineString","coordinates":[[-82.50992,36.02731],[-82.50906,36.02839]]},"properties":{"net":"out","o":4}},{"type":"Feature","geometry":{"type":"LineString","coordinates":[[-82.45164,35.9646],[-82.45298,35.96474],[-82.45433,35.96541],[-82.45486,35.96587],[-82.45596,35.96753]]},"properties":{"net":"sm2919","o":1}},{"type":"Feature","geometry":{"type":"LineString","coordinates":[[-82.45515,35.99022],[-82.45474,35.98996],[-82.45416,35.98989],[-82.4537,35.9897]]},"properties":{"net":"sm2919","o":3}},{"type":"Feature","geometry":{"type":"LineString","coordinates":[[-82.44196,36.00011],[-82.44207,36.00049],[-82.44198,36.00133]]},"properties":{"net":"sm2919","o":1}},{"type":"Feature","geometry":{"type":"LineString","coordinates":[[-82.44259,36.03105],[-82.44301,36.03147],[-82.44345,36.03339],[-82.44368,36.03398],[-82.44371,36.03462],[-82.44353,36.03528],[-82.44361,36.0358],[-82.44354,36.037],[-82.44396,36.03769],[-82.44412,36.03814]]},"properties":{"net":"out","o":4}},{"type":"Feature","geometry":{"type":"LineString","coordinates":[[-82.47216,36.2176],[-82.47234,36.21735],[-82.47219,36.21705],[-82.4719,36.21704],[-82.47171,36.21693],[-82.47165,36.21674],[-82.47174,36.21646],[-82.47187,36.21625],[-82.47277,36.21605],[-82.4728,36.21566],[-82.47302,36.21532],[-82.47384,36.2149],[-82.47399,36.21426],[-82.47417,36.21395]]},"properties":{"net":"out","o":4}},{"type":"Feature","geometry":{"type":"LineString","coordinates":[[-82.4333,36.09822],[-82.43474,36.0985],[-82.43562,36.09842],[-82.43602,36.09821],[-82.43673,36.09829],[-82.43724,36.09846],[-82.43797,36.0989],[-82.43991,36.09895]]},"properties":{"net":"out","o":7}},{"type":"Feature","geometry":{"type":"LineString","coordinates":[[-82.44918,36.11961],[-82.44818,36.12099]]},"properties":{"net":"out","o":6}},{"type":"Feature","geometry":{"type":"LineString","coordinates":[[-82.44743,36.12185],[-82.44721,36.12204],[-82.44703,36.12278],[-82.44693,36.12385],[-82.44701,36.12393],[-82.4467,36.12557],[-82.4468,36.12579]]},"properties":{"net":"out","o":6}},{"type":"Feature","geometry":{"type":"LineString","coordinates":[[-82.44832,36.11012],[-82.4483,36.11124],[-82.44806,36.11258],[-82.44738,36.11405],[-82.44641,36.11466],[-82.44538,36.11512],[-82.44476,36.11505],[-82.44431,36.11529],[-82.44389,36.11531]]},"properties":{"net":"out","o":7}},{"type":"Feature","geometry":{"type":"LineString","coordinates":[[-82.37734,36.1485],[-82.3789,36.14959],[-82.37925,36.15]]},"properties":{"net":"out","o":4}},{"type":"Feature","geometry":{"type":"LineString","coordinates":[[-82.44446,36.16383],[-82.44417,36.16436],[-82.44447,36.16531]]},"properties":{"net":"out","o":7}},{"type":"Feature","geometry":{"type":"LineString","coordinates":[[-82.44323,36.16133],[-82.4434,36.1617],[-82.4444,36.16268],[-82.44442,36.16312],[-82.44455,36.16331]]},"properties":{"net":"out","o":7}},{"type":"Feature","geometry":{"type":"LineString","coordinates":[[-82.38849,36.17472],[-82.38921,36.17427],[-82.38943,36.17367],[-82.38965,36.17341],[-82.39044,36.17328]]},"properties":{"net":"out","o":6}},{"type":"Feature","geometry":{"type":"LineString","coordinates":[[-82.45765,35.9132],[-82.45666,35.91316]]},"properties":{"net":"out","o":4}},{"type":"Feature","geometry":{"type":"LineString","coordinates":[[-82.45058,35.91105],[-82.44967,35.91128],[-82.44884,35.91186],[-82.44735,35.91211],[-82.44683,35.91239]]},"properties":{"net":"out","o":4}},{"type":"Feature","geometry":{"type":"LineString","coordinates":[[-82.46599,36.04183],[-82.46663,36.04151],[-82.46887,36.04082],[-82.47093,36.04037]]},"properties":{"net":"out","o":4}},{"type":"Feature","geometry":{"type":"LineString","coordinates":[[-82.46435,36.04228],[-82.46599,36.04183]]},"properties":{"net":"out","o":4}},{"type":"Feature","geometry":{"type":"LineString","coordinates":[[-82.45821,36.04163],[-82.46029,36.04164],[-82.46149,36.04208],[-82.4618,36.04227],[-82.46268,36.04242]]},"properties":{"net":"out","o":4}},{"type":"Feature","geometry":{"type":"LineString","coordinates":[[-82.46333,36.16705],[-82.46358,36.16723]]},"properties":{"net":"out","o":4}},{"type":"Feature","geometry":{"type":"LineString","coordinates":[[-82.45912,36.16969],[-82.45945,36.16899],[-82.46155,36.16764]]},"properties":{"net":"out","o":7}},{"type":"Feature","geometry":{"type":"LineString","coordinates":[[-82.46491,36.17521],[-82.46454,36.1752],[-82.4641,36.1754],[-82.46346,36.17543],[-82.4632,36.17558],[-82.46231,36.17548],[-82.46043,36.17563],[-82.45896,36.17546],[-82.45881,36.17555],[-82.45817,36.17559],[-82.45736,36.17607],[-82.4567,36.17668],[-82.45625,36.17746],[-82.45532,36.17854],[-82.45525,36.17893],[-82.45489,36.17969],[-82.45464,36.17984],[-82.45457,36.18019],[-82.45437,36.18031],[-82.4538,36.18122],[-82.45375,36.18147],[-82.45325,36.18238]]},"properties":{"net":"out","o":7}},{"type":"Feature","geometry":{"type":"LineString","coordinates":[[-82.41813,36.07538],[-82.41845,36.0766],[-82.41858,36.07915],[-82.41879,36.08022],[-82.419,36.0806],[-82.41945,36.08112],[-82.42029,36.08156]]},"properties":{"net":"out","o":7}},{"type":"Feature","geometry":{"type":"LineString","coordinates":[[-82.41678,36.07284],[-82.41749,36.07364],[-82.41819,36.07531],[-82.41813,36.07538]]},"properties":{"net":"out","o":7}},{"type":"Feature","geometry":{"type":"LineString","coordinates":[[-82.42791,36.09367],[-82.42848,36.09432],[-82.4299,36.09545]]},"properties":{"net":"out","o":7}},{"type":"Feature","geometry":{"type":"LineString","coordinates":[[-82.42914,36.13304],[-82.42974,36.13325],[-82.43031,36.13311],[-82.43143,36.13356]]},"properties":{"net":"out","o":4}},{"type":"Feature","geometry":{"type":"LineString","coordinates":[[-82.47541,35.95602],[-82.47427,35.95949],[-82.47397,35.95977],[-82.47321,35.96013],[-82.47303,35.96045]]},"properties":{"net":"sm2919","o":2}},{"type":"Feature","geometry":{"type":"LineString","coordinates":[[-82.42305,35.91359],[-82.42224,35.91395]]},"properties":{"net":"out","o":4}},{"type":"Feature","geometry":{"type":"LineString","coordinates":[[-82.41683,36.20316],[-82.41722,36.2029],[-82.41764,36.20231],[-82.41827,36.20191],[-82.41849,36.20107],[-82.41872,36.20077],[-82.4193,36.20047],[-82.41965,36.20047]]},"properties":{"net":"out","o":5}},{"type":"Feature","geometry":{"type":"LineString","coordinates":[[-82.47207,36.10076],[-82.47212,36.101]]},"properties":{"net":"out","o":6}},{"type":"Feature","geometry":{"type":"LineString","coordinates":[[-82.47592,35.98082],[-82.47395,35.98223],[-82.47276,35.98253],[-82.47147,35.98305],[-82.47077,35.98308]]},"properties":{"net":"sm2919","o":1}},{"type":"Feature","geometry":{"type":"LineString","coordinates":[[-82.46924,35.97922],[-82.46881,35.97906],[-82.46738,35.97879],[-82.46643,35.97891],[-82.46529,35.97877]]},"properties":{"net":"sm2919","o":1}},{"type":"Feature","geometry":{"type":"LineString","coordinates":[[-82.4604,35.99144],[-82.4595,35.99135],[-82.45808,35.99096],[-82.4572,35.99095],[-82.45515,35.99022]]},"properties":{"net":"sm2919","o":2}},{"type":"Feature","geometry":{"type":"LineString","coordinates":[[-82.42186,35.96594],[-82.4222,35.9664],[-82.42294,35.96691],[-82.4235,35.96755],[-82.42479,35.96937],[-82.42637,35.97023]]},"properties":{"net":"sm2919","o":1}},{"type":"Feature","geometry":{"type":"LineString","coordinates":[[-82.22047,36.04806],[-82.2207,36.04799],[-82.2214,36.04739],[-82.2223,36.0461],[-82.22327,36.04586],[-82.22533,36.04362]]},"properties":{"net":"out","o":5}},{"type":"Feature","geometry":{"type":"LineString","coordinates":[[-82.21673,36.05857],[-82.21682,36.05822],[-82.21678,36.05779],[-82.21614,36.05702]]},"properties":{"net":"out","o":4}},{"type":"Feature","geometry":{"type":"LineString","coordinates":[[-82.40516,35.98598],[-82.40445,35.98701],[-82.40411,35.98832],[-82.40385,35.98862]]},"properties":{"net":"sm2919","o":5}},{"type":"Feature","geometry":{"type":"LineString","coordinates":[[-82.40385,35.98862],[-82.40352,35.98887],[-82.40301,35.98907],[-82.40155,35.98933]]},"properties":{"net":"out","o":5}},{"type":"Feature","geometry":{"type":"LineString","coordinates":[[-82.40016,35.99003],[-82.39915,35.99029],[-82.39777,35.98995],[-82.39719,35.98996]]},"properties":{"net":"out","o":5}},{"type":"Feature","geometry":{"type":"LineString","coordinates":[[-82.21027,36.07005],[-82.21026,36.06952]]},"properties":{"net":"out","o":4}},{"type":"Feature","geometry":{"type":"LineString","coordinates":[[-82.21026,36.06952],[-82.21023,36.06868]]},"properties":{"net":"out","o":4}},{"type":"Feature","geometry":{"type":"LineString","coordinates":[[-82.28307,36.08404],[-82.28243,36.08322]]},"properties":{"net":"out","o":4}},{"type":"Feature","geometry":{"type":"LineString","coordinates":[[-82.28038,36.07966],[-82.28184,36.07874]]},"properties":{"net":"out","o":5}},{"type":"Feature","geometry":{"type":"LineString","coordinates":[[-82.27733,36.08341],[-82.27786,36.08325],[-82.27866,36.08283],[-82.27973,36.08182]]},"properties":{"net":"out","o":4}},{"type":"Feature","geometry":{"type":"LineString","coordinates":[[-82.40155,35.91322],[-82.40118,35.91331],[-82.40006,35.91334],[-82.39796,35.91372]]},"properties":{"net":"out","o":4}},{"type":"Feature","geometry":{"type":"LineString","coordinates":[[-82.39764,35.91396],[-82.39678,35.91475],[-82.39595,35.9151],[-82.3955,35.91549],[-82.39458,35.91606],[-82.39399,35.91661]]},"properties":{"net":"out","o":4}},{"type":"Feature","geometry":{"type":"LineString","coordinates":[[-82.27155,36.06837],[-82.27153,36.06747],[-82.27196,36.06669],[-82.27403,36.06533]]},"properties":{"net":"sm2928","o":2}},{"type":"Feature","geometry":{"type":"LineString","coordinates":[[-82.27764,36.10688],[-82.27827,36.10596]]},"properties":{"net":"out","o":4}},{"type":"Feature","geometry":{"type":"LineString","coordinates":[[-82.21737,35.76196],[-82.21608,35.76232],[-82.2142,35.7624],[-82.21301,35.76272]]},"properties":{"net":"sm2661","o":1}},{"type":"Feature","geometry":{"type":"LineString","coordinates":[[-82.21301,35.76272],[-82.21169,35.76362],[-82.21068,35.76452],[-82.21039,35.76468],[-82.20982,35.76465]]},"properties":{"net":"sm2662","o":1}},{"type":"Feature","geometry":{"type":"LineString","coordinates":[[-82.20982,35.76465],[-82.20902,35.76426],[-82.20865,35.76419],[-82.20825,35.76442],[-82.20751,35.76601],[-82.206,35.76754],[-82.20576,35.76868]]},"properties":{"net":"sm2668","o":1}},{"type":"Feature","geometry":{"type":"LineString","coordinates":[[-82.21344,35.85651],[-82.21268,35.85629],[-82.21225,35.8563],[-82.21165,35.85649],[-82.2104,35.85629],[-82.20977,35.85636],[-82.20901,35.85604],[-82.2086,35.85598],[-82.20712,35.85583],[-82.20658,35.85601],[-82.20521,35.85571]]},"properties":{"net":"sm2730","o":2}},{"type":"Feature","geometry":{"type":"LineString","coordinates":[[-82.20521,35.85571],[-82.20446,35.85567]]},"properties":{"net":"sm2709","o":2}},{"type":"Feature","geometry":{"type":"LineString","coordinates":[[-82.20446,35.85567],[-82.2028,35.85582],[-82.20163,35.85563],[-82.20126,35.85572],[-82.20027,35.85628],[-82.19928,35.8563],[-82.19844,35.85645],[-82.19821,35.85641],[-82.19773,35.8558],[-82.19718,35.85547],[-82.19661,35.85535],[-82.19555,35.85486],[-82.19487,35.8547]]},"properties":{"net":"sm2707","o":2}},{"type":"Feature","geometry":{"type":"LineString","coordinates":[[-82.22688,35.89614],[-82.2266,35.89619],[-82.22588,35.89672],[-82.22458,35.89806],[-82.22424,35.89975],[-82.22426,35.9012],[-82.22407,35.90176],[-82.2241,35.90255],[-82.22329,35.90429],[-82.22302,35.90605],[-82.22129,35.90652],[-82.22102,35.9068],[-82.2208,35.90749]]},"properties":{"net":"sm2924","o":1}},{"type":"Feature","geometry":{"type":"LineString","coordinates":[[-82.21905,35.90801],[-82.21881,35.90808],[-82.21653,35.90805],[-82.21584,35.90815]]},"properties":{"net":"out","o":4}},{"type":"Feature","geometry":{"type":"LineString","coordinates":[[-82.27345,36.08866],[-82.27375,36.08847],[-82.27384,36.08806],[-82.27414,36.0878]]},"properties":{"net":"out","o":4}},{"type":"Feature","geometry":{"type":"LineString","coordinates":[[-82.4111,36.07181],[-82.41263,36.07175],[-82.41509,36.07189],[-82.41561,36.07202],[-82.41631,36.07243],[-82.41678,36.07284]]},"properties":{"net":"out","o":7}},{"type":"Feature","geometry":{"type":"LineString","coordinates":[[-82.36394,36.03186],[-82.3637,36.03161],[-82.36354,36.03122],[-82.36347,36.0305]]},"properties":{"net":"out","o":4}},{"type":"Feature","geometry":{"type":"LineString","coordinates":[[-82.36348,36.02479],[-82.3634,36.02473]]},"properties":{"net":"out","o":4}},{"type":"Feature","geometry":{"type":"LineString","coordinates":[[-82.41386,36.20928],[-82.41409,36.20794],[-82.41431,36.20758],[-82.4149,36.2071]]},"properties":{"net":"out","o":5}},{"type":"Feature","geometry":{"type":"LineString","coordinates":[[-82.41015,36.21513],[-82.41061,36.21481],[-82.4111,36.21407]]},"properties":{"net":"out","o":5}},{"type":"Feature","geometry":{"type":"LineString","coordinates":[[-82.38183,35.95931],[-82.3819,35.95949],[-82.38194,35.96169],[-82.38273,35.96263],[-82.38402,35.9634],[-82.38466,35.96396],[-82.38501,35.9648],[-82.3853,35.96506]]},"properties":{"net":"out","o":5}},{"type":"Feature","geometry":{"type":"LineString","coordinates":[[-82.39111,35.96821],[-82.39338,35.96908],[-82.39386,35.96964],[-82.39405,35.97041],[-82.39395,35.97158],[-82.39432,35.97279],[-82.39437,35.97385],[-82.39451,35.97452]]},"properties":{"net":"out","o":5}},{"type":"Feature","geometry":{"type":"LineString","coordinates":[[-82.3853,35.96506],[-82.38589,35.96558],[-82.38981,35.96753]]},"properties":{"net":"out","o":5}},{"type":"Feature","geometry":{"type":"LineString","coordinates":[[-82.39369,35.99448],[-82.39342,35.99447]]},"properties":{"net":"out","o":5}},{"type":"Feature","geometry":{"type":"LineString","coordinates":[[-82.40338,36.16289],[-82.40347,36.1628]]},"properties":{"net":"out","o":6}},{"type":"Feature","geometry":{"type":"LineString","coordinates":[[-82.38641,36.15233],[-82.38806,36.15343],[-82.38897,36.15434],[-82.38981,36.15489],[-82.3906,36.15569],[-82.39094,36.15646],[-82.39138,36.15686],[-82.39248,36.15701],[-82.3929,36.15719],[-82.39461,36.1583],[-82.39494,36.15896],[-82.3952,36.15912],[-82.39663,36.15953],[-82.39769,36.15994],[-82.39818,36.16024],[-82.40034,36.16077],[-82.40081,36.16094],[-82.40137,36.16137],[-82.40189,36.16143],[-82.40244,36.16192],[-82.40302,36.16268],[-82.40339,36.1628]]},"properties":{"net":"out","o":4}},{"type":"Feature","geometry":{"type":"LineString","coordinates":[[-82.3615,36.07805],[-82.36495,36.0775],[-82.36802,36.07732],[-82.36953,36.07698],[-82.37026,36.07671],[-82.37169,36.07579],[-82.37192,36.07553],[-82.37237,36.07428]]},"properties":{"net":"out","o":7}},{"type":"Feature","geometry":{"type":"LineString","coordinates":[[-82.35844,36.07905],[-82.3595,36.07836],[-82.36019,36.07829]]},"properties":{"net":"out","o":7}},{"type":"Feature","geometry":{"type":"LineString","coordinates":[[-82.3883,35.99767],[-82.38649,35.9989]]},"properties":{"net":"out","o":6}},{"type":"Feature","geometry":{"type":"LineString","coordinates":[[-82.37955,35.99829],[-82.37906,35.99806],[-82.37749,35.99783],[-82.37705,35.99738],[-82.37716,35.99569],[-82.37698,35.99454],[-82.37662,35.99417]]},"properties":{"net":"out","o":6}},{"type":"Feature","geometry":{"type":"LineString","coordinates":[[-82.36407,35.91758],[-82.36468,35.9177],[-82.36598,35.9172],[-82.36674,35.91675],[-82.36724,35.91616],[-82.36749,35.91604],[-82.36866,35.91601],[-82.37183,35.91661]]},"properties":{"net":"out","o":5}},{"type":"Feature","geometry":{"type":"LineString","coordinates":[[-82.36834,36.00708],[-82.36614,36.00595],[-82.36492,36.00548],[-82.36423,36.00484]]},"properties":{"net":"out","o":6}},{"type":"Feature","geometry":{"type":"LineString","coordinates":[[-82.3634,36.02473],[-82.36291,36.02303],[-82.36241,36.02228]]},"properties":{"net":"out","o":4}},{"type":"Feature","geometry":{"type":"LineString","coordinates":[[-82.36707,36.19247],[-82.36807,36.19249],[-82.36922,36.19217],[-82.37055,36.19214]]},"properties":{"net":"out","o":6}},{"type":"Feature","geometry":{"type":"LineString","coordinates":[[-82.3933,35.89385],[-82.39317,35.89415],[-82.39298,35.89429],[-82.39208,35.89433],[-82.39147,35.8947],[-82.39123,35.89511],[-82.39124,35.89587],[-82.39103,35.89673]]},"properties":{"net":"out","o":4}},{"type":"Feature","geometry":{"type":"LineString","coordinates":[[-82.38912,35.91593],[-82.3896,35.9163],[-82.38998,35.91647],[-82.38993,35.91678],[-82.38936,35.91773],[-82.38796,35.91848],[-82.38663,35.91936],[-82.38555,35.91984],[-82.38429,35.92117]]},"properties":{"net":"out","o":5}},{"type":"Feature","geometry":{"type":"LineString","coordinates":[[-82.38343,35.91133],[-82.38352,35.91166],[-82.38422,35.91163],[-82.38459,35.91233],[-82.38508,35.91268],[-82.38532,35.91265],[-82.38567,35.91227],[-82.38615,35.91232],[-82.38619,35.91241],[-82.38598,35.91305],[-82.38611,35.9134]]},"properties":{"net":"out","o":4}},{"type":"Feature","geometry":{"type":"LineString","coordinates":[[-82.38211,35.91484],[-82.38242,35.91463],[-82.38417,35.91402],[-82.38582,35.91352],[-82.38615,35.91352]]},"properties":{"net":"out","o":5}},{"type":"Feature","geometry":{"type":"LineString","coordinates":[[-82.32114,36.02633],[-82.32121,36.02641]]},"properties":{"net":"out","o":6}},{"type":"Feature","geometry":{"type":"LineString","coordinates":[[-82.30978,36.17232],[-82.31114,36.17242],[-82.31178,36.17264],[-82.31322,36.1736],[-82.31381,36.17407],[-82.31395,36.17435]]},"properties":{"net":"out","o":5}},{"type":"Feature","geometry":{"type":"LineString","coordinates":[[-82.34008,36.08751],[-82.34079,36.08786]]},"properties":{"net":"out","o":4}},{"type":"Feature","geometry":{"type":"LineString","coordinates":[[-82.019,35.97181],[-82.01927,35.97159],[-82.01938,35.97102],[-82.01929,35.97029],[-82.0191,35.96983],[-82.01834,35.96906]]},"properties":{"net":"NC6575","o":4}},{"type":"Feature","geometry":{"type":"LineString","coordinates":[[-82.01834,35.96906],[-82.01792,35.96865],[-82.01782,35.96842],[-82.01796,35.96746],[-82.01828,35.96717],[-82.01867,35.96729],[-82.02009,35.96862],[-82.02131,35.96937]]},"properties":{"net":"NC6575","o":4}},{"type":"Feature","geometry":{"type":"LineString","coordinates":[[-82.01979,36.00984],[-82.01956,36.0094],[-82.01956,36.00893],[-82.0199,36.00747]]},"properties":{"net":"NC6575","o":4}},{"type":"Feature","geometry":{"type":"LineString","coordinates":[[-82.34255,35.90526],[-82.34337,35.90514],[-82.34467,35.9054],[-82.34527,35.90591]]},"properties":{"net":"out","o":5}},{"type":"Feature","geometry":{"type":"LineString","coordinates":[[-82.33307,35.90495],[-82.33322,35.90488]]},"properties":{"net":"out","o":4}},{"type":"Feature","geometry":{"type":"LineString","coordinates":[[-82.33143,35.90657],[-82.33199,35.90632],[-82.33221,35.90591],[-82.33307,35.90495]]},"properties":{"net":"out","o":4}},{"type":"Feature","geometry":{"type":"LineString","coordinates":[[-81.99433,35.93006],[-81.99443,35.93001],[-81.99468,35.92863],[-81.995,35.92841],[-81.99579,35.92825],[-81.9961,35.92807],[-81.99621,35.92798],[-81.99627,35.92737]]},"properties":{"net":"NC6575","o":4}},{"type":"Feature","geometry":{"type":"LineString","coordinates":[[-82.35173,36.00201],[-82.35165,36.00204]]},"properties":{"net":"out","o":6}},{"type":"Feature","geometry":{"type":"LineString","coordinates":[[-82.35374,36.0181],[-82.35343,36.01798],[-82.35304,36.01745],[-82.35242,36.01557],[-82.35216,36.01543],[-82.35138,36.01539]]},"properties":{"net":"out","o":4}},{"type":"Feature","geometry":{"type":"LineString","coordinates":[[-82.34918,36.01271],[-82.35095,36.01419],[-82.35119,36.01465],[-82.35129,36.0154]]},"properties":{"net":"out","o":6}},{"type":"Feature","geometry":{"type":"LineString","coordinates":[[-82.34838,36.1944],[-82.34926,36.19438],[-82.35024,36.1941]]},"properties":{"net":"out","o":6}},{"type":"Feature","geometry":{"type":"LineString","coordinates":[[-82.33628,36.04962],[-82.33637,36.05014],[-82.33654,36.05041],[-82.33648,36.05127]]},"properties":{"net":"out","o":7}},{"type":"Feature","geometry":{"type":"LineString","coordinates":[[-82.33622,36.04496],[-82.33609,36.04567],[-82.33643,36.04603],[-82.33632,36.04688],[-82.33663,36.04818],[-82.33658,36.04868]]},"properties":{"net":"out","o":7}},{"type":"Feature","geometry":{"type":"LineString","coordinates":[[-82.32331,36.09973],[-82.32399,36.09949]]},"properties":{"net":"out","o":4}},{"type":"Feature","geometry":{"type":"LineString","coordinates":[[-82.32219,36.10476],[-82.32226,36.10468]]},"properties":{"net":"out","o":4}},{"type":"Feature","geometry":{"type":"LineString","coordinates":[[-82.32194,36.10199],[-82.32237,36.10142],[-82.3223,36.10069],[-82.32273,36.10012],[-82.32331,36.09973]]},"properties":{"net":"out","o":4}},{"type":"Feature","geometry":{"type":"LineString","coordinates":[[-82.32226,36.10468],[-82.32222,36.10399],[-82.322,36.1034],[-82.3218,36.10229]]},"properties":{"net":"out","o":4}},{"type":"Feature","geometry":{"type":"LineString","coordinates":[[-82.31864,36.10584],[-82.32012,36.10612],[-82.32082,36.10603],[-82.32114,36.10585],[-82.32219,36.10476]]},"properties":{"net":"out","o":4}},{"type":"Feature","geometry":{"type":"LineString","coordinates":[[-82.34492,36.0726],[-82.3452,36.07379]]},"properties":{"net":"out","o":7}},{"type":"Feature","geometry":{"type":"LineString","coordinates":[[-82.27104,35.92091],[-82.26998,35.92036]]},"properties":{"net":"sm2618","o":2}},{"type":"Feature","geometry":{"type":"LineString","coordinates":[[-82.27015,35.97454],[-82.27041,35.97558],[-82.27096,35.97635]]},"properties":{"net":"out","o":4}},{"type":"Feature","geometry":{"type":"LineString","coordinates":[[-82.27099,35.98507],[-82.27041,35.98524],[-82.26989,35.98608],[-82.26975,35.98701],[-82.26948,35.98776],[-82.26946,35.98797],[-82.2702,35.98952],[-82.27025,35.99048],[-82.26981,35.99108],[-82.26762,35.99239]]},"properties":{"net":"out","o":4}},{"type":"Feature","geometry":{"type":"LineString","coordinates":[[-82.32338,35.88091],[-82.32372,35.88153],[-82.32365,35.88192],[-82.32223,35.88251],[-82.32112,35.88267],[-82.32001,35.88327]]},"properties":{"net":"NC3200","o":4}},{"type":"Feature","geometry":{"type":"LineString","coordinates":[[-82.26228,36.07347],[-82.26174,36.07211],[-82.26171,36.07163],[-82.26186,36.0708],[-82.26177,36.07044]]},"properties":{"net":"sm2928","o":1}},{"type":"Feature","geometry":{"type":"LineString","coordinates":[[-82.32596,36.01611],[-82.32562,36.01688],[-82.32562,36.01723]]},"properties":{"net":"out","o":6}},{"type":"Feature","geometry":{"type":"LineString","coordinates":[[-82.31905,36.01544],[-82.31919,36.01559]]},"properties":{"net":"sm2930","o":3}},{"type":"Feature","geometry":{"type":"LineString","coordinates":[[-82.31899,36.01536],[-82.31905,36.01544]]},"properties":{"net":"sm2930","o":3}},{"type":"Feature","geometry":{"type":"LineString","coordinates":[[-82.32061,36.0058],[-82.31979,36.00627],[-82.31898,36.00654]]},"properties":{"net":"sm2930","o":2}},{"type":"Feature","geometry":{"type":"LineString","coordinates":[[-82.31599,36.01406],[-82.3169,36.01386]]},"properties":{"net":"sm2930","o":2}},{"type":"Feature","geometry":{"type":"LineString","coordinates":[[-82.31585,36.01224],[-82.31625,36.01271],[-82.31631,36.01327],[-82.31679,36.01363],[-82.3169,36.01386]]},"properties":{"net":"sm2930","o":3}},{"type":"Feature","geometry":{"type":"LineString","coordinates":[[-82.31582,36.01216],[-82.31585,36.01224]]},"properties":{"net":"sm2930","o":3}},{"type":"Feature","geometry":{"type":"LineString","coordinates":[[-82.31316,36.00996],[-82.31374,36.01028],[-82.31419,36.01074],[-82.31439,36.01137]]},"properties":{"net":"sm2930","o":1}},{"type":"Feature","geometry":{"type":"LineString","coordinates":[[-82.28333,36.00458],[-82.28306,36.00473],[-82.28268,36.00477],[-82.28189,36.00446],[-82.28128,36.00397],[-82.28045,36.00288],[-82.28001,36.00268],[-82.2797,36.00286],[-82.27925,36.00364],[-82.27866,36.00547],[-82.2784,36.00562],[-82.27811,36.00554]]},"properties":{"net":"out","o":5}},{"type":"Feature","geometry":{"type":"LineString","coordinates":[[-82.27811,36.00554],[-82.27695,36.00425],[-82.27642,36.00386],[-82.27602,36.00371],[-82.27549,36.00385],[-82.27459,36.00433]]},"properties":{"net":"out","o":5}},{"type":"Feature","geometry":{"type":"LineString","coordinates":[[-82.28397,36.04295],[-82.28552,36.04322],[-82.28627,36.04322],[-82.28706,36.04305],[-82.28779,36.04267]]},"properties":{"net":"out","o":4}},{"type":"Feature","geometry":{"type":"LineString","coordinates":[[-82.29539,35.99323],[-82.29543,35.99382],[-82.29495,35.99399],[-82.29441,35.99405],[-82.2931,35.99416],[-82.29185,35.99411],[-82.29152,35.99391],[-82.29155,35.99321],[-82.29122,35.99305],[-82.29037,35.99323],[-82.28957,35.99382]]},"properties":{"net":"out","o":5}},{"type":"Feature","geometry":{"type":"LineString","coordinates":[[-82.25036,35.73242],[-82.24984,35.73221]]},"properties":{"net":"sm2660","o":3}},{"type":"Feature","geometry":{"type":"LineString","coordinates":[[-82.25299,35.88572],[-82.25306,35.88653],[-82.25292,35.88821]]},"properties":{"net":"sm2618","o":2}},{"type":"Feature","geometry":{"type":"LineString","coordinates":[[-82.25108,35.90323],[-82.24985,35.90332]]},"properties":{"net":"sm2618","o":1}},{"type":"Feature","geometry":{"type":"LineString","coordinates":[[-82.25098,35.90479],[-82.24985,35.90485]]},"properties":{"net":"sm2618","o":1}},{"type":"Feature","geometry":{"type":"LineString","coordinates":[[-82.25158,35.92766],[-82.25164,35.9273]]},"properties":{"net":"sm2618","o":3}},{"type":"Feature","geometry":{"type":"LineString","coordinates":[[-82.25802,35.9319],[-82.25734,35.9313],[-82.25615,35.93089],[-82.25478,35.93012],[-82.25432,35.92939],[-82.25368,35.92879],[-82.25341,35.92822],[-82.2522,35.92795],[-82.25158,35.92766]]},"properties":{"net":"sm2618","o":1}},{"type":"Feature","geometry":{"type":"LineString","coordinates":[[-82.25773,35.94026],[-82.25621,35.93927],[-82.25428,35.93863],[-82.25307,35.93842],[-82.25194,35.93733],[-82.25146,35.93664],[-82.251,35.93638],[-82.25059,35.93574]]},"properties":{"net":"sm2618","o":1}},{"type":"Feature","geometry":{"type":"LineString","coordinates":[[-82.24267,35.72632],[-82.24127,35.72714],[-82.24071,35.72769],[-82.24041,35.72815]]},"properties":{"net":"sm2660","o":3}},{"type":"Feature","geometry":{"type":"LineString","coordinates":[[-82.23798,35.73102],[-82.23679,35.73168],[-82.23629,35.73212],[-82.23597,35.73267],[-82.23549,35.7331],[-82.23404,35.73386]]},"properties":{"net":"sm2660","o":4}},{"type":"Feature","geometry":{"type":"LineString","coordinates":[[-82.2335,35.8333],[-82.23151,35.83214],[-82.23071,35.83179],[-82.22957,35.83094],[-82.22874,35.83011],[-82.22783,35.82961],[-82.22725,35.82943],[-82.22656,35.8288],[-82.22434,35.82815],[-82.22406,35.82764],[-82.22367,35.82737],[-82.22334,35.82667],[-82.22293,35.82638]]},"properties":{"net":"sm2695","o":1}},{"type":"Feature","geometry":{"type":"LineString","coordinates":[[-82.24307,35.89456],[-82.24187,35.89552],[-82.24098,35.89665],[-82.23924,35.89727],[-82.2388,35.89754],[-82.23755,35.89778],[-82.23726,35.89802],[-82.23709,35.89805],[-82.23664,35.89787],[-82.23626,35.89806]]},"properties":{"net":"sm2618","o":1}},{"type":"Feature","geometry":{"type":"LineString","coordinates":[[-82.24606,35.90407],[-82.24603,35.90486],[-82.24588,35.90522]]},"properties":{"net":"sm2618","o":2}},{"type":"Feature","geometry":{"type":"LineString","coordinates":[[-82.28009,36.02542],[-82.28048,36.02566],[-82.2807,36.02569],[-82.28105,36.02602],[-82.28197,36.02641],[-82.28337,36.02672],[-82.28395,36.02675]]},"properties":{"net":"out","o":6}},{"type":"Feature","geometry":{"type":"LineString","coordinates":[[-82.27901,36.02452],[-82.28009,36.02542]]},"properties":{"net":"out","o":6}},{"type":"Feature","geometry":{"type":"LineString","coordinates":[[-82.31466,35.9007],[-82.31403,35.90084],[-82.3131,35.9012],[-82.31254,35.90153],[-82.3118,35.90242],[-82.31062,35.90315],[-82.31029,35.90351],[-82.31001,35.90405]]},"properties":{"net":"NC3200","o":4}},{"type":"Feature","geometry":{"type":"LineString","coordinates":[[-82.29702,36.037],[-82.29863,36.0391],[-82.29904,36.0398],[-82.29897,36.03997]]},"properties":{"net":"out","o":6}},{"type":"Feature","geometry":{"type":"LineString","coordinates":[[-82.29631,36.03591],[-82.29702,36.037]]},"properties":{"net":"out","o":6}},{"type":"Feature","geometry":{"type":"LineString","coordinates":[[-82.2912,36.04005],[-82.29166,36.0397]]},"properties":{"net":"out","o":4}},{"type":"Feature","geometry":{"type":"LineString","coordinates":[[-82.29969,36.05022],[-82.29931,36.04941],[-82.29968,36.04877],[-82.30005,36.04846]]},"properties":{"net":"out","o":5}},{"type":"Feature","geometry":{"type":"LineString","coordinates":[[-82.29925,36.04538],[-82.29951,36.04566]]},"properties":{"net":"out","o":6}},{"type":"Feature","geometry":{"type":"LineString","coordinates":[[-82.29393,36.17696],[-82.29449,36.17704]]},"properties":{"net":"out","o":5}},{"type":"Feature","geometry":{"type":"LineString","coordinates":[[-82.30553,36.2016],[-82.30575,36.20173],[-82.30633,36.20173],[-82.30668,36.20225]]},"properties":{"net":"out","o":4}},{"type":"Feature","geometry":{"type":"LineString","coordinates":[[-82.24511,35.91104],[-82.24507,35.91122],[-82.24528,35.91144]]},"properties":{"net":"sm2618","o":1}},{"type":"Feature","geometry":{"type":"LineString","coordinates":[[-82.23503,35.94227],[-82.23476,35.9417],[-82.23478,35.94132],[-82.23502,35.94091],[-82.23533,35.93985],[-82.23553,35.93949],[-82.23552,35.93931],[-82.23526,35.93894],[-82.23536,35.9381],[-82.23523,35.93758],[-82.2345,35.93627],[-82.2346,35.93572],[-82.23455,35.93498],[-82.23411,35.93468],[-82.23377,35.93334],[-82.23377,35.93298],[-82.23407,35.9322],[-82.23362,35.93086],[-82.23362,35.93066],[-82.23408,35.92976],[-82.23412,35.9295],[-82.23389,35.92811],[-82.23445,35.92694],[-82.23416,35.92586],[-82.23365,35.92526],[-82.23358,35.92387],[-82.23344,35.92345],[-82.23348,35.9224],[-82.23324,35.9214],[-82.23327,35.92081],[-82.23344,35.92034]]},"properties":{"net":"sm2618","o":1}},{"type":"Feature","geometry":{"type":"LineString","coordinates":[[-82.24393,35.95038],[-82.2454,35.94937],[-82.24573,35.94852],[-82.24582,35.94773],[-82.2461,35.94699],[-82.24622,35.94677],[-82.24666,35.9464],[-82.24666,35.94611],[-82.24683,35.94579],[-82.24724,35.94568]]},"properties":{"net":"sm2618","o":2}},{"type":"Feature","geometry":{"type":"LineString","coordinates":[[-82.23545,36.01148],[-82.23708,36.0101],[-82.23741,36.00978],[-82.23749,36.00957],[-82.23762,36.00865],[-82.23728,36.00775],[-82.23683,36.00701],[-82.23674,36.00653],[-82.23637,36.00583],[-82.23643,36.00523],[-82.23725,36.00471]]},"properties":{"net":"out","o":6}},{"type":"Feature","geometry":{"type":"LineString","coordinates":[[-82.30011,36.08016],[-82.29993,36.07978],[-82.29988,36.07936],[-82.30037,36.07799]]},"properties":{"net":"out","o":4}},{"type":"Feature","geometry":{"type":"LineString","coordinates":[[-82.29094,36.07342],[-82.29284,36.07275],[-82.29384,36.07207],[-82.29396,36.0715]]},"properties":{"net":"out","o":5}},{"type":"Feature","geometry":{"type":"LineString","coordinates":[[-82.25366,36.02453],[-82.2561,36.02431],[-82.25708,36.02465],[-82.25768,36.02506]]},"properties":{"net":"out","o":5}},{"type":"Feature","geometry":{"type":"LineString","coordinates":[[-82.26722,36.07337],[-82.26653,36.07267],[-82.26635,36.07213],[-82.2669,36.07033],[-82.26692,36.0699],[-82.26753,36.06846],[-82.26768,36.0678],[-82.26739,36.06598],[-82.26762,36.06468],[-82.26743,36.06387],[-82.26749,36.06281],[-82.26673,36.06071]]},"properties":{"net":"sm2928","o":1}},{"type":"Feature","geometry":{"type":"LineString","coordinates":[[-82.25924,36.05853],[-82.25999,36.05898],[-82.2609,36.05932],[-82.26141,36.05963],[-82.26173,36.06002],[-82.26194,36.06014]]},"properties":{"net":"sm2928","o":1}},{"type":"Feature","geometry":{"type":"LineString","coordinates":[[-82.21897,36.01532],[-82.21947,36.01509],[-82.22013,36.01495],[-82.22284,36.01495],[-82.22702,36.01312],[-82.22784,36.01289],[-82.22841,36.01299]]},"properties":{"net":"out","o":6}},{"type":"Feature","geometry":{"type":"LineString","coordinates":[[-82.23011,36.03898],[-82.23003,36.03893]]},"properties":{"net":"out","o":5}},{"type":"Feature","geometry":{"type":"LineString","coordinates":[[-82.22968,36.03703],[-82.22943,36.0356]]},"properties":{"net":"out","o":5}},{"type":"Feature","geometry":{"type":"LineString","coordinates":[[-82.09981,36.09379],[-82.10044,36.0925],[-82.10023,36.09173],[-82.10027,36.09128]]},"properties":{"net":"sm8025192","o":2}},{"type":"Feature","geometry":{"type":"LineString","coordinates":[[-82.20471,35.92803],[-82.20644,35.92968],[-82.2067,35.93021],[-82.20659,35.93056],[-82.20634,35.93071],[-82.2042,35.93053],[-82.2038,35.93077],[-82.20365,35.93134],[-82.20381,35.93197],[-82.20524,35.93354],[-82.2052,35.93397],[-82.2046,35.93452],[-82.204,35.93484],[-82.2031,35.93481],[-82.20207,35.93451],[-82.20075,35.93385],[-82.2001,35.9337],[-82.19897,35.93321],[-82.19827,35.93309]]},"properties":{"net":"out","o":5}},{"type":"Feature","geometry":{"type":"LineString","coordinates":[[-82.16422,36.0133],[-82.1648,36.01373]]},"properties":{"net":"NC6250","o":4}},{"type":"Feature","geometry":{"type":"LineString","coordinates":[[-82.14743,36.01151],[-82.14789,36.01126],[-82.14921,36.01105],[-82.14975,36.01118],[-82.15062,36.01184],[-82.15138,36.01209],[-82.15228,36.01208],[-82.15249,36.01195],[-82.15275,36.0116],[-82.15298,36.01153],[-82.15358,36.0118],[-82.15435,36.01198]]},"properties":{"net":"NC6250","o":4}},{"type":"Feature","geometry":{"type":"LineString","coordinates":[[-82.18612,35.94358],[-82.18669,35.94397]]},"properties":{"net":"out","o":6}},{"type":"Feature","geometry":{"type":"LineString","coordinates":[[-82.19392,36.00089],[-82.19341,36.00148],[-82.19319,36.00243],[-82.19317,36.00401],[-82.19329,36.00486],[-82.19326,36.00547],[-82.19343,36.00628],[-82.19337,36.00635]]},"properties":{"net":"out","o":6}},{"type":"Feature","geometry":{"type":"LineString","coordinates":[[-82.20384,36.01443],[-82.20461,36.01416],[-82.20531,36.01406],[-82.20592,36.01416],[-82.20658,36.01444]]},"properties":{"net":"out","o":6}},{"type":"Feature","geometry":{"type":"LineString","coordinates":[[-82.19518,36.01179],[-82.19582,36.01248],[-82.19621,36.01332],[-82.19618,36.0135],[-82.19687,36.01444],[-82.19775,36.01531],[-82.19866,36.01577],[-82.19995,36.01589],[-82.20086,36.01538],[-82.20384,36.01443]]},"properties":{"net":"out","o":6}},{"type":"Feature","geometry":{"type":"LineString","coordinates":[[-82.19727,36.10286],[-82.19659,36.1015],[-82.19662,36.10098],[-82.19724,36.09932],[-82.19851,36.09848]]},"properties":{"net":"out","o":4}},{"type":"Feature","geometry":{"type":"LineString","coordinates":[[-82.19464,36.10719],[-82.19557,36.10614]]},"properties":{"net":"out","o":4}},{"type":"Feature","geometry":{"type":"LineString","coordinates":[[-82.20495,36.12159],[-82.20464,36.12109],[-82.20452,36.12031],[-82.2047,36.11922],[-82.20512,36.11798],[-82.20499,36.11775],[-82.20457,36.1174],[-82.20435,36.11704],[-82.20412,36.1164],[-82.20415,36.11545],[-82.20392,36.1152]]},"properties":{"net":"out","o":4}},{"type":"Feature","geometry":{"type":"LineString","coordinates":[[-82.06729,35.8985],[-82.06707,35.89855],[-82.06698,35.8987],[-82.06744,35.89947],[-82.06742,35.89972],[-82.06755,35.9],[-82.0674,35.90045],[-82.06686,35.90077],[-82.06648,35.90082],[-82.06572,35.90055],[-82.06505,35.9008],[-82.06443,35.90087]]},"properties":{"net":"NC31609","o":4}},{"type":"Feature","geometry":{"type":"LineString","coordinates":[[-82.06443,35.90087],[-82.06361,35.90067],[-82.06285,35.90061]]},"properties":{"net":"NC31609","o":4}},{"type":"Feature","geometry":{"type":"LineString","coordinates":[[-82.14469,35.8968],[-82.14591,35.89698],[-82.14643,35.89713],[-82.14658,35.89727],[-82.14667,35.89768],[-82.14633,35.89882],[-82.14625,35.90066]]},"properties":{"net":"out","o":4}},{"type":"Feature","geometry":{"type":"LineString","coordinates":[[-82.15928,35.9307],[-82.15971,35.93057],[-82.16026,35.93056]]},"properties":{"net":"out","o":5}},{"type":"Feature","geometry":{"type":"LineString","coordinates":[[-82.1188,36.01373],[-82.11937,36.01382],[-82.12022,36.01412],[-82.12182,36.01522],[-82.123,36.01586],[-82.12317,36.01589],[-82.12384,36.01568],[-82.12448,36.01587]]},"properties":{"net":"NC6250","o":4}},{"type":"Feature","geometry":{"type":"LineString","coordinates":[[-82.20418,35.77911],[-82.20488,35.7797],[-82.20591,35.78022],[-82.20622,35.78051],[-82.20614,35.78118],[-82.20592,35.78141]]},"properties":{"net":"sm2668","o":4}},{"type":"Feature","geometry":{"type":"LineString","coordinates":[[-82.20404,35.77912],[-82.20418,35.77911]]},"properties":{"net":"sm2668","o":3}},{"type":"Feature","geometry":{"type":"LineString","coordinates":[[-82.20399,35.82065],[-82.20338,35.82073],[-82.20255,35.82104]]},"properties":{"net":"sm2697","o":1}},{"type":"Feature","geometry":{"type":"LineString","coordinates":[[-82.20255,35.82104],[-82.20152,35.82139],[-82.20028,35.82217],[-82.19887,35.82253],[-82.19815,35.82298],[-82.19742,35.82367],[-82.197,35.82386],[-82.19526,35.82421],[-82.19386,35.82487],[-82.19236,35.8253],[-82.19169,35.82533],[-82.18932,35.82479]]},"properties":{"net":"sm2682","o":1}},{"type":"Feature","geometry":{"type":"LineString","coordinates":[[-82.18932,35.82479],[-82.18911,35.82471]]},"properties":{"net":"sm2689","o":1}},{"type":"Feature","geometry":{"type":"LineString","coordinates":[[-82.18955,35.82169],[-82.18992,35.82225],[-82.18963,35.82337],[-82.18904,35.82464]]},"properties":{"net":"sm2689","o":4}},{"type":"Feature","geometry":{"type":"LineString","coordinates":[[-82.18911,35.82471],[-82.18904,35.82464]]},"properties":{"net":"sm2689","o":1}},{"type":"Feature","geometry":{"type":"LineString","coordinates":[[-82.19653,35.83196],[-82.19615,35.83174],[-82.19475,35.83129],[-82.19408,35.83093],[-82.19368,35.83037],[-82.19335,35.83008],[-82.19312,35.82967],[-82.19213,35.82888],[-82.19167,35.82829],[-82.19082,35.82802],[-82.19047,35.82758],[-82.1897,35.82716],[-82.18918,35.82715],[-82.18852,35.82751],[-82.18785,35.82767],[-82.18725,35.82754],[-82.18694,35.82789],[-82.18657,35.82807],[-82.18607,35.82851],[-82.18573,35.82855]]},"properties":{"net":"sm2681","o":3}},{"type":"Feature","geometry":{"type":"LineString","coordinates":[[-82.20085,35.89217],[-82.1997,35.89265],[-82.19862,35.89332]]},"properties":{"net":"sm2739","o":2}},{"type":"Feature","geometry":{"type":"LineString","coordinates":[[-82.20317,35.92702],[-82.20388,35.92735],[-82.20471,35.92803]]},"properties":{"net":"out","o":5}},{"type":"Feature","geometry":{"type":"LineString","coordinates":[[-82.18567,35.82847],[-82.18555,35.8291],[-82.18504,35.83017]]},"properties":{"net":"sm2681","o":4}},{"type":"Feature","geometry":{"type":"LineString","coordinates":[[-82.18504,35.83017],[-82.18414,35.83165],[-82.18317,35.83374]]},"properties":{"net":"sm2702","o":4}},{"type":"Feature","geometry":{"type":"LineString","coordinates":[[-82.16046,35.83397],[-82.16125,35.8339],[-82.16442,35.83321]]},"properties":{"net":"sm2691","o":1}},{"type":"Feature","geometry":{"type":"LineString","coordinates":[[-82.16442,35.83321],[-82.16498,35.83308],[-82.16695,35.83303],[-82.1674,35.83283]]},"properties":{"net":"sm2683","o":1}},{"type":"Feature","geometry":{"type":"LineString","coordinates":[[-82.1674,35.83283],[-82.16752,35.83278]]},"properties":{"net":"sm2704","o":1}},{"type":"Feature","geometry":{"type":"LineString","coordinates":[[-82.18211,35.85181],[-82.18202,35.85187]]},"properties":{"net":"sm2705","o":1}},{"type":"Feature","geometry":{"type":"LineString","coordinates":[[-82.18273,35.8556],[-82.18262,35.85598],[-82.18231,35.85642],[-82.18142,35.85685],[-82.18079,35.8566],[-82.17845,35.85481],[-82.1778,35.85466],[-82.17705,35.85483],[-82.1766,35.85481],[-82.17624,35.85455],[-82.17554,35.85443],[-82.1746,35.85512],[-82.17402,35.85581],[-82.17389,35.85613]]},"properties":{"net":"sm2705","o":4}},{"type":"Feature","geometry":{"type":"LineString","coordinates":[[-82.17389,35.85613],[-82.17365,35.85735],[-82.17289,35.85852]]},"properties":{"net":"sm2699","o":4}},{"type":"Feature","geometry":{"type":"LineString","coordinates":[[-82.17519,35.86988],[-82.17561,35.87058],[-82.17613,35.87225]]},"properties":{"net":"sm2724","o":4}},{"type":"Feature","geometry":{"type":"LineString","coordinates":[[-82.17613,35.87225],[-82.17646,35.87263]]},"properties":{"net":"sm2723","o":4}},{"type":"Feature","geometry":{"type":"LineString","coordinates":[[-82.17646,35.87263],[-82.1773,35.87269],[-82.17786,35.87261],[-82.17919,35.87223],[-82.18012,35.87208]]},"properties":{"net":"sm2719","o":4}},{"type":"Feature","geometry":{"type":"LineString","coordinates":[[-81.95314,36.09604],[-81.95432,36.09539],[-81.95513,36.09511],[-81.95712,36.09482],[-81.95776,36.09498],[-81.95839,36.09552],[-81.96042,36.09656],[-81.96098,36.0966],[-81.96125,36.09642],[-81.9618,36.09628]]},"properties":{"net":"NC6622","o":4}},{"type":"Feature","geometry":{"type":"LineString","coordinates":[[-82.00857,35.91729],[-82.00914,35.9168],[-82.01006,35.91622],[-82.01082,35.91602],[-82.01122,35.91613]]},"properties":{"net":"NC6575","o":4}},{"type":"Feature","geometry":{"type":"LineString","coordinates":[[-82.01086,35.95134],[-82.00974,35.95062]]},"properties":{"net":"NC6575","o":4}},{"type":"Feature","geometry":{"type":"LineString","coordinates":[[-82.00385,35.9438],[-82.00325,35.9429],[-82.00094,35.94046],[-82.00032,35.93966]]},"properties":{"net":"NC6575","o":4}},{"type":"Feature","geometry":{"type":"LineString","coordinates":[[-82.01573,35.98189],[-82.0157,35.98178],[-82.01595,35.98142],[-82.01687,35.97918],[-82.0172,35.97737],[-82.01691,35.97701],[-82.01601,35.97694],[-82.01561,35.97668],[-82.01523,35.97627],[-82.01518,35.97609],[-82.01538,35.97477],[-82.0152,35.97428],[-82.0149,35.9727],[-82.01468,35.9722],[-82.01475,35.97181],[-82.0149,35.97172]]},"properties":{"net":"NC6575","o":4}},{"type":"Feature","geometry":{"type":"LineString","coordinates":[[-82.06282,35.9008],[-82.06278,35.90099],[-82.06306,35.90134],[-82.06312,35.90174],[-82.06305,35.90191],[-82.06215,35.90265],[-82.06191,35.90302],[-82.06192,35.90388],[-82.06205,35.90417],[-82.06238,35.90446]]},"properties":{"net":"NC6575","o":4}},{"type":"Feature","geometry":{"type":"LineString","coordinates":[[-82.1716,36.01574],[-82.17193,36.01696]]},"properties":{"net":"NC6250","o":4}},{"type":"Feature","geometry":{"type":"LineString","coordinates":[[-82.1648,36.01373],[-82.16594,36.01398],[-82.16689,36.01446]]},"properties":{"net":"NC6250","o":4}},{"type":"Feature","geometry":{"type":"LineString","coordinates":[[-82.00938,36.02586],[-82.00983,36.02522],[-82.01055,36.02451],[-82.01085,36.0239],[-82.01126,36.02337],[-82.01167,36.02298]]},"properties":{"net":"NC6575","o":4}},{"type":"Feature","geometry":{"type":"LineString","coordinates":[[-82.00135,36.0657],[-82.00139,36.06578]]},"properties":{"net":"NC6622","o":4}},{"type":"Feature","geometry":{"type":"LineString","coordinates":[[-81.99936,36.0743],[-81.9992,36.07345],[-81.99865,36.07205],[-81.99883,36.07135],[-81.99923,36.07089],[-81.99945,36.07044],[-81.99956,36.06984],[-81.99925,36.06735],[-81.99938,36.06643],[-81.99962,36.0661],[-82.00005,36.06582]]},"properties":{"net":"NC6622","o":4}},{"type":"Feature","geometry":{"type":"LineString","coordinates":[[-83.21996,36.12873],[-83.22031,36.12712],[-83.22107,36.12609],[-83.22139,36.12529],[-83.22204,36.12464],[-83.22331,36.12301],[-83.22478,36.12211]]},"properties":{"net":"out","o":7}},{"type":"Feature","geometry":{"type":"LineString","coordinates":[[-83.23553,36.13266],[-83.23468,36.13177]]},"properties":{"net":"out","o":4}},{"type":"Feature","geometry":{"type":"LineString","coordinates":[[-83.21064,36.14432],[-83.21128,36.14507],[-83.21133,36.14529],[-83.21276,36.14675],[-83.2142,36.14759],[-83.21478,36.14819],[-83.21485,36.14859],[-83.21527,36.14903],[-83.21671,36.15012]]},"properties":{"net":"out","o":7}},{"type":"Feature","geometry":{"type":"LineString","coordinates":[[-83.17577,36.12638],[-83.1759,36.12666]]},"properties":{"net":"out","o":4}},{"type":"Feature","geometry":{"type":"LineString","coordinates":[[-83.18217,36.16246],[-83.18191,36.16176]]},"properties":{"net":"out","o":7}},{"type":"Feature","geometry":{"type":"LineString","coordinates":[[-83.04528,36.17872],[-83.04595,36.17826],[-83.04653,36.1783]]},"properties":{"net":"out","o":4}},{"type":"Feature","geometry":{"type":"LineString","coordinates":[[-83.043,36.17928],[-83.04386,36.17937],[-83.04437,36.17932],[-83.04505,36.17894],[-83.04528,36.17872]]},"properties":{"net":"out","o":4}},{"type":"Feature","geometry":{"type":"LineString","coordinates":[[-83.04127,36.17901],[-83.043,36.17928]]},"properties":{"net":"out","o":4}},{"type":"Feature","geometry":{"type":"LineString","coordinates":[[-83.0236,36.21532],[-83.02369,36.21553],[-83.02362,36.21621],[-83.02387,36.21656],[-83.02493,36.21754],[-83.02622,36.21794],[-83.02627,36.21803]]},"properties":{"net":"out","o":6}},{"type":"Feature","geometry":{"type":"LineString","coordinates":[[-83.05326,36.14958],[-83.05401,36.15054],[-83.05467,36.15118],[-83.05512,36.15206]]},"properties":{"net":"out","o":4}},{"type":"Feature","geometry":{"type":"LineString","coordinates":[[-83.06549,36.03503],[-83.06631,36.03604]]},"properties":{"net":"out","o":4}},{"type":"Feature","geometry":{"type":"LineString","coordinates":[[-83.03441,36.09261],[-83.03468,36.0926],[-83.03491,36.09284],[-83.03556,36.09302],[-83.03587,36.09305],[-83.03612,36.0929],[-83.03643,36.09297],[-83.03735,36.09365],[-83.03822,36.09414],[-83.03927,36.09512],[-83.03991,36.09559],[-83.04084,36.09572],[-83.04255,36.09569]]},"properties":{"net":"out","o":7}},{"type":"Feature","geometry":{"type":"LineString","coordinates":[[-83.03021,36.11878],[-83.03025,36.11854],[-83.03047,36.11835],[-83.0309,36.11822],[-83.03126,36.11825],[-83.03148,36.11839],[-83.03173,36.11885],[-83.03233,36.1191],[-83.03306,36.11965],[-83.0345,36.11972]]},"properties":{"net":"out","o":5}},{"type":"Feature","geometry":{"type":"LineString","coordinates":[[-83.06211,36.03357],[-83.06284,36.03398],[-83.06371,36.03405],[-83.065,36.03441],[-83.0652,36.03456],[-83.06549,36.03503]]},"properties":{"net":"out","o":4}},{"type":"Feature","geometry":{"type":"LineString","coordinates":[[-83.0528,36.06493],[-83.05374,36.06549],[-83.05382,36.06571]]},"properties":{"net":"out","o":4}},{"type":"Feature","geometry":{"type":"LineString","coordinates":[[-83.06083,36.08135],[-83.06089,36.08225]]},"properties":{"net":"out","o":5}},{"type":"Feature","geometry":{"type":"LineString","coordinates":[[-83.05382,36.06571],[-83.05375,36.06622],[-83.05515,36.06719],[-83.05608,36.06814],[-83.05692,36.06857],[-83.05712,36.06905],[-83.05753,36.06953],[-83.0578,36.07004],[-83.05799,36.07076],[-83.05813,36.07094]]},"properties":{"net":"out","o":4}},{"type":"Feature","geometry":{"type":"LineString","coordinates":[[-83.06304,36.10291],[-83.0642,36.10249],[-83.06546,36.10173],[-83.0666,36.10038],[-83.06706,36.09931],[-83.06745,36.09701],[-83.06738,36.09376]]},"properties":{"net":"out","o":7}},{"type":"Feature","geometry":{"type":"LineString","coordinates":[[-83.16571,36.10585],[-83.16591,36.10636]]},"properties":{"net":"out","o":4}},{"type":"Feature","geometry":{"type":"LineString","coordinates":[[-83.16307,36.09055],[-83.1634,36.09125],[-83.16343,36.09203],[-83.16472,36.09312]]},"properties":{"net":"out","o":4}},{"type":"Feature","geometry":{"type":"LineString","coordinates":[[-83.16847,36.18439],[-83.16874,36.18402],[-83.17012,36.18305],[-83.17091,36.18296],[-83.17116,36.1828],[-83.1713,36.18224],[-83.17108,36.18197],[-83.17082,36.1819]]},"properties":{"net":"out","o":4}},{"type":"Feature","geometry":{"type":"LineString","coordinates":[[-83.15817,36.1952],[-83.15779,36.19505],[-83.15764,36.19489],[-83.15767,36.19472],[-83.15854,36.19359],[-83.15939,36.19314],[-83.16011,36.19318],[-83.16031,36.19331],[-83.1605,36.19326],[-83.16056,36.1929],[-83.16028,36.19215],[-83.15933,36.19136],[-83.15934,36.1911]]},"properties":{"net":"out","o":4}},{"type":"Feature","geometry":{"type":"LineString","coordinates":[[-83.19429,36.12868],[-83.19557,36.12914],[-83.19675,36.12988]]},"properties":{"net":"out","o":7}},{"type":"Feature","geometry":{"type":"LineString","coordinates":[[-83.29563,36.11289],[-83.29463,36.11334],[-83.29166,36.11435],[-83.29031,36.11489],[-83.28924,36.11521],[-83.28682,36.11566],[-83.28654,36.11587]]},"properties":{"net":"out","o":4}},{"type":"Feature","geometry":{"type":"LineString","coordinates":[[-83.2377,36.09908],[-83.2371,36.09788],[-83.2366,36.09622]]},"properties":{"net":"out","o":7}},{"type":"Feature","geometry":{"type":"LineString","coordinates":[[-83.27525,36.12043],[-83.27476,36.12079],[-83.27371,36.1211],[-83.27268,36.1217],[-83.27238,36.12199],[-83.27143,36.12247],[-83.26969,36.12367],[-83.26891,36.12406],[-83.26842,36.12461],[-83.26814,36.12528],[-83.26772,36.12584],[-83.26748,36.12651],[-83.26655,36.12734],[-83.26584,36.12813]]},"properties":{"net":"out","o":4}},{"type":"Feature","geometry":{"type":"LineString","coordinates":[[-83.26584,36.12813],[-83.26496,36.12877]]},"properties":{"net":"out","o":4}},{"type":"Feature","geometry":{"type":"LineString","coordinates":[[-83.26496,36.12877],[-83.26448,36.12897],[-83.26412,36.1293],[-83.26396,36.13005]]},"properties":{"net":"out","o":4}},{"type":"Feature","geometry":{"type":"LineString","coordinates":[[-83.26003,36.13525],[-83.25981,36.13567],[-83.25956,36.13584],[-83.25836,36.13572],[-83.25775,36.13549],[-83.2564,36.13549],[-83.25563,36.13616],[-83.2552,36.13627],[-83.25477,36.13609],[-83.25368,36.13524],[-83.25331,36.13508],[-83.25299,36.13509],[-83.25093,36.13564],[-83.25076,36.13578],[-83.25037,36.13672],[-83.24974,36.13706],[-83.24924,36.13713],[-83.24844,36.13692],[-83.24809,36.13695],[-83.24753,36.13765],[-83.24652,36.13826]]},"properties":{"net":"out","o":4}},{"type":"Feature","geometry":{"type":"LineString","coordinates":[[-83.19702,36.13016],[-83.19687,36.13047]]},"properties":{"net":"out","o":7}},{"type":"Feature","geometry":{"type":"LineString","coordinates":[[-83.07008,36.19161],[-83.07032,36.19131],[-83.07033,36.19077],[-83.07001,36.19048],[-83.06921,36.19018],[-83.06839,36.18937],[-83.06823,36.18928],[-83.0668,36.18912],[-83.06623,36.18928],[-83.06584,36.1892],[-83.06572,36.18908],[-83.06566,36.18842],[-83.06574,36.18818],[-83.06629,36.18766],[-83.06635,36.18731],[-83.06624,36.18712],[-83.06562,36.18654],[-83.06513,36.18649],[-83.06429,36.18662],[-83.06394,36.18658],[-83.06352,36.18635],[-83.06293,36.18582],[-83.06234,36.18503],[-83.06173,36.18385],[-83.06152,36.18246],[-83.06222,36.18073],[-83.06321,36.17976],[-83.06407,36.17924],[-83.06476,36.17901]]},"properties":{"net":"out","o":6}},{"type":"Feature","geometry":{"type":"LineString","coordinates":[[-83.06023,36.19054],[-83.06038,36.19062],[-83.06075,36.19063],[-83.0613,36.19029],[-83.06171,36.1903],[-83.06218,36.19046],[-83.06345,36.19125],[-83.06367,36.19127],[-83.06437,36.19091],[-83.0651,36.19085],[-83.06586,36.19093],[-83.06618,36.19118],[-83.0662,36.19212],[-83.0664,36.19251],[-83.06701,36.19264],[-83.0681,36.19246]]},"properties":{"net":"out","o":6}},{"type":"Feature","geometry":{"type":"LineString","coordinates":[[-82.93147,36.17303],[-82.93155,36.17307],[-82.93269,36.17276],[-82.93396,36.17276],[-82.93468,36.1723],[-82.93521,36.1721],[-82.93605,36.17241]]},"properties":{"net":"out","o":5}},{"type":"Feature","geometry":{"type":"LineString","coordinates":[[-82.92604,36.17023],[-82.92647,36.17074],[-82.92693,36.17098],[-82.92747,36.17109]]},"properties":{"net":"out","o":5}},{"type":"Feature","geometry":{"type":"LineString","coordinates":[[-82.95793,36.23117],[-82.95898,36.23118],[-82.96041,36.23025],[-82.96167,36.22978],[-82.96223,36.22944],[-82.96229,36.22909],[-82.96191,36.22865],[-82.96193,36.22838]]},"properties":{"net":"out","o":6}},{"type":"Feature","geometry":{"type":"LineString","coordinates":[[-82.95451,36.23289],[-82.95503,36.23226],[-82.95617,36.23145],[-82.95679,36.23126],[-82.95793,36.23117]]},"properties":{"net":"out","o":6}},{"type":"Feature","geometry":{"type":"LineString","coordinates":[[-83.07132,36.0386],[-83.07252,36.03941]]},"properties":{"net":"out","o":4}},{"type":"Feature","geometry":{"type":"LineString","coordinates":[[-82.94941,36.06745],[-82.95073,36.06792],[-82.9513,36.06827],[-82.95239,36.06929]]},"properties":{"net":"out","o":7}},{"type":"Feature","geometry":{"type":"LineString","coordinates":[[-82.95375,36.1066],[-82.9543,36.10634],[-82.95513,36.10544],[-82.95523,36.10508],[-82.95486,36.10413],[-82.95489,36.10396],[-82.95603,36.10317]]},"properties":{"net":"out","o":4}},{"type":"Feature","geometry":{"type":"LineString","coordinates":[[-83.07601,36.04702],[-83.07677,36.04741],[-83.07759,36.04741],[-83.0784,36.04725],[-83.07981,36.04677],[-83.07997,36.0468],[-83.08012,36.04705]]},"properties":{"net":"out","o":4}},{"type":"Feature","geometry":{"type":"LineString","coordinates":[[-83.07366,36.0656],[-83.07305,36.06619],[-83.07279,36.06636],[-83.07234,36.06646],[-83.0709,36.06773],[-83.07031,36.06796]]},"properties":{"net":"out","o":5}},{"type":"Feature","geometry":{"type":"LineString","coordinates":[[-83.07031,36.06796],[-83.07006,36.06813],[-83.06984,36.06863],[-83.06975,36.06872],[-83.06951,36.06872]]},"properties":{"net":"out","o":5}},{"type":"Feature","geometry":{"type":"LineString","coordinates":[[-83.08401,36.10545],[-83.0848,36.10614],[-83.08515,36.10618],[-83.08542,36.10647],[-83.08581,36.10654],[-83.08604,36.10679],[-83.08639,36.1069],[-83.08736,36.10758],[-83.08776,36.10762],[-83.08795,36.10782]]},"properties":{"net":"out","o":7}},{"type":"Feature","geometry":{"type":"LineString","coordinates":[[-83.07854,36.15169],[-83.08083,36.15173]]},"properties":{"net":"out","o":6}},{"type":"Feature","geometry":{"type":"LineString","coordinates":[[-83.06673,36.16269],[-83.06678,36.16216],[-83.06692,36.16188],[-83.06728,36.1616],[-83.06792,36.16156],[-83.06818,36.16141],[-83.06829,36.16128],[-83.0683,36.1607],[-83.06799,36.16038],[-83.06712,36.15989],[-83.06627,36.15882],[-83.06604,36.1588],[-83.0656,36.15904],[-83.06537,36.1593],[-83.06515,36.16029],[-83.06495,36.16066],[-83.06466,36.16081],[-83.064,36.1607],[-83.06373,36.16038],[-83.06355,36.15989],[-83.06344,36.15894],[-83.06349,36.15866],[-83.06329,36.15745],[-83.06343,36.15685],[-83.06375,36.15631],[-83.06381,36.15574],[-83.06349,36.15545],[-83.0622,36.1554],[-83.06199,36.1553]]},"properties":{"net":"out","o":6}},{"type":"Feature","geometry":{"type":"LineString","coordinates":[[-82.92049,36.16925],[-82.92095,36.16967],[-82.92126,36.1697],[-82.9224,36.16893],[-82.92301,36.16878],[-82.92338,36.16882]]},"properties":{"net":"out","o":5}},{"type":"Feature","geometry":{"type":"LineString","coordinates":[[-82.96248,36.16106],[-82.9622,36.16061],[-82.96212,36.15985],[-82.96184,36.15926]]},"properties":{"net":"out","o":4}},{"type":"Feature","geometry":{"type":"LineString","coordinates":[[-82.93979,36.02138],[-82.93673,36.02358]]},"properties":{"net":"out","o":4}},{"type":"Feature","geometry":{"type":"LineString","coordinates":[[-83.07926,36.2565],[-83.07965,36.25635],[-83.08016,36.25596],[-83.08083,36.25519],[-83.08167,36.25502],[-83.08221,36.25463],[-83.08275,36.25402],[-83.08385,36.25224]]},"properties":{"net":"out","o":4}},{"type":"Feature","geometry":{"type":"LineString","coordinates":[[-83.09148,36.24552],[-83.09424,36.24512],[-83.09554,36.24524],[-83.09592,36.24514],[-83.09674,36.24461],[-83.09763,36.24442],[-83.09813,36.24456],[-83.09932,36.24565],[-83.09982,36.24592],[-83.1003,36.24601],[-83.10058,36.24597],[-83.10105,36.24567],[-83.10158,36.24567],[-83.10347,36.24524],[-83.10411,36.24494],[-83.10524,36.24489]]},"properties":{"net":"out","o":4}},{"type":"Feature","geometry":{"type":"LineString","coordinates":[[-83.1231,36.22685],[-83.12413,36.22628],[-83.12487,36.22606]]},"properties":{"net":"out","o":4}},{"type":"Feature","geometry":{"type":"LineString","coordinates":[[-83.11167,36.23997],[-83.1116,36.23938],[-83.11201,36.23906],[-83.11227,36.23864]]},"properties":{"net":"out","o":4}},{"type":"Feature","geometry":{"type":"LineString","coordinates":[[-83.1322,36.14714],[-83.13212,36.14711]]},"properties":{"net":"out","o":6}},{"type":"Feature","geometry":{"type":"LineString","coordinates":[[-83.13207,36.14636],[-83.13288,36.14605],[-83.13335,36.14503],[-83.13358,36.1448],[-83.13399,36.14502],[-83.13417,36.14545],[-83.13471,36.14597],[-83.13488,36.14626],[-83.13487,36.1466],[-83.13477,36.14674],[-83.13396,36.14707],[-83.13282,36.14697],[-83.1322,36.14714]]},"properties":{"net":"out","o":6}},{"type":"Feature","geometry":{"type":"LineString","coordinates":[[-83.13141,36.14804],[-83.13128,36.14857],[-83.13148,36.14922]]},"properties":{"net":"out","o":6}},{"type":"Feature","geometry":{"type":"LineString","coordinates":[[-83.14101,36.15614],[-83.13992,36.15699],[-83.13977,36.15701]]},"properties":{"net":"out","o":6}},{"type":"Feature","geometry":{"type":"LineString","coordinates":[[-83.10127,36.12066],[-83.10153,36.12073]]},"properties":{"net":"out","o":7}},{"type":"Feature","geometry":{"type":"LineString","coordinates":[[-83.09612,36.12036],[-83.0964,36.12031],[-83.09688,36.12094],[-83.09761,36.12091],[-83.09804,36.121],[-83.099,36.122],[-83.09953,36.12181],[-83.10045,36.12122],[-83.10106,36.12107],[-83.10137,36.12085],[-83.10127,36.12066]]},"properties":{"net":"out","o":5}},{"type":"Feature","geometry":{"type":"LineString","coordinates":[[-82.97917,36.27303],[-82.97941,36.27226]]},"properties":{"net":"out","o":4}},{"type":"Feature","geometry":{"type":"LineString","coordinates":[[-82.85657,36.08215],[-82.85761,36.0815],[-82.85834,36.08068],[-82.85935,36.07928],[-82.85948,36.07854]]},"properties":{"net":"out","o":7}},{"type":"Feature","geometry":{"type":"LineString","coordinates":[[-82.96556,36.00862],[-82.96423,36.00863],[-82.96324,36.00881],[-82.96292,36.00897]]},"properties":{"net":"out","o":4}},{"type":"Feature","geometry":{"type":"LineString","coordinates":[[-82.85942,36.21766],[-82.86142,36.21754],[-82.86295,36.21775]]},"properties":{"net":"out","o":5}},{"type":"Feature","geometry":{"type":"LineString","coordinates":[[-82.85384,36.25097],[-82.85516,36.25038],[-82.85623,36.2501],[-82.85634,36.24977],[-82.85746,36.24924],[-82.85768,36.24924],[-82.85806,36.24961],[-82.85825,36.24966],[-82.859,36.24967],[-82.85922,36.24947]]},"properties":{"net":"out","o":4}},{"type":"Feature","geometry":{"type":"LineString","coordinates":[[-82.97834,36.09121],[-82.97964,36.09105],[-82.98015,36.09119],[-82.98065,36.09153],[-82.98142,36.09184]]},"properties":{"net":"out","o":4}},{"type":"Feature","geometry":{"type":"LineString","coordinates":[[-82.86416,36.2685],[-82.86376,36.26817],[-82.86305,36.26805],[-82.86267,36.26778]]},"properties":{"net":"out","o":6}},{"type":"Feature","geometry":{"type":"LineString","coordinates":[[-82.86267,36.26778],[-82.86173,36.26692],[-82.86164,36.26674]]},"properties":{"net":"out","o":6}},{"type":"Feature","geometry":{"type":"LineString","coordinates":[[-82.86401,36.26426],[-82.86405,36.2642],[-82.86385,36.26399],[-82.86345,36.26395],[-82.86211,36.26438],[-82.86138,36.26437],[-82.86096,36.26418],[-82.86077,36.26398],[-82.86074,36.26365],[-82.86087,36.26345],[-82.86138,36.26311],[-82.86155,36.26266],[-82.86191,36.26241],[-82.862,36.26213],[-82.86125,36.26161]]},"properties":{"net":"out","o":6}},{"type":"Feature","geometry":{"type":"LineString","coordinates":[[-82.85753,36.27418],[-82.85764,36.27412],[-82.85839,36.27424],[-82.85874,36.27453],[-82.85877,36.27515],[-82.8594,36.27594],[-82.85965,36.27662],[-82.86023,36.2769],[-82.86068,36.27695],[-82.86113,36.27685]]},"properties":{"net":"out","o":6}},{"type":"Feature","geometry":{"type":"LineString","coordinates":[[-82.97468,36.15294],[-82.97495,36.15318],[-82.97525,36.15329],[-82.97578,36.15313],[-82.97622,36.15318],[-82.97648,36.1531]]},"properties":{"net":"out","o":5}},{"type":"Feature","geometry":{"type":"LineString","coordinates":[[-82.86202,35.9847],[-82.86145,35.98517],[-82.86069,35.98541],[-82.86002,35.98592],[-82.85922,35.98697]]},"properties":{"net":"out","o":4}},{"type":"Feature","geometry":{"type":"LineString","coordinates":[[-82.86048,36.03934],[-82.86144,36.03963],[-82.86235,36.04009],[-82.86261,36.04041],[-82.8624,36.04082],[-82.86241,36.041],[-82.86274,36.04121],[-82.86314,36.04122],[-82.86342,36.04097],[-82.86353,36.04029],[-82.86353,36.03947],[-82.86362,36.03926],[-82.86377,36.03924],[-82.86419,36.03939],[-82.86512,36.04004],[-82.86649,36.04069],[-82.86774,36.04083],[-82.86876,36.04066]]},"properties":{"net":"out","o":5}},{"type":"Feature","geometry":{"type":"LineString","coordinates":[[-82.96525,36.15691],[-82.96615,36.15694],[-82.96635,36.15685],[-82.96643,36.15639],[-82.96626,36.15591]]},"properties":{"net":"out","o":5}},{"type":"Feature","geometry":{"type":"LineString","coordinates":[[-82.96285,36.15539],[-82.96442,36.1565],[-82.96525,36.15691]]},"properties":{"net":"out","o":5}},{"type":"Feature","geometry":{"type":"LineString","coordinates":[[-82.9764,36.21311],[-82.97803,36.21241]]},"properties":{"net":"out","o":6}},{"type":"Feature","geometry":{"type":"LineString","coordinates":[[-82.9729,36.22434],[-82.97308,36.22382],[-82.97285,36.22358],[-82.97243,36.22339],[-82.97181,36.22256]]},"properties":{"net":"out","o":6}},{"type":"Feature","geometry":{"type":"LineString","coordinates":[[-82.9709,36.22542],[-82.97104,36.22518],[-82.97149,36.22491],[-82.97225,36.2247],[-82.9729,36.22434]]},"properties":{"net":"out","o":6}},{"type":"Feature","geometry":{"type":"LineString","coordinates":[[-83.02465,36.12087],[-83.02353,36.12029],[-83.02234,36.12015]]},"properties":{"net":"out","o":5}},{"type":"Feature","geometry":{"type":"LineString","coordinates":[[-83.01051,36.1241],[-83.01043,36.12401],[-83.0106,36.1236],[-83.01329,36.12216],[-83.0136,36.12249],[-83.0141,36.12247]]},"properties":{"net":"out","o":5}},{"type":"Feature","geometry":{"type":"LineString","coordinates":[[-82.99834,36.08547],[-82.99891,36.08598],[-82.99909,36.086],[-82.9997,36.08664],[-83.00085,36.08677],[-83.0014,36.08697],[-83.00243,36.08714]]},"properties":{"net":"out","o":7}},{"type":"Feature","geometry":{"type":"LineString","coordinates":[[-82.99737,36.0844],[-82.99834,36.08547]]},"properties":{"net":"out","o":7}},{"type":"Feature","geometry":{"type":"LineString","coordinates":[[-83.02502,36.21954],[-83.02504,36.21953]]},"properties":{"net":"out","o":4}},{"type":"Feature","geometry":{"type":"LineString","coordinates":[[-83.01571,36.23912],[-83.01712,36.2381],[-83.01724,36.23753],[-83.01721,36.23707]]},"properties":{"net":"out","o":4}},{"type":"Feature","geometry":{"type":"LineString","coordinates":[[-83.01633,36.24172],[-83.01701,36.24064],[-83.01636,36.24041],[-83.01635,36.23978],[-83.01647,36.23948],[-83.01571,36.23912]]},"properties":{"net":"out","o":4}},{"type":"Feature","geometry":{"type":"LineString","coordinates":[[-83.00788,36.25386],[-83.00883,36.25365],[-83.00921,36.25342],[-83.00952,36.25238],[-83.01004,36.25194],[-83.00992,36.25104],[-83.00997,36.25076],[-83.01019,36.25042],[-83.01097,36.24975],[-83.01096,36.24955],[-83.01056,36.24878],[-83.01065,36.24843],[-83.01111,36.24781],[-83.01147,36.2477],[-83.01207,36.24791],[-83.01292,36.24801],[-83.014,36.24788]]},"properties":{"net":"out","o":4}},{"type":"Feature","geometry":{"type":"LineString","coordinates":[[-83.00952,36.2012],[-83.01192,36.2026],[-83.01258,36.20271],[-83.01363,36.20242],[-83.01426,36.20246],[-83.0146,36.20261]]},"properties":{"net":"out","o":6}},{"type":"Feature","geometry":{"type":"LineString","coordinates":[[-82.98835,36.2061],[-82.98855,36.20598],[-82.98915,36.20593],[-82.98977,36.20575],[-82.99215,36.20482],[-82.99474,36.20332]]},"properties":{"net":"out","o":6}},{"type":"Feature","geometry":{"type":"LineString","coordinates":[[-82.94198,36.30748],[-82.94201,36.30682],[-82.94228,36.30664],[-82.94231,36.30642],[-82.9426,36.30602],[-82.94259,36.30531],[-82.94226,36.30461],[-82.94224,36.30434],[-82.94251,36.30399],[-82.94282,36.3038]]},"properties":{"net":"out","o":4}},{"type":"Feature","geometry":{"type":"LineString","coordinates":[[-82.97941,36.27226],[-82.97946,36.27208],[-82.97934,36.2712],[-82.97943,36.27072],[-82.97951,36.27065],[-82.97974,36.27069],[-82.98,36.27095],[-82.9805,36.27106],[-82.98119,36.27022],[-82.98087,36.26963],[-82.98108,36.26893],[-82.98051,36.2683],[-82.98049,36.2681],[-82.98063,36.26783],[-82.98195,36.26694],[-82.98306,36.26645],[-82.98357,36.26605],[-82.98408,36.2658],[-82.9843,36.26571],[-82.98525,36.26579],[-82.98586,36.26554]]},"properties":{"net":"out","o":4}},{"type":"Feature","geometry":{"type":"LineString","coordinates":[[-82.80404,36.01906],[-82.80586,36.01907],[-82.80748,36.01881],[-82.80828,36.01913],[-82.80912,36.01993],[-82.80951,36.0201],[-82.81046,36.02011],[-82.81197,36.01993]]},"properties":{"net":"out","o":4}},{"type":"Feature","geometry":{"type":"LineString","coordinates":[[-82.80079,36.01946],[-82.80245,36.01897]]},"properties":{"net":"out","o":4}},{"type":"Feature","geometry":{"type":"LineString","coordinates":[[-82.80024,36.01977],[-82.80079,36.01946]]},"properties":{"net":"out","o":4}},{"type":"Feature","geometry":{"type":"LineString","coordinates":[[-82.80464,36.23932],[-82.80523,36.23911],[-82.80605,36.23901]]},"properties":{"net":"out","o":4}},{"type":"Feature","geometry":{"type":"LineString","coordinates":[[-82.79915,36.25139],[-82.79986,36.25072],[-82.79987,36.25049],[-82.79969,36.25028],[-82.79983,36.24982],[-82.79894,36.24847],[-82.79882,36.24816],[-82.79891,36.24787],[-82.79868,36.24769],[-82.79871,36.2462],[-82.79844,36.24506]]},"properties":{"net":"out","o":4}},{"type":"Feature","geometry":{"type":"LineString","coordinates":[[-82.81431,36.06344],[-82.81469,36.06311],[-82.81512,36.06244]]},"properties":{"net":"out","o":4}},{"type":"Feature","geometry":{"type":"LineString","coordinates":[[-82.79481,36.05439],[-82.79542,36.05498],[-82.79564,36.0554],[-82.79593,36.05569],[-82.79703,36.0562]]},"properties":{"net":"out","o":4}},{"type":"Feature","geometry":{"type":"LineString","coordinates":[[-82.8018,36.32687],[-82.80202,36.32654]]},"properties":{"net":"out","o":4}},{"type":"Feature","geometry":{"type":"LineString","coordinates":[[-82.8942,36.03815],[-82.89382,36.0386],[-82.89261,36.03937],[-82.8923,36.03968],[-82.89113,36.04011],[-82.89062,36.04063]]},"properties":{"net":"out","o":4}},{"type":"Feature","geometry":{"type":"LineString","coordinates":[[-82.89537,36.05577],[-82.8961,36.05583]]},"properties":{"net":"out","o":7}},{"type":"Feature","geometry":{"type":"LineString","coordinates":[[-82.80412,36.11291],[-82.80352,36.11223],[-82.80371,36.11191],[-82.80377,36.11156],[-82.80341,36.11034],[-82.80291,36.10963],[-82.80265,36.109],[-82.80191,36.10824],[-82.8019,36.10798],[-82.8022,36.10694],[-82.80213,36.10674],[-82.80184,36.10648]]},"properties":{"net":"out","o":4}},{"type":"Feature","geometry":{"type":"LineString","coordinates":[[-82.80184,36.10648],[-82.80179,36.10639],[-82.80151,36.10643]]},"properties":{"net":"out","o":4}},{"type":"Feature","geometry":{"type":"LineString","coordinates":[[-82.7996,36.33029],[-82.80032,36.32928],[-82.80038,36.32907],[-82.80107,36.3285]]},"properties":{"net":"out","o":4}},{"type":"Feature","geometry":{"type":"LineString","coordinates":[[-82.88423,36.06555],[-82.88518,36.06555],[-82.88575,36.0654],[-82.88672,36.06449],[-82.88908,36.06288]]},"properties":{"net":"out","o":7}},{"type":"Feature","geometry":{"type":"LineString","coordinates":[[-82.87963,36.04767],[-82.88037,36.0485],[-82.8811,36.04898],[-82.88244,36.04905],[-82.8829,36.04903],[-82.8833,36.04882],[-82.88408,36.04769],[-82.88471,36.04747],[-82.88542,36.04755],[-82.88583,36.04781],[-82.88578,36.04805],[-82.88548,36.04824],[-82.8847,36.04833],[-82.88445,36.04845],[-82.88438,36.04858],[-82.88448,36.04903],[-82.88468,36.04923],[-82.88522,36.04947],[-82.88588,36.04958],[-82.88607,36.04953],[-82.887,36.04967],[-82.8872,36.04955],[-82.88729,36.04927],[-82.88671,36.04818],[-82.8867,36.04798],[-82.88706,36.04773],[-82.88765,36.04765],[-82.88801,36.04772],[-82.88881,36.04835],[-82.88919,36.04852]]},"properties":{"net":"out","o":5}},{"type":"Feature","geometry":{"type":"LineString","coordinates":[[-82.88517,36.12171],[-82.88545,36.12175],[-82.88589,36.12231],[-82.88668,36.12282],[-82.88753,36.12365]]},"properties":{"net":"out","o":4}},{"type":"Feature","geometry":{"type":"LineString","coordinates":[[-82.80935,36.23497],[-82.81053,36.23395],[-82.81062,36.23331],[-82.81115,36.2327]]},"properties":{"net":"out","o":4}},{"type":"Feature","geometry":{"type":"LineString","coordinates":[[-82.90137,36.16211],[-82.90137,36.16197]]},"properties":{"net":"out","o":4}},{"type":"Feature","geometry":{"type":"LineString","coordinates":[[-82.88754,36.21291],[-82.88914,36.21397]]},"properties":{"net":"out","o":4}},{"type":"Feature","geometry":{"type":"LineString","coordinates":[[-82.88492,36.226],[-82.88526,36.22585],[-82.88635,36.22495]]},"properties":{"net":"out","o":5}},{"type":"Feature","geometry":{"type":"LineString","coordinates":[[-82.87988,36.22946],[-82.88059,36.22959],[-82.88133,36.22917]]},"properties":{"net":"out","o":5}},{"type":"Feature","geometry":{"type":"LineString","coordinates":[[-82.89168,36.25246],[-82.89162,36.25249]]},"properties":{"net":"out","o":5}},{"type":"Feature","geometry":{"type":"LineString","coordinates":[[-82.9183,36.25762],[-82.91833,36.25713],[-82.91801,36.25674],[-82.91792,36.25624],[-82.91843,36.25579],[-82.91904,36.25441],[-82.91854,36.2524],[-82.91851,36.25168],[-82.91822,36.25111],[-82.91928,36.24968],[-82.91966,36.24828],[-82.91973,36.24744],[-82.92034,36.24651]]},"properties":{"net":"out","o":4}},{"type":"Feature","geometry":{"type":"LineString","coordinates":[[-82.91512,36.2455],[-82.91622,36.24576],[-82.91734,36.24535],[-82.91804,36.24546],[-82.92041,36.24644]]},"properties":{"net":"out","o":6}},{"type":"Feature","geometry":{"type":"LineString","coordinates":[[-82.88155,36.25167],[-82.88167,36.25143],[-82.88099,36.25078],[-82.88101,36.25053],[-82.88154,36.25024],[-82.88325,36.25019],[-82.8835,36.25026],[-82.88379,36.25019],[-82.88395,36.25],[-82.88358,36.24963],[-82.88358,36.24934],[-82.88423,36.24901],[-82.88439,36.24863],[-82.88467,36.24851]]},"properties":{"net":"out","o":6}},{"type":"Feature","geometry":{"type":"LineString","coordinates":[[-82.89378,36.25961],[-82.89379,36.25855],[-82.89366,36.25814]]},"properties":{"net":"out","o":4}},{"type":"Feature","geometry":{"type":"LineString","coordinates":[[-82.90026,36.03367],[-82.89966,36.03438],[-82.89845,36.03527],[-82.89823,36.03554],[-82.89713,36.03597],[-82.8969,36.0364],[-82.8965,36.03674],[-82.8942,36.03815]]},"properties":{"net":"out","o":4}},{"type":"Feature","geometry":{"type":"LineString","coordinates":[[-82.90749,36.20959],[-82.90711,36.20969],[-82.90659,36.20964],[-82.90635,36.20997],[-82.90575,36.21048],[-82.90504,36.21074],[-82.90469,36.21124],[-82.90466,36.21146]]},"properties":{"net":"out","o":4}},{"type":"Feature","geometry":{"type":"LineString","coordinates":[[-82.90736,36.22877],[-82.90756,36.22939],[-82.9083,36.23],[-82.90839,36.23029]]},"properties":{"net":"out","o":4}},{"type":"Feature","geometry":{"type":"LineString","coordinates":[[-82.90719,36.23241],[-82.90706,36.23486],[-82.90711,36.23538],[-82.90756,36.23646],[-82.90819,36.23699],[-82.90815,36.23732]]},"properties":{"net":"out","o":4}},{"type":"Feature","geometry":{"type":"LineString","coordinates":[[-82.91136,36.06027],[-82.91136,36.0604],[-82.91114,36.06063],[-82.91063,36.06097]]},"properties":{"net":"out","o":5}},{"type":"Feature","geometry":{"type":"LineString","coordinates":[[-82.90522,36.07429],[-82.9057,36.07449],[-82.90616,36.07454]]},"properties":{"net":"out","o":7}},{"type":"Feature","geometry":{"type":"LineString","coordinates":[[-82.90259,36.07113],[-82.9029,36.07108],[-82.90336,36.07156],[-82.90379,36.07222],[-82.90376,36.0724],[-82.90395,36.0726],[-82.9044,36.07366],[-82.9047,36.07402],[-82.90522,36.07429]]},"properties":{"net":"out","o":7}},{"type":"Feature","geometry":{"type":"LineString","coordinates":[[-82.90516,36.09629],[-82.90599,36.09587],[-82.9072,36.09499],[-82.90921,36.09421],[-82.90971,36.09381],[-82.91418,36.09128],[-82.91459,36.0911],[-82.91504,36.09111],[-82.91574,36.08993],[-82.91678,36.08928],[-82.91733,36.08915],[-82.91835,36.08854]]},"properties":{"net":"out","o":4}},{"type":"Feature","geometry":{"type":"LineString","coordinates":[[-82.89846,36.22694],[-82.89853,36.22727],[-82.89956,36.22828],[-82.89989,36.22898],[-82.89949,36.23107],[-82.89952,36.23201],[-82.89907,36.2328]]},"properties":{"net":"out","o":5}},{"type":"Feature","geometry":{"type":"LineString","coordinates":[[-82.75478,36.34538],[-82.75482,36.34558],[-82.75502,36.34574],[-82.75571,36.34607]]},"properties":{"net":"out","o":6}},{"type":"Feature","geometry":{"type":"LineString","coordinates":[[-82.84305,36.32106],[-82.84294,36.32039],[-82.84257,36.31937],[-82.8425,36.31875],[-82.84223,36.31847]]},"properties":{"net":"out","o":5}},{"type":"Feature","geometry":{"type":"LineString","coordinates":[[-82.84164,36.33004],[-82.84174,36.32805],[-82.84158,36.32717]]},"properties":{"net":"out","o":5}},{"type":"Feature","geometry":{"type":"LineString","coordinates":[[-82.76513,36.08256],[-82.7648,36.08277],[-82.7649,36.08289],[-82.76476,36.08338],[-82.76484,36.08369],[-82.76465,36.08386],[-82.76414,36.08403],[-82.76389,36.08457],[-82.76397,36.08506]]},"properties":{"net":"out","o":4}},{"type":"Feature","geometry":{"type":"LineString","coordinates":[[-82.75591,36.30587],[-82.75727,36.3052],[-82.75805,36.30467]]},"properties":{"net":"out","o":4}},{"type":"Feature","geometry":{"type":"LineString","coordinates":[[-82.76311,36.07424],[-82.76329,36.0747],[-82.76302,36.0753],[-82.76372,36.07551],[-82.764,36.07542],[-82.76425,36.0757],[-82.76386,36.07586],[-82.76382,36.07619],[-82.76407,36.0763],[-82.76407,36.07639],[-82.76382,36.07655],[-82.76374,36.07681],[-82.76345,36.07691],[-82.76354,36.07714],[-82.76325,36.07726],[-82.76323,36.07742],[-82.76367,36.07752],[-82.76378,36.07766],[-82.76457,36.07775],[-82.76464,36.07782],[-82.76458,36.07812],[-82.76528,36.07802],[-82.76574,36.07816],[-82.76593,36.07829],[-82.76605,36.07858]]},"properties":{"net":"out","o":4}},{"type":"Feature","geometry":{"type":"LineString","coordinates":[[-82.76019,36.06948],[-82.75992,36.06962],[-82.75983,36.0699],[-82.76017,36.0706],[-82.76075,36.07096],[-82.76093,36.07146],[-82.76121,36.07186],[-82.76172,36.07214],[-82.76269,36.0736],[-82.76306,36.07389]]},"properties":{"net":"out","o":4}},{"type":"Feature","geometry":{"type":"LineString","coordinates":[[-82.76388,36.34142],[-82.76399,36.34072],[-82.76383,36.34034],[-82.7633,36.33978],[-82.76329,36.33905],[-82.7628,36.3386],[-82.76213,36.33817],[-82.76201,36.33779],[-82.76239,36.33722],[-82.76264,36.33707],[-82.76354,36.3371],[-82.76369,36.33701],[-82.76376,36.33662],[-82.76358,36.33599],[-82.7636,36.33537]]},"properties":{"net":"out","o":6}},{"type":"Feature","geometry":{"type":"LineString","coordinates":[[-82.76123,36.0937],[-82.75995,36.09476],[-82.75972,36.09512],[-82.75966,36.09543],[-82.75884,36.0958],[-82.75858,36.09637],[-82.75804,36.09683],[-82.7575,36.0976],[-82.75709,36.09797],[-82.75705,36.09816],[-82.75726,36.09845],[-82.75724,36.09855],[-82.75674,36.09915],[-82.75604,36.09973],[-82.75596,36.10024],[-82.75574,36.1007],[-82.7549,36.10196],[-82.75445,36.10222],[-82.75423,36.10254],[-82.75415,36.10388]]},"properties":{"net":"out","o":4}},{"type":"Feature","geometry":{"type":"LineString","coordinates":[[-82.76945,36.11914],[-82.76983,36.11926]]},"properties":{"net":"out","o":7}},{"type":"Feature","geometry":{"type":"LineString","coordinates":[[-82.76518,36.12013],[-82.76538,36.11982]]},"properties":{"net":"out","o":5}},{"type":"Feature","geometry":{"type":"LineString","coordinates":[[-82.75889,36.34794],[-82.75891,36.34791]]},"properties":{"net":"out","o":4}},{"type":"Feature","geometry":{"type":"LineString","coordinates":[[-82.84333,36.01655],[-82.84264,36.01824],[-82.84218,36.01846],[-82.84124,36.01853],[-82.841,36.01905],[-82.84037,36.01916]]},"properties":{"net":"out","o":5}},{"type":"Feature","geometry":{"type":"LineString","coordinates":[[-82.83856,36.00924],[-82.83891,36.00984],[-82.83919,36.01114],[-82.83942,36.01135],[-82.84023,36.01166],[-82.84034,36.01179],[-82.84045,36.01225],[-82.84138,36.01365],[-82.84172,36.0139],[-82.8425,36.01403],[-82.84304,36.01431]]},"properties":{"net":"out","o":4}},{"type":"Feature","geometry":{"type":"LineString","coordinates":[[-82.81894,36.22767],[-82.81956,36.22764],[-82.82019,36.22699],[-82.8207,36.22703]]},"properties":{"net":"out","o":4}},{"type":"Feature","geometry":{"type":"LineString","coordinates":[[-82.85207,36.25139],[-82.8523,36.25135],[-82.85286,36.25147]]},"properties":{"net":"out","o":4}},{"type":"Feature","geometry":{"type":"LineString","coordinates":[[-82.828,36.33181],[-82.82831,36.33125],[-82.82815,36.32995],[-82.8285,36.32946],[-82.82844,36.32889],[-82.82853,36.32793],[-82.82861,36.32771],[-82.82898,36.32736]]},"properties":{"net":"out","o":4}},{"type":"Feature","geometry":{"type":"LineString","coordinates":[[-82.82985,36.32409],[-82.82993,36.32364],[-82.82985,36.32305],[-82.82962,36.32269],[-82.82903,36.32223],[-82.82876,36.32175],[-82.82863,36.32108],[-82.82691,36.31982]]},"properties":{"net":"out","o":4}},{"type":"Feature","geometry":{"type":"LineString","coordinates":[[-82.83128,36.02531],[-82.83312,36.02574]]},"properties":{"net":"out","o":4}},{"type":"Feature","geometry":{"type":"LineString","coordinates":[[-82.80883,36.21702],[-82.80918,36.21699],[-82.80959,36.21732],[-82.81024,36.21751],[-82.8106,36.21786],[-82.81093,36.21786],[-82.81134,36.21772],[-82.81175,36.21806],[-82.8121,36.21857],[-82.81355,36.21931],[-82.81452,36.21959],[-82.81646,36.21975],[-82.8185,36.22046],[-82.81924,36.2213],[-82.81933,36.22218],[-82.81963,36.22279],[-82.81947,36.22371],[-82.81987,36.22453],[-82.81979,36.22486],[-82.81938,36.22558],[-82.81939,36.22626],[-82.81959,36.2265],[-82.82024,36.2265],[-82.8205,36.22659],[-82.8207,36.22703]]},"properties":{"net":"out","o":4}},{"type":"Feature","geometry":{"type":"LineString","coordinates":[[-82.84266,36.06333],[-82.84297,36.06332],[-82.84322,36.06343],[-82.84352,36.06428],[-82.84392,36.06458],[-82.84446,36.06467],[-82.84528,36.06435],[-82.84564,36.06436],[-82.84715,36.06528],[-82.84816,36.06568],[-82.8489,36.06615]]},"properties":{"net":"out","o":4}},{"type":"Feature","geometry":{"type":"LineString","coordinates":[[-82.83669,36.07599],[-82.8372,36.07586],[-82.83764,36.07607],[-82.83881,36.07624],[-82.83901,36.07622],[-82.83923,36.07587],[-82.83936,36.0758],[-82.83987,36.07573],[-82.8407,36.07585],[-82.84147,36.07582],[-82.84189,36.07599],[-82.84234,36.07637],[-82.84279,36.07652],[-82.84269,36.07674],[-82.84235,36.07679],[-82.84214,36.07694],[-82.8415,36.07698],[-82.84067,36.07766],[-82.8406,36.07794],[-82.841,36.07824],[-82.84124,36.07871],[-82.84102,36.07884],[-82.84049,36.07893],[-82.8393,36.0796],[-82.83927,36.07981],[-82.83959,36.07999],[-82.83972,36.08019],[-82.84044,36.08075],[-82.84196,36.08011],[-82.84323,36.07934],[-82.84549,36.0784],[-82.84634,36.07817]]},"properties":{"net":"out","o":4}},{"type":"Feature","geometry":{"type":"LineString","coordinates":[[-82.82898,36.32736],[-82.82937,36.32706],[-82.82928,36.32658],[-82.82975,36.32533]]},"properties":{"net":"out","o":4}},{"type":"Feature","geometry":{"type":"LineString","coordinates":[[-82.85062,36.00011],[-82.85083,36.00149],[-82.85057,36.00205],[-82.85056,36.00249],[-82.8504,36.00276]]},"properties":{"net":"out","o":4}},{"type":"Feature","geometry":{"type":"LineString","coordinates":[[-82.83225,36.21826],[-82.83239,36.21813],[-82.83208,36.21769],[-82.83207,36.21722],[-82.83249,36.21652]]},"properties":{"net":"out","o":5}},{"type":"Feature","geometry":{"type":"LineString","coordinates":[[-82.7913,36.04886],[-82.79177,36.04909],[-82.79221,36.04946],[-82.79231,36.05003],[-82.79265,36.05062]]},"properties":{"net":"out","o":4}},{"type":"Feature","geometry":{"type":"LineString","coordinates":[[-82.72376,36.10356],[-82.7242,36.10409],[-82.7247,36.10439],[-82.72562,36.10522],[-82.72617,36.10558],[-82.72661,36.10634],[-82.727,36.10656],[-82.72764,36.10672],[-82.72829,36.10753],[-82.72859,36.10776],[-82.72917,36.10798],[-82.72985,36.10871],[-82.73037,36.10882]]},"properties":{"net":"out","o":4}},{"type":"Feature","geometry":{"type":"LineString","coordinates":[[-82.72711,36.14267],[-82.72749,36.14291],[-82.72945,36.14492]]},"properties":{"net":"out","o":4}},{"type":"Feature","geometry":{"type":"LineString","coordinates":[[-82.72208,36.14022],[-82.72268,36.14075],[-82.72327,36.14103],[-82.72376,36.14192],[-82.72418,36.14227]]},"properties":{"net":"out","o":4}},{"type":"Feature","geometry":{"type":"LineString","coordinates":[[-82.7838,36.34387],[-82.78407,36.34361],[-82.7842,36.34333],[-82.784,36.34295],[-82.78465,36.34279],[-82.78503,36.34222],[-82.78507,36.34178],[-82.78492,36.34147],[-82.78482,36.34092],[-82.78453,36.3406]]},"properties":{"net":"out","o":4}},{"type":"Feature","geometry":{"type":"LineString","coordinates":[[-82.78278,36.26142],[-82.78445,36.26103],[-82.78527,36.26024],[-82.78617,36.25966]]},"properties":{"net":"out","o":4}},{"type":"Feature","geometry":{"type":"LineString","coordinates":[[-82.78411,36.31594],[-82.78474,36.3161],[-82.78519,36.31647],[-82.78546,36.31734],[-82.78544,36.3175],[-82.7852,36.3177]]},"properties":{"net":"out","o":5}},{"type":"Feature","geometry":{"type":"LineString","coordinates":[[-82.78388,36.31536],[-82.78411,36.31594]]},"properties":{"net":"out","o":5}},{"type":"Feature","geometry":{"type":"LineString","coordinates":[[-82.78341,36.31343],[-82.78359,36.3137]]},"properties":{"net":"out","o":5}},{"type":"Feature","geometry":{"type":"LineString","coordinates":[[-82.7809,36.31036],[-82.78134,36.31105],[-82.78197,36.3114],[-82.78207,36.31175]]},"properties":{"net":"out","o":5}},{"type":"Feature","geometry":{"type":"LineString","coordinates":[[-82.78442,36.33295],[-82.78379,36.33157]]},"properties":{"net":"out","o":4}},{"type":"Feature","geometry":{"type":"LineString","coordinates":[[-82.73576,36.14913],[-82.73752,36.14835],[-82.73829,36.14811],[-82.73856,36.14814],[-82.73891,36.14793],[-82.74033,36.14806]]},"properties":{"net":"out","o":7}},{"type":"Feature","geometry":{"type":"LineString","coordinates":[[-82.72585,36.1565],[-82.72651,36.15632],[-82.72687,36.15636],[-82.72935,36.15487],[-82.72973,36.15249],[-82.73005,36.15195],[-82.73038,36.15163],[-82.73109,36.1512],[-82.73147,36.1511],[-82.73228,36.15061],[-82.7325,36.15064],[-82.73275,36.15052]]},"properties":{"net":"out","o":7}},{"type":"Feature","geometry":{"type":"LineString","coordinates":[[-82.7459,36.22252],[-82.74639,36.22183],[-82.74653,36.22141],[-82.74656,36.22075]]},"properties":{"net":"out","o":5}},{"type":"Feature","geometry":{"type":"LineString","coordinates":[[-82.74331,36.22648],[-82.74381,36.22598],[-82.74441,36.22565],[-82.74445,36.22536],[-82.74502,36.22484],[-82.74511,36.22443],[-82.74492,36.22374],[-82.74502,36.22346],[-82.74557,36.22334],[-82.74584,36.22319]]},"properties":{"net":"out","o":5}},{"type":"Feature","geometry":{"type":"LineString","coordinates":[[-82.74281,36.22915],[-82.74271,36.22761],[-82.74282,36.22714],[-82.74305,36.22677]]},"properties":{"net":"out","o":5}},{"type":"Feature","geometry":{"type":"LineString","coordinates":[[-82.72302,36.35518],[-82.72307,36.35501],[-82.72325,36.35486],[-82.72524,36.35393],[-82.7259,36.35401],[-82.72695,36.35438]]},"properties":{"net":"out","o":6}},{"type":"Feature","geometry":{"type":"LineString","coordinates":[[-82.72969,36.36316],[-82.72978,36.36282],[-82.7301,36.36245],[-82.73004,36.36225]]},"properties":{"net":"out","o":4}},{"type":"Feature","geometry":{"type":"LineString","coordinates":[[-82.71356,36.36618],[-82.71374,36.36604],[-82.71388,36.36575],[-82.71392,36.36521],[-82.71424,36.3644],[-82.71604,36.36292],[-82.71687,36.36253]]},"properties":{"net":"out","o":5}},{"type":"Feature","geometry":{"type":"LineString","coordinates":[[-82.75249,36.34463],[-82.75263,36.3436],[-82.75281,36.34337],[-82.75288,36.34298],[-82.75273,36.34253],[-82.75284,36.34215]]},"properties":{"net":"out","o":6}},{"type":"Feature","geometry":{"type":"LineString","coordinates":[[-82.7414,36.35014],[-82.74194,36.35089],[-82.74257,36.35146],[-82.74323,36.35186],[-82.74346,36.3521],[-82.74354,36.3524],[-82.7439,36.35266],[-82.74526,36.35245],[-82.74583,36.35225]]},"properties":{"net":"out","o":6}},{"type":"Feature","geometry":{"type":"LineString","coordinates":[[-82.73918,36.34951],[-82.73945,36.34957],[-82.73985,36.34936],[-82.7405,36.34929],[-82.7414,36.35014]]},"properties":{"net":"out","o":6}},{"type":"Feature","geometry":{"type":"LineString","coordinates":[[-82.73399,36.34584],[-82.7346,36.34592],[-82.7349,36.34552],[-82.73538,36.34536],[-82.73583,36.34538],[-82.73634,36.34555]]},"properties":{"net":"out","o":6}},{"type":"Feature","geometry":{"type":"LineString","coordinates":[[-82.72918,36.08926],[-82.72956,36.08986],[-82.72981,36.09008],[-82.72997,36.09016],[-82.73109,36.09025],[-82.73216,36.09101],[-82.73317,36.09109],[-82.73474,36.09142],[-82.73536,36.09166],[-82.73582,36.09203],[-82.73646,36.09286],[-82.73673,36.09308],[-82.73851,36.09406],[-82.73939,36.09412],[-82.73979,36.09425],[-82.74055,36.0942],[-82.74102,36.09429],[-82.74251,36.09498],[-82.7439,36.09601],[-82.74421,36.09604],[-82.74479,36.0957],[-82.74499,36.0957],[-82.74625,36.09624],[-82.74646,36.09667],[-82.74639,36.09725],[-82.74661,36.09763],[-82.74727,36.09814],[-82.74794,36.09886],[-82.74871,36.09937],[-82.74929,36.09988],[-82.74953,36.10012],[-82.74987,36.10074]]},"properties":{"net":"out","o":4}},{"type":"Feature","geometry":{"type":"LineString","coordinates":[[-82.74226,36.11835],[-82.74026,36.11952],[-82.73939,36.1202],[-82.73906,36.12058],[-82.73915,36.12094],[-82.73969,36.12151],[-82.74069,36.12319],[-82.74076,36.12348],[-82.74071,36.12396],[-82.74019,36.12431]]},"properties":{"net":"out","o":5}},{"type":"Feature","geometry":{"type":"LineString","coordinates":[[-82.73739,36.11508],[-82.73748,36.11522],[-82.73865,36.11593],[-82.73994,36.11643],[-82.74058,36.11678],[-82.74133,36.11693],[-82.74196,36.11744],[-82.74226,36.11835]]},"properties":{"net":"out","o":4}},{"type":"Feature","geometry":{"type":"LineString","coordinates":[[-82.73037,36.10882],[-82.73081,36.10936],[-82.73229,36.11055],[-82.73261,36.11154],[-82.73296,36.112],[-82.73409,36.11269],[-82.73504,36.11356],[-82.7366,36.11434],[-82.7368,36.11469],[-82.73699,36.1148]]},"properties":{"net":"out","o":4}},{"type":"Feature","geometry":{"type":"LineString","coordinates":[[-82.71753,36.26869],[-82.71721,36.2683],[-82.71722,36.26796],[-82.71796,36.26748],[-82.718,36.26728],[-82.71785,36.26691],[-82.71724,36.26629]]},"properties":{"net":"out","o":4}},{"type":"Feature","geometry":{"type":"LineString","coordinates":[[-82.31952,36.00896],[-82.31858,36.00821],[-82.31724,36.00739],[-82.31701,36.00731],[-82.31597,36.00731],[-82.31557,36.00719]]},"properties":{"net":"sm2930","o":1}},{"type":"Feature","geometry":{"type":"LineString","coordinates":[[-82.31598,36.00657],[-82.31562,36.00699],[-82.31557,36.00719]]},"properties":{"net":"sm2930","o":2}},{"type":"Feature","geometry":{"type":"LineString","coordinates":[[-82.32121,36.02641],[-82.32201,36.02773],[-82.32284,36.02865],[-82.3234,36.02904],[-82.3245,36.02924],[-82.32527,36.02922],[-82.32649,36.029],[-82.32705,36.02902]]},"properties":{"net":"out","o":6}},{"type":"Feature","geometry":{"type":"LineString","coordinates":[[-82.32906,35.94979],[-82.32842,35.95002]]},"properties":{"net":"out","o":4}},{"type":"Feature","geometry":{"type":"LineString","coordinates":[[-82.33155,36.01368],[-82.32897,36.01429]]},"properties":{"net":"out","o":6}},{"type":"Feature","geometry":{"type":"LineString","coordinates":[[-82.68283,36.09085],[-82.68388,36.09194],[-82.68413,36.09233]]},"properties":{"net":"out","o":4}},{"type":"Feature","geometry":{"type":"LineString","coordinates":[[-82.68601,36.16138],[-82.68664,36.16066],[-82.68807,36.16042],[-82.68941,36.15978],[-82.6899,36.15978]]},"properties":{"net":"out","o":4}},{"type":"Feature","geometry":{"type":"LineString","coordinates":[[-82.67501,36.35089],[-82.6756,36.35141],[-82.67627,36.35172],[-82.67745,36.35135],[-82.67798,36.35083],[-82.67844,36.35089]]},"properties":{"net":"out","o":5}},{"type":"Feature","geometry":{"type":"LineString","coordinates":[[-82.70598,36.132],[-82.70609,36.13222],[-82.70629,36.13232]]},"properties":{"net":"out","o":4}},{"type":"Feature","geometry":{"type":"LineString","coordinates":[[-82.71081,36.16416],[-82.71084,36.16435]]},"properties":{"net":"out","o":4}},{"type":"Feature","geometry":{"type":"LineString","coordinates":[[-82.31176,36.03847],[-82.31176,36.03831],[-82.31204,36.03802],[-82.31208,36.0378],[-82.31246,36.0372],[-82.3126,36.03667],[-82.31317,36.0358]]},"properties":{"net":"out","o":6}},{"type":"Feature","geometry":{"type":"LineString","coordinates":[[-82.12916,36.0173],[-82.1296,36.01711],[-82.12989,36.01677],[-82.13044,36.01641],[-82.13136,36.0154],[-82.1318,36.01478],[-82.13199,36.01396],[-82.13251,36.01343],[-82.13287,36.01256],[-82.13333,36.0124],[-82.13393,36.01244]]},"properties":{"net":"NC6250","o":4}},{"type":"Feature","geometry":{"type":"LineString","coordinates":[[-82.13569,36.0546],[-82.13594,36.05464],[-82.13622,36.05486],[-82.13663,36.05577],[-82.13703,36.05577]]},"properties":{"net":"out","o":4}},{"type":"Feature","geometry":{"type":"LineString","coordinates":[[-82.69829,36.37581],[-82.69866,36.37561],[-82.69953,36.37563],[-82.70015,36.37529],[-82.70041,36.37526],[-82.70108,36.37454],[-82.70182,36.37465],[-82.70233,36.3744],[-82.70252,36.37424],[-82.70252,36.37395],[-82.70273,36.37347]]},"properties":{"net":"out","o":5}},{"type":"Feature","geometry":{"type":"LineString","coordinates":[[-82.70077,36.16209],[-82.70136,36.16265],[-82.70187,36.16287],[-82.70216,36.16325],[-82.70283,36.16346],[-82.70303,36.16341],[-82.70315,36.16284],[-82.70336,36.16253],[-82.70358,36.16259],[-82.7038,36.16302],[-82.70408,36.16308],[-82.70443,36.16282],[-82.70426,36.1624],[-82.70435,36.1622],[-82.70501,36.16214],[-82.70521,36.16181],[-82.70611,36.16177],[-82.70676,36.16214],[-82.70708,36.16245],[-82.70704,36.16255],[-82.70664,36.16272],[-82.70608,36.16281],[-82.70612,36.16301],[-82.70702,36.16322],[-82.70796,36.16365],[-82.70817,36.16335],[-82.70842,36.16337],[-82.70958,36.1639],[-82.70966,36.16388],[-82.70974,36.16328],[-82.70992,36.16324],[-82.71081,36.16416]]},"properties":{"net":"out","o":4}},{"type":"Feature","geometry":{"type":"LineString","coordinates":[[-82.12559,36.06115],[-82.12615,36.06063],[-82.12671,36.06053],[-82.12756,36.06072],[-82.12864,36.06126],[-82.12888,36.06126],[-82.12908,36.06067],[-82.12961,36.06027],[-82.12991,36.05982],[-82.13066,36.05815]]},"properties":{"net":"out","o":4}},{"type":"Feature","geometry":{"type":"LineString","coordinates":[[-82.12484,36.06119],[-82.12532,36.0613],[-82.12559,36.06115]]},"properties":{"net":"out","o":4}},{"type":"Feature","geometry":{"type":"LineString","coordinates":[[-82.64424,36.3046],[-82.64378,36.30424],[-82.64309,36.30402],[-82.64127,36.30313]]},"properties":{"net":"out","o":5}},{"type":"Feature","geometry":{"type":"LineString","coordinates":[[-82.62905,36.26539],[-82.62882,36.26545],[-82.62847,36.2657],[-82.62803,36.26549]]},"properties":{"net":"out","o":5}},{"type":"Feature","geometry":{"type":"LineString","coordinates":[[-82.62207,36.10136],[-82.62203,36.10204],[-82.62185,36.10248],[-82.62129,36.1027],[-82.62087,36.1033],[-82.61983,36.10403],[-82.61934,36.10501],[-82.61855,36.10564],[-82.61782,36.10653],[-82.61748,36.10711],[-82.61758,36.10763],[-82.61713,36.1081],[-82.61709,36.10846]]},"properties":{"net":"out","o":4}},{"type":"Feature","geometry":{"type":"LineString","coordinates":[[-82.61436,36.08704],[-82.6148,36.08807],[-82.61566,36.08919]]},"properties":{"net":"out","o":4}},{"type":"Feature","geometry":{"type":"LineString","coordinates":[[-82.60203,36.25634],[-82.60274,36.25587],[-82.60329,36.25535],[-82.60353,36.25502],[-82.6036,36.25463],[-82.60397,36.25435],[-82.60443,36.25404],[-82.60594,36.25363]]},"properties":{"net":"out","o":5}},{"type":"Feature","geometry":{"type":"LineString","coordinates":[[-82.5861,36.01668],[-82.58472,36.01719],[-82.58354,36.01749],[-82.58267,36.0179]]},"properties":{"net":"out","o":4}},{"type":"Feature","geometry":{"type":"LineString","coordinates":[[-82.59373,36.27032],[-82.59334,36.27004],[-82.59299,36.26999],[-82.5917,36.26952],[-82.59152,36.26937],[-82.59151,36.26907],[-82.59137,36.26897],[-82.59096,36.2689],[-82.59036,36.26918]]},"properties":{"net":"out","o":4}},{"type":"Feature","geometry":{"type":"LineString","coordinates":[[-82.59125,36.06543],[-82.59077,36.06488],[-82.58933,36.0642]]},"properties":{"net":"out","o":4}},{"type":"Feature","geometry":{"type":"LineString","coordinates":[[-82.65724,36.09458],[-82.65686,36.09488]]},"properties":{"net":"out","o":4}},{"type":"Feature","geometry":{"type":"LineString","coordinates":[[-82.64373,36.19902],[-82.64407,36.19929],[-82.64564,36.20015],[-82.64627,36.20041],[-82.64707,36.2005],[-82.64794,36.2002],[-82.64914,36.19957],[-82.65082,36.19929],[-82.65184,36.19944],[-82.65434,36.20016],[-82.65581,36.20045]]},"properties":{"net":"out","o":7}},{"type":"Feature","geometry":{"type":"LineString","coordinates":[[-82.65582,36.2585],[-82.65537,36.25793]]},"properties":{"net":"out","o":4}},{"type":"Feature","geometry":{"type":"LineString","coordinates":[[-82.65508,36.25747],[-82.65367,36.25664],[-82.65334,36.25622],[-82.65309,36.25613],[-82.6522,36.25546],[-82.64985,36.25438]]},"properties":{"net":"out","o":4}},{"type":"Feature","geometry":{"type":"LineString","coordinates":[[-82.50199,35.97629],[-82.49915,35.97556]]},"properties":{"net":"sm2919","o":1}},{"type":"Feature","geometry":{"type":"LineString","coordinates":[[-82.29689,36.06901],[-82.29705,36.06824],[-82.29742,36.06749],[-82.2978,36.06696],[-82.29854,36.06647]]},"properties":{"net":"out","o":5}},{"type":"Feature","geometry":{"type":"LineString","coordinates":[[-82.29735,36.07147],[-82.29668,36.07083]]},"properties":{"net":"out","o":4}},{"type":"Feature","geometry":{"type":"LineString","coordinates":[[-82.29443,36.07082],[-82.29592,36.07115],[-82.29646,36.07101],[-82.29668,36.07083]]},"properties":{"net":"out","o":5}},{"type":"Feature","geometry":{"type":"LineString","coordinates":[[-82.2732,36.00926],[-82.27298,36.01068]]},"properties":{"net":"out","o":6}},{"type":"Feature","geometry":{"type":"LineString","coordinates":[[-82.50906,36.02839],[-82.50872,36.02949],[-82.50882,36.03139]]},"properties":{"net":"out","o":4}},{"type":"Feature","geometry":{"type":"LineString","coordinates":[[-82.28395,36.02675],[-82.28402,36.02683],[-82.28478,36.02692],[-82.28498,36.02705],[-82.28573,36.02714],[-82.28666,36.02753],[-82.2871,36.02758],[-82.28746,36.02784],[-82.28868,36.02809]]},"properties":{"net":"out","o":6}},{"type":"Feature","geometry":{"type":"LineString","coordinates":[[-82.28246,36.04311],[-82.28316,36.0429],[-82.28391,36.04298]]},"properties":{"net":"out","o":4}},{"type":"Feature","geometry":{"type":"LineString","coordinates":[[-82.24675,36.02855],[-82.24672,36.02789],[-82.24711,36.02656],[-82.24737,36.02511],[-82.2478,36.02444],[-82.24842,36.02404],[-82.24912,36.02388],[-82.24985,36.02392]]},"properties":{"net":"out","o":5}},{"type":"Feature","geometry":{"type":"LineString","coordinates":[[-82.27213,36.05854],[-82.27255,36.05737],[-82.27372,36.05618],[-82.27394,36.05564]]},"properties":{"net":"sm2928","o":1}},{"type":"Feature","geometry":{"type":"LineString","coordinates":[[-82.28426,36.08585],[-82.28357,36.08491]]},"properties":{"net":"out","o":4}},{"type":"Feature","geometry":{"type":"LineString","coordinates":[[-82.28243,36.08322],[-82.28104,36.08249],[-82.28003,36.08208],[-82.27973,36.08182]]},"properties":{"net":"out","o":4}},{"type":"Feature","geometry":{"type":"LineString","coordinates":[[-82.285,36.08805],[-82.28456,36.08706]]},"properties":{"net":"out","o":4}},{"type":"Feature","geometry":{"type":"LineString","coordinates":[[-82.27961,36.10901],[-82.27883,36.10868],[-82.27839,36.10827],[-82.27779,36.10754],[-82.27764,36.10688]]},"properties":{"net":"out","o":4}},{"type":"Feature","geometry":{"type":"LineString","coordinates":[[-82.25649,36.17631],[-82.25846,36.17751]]},"properties":{"net":"out","o":4}},{"type":"Feature","geometry":{"type":"LineString","coordinates":[[-82.27239,36.18007],[-82.27287,36.17926]]},"properties":{"net":"out","o":4}},{"type":"Feature","geometry":{"type":"LineString","coordinates":[[-82.26133,36.05801],[-82.26203,36.05845],[-82.26297,36.05935],[-82.26317,36.05966],[-82.26325,36.06028]]},"properties":{"net":"sm2928","o":1}},{"type":"Feature","geometry":{"type":"LineString","coordinates":[[-82.26177,36.07044],[-82.26184,36.07015]]},"properties":{"net":"sm2928","o":2}},{"type":"Feature","geometry":{"type":"LineString","coordinates":[[-82.25663,36.07473],[-82.25697,36.07386],[-82.25784,36.07274]]},"properties":{"net":"sm2928","o":1}},{"type":"Feature","geometry":{"type":"LineString","coordinates":[[-82.24943,36.15408],[-82.24845,36.1551],[-82.24799,36.15513],[-82.24769,36.15542]]},"properties":{"net":"out","o":4}},{"type":"Feature","geometry":{"type":"LineString","coordinates":[[-82.21128,35.914],[-82.21137,35.91408]]},"properties":{"net":"out","o":4}},{"type":"Feature","geometry":{"type":"LineString","coordinates":[[-82.21137,35.91408],[-82.21314,35.91432],[-82.21345,35.91461],[-82.21343,35.91497],[-82.21232,35.9156],[-82.21128,35.91634],[-82.2106,35.91655],[-82.20911,35.91681],[-82.20863,35.91697],[-82.20807,35.9173],[-82.20719,35.91864],[-82.20708,35.91928],[-82.20795,35.92018],[-82.20815,35.92056],[-82.20808,35.92095],[-82.20746,35.92138],[-82.20703,35.92151],[-82.20646,35.92141],[-82.20549,35.92054],[-82.20524,35.92044],[-82.20493,35.9204],[-82.20435,35.92062],[-82.20363,35.92057],[-82.20313,35.92037],[-82.20166,35.91948],[-82.20108,35.91945],[-82.20076,35.91973],[-82.20057,35.92004],[-82.20047,35.92053],[-82.20074,35.92128],[-82.20093,35.92246],[-82.20061,35.92423],[-82.20037,35.92481],[-82.20026,35.92538],[-82.20055,35.92581],[-82.20165,35.92623],[-82.20317,35.92702]]},"properties":{"net":"out","o":5}},{"type":"Feature","geometry":{"type":"LineString","coordinates":[[-82.22466,35.73001],[-82.22506,35.73064],[-82.22531,35.73134],[-82.22496,35.73224],[-82.22428,35.73293],[-82.22282,35.7341],[-82.22195,35.73566],[-82.22138,35.73631],[-82.21823,35.73733],[-82.21773,35.73767],[-82.21751,35.7381],[-82.21728,35.73925],[-82.21709,35.73955],[-82.21519,35.74121]]},"properties":{"net":"sm2668","o":1}},{"type":"Feature","geometry":{"type":"LineString","coordinates":[[-82.22408,35.75114],[-82.22379,35.75117]]},"properties":{"net":"sm3036","o":4}},{"type":"Feature","geometry":{"type":"LineString","coordinates":[[-82.22289,35.75115],[-82.22279,35.75106]]},"properties":{"net":"sm3036","o":1}},{"type":"Feature","geometry":{"type":"LineString","coordinates":[[-82.21716,35.78249],[-82.21677,35.78326],[-82.21649,35.78513],[-82.21587,35.78588]]},"properties":{"net":"sm2663","o":2}},{"type":"Feature","geometry":{"type":"LineString","coordinates":[[-82.21587,35.78588],[-82.21453,35.78682],[-82.21436,35.78715],[-82.21435,35.78757],[-82.21365,35.78864],[-82.21303,35.78916],[-82.21272,35.78929],[-82.21211,35.78891],[-82.21097,35.78799],[-82.20856,35.78548],[-82.20805,35.78473],[-82.20772,35.78365],[-82.20705,35.7826]]},"properties":{"net":"sm2664","o":2}},{"type":"Feature","geometry":{"type":"LineString","coordinates":[[-82.20705,35.7826],[-82.20651,35.78185],[-82.20603,35.78146]]},"properties":{"net":"sm2668","o":2}},{"type":"Feature","geometry":{"type":"LineString","coordinates":[[-82.22293,35.82638],[-82.22199,35.82638],[-82.22108,35.82674],[-82.21909,35.82643],[-82.21599,35.82677]]},"properties":{"net":"sm2695","o":2}},{"type":"Feature","geometry":{"type":"LineString","coordinates":[[-82.21599,35.82677],[-82.21425,35.82639],[-82.21221,35.82618],[-82.21169,35.82622],[-82.21006,35.82722],[-82.20896,35.8276],[-82.20753,35.82776],[-82.20635,35.82863],[-82.20523,35.82906],[-82.20445,35.82961],[-82.20334,35.82989],[-82.20306,35.83061]]},"properties":{"net":"sm2696","o":2}},{"type":"Feature","geometry":{"type":"LineString","coordinates":[[-82.20306,35.83061],[-82.20294,35.83079],[-82.20243,35.83107],[-82.2009,35.83156],[-82.20033,35.83155],[-82.19921,35.8312],[-82.19888,35.83119],[-82.19653,35.83196]]},"properties":{"net":"sm2681","o":2}},{"type":"Feature","geometry":{"type":"LineString","coordinates":[[-82.21608,35.86098],[-82.21618,35.86035],[-82.21599,35.85967],[-82.216,35.85929],[-82.21585,35.85888],[-82.2156,35.85865],[-82.2155,35.85808],[-82.21534,35.85785],[-82.21443,35.85731],[-82.21344,35.85651]]},"properties":{"net":"sm2730","o":1}},{"type":"Feature","geometry":{"type":"LineString","coordinates":[[-82.20658,36.01444],[-82.20713,36.01474],[-82.20831,36.01596],[-82.20925,36.01654],[-82.20984,36.01675],[-82.21117,36.01691],[-82.21342,36.01699],[-82.21566,36.01685],[-82.21677,36.01648]]},"properties":{"net":"out","o":6}},{"type":"Feature","geometry":{"type":"LineString","coordinates":[[-82.18174,35.75545],[-82.18084,35.75559],[-82.18012,35.75629],[-82.17939,35.75651],[-82.17894,35.75683],[-82.17874,35.75738],[-82.17872,35.75854],[-82.17903,35.75908],[-82.17934,35.75931],[-82.18008,35.75955],[-82.18082,35.76035],[-82.18096,35.76096],[-82.18133,35.76152],[-82.18134,35.76199],[-82.18243,35.76317],[-82.18322,35.76458],[-82.18327,35.76529],[-82.18364,35.76644],[-82.184,35.76692],[-82.18495,35.76755],[-82.18508,35.76831],[-82.1854,35.76839],[-82.18536,35.76866],[-82.18548,35.76916]]},"properties":{"net":"sm2671","o":1}},{"type":"Feature","geometry":{"type":"LineString","coordinates":[[-82.17274,35.76633],[-82.17437,35.76708],[-82.17573,35.7682],[-82.17772,35.76926],[-82.17826,35.76976]]},"properties":{"net":"sm2671","o":1}},{"type":"Feature","geometry":{"type":"LineString","coordinates":[[-82.16502,35.77806],[-82.16577,35.77779],[-82.16707,35.77748],[-82.16781,35.77742],[-82.16853,35.77721],[-82.1696,35.77734],[-82.17012,35.77724],[-82.17153,35.7767],[-82.17227,35.77609],[-82.17299,35.77586],[-82.17419,35.77496],[-82.17448,35.7746],[-82.17528,35.77392],[-82.17588,35.77314],[-82.17601,35.77277],[-82.17598,35.77209],[-82.17618,35.77115]]},"properties":{"net":"sm2671","o":1}},{"type":"Feature","geometry":{"type":"LineString","coordinates":[[-82.17667,35.84343],[-82.17672,35.84349]]},"properties":{"net":"sm2705","o":1}},{"type":"Feature","geometry":{"type":"LineString","coordinates":[[-82.17811,35.87512],[-82.17856,35.87455]]},"properties":{"net":"sm2722","o":1}},{"type":"Feature","geometry":{"type":"LineString","coordinates":[[-82.17856,35.87455],[-82.18038,35.87221]]},"properties":{"net":"sm2719","o":1}},{"type":"Feature","geometry":{"type":"LineString","coordinates":[[-82.18407,35.93825],[-82.18426,35.93871],[-82.18426,35.93918],[-82.18446,35.94007],[-82.18409,35.94187],[-82.18414,35.94209],[-82.18437,35.94255],[-82.18505,35.94303],[-82.18592,35.94346]]},"properties":{"net":"out","o":5}},{"type":"Feature","geometry":{"type":"LineString","coordinates":[[-82.14739,36.05851],[-82.14822,36.05802],[-82.14908,36.05694],[-82.14957,36.0565],[-82.15047,36.05617]]},"properties":{"net":"out","o":4}},{"type":"Feature","geometry":{"type":"LineString","coordinates":[[-82.13703,36.05577],[-82.13968,36.05553],[-82.14054,36.05557],[-82.142,36.05589],[-82.14333,36.05574],[-82.14368,36.05602],[-82.14426,36.05687],[-82.1448,36.0579],[-82.14499,36.05805],[-82.14654,36.0586],[-82.14685,36.05864],[-82.14739,36.05851]]},"properties":{"net":"out","o":4}},{"type":"Feature","geometry":{"type":"LineString","coordinates":[[-82.56632,36.208],[-82.56653,36.20814]]},"properties":{"net":"out","o":4}},{"type":"Feature","geometry":{"type":"LineString","coordinates":[[-82.58145,36.22974],[-82.58205,36.22979],[-82.58249,36.22972],[-82.5828,36.2298],[-82.58317,36.23022],[-82.58333,36.23078],[-82.58402,36.23106],[-82.58424,36.2315]]},"properties":{"net":"out","o":4}},{"type":"Feature","geometry":{"type":"LineString","coordinates":[[-82.57269,36.30479],[-82.57286,36.30419],[-82.57329,36.30417],[-82.57339,36.30402],[-82.57376,36.30394],[-82.57414,36.3036],[-82.57425,36.30271]]},"properties":{"net":"out","o":5}},{"type":"Feature","geometry":{"type":"LineString","coordinates":[[-82.57358,36.15037],[-82.57406,36.15036],[-82.57426,36.15024]]},"properties":{"net":"out","o":7}},{"type":"Feature","geometry":{"type":"LineString","coordinates":[[-82.57064,36.27112],[-82.57179,36.27107],[-82.57372,36.27146],[-82.57408,36.27182],[-82.57482,36.27298]]},"properties":{"net":"out","o":4}},{"type":"Feature","geometry":{"type":"LineString","coordinates":[[-82.383,36.0743],[-82.38401,36.07525],[-82.38551,36.07621],[-82.38678,36.07685]]},"properties":{"net":"out","o":7}},{"type":"Feature","geometry":{"type":"LineString","coordinates":[[-82.37567,36.14733],[-82.376,36.14754],[-82.37655,36.14819],[-82.37734,36.1485]]},"properties":{"net":"out","o":4}},{"type":"Feature","geometry":{"type":"LineString","coordinates":[[-82.38293,36.17938],[-82.38309,36.17901],[-82.38374,36.1783],[-82.3842,36.17737],[-82.38556,36.17653],[-82.38605,36.17593],[-82.38663,36.17547],[-82.38704,36.17539],[-82.38767,36.17543]]},"properties":{"net":"out","o":6}},{"type":"Feature","geometry":{"type":"LineString","coordinates":[[-82.38108,36.18346],[-82.38214,36.18223]]},"properties":{"net":"out","o":6}},{"type":"Feature","geometry":{"type":"LineString","coordinates":[[-82.54532,36.01245],[-82.54572,36.01231],[-82.54653,36.01256]]},"properties":{"net":"out","o":4}},{"type":"Feature","geometry":{"type":"LineString","coordinates":[[-82.56235,36.0272],[-82.56153,36.0277]]},"properties":{"net":"out","o":4}},{"type":"Feature","geometry":{"type":"LineString","coordinates":[[-82.54531,36.04089],[-82.54382,36.04088]]},"properties":{"net":"out","o":6}},{"type":"Feature","geometry":{"type":"LineString","coordinates":[[-82.56096,36.24533],[-82.561,36.24438],[-82.56133,36.24382]]},"properties":{"net":"out","o":4}},{"type":"Feature","geometry":{"type":"LineString","coordinates":[[-82.56365,36.00566],[-82.56329,36.00633],[-82.56303,36.00649]]},"properties":{"net":"out","o":4}},{"type":"Feature","geometry":{"type":"LineString","coordinates":[[-82.55985,36.01265],[-82.55918,36.01354],[-82.55884,36.01378]]},"properties":{"net":"out","o":4}},{"type":"Feature","geometry":{"type":"LineString","coordinates":[[-82.55744,36.01792],[-82.5572,36.01816],[-82.5571,36.01873]]},"properties":{"net":"out","o":5}},{"type":"Feature","geometry":{"type":"LineString","coordinates":[[-82.5571,36.01873],[-82.557,36.01992],[-82.55672,36.0212]]},"properties":{"net":"out","o":5}},{"type":"Feature","geometry":{"type":"LineString","coordinates":[[-82.55689,36.03148],[-82.55535,36.03165],[-82.55464,36.03196],[-82.55367,36.03193]]},"properties":{"net":"out","o":4}},{"type":"Feature","geometry":{"type":"LineString","coordinates":[[-82.55299,36.02313],[-82.55256,36.02386],[-82.5523,36.02415],[-82.55186,36.02436]]},"properties":{"net":"out","o":5}},{"type":"Feature","geometry":{"type":"LineString","coordinates":[[-82.54918,36.03132],[-82.54965,36.03181],[-82.55,36.03239],[-82.55009,36.03317],[-82.55002,36.03375],[-82.5501,36.03397],[-82.55061,36.03409],[-82.55154,36.03391]]},"properties":{"net":"out","o":5}},{"type":"Feature","geometry":{"type":"LineString","coordinates":[[-82.55886,36.33065],[-82.55938,36.32979],[-82.56031,36.32908],[-82.56053,36.32863]]},"properties":{"net":"out","o":4}},{"type":"Feature","geometry":{"type":"LineString","coordinates":[[-82.35024,36.1941],[-82.35097,36.19397],[-82.35192,36.19394],[-82.35255,36.19334],[-82.35309,36.19308],[-82.35423,36.19287],[-82.35598,36.19239],[-82.35724,36.1924],[-82.35833,36.19268],[-82.35869,36.19268],[-82.35925,36.1925],[-82.35985,36.19211],[-82.3605,36.19185],[-82.36191,36.19154],[-82.36293,36.19156],[-82.36476,36.19183],[-82.36599,36.19209],[-82.36707,36.19247]]},"properties":{"net":"out","o":6}},{"type":"Feature","geometry":{"type":"LineString","coordinates":[[-82.3458,36.07725],[-82.34687,36.07759],[-82.34786,36.0781],[-82.34893,36.07919]]},"properties":{"net":"out","o":7}},{"type":"Feature","geometry":{"type":"LineString","coordinates":[[-82.3447,36.07207],[-82.34492,36.0726]]},"properties":{"net":"out","o":7}},{"type":"Feature","geometry":{"type":"LineString","coordinates":[[-82.34139,36.0666],[-82.34218,36.06748],[-82.3422,36.06763],[-82.34309,36.06845]]},"properties":{"net":"out","o":7}},{"type":"Feature","geometry":{"type":"LineString","coordinates":[[-82.34025,36.18828],[-82.34071,36.18869],[-82.34192,36.18916],[-82.34253,36.18995],[-82.34257,36.1904],[-82.34277,36.1907],[-82.3439,36.19141]]},"properties":{"net":"out","o":5}},{"type":"Feature","geometry":{"type":"LineString","coordinates":[[-82.33294,36.1839],[-82.33317,36.18424],[-82.33378,36.1847],[-82.33516,36.18549],[-82.33572,36.18639],[-82.33611,36.18677],[-82.3369,36.18674],[-82.33725,36.18685],[-82.33871,36.18756],[-82.33974,36.18796],[-82.34025,36.18828]]},"properties":{"net":"out","o":5}},{"type":"Feature","geometry":{"type":"LineString","coordinates":[[-82.3439,36.19141],[-82.34446,36.19187],[-82.34526,36.19233],[-82.34679,36.19262],[-82.3474,36.19295],[-82.348,36.1935],[-82.34838,36.1944]]},"properties":{"net":"out","o":5}},{"type":"Feature","geometry":{"type":"LineString","coordinates":[[-82.31168,35.8678],[-82.3117,35.86715],[-82.31143,35.86593],[-82.31148,35.86564],[-82.31177,35.86532],[-82.3125,35.865],[-82.31334,35.8651],[-82.31391,35.86542],[-82.31429,35.86582],[-82.31481,35.86671],[-82.31515,35.86708],[-82.31548,35.86726],[-82.31674,35.86752],[-82.31752,35.86793],[-82.31922,35.86856],[-82.32152,35.86879],[-82.3218,35.86897]]},"properties":{"net":"NC3200","o":4}},{"type":"Feature","geometry":{"type":"LineString","coordinates":[[-82.31992,35.8831],[-82.31949,35.88277],[-82.31923,35.88268],[-82.31834,35.88252],[-82.31802,35.88267]]},"properties":{"net":"NC3200","o":4}},{"type":"Feature","geometry":{"type":"LineString","coordinates":[[-82.31997,35.88339],[-82.31889,35.884],[-82.31852,35.88501],[-82.31769,35.88585],[-82.31741,35.88639],[-82.31722,35.88724],[-82.31729,35.88732],[-82.3173,35.8881]]},"properties":{"net":"NC3200","o":4}},{"type":"Feature","geometry":{"type":"LineString","coordinates":[[-82.31001,35.90405],[-82.31004,35.90435],[-82.31117,35.90538],[-82.31261,35.90591],[-82.31384,35.90659],[-82.31437,35.90665],[-82.31515,35.90635],[-82.31568,35.90594],[-82.31596,35.90561],[-82.31615,35.90458],[-82.3165,35.90412],[-82.31778,35.90282],[-82.31883,35.90222],[-82.31902,35.90196],[-82.31911,35.90096],[-82.31986,35.90057],[-82.32059,35.90052],[-82.32206,35.90065],[-82.32426,35.90148],[-82.32534,35.90172],[-82.32554,35.90188],[-82.32602,35.90197],[-82.32632,35.9023],[-82.3265,35.90232],[-82.32669,35.90252],[-82.327,35.90256],[-82.32711,35.90268],[-82.32959,35.90296],[-82.3297,35.90309],[-82.32997,35.90312],[-82.33045,35.90299]]},"properties":{"net":"NC3200","o":4}},{"type":"Feature","geometry":{"type":"LineString","coordinates":[[-82.33279,35.94667],[-82.33202,35.94736],[-82.331,35.94783]]},"properties":{"net":"out","o":4}},{"type":"Feature","geometry":{"type":"LineString","coordinates":[[-82.52521,36.25127],[-82.52589,36.25079],[-82.52637,36.24991],[-82.52672,36.24976],[-82.52724,36.24971]]},"properties":{"net":"out","o":4}},{"type":"Feature","geometry":{"type":"LineString","coordinates":[[-82.53734,36.31833],[-82.53764,36.31807],[-82.53755,36.3177],[-82.53761,36.31745]]},"properties":{"net":"out","o":4}},{"type":"Feature","geometry":{"type":"LineString","coordinates":[[-82.52118,36.3396],[-82.52169,36.33872],[-82.52228,36.33808],[-82.52261,36.33746],[-82.52314,36.33719],[-82.52352,36.33677],[-82.52361,36.33654],[-82.52348,36.3362],[-82.52351,36.33589],[-82.52391,36.33564],[-82.52515,36.33546],[-82.52537,36.3351],[-82.52511,36.33457],[-82.5253,36.33422],[-82.52566,36.33397],[-82.52631,36.33384],[-82.52645,36.33351],[-82.52717,36.33309]]},"properties":{"net":"out","o":4}},{"type":"Feature","geometry":{"type":"LineString","coordinates":[[-82.51036,36.04539],[-82.51036,36.04616]]},"properties":{"net":"out","o":4}},{"type":"Feature","geometry":{"type":"LineString","coordinates":[[-82.50749,36.04803],[-82.50724,36.04856]]},"properties":{"net":"out","o":4}},{"type":"Feature","geometry":{"type":"LineString","coordinates":[[-82.50259,36.05934],[-82.50239,36.05958],[-82.50238,36.06004],[-82.50309,36.0608]]},"properties":{"net":"out","o":5}},{"type":"Feature","geometry":{"type":"LineString","coordinates":[[-82.50022,36.04586],[-82.50045,36.04623],[-82.50105,36.04675]]},"properties":{"net":"out","o":5}},{"type":"Feature","geometry":{"type":"LineString","coordinates":[[-82.51554,36.06889],[-82.51505,36.06854],[-82.51457,36.06777],[-82.51368,36.06709],[-82.51237,36.0665],[-82.5114,36.06637],[-82.51032,36.0665],[-82.50988,36.06663],[-82.50938,36.06708]]},"properties":{"net":"out","o":6}},{"type":"Feature","geometry":{"type":"LineString","coordinates":[[-82.50369,36.07056],[-82.50373,36.07061]]},"properties":{"net":"out","o":5}},{"type":"Feature","geometry":{"type":"LineString","coordinates":[[-82.48863,36.19747],[-82.48883,36.19707]]},"properties":{"net":"out","o":7}},{"type":"Feature","geometry":{"type":"LineString","coordinates":[[-82.48863,36.19747],[-82.48946,36.19773],[-82.491,36.19849],[-82.49123,36.19869],[-82.49163,36.19877]]},"properties":{"net":"out","o":7}},{"type":"Feature","geometry":{"type":"LineString","coordinates":[[-82.49492,36.1521],[-82.49471,36.15272],[-82.49434,36.15316],[-82.49385,36.15333],[-82.49264,36.15328],[-82.49202,36.15341]]},"properties":{"net":"out","o":4}},{"type":"Feature","geometry":{"type":"LineString","coordinates":[[-82.5812,35.98193],[-82.58072,35.98206],[-82.57965,35.9826],[-82.57915,35.98269]]},"properties":{"net":"out","o":4}},{"type":"Feature","geometry":{"type":"LineString","coordinates":[[-82.56707,35.98719],[-82.5656,35.98795],[-82.56453,35.98823],[-82.56363,35.9886]]},"properties":{"net":"out","o":4}},{"type":"Feature","geometry":{"type":"LineString","coordinates":[[-82.57551,36.02008],[-82.57517,36.02066]]},"properties":{"net":"out","o":4}},{"type":"Feature","geometry":{"type":"LineString","coordinates":[[-82.57112,36.05087],[-82.57054,36.05082],[-82.56863,36.05139],[-82.56751,36.05136]]},"properties":{"net":"out","o":5}},{"type":"Feature","geometry":{"type":"LineString","coordinates":[[-82.4697,35.90919],[-82.46887,35.90936],[-82.46702,35.91037],[-82.46618,35.91184],[-82.46547,35.91252],[-82.46516,35.91297],[-82.46475,35.91323]]},"properties":{"net":"out","o":4}},{"type":"Feature","geometry":{"type":"LineString","coordinates":[[-82.46099,36.00435],[-82.46078,36.00295],[-82.4608,36.00151],[-82.46066,36.00074],[-82.46078,35.99874],[-82.46033,35.99812],[-82.46025,35.99782],[-82.45959,35.99678],[-82.45771,35.99529],[-82.45711,35.99455],[-82.45596,35.99355]]},"properties":{"net":"sm2919","o":1}},{"type":"Feature","geometry":{"type":"LineString","coordinates":[[-82.47093,36.04037],[-82.47155,36.04025],[-82.47213,36.04032],[-82.47253,36.0406],[-82.47308,36.04123],[-82.47345,36.04141],[-82.47388,36.04142],[-82.47457,36.04108],[-82.475,36.041],[-82.47651,36.04162],[-82.47707,36.04171],[-82.4776,36.04136],[-82.47906,36.03937]]},"properties":{"net":"out","o":4}},{"type":"Feature","geometry":{"type":"LineString","coordinates":[[-82.46394,36.16333],[-82.46404,36.1635],[-82.46381,36.16407],[-82.46369,36.16481],[-82.46373,36.1652],[-82.46323,36.16588],[-82.46333,36.16705]]},"properties":{"net":"out","o":4}},{"type":"Feature","geometry":{"type":"LineString","coordinates":[[-82.4637,36.23509],[-82.46296,36.23512]]},"properties":{"net":"out","o":4}},{"type":"Feature","geometry":{"type":"LineString","coordinates":[[-82.47781,35.91392],[-82.47684,35.91307],[-82.47563,35.91254],[-82.47517,35.91215],[-82.47497,35.91175]]},"properties":{"net":"out","o":4}},{"type":"Feature","geometry":{"type":"LineString","coordinates":[[-82.47395,35.91089],[-82.47325,35.91055],[-82.47282,35.91021],[-82.47138,35.9096],[-82.4697,35.90919]]},"properties":{"net":"out","o":4}},{"type":"Feature","geometry":{"type":"LineString","coordinates":[[-82.47533,35.95136],[-82.47535,35.9519],[-82.47521,35.9524],[-82.47523,35.95326],[-82.47536,35.95376],[-82.4757,35.95442],[-82.47541,35.95602]]},"properties":{"net":"sm2919","o":1}},{"type":"Feature","geometry":{"type":"LineString","coordinates":[[-82.46523,35.95949],[-82.46387,35.96039],[-82.46363,35.96064],[-82.46292,35.96194],[-82.46242,35.96347]]},"properties":{"net":"sm2919","o":1}},{"type":"Feature","geometry":{"type":"LineString","coordinates":[[-82.476,35.97471],[-82.475,35.97393],[-82.47356,35.97255],[-82.47247,35.97191],[-82.47185,35.97113],[-82.47143,35.97085]]},"properties":{"net":"sm2919","o":1}},{"type":"Feature","geometry":{"type":"LineString","coordinates":[[-82.46829,35.96557],[-82.46739,35.96581],[-82.46616,35.96592],[-82.4636,35.96645],[-82.46274,35.96716],[-82.46107,35.96799]]},"properties":{"net":"sm2919","o":3}},{"type":"Feature","geometry":{"type":"LineString","coordinates":[[-82.45596,35.96753],[-82.45655,35.96859],[-82.45737,35.96911],[-82.45772,35.96954],[-82.45803,35.97054],[-82.45871,35.9703],[-82.45901,35.97039]]},"properties":{"net":"sm2919","o":2}},{"type":"Feature","geometry":{"type":"LineString","coordinates":[[-82.46529,35.97877],[-82.46481,35.97827],[-82.46355,35.97734],[-82.46171,35.97696],[-82.46114,35.97664],[-82.46061,35.97648],[-82.45978,35.97653],[-82.45855,35.97591],[-82.45778,35.97569],[-82.45746,35.97537],[-82.45593,35.97522],[-82.45414,35.97474],[-82.45339,35.97437],[-82.4525,35.97423]]},"properties":{"net":"sm2919","o":2}},{"type":"Feature","geometry":{"type":"LineString","coordinates":[[-82.46349,35.98939],[-82.46299,35.98868],[-82.46222,35.98835],[-82.46157,35.98766]]},"properties":{"net":"sm2919","o":2}},{"type":"Feature","geometry":{"type":"LineString","coordinates":[[-82.47054,36.17012],[-82.46944,36.1709]]},"properties":{"net":"out","o":4}},{"type":"Feature","geometry":{"type":"LineString","coordinates":[[-82.46922,36.17114],[-82.46927,36.17133],[-82.46915,36.17204],[-82.4687,36.17275],[-82.46865,36.17303],[-82.46803,36.17368],[-82.46722,36.17417],[-82.46658,36.17441]]},"properties":{"net":"out","o":7}},{"type":"Feature","geometry":{"type":"LineString","coordinates":[[-82.46131,36.22972],[-82.46237,36.2292],[-82.46282,36.22918],[-82.46321,36.22864],[-82.4642,36.22843],[-82.4644,36.22821]]},"properties":{"net":"out","o":4}},{"type":"Feature","geometry":{"type":"LineString","coordinates":[[-82.44435,36.26666],[-82.44519,36.26528],[-82.44536,36.26434],[-82.44553,36.26419]]},"properties":{"net":"out","o":4}},{"type":"Feature","geometry":{"type":"LineString","coordinates":[[-82.4525,35.97423],[-82.45237,35.97434]]},"properties":{"net":"sm2919","o":3}},{"type":"Feature","geometry":{"type":"LineString","coordinates":[[-82.4531,36.00374],[-82.4519,36.00435],[-82.45087,36.00469],[-82.45004,36.00471]]},"properties":{"net":"sm2919","o":1}},{"type":"Feature","geometry":{"type":"LineString","coordinates":[[-82.45292,36.19997],[-82.45325,36.20061],[-82.45499,36.20326],[-82.45649,36.20501]]},"properties":{"net":"out","o":7}},{"type":"Feature","geometry":{"type":"LineString","coordinates":[[-82.44397,36.2066],[-82.44518,36.20631],[-82.44563,36.2063],[-82.44623,36.20677],[-82.44763,36.20672],[-82.44824,36.20689],[-82.44884,36.20724],[-82.44982,36.20741],[-82.45074,36.20779],[-82.45151,36.20781],[-82.45321,36.2074],[-82.45364,36.20718],[-82.45381,36.20668],[-82.45368,36.20588],[-82.45421,36.20525],[-82.45451,36.2051],[-82.45607,36.20504]]},"properties":{"net":"out","o":5}},{"type":"Feature","geometry":{"type":"LineString","coordinates":[[-82.44683,35.91239],[-82.44541,35.91278],[-82.44512,35.91269]]},"properties":{"net":"out","o":4}},{"type":"Feature","geometry":{"type":"LineString","coordinates":[[-82.45381,36.0395],[-82.4546,36.03995],[-82.4556,36.04104]]},"properties":{"net":"out","o":4}},{"type":"Feature","geometry":{"type":"LineString","coordinates":[[-82.44239,36.12151],[-82.44279,36.12194],[-82.44358,36.12361],[-82.44375,36.12414],[-82.4438,36.12465],[-82.44394,36.12488],[-82.44388,36.12513],[-82.4442,36.12586],[-82.44456,36.12741],[-82.44454,36.12774]]},"properties":{"net":"out","o":7}},{"type":"Feature","geometry":{"type":"LineString","coordinates":[[-82.44158,36.11799],[-82.44138,36.1182],[-82.44127,36.1188],[-82.44096,36.11953],[-82.44084,36.12041],[-82.44118,36.12081],[-82.44239,36.12151]]},"properties":{"net":"out","o":7}},{"type":"Feature","geometry":{"type":"LineString","coordinates":[[-82.4542,36.22458],[-82.45462,36.22426],[-82.45657,36.22341],[-82.45755,36.22274]]},"properties":{"net":"out","o":4}},{"type":"Feature","geometry":{"type":"LineString","coordinates":[[-82.5415,36.00921],[-82.54171,36.00921]]},"properties":{"net":"out","o":4}},{"type":"Feature","geometry":{"type":"LineString","coordinates":[[-82.53636,36.00395],[-82.53722,36.00488],[-82.53785,36.00582],[-82.53862,36.00785]]},"properties":{"net":"out","o":4}},{"type":"Feature","geometry":{"type":"LineString","coordinates":[[-82.53669,36.00277],[-82.53631,36.00323],[-82.53636,36.00395]]},"properties":{"net":"out","o":4}},{"type":"Feature","geometry":{"type":"LineString","coordinates":[[-82.53055,36.04622],[-82.53036,36.04673],[-82.53073,36.04759],[-82.53083,36.04809],[-82.53066,36.0487],[-82.5307,36.04894],[-82.53132,36.04991]]},"properties":{"net":"out","o":6}},{"type":"Feature","geometry":{"type":"LineString","coordinates":[[-82.53855,36.12171],[-82.53834,36.12217],[-82.53733,36.12291],[-82.53706,36.12328],[-82.53704,36.12363],[-82.5372,36.12409],[-82.53725,36.12468],[-82.53687,36.12557],[-82.5368,36.1268]]},"properties":{"net":"out","o":4}},{"type":"Feature","geometry":{"type":"LineString","coordinates":[[-82.53298,36.13097],[-82.53367,36.1316],[-82.53382,36.13184]]},"properties":{"net":"out","o":5}},{"type":"Feature","geometry":{"type":"LineString","coordinates":[[-82.52831,36.14732],[-82.52837,36.14814]]},"properties":{"net":"out","o":5}},{"type":"Feature","geometry":{"type":"LineString","coordinates":[[-82.53097,36.15395],[-82.53169,36.15446],[-82.53215,36.15499]]},"properties":{"net":"out","o":5}},{"type":"Feature","geometry":{"type":"LineString","coordinates":[[-82.52838,36.14999],[-82.52923,36.15064],[-82.52962,36.15128]]},"properties":{"net":"out","o":5}},{"type":"Feature","geometry":{"type":"LineString","coordinates":[[-82.53475,36.04528],[-82.53388,36.04572],[-82.533,36.0458],[-82.53202,36.04605],[-82.53091,36.04603]]},"properties":{"net":"out","o":6}},{"type":"Feature","geometry":{"type":"LineString","coordinates":[[-82.14117,35.85787],[-82.14134,35.85808],[-82.14213,35.85826],[-82.14269,35.85869],[-82.14285,35.85899],[-82.14273,35.85956],[-82.14282,35.85996],[-82.14311,35.86023],[-82.1441,35.8607],[-82.14446,35.86206],[-82.1448,35.8627],[-82.14624,35.86355],[-82.14615,35.86412],[-82.14582,35.86481],[-82.14573,35.86555]]},"properties":{"net":"out","o":4}},{"type":"Feature","geometry":{"type":"LineString","coordinates":[[-82.07821,36.07603],[-82.07983,36.07612],[-82.08078,36.07635],[-82.08251,36.07653],[-82.08293,36.0767],[-82.08381,36.07674],[-82.08471,36.07632],[-82.0854,36.07573]]},"properties":{"net":"sm54736","o":2}},{"type":"Feature","geometry":{"type":"LineString","coordinates":[[-82.09498,36.09852],[-82.09535,36.09849],[-82.09603,36.09811],[-82.09663,36.09753],[-82.09751,36.09721],[-82.09772,36.09673],[-82.09866,36.09569],[-82.09879,36.09533],[-82.09927,36.09477],[-82.09981,36.09379]]},"properties":{"net":"sm8025192","o":2}},{"type":"Feature","geometry":{"type":"LineString","coordinates":[[-82.64408,36.23279],[-82.6438,36.2326],[-82.64379,36.2323],[-82.64357,36.23196],[-82.64311,36.23172],[-82.64246,36.23119],[-82.64226,36.23053],[-82.64179,36.2302],[-82.64178,36.22969],[-82.64157,36.22928]]},"properties":{"net":"out","o":5}},{"type":"Feature","geometry":{"type":"LineString","coordinates":[[-82.63438,36.22357],[-82.63639,36.22184],[-82.63908,36.22019],[-82.63941,36.22012],[-82.64017,36.22021],[-82.64042,36.22009],[-82.64055,36.21985],[-82.64065,36.21929],[-82.64065,36.21875],[-82.64143,36.21768],[-82.64147,36.21734]]},"properties":{"net":"out","o":6}},{"type":"Feature","geometry":{"type":"LineString","coordinates":[[-82.63405,36.22441],[-82.63409,36.22403],[-82.63438,36.22357]]},"properties":{"net":"out","o":6}},{"type":"Feature","geometry":{"type":"LineString","coordinates":[[-82.62957,36.22794],[-82.62975,36.22755],[-82.63082,36.22687],[-82.63141,36.22677]]},"properties":{"net":"out","o":5}},{"type":"Feature","geometry":{"type":"LineString","coordinates":[[-82.3834,35.9235],[-82.38382,35.92367],[-82.38525,35.92367],[-82.38609,35.92393],[-82.38674,35.92435]]},"properties":{"net":"out","o":5}},{"type":"Feature","geometry":{"type":"LineString","coordinates":[[-82.39472,35.98012],[-82.39464,35.98042],[-82.39531,35.98181]]},"properties":{"net":"out","o":5}},{"type":"Feature","geometry":{"type":"LineString","coordinates":[[-82.39377,36.00084],[-82.39255,35.99992],[-82.39198,35.99908],[-82.39178,35.99893],[-82.39061,35.99871],[-82.38943,35.99864],[-82.38901,35.9984],[-82.38837,35.99774]]},"properties":{"net":"out","o":4}},{"type":"Feature","geometry":{"type":"LineString","coordinates":[[-82.62835,36.25639],[-82.62776,36.25501],[-82.62774,36.25478],[-82.62805,36.2546],[-82.62882,36.25442],[-82.62924,36.25397],[-82.62964,36.25393],[-82.63031,36.25296],[-82.63076,36.25261],[-82.63199,36.25254],[-82.63226,36.25228],[-82.63247,36.25132],[-82.63274,36.25104],[-82.6333,36.25099],[-82.63423,36.25111],[-82.63529,36.25147]]},"properties":{"net":"out","o":5}},{"type":"Feature","geometry":{"type":"LineString","coordinates":[[-82.36019,36.0188],[-82.35856,36.01875]]},"properties":{"net":"out","o":4}},{"type":"Feature","geometry":{"type":"LineString","coordinates":[[-82.43271,35.98498],[-82.43249,35.98457],[-82.4318,35.98401],[-82.43155,35.9836],[-82.4314,35.98294],[-82.43108,35.98261],[-82.43063,35.98228],[-82.42936,35.98187],[-82.42799,35.98071],[-82.42773,35.98029]]},"properties":{"net":"sm2919","o":1}},{"type":"Feature","geometry":{"type":"LineString","coordinates":[[-82.42836,35.98893],[-82.42768,35.98897],[-82.42612,35.98948],[-82.42524,35.9896],[-82.42416,35.98999],[-82.42273,35.99011],[-82.42261,35.99014],[-82.42241,35.99046]]},"properties":{"net":"sm2919","o":2}},{"type":"Feature","geometry":{"type":"LineString","coordinates":[[-82.4217,36.20113],[-82.42412,36.20233]]},"properties":{"net":"out","o":5}},{"type":"Feature","geometry":{"type":"LineString","coordinates":[[-82.42633,36.2469],[-82.42745,36.24618]]},"properties":{"net":"out","o":4}},{"type":"Feature","geometry":{"type":"LineString","coordinates":[[-82.61709,36.10846],[-82.61715,36.10879],[-82.61681,36.10919]]},"properties":{"net":"out","o":5}},{"type":"Feature","geometry":{"type":"LineString","coordinates":[[-82.61681,36.10919],[-82.61661,36.10965],[-82.61659,36.11095]]},"properties":{"net":"out","o":5}},{"type":"Feature","geometry":{"type":"LineString","coordinates":[[-82.61657,36.11218],[-82.61672,36.11367]]},"properties":{"net":"out","o":5}},{"type":"Feature","geometry":{"type":"LineString","coordinates":[[-82.60733,36.18721],[-82.60736,36.18728],[-82.60708,36.18754],[-82.60688,36.18791],[-82.60665,36.18872],[-82.60638,36.18919],[-82.60586,36.18985],[-82.60523,36.19108],[-82.60489,36.19148],[-82.60436,36.19239]]},"properties":{"net":"out","o":7}},{"type":"Feature","geometry":{"type":"LineString","coordinates":[[-82.60366,36.19556],[-82.60445,36.19648],[-82.60517,36.19699],[-82.60682,36.19714],[-82.60737,36.19738],[-82.60772,36.19771],[-82.6079,36.19773],[-82.60832,36.19818],[-82.60832,36.19839],[-82.60876,36.19898],[-82.60886,36.19943],[-82.60905,36.19966],[-82.60888,36.20049]]},"properties":{"net":"out","o":7}},{"type":"Feature","geometry":{"type":"LineString","coordinates":[[-82.34527,35.90591],[-82.34554,35.90614],[-82.34614,35.90798]]},"properties":{"net":"out","o":5}},{"type":"Feature","geometry":{"type":"LineString","coordinates":[[-82.35062,36.002],[-82.35037,36.00204]]},"properties":{"net":"out","o":6}},{"type":"Feature","geometry":{"type":"LineString","coordinates":[[-82.34001,36.03479],[-82.33973,36.03634]]},"properties":{"net":"out","o":7}},{"type":"Feature","geometry":{"type":"LineString","coordinates":[[-82.33672,36.05339],[-82.33688,36.05503],[-82.33777,36.05687],[-82.33824,36.05754]]},"properties":{"net":"out","o":7}},{"type":"Feature","geometry":{"type":"LineString","coordinates":[[-82.61332,36.13255],[-82.61232,36.13332],[-82.61194,36.13439],[-82.61146,36.13484],[-82.61119,36.13534],[-82.61097,36.1361],[-82.61078,36.13631],[-82.60997,36.13669],[-82.60956,36.13703],[-82.60949,36.13741],[-82.60963,36.13807],[-82.60948,36.13871],[-82.60931,36.13888],[-82.60862,36.13913],[-82.60777,36.13962],[-82.60708,36.13972]]},"properties":{"net":"out","o":5}},{"type":"Feature","geometry":{"type":"LineString","coordinates":[[-82.61867,36.23999],[-82.61917,36.2394],[-82.61964,36.23917],[-82.62031,36.23826]]},"properties":{"net":"out","o":5}},{"type":"Feature","geometry":{"type":"LineString","coordinates":[[-82.33521,35.94295],[-82.3351,35.94313],[-82.33481,35.9433]]},"properties":{"net":"out","o":4}},{"type":"Feature","geometry":{"type":"LineString","coordinates":[[-82.3484,36.01027],[-82.34855,36.01169],[-82.34872,36.01219]]},"properties":{"net":"out","o":6}},{"type":"Feature","geometry":{"type":"LineString","coordinates":[[-82.35129,36.0154],[-82.35113,36.01641],[-82.35059,36.01689],[-82.34994,36.01699],[-82.34923,36.01659],[-82.34781,36.01539],[-82.34709,36.01527],[-82.34623,36.01548],[-82.34617,36.01603],[-82.346,36.01627],[-82.34557,36.01645],[-82.34517,36.01687],[-82.34571,36.01847]]},"properties":{"net":"out","o":6}},{"type":"Feature","geometry":{"type":"LineString","coordinates":[[-82.40347,36.1628],[-82.40407,36.16234],[-82.40464,36.16216],[-82.40626,36.16201],[-82.40723,36.16143],[-82.40745,36.16109],[-82.40729,36.16091],[-82.40673,36.16064],[-82.40649,36.16011],[-82.40674,36.15939],[-82.4071,36.15914]]},"properties":{"net":"out","o":6}},{"type":"Feature","geometry":{"type":"LineString","coordinates":[[-82.40794,36.22041],[-82.40797,36.21994],[-82.40823,36.21927],[-82.40888,36.21843],[-82.40888,36.2173],[-82.40895,36.21718]]},"properties":{"net":"out","o":4}},{"type":"Feature","geometry":{"type":"LineString","coordinates":[[-82.32857,36.19588],[-82.32975,36.1952]]},"properties":{"net":"out","o":5}},{"type":"Feature","geometry":{"type":"LineString","coordinates":[[-82.41658,35.91412],[-82.41426,35.91304],[-82.41319,35.91277]]},"properties":{"net":"out","o":4}},{"type":"Feature","geometry":{"type":"LineString","coordinates":[[-82.39796,35.91372],[-82.39764,35.91396]]},"properties":{"net":"out","o":4}},{"type":"Feature","geometry":{"type":"LineString","coordinates":[[-82.39662,35.94726],[-82.3963,35.94789]]},"properties":{"net":"out","o":5}},{"type":"Feature","geometry":{"type":"LineString","coordinates":[[-82.39719,35.98996],[-82.39697,35.99006],[-82.39691,35.99026],[-82.39701,35.99116],[-82.39723,35.99169],[-82.39727,35.99211],[-82.39685,35.99262]]},"properties":{"net":"out","o":5}},{"type":"Feature","geometry":{"type":"LineString","coordinates":[[-82.39929,36.08188],[-82.40057,36.08159],[-82.40167,36.08099],[-82.40217,36.08047],[-82.40222,36.08023],[-82.40245,36.07993],[-82.40268,36.07815],[-82.40256,36.0776],[-82.4026,36.07735],[-82.40212,36.07625],[-82.4009,36.07502]]},"properties":{"net":"out","o":7}},{"type":"Feature","geometry":{"type":"LineString","coordinates":[[-82.39792,36.08172],[-82.39929,36.08188]]},"properties":{"net":"out","o":7}},{"type":"Feature","geometry":{"type":"LineString","coordinates":[[-82.39586,36.21053],[-82.39683,36.21034],[-82.39775,36.21042],[-82.39843,36.21014],[-82.39869,36.21023]]},"properties":{"net":"out","o":4}},{"type":"Feature","geometry":{"type":"LineString","coordinates":[[-82.40438,36.21431],[-82.40586,36.21461],[-82.40656,36.21467]]},"properties":{"net":"out","o":4}},{"type":"Feature","geometry":{"type":"LineString","coordinates":[[-82.59071,36.15633],[-82.59066,36.15639],[-82.59075,36.15665],[-82.59092,36.15693],[-82.59085,36.1576],[-82.59122,36.1583],[-82.59121,36.15891],[-82.59128,36.15902]]},"properties":{"net":"out","o":7}},{"type":"Feature","geometry":{"type":"LineString","coordinates":[[-82.5866,36.15001],[-82.58583,36.15061],[-82.58539,36.15137]]},"properties":{"net":"out","o":4}},{"type":"Feature","geometry":{"type":"LineString","coordinates":[[-82.58097,36.15051],[-82.58203,36.15065],[-82.58223,36.15082],[-82.58367,36.15113],[-82.58403,36.15138],[-82.58473,36.15154],[-82.58488,36.1517],[-82.5851,36.15172]]},"properties":{"net":"out","o":7}},{"type":"Feature","geometry":{"type":"LineString","coordinates":[[-82.33006,36.09917],[-82.33007,36.09896],[-82.32984,36.09849],[-82.32988,36.09812],[-82.33084,36.0971]]},"properties":{"net":"out","o":4}},{"type":"Feature","geometry":{"type":"LineString","coordinates":[[-82.31838,36.20406],[-82.31851,36.20367],[-82.31927,36.20331]]},"properties":{"net":"out","o":5}},{"type":"Feature","geometry":{"type":"LineString","coordinates":[[-82.30308,35.85694],[-82.30307,35.85748],[-82.30361,35.85877],[-82.30366,35.85947],[-82.3034,35.86113],[-82.30308,35.86173]]},"properties":{"net":"NC3200","o":4}},{"type":"Feature","geometry":{"type":"LineString","coordinates":[[-82.30102,35.87374],[-82.30133,35.87378],[-82.30176,35.87368],[-82.30264,35.87328],[-82.30383,35.87295],[-82.30478,35.87245],[-82.30546,35.87245],[-82.30645,35.87293],[-82.30812,35.87395],[-82.30938,35.87446],[-82.31091,35.87546],[-82.31164,35.87565],[-82.31189,35.8755],[-82.31196,35.87511],[-82.3118,35.87481],[-82.31001,35.87298],[-82.30966,35.87243],[-82.30945,35.87187],[-82.30949,35.8714],[-82.30961,35.8712],[-82.31027,35.87056],[-82.31094,35.87013],[-82.31112,35.86986],[-82.31156,35.86833]]},"properties":{"net":"NC3200","o":4}},{"type":"Feature","geometry":{"type":"LineString","coordinates":[[-82.30373,35.9736],[-82.30348,35.97408]]},"properties":{"net":"out","o":4}},{"type":"Feature","geometry":{"type":"LineString","coordinates":[[-82.31188,36.02944],[-82.31164,36.02902]]},"properties":{"net":"out","o":6}},{"type":"Feature","geometry":{"type":"LineString","coordinates":[[-82.30118,36.05832],[-82.30149,36.05788],[-82.30203,36.05758]]},"properties":{"net":"out","o":5}},{"type":"Feature","geometry":{"type":"LineString","coordinates":[[-82.30287,36.0562],[-82.30216,36.05558],[-82.30157,36.05474],[-82.30129,36.05395],[-82.3011,36.05289]]},"properties":{"net":"out","o":5}},{"type":"Feature","geometry":{"type":"LineString","coordinates":[[-82.29947,36.08654],[-82.29967,36.08413]]},"properties":{"net":"out","o":4}},{"type":"Feature","geometry":{"type":"LineString","coordinates":[[-82.5972,36.12371],[-82.5977,36.12472]]},"properties":{"net":"out","o":4}},{"type":"Feature","geometry":{"type":"LineString","coordinates":[[-82.2884,35.9072],[-82.28875,35.90766],[-82.28883,35.90791],[-82.2889,35.90942],[-82.28923,35.91043],[-82.28923,35.91089],[-82.28893,35.91174]]},"properties":{"net":"sm2618","o":1}},{"type":"Feature","geometry":{"type":"LineString","coordinates":[[-82.28742,35.91527],[-82.28645,35.91583]]},"properties":{"net":"sm2618","o":3}},{"type":"Feature","geometry":{"type":"LineString","coordinates":[[-82.25674,35.88233],[-82.25648,35.88283],[-82.25659,35.88358],[-82.25629,35.88426],[-82.25462,35.88622],[-82.25449,35.88654],[-82.25376,35.88755],[-82.25361,35.88811],[-82.25361,35.8886],[-82.25456,35.89036],[-82.25461,35.89176],[-82.25514,35.89378],[-82.25504,35.89403],[-82.25471,35.89429]]},"properties":{"net":"sm2618","o":1}},{"type":"Feature","geometry":{"type":"LineString","coordinates":[[-82.26515,35.90545],[-82.2658,35.90563],[-82.26736,35.90558],[-82.26916,35.90641]]},"properties":{"net":"sm2618","o":1}},{"type":"Feature","geometry":{"type":"LineString","coordinates":[[-82.27803,35.9187],[-82.27712,35.91777],[-82.27613,35.91775]]},"properties":{"net":"sm2618","o":2}},{"type":"Feature","geometry":{"type":"LineString","coordinates":[[-82.26884,35.97266],[-82.26928,35.9735],[-82.26931,35.97375],[-82.27015,35.97454]]},"properties":{"net":"out","o":4}},{"type":"Feature","geometry":{"type":"LineString","coordinates":[[-82.28124,35.99956],[-82.28105,36.00013],[-82.2811,36.00029],[-82.28193,36.00203],[-82.28296,36.00288],[-82.28335,36.00406],[-82.28333,36.00458]]},"properties":{"net":"out","o":5}},{"type":"Feature","geometry":{"type":"LineString","coordinates":[[-82.26762,35.99239],[-82.26709,35.99304],[-82.26712,35.99352],[-82.26773,35.99451],[-82.26873,35.99536],[-82.26897,35.99592],[-82.27001,35.99656],[-82.27016,35.99677]]},"properties":{"net":"out","o":4}},{"type":"Feature","geometry":{"type":"LineString","coordinates":[[-82.27692,36.02283],[-82.27753,36.02348],[-82.27901,36.02452]]},"properties":{"net":"out","o":6}},{"type":"Feature","geometry":{"type":"LineString","coordinates":[[-82.27595,36.02196],[-82.27692,36.02283]]},"properties":{"net":"out","o":6}},{"type":"Feature","geometry":{"type":"LineString","coordinates":[[-82.48066,35.95843],[-82.48054,35.95983],[-82.48043,35.96012],[-82.48009,35.96056],[-82.47889,35.96148],[-82.47787,35.96186],[-82.4772,35.96257],[-82.47685,35.96333],[-82.47641,35.96372],[-82.47581,35.964],[-82.47476,35.96419]]},"properties":{"net":"sm2919","o":1}},{"type":"Feature","geometry":{"type":"LineString","coordinates":[[-82.58614,35.97839],[-82.58576,35.97839],[-82.58529,35.97854]]},"properties":{"net":"out","o":4}},{"type":"Feature","geometry":{"type":"LineString","coordinates":[[-82.6057,36.14167],[-82.6051,36.14268],[-82.60434,36.14276],[-82.60283,36.14429],[-82.60289,36.14458],[-82.60322,36.14491],[-82.60328,36.14527],[-82.60244,36.14664],[-82.60161,36.14755],[-82.6001,36.14789],[-82.59888,36.14859],[-82.59859,36.14902],[-82.59826,36.15024],[-82.59792,36.15074]]},"properties":{"net":"out","o":5}},{"type":"Feature","geometry":{"type":"LineString","coordinates":[[-82.2687,35.9153],[-82.26805,35.91541],[-82.26687,35.91492],[-82.26609,35.91522],[-82.26549,35.9152],[-82.26513,35.91508]]},"properties":{"net":"sm2618","o":4}},{"type":"Feature","geometry":{"type":"LineString","coordinates":[[-82.26513,35.91508],[-82.26405,35.91509],[-82.2636,35.91499],[-82.26291,35.91504]]},"properties":{"net":"sm2618","o":4}},{"type":"Feature","geometry":{"type":"LineString","coordinates":[[-82.26248,35.90788],[-82.26156,35.90803],[-82.26003,35.90854],[-82.25951,35.90853],[-82.2587,35.90822],[-82.2584,35.90822],[-82.25703,35.90882]]},"properties":{"net":"sm2618","o":1}},{"type":"Feature","geometry":{"type":"LineString","coordinates":[[-82.25079,35.91591],[-82.24985,35.9156]]},"properties":{"net":"sm2618","o":4}},{"type":"Feature","geometry":{"type":"LineString","coordinates":[[-82.25805,35.91825],[-82.25724,35.91858],[-82.25676,35.91856],[-82.25607,35.91834],[-82.25484,35.91812]]},"properties":{"net":"sm2618","o":4}},{"type":"Feature","geometry":{"type":"LineString","coordinates":[[-82.25214,35.9303],[-82.25207,35.92938],[-82.25179,35.92889],[-82.25155,35.92817],[-82.25158,35.92766]]},"properties":{"net":"sm2618","o":3}},{"type":"Feature","geometry":{"type":"LineString","coordinates":[[-82.25059,35.93574],[-82.25131,35.93445],[-82.25106,35.93355],[-82.25148,35.93248]]},"properties":{"net":"sm2618","o":3}},{"type":"Feature","geometry":{"type":"LineString","coordinates":[[-82.24879,35.92437],[-82.25022,35.92382],[-82.25071,35.92343],[-82.25154,35.923]]},"properties":{"net":"sm2618","o":1}},{"type":"Feature","geometry":{"type":"LineString","coordinates":[[-82.25005,35.94364],[-82.24965,35.94336],[-82.24926,35.94286],[-82.24809,35.94235]]},"properties":{"net":"sm2618","o":2}},{"type":"Feature","geometry":{"type":"LineString","coordinates":[[-82.26886,35.99825],[-82.26835,35.99987],[-82.26766,36.00062],[-82.26734,36.00077]]},"properties":{"net":"out","o":4}},{"type":"Feature","geometry":{"type":"LineString","coordinates":[[-82.25625,35.99123],[-82.25781,35.99286],[-82.25862,35.99411],[-82.25974,35.9964],[-82.26047,35.99727],[-82.26118,35.99767],[-82.26359,35.9994],[-82.26631,36.00063],[-82.26692,36.00077],[-82.2671,36.00092]]},"properties":{"net":"out","o":6}},{"type":"Feature","geometry":{"type":"LineString","coordinates":[[-82.25101,35.98893],[-82.25192,35.98914],[-82.25208,35.9893],[-82.25247,35.98935],[-82.25322,35.98973],[-82.25349,35.98976],[-82.25437,35.99015],[-82.25615,35.99126],[-82.25625,35.99123]]},"properties":{"net":"out","o":6}},{"type":"Feature","geometry":{"type":"LineString","coordinates":[[-82.25107,35.99605],[-82.25029,35.99462],[-82.25019,35.99418],[-82.24981,35.99397],[-82.24981,35.99375],[-82.24966,35.99359]]},"properties":{"net":"out","o":6}},{"type":"Feature","geometry":{"type":"LineString","coordinates":[[-82.26892,36.01385],[-82.26815,36.01434],[-82.26791,36.01471],[-82.26778,36.01517]]},"properties":{"net":"out","o":6}},{"type":"Feature","geometry":{"type":"LineString","coordinates":[[-82.25768,36.02506],[-82.25815,36.02518]]},"properties":{"net":"out","o":5}},{"type":"Feature","geometry":{"type":"LineString","coordinates":[[-82.25159,36.02432],[-82.25366,36.02453]]},"properties":{"net":"out","o":5}},{"type":"Feature","geometry":{"type":"LineString","coordinates":[[-82.48069,35.95433],[-82.47989,35.95448],[-82.47844,35.95521],[-82.47753,35.95528],[-82.47669,35.95549],[-82.47541,35.95602]]},"properties":{"net":"sm2919","o":1}},{"type":"Feature","geometry":{"type":"LineString","coordinates":[[-82.4984,35.96685],[-82.49783,35.96723],[-82.49675,35.96816],[-82.49584,35.96911]]},"properties":{"net":"sm2919","o":1}},{"type":"Feature","geometry":{"type":"LineString","coordinates":[[-82.49693,35.98146],[-82.49643,35.98091],[-82.49533,35.98031],[-82.4951,35.98001],[-82.49496,35.97945],[-82.49457,35.97872]]},"properties":{"net":"sm2919","o":1}},{"type":"Feature","geometry":{"type":"LineString","coordinates":[[-82.49457,35.97872],[-82.49297,35.9771]]},"properties":{"net":"sm2919","o":2}},{"type":"Feature","geometry":{"type":"LineString","coordinates":[[-82.49297,35.9771],[-82.49312,35.97666],[-82.49307,35.97624],[-82.49245,35.97546],[-82.49162,35.97395]]},"properties":{"net":"sm2919","o":2}},{"type":"Feature","geometry":{"type":"LineString","coordinates":[[-82.48302,36.10166],[-82.47945,36.10044],[-82.47862,36.09998],[-82.4782,36.09955],[-82.478,36.09916],[-82.47775,36.09754],[-82.47769,36.09737],[-82.47736,36.09717],[-82.47732,36.09682]]},"properties":{"net":"out","o":4}},{"type":"Feature","geometry":{"type":"LineString","coordinates":[[-82.24809,35.94235],[-82.24779,35.94202]]},"properties":{"net":"sm2618","o":3}},{"type":"Feature","geometry":{"type":"LineString","coordinates":[[-82.26665,35.7604],[-82.26736,35.75952],[-82.26776,35.7588],[-82.26785,35.758],[-82.26824,35.75681],[-82.26774,35.75477],[-82.26682,35.75306],[-82.26637,35.7528],[-82.26556,35.75253],[-82.26465,35.75196],[-82.26389,35.7511],[-82.26262,35.75004],[-82.26236,35.74974],[-82.26137,35.74799],[-82.26106,35.74718],[-82.26001,35.74628],[-82.25732,35.74494],[-82.25448,35.74486]]},"properties":{"net":"sm2660","o":1}},{"type":"Feature","geometry":{"type":"LineString","coordinates":[[-82.24702,35.72288],[-82.24641,35.72485],[-82.24622,35.72522],[-82.24591,35.72552],[-82.24362,35.72586],[-82.24267,35.72632]]},"properties":{"net":"sm2660","o":3}},{"type":"Feature","geometry":{"type":"LineString","coordinates":[[-82.22718,35.72008],[-82.22991,35.72191],[-82.2311,35.7225],[-82.23329,35.72391],[-82.23493,35.72564],[-82.23633,35.72662],[-82.23841,35.72759],[-82.23923,35.72773],[-82.24041,35.72815]]},"properties":{"net":"sm2660","o":1}},{"type":"Feature","geometry":{"type":"LineString","coordinates":[[-82.23663,35.77864],[-82.23584,35.77834],[-82.23439,35.77744],[-82.2329,35.7763],[-82.23264,35.77608],[-82.23204,35.77511],[-82.23091,35.77432],[-82.22962,35.77284],[-82.22842,35.77239],[-82.22735,35.77224],[-82.22578,35.77259],[-82.22446,35.77276],[-82.22356,35.77286],[-82.22274,35.77281]]},"properties":{"net":"sm2663","o":1}},{"type":"Feature","geometry":{"type":"LineString","coordinates":[[-82.23177,35.80234],[-82.23106,35.80303],[-82.23023,35.8034],[-82.22921,35.80414],[-82.22814,35.80463],[-82.22736,35.80527],[-82.22643,35.80556],[-82.22503,35.80526],[-82.22434,35.80536],[-82.22119,35.80498]]},"properties":{"net":"sm2678","o":1}},{"type":"Feature","geometry":{"type":"LineString","coordinates":[[-82.23614,36.00505],[-82.23636,36.00511],[-82.23712,36.00466],[-82.23725,36.00471]]},"properties":{"net":"out","o":4}},{"type":"Feature","geometry":{"type":"LineString","coordinates":[[-82.23335,36.03586],[-82.23401,36.03538],[-82.23436,36.03475],[-82.23485,36.03237],[-82.23523,36.03225],[-82.23618,36.03247],[-82.23784,36.03378],[-82.23797,36.03412],[-82.23879,36.0346],[-82.23954,36.03482],[-82.24,36.03469],[-82.24013,36.03432],[-82.23962,36.0336],[-82.23956,36.03325],[-82.23921,36.0328],[-82.23944,36.03206],[-82.24,36.03138],[-82.24025,36.03119],[-82.24201,36.03116],[-82.24225,36.0312],[-82.24264,36.0316],[-82.24378,36.03162],[-82.24436,36.03135],[-82.24476,36.03089],[-82.24582,36.03029],[-82.24645,36.0298],[-82.24677,36.02929],[-82.24675,36.02855]]},"properties":{"net":"out","o":5}},{"type":"Feature","geometry":{"type":"LineString","coordinates":[[-82.22943,36.0356],[-82.22941,36.03545],[-82.22959,36.03505]]},"properties":{"net":"out","o":5}},{"type":"Feature","geometry":{"type":"LineString","coordinates":[[-82.18904,35.82464],[-82.18841,35.82536],[-82.18744,35.82618]]},"properties":{"net":"sm2689","o":1}},{"type":"Feature","geometry":{"type":"LineString","coordinates":[[-82.18737,35.82612],[-82.18744,35.82618]]},"properties":{"net":"sm2689","o":4}},{"type":"Feature","geometry":{"type":"LineString","coordinates":[[-82.18798,35.83512],[-82.18756,35.83461],[-82.18724,35.83439],[-82.18509,35.8335],[-82.18325,35.8338]]},"properties":{"net":"sm2702","o":1}},{"type":"Feature","geometry":{"type":"LineString","coordinates":[[-82.18641,35.8914],[-82.18571,35.89184],[-82.18537,35.89219],[-82.18518,35.89253],[-82.18517,35.89307],[-82.18526,35.8933],[-82.18568,35.89371],[-82.18636,35.89422],[-82.18677,35.89442],[-82.18723,35.8949],[-82.1875,35.89537],[-82.18751,35.89558]]},"properties":{"net":"out","o":4}},{"type":"Feature","geometry":{"type":"LineString","coordinates":[[-82.18856,35.90661],[-82.1888,35.90692]]},"properties":{"net":"out","o":4}},{"type":"Feature","geometry":{"type":"LineString","coordinates":[[-82.18233,36.05031],[-82.18367,36.04988],[-82.18416,36.04998],[-82.18526,36.05046],[-82.18551,36.05076],[-82.18586,36.05163],[-82.18645,36.05193],[-82.18753,36.05166],[-82.18821,36.0511],[-82.1894,36.05105]]},"properties":{"net":"out","o":4}},{"type":"Feature","geometry":{"type":"LineString","coordinates":[[-82.65185,36.29169],[-82.651,36.29143]]},"properties":{"net":"out","o":4}},{"type":"Feature","geometry":{"type":"LineString","coordinates":[[-82.66097,36.40562],[-82.66349,36.40383],[-82.66437,36.40354]]},"properties":{"net":"out","o":4}},{"type":"Feature","geometry":{"type":"LineString","coordinates":[[-82.20553,35.76841],[-82.20538,35.76877],[-82.20545,35.76891],[-82.20588,35.76881]]},"properties":{"net":"sm2668","o":4}},{"type":"Feature","geometry":{"type":"LineString","coordinates":[[-82.19061,35.78021],[-82.19042,35.77955],[-82.19064,35.77839]]},"properties":{"net":"sm2674","o":1}},{"type":"Feature","geometry":{"type":"LineString","coordinates":[[-82.19064,35.77839],[-82.19061,35.77815]]},"properties":{"net":"sm2673","o":1}},{"type":"Feature","geometry":{"type":"LineString","coordinates":[[-82.19061,35.77815],[-82.19031,35.77775]]},"properties":{"net":"sm2672","o":1}},{"type":"Feature","geometry":{"type":"LineString","coordinates":[[-82.19031,35.77775],[-82.18988,35.77714],[-82.18931,35.77661]]},"properties":{"net":"sm2675","o":1}},{"type":"Feature","geometry":{"type":"LineString","coordinates":[[-82.18931,35.77661],[-82.18895,35.77579],[-82.18817,35.77474],[-82.18761,35.77367],[-82.18699,35.77324],[-82.18624,35.77202],[-82.18513,35.7709],[-82.18467,35.77064]]},"properties":{"net":"sm2671","o":1}},{"type":"Feature","geometry":{"type":"LineString","coordinates":[[-82.2009,35.77623],[-82.20125,35.7772],[-82.20173,35.77763],[-82.20188,35.77796],[-82.20219,35.77808],[-82.20242,35.77803]]},"properties":{"net":"sm2668","o":3}},{"type":"Feature","geometry":{"type":"LineString","coordinates":[[-82.20297,35.8012],[-82.20288,35.80127]]},"properties":{"net":"sm2676","o":2}},{"type":"Feature","geometry":{"type":"LineString","coordinates":[[-82.18955,35.82169],[-82.18951,35.82186]]},"properties":{"net":"sm2689","o":4}},{"type":"Feature","geometry":{"type":"LineString","coordinates":[[-82.19211,35.94028],[-82.1914,35.93922],[-82.19095,35.93895],[-82.18954,35.9385],[-82.1887,35.9384],[-82.18828,35.93849],[-82.18792,35.9387],[-82.18735,35.93936],[-82.18715,35.93973],[-82.18692,35.94072],[-82.18699,35.94156],[-82.1869,35.94209],[-82.18632,35.94323]]},"properties":{"net":"out","o":5}},{"type":"Feature","geometry":{"type":"LineString","coordinates":[[-82.18609,35.95907],[-82.18586,35.96005],[-82.18596,35.96053],[-82.18668,35.96127],[-82.18827,35.96221]]},"properties":{"net":"out","o":6}},{"type":"Feature","geometry":{"type":"LineString","coordinates":[[-82.1914,35.98193],[-82.19166,35.98221],[-82.19192,35.98228],[-82.1923,35.98268],[-82.19273,35.98378],[-82.19263,35.98431],[-82.19205,35.98478],[-82.19158,35.98534],[-82.19139,35.9864]]},"properties":{"net":"out","o":6}},{"type":"Feature","geometry":{"type":"LineString","coordinates":[[-82.1894,36.05105],[-82.19231,36.05096],[-82.19355,36.05167]]},"properties":{"net":"out","o":4}},{"type":"Feature","geometry":{"type":"LineString","coordinates":[[-82.20159,36.088],[-82.20108,36.08697],[-82.20104,36.08654]]},"properties":{"net":"out","o":4}},{"type":"Feature","geometry":{"type":"LineString","coordinates":[[-82.14467,35.87515],[-82.14477,35.87593],[-82.14527,35.87656],[-82.14548,35.8773]]},"properties":{"net":"out","o":4}},{"type":"Feature","geometry":{"type":"LineString","coordinates":[[-82.14625,35.90066],[-82.14633,35.90106],[-82.14694,35.90196]]},"properties":{"net":"out","o":4}},{"type":"Feature","geometry":{"type":"LineString","coordinates":[[-82.16422,36.0133],[-82.16432,36.01349],[-82.1648,36.0138]]},"properties":{"net":"NC6250","o":4}},{"type":"Feature","geometry":{"type":"LineString","coordinates":[[-82.15047,36.05617],[-82.15182,36.05578],[-82.15347,36.05434],[-82.15531,36.05343],[-82.15572,36.05302],[-82.15645,36.05185]]},"properties":{"net":"out","o":4}},{"type":"Feature","geometry":{"type":"LineString","coordinates":[[-82.65713,36.31322],[-82.65692,36.3129],[-82.65648,36.31264],[-82.65546,36.31254],[-82.65414,36.31266],[-82.65315,36.31209],[-82.65284,36.31171],[-82.65245,36.31143],[-82.65211,36.31145],[-82.652,36.31185],[-82.65161,36.31203],[-82.65082,36.312],[-82.65015,36.31158],[-82.64969,36.3117],[-82.64965,36.31195],[-82.64951,36.31203]]},"properties":{"net":"out","o":4}},{"type":"Feature","geometry":{"type":"LineString","coordinates":[[-82.64913,36.31316],[-82.64913,36.31272],[-82.64942,36.31235],[-82.64951,36.31203]]},"properties":{"net":"out","o":4}},{"type":"Feature","geometry":{"type":"LineString","coordinates":[[-82.23614,35.79112],[-82.23571,35.79113],[-82.23345,35.79166],[-82.23258,35.7921],[-82.23221,35.79251],[-82.23148,35.79401],[-82.23098,35.79445],[-82.23037,35.79479],[-82.22814,35.79501],[-82.22722,35.79529],[-82.22539,35.79607],[-82.22359,35.79661],[-82.22285,35.79661],[-82.22216,35.79623],[-82.22182,35.79617],[-82.22032,35.79669],[-82.21998,35.79668],[-82.21814,35.79616],[-82.2177,35.79586],[-82.21698,35.79462],[-82.2157,35.79329],[-82.21565,35.79298],[-82.21586,35.79274],[-82.21586,35.79241],[-82.21572,35.79212],[-82.21545,35.79188],[-82.21423,35.79136],[-82.21356,35.79159],[-82.21271,35.79122],[-82.2122,35.79131]]},"properties":{"net":"sm2617","o":2}},{"type":"Feature","geometry":{"type":"LineString","coordinates":[[-82.2122,35.79131],[-82.21149,35.79145],[-82.21109,35.79183]]},"properties":{"net":"sm2666","o":2}},{"type":"Feature","geometry":{"type":"LineString","coordinates":[[-82.21109,35.79183],[-82.21003,35.79294],[-82.20952,35.79365],[-82.20945,35.79436],[-82.20903,35.79524],[-82.20898,35.79564]]},"properties":{"net":"sm2665","o":2}},{"type":"Feature","geometry":{"type":"LineString","coordinates":[[-82.20898,35.79564],[-82.20881,35.79603],[-82.20803,35.79707],[-82.20724,35.79792],[-82.20675,35.7982],[-82.20631,35.79826],[-82.20589,35.79821]]},"properties":{"net":"sm2676","o":2}},{"type":"Feature","geometry":{"type":"LineString","coordinates":[[-82.74512,36.11164],[-82.7444,36.11225]]},"properties":{"net":"out","o":5}},{"type":"Feature","geometry":{"type":"LineString","coordinates":[[-82.74227,36.14766],[-82.74265,36.14755],[-82.74416,36.14769],[-82.74494,36.14792],[-82.74552,36.14824],[-82.74586,36.1486],[-82.74601,36.14905],[-82.74627,36.14933],[-82.74658,36.14936]]},"properties":{"net":"out","o":7}},{"type":"Feature","geometry":{"type":"LineString","coordinates":[[-82.74033,36.14806],[-82.74064,36.14832],[-82.74169,36.14865],[-82.74347,36.15032],[-82.744,36.15057],[-82.74488,36.15061],[-82.74524,36.15048],[-82.74658,36.14936]]},"properties":{"net":"out","o":7}},{"type":"Feature","geometry":{"type":"LineString","coordinates":[[-82.06238,35.90446],[-82.0624,35.90454]]},"properties":{"net":"NC6575","o":4}},{"type":"Feature","geometry":{"type":"LineString","coordinates":[[-81.95761,36.0821],[-81.95799,36.08487],[-81.95816,36.08538],[-81.95883,36.08596],[-81.95941,36.08661],[-81.96091,36.08872],[-81.96095,36.08908],[-81.96076,36.08996],[-81.9609,36.0919],[-81.96108,36.09249],[-81.96137,36.0927],[-81.9628,36.09325],[-81.96395,36.09357]]},"properties":{"net":"sm2925","o":1}},{"type":"Feature","geometry":{"type":"LineString","coordinates":[[-82.02781,35.90753],[-82.02859,35.90722]]},"properties":{"net":"NC6575","o":4}},{"type":"Feature","geometry":{"type":"LineString","coordinates":[[-82.0216,36.01112],[-82.02076,36.0103],[-82.01979,36.00984]]},"properties":{"net":"NC6575","o":4}},{"type":"Feature","geometry":{"type":"LineString","coordinates":[[-82.01905,36.05894],[-82.01999,36.05908]]},"properties":{"net":"NC6622","o":4}},{"type":"Feature","geometry":{"type":"LineString","coordinates":[[-82.01894,36.05894],[-82.01905,36.05894]]},"properties":{"net":"NC6622","o":4}},{"type":"Feature","geometry":{"type":"LineString","coordinates":[[-82.76132,36.09268],[-82.76137,36.09336],[-82.76123,36.0937]]},"properties":{"net":"out","o":4}},{"type":"Feature","geometry":{"type":"LineString","coordinates":[[-82.7658,36.13063],[-82.76592,36.13043],[-82.76643,36.12778],[-82.76603,36.12619],[-82.76592,36.12607],[-82.76603,36.12547],[-82.7663,36.12517],[-82.76701,36.12368]]},"properties":{"net":"out","o":7}},{"type":"Feature","geometry":{"type":"LineString","coordinates":[[-82.76701,36.12368],[-82.76709,36.12272],[-82.76687,36.1219],[-82.76635,36.12097],[-82.76538,36.11982]]},"properties":{"net":"out","o":7}},{"type":"Feature","geometry":{"type":"LineString","coordinates":[[-82.74987,36.12356],[-82.7504,36.12335],[-82.7507,36.12258],[-82.75145,36.12187],[-82.7523,36.12135],[-82.7535,36.12019]]},"properties":{"net":"out","o":5}},{"type":"Feature","geometry":{"type":"LineString","coordinates":[[-82.74656,36.22075],[-82.74659,36.22034],[-82.74634,36.21983]]},"properties":{"net":"out","o":5}},{"type":"Feature","geometry":{"type":"LineString","coordinates":[[-82.73997,36.23146],[-82.74112,36.23032],[-82.74212,36.22985],[-82.74281,36.22915]]},"properties":{"net":"out","o":5}},{"type":"Feature","geometry":{"type":"LineString","coordinates":[[-81.98668,36.09902],[-81.98817,36.09908],[-81.98961,36.09817],[-81.98999,36.09763],[-81.99009,36.09656],[-81.99027,36.0963]]},"properties":{"net":"NC6622","o":4}},{"type":"Feature","geometry":{"type":"LineString","coordinates":[[-82.04911,35.90808],[-82.05014,35.9085],[-82.05154,35.90925],[-82.05238,35.90935],[-82.05474,35.90757],[-82.05498,35.90727],[-82.0552,35.90632],[-82.05501,35.90615],[-82.05443,35.90609],[-82.04963,35.90592],[-82.04884,35.90579],[-82.04865,35.90555],[-82.04841,35.90469],[-82.0485,35.90416],[-82.04911,35.90257],[-82.04952,35.90186],[-82.04973,35.90167]]},"properties":{"net":"NC6575","o":4}},{"type":"Feature","geometry":{"type":"LineString","coordinates":[[-82.01203,35.95375],[-82.01161,35.95313],[-82.01141,35.95203],[-82.01128,35.95176],[-82.01086,35.95134]]},"properties":{"net":"NC6575","o":4}},{"type":"Feature","geometry":{"type":"LineString","coordinates":[[-82.0173,36.05007],[-82.01665,36.04968],[-82.01611,36.04965],[-82.01567,36.04985],[-82.01545,36.05029],[-82.01516,36.0504],[-82.01473,36.05003],[-82.01426,36.0499],[-82.01291,36.04909],[-82.01241,36.04889],[-82.01149,36.04798],[-82.01103,36.04778],[-82.01071,36.04753],[-82.00948,36.0454],[-82.0093,36.04491],[-82.0094,36.04438],[-82.01077,36.04306],[-82.01089,36.04268],[-82.0115,36.04159],[-82.01188,36.03976],[-82.01172,36.03848],[-82.01174,36.03787],[-82.01157,36.0373],[-82.01118,36.03672],[-82.01107,36.03634],[-82.01095,36.03481],[-82.01079,36.03447],[-82.01037,36.03402],[-82.0102,36.03346],[-82.01026,36.03292],[-82.01098,36.03247],[-82.01104,36.03211],[-82.01091,36.03163],[-82.01052,36.03101],[-82.00974,36.03012],[-82.00952,36.03009],[-82.00912,36.0303],[-82.00879,36.03033],[-82.00838,36.03014],[-82.00808,36.02978]]},"properties":{"net":"NC6622","o":4}},{"type":"Feature","geometry":{"type":"LineString","coordinates":[[-82.00808,36.02978],[-82.00794,36.02955],[-82.00779,36.02888],[-82.00785,36.02834],[-82.00843,36.0274],[-82.00889,36.02641],[-82.00938,36.02586]]},"properties":{"net":"NC6622","o":4}},{"type":"Feature","geometry":{"type":"LineString","coordinates":[[-82.17178,36.05335],[-82.17216,36.05339],[-82.1727,36.05325],[-82.17555,36.05168],[-82.17656,36.05127],[-82.17747,36.05107],[-82.17778,36.05087],[-82.17825,36.05026],[-82.1789,36.04995],[-82.1794,36.04985],[-82.17984,36.04993],[-82.18078,36.0507]]},"properties":{"net":"out","o":4}},{"type":"Feature","geometry":{"type":"LineString","coordinates":[[-82.13202,36.05697],[-82.13382,36.05614],[-82.1344,36.05569]]},"properties":{"net":"out","o":4}},{"type":"Feature","geometry":{"type":"LineString","coordinates":[[-82.38767,36.17543],[-82.38849,36.17472]]},"properties":{"net":"out","o":6}},{"type":"Feature","geometry":{"type":"LineString","coordinates":[[-82.38013,36.18554],[-82.38024,36.18491],[-82.38096,36.1842],[-82.38108,36.18346]]},"properties":{"net":"out","o":6}},{"type":"Feature","geometry":{"type":"LineString","coordinates":[[-83.24241,36.13733],[-83.24235,36.13705],[-83.24213,36.13687],[-83.24135,36.13675]]},"properties":{"net":"out","o":4}},{"type":"Feature","geometry":{"type":"LineString","coordinates":[[-83.18498,36.1254],[-83.18646,36.126],[-83.18775,36.12671],[-83.18939,36.12739],[-83.19023,36.12755],[-83.19203,36.12815],[-83.1933,36.12836],[-83.19429,36.12868]]},"properties":{"net":"out","o":7}},{"type":"Feature","geometry":{"type":"LineString","coordinates":[[-83.2078,36.14196],[-83.20823,36.1428],[-83.20949,36.14403],[-83.21016,36.14454]]},"properties":{"net":"out","o":7}},{"type":"Feature","geometry":{"type":"LineString","coordinates":[[-83.19687,36.13047],[-83.19682,36.13084],[-83.1969,36.13133],[-83.19757,36.13303],[-83.19987,36.13515],[-83.20085,36.13639],[-83.20151,36.13685],[-83.20213,36.13778]]},"properties":{"net":"out","o":7}},{"type":"Feature","geometry":{"type":"LineString","coordinates":[[-83.21671,36.15012],[-83.21765,36.15073],[-83.21898,36.15116],[-83.2191,36.15129],[-83.2206,36.15144]]},"properties":{"net":"out","o":7}},{"type":"Feature","geometry":{"type":"LineString","coordinates":[[-82.21298,36.06612],[-82.213,36.06447]]},"properties":{"net":"out","o":4}},{"type":"Feature","geometry":{"type":"LineString","coordinates":[[-82.1655,35.8604],[-82.1661,35.86023],[-82.16715,35.85962],[-82.16847,35.85944],[-82.169,35.85909],[-82.16955,35.85889],[-82.17077,35.8587],[-82.17216,35.85834],[-82.17277,35.85848]]},"properties":{"net":"sm2699","o":1}},{"type":"Feature","geometry":{"type":"LineString","coordinates":[[-83.17246,36.1205],[-83.17284,36.12162],[-83.1737,36.12282]]},"properties":{"net":"out","o":4}},{"type":"Feature","geometry":{"type":"LineString","coordinates":[[-83.18191,36.16176],[-83.18196,36.1617],[-83.18151,36.16064],[-83.18141,36.15991],[-83.18125,36.15953],[-83.1813,36.15925],[-83.18112,36.1584],[-83.18062,36.15737],[-83.18054,36.15678],[-83.18015,36.15588],[-83.1794,36.15443],[-83.17905,36.15331],[-83.17899,36.15233],[-83.17873,36.1509],[-83.17897,36.14951],[-83.17901,36.14822],[-83.17835,36.14491],[-83.17802,36.14368],[-83.17774,36.14322],[-83.17768,36.14274],[-83.17777,36.14221],[-83.17769,36.14188],[-83.17779,36.14106],[-83.1776,36.14028]]},"properties":{"net":"out","o":7}},{"type":"Feature","geometry":{"type":"LineString","coordinates":[[-82.32975,36.1952],[-82.33019,36.19478],[-82.33103,36.19431],[-82.33215,36.19417],[-82.3324,36.19404],[-82.33281,36.19373],[-82.3331,36.19321],[-82.33367,36.19283],[-82.33437,36.19263],[-82.33466,36.19266],[-82.33506,36.19287],[-82.33578,36.19304]]},"properties":{"net":"out","o":5}},{"type":"Feature","geometry":{"type":"LineString","coordinates":[[-82.16659,35.90335],[-82.16708,35.90343]]},"properties":{"net":"sm2740","o":1}},{"type":"Feature","geometry":{"type":"LineString","coordinates":[[-82.16026,35.93056],[-82.16078,35.93065],[-82.16169,35.93112],[-82.16425,35.93341],[-82.16454,35.93355],[-82.16515,35.9342],[-82.16581,35.93453],[-82.16647,35.93461],[-82.1671,35.93443],[-82.1677,35.93406],[-82.16798,35.93381],[-82.16825,35.93333],[-82.16845,35.9322],[-82.1684,35.93173],[-82.16816,35.93087],[-82.16765,35.92991],[-82.16768,35.92951]]},"properties":{"net":"out","o":5}},{"type":"Feature","geometry":{"type":"LineString","coordinates":[[-82.18078,36.0507],[-82.18116,36.05076],[-82.18165,36.05066],[-82.18233,36.05031]]},"properties":{"net":"out","o":4}},{"type":"Feature","geometry":{"type":"LineString","coordinates":[[-83.16589,36.17787],[-83.16557,36.17841],[-83.16536,36.1794]]},"properties":{"net":"out","o":7}},{"type":"Feature","geometry":{"type":"LineString","coordinates":[[-83.16472,36.09312],[-83.16509,36.09338],[-83.16459,36.09456],[-83.16472,36.09561]]},"properties":{"net":"out","o":4}},{"type":"Feature","geometry":{"type":"LineString","coordinates":[[-83.16953,36.11462],[-83.16962,36.11466]]},"properties":{"net":"out","o":4}},{"type":"Feature","geometry":{"type":"LineString","coordinates":[[-83.14119,36.13429],[-83.1418,36.13551],[-83.14306,36.13687]]},"properties":{"net":"out","o":7}},{"type":"Feature","geometry":{"type":"LineString","coordinates":[[-83.12093,36.12294],[-83.12216,36.12264],[-83.12265,36.1227],[-83.12285,36.12258],[-83.12349,36.12254]]},"properties":{"net":"out","o":7}},{"type":"Feature","geometry":{"type":"LineString","coordinates":[[-83.13597,36.1281],[-83.13693,36.1292],[-83.13705,36.1296],[-83.13704,36.12982],[-83.13681,36.13002],[-83.13691,36.13035],[-83.13757,36.13123]]},"properties":{"net":"out","o":7}},{"type":"Feature","geometry":{"type":"LineString","coordinates":[[-83.11222,36.14131],[-83.11273,36.14124]]},"properties":{"net":"out","o":6}},{"type":"Feature","geometry":{"type":"LineString","coordinates":[[-83.12487,36.22606],[-83.12574,36.22536],[-83.12615,36.22454],[-83.12668,36.2225],[-83.12644,36.22179],[-83.12652,36.2213],[-83.12726,36.22044],[-83.12819,36.21978],[-83.12884,36.2191]]},"properties":{"net":"out","o":4}},{"type":"Feature","geometry":{"type":"LineString","coordinates":[[-82.26796,36.18195],[-82.26825,36.18159],[-82.26957,36.18099],[-82.27172,36.18049]]},"properties":{"net":"out","o":4}},{"type":"Feature","geometry":{"type":"LineString","coordinates":[[-83.05063,36.09669],[-83.05208,36.09825],[-83.05216,36.09858],[-83.05259,36.09899],[-83.05327,36.09924],[-83.05419,36.09938],[-83.05466,36.09958],[-83.05601,36.10063],[-83.05636,36.10074],[-83.05671,36.10106],[-83.05702,36.1011],[-83.05733,36.10142],[-83.05799,36.10149],[-83.0583,36.10181],[-83.05883,36.10187],[-83.05927,36.10221],[-83.05967,36.10225],[-83.05986,36.10245],[-83.06073,36.10266],[-83.06093,36.10286],[-83.06124,36.10288]]},"properties":{"net":"out","o":7}},{"type":"Feature","geometry":{"type":"LineString","coordinates":[[-83.05034,36.12481],[-83.05131,36.12462]]},"properties":{"net":"out","o":5}},{"type":"Feature","geometry":{"type":"LineString","coordinates":[[-83.06574,36.1506],[-83.06681,36.15045]]},"properties":{"net":"out","o":6}},{"type":"Feature","geometry":{"type":"LineString","coordinates":[[-83.05574,36.18924],[-83.05582,36.1893]]},"properties":{"net":"out","o":4}},{"type":"Feature","geometry":{"type":"LineString","coordinates":[[-83.1006,36.15035],[-83.1007,36.14977],[-83.10041,36.14801],[-83.10041,36.14722],[-83.10119,36.14611],[-83.10159,36.14536],[-83.10195,36.14378],[-83.10215,36.14341],[-83.1026,36.14313],[-83.10312,36.14304],[-83.10546,36.14291]]},"properties":{"net":"out","o":6}},{"type":"Feature","geometry":{"type":"LineString","coordinates":[[-83.09851,36.15777],[-83.09865,36.15694],[-83.09842,36.15641],[-83.09848,36.15609],[-83.09903,36.15579],[-83.10018,36.15595],[-83.10042,36.15583],[-83.10045,36.15519],[-83.10026,36.15416],[-83.09989,36.1534],[-83.0991,36.15261]]},"properties":{"net":"out","o":6}},{"type":"Feature","geometry":{"type":"LineString","coordinates":[[-83.09712,36.16424],[-83.09726,36.16398],[-83.09773,36.16365],[-83.09778,36.16346]]},"properties":{"net":"out","o":4}},{"type":"Feature","geometry":{"type":"LineString","coordinates":[[-83.09544,36.16709],[-83.0954,36.1667],[-83.09591,36.16637],[-83.09629,36.16586]]},"properties":{"net":"out","o":4}},{"type":"Feature","geometry":{"type":"LineString","coordinates":[[-83.09664,36.17797],[-83.09654,36.1767]]},"properties":{"net":"out","o":4}},{"type":"Feature","geometry":{"type":"LineString","coordinates":[[-82.21835,36.0484],[-82.2198,36.04828],[-82.22047,36.04806]]},"properties":{"net":"out","o":5}},{"type":"Feature","geometry":{"type":"LineString","coordinates":[[-82.17826,35.76976],[-82.17901,35.76952],[-82.18046,35.76955],[-82.1817,35.76937],[-82.18251,35.76964],[-82.18303,35.76965],[-82.18412,35.76934],[-82.18444,35.76931],[-82.18501,35.76942],[-82.18531,35.7693]]},"properties":{"net":"sm2671","o":2}},{"type":"Feature","geometry":{"type":"LineString","coordinates":[[-82.18276,35.80478],[-82.18302,35.80571],[-82.18293,35.80797],[-82.18318,35.80878],[-82.1833,35.80968],[-82.18322,35.81026],[-82.183,35.8109],[-82.18266,35.8115],[-82.1825,35.81209],[-82.18132,35.81384],[-82.18052,35.81479],[-82.18033,35.81529],[-82.1804,35.81667]]},"properties":{"net":"sm2689","o":1}},{"type":"Feature","geometry":{"type":"LineString","coordinates":[[-82.16133,35.81214],[-82.16197,35.81283],[-82.16304,35.8134],[-82.16371,35.81407],[-82.1652,35.81479],[-82.16654,35.81482],[-82.16786,35.81507],[-82.16945,35.81464],[-82.17001,35.8146],[-82.17121,35.81495]]},"properties":{"net":"sm2689","o":1}},{"type":"Feature","geometry":{"type":"LineString","coordinates":[[-82.17263,35.82584],[-82.17351,35.82561],[-82.17383,35.82562],[-82.17711,35.82628],[-82.17818,35.82614],[-82.17932,35.82623],[-82.18163,35.82606],[-82.18282,35.82608]]},"properties":{"net":"sm2690","o":1}},{"type":"Feature","geometry":{"type":"LineString","coordinates":[[-82.18282,35.82608],[-82.18466,35.8263],[-82.18544,35.82676],[-82.18599,35.82731]]},"properties":{"net":"sm2689","o":1}},{"type":"Feature","geometry":{"type":"LineString","coordinates":[[-82.16294,35.81971],[-82.16407,35.82005],[-82.16537,35.82021],[-82.16655,35.82023],[-82.16694,35.82034],[-82.16814,35.82093],[-82.16973,35.82204],[-82.17095,35.82253],[-82.17139,35.8225],[-82.17323,35.82175],[-82.1735,35.82157],[-82.17429,35.82073],[-82.17468,35.8205],[-82.17759,35.82046],[-82.17918,35.82079],[-82.18087,35.82087],[-82.18233,35.82119],[-82.18298,35.82107]]},"properties":{"net":"sm2689","o":1}},{"type":"Feature","geometry":{"type":"LineString","coordinates":[[-82.18051,35.83781],[-82.17947,35.83915],[-82.17901,35.84024]]},"properties":{"net":"sm2704","o":4}},{"type":"Feature","geometry":{"type":"LineString","coordinates":[[-82.17901,35.84024],[-82.17837,35.84144],[-82.17726,35.84236],[-82.17722,35.84308],[-82.17672,35.84349]]},"properties":{"net":"sm2705","o":4}},{"type":"Feature","geometry":{"type":"LineString","coordinates":[[-82.17343,35.87954],[-82.17536,35.87878],[-82.17575,35.87796],[-82.17639,35.87706],[-82.17712,35.87641],[-82.17811,35.87512]]},"properties":{"net":"sm2722","o":1}},{"type":"Feature","geometry":{"type":"LineString","coordinates":[[-83.31829,36.10451],[-83.317,36.10533],[-83.3168,36.10559],[-83.31681,36.10615],[-83.31672,36.10635],[-83.31649,36.10652],[-83.31649,36.10689],[-83.3163,36.10708],[-83.31541,36.10742],[-83.31402,36.10741],[-83.31341,36.10775]]},"properties":{"net":"out","o":4}},{"type":"Feature","geometry":{"type":"LineString","coordinates":[[-83.31341,36.10775],[-83.3128,36.10859],[-83.31297,36.10898],[-83.31354,36.10945],[-83.31363,36.1097],[-83.31356,36.10999],[-83.3128,36.11078],[-83.3122,36.11119],[-83.31171,36.11185],[-83.31105,36.11238],[-83.31063,36.11239],[-83.30998,36.11196]]},"properties":{"net":"out","o":4}},{"type":"Feature","geometry":{"type":"LineString","coordinates":[[-83.30922,36.11119],[-83.30896,36.11053],[-83.30868,36.11023],[-83.30847,36.11025],[-83.30765,36.11064],[-83.30693,36.11076],[-83.30667,36.11068],[-83.30612,36.11015],[-83.30586,36.11005],[-83.30472,36.11007],[-83.30409,36.11019],[-83.30365,36.11042],[-83.30349,36.1108],[-83.30373,36.11174],[-83.30366,36.11203],[-83.30348,36.11204],[-83.30329,36.11219],[-83.30274,36.11218],[-83.30233,36.11291],[-83.30224,36.11331],[-83.30201,36.11357],[-83.30157,36.11371],[-83.30122,36.11402],[-83.30101,36.11406],[-83.30061,36.11386]]},"properties":{"net":"out","o":4}},{"type":"Feature","geometry":{"type":"LineString","coordinates":[[-82.85648,36.21742],[-82.85767,36.21778],[-82.85942,36.21766]]},"properties":{"net":"out","o":5}},{"type":"Feature","geometry":{"type":"LineString","coordinates":[[-83.02642,36.06838],[-83.02634,36.06869],[-83.02636,36.06999],[-83.02648,36.0707],[-83.02642,36.07081],[-83.02616,36.0709]]},"properties":{"net":"out","o":4}},{"type":"Feature","geometry":{"type":"LineString","coordinates":[[-82.86499,36.24712],[-82.86571,36.24722],[-82.86627,36.24717],[-82.86653,36.24702],[-82.867,36.24652],[-82.86765,36.24638],[-82.86802,36.24598],[-82.86806,36.24543],[-82.86835,36.24468],[-82.86904,36.24394],[-82.87141,36.24244],[-82.87252,36.24212],[-82.87404,36.24266],[-82.87494,36.24261]]},"properties":{"net":"out","o":4}},{"type":"Feature","geometry":{"type":"LineString","coordinates":[[-83.00123,36.25896],[-83.00177,36.25819],[-83.00215,36.25712],[-83.00303,36.25584],[-83.00361,36.25535],[-83.00393,36.2552],[-83.00438,36.2552],[-83.00457,36.25469],[-83.00605,36.25454],[-83.00663,36.25426],[-83.00788,36.25386]]},"properties":{"net":"out","o":4}},{"type":"Feature","geometry":{"type":"LineString","coordinates":[[-83.02443,36.12295],[-83.02492,36.12246],[-83.02507,36.12182]]},"properties":{"net":"out","o":5}},{"type":"Feature","geometry":{"type":"LineString","coordinates":[[-83.01177,36.12495],[-83.01094,36.12447],[-83.01051,36.1241]]},"properties":{"net":"out","o":5}},{"type":"Feature","geometry":{"type":"LineString","coordinates":[[-82.8421,36.3441],[-82.84197,36.34339],[-82.84203,36.34326]]},"properties":{"net":"out","o":4}},{"type":"Feature","geometry":{"type":"LineString","coordinates":[[-82.83891,36.35079],[-82.83892,36.35047],[-82.84004,36.34943],[-82.84096,36.34932],[-82.84198,36.34871]]},"properties":{"net":"out","o":4}},{"type":"Feature","geometry":{"type":"LineString","coordinates":[[-82.99844,36.13368],[-82.9986,36.13324],[-82.99854,36.13309],[-82.99717,36.13182],[-82.99705,36.1311]]},"properties":{"net":"out","o":5}},{"type":"Feature","geometry":{"type":"LineString","coordinates":[[-82.99192,36.14131],[-82.99207,36.14118],[-82.99273,36.14104],[-82.99321,36.14109],[-82.99412,36.14159],[-82.9947,36.14168],[-82.995,36.14125],[-82.99525,36.1411],[-82.99613,36.14098],[-82.9963,36.14075],[-82.99633,36.14053]]},"properties":{"net":"out","o":5}},{"type":"Feature","geometry":{"type":"LineString","coordinates":[[-82.98497,36.14789],[-82.98523,36.14771],[-82.98532,36.14718],[-82.98517,36.14699],[-82.98484,36.1468],[-82.98489,36.14656],[-82.98526,36.14631]]},"properties":{"net":"out","o":5}},{"type":"Feature","geometry":{"type":"LineString","coordinates":[[-82.99474,36.20332],[-82.99513,36.2028],[-82.99521,36.20234],[-82.99506,36.20225]]},"properties":{"net":"out","o":6}},{"type":"Feature","geometry":{"type":"LineString","coordinates":[[-82.9705,36.07312],[-82.9712,36.07381],[-82.97193,36.07429],[-82.97264,36.07437],[-82.97299,36.07419],[-82.97357,36.07422],[-82.97423,36.07407],[-82.97478,36.07377],[-82.97586,36.07303],[-82.9762,36.0726],[-82.97694,36.07199],[-82.97743,36.06945],[-82.97684,36.06863],[-82.97626,36.0681],[-82.97608,36.06808],[-82.9754,36.06728],[-82.97514,36.06592]]},"properties":{"net":"out","o":7}},{"type":"Feature","geometry":{"type":"LineString","coordinates":[[-82.9701,36.2839],[-82.97132,36.28268],[-82.97139,36.28225],[-82.97167,36.28184],[-82.97192,36.28183],[-82.9722,36.28155],[-82.97298,36.28134],[-82.97337,36.28091],[-82.97397,36.2805],[-82.97504,36.28003],[-82.97559,36.27962],[-82.97583,36.27921],[-82.97588,36.27832],[-82.97614,36.27764],[-82.97665,36.27716],[-82.97757,36.27656]]},"properties":{"net":"out","o":4}},{"type":"Feature","geometry":{"type":"LineString","coordinates":[[-82.81966,36.30381],[-82.81995,36.30345],[-82.8208,36.30275],[-82.82191,36.30136],[-82.82234,36.30103]]},"properties":{"net":"out","o":6}},{"type":"Feature","geometry":{"type":"LineString","coordinates":[[-82.96188,36.15533],[-82.96209,36.15527],[-82.96254,36.15532],[-82.96274,36.15545],[-82.96285,36.15539]]},"properties":{"net":"out","o":5}},{"type":"Feature","geometry":{"type":"LineString","coordinates":[[-82.95515,36.01044],[-82.95513,36.0106]]},"properties":{"net":"out","o":4}},{"type":"Feature","geometry":{"type":"LineString","coordinates":[[-82.95047,36.111],[-82.95064,36.11064],[-82.95075,36.10958],[-82.95067,36.10922],[-82.95079,36.10889],[-82.95273,36.10769],[-82.95339,36.10706]]},"properties":{"net":"out","o":4}},{"type":"Feature","geometry":{"type":"LineString","coordinates":[[-82.96133,36.15749],[-82.9615,36.1574],[-82.96158,36.15691],[-82.96157,36.15644],[-82.9613,36.15594],[-82.96132,36.1558],[-82.96155,36.1555],[-82.96188,36.15533]]},"properties":{"net":"out","o":5}},{"type":"Feature","geometry":{"type":"LineString","coordinates":[[-82.95564,36.1597],[-82.9562,36.15945],[-82.9569,36.1596],[-82.95714,36.15952],[-82.95786,36.15902],[-82.95803,36.15857],[-82.95833,36.15813],[-82.95898,36.15774]]},"properties":{"net":"out","o":5}},{"type":"Feature","geometry":{"type":"LineString","coordinates":[[-82.80309,36.10437],[-82.80314,36.10409],[-82.80378,36.10329],[-82.80483,36.10142]]},"properties":{"net":"out","o":7}},{"type":"Feature","geometry":{"type":"LineString","coordinates":[[-82.95339,36.10706],[-82.95363,36.10704],[-82.95375,36.1066]]},"properties":{"net":"out","o":4}},{"type":"Feature","geometry":{"type":"LineString","coordinates":[[-82.93263,36.24489],[-82.93283,36.24388],[-82.93201,36.24336],[-82.93206,36.24311],[-82.93285,36.24268]]},"properties":{"net":"out","o":6}},{"type":"Feature","geometry":{"type":"LineString","coordinates":[[-82.78896,36.02512],[-82.79017,36.02462],[-82.79186,36.02431],[-82.79346,36.02371],[-82.79584,36.02186],[-82.79722,36.02132]]},"properties":{"net":"out","o":4}},{"type":"Feature","geometry":{"type":"LineString","coordinates":[[-82.91147,36.2035],[-82.9102,36.20431],[-82.90812,36.20496]]},"properties":{"net":"out","o":4}},{"type":"Feature","geometry":{"type":"LineString","coordinates":[[-82.78617,36.25966],[-82.78801,36.25846],[-82.7888,36.25773],[-82.79022,36.25693],[-82.79095,36.25664],[-82.79121,36.25638],[-82.79136,36.25597],[-82.79224,36.25522],[-82.79247,36.25468],[-82.79338,36.25382],[-82.79395,36.25365],[-82.79412,36.25352]]},"properties":{"net":"out","o":4}},{"type":"Feature","geometry":{"type":"LineString","coordinates":[[-82.78127,36.26163],[-82.78278,36.26142]]},"properties":{"net":"out","o":4}},{"type":"Feature","geometry":{"type":"LineString","coordinates":[[-82.90427,36.02512],[-82.90395,36.02621],[-82.90395,36.02654],[-82.9043,36.02735],[-82.90465,36.02759],[-82.90418,36.02804],[-82.90452,36.02861],[-82.90453,36.02891],[-82.9035,36.02957],[-82.90336,36.02991],[-82.90315,36.03014]]},"properties":{"net":"out","o":4}},{"type":"Feature","geometry":{"type":"LineString","coordinates":[[-82.90616,36.07454],[-82.90677,36.07492],[-82.90737,36.07515],[-82.90963,36.0753],[-82.91049,36.07525],[-82.91127,36.07495],[-82.91193,36.07453],[-82.91219,36.07407],[-82.91215,36.0733]]},"properties":{"net":"out","o":7}},{"type":"Feature","geometry":{"type":"LineString","coordinates":[[-82.9009,36.11389],[-82.90162,36.11322],[-82.90292,36.11238]]},"properties":{"net":"out","o":4}},{"type":"Feature","geometry":{"type":"LineString","coordinates":[[-82.91879,36.16771],[-82.91919,36.16781],[-82.9195,36.16839],[-82.91996,36.16859],[-82.92049,36.16925]]},"properties":{"net":"out","o":5}},{"type":"Feature","geometry":{"type":"LineString","coordinates":[[-82.91403,36.16191],[-82.91554,36.16211]]},"properties":{"net":"out","o":5}},{"type":"Feature","geometry":{"type":"LineString","coordinates":[[-82.90823,36.22497],[-82.90718,36.22656],[-82.90713,36.22757],[-82.90736,36.22877]]},"properties":{"net":"out","o":4}},{"type":"Feature","geometry":{"type":"LineString","coordinates":[[-82.90556,36.21616],[-82.90577,36.21617],[-82.90613,36.21584],[-82.90622,36.21586],[-82.90632,36.21633],[-82.90648,36.21659],[-82.90637,36.21692],[-82.90638,36.21723],[-82.90684,36.21807],[-82.9071,36.21909],[-82.90759,36.21978]]},"properties":{"net":"out","o":4}},{"type":"Feature","geometry":{"type":"LineString","coordinates":[[-82.78099,36.11719],[-82.78115,36.11718]]},"properties":{"net":"out","o":7}},{"type":"Feature","geometry":{"type":"LineString","coordinates":[[-82.91451,36.04426],[-82.91396,36.04446],[-82.91354,36.04398],[-82.91297,36.04359],[-82.91238,36.04288],[-82.91207,36.04283]]},"properties":{"net":"out","o":5}},{"type":"Feature","geometry":{"type":"LineString","coordinates":[[-82.8982,36.23456],[-82.89824,36.23534],[-82.89875,36.23634],[-82.89818,36.23658],[-82.89806,36.23677],[-82.89878,36.23718],[-82.89877,36.23794],[-82.89859,36.23866],[-82.89769,36.23982],[-82.89764,36.24007],[-82.8977,36.24025],[-82.89783,36.24034],[-82.89841,36.24036]]},"properties":{"net":"out","o":5}},{"type":"Feature","geometry":{"type":"LineString","coordinates":[[-82.89341,36.24362],[-82.89323,36.2441],[-82.89321,36.24497],[-82.89264,36.24617],[-82.89243,36.24628],[-82.89218,36.246],[-82.89191,36.24614],[-82.89179,36.24639],[-82.89161,36.24796],[-82.89135,36.24827],[-82.8906,36.24871]]},"properties":{"net":"out","o":5}},{"type":"Feature","geometry":{"type":"LineString","coordinates":[[-82.79265,36.05062],[-82.79342,36.05115],[-82.79361,36.05155],[-82.79402,36.05187]]},"properties":{"net":"out","o":4}},{"type":"Feature","geometry":{"type":"LineString","coordinates":[[-82.78751,36.11229],[-82.78775,36.11232]]},"properties":{"net":"out","o":7}},{"type":"Feature","geometry":{"type":"LineString","coordinates":[[-82.78744,36.11384],[-82.7876,36.11368],[-82.78784,36.11313],[-82.78792,36.11267],[-82.78775,36.11232]]},"properties":{"net":"out","o":7}},{"type":"Feature","geometry":{"type":"LineString","coordinates":[[-82.77112,36.1227],[-82.77229,36.12376],[-82.77286,36.12415],[-82.77366,36.12449],[-82.7742,36.12452],[-82.77501,36.12428],[-82.77616,36.12366],[-82.77789,36.12205],[-82.77812,36.12178],[-82.77812,36.12153]]},"properties":{"net":"out","o":7}},{"type":"Feature","geometry":{"type":"LineString","coordinates":[[-82.88919,36.04852],[-82.88962,36.04888],[-82.88981,36.04933],[-82.88994,36.04989],[-82.88993,36.05075],[-82.89012,36.05207]]},"properties":{"net":"out","o":5}},{"type":"Feature","geometry":{"type":"LineString","coordinates":[[-82.88802,36.05678],[-82.88863,36.05628]]},"properties":{"net":"out","o":7}},{"type":"Feature","geometry":{"type":"LineString","coordinates":[[-82.89369,36.12077],[-82.8947,36.12052]]},"properties":{"net":"out","o":4}},{"type":"Feature","geometry":{"type":"LineString","coordinates":[[-82.88142,36.20947],[-82.88295,36.21038],[-82.88357,36.21056]]},"properties":{"net":"out","o":4}},{"type":"Feature","geometry":{"type":"LineString","coordinates":[[-82.8795,36.20827],[-82.88083,36.20923],[-82.88142,36.20947]]},"properties":{"net":"out","o":4}},{"type":"Feature","geometry":{"type":"LineString","coordinates":[[-82.88101,36.19362],[-82.88062,36.19358],[-82.87971,36.19433],[-82.87882,36.19429]]},"properties":{"net":"out","o":4}},{"type":"Feature","geometry":{"type":"LineString","coordinates":[[-82.89533,36.22299],[-82.89601,36.22345],[-82.89635,36.22435],[-82.89707,36.22553]]},"properties":{"net":"out","o":5}},{"type":"Feature","geometry":{"type":"LineString","coordinates":[[-82.88613,36.23976],[-82.88668,36.24024],[-82.88747,36.2407],[-82.88782,36.24134]]},"properties":{"net":"out","o":4}},{"type":"Feature","geometry":{"type":"LineString","coordinates":[[-82.88415,36.23977],[-82.88613,36.23976]]},"properties":{"net":"out","o":4}},{"type":"Feature","geometry":{"type":"LineString","coordinates":[[-82.89214,36.26764],[-82.8923,36.26718],[-82.89231,36.26677],[-82.89214,36.2662],[-82.89152,36.26548],[-82.8915,36.26518]]},"properties":{"net":"out","o":4}},{"type":"Feature","geometry":{"type":"LineString","coordinates":[[-82.78673,36.02555],[-82.7881,36.02535],[-82.78896,36.02512]]},"properties":{"net":"out","o":4}},{"type":"Feature","geometry":{"type":"LineString","coordinates":[[-82.85531,35.99197],[-82.85493,35.99262],[-82.85484,35.99302],[-82.85491,35.99421],[-82.85471,35.99496],[-82.85472,35.9954]]},"properties":{"net":"out","o":4}},{"type":"Feature","geometry":{"type":"LineString","coordinates":[[-82.85344,35.99638],[-82.85243,35.99705],[-82.85122,35.99759],[-82.85078,35.99804],[-82.85058,35.99842],[-82.85051,35.99894],[-82.85062,36.00011]]},"properties":{"net":"out","o":4}},{"type":"Feature","geometry":{"type":"LineString","coordinates":[[-82.85,36.02762],[-82.85009,36.02771],[-82.8501,36.02796],[-82.84979,36.02854]]},"properties":{"net":"out","o":5}},{"type":"Feature","geometry":{"type":"LineString","coordinates":[[-82.84979,36.02854],[-82.84887,36.0293],[-82.84885,36.02944],[-82.84904,36.02981]]},"properties":{"net":"out","o":5}},{"type":"Feature","geometry":{"type":"LineString","coordinates":[[-82.85259,36.29004],[-82.85254,36.29001]]},"properties":{"net":"out","o":4}},{"type":"Feature","geometry":{"type":"LineString","coordinates":[[-82.84366,36.32445],[-82.84354,36.32406],[-82.84354,36.32354],[-82.84334,36.32238],[-82.84296,36.32174],[-82.84301,36.32144]]},"properties":{"net":"out","o":5}},{"type":"Feature","geometry":{"type":"LineString","coordinates":[[-82.84223,36.31847],[-82.84201,36.31802]]},"properties":{"net":"out","o":5}},{"type":"Feature","geometry":{"type":"LineString","coordinates":[[-82.83685,36.02689],[-82.83696,36.02695]]},"properties":{"net":"out","o":4}},{"type":"Feature","geometry":{"type":"LineString","coordinates":[[-82.82708,36.0249],[-82.82748,36.02483],[-82.82848,36.025],[-82.82942,36.02491],[-82.83128,36.02531]]},"properties":{"net":"out","o":4}},{"type":"Feature","geometry":{"type":"LineString","coordinates":[[-82.80866,36.09612],[-82.81199,36.09649],[-82.81326,36.09674],[-82.81649,36.09713]]},"properties":{"net":"out","o":7}},{"type":"Feature","geometry":{"type":"LineString","coordinates":[[-82.82655,36.31608],[-82.82469,36.31462],[-82.82345,36.31458],[-82.82316,36.31444],[-82.82279,36.31357],[-82.82293,36.31275]]},"properties":{"net":"out","o":4}},{"type":"Feature","geometry":{"type":"LineString","coordinates":[[-82.82137,36.3111],[-82.82129,36.3111]]},"properties":{"net":"out","o":4}},{"type":"Feature","geometry":{"type":"LineString","coordinates":[[-82.79794,36.10812],[-82.79789,36.10844],[-82.79764,36.10859]]},"properties":{"net":"out","o":4}},{"type":"Feature","geometry":{"type":"LineString","coordinates":[[-82.80167,36.24067],[-82.80177,36.24054],[-82.802,36.2405],[-82.80332,36.24074],[-82.80403,36.24069],[-82.80434,36.24026],[-82.80464,36.23932]]},"properties":{"net":"out","o":4}},{"type":"Feature","geometry":{"type":"LineString","coordinates":[[-82.80502,36.31421],[-82.80706,36.31377],[-82.80738,36.31352],[-82.80766,36.31218],[-82.8076,36.31199],[-82.80703,36.31139],[-82.80708,36.31111],[-82.80745,36.31058]]},"properties":{"net":"out","o":6}},{"type":"Feature","geometry":{"type":"LineString","coordinates":[[-82.80422,36.31442],[-82.80502,36.31421]]},"properties":{"net":"out","o":6}},{"type":"Feature","geometry":{"type":"LineString","coordinates":[[-82.80022,36.33821],[-82.8002,36.33772]]},"properties":{"net":"out","o":4}},{"type":"Feature","geometry":{"type":"LineString","coordinates":[[-82.81115,36.2327],[-82.81154,36.23151]]},"properties":{"net":"out","o":4}},{"type":"Feature","geometry":{"type":"LineString","coordinates":[[-83.06951,36.06872],[-83.06893,36.06898],[-83.06785,36.06968]]},"properties":{"net":"out","o":5}},{"type":"Feature","geometry":{"type":"LineString","coordinates":[[-83.06847,36.16425],[-83.0676,36.16398],[-83.06728,36.16373],[-83.06673,36.16269]]},"properties":{"net":"out","o":6}},{"type":"Feature","geometry":{"type":"LineString","coordinates":[[-83.0763,36.09895],[-83.07687,36.09959],[-83.07685,36.09973],[-83.07718,36.10016],[-83.0791,36.10217]]},"properties":{"net":"out","o":7}},{"type":"Feature","geometry":{"type":"LineString","coordinates":[[-83.08444,36.25086],[-83.08495,36.25051],[-83.08536,36.25046],[-83.08563,36.25031]]},"properties":{"net":"out","o":4}},{"type":"Feature","geometry":{"type":"LineString","coordinates":[[-83.08385,36.25224],[-83.08423,36.25192],[-83.08428,36.2518],[-83.08414,36.25113],[-83.08444,36.25086]]},"properties":{"net":"out","o":4}},{"type":"Feature","geometry":{"type":"LineString","coordinates":[[-83.07212,36.26643],[-83.07224,36.26598],[-83.07256,36.2657],[-83.07298,36.26552],[-83.07383,36.26544]]},"properties":{"net":"out","o":4}},{"type":"Feature","geometry":{"type":"LineString","coordinates":[[-82.78207,36.31175],[-82.78252,36.31217],[-82.78341,36.31343]]},"properties":{"net":"out","o":5}},{"type":"Feature","geometry":{"type":"LineString","coordinates":[[-82.78289,36.32919],[-82.78282,36.32913]]},"properties":{"net":"out","o":4}},{"type":"Feature","geometry":{"type":"LineString","coordinates":[[-82.84021,36.30288],[-82.84031,36.30282],[-82.84036,36.3025],[-82.84032,36.30199],[-82.8404,36.30178],[-82.84077,36.3015],[-82.84131,36.30127],[-82.84134,36.30084],[-82.84103,36.30052],[-82.841,36.30004]]},"properties":{"net":"out","o":6}},{"type":"Feature","geometry":{"type":"LineString","coordinates":[[-82.70273,36.37347],[-82.70268,36.37327],[-82.70235,36.37314],[-82.7024,36.37274],[-82.7047,36.37038],[-82.70566,36.36966],[-82.706,36.36921],[-82.70679,36.36859],[-82.70685,36.36817]]},"properties":{"net":"out","o":5}},{"type":"Feature","geometry":{"type":"LineString","coordinates":[[-82.70784,36.16995],[-82.70804,36.16954],[-82.70875,36.16659],[-82.70907,36.1658],[-82.70932,36.16539],[-82.70986,36.16491],[-82.71084,36.16435]]},"properties":{"net":"out","o":7}},{"type":"Feature","geometry":{"type":"LineString","coordinates":[[-82.70823,36.17259],[-82.70827,36.17234],[-82.70796,36.17184],[-82.7077,36.17098],[-82.70767,36.17065],[-82.70784,36.16995]]},"properties":{"net":"out","o":7}},{"type":"Feature","geometry":{"type":"LineString","coordinates":[[-82.69531,36.33183],[-82.6956,36.33191],[-82.69593,36.33181],[-82.69731,36.33084],[-82.69788,36.3302],[-82.69862,36.33004],[-82.69915,36.32965]]},"properties":{"net":"out","o":4}},{"type":"Feature","geometry":{"type":"LineString","coordinates":[[-82.69059,36.32932],[-82.69099,36.32944],[-82.69135,36.32943],[-82.69205,36.32999],[-82.69226,36.33038],[-82.69256,36.33062],[-82.69261,36.33112]]},"properties":{"net":"out","o":4}},{"type":"Feature","geometry":{"type":"LineString","coordinates":[[-82.68722,36.3293],[-82.688,36.32928],[-82.68916,36.3291],[-82.68966,36.32924],[-82.69022,36.32958],[-82.69059,36.32932]]},"properties":{"net":"out","o":4}},{"type":"Feature","geometry":{"type":"LineString","coordinates":[[-83.0325,36.16749],[-83.0328,36.16772]]},"properties":{"net":"out","o":4}},{"type":"Feature","geometry":{"type":"LineString","coordinates":[[-83.0452,36.19541],[-83.0447,36.19337]]},"properties":{"net":"out","o":6}},{"type":"Feature","geometry":{"type":"LineString","coordinates":[[-82.99705,36.1311],[-82.9972,36.13085],[-82.9974,36.13073],[-82.99915,36.13006],[-82.99981,36.12963],[-83.00035,36.12964],[-83.00112,36.12996],[-83.00133,36.12983]]},"properties":{"net":"out","o":5}},{"type":"Feature","geometry":{"type":"LineString","coordinates":[[-82.98682,36.08394],[-82.9866,36.08374]]},"properties":{"net":"out","o":4}},{"type":"Feature","geometry":{"type":"LineString","coordinates":[[-82.76396,36.34516],[-82.764,36.34496]]},"properties":{"net":"out","o":4}},{"type":"Feature","geometry":{"type":"LineString","coordinates":[[-82.76184,36.29363],[-82.76135,36.29438]]},"properties":{"net":"out","o":4}},{"type":"Feature","geometry":{"type":"LineString","coordinates":[[-82.75736,36.27712],[-82.7582,36.27743],[-82.75872,36.27749],[-82.75963,36.27741],[-82.76002,36.27757],[-82.75992,36.2787],[-82.76019,36.27994],[-82.76052,36.2806]]},"properties":{"net":"out","o":4}},{"type":"Feature","geometry":{"type":"LineString","coordinates":[[-82.76252,36.30172],[-82.76306,36.30215],[-82.76348,36.30296],[-82.76393,36.30332],[-82.7645,36.30332],[-82.76548,36.30376],[-82.76608,36.30391],[-82.7671,36.30398],[-82.76757,36.30386]]},"properties":{"net":"out","o":5}},{"type":"Feature","geometry":{"type":"LineString","coordinates":[[-82.75314,36.30609],[-82.75404,36.30636],[-82.75435,36.30623],[-82.75467,36.30594]]},"properties":{"net":"out","o":4}},{"type":"Feature","geometry":{"type":"LineString","coordinates":[[-82.76985,36.33264],[-82.77195,36.33219],[-82.77233,36.33209],[-82.77256,36.33192]]},"properties":{"net":"out","o":6}},{"type":"Feature","geometry":{"type":"LineString","coordinates":[[-82.764,36.34496],[-82.76397,36.34489]]},"properties":{"net":"out","o":4}},{"type":"Feature","geometry":{"type":"LineString","coordinates":[[-82.92514,36.01768],[-82.92499,36.01801],[-82.92497,36.01835],[-82.92472,36.01876],[-82.92485,36.01958],[-82.92458,36.02025],[-82.92473,36.02072]]},"properties":{"net":"out","o":4}},{"type":"Feature","geometry":{"type":"LineString","coordinates":[[-82.74824,36.33024],[-82.74909,36.33045],[-82.75016,36.33147],[-82.75104,36.33191]]},"properties":{"net":"out","o":4}},{"type":"Feature","geometry":{"type":"LineString","coordinates":[[-82.73545,36.35762],[-82.73659,36.3559]]},"properties":{"net":"out","o":4}},{"type":"Feature","geometry":{"type":"LineString","coordinates":[[-82.73112,36.3611],[-82.73223,36.36024],[-82.73307,36.36016],[-82.73336,36.35981],[-82.7334,36.35907],[-82.73361,36.35891],[-82.73413,36.35886],[-82.73453,36.35858]]},"properties":{"net":"out","o":4}},{"type":"Feature","geometry":{"type":"LineString","coordinates":[[-82.92927,36.07608],[-82.92975,36.07592],[-82.93071,36.07534],[-82.93079,36.07539]]},"properties":{"net":"out","o":7}},{"type":"Feature","geometry":{"type":"LineString","coordinates":[[-82.92897,36.07627],[-82.92927,36.07608]]},"properties":{"net":"out","o":7}},{"type":"Feature","geometry":{"type":"LineString","coordinates":[[-82.73004,36.36225],[-82.72993,36.36193],[-82.73112,36.3611]]},"properties":{"net":"out","o":4}},{"type":"Feature","geometry":{"type":"LineString","coordinates":[[-82.72855,36.36433],[-82.72878,36.36389],[-82.72931,36.36356],[-82.72969,36.36316]]},"properties":{"net":"out","o":4}},{"type":"Feature","geometry":{"type":"LineString","coordinates":[[-82.69103,36.09643],[-82.69219,36.09633],[-82.6948,36.09663],[-82.6967,36.09667],[-82.69695,36.09676],[-82.69761,36.09746],[-82.6985,36.09772],[-82.70019,36.09777],[-82.70501,36.09863],[-82.70634,36.09897],[-82.70942,36.09921],[-82.71077,36.09947],[-82.71224,36.09948],[-82.71369,36.10005],[-82.71423,36.10054],[-82.71459,36.10068],[-82.71616,36.10074],[-82.7175,36.1012],[-82.71857,36.10129],[-82.71931,36.10162],[-82.72048,36.10188],[-82.72127,36.10178]]},"properties":{"net":"out","o":4}},{"type":"Feature","geometry":{"type":"LineString","coordinates":[[-82.714,36.13785],[-82.71466,36.13779],[-82.71532,36.13699],[-82.71622,36.13706]]},"properties":{"net":"out","o":4}},{"type":"Feature","geometry":{"type":"LineString","coordinates":[[-82.71251,36.16427],[-82.7146,36.16451],[-82.715,36.16426],[-82.71536,36.1643],[-82.7163,36.16383],[-82.71667,36.16384]]},"properties":{"net":"out","o":7}},{"type":"Feature","geometry":{"type":"LineString","coordinates":[[-82.71505,36.17793],[-82.71537,36.17783]]},"properties":{"net":"out","o":7}},{"type":"Feature","geometry":{"type":"LineString","coordinates":[[-82.72525,36.22286],[-82.72556,36.22256],[-82.72561,36.22229],[-82.72603,36.22197],[-82.72609,36.22177],[-82.72631,36.22156],[-82.72657,36.22087],[-82.72701,36.22009],[-82.72731,36.21986],[-82.7275,36.21923],[-82.72776,36.21896],[-82.72793,36.21891]]},"properties":{"net":"out","o":4}},{"type":"Feature","geometry":{"type":"LineString","coordinates":[[-82.72019,36.26448],[-82.72009,36.26404],[-82.72017,36.26311]]},"properties":{"net":"out","o":4}},{"type":"Feature","geometry":{"type":"LineString","coordinates":[[-82.71624,36.26912],[-82.71644,36.269],[-82.71731,36.26894],[-82.71753,36.26869]]},"properties":{"net":"out","o":4}},{"type":"Feature","geometry":{"type":"LineString","coordinates":[[-82.71765,36.33217],[-82.71801,36.33204],[-82.72047,36.3299],[-82.72087,36.32986]]},"properties":{"net":"out","o":4}},{"type":"Feature","geometry":{"type":"LineString","coordinates":[[-82.72181,36.35672],[-82.72237,36.35599],[-82.72279,36.35564]]},"properties":{"net":"out","o":6}},{"type":"Feature","geometry":{"type":"LineString","coordinates":[[-82.67489,36.41069],[-82.67458,36.41048],[-82.67325,36.40814],[-82.67328,36.40784],[-82.67361,36.40755],[-82.67372,36.40733],[-82.67328,36.40632]]},"properties":{"net":"out","o":4}},{"type":"Feature","geometry":{"type":"LineString","coordinates":[[-82.67418,36.39405],[-82.67639,36.39347]]},"properties":{"net":"out","o":5}},{"type":"Feature","geometry":{"type":"LineString","coordinates":[[-82.67196,36.40419],[-82.67171,36.40206],[-82.67125,36.40122],[-82.67085,36.40087],[-82.66994,36.4007],[-82.66939,36.40024]]},"properties":{"net":"out","o":4}},{"type":"Feature","geometry":{"type":"LineString","coordinates":[[-82.65304,36.36519],[-82.65384,36.36463],[-82.65413,36.36454],[-82.65524,36.36439],[-82.65604,36.36448],[-82.65662,36.36431],[-82.65756,36.36349]]},"properties":{"net":"out","o":4}},{"type":"Feature","geometry":{"type":"LineString","coordinates":[[-82.30308,35.86173],[-82.30265,35.86267],[-82.3019,35.8637],[-82.30185,35.86395],[-82.30207,35.86426],[-82.30202,35.86451],[-82.30176,35.86495],[-82.30153,35.86575],[-82.30113,35.86643],[-82.3004,35.86696]]},"properties":{"net":"NC3200","o":4}},{"type":"Feature","geometry":{"type":"LineString","coordinates":[[-82.29897,36.03997],[-82.29908,36.04009],[-82.29931,36.04105]]},"properties":{"net":"out","o":6}},{"type":"Feature","geometry":{"type":"LineString","coordinates":[[-82.29989,36.17507],[-82.30029,36.17512],[-82.30056,36.17532],[-82.3008,36.17532],[-82.3016,36.17486],[-82.30216,36.17407],[-82.30296,36.17388]]},"properties":{"net":"out","o":5}},{"type":"Feature","geometry":{"type":"LineString","coordinates":[[-82.29702,36.17715],[-82.29755,36.17688],[-82.29845,36.17682],[-82.2987,36.17646],[-82.2985,36.17602],[-82.29989,36.17507]]},"properties":{"net":"out","o":5}},{"type":"Feature","geometry":{"type":"LineString","coordinates":[[-82.31157,35.86774],[-82.31168,35.8678]]},"properties":{"net":"NC3200","o":4}},{"type":"Feature","geometry":{"type":"LineString","coordinates":[[-82.3115,35.86823],[-82.31157,35.86774]]},"properties":{"net":"NC3200","o":4}},{"type":"Feature","geometry":{"type":"LineString","coordinates":[[-82.29721,35.86962],[-82.29701,35.86974],[-82.29699,35.8701],[-82.29728,35.87071],[-82.29871,35.87199]]},"properties":{"net":"NC3200","o":4}},{"type":"Feature","geometry":{"type":"LineString","coordinates":[[-82.30557,35.93496],[-82.30505,35.93385],[-82.30509,35.93298],[-82.30522,35.93207],[-82.30538,35.93167],[-82.30536,35.93135]]},"properties":{"net":"sm2618","o":1}},{"type":"Feature","geometry":{"type":"LineString","coordinates":[[-82.29641,35.92335],[-82.29601,35.92279],[-82.29486,35.92229],[-82.29434,35.9223],[-82.29345,35.92268],[-82.29287,35.92268]]},"properties":{"net":"sm2618","o":1}},{"type":"Feature","geometry":{"type":"LineString","coordinates":[[-82.28302,35.72807],[-82.28216,35.72679],[-82.28117,35.72606],[-82.27999,35.72485],[-82.27868,35.72374],[-82.27784,35.72332],[-82.27716,35.72313],[-82.27625,35.72316],[-82.27542,35.72289],[-82.27301,35.72159],[-82.2718,35.72127],[-82.26933,35.7212],[-82.26547,35.7219]]},"properties":{"net":"sm8031412","o":1}},{"type":"Feature","geometry":{"type":"LineString","coordinates":[[-82.29931,36.04105],[-82.29919,36.04198],[-82.29907,36.0424],[-82.29885,36.04259],[-82.29867,36.04361],[-82.29871,36.04409],[-82.29887,36.04425],[-82.29897,36.04491],[-82.29925,36.04538]]},"properties":{"net":"out","o":6}},{"type":"Feature","geometry":{"type":"LineString","coordinates":[[-82.29993,36.06462],[-82.30013,36.06414],[-82.30031,36.063],[-82.30054,36.06262]]},"properties":{"net":"out","o":5}},{"type":"Feature","geometry":{"type":"LineString","coordinates":[[-82.29913,36.08233],[-82.29934,36.08191],[-82.29982,36.08149]]},"properties":{"net":"out","o":4}},{"type":"Feature","geometry":{"type":"LineString","coordinates":[[-82.29741,36.07329],[-82.29724,36.07263],[-82.29737,36.07207],[-82.29735,36.07147]]},"properties":{"net":"out","o":4}},{"type":"Feature","geometry":{"type":"LineString","coordinates":[[-82.28391,36.04298],[-82.28397,36.04295]]},"properties":{"net":"out","o":4}},{"type":"Feature","geometry":{"type":"LineString","coordinates":[[-82.27288,36.07052],[-82.2726,36.06985],[-82.27172,36.06903],[-82.27155,36.06837]]},"properties":{"net":"sm2928","o":1}},{"type":"Feature","geometry":{"type":"LineString","coordinates":[[-82.2745,36.17702],[-82.27497,36.17693],[-82.27549,36.17714],[-82.27586,36.17716],[-82.27694,36.17693],[-82.27848,36.17694],[-82.28287,36.17814]]},"properties":{"net":"out","o":5}},{"type":"Feature","geometry":{"type":"LineString","coordinates":[[-82.50299,36.14808],[-82.50234,36.14878]]},"properties":{"net":"out","o":4}},{"type":"Feature","geometry":{"type":"LineString","coordinates":[[-82.50234,36.14878],[-82.50093,36.14971],[-82.50056,36.14986],[-82.49986,36.15003],[-82.49954,36.14996],[-82.49874,36.15012]]},"properties":{"net":"out","o":4}},{"type":"Feature","geometry":{"type":"LineString","coordinates":[[-82.25815,36.02518],[-82.25856,36.02494],[-82.25887,36.02438],[-82.25883,36.02412],[-82.25818,36.02346],[-82.25804,36.02312],[-82.25826,36.02188],[-82.25825,36.02144],[-82.25796,36.02124],[-82.25625,36.02073],[-82.25589,36.02052],[-82.25579,36.02033],[-82.25591,36.01982],[-82.25626,36.01947],[-82.25669,36.01938],[-82.25766,36.01945]]},"properties":{"net":"out","o":5}},{"type":"Feature","geometry":{"type":"LineString","coordinates":[[-82.29027,35.91116],[-82.28893,35.91174]]},"properties":{"net":"sm2618","o":1}},{"type":"Feature","geometry":{"type":"LineString","coordinates":[[-82.29018,35.92221],[-82.2898,35.92147],[-82.28922,35.91987],[-82.2892,35.91936],[-82.28825,35.91742],[-82.28767,35.91667],[-82.28645,35.91583]]},"properties":{"net":"sm2618","o":3}},{"type":"Feature","geometry":{"type":"LineString","coordinates":[[-82.28175,35.91563],[-82.28092,35.91545],[-82.28051,35.91547]]},"properties":{"net":"sm2618","o":4}},{"type":"Feature","geometry":{"type":"LineString","coordinates":[[-82.28101,35.90275],[-82.28097,35.90344],[-82.28191,35.90473],[-82.28185,35.90579],[-82.28174,35.9061],[-82.2819,35.90681],[-82.28099,35.90763],[-82.2806,35.90811],[-82.28013,35.90896],[-82.28,35.91039],[-82.28005,35.91125],[-82.27978,35.91254],[-82.28032,35.91362],[-82.28033,35.91411],[-82.28019,35.91476]]},"properties":{"net":"sm2618","o":1}},{"type":"Feature","geometry":{"type":"LineString","coordinates":[[-82.27613,35.91775],[-82.27503,35.91791],[-82.27248,35.91724],[-82.27198,35.9169],[-82.27177,35.91616],[-82.27124,35.91596],[-82.27108,35.91551],[-82.27077,35.91523],[-82.2693,35.91511],[-82.2687,35.9153]]},"properties":{"net":"sm2618","o":4}},{"type":"Feature","geometry":{"type":"LineString","coordinates":[[-82.26205,36.05639],[-82.26286,36.05551],[-82.26352,36.0552],[-82.26594,36.05548],[-82.26767,36.05516],[-82.26925,36.05507],[-82.26972,36.05522]]},"properties":{"net":"sm2928","o":1}},{"type":"Feature","geometry":{"type":"LineString","coordinates":[[-82.27278,36.00261],[-82.27386,36.00367]]},"properties":{"net":"out","o":6}},{"type":"Feature","geometry":{"type":"LineString","coordinates":[[-82.27298,36.01068],[-82.27281,36.01088],[-82.27275,36.01123],[-82.26981,36.01295],[-82.26892,36.01385]]},"properties":{"net":"out","o":6}},{"type":"Feature","geometry":{"type":"LineString","coordinates":[[-82.25784,36.07274],[-82.25807,36.07243],[-82.25853,36.07213],[-82.26092,36.07165],[-82.26123,36.07139],[-82.26177,36.07044]]},"properties":{"net":"sm2928","o":2}},{"type":"Feature","geometry":{"type":"LineString","coordinates":[[-82.27587,36.06489],[-82.27563,36.06465],[-82.27525,36.06395],[-82.27515,36.06316]]},"properties":{"net":"sm2928","o":1}},{"type":"Feature","geometry":{"type":"LineString","coordinates":[[-82.27648,36.0849],[-82.27673,36.08477],[-82.27669,36.08431],[-82.27683,36.08392],[-82.27733,36.08341]]},"properties":{"net":"out","o":4}},{"type":"Feature","geometry":{"type":"LineString","coordinates":[[-82.24769,36.15542],[-82.24765,36.15584],[-82.24847,36.15711],[-82.24864,36.15778],[-82.24973,36.15889],[-82.24997,36.15887],[-82.25081,36.15959],[-82.25074,36.16061],[-82.25081,36.161],[-82.25098,36.16126]]},"properties":{"net":"out","o":4}},{"type":"Feature","geometry":{"type":"LineString","coordinates":[[-82.58494,36.11427],[-82.5866,36.11522],[-82.58689,36.11567],[-82.58721,36.11668],[-82.58778,36.11729]]},"properties":{"net":"out","o":4}},{"type":"Feature","geometry":{"type":"LineString","coordinates":[[-82.26608,36.09477],[-82.26649,36.09398]]},"properties":{"net":"out","o":4}},{"type":"Feature","geometry":{"type":"LineString","coordinates":[[-82.25036,36.17088],[-82.25053,36.17115],[-82.25176,36.17234],[-82.25256,36.17272],[-82.25293,36.173],[-82.25323,36.17353],[-82.25318,36.17417],[-82.25377,36.17481],[-82.25447,36.17535],[-82.25588,36.17591],[-82.25649,36.17631]]},"properties":{"net":"out","o":4}},{"type":"Feature","geometry":{"type":"LineString","coordinates":[[-82.21439,35.75079],[-82.2141,35.75123],[-82.21332,35.75179],[-82.21268,35.7524],[-82.21168,35.75304],[-82.21096,35.75381],[-82.21042,35.75476],[-82.21019,35.75539],[-82.20982,35.75762],[-82.2093,35.75888],[-82.209,35.75935],[-82.20841,35.75978],[-82.20815,35.76031],[-82.20787,35.76043],[-82.20722,35.76039]]},"properties":{"net":"sm2668","o":4}},{"type":"Feature","geometry":{"type":"LineString","coordinates":[[-82.20803,35.75031],[-82.20892,35.75163],[-82.2095,35.75216],[-82.20961,35.75269],[-82.20986,35.75318],[-82.20991,35.75364],[-82.20883,35.75525],[-82.2085,35.75601],[-82.20825,35.75636],[-82.20778,35.75675],[-82.20704,35.75787],[-82.20709,35.75832],[-82.20691,35.75867],[-82.20739,35.75968],[-82.2074,35.75992],[-82.20722,35.76039]]},"properties":{"net":"sm2668","o":1}},{"type":"Feature","geometry":{"type":"LineString","coordinates":[[-82.59422,36.21271],[-82.59513,36.212],[-82.59556,36.21179],[-82.59568,36.21156]]},"properties":{"net":"out","o":4}},{"type":"Feature","geometry":{"type":"LineString","coordinates":[[-82.60346,36.21511],[-82.60349,36.21474],[-82.60281,36.21329]]},"properties":{"net":"out","o":4}},{"type":"Feature","geometry":{"type":"LineString","coordinates":[[-82.59126,36.23189],[-82.5917,36.2316],[-82.59224,36.23145],[-82.59247,36.23094],[-82.59315,36.23052],[-82.59335,36.22991],[-82.59377,36.22945],[-82.59459,36.22911],[-82.59593,36.22936]]},"properties":{"net":"out","o":4}},{"type":"Feature","geometry":{"type":"LineString","coordinates":[[-82.58594,36.21467],[-82.58652,36.21431],[-82.58726,36.21432],[-82.58787,36.21414]]},"properties":{"net":"out","o":4}},{"type":"Feature","geometry":{"type":"LineString","coordinates":[[-82.59398,36.30057],[-82.5935,36.30013],[-82.59296,36.30022],[-82.59248,36.30065],[-82.59188,36.30164],[-82.59107,36.30241],[-82.59009,36.3028],[-82.58932,36.30289],[-82.58872,36.3031],[-82.58812,36.30314],[-82.58739,36.30298],[-82.58675,36.30261],[-82.58649,36.30261],[-82.58573,36.30316],[-82.58534,36.30365],[-82.58507,36.30375],[-82.58493,36.30412]]},"properties":{"net":"out","o":4}},{"type":"Feature","geometry":{"type":"LineString","coordinates":[[-82.59762,36.32227],[-82.59854,36.32169],[-82.59907,36.32112],[-82.59932,36.32073],[-82.59949,36.32009]]},"properties":{"net":"out","o":4}},{"type":"Feature","geometry":{"type":"LineString","coordinates":[[-82.38255,35.90474],[-82.38225,35.90507],[-82.38212,35.90607],[-82.38237,35.90719],[-82.38252,35.90851],[-82.38313,35.90917]]},"properties":{"net":"out","o":4}},{"type":"Feature","geometry":{"type":"LineString","coordinates":[[-82.37668,35.91556],[-82.377,35.91497]]},"properties":{"net":"out","o":5}},{"type":"Feature","geometry":{"type":"LineString","coordinates":[[-82.39166,35.98865],[-82.3916,35.98955],[-82.3917,35.99079],[-82.39217,35.99238],[-82.3935,35.99432],[-82.39342,35.99447]]},"properties":{"net":"out","o":5}},{"type":"Feature","geometry":{"type":"LineString","coordinates":[[-82.38914,35.91585],[-82.38912,35.91593]]},"properties":{"net":"out","o":4}},{"type":"Feature","geometry":{"type":"LineString","coordinates":[[-82.38974,35.93097],[-82.38941,35.933],[-82.38975,35.93382],[-82.39073,35.93447],[-82.3914,35.93465]]},"properties":{"net":"out","o":5}},{"type":"Feature","geometry":{"type":"LineString","coordinates":[[-82.38897,35.92767],[-82.38964,35.92965],[-82.38974,35.93097]]},"properties":{"net":"out","o":5}},{"type":"Feature","geometry":{"type":"LineString","coordinates":[[-82.38674,35.92435],[-82.38732,35.92472],[-82.38807,35.9254],[-82.38871,35.92645],[-82.38897,35.92767]]},"properties":{"net":"out","o":5}},{"type":"Feature","geometry":{"type":"LineString","coordinates":[[-82.36993,36.14622],[-82.37089,36.14672]]},"properties":{"net":"out","o":4}},{"type":"Feature","geometry":{"type":"LineString","coordinates":[[-82.35905,36.13953],[-82.35976,36.13978]]},"properties":{"net":"out","o":4}},{"type":"Feature","geometry":{"type":"LineString","coordinates":[[-82.35721,36.13872],[-82.35905,36.13953]]},"properties":{"net":"out","o":4}},{"type":"Feature","geometry":{"type":"LineString","coordinates":[[-82.35344,36.13769],[-82.35415,36.13795],[-82.35579,36.13819],[-82.35669,36.13846],[-82.35721,36.13872]]},"properties":{"net":"out","o":4}},{"type":"Feature","geometry":{"type":"LineString","coordinates":[[-82.54182,36.16994],[-82.54223,36.17015]]},"properties":{"net":"out","o":5}},{"type":"Feature","geometry":{"type":"LineString","coordinates":[[-82.53543,36.15889],[-82.53641,36.15974],[-82.5371,36.16061]]},"properties":{"net":"out","o":5}},{"type":"Feature","geometry":{"type":"LineString","coordinates":[[-82.52429,36.18733],[-82.52508,36.18724],[-82.52553,36.187]]},"properties":{"net":"out","o":7}},{"type":"Feature","geometry":{"type":"LineString","coordinates":[[-82.33658,36.04868],[-82.33628,36.04962]]},"properties":{"net":"out","o":7}},{"type":"Feature","geometry":{"type":"LineString","coordinates":[[-82.5226,36.0652],[-82.52209,36.06556],[-82.52141,36.06585],[-82.51986,36.0664],[-82.51944,36.06679],[-82.51925,36.06735],[-82.51932,36.06874]]},"properties":{"net":"out","o":6}},{"type":"Feature","geometry":{"type":"LineString","coordinates":[[-82.33525,36.01458],[-82.33455,36.01439]]},"properties":{"net":"out","o":6}},{"type":"Feature","geometry":{"type":"LineString","coordinates":[[-82.33724,36.04082],[-82.33709,36.04091],[-82.33699,36.04144],[-82.33684,36.04153],[-82.33672,36.04216]]},"properties":{"net":"out","o":7}},{"type":"Feature","geometry":{"type":"LineString","coordinates":[[-82.34017,36.06386],[-82.3407,36.0654],[-82.34085,36.0656]]},"properties":{"net":"out","o":7}},{"type":"Feature","geometry":{"type":"LineString","coordinates":[[-82.33824,36.05754],[-82.33842,36.05803]]},"properties":{"net":"out","o":7}},{"type":"Feature","geometry":{"type":"LineString","coordinates":[[-82.53752,36.00201],[-82.53726,36.00233],[-82.53669,36.00277]]},"properties":{"net":"out","o":4}},{"type":"Feature","geometry":{"type":"LineString","coordinates":[[-82.54072,36.04626],[-82.53801,36.0451],[-82.53702,36.04513],[-82.53593,36.04555],[-82.53475,36.04528]]},"properties":{"net":"out","o":6}},{"type":"Feature","geometry":{"type":"LineString","coordinates":[[-82.52216,36.05905],[-82.52191,36.05932]]},"properties":{"net":"out","o":6}},{"type":"Feature","geometry":{"type":"LineString","coordinates":[[-82.54118,36.12415],[-82.53889,36.12472],[-82.53814,36.12526],[-82.53772,36.12612],[-82.53717,36.12659]]},"properties":{"net":"out","o":4}},{"type":"Feature","geometry":{"type":"LineString","coordinates":[[-82.52881,36.12526],[-82.53094,36.12582],[-82.53179,36.12692],[-82.53303,36.12785],[-82.53376,36.12797],[-82.53454,36.12788],[-82.53487,36.12799]]},"properties":{"net":"out","o":4}},{"type":"Feature","geometry":{"type":"LineString","coordinates":[[-82.51012,36.0431],[-82.50983,36.04376],[-82.5098,36.04423],[-82.51003,36.04491],[-82.51036,36.04539]]},"properties":{"net":"out","o":4}},{"type":"Feature","geometry":{"type":"LineString","coordinates":[[-82.50941,36.03408],[-82.50948,36.03464],[-82.51,36.03523],[-82.51023,36.03564],[-82.51027,36.0361],[-82.51016,36.03666]]},"properties":{"net":"out","o":4}},{"type":"Feature","geometry":{"type":"LineString","coordinates":[[-82.41232,36.15471],[-82.41282,36.15437]]},"properties":{"net":"out","o":6}},{"type":"Feature","geometry":{"type":"LineString","coordinates":[[-82.40242,35.91347],[-82.40155,35.91322]]},"properties":{"net":"out","o":4}},{"type":"Feature","geometry":{"type":"LineString","coordinates":[[-82.39622,35.91033],[-82.39687,35.91222],[-82.39714,35.91268],[-82.3975,35.91299],[-82.39773,35.91333]]},"properties":{"net":"sm2917","o":1}},{"type":"Feature","geometry":{"type":"LineString","coordinates":[[-82.51036,36.04616],[-82.50928,36.0464],[-82.50846,36.04677],[-82.50806,36.04711],[-82.50749,36.04803]]},"properties":{"net":"out","o":4}},{"type":"Feature","geometry":{"type":"LineString","coordinates":[[-82.50105,36.04675],[-82.50116,36.04718],[-82.50108,36.04763]]},"properties":{"net":"out","o":5}},{"type":"Feature","geometry":{"type":"LineString","coordinates":[[-82.5166,36.06926],[-82.51554,36.06889]]},"properties":{"net":"out","o":6}},{"type":"Feature","geometry":{"type":"LineString","coordinates":[[-82.5083,36.06841],[-82.50734,36.06959],[-82.50636,36.07033],[-82.50555,36.07052],[-82.50429,36.07047],[-82.50373,36.07061]]},"properties":{"net":"out","o":6}},{"type":"Feature","geometry":{"type":"LineString","coordinates":[[-82.58933,36.0642],[-82.58732,36.06343],[-82.58709,36.06326],[-82.58618,36.06193]]},"properties":{"net":"out","o":4}},{"type":"Feature","geometry":{"type":"LineString","coordinates":[[-82.5052,36.14655],[-82.50478,36.14664],[-82.50439,36.14703]]},"properties":{"net":"out","o":4}},{"type":"Feature","geometry":{"type":"LineString","coordinates":[[-82.5977,36.12472],[-82.59777,36.1251],[-82.59767,36.12545]]},"properties":{"net":"out","o":4}},{"type":"Feature","geometry":{"type":"LineString","coordinates":[[-82.59673,36.12303],[-82.5972,36.12371]]},"properties":{"net":"out","o":4}},{"type":"Feature","geometry":{"type":"LineString","coordinates":[[-82.40889,35.98399],[-82.40839,35.98413]]},"properties":{"net":"sm2919","o":5}},{"type":"Feature","geometry":{"type":"LineString","coordinates":[[-82.4071,36.15914],[-82.4073,36.15899],[-82.40873,36.15861],[-82.41045,36.15717],[-82.41102,36.15639]]},"properties":{"net":"out","o":6}},{"type":"Feature","geometry":{"type":"LineString","coordinates":[[-82.4071,36.15914],[-82.40704,36.15886]]},"properties":{"net":"out","o":6}},{"type":"Feature","geometry":{"type":"LineString","coordinates":[[-82.40701,36.15875],[-82.407,36.15818],[-82.40779,36.15735],[-82.40829,36.15708]]},"properties":{"net":"out","o":6}},{"type":"Feature","geometry":{"type":"LineString","coordinates":[[-82.59118,36.11831],[-82.59135,36.11839],[-82.59145,36.1186],[-82.59177,36.11868],[-82.59188,36.11902],[-82.59228,36.11924],[-82.59244,36.12012],[-82.59257,36.1203],[-82.59271,36.12038],[-82.59372,36.12036]]},"properties":{"net":"out","o":4}},{"type":"Feature","geometry":{"type":"LineString","coordinates":[[-82.48754,36.15553],[-82.48688,36.15599],[-82.48586,36.15633],[-82.48565,36.15665],[-82.48545,36.15676],[-82.48443,36.15665],[-82.48412,36.15673]]},"properties":{"net":"out","o":4}},{"type":"Feature","geometry":{"type":"LineString","coordinates":[[-82.48568,36.19797],[-82.48714,36.19751],[-82.48797,36.19742],[-82.48863,36.19747]]},"properties":{"net":"out","o":7}},{"type":"Feature","geometry":{"type":"LineString","coordinates":[[-82.47899,36.20465],[-82.48017,36.20479],[-82.48152,36.20368],[-82.48249,36.20268],[-82.48312,36.20224],[-82.48691,36.20043],[-82.48769,36.20021]]},"properties":{"net":"out","o":7}},{"type":"Feature","geometry":{"type":"LineString","coordinates":[[-82.49073,35.98468],[-82.49064,35.98312],[-82.49121,35.98007],[-82.49297,35.9771]]},"properties":{"net":"sm2919","o":1}},{"type":"Feature","geometry":{"type":"LineString","coordinates":[[-82.49205,35.96262],[-82.49146,35.96262],[-82.48939,35.96293],[-82.4861,35.96306],[-82.48485,35.963]]},"properties":{"net":"sm2919","o":1}},{"type":"Feature","geometry":{"type":"LineString","coordinates":[[-82.48445,35.97729],[-82.48542,35.97526],[-82.48596,35.97451],[-82.48586,35.97361],[-82.48512,35.97233],[-82.48531,35.97047]]},"properties":{"net":"sm2919","o":1}},{"type":"Feature","geometry":{"type":"LineString","coordinates":[[-82.49232,36.04605],[-82.49316,36.04619],[-82.494,36.04616],[-82.49418,36.04594],[-82.49444,36.04526],[-82.49472,36.04488],[-82.49506,36.04463],[-82.49648,36.04449],[-82.49731,36.04404],[-82.49756,36.04401],[-82.49921,36.04413]]},"properties":{"net":"out","o":4}},{"type":"Feature","geometry":{"type":"LineString","coordinates":[[-82.46594,36.00277],[-82.46506,36.002],[-82.46329,36.0],[-82.4617,35.99863],[-82.4609,35.99756]]},"properties":{"net":"sm2919","o":1}},{"type":"Feature","geometry":{"type":"LineString","coordinates":[[-82.46362,36.00442],[-82.46267,36.00245],[-82.46163,36.00103],[-82.46138,36.00011],[-82.46155,35.99922],[-82.46104,35.9984],[-82.4609,35.99756]]},"properties":{"net":"sm2919","o":1}},{"type":"Feature","geometry":{"type":"LineString","coordinates":[[-82.50039,35.97057],[-82.49965,35.96996],[-82.49878,35.9696],[-82.49584,35.96911]]},"properties":{"net":"sm2919","o":1}},{"type":"Feature","geometry":{"type":"LineString","coordinates":[[-82.48176,35.96905],[-82.48064,35.96854],[-82.47942,35.96843]]},"properties":{"net":"sm2919","o":3}},{"type":"Feature","geometry":{"type":"LineString","coordinates":[[-82.48797,36.03507],[-82.48813,36.03583],[-82.48767,36.03645],[-82.48756,36.03767],[-82.48708,36.03839]]},"properties":{"net":"out","o":4}},{"type":"Feature","geometry":{"type":"LineString","coordinates":[[-82.48334,36.03689],[-82.48447,36.03694],[-82.4855,36.03722],[-82.48708,36.03839]]},"properties":{"net":"out","o":4}},{"type":"Feature","geometry":{"type":"LineString","coordinates":[[-82.49418,36.08577],[-82.49403,36.08615],[-82.49352,36.0867],[-82.49332,36.08683],[-82.49304,36.08683],[-82.49221,36.08742],[-82.49125,36.08774]]},"properties":{"net":"out","o":6}},{"type":"Feature","geometry":{"type":"LineString","coordinates":[[-82.56751,36.05136],[-82.56568,36.05067]]},"properties":{"net":"out","o":5}},{"type":"Feature","geometry":{"type":"LineString","coordinates":[[-82.56952,36.21232],[-82.56994,36.21242],[-82.57101,36.21305],[-82.57121,36.21306],[-82.5714,36.21292],[-82.57139,36.21255],[-82.57163,36.21236],[-82.57276,36.21257],[-82.57418,36.21243]]},"properties":{"net":"out","o":4}},{"type":"Feature","geometry":{"type":"LineString","coordinates":[[-82.56133,36.24382],[-82.56136,36.2436],[-82.5615,36.24341],[-82.56222,36.24322],[-82.5636,36.2425],[-82.56428,36.24238]]},"properties":{"net":"out","o":4}},{"type":"Feature","geometry":{"type":"LineString","coordinates":[[-82.57515,36.27331],[-82.57528,36.27375],[-82.57551,36.27405],[-82.57669,36.27479]]},"properties":{"net":"out","o":5}},{"type":"Feature","geometry":{"type":"LineString","coordinates":[[-82.57482,36.27298],[-82.575,36.27305],[-82.57515,36.27331]]},"properties":{"net":"out","o":5}},{"type":"Feature","geometry":{"type":"LineString","coordinates":[[-82.56773,36.27148],[-82.57064,36.27112]]},"properties":{"net":"out","o":4}},{"type":"Feature","geometry":{"type":"LineString","coordinates":[[-82.57033,36.31686],[-82.56997,36.31693]]},"properties":{"net":"out","o":5}},{"type":"Feature","geometry":{"type":"LineString","coordinates":[[-82.57915,35.98269],[-82.57858,35.98279],[-82.57736,35.98254],[-82.5761,35.98259],[-82.57527,35.98253]]},"properties":{"net":"out","o":4}},{"type":"Feature","geometry":{"type":"LineString","coordinates":[[-82.56818,36.21193],[-82.56888,36.21221],[-82.56952,36.21232]]},"properties":{"net":"out","o":4}},{"type":"Feature","geometry":{"type":"LineString","coordinates":[[-82.56515,36.24178],[-82.56532,36.24194],[-82.56525,36.24267],[-82.56535,36.24291],[-82.566,36.24282],[-82.56657,36.24307],[-82.56698,36.24298],[-82.56758,36.24243],[-82.56766,36.24224],[-82.56748,36.24161],[-82.56751,36.2414],[-82.56782,36.24109],[-82.56821,36.24093],[-82.56855,36.24094],[-82.56874,36.24105],[-82.56907,36.24158],[-82.57005,36.24165],[-82.57048,36.24113],[-82.57124,36.241],[-82.5713,36.24081],[-82.57113,36.24029],[-82.57109,36.23964],[-82.57198,36.23921],[-82.57216,36.23883],[-82.57195,36.23833],[-82.57127,36.23803],[-82.57136,36.23762],[-82.5715,36.23752],[-82.57203,36.23743],[-82.57223,36.23713],[-82.57199,36.23664],[-82.57162,36.23637],[-82.57162,36.23627],[-82.57199,36.23594],[-82.57214,36.23514],[-82.57301,36.23463]]},"properties":{"net":"out","o":4}},{"type":"Feature","geometry":{"type":"LineString","coordinates":[[-82.57033,36.31686],[-82.56956,36.31595],[-82.56938,36.31539],[-82.56956,36.31472],[-82.5702,36.3137],[-82.57025,36.31335]]},"properties":{"net":"out","o":5}},{"type":"Feature","geometry":{"type":"LineString","coordinates":[[-82.56325,35.99581],[-82.56383,35.99671],[-82.56385,35.99708],[-82.56352,35.99784]]},"properties":{"net":"out","o":4}},{"type":"Feature","geometry":{"type":"LineString","coordinates":[[-82.556,36.02115],[-82.55524,36.02118],[-82.55439,36.02143],[-82.55341,36.02253]]},"properties":{"net":"out","o":5}},{"type":"Feature","geometry":{"type":"LineString","coordinates":[[-82.55274,36.01202],[-82.55318,36.01186],[-82.55383,36.01186]]},"properties":{"net":"out","o":4}},{"type":"Feature","geometry":{"type":"LineString","coordinates":[[-82.55811,36.03061],[-82.55728,36.03133],[-82.55689,36.03148]]},"properties":{"net":"out","o":4}},{"type":"Feature","geometry":{"type":"LineString","coordinates":[[-82.55547,36.04483],[-82.55533,36.04374],[-82.55489,36.04304]]},"properties":{"net":"out","o":5}},{"type":"Feature","geometry":{"type":"LineString","coordinates":[[-82.55367,36.03193],[-82.55291,36.03259],[-82.55222,36.03276],[-82.5519,36.03301],[-82.55173,36.03325],[-82.55154,36.03391]]},"properties":{"net":"out","o":4}},{"type":"Feature","geometry":{"type":"LineString","coordinates":[[-82.55186,36.02436],[-82.55143,36.02451],[-82.54985,36.02615]]},"properties":{"net":"out","o":5}},{"type":"Feature","geometry":{"type":"LineString","coordinates":[[-82.55632,36.04632],[-82.55581,36.04518],[-82.55547,36.04483]]},"properties":{"net":"out","o":5}},{"type":"Feature","geometry":{"type":"LineString","coordinates":[[-82.54724,36.34343],[-82.54818,36.34288],[-82.54833,36.34266],[-82.54841,36.34229]]},"properties":{"net":"out","o":4}},{"type":"Feature","geometry":{"type":"LineString","coordinates":[[-82.54385,36.34817],[-82.54412,36.34778],[-82.54413,36.34741]]},"properties":{"net":"out","o":4}},{"type":"Feature","geometry":{"type":"LineString","coordinates":[[-82.55857,36.01444],[-82.5586,36.01507]]},"properties":{"net":"out","o":5}},{"type":"Feature","geometry":{"type":"LineString","coordinates":[[-82.54985,36.02615],[-82.54961,36.0264]]},"properties":{"net":"out","o":5}},{"type":"Feature","geometry":{"type":"LineString","coordinates":[[-82.55568,36.24582],[-82.55666,36.24498],[-82.55711,36.24471],[-82.55765,36.24465],[-82.55855,36.24477]]},"properties":{"net":"out","o":4}},{"type":"Feature","geometry":{"type":"LineString","coordinates":[[-82.55375,36.24561],[-82.554,36.24562]]},"properties":{"net":"out","o":4}},{"type":"Feature","geometry":{"type":"LineString","coordinates":[[-82.56053,36.32863],[-82.56237,36.32653]]},"properties":{"net":"out","o":4}},{"type":"Feature","geometry":{"type":"LineString","coordinates":[[-82.55776,36.33188],[-82.55791,36.33177],[-82.55788,36.33151],[-82.55886,36.33065]]},"properties":{"net":"out","o":4}},{"type":"Feature","geometry":{"type":"LineString","coordinates":[[-82.43073,36.24368],[-82.43139,36.24315],[-82.43201,36.24297],[-82.43253,36.24257],[-82.43302,36.2425],[-82.43369,36.24196],[-82.43469,36.24178],[-82.43655,36.24102],[-82.43657,36.24088],[-82.43634,36.24062],[-82.43643,36.24036],[-82.43688,36.24022],[-82.43734,36.23993],[-82.4376,36.23949],[-82.43856,36.23837],[-82.43891,36.23822],[-82.44022,36.23721],[-82.43979,36.23648],[-82.44,36.23598],[-82.43994,36.23528],[-82.44058,36.23475],[-82.44082,36.23429],[-82.44198,36.23364],[-82.44197,36.23349]]},"properties":{"net":"out","o":4}},{"type":"Feature","geometry":{"type":"LineString","coordinates":[[-82.45607,36.20504],[-82.45649,36.20501]]},"properties":{"net":"out","o":5}},{"type":"Feature","geometry":{"type":"LineString","coordinates":[[-82.4503,36.2275],[-82.45041,36.22746],[-82.45058,36.22705],[-82.45109,36.2268],[-82.45127,36.22655],[-82.45271,36.22597],[-82.45305,36.22563],[-82.45357,36.22543],[-82.4542,36.22458]]},"properties":{"net":"out","o":4}},{"type":"Feature","geometry":{"type":"LineString","coordinates":[[-82.44489,36.23012],[-82.44555,36.22982],[-82.44602,36.22928],[-82.44633,36.22908],[-82.4468,36.22901],[-82.44735,36.2292],[-82.44928,36.22815],[-82.44946,36.22779],[-82.44994,36.22769],[-82.4503,36.2275]]},"properties":{"net":"out","o":4}},{"type":"Feature","geometry":{"type":"LineString","coordinates":[[-82.53808,36.24706],[-82.53834,36.24707],[-82.53841,36.24751],[-82.53828,36.24808],[-82.53784,36.24897],[-82.53856,36.24927],[-82.53883,36.24927],[-82.53902,36.24908],[-82.53905,36.24861]]},"properties":{"net":"out","o":4}},{"type":"Feature","geometry":{"type":"LineString","coordinates":[[-82.4302,35.99374],[-82.42928,35.99329],[-82.42797,35.9923],[-82.42756,35.99189],[-82.42714,35.99169]]},"properties":{"net":"sm2919","o":1}},{"type":"Feature","geometry":{"type":"LineString","coordinates":[[-82.42029,36.08156],[-82.42056,36.08172]]},"properties":{"net":"out","o":7}},{"type":"Feature","geometry":{"type":"LineString","coordinates":[[-82.4299,36.09545],[-82.43118,36.09665]]},"properties":{"net":"out","o":7}},{"type":"Feature","geometry":{"type":"LineString","coordinates":[[-82.4241,36.08718],[-82.42472,36.08902],[-82.42503,36.08934],[-82.42528,36.08995],[-82.42618,36.09124]]},"properties":{"net":"out","o":7}},{"type":"Feature","geometry":{"type":"LineString","coordinates":[[-82.43393,36.1436],[-82.4347,36.14335]]},"properties":{"net":"out","o":6}},{"type":"Feature","geometry":{"type":"LineString","coordinates":[[-82.42975,35.95884],[-82.4289,35.95931],[-82.42717,35.96114],[-82.42759,35.96275],[-82.4283,35.96343],[-82.42874,35.96449],[-82.42879,35.96497],[-82.42861,35.96557],[-82.4265,35.96853],[-82.42639,35.96898],[-82.42637,35.97023]]},"properties":{"net":"sm2919","o":1}},{"type":"Feature","geometry":{"type":"LineString","coordinates":[[-82.43549,35.96004],[-82.4347,35.96067],[-82.43428,35.96117],[-82.43378,35.96249],[-82.43358,35.96275],[-82.43296,35.96312],[-82.43145,35.96451],[-82.4309,35.96575],[-82.43079,35.96665],[-82.43004,35.96782],[-82.42874,35.96902],[-82.42748,35.96973],[-82.42693,35.97037],[-82.42677,35.97102]]},"properties":{"net":"sm2919","o":2}},{"type":"Feature","geometry":{"type":"LineString","coordinates":[[-82.42618,35.97153],[-82.42544,35.97236],[-82.42531,35.97275],[-82.42543,35.97332],[-82.4259,35.97453],[-82.42589,35.97491],[-82.42554,35.97572],[-82.42551,35.97604],[-82.42578,35.97672],[-82.42593,35.97755],[-82.42591,35.97794]]},"properties":{"net":"sm2919","o":3}},{"type":"Feature","geometry":{"type":"LineString","coordinates":[[-82.41718,35.98081],[-82.41355,35.98042]]},"properties":{"net":"sm2919","o":1}},{"type":"Feature","geometry":{"type":"LineString","coordinates":[[-82.43613,35.98665],[-82.43654,35.98591],[-82.43702,35.98439]]},"properties":{"net":"sm2919","o":2}},{"type":"Feature","geometry":{"type":"LineString","coordinates":[[-82.43193,35.98882],[-82.43083,35.9882],[-82.43046,35.98814],[-82.42891,35.98856],[-82.42836,35.98893]]},"properties":{"net":"sm2919","o":1}},{"type":"Feature","geometry":{"type":"LineString","coordinates":[[-82.42376,36.08479],[-82.42368,36.085]]},"properties":{"net":"out","o":7}},{"type":"Feature","geometry":{"type":"LineString","coordinates":[[-82.42412,36.20233],[-82.42479,36.20221],[-82.42517,36.20223],[-82.42573,36.20244],[-82.42623,36.2029]]},"properties":{"net":"out","o":5}},{"type":"Feature","geometry":{"type":"LineString","coordinates":[[-82.41965,36.20047],[-82.42041,36.20055],[-82.4217,36.20113]]},"properties":{"net":"out","o":5}},{"type":"Feature","geometry":{"type":"LineString","coordinates":[[-82.60694,36.16393],[-82.60753,36.16421],[-82.60779,36.16424],[-82.60831,36.16466],[-82.60984,36.16649],[-82.60987,36.16682],[-82.61015,36.16729]]},"properties":{"net":"out","o":7}},{"type":"Feature","geometry":{"type":"LineString","coordinates":[[-82.61729,36.2411],[-82.6173,36.24106]]},"properties":{"net":"out","o":5}},{"type":"Feature","geometry":{"type":"LineString","coordinates":[[-82.61533,36.24195],[-82.61641,36.24121],[-82.61729,36.2411]]},"properties":{"net":"out","o":5}},{"type":"Feature","geometry":{"type":"LineString","coordinates":[[-82.60995,36.24803],[-82.60987,36.24795],[-82.60991,36.2477],[-82.61058,36.24705]]},"properties":{"net":"out","o":5}},{"type":"Feature","geometry":{"type":"LineString","coordinates":[[-82.61676,36.11562],[-82.61752,36.11708],[-82.61751,36.11832]]},"properties":{"net":"out","o":5}},{"type":"Feature","geometry":{"type":"LineString","coordinates":[[-82.61659,36.12027],[-82.61553,36.1226]]},"properties":{"net":"out","o":5}},{"type":"Feature","geometry":{"type":"LineString","coordinates":[[-82.37184,36.00869],[-82.37044,36.00759],[-82.36974,36.00732],[-82.36859,36.00721],[-82.36834,36.00708]]},"properties":{"net":"out","o":6}},{"type":"Feature","geometry":{"type":"LineString","coordinates":[[-82.67596,36.32604],[-82.6766,36.3265],[-82.67686,36.32686],[-82.67693,36.32736],[-82.67676,36.32811],[-82.67687,36.32875]]},"properties":{"net":"out","o":4}},{"type":"Feature","geometry":{"type":"LineString","coordinates":[[-82.33141,36.08853],[-82.33141,36.08827],[-82.33167,36.08751]]},"properties":{"net":"out","o":4}},{"type":"Feature","geometry":{"type":"LineString","coordinates":[[-82.67931,36.15999],[-82.67976,36.16008],[-82.68269,36.16015],[-82.68295,36.16045],[-82.68343,36.16059],[-82.68475,36.16057],[-82.68601,36.16138]]},"properties":{"net":"out","o":4}},{"type":"Feature","geometry":{"type":"LineString","coordinates":[[-82.32001,35.88346],[-82.32019,35.88373]]},"properties":{"net":"NC3200","o":4}},{"type":"Feature","geometry":{"type":"LineString","coordinates":[[-82.31914,35.96168],[-82.31894,35.962],[-82.31869,35.96215],[-82.31754,35.96254],[-82.31706,35.96252],[-82.31616,35.96225],[-82.31515,35.96232],[-82.31414,35.9622],[-82.31387,35.96238],[-82.31378,35.96267],[-82.31335,35.96287]]},"properties":{"net":"out","o":4}},{"type":"Feature","geometry":{"type":"LineString","coordinates":[[-82.31457,36.0256],[-82.31572,36.02548],[-82.31684,36.02554],[-82.31883,36.02534],[-82.32051,36.02557],[-82.32114,36.02633]]},"properties":{"net":"out","o":6}},{"type":"Feature","geometry":{"type":"LineString","coordinates":[[-82.32399,36.09949],[-82.32497,36.09946],[-82.32586,36.09967]]},"properties":{"net":"out","o":4}},{"type":"Feature","geometry":{"type":"LineString","coordinates":[[-82.31099,36.10879],[-82.31157,36.10723],[-82.31231,36.10644],[-82.31264,36.10579],[-82.31373,36.10569],[-82.31485,36.10524],[-82.31573,36.10513],[-82.31607,36.10492]]},"properties":{"net":"out","o":4}},{"type":"Feature","geometry":{"type":"LineString","coordinates":[[-82.32175,35.95555],[-82.32164,35.95626],[-82.32046,35.95804],[-82.3204,35.95886],[-82.32023,35.95943],[-82.31908,35.96091],[-82.31914,35.96168]]},"properties":{"net":"out","o":4}},{"type":"Feature","geometry":{"type":"LineString","coordinates":[[-82.32139,36.00148],[-82.32108,36.00246],[-82.32108,36.00306],[-82.32132,36.00402],[-82.32131,36.0044],[-82.32096,36.00532],[-82.32061,36.0058]]},"properties":{"net":"sm2930","o":1}},{"type":"Feature","geometry":{"type":"LineString","coordinates":[[-82.32539,36.00286],[-82.32342,36.00373],[-82.32145,36.00548],[-82.32102,36.00571],[-82.32061,36.0058]]},"properties":{"net":"sm2930","o":1}},{"type":"Feature","geometry":{"type":"LineString","coordinates":[[-82.31711,36.00406],[-82.31706,36.00452],[-82.3164,36.0054],[-82.31598,36.00657]]},"properties":{"net":"sm2930","o":1}},{"type":"Feature","geometry":{"type":"LineString","coordinates":[[-82.31454,36.0092],[-82.31551,36.00938],[-82.31584,36.00953]]},"properties":{"net":"sm2930","o":2}},{"type":"Feature","geometry":{"type":"LineString","coordinates":[[-82.26687,35.93691],[-82.26676,35.93606],[-82.2666,35.93569],[-82.26665,35.93501],[-82.26627,35.93428],[-82.26614,35.93325],[-82.26563,35.93279],[-82.26486,35.93091],[-82.26484,35.92948],[-82.26526,35.9283],[-82.26557,35.92776],[-82.26574,35.92724],[-82.26576,35.92677],[-82.26558,35.92616],[-82.26541,35.92593],[-82.26548,35.9253],[-82.26538,35.92451],[-82.26483,35.92299],[-82.26465,35.92195],[-82.26454,35.92169],[-82.26423,35.92138],[-82.26378,35.92114],[-82.26337,35.9207],[-82.26324,35.92037],[-82.26309,35.91908],[-82.26337,35.91864],[-82.26338,35.91794],[-82.2633,35.91702],[-82.26288,35.91607],[-82.26298,35.91536],[-82.26291,35.91504]]},"properties":{"net":"sm2618","o":2}},{"type":"Feature","geometry":{"type":"LineString","coordinates":[[-82.24984,35.73221],[-82.24901,35.73184],[-82.24821,35.73176],[-82.24672,35.73197],[-82.24531,35.73241],[-82.24447,35.73248],[-82.24248,35.73299],[-82.24182,35.73305],[-82.24086,35.73286],[-82.24052,35.7327],[-82.23931,35.73153],[-82.23798,35.73102]]},"properties":{"net":"sm2660","o":3}},{"type":"Feature","geometry":{"type":"LineString","coordinates":[[-82.25461,35.77395],[-82.25384,35.77293],[-82.25284,35.77195],[-82.25181,35.77114],[-82.24855,35.76986],[-82.24708,35.76944],[-82.24493,35.76928],[-82.24445,35.76895],[-82.24399,35.76881],[-82.24194,35.76746],[-82.24056,35.7669],[-82.23968,35.76674]]},"properties":{"net":"sm2663","o":1}},{"type":"Feature","geometry":{"type":"LineString","coordinates":[[-82.2649,35.89509],[-82.26456,35.89536],[-82.26357,35.89563],[-82.26311,35.89587],[-82.26289,35.89637],[-82.2629,35.89716],[-82.26242,35.89774],[-82.25976,35.89868],[-82.2591,35.89944],[-82.25798,35.89982]]},"properties":{"net":"sm2618","o":1}},{"type":"Feature","geometry":{"type":"LineString","coordinates":[[-82.2632,35.89226],[-82.26238,35.89289],[-82.26189,35.8931],[-82.26162,35.89332],[-82.26129,35.89368],[-82.26095,35.89435],[-82.26065,35.8946],[-82.25876,35.89546],[-82.25803,35.89637],[-82.25728,35.89694],[-82.25705,35.8973],[-82.25715,35.89774],[-82.25738,35.89813],[-82.25724,35.89868]]},"properties":{"net":"sm2618","o":1}},{"type":"Feature","geometry":{"type":"LineString","coordinates":[[-82.26536,35.88678],[-82.26413,35.88896],[-82.26356,35.88945],[-82.2627,35.88994],[-82.26229,35.89068],[-82.26183,35.89125],[-82.26129,35.89169],[-82.26112,35.89205],[-82.26072,35.89232],[-82.25981,35.89261],[-82.25896,35.89318],[-82.2582,35.89439],[-82.25738,35.89613],[-82.25681,35.89688]]},"properties":{"net":"sm2618","o":1}},{"type":"Feature","geometry":{"type":"LineString","coordinates":[[-82.25059,35.89473],[-82.25184,35.89509],[-82.25344,35.89532],[-82.25494,35.89494],[-82.25531,35.89492]]},"properties":{"net":"sm2618","o":1}},{"type":"Feature","geometry":{"type":"LineString","coordinates":[[-82.26847,35.9089],[-82.26795,35.91058],[-82.26735,35.91125],[-82.2662,35.91226],[-82.26547,35.91323],[-82.26552,35.91428],[-82.26513,35.91508]]},"properties":{"net":"sm2618","o":2}},{"type":"Feature","geometry":{"type":"LineString","coordinates":[[-82.26291,35.91504],[-82.26245,35.91501],[-82.26192,35.91514],[-82.26133,35.91481],[-82.26076,35.91489],[-82.26018,35.91467],[-82.25881,35.91506],[-82.25849,35.91538],[-82.25843,35.91558],[-82.25824,35.9176],[-82.25805,35.91825]]},"properties":{"net":"sm2618","o":4}},{"type":"Feature","geometry":{"type":"LineString","coordinates":[[-82.25703,35.90882],[-82.25693,35.90953],[-82.25675,35.90986],[-82.2568,35.91046],[-82.25671,35.91077],[-82.256,35.91149],[-82.25525,35.91201],[-82.2546,35.91227],[-82.25425,35.91253],[-82.25388,35.91324],[-82.2538,35.91376],[-82.2535,35.91418],[-82.25321,35.91445],[-82.2521,35.91501]]},"properties":{"net":"sm2618","o":3}},{"type":"Feature","geometry":{"type":"LineString","coordinates":[[-82.2521,35.91501],[-82.25154,35.9153],[-82.25079,35.91591]]},"properties":{"net":"sm2618","o":3}},{"type":"Feature","geometry":{"type":"LineString","coordinates":[[-82.26016,35.94535],[-82.25894,35.94526],[-82.25804,35.94497],[-82.25678,35.94434],[-82.25613,35.94384],[-82.25473,35.94302],[-82.25398,35.94299],[-82.25292,35.9431],[-82.25169,35.94284],[-82.25136,35.94251],[-82.25104,35.94146],[-82.25039,35.94075],[-82.25002,35.94065],[-82.24911,35.94096]]},"properties":{"net":"sm2618","o":1}},{"type":"Feature","geometry":{"type":"LineString","coordinates":[[-82.26864,35.97252],[-82.26884,35.97266]]},"properties":{"net":"out","o":4}},{"type":"Feature","geometry":{"type":"LineString","coordinates":[[-82.65686,36.09488],[-82.6566,36.09539],[-82.65696,36.09594],[-82.65697,36.09661],[-82.65774,36.09751]]},"properties":{"net":"out","o":4}},{"type":"Feature","geometry":{"type":"LineString","coordinates":[[-82.65774,36.09751],[-82.65768,36.0977],[-82.65744,36.09786],[-82.65635,36.098],[-82.65611,36.09815],[-82.6553,36.09961],[-82.65489,36.0999],[-82.65447,36.10001]]},"properties":{"net":"out","o":4}},{"type":"Feature","geometry":{"type":"LineString","coordinates":[[-82.64969,36.14421],[-82.64967,36.14491],[-82.65005,36.14569]]},"properties":{"net":"out","o":4}},{"type":"Feature","geometry":{"type":"LineString","coordinates":[[-82.65541,36.15684],[-82.656,36.15745],[-82.65634,36.15803],[-82.65713,36.15865]]},"properties":{"net":"out","o":4}},{"type":"Feature","geometry":{"type":"LineString","coordinates":[[-82.651,36.29143],[-82.64986,36.29157],[-82.64899,36.29148]]},"properties":{"net":"out","o":4}},{"type":"Feature","geometry":{"type":"LineString","coordinates":[[-82.64899,36.29148],[-82.64803,36.29121],[-82.6467,36.2912],[-82.64453,36.29031]]},"properties":{"net":"out","o":4}},{"type":"Feature","geometry":{"type":"LineString","coordinates":[[-82.24579,35.75011],[-82.24481,35.74967],[-82.24382,35.74895],[-82.24342,35.74855],[-82.24222,35.74653],[-82.24195,35.74542],[-82.24146,35.74466],[-82.24124,35.74452],[-82.23971,35.74386],[-82.23877,35.74363],[-82.23669,35.74286],[-82.23407,35.74175],[-82.23259,35.74162],[-82.23094,35.74168]]},"properties":{"net":"sm2660","o":1}},{"type":"Feature","geometry":{"type":"LineString","coordinates":[[-82.22987,35.76218],[-82.22908,35.76322],[-82.22877,35.7641],[-82.22842,35.76577],[-82.22798,35.76682],[-82.22809,35.76763]]},"properties":{"net":"sm2663","o":1}},{"type":"Feature","geometry":{"type":"LineString","coordinates":[[-82.24229,35.80991],[-82.24028,35.80968],[-82.2393,35.8097],[-82.23573,35.80831],[-82.23401,35.80821],[-82.23065,35.80821],[-82.22837,35.80761],[-82.2276,35.80752],[-82.22565,35.80664],[-82.22412,35.8063],[-82.22377,35.8063],[-82.22206,35.80585],[-82.22119,35.80498]]},"properties":{"net":"sm2678","o":1}},{"type":"Feature","geometry":{"type":"LineString","coordinates":[[-82.24243,35.83351],[-82.24148,35.83273],[-82.24087,35.83244],[-82.23947,35.8314],[-82.23852,35.83064],[-82.23787,35.82986],[-82.23744,35.82971],[-82.23652,35.82959],[-82.23518,35.82975],[-82.23359,35.82959],[-82.23217,35.82898],[-82.231,35.82829],[-82.22909,35.82788],[-82.2268,35.82668],[-82.22422,35.82587],[-82.224,35.82588],[-82.22293,35.82638]]},"properties":{"net":"sm2695","o":1}},{"type":"Feature","geometry":{"type":"LineString","coordinates":[[-82.24056,35.88193],[-82.24004,35.88236],[-82.2393,35.88326],[-82.23901,35.88382],[-82.238,35.88473],[-82.2379,35.88489],[-82.23768,35.88664],[-82.23716,35.88749],[-82.23733,35.88857],[-82.23723,35.88931],[-82.23728,35.88986],[-82.23683,35.89176],[-82.2373,35.89246],[-82.23742,35.89359],[-82.23739,35.89425],[-82.2378,35.89498],[-82.23771,35.89531],[-82.23736,35.89585],[-82.23695,35.89617],[-82.23661,35.89678],[-82.23651,35.89743],[-82.23628,35.89776],[-82.23626,35.89806]]},"properties":{"net":"sm2618","o":1}},{"type":"Feature","geometry":{"type":"LineString","coordinates":[[-82.23979,35.91443],[-82.23917,35.91431],[-82.23889,35.91398],[-82.23864,35.91384]]},"properties":{"net":"sm2618","o":4}},{"type":"Feature","geometry":{"type":"LineString","coordinates":[[-82.19129,35.97513],[-82.19181,35.97696],[-82.19163,35.97795],[-82.19164,35.97834]]},"properties":{"net":"out","o":6}},{"type":"Feature","geometry":{"type":"LineString","coordinates":[[-82.19255,35.96896],[-82.19178,35.96948],[-82.19131,35.97007],[-82.19129,35.97065],[-82.19164,35.97123],[-82.19158,35.9718]]},"properties":{"net":"out","o":6}},{"type":"Feature","geometry":{"type":"LineString","coordinates":[[-82.19164,35.97834],[-82.19122,35.98093],[-82.19122,35.9814],[-82.1914,35.98193]]},"properties":{"net":"out","o":6}},{"type":"Feature","geometry":{"type":"LineString","coordinates":[[-82.4741,36.16619],[-82.4736,36.16613],[-82.47311,36.16643],[-82.47287,36.16669],[-82.47287,36.16682],[-82.4731,36.16713],[-82.47315,36.16742],[-82.47233,36.16786],[-82.47212,36.16813]]},"properties":{"net":"out","o":4}},{"type":"Feature","geometry":{"type":"LineString","coordinates":[[-82.19058,35.74702],[-82.19138,35.74793],[-82.19166,35.74851],[-82.19175,35.74947],[-82.19169,35.75014]]},"properties":{"net":"sm2670","o":1}},{"type":"Feature","geometry":{"type":"LineString","coordinates":[[-82.19169,35.75014],[-82.19168,35.7508],[-82.19159,35.75108],[-82.19113,35.75174],[-82.1911,35.75212],[-82.19126,35.75295],[-82.19181,35.75375]]},"properties":{"net":"sm2670","o":1}},{"type":"Feature","geometry":{"type":"LineString","coordinates":[[-82.18548,35.76916],[-82.18625,35.76905],[-82.18651,35.76873],[-82.18691,35.76876],[-82.18725,35.7689],[-82.18757,35.76921],[-82.18819,35.76941],[-82.18857,35.76976],[-82.18956,35.77019],[-82.19189,35.77026],[-82.19271,35.76996]]},"properties":{"net":"sm2671","o":3}},{"type":"Feature","geometry":{"type":"LineString","coordinates":[[-82.19271,35.76996],[-82.19298,35.76972],[-82.1934,35.76957]]},"properties":{"net":"sm2670","o":3}},{"type":"Feature","geometry":{"type":"LineString","coordinates":[[-82.20603,35.78146],[-82.20592,35.78141]]},"properties":{"net":"sm2668","o":2}},{"type":"Feature","geometry":{"type":"LineString","coordinates":[[-82.20288,35.80127],[-82.20287,35.80181],[-82.20341,35.80281],[-82.2038,35.8029],[-82.20441,35.80279],[-82.20489,35.80288],[-82.20558,35.8035],[-82.20566,35.80385]]},"properties":{"net":"sm2676","o":4}},{"type":"Feature","geometry":{"type":"LineString","coordinates":[[-82.19734,35.81172],[-82.19725,35.81168]]},"properties":{"net":"sm2689","o":1}},{"type":"Feature","geometry":{"type":"LineString","coordinates":[[-82.19725,35.81168],[-82.19675,35.81233],[-82.19581,35.81305],[-82.19358,35.81437],[-82.1934,35.81435],[-82.19282,35.81457],[-82.19256,35.81472],[-82.19188,35.81551],[-82.19024,35.81633],[-82.18974,35.81732],[-82.18838,35.81886],[-82.18822,35.81923],[-82.18909,35.82038],[-82.18928,35.82131],[-82.18955,35.82169]]},"properties":{"net":"sm2689","o":4}},{"type":"Feature","geometry":{"type":"LineString","coordinates":[[-82.20116,35.88906],[-82.20092,35.88938]]},"properties":{"net":"sm2739","o":1}},{"type":"Feature","geometry":{"type":"LineString","coordinates":[[-82.18827,35.96221],[-82.18944,35.96274],[-82.19004,35.96339],[-82.19035,35.96393],[-82.19031,35.96418],[-82.19044,35.96467],[-82.19095,35.96538],[-82.19131,35.9656],[-82.19284,35.96592],[-82.19361,35.96663]]},"properties":{"net":"out","o":6}},{"type":"Feature","geometry":{"type":"LineString","coordinates":[[-82.1893,36.01243],[-82.18929,36.01258],[-82.18945,36.01289]]},"properties":{"net":"NC6250","o":4}},{"type":"Feature","geometry":{"type":"LineString","coordinates":[[-82.19851,36.09848],[-82.19914,36.09779]]},"properties":{"net":"out","o":4}},{"type":"Feature","geometry":{"type":"LineString","coordinates":[[-82.4767,36.07567],[-82.47679,36.07689]]},"properties":{"net":"out","o":4}},{"type":"Feature","geometry":{"type":"LineString","coordinates":[[-82.46468,36.06685],[-82.46652,36.06736],[-82.46748,36.06729]]},"properties":{"net":"out","o":4}},{"type":"Feature","geometry":{"type":"LineString","coordinates":[[-82.47212,36.101],[-82.47217,36.10141],[-82.47209,36.10187],[-82.47159,36.10314],[-82.47102,36.10377],[-82.47012,36.10428],[-82.46993,36.10534],[-82.46972,36.10571],[-82.46882,36.10647],[-82.4675,36.10728]]},"properties":{"net":"out","o":6}},{"type":"Feature","geometry":{"type":"LineString","coordinates":[[-82.46631,36.10805],[-82.46565,36.10871],[-82.46519,36.10952],[-82.46487,36.11053],[-82.46456,36.111],[-82.46328,36.11183],[-82.46198,36.11302],[-82.46173,36.11337]]},"properties":{"net":"out","o":6}},{"type":"Feature","geometry":{"type":"LineString","coordinates":[[-82.4788,36.16122],[-82.47873,36.16161]]},"properties":{"net":"out","o":4}},{"type":"Feature","geometry":{"type":"LineString","coordinates":[[-82.46121,36.20711],[-82.46187,36.2074],[-82.46333,36.20782],[-82.46351,36.20795]]},"properties":{"net":"out","o":7}},{"type":"Feature","geometry":{"type":"LineString","coordinates":[[-82.45649,36.20501],[-82.45723,36.20571],[-82.45853,36.20601],[-82.45912,36.20629],[-82.45947,36.20662],[-82.45996,36.20668],[-82.46011,36.2068],[-82.46121,36.20711]]},"properties":{"net":"out","o":7}},{"type":"Feature","geometry":{"type":"LineString","coordinates":[[-82.14682,35.88639],[-82.14628,35.88711],[-82.14611,35.8875],[-82.14626,35.88787],[-82.1469,35.88794],[-82.14709,35.88809],[-82.14707,35.88836],[-82.14653,35.88889],[-82.14694,35.88977],[-82.14704,35.8899],[-82.14817,35.89043],[-82.14966,35.89087],[-82.15002,35.89127],[-82.14988,35.89178],[-82.15012,35.89233],[-82.15012,35.89258],[-82.14959,35.89306],[-82.149,35.89332]]},"properties":{"net":"out","o":4}},{"type":"Feature","geometry":{"type":"LineString","coordinates":[[-82.13586,35.93661],[-82.13634,35.93667],[-82.13786,35.9375],[-82.13872,35.93775],[-82.14067,35.93772],[-82.14289,35.93798],[-82.14367,35.9384],[-82.14539,35.93983],[-82.14593,35.94011],[-82.14658,35.94026]]},"properties":{"net":"out","o":5}},{"type":"Feature","geometry":{"type":"LineString","coordinates":[[-82.16298,36.01375],[-82.16309,36.01367]]},"properties":{"net":"NC6250","o":4}},{"type":"Feature","geometry":{"type":"LineString","coordinates":[[-82.45601,35.98446],[-82.4541,35.98431],[-82.45372,35.98448],[-82.45329,35.98439],[-82.45301,35.98407],[-82.45215,35.9839],[-82.45145,35.98397],[-82.45116,35.98447],[-82.45034,35.98472],[-82.44978,35.98463],[-82.44899,35.98435]]},"properties":{"net":"sm2919","o":3}},{"type":"Feature","geometry":{"type":"LineString","coordinates":[[-82.4439,36.004],[-82.44253,36.00333],[-82.44072,36.00186]]},"properties":{"net":"sm2919","o":3}},{"type":"Feature","geometry":{"type":"LineString","coordinates":[[-82.45285,36.00955],[-82.45102,36.00764],[-82.45011,36.0069],[-82.44813,36.00597],[-82.44703,36.00565]]},"properties":{"net":"sm2919","o":1}},{"type":"Feature","geometry":{"type":"LineString","coordinates":[[-82.12903,35.93614],[-82.13035,35.93633],[-82.13147,35.93673]]},"properties":{"net":"out","o":5}},{"type":"Feature","geometry":{"type":"LineString","coordinates":[[-82.13393,36.01244],[-82.13484,36.01264],[-82.13656,36.01231],[-82.13756,36.01247],[-82.13871,36.01233],[-82.13959,36.01245],[-82.14021,36.01285]]},"properties":{"net":"NC6250","o":4}},{"type":"Feature","geometry":{"type":"LineString","coordinates":[[-82.12484,36.01586],[-82.12614,36.01559],[-82.12645,36.01563],[-82.12732,36.01648],[-82.1286,36.01714],[-82.12916,36.0173]]},"properties":{"net":"NC6250","o":4}},{"type":"Feature","geometry":{"type":"LineString","coordinates":[[-82.44487,35.97858],[-82.44347,35.97802],[-82.44205,35.97816],[-82.44159,35.97858],[-82.44101,35.97965],[-82.4397,35.9804],[-82.43902,35.98115],[-82.43767,35.98168],[-82.43651,35.98179]]},"properties":{"net":"sm2919","o":4}},{"type":"Feature","geometry":{"type":"LineString","coordinates":[[-82.45776,36.004],[-82.45715,36.00254],[-82.45691,36.00159],[-82.45673,36.00012],[-82.45683,35.99954],[-82.45655,35.99887],[-82.45608,35.99815],[-82.45588,35.99608],[-82.45605,35.99527],[-82.45596,35.99355]]},"properties":{"net":"sm2919","o":1}},{"type":"Feature","geometry":{"type":"LineString","coordinates":[[-82.4556,36.04104],[-82.45607,36.04126]]},"properties":{"net":"out","o":4}},{"type":"Feature","geometry":{"type":"LineString","coordinates":[[-82.45108,36.0398],[-82.45128,36.03954],[-82.4519,36.03912]]},"properties":{"net":"out","o":4}},{"type":"Feature","geometry":{"type":"LineString","coordinates":[[-82.44412,36.03814],[-82.44422,36.03868]]},"properties":{"net":"out","o":4}},{"type":"Feature","geometry":{"type":"LineString","coordinates":[[-82.63801,36.22821],[-82.63783,36.22769],[-82.63733,36.22695],[-82.63552,36.22553],[-82.635,36.22543],[-82.63464,36.22524],[-82.63452,36.22477],[-82.63412,36.22445]]},"properties":{"net":"out","o":5}},{"type":"Feature","geometry":{"type":"LineString","coordinates":[[-82.62963,36.22795],[-82.63006,36.22761],[-82.63067,36.22754],[-82.63169,36.22696],[-82.63176,36.22675]]},"properties":{"net":"out","o":5}},{"type":"Feature","geometry":{"type":"LineString","coordinates":[[-82.64151,36.28885],[-82.63893,36.28796],[-82.637,36.28673],[-82.63634,36.28618],[-82.63553,36.28577],[-82.63467,36.28553],[-82.63318,36.28567],[-82.6329,36.2855],[-82.63264,36.28514],[-82.63216,36.28477]]},"properties":{"net":"out","o":4}},{"type":"Feature","geometry":{"type":"LineString","coordinates":[[-82.62976,36.27995],[-82.62968,36.27967],[-82.62977,36.27949],[-82.6308,36.27907],[-82.63098,36.27875],[-82.63118,36.27861],[-82.63115,36.27842],[-82.63152,36.27809],[-82.63156,36.27745],[-82.63134,36.27708]]},"properties":{"net":"out","o":5}},{"type":"Feature","geometry":{"type":"LineString","coordinates":[[-82.62888,36.28503],[-82.62879,36.28494],[-82.62881,36.28477],[-82.62955,36.28441]]},"properties":{"net":"out","o":5}},{"type":"Feature","geometry":{"type":"LineString","coordinates":[[-82.6457,36.30581],[-82.64537,36.30562],[-82.64424,36.3046]]},"properties":{"net":"out","o":5}},{"type":"Feature","geometry":{"type":"LineString","coordinates":[[-82.11213,36.01572],[-82.11272,36.01604],[-82.11318,36.0161],[-82.1133,36.01597],[-82.11296,36.01539],[-82.11289,36.01507],[-82.11305,36.01492],[-82.1145,36.01468],[-82.11518,36.01417],[-82.11581,36.01407],[-82.11675,36.01373],[-82.11736,36.01362],[-82.1188,36.01373]]},"properties":{"net":"NC6250","o":4}},{"type":"Feature","geometry":{"type":"LineString","coordinates":[[-82.0199,36.00747],[-82.02003,36.00617],[-82.02025,36.00569],[-82.02046,36.00485],[-82.02033,36.00466]]},"properties":{"net":"NC6575","o":4}},{"type":"Feature","geometry":{"type":"LineString","coordinates":[[-81.99786,35.92433],[-81.99778,35.92416],[-81.99806,35.92358],[-81.9988,35.92254],[-82.00001,35.92189],[-82.0001,35.9214],[-82.00004,35.92121],[-81.99978,35.92093],[-81.99869,35.92022],[-81.9976,35.91973],[-81.99616,35.91923],[-81.99586,35.91891],[-81.99571,35.91849],[-81.99575,35.91825],[-81.99646,35.91786],[-81.99737,35.91761],[-81.9979,35.91767],[-81.99909,35.91806],[-81.9998,35.91815],[-82.00043,35.91837],[-82.0015,35.91849],[-82.00218,35.91847],[-82.00469,35.91811],[-82.00582,35.91785],[-82.00618,35.91786]]},"properties":{"net":"NC6575","o":4}},{"type":"Feature","geometry":{"type":"LineString","coordinates":[[-82.00797,35.9496],[-82.00623,35.94849],[-82.00601,35.94824],[-82.00606,35.94724],[-82.00525,35.94598]]},"properties":{"net":"NC6575","o":4}},{"type":"Feature","geometry":{"type":"LineString","coordinates":[[-82.00139,36.06578],[-82.00169,36.06583]]},"properties":{"net":"NC6622","o":4}},{"type":"Feature","geometry":{"type":"LineString","coordinates":[[-81.99494,36.08591],[-81.99563,36.08436],[-81.99578,36.08355],[-81.99579,36.08034],[-81.99594,36.08025],[-81.99669,36.08037],[-81.99776,36.08072],[-81.99834,36.081],[-81.9993,36.08169],[-82.0,36.08189],[-82.00121,36.08201],[-82.00173,36.08193],[-82.00208,36.08172],[-82.00214,36.08118],[-82.00225,36.08109],[-82.00231,36.08079]]},"properties":{"net":"NC6622","o":4}},{"type":"Feature","geometry":{"type":"LineString","coordinates":[[-82.76306,36.07389],[-82.76311,36.07424]]},"properties":{"net":"out","o":4}},{"type":"Feature","geometry":{"type":"LineString","coordinates":[[-82.76397,36.08506],[-82.76385,36.08537],[-82.76393,36.0858],[-82.76387,36.08611],[-82.76413,36.08643],[-82.76414,36.08695],[-82.76332,36.08708],[-82.76221,36.08681]]},"properties":{"net":"out","o":4}},{"type":"Feature","geometry":{"type":"LineString","coordinates":[[-82.76983,36.11926],[-82.77049,36.11955],[-82.77103,36.12016],[-82.77118,36.12093],[-82.7713,36.12222],[-82.77123,36.1224]]},"properties":{"net":"out","o":7}},{"type":"Feature","geometry":{"type":"LineString","coordinates":[[-81.93286,36.072],[-81.93098,36.07215],[-81.92936,36.07185],[-81.92841,36.07108],[-81.92758,36.07108],[-81.92724,36.07093],[-81.92696,36.07061],[-81.92677,36.07001],[-81.9266,36.06979],[-81.92613,36.06969],[-81.92501,36.06902],[-81.92404,36.06891]]},"properties":{"net":"NC3237","o":1}},{"type":"Feature","geometry":{"type":"LineString","coordinates":[[-82.07907,35.91979],[-82.07951,35.92006],[-82.07983,35.92053],[-82.07954,35.92187],[-82.07955,35.92378],[-82.0797,35.92445],[-82.07988,35.9249],[-82.08018,35.92526],[-82.0815,35.9263]]},"properties":{"net":"NC6575","o":5}},{"type":"Feature","geometry":{"type":"LineString","coordinates":[[-81.99428,35.9377],[-81.99347,35.93759],[-81.99333,35.93739],[-81.99332,35.93692],[-81.99316,35.93668]]},"properties":{"net":"NC6575","o":4}},{"type":"Feature","geometry":{"type":"LineString","coordinates":[[-81.94744,36.08564],[-81.94789,36.08577],[-81.94808,36.08608],[-81.94805,36.08673],[-81.94785,36.08755],[-81.94848,36.08781],[-81.9486,36.08796],[-81.94811,36.08959],[-81.94858,36.09149],[-81.94864,36.09265],[-81.94849,36.09356],[-81.94826,36.09378],[-81.94748,36.09403],[-81.94735,36.09416],[-81.94736,36.09435],[-81.94767,36.0949],[-81.94771,36.09526],[-81.94744,36.09569],[-81.94684,36.09627],[-81.94672,36.09652]]},"properties":{"net":"NC6622","o":4}},{"type":"Feature","geometry":{"type":"LineString","coordinates":[[-81.94672,36.09652],[-81.94688,36.09689],[-81.94719,36.09695],[-81.94909,36.09562],[-81.95028,36.09493],[-81.95075,36.0945],[-81.95109,36.09437],[-81.95137,36.09446],[-81.95152,36.09467],[-81.9516,36.09554],[-81.95185,36.09602],[-81.95257,36.09616],[-81.95314,36.09604]]},"properties":{"net":"NC6622","o":4}},{"type":"Feature","geometry":{"type":"LineString","coordinates":[[-82.08844,36.10331],[-82.08976,36.10325],[-82.09054,36.10299],[-82.09154,36.10245],[-82.09263,36.10135],[-82.09418,36.0992],[-82.09498,36.09852]]},"properties":{"net":"sm8025192","o":1}},{"type":"Feature","geometry":{"type":"LineString","coordinates":[[-83.24623,36.12419],[-83.24637,36.12395],[-83.24655,36.12288],[-83.24639,36.12143],[-83.24583,36.11989],[-83.24483,36.11838]]},"properties":{"net":"out","o":7}},{"type":"Feature","geometry":{"type":"LineString","coordinates":[[-83.23964,36.12654],[-83.24064,36.12675],[-83.24193,36.12683]]},"properties":{"net":"out","o":7}},{"type":"Feature","geometry":{"type":"LineString","coordinates":[[-83.16119,36.14887],[-83.16178,36.14866],[-83.16262,36.14871],[-83.16428,36.14903],[-83.16515,36.14889],[-83.16549,36.14897],[-83.16595,36.14947],[-83.16625,36.15054]]},"properties":{"net":"out","o":7}},{"type":"Feature","geometry":{"type":"LineString","coordinates":[[-83.15355,36.1454],[-83.15427,36.14594],[-83.15627,36.14695],[-83.15785,36.14752],[-83.15961,36.14836],[-83.16119,36.14887]]},"properties":{"net":"out","o":7}},{"type":"Feature","geometry":{"type":"LineString","coordinates":[[-83.15007,36.16981],[-83.15059,36.16959],[-83.15148,36.16892],[-83.15181,36.16882],[-83.15233,36.16894],[-83.15275,36.16971],[-83.15381,36.17065],[-83.15427,36.17222],[-83.15487,36.17281]]},"properties":{"net":"out","o":6}},{"type":"Feature","geometry":{"type":"LineString","coordinates":[[-83.16787,36.17077],[-83.16811,36.17098],[-83.1683,36.17172],[-83.16872,36.1722],[-83.16884,36.17304],[-83.16872,36.17378],[-83.16818,36.17509],[-83.16769,36.17583],[-83.16589,36.17787]]},"properties":{"net":"out","o":7}},{"type":"Feature","geometry":{"type":"LineString","coordinates":[[-83.16536,36.1794],[-83.16552,36.18007],[-83.16604,36.1807],[-83.16724,36.18162],[-83.16823,36.1822],[-83.16942,36.1824],[-83.17012,36.18226],[-83.17082,36.1819]]},"properties":{"net":"out","o":7}},{"type":"Feature","geometry":{"type":"LineString","coordinates":[[-83.2206,36.15144],[-83.22174,36.15121],[-83.22258,36.15079],[-83.2229,36.15076],[-83.22479,36.14957]]},"properties":{"net":"out","o":7}},{"type":"Feature","geometry":{"type":"LineString","coordinates":[[-82.31567,35.89351],[-82.31541,35.89371]]},"properties":{"net":"NC3200","o":4}},{"type":"Feature","geometry":{"type":"LineString","coordinates":[[-83.16463,36.1872],[-83.16543,36.18694],[-83.16578,36.18673],[-83.16644,36.18604],[-83.16725,36.18581],[-83.16761,36.18559],[-83.16772,36.18546],[-83.16789,36.18476],[-83.16847,36.18439]]},"properties":{"net":"out","o":4}},{"type":"Feature","geometry":{"type":"LineString","coordinates":[[-83.15487,36.17281],[-83.15545,36.17321],[-83.15592,36.17341],[-83.15738,36.1736],[-83.15787,36.17391]]},"properties":{"net":"out","o":6}},{"type":"Feature","geometry":{"type":"LineString","coordinates":[[-83.21016,36.14454],[-83.21037,36.14458],[-83.21064,36.14432]]},"properties":{"net":"out","o":7}},{"type":"Feature","geometry":{"type":"LineString","coordinates":[[-82.31947,35.8731],[-82.31948,35.87332],[-82.31977,35.87371],[-82.32002,35.87432],[-82.32029,35.8746],[-82.32065,35.87486],[-82.3214,35.87513]]},"properties":{"net":"NC3200","o":4}},{"type":"Feature","geometry":{"type":"LineString","coordinates":[[-82.32001,35.88327],[-82.31992,35.8831]]},"properties":{"net":"NC3200","o":4}},{"type":"Feature","geometry":{"type":"LineString","coordinates":[[-82.331,35.94783],[-82.32979,35.94869],[-82.32926,35.94961],[-82.32906,35.94979]]},"properties":{"net":"out","o":4}},{"type":"Feature","geometry":{"type":"LineString","coordinates":[[-82.32842,35.95002],[-82.32736,35.95048],[-82.32704,35.95075],[-82.32677,35.95121],[-82.32608,35.95159]]},"properties":{"net":"out","o":4}},{"type":"Feature","geometry":{"type":"LineString","coordinates":[[-82.32199,35.95492],[-82.32175,35.95555]]},"properties":{"net":"out","o":4}},{"type":"Feature","geometry":{"type":"LineString","coordinates":[[-82.3199,36.01248],[-82.31971,36.01291],[-82.31924,36.01341],[-82.31886,36.01405],[-82.31876,36.01473],[-82.31899,36.01536]]},"properties":{"net":"sm2930","o":1}},{"type":"Feature","geometry":{"type":"LineString","coordinates":[[-82.3169,36.01386],[-82.31718,36.01419],[-82.31817,36.01499],[-82.31899,36.01536]]},"properties":{"net":"sm2930","o":3}},{"type":"Feature","geometry":{"type":"LineString","coordinates":[[-82.31132,36.01222],[-82.31231,36.01179],[-82.31439,36.01137]]},"properties":{"net":"sm2930","o":1}},{"type":"Feature","geometry":{"type":"LineString","coordinates":[[-82.31122,36.01476],[-82.31119,36.01438],[-82.31141,36.01408],[-82.31204,36.0141],[-82.3127,36.01394],[-82.31327,36.01351],[-82.31363,36.01303],[-82.31442,36.01259],[-82.31531,36.01247],[-82.31555,36.01224],[-82.31585,36.01224]]},"properties":{"net":"sm2930","o":1}},{"type":"Feature","geometry":{"type":"LineString","coordinates":[[-82.31388,36.02567],[-82.3141,36.02573],[-82.31457,36.0256]]},"properties":{"net":"out","o":6}},{"type":"Feature","geometry":{"type":"LineString","coordinates":[[-83.11227,36.23864],[-83.11263,36.23841],[-83.11269,36.23827],[-83.11264,36.23805],[-83.11235,36.23766],[-83.11154,36.2371],[-83.11154,36.23656],[-83.11115,36.23545],[-83.11116,36.23525]]},"properties":{"net":"out","o":4}},{"type":"Feature","geometry":{"type":"LineString","coordinates":[[-83.15726,36.19678],[-83.15831,36.19576],[-83.1584,36.19548],[-83.15817,36.1952]]},"properties":{"net":"out","o":4}},{"type":"Feature","geometry":{"type":"LineString","coordinates":[[-83.15428,36.19883],[-83.15516,36.19881],[-83.15541,36.19865],[-83.15612,36.19769],[-83.15726,36.19678]]},"properties":{"net":"out","o":4}},{"type":"Feature","geometry":{"type":"LineString","coordinates":[[-83.1737,36.12282],[-83.17482,36.12409],[-83.17511,36.12461],[-83.17538,36.12583],[-83.17577,36.12638]]},"properties":{"net":"out","o":4}},{"type":"Feature","geometry":{"type":"LineString","coordinates":[[-83.17082,36.1819],[-83.1723,36.18091],[-83.17275,36.18067],[-83.17347,36.18046]]},"properties":{"net":"out","o":7}},{"type":"Feature","geometry":{"type":"LineString","coordinates":[[-82.3126,36.03122],[-82.31253,36.03085],[-82.31259,36.0305],[-82.31215,36.02998],[-82.31217,36.02984],[-82.31188,36.02944]]},"properties":{"net":"out","o":6}},{"type":"Feature","geometry":{"type":"LineString","coordinates":[[-82.31164,36.02902],[-82.31143,36.02795],[-82.31168,36.02682],[-82.31207,36.02643],[-82.31278,36.02601],[-82.31388,36.02567]]},"properties":{"net":"out","o":6}},{"type":"Feature","geometry":{"type":"LineString","coordinates":[[-83.07006,36.27498],[-83.07024,36.27478],[-83.07026,36.27429],[-83.06972,36.27264],[-83.06971,36.27201],[-83.06945,36.27117],[-83.06944,36.27071],[-83.06962,36.27029],[-83.07033,36.2697]]},"properties":{"net":"out","o":4}},{"type":"Feature","geometry":{"type":"LineString","coordinates":[[-83.08741,36.15347],[-83.08912,36.15334],[-83.0896,36.15322],[-83.09009,36.15327],[-83.09156,36.15285],[-83.09204,36.15292]]},"properties":{"net":"out","o":6}},{"type":"Feature","geometry":{"type":"LineString","coordinates":[[-83.0674,36.09196],[-83.06799,36.09256],[-83.068,36.09274]]},"properties":{"net":"out","o":5}},{"type":"Feature","geometry":{"type":"LineString","coordinates":[[-83.08323,36.15227],[-83.08435,36.15243],[-83.08538,36.15301],[-83.08573,36.15308],[-83.08617,36.15342],[-83.08741,36.15347]]},"properties":{"net":"out","o":6}},{"type":"Feature","geometry":{"type":"LineString","coordinates":[[-83.07787,36.15178],[-83.07854,36.15169]]},"properties":{"net":"out","o":6}},{"type":"Feature","geometry":{"type":"LineString","coordinates":[[-83.07005,36.03786],[-83.07132,36.0386]]},"properties":{"net":"out","o":4}},{"type":"Feature","geometry":{"type":"LineString","coordinates":[[-83.08077,36.05643],[-83.08033,36.05645],[-83.08007,36.05686],[-83.08045,36.05754],[-83.07987,36.05893],[-83.07957,36.05938]]},"properties":{"net":"out","o":5}},{"type":"Feature","geometry":{"type":"LineString","coordinates":[[-83.07667,36.06295],[-83.07611,36.0631]]},"properties":{"net":"out","o":5}},{"type":"Feature","geometry":{"type":"LineString","coordinates":[[-82.24041,35.72815],[-82.2392,35.73],[-82.23798,35.73102]]},"properties":{"net":"sm2660","o":3}},{"type":"Feature","geometry":{"type":"LineString","coordinates":[[-82.23344,35.92034],[-82.23358,35.91975],[-82.23416,35.91885],[-82.23423,35.91857],[-82.23456,35.91839],[-82.23477,35.91757],[-82.23523,35.91729],[-82.23601,35.91716],[-82.23619,35.91701],[-82.23707,35.91546],[-82.23729,35.91524],[-82.23778,35.91508]]},"properties":{"net":"sm2618","o":2}},{"type":"Feature","geometry":{"type":"LineString","coordinates":[[-82.23893,35.90705],[-82.238,35.90761],[-82.23762,35.90847],[-82.23729,35.90876],[-82.2366,35.90893],[-82.23641,35.90915],[-82.23512,35.90943],[-82.23483,35.90977],[-82.23461,35.91045],[-82.23437,35.91079],[-82.23273,35.91103]]},"properties":{"net":"sm2618","o":1}},{"type":"Feature","geometry":{"type":"LineString","coordinates":[[-82.23383,35.91138],[-82.23273,35.91103]]},"properties":{"net":"sm2618","o":4}},{"type":"Feature","geometry":{"type":"LineString","coordinates":[[-82.23011,36.03898],[-82.22968,36.03703]]},"properties":{"net":"out","o":5}},{"type":"Feature","geometry":{"type":"LineString","coordinates":[[-82.22959,36.03505],[-82.22965,36.03491],[-82.23026,36.03473],[-82.2307,36.03465],[-82.23119,36.03471],[-82.23172,36.03504],[-82.23226,36.03563],[-82.23287,36.03598],[-82.23335,36.03586]]},"properties":{"net":"out","o":5}},{"type":"Feature","geometry":{"type":"LineString","coordinates":[[-83.32922,36.0942],[-83.32701,36.09518],[-83.32648,36.09567],[-83.32605,36.09571],[-83.32419,36.09641],[-83.32374,36.09644],[-83.32359,36.09657],[-83.32325,36.09648],[-83.32243,36.09669],[-83.32237,36.09701],[-83.32248,36.09757],[-83.322,36.09809],[-83.32186,36.09919],[-83.32162,36.09939]]},"properties":{"net":"out","o":4}},{"type":"Feature","geometry":{"type":"LineString","coordinates":[[-82.40709,36.12951],[-82.40837,36.12963]]},"properties":{"net":"out","o":4}},{"type":"Feature","geometry":{"type":"LineString","coordinates":[[-82.40153,36.16353],[-82.4032,36.16306],[-82.40338,36.16289]]},"properties":{"net":"out","o":6}},{"type":"Feature","geometry":{"type":"LineString","coordinates":[[-82.39633,36.16763],[-82.39834,36.16617],[-82.39857,36.16585]]},"properties":{"net":"out","o":6}},{"type":"Feature","geometry":{"type":"LineString","coordinates":[[-82.4111,36.21407],[-82.41196,36.21338],[-82.41337,36.21131]]},"properties":{"net":"out","o":5}},{"type":"Feature","geometry":{"type":"LineString","coordinates":[[-82.40669,36.22247],[-82.40703,36.22149],[-82.40794,36.22041]]},"properties":{"net":"out","o":4}},{"type":"Feature","geometry":{"type":"LineString","coordinates":[[-83.28558,36.11679],[-83.28469,36.11656],[-83.28421,36.11681],[-83.28144,36.11769],[-83.28,36.11844],[-83.27947,36.11891],[-83.27869,36.11899],[-83.27688,36.11957]]},"properties":{"net":"out","o":4}},{"type":"Feature","geometry":{"type":"LineString","coordinates":[[-82.37237,36.07428],[-82.37259,36.07409],[-82.37286,36.07358],[-82.37317,36.07336],[-82.37353,36.07261],[-82.37425,36.07193],[-82.37433,36.07173],[-82.37542,36.07114]]},"properties":{"net":"out","o":7}},{"type":"Feature","geometry":{"type":"LineString","coordinates":[[-82.37552,36.19019],[-82.37652,36.18918]]},"properties":{"net":"out","o":6}},{"type":"Feature","geometry":{"type":"LineString","coordinates":[[-83.26396,36.13005],[-83.26375,36.13032],[-83.26275,36.13078],[-83.26222,36.13119],[-83.2615,36.13207],[-83.26035,36.13305],[-83.26012,36.13387],[-83.26003,36.13525]]},"properties":{"net":"out","o":4}},{"type":"Feature","geometry":{"type":"LineString","coordinates":[[-83.0133,36.09363],[-83.01517,36.09421],[-83.01584,36.09429],[-83.01603,36.09449],[-83.0169,36.09469],[-83.01705,36.09485],[-83.01748,36.09501],[-83.02214,36.09552],[-83.02297,36.09543],[-83.02369,36.09518],[-83.02506,36.09436],[-83.02571,36.09371]]},"properties":{"net":"out","o":7}},{"type":"Feature","geometry":{"type":"LineString","coordinates":[[-83.01009,36.09063],[-83.01186,36.09158],[-83.01255,36.09204],[-83.01278,36.09236]]},"properties":{"net":"out","o":7}},{"type":"Feature","geometry":{"type":"LineString","coordinates":[[-83.02507,36.12182],[-83.02493,36.12131],[-83.02465,36.12087]]},"properties":{"net":"out","o":5}},{"type":"Feature","geometry":{"type":"LineString","coordinates":[[-83.0014,36.19733],[-83.00252,36.1975],[-83.00352,36.19783]]},"properties":{"net":"out","o":6}},{"type":"Feature","geometry":{"type":"LineString","coordinates":[[-82.98251,36.20889],[-82.98271,36.20855],[-82.98328,36.20818],[-82.98395,36.20796],[-82.98435,36.208],[-82.98458,36.20825],[-82.98453,36.20903],[-82.98479,36.20922]]},"properties":{"net":"out","o":6}},{"type":"Feature","geometry":{"type":"LineString","coordinates":[[-82.97077,36.23823],[-82.97056,36.23788],[-82.9706,36.23739],[-82.97044,36.23629],[-82.97053,36.2359]]},"properties":{"net":"out","o":4}},{"type":"Feature","geometry":{"type":"LineString","coordinates":[[-82.97514,36.06592],[-82.97559,36.06543],[-82.97578,36.06433],[-82.97639,36.06393],[-82.97912,36.06333],[-82.98003,36.06303]]},"properties":{"net":"out","o":7}},{"type":"Feature","geometry":{"type":"LineString","coordinates":[[-82.9728,36.2142],[-82.974,36.21408],[-82.97476,36.21388],[-82.97606,36.21319],[-82.9764,36.21311]]},"properties":{"net":"out","o":6}},{"type":"Feature","geometry":{"type":"LineString","coordinates":[[-82.97013,36.21993],[-82.96909,36.21888],[-82.96839,36.21851],[-82.96816,36.21827],[-82.96815,36.21805],[-82.96866,36.21747]]},"properties":{"net":"out","o":6}},{"type":"Feature","geometry":{"type":"LineString","coordinates":[[-82.79908,36.32217],[-82.79913,36.32194],[-82.79876,36.32147]]},"properties":{"net":"out","o":6}},{"type":"Feature","geometry":{"type":"LineString","coordinates":[[-82.79412,36.25352],[-82.79435,36.2532],[-82.79487,36.25289],[-82.79656,36.25286],[-82.79699,36.25265],[-82.79802,36.25255],[-82.79874,36.25203],[-82.79912,36.25158],[-82.79915,36.25139]]},"properties":{"net":"out","o":4}},{"type":"Feature","geometry":{"type":"LineString","coordinates":[[-82.79991,36.33747],[-82.79984,36.33716],[-82.80004,36.33667],[-82.80034,36.33641],[-82.8009,36.33617]]},"properties":{"net":"out","o":4}},{"type":"Feature","geometry":{"type":"LineString","coordinates":[[-82.79918,36.33151],[-82.79909,36.33108],[-82.7996,36.33029]]},"properties":{"net":"out","o":4}},{"type":"Feature","geometry":{"type":"LineString","coordinates":[[-82.79913,36.32223],[-82.79908,36.32217]]},"properties":{"net":"out","o":4}},{"type":"Feature","geometry":{"type":"LineString","coordinates":[[-82.90383,36.11185],[-82.90558,36.11089],[-82.90607,36.11084],[-82.90627,36.11104],[-82.90651,36.11092],[-82.90677,36.11046],[-82.90673,36.11034],[-82.90718,36.10995],[-82.90718,36.10984],[-82.90699,36.10979],[-82.90692,36.10963],[-82.90728,36.10953],[-82.90735,36.10916],[-82.90764,36.10876],[-82.90896,36.10764]]},"properties":{"net":"out","o":4}},{"type":"Feature","geometry":{"type":"LineString","coordinates":[[-82.90836,36.15444],[-82.91101,36.15823]]},"properties":{"net":"out","o":4}},{"type":"Feature","geometry":{"type":"LineString","coordinates":[[-82.89981,36.16446],[-82.90054,36.16393],[-82.90058,36.16333],[-82.90137,36.16211]]},"properties":{"net":"out","o":4}},{"type":"Feature","geometry":{"type":"LineString","coordinates":[[-82.78359,36.3137],[-82.78393,36.31427],[-82.78391,36.31482],[-82.78374,36.31515]]},"properties":{"net":"out","o":5}},{"type":"Feature","geometry":{"type":"LineString","coordinates":[[-82.7825,36.30473],[-82.7827,36.30687],[-82.78268,36.30856],[-82.78255,36.30916],[-82.78217,36.3096]]},"properties":{"net":"out","o":5}},{"type":"Feature","geometry":{"type":"LineString","coordinates":[[-82.78872,36.32193],[-82.78935,36.32284],[-82.78991,36.32305],[-82.79055,36.32377],[-82.79195,36.32407],[-82.79279,36.32495],[-82.79326,36.32515],[-82.79361,36.32519],[-82.79404,36.32492]]},"properties":{"net":"out","o":6}},{"type":"Feature","geometry":{"type":"LineString","coordinates":[[-82.78556,36.33344],[-82.78531,36.33289]]},"properties":{"net":"out","o":4}},{"type":"Feature","geometry":{"type":"LineString","coordinates":[[-82.78379,36.33157],[-82.7835,36.33121],[-82.78341,36.33081],[-82.78319,36.33064],[-82.7832,36.33011],[-82.78289,36.32919]]},"properties":{"net":"out","o":4}},{"type":"Feature","geometry":{"type":"LineString","coordinates":[[-82.77256,36.33192],[-82.77284,36.33175],[-82.77382,36.33186],[-82.77491,36.33162],[-82.77564,36.33159],[-82.7769,36.33116],[-82.7775,36.33083],[-82.77801,36.33052],[-82.77831,36.33009],[-82.77871,36.32991],[-82.77946,36.33],[-82.77982,36.32979],[-82.78004,36.32981],[-82.78096,36.33078],[-82.78146,36.3308],[-82.78201,36.3305],[-82.78223,36.32951],[-82.78282,36.32913]]},"properties":{"net":"out","o":6}},{"type":"Feature","geometry":{"type":"LineString","coordinates":[[-82.78511,36.33925],[-82.7853,36.33885]]},"properties":{"net":"out","o":4}},{"type":"Feature","geometry":{"type":"LineString","coordinates":[[-82.78036,36.34594],[-82.78056,36.34564],[-82.78083,36.34573],[-82.78127,36.34568],[-82.78271,36.34501],[-82.78322,36.34463],[-82.78356,36.34406],[-82.7838,36.34387]]},"properties":{"net":"out","o":4}},{"type":"Feature","geometry":{"type":"LineString","coordinates":[[-82.8961,36.05583],[-82.89661,36.05549],[-82.89698,36.05362]]},"properties":{"net":"out","o":7}},{"type":"Feature","geometry":{"type":"LineString","coordinates":[[-82.88753,36.12365],[-82.88823,36.12446],[-82.88843,36.1246],[-82.88861,36.12459],[-82.89263,36.12216],[-82.89298,36.12179],[-82.89314,36.12124],[-82.89345,36.12085],[-82.89369,36.12077]]},"properties":{"net":"out","o":4}},{"type":"Feature","geometry":{"type":"LineString","coordinates":[[-82.88625,36.19403],[-82.88443,36.19376],[-82.88351,36.1934],[-82.88165,36.19408],[-82.88146,36.19402],[-82.88122,36.19366]]},"properties":{"net":"out","o":4}},{"type":"Feature","geometry":{"type":"LineString","coordinates":[[-82.89231,36.22236],[-82.8929,36.22254]]},"properties":{"net":"out","o":5}},{"type":"Feature","geometry":{"type":"LineString","coordinates":[[-82.89935,36.16636],[-82.89916,36.16548]]},"properties":{"net":"out","o":4}},{"type":"Feature","geometry":{"type":"LineString","coordinates":[[-82.89292,36.25542],[-82.89301,36.25532]]},"properties":{"net":"out","o":4}},{"type":"Feature","geometry":{"type":"LineString","coordinates":[[-82.89139,36.26842],[-82.89171,36.26789],[-82.89214,36.26764]]},"properties":{"net":"out","o":4}},{"type":"Feature","geometry":{"type":"LineString","coordinates":[[-82.87104,36.25412],[-82.87091,36.25374],[-82.87053,36.25334],[-82.87048,36.25312],[-82.87056,36.25291],[-82.87099,36.25278],[-82.87192,36.25291],[-82.87222,36.25273],[-82.8724,36.25221],[-82.87272,36.25192],[-82.87311,36.25207],[-82.87389,36.25281],[-82.87416,36.2528],[-82.87467,36.2525],[-82.87489,36.25252],[-82.87515,36.25284],[-82.87524,36.25357],[-82.87542,36.25369],[-82.87565,36.25368]]},"properties":{"net":"out","o":6}},{"type":"Feature","geometry":{"type":"LineString","coordinates":[[-82.85922,36.24947],[-82.8591,36.24861],[-82.85966,36.24799],[-82.85982,36.24798],[-82.86003,36.24817],[-82.86049,36.24832],[-82.86066,36.24825],[-82.86084,36.24782],[-82.86109,36.24765],[-82.8617,36.24748],[-82.86249,36.24741],[-82.86283,36.24752],[-82.86292,36.24797],[-82.8636,36.24813],[-82.86499,36.24712]]},"properties":{"net":"out","o":4}},{"type":"Feature","geometry":{"type":"LineString","coordinates":[[-83.05813,36.07094],[-83.05865,36.07133],[-83.05929,36.07201],[-83.05895,36.07277],[-83.05896,36.07291],[-83.05911,36.0731],[-83.05935,36.07405],[-83.06002,36.07582]]},"properties":{"net":"out","o":4}},{"type":"Feature","geometry":{"type":"LineString","coordinates":[[-82.86025,36.0726],[-82.86049,36.07119],[-82.86075,36.07103],[-82.86083,36.07057],[-82.86124,36.07001],[-82.86155,36.06853],[-82.86207,36.06812],[-82.86237,36.06743],[-82.86306,36.0666]]},"properties":{"net":"out","o":7}},{"type":"Feature","geometry":{"type":"LineString","coordinates":[[-82.85543,36.07401],[-82.85573,36.07383],[-82.85686,36.07388],[-82.85761,36.07346],[-82.85884,36.07321],[-82.86024,36.07266]]},"properties":{"net":"out","o":4}},{"type":"Feature","geometry":{"type":"LineString","coordinates":[[-82.87882,36.19429],[-82.87846,36.19449],[-82.87829,36.1957]]},"properties":{"net":"out","o":4}},{"type":"Feature","geometry":{"type":"LineString","coordinates":[[-82.87829,36.1957],[-82.87797,36.19578],[-82.87781,36.19597],[-82.87745,36.19614],[-82.87729,36.1964],[-82.87753,36.19678],[-82.87764,36.19826],[-82.8776,36.19884]]},"properties":{"net":"out","o":4}},{"type":"Feature","geometry":{"type":"LineString","coordinates":[[-83.04717,36.06053],[-83.04746,36.06085],[-83.048,36.06101],[-83.04924,36.06236]]},"properties":{"net":"out","o":4}},{"type":"Feature","geometry":{"type":"LineString","coordinates":[[-83.06,36.07606],[-83.06093,36.07733],[-83.06115,36.07786],[-83.06111,36.07811],[-83.06086,36.07826],[-83.06009,36.0785],[-83.05994,36.07885],[-83.06064,36.08004],[-83.06083,36.08135]]},"properties":{"net":"out","o":5}},{"type":"Feature","geometry":{"type":"LineString","coordinates":[[-83.06237,36.20247],[-83.062,36.20221],[-83.06087,36.20232],[-83.05699,36.20139],[-83.05585,36.20138]]},"properties":{"net":"out","o":4}},{"type":"Feature","geometry":{"type":"LineString","coordinates":[[-83.01949,36.20227],[-83.02059,36.20254],[-83.02121,36.20286],[-83.02209,36.20357],[-83.02241,36.20407],[-83.02266,36.20467],[-83.02274,36.2053],[-83.0227,36.20709],[-83.02291,36.20901]]},"properties":{"net":"out","o":6}},{"type":"Feature","geometry":{"type":"LineString","coordinates":[[-83.02405,36.22659],[-83.02415,36.22644]]},"properties":{"net":"out","o":4}},{"type":"Feature","geometry":{"type":"LineString","coordinates":[[-82.82151,36.09329],[-82.8215,36.09311],[-82.82198,36.09266],[-82.82231,36.09208],[-82.82251,36.09196]]},"properties":{"net":"out","o":7}},{"type":"Feature","geometry":{"type":"LineString","coordinates":[[-82.82316,36.22791],[-82.82339,36.22788],[-82.82395,36.22682]]},"properties":{"net":"out","o":5}},{"type":"Feature","geometry":{"type":"LineString","coordinates":[[-82.82234,36.30103],[-82.82314,36.30056],[-82.82346,36.30027],[-82.82374,36.29976],[-82.82409,36.29947],[-82.825,36.29928],[-82.82626,36.29885],[-82.82876,36.29867]]},"properties":{"net":"out","o":6}},{"type":"Feature","geometry":{"type":"LineString","coordinates":[[-82.81816,36.31347],[-82.81821,36.3131],[-82.81837,36.31301],[-82.81903,36.31308],[-82.81934,36.3129],[-82.81948,36.31259],[-82.82002,36.31211],[-82.82048,36.31184],[-82.82094,36.31181],[-82.82133,36.31164],[-82.82129,36.3111]]},"properties":{"net":"out","o":6}},{"type":"Feature","geometry":{"type":"LineString","coordinates":[[-82.83626,36.35551],[-82.83642,36.35487],[-82.83681,36.35454]]},"properties":{"net":"out","o":4}},{"type":"Feature","geometry":{"type":"LineString","coordinates":[[-82.80245,36.01897],[-82.80318,36.01891],[-82.80404,36.01906]]},"properties":{"net":"out","o":4}},{"type":"Feature","geometry":{"type":"LineString","coordinates":[[-82.80483,36.10142],[-82.80502,36.10008],[-82.80471,36.09925],[-82.80437,36.09863]]},"properties":{"net":"out","o":7}},{"type":"Feature","geometry":{"type":"LineString","coordinates":[[-82.79764,36.10859],[-82.79777,36.10864],[-82.79889,36.10819],[-82.79907,36.10821],[-82.80038,36.10742],[-82.80113,36.10675]]},"properties":{"net":"out","o":7}},{"type":"Feature","geometry":{"type":"LineString","coordinates":[[-82.80605,36.23901],[-82.80655,36.2387],[-82.8073,36.23798],[-82.80765,36.23737],[-82.80818,36.23696],[-82.80818,36.23669],[-82.8084,36.23664],[-82.80855,36.23673],[-82.80871,36.23634],[-82.8086,36.23623],[-82.80875,36.23609],[-82.80856,36.23594],[-82.80857,36.23579],[-82.80935,36.23497]]},"properties":{"net":"out","o":4}},{"type":"Feature","geometry":{"type":"LineString","coordinates":[[-83.12235,36.08765],[-83.1229,36.08881],[-83.12249,36.08995]]},"properties":{"net":"out","o":4}},{"type":"Feature","geometry":{"type":"LineString","coordinates":[[-83.12978,36.12264],[-83.12976,36.12277],[-83.12991,36.12294]]},"properties":{"net":"out","o":4}},{"type":"Feature","geometry":{"type":"LineString","coordinates":[[-83.10489,36.11987],[-83.10725,36.1185],[-83.10811,36.11773],[-83.1082,36.11749],[-83.10864,36.11703],[-83.10905,36.11672],[-83.11019,36.11507],[-83.11064,36.11408],[-83.11071,36.11365],[-83.11098,36.11323]]},"properties":{"net":"out","o":7}},{"type":"Feature","geometry":{"type":"LineString","coordinates":[[-83.11677,36.14118],[-83.11777,36.14103],[-83.1183,36.14083],[-83.11866,36.14059],[-83.11891,36.14018],[-83.11918,36.13888],[-83.11955,36.13794]]},"properties":{"net":"out","o":6}},{"type":"Feature","geometry":{"type":"LineString","coordinates":[[-83.1374,36.10875],[-83.13727,36.10909],[-83.13731,36.10962],[-83.13719,36.10992],[-83.1373,36.11036],[-83.13802,36.11055],[-83.1384,36.11076],[-83.13928,36.11235],[-83.14027,36.11261],[-83.14062,36.11297],[-83.14108,36.11309],[-83.14114,36.11382],[-83.14123,36.11394],[-83.14149,36.11394],[-83.14156,36.11413],[-83.14136,36.11439],[-83.14135,36.11483],[-83.14072,36.115],[-83.14075,36.11557],[-83.13976,36.11743],[-83.13813,36.11874],[-83.13743,36.11907],[-83.1368,36.11908],[-83.13503,36.11871],[-83.1347,36.11875],[-83.13319,36.11927],[-83.13283,36.11927],[-83.13271,36.11941],[-83.13281,36.11969],[-83.13272,36.12016],[-83.13236,36.12077],[-83.13217,36.12091],[-83.13187,36.12096],[-83.13132,36.1209],[-83.13088,36.12154],[-83.12978,36.12264]]},"properties":{"net":"out","o":4}},{"type":"Feature","geometry":{"type":"LineString","coordinates":[[-83.13665,36.12843],[-83.13686,36.12897],[-83.13788,36.12987],[-83.13808,36.13052],[-83.13788,36.13095],[-83.13757,36.13123]]},"properties":{"net":"out","o":7}},{"type":"Feature","geometry":{"type":"LineString","coordinates":[[-83.14323,36.1658],[-83.14387,36.16576],[-83.14475,36.16535],[-83.14538,36.16542],[-83.14604,36.16574],[-83.14759,36.16677],[-83.1483,36.16739],[-83.14843,36.16766],[-83.14821,36.16871],[-83.14843,36.16903],[-83.14943,36.16975],[-83.15007,36.16981]]},"properties":{"net":"out","o":6}},{"type":"Feature","geometry":{"type":"LineString","coordinates":[[-83.14152,36.15537],[-83.14149,36.15542]]},"properties":{"net":"out","o":6}},{"type":"Feature","geometry":{"type":"LineString","coordinates":[[-83.14171,36.15481],[-83.14152,36.15504],[-83.14152,36.15537]]},"properties":{"net":"out","o":6}},{"type":"Feature","geometry":{"type":"LineString","coordinates":[[-83.11099,36.14161],[-83.11222,36.14131]]},"properties":{"net":"out","o":6}},{"type":"Feature","geometry":{"type":"LineString","coordinates":[[-82.78775,36.11232],[-82.7876,36.11188],[-82.78679,36.11106],[-82.7865,36.11042]]},"properties":{"net":"out","o":7}},{"type":"Feature","geometry":{"type":"LineString","coordinates":[[-82.77805,36.12147],[-82.77797,36.12103],[-82.77808,36.12021],[-82.77833,36.11933],[-82.77856,36.11888],[-82.77919,36.11825],[-82.78099,36.11719]]},"properties":{"net":"out","o":7}},{"type":"Feature","geometry":{"type":"LineString","coordinates":[[-82.84577,36.33535],[-82.84524,36.33521],[-82.84497,36.33504],[-82.84487,36.33477],[-82.84412,36.33418],[-82.84399,36.33385],[-82.84294,36.33315],[-82.84257,36.33162]]},"properties":{"net":"out","o":4}},{"type":"Feature","geometry":{"type":"LineString","coordinates":[[-82.85447,36.00877],[-82.85393,36.00923],[-82.85307,36.01068],[-82.85238,36.01145],[-82.85184,36.01183],[-82.85081,36.01232]]},"properties":{"net":"out","o":4}},{"type":"Feature","geometry":{"type":"LineString","coordinates":[[-82.84456,36.01559],[-82.8439,36.01598],[-82.84333,36.01655]]},"properties":{"net":"out","o":5}},{"type":"Feature","geometry":{"type":"LineString","coordinates":[[-82.84426,36.02377],[-82.84504,36.02428],[-82.84566,36.02514],[-82.84631,36.02572],[-82.84807,36.02688],[-82.84848,36.02727],[-82.85,36.02762]]},"properties":{"net":"out","o":5}},{"type":"Feature","geometry":{"type":"LineString","coordinates":[[-82.83418,36.0825],[-82.83528,36.08263],[-82.83766,36.08272],[-82.83877,36.08262],[-82.8393,36.08239],[-82.83948,36.08241],[-82.84038,36.08194],[-82.84101,36.08172],[-82.84316,36.08055],[-82.84383,36.0803],[-82.84656,36.07866]]},"properties":{"net":"out","o":7}},{"type":"Feature","geometry":{"type":"LineString","coordinates":[[-82.84478,36.10246],[-82.84532,36.10232],[-82.84595,36.10163],[-82.84704,36.1011],[-82.84728,36.10063],[-82.84756,36.10045],[-82.84801,36.10061],[-82.84813,36.10108],[-82.84844,36.1012],[-82.84867,36.10105],[-82.84859,36.10046],[-82.84884,36.10026],[-82.84922,36.10016],[-82.85001,36.10014],[-82.85182,36.1008],[-82.85196,36.10079],[-82.85209,36.10061]]},"properties":{"net":"out","o":4}},{"type":"Feature","geometry":{"type":"LineString","coordinates":[[-82.83699,36.21298],[-82.83721,36.21272],[-82.83801,36.21234],[-82.83898,36.21201],[-82.83982,36.21199],[-82.8402,36.2117]]},"properties":{"net":"out","o":5}},{"type":"Feature","geometry":{"type":"LineString","coordinates":[[-82.84441,36.25393],[-82.84463,36.25349],[-82.84485,36.25329],[-82.84603,36.25295],[-82.8471,36.25295],[-82.84831,36.2527],[-82.84878,36.25276]]},"properties":{"net":"out","o":4}},{"type":"Feature","geometry":{"type":"LineString","coordinates":[[-82.84015,36.31146],[-82.84004,36.31101]]},"properties":{"net":"out","o":5}},{"type":"Feature","geometry":{"type":"LineString","coordinates":[[-82.8489,36.06615],[-82.84959,36.06667],[-82.85071,36.06788],[-82.85113,36.06869],[-82.85117,36.06922],[-82.85108,36.06967],[-82.85074,36.07028],[-82.85015,36.07089],[-82.85086,36.07243],[-82.85083,36.07278],[-82.85129,36.07318],[-82.85324,36.07396],[-82.8543,36.07469],[-82.85543,36.07401]]},"properties":{"net":"out","o":4}},{"type":"Feature","geometry":{"type":"LineString","coordinates":[[-83.04477,36.19337],[-83.0447,36.19337]]},"properties":{"net":"out","o":4}},{"type":"Feature","geometry":{"type":"LineString","coordinates":[[-82.70375,36.35309],[-82.70418,36.35348],[-82.70407,36.35368],[-82.70431,36.35399],[-82.70429,36.35428],[-82.70421,36.3545],[-82.70404,36.35463],[-82.70331,36.35472],[-82.7031,36.35507],[-82.7026,36.35544],[-82.7026,36.35564],[-82.70268,36.35571],[-82.70321,36.35573],[-82.7034,36.35597],[-82.70333,36.35645],[-82.70307,36.35704],[-82.70319,36.35819],[-82.70207,36.35879],[-82.7019,36.35987]]},"properties":{"net":"out","o":5}},{"type":"Feature","geometry":{"type":"LineString","coordinates":[[-82.70146,36.34382],[-82.70161,36.34381],[-82.70283,36.34459],[-82.70304,36.34489],[-82.70304,36.34515]]},"properties":{"net":"out","o":5}},{"type":"Feature","geometry":{"type":"LineString","coordinates":[[-82.69469,36.38599],[-82.6939,36.38435],[-82.6937,36.38305],[-82.69352,36.38278],[-82.69342,36.38234],[-82.69241,36.38083]]},"properties":{"net":"out","o":4}},{"type":"Feature","geometry":{"type":"LineString","coordinates":[[-82.68623,36.16176],[-82.68654,36.16175],[-82.68829,36.16114],[-82.689,36.16125],[-82.68958,36.1612],[-82.69061,36.16048]]},"properties":{"net":"out","o":4}},{"type":"Feature","geometry":{"type":"LineString","coordinates":[[-82.69558,36.19134],[-82.69543,36.19114]]},"properties":{"net":"out","o":7}},{"type":"Feature","geometry":{"type":"LineString","coordinates":[[-82.70146,36.34382],[-82.70241,36.34452],[-82.70304,36.34515]]},"properties":{"net":"out","o":5}},{"type":"Feature","geometry":{"type":"LineString","coordinates":[[-82.70482,36.37597],[-82.70464,36.37574],[-82.70439,36.375],[-82.70438,36.37462],[-82.70455,36.37428]]},"properties":{"net":"out","o":4}},{"type":"Feature","geometry":{"type":"LineString","coordinates":[[-82.69684,36.37657],[-82.69775,36.3763],[-82.69829,36.37581]]},"properties":{"net":"out","o":5}},{"type":"Feature","geometry":{"type":"LineString","coordinates":[[-82.69097,36.38242],[-82.6912,36.38235],[-82.69151,36.382],[-82.69145,36.38155],[-82.69241,36.38083]]},"properties":{"net":"out","o":5}},{"type":"Feature","geometry":{"type":"LineString","coordinates":[[-82.99391,36.08244],[-82.99472,36.08271]]},"properties":{"net":"out","o":7}},{"type":"Feature","geometry":{"type":"LineString","coordinates":[[-82.94751,36.16172],[-82.94817,36.16192],[-82.94927,36.16208],[-82.94959,36.16204],[-82.95051,36.16165]]},"properties":{"net":"out","o":5}},{"type":"Feature","geometry":{"type":"LineString","coordinates":[[-82.75873,36.33322],[-82.75944,36.33376],[-82.75995,36.33398]]},"properties":{"net":"out","o":4}},{"type":"Feature","geometry":{"type":"LineString","coordinates":[[-82.75585,36.33141],[-82.7562,36.33158],[-82.75622,36.33173],[-82.75638,36.33186]]},"properties":{"net":"out","o":4}},{"type":"Feature","geometry":{"type":"LineString","coordinates":[[-82.76196,36.30113],[-82.76252,36.30172]]},"properties":{"net":"out","o":5}},{"type":"Feature","geometry":{"type":"LineString","coordinates":[[-82.93492,36.24227],[-82.9366,36.24202],[-82.93807,36.24218],[-82.93989,36.24259]]},"properties":{"net":"out","o":6}},{"type":"Feature","geometry":{"type":"LineString","coordinates":[[-82.92673,36.0335],[-82.92655,36.03371],[-82.92668,36.03404]]},"properties":{"net":"out","o":4}},{"type":"Feature","geometry":{"type":"LineString","coordinates":[[-82.93197,36.07461],[-82.93247,36.07431],[-82.93395,36.0731]]},"properties":{"net":"out","o":7}},{"type":"Feature","geometry":{"type":"LineString","coordinates":[[-82.92894,36.07653],[-82.92927,36.07608]]},"properties":{"net":"out","o":5}},{"type":"Feature","geometry":{"type":"LineString","coordinates":[[-82.74849,36.21472],[-82.74906,36.2143],[-82.7493,36.21357]]},"properties":{"net":"out","o":5}},{"type":"Feature","geometry":{"type":"LineString","coordinates":[[-82.74785,36.21803],[-82.74807,36.21787],[-82.74827,36.21746],[-82.74811,36.2156],[-82.74835,36.21508],[-82.74835,36.21485],[-82.74849,36.21472]]},"properties":{"net":"out","o":5}},{"type":"Feature","geometry":{"type":"LineString","coordinates":[[-82.92473,36.02072],[-82.92472,36.02093],[-82.92425,36.02178],[-82.92415,36.02243],[-82.92365,36.02382],[-82.92358,36.02513],[-82.92345,36.02539],[-82.92314,36.02566],[-82.92283,36.02641],[-82.92285,36.02702],[-82.92269,36.02757],[-82.92237,36.02818],[-82.92256,36.0295],[-82.92215,36.03],[-82.92276,36.03176],[-82.92267,36.03236],[-82.92406,36.03644]]},"properties":{"net":"out","o":4}},{"type":"Feature","geometry":{"type":"LineString","coordinates":[[-82.92362,36.07398],[-82.92395,36.07387],[-82.92451,36.07394]]},"properties":{"net":"out","o":7}},{"type":"Feature","geometry":{"type":"LineString","coordinates":[[-82.91082,36.0574],[-82.91123,36.05847],[-82.91121,36.05947]]},"properties":{"net":"out","o":5}},{"type":"Feature","geometry":{"type":"LineString","coordinates":[[-82.91002,36.0445],[-82.90945,36.04471],[-82.90912,36.04501],[-82.90911,36.04587],[-82.90873,36.04671],[-82.90849,36.04695],[-82.90721,36.04761],[-82.90705,36.04785],[-82.90831,36.04928],[-82.90843,36.0497],[-82.90796,36.05065],[-82.90728,36.0507],[-82.90723,36.05093],[-82.90792,36.05211],[-82.90901,36.05287],[-82.90958,36.05345]]},"properties":{"net":"out","o":5}},{"type":"Feature","geometry":{"type":"LineString","coordinates":[[-82.90077,36.05083],[-82.902,36.05158],[-82.90437,36.05408],[-82.90432,36.05436],[-82.90496,36.05537],[-82.9074,36.05795],[-82.90795,36.05895],[-82.90784,36.05936]]},"properties":{"net":"out","o":7}},{"type":"Feature","geometry":{"type":"LineString","coordinates":[[-82.73243,36.2417],[-82.73324,36.24114]]},"properties":{"net":"out","o":5}},{"type":"Feature","geometry":{"type":"LineString","coordinates":[[-82.73667,36.24756],[-82.73664,36.24739],[-82.73587,36.24638],[-82.73499,36.24553],[-82.73481,36.24514],[-82.73369,36.24354],[-82.73364,36.24319],[-82.73288,36.24245],[-82.73243,36.2417]]},"properties":{"net":"out","o":4}},{"type":"Feature","geometry":{"type":"LineString","coordinates":[[-82.74469,36.32834],[-82.74558,36.3285],[-82.74677,36.32944]]},"properties":{"net":"out","o":4}},{"type":"Feature","geometry":{"type":"LineString","coordinates":[[-82.75166,36.34647],[-82.75249,36.34463]]},"properties":{"net":"out","o":6}},{"type":"Feature","geometry":{"type":"LineString","coordinates":[[-82.74583,36.35225],[-82.74596,36.35206],[-82.74574,36.35124],[-82.74461,36.34996],[-82.74489,36.34812],[-82.74528,36.34794],[-82.74585,36.34804],[-82.7477,36.34893]]},"properties":{"net":"out","o":6}},{"type":"Feature","geometry":{"type":"LineString","coordinates":[[-82.7205,36.16495],[-82.72176,36.16502],[-82.72301,36.16433],[-82.72376,36.16344],[-82.72397,36.16224],[-82.72336,36.16159],[-82.72182,36.16081],[-82.72086,36.16012],[-82.72053,36.15969],[-82.72044,36.15939],[-82.71846,36.15729],[-82.71813,36.15707],[-82.71797,36.1567],[-82.71807,36.15617],[-82.71846,36.15549],[-82.7196,36.15468],[-82.72021,36.15457],[-82.72065,36.15462],[-82.72113,36.15474],[-82.72162,36.15501]]},"properties":{"net":"out","o":7}},{"type":"Feature","geometry":{"type":"LineString","coordinates":[[-82.72087,36.32986],[-82.72158,36.33004],[-82.72249,36.32945],[-82.72297,36.32962],[-82.72322,36.32956],[-82.72348,36.32938],[-82.72391,36.32882],[-82.72429,36.32866],[-82.72499,36.32808],[-82.72526,36.3281],[-82.72571,36.32839]]},"properties":{"net":"out","o":4}},{"type":"Feature","geometry":{"type":"LineString","coordinates":[[-82.71676,36.33175],[-82.71722,36.33168],[-82.71765,36.33217]]},"properties":{"net":"out","o":4}},{"type":"Feature","geometry":{"type":"LineString","coordinates":[[-82.72695,36.35438],[-82.72788,36.35449],[-82.72823,36.35423],[-82.72854,36.35378]]},"properties":{"net":"out","o":6}},{"type":"Feature","geometry":{"type":"LineString","coordinates":[[-82.71659,36.36229],[-82.71687,36.36253]]},"properties":{"net":"out","o":5}},{"type":"Feature","geometry":{"type":"LineString","coordinates":[[-82.70685,36.36817],[-82.70938,36.36712],[-82.70981,36.36677],[-82.70992,36.36647],[-82.71011,36.36631],[-82.71296,36.36571],[-82.71356,36.36618]]},"properties":{"net":"out","o":5}},{"type":"Feature","geometry":{"type":"LineString","coordinates":[[-83.04653,36.09184],[-83.04697,36.09164]]},"properties":{"net":"out","o":7}},{"type":"Feature","geometry":{"type":"LineString","coordinates":[[-83.04255,36.09569],[-83.04417,36.09441]]},"properties":{"net":"out","o":7}},{"type":"Feature","geometry":{"type":"LineString","coordinates":[[-82.63174,36.26862],[-82.63208,36.26804],[-82.63209,36.26779]]},"properties":{"net":"out","o":5}},{"type":"Feature","geometry":{"type":"LineString","coordinates":[[-82.62803,36.26549],[-82.62782,36.26485],[-82.62651,36.2639],[-82.6262,36.26381]]},"properties":{"net":"out","o":5}},{"type":"Feature","geometry":{"type":"LineString","coordinates":[[-82.63791,36.29743],[-82.63668,36.29711],[-82.63543,36.29644],[-82.63269,36.29549]]},"properties":{"net":"out","o":5}},{"type":"Feature","geometry":{"type":"LineString","coordinates":[[-82.35037,36.00204],[-82.34905,36.00239]]},"properties":{"net":"out","o":6}},{"type":"Feature","geometry":{"type":"LineString","coordinates":[[-82.34571,36.01847],[-82.3457,36.01921],[-82.34427,36.02137],[-82.34324,36.0221],[-82.34288,36.02212]]},"properties":{"net":"out","o":6}},{"type":"Feature","geometry":{"type":"LineString","coordinates":[[-82.33682,36.01723],[-82.33622,36.01619],[-82.33615,36.01588]]},"properties":{"net":"out","o":6}},{"type":"Feature","geometry":{"type":"LineString","coordinates":[[-82.33977,36.03389],[-82.3399,36.03463],[-82.34001,36.03479]]},"properties":{"net":"out","o":7}},{"type":"Feature","geometry":{"type":"LineString","coordinates":[[-82.33764,36.02993],[-82.33802,36.03005],[-82.33844,36.03049],[-82.33939,36.03273],[-82.33934,36.03298],[-82.33945,36.03326]]},"properties":{"net":"out","o":7}},{"type":"Feature","geometry":{"type":"LineString","coordinates":[[-82.33798,36.03852],[-82.33747,36.03929],[-82.33724,36.04082]]},"properties":{"net":"out","o":7}},{"type":"Feature","geometry":{"type":"LineString","coordinates":[[-82.53868,36.35194],[-82.53898,36.35179],[-82.53959,36.35181],[-82.54005,36.35167]]},"properties":{"net":"out","o":4}},{"type":"Feature","geometry":{"type":"LineString","coordinates":[[-82.52809,36.14898],[-82.52804,36.14951]]},"properties":{"net":"out","o":5}},{"type":"Feature","geometry":{"type":"LineString","coordinates":[[-82.51614,36.18878],[-82.51623,36.18883],[-82.51708,36.18835],[-82.51735,36.18838],[-82.51779,36.18821],[-82.51922,36.1883],[-82.51976,36.18807],[-82.52012,36.18811],[-82.52042,36.18793],[-82.52092,36.18792],[-82.52133,36.18768],[-82.52168,36.18772],[-82.52208,36.18754]]},"properties":{"net":"out","o":7}},{"type":"Feature","geometry":{"type":"LineString","coordinates":[[-82.53243,36.32327],[-82.53311,36.32323],[-82.53357,36.32301]]},"properties":{"net":"out","o":4}},{"type":"Feature","geometry":{"type":"LineString","coordinates":[[-82.31395,36.17435],[-82.31474,36.176],[-82.31616,36.17682],[-82.31646,36.17691],[-82.31736,36.17676],[-82.31822,36.17701],[-82.31904,36.17693],[-82.31952,36.17709],[-82.32082,36.1771]]},"properties":{"net":"out","o":5}},{"type":"Feature","geometry":{"type":"LineString","coordinates":[[-82.3243,36.19915],[-82.32477,36.19905],[-82.32596,36.19825],[-82.32682,36.19738],[-82.32733,36.197],[-82.3274,36.19643],[-82.32857,36.19588]]},"properties":{"net":"out","o":5}},{"type":"Feature","geometry":{"type":"LineString","coordinates":[[-82.30037,36.07799],[-82.29993,36.0772],[-82.29987,36.0766]]},"properties":{"net":"out","o":4}},{"type":"Feature","geometry":{"type":"LineString","coordinates":[[-82.29987,36.0766],[-82.29964,36.07602],[-82.29891,36.07544]]},"properties":{"net":"out","o":4}},{"type":"Feature","geometry":{"type":"LineString","coordinates":[[-82.30832,36.10972],[-82.31004,36.10945]]},"properties":{"net":"out","o":4}},{"type":"Feature","geometry":{"type":"LineString","coordinates":[[-82.31156,35.86833],[-82.31168,35.8678]]},"properties":{"net":"NC3200","o":4}},{"type":"Feature","geometry":{"type":"LineString","coordinates":[[-82.31156,35.86833],[-82.3115,35.86823]]},"properties":{"net":"NC3200","o":4}},{"type":"Feature","geometry":{"type":"LineString","coordinates":[[-82.3004,35.86696],[-82.29862,35.8683],[-82.29823,35.86873],[-82.29812,35.86908],[-82.29721,35.86962]]},"properties":{"net":"NC3200","o":4}},{"type":"Feature","geometry":{"type":"LineString","coordinates":[[-82.30342,35.93071],[-82.30315,35.93019],[-82.30309,35.9298],[-82.30269,35.92928],[-82.30254,35.92863],[-82.30233,35.92833],[-82.30205,35.92752],[-82.30138,35.92649]]},"properties":{"net":"sm2618","o":2}},{"type":"Feature","geometry":{"type":"LineString","coordinates":[[-82.29858,36.0399],[-82.29885,36.03988],[-82.29897,36.03997]]},"properties":{"net":"out","o":4}},{"type":"Feature","geometry":{"type":"LineString","coordinates":[[-82.30591,36.06615],[-82.30474,36.06528],[-82.30415,36.06454],[-82.30362,36.06414],[-82.30054,36.06262]]},"properties":{"net":"out","o":4}},{"type":"Feature","geometry":{"type":"LineString","coordinates":[[-82.30005,36.04846],[-82.30012,36.04822],[-82.29858,36.04767]]},"properties":{"net":"out","o":5}},{"type":"Feature","geometry":{"type":"LineString","coordinates":[[-82.30692,36.11005],[-82.30832,36.10972]]},"properties":{"net":"out","o":4}},{"type":"Feature","geometry":{"type":"LineString","coordinates":[[-82.28551,36.09012],[-82.28539,36.08923],[-82.285,36.08805]]},"properties":{"net":"out","o":4}},{"type":"Feature","geometry":{"type":"LineString","coordinates":[[-82.28488,36.09143],[-82.28528,36.0908],[-82.28551,36.09012]]},"properties":{"net":"out","o":4}},{"type":"Feature","geometry":{"type":"LineString","coordinates":[[-82.28462,36.09235],[-82.28488,36.09143]]},"properties":{"net":"out","o":4}},{"type":"Feature","geometry":{"type":"LineString","coordinates":[[-82.29507,36.17705],[-82.29534,36.17689],[-82.29598,36.17678]]},"properties":{"net":"out","o":5}},{"type":"Feature","geometry":{"type":"LineString","coordinates":[[-82.28865,36.17633],[-82.28939,36.17638],[-82.2901,36.17595],[-82.29057,36.1758],[-82.29236,36.17619],[-82.29366,36.17672],[-82.29393,36.17696]]},"properties":{"net":"out","o":5}},{"type":"Feature","geometry":{"type":"LineString","coordinates":[[-82.30436,36.2012],[-82.3048,36.20142],[-82.30553,36.2016]]},"properties":{"net":"out","o":4}},{"type":"Feature","geometry":{"type":"LineString","coordinates":[[-82.27175,35.70577],[-82.27154,35.70726],[-82.2714,35.70769],[-82.2708,35.70873],[-82.26888,35.71054],[-82.26729,35.71164],[-82.26649,35.71183],[-82.26467,35.71169],[-82.26086,35.71045],[-82.25959,35.71079],[-82.25918,35.71106],[-82.25856,35.71126],[-82.2579,35.71117],[-82.25705,35.7108],[-82.25648,35.71068],[-82.25533,35.7108],[-82.25388,35.71121],[-82.25254,35.71138],[-82.25147,35.71137],[-82.25038,35.71121]]},"properties":{"net":"sm2660","o":1}},{"type":"Feature","geometry":{"type":"LineString","coordinates":[[-82.27339,35.73367],[-82.27257,35.73357],[-82.27188,35.7333],[-82.27157,35.73304],[-82.27125,35.73268],[-82.27091,35.73213],[-82.27063,35.73144],[-82.26901,35.72901],[-82.2686,35.72852],[-82.26775,35.72798],[-82.26687,35.72785],[-82.26584,35.72796],[-82.26429,35.72826],[-82.26302,35.72881],[-82.26226,35.72893],[-82.25921,35.7289],[-82.25814,35.72868]]},"properties":{"net":"sm2660","o":2}},{"type":"Feature","geometry":{"type":"LineString","coordinates":[[-82.27713,35.90749],[-82.2767,35.90831],[-82.27666,35.90981],[-82.27653,35.9105],[-82.27653,35.91086],[-82.27666,35.91115],[-82.2778,35.91248],[-82.27805,35.91322],[-82.27834,35.91364],[-82.27891,35.91405],[-82.27989,35.91449],[-82.28019,35.91476]]},"properties":{"net":"sm2618","o":1}},{"type":"Feature","geometry":{"type":"LineString","coordinates":[[-82.27081,35.94024],[-82.27026,35.93983],[-82.26887,35.9391],[-82.26816,35.93854]]},"properties":{"net":"sm2618","o":1}},{"type":"Feature","geometry":{"type":"LineString","coordinates":[[-82.27096,35.97635],[-82.27141,35.97709],[-82.27162,35.97775],[-82.27189,35.97819],[-82.27198,35.97871],[-82.27129,35.98049],[-82.27085,35.98108],[-82.27061,35.98215],[-82.27016,35.98275]]},"properties":{"net":"out","o":4}},{"type":"Feature","geometry":{"type":"LineString","coordinates":[[-82.27016,35.99677],[-82.27004,35.997],[-82.26937,35.99722],[-82.26886,35.99825]]},"properties":{"net":"out","o":4}},{"type":"Feature","geometry":{"type":"LineString","coordinates":[[-82.28486,36.0754],[-82.28516,36.07509]]},"properties":{"net":"out","o":5}},{"type":"Feature","geometry":{"type":"LineString","coordinates":[[-82.2643,36.05231],[-82.2647,36.05258],[-82.2652,36.05278],[-82.26712,36.05327],[-82.26838,36.05411],[-82.26931,36.05455],[-82.26968,36.05497],[-82.26972,36.05522]]},"properties":{"net":"sm2928","o":1}},{"type":"Feature","geometry":{"type":"LineString","coordinates":[[-82.28227,36.09939],[-82.28241,36.09899],[-82.28253,36.09772],[-82.28336,36.09613],[-82.28356,36.09543]]},"properties":{"net":"out","o":4}},{"type":"Feature","geometry":{"type":"LineString","coordinates":[[-82.26439,36.0986],[-82.26404,36.09767],[-82.26391,36.09703]]},"properties":{"net":"out","o":4}},{"type":"Feature","geometry":{"type":"LineString","coordinates":[[-82.26547,35.7219],[-82.26465,35.72206],[-82.26349,35.72271],[-82.26002,35.72348],[-82.25943,35.72331],[-82.25884,35.72272],[-82.25832,35.72265],[-82.25767,35.72272],[-82.25736,35.72262],[-82.25665,35.72212],[-82.25582,35.72195]]},"properties":{"net":"sm8031412","o":2}},{"type":"Feature","geometry":{"type":"LineString","coordinates":[[-82.25814,35.72868],[-82.25738,35.72861],[-82.25653,35.72892],[-82.25528,35.72993],[-82.25036,35.73242]]},"properties":{"net":"sm2660","o":3}},{"type":"Feature","geometry":{"type":"LineString","coordinates":[[-82.24984,35.74189],[-82.24964,35.7415],[-82.2495,35.74046],[-82.24851,35.7392],[-82.24766,35.73862],[-82.24567,35.73761],[-82.24251,35.73573],[-82.2413,35.73516],[-82.23999,35.73485],[-82.23946,35.73463],[-82.238,35.73452],[-82.23749,35.73433],[-82.23626,35.73433],[-82.23404,35.73386]]},"properties":{"net":"sm2660","o":2}},{"type":"Feature","geometry":{"type":"LineString","coordinates":[[-82.26397,35.88498],[-82.26288,35.88652],[-82.26117,35.88789],[-82.26061,35.88851],[-82.26023,35.88912]]},"properties":{"net":"sm2618","o":1}},{"type":"Feature","geometry":{"type":"LineString","coordinates":[[-82.25798,35.89982],[-82.25792,35.90066],[-82.25805,35.90089],[-82.25809,35.90172],[-82.25824,35.90223],[-82.25817,35.90265],[-82.25775,35.90345],[-82.25762,35.90403],[-82.25721,35.90425],[-82.25695,35.90459],[-82.25711,35.90562],[-82.25743,35.90641],[-82.2571,35.90795],[-82.25703,35.90882]]},"properties":{"net":"sm2618","o":3}},{"type":"Feature","geometry":{"type":"LineString","coordinates":[[-82.25635,35.89771],[-82.25645,35.89792],[-82.25724,35.89868]]},"properties":{"net":"sm2618","o":3}},{"type":"Feature","geometry":{"type":"LineString","coordinates":[[-82.24985,35.9156],[-82.24819,35.9157]]},"properties":{"net":"sm2618","o":4}},{"type":"Feature","geometry":{"type":"LineString","coordinates":[[-82.26816,35.93854],[-82.26777,35.93801],[-82.26716,35.93744],[-82.26687,35.93691]]},"properties":{"net":"sm2618","o":2}},{"type":"Feature","geometry":{"type":"LineString","coordinates":[[-82.24744,35.92773],[-82.2493,35.92793],[-82.25047,35.92758],[-82.25095,35.92735],[-82.25164,35.9273]]},"properties":{"net":"sm2618","o":1}},{"type":"Feature","geometry":{"type":"LineString","coordinates":[[-82.25531,35.95065],[-82.25504,35.94961],[-82.25438,35.949],[-82.25329,35.94851],[-82.25285,35.9484],[-82.25095,35.94725],[-82.25047,35.94675],[-82.25007,35.9461],[-82.24972,35.94579],[-82.24728,35.94505]]},"properties":{"net":"sm2618","o":1}},{"type":"Feature","geometry":{"type":"LineString","coordinates":[[-82.24925,35.98986],[-82.24952,35.98938],[-82.25,35.98909],[-82.25101,35.98893]]},"properties":{"net":"out","o":6}},{"type":"Feature","geometry":{"type":"LineString","coordinates":[[-82.26599,36.05695],[-82.26745,36.0574],[-82.26848,36.05747]]},"properties":{"net":"sm2928","o":1}},{"type":"Feature","geometry":{"type":"LineString","coordinates":[[-82.26184,36.07015],[-82.26232,36.06878],[-82.26236,36.0677],[-82.2626,36.0669],[-82.26257,36.06669]]},"properties":{"net":"sm2928","o":2}},{"type":"Feature","geometry":{"type":"LineString","coordinates":[[-82.22539,35.91805],[-82.22552,35.91684],[-82.22569,35.91621],[-82.22567,35.91459],[-82.22557,35.91381],[-82.22592,35.91296],[-82.22543,35.91216],[-82.22541,35.91137],[-82.22576,35.91095]]},"properties":{"net":"sm2923","o":1}},{"type":"Feature","geometry":{"type":"LineString","coordinates":[[-82.5932,36.26188],[-82.59554,36.26182]]},"properties":{"net":"out","o":5}},{"type":"Feature","geometry":{"type":"LineString","coordinates":[[-82.59292,36.26216],[-82.593,36.26192],[-82.5932,36.26188]]},"properties":{"net":"out","o":5}},{"type":"Feature","geometry":{"type":"LineString","coordinates":[[-82.21377,35.81063],[-82.21097,35.8074],[-82.20944,35.80622],[-82.20577,35.80391]]},"properties":{"net":"sm2676","o":1}},{"type":"Feature","geometry":{"type":"LineString","coordinates":[[-82.213,36.06447],[-82.21273,36.06321],[-82.21288,36.06133],[-82.21344,36.061],[-82.21436,36.06069],[-82.21529,36.06052],[-82.21594,36.0602],[-82.21619,36.0599],[-82.21673,36.05857]]},"properties":{"net":"out","o":4}},{"type":"Feature","geometry":{"type":"LineString","coordinates":[[-82.20762,36.04952],[-82.20861,36.0497],[-82.20918,36.04991],[-82.2099,36.04997],[-82.21065,36.04986],[-82.21157,36.04954],[-82.21382,36.04917],[-82.21452,36.04925],[-82.21626,36.04983],[-82.21655,36.04975],[-82.21678,36.04944]]},"properties":{"net":"out","o":4}},{"type":"Feature","geometry":{"type":"LineString","coordinates":[[-82.2089,36.07566],[-82.2094,36.07429],[-82.20975,36.0738],[-82.20991,36.07253],[-82.20961,36.07153],[-82.20979,36.07116],[-82.21016,36.07073],[-82.21027,36.07005]]},"properties":{"net":"out","o":4}},{"type":"Feature","geometry":{"type":"LineString","coordinates":[[-82.58787,36.21414],[-82.58939,36.21493],[-82.59041,36.21489],[-82.59095,36.21527],[-82.59112,36.21527],[-82.59164,36.21506],[-82.5922,36.21466],[-82.59284,36.21456],[-82.59297,36.21445],[-82.59309,36.2139],[-82.59373,36.2134],[-82.59422,36.21271]]},"properties":{"net":"out","o":4}},{"type":"Feature","geometry":{"type":"LineString","coordinates":[[-82.1934,35.76957],[-82.19369,35.7696],[-82.19444,35.76946]]},"properties":{"net":"sm2670","o":3}},{"type":"Feature","geometry":{"type":"LineString","coordinates":[[-82.19444,35.76946],[-82.19557,35.76929],[-82.19656,35.76935],[-82.19715,35.76949],[-82.19805,35.76991],[-82.19863,35.77092]]},"properties":{"net":"sm2669","o":3}},{"type":"Feature","geometry":{"type":"LineString","coordinates":[[-82.19863,35.77092],[-82.19998,35.77133],[-82.20032,35.77177],[-82.2004,35.77248],[-82.20034,35.77298],[-82.2008,35.77366],[-82.2008,35.77424],[-82.20063,35.77453],[-82.20065,35.77471],[-82.20104,35.77508],[-82.20077,35.77568],[-82.2009,35.77623]]},"properties":{"net":"sm2668","o":3}},{"type":"Feature","geometry":{"type":"LineString","coordinates":[[-82.20242,35.77803],[-82.20359,35.77861],[-82.20418,35.77911]]},"properties":{"net":"sm2668","o":4}},{"type":"Feature","geometry":{"type":"LineString","coordinates":[[-82.41319,35.91277],[-82.41221,35.91256],[-82.41146,35.91267],[-82.40914,35.91203]]},"properties":{"net":"out","o":4}},{"type":"Feature","geometry":{"type":"LineString","coordinates":[[-82.41291,35.99011],[-82.41255,35.98963],[-82.41063,35.98808],[-82.40938,35.9867],[-82.40935,35.98607],[-82.40911,35.98544],[-82.40909,35.98485],[-82.40839,35.98413]]},"properties":{"net":"sm2919","o":1}},{"type":"Feature","geometry":{"type":"LineString","coordinates":[[-82.41025,35.99119],[-82.41,35.99084],[-82.40913,35.99022],[-82.40848,35.98901],[-82.40763,35.98826],[-82.40716,35.98759],[-82.40591,35.98637],[-82.40516,35.98598]]},"properties":{"net":"sm2919","o":1}},{"type":"Feature","geometry":{"type":"LineString","coordinates":[[-82.39685,35.99262],[-82.39614,35.99295],[-82.39535,35.99312],[-82.39474,35.99338],[-82.3946,35.99355],[-82.39453,35.99407],[-82.3944,35.9943],[-82.39407,35.99446],[-82.39369,35.99448]]},"properties":{"net":"out","o":5}},{"type":"Feature","geometry":{"type":"LineString","coordinates":[[-82.39953,36.07158],[-82.40003,36.07128],[-82.40056,36.07112],[-82.4011,36.07111],[-82.4026,36.07136]]},"properties":{"net":"out","o":7}},{"type":"Feature","geometry":{"type":"LineString","coordinates":[[-82.37871,36.01341],[-82.37791,36.013],[-82.37648,36.01264]]},"properties":{"net":"out","o":6}},{"type":"Feature","geometry":{"type":"LineString","coordinates":[[-82.37648,36.01264],[-82.37572,36.01233],[-82.37502,36.01151],[-82.37444,36.01036],[-82.37399,36.00992]]},"properties":{"net":"out","o":6}},{"type":"Feature","geometry":{"type":"LineString","coordinates":[[-82.377,35.91497],[-82.3776,35.91447],[-82.37854,35.91419],[-82.37984,35.91473],[-82.38068,35.91486],[-82.38179,35.91482]]},"properties":{"net":"out","o":5}},{"type":"Feature","geometry":{"type":"LineString","coordinates":[[-82.37183,35.91661],[-82.37422,35.91636],[-82.37662,35.91584]]},"properties":{"net":"out","o":5}},{"type":"Feature","geometry":{"type":"LineString","coordinates":[[-82.39507,35.93851],[-82.39517,35.93887],[-82.39487,35.93989],[-82.39392,35.94056],[-82.39182,35.94162]]},"properties":{"net":"out","o":5}},{"type":"Feature","geometry":{"type":"LineString","coordinates":[[-82.39059,35.95278],[-82.38907,35.9528],[-82.38834,35.95257],[-82.3852,35.95084],[-82.38365,35.94911],[-82.38306,35.94815],[-82.38089,35.94746]]},"properties":{"net":"out","o":5}},{"type":"Feature","geometry":{"type":"LineString","coordinates":[[-82.37945,35.95502],[-82.37977,35.95557],[-82.38028,35.95689],[-82.3811,35.95767],[-82.38183,35.95931]]},"properties":{"net":"out","o":5}},{"type":"Feature","geometry":{"type":"LineString","coordinates":[[-82.3953,35.97697],[-82.39533,35.97753],[-82.39472,35.98012]]},"properties":{"net":"out","o":5}},{"type":"Feature","geometry":{"type":"LineString","coordinates":[[-82.54738,36.02915],[-82.5473,36.02972],[-82.54756,36.03014],[-82.54918,36.03132]]},"properties":{"net":"out","o":5}},{"type":"Feature","geometry":{"type":"LineString","coordinates":[[-82.54647,36.04064],[-82.54531,36.04089]]},"properties":{"net":"out","o":6}},{"type":"Feature","geometry":{"type":"LineString","coordinates":[[-82.35784,36.0184],[-82.35621,36.01771],[-82.35549,36.01754],[-82.3551,36.01757],[-82.35374,36.0181]]},"properties":{"net":"out","o":4}},{"type":"Feature","geometry":{"type":"LineString","coordinates":[[-82.5576,36.01783],[-82.55744,36.01792]]},"properties":{"net":"out","o":5}},{"type":"Feature","geometry":{"type":"LineString","coordinates":[[-82.55672,36.0212],[-82.556,36.02115]]},"properties":{"net":"out","o":5}},{"type":"Feature","geometry":{"type":"LineString","coordinates":[[-82.54653,36.01256],[-82.5468,36.01272]]},"properties":{"net":"out","o":4}},{"type":"Feature","geometry":{"type":"LineString","coordinates":[[-82.3578,36.0007],[-82.35706,36.0002],[-82.35628,35.99992],[-82.35543,36.00013],[-82.3532,36.00142],[-82.35173,36.00201]]},"properties":{"net":"out","o":6}},{"type":"Feature","geometry":{"type":"LineString","coordinates":[[-82.36758,36.03669],[-82.36747,36.03585],[-82.36717,36.03513],[-82.36465,36.03268],[-82.36394,36.03186]]},"properties":{"net":"out","o":4}},{"type":"Feature","geometry":{"type":"LineString","coordinates":[[-82.33496,36.02897],[-82.33507,36.02909],[-82.33611,36.02936],[-82.33689,36.02977],[-82.33764,36.02993]]},"properties":{"net":"out","o":7}},{"type":"Feature","geometry":{"type":"LineString","coordinates":[[-82.59179,36.05629],[-82.59134,36.0563]]},"properties":{"net":"out","o":4}},{"type":"Feature","geometry":{"type":"LineString","coordinates":[[-82.59134,36.0563],[-82.58969,36.05604],[-82.58942,36.0559],[-82.58762,36.05554],[-82.58553,36.05547]]},"properties":{"net":"out","o":4}},{"type":"Feature","geometry":{"type":"LineString","coordinates":[[-82.58529,35.97854],[-82.5825,35.9803],[-82.58199,35.98123],[-82.5812,35.98193]]},"properties":{"net":"out","o":4}},{"type":"Feature","geometry":{"type":"LineString","coordinates":[[-82.58862,36.01617],[-82.58718,36.01632]]},"properties":{"net":"out","o":4}},{"type":"Feature","geometry":{"type":"LineString","coordinates":[[-82.49677,36.07744],[-82.49656,36.0776],[-82.49596,36.07852]]},"properties":{"net":"out","o":6}},{"type":"Feature","geometry":{"type":"LineString","coordinates":[[-82.48426,36.08983],[-82.48398,36.09041],[-82.48365,36.09074],[-82.48285,36.09112]]},"properties":{"net":"out","o":6}},{"type":"Feature","geometry":{"type":"LineString","coordinates":[[-82.48167,36.09214],[-82.48049,36.09344],[-82.48051,36.09359]]},"properties":{"net":"out","o":6}},{"type":"Feature","geometry":{"type":"LineString","coordinates":[[-82.49202,36.15341],[-82.49105,36.15362],[-82.48958,36.15437],[-82.48887,36.15496],[-82.4883,36.15516]]},"properties":{"net":"out","o":4}},{"type":"Feature","geometry":{"type":"LineString","coordinates":[[-82.49478,36.19774],[-82.49831,36.19694],[-82.49862,36.19697],[-82.49983,36.19679]]},"properties":{"net":"out","o":7}},{"type":"Feature","geometry":{"type":"LineString","coordinates":[[-82.4904,36.2053],[-82.49011,36.20531],[-82.48962,36.20556],[-82.48935,36.20552],[-82.48917,36.20512],[-82.48938,36.20438],[-82.48898,36.20384],[-82.48883,36.20339],[-82.48904,36.20317],[-82.48926,36.20315],[-82.4899,36.2034],[-82.49073,36.20352],[-82.49126,36.20335],[-82.49144,36.20305]]},"properties":{"net":"out","o":5}},{"type":"Feature","geometry":{"type":"LineString","coordinates":[[-82.56997,36.31693],[-82.56938,36.31652],[-82.56889,36.31597],[-82.56823,36.31581],[-82.56746,36.31538],[-82.56683,36.31529]]},"properties":{"net":"out","o":5}},{"type":"Feature","geometry":{"type":"LineString","coordinates":[[-82.49351,36.04001],[-82.49528,36.04147],[-82.49553,36.04188],[-82.49569,36.0425]]},"properties":{"net":"out","o":5}},{"type":"Feature","geometry":{"type":"LineString","coordinates":[[-82.4821,36.08436],[-82.48276,36.08449],[-82.48336,36.08475],[-82.48398,36.08522],[-82.48415,36.08551],[-82.48417,36.08609],[-82.4847,36.08659],[-82.48503,36.08718],[-82.48505,36.08754],[-82.4864,36.0874],[-82.48719,36.08771]]},"properties":{"net":"out","o":4}},{"type":"Feature","geometry":{"type":"LineString","coordinates":[[-82.48719,36.08771],[-82.48719,36.08792],[-82.48692,36.08844]]},"properties":{"net":"out","o":4}},{"type":"Feature","geometry":{"type":"LineString","coordinates":[[-82.48454,36.0888],[-82.48441,36.08954],[-82.48426,36.08983]]},"properties":{"net":"out","o":6}},{"type":"Feature","geometry":{"type":"LineString","coordinates":[[-82.49735,36.15061],[-82.49683,36.15103],[-82.49619,36.15131],[-82.4957,36.15189]]},"properties":{"net":"out","o":4}},{"type":"Feature","geometry":{"type":"LineString","coordinates":[[-82.48142,36.20079],[-82.48188,36.20026],[-82.48191,36.20009],[-82.4824,36.19964],[-82.48378,36.19878],[-82.48568,36.19797]]},"properties":{"net":"out","o":7}},{"type":"Feature","geometry":{"type":"LineString","coordinates":[[-82.56906,35.98538],[-82.56873,35.98566],[-82.56831,35.98634]]},"properties":{"net":"out","o":4}},{"type":"Feature","geometry":{"type":"LineString","coordinates":[[-82.57567,36.05227],[-82.57493,36.05178],[-82.57432,36.05155],[-82.57235,36.05165],[-82.57195,36.05153],[-82.57112,36.05087]]},"properties":{"net":"out","o":5}},{"type":"Feature","geometry":{"type":"LineString","coordinates":[[-82.571,36.14977],[-82.57239,36.15036],[-82.57332,36.15043],[-82.57358,36.15037]]},"properties":{"net":"out","o":7}},{"type":"Feature","geometry":{"type":"LineString","coordinates":[[-82.56821,36.15115],[-82.56841,36.15052],[-82.56938,36.14994],[-82.57024,36.14968],[-82.571,36.14977]]},"properties":{"net":"out","o":7}},{"type":"Feature","geometry":{"type":"LineString","coordinates":[[-82.56026,36.20556],[-82.56186,36.20558],[-82.56245,36.20576],[-82.56263,36.20598],[-82.56289,36.206],[-82.56317,36.20579],[-82.56369,36.20574],[-82.564,36.20604],[-82.56446,36.20619],[-82.56475,36.20664],[-82.56502,36.20681],[-82.56522,36.20731],[-82.56632,36.208]]},"properties":{"net":"out","o":4}},{"type":"Feature","geometry":{"type":"LineString","coordinates":[[-82.57721,36.23097],[-82.5779,36.23078],[-82.57825,36.23079],[-82.57864,36.23105],[-82.57941,36.23117],[-82.57954,36.23108],[-82.57958,36.23062],[-82.57974,36.23028],[-82.58003,36.23024],[-82.58065,36.23055],[-82.58096,36.23053],[-82.58124,36.22988],[-82.58145,36.22974]]},"properties":{"net":"out","o":4}},{"type":"Feature","geometry":{"type":"LineString","coordinates":[[-82.56428,36.24238],[-82.56455,36.24196],[-82.56485,36.24198],[-82.56515,36.24178]]},"properties":{"net":"out","o":4}},{"type":"Feature","geometry":{"type":"LineString","coordinates":[[-82.57669,36.27479],[-82.57694,36.27474],[-82.57738,36.27412],[-82.5782,36.27357],[-82.57871,36.27287]]},"properties":{"net":"out","o":5}},{"type":"Feature","geometry":{"type":"LineString","coordinates":[[-82.56494,36.2918],[-82.56698,36.28932],[-82.56797,36.28788]]},"properties":{"net":"out","o":4}},{"type":"Feature","geometry":{"type":"LineString","coordinates":[[-82.57319,36.3345],[-82.56988,36.33321]]},"properties":{"net":"out","o":4}},{"type":"Feature","geometry":{"type":"LineString","coordinates":[[-82.56988,36.33321],[-82.56867,36.33283],[-82.56852,36.33273],[-82.56848,36.33249]]},"properties":{"net":"out","o":4}},{"type":"Feature","geometry":{"type":"LineString","coordinates":[[-82.56407,36.32745],[-82.56301,36.32679],[-82.56237,36.32653]]},"properties":{"net":"out","o":4}},{"type":"Feature","geometry":{"type":"LineString","coordinates":[[-82.47212,36.16813],[-82.47189,36.16864],[-82.47054,36.17012]]},"properties":{"net":"out","o":4}},{"type":"Feature","geometry":{"type":"LineString","coordinates":[[-82.46381,36.15401],[-82.46413,36.15487],[-82.46407,36.15575],[-82.46421,36.15673],[-82.46421,36.15764],[-82.46388,36.15917],[-82.46417,36.15971],[-82.46404,36.16045],[-82.46341,36.16128],[-82.46334,36.16168],[-82.46348,36.16211],[-82.46387,36.16269],[-82.46394,36.16333]]},"properties":{"net":"out","o":4}},{"type":"Feature","geometry":{"type":"LineString","coordinates":[[-82.46658,36.17441],[-82.46655,36.17443]]},"properties":{"net":"out","o":7}},{"type":"Feature","geometry":{"type":"LineString","coordinates":[[-82.57787,36.05254],[-82.5774,36.05265],[-82.57686,36.05265],[-82.57567,36.05227]]},"properties":{"net":"out","o":5}},{"type":"Feature","geometry":{"type":"LineString","coordinates":[[-82.47143,35.97085],[-82.47037,35.96968],[-82.46958,35.96825],[-82.46951,35.96756],[-82.46935,35.96723],[-82.46934,35.96669],[-82.4692,35.96625],[-82.46897,35.96599],[-82.46829,35.96557]]},"properties":{"net":"sm2919","o":2}},{"type":"Feature","geometry":{"type":"LineString","coordinates":[[-82.46242,35.96347],[-82.46222,35.96416],[-82.46221,35.96475],[-82.4612,35.96682],[-82.46107,35.96799]]},"properties":{"net":"sm2919","o":2}},{"type":"Feature","geometry":{"type":"LineString","coordinates":[[-82.45901,35.97039],[-82.4587,35.97087],[-82.45827,35.97127],[-82.4573,35.97176],[-82.45545,35.97314],[-82.45484,35.97341],[-82.45318,35.97385],[-82.45278,35.97401],[-82.4525,35.97423]]},"properties":{"net":"sm2919","o":3}},{"type":"Feature","geometry":{"type":"LineString","coordinates":[[-82.47182,35.98925],[-82.47104,35.98944],[-82.47014,35.98936],[-82.46854,35.98852],[-82.46596,35.98743]]},"properties":{"net":"sm2919","o":1}},{"type":"Feature","geometry":{"type":"LineString","coordinates":[[-82.47997,36.09417],[-82.47956,36.09511],[-82.47897,36.09583],[-82.47722,36.09675]]},"properties":{"net":"out","o":6}},{"type":"Feature","geometry":{"type":"LineString","coordinates":[[-82.47732,36.09682],[-82.47722,36.09675]]},"properties":{"net":"out","o":4}},{"type":"Feature","geometry":{"type":"LineString","coordinates":[[-82.46105,36.11489],[-82.45984,36.11642]]},"properties":{"net":"out","o":6}},{"type":"Feature","geometry":{"type":"LineString","coordinates":[[-82.46998,35.96532],[-82.46919,35.96521],[-82.46829,35.96557]]},"properties":{"net":"sm2919","o":3}},{"type":"Feature","geometry":{"type":"LineString","coordinates":[[-82.46445,35.99534],[-82.46358,35.99492],[-82.46305,35.99433],[-82.46282,35.99381],[-82.46283,35.99312],[-82.46256,35.99245],[-82.4604,35.99144]]},"properties":{"net":"sm2919","o":1}},{"type":"Feature","geometry":{"type":"LineString","coordinates":[[-82.47415,36.07127],[-82.47529,36.07132],[-82.47562,36.07173],[-82.47583,36.07227]]},"properties":{"net":"out","o":4}},{"type":"Feature","geometry":{"type":"LineString","coordinates":[[-82.45683,35.97955],[-82.45621,35.97916],[-82.45492,35.97878],[-82.45458,35.97853],[-82.45382,35.97768],[-82.45324,35.97736],[-82.45242,35.97712],[-82.45197,35.9768],[-82.45165,35.97641]]},"properties":{"net":"sm2919","o":1}},{"type":"Feature","geometry":{"type":"LineString","coordinates":[[-82.44701,35.96043],[-82.44856,35.96087],[-82.45047,35.96123],[-82.45148,35.96178],[-82.45218,35.96235],[-82.45284,35.96251],[-82.45327,35.9629]]},"properties":{"net":"sm2919","o":1}},{"type":"Feature","geometry":{"type":"LineString","coordinates":[[-82.44588,35.96832],[-82.44676,35.96884],[-82.44696,35.96916],[-82.44779,35.96975],[-82.44789,35.96988],[-82.44787,35.97042],[-82.44819,35.97097],[-82.44886,35.97157],[-82.44967,35.97209],[-82.45026,35.97271],[-82.45098,35.97368],[-82.45237,35.97434]]},"properties":{"net":"sm2919","o":1}},{"type":"Feature","geometry":{"type":"LineString","coordinates":[[-82.44699,35.9785],[-82.44664,35.97844],[-82.4455,35.97872],[-82.44487,35.97858]]},"properties":{"net":"sm2919","o":3}},{"type":"Feature","geometry":{"type":"LineString","coordinates":[[-82.44348,35.96422],[-82.44258,35.96439],[-82.4415,35.96479],[-82.44013,35.96488]]},"properties":{"net":"sm2919","o":1}},{"type":"Feature","geometry":{"type":"LineString","coordinates":[[-82.4537,35.9897],[-82.45287,35.98933],[-82.45185,35.98923]]},"properties":{"net":"sm2919","o":3}},{"type":"Feature","geometry":{"type":"LineString","coordinates":[[-82.55202,36.30653],[-82.55239,36.30588]]},"properties":{"net":"out","o":4}},{"type":"Feature","geometry":{"type":"LineString","coordinates":[[-82.54433,36.314],[-82.54443,36.31385]]},"properties":{"net":"out","o":4}},{"type":"Feature","geometry":{"type":"LineString","coordinates":[[-82.55229,36.33777],[-82.55266,36.33726],[-82.55306,36.33718]]},"properties":{"net":"out","o":4}},{"type":"Feature","geometry":{"type":"LineString","coordinates":[[-82.54605,36.34467],[-82.54724,36.34343]]},"properties":{"net":"out","o":4}},{"type":"Feature","geometry":{"type":"LineString","coordinates":[[-82.44105,35.91206],[-82.44047,35.91245]]},"properties":{"net":"out","o":4}},{"type":"Feature","geometry":{"type":"LineString","coordinates":[[-82.45096,35.9571],[-82.45106,35.9582],[-82.45094,35.95909],[-82.4521,35.96117],[-82.45271,35.96179],[-82.45311,35.96242],[-82.45327,35.9629]]},"properties":{"net":"sm2919","o":1}},{"type":"Feature","geometry":{"type":"LineString","coordinates":[[-82.5442,36.31406],[-82.54433,36.314]]},"properties":{"net":"out","o":4}},{"type":"Feature","geometry":{"type":"LineString","coordinates":[[-82.5539,36.33608],[-82.55403,36.33586],[-82.55451,36.33558],[-82.55478,36.33509],[-82.55578,36.33417],[-82.55581,36.33397],[-82.55565,36.33376],[-82.5558,36.33351],[-82.55638,36.3332],[-82.55714,36.33242],[-82.55768,36.33222],[-82.55776,36.33188]]},"properties":{"net":"out","o":4}},{"type":"Feature","geometry":{"type":"LineString","coordinates":[[-82.55306,36.33718],[-82.55326,36.33673],[-82.5539,36.33608]]},"properties":{"net":"out","o":4}},{"type":"Feature","geometry":{"type":"LineString","coordinates":[[-82.54009,36.00887],[-82.54048,36.00904]]},"properties":{"net":"out","o":4}},{"type":"Feature","geometry":{"type":"LineString","coordinates":[[-82.53091,36.04603],[-82.53055,36.04622]]},"properties":{"net":"out","o":6}},{"type":"Feature","geometry":{"type":"LineString","coordinates":[[-82.52344,36.05812],[-82.52216,36.05905]]},"properties":{"net":"out","o":6}},{"type":"Feature","geometry":{"type":"LineString","coordinates":[[-82.61268,36.20313],[-82.61272,36.20297],[-82.6122,36.20258]]},"properties":{"net":"out","o":5}},{"type":"Feature","geometry":{"type":"LineString","coordinates":[[-82.60613,36.20777],[-82.60727,36.20513],[-82.60778,36.20437],[-82.60883,36.20239],[-82.60914,36.20238],[-82.60924,36.20254],[-82.60927,36.20307],[-82.60965,36.20324],[-82.61193,36.20327],[-82.61268,36.20313]]},"properties":{"net":"out","o":5}},{"type":"Feature","geometry":{"type":"LineString","coordinates":[[-82.60325,36.21008],[-82.60332,36.20971],[-82.60359,36.20934],[-82.60425,36.20918],[-82.60496,36.20925],[-82.60579,36.20865],[-82.60609,36.20817],[-82.60613,36.20777]]},"properties":{"net":"out","o":5}},{"type":"Feature","geometry":{"type":"LineString","coordinates":[[-82.42637,35.97023],[-82.42618,35.97153]]},"properties":{"net":"sm2919","o":2}},{"type":"Feature","geometry":{"type":"LineString","coordinates":[[-82.42694,36.00013],[-82.42702,35.99978],[-82.42671,35.99879],[-82.42663,35.99821],[-82.42687,35.9973],[-82.42684,35.99667]]},"properties":{"net":"sm2919","o":1}},{"type":"Feature","geometry":{"type":"LineString","coordinates":[[-82.4347,36.14335],[-82.4357,36.14311],[-82.4373,36.14206]]},"properties":{"net":"out","o":7}},{"type":"Feature","geometry":{"type":"LineString","coordinates":[[-82.43333,36.13632],[-82.43312,36.13651]]},"properties":{"net":"out","o":7}},{"type":"Feature","geometry":{"type":"LineString","coordinates":[[-82.41786,36.15053],[-82.41862,36.14994],[-82.42036,36.14956],[-82.42093,36.14931],[-82.42143,36.14833],[-82.42199,36.14794],[-82.42249,36.1478],[-82.42279,36.14707],[-82.42275,36.14685]]},"properties":{"net":"out","o":6}},{"type":"Feature","geometry":{"type":"LineString","coordinates":[[-82.42253,36.24856],[-82.4229,36.24844],[-82.42414,36.24754],[-82.42536,36.247],[-82.42565,36.24695],[-82.42604,36.24703],[-82.42633,36.2469]]},"properties":{"net":"out","o":4}},{"type":"Feature","geometry":{"type":"LineString","coordinates":[[-82.60708,36.13972],[-82.60668,36.13986],[-82.60626,36.14035],[-82.6057,36.14167]]},"properties":{"net":"out","o":5}},{"type":"Feature","geometry":{"type":"LineString","coordinates":[[-82.60594,36.25363],[-82.60751,36.25318],[-82.6077,36.25304],[-82.6077,36.25279],[-82.60707,36.25154],[-82.60696,36.25108]]},"properties":{"net":"out","o":5}},{"type":"Feature","geometry":{"type":"LineString","coordinates":[[-82.42834,35.91305],[-82.42781,35.91304],[-82.42703,35.91337],[-82.42593,35.91314]]},"properties":{"net":"out","o":4}},{"type":"Feature","geometry":{"type":"LineString","coordinates":[[-82.61691,36.09103],[-82.61764,36.09181],[-82.61782,36.09225],[-82.61793,36.09354],[-82.6182,36.09456],[-82.61884,36.09573],[-82.61951,36.09652]]},"properties":{"net":"out","o":4}},{"type":"Feature","geometry":{"type":"LineString","coordinates":[[-82.67475,36.3507],[-82.67501,36.35089]]},"properties":{"net":"out","o":5}},{"type":"Feature","geometry":{"type":"LineString","coordinates":[[-82.50108,36.04763],[-82.50135,36.0491],[-82.50135,36.0496],[-82.50062,36.05125],[-82.50045,36.05203],[-82.50057,36.0523],[-82.50101,36.05253],[-82.50267,36.05304]]},"properties":{"net":"out","o":5}},{"type":"Feature","geometry":{"type":"LineString","coordinates":[[-82.51875,36.06948],[-82.51802,36.06932],[-82.5166,36.06926]]},"properties":{"net":"out","o":6}},{"type":"Feature","geometry":{"type":"LineString","coordinates":[[-82.51558,36.18912],[-82.51614,36.18878]]},"properties":{"net":"out","o":7}},{"type":"Feature","geometry":{"type":"LineString","coordinates":[[-82.51018,36.25763],[-82.51019,36.25762]]},"properties":{"net":"out","o":4}},{"type":"Feature","geometry":{"type":"LineString","coordinates":[[-82.50296,36.26022],[-82.50306,36.26004],[-82.50373,36.25949],[-82.50453,36.25924],[-82.50463,36.25892]]},"properties":{"net":"out","o":4}},{"type":"Feature","geometry":{"type":"LineString","coordinates":[[-82.51009,36.02611],[-82.50992,36.02731]]},"properties":{"net":"out","o":4}},{"type":"Feature","geometry":{"type":"LineString","coordinates":[[-82.50882,36.03139],[-82.50934,36.03212],[-82.50937,36.0325],[-82.50913,36.03314],[-82.50936,36.03358],[-82.50941,36.03408]]},"properties":{"net":"out","o":4}},{"type":"Feature","geometry":{"type":"LineString","coordinates":[[-82.6713,36.16266],[-82.67185,36.16254],[-82.67213,36.16207],[-82.67316,36.16115],[-82.67493,36.16039],[-82.67553,36.15973],[-82.67596,36.15958],[-82.6769,36.15948],[-82.67805,36.15954]]},"properties":{"net":"out","o":4}},{"type":"Feature","geometry":{"type":"LineString","coordinates":[[-82.67836,36.20816],[-82.67986,36.20764],[-82.68123,36.20682],[-82.68181,36.20635],[-82.68222,36.20582],[-82.6833,36.20498]]},"properties":{"net":"out","o":7}},{"type":"Feature","geometry":{"type":"LineString","coordinates":[[-82.67312,36.20883],[-82.674,36.20872],[-82.6761,36.20812],[-82.6777,36.20827],[-82.67836,36.20816]]},"properties":{"net":"out","o":7}},{"type":"Feature","geometry":{"type":"LineString","coordinates":[[-82.68086,36.0894],[-82.68153,36.08951],[-82.68213,36.08978],[-82.68232,36.08992],[-82.68283,36.09085]]},"properties":{"net":"out","o":4}},{"type":"Feature","geometry":{"type":"LineString","coordinates":[[-82.66278,36.3571],[-82.6649,36.35563],[-82.66584,36.35462],[-82.66627,36.35453],[-82.66678,36.35423],[-82.66746,36.35407],[-82.66772,36.35382]]},"properties":{"net":"out","o":4}},{"type":"Feature","geometry":{"type":"LineString","coordinates":[[-82.66167,36.34539],[-82.66219,36.34616],[-82.66256,36.34651]]},"properties":{"net":"out","o":4}},{"type":"Feature","geometry":{"type":"LineString","coordinates":[[-82.65756,36.36349],[-82.65749,36.36319],[-82.65777,36.36281],[-82.65832,36.36251]]},"properties":{"net":"out","o":4}},{"type":"Feature","geometry":{"type":"LineString","coordinates":[[-82.66067,36.21097],[-82.66086,36.21096],[-82.66101,36.21112],[-82.66214,36.21114],[-82.6628,36.21099],[-82.66339,36.21073],[-82.66375,36.21074],[-82.66501,36.2103],[-82.66519,36.21032],[-82.66554,36.21011],[-82.6659,36.21012],[-82.6664,36.20988],[-82.66662,36.20991],[-82.66711,36.20971],[-82.66752,36.20972]]},"properties":{"net":"out","o":7}},{"type":"Feature","geometry":{"type":"LineString","coordinates":[[-82.65939,36.20444],[-82.65993,36.20497],[-82.65998,36.20646],[-82.66008,36.20668]]},"properties":{"net":"out","o":7}},{"type":"Feature","geometry":{"type":"LineString","coordinates":[[-82.6493,36.25446],[-82.64928,36.25431],[-82.64911,36.25416],[-82.64866,36.2542],[-82.64837,36.25401],[-82.64842,36.25364],[-82.64828,36.25343],[-82.6478,36.25331],[-82.64724,36.25233],[-82.64735,36.2519],[-82.647,36.25168],[-82.64678,36.25121],[-82.64652,36.25098],[-82.64593,36.25106],[-82.64573,36.25136],[-82.64534,36.25147],[-82.6451,36.25127],[-82.64439,36.25119]]},"properties":{"net":"out","o":4}},{"type":"Feature","geometry":{"type":"LineString","coordinates":[[-82.64441,36.31878],[-82.64468,36.31816],[-82.64509,36.31761],[-82.64536,36.31694],[-82.64592,36.31649],[-82.64623,36.31603],[-82.64728,36.31519],[-82.64746,36.31519],[-82.64804,36.31552],[-82.64841,36.31532],[-82.64878,36.31452],[-82.64887,36.31386],[-82.64913,36.31316]]},"properties":{"net":"out","o":4}},{"type":"Feature","geometry":{"type":"LineString","coordinates":[[-82.47417,36.21395],[-82.47446,36.21384],[-82.47534,36.21381],[-82.47641,36.21403],[-82.47724,36.2139],[-82.47831,36.2139]]},"properties":{"net":"out","o":5}},{"type":"Feature","geometry":{"type":"LineString","coordinates":[[-82.4644,36.22821],[-82.46459,36.22813],[-82.46546,36.22845],[-82.46564,36.22843],[-82.46585,36.22827],[-82.46598,36.22788],[-82.46588,36.22641],[-82.46537,36.22565],[-82.46542,36.22516],[-82.46637,36.22408],[-82.46709,36.22276],[-82.4681,36.22214],[-82.46832,36.2219],[-82.46912,36.22013],[-82.46996,36.21957],[-82.47105,36.2186],[-82.47111,36.21841],[-82.47098,36.21807],[-82.47216,36.2176]]},"properties":{"net":"out","o":4}},{"type":"Feature","geometry":{"type":"LineString","coordinates":[[-82.63267,36.19341],[-82.63441,36.19424],[-82.63618,36.19545],[-82.63721,36.19628],[-82.63846,36.19693],[-82.63868,36.19695]]},"properties":{"net":"out","o":7}},{"type":"Feature","geometry":{"type":"LineString","coordinates":[[-82.63176,36.22675],[-82.63176,36.22669]]},"properties":{"net":"out","o":5}},{"type":"Feature","geometry":{"type":"LineString","coordinates":[[-82.63529,36.25147],[-82.63568,36.25037],[-82.63614,36.2504],[-82.63658,36.25005],[-82.63864,36.24909],[-82.63895,36.2488]]},"properties":{"net":"out","o":5}},{"type":"Feature","geometry":{"type":"LineString","coordinates":[[-82.44352,36.14869],[-82.44333,36.14903],[-82.44313,36.14915],[-82.44247,36.1503],[-82.44222,36.1512]]},"properties":{"net":"out","o":7}},{"type":"Feature","geometry":{"type":"LineString","coordinates":[[-82.44394,36.12844],[-82.44087,36.13027]]},"properties":{"net":"out","o":7}},{"type":"Feature","geometry":{"type":"LineString","coordinates":[[-82.44455,36.16331],[-82.4453,36.1641]]},"properties":{"net":"out","o":7}},{"type":"Feature","geometry":{"type":"LineString","coordinates":[[-82.4519,36.19433],[-82.45259,36.19595],[-82.45255,36.19641],[-82.45267,36.197],[-82.45257,36.19786],[-82.45268,36.19798],[-82.45262,36.19905],[-82.45292,36.19997]]},"properties":{"net":"out","o":7}},{"type":"Feature","geometry":{"type":"LineString","coordinates":[[-82.44795,36.10636],[-82.44812,36.1067]]},"properties":{"net":"out","o":7}},{"type":"Feature","geometry":{"type":"LineString","coordinates":[[-82.45753,36.11762],[-82.45722,36.11752],[-82.45676,36.11707],[-82.45579,36.11516],[-82.4553,36.11463],[-82.45421,36.11411],[-82.45355,36.11404],[-82.45308,36.11409],[-82.45262,36.1144],[-82.45207,36.1152],[-82.45082,36.11585],[-82.45055,36.11611],[-82.44976,36.11797],[-82.44959,36.11892],[-82.44918,36.11961]]},"properties":{"net":"out","o":6}},{"type":"Feature","geometry":{"type":"LineString","coordinates":[[-82.44959,36.17204],[-82.45094,36.17286],[-82.45165,36.17311]]},"properties":{"net":"out","o":4}},{"type":"Feature","geometry":{"type":"LineString","coordinates":[[-82.72855,36.36543],[-82.7285,36.36534],[-82.7287,36.36467],[-82.72855,36.36433]]},"properties":{"net":"out","o":4}},{"type":"Feature","geometry":{"type":"LineString","coordinates":[[-82.71584,36.36197],[-82.71625,36.36204],[-82.71659,36.36229]]},"properties":{"net":"out","o":5}},{"type":"Feature","geometry":{"type":"LineString","coordinates":[[-82.19794,35.86189],[-82.19762,35.86318],[-82.19759,35.86457],[-82.1973,35.86557],[-82.19734,35.86587],[-82.19779,35.86671],[-82.19757,35.86722],[-82.19689,35.86791],[-82.19667,35.86861],[-82.19659,35.86936],[-82.1967,35.87017]]},"properties":{"net":"sm2729","o":1}},{"type":"Feature","geometry":{"type":"LineString","coordinates":[[-82.1967,35.87017],[-82.19677,35.87119]]},"properties":{"net":"sm2728","o":1}},{"type":"Feature","geometry":{"type":"LineString","coordinates":[[-82.17825,35.88781],[-82.1791,35.88796],[-82.17989,35.88798]]},"properties":{"net":"sm2733","o":2}},{"type":"Feature","geometry":{"type":"LineString","coordinates":[[-82.18592,35.94346],[-82.18612,35.94358]]},"properties":{"net":"out","o":5}},{"type":"Feature","geometry":{"type":"LineString","coordinates":[[-82.19361,35.96663],[-82.1941,35.96719],[-82.19395,35.96796],[-82.19373,35.96823],[-82.19255,35.96896]]},"properties":{"net":"out","o":6}},{"type":"Feature","geometry":{"type":"LineString","coordinates":[[-82.19653,35.99169],[-82.19723,35.99206],[-82.19779,35.99271],[-82.19764,35.99424],[-82.19789,35.99536],[-82.19833,35.99591],[-82.19913,35.99651],[-82.20185,35.99943],[-82.20183,35.99953],[-82.20206,35.99978],[-82.20202,36.00017],[-82.20228,36.00046],[-82.20233,36.00068],[-82.20308,36.00181],[-82.20372,36.0025],[-82.20431,36.00445]]},"properties":{"net":"out","o":6}},{"type":"Feature","geometry":{"type":"LineString","coordinates":[[-82.18949,36.01322],[-82.18967,36.01346],[-82.19104,36.01426]]},"properties":{"net":"NC6250","o":4}},{"type":"Feature","geometry":{"type":"LineString","coordinates":[[-82.19104,36.01426],[-82.19104,36.01426]]},"properties":{"net":"out","o":4}},{"type":"Feature","geometry":{"type":"LineString","coordinates":[[-82.18945,36.01289],[-82.18949,36.01322]]},"properties":{"net":"NC6250","o":4}},{"type":"Feature","geometry":{"type":"LineString","coordinates":[[-82.18851,36.01155],[-82.18876,36.01157],[-82.18897,36.01178],[-82.1893,36.01243]]},"properties":{"net":"NC6250","o":4}},{"type":"Feature","geometry":{"type":"LineString","coordinates":[[-82.18336,36.01799],[-82.18409,36.01829],[-82.185,36.01825],[-82.18583,36.01787],[-82.18654,36.01741]]},"properties":{"net":"NC6250","o":4}},{"type":"Feature","geometry":{"type":"LineString","coordinates":[[-82.04563,35.90552],[-82.04609,35.90546],[-82.0468,35.90555],[-82.04717,35.90573],[-82.04747,35.90609],[-82.04795,35.90713],[-82.04856,35.90778],[-82.04911,35.90808]]},"properties":{"net":"NC6575","o":4}},{"type":"Feature","geometry":{"type":"LineString","coordinates":[[-82.04308,35.90565],[-82.04414,35.90574],[-82.04563,35.90552]]},"properties":{"net":"NC6575","o":4}},{"type":"Feature","geometry":{"type":"LineString","coordinates":[[-82.03183,35.90083],[-82.03348,35.90134],[-82.0347,35.90206],[-82.0362,35.90274],[-82.04023,35.90416],[-82.04084,35.90452],[-82.04188,35.90551],[-82.04308,35.90565]]},"properties":{"net":"NC6575","o":4}},{"type":"Feature","geometry":{"type":"LineString","coordinates":[[-82.00974,35.95062],[-82.00797,35.9496]]},"properties":{"net":"NC6575","o":4}},{"type":"Feature","geometry":{"type":"LineString","coordinates":[[-82.14617,35.86699],[-82.14621,35.86754],[-82.14542,35.86877],[-82.14521,35.86976],[-82.14537,35.87057],[-82.14602,35.87155],[-82.1458,35.87345],[-82.14572,35.87371],[-82.14501,35.87434],[-82.14467,35.87477],[-82.14467,35.87515]]},"properties":{"net":"out","o":4}},{"type":"Feature","geometry":{"type":"LineString","coordinates":[[-82.16309,36.01367],[-82.16362,36.01334],[-82.16422,36.0133]]},"properties":{"net":"NC6250","o":4}},{"type":"Feature","geometry":{"type":"LineString","coordinates":[[-82.74137,36.35016],[-82.7414,36.35014]]},"properties":{"net":"out","o":4}},{"type":"Feature","geometry":{"type":"LineString","coordinates":[[-82.73659,36.3559],[-82.73722,36.35508],[-82.73742,36.35438],[-82.737,36.35381],[-82.73654,36.35355],[-82.73654,36.35345],[-82.73698,36.35294],[-82.73763,36.35278],[-82.73803,36.35256]]},"properties":{"net":"out","o":4}},{"type":"Feature","geometry":{"type":"LineString","coordinates":[[-82.00618,35.91786],[-82.00815,35.91773],[-82.0084,35.91761],[-82.00857,35.91729]]},"properties":{"net":"NC6575","o":4}},{"type":"Feature","geometry":{"type":"LineString","coordinates":[[-82.01167,36.02298],[-82.0123,36.02241],[-82.01261,36.02244],[-82.0139,36.02212],[-82.01541,36.02104],[-82.01568,36.02107],[-82.01611,36.02119],[-82.01655,36.02146],[-82.01681,36.02178],[-82.01703,36.02257],[-82.01694,36.02328],[-82.017,36.02415],[-82.01722,36.02443],[-82.01774,36.0246]]},"properties":{"net":"NC6575","o":4}},{"type":"Feature","geometry":{"type":"LineString","coordinates":[[-82.00008,36.06574],[-82.00022,36.06556],[-82.00074,36.06534],[-82.00108,36.06547],[-82.00135,36.0657]]},"properties":{"net":"NC6622","o":4}},{"type":"Feature","geometry":{"type":"LineString","coordinates":[[-82.10835,36.01551],[-82.10876,36.01548],[-82.10909,36.0152],[-82.10986,36.01479],[-82.11046,36.01454],[-82.11073,36.01452],[-82.111,36.01462],[-82.11166,36.01539],[-82.11213,36.01572]]},"properties":{"net":"NC6250","o":4}},{"type":"Feature","geometry":{"type":"LineString","coordinates":[[-82.7684,36.30338],[-82.76905,36.30314]]},"properties":{"net":"out","o":5}},{"type":"Feature","geometry":{"type":"LineString","coordinates":[[-81.95723,36.00319],[-81.95811,36.00272],[-81.95874,36.00194],[-81.96011,36.00152],[-81.96078,36.0012],[-81.96111,36.00094],[-81.96132,36.0006],[-81.96134,36.00017],[-81.96204,35.99968],[-81.96218,35.99945],[-81.96225,35.99896],[-81.96264,35.99826]]},"properties":{"net":"sm2927","o":1}},{"type":"Feature","geometry":{"type":"LineString","coordinates":[[-82.76449,36.33436],[-82.76454,36.33437]]},"properties":{"net":"out","o":4}},{"type":"Feature","geometry":{"type":"LineString","coordinates":[[-82.75995,36.33398],[-82.7606,36.33404],[-82.76168,36.33483],[-82.76196,36.3347],[-82.7624,36.33472],[-82.76273,36.33452],[-82.7632,36.33446],[-82.76351,36.33399],[-82.76385,36.33404],[-82.76449,36.33436]]},"properties":{"net":"out","o":4}},{"type":"Feature","geometry":{"type":"LineString","coordinates":[[-82.75891,36.34791],[-82.75952,36.34805],[-82.75973,36.34789],[-82.75973,36.34735],[-82.76043,36.34703],[-82.76088,36.34704],[-82.76108,36.34692],[-82.76127,36.34662],[-82.76167,36.34641],[-82.76194,36.3459],[-82.76346,36.34502],[-82.76397,36.34489]]},"properties":{"net":"out","o":6}},{"type":"Feature","geometry":{"type":"LineString","coordinates":[[-82.72856,36.24831],[-82.72876,36.24814],[-82.72871,36.24784],[-82.7294,36.24753],[-82.72937,36.24706],[-82.72972,36.24619],[-82.73047,36.24566],[-82.731,36.24541],[-82.73094,36.24517],[-82.7306,36.24501],[-82.73086,36.24436],[-82.73076,36.24409],[-82.7311,36.24364],[-82.73186,36.2422],[-82.73243,36.2417]]},"properties":{"net":"out","o":4}},{"type":"Feature","geometry":{"type":"LineString","coordinates":[[-82.7477,36.34893],[-82.74855,36.34925],[-82.75,36.3496],[-82.75042,36.34966],[-82.75063,36.34954],[-82.75122,36.34874],[-82.75147,36.34809],[-82.7514,36.3475],[-82.75166,36.34647]]},"properties":{"net":"out","o":6}},{"type":"Feature","geometry":{"type":"LineString","coordinates":[[-82.72279,36.35564],[-82.72297,36.35544],[-82.72302,36.35518]]},"properties":{"net":"out","o":6}},{"type":"Feature","geometry":{"type":"LineString","coordinates":[[-82.19007,35.78746],[-82.19147,35.78869],[-82.19361,35.78985],[-82.19614,35.79087],[-82.19721,35.79096],[-82.19763,35.7914],[-82.19786,35.79178],[-82.19803,35.79223],[-82.19811,35.79287],[-82.19832,35.79331]]},"properties":{"net":"sm2679","o":1}},{"type":"Feature","geometry":{"type":"LineString","coordinates":[[-82.19832,35.79331],[-82.199,35.79482],[-82.19961,35.79534]]},"properties":{"net":"sm2676","o":1}},{"type":"Feature","geometry":{"type":"LineString","coordinates":[[-82.20568,35.79815],[-82.20518,35.79809],[-82.20452,35.79828],[-82.20338,35.79963],[-82.20338,35.79981]]},"properties":{"net":"sm2676","o":4}},{"type":"Feature","geometry":{"type":"LineString","coordinates":[[-82.2017,35.79489],[-82.20317,35.79546],[-82.20448,35.79547],[-82.20522,35.79563],[-82.20551,35.79602],[-82.20598,35.79738],[-82.20588,35.79794],[-82.20568,35.79815]]},"properties":{"net":"sm2676","o":4}},{"type":"Feature","geometry":{"type":"LineString","coordinates":[[-82.19677,35.87119],[-82.19678,35.87126]]},"properties":{"net":"sm2728","o":1}},{"type":"Feature","geometry":{"type":"LineString","coordinates":[[-82.13066,36.05815],[-82.13157,36.05759],[-82.13193,36.05722],[-82.13202,36.05697]]},"properties":{"net":"out","o":4}},{"type":"Feature","geometry":{"type":"LineString","coordinates":[[-82.18531,35.7693],[-82.18548,35.76916]]},"properties":{"net":"sm2671","o":3}},{"type":"Feature","geometry":{"type":"LineString","coordinates":[[-82.18038,35.87221],[-82.18012,35.87208]]},"properties":{"net":"sm2719","o":1}},{"type":"Feature","geometry":{"type":"LineString","coordinates":[[-82.17387,35.86684],[-82.17354,35.8673],[-82.17341,35.86805],[-82.17346,35.86827],[-82.17405,35.86895],[-82.17445,35.86925],[-82.17471,35.86932],[-82.17506,35.86965],[-82.17507,35.86983],[-82.17519,35.86988]]},"properties":{"net":"sm2724","o":4}},{"type":"Feature","geometry":{"type":"LineString","coordinates":[[-82.16611,35.89238],[-82.16641,35.89281],[-82.16695,35.89307],[-82.16758,35.89376],[-82.16872,35.8944],[-82.16909,35.89479],[-82.16952,35.89502]]},"properties":{"net":"sm2738","o":1}},{"type":"Feature","geometry":{"type":"LineString","coordinates":[[-82.16952,35.89502],[-82.16985,35.89524],[-82.17007,35.89558]]},"properties":{"net":"sm2737","o":1}},{"type":"Feature","geometry":{"type":"LineString","coordinates":[[-82.17007,35.89558],[-82.1711,35.89606],[-82.17154,35.89693],[-82.17252,35.89769]]},"properties":{"net":"sm2736","o":1}},{"type":"Feature","geometry":{"type":"LineString","coordinates":[[-82.17252,35.89769],[-82.17377,35.89871]]},"properties":{"net":"sm2735","o":1}},{"type":"Feature","geometry":{"type":"LineString","coordinates":[[-82.17377,35.89871],[-82.17418,35.89918],[-82.17489,35.89957],[-82.17528,35.90009],[-82.17542,35.90057],[-82.17525,35.90146],[-82.17579,35.90213],[-82.17596,35.90228],[-82.17646,35.90245],[-82.17709,35.90219]]},"properties":{"net":"sm2741","o":1}},{"type":"Feature","geometry":{"type":"LineString","coordinates":[[-82.18051,35.93621],[-82.1814,35.93657],[-82.18197,35.93667],[-82.18261,35.93711],[-82.1831,35.93716],[-82.18407,35.93825]]},"properties":{"net":"out","o":5}},{"type":"Feature","geometry":{"type":"LineString","coordinates":[[-82.14122,35.8568],[-82.14117,35.85787]]},"properties":{"net":"out","o":4}},{"type":"Feature","geometry":{"type":"LineString","coordinates":[[-82.12574,35.91561],[-82.12505,35.91495],[-82.12495,35.91469],[-82.12489,35.91405],[-82.125,35.91286],[-82.12508,35.91271],[-82.12634,35.91149],[-82.12755,35.91137],[-82.12888,35.91146]]},"properties":{"net":"sm2920","o":1}},{"type":"Feature","geometry":{"type":"LineString","coordinates":[[-82.13377,35.93688],[-82.13533,35.93655],[-82.13586,35.93661]]},"properties":{"net":"out","o":5}},{"type":"Feature","geometry":{"type":"LineString","coordinates":[[-82.0149,35.97172],[-82.01546,35.97164],[-82.01825,35.97197],[-82.0188,35.97193],[-82.019,35.97181]]},"properties":{"net":"NC6575","o":4}},{"type":"Feature","geometry":{"type":"LineString","coordinates":[[-82.02033,36.00466],[-82.02015,36.0043],[-82.02006,36.00379],[-82.02018,36.00319],[-82.02006,36.00307],[-82.02016,36.00254],[-82.02028,36.00241],[-82.02043,36.00109],[-82.02033,36.00039],[-82.01905,35.99814],[-82.01914,35.99764],[-82.01889,35.99697]]},"properties":{"net":"NC6575","o":4}},{"type":"Feature","geometry":{"type":"LineString","coordinates":[[-82.01894,36.05894],[-82.0193,36.05931],[-82.01971,36.05932],[-82.02006,36.05914]]},"properties":{"net":"NC6622","o":4}},{"type":"Feature","geometry":{"type":"LineString","coordinates":[[-81.92221,36.0718],[-81.92229,36.07228]]},"properties":{"net":"NC3237","o":2}},{"type":"Feature","geometry":{"type":"LineString","coordinates":[[-82.41102,36.15639],[-82.41215,36.15484],[-82.41232,36.15471]]},"properties":{"net":"out","o":6}},{"type":"Feature","geometry":{"type":"LineString","coordinates":[[-82.40339,36.1628],[-82.40347,36.1628]]},"properties":{"net":"out","o":4}},{"type":"Feature","geometry":{"type":"LineString","coordinates":[[-82.41337,36.21131],[-82.41386,36.20928]]},"properties":{"net":"out","o":5}},{"type":"Feature","geometry":{"type":"LineString","coordinates":[[-82.40895,36.21718],[-82.41009,36.2158],[-82.41015,36.21513]]},"properties":{"net":"out","o":4}},{"type":"Feature","geometry":{"type":"LineString","coordinates":[[-82.3218,35.86897],[-82.32196,35.86913],[-82.32199,35.86958]]},"properties":{"net":"NC3200","o":4}},{"type":"Feature","geometry":{"type":"LineString","coordinates":[[-83.24193,36.12683],[-83.24341,36.12644],[-83.24508,36.12543],[-83.24572,36.12485],[-83.24623,36.12419]]},"properties":{"net":"out","o":7}},{"type":"Feature","geometry":{"type":"LineString","coordinates":[[-83.24652,36.13826],[-83.2454,36.13856],[-83.24449,36.13863],[-83.24294,36.13858],[-83.24262,36.13848],[-83.24244,36.1383],[-83.24241,36.13733]]},"properties":{"net":"out","o":4}},{"type":"Feature","geometry":{"type":"LineString","coordinates":[[-83.22572,36.14621],[-83.22551,36.14473],[-83.2248,36.14332],[-83.22452,36.14228],[-83.22396,36.14129],[-83.22309,36.13924],[-83.22312,36.13907],[-83.22223,36.13793],[-83.22183,36.13734],[-83.22185,36.13724],[-83.22049,36.13536],[-83.2202,36.13468]]},"properties":{"net":"out","o":7}},{"type":"Feature","geometry":{"type":"LineString","coordinates":[[-83.16119,36.14887],[-83.16142,36.14891],[-83.16172,36.14924],[-83.16214,36.14946],[-83.16467,36.15002],[-83.16625,36.15054]]},"properties":{"net":"out","o":7}},{"type":"Feature","geometry":{"type":"LineString","coordinates":[[-83.16625,36.15054],[-83.16748,36.1513],[-83.16815,36.15188],[-83.17086,36.15484],[-83.17245,36.15696],[-83.17275,36.15814],[-83.17264,36.159],[-83.17238,36.15976],[-83.17174,36.16059],[-83.1714,36.16124],[-83.17071,36.16315],[-83.16982,36.16467],[-83.16881,36.16579],[-83.16821,36.16695],[-83.16801,36.16783],[-83.16796,36.16869],[-83.16803,36.1688],[-83.16796,36.16919],[-83.16806,36.16967],[-83.16802,36.16992],[-83.16813,36.17033],[-83.16808,36.17065],[-83.16787,36.17077]]},"properties":{"net":"out","o":7}},{"type":"Feature","geometry":{"type":"LineString","coordinates":[[-83.16141,36.19152],[-83.1617,36.1913],[-83.16185,36.19066],[-83.16149,36.18987],[-83.16152,36.18969],[-83.16177,36.18954],[-83.16277,36.18979],[-83.16339,36.18932],[-83.16439,36.18878],[-83.16451,36.18836],[-83.16403,36.18773],[-83.16416,36.18749],[-83.16463,36.1872]]},"properties":{"net":"out","o":4}},{"type":"Feature","geometry":{"type":"LineString","coordinates":[[-83.18756,36.17105],[-83.18767,36.16939],[-83.18728,36.16828],[-83.18646,36.16675],[-83.18509,36.16507],[-83.18324,36.16315],[-83.18217,36.16246]]},"properties":{"net":"out","o":7}},{"type":"Feature","geometry":{"type":"LineString","coordinates":[[-82.36132,35.91663],[-82.36188,35.91664],[-82.36267,35.91685],[-82.36407,35.91758]]},"properties":{"net":"out","o":5}},{"type":"Feature","geometry":{"type":"LineString","coordinates":[[-82.3638,36.00425],[-82.36321,36.00334],[-82.36233,36.00243]]},"properties":{"net":"out","o":6}},{"type":"Feature","geometry":{"type":"LineString","coordinates":[[-82.36241,36.02228],[-82.36182,36.02116],[-82.36165,36.02057]]},"properties":{"net":"out","o":4}},{"type":"Feature","geometry":{"type":"LineString","coordinates":[[-82.35856,36.01875],[-82.35784,36.0184]]},"properties":{"net":"out","o":4}},{"type":"Feature","geometry":{"type":"LineString","coordinates":[[-83.12546,36.09389],[-83.12589,36.09407],[-83.12649,36.09572]]},"properties":{"net":"out","o":4}},{"type":"Feature","geometry":{"type":"LineString","coordinates":[[-83.11592,36.11097],[-83.11645,36.11107]]},"properties":{"net":"out","o":7}},{"type":"Feature","geometry":{"type":"LineString","coordinates":[[-83.12,36.13741],[-83.12065,36.13745],[-83.12157,36.1378]]},"properties":{"net":"out","o":6}},{"type":"Feature","geometry":{"type":"LineString","coordinates":[[-82.3173,35.8881],[-82.31745,35.88867],[-82.31785,35.88902]]},"properties":{"net":"NC3200","o":4}},{"type":"Feature","geometry":{"type":"LineString","coordinates":[[-82.33045,35.90299],[-82.33192,35.90395]]},"properties":{"net":"NC3200","o":4}},{"type":"Feature","geometry":{"type":"LineString","coordinates":[[-82.31898,36.00654],[-82.31741,36.00647],[-82.31598,36.00657]]},"properties":{"net":"sm2930","o":2}},{"type":"Feature","geometry":{"type":"LineString","coordinates":[[-82.31469,36.01667],[-82.31491,36.01656],[-82.31514,36.01626],[-82.31578,36.01444],[-82.31599,36.01406]]},"properties":{"net":"sm2930","o":1}},{"type":"Feature","geometry":{"type":"LineString","coordinates":[[-82.31274,36.00744],[-82.31294,36.00779],[-82.31403,36.00855],[-82.31454,36.0092]]},"properties":{"net":"sm2930","o":1}},{"type":"Feature","geometry":{"type":"LineString","coordinates":[[-82.31217,36.01597],[-82.31259,36.01556],[-82.31297,36.01537],[-82.31463,36.01506],[-82.31489,36.01491],[-82.3153,36.01422],[-82.31599,36.01406]]},"properties":{"net":"sm2930","o":1}},{"type":"Feature","geometry":{"type":"LineString","coordinates":[[-82.32718,36.02874],[-82.32739,36.02904]]},"properties":{"net":"out","o":6}},{"type":"Feature","geometry":{"type":"LineString","coordinates":[[-82.33047,36.02322],[-82.33068,36.02363],[-82.33073,36.02449],[-82.33041,36.02522],[-82.32958,36.02553],[-82.32875,36.02604],[-82.32841,36.02602],[-82.3277,36.0251],[-82.32718,36.025],[-82.32691,36.02528],[-82.32669,36.02687],[-82.32667,36.02783],[-82.32718,36.02874]]},"properties":{"net":"out","o":6}},{"type":"Feature","geometry":{"type":"LineString","coordinates":[[-82.42684,35.99667],[-82.42642,35.99644],[-82.42556,35.99628],[-82.42435,35.99522],[-82.42411,35.99465],[-82.4236,35.99417],[-82.42311,35.99335],[-82.42263,35.99192],[-82.42219,35.99119],[-82.42198,35.99031]]},"properties":{"net":"sm2919","o":3}},{"type":"Feature","geometry":{"type":"LineString","coordinates":[[-82.42198,35.99031],[-82.42144,35.98962],[-82.41982,35.98896],[-82.4193,35.98715]]},"properties":{"net":"sm2919","o":4}},{"type":"Feature","geometry":{"type":"LineString","coordinates":[[-82.43118,36.09665],[-82.43212,36.09744],[-82.43303,36.09794],[-82.4333,36.09822]]},"properties":{"net":"out","o":7}},{"type":"Feature","geometry":{"type":"LineString","coordinates":[[-82.43288,36.13453],[-82.43263,36.135],[-82.43289,36.13557],[-82.43286,36.13596],[-82.43305,36.13616],[-82.43312,36.13651]]},"properties":{"net":"out","o":7}},{"type":"Feature","geometry":{"type":"LineString","coordinates":[[-82.42623,36.2029],[-82.4264,36.20308],[-82.42637,36.20322]]},"properties":{"net":"out","o":5}},{"type":"Feature","geometry":{"type":"LineString","coordinates":[[-83.02808,36.09152],[-83.02908,36.09098],[-83.02959,36.09092],[-83.02984,36.09077],[-83.0302,36.09077]]},"properties":{"net":"out","o":7}},{"type":"Feature","geometry":{"type":"LineString","coordinates":[[-83.02571,36.09371],[-83.02615,36.09329],[-83.02617,36.09315],[-83.028,36.09172],[-83.02808,36.09152]]},"properties":{"net":"out","o":7}},{"type":"Feature","geometry":{"type":"LineString","coordinates":[[-83.02541,36.21904],[-83.02627,36.21803]]},"properties":{"net":"out","o":4}},{"type":"Feature","geometry":{"type":"LineString","coordinates":[[-82.841,36.31557],[-82.84129,36.31435],[-82.84096,36.31388],[-82.84069,36.31304]]},"properties":{"net":"out","o":5}},{"type":"Feature","geometry":{"type":"LineString","coordinates":[[-82.84069,36.31304],[-82.84051,36.3119],[-82.84018,36.31159],[-82.84015,36.31146]]},"properties":{"net":"out","o":5}},{"type":"Feature","geometry":{"type":"LineString","coordinates":[[-82.84301,36.32144],[-82.84305,36.32106]]},"properties":{"net":"out","o":5}},{"type":"Feature","geometry":{"type":"LineString","coordinates":[[-82.84166,36.32661],[-82.84185,36.32637],[-82.84326,36.32556],[-82.84353,36.32494],[-82.84374,36.32471],[-82.84366,36.32445]]},"properties":{"net":"out","o":5}},{"type":"Feature","geometry":{"type":"LineString","coordinates":[[-83.0302,36.09077],[-83.03095,36.09089],[-83.0315,36.0911],[-83.03441,36.09261]]},"properties":{"net":"out","o":7}},{"type":"Feature","geometry":{"type":"LineString","coordinates":[[-83.02577,36.1644],[-83.02706,36.16461],[-83.028,36.16441],[-83.02864,36.16413],[-83.02951,36.16464]]},"properties":{"net":"out","o":4}},{"type":"Feature","geometry":{"type":"LineString","coordinates":[[-82.83069,36.08793],[-82.832,36.08869],[-82.83257,36.08882],[-82.83309,36.08917],[-82.83349,36.08921],[-82.83377,36.08942],[-82.835,36.08942],[-82.83664,36.08855],[-82.83771,36.08737],[-82.83775,36.08716],[-82.83809,36.08673],[-82.8384,36.085],[-82.83782,36.08439],[-82.83738,36.08434],[-82.8354,36.08452],[-82.83469,36.08444],[-82.83444,36.08431],[-82.83374,36.08419],[-82.83305,36.08372],[-82.83279,36.0834],[-82.83277,36.083],[-82.83295,36.08277]]},"properties":{"net":"out","o":7}},{"type":"Feature","geometry":{"type":"LineString","coordinates":[[-82.85256,36.29238],[-82.85252,36.29219],[-82.85273,36.29199],[-82.85279,36.29172],[-82.85319,36.29149],[-82.85295,36.29109],[-82.85272,36.29017],[-82.85259,36.29004]]},"properties":{"net":"out","o":4}},{"type":"Feature","geometry":{"type":"LineString","coordinates":[[-82.85216,36.30048],[-82.85275,36.29984],[-82.85283,36.29954],[-82.85287,36.29891],[-82.85261,36.29823],[-82.85261,36.29771]]},"properties":{"net":"out","o":4}},{"type":"Feature","geometry":{"type":"LineString","coordinates":[[-82.98142,36.09184],[-82.98393,36.09027],[-82.98446,36.08971],[-82.98532,36.08922],[-82.98648,36.08809],[-82.98688,36.08722],[-82.98772,36.08597]]},"properties":{"net":"out","o":4}},{"type":"Feature","geometry":{"type":"LineString","coordinates":[[-82.85551,35.99173],[-82.85531,35.99197]]},"properties":{"net":"out","o":4}},{"type":"Feature","geometry":{"type":"LineString","coordinates":[[-82.8504,36.00276],[-82.85031,36.00298],[-82.85044,36.00345],[-82.85029,36.00369],[-82.8498,36.00396],[-82.84973,36.00429]]},"properties":{"net":"out","o":4}},{"type":"Feature","geometry":{"type":"LineString","coordinates":[[-82.85081,36.01232],[-82.85003,36.01244],[-82.84947,36.01266],[-82.8492,36.01299],[-82.84908,36.01347],[-82.84882,36.01389]]},"properties":{"net":"out","o":4}},{"type":"Feature","geometry":{"type":"LineString","coordinates":[[-82.83546,36.00844],[-82.83598,36.00871],[-82.83685,36.00881],[-82.83856,36.00924]]},"properties":{"net":"out","o":4}},{"type":"Feature","geometry":{"type":"LineString","coordinates":[[-82.84263,36.02971],[-82.84477,36.03092],[-82.84538,36.03141],[-82.84588,36.03161],[-82.84632,36.03219],[-82.84644,36.03269]]},"properties":{"net":"out","o":4}},{"type":"Feature","geometry":{"type":"LineString","coordinates":[[-82.84957,36.07848],[-82.85049,36.07898],[-82.85116,36.07953],[-82.85131,36.07975]]},"properties":{"net":"out","o":7}},{"type":"Feature","geometry":{"type":"LineString","coordinates":[[-82.84123,36.11097],[-82.84162,36.11038],[-82.84157,36.11007],[-82.84177,36.10949],[-82.84206,36.10938],[-82.84248,36.10941],[-82.84331,36.10866],[-82.84369,36.10813],[-82.84382,36.10774],[-82.84418,36.10743],[-82.84443,36.107],[-82.84449,36.10657],[-82.84471,36.10616],[-82.8451,36.10612],[-82.84591,36.10571],[-82.84646,36.10558],[-82.84675,36.10523],[-82.84674,36.10493],[-82.84656,36.10452],[-82.84658,36.10399],[-82.84625,36.10376],[-82.84562,36.10389],[-82.84508,36.10448],[-82.84433,36.10471]]},"properties":{"net":"out","o":4}},{"type":"Feature","geometry":{"type":"LineString","coordinates":[[-82.84183,36.21193],[-82.84225,36.21236],[-82.84295,36.21266],[-82.84341,36.21301],[-82.84369,36.21338],[-82.84371,36.21398],[-82.84394,36.21424],[-82.84411,36.21469],[-82.84465,36.21502],[-82.84543,36.2152],[-82.84575,36.21554],[-82.84616,36.21628]]},"properties":{"net":"out","o":5}},{"type":"Feature","geometry":{"type":"LineString","coordinates":[[-82.85463,36.21885],[-82.85477,36.21826],[-82.85474,36.21784],[-82.85572,36.21745],[-82.85648,36.21742]]},"properties":{"net":"out","o":5}},{"type":"Feature","geometry":{"type":"LineString","coordinates":[[-83.01721,36.23707],[-83.01725,36.23705]]},"properties":{"net":"out","o":4}},{"type":"Feature","geometry":{"type":"LineString","coordinates":[[-83.01725,36.23705],[-83.01684,36.2362],[-83.01693,36.23552],[-83.0167,36.23503],[-83.017,36.23461]]},"properties":{"net":"out","o":4}},{"type":"Feature","geometry":{"type":"LineString","coordinates":[[-83.02415,36.22644],[-83.02406,36.22513],[-83.02439,36.22432],[-83.02445,36.22387],[-83.02389,36.22119],[-83.02502,36.21954]]},"properties":{"net":"out","o":4}},{"type":"Feature","geometry":{"type":"LineString","coordinates":[[-82.972,36.15125],[-82.97279,36.15075],[-82.97312,36.15071],[-82.97337,36.15084],[-82.97397,36.15131],[-82.97397,36.15152],[-82.97383,36.15183],[-82.97389,36.15202],[-82.97468,36.15294]]},"properties":{"net":"out","o":5}},{"type":"Feature","geometry":{"type":"LineString","coordinates":[[-82.96626,36.15591],[-82.96574,36.15538],[-82.9658,36.15506],[-82.96561,36.15486],[-82.96534,36.15479],[-82.96501,36.1544],[-82.96512,36.15401],[-82.96542,36.1537]]},"properties":{"net":"out","o":5}},{"type":"Feature","geometry":{"type":"LineString","coordinates":[[-82.96305,36.16183],[-82.96301,36.16166]]},"properties":{"net":"out","o":4}},{"type":"Feature","geometry":{"type":"LineString","coordinates":[[-82.97081,36.23118],[-82.97001,36.2303],[-82.97,36.22983],[-82.96993,36.22975],[-82.97008,36.22858],[-82.97072,36.22731]]},"properties":{"net":"out","o":6}},{"type":"Feature","geometry":{"type":"LineString","coordinates":[[-82.96866,36.21747],[-82.97035,36.21581],[-82.97135,36.21501],[-82.9728,36.2142]]},"properties":{"net":"out","o":6}},{"type":"Feature","geometry":{"type":"LineString","coordinates":[[-82.8192,36.06764],[-82.81973,36.06831],[-82.81973,36.06884]]},"properties":{"net":"out","o":4}},{"type":"Feature","geometry":{"type":"LineString","coordinates":[[-82.82988,36.22002],[-82.83085,36.21943],[-82.83105,36.21902],[-82.83198,36.21827],[-82.83225,36.21826]]},"properties":{"net":"out","o":5}},{"type":"Feature","geometry":{"type":"LineString","coordinates":[[-82.8207,36.22703],[-82.82316,36.22791]]},"properties":{"net":"out","o":5}},{"type":"Feature","geometry":{"type":"LineString","coordinates":[[-82.81121,36.31326],[-82.81292,36.31532],[-82.81451,36.31637],[-82.81523,36.31663],[-82.81586,36.3167],[-82.8163,36.31649],[-82.81688,36.31576],[-82.81697,36.31552],[-82.81753,36.31493],[-82.81765,36.31451],[-82.81812,36.31388],[-82.81816,36.31347]]},"properties":{"net":"out","o":6}},{"type":"Feature","geometry":{"type":"LineString","coordinates":[[-82.98195,36.07518],[-82.98136,36.07572],[-82.98117,36.07657],[-82.98119,36.07671],[-82.9815,36.07704],[-82.98147,36.07721],[-82.98167,36.07785],[-82.98184,36.07895],[-82.98213,36.07963],[-82.98209,36.07988],[-82.98248,36.0805],[-82.98207,36.08287],[-82.98163,36.08383],[-82.98138,36.08503],[-82.98116,36.08526]]},"properties":{"net":"out","o":7}},{"type":"Feature","geometry":{"type":"LineString","coordinates":[[-82.9543,36.07055],[-82.95561,36.07055],[-82.95622,36.07043],[-82.95711,36.06974],[-82.95732,36.06875],[-82.95803,36.06833],[-82.95934,36.06836],[-82.96121,36.06824],[-82.96263,36.0684],[-82.9659,36.06991]]},"properties":{"net":"out","o":7}},{"type":"Feature","geometry":{"type":"LineString","coordinates":[[-82.97798,36.24547],[-82.97701,36.24498],[-82.97562,36.24394]]},"properties":{"net":"out","o":4}},{"type":"Feature","geometry":{"type":"LineString","coordinates":[[-82.97818,36.27413],[-82.97917,36.27303]]},"properties":{"net":"out","o":4}},{"type":"Feature","geometry":{"type":"LineString","coordinates":[[-82.95921,36.00939],[-82.95892,36.00942],[-82.9585,36.00922],[-82.95785,36.00916],[-82.95746,36.00918],[-82.95675,36.00944]]},"properties":{"net":"out","o":4}},{"type":"Feature","geometry":{"type":"LineString","coordinates":[[-82.92847,36.0137],[-82.92806,36.01425],[-82.92786,36.01477],[-82.92704,36.01525],[-82.9268,36.01577],[-82.92629,36.0161]]},"properties":{"net":"out","o":4}},{"type":"Feature","geometry":{"type":"LineString","coordinates":[[-82.92362,36.07398],[-82.92347,36.07432],[-82.92364,36.07505]]},"properties":{"net":"out","o":7}},{"type":"Feature","geometry":{"type":"LineString","coordinates":[[-82.92747,36.17109],[-82.92774,36.17128],[-82.92796,36.17159],[-82.92876,36.17193],[-82.93063,36.1721],[-82.9314,36.17266],[-82.93147,36.17303]]},"properties":{"net":"out","o":5}},{"type":"Feature","geometry":{"type":"LineString","coordinates":[[-82.93611,36.024],[-82.9341,36.02471],[-82.93329,36.02512],[-82.93221,36.02533],[-82.93141,36.02593],[-82.93109,36.02642],[-82.93044,36.02691],[-82.93038,36.0274],[-82.93002,36.02767],[-82.93019,36.02802],[-82.93019,36.0284]]},"properties":{"net":"out","o":4}},{"type":"Feature","geometry":{"type":"LineString","coordinates":[[-82.93008,36.02967],[-82.92979,36.03041],[-82.9294,36.03028],[-82.92915,36.03046],[-82.92925,36.03066],[-82.9292,36.03079],[-82.92901,36.03086],[-82.92904,36.03106],[-82.92867,36.03125],[-82.92784,36.03207],[-82.92808,36.03242],[-82.92797,36.0328],[-82.92673,36.0335]]},"properties":{"net":"out","o":4}},{"type":"Feature","geometry":{"type":"LineString","coordinates":[[-82.91063,36.06097],[-82.90984,36.06139],[-82.90988,36.06215],[-82.90914,36.06254],[-82.9087,36.06261]]},"properties":{"net":"out","o":5}},{"type":"Feature","geometry":{"type":"LineString","coordinates":[[-82.90784,36.05936],[-82.90849,36.06005],[-82.90872,36.06054],[-82.90854,36.06182],[-82.90869,36.06224],[-82.9087,36.06261]]},"properties":{"net":"out","o":7}},{"type":"Feature","geometry":{"type":"LineString","coordinates":[[-82.9087,36.06261],[-82.90849,36.06286],[-82.90815,36.0638],[-82.90867,36.06443],[-82.90905,36.06458],[-82.90975,36.06527],[-82.91034,36.06653],[-82.91047,36.06712],[-82.91052,36.06759],[-82.91022,36.06933],[-82.90995,36.06984],[-82.90869,36.0706],[-82.90821,36.07073],[-82.90758,36.0707],[-82.90693,36.0708],[-82.90586,36.07043],[-82.90534,36.07009],[-82.90489,36.07004],[-82.904,36.06969]]},"properties":{"net":"out","o":7}},{"type":"Feature","geometry":{"type":"LineString","coordinates":[[-82.9122,36.20248],[-82.91147,36.2035]]},"properties":{"net":"out","o":4}},{"type":"Feature","geometry":{"type":"LineString","coordinates":[[-82.90807,36.20543],[-82.90833,36.20648],[-82.9081,36.20693],[-82.90809,36.20724]]},"properties":{"net":"out","o":4}},{"type":"Feature","geometry":{"type":"LineString","coordinates":[[-82.90815,36.23732],[-82.90836,36.23819],[-82.90909,36.23942],[-82.90918,36.23976],[-82.90905,36.24004],[-82.90877,36.2402],[-82.90743,36.24033],[-82.90711,36.24045],[-82.90694,36.24077],[-82.90702,36.2413],[-82.9077,36.24175],[-82.9085,36.24201],[-82.90912,36.24209],[-82.91013,36.24199],[-82.91051,36.24212],[-82.9111,36.24305],[-82.91113,36.2437],[-82.91206,36.24463],[-82.91206,36.24487],[-82.91175,36.24574]]},"properties":{"net":"out","o":4}},{"type":"Feature","geometry":{"type":"LineString","coordinates":[[-82.90422,36.25173],[-82.90412,36.25118],[-82.90417,36.25089],[-82.90451,36.25053],[-82.90464,36.25],[-82.90475,36.24865],[-82.90465,36.24766],[-82.9047,36.24734],[-82.90534,36.2468],[-82.90651,36.24606],[-82.90719,36.24581],[-82.90974,36.24574],[-82.91148,36.24589],[-82.91173,36.24581]]},"properties":{"net":"out","o":6}},{"type":"Feature","geometry":{"type":"LineString","coordinates":[[-82.92041,36.04129],[-82.91902,36.04185],[-82.91811,36.04207]]},"properties":{"net":"out","o":5}},{"type":"Feature","geometry":{"type":"LineString","coordinates":[[-82.91373,36.09991],[-82.9134,36.09925],[-82.91349,36.09898],[-82.91375,36.09863],[-82.91361,36.09826]]},"properties":{"net":"out","o":4}},{"type":"Feature","geometry":{"type":"LineString","coordinates":[[-83.08083,36.15173],[-83.08196,36.15184],[-83.08275,36.15222],[-83.08323,36.15227]]},"properties":{"net":"out","o":6}},{"type":"Feature","geometry":{"type":"LineString","coordinates":[[-83.06681,36.15045],[-83.06884,36.1507],[-83.06916,36.15095],[-83.06958,36.1519],[-83.06981,36.15214],[-83.07056,36.15255],[-83.07156,36.15334],[-83.07199,36.15346],[-83.07241,36.1534],[-83.07281,36.15315],[-83.07295,36.15155],[-83.07315,36.15117],[-83.07366,36.15087],[-83.07451,36.15089],[-83.07555,36.15143],[-83.07649,36.15175],[-83.07738,36.15185],[-83.07787,36.15178]]},"properties":{"net":"out","o":6}},{"type":"Feature","geometry":{"type":"LineString","coordinates":[[-82.87901,36.2075],[-82.87908,36.20792],[-82.8795,36.20827]]},"properties":{"net":"out","o":4}},{"type":"Feature","geometry":{"type":"LineString","coordinates":[[-82.88573,36.25144],[-82.88583,36.25154],[-82.88748,36.25168],[-82.88768,36.25156],[-82.88758,36.25083],[-82.88773,36.25052],[-82.88823,36.25025],[-82.88914,36.25],[-82.88929,36.2499],[-82.8894,36.24955],[-82.8896,36.24943],[-82.89004,36.24951],[-82.89041,36.25024],[-82.89115,36.25094],[-82.8913,36.25135],[-82.89177,36.25151],[-82.89162,36.25249]]},"properties":{"net":"out","o":6}},{"type":"Feature","geometry":{"type":"LineString","coordinates":[[-82.87806,36.24024],[-82.87981,36.23977],[-82.88415,36.23977]]},"properties":{"net":"out","o":4}},{"type":"Feature","geometry":{"type":"LineString","coordinates":[[-83.06786,36.03689],[-83.0682,36.03706],[-83.0693,36.03729],[-83.07005,36.03786]]},"properties":{"net":"out","o":4}},{"type":"Feature","geometry":{"type":"LineString","coordinates":[[-83.08093,36.04549],[-83.08033,36.0461],[-83.08032,36.04628],[-83.08044,36.0466],[-83.08081,36.04693],[-83.08087,36.04714],[-83.08064,36.04728],[-83.08012,36.04705]]},"properties":{"net":"out","o":4}},{"type":"Feature","geometry":{"type":"LineString","coordinates":[[-83.07939,36.04889],[-83.07894,36.04888],[-83.07885,36.04904]]},"properties":{"net":"out","o":5}},{"type":"Feature","geometry":{"type":"LineString","coordinates":[[-83.06927,36.21247],[-83.06955,36.21197],[-83.06911,36.21116],[-83.0688,36.21091],[-83.06808,36.21058],[-83.06722,36.20955]]},"properties":{"net":"out","o":4}},{"type":"Feature","geometry":{"type":"LineString","coordinates":[[-82.86676,36.06526],[-82.86771,36.0651]]},"properties":{"net":"out","o":7}},{"type":"Feature","geometry":{"type":"LineString","coordinates":[[-82.83312,36.02574],[-82.83501,36.02622],[-82.83685,36.02689]]},"properties":{"net":"out","o":4}},{"type":"Feature","geometry":{"type":"LineString","coordinates":[[-82.83295,36.08277],[-82.83371,36.08244],[-82.83418,36.0825]]},"properties":{"net":"out","o":7}},{"type":"Feature","geometry":{"type":"LineString","coordinates":[[-82.83029,36.07547],[-82.83054,36.07557],[-82.83083,36.07548],[-82.83125,36.0751],[-82.83232,36.07457],[-82.83269,36.07473],[-82.83292,36.07522],[-82.83326,36.07551],[-82.83353,36.07561],[-82.83403,36.0756],[-82.8347,36.07593],[-82.83435,36.07656],[-82.83437,36.07667],[-82.8346,36.07679],[-82.83506,36.0766],[-82.83558,36.0767],[-82.83582,36.0765],[-82.83626,36.0764],[-82.83669,36.07599]]},"properties":{"net":"out","o":4}},{"type":"Feature","geometry":{"type":"LineString","coordinates":[[-82.80107,36.3285],[-82.80147,36.32817],[-82.80176,36.32764],[-82.8018,36.32687]]},"properties":{"net":"out","o":4}},{"type":"Feature","geometry":{"type":"LineString","coordinates":[[-82.8018,36.32687],[-82.80167,36.32683],[-82.80148,36.32694],[-82.80136,36.3268],[-82.80107,36.32691],[-82.80111,36.32626],[-82.80151,36.3261],[-82.80126,36.32583],[-82.80123,36.32564]]},"properties":{"net":"out","o":4}},{"type":"Feature","geometry":{"type":"LineString","coordinates":[[-82.80123,36.32564],[-82.8012,36.32517],[-82.80074,36.3243],[-82.80071,36.32403],[-82.80054,36.32389],[-82.80049,36.32357]]},"properties":{"net":"out","o":4}},{"type":"Feature","geometry":{"type":"LineString","coordinates":[[-83.16406,36.10875],[-83.16413,36.10952],[-83.16388,36.11036],[-83.16385,36.11182],[-83.16396,36.11201],[-83.16488,36.11259]]},"properties":{"net":"out","o":4}},{"type":"Feature","geometry":{"type":"LineString","coordinates":[[-82.81512,36.06244],[-82.81533,36.0624]]},"properties":{"net":"out","o":4}},{"type":"Feature","geometry":{"type":"LineString","coordinates":[[-82.8087,36.06766],[-82.80881,36.06763],[-82.80898,36.0673],[-82.80928,36.06722],[-82.80968,36.0673],[-82.80982,36.06722],[-82.81028,36.06671],[-82.811,36.06628],[-82.81133,36.06636],[-82.81163,36.06673],[-82.812,36.0668],[-82.81217,36.06696],[-82.81263,36.06675],[-82.81289,36.06627],[-82.81299,36.0658],[-82.81285,36.0651],[-82.81431,36.06344]]},"properties":{"net":"out","o":4}},{"type":"Feature","geometry":{"type":"LineString","coordinates":[[-83.13757,36.13123],[-83.13772,36.13187],[-83.13859,36.13256]]},"properties":{"net":"out","o":7}},{"type":"Feature","geometry":{"type":"LineString","coordinates":[[-83.13597,36.1281],[-83.13665,36.12843]]},"properties":{"net":"out","o":7}},{"type":"Feature","geometry":{"type":"LineString","coordinates":[[-83.13199,36.14639],[-83.13207,36.14636]]},"properties":{"net":"out","o":6}},{"type":"Feature","geometry":{"type":"LineString","coordinates":[[-83.12655,36.14157],[-83.12848,36.14351],[-83.13054,36.14496],[-83.13141,36.14595],[-83.13199,36.14639]]},"properties":{"net":"out","o":6}},{"type":"Feature","geometry":{"type":"LineString","coordinates":[[-83.1388,36.15448],[-83.13889,36.15446]]},"properties":{"net":"out","o":6}},{"type":"Feature","geometry":{"type":"LineString","coordinates":[[-83.1388,36.15448],[-83.13966,36.15698]]},"properties":{"net":"out","o":6}},{"type":"Feature","geometry":{"type":"LineString","coordinates":[[-83.14143,36.2055],[-83.14154,36.20451],[-83.14191,36.20424]]},"properties":{"net":"out","o":4}},{"type":"Feature","geometry":{"type":"LineString","coordinates":[[-83.14055,36.20688],[-83.1413,36.20592],[-83.14143,36.2055]]},"properties":{"net":"out","o":4}},{"type":"Feature","geometry":{"type":"LineString","coordinates":[[-83.1337,36.20891],[-83.13405,36.20866]]},"properties":{"net":"out","o":4}},{"type":"Feature","geometry":{"type":"LineString","coordinates":[[-82.88863,36.05628],[-82.88916,36.05596],[-82.88938,36.05599],[-82.89006,36.05574],[-82.89051,36.05572],[-82.89105,36.05549],[-82.89137,36.05545],[-82.89246,36.05543],[-82.89424,36.05563],[-82.8944,36.05575],[-82.89514,36.05587],[-82.89537,36.05577]]},"properties":{"net":"out","o":7}},{"type":"Feature","geometry":{"type":"LineString","coordinates":[[-82.87653,36.04205],[-82.8768,36.04226],[-82.87725,36.04332],[-82.87761,36.04383],[-82.87813,36.04421],[-82.87967,36.04472]]},"properties":{"net":"out","o":5}},{"type":"Feature","geometry":{"type":"LineString","coordinates":[[-82.88832,36.04508],[-82.88845,36.04548],[-82.88876,36.04577],[-82.88872,36.04625],[-82.88897,36.0469],[-82.88918,36.04845]]},"properties":{"net":"out","o":4}},{"type":"Feature","geometry":{"type":"LineString","coordinates":[[-82.87967,36.04472],[-82.88,36.04518],[-82.88007,36.04583],[-82.88026,36.04604],[-82.88092,36.0464],[-82.8811,36.04667],[-82.88105,36.04695],[-82.88095,36.04701],[-82.88042,36.04692],[-82.87959,36.0465],[-82.87931,36.04651],[-82.87911,36.04663],[-82.87905,36.04682]]},"properties":{"net":"out","o":5}},{"type":"Feature","geometry":{"type":"LineString","coordinates":[[-82.8947,36.17134],[-82.89503,36.1707],[-82.89593,36.16986],[-82.89587,36.16958],[-82.89598,36.16934],[-82.8972,36.16765],[-82.89834,36.16699],[-82.89872,36.16686],[-82.89935,36.16636]]},"properties":{"net":"out","o":4}},{"type":"Feature","geometry":{"type":"LineString","coordinates":[[-82.89136,36.15775],[-82.89154,36.15787],[-82.89218,36.15799],[-82.89391,36.15874],[-82.89437,36.15873],[-82.89586,36.15911],[-82.89637,36.15935],[-82.89751,36.16018],[-82.89836,36.16043],[-82.89862,36.1604],[-82.89918,36.16066]]},"properties":{"net":"out","o":4}},{"type":"Feature","geometry":{"type":"LineString","coordinates":[[-82.86125,36.26161],[-82.86131,36.26144],[-82.86151,36.26132],[-82.8629,36.26144],[-82.86342,36.26128],[-82.8636,36.2613],[-82.864,36.26163],[-82.86453,36.2616]]},"properties":{"net":"out","o":6}},{"type":"Feature","geometry":{"type":"LineString","coordinates":[[-82.86113,36.27685],[-82.8613,36.27626],[-82.86102,36.27554],[-82.86112,36.27498],[-82.86145,36.27491],[-82.86225,36.2755],[-82.86315,36.27553],[-82.86387,36.27532],[-82.86467,36.27487],[-82.86499,36.27461],[-82.865,36.27432]]},"properties":{"net":"out","o":6}},{"type":"Feature","geometry":{"type":"LineString","coordinates":[[-82.86967,36.25714],[-82.8699,36.25687]]},"properties":{"net":"out","o":6}},{"type":"Feature","geometry":{"type":"LineString","coordinates":[[-82.86528,36.25879],[-82.8652,36.25863],[-82.86523,36.25794],[-82.865,36.25745],[-82.86507,36.25703],[-82.86533,36.25684],[-82.86644,36.257],[-82.8667,36.25681],[-82.86688,36.25632],[-82.86718,36.25614],[-82.86782,36.25639],[-82.86865,36.25735],[-82.869,36.25742],[-82.86967,36.25714]]},"properties":{"net":"out","o":6}},{"type":"Feature","geometry":{"type":"LineString","coordinates":[[-82.71482,36.27348],[-82.71517,36.27295],[-82.71588,36.27244]]},"properties":{"net":"out","o":4}},{"type":"Feature","geometry":{"type":"LineString","coordinates":[[-82.72854,36.35378],[-82.72893,36.35251],[-82.72882,36.35219],[-82.72823,36.35138],[-82.72837,36.35092],[-82.72835,36.35044],[-82.7287,36.35028],[-82.72872,36.35014],[-82.72823,36.34961],[-82.72826,36.3494],[-82.72882,36.34881],[-82.72959,36.34857],[-82.72973,36.3483],[-82.72973,36.34776],[-82.72983,36.34767]]},"properties":{"net":"out","o":6}},{"type":"Feature","geometry":{"type":"LineString","coordinates":[[-83.05046,36.18201],[-83.05061,36.18262],[-83.05043,36.18358],[-83.05044,36.18405],[-83.05178,36.18642],[-83.0522,36.18693],[-83.05271,36.18732],[-83.05471,36.18796],[-83.055,36.18823],[-83.05536,36.18895],[-83.05574,36.18924]]},"properties":{"net":"out","o":4}},{"type":"Feature","geometry":{"type":"LineString","coordinates":[[-83.04942,36.18104],[-83.04982,36.18107]]},"properties":{"net":"out","o":4}},{"type":"Feature","geometry":{"type":"LineString","coordinates":[[-83.06631,36.03604],[-83.06786,36.03689]]},"properties":{"net":"out","o":4}},{"type":"Feature","geometry":{"type":"LineString","coordinates":[[-83.04508,36.05692],[-83.04543,36.05705],[-83.04584,36.05741],[-83.04608,36.05802],[-83.04598,36.0591],[-83.04689,36.06001],[-83.04717,36.06053]]},"properties":{"net":"out","o":4}},{"type":"Feature","geometry":{"type":"LineString","coordinates":[[-83.06463,36.125],[-83.06594,36.12449],[-83.06697,36.12378],[-83.06781,36.12356]]},"properties":{"net":"out","o":5}},{"type":"Feature","geometry":{"type":"LineString","coordinates":[[-83.01994,36.16104],[-83.02124,36.16175],[-83.02286,36.16234],[-83.02362,36.16287]]},"properties":{"net":"out","o":4}},{"type":"Feature","geometry":{"type":"LineString","coordinates":[[-82.78155,36.10401],[-82.78184,36.1046],[-82.78191,36.10515],[-82.78217,36.1056],[-82.78224,36.10601],[-82.78251,36.10629],[-82.78344,36.1069],[-82.78388,36.10692],[-82.78421,36.10665],[-82.78474,36.10679],[-82.7851,36.1067],[-82.78625,36.10602],[-82.78694,36.10531],[-82.78725,36.10513],[-82.78826,36.1051],[-82.7894,36.10541],[-82.78998,36.10548]]},"properties":{"net":"out","o":4}},{"type":"Feature","geometry":{"type":"LineString","coordinates":[[-82.78164,36.30281],[-82.7824,36.30372],[-82.78249,36.30398],[-82.7825,36.30473]]},"properties":{"net":"out","o":5}},{"type":"Feature","geometry":{"type":"LineString","coordinates":[[-82.78031,36.30185],[-82.78064,36.30201],[-82.78164,36.30281]]},"properties":{"net":"out","o":5}},{"type":"Feature","geometry":{"type":"LineString","coordinates":[[-83.00253,36.08724],[-83.00333,36.08758],[-83.00361,36.08779],[-83.00418,36.08792],[-83.00511,36.08853],[-83.00597,36.08881],[-83.00666,36.08928],[-83.00767,36.08946],[-83.0079,36.0897],[-83.00799,36.08968]]},"properties":{"net":"out","o":7}},{"type":"Feature","geometry":{"type":"LineString","coordinates":[[-83.0141,36.12247],[-83.01448,36.12258],[-83.01551,36.12374],[-83.01681,36.12437]]},"properties":{"net":"out","o":5}},{"type":"Feature","geometry":{"type":"LineString","coordinates":[[-82.98479,36.20922],[-82.98528,36.2089],[-82.98589,36.20828],[-82.98634,36.20801],[-82.98661,36.208],[-82.98709,36.20816],[-82.98814,36.20759],[-82.98858,36.20717]]},"properties":{"net":"out","o":6}},{"type":"Feature","geometry":{"type":"LineString","coordinates":[[-82.98526,36.14631],[-82.98551,36.14619]]},"properties":{"net":"out","o":5}},{"type":"Feature","geometry":{"type":"LineString","coordinates":[[-82.9824,36.14832],[-82.98497,36.14789]]},"properties":{"net":"out","o":5}},{"type":"Feature","geometry":{"type":"LineString","coordinates":[[-82.74987,36.10074],[-82.75026,36.10112],[-82.75056,36.10213],[-82.75079,36.10258],[-82.7517,36.10368],[-82.75187,36.10472]]},"properties":{"net":"out","o":4}},{"type":"Feature","geometry":{"type":"LineString","coordinates":[[-82.73561,36.14898],[-82.73576,36.14913]]},"properties":{"net":"out","o":4}},{"type":"Feature","geometry":{"type":"LineString","coordinates":[[-82.94022,36.30802],[-82.94058,36.30773],[-82.94138,36.30781],[-82.94198,36.30748]]},"properties":{"net":"out","o":4}},{"type":"Feature","geometry":{"type":"LineString","coordinates":[[-83.09414,36.15485],[-83.09493,36.15563],[-83.09517,36.15692],[-83.09545,36.15764],[-83.09592,36.15834],[-83.09623,36.15866],[-83.09693,36.15902],[-83.09747,36.15908],[-83.09797,36.15894]]},"properties":{"net":"out","o":6}},{"type":"Feature","geometry":{"type":"LineString","coordinates":[[-82.71084,36.16435],[-82.71117,36.16441],[-82.71146,36.1643],[-82.71251,36.16427]]},"properties":{"net":"out","o":7}},{"type":"Feature","geometry":{"type":"LineString","coordinates":[[-82.72842,36.24992],[-82.72848,36.24954],[-82.72833,36.24892],[-82.72856,36.24831]]},"properties":{"net":"out","o":4}},{"type":"Feature","geometry":{"type":"LineString","coordinates":[[-82.69915,36.32965],[-82.69965,36.32982],[-82.70081,36.32997],[-82.7013,36.33018],[-82.70198,36.33023],[-82.70221,36.32997],[-82.70265,36.32993],[-82.70285,36.32974],[-82.7033,36.32967],[-82.70578,36.32968],[-82.70641,36.32986],[-82.70747,36.33],[-82.7087,36.33047],[-82.70973,36.33009],[-82.71056,36.33001],[-82.71157,36.33045],[-82.71241,36.33069],[-82.71522,36.3319],[-82.71676,36.33175]]},"properties":{"net":"out","o":4}},{"type":"Feature","geometry":{"type":"LineString","coordinates":[[-83.09643,36.17391],[-83.09636,36.17354],[-83.09582,36.17311],[-83.0958,36.17287],[-83.09668,36.172],[-83.0976,36.17165]]},"properties":{"net":"out","o":4}},{"type":"Feature","geometry":{"type":"LineString","coordinates":[[-82.65502,36.08998],[-82.65519,36.09094],[-82.65543,36.09152],[-82.65595,36.0921],[-82.65629,36.09308],[-82.6565,36.09339],[-82.65713,36.09375],[-82.65744,36.09408],[-82.65738,36.09443],[-82.65724,36.09458]]},"properties":{"net":"out","o":4}},{"type":"Feature","geometry":{"type":"LineString","coordinates":[[-82.65662,36.11652],[-82.65613,36.11739],[-82.65601,36.118],[-82.65571,36.11866],[-82.65333,36.12071],[-82.65269,36.12172],[-82.65264,36.12229],[-82.6525,36.12258],[-82.65232,36.12274],[-82.65154,36.12303],[-82.65127,36.12322],[-82.65028,36.12492],[-82.65024,36.12521],[-82.65036,36.12555],[-82.65021,36.12634],[-82.65046,36.12693],[-82.65053,36.12744],[-82.65042,36.12911],[-82.65051,36.12979],[-82.65026,36.13068],[-82.64994,36.13127],[-82.64994,36.13178],[-82.65024,36.13297],[-82.65085,36.13431],[-82.65093,36.1351],[-82.65163,36.13638],[-82.65178,36.1373],[-82.6513,36.13915],[-82.65067,36.14049],[-82.65077,36.14148],[-82.65121,36.14256],[-82.65098,36.14291],[-82.64992,36.14379],[-82.64969,36.14421]]},"properties":{"net":"out","o":4}},{"type":"Feature","geometry":{"type":"LineString","coordinates":[[-82.65713,36.15865],[-82.65807,36.15917],[-82.65903,36.15943],[-82.65985,36.16041],[-82.66079,36.16073],[-82.66103,36.16102]]},"properties":{"net":"out","o":4}},{"type":"Feature","geometry":{"type":"LineString","coordinates":[[-82.69356,36.16263],[-82.69403,36.16239],[-82.69479,36.16273],[-82.69569,36.16287],[-82.69619,36.16251],[-82.69656,36.16257],[-82.69698,36.16243],[-82.69716,36.16213],[-82.69775,36.16219],[-82.69818,36.16208],[-82.69858,36.16195],[-82.69868,36.16173],[-82.6988,36.16168],[-82.69949,36.16182]]},"properties":{"net":"out","o":4}},{"type":"Feature","geometry":{"type":"LineString","coordinates":[[-82.64992,36.21144],[-82.65055,36.21081],[-82.65074,36.21047],[-82.65098,36.20992],[-82.65112,36.2091],[-82.65102,36.20815],[-82.65111,36.20737],[-82.65053,36.20658],[-82.65034,36.20613],[-82.65039,36.20581],[-82.65085,36.20528],[-82.65124,36.20511],[-82.65213,36.20521],[-82.65293,36.20505],[-82.65344,36.20471],[-82.65434,36.20377],[-82.65493,36.20347],[-82.65714,36.20379],[-82.65939,36.20444]]},"properties":{"net":"out","o":6}},{"type":"Feature","geometry":{"type":"LineString","coordinates":[[-82.48562,35.95793],[-82.48539,35.95808],[-82.48492,35.95874],[-82.48446,35.95919],[-82.48379,35.95947],[-82.4833,35.95989],[-82.48199,35.96037],[-82.48041,35.96137],[-82.47993,35.96187],[-82.47936,35.96221],[-82.47911,35.96257],[-82.4789,35.96336]]},"properties":{"net":"sm2919","o":1}},{"type":"Feature","geometry":{"type":"LineString","coordinates":[[-82.49716,35.97989],[-82.49656,35.97962],[-82.4956,35.97938],[-82.49457,35.97872]]},"properties":{"net":"sm2919","o":1}},{"type":"Feature","geometry":{"type":"LineString","coordinates":[[-82.46962,35.99869],[-82.46823,35.99646],[-82.4677,35.996],[-82.46733,35.99552],[-82.46668,35.99498]]},"properties":{"net":"sm2919","o":1}},{"type":"Feature","geometry":{"type":"LineString","coordinates":[[-82.57216,36.27568],[-82.57202,36.27529],[-82.57215,36.27467],[-82.5727,36.27383],[-82.5736,36.27353],[-82.57426,36.27345],[-82.57482,36.27298]]},"properties":{"net":"out","o":5}},{"type":"Feature","geometry":{"type":"LineString","coordinates":[[-82.57236,36.27944],[-82.57316,36.27848],[-82.57329,36.27801],[-82.57308,36.27729],[-82.57258,36.27647],[-82.5724,36.27592],[-82.57216,36.27568]]},"properties":{"net":"out","o":5}},{"type":"Feature","geometry":{"type":"LineString","coordinates":[[-82.57247,36.28439],[-82.57158,36.2836],[-82.57053,36.2833]]},"properties":{"net":"out","o":5}},{"type":"Feature","geometry":{"type":"LineString","coordinates":[[-82.57221,36.31225],[-82.57235,36.3116],[-82.57433,36.30993],[-82.57489,36.30926],[-82.57604,36.30838],[-82.57631,36.30796]]},"properties":{"net":"out","o":5}},{"type":"Feature","geometry":{"type":"LineString","coordinates":[[-82.57051,36.31711],[-82.57033,36.31686]]},"properties":{"net":"out","o":5}},{"type":"Feature","geometry":{"type":"LineString","coordinates":[[-82.4604,35.95616],[-82.46024,35.95712],[-82.46032,35.95765],[-82.46141,35.95893],[-82.46174,35.95959],[-82.46178,35.96204],[-82.46214,35.96313],[-82.46242,35.96347]]},"properties":{"net":"sm2919","o":1}},{"type":"Feature","geometry":{"type":"LineString","coordinates":[[-82.47514,35.97642],[-82.47475,35.976],[-82.4734,35.97507],[-82.47293,35.97462],[-82.47255,35.97398],[-82.47236,35.97306],[-82.47193,35.97249],[-82.47143,35.97085]]},"properties":{"net":"sm2919","o":1}},{"type":"Feature","geometry":{"type":"LineString","coordinates":[[-82.46107,35.96799],[-82.45992,35.96883],[-82.45938,35.96991],[-82.45901,35.97039]]},"properties":{"net":"sm2919","o":3}},{"type":"Feature","geometry":{"type":"LineString","coordinates":[[-82.47393,35.99586],[-82.47319,35.9952],[-82.47238,35.99507],[-82.47162,35.99471],[-82.47062,35.9934],[-82.46978,35.99258],[-82.46788,35.99113],[-82.46713,35.99087],[-82.46551,35.99114],[-82.46473,35.99109],[-82.46442,35.99091],[-82.46425,35.99069],[-82.46349,35.98939]]},"properties":{"net":"sm2919","o":1}},{"type":"Feature","geometry":{"type":"LineString","coordinates":[[-82.46383,35.99226],[-82.46298,35.9916],[-82.46265,35.99147],[-82.46163,35.99134],[-82.4604,35.99144]]},"properties":{"net":"sm2919","o":2}},{"type":"Feature","geometry":{"type":"LineString","coordinates":[[-82.58346,36.05455],[-82.58268,36.054],[-82.58229,36.05343],[-82.58173,36.05292],[-82.58096,36.05258],[-82.57956,36.0522],[-82.57883,36.05213],[-82.57787,36.05254]]},"properties":{"net":"out","o":5}},{"type":"Feature","geometry":{"type":"LineString","coordinates":[[-82.56568,36.05067],[-82.56529,36.05048],[-82.56453,36.04982],[-82.56363,36.04957],[-82.56308,36.0488],[-82.56274,36.04856],[-82.562,36.04846],[-82.56093,36.04813],[-82.55987,36.04757],[-82.5593,36.04749],[-82.55761,36.04803],[-82.55715,36.04812],[-82.55675,36.04807]]},"properties":{"net":"out","o":5}},{"type":"Feature","geometry":{"type":"LineString","coordinates":[[-82.5601,36.16408],[-82.56068,36.16414],[-82.56193,36.164],[-82.56305,36.16355],[-82.56421,36.16289]]},"properties":{"net":"out","o":7}},{"type":"Feature","geometry":{"type":"LineString","coordinates":[[-82.57301,36.23463],[-82.57378,36.23372],[-82.57414,36.23313],[-82.57455,36.23299],[-82.5751,36.23317],[-82.57529,36.23314],[-82.57612,36.23262],[-82.57636,36.23222],[-82.57687,36.23187],[-82.57721,36.23097]]},"properties":{"net":"out","o":4}},{"type":"Feature","geometry":{"type":"LineString","coordinates":[[-82.56133,36.24382],[-82.56166,36.24345],[-82.56179,36.24343],[-82.56316,36.24367],[-82.56358,36.24389],[-82.56408,36.24385],[-82.56418,36.24373],[-82.56402,36.24278],[-82.56428,36.24238]]},"properties":{"net":"out","o":4}},{"type":"Feature","geometry":{"type":"LineString","coordinates":[[-82.58493,36.30412],[-82.58443,36.30426],[-82.58403,36.30408],[-82.58394,36.30399],[-82.58385,36.30342],[-82.58309,36.3026],[-82.58278,36.3024],[-82.5808,36.30164],[-82.5804,36.30119],[-82.58026,36.3008]]},"properties":{"net":"out","o":4}},{"type":"Feature","geometry":{"type":"LineString","coordinates":[[-82.58026,36.3008],[-82.5801,36.30055],[-82.57966,36.30021],[-82.57891,36.29984],[-82.57812,36.29917],[-82.57764,36.29883],[-82.57746,36.29881],[-82.57678,36.29805],[-82.57682,36.29784],[-82.57667,36.29764],[-82.57636,36.29753]]},"properties":{"net":"out","o":4}},{"type":"Feature","geometry":{"type":"LineString","coordinates":[[-82.45084,35.99602],[-82.45079,35.99543],[-82.45088,35.99519],[-82.45148,35.99413],[-82.4517,35.99394],[-82.45185,35.99344],[-82.45258,35.99255],[-82.4531,35.99152],[-82.4531,35.99119],[-82.45293,35.99059],[-82.4526,35.99004],[-82.45185,35.98923]]},"properties":{"net":"sm2919","o":1}},{"type":"Feature","geometry":{"type":"LineString","coordinates":[[-82.44072,36.00186],[-82.43931,36.00138],[-82.43819,36.00067],[-82.4377,36.0006],[-82.43663,35.9999]]},"properties":{"net":"sm2919","o":3}},{"type":"Feature","geometry":{"type":"LineString","coordinates":[[-82.44889,36.0084],[-82.44812,36.00704],[-82.44703,36.00565]]},"properties":{"net":"sm2919","o":1}},{"type":"Feature","geometry":{"type":"LineString","coordinates":[[-82.44703,36.00565],[-82.44578,36.00491],[-82.44429,36.00435],[-82.4439,36.004]]},"properties":{"net":"sm2919","o":2}},{"type":"Feature","geometry":{"type":"LineString","coordinates":[[-82.58267,36.0179],[-82.58238,36.01806],[-82.5816,36.01811],[-82.58147,36.01818],[-82.5815,36.01842],[-82.5812,36.01855],[-82.58055,36.01828],[-82.57993,36.01851]]},"properties":{"net":"out","o":4}},{"type":"Feature","geometry":{"type":"LineString","coordinates":[[-82.56165,36.00793],[-82.56154,36.00822],[-82.56156,36.00859],[-82.5621,36.00947],[-82.56214,36.00985],[-82.56143,36.01049],[-82.56143,36.011],[-82.56105,36.01164],[-82.55996,36.01257]]},"properties":{"net":"out","o":4}},{"type":"Feature","geometry":{"type":"LineString","coordinates":[[-82.55383,36.01186],[-82.55491,36.01331],[-82.55551,36.01368],[-82.55691,36.01438],[-82.55857,36.01444]]},"properties":{"net":"out","o":4}},{"type":"Feature","geometry":{"type":"LineString","coordinates":[[-82.56284,36.02671],[-82.56235,36.0272]]},"properties":{"net":"out","o":4}},{"type":"Feature","geometry":{"type":"LineString","coordinates":[[-82.56232,35.99409],[-82.56262,35.99442],[-82.56256,35.99473],[-82.56263,35.99493],[-82.56325,35.99581]]},"properties":{"net":"out","o":4}},{"type":"Feature","geometry":{"type":"LineString","coordinates":[[-82.56299,35.9912],[-82.56306,35.99167],[-82.56266,35.99241],[-82.56263,35.99305],[-82.56233,35.99383],[-82.56232,35.99409]]},"properties":{"net":"out","o":4}},{"type":"Feature","geometry":{"type":"LineString","coordinates":[[-82.49237,36.27445],[-82.49225,36.27425],[-82.49236,36.27404],[-82.49206,36.27344],[-82.4928,36.27237],[-82.49258,36.27178],[-82.49312,36.27141],[-82.49376,36.27073],[-82.49386,36.27033],[-82.49473,36.269],[-82.49524,36.26767],[-82.49551,36.26727],[-82.4965,36.26646],[-82.49824,36.26461],[-82.49909,36.26396],[-82.49974,36.26428],[-82.50139,36.26455],[-82.50171,36.26447],[-82.50224,36.26403],[-82.50281,36.26373],[-82.50291,36.26339],[-82.50355,36.26242],[-82.50366,36.26204],[-82.50324,36.26119],[-82.50296,36.26022]]},"properties":{"net":"out","o":4}},{"type":"Feature","geometry":{"type":"LineString","coordinates":[[-82.48958,35.9714],[-82.48878,35.97111],[-82.48688,35.97103],[-82.48531,35.97047]]},"properties":{"net":"sm2919","o":3}},{"type":"Feature","geometry":{"type":"LineString","coordinates":[[-82.48485,35.963],[-82.48361,35.96342],[-82.4828,35.96355],[-82.48178,35.96342],[-82.48067,35.96307],[-82.47974,35.9631],[-82.4789,35.96336]]},"properties":{"net":"sm2919","o":2}},{"type":"Feature","geometry":{"type":"LineString","coordinates":[[-82.48394,35.99025],[-82.48335,35.98935],[-82.48269,35.98864],[-82.48226,35.98832],[-82.48054,35.98745],[-82.47973,35.98693],[-82.47948,35.98667]]},"properties":{"net":"sm2919","o":1}},{"type":"Feature","geometry":{"type":"LineString","coordinates":[[-82.48779,36.02572],[-82.48788,36.02591],[-82.48825,36.02613],[-82.49005,36.02643],[-82.49062,36.02675]]},"properties":{"net":"out","o":4}},{"type":"Feature","geometry":{"type":"LineString","coordinates":[[-82.48708,36.03839],[-82.48751,36.03892],[-82.4875,36.0391],[-82.48696,36.03971],[-82.48767,36.0401]]},"properties":{"net":"out","o":5}},{"type":"Feature","geometry":{"type":"LineString","coordinates":[[-82.49921,36.04413],[-82.49998,36.04507],[-82.50005,36.04557],[-82.50022,36.04586]]},"properties":{"net":"out","o":5}},{"type":"Feature","geometry":{"type":"LineString","coordinates":[[-82.47796,36.07929],[-82.47821,36.07949],[-82.47883,36.07969],[-82.47905,36.07995],[-82.47896,36.08023],[-82.47825,36.0807],[-82.47817,36.0809],[-82.47991,36.08133],[-82.48031,36.08166],[-82.48037,36.08183],[-82.48029,36.08244],[-82.47997,36.08335],[-82.48041,36.08386]]},"properties":{"net":"out","o":4}},{"type":"Feature","geometry":{"type":"LineString","coordinates":[[-82.48651,36.10153],[-82.48554,36.10131],[-82.48302,36.10166]]},"properties":{"net":"out","o":4}},{"type":"Feature","geometry":{"type":"LineString","coordinates":[[-82.49428,36.19785],[-82.49478,36.19774]]},"properties":{"net":"out","o":7}},{"type":"Feature","geometry":{"type":"LineString","coordinates":[[-82.49221,36.21115],[-82.49076,36.20969],[-82.4898,36.20851]]},"properties":{"net":"out","o":4}},{"type":"Feature","geometry":{"type":"LineString","coordinates":[[-82.4898,36.20851],[-82.48991,36.2082],[-82.48981,36.20793],[-82.48889,36.20747],[-82.48864,36.20724],[-82.48861,36.20711],[-82.48864,36.20701],[-82.48972,36.20666],[-82.49089,36.20665],[-82.49111,36.2065],[-82.49083,36.2057],[-82.4907,36.20548],[-82.4904,36.2053]]},"properties":{"net":"out","o":5}},{"type":"Feature","geometry":{"type":"LineString","coordinates":[[-82.65416,36.40637],[-82.65459,36.40646],[-82.65494,36.40671],[-82.65568,36.4066],[-82.65694,36.40678],[-82.65821,36.40675],[-82.65889,36.4069]]},"properties":{"net":"out","o":4}},{"type":"Feature","geometry":{"type":"LineString","coordinates":[[-82.46131,36.22972],[-82.46112,36.22956]]},"properties":{"net":"out","o":4}},{"type":"Feature","geometry":{"type":"LineString","coordinates":[[-82.46296,36.23512],[-82.46263,36.23508],[-82.46217,36.23449],[-82.46176,36.23425],[-82.46117,36.23363],[-82.46068,36.23328],[-82.46037,36.23256]]},"properties":{"net":"out","o":4}},{"type":"Feature","geometry":{"type":"LineString","coordinates":[[-82.46638,36.23769],[-82.46535,36.23787],[-82.46427,36.23766],[-82.4637,36.23734],[-82.46361,36.23722],[-82.4636,36.2368],[-82.46424,36.23637],[-82.46415,36.23605],[-82.46386,36.23578],[-82.46374,36.23552],[-82.4637,36.23509]]},"properties":{"net":"out","o":4}},{"type":"Feature","geometry":{"type":"LineString","coordinates":[[-82.47679,36.07689],[-82.47725,36.07743],[-82.47738,36.07796],[-82.47813,36.07858],[-82.47821,36.07894],[-82.47796,36.07929]]},"properties":{"net":"out","o":4}},{"type":"Feature","geometry":{"type":"LineString","coordinates":[[-82.47583,36.07227],[-82.47614,36.0727]]},"properties":{"net":"out","o":4}},{"type":"Feature","geometry":{"type":"LineString","coordinates":[[-82.47813,36.16229],[-82.47786,36.16259],[-82.47746,36.16356],[-82.4767,36.16474],[-82.47668,36.1651],[-82.47624,36.16547],[-82.47527,36.1657],[-82.47495,36.16593]]},"properties":{"net":"out","o":4}},{"type":"Feature","geometry":{"type":"LineString","coordinates":[[-82.45912,36.16969],[-82.45959,36.16967]]},"properties":{"net":"out","o":7}},{"type":"Feature","geometry":{"type":"LineString","coordinates":[[-82.46655,36.17443],[-82.46538,36.17507],[-82.46491,36.17521]]},"properties":{"net":"out","o":7}},{"type":"Feature","geometry":{"type":"LineString","coordinates":[[-82.63163,36.27526],[-82.63214,36.27487],[-82.63302,36.27441]]},"properties":{"net":"out","o":5}},{"type":"Feature","geometry":{"type":"LineString","coordinates":[[-82.63302,36.27441],[-82.63154,36.2734],[-82.63084,36.2732],[-82.63046,36.27291],[-82.6304,36.27271],[-82.63051,36.27261],[-82.63109,36.27234]]},"properties":{"net":"out","o":5}},{"type":"Feature","geometry":{"type":"LineString","coordinates":[[-82.64453,36.29031],[-82.64385,36.28996],[-82.64309,36.28941],[-82.64236,36.28915]]},"properties":{"net":"out","o":4}},{"type":"Feature","geometry":{"type":"LineString","coordinates":[[-82.64291,36.36906],[-82.64382,36.36831],[-82.64483,36.36829],[-82.64532,36.36815],[-82.64649,36.36746],[-82.64725,36.36688],[-82.64779,36.36668]]},"properties":{"net":"out","o":4}},{"type":"Feature","geometry":{"type":"LineString","coordinates":[[-82.45099,36.19047],[-82.45129,36.19161],[-82.45134,36.1928]]},"properties":{"net":"out","o":7}},{"type":"Feature","geometry":{"type":"LineString","coordinates":[[-82.44335,36.17702],[-82.44414,36.17673],[-82.44466,36.17626],[-82.44549,36.17609],[-82.44592,36.17577],[-82.44693,36.17565],[-82.44712,36.17542],[-82.44715,36.17502],[-82.44708,36.17477],[-82.44652,36.17396],[-82.44662,36.17339],[-82.44701,36.17278],[-82.44718,36.17259],[-82.44797,36.17225],[-82.44959,36.17204]]},"properties":{"net":"out","o":4}},{"type":"Feature","geometry":{"type":"LineString","coordinates":[[-82.44423,36.23078],[-82.44438,36.23044],[-82.44489,36.23012]]},"properties":{"net":"out","o":4}},{"type":"Feature","geometry":{"type":"LineString","coordinates":[[-82.45305,36.2512],[-82.45385,36.25064],[-82.455,36.24957],[-82.45547,36.24842],[-82.45661,36.24771]]},"properties":{"net":"out","o":4}},{"type":"Feature","geometry":{"type":"LineString","coordinates":[[-82.43924,36.13194],[-82.43896,36.13231],[-82.43842,36.13365],[-82.43805,36.13408],[-82.43791,36.13414],[-82.43713,36.13408],[-82.43684,36.13418],[-82.43423,36.13563],[-82.43333,36.13632]]},"properties":{"net":"out","o":7}},{"type":"Feature","geometry":{"type":"LineString","coordinates":[[-82.44455,36.16331],[-82.44446,36.16383]]},"properties":{"net":"out","o":7}},{"type":"Feature","geometry":{"type":"LineString","coordinates":[[-82.44201,36.15177],[-82.44184,36.152],[-82.44174,36.15257],[-82.44179,36.15308],[-82.4415,36.15463],[-82.44218,36.15809]]},"properties":{"net":"out","o":7}},{"type":"Feature","geometry":{"type":"LineString","coordinates":[[-82.43122,36.20673],[-82.43448,36.207],[-82.4352,36.20742],[-82.4362,36.20769],[-82.43772,36.2076],[-82.43892,36.20713],[-82.43965,36.20731],[-82.44368,36.2071],[-82.4438,36.20707],[-82.44397,36.2066]]},"properties":{"net":"out","o":5}},{"type":"Feature","geometry":{"type":"LineString","coordinates":[[-82.5371,36.16061],[-82.53821,36.16145],[-82.53913,36.16257]]},"properties":{"net":"out","o":5}},{"type":"Feature","geometry":{"type":"LineString","coordinates":[[-82.52086,36.0613],[-82.52082,36.06159],[-82.52096,36.06189],[-82.52236,36.06297],[-82.52257,36.06356],[-82.52331,36.06447],[-82.52304,36.06489],[-82.5226,36.0652]]},"properties":{"net":"out","o":6}},{"type":"Feature","geometry":{"type":"LineString","coordinates":[[-82.53487,36.12799],[-82.53496,36.12876],[-82.53484,36.12905],[-82.53437,36.12938],[-82.53321,36.12991],[-82.53292,36.13034],[-82.53286,36.13061],[-82.53298,36.13097]]},"properties":{"net":"out","o":5}},{"type":"Feature","geometry":{"type":"LineString","coordinates":[[-82.53198,36.13463],[-82.53147,36.13544]]},"properties":{"net":"out","o":5}},{"type":"Feature","geometry":{"type":"LineString","coordinates":[[-82.53141,36.13588],[-82.53139,36.13627],[-82.53091,36.13787]]},"properties":{"net":"out","o":5}},{"type":"Feature","geometry":{"type":"LineString","coordinates":[[-82.52883,36.14559],[-82.52822,36.14639],[-82.52831,36.14732]]},"properties":{"net":"out","o":5}},{"type":"Feature","geometry":{"type":"LineString","coordinates":[[-82.53913,36.16257],[-82.53988,36.16398],[-82.54007,36.16504],[-82.5409,36.16656],[-82.54091,36.16695],[-82.54071,36.16733],[-82.54071,36.1677],[-82.54151,36.16861],[-82.5415,36.16925],[-82.54182,36.16994]]},"properties":{"net":"out","o":5}},{"type":"Feature","geometry":{"type":"LineString","coordinates":[[-82.52757,36.0537],[-82.52653,36.05436]]},"properties":{"net":"out","o":6}},{"type":"Feature","geometry":{"type":"LineString","coordinates":[[-82.70304,36.34515],[-82.70386,36.34615]]},"properties":{"net":"out","o":5}},{"type":"Feature","geometry":{"type":"LineString","coordinates":[[-82.70725,36.38186],[-82.70706,36.38164]]},"properties":{"net":"out","o":4}},{"type":"Feature","geometry":{"type":"LineString","coordinates":[[-82.70623,36.37829],[-82.70588,36.37737],[-82.70524,36.3767],[-82.70482,36.37597]]},"properties":{"net":"out","o":4}},{"type":"Feature","geometry":{"type":"LineString","coordinates":[[-82.70455,36.37428],[-82.70426,36.37403],[-82.70331,36.3738],[-82.70273,36.37347]]},"properties":{"net":"out","o":4}},{"type":"Feature","geometry":{"type":"LineString","coordinates":[[-82.50724,36.04856],[-82.50687,36.0489],[-82.50611,36.04923],[-82.50569,36.04964]]},"properties":{"net":"out","o":4}},{"type":"Feature","geometry":{"type":"LineString","coordinates":[[-82.50309,36.0608],[-82.50332,36.06163],[-82.50335,36.06264],[-82.5036,36.06328]]},"properties":{"net":"out","o":5}},{"type":"Feature","geometry":{"type":"LineString","coordinates":[[-82.50569,36.04964],[-82.50531,36.05005],[-82.50467,36.05035],[-82.50438,36.05101],[-82.50332,36.05199],[-82.50295,36.05243],[-82.50267,36.05304]]},"properties":{"net":"out","o":4}},{"type":"Feature","geometry":{"type":"LineString","coordinates":[[-82.68344,36.34946],[-82.68369,36.34953],[-82.68394,36.34979]]},"properties":{"net":"out","o":5}},{"type":"Feature","geometry":{"type":"LineString","coordinates":[[-82.68132,36.33112],[-82.68141,36.33116]]},"properties":{"net":"out","o":4}},{"type":"Feature","geometry":{"type":"LineString","coordinates":[[-82.67711,36.32967],[-82.67755,36.32999],[-82.6782,36.33004],[-82.67904,36.3295],[-82.67951,36.32951],[-82.68004,36.32981],[-82.68105,36.33068],[-82.68132,36.33112]]},"properties":{"net":"out","o":4}},{"type":"Feature","geometry":{"type":"LineString","coordinates":[[-82.67243,36.39446],[-82.6732,36.39396],[-82.67418,36.39405]]},"properties":{"net":"out","o":5}},{"type":"Feature","geometry":{"type":"LineString","coordinates":[[-82.65075,36.40635],[-82.652,36.40647],[-82.65416,36.40637]]},"properties":{"net":"out","o":4}},{"type":"Feature","geometry":{"type":"LineString","coordinates":[[-82.64755,36.40297],[-82.64794,36.4031],[-82.64828,36.40338],[-82.64972,36.40544],[-82.65026,36.40601],[-82.65075,36.40635]]},"properties":{"net":"out","o":4}},{"type":"Feature","geometry":{"type":"LineString","coordinates":[[-82.59848,36.13359],[-82.59797,36.13407],[-82.59765,36.13455],[-82.59688,36.13619],[-82.59682,36.13683],[-82.59701,36.13783],[-82.59688,36.13874],[-82.59583,36.14063]]},"properties":{"net":"out","o":4}},{"type":"Feature","geometry":{"type":"LineString","coordinates":[[-82.59792,36.15074],[-82.59773,36.15137],[-82.59775,36.1532],[-82.59731,36.15446],[-82.59688,36.15474],[-82.59598,36.15501],[-82.59551,36.15542],[-82.59477,36.1557],[-82.59437,36.15608],[-82.59324,36.15643],[-82.59282,36.15688],[-82.59189,36.15722]]},"properties":{"net":"out","o":5}},{"type":"Feature","geometry":{"type":"LineString","coordinates":[[-82.58539,36.15137],[-82.58534,36.15164],[-82.5851,36.15172]]},"properties":{"net":"out","o":4}},{"type":"Feature","geometry":{"type":"LineString","coordinates":[[-82.59593,36.22936],[-82.59602,36.22921],[-82.59603,36.22869],[-82.59637,36.22791],[-82.59669,36.22746],[-82.5967,36.22715],[-82.59644,36.22684],[-82.59651,36.22658],[-82.59749,36.22614],[-82.59801,36.2251],[-82.59808,36.22479]]},"properties":{"net":"out","o":4}},{"type":"Feature","geometry":{"type":"LineString","coordinates":[[-82.58424,36.2315],[-82.58453,36.23188],[-82.5847,36.23192],[-82.58528,36.2315],[-82.58547,36.23113],[-82.58539,36.23026],[-82.58562,36.23007],[-82.58599,36.23002],[-82.58711,36.23033],[-82.5875,36.2302],[-82.58775,36.22994],[-82.58814,36.22986],[-82.58852,36.23002],[-82.58891,36.23001],[-82.58922,36.23017],[-82.58968,36.23118],[-82.59004,36.2315],[-82.59095,36.23189],[-82.59126,36.23189]]},"properties":{"net":"out","o":4}},{"type":"Feature","geometry":{"type":"LineString","coordinates":[[-82.59999,36.28316],[-82.59954,36.2832],[-82.59883,36.28307],[-82.59637,36.28196],[-82.5959,36.28201],[-82.5956,36.28188],[-82.59558,36.28123],[-82.59536,36.28084],[-82.59511,36.28005],[-82.59534,36.2794],[-82.59589,36.27894],[-82.59595,36.2786],[-82.5954,36.27787],[-82.59415,36.27713],[-82.59392,36.27668]]},"properties":{"net":"out","o":4}},{"type":"Feature","geometry":{"type":"LineString","coordinates":[[-82.60039,36.31903],[-82.60098,36.31842],[-82.60115,36.31755],[-82.6018,36.31712],[-82.60198,36.31682]]},"properties":{"net":"out","o":4}},{"type":"Feature","geometry":{"type":"LineString","coordinates":[[-82.39917,36.00111],[-82.39888,36.00087],[-82.39859,36.00078],[-82.39777,36.00073],[-82.39737,36.00084],[-82.39638,36.00134]]},"properties":{"net":"out","o":4}},{"type":"Feature","geometry":{"type":"LineString","coordinates":[[-82.40613,35.87734],[-82.40582,35.87768]]},"properties":{"net":"out","o":4}},{"type":"Feature","geometry":{"type":"LineString","coordinates":[[-82.39721,35.88881],[-82.39724,35.8895],[-82.39649,35.89022]]},"properties":{"net":"out","o":4}},{"type":"Feature","geometry":{"type":"LineString","coordinates":[[-82.3963,35.94789],[-82.39515,35.94935],[-82.39481,35.94995],[-82.39494,35.95036],[-82.39544,35.95082],[-82.3974,35.95208],[-82.39714,35.95271],[-82.39605,35.95336],[-82.39545,35.9534]]},"properties":{"net":"out","o":5}},{"type":"Feature","geometry":{"type":"LineString","coordinates":[[-82.39638,36.00134],[-82.39495,36.00146],[-82.39452,36.00134],[-82.39377,36.00084]]},"properties":{"net":"out","o":4}},{"type":"Feature","geometry":{"type":"LineString","coordinates":[[-82.37352,35.99491],[-82.37242,35.99662],[-82.37183,35.99797],[-82.37164,36.00023],[-82.37174,36.001],[-82.37226,36.00186],[-82.3728,36.00225],[-82.37418,36.00267],[-82.37535,36.00317],[-82.37637,36.00393],[-82.37717,36.00481],[-82.37842,36.00693],[-82.37971,36.00856]]},"properties":{"net":"out","o":6}},{"type":"Feature","geometry":{"type":"LineString","coordinates":[[-82.37971,36.00856],[-82.38042,36.00933],[-82.38072,36.01]]},"properties":{"net":"out","o":6}},{"type":"Feature","geometry":{"type":"LineString","coordinates":[[-82.38062,36.01441],[-82.38037,36.01443],[-82.37938,36.0139],[-82.37871,36.01341]]},"properties":{"net":"out","o":6}},{"type":"Feature","geometry":{"type":"LineString","coordinates":[[-82.38874,35.91524],[-82.38895,35.91581],[-82.38912,35.91593]]},"properties":{"net":"out","o":5}},{"type":"Feature","geometry":{"type":"LineString","coordinates":[[-82.38429,35.92117],[-82.38312,35.92254],[-82.38309,35.92293],[-82.3834,35.9235]]},"properties":{"net":"out","o":5}},{"type":"Feature","geometry":{"type":"LineString","coordinates":[[-82.38981,35.96753],[-82.39111,35.96821]]},"properties":{"net":"out","o":5}},{"type":"Feature","geometry":{"type":"LineString","coordinates":[[-82.39342,35.99447],[-82.39317,35.99496],[-82.39171,35.99613],[-82.39135,35.99632]]},"properties":{"net":"out","o":6}},{"type":"Feature","geometry":{"type":"LineString","coordinates":[[-82.38072,36.01],[-82.38104,36.01071],[-82.3813,36.01204],[-82.38126,36.01289]]},"properties":{"net":"out","o":6}},{"type":"Feature","geometry":{"type":"LineString","coordinates":[[-82.38083,36.01435],[-82.38062,36.01441]]},"properties":{"net":"out","o":6}},{"type":"Feature","geometry":{"type":"LineString","coordinates":[[-82.37985,36.07069],[-82.38027,36.07088],[-82.38073,36.07133],[-82.38137,36.07256],[-82.383,36.0743]]},"properties":{"net":"out","o":7}},{"type":"Feature","geometry":{"type":"LineString","coordinates":[[-82.38097,36.15014],[-82.38276,36.15106],[-82.38321,36.15148],[-82.38363,36.15171],[-82.38422,36.1523],[-82.38535,36.15256],[-82.38641,36.15233]]},"properties":{"net":"out","o":4}},{"type":"Feature","geometry":{"type":"LineString","coordinates":[[-82.54771,36.03767],[-82.54735,36.038],[-82.54709,36.03857],[-82.54711,36.03997],[-82.54647,36.04064]]},"properties":{"net":"out","o":6}},{"type":"Feature","geometry":{"type":"LineString","coordinates":[[-82.5545,36.11711],[-82.55406,36.11751],[-82.55354,36.11779]]},"properties":{"net":"out","o":4}},{"type":"Feature","geometry":{"type":"LineString","coordinates":[[-82.54461,36.24991],[-82.54515,36.24996],[-82.54589,36.24987],[-82.54658,36.24922],[-82.54744,36.24823],[-82.54772,36.24805]]},"properties":{"net":"out","o":4}},{"type":"Feature","geometry":{"type":"LineString","coordinates":[[-82.53761,36.31745],[-82.53804,36.31736],[-82.53964,36.31749],[-82.53987,36.31738],[-82.54016,36.31654],[-82.54083,36.31603],[-82.54168,36.31611],[-82.54217,36.3159],[-82.54271,36.3161],[-82.54285,36.31606],[-82.54314,36.31574],[-82.54305,36.31532],[-82.54342,36.31523],[-82.54334,36.31496],[-82.54349,36.31494],[-82.54363,36.31464],[-82.54418,36.31406]]},"properties":{"net":"out","o":4}},{"type":"Feature","geometry":{"type":"LineString","coordinates":[[-82.56237,36.32653],[-82.56326,36.32556]]},"properties":{"net":"out","o":5}},{"type":"Feature","geometry":{"type":"LineString","coordinates":[[-82.55211,36.33794],[-82.55229,36.33777]]},"properties":{"net":"out","o":4}},{"type":"Feature","geometry":{"type":"LineString","coordinates":[[-82.36447,36.14376],[-82.36458,36.14408],[-82.36495,36.14443],[-82.36587,36.1447],[-82.36757,36.14494],[-82.36844,36.14558],[-82.36942,36.14569],[-82.36993,36.14622]]},"properties":{"net":"out","o":4}},{"type":"Feature","geometry":{"type":"LineString","coordinates":[[-82.55354,36.11779],[-82.55228,36.11835],[-82.55064,36.11971],[-82.54945,36.12041],[-82.54838,36.12127]]},"properties":{"net":"out","o":4}},{"type":"Feature","geometry":{"type":"LineString","coordinates":[[-82.5451,36.31317],[-82.54626,36.31216],[-82.54746,36.31079]]},"properties":{"net":"out","o":4}},{"type":"Feature","geometry":{"type":"LineString","coordinates":[[-82.35062,36.002],[-82.35023,36.0016],[-82.34978,36.00146]]},"properties":{"net":"out","o":6}},{"type":"Feature","geometry":{"type":"LineString","coordinates":[[-82.33973,36.03634],[-82.33942,36.03706],[-82.33798,36.03852]]},"properties":{"net":"out","o":7}},{"type":"Feature","geometry":{"type":"LineString","coordinates":[[-82.34921,36.0795],[-82.3495,36.08006],[-82.35036,36.08102],[-82.35038,36.08146],[-82.35071,36.08236],[-82.35076,36.08309],[-82.35114,36.08371]]},"properties":{"net":"out","o":7}},{"type":"Feature","geometry":{"type":"LineString","coordinates":[[-82.34309,36.06845],[-82.34377,36.06918],[-82.34392,36.0696],[-82.34411,36.0698],[-82.34462,36.07098],[-82.34473,36.07164],[-82.34484,36.07179]]},"properties":{"net":"out","o":7}},{"type":"Feature","geometry":{"type":"LineString","coordinates":[[-82.33612,36.04477],[-82.33622,36.04496]]},"properties":{"net":"out","o":7}},{"type":"Feature","geometry":{"type":"LineString","coordinates":[[-82.34921,36.0864],[-82.34967,36.08568],[-82.3495,36.08493],[-82.35025,36.08386],[-82.35046,36.08333]]},"properties":{"net":"out","o":4}},{"type":"Feature","geometry":{"type":"LineString","coordinates":[[-82.33315,36.09167],[-82.33371,36.09098],[-82.33373,36.0904],[-82.33337,36.09002],[-82.33141,36.08853]]},"properties":{"net":"out","o":4}},{"type":"Feature","geometry":{"type":"LineString","coordinates":[[-82.3311,36.18088],[-82.3317,36.18122],[-82.33187,36.18144],[-82.33187,36.18235],[-82.33195,36.18253],[-82.3326,36.18299],[-82.33297,36.18381],[-82.33294,36.1839]]},"properties":{"net":"out","o":5}},{"type":"Feature","geometry":{"type":"LineString","coordinates":[[-82.32359,36.17795],[-82.32544,36.17829],[-82.3274,36.17884],[-82.32923,36.1797],[-82.33058,36.18066],[-82.3311,36.18088]]},"properties":{"net":"out","o":5}},{"type":"Feature","geometry":{"type":"LineString","coordinates":[[-82.61751,36.11832],[-82.61749,36.11843]]},"properties":{"net":"out","o":5}},{"type":"Feature","geometry":{"type":"LineString","coordinates":[[-82.61672,36.11367],[-82.61667,36.11478],[-82.61681,36.11544],[-82.61676,36.11562]]},"properties":{"net":"out","o":5}},{"type":"Feature","geometry":{"type":"LineString","coordinates":[[-82.61749,36.11843],[-82.61715,36.11906],[-82.61696,36.11982],[-82.61659,36.12027]]},"properties":{"net":"out","o":5}},{"type":"Feature","geometry":{"type":"LineString","coordinates":[[-82.61354,36.12804],[-82.61365,36.12842],[-82.61398,36.1287],[-82.614,36.12949],[-82.61387,36.12994],[-82.61408,36.13047],[-82.6141,36.13133],[-82.61405,36.13166],[-82.61377,36.1322],[-82.61332,36.13255]]},"properties":{"net":"out","o":5}},{"type":"Feature","geometry":{"type":"LineString","coordinates":[[-82.61058,36.24705],[-82.61184,36.24583],[-82.61275,36.24532],[-82.61344,36.24521],[-82.61486,36.2454]]},"properties":{"net":"out","o":5}},{"type":"Feature","geometry":{"type":"LineString","coordinates":[[-82.6262,36.26381],[-82.62523,36.26272],[-82.6254,36.26186],[-82.62537,36.26103]]},"properties":{"net":"out","o":5}},{"type":"Feature","geometry":{"type":"LineString","coordinates":[[-82.31317,36.0358],[-82.31331,36.03502],[-82.31318,36.03374],[-82.31278,36.03146],[-82.3126,36.03122]]},"properties":{"net":"out","o":6}},{"type":"Feature","geometry":{"type":"LineString","coordinates":[[-82.33167,36.08751],[-82.33181,36.08712],[-82.33209,36.08698]]},"properties":{"net":"out","o":4}},{"type":"Feature","geometry":{"type":"LineString","coordinates":[[-82.31607,36.10492],[-82.31657,36.10496],[-82.31774,36.10571],[-82.31864,36.10584]]},"properties":{"net":"out","o":4}},{"type":"Feature","geometry":{"type":"LineString","coordinates":[[-82.32416,36.19914],[-82.3243,36.19915]]},"properties":{"net":"out","o":5}},{"type":"Feature","geometry":{"type":"LineString","coordinates":[[-82.29287,35.92268],[-82.29193,35.92219],[-82.29084,35.92244],[-82.2906,35.92243],[-82.29018,35.92221]]},"properties":{"net":"sm2618","o":2}},{"type":"Feature","geometry":{"type":"LineString","coordinates":[[-82.29501,35.98946],[-82.29497,35.99134],[-82.29539,35.99323]]},"properties":{"net":"out","o":5}},{"type":"Feature","geometry":{"type":"LineString","coordinates":[[-82.30597,36.04056],[-82.30635,36.04043],[-82.30809,36.04055]]},"properties":{"net":"out","o":6}},{"type":"Feature","geometry":{"type":"LineString","coordinates":[[-82.29951,36.04566],[-82.29963,36.04575],[-82.30043,36.04584],[-82.30119,36.04567],[-82.30169,36.04541],[-82.30215,36.04488],[-82.30274,36.04336],[-82.3029,36.04324],[-82.30293,36.04306],[-82.30335,36.0425],[-82.30339,36.04228],[-82.30362,36.04202],[-82.30445,36.04143],[-82.30597,36.04056]]},"properties":{"net":"out","o":6}},{"type":"Feature","geometry":{"type":"LineString","coordinates":[[-82.29613,36.03567],[-82.29631,36.03591]]},"properties":{"net":"out","o":6}},{"type":"Feature","geometry":{"type":"LineString","coordinates":[[-82.29446,36.03389],[-82.29613,36.03567]]},"properties":{"net":"out","o":6}},{"type":"Feature","geometry":{"type":"LineString","coordinates":[[-82.29982,36.08149],[-82.30011,36.08016]]},"properties":{"net":"out","o":4}},{"type":"Feature","geometry":{"type":"LineString","coordinates":[[-82.30211,36.2004],[-82.30436,36.2012]]},"properties":{"net":"out","o":4}},{"type":"Feature","geometry":{"type":"LineString","coordinates":[[-82.3067,35.96636],[-82.30615,35.96644],[-82.30596,35.96671],[-82.30594,35.96693],[-82.30619,35.96759],[-82.30638,35.96867],[-82.30513,35.96954],[-82.30498,35.97003],[-82.30506,35.97031],[-82.30605,35.97091],[-82.30607,35.97102]]},"properties":{"net":"out","o":4}},{"type":"Feature","geometry":{"type":"LineString","coordinates":[[-82.28876,36.02817],[-82.29031,36.02882],[-82.29074,36.02923],[-82.29114,36.02975],[-82.2913,36.03013],[-82.29136,36.03079],[-82.29161,36.03139],[-82.29193,36.03186],[-82.29255,36.03247],[-82.29389,36.03328],[-82.29446,36.03389]]},"properties":{"net":"out","o":6}},{"type":"Feature","geometry":{"type":"LineString","coordinates":[[-82.30055,36.06231],[-82.30134,36.06169],[-82.30115,36.06089]]},"properties":{"net":"out","o":5}},{"type":"Feature","geometry":{"type":"LineString","coordinates":[[-82.29929,36.04576],[-82.29951,36.04566]]},"properties":{"net":"out","o":5}},{"type":"Feature","geometry":{"type":"LineString","coordinates":[[-82.30308,35.86173],[-82.30301,35.86165]]},"properties":{"net":"NC3200","o":4}},{"type":"Feature","geometry":{"type":"LineString","coordinates":[[-82.42593,35.91314],[-82.42515,35.91308],[-82.42305,35.91359]]},"properties":{"net":"out","o":4}},{"type":"Feature","geometry":{"type":"LineString","coordinates":[[-82.43701,35.95784],[-82.43587,35.95919],[-82.43549,35.96004]]},"properties":{"net":"sm2919","o":1}},{"type":"Feature","geometry":{"type":"LineString","coordinates":[[-82.43655,35.97451],[-82.43566,35.97709],[-82.43539,35.97754],[-82.43433,35.97855],[-82.43307,35.97927],[-82.43146,35.98054]]},"properties":{"net":"sm2919","o":1}},{"type":"Feature","geometry":{"type":"LineString","coordinates":[[-82.43146,35.98054],[-82.43036,35.98018],[-82.42918,35.98016],[-82.42853,35.97999],[-82.42773,35.98029]]},"properties":{"net":"sm2919","o":4}},{"type":"Feature","geometry":{"type":"LineString","coordinates":[[-82.4321,35.99323],[-82.4311,35.99256],[-82.43014,35.99206],[-82.42858,35.99154],[-82.42714,35.99169]]},"properties":{"net":"sm2919","o":1}},{"type":"Feature","geometry":{"type":"LineString","coordinates":[[-82.59158,36.0674],[-82.59119,36.06625],[-82.59125,36.06543]]},"properties":{"net":"out","o":4}},{"type":"Feature","geometry":{"type":"LineString","coordinates":[[-82.59278,36.16011],[-82.59314,36.16028],[-82.59344,36.1606],[-82.5943,36.16084],[-82.59531,36.16128]]},"properties":{"net":"out","o":7}},{"type":"Feature","geometry":{"type":"LineString","coordinates":[[-82.59791,36.25987],[-82.59845,36.26004],[-82.59873,36.26],[-82.59899,36.25981],[-82.59926,36.25935]]},"properties":{"net":"out","o":5}},{"type":"Feature","geometry":{"type":"LineString","coordinates":[[-82.58972,36.26532],[-82.59015,36.26467],[-82.59079,36.26414],[-82.59105,36.26367],[-82.59248,36.26283],[-82.59292,36.26216]]},"properties":{"net":"out","o":5}},{"type":"Feature","geometry":{"type":"LineString","coordinates":[[-82.7444,36.11225],[-82.74392,36.11277]]},"properties":{"net":"out","o":5}},{"type":"Feature","geometry":{"type":"LineString","coordinates":[[-82.27009,35.7441],[-82.26927,35.74193],[-82.26877,35.74143],[-82.26834,35.7412],[-82.2675,35.74045]]},"properties":{"net":"sm2660","o":1}},{"type":"Feature","geometry":{"type":"LineString","coordinates":[[-82.74886,36.14006],[-82.74873,36.13976],[-82.74884,36.13891]]},"properties":{"net":"out","o":7}},{"type":"Feature","geometry":{"type":"LineString","coordinates":[[-82.22809,35.76763],[-82.22634,35.76877],[-82.22559,35.76984],[-82.22508,35.77096],[-82.22431,35.77159],[-82.22301,35.77231],[-82.22274,35.77281]]},"properties":{"net":"sm2663","o":2}},{"type":"Feature","geometry":{"type":"LineString","coordinates":[[-82.24113,35.85767],[-82.24032,35.85735],[-82.24001,35.85712],[-82.23984,35.85694],[-82.23953,35.85617],[-82.23905,35.85551],[-82.23718,35.85397],[-82.23644,35.85354],[-82.2352,35.85303],[-82.23425,35.85277],[-82.23307,35.8526],[-82.23148,35.8528],[-82.23002,35.85326],[-82.22886,35.8534],[-82.2283,35.85356],[-82.22784,35.85389],[-82.22654,35.85438],[-82.22434,35.85631],[-82.22321,35.85678],[-82.22201,35.85743],[-82.22094,35.85785],[-82.22004,35.85844]]},"properties":{"net":"sm2731","o":1}},{"type":"Feature","geometry":{"type":"LineString","coordinates":[[-82.22004,35.85844],[-82.21943,35.85846],[-82.21804,35.85825],[-82.21756,35.85769]]},"properties":{"net":"sm2732","o":1}},{"type":"Feature","geometry":{"type":"LineString","coordinates":[[-82.21756,35.85769],[-82.21716,35.85743],[-82.21623,35.85727]]},"properties":{"net":"sm2710","o":1}},{"type":"Feature","geometry":{"type":"LineString","coordinates":[[-82.21623,35.85727],[-82.21546,35.85717]]},"properties":{"net":"sm2711","o":1}},{"type":"Feature","geometry":{"type":"LineString","coordinates":[[-82.21546,35.85717],[-82.21502,35.85707],[-82.21392,35.85657],[-82.21344,35.85651]]},"properties":{"net":"sm2730","o":1}},{"type":"Feature","geometry":{"type":"LineString","coordinates":[[-82.2675,35.74045],[-82.26621,35.73914],[-82.26554,35.73828],[-82.26354,35.73723],[-82.26215,35.7362],[-82.26168,35.73535],[-82.26168,35.73449],[-82.26123,35.7326],[-82.26121,35.73202],[-82.26104,35.73166],[-82.26019,35.73084],[-82.25906,35.73004],[-82.2586,35.72914],[-82.25814,35.72868]]},"properties":{"net":"sm2660","o":2}},{"type":"Feature","geometry":{"type":"LineString","coordinates":[[-82.22968,36.03703],[-82.22955,36.03697]]},"properties":{"net":"out","o":5}},{"type":"Feature","geometry":{"type":"LineString","coordinates":[[-82.28645,35.91583],[-82.28459,35.91632],[-82.28408,35.91631]]},"properties":{"net":"sm2618","o":4}},{"type":"Feature","geometry":{"type":"LineString","coordinates":[[-82.28664,35.92235],[-82.28664,35.92197],[-82.2865,35.92148],[-82.28606,35.92046],[-82.28612,35.91892],[-82.28573,35.9176],[-82.28533,35.9171],[-82.28408,35.91631]]},"properties":{"net":"sm2618","o":2}},{"type":"Feature","geometry":{"type":"LineString","coordinates":[[-82.28408,35.91631],[-82.28297,35.91581],[-82.28175,35.91563]]},"properties":{"net":"sm2618","o":4}},{"type":"Feature","geometry":{"type":"LineString","coordinates":[[-82.28957,35.99382],[-82.28829,35.99492],[-82.28789,35.99555]]},"properties":{"net":"out","o":5}},{"type":"Feature","geometry":{"type":"LineString","coordinates":[[-82.2671,36.00092],[-82.26738,36.00122],[-82.26789,36.00139],[-82.27051,36.00169],[-82.27137,36.0019],[-82.27278,36.00261]]},"properties":{"net":"out","o":6}},{"type":"Feature","geometry":{"type":"LineString","coordinates":[[-82.24983,35.72188],[-82.24903,35.72204]]},"properties":{"net":"sm8031412","o":2}},{"type":"Feature","geometry":{"type":"LineString","coordinates":[[-82.24903,35.72204],[-82.24815,35.72205],[-82.24755,35.72239],[-82.24702,35.72288]]},"properties":{"net":"sm2660","o":2}},{"type":"Feature","geometry":{"type":"LineString","coordinates":[[-82.22861,35.75009],[-82.22762,35.74957],[-82.22644,35.74928],[-82.22589,35.74905]]},"properties":{"net":"sm2933","o":1}},{"type":"Feature","geometry":{"type":"LineString","coordinates":[[-82.22589,35.74905],[-82.22443,35.74851]]},"properties":{"net":"sm3036","o":1}},{"type":"Feature","geometry":{"type":"LineString","coordinates":[[-82.23644,35.76689],[-82.23551,35.76684],[-82.23433,35.76706],[-82.23365,35.7673],[-82.23271,35.76742],[-82.23004,35.7672],[-82.22918,35.76733],[-82.22879,35.76749]]},"properties":{"net":"sm2663","o":2}},{"type":"Feature","geometry":{"type":"LineString","coordinates":[[-82.22879,35.76749],[-82.22809,35.76763]]},"properties":{"net":"sm2663","o":2}},{"type":"Feature","geometry":{"type":"LineString","coordinates":[[-82.24528,35.91144],[-82.24486,35.9118],[-82.24493,35.9126],[-82.24476,35.91338],[-82.24478,35.91399],[-82.24451,35.91476],[-82.24427,35.9151]]},"properties":{"net":"sm2618","o":1}},{"type":"Feature","geometry":{"type":"LineString","coordinates":[[-82.2377,35.92771],[-82.23736,35.92705],[-82.23709,35.92611],[-82.23683,35.92574],[-82.23666,35.92408],[-82.23524,35.92237],[-82.23502,35.92193],[-82.23498,35.92141],[-82.23475,35.921],[-82.23412,35.92051],[-82.23344,35.92034]]},"properties":{"net":"sm2618","o":1}},{"type":"Feature","geometry":{"type":"LineString","coordinates":[[-82.24865,35.94948],[-82.24854,35.9489],[-82.24861,35.94816],[-82.24822,35.94689],[-82.24724,35.94568]]},"properties":{"net":"sm2618","o":2}},{"type":"Feature","geometry":{"type":"LineString","coordinates":[[-82.22841,36.01299],[-82.22898,36.01306],[-82.23044,36.01352],[-82.23168,36.01363],[-82.23296,36.01356],[-82.23353,36.01341],[-82.2343,36.01296],[-82.23477,36.01236],[-82.23492,36.01202],[-82.23545,36.01148]]},"properties":{"net":"out","o":6}},{"type":"Feature","geometry":{"type":"LineString","coordinates":[[-82.20576,35.76868],[-82.20588,35.76881]]},"properties":{"net":"sm2668","o":4}},{"type":"Feature","geometry":{"type":"LineString","coordinates":[[-82.20553,35.76841],[-82.20576,35.76868]]},"properties":{"net":"sm2668","o":4}},{"type":"Feature","geometry":{"type":"LineString","coordinates":[[-82.20577,35.80391],[-82.20566,35.80385]]},"properties":{"net":"sm2676","o":1}},{"type":"Feature","geometry":{"type":"LineString","coordinates":[[-82.20568,35.79815],[-82.20401,35.79953],[-82.20338,35.79981]]},"properties":{"net":"sm2676","o":4}},{"type":"Feature","geometry":{"type":"LineString","coordinates":[[-82.20338,35.79981],[-82.20317,35.7999],[-82.203,35.80013],[-82.20288,35.80127]]},"properties":{"net":"sm2676","o":4}},{"type":"Feature","geometry":{"type":"LineString","coordinates":[[-82.18809,35.82496],[-82.18747,35.82577],[-82.18737,35.82612]]},"properties":{"net":"sm2689","o":4}},{"type":"Feature","geometry":{"type":"LineString","coordinates":[[-82.20092,35.88938],[-82.20056,35.89074],[-82.20076,35.89129],[-82.20111,35.89178],[-82.20085,35.89217]]},"properties":{"net":"sm2739","o":1}},{"type":"Feature","geometry":{"type":"LineString","coordinates":[[-82.25038,35.71121],[-82.24905,35.7121],[-82.24821,35.71399],[-82.24803,35.71526],[-82.24804,35.71555],[-82.24831,35.71632],[-82.24817,35.71823],[-82.24775,35.71928],[-82.24694,35.7206],[-82.24686,35.72087],[-82.24702,35.72288]]},"properties":{"net":"sm2660","o":2}},{"type":"Feature","geometry":{"type":"LineString","coordinates":[[-82.25775,35.74976],[-82.25781,35.74911],[-82.25762,35.74876],[-82.25673,35.7476],[-82.25626,35.74675],[-82.2554,35.74592],[-82.25502,35.74568],[-82.25455,35.74511],[-82.25448,35.74486]]},"properties":{"net":"sm2660","o":1}},{"type":"Feature","geometry":{"type":"LineString","coordinates":[[-82.25763,35.76316],[-82.25639,35.76341],[-82.25529,35.76396],[-82.25477,35.76448],[-82.2544,35.76467],[-82.25289,35.76503],[-82.2513,35.76561],[-82.25013,35.76565],[-82.24963,35.76576],[-82.24939,35.76595]]},"properties":{"net":"sm2663","o":1}},{"type":"Feature","geometry":{"type":"LineString","coordinates":[[-82.25544,35.78367],[-82.25492,35.78316],[-82.25432,35.7822],[-82.25313,35.78111],[-82.24993,35.77954],[-82.24738,35.77851],[-82.24619,35.77753],[-82.24468,35.77661],[-82.24415,35.77601],[-82.24354,35.77455],[-82.24271,35.7734],[-82.24214,35.77239],[-82.2414,35.77155],[-82.24015,35.77093],[-82.23892,35.77074],[-82.23799,35.77038],[-82.23631,35.77026],[-82.23497,35.77042],[-82.23404,35.77022],[-82.23303,35.76968],[-82.23268,35.76958],[-82.23005,35.76945],[-82.22976,35.7693],[-82.22936,35.76886],[-82.22879,35.76749]]},"properties":{"net":"sm2663","o":1}},{"type":"Feature","geometry":{"type":"LineString","coordinates":[[-82.25531,35.89492],[-82.25645,35.89609]]},"properties":{"net":"sm2618","o":2}},{"type":"Feature","geometry":{"type":"LineString","coordinates":[[-82.25292,35.88821],[-82.25312,35.88936],[-82.2538,35.89059],[-82.25392,35.89123],[-82.25413,35.89173],[-82.25419,35.89218],[-82.25413,35.89316],[-82.25424,35.89359],[-82.25434,35.89387],[-82.25471,35.89429]]},"properties":{"net":"sm2618","o":2}},{"type":"Feature","geometry":{"type":"LineString","coordinates":[[-82.25288,35.88016],[-82.2535,35.88183],[-82.25355,35.8827],[-82.25338,35.88397],[-82.25351,35.88442],[-82.25346,35.88509],[-82.25299,35.88572]]},"properties":{"net":"sm2618","o":1}},{"type":"Feature","geometry":{"type":"LineString","coordinates":[[-82.25137,35.89639],[-82.25306,35.89638],[-82.25462,35.89677],[-82.25595,35.89728],[-82.25635,35.89771]]},"properties":{"net":"sm2618","o":1}},{"type":"Feature","geometry":{"type":"LineString","coordinates":[[-82.25049,35.90015],[-82.25035,35.90042],[-82.25012,35.90061],[-82.24913,35.9011],[-82.2488,35.90111],[-82.24802,35.90148],[-82.24748,35.90152],[-82.24695,35.90168],[-82.24658,35.90204],[-82.24643,35.90267],[-82.24623,35.90301],[-82.24606,35.90407]]},"properties":{"net":"sm2618","o":1}},{"type":"Feature","geometry":{"type":"LineString","coordinates":[[-82.25164,35.9273],[-82.25191,35.92685],[-82.25195,35.92658],[-82.25193,35.92627],[-82.25163,35.92571],[-82.25164,35.92558],[-82.25229,35.92454],[-82.25237,35.92393],[-82.25154,35.923]]},"properties":{"net":"sm2618","o":3}},{"type":"Feature","geometry":{"type":"LineString","coordinates":[[-82.27459,36.00433],[-82.27431,36.00466]]},"properties":{"net":"out","o":5}},{"type":"Feature","geometry":{"type":"LineString","coordinates":[[-82.2808,36.05281],[-82.28138,36.05065],[-82.28111,36.04898],[-82.28124,36.04793],[-82.28117,36.04718]]},"properties":{"net":"out","o":4}},{"type":"Feature","geometry":{"type":"LineString","coordinates":[[-82.28357,36.08491],[-82.28307,36.08404]]},"properties":{"net":"out","o":4}},{"type":"Feature","geometry":{"type":"LineString","coordinates":[[-82.27973,36.08182],[-82.27978,36.08151],[-82.27969,36.08082],[-82.27982,36.08021],[-82.28,36.07994],[-82.28038,36.07966]]},"properties":{"net":"out","o":5}},{"type":"Feature","geometry":{"type":"LineString","coordinates":[[-82.27649,36.06979],[-82.27588,36.06868],[-82.27526,36.06708],[-82.27403,36.06533]]},"properties":{"net":"sm2928","o":1}},{"type":"Feature","geometry":{"type":"LineString","coordinates":[[-82.27063,36.071],[-82.2706,36.07046],[-82.27094,36.06937],[-82.27155,36.06837]]},"properties":{"net":"sm2928","o":1}},{"type":"Feature","geometry":{"type":"LineString","coordinates":[[-82.20197,35.74815],[-82.20163,35.74871],[-82.20055,35.74925],[-82.20043,35.74949],[-82.20037,35.75013]]},"properties":{"net":"sm2670","o":1}},{"type":"Feature","geometry":{"type":"LineString","coordinates":[[-82.1888,35.90692],[-82.18893,35.90709],[-82.18975,35.90754],[-82.19044,35.90817]]},"properties":{"net":"out","o":4}},{"type":"Feature","geometry":{"type":"LineString","coordinates":[[-82.1881,35.94465],[-82.18961,35.94601],[-82.19003,35.94621],[-82.19041,35.94661],[-82.19152,35.94696],[-82.19175,35.9472],[-82.19235,35.94835],[-82.1923,35.9486],[-82.19209,35.94879],[-82.19208,35.94908],[-82.19284,35.94986],[-82.19313,35.95025],[-82.19318,35.95047],[-82.19348,35.9508],[-82.1948,35.95128],[-82.19658,35.95145],[-82.19705,35.95158],[-82.1976,35.95204],[-82.19775,35.95242]]},"properties":{"net":"out","o":6}},{"type":"Feature","geometry":{"type":"LineString","coordinates":[[-82.25878,35.94899],[-82.25845,35.94884],[-82.25599,35.9471],[-82.25547,35.94688],[-82.25423,35.94659],[-82.25229,35.94545],[-82.25131,35.94502],[-82.25047,35.94428],[-82.25005,35.94364]]},"properties":{"net":"sm2618","o":1}},{"type":"Feature","geometry":{"type":"LineString","coordinates":[[-82.25766,36.01945],[-82.25848,36.01952],[-82.25904,36.01931],[-82.25928,36.01895],[-82.25912,36.01824],[-82.25914,36.01781],[-82.25975,36.0172],[-82.26035,36.01703]]},"properties":{"net":"out","o":5}},{"type":"Feature","geometry":{"type":"LineString","coordinates":[[-82.19337,36.00635],[-82.19375,36.00798],[-82.1937,36.0083],[-82.19392,36.00854],[-82.19418,36.00958],[-82.1943,36.0097],[-82.19425,36.0102],[-82.19436,36.01058],[-82.19472,36.01134],[-82.19518,36.01179]]},"properties":{"net":"out","o":6}},{"type":"Feature","geometry":{"type":"LineString","coordinates":[[-82.20055,36.04715],[-82.20125,36.04692],[-82.20176,36.04692],[-82.20282,36.04737],[-82.20376,36.04752],[-82.20537,36.04885],[-82.20623,36.04929],[-82.20692,36.04945]]},"properties":{"net":"out","o":4}},{"type":"Feature","geometry":{"type":"LineString","coordinates":[[-82.26672,36.06036],[-82.26774,36.05999],[-82.26777,36.05973],[-82.26747,36.05928],[-82.26805,36.05856],[-82.26822,36.0579],[-82.26848,36.05747]]},"properties":{"net":"sm2928","o":3}},{"type":"Feature","geometry":{"type":"LineString","coordinates":[[-82.1998,36.09611],[-82.20001,36.09563],[-82.19978,36.0945],[-82.19991,36.09383],[-82.20026,36.09301],[-82.20177,36.09045],[-82.20197,36.08985],[-82.2019,36.08901],[-82.20159,36.088]]},"properties":{"net":"out","o":4}},{"type":"Feature","geometry":{"type":"LineString","coordinates":[[-82.19914,36.09779],[-82.19978,36.09719],[-82.1998,36.09611]]},"properties":{"net":"out","o":4}},{"type":"Feature","geometry":{"type":"LineString","coordinates":[[-82.11249,35.92966],[-82.11468,35.92918],[-82.11539,35.92926],[-82.1164,35.92967]]},"properties":{"net":"out","o":5}},{"type":"Feature","geometry":{"type":"LineString","coordinates":[[-82.10889,35.93088],[-82.10981,35.93034],[-82.11057,35.9301],[-82.11164,35.92994],[-82.11249,35.92966]]},"properties":{"net":"out","o":5}},{"type":"Feature","geometry":{"type":"LineString","coordinates":[[-82.14694,35.90196],[-82.14736,35.9029],[-82.14711,35.90371],[-82.14704,35.90437],[-82.14713,35.90604],[-82.147,35.90658],[-82.14657,35.90667],[-82.14625,35.90631],[-82.14605,35.9055],[-82.14576,35.90484],[-82.1455,35.90439],[-82.14523,35.90418],[-82.14471,35.90418],[-82.144,35.9045],[-82.14346,35.90496],[-82.14297,35.90568],[-82.14275,35.90646],[-82.14272,35.90698],[-82.1428,35.90848],[-82.14299,35.90922],[-82.1431,35.91045]]},"properties":{"net":"out","o":4}},{"type":"Feature","geometry":{"type":"LineString","coordinates":[[-82.14836,35.9329],[-82.1484,35.93298]]},"properties":{"net":"out","o":4}},{"type":"Feature","geometry":{"type":"LineString","coordinates":[[-81.99627,35.92737],[-81.99657,35.92629],[-81.99738,35.92508],[-81.99763,35.92443],[-81.99786,35.92433]]},"properties":{"net":"NC6575","o":4}},{"type":"Feature","geometry":{"type":"LineString","coordinates":[[-82.00491,35.9454],[-82.00385,35.9438]]},"properties":{"net":"NC6575","o":4}},{"type":"Feature","geometry":{"type":"LineString","coordinates":[[-82.15793,36.01462],[-82.15827,36.01475],[-82.1588,36.01472],[-82.16018,36.01414]]},"properties":{"net":"NC6250","o":4}},{"type":"Feature","geometry":{"type":"LineString","coordinates":[[-82.00823,36.06867],[-82.00822,36.06822],[-82.00797,36.06786],[-82.00761,36.06688],[-82.00765,36.06667],[-82.00752,36.06593],[-82.00773,36.06552],[-82.00782,36.06503],[-82.00761,36.06468],[-82.00782,36.06355],[-82.00767,36.06317],[-82.00763,36.06266],[-82.0078,36.06174],[-82.00807,36.06123],[-82.00837,36.06108],[-82.00882,36.0611],[-82.00969,36.06203],[-82.00985,36.06213],[-82.01061,36.06218],[-82.0121,36.06293],[-82.01354,36.06325],[-82.01416,36.06323]]},"properties":{"net":"NC6622","o":4}},{"type":"Feature","geometry":{"type":"LineString","coordinates":[[-82.06622,35.91322],[-82.0663,35.9133],[-82.06628,35.91413],[-82.06651,35.91434],[-82.06874,35.91478],[-82.07011,35.91519],[-82.07177,35.91597],[-82.07244,35.91652],[-82.07298,35.91654],[-82.07393,35.91629],[-82.07563,35.91613]]},"properties":{"net":"NC6575","o":5}},{"type":"Feature","geometry":{"type":"LineString","coordinates":[[-82.06285,35.90061],[-82.06285,35.90062]]},"properties":{"net":"NC31609","o":4}},{"type":"Feature","geometry":{"type":"LineString","coordinates":[[-82.06285,35.90062],[-82.06282,35.9008]]},"properties":{"net":"NC6575","o":4}},{"type":"Feature","geometry":{"type":"LineString","coordinates":[[-82.03306,35.95773],[-82.03318,35.95756],[-82.03318,35.95709],[-82.03306,35.95675],[-82.03287,35.95655],[-82.0312,35.95653],[-82.0306,35.95639],[-82.03012,35.95601],[-82.03004,35.95574],[-82.03005,35.95542],[-82.03052,35.95512],[-82.03173,35.95493],[-82.03253,35.95449],[-82.03323,35.95363],[-82.03347,35.95308],[-82.03174,35.95122],[-82.0299,35.94991],[-82.02961,35.94952],[-82.02975,35.94874],[-82.03051,35.94757],[-82.03087,35.94663]]},"properties":{"net":"NC6575","o":4}},{"type":"Feature","geometry":{"type":"LineString","coordinates":[[-82.03028,35.96453],[-82.03019,35.96421],[-82.03017,35.96356]]},"properties":{"net":"NC6575","o":4}},{"type":"Feature","geometry":{"type":"LineString","coordinates":[[-82.02208,36.01928],[-82.02195,36.01874],[-82.02213,36.01775],[-82.02248,36.01664],[-82.02284,36.01466],[-82.02286,36.01358],[-82.02297,36.01301],[-82.02278,36.01256],[-82.0216,36.01112]]},"properties":{"net":"NC6575","o":4}},{"type":"Feature","geometry":{"type":"LineString","coordinates":[[-82.01999,36.05908],[-82.02006,36.05914]]},"properties":{"net":"NC6622","o":4}},{"type":"Feature","geometry":{"type":"LineString","coordinates":[[-82.02859,35.90722],[-82.03,35.90645],[-82.03014,35.90567],[-82.03002,35.90512],[-82.02982,35.90473],[-82.02825,35.90317],[-82.02787,35.90255],[-82.02775,35.90178],[-82.02798,35.90076],[-82.02864,35.90037],[-82.02947,35.90025],[-82.03023,35.9003],[-82.03158,35.90082],[-82.03183,35.90083]]},"properties":{"net":"NC6575","o":4}},{"type":"Feature","geometry":{"type":"LineString","coordinates":[[-82.25245,36.16295],[-82.25225,36.16328],[-82.25136,36.16409],[-82.25094,36.16464],[-82.25121,36.16522],[-82.25126,36.16559],[-82.25201,36.16614],[-82.25216,36.16643],[-82.25203,36.16661],[-82.25055,36.16742],[-82.25035,36.16771],[-82.25031,36.16838],[-82.25061,36.16898],[-82.25041,36.16929],[-82.25036,36.17088]]},"properties":{"net":"out","o":4}},{"type":"Feature","geometry":{"type":"LineString","coordinates":[[-81.96433,36.09393],[-81.96496,36.09349],[-81.96525,36.09251],[-81.96555,36.09184],[-81.96573,36.09169],[-81.96624,36.09155],[-81.96685,36.09153],[-81.96775,36.09172],[-81.96943,36.09264],[-81.97084,36.09356],[-81.97124,36.09348],[-81.97203,36.09219],[-81.97257,36.09194]]},"properties":{"net":"NC6622","o":4}},{"type":"Feature","geometry":{"type":"LineString","coordinates":[[-82.7614,36.09071],[-82.76118,36.09116],[-82.76127,36.09147]]},"properties":{"net":"out","o":4}},{"type":"Feature","geometry":{"type":"LineString","coordinates":[[-82.77123,36.1224],[-82.77112,36.1227]]},"properties":{"net":"out","o":7}},{"type":"Feature","geometry":{"type":"LineString","coordinates":[[-82.76761,36.11718],[-82.76818,36.11754],[-82.76864,36.11802],[-82.76945,36.11914]]},"properties":{"net":"out","o":7}},{"type":"Feature","geometry":{"type":"LineString","coordinates":[[-82.76033,36.29123],[-82.76124,36.29195],[-82.76131,36.29213]]},"properties":{"net":"out","o":4}},{"type":"Feature","geometry":{"type":"LineString","coordinates":[[-82.75387,36.27508],[-82.75492,36.27516],[-82.75537,36.27531],[-82.75736,36.27712]]},"properties":{"net":"out","o":4}},{"type":"Feature","geometry":{"type":"LineString","coordinates":[[-82.28287,36.17814],[-82.28394,36.17827]]},"properties":{"net":"out","o":5}},{"type":"Feature","geometry":{"type":"LineString","coordinates":[[-82.27287,36.17926],[-82.27297,36.17903],[-82.27291,36.17805],[-82.273,36.1778]]},"properties":{"net":"out","o":5}},{"type":"Feature","geometry":{"type":"LineString","coordinates":[[-82.27172,36.18049],[-82.27239,36.18007]]},"properties":{"net":"out","o":4}},{"type":"Feature","geometry":{"type":"LineString","coordinates":[[-82.21389,35.75011],[-82.21439,35.75079]]},"properties":{"net":"sm2668","o":2}},{"type":"Feature","geometry":{"type":"LineString","coordinates":[[-82.20588,35.76881],[-82.20663,35.7689],[-82.20789,35.76968],[-82.20819,35.76982],[-82.20847,35.76982],[-82.20906,35.76956],[-82.20978,35.76904],[-82.21085,35.76845],[-82.21127,35.76832],[-82.21173,35.76839],[-82.21234,35.76899],[-82.2127,35.76923],[-82.21367,35.7696],[-82.21416,35.77005],[-82.21459,35.77115],[-82.21454,35.77141],[-82.21418,35.77215],[-82.21348,35.77269],[-82.2116,35.77359],[-82.21052,35.77399],[-82.20961,35.77399],[-82.2074,35.77336],[-82.20565,35.77308],[-82.20519,35.77316],[-82.20471,35.77341],[-82.20346,35.77356],[-82.20334,35.77365],[-82.20325,35.77413],[-82.20318,35.77602],[-82.2029,35.77666],[-82.20235,35.77755],[-82.2023,35.77771],[-82.20242,35.77803]]},"properties":{"net":"sm2668","o":4}},{"type":"Feature","geometry":{"type":"LineString","coordinates":[[-82.22119,35.80498],[-82.22074,35.8044],[-82.22049,35.80425],[-82.22002,35.80427],[-82.21935,35.8045],[-82.21846,35.80432],[-82.21721,35.80379],[-82.2159,35.80396]]},"properties":{"net":"sm2678","o":2}},{"type":"Feature","geometry":{"type":"LineString","coordinates":[[-82.2159,35.80396],[-82.2153,35.8039],[-82.21405,35.80469],[-82.21356,35.80472],[-82.21284,35.80417],[-82.2121,35.8031]]},"properties":{"net":"sm2677","o":2}},{"type":"Feature","geometry":{"type":"LineString","coordinates":[[-82.2121,35.8031],[-82.21136,35.80237],[-82.20987,35.80146],[-82.20914,35.80121],[-82.20746,35.80101],[-82.20699,35.80122],[-82.20674,35.80147],[-82.20617,35.80168],[-82.20361,35.80131],[-82.20324,35.80116],[-82.20297,35.8012]]},"properties":{"net":"sm2676","o":2}},{"type":"Feature","geometry":{"type":"LineString","coordinates":[[-82.20923,36.13034],[-82.20877,36.12978],[-82.20815,36.12945],[-82.20785,36.12918],[-82.20749,36.12836],[-82.20752,36.12799],[-82.20772,36.1277],[-82.20756,36.12721],[-82.20783,36.12673],[-82.20764,36.1263],[-82.20772,36.12583],[-82.20722,36.12473],[-82.20583,36.12279],[-82.2055,36.12218],[-82.20495,36.12159]]},"properties":{"net":"out","o":4}},{"type":"Feature","geometry":{"type":"LineString","coordinates":[[-82.21304,35.72611],[-82.21414,35.72784],[-82.21452,35.72889],[-82.21464,35.7296],[-82.21464,35.73281],[-82.21478,35.73365],[-82.21518,35.73481],[-82.21577,35.7385],[-82.21567,35.73971],[-82.21519,35.74121]]},"properties":{"net":"sm2668","o":1}},{"type":"Feature","geometry":{"type":"LineString","coordinates":[[-82.16877,35.76795],[-82.16871,35.76863],[-82.16884,35.76906],[-82.16996,35.7702],[-82.1702,35.77032],[-82.17095,35.77053],[-82.17225,35.77039],[-82.17292,35.77053],[-82.17412,35.77048],[-82.17513,35.77065],[-82.17577,35.77106],[-82.17618,35.77115]]},"properties":{"net":"sm2671","o":1}},{"type":"Feature","geometry":{"type":"LineString","coordinates":[[-82.1804,35.81667],[-82.18056,35.81719],[-82.18103,35.81777],[-82.18136,35.81838],[-82.18183,35.81883],[-82.18237,35.81917],[-82.18281,35.82022],[-82.18276,35.82074],[-82.18284,35.82097],[-82.18298,35.82107]]},"properties":{"net":"sm2689","o":2}},{"type":"Feature","geometry":{"type":"LineString","coordinates":[[-82.16752,35.83278],[-82.16785,35.83301],[-82.16928,35.8332],[-82.17014,35.83379],[-82.1704,35.83407],[-82.17147,35.83452],[-82.17189,35.8345],[-82.17237,35.83417],[-82.17264,35.8341],[-82.17413,35.83414],[-82.17567,35.83515],[-82.17688,35.83542],[-82.17748,35.83575],[-82.17861,35.8361],[-82.17997,35.83677],[-82.18045,35.83691],[-82.18064,35.83719],[-82.18033,35.83753],[-82.1804,35.83776]]},"properties":{"net":"sm2704","o":2}},{"type":"Feature","geometry":{"type":"LineString","coordinates":[[-82.18202,35.85187],[-82.18244,35.8525],[-82.18267,35.85325],[-82.18277,35.85394],[-82.18269,35.85487],[-82.18273,35.8556]]},"properties":{"net":"sm2705","o":4}},{"type":"Feature","geometry":{"type":"LineString","coordinates":[[-82.1804,35.83776],[-82.18051,35.83781]]},"properties":{"net":"sm2704","o":2}},{"type":"Feature","geometry":{"type":"LineString","coordinates":[[-82.16689,36.01446],[-82.16816,36.01562],[-82.16869,36.01577],[-82.16926,36.01555],[-82.16991,36.01512],[-82.17011,36.01431],[-82.17027,36.01415],[-82.17224,36.01416],[-82.17232,36.01423],[-82.17222,36.01448],[-82.17158,36.0153],[-82.1716,36.01574]]},"properties":{"net":"NC6250","o":4}},{"type":"Feature","geometry":{"type":"LineString","coordinates":[[-82.17672,35.84349],[-82.17663,35.84358],[-82.17656,35.84394],[-82.17699,35.84478],[-82.17745,35.84527],[-82.17828,35.8454],[-82.17851,35.84536],[-82.18044,35.84421],[-82.18147,35.8435],[-82.18226,35.84341],[-82.18366,35.84293],[-82.18397,35.84296],[-82.1843,35.84333],[-82.18452,35.84411],[-82.18427,35.84498],[-82.18348,35.84587],[-82.1811,35.8475],[-82.18057,35.84816],[-82.18038,35.84872],[-82.18033,35.85023],[-82.18051,35.85097],[-82.18078,35.85125],[-82.18174,35.85166],[-82.18202,35.85187]]},"properties":{"net":"sm2705","o":4}},{"type":"Feature","geometry":{"type":"LineString","coordinates":[[-82.16856,35.84295],[-82.17002,35.8423],[-82.17095,35.84206],[-82.17305,35.84189],[-82.17392,35.84197],[-82.17555,35.84236],[-82.17627,35.84277]]},"properties":{"net":"sm2703","o":1}},{"type":"Feature","geometry":{"type":"LineString","coordinates":[[-82.17627,35.84277],[-82.17667,35.84343]]},"properties":{"net":"sm2705","o":1}},{"type":"Feature","geometry":{"type":"LineString","coordinates":[[-82.16659,35.86796],[-82.16746,35.868],[-82.16851,35.86785],[-82.16937,35.86744],[-82.16978,35.86735],[-82.17149,35.86717],[-82.17284,35.86686],[-82.17374,35.86685]]},"properties":{"net":"sm2724","o":1}},{"type":"Feature","geometry":{"type":"LineString","coordinates":[[-82.17422,35.88299],[-82.17464,35.88441],[-82.17508,35.88523],[-82.17559,35.88588],[-82.17709,35.88723],[-82.17808,35.88745],[-82.17825,35.88781]]},"properties":{"net":"sm2733","o":1}},{"type":"Feature","geometry":{"type":"LineString","coordinates":[[-82.16637,35.90332],[-82.16637,35.90332]]},"properties":{"net":"sm2740","o":1}},{"type":"Feature","geometry":{"type":"LineString","coordinates":[[-82.17193,36.01696],[-82.17225,36.01811],[-82.17241,36.01819],[-82.17305,36.01811],[-82.17436,36.01764],[-82.1751,36.01685],[-82.17635,36.01637],[-82.17646,36.01603],[-82.17659,36.01592],[-82.1769,36.01585],[-82.17726,36.01592],[-82.1775,36.01623],[-82.17748,36.01669],[-82.17675,36.01729],[-82.17636,36.01826],[-82.17611,36.01862],[-82.17577,36.01888],[-82.17516,36.01914],[-82.17507,36.01928],[-82.17528,36.01964],[-82.17564,36.01987],[-82.17685,36.02014],[-82.17824,36.02022],[-82.17872,36.02009],[-82.17905,36.01971],[-82.18018,36.01778],[-82.1807,36.01719],[-82.18124,36.01691],[-82.18179,36.01696],[-82.18336,36.01799]]},"properties":{"net":"NC6250","o":4}},{"type":"Feature","geometry":{"type":"LineString","coordinates":[[-82.09503,36.01714],[-82.09725,36.01697]]},"properties":{"net":"NC6250","o":4}},{"type":"Feature","geometry":{"type":"LineString","coordinates":[[-82.12589,35.91607],[-82.12574,35.91561]]},"properties":{"net":"sm2920","o":1}},{"type":"Feature","geometry":{"type":"LineString","coordinates":[[-82.05459,35.87869],[-82.05456,35.8789],[-82.05575,35.88029],[-82.05606,35.88081],[-82.05614,35.88091],[-82.0568,35.88098],[-82.05694,35.88108],[-82.05704,35.8813],[-82.05706,35.8818],[-82.05748,35.88206]]},"properties":{"net":"NC61468","o":4}},{"type":"Feature","geometry":{"type":"LineString","coordinates":[[-81.97257,36.09194],[-81.97297,36.09193],[-81.97322,36.09208],[-81.9735,36.09281],[-81.97387,36.09343],[-81.97446,36.09383],[-81.97508,36.09382],[-81.97622,36.0934],[-81.97717,36.0936]]},"properties":{"net":"NC6622","o":4}},{"type":"Feature","geometry":{"type":"LineString","coordinates":[[-81.89181,36.12513],[-81.89258,36.12452],[-81.89327,36.12356],[-81.89382,36.12299],[-81.8943,36.12215],[-81.89447,36.12162],[-81.89498,36.12124],[-81.89542,36.12051],[-81.8964,36.11928],[-81.89642,36.11914],[-81.8962,36.11888],[-81.89618,36.11871],[-81.8966,36.11821],[-81.89729,36.117],[-81.8976,36.11564],[-81.89878,36.11527],[-81.89947,36.11475],[-81.89983,36.11412],[-81.89979,36.11352],[-81.90042,36.11292],[-81.90052,36.11198],[-81.90112,36.11153]]},"properties":{"net":"NC6603","o":1}},{"type":"Feature","geometry":{"type":"LineString","coordinates":[[-82.39649,35.89022],[-82.39584,35.89115],[-82.39534,35.89135],[-82.3946,35.89148],[-82.39423,35.8917],[-82.39412,35.89193],[-82.3943,35.89231],[-82.39425,35.89263],[-82.39402,35.89281],[-82.39351,35.89299],[-82.3933,35.89385]]},"properties":{"net":"out","o":4}},{"type":"Feature","geometry":{"type":"LineString","coordinates":[[-82.39399,35.91661],[-82.39362,35.91668],[-82.39175,35.91623],[-82.39107,35.91598],[-82.39007,35.91541],[-82.38941,35.91529],[-82.38913,35.91538],[-82.38914,35.91585]]},"properties":{"net":"out","o":4}},{"type":"Feature","geometry":{"type":"LineString","coordinates":[[-82.38615,35.91352],[-82.38707,35.91353],[-82.38807,35.914],[-82.38853,35.9147],[-82.38874,35.91524]]},"properties":{"net":"out","o":5}},{"type":"Feature","geometry":{"type":"LineString","coordinates":[[-82.38611,35.9134],[-82.38615,35.91352]]},"properties":{"net":"out","o":4}},{"type":"Feature","geometry":{"type":"LineString","coordinates":[[-82.38567,35.90422],[-82.38517,35.90449],[-82.38388,35.90486],[-82.38255,35.90474]]},"properties":{"net":"out","o":4}},{"type":"Feature","geometry":{"type":"LineString","coordinates":[[-82.3914,35.93465],[-82.39275,35.93498],[-82.39343,35.93539],[-82.39401,35.93654],[-82.39485,35.93775],[-82.39507,35.93851]]},"properties":{"net":"out","o":5}},{"type":"Feature","geometry":{"type":"LineString","coordinates":[[-82.36165,36.02057],[-82.36139,36.01984],[-82.36092,36.01906],[-82.36055,36.01886],[-82.36019,36.0188]]},"properties":{"net":"out","o":4}},{"type":"Feature","geometry":{"type":"LineString","coordinates":[[-83.24023,36.10816],[-83.2391,36.10536],[-83.23806,36.10409]]},"properties":{"net":"out","o":7}},{"type":"Feature","geometry":{"type":"LineString","coordinates":[[-83.22478,36.12211],[-83.22507,36.12198],[-83.22627,36.12185],[-83.22861,36.12221],[-83.22985,36.12264],[-83.23195,36.12304],[-83.23366,36.12362],[-83.23446,36.124],[-83.23481,36.12404],[-83.23501,36.12424],[-83.23548,36.1244],[-83.23577,36.1247],[-83.23643,36.12504]]},"properties":{"net":"out","o":7}},{"type":"Feature","geometry":{"type":"LineString","coordinates":[[-83.24241,36.13733],[-83.24182,36.13714],[-83.24135,36.13675]]},"properties":{"net":"out","o":4}},{"type":"Feature","geometry":{"type":"LineString","coordinates":[[-82.38089,35.94746],[-82.38011,35.94748],[-82.37934,35.94767],[-82.37819,35.94829],[-82.37632,35.95069]]},"properties":{"net":"out","o":5}},{"type":"Feature","geometry":{"type":"LineString","coordinates":[[-82.39531,35.98181],[-82.39545,35.98268],[-82.39508,35.98314],[-82.39371,35.9834],[-82.39254,35.98408],[-82.39193,35.98504],[-82.39175,35.98582]]},"properties":{"net":"out","o":5}},{"type":"Feature","geometry":{"type":"LineString","coordinates":[[-82.39175,35.98582],[-82.39156,35.98661],[-82.39172,35.98788],[-82.39166,35.98865]]},"properties":{"net":"out","o":5}},{"type":"Feature","geometry":{"type":"LineString","coordinates":[[-82.38126,36.01289],[-82.38115,36.01398],[-82.38083,36.01435]]},"properties":{"net":"out","o":6}},{"type":"Feature","geometry":{"type":"LineString","coordinates":[[-82.35875,35.91618],[-82.3596,35.91669],[-82.36132,35.91663]]},"properties":{"net":"out","o":5}},{"type":"Feature","geometry":{"type":"LineString","coordinates":[[-82.3615,36.02902],[-82.3614,36.02856],[-82.36151,36.02827],[-82.36224,36.02759],[-82.36323,36.02628],[-82.36352,36.02539],[-82.36348,36.02479]]},"properties":{"net":"out","o":4}},{"type":"Feature","geometry":{"type":"LineString","coordinates":[[-82.361,36.00181],[-82.3578,36.0007]]},"properties":{"net":"out","o":6}},{"type":"Feature","geometry":{"type":"LineString","coordinates":[[-82.44535,36.12735],[-82.44454,36.12774]]},"properties":{"net":"out","o":6}},{"type":"Feature","geometry":{"type":"LineString","coordinates":[[-82.45134,36.1928],[-82.45136,36.19321],[-82.4517,36.19411],[-82.4519,36.19433]]},"properties":{"net":"out","o":7}},{"type":"Feature","geometry":{"type":"LineString","coordinates":[[-82.4473,36.25924],[-82.44732,36.25876],[-82.44758,36.25853],[-82.44773,36.25821],[-82.44774,36.2577],[-82.44796,36.25719],[-82.44801,36.25676],[-82.44864,36.25601],[-82.45089,36.25261],[-82.45144,36.25202],[-82.45225,36.25181],[-82.45305,36.2512]]},"properties":{"net":"out","o":4}},{"type":"Feature","geometry":{"type":"LineString","coordinates":[[-82.44553,36.26419],[-82.44599,36.26397],[-82.44593,36.26336],[-82.44647,36.26246],[-82.44685,36.26225],[-82.44755,36.26209],[-82.44791,36.26154],[-82.44789,36.26109],[-82.4473,36.26044],[-82.44726,36.26014],[-82.44738,36.25978],[-82.4473,36.25924]]},"properties":{"net":"out","o":4}},{"type":"Feature","geometry":{"type":"LineString","coordinates":[[-82.43991,36.09895],[-82.44191,36.09918],[-82.44247,36.09909],[-82.44367,36.09923],[-82.44471,36.09971],[-82.44537,36.09982],[-82.44553,36.09999],[-82.44584,36.10002],[-82.44607,36.10023],[-82.44709,36.10034],[-82.44804,36.1011],[-82.44842,36.10151],[-82.44848,36.10169],[-82.44825,36.10322],[-82.44799,36.10366],[-82.44787,36.10433],[-82.44771,36.10446],[-82.44778,36.10508],[-82.44801,36.10532],[-82.44792,36.10578],[-82.44802,36.10622],[-82.44795,36.10636]]},"properties":{"net":"out","o":7}},{"type":"Feature","geometry":{"type":"LineString","coordinates":[[-82.4432,36.1452],[-82.44397,36.14672],[-82.44352,36.14869]]},"properties":{"net":"out","o":7}},{"type":"Feature","geometry":{"type":"LineString","coordinates":[[-82.44087,36.13027],[-82.43941,36.13114]]},"properties":{"net":"out","o":7}},{"type":"Feature","geometry":{"type":"LineString","coordinates":[[-82.43941,36.13114],[-82.43926,36.13123]]},"properties":{"net":"out","o":7}},{"type":"Feature","geometry":{"type":"LineString","coordinates":[[-82.43926,36.13123],[-82.43924,36.13194]]},"properties":{"net":"out","o":7}},{"type":"Feature","geometry":{"type":"LineString","coordinates":[[-82.44896,36.16879],[-82.45107,36.17073],[-82.45174,36.17103],[-82.45225,36.17145],[-82.45256,36.17152],[-82.45447,36.17296],[-82.45531,36.17385],[-82.45573,36.17386]]},"properties":{"net":"out","o":7}},{"type":"Feature","geometry":{"type":"LineString","coordinates":[[-82.43026,35.97558],[-82.42968,35.97605],[-82.42845,35.97656],[-82.42726,35.97755],[-82.42659,35.97783],[-82.42591,35.97794]]},"properties":{"net":"sm2919","o":1}},{"type":"Feature","geometry":{"type":"LineString","coordinates":[[-82.42517,35.98066],[-82.42473,35.98171],[-82.42416,35.98234],[-82.42384,35.98251],[-82.42298,35.98253],[-82.42182,35.98276],[-82.42124,35.98318],[-82.42081,35.98369],[-82.42053,35.98415],[-82.42029,35.98495],[-82.42039,35.98519],[-82.4209,35.98561],[-82.42119,35.98606]]},"properties":{"net":"sm2919","o":4}},{"type":"Feature","geometry":{"type":"LineString","coordinates":[[-82.4309,35.99057],[-82.43054,35.99019],[-82.42836,35.98893]]},"properties":{"net":"sm2919","o":1}},{"type":"Feature","geometry":{"type":"LineString","coordinates":[[-82.42119,35.98606],[-82.42116,35.98672],[-82.42084,35.98716],[-82.42006,35.98736],[-82.4193,35.98715]]},"properties":{"net":"sm2919","o":4}},{"type":"Feature","geometry":{"type":"LineString","coordinates":[[-82.43545,35.99018],[-82.43521,35.98944],[-82.43516,35.98891],[-82.43533,35.98814],[-82.4351,35.98718],[-82.43533,35.98689],[-82.43613,35.98665]]},"properties":{"net":"sm2919","o":1}},{"type":"Feature","geometry":{"type":"LineString","coordinates":[[-83.28654,36.11587],[-83.28588,36.11634],[-83.28558,36.11679]]},"properties":{"net":"out","o":4}},{"type":"Feature","geometry":{"type":"LineString","coordinates":[[-82.8906,36.24871],[-82.89075,36.24906],[-82.89095,36.2492],[-82.89151,36.2493],[-82.89226,36.24898],[-82.8924,36.249],[-82.89257,36.24919],[-82.89257,36.24939],[-82.89209,36.24996],[-82.89254,36.25032],[-82.89254,36.25043],[-82.8923,36.25068],[-82.89217,36.25112],[-82.89242,36.25151],[-82.89168,36.25246]]},"properties":{"net":"out","o":5}},{"type":"Feature","geometry":{"type":"LineString","coordinates":[[-82.87565,36.25368],[-82.87602,36.25357],[-82.87643,36.25313],[-82.8765,36.252],[-82.87673,36.25173],[-82.87759,36.25141],[-82.87765,36.25124],[-82.87729,36.25081],[-82.87728,36.25061],[-82.87737,36.2505],[-82.87783,36.25057],[-82.87829,36.25096],[-82.87999,36.25196],[-82.88032,36.25201],[-82.88155,36.25167]]},"properties":{"net":"out","o":6}},{"type":"Feature","geometry":{"type":"LineString","coordinates":[[-82.86453,36.2616],[-82.86484,36.26147],[-82.86493,36.26123],[-82.86523,36.26105],[-82.86581,36.26086],[-82.86606,36.25944],[-82.86528,36.25879]]},"properties":{"net":"out","o":6}},{"type":"Feature","geometry":{"type":"LineString","coordinates":[[-82.865,36.27432],[-82.86458,36.27359],[-82.864,36.27302],[-82.86342,36.27267],[-82.86223,36.2725],[-82.8614,36.27256],[-82.86107,36.27238],[-82.86106,36.27216],[-82.86118,36.27203],[-82.86203,36.27155],[-82.86254,36.27149],[-82.86355,36.27168],[-82.86408,36.27152],[-82.86407,36.2713],[-82.86389,36.27106],[-82.86356,36.27085],[-82.86288,36.27063]]},"properties":{"net":"out","o":6}},{"type":"Feature","geometry":{"type":"LineString","coordinates":[[-83.06199,36.1553],[-83.06176,36.15501],[-83.06186,36.1547],[-83.06231,36.15446],[-83.06297,36.15432],[-83.06391,36.15384],[-83.064,36.15327],[-83.06387,36.15276],[-83.06356,36.15243],[-83.06327,36.15226],[-83.06236,36.15205],[-83.06207,36.15186]]},"properties":{"net":"out","o":6}},{"type":"Feature","geometry":{"type":"LineString","coordinates":[[-83.06583,36.20621],[-83.06556,36.20598],[-83.06504,36.20582],[-83.06468,36.20552],[-83.06389,36.20563],[-83.0636,36.20533],[-83.06305,36.20504],[-83.06281,36.20452],[-83.06252,36.20424],[-83.06259,36.20367],[-83.06248,36.20332],[-83.0625,36.20276],[-83.06237,36.20247]]},"properties":{"net":"out","o":4}},{"type":"Feature","geometry":{"type":"LineString","coordinates":[[-83.04366,36.20988],[-83.04409,36.21026],[-83.0452,36.21038],[-83.04575,36.21033],[-83.04633,36.21014],[-83.04678,36.20987],[-83.04747,36.20904],[-83.04851,36.20746],[-83.04876,36.20684],[-83.04901,36.2051],[-83.0489,36.20419],[-83.04859,36.20332],[-83.04778,36.20201],[-83.047,36.20099],[-83.04639,36.1998],[-83.04552,36.19855],[-83.04553,36.19794],[-83.04587,36.1973],[-83.04597,36.19673],[-83.04579,36.19617],[-83.0452,36.19541]]},"properties":{"net":"out","o":6}},{"type":"Feature","geometry":{"type":"LineString","coordinates":[[-82.86876,36.04066],[-82.86885,36.04067],[-82.86907,36.04098],[-82.869,36.04137],[-82.86879,36.04181],[-82.86885,36.04197],[-82.86959,36.04212],[-82.86978,36.04232],[-82.86989,36.04276],[-82.86983,36.04334],[-82.86933,36.04415],[-82.86931,36.04438]]},"properties":{"net":"out","o":5}},{"type":"Feature","geometry":{"type":"LineString","coordinates":[[-82.86022,36.03938],[-82.86048,36.03934]]},"properties":{"net":"out","o":5}},{"type":"Feature","geometry":{"type":"LineString","coordinates":[[-82.85775,36.03981],[-82.85775,36.04002],[-82.85784,36.04007],[-82.85809,36.03993],[-82.85838,36.03915],[-82.85858,36.03901],[-82.85947,36.03946],[-82.86022,36.03938]]},"properties":{"net":"out","o":5}},{"type":"Feature","geometry":{"type":"LineString","coordinates":[[-82.86613,36.22039],[-82.86687,36.22078],[-82.86767,36.22158]]},"properties":{"net":"out","o":5}},{"type":"Feature","geometry":{"type":"LineString","coordinates":[[-82.87669,36.24188],[-82.87767,36.24086],[-82.87806,36.24024]]},"properties":{"net":"out","o":4}},{"type":"Feature","geometry":{"type":"LineString","coordinates":[[-82.87494,36.24261],[-82.87562,36.24304],[-82.87599,36.24306],[-82.87683,36.24223],[-82.87686,36.24209],[-82.87669,36.24188]]},"properties":{"net":"out","o":4}},{"type":"Feature","geometry":{"type":"LineString","coordinates":[[-83.00799,36.08968],[-83.00842,36.09008],[-83.00858,36.09046]]},"properties":{"net":"out","o":7}},{"type":"Feature","geometry":{"type":"LineString","coordinates":[[-83.02362,36.16287],[-83.02436,36.16323],[-83.02507,36.16405],[-83.02577,36.1644]]},"properties":{"net":"out","o":4}},{"type":"Feature","geometry":{"type":"LineString","coordinates":[[-83.02291,36.20901],[-83.02253,36.21043],[-83.02262,36.21069],[-83.02301,36.21109],[-83.02306,36.21128],[-83.0231,36.21345],[-83.0236,36.21532]]},"properties":{"net":"out","o":6}},{"type":"Feature","geometry":{"type":"LineString","coordinates":[[-83.01681,36.12437],[-83.01799,36.12525],[-83.01869,36.1254],[-83.01915,36.12534],[-83.01972,36.125],[-83.01973,36.12471],[-83.01926,36.12401],[-83.01904,36.12323],[-83.0191,36.12287],[-83.01931,36.12268],[-83.01968,36.12265],[-83.0205,36.12364],[-83.02089,36.12375],[-83.02121,36.12372],[-83.02277,36.12284],[-83.02443,36.12295]]},"properties":{"net":"out","o":5}},{"type":"Feature","geometry":{"type":"LineString","coordinates":[[-83.01079,36.12604],[-83.01162,36.12595],[-83.01191,36.12561],[-83.01193,36.12507],[-83.01177,36.12495]]},"properties":{"net":"out","o":5}},{"type":"Feature","geometry":{"type":"LineString","coordinates":[[-83.00352,36.19783],[-83.00477,36.19864],[-83.00625,36.19924],[-83.00707,36.19976]]},"properties":{"net":"out","o":6}},{"type":"Feature","geometry":{"type":"LineString","coordinates":[[-83.01791,36.23011],[-83.01749,36.22924],[-83.01748,36.22887],[-83.01802,36.2285],[-83.01818,36.22826],[-83.01864,36.22798],[-83.01905,36.22729]]},"properties":{"net":"out","o":4}},{"type":"Feature","geometry":{"type":"LineString","coordinates":[[-82.85209,36.10061],[-82.85241,36.10028],[-82.85259,36.09976],[-82.85202,36.09898]]},"properties":{"net":"out","o":4}},{"type":"Feature","geometry":{"type":"LineString","coordinates":[[-82.83813,36.30998],[-82.83792,36.30958],[-82.83791,36.309],[-82.83811,36.3086],[-82.83796,36.30815]]},"properties":{"net":"out","o":5}},{"type":"Feature","geometry":{"type":"LineString","coordinates":[[-82.84158,36.32717],[-82.84166,36.32661]]},"properties":{"net":"out","o":5}},{"type":"Feature","geometry":{"type":"LineString","coordinates":[[-82.83681,36.35454],[-82.83702,36.35418]]},"properties":{"net":"out","o":4}},{"type":"Feature","geometry":{"type":"LineString","coordinates":[[-82.98039,36.15055],[-82.98128,36.15042],[-82.98222,36.14994],[-82.98337,36.14956],[-82.98332,36.14931],[-82.9824,36.14832]]},"properties":{"net":"out","o":5}},{"type":"Feature","geometry":{"type":"LineString","coordinates":[[-82.99126,36.14186],[-82.99192,36.14131]]},"properties":{"net":"out","o":5}},{"type":"Feature","geometry":{"type":"LineString","coordinates":[[-82.99586,36.19791],[-82.99596,36.19774],[-82.99591,36.19752],[-82.99599,36.19702],[-82.99656,36.19662],[-82.99699,36.19648],[-82.99912,36.19675],[-83.00044,36.1972],[-83.0014,36.19733]]},"properties":{"net":"out","o":6}},{"type":"Feature","geometry":{"type":"LineString","coordinates":[[-82.97447,36.00788],[-82.97312,36.009],[-82.97192,36.00934],[-82.97137,36.00934],[-82.97084,36.00906],[-82.96954,36.00915],[-82.96915,36.009],[-82.96881,36.00867]]},"properties":{"net":"out","o":4}},{"type":"Feature","geometry":{"type":"LineString","coordinates":[[-82.96881,36.00867],[-82.96848,36.00845],[-82.96796,36.0087],[-82.96739,36.00878],[-82.96668,36.00857],[-82.96595,36.0086]]},"properties":{"net":"out","o":4}},{"type":"Feature","geometry":{"type":"LineString","coordinates":[[-82.96811,36.07203],[-82.96847,36.07229],[-82.9705,36.07312]]},"properties":{"net":"out","o":7}},{"type":"Feature","geometry":{"type":"LineString","coordinates":[[-82.97173,36.09379],[-82.97214,36.09367],[-82.97265,36.09306],[-82.97303,36.09298],[-82.97324,36.09255],[-82.97368,36.09248],[-82.97454,36.09204],[-82.9752,36.0919],[-82.97626,36.09133],[-82.97735,36.09115],[-82.97834,36.09121]]},"properties":{"net":"out","o":4}},{"type":"Feature","geometry":{"type":"LineString","coordinates":[[-82.97091,36.23118],[-82.97081,36.23118]]},"properties":{"net":"out","o":4}},{"type":"Feature","geometry":{"type":"LineString","coordinates":[[-82.97072,36.22731],[-82.97063,36.22676],[-82.9709,36.22542]]},"properties":{"net":"out","o":6}},{"type":"Feature","geometry":{"type":"LineString","coordinates":[[-82.822,36.08711],[-82.82244,36.08669],[-82.82298,36.08642],[-82.82387,36.08627],[-82.82646,36.0862],[-82.8277,36.08637],[-82.82869,36.08666],[-82.83069,36.08793]]},"properties":{"net":"out","o":7}},{"type":"Feature","geometry":{"type":"LineString","coordinates":[[-82.82163,36.08797],[-82.822,36.08711]]},"properties":{"net":"out","o":7}},{"type":"Feature","geometry":{"type":"LineString","coordinates":[[-82.8217,36.0896],[-82.82176,36.08953],[-82.82158,36.08904],[-82.82163,36.08797]]},"properties":{"net":"out","o":7}},{"type":"Feature","geometry":{"type":"LineString","coordinates":[[-82.81154,36.23151],[-82.81201,36.23124],[-82.81236,36.23135],[-82.81256,36.23112],[-82.81252,36.23093],[-82.81261,36.23084],[-82.81301,36.23053],[-82.81379,36.23019],[-82.81495,36.22901],[-82.8152,36.22859],[-82.8161,36.228],[-82.81738,36.22795],[-82.81849,36.2276],[-82.81894,36.22767]]},"properties":{"net":"out","o":4}},{"type":"Feature","geometry":{"type":"LineString","coordinates":[[-82.94282,36.3038],[-82.9434,36.30287],[-82.94403,36.30257],[-82.94437,36.30198],[-82.94484,36.30168],[-82.94487,36.30133],[-82.945,36.3011],[-82.94695,36.29919],[-82.94704,36.29883],[-82.947,36.2979],[-82.94739,36.29737]]},"properties":{"net":"out","o":4}},{"type":"Feature","geometry":{"type":"LineString","coordinates":[[-82.96258,36.00886],[-82.96111,36.00891],[-82.96083,36.00901],[-82.96069,36.00892],[-82.96038,36.00915]]},"properties":{"net":"out","o":4}},{"type":"Feature","geometry":{"type":"LineString","coordinates":[[-82.96038,36.00915],[-82.96017,36.00903],[-82.9596,36.00955],[-82.95921,36.00939]]},"properties":{"net":"out","o":4}},{"type":"Feature","geometry":{"type":"LineString","coordinates":[[-82.95675,36.00944],[-82.95534,36.01007],[-82.95515,36.01044]]},"properties":{"net":"out","o":4}},{"type":"Feature","geometry":{"type":"LineString","coordinates":[[-82.94352,36.01847],[-82.94143,36.01973],[-82.9409,36.02046],[-82.9405,36.02069]]},"properties":{"net":"out","o":4}},{"type":"Feature","geometry":{"type":"LineString","coordinates":[[-82.95239,36.06929],[-82.95327,36.07022],[-82.95373,36.07045],[-82.9543,36.07055]]},"properties":{"net":"out","o":7}},{"type":"Feature","geometry":{"type":"LineString","coordinates":[[-82.94893,36.06736],[-82.94941,36.06745]]},"properties":{"net":"out","o":7}},{"type":"Feature","geometry":{"type":"LineString","coordinates":[[-82.95603,36.10317],[-82.9564,36.10243],[-82.95722,36.10183],[-82.95761,36.1013],[-82.9576,36.10097],[-82.9574,36.10038]]},"properties":{"net":"out","o":4}},{"type":"Feature","geometry":{"type":"LineString","coordinates":[[-82.95015,36.23738],[-82.9514,36.23799],[-82.95263,36.23903],[-82.95331,36.23903],[-82.95411,36.23861],[-82.95442,36.23865],[-82.95466,36.23882],[-82.95472,36.23926],[-82.95507,36.24012],[-82.95672,36.24185],[-82.9575,36.24284],[-82.95789,36.24343],[-82.9585,36.24465],[-82.95885,36.24577],[-82.95868,36.24647],[-82.95844,36.24679]]},"properties":{"net":"out","o":6}},{"type":"Feature","geometry":{"type":"LineString","coordinates":[[-83.1776,36.14028],[-83.17715,36.13919],[-83.17706,36.13868],[-83.17629,36.13708],[-83.17538,36.13417],[-83.1751,36.13291],[-83.17512,36.13227],[-83.17496,36.13106],[-83.1751,36.13025],[-83.17505,36.12873],[-83.17514,36.12791]]},"properties":{"net":"out","o":7}},{"type":"Feature","geometry":{"type":"LineString","coordinates":[[-82.92847,36.0137],[-82.92743,36.0143],[-82.9261,36.01536],[-82.92629,36.0161]]},"properties":{"net":"out","o":4}},{"type":"Feature","geometry":{"type":"LineString","coordinates":[[-82.92406,36.03644],[-82.92261,36.03702],[-82.9213,36.03787]]},"properties":{"net":"out","o":5}},{"type":"Feature","geometry":{"type":"LineString","coordinates":[[-83.10153,36.12073],[-83.10263,36.12092],[-83.10291,36.12088],[-83.10377,36.12036],[-83.10399,36.12038],[-83.10489,36.11987]]},"properties":{"net":"out","o":7}},{"type":"Feature","geometry":{"type":"LineString","coordinates":[[-83.068,36.09274],[-83.06871,36.09231],[-83.06909,36.09221],[-83.07014,36.09218],[-83.07218,36.09266],[-83.07246,36.09287]]},"properties":{"net":"out","o":7}},{"type":"Feature","geometry":{"type":"LineString","coordinates":[[-83.07726,36.12562],[-83.07819,36.12555],[-83.07957,36.12566],[-83.08091,36.12536]]},"properties":{"net":"out","o":5}},{"type":"Feature","geometry":{"type":"LineString","coordinates":[[-83.09731,36.16573],[-83.0975,36.16546],[-83.09752,36.16515],[-83.09717,36.16452],[-83.09712,36.16424]]},"properties":{"net":"out","o":4}},{"type":"Feature","geometry":{"type":"LineString","coordinates":[[-83.07957,36.05938],[-83.07927,36.05992],[-83.07848,36.0608],[-83.07826,36.06156],[-83.07773,36.06233],[-83.07733,36.06277],[-83.07667,36.06295]]},"properties":{"net":"out","o":5}},{"type":"Feature","geometry":{"type":"LineString","coordinates":[[-83.08184,36.10442],[-83.0821,36.1047],[-83.08246,36.10474],[-83.08277,36.10506],[-83.08312,36.1051],[-83.08343,36.10542],[-83.08401,36.10545]]},"properties":{"net":"out","o":7}},{"type":"Feature","geometry":{"type":"LineString","coordinates":[[-83.07246,36.09287],[-83.07299,36.09321],[-83.07383,36.0941]]},"properties":{"net":"out","o":7}},{"type":"Feature","geometry":{"type":"LineString","coordinates":[[-82.89162,36.25249],[-82.89199,36.25337],[-82.89245,36.25411],[-82.89266,36.25503],[-82.89301,36.25532]]},"properties":{"net":"out","o":6}},{"type":"Feature","geometry":{"type":"LineString","coordinates":[[-83.32162,36.09939],[-83.32072,36.09976],[-83.32034,36.09983],[-83.31941,36.0995],[-83.31907,36.09949],[-83.31874,36.09961],[-83.31854,36.09983],[-83.31843,36.10011],[-83.31852,36.10086],[-83.31807,36.10158],[-83.31771,36.10277],[-83.31781,36.10319],[-83.3184,36.1036],[-83.31855,36.10401],[-83.31851,36.10436],[-83.31829,36.10451]]},"properties":{"net":"out","o":4}},{"type":"Feature","geometry":{"type":"LineString","coordinates":[[-82.85472,35.9954],[-82.85438,35.99593]]},"properties":{"net":"out","o":4}},{"type":"Feature","geometry":{"type":"LineString","coordinates":[[-82.8507,36.03582],[-82.851,36.0359],[-82.85116,36.03619],[-82.85101,36.03635],[-82.85035,36.03655],[-82.85007,36.03678],[-82.84997,36.03707],[-82.8503,36.03745],[-82.85095,36.03754],[-82.85206,36.0374],[-82.85276,36.03697],[-82.85336,36.03689],[-82.85346,36.03673],[-82.85341,36.03627],[-82.85368,36.03612],[-82.85417,36.03641],[-82.85459,36.03784],[-82.85494,36.03851],[-82.85529,36.03845],[-82.85561,36.03809],[-82.85588,36.03813],[-82.85678,36.03896],[-82.85761,36.03912],[-82.8578,36.03949],[-82.85775,36.03981]]},"properties":{"net":"out","o":5}},{"type":"Feature","geometry":{"type":"LineString","coordinates":[[-82.8413,36.02904],[-82.84177,36.02938],[-82.84222,36.02947],[-82.84263,36.02971]]},"properties":{"net":"out","o":4}},{"type":"Feature","geometry":{"type":"LineString","coordinates":[[-82.83858,36.02828],[-82.83877,36.02834]]},"properties":{"net":"out","o":4}},{"type":"Feature","geometry":{"type":"LineString","coordinates":[[-83.19702,36.13016],[-83.19744,36.13039],[-83.19805,36.13103],[-83.19864,36.13182],[-83.20169,36.13492],[-83.20174,36.13518],[-83.20212,36.13558],[-83.20273,36.136],[-83.20342,36.13673],[-83.20474,36.13748],[-83.20573,36.13856],[-83.20674,36.14008],[-83.20769,36.14119]]},"properties":{"net":"out","o":7}},{"type":"Feature","geometry":{"type":"LineString","coordinates":[[-82.82464,36.02662],[-82.82504,36.02673],[-82.8252,36.02669],[-82.82532,36.02637],[-82.82583,36.02592],[-82.82614,36.0254],[-82.82708,36.0249]]},"properties":{"net":"out","o":4}},{"type":"Feature","geometry":{"type":"LineString","coordinates":[[-82.81979,36.069],[-82.82289,36.06839],[-82.82431,36.06829],[-82.82522,36.06835],[-82.82565,36.06847]]},"properties":{"net":"out","o":4}},{"type":"Feature","geometry":{"type":"LineString","coordinates":[[-82.81973,36.06884],[-82.81979,36.069]]},"properties":{"net":"out","o":4}},{"type":"Feature","geometry":{"type":"LineString","coordinates":[[-82.93949,36.31215],[-82.94059,36.31099],[-82.94064,36.3107],[-82.94047,36.31015],[-82.9396,36.30942],[-82.93915,36.30855],[-82.93959,36.30829],[-82.94004,36.3082],[-82.94022,36.30802]]},"properties":{"net":"out","o":4}},{"type":"Feature","geometry":{"type":"LineString","coordinates":[[-82.91811,36.04207],[-82.91767,36.04221],[-82.91729,36.04271],[-82.91641,36.04312],[-82.91619,36.04313],[-82.91586,36.04343],[-82.91451,36.04426]]},"properties":{"net":"out","o":5}},{"type":"Feature","geometry":{"type":"LineString","coordinates":[[-82.91207,36.04283],[-82.91191,36.04302],[-82.91167,36.04398],[-82.91158,36.04494],[-82.91124,36.04495],[-82.91002,36.0445]]},"properties":{"net":"out","o":5}},{"type":"Feature","geometry":{"type":"LineString","coordinates":[[-82.91121,36.05947],[-82.91134,36.05979],[-82.91136,36.06027]]},"properties":{"net":"out","o":5}},{"type":"Feature","geometry":{"type":"LineString","coordinates":[[-82.904,36.06969],[-82.90357,36.06986],[-82.90278,36.0709]]},"properties":{"net":"out","o":7}},{"type":"Feature","geometry":{"type":"LineString","coordinates":[[-82.90278,36.0709],[-82.90259,36.07113]]},"properties":{"net":"out","o":7}},{"type":"Feature","geometry":{"type":"LineString","coordinates":[[-82.91166,36.16084],[-82.91187,36.16103]]},"properties":{"net":"out","o":5}},{"type":"Feature","geometry":{"type":"LineString","coordinates":[[-82.88919,36.21399],[-82.8908,36.21518],[-82.89099,36.2155],[-82.89137,36.21671]]},"properties":{"net":"out","o":4}},{"type":"Feature","geometry":{"type":"LineString","coordinates":[[-82.88635,36.22495],[-82.88677,36.22451],[-82.88717,36.22323],[-82.88772,36.22261]]},"properties":{"net":"out","o":5}},{"type":"Feature","geometry":{"type":"LineString","coordinates":[[-82.89841,36.24036],[-82.89869,36.24116],[-82.89864,36.24142],[-82.89754,36.24259],[-82.89696,36.243],[-82.89632,36.24324],[-82.89575,36.24386],[-82.89436,36.24431],[-82.89403,36.24422],[-82.89341,36.24362]]},"properties":{"net":"out","o":5}},{"type":"Feature","geometry":{"type":"LineString","coordinates":[[-82.89062,36.04063],[-82.89047,36.04098],[-82.8907,36.04122],[-82.89074,36.04164],[-82.89029,36.04199],[-82.88935,36.0425],[-82.88928,36.04303],[-82.88944,36.04393],[-82.88929,36.04423],[-82.88849,36.04468],[-82.88832,36.04508]]},"properties":{"net":"out","o":4}},{"type":"Feature","geometry":{"type":"LineString","coordinates":[[-82.88908,36.06288],[-82.88921,36.06243],[-82.88959,36.06178],[-82.88978,36.06123],[-82.88991,36.06045],[-82.88988,36.06012],[-82.88977,36.05971],[-82.88867,36.05847],[-82.88851,36.05813],[-82.88798,36.05753],[-82.88802,36.05678]]},"properties":{"net":"out","o":7}},{"type":"Feature","geometry":{"type":"LineString","coordinates":[[-83.06089,36.08225],[-83.06055,36.08346],[-83.06058,36.08407],[-83.06117,36.08515]]},"properties":{"net":"out","o":5}},{"type":"Feature","geometry":{"type":"LineString","coordinates":[[-83.04924,36.06236],[-83.04941,36.06265],[-83.05142,36.06411],[-83.0528,36.06493]]},"properties":{"net":"out","o":4}},{"type":"Feature","geometry":{"type":"LineString","coordinates":[[-83.06124,36.10288],[-83.06304,36.10291]]},"properties":{"net":"out","o":7}},{"type":"Feature","geometry":{"type":"LineString","coordinates":[[-83.06069,36.12696],[-83.06107,36.12693],[-83.06189,36.12633],[-83.06241,36.12621],[-83.06379,36.12531],[-83.06463,36.125]]},"properties":{"net":"out","o":5}},{"type":"Feature","geometry":{"type":"LineString","coordinates":[[-83.05131,36.12462],[-83.05279,36.12404]]},"properties":{"net":"out","o":5}},{"type":"Feature","geometry":{"type":"LineString","coordinates":[[-83.05127,36.12466],[-83.05131,36.12462]]},"properties":{"net":"out","o":5}},{"type":"Feature","geometry":{"type":"LineString","coordinates":[[-83.05034,36.12481],[-83.05048,36.12488]]},"properties":{"net":"out","o":5}},{"type":"Feature","geometry":{"type":"LineString","coordinates":[[-82.80066,36.33899],[-82.80053,36.33857],[-82.80022,36.33821]]},"properties":{"net":"out","o":4}},{"type":"Feature","geometry":{"type":"LineString","coordinates":[[-83.06476,36.17901],[-83.0665,36.17929],[-83.0688,36.17939],[-83.06949,36.17932],[-83.07012,36.17907],[-83.07047,36.17864],[-83.07112,36.17824],[-83.07193,36.17804]]},"properties":{"net":"out","o":6}},{"type":"Feature","geometry":{"type":"LineString","coordinates":[[-82.79865,36.06488],[-82.79965,36.0655],[-82.80028,36.06564],[-82.80105,36.06599],[-82.80137,36.06593],[-82.80171,36.06538],[-82.8021,36.06541],[-82.8027,36.06593],[-82.80334,36.06569],[-82.80363,36.06615],[-82.80409,36.0665],[-82.80425,36.06678],[-82.80405,36.0671],[-82.80346,36.06734],[-82.80386,36.06806],[-82.80425,36.06842],[-82.80463,36.06861],[-82.80481,36.06861],[-82.80543,36.06821],[-82.80577,36.06831]]},"properties":{"net":"out","o":4}},{"type":"Feature","geometry":{"type":"LineString","coordinates":[[-82.80437,36.09863],[-82.80422,36.09793]]},"properties":{"net":"out","o":7}},{"type":"Feature","geometry":{"type":"LineString","coordinates":[[-82.78998,36.10548],[-82.79056,36.10563],[-82.79102,36.10589],[-82.79166,36.10654],[-82.79323,36.10706],[-82.79422,36.10729],[-82.7952,36.10717],[-82.79626,36.10737]]},"properties":{"net":"out","o":4}},{"type":"Feature","geometry":{"type":"LineString","coordinates":[[-82.80439,36.11379],[-82.80412,36.11291]]},"properties":{"net":"out","o":4}},{"type":"Feature","geometry":{"type":"LineString","coordinates":[[-82.79844,36.24506],[-82.79852,36.24349]]},"properties":{"net":"out","o":4}},{"type":"Feature","geometry":{"type":"LineString","coordinates":[[-82.80049,36.32357],[-82.80035,36.32323],[-82.80017,36.32306],[-82.7998,36.32308],[-82.79946,36.32324],[-82.79922,36.32315],[-82.79918,36.32292],[-82.7993,36.32273],[-82.79928,36.32258],[-82.79963,36.3224],[-82.79913,36.32223]]},"properties":{"net":"out","o":4}},{"type":"Feature","geometry":{"type":"LineString","coordinates":[[-83.0681,36.19246],[-83.06918,36.19216],[-83.07008,36.19161]]},"properties":{"net":"out","o":6}},{"type":"Feature","geometry":{"type":"LineString","coordinates":[[-82.79623,36.10887],[-82.79679,36.10882],[-82.79699,36.1087],[-82.79764,36.10859]]},"properties":{"net":"out","o":7}},{"type":"Feature","geometry":{"type":"LineString","coordinates":[[-82.7865,36.11042],[-82.78657,36.10999],[-82.78697,36.10957],[-82.78752,36.10923],[-82.78937,36.10876],[-82.79133,36.10868],[-82.79518,36.10893],[-82.79543,36.10882],[-82.79623,36.10887]]},"properties":{"net":"out","o":7}},{"type":"Feature","geometry":{"type":"LineString","coordinates":[[-83.04165,36.12454],[-83.04197,36.12486]]},"properties":{"net":"out","o":5}},{"type":"Feature","geometry":{"type":"LineString","coordinates":[[-83.04009,36.12257],[-83.04008,36.12275],[-83.04127,36.12396],[-83.04165,36.12454]]},"properties":{"net":"out","o":5}},{"type":"Feature","geometry":{"type":"LineString","coordinates":[[-83.02996,36.12117],[-83.03036,36.12084],[-83.03068,36.12016],[-83.03069,36.11955],[-83.03021,36.11878]]},"properties":{"net":"out","o":5}},{"type":"Feature","geometry":{"type":"LineString","coordinates":[[-83.0328,36.16772],[-83.03307,36.16792],[-83.03353,36.16803],[-83.03536,36.16808],[-83.03673,36.16919],[-83.03702,36.16922],[-83.03751,36.16895],[-83.03782,36.16897],[-83.03821,36.16926],[-83.03857,36.16969]]},"properties":{"net":"out","o":4}},{"type":"Feature","geometry":{"type":"LineString","coordinates":[[-83.03974,36.17079],[-83.03992,36.17148],[-83.04026,36.17205],[-83.03965,36.17305],[-83.03844,36.17596]]},"properties":{"net":"out","o":4}},{"type":"Feature","geometry":{"type":"LineString","coordinates":[[-82.99472,36.08271],[-82.9949,36.08273]]},"properties":{"net":"out","o":7}},{"type":"Feature","geometry":{"type":"LineString","coordinates":[[-83.00133,36.12983],[-83.00134,36.12934],[-83.00101,36.12862],[-83.00106,36.12838],[-83.00144,36.12803],[-83.00219,36.12784],[-83.00271,36.12785],[-83.00357,36.12808],[-83.0039,36.12801],[-83.0045,36.12768],[-83.00463,36.12746]]},"properties":{"net":"out","o":5}},{"type":"Feature","geometry":{"type":"LineString","coordinates":[[-82.78531,36.33289],[-82.78511,36.33285],[-82.78454,36.33302],[-82.78442,36.33295]]},"properties":{"net":"out","o":4}},{"type":"Feature","geometry":{"type":"LineString","coordinates":[[-82.78592,36.33495],[-82.78556,36.33344]]},"properties":{"net":"out","o":4}},{"type":"Feature","geometry":{"type":"LineString","coordinates":[[-82.97181,36.22256],[-82.97139,36.22237],[-82.97093,36.22189],[-82.97058,36.22178],[-82.9702,36.22138],[-82.97018,36.22123],[-82.96986,36.22098],[-82.9698,36.22083],[-82.96985,36.22051],[-82.97013,36.21993]]},"properties":{"net":"out","o":6}},{"type":"Feature","geometry":{"type":"LineString","coordinates":[[-82.76142,36.30038],[-82.7617,36.30064],[-82.76196,36.30113]]},"properties":{"net":"out","o":4}},{"type":"Feature","geometry":{"type":"LineString","coordinates":[[-82.75104,36.33191],[-82.75165,36.33186],[-82.7531,36.33059],[-82.75346,36.33085],[-82.75399,36.33158],[-82.75426,36.33173],[-82.75443,36.3317]]},"properties":{"net":"out","o":4}},{"type":"Feature","geometry":{"type":"LineString","coordinates":[[-82.75571,36.34607],[-82.75628,36.3461],[-82.75728,36.34657],[-82.75812,36.3467],[-82.75843,36.34702],[-82.7586,36.34758],[-82.75891,36.34791]]},"properties":{"net":"out","o":6}},{"type":"Feature","geometry":{"type":"LineString","coordinates":[[-83.16471,36.10363],[-83.1657,36.10444],[-83.16583,36.10504],[-83.16571,36.10585]]},"properties":{"net":"out","o":4}},{"type":"Feature","geometry":{"type":"LineString","coordinates":[[-83.16472,36.09561],[-83.16503,36.09602],[-83.16508,36.09638],[-83.16479,36.09709],[-83.16463,36.09805],[-83.16488,36.09963],[-83.16503,36.09997]]},"properties":{"net":"out","o":4}},{"type":"Feature","geometry":{"type":"LineString","coordinates":[[-83.14541,36.139],[-83.14599,36.13957],[-83.14803,36.14112],[-83.14838,36.14148],[-83.15108,36.14343],[-83.15229,36.14457],[-83.15355,36.1454]]},"properties":{"net":"out","o":7}},{"type":"Feature","geometry":{"type":"LineString","coordinates":[[-83.1526,36.20026],[-83.1529,36.19982],[-83.15303,36.19905],[-83.15334,36.19886],[-83.15428,36.19883]]},"properties":{"net":"out","o":4}},{"type":"Feature","geometry":{"type":"LineString","coordinates":[[-83.13199,36.14639],[-83.13212,36.14711]]},"properties":{"net":"out","o":6}},{"type":"Feature","geometry":{"type":"LineString","coordinates":[[-83.14132,36.16289],[-83.14195,36.16321],[-83.1421,36.1634],[-83.14196,36.16396],[-83.14129,36.16465],[-83.14119,36.165],[-83.14152,36.16521],[-83.14275,36.16542],[-83.14323,36.1658]]},"properties":{"net":"out","o":6}},{"type":"Feature","geometry":{"type":"LineString","coordinates":[[-83.14149,36.15542],[-83.14116,36.15578],[-83.14101,36.15614]]},"properties":{"net":"out","o":6}},{"type":"Feature","geometry":{"type":"LineString","coordinates":[[-83.12884,36.2191],[-83.12909,36.21876],[-83.1308,36.21725],[-83.13093,36.21703]]},"properties":{"net":"out","o":4}},{"type":"Feature","geometry":{"type":"LineString","coordinates":[[-83.12116,36.22805],[-83.12194,36.22781],[-83.1231,36.22685]]},"properties":{"net":"out","o":4}},{"type":"Feature","geometry":{"type":"LineString","coordinates":[[-83.11116,36.23525],[-83.11119,36.23465],[-83.111,36.23416],[-83.11097,36.23379],[-83.11136,36.23257],[-83.11204,36.23214],[-83.1129,36.23098],[-83.11318,36.2308],[-83.1139,36.23064],[-83.11402,36.23056],[-83.11411,36.23028],[-83.11452,36.23014]]},"properties":{"net":"out","o":4}},{"type":"Feature","geometry":{"type":"LineString","coordinates":[[-83.12991,36.12294],[-83.13152,36.12358],[-83.13217,36.12401],[-83.1329,36.12477],[-83.13373,36.12605],[-83.13465,36.12702],[-83.13597,36.1281]]},"properties":{"net":"out","o":7}},{"type":"Feature","geometry":{"type":"LineString","coordinates":[[-83.13266,36.21077],[-83.13261,36.21039],[-83.1327,36.20982],[-83.13288,36.20959],[-83.13349,36.20918],[-83.1337,36.20891]]},"properties":{"net":"out","o":4}},{"type":"Feature","geometry":{"type":"LineString","coordinates":[[-83.1234,36.09188],[-83.12359,36.09217],[-83.12389,36.09239],[-83.12446,36.09334]]},"properties":{"net":"out","o":4}},{"type":"Feature","geometry":{"type":"LineString","coordinates":[[-83.12228,36.08752],[-83.12235,36.08765]]},"properties":{"net":"out","o":4}},{"type":"Feature","geometry":{"type":"LineString","coordinates":[[-83.12707,36.09717],[-83.12793,36.09823],[-83.12886,36.09846],[-83.12917,36.09866],[-83.12952,36.09935],[-83.12987,36.09964],[-83.13021,36.09975],[-83.13073,36.1007]]},"properties":{"net":"out","o":4}},{"type":"Feature","geometry":{"type":"LineString","coordinates":[[-83.11645,36.11107],[-83.11796,36.11145],[-83.11849,36.11183],[-83.11842,36.11247],[-83.11792,36.11303],[-83.11775,36.11402],[-83.11815,36.11514],[-83.11809,36.11546],[-83.11824,36.11616],[-83.1184,36.11632],[-83.11804,36.11841],[-83.1173,36.11927],[-83.11647,36.1199],[-83.11632,36.12024],[-83.11616,36.12037],[-83.11602,36.12122],[-83.11677,36.12213],[-83.11718,36.12236],[-83.11745,36.12239],[-83.11802,36.12274],[-83.11851,36.12279],[-83.1187,36.12299],[-83.11986,36.12312],[-83.12064,36.12306],[-83.12093,36.12294]]},"properties":{"net":"out","o":7}},{"type":"Feature","geometry":{"type":"LineString","coordinates":[[-83.11955,36.13794],[-83.11971,36.13764],[-83.12,36.13741]]},"properties":{"net":"out","o":6}},{"type":"Feature","geometry":{"type":"LineString","coordinates":[[-82.66317,36.16325],[-82.66351,36.16332],[-82.66472,36.16318],[-82.66563,36.16324],[-82.6665,36.16263],[-82.66722,36.16253],[-82.66786,36.16223]]},"properties":{"net":"out","o":4}},{"type":"Feature","geometry":{"type":"LineString","coordinates":[[-82.71087,36.13482],[-82.71104,36.13505],[-82.71182,36.13537],[-82.7121,36.13584],[-82.71285,36.13647],[-82.71381,36.13698],[-82.7139,36.1373],[-82.71388,36.13769],[-82.714,36.13785]]},"properties":{"net":"out","o":4}},{"type":"Feature","geometry":{"type":"LineString","coordinates":[[-82.72162,36.15501],[-82.72187,36.15518],[-82.72209,36.15521],[-82.72239,36.15553],[-82.72305,36.15589],[-82.72345,36.15623],[-82.72385,36.15627],[-82.724,36.15643],[-82.72524,36.15657],[-82.72585,36.1565]]},"properties":{"net":"out","o":7}},{"type":"Feature","geometry":{"type":"LineString","coordinates":[[-82.71667,36.16384],[-82.71693,36.1639],[-82.71708,36.16381],[-82.71844,36.16403],[-82.71879,36.16436],[-82.71906,36.16439],[-82.71945,36.16472],[-82.72039,36.16483],[-82.7205,36.16495]]},"properties":{"net":"out","o":7}},{"type":"Feature","geometry":{"type":"LineString","coordinates":[[-82.72017,36.26311],[-82.72048,36.26287],[-82.72092,36.26277],[-82.72119,36.26256],[-82.72115,36.2623],[-82.72081,36.2619],[-82.72087,36.26165],[-82.72133,36.26148],[-82.722,36.26139],[-82.72289,36.26157],[-82.7233,36.26115],[-82.7243,36.26084]]},"properties":{"net":"out","o":4}},{"type":"Feature","geometry":{"type":"LineString","coordinates":[[-82.71672,36.27725],[-82.71606,36.27659],[-82.71482,36.27348]]},"properties":{"net":"out","o":4}},{"type":"Feature","geometry":{"type":"LineString","coordinates":[[-82.72161,36.35753],[-82.72181,36.35672]]},"properties":{"net":"out","o":6}},{"type":"Feature","geometry":{"type":"LineString","coordinates":[[-82.72872,36.36601],[-82.72873,36.3658],[-82.72855,36.36543]]},"properties":{"net":"out","o":4}},{"type":"Feature","geometry":{"type":"LineString","coordinates":[[-82.71687,36.36253],[-82.71695,36.36256]]},"properties":{"net":"out","o":6}},{"type":"Feature","geometry":{"type":"LineString","coordinates":[[-82.70629,36.13232],[-82.70677,36.1324],[-82.70785,36.13216],[-82.70807,36.13218],[-82.70911,36.13267],[-82.71024,36.13371],[-82.71075,36.13443],[-82.71087,36.13482]]},"properties":{"net":"out","o":4}},{"type":"Feature","geometry":{"type":"LineString","coordinates":[[-82.70518,36.13032],[-82.70541,36.13069],[-82.70514,36.13103],[-82.7052,36.13132],[-82.70553,36.13162],[-82.70564,36.13188],[-82.70598,36.132]]},"properties":{"net":"out","o":4}},{"type":"Feature","geometry":{"type":"LineString","coordinates":[[-82.69543,36.19114],[-82.69538,36.19066],[-82.69508,36.19027],[-82.69486,36.18974],[-82.69418,36.18898],[-82.69408,36.18875],[-82.69411,36.18832],[-82.69449,36.18772],[-82.69463,36.18719],[-82.6951,36.18659],[-82.6957,36.18551],[-82.69631,36.18384],[-82.69665,36.18345],[-82.69742,36.18299]]},"properties":{"net":"out","o":7}},{"type":"Feature","geometry":{"type":"LineString","coordinates":[[-82.59888,36.30653],[-82.59568,36.30421],[-82.59566,36.30362],[-82.5955,36.30344],[-82.59543,36.30312],[-82.595,36.30277],[-82.59475,36.30228],[-82.59474,36.302],[-82.59451,36.30173],[-82.59451,36.30156],[-82.59476,36.30129],[-82.59477,36.30115],[-82.59398,36.30057]]},"properties":{"net":"out","o":4}},{"type":"Feature","geometry":{"type":"LineString","coordinates":[[-82.58718,36.01632],[-82.5861,36.01668]]},"properties":{"net":"out","o":4}},{"type":"Feature","geometry":{"type":"LineString","coordinates":[[-82.5963,36.06755],[-82.59563,36.06752],[-82.5922,36.06778],[-82.59158,36.0674]]},"properties":{"net":"out","o":4}},{"type":"Feature","geometry":{"type":"LineString","coordinates":[[-82.59189,36.15722],[-82.59151,36.15717],[-82.59071,36.15633]]},"properties":{"net":"out","o":5}},{"type":"Feature","geometry":{"type":"LineString","coordinates":[[-82.60346,36.21511],[-82.6031,36.21448],[-82.60267,36.21412],[-82.60265,36.21347],[-82.60281,36.21329]]},"properties":{"net":"out","o":4}},{"type":"Feature","geometry":{"type":"LineString","coordinates":[[-82.59926,36.25935],[-82.59932,36.25902],[-82.59923,36.2585],[-82.59931,36.25833],[-82.59988,36.25796]]},"properties":{"net":"out","o":5}},{"type":"Feature","geometry":{"type":"LineString","coordinates":[[-82.59036,36.26918],[-82.59008,36.26875],[-82.59011,36.26828],[-82.58992,36.26796],[-82.58957,36.26764],[-82.58952,36.26744],[-82.58978,36.26712],[-82.59053,36.26689],[-82.59067,36.26668],[-82.59039,36.2662],[-82.58976,36.26561],[-82.58972,36.26532]]},"properties":{"net":"out","o":4}},{"type":"Feature","geometry":{"type":"LineString","coordinates":[[-82.4149,36.2071],[-82.41544,36.20656],[-82.41589,36.20557],[-82.41679,36.20402],[-82.41684,36.20377],[-82.41676,36.20324],[-82.41683,36.20316]]},"properties":{"net":"out","o":5}},{"type":"Feature","geometry":{"type":"LineString","coordinates":[[-82.40839,35.98413],[-82.40791,35.98437],[-82.40754,35.98507],[-82.40724,35.98535],[-82.40553,35.9857],[-82.40516,35.98598]]},"properties":{"net":"sm2919","o":5}},{"type":"Feature","geometry":{"type":"LineString","coordinates":[[-82.4009,36.07502],[-82.39943,36.07363],[-82.39919,36.0732],[-82.39907,36.07258],[-82.39918,36.07201],[-82.39953,36.07158]]},"properties":{"net":"out","o":7}},{"type":"Feature","geometry":{"type":"LineString","coordinates":[[-82.40704,36.15886],[-82.40701,36.15875]]},"properties":{"net":"out","o":6}},{"type":"Feature","geometry":{"type":"LineString","coordinates":[[-82.56408,36.29289],[-82.56494,36.2918]]},"properties":{"net":"out","o":4}},{"type":"Feature","geometry":{"type":"LineString","coordinates":[[-82.37925,36.15],[-82.37951,36.15027],[-82.37986,36.15035],[-82.38053,36.1503],[-82.38097,36.15014]]},"properties":{"net":"out","o":4}},{"type":"Feature","geometry":{"type":"LineString","coordinates":[[-82.39105,36.17312],[-82.39231,36.17215],[-82.3944,36.17092]]},"properties":{"net":"out","o":6}},{"type":"Feature","geometry":{"type":"LineString","coordinates":[[-82.37652,36.18918],[-82.3789,36.18788],[-82.37971,36.18726],[-82.38019,36.18632],[-82.38013,36.18554]]},"properties":{"net":"out","o":6}},{"type":"Feature","geometry":{"type":"LineString","coordinates":[[-82.64236,36.28915],[-82.64151,36.28885]]},"properties":{"net":"out","o":4}},{"type":"Feature","geometry":{"type":"LineString","coordinates":[[-82.63269,36.29549],[-82.6323,36.29532]]},"properties":{"net":"out","o":5}},{"type":"Feature","geometry":{"type":"LineString","coordinates":[[-82.63216,36.28477],[-82.63022,36.28468],[-82.62955,36.28441]]},"properties":{"net":"out","o":4}},{"type":"Feature","geometry":{"type":"LineString","coordinates":[[-82.62955,36.28441],[-82.62932,36.28393],[-82.62931,36.28357],[-82.62947,36.28313],[-82.62917,36.2825],[-82.62915,36.28198],[-82.62938,36.28114],[-82.62981,36.28061],[-82.62976,36.27995]]},"properties":{"net":"out","o":5}},{"type":"Feature","geometry":{"type":"LineString","coordinates":[[-82.45666,35.91316],[-82.45585,35.91303],[-82.45499,35.91272],[-82.45384,35.91294],[-82.45319,35.91263],[-82.45222,35.91256],[-82.45175,35.9122],[-82.45111,35.91131],[-82.45082,35.9111],[-82.45058,35.91105]]},"properties":{"net":"out","o":4}},{"type":"Feature","geometry":{"type":"LineString","coordinates":[[-82.44512,35.91269],[-82.44453,35.91241],[-82.44218,35.91198],[-82.44139,35.91194],[-82.44105,35.91206]]},"properties":{"net":"out","o":4}},{"type":"Feature","geometry":{"type":"LineString","coordinates":[[-82.45596,35.99355],[-82.45582,35.99333],[-82.45574,35.99264],[-82.45527,35.99219],[-82.4549,35.9916],[-82.45449,35.99054],[-82.4537,35.9897]]},"properties":{"net":"sm2919","o":2}},{"type":"Feature","geometry":{"type":"LineString","coordinates":[[-82.4427,36.00086],[-82.44198,36.00133]]},"properties":{"net":"sm2919","o":1}},{"type":"Feature","geometry":{"type":"LineString","coordinates":[[-82.45004,36.00471],[-82.44928,36.00412],[-82.44805,36.00353]]},"properties":{"net":"sm2919","o":2}},{"type":"Feature","geometry":{"type":"LineString","coordinates":[[-82.62155,36.09979],[-82.62191,36.10053],[-82.62207,36.10136]]},"properties":{"net":"out","o":4}},{"type":"Feature","geometry":{"type":"LineString","coordinates":[[-82.60888,36.20049],[-82.60895,36.2007],[-82.60979,36.20159],[-82.61075,36.20235],[-82.6122,36.20258]]},"properties":{"net":"out","o":7}},{"type":"Feature","geometry":{"type":"LineString","coordinates":[[-82.62324,36.23428],[-82.62367,36.2339],[-82.62388,36.23336],[-82.62431,36.23275],[-82.62652,36.23086]]},"properties":{"net":"out","o":5}},{"type":"Feature","geometry":{"type":"LineString","coordinates":[[-82.50651,36.14659],[-82.5056,36.14653],[-82.50543,36.14643]]},"properties":{"net":"out","o":4}},{"type":"Feature","geometry":{"type":"LineString","coordinates":[[-82.52191,36.05932],[-82.52113,36.06056],[-82.52086,36.0613]]},"properties":{"net":"out","o":6}},{"type":"Feature","geometry":{"type":"LineString","coordinates":[[-82.51614,36.18878],[-82.51767,36.18787],[-82.51776,36.18734],[-82.51815,36.1867],[-82.51902,36.18597],[-82.52191,36.18522]]},"properties":{"net":"out","o":7}},{"type":"Feature","geometry":{"type":"LineString","coordinates":[[-82.49162,35.97395],[-82.49122,35.97281]]},"properties":{"net":"sm2919","o":2}},{"type":"Feature","geometry":{"type":"LineString","coordinates":[[-82.50071,36.19726],[-82.5007,36.19711]]},"properties":{"net":"out","o":5}},{"type":"Feature","geometry":{"type":"LineString","coordinates":[[-82.49122,35.97281],[-82.49051,35.97206],[-82.48958,35.9714]]},"properties":{"net":"sm2919","o":3}},{"type":"Feature","geometry":{"type":"LineString","coordinates":[[-82.48515,35.98873],[-82.48417,35.98832],[-82.48393,35.98813],[-82.48348,35.98746],[-82.48269,35.98702],[-82.48118,35.98666],[-82.47948,35.98667]]},"properties":{"net":"sm2919","o":1}},{"type":"Feature","geometry":{"type":"LineString","coordinates":[[-82.49393,36.08141],[-82.49376,36.08157],[-82.49369,36.08196],[-82.49376,36.08233]]},"properties":{"net":"out","o":6}},{"type":"Feature","geometry":{"type":"LineString","coordinates":[[-82.48696,36.08854],[-82.4867,36.08863],[-82.4849,36.08854],[-82.48454,36.0888]]},"properties":{"net":"out","o":6}},{"type":"Feature","geometry":{"type":"LineString","coordinates":[[-82.56831,35.98634],[-82.56707,35.98719]]},"properties":{"net":"out","o":4}},{"type":"Feature","geometry":{"type":"LineString","coordinates":[[-82.57426,36.15024],[-82.5746,36.15014],[-82.57542,36.15012],[-82.57782,36.15039]]},"properties":{"net":"out","o":7}},{"type":"Feature","geometry":{"type":"LineString","coordinates":[[-82.64408,36.23279],[-82.64379,36.23198],[-82.64319,36.23151],[-82.64289,36.22996],[-82.64254,36.22913],[-82.64157,36.22928]]},"properties":{"net":"out","o":5}},{"type":"Feature","geometry":{"type":"LineString","coordinates":[[-82.62765,36.23051],[-82.62788,36.23015],[-82.62782,36.22971],[-82.62789,36.22928],[-82.62939,36.22826],[-82.62957,36.22794]]},"properties":{"net":"out","o":5}},{"type":"Feature","geometry":{"type":"LineString","coordinates":[[-82.54058,36.16999],[-82.54106,36.16983],[-82.54182,36.16994]]},"properties":{"net":"out","o":4}},{"type":"Feature","geometry":{"type":"LineString","coordinates":[[-82.53221,36.15504],[-82.53286,36.15543],[-82.53431,36.15566]]},"properties":{"net":"out","o":5}},{"type":"Feature","geometry":{"type":"LineString","coordinates":[[-82.53501,36.3213],[-82.53507,36.32016],[-82.53495,36.3196],[-82.53507,36.31926],[-82.53574,36.31865],[-82.53642,36.3184],[-82.53693,36.31845],[-82.53734,36.31833]]},"properties":{"net":"out","o":4}},{"type":"Feature","geometry":{"type":"LineString","coordinates":[[-82.53152,36.32376],[-82.53184,36.32345],[-82.53243,36.32327]]},"properties":{"net":"out","o":4}},{"type":"Feature","geometry":{"type":"LineString","coordinates":[[-82.53814,36.3525],[-82.53868,36.35194]]},"properties":{"net":"out","o":4}},{"type":"Feature","geometry":{"type":"LineString","coordinates":[[-82.53147,36.13544],[-82.53141,36.13588]]},"properties":{"net":"out","o":5}},{"type":"Feature","geometry":{"type":"LineString","coordinates":[[-82.52908,36.14004],[-82.52936,36.14098],[-82.53007,36.1416],[-82.53028,36.14192],[-82.53038,36.14227],[-82.53028,36.14247]]},"properties":{"net":"out","o":5}},{"type":"Feature","geometry":{"type":"LineString","coordinates":[[-82.47085,35.99693],[-82.4702,35.99613],[-82.46988,35.99552],[-82.46899,35.99455],[-82.46837,35.99406],[-82.46698,35.99323],[-82.46527,35.99287],[-82.46383,35.99226]]},"properties":{"net":"sm2919","o":1}},{"type":"Feature","geometry":{"type":"LineString","coordinates":[[-82.46596,35.98743],[-82.46339,35.98788],[-82.46226,35.98786],[-82.46157,35.98766]]},"properties":{"net":"sm2919","o":2}},{"type":"Feature","geometry":{"type":"LineString","coordinates":[[-82.47131,36.06902],[-82.47232,36.0693],[-82.47333,36.06927],[-82.47345,36.06949],[-82.47346,36.06984],[-82.47291,36.0702],[-82.47281,36.07052],[-82.47303,36.07093],[-82.47342,36.0712],[-82.47415,36.07127]]},"properties":{"net":"out","o":4}},{"type":"Feature","geometry":{"type":"LineString","coordinates":[[-82.554,36.24562],[-82.55457,36.2457]]},"properties":{"net":"out","o":4}},{"type":"Feature","geometry":{"type":"LineString","coordinates":[[-82.54413,36.34741],[-82.54413,36.34695],[-82.54403,36.34676],[-82.54408,36.34648],[-82.54383,36.34634]]},"properties":{"net":"out","o":4}},{"type":"Feature","geometry":{"type":"LineString","coordinates":[[-82.72376,36.10356],[-82.72466,36.10382],[-82.72501,36.10416],[-82.72578,36.10431],[-82.72661,36.10482],[-82.72762,36.10574],[-82.72856,36.10626],[-82.72917,36.10691],[-82.7299,36.10731],[-82.73005,36.10758],[-82.73012,36.10813],[-82.73037,36.10882]]},"properties":{"net":"out","o":4}},{"type":"Feature","geometry":{"type":"LineString","coordinates":[[-82.55231,36.04194],[-82.55172,36.04157],[-82.55152,36.04065]]},"properties":{"net":"out","o":5}},{"type":"Feature","geometry":{"type":"LineString","coordinates":[[-82.54838,36.12127],[-82.54682,36.12212]]},"properties":{"net":"out","o":4}},{"type":"Feature","geometry":{"type":"LineString","coordinates":[[-82.55884,36.01378],[-82.55857,36.01444]]},"properties":{"net":"out","o":4}},{"type":"Feature","geometry":{"type":"LineString","coordinates":[[-82.5571,36.01873],[-82.55671,36.02047],[-82.55646,36.02091],[-82.556,36.02115]]},"properties":{"net":"out","o":5}},{"type":"Feature","geometry":{"type":"LineString","coordinates":[[-82.54833,36.01347],[-82.54916,36.01348],[-82.55096,36.01252],[-82.55207,36.01241],[-82.55274,36.01202]]},"properties":{"net":"out","o":4}},{"type":"Feature","geometry":{"type":"LineString","coordinates":[[-82.50992,36.04069],[-82.51004,36.04185],[-82.51026,36.04267],[-82.51012,36.0431]]},"properties":{"net":"out","o":4}},{"type":"Feature","geometry":{"type":"LineString","coordinates":[[-82.50913,36.02354],[-82.509,36.02392]]},"properties":{"net":"out","o":4}},{"type":"Feature","geometry":{"type":"LineString","coordinates":[[-82.67687,36.32875],[-82.67711,36.32967]]},"properties":{"net":"out","o":4}},{"type":"Feature","geometry":{"type":"LineString","coordinates":[[-82.67348,36.34942],[-82.6738,36.34966],[-82.67492,36.3502],[-82.67488,36.35051],[-82.67475,36.3507]]},"properties":{"net":"out","o":4}},{"type":"Feature","geometry":{"type":"LineString","coordinates":[[-82.67982,36.39034],[-82.67992,36.39018],[-82.6799,36.38876],[-82.68038,36.38823],[-82.68117,36.38776],[-82.68166,36.38775]]},"properties":{"net":"out","o":5}},{"type":"Feature","geometry":{"type":"LineString","coordinates":[[-82.42618,36.09124],[-82.42777,36.09323],[-82.42797,36.09361],[-82.42791,36.09367]]},"properties":{"net":"out","o":7}},{"type":"Feature","geometry":{"type":"LineString","coordinates":[[-82.40837,36.12963],[-82.41108,36.12974],[-82.41583,36.13049],[-82.41761,36.13099],[-82.41912,36.13154],[-82.42121,36.13191],[-82.42191,36.13236],[-82.42386,36.13291],[-82.42753,36.13325],[-82.42914,36.13304]]},"properties":{"net":"out","o":4}},{"type":"Feature","geometry":{"type":"LineString","coordinates":[[-82.4679,36.06741],[-82.46875,36.06849],[-82.46962,36.06913],[-82.46996,36.06914],[-82.47078,36.06889],[-82.47131,36.06902]]},"properties":{"net":"out","o":4}},{"type":"Feature","geometry":{"type":"LineString","coordinates":[[-82.46748,36.06729],[-82.4679,36.06741]]},"properties":{"net":"out","o":4}},{"type":"Feature","geometry":{"type":"LineString","coordinates":[[-82.46173,36.11337],[-82.46118,36.1144],[-82.46114,36.11465],[-82.46104,36.11471],[-82.46105,36.11489]]},"properties":{"net":"out","o":6}},{"type":"Feature","geometry":{"type":"LineString","coordinates":[[-82.45984,36.11642],[-82.45923,36.11743],[-82.45898,36.11758],[-82.45855,36.11768],[-82.45753,36.11762]]},"properties":{"net":"out","o":6}},{"type":"Feature","geometry":{"type":"LineString","coordinates":[[-82.658,36.31351],[-82.65713,36.31322]]},"properties":{"net":"out","o":4}},{"type":"Feature","geometry":{"type":"LineString","coordinates":[[-82.64951,36.31203],[-82.649,36.31181],[-82.64752,36.31173],[-82.64632,36.31155],[-82.64561,36.31127],[-82.64512,36.31092],[-82.645,36.31066]]},"properties":{"net":"out","o":5}},{"type":"Feature","geometry":{"type":"LineString","coordinates":[[-82.65832,36.36251],[-82.65842,36.36141],[-82.65798,36.36099],[-82.658,36.36081],[-82.65917,36.36038],[-82.66004,36.35913],[-82.66173,36.35795]]},"properties":{"net":"out","o":4}},{"type":"Feature","geometry":{"type":"LineString","coordinates":[[-82.47942,35.96843],[-82.47807,35.96804],[-82.47682,35.9673],[-82.47599,35.96656],[-82.47557,35.96582],[-82.47522,35.9655],[-82.47379,35.96511],[-82.47315,35.96479]]},"properties":{"net":"sm2919","o":3}},{"type":"Feature","geometry":{"type":"LineString","coordinates":[[-82.46865,35.98608],[-82.46783,35.98627],[-82.46705,35.98692],[-82.46596,35.98743]]},"properties":{"net":"sm2919","o":1}},{"type":"Feature","geometry":{"type":"LineString","coordinates":[[-82.46668,35.99498],[-82.46553,35.99367],[-82.46429,35.9928],[-82.46383,35.99226]]},"properties":{"net":"sm2919","o":2}},{"type":"Feature","geometry":{"type":"LineString","coordinates":[[-82.47722,36.09675],[-82.47628,36.09693],[-82.47554,36.09728],[-82.47479,36.09741],[-82.4735,36.09806],[-82.4728,36.09866],[-82.47221,36.09946],[-82.47207,36.10076]]},"properties":{"net":"out","o":6}},{"type":"Feature","geometry":{"type":"LineString","coordinates":[[-82.46351,36.20795],[-82.46566,36.20873],[-82.46817,36.20866],[-82.46865,36.20853],[-82.46891,36.20856],[-82.47035,36.20815],[-82.4707,36.20819],[-82.472,36.2078],[-82.4723,36.20761],[-82.47292,36.20747],[-82.47319,36.2075],[-82.47513,36.20678],[-82.47726,36.20551],[-82.47799,36.20502],[-82.47822,36.20473]]},"properties":{"net":"out","o":7}},{"type":"Feature","geometry":{"type":"LineString","coordinates":[[-82.30607,35.97102],[-82.30605,35.97126],[-82.30623,35.97168],[-82.30565,35.97174],[-82.30538,35.97188],[-82.30524,35.97236],[-82.30488,35.97289],[-82.3042,35.97317],[-82.30373,35.9736]]},"properties":{"net":"out","o":4}},{"type":"Feature","geometry":{"type":"LineString","coordinates":[[-82.29749,35.9774],[-82.29921,35.97824],[-82.29939,35.97847],[-82.29878,35.97915],[-82.29712,35.97992],[-82.29697,35.98014],[-82.29697,35.98037]]},"properties":{"net":"out","o":5}},{"type":"Feature","geometry":{"type":"LineString","coordinates":[[-82.30203,36.05758],[-82.30264,36.05718],[-82.30285,36.05673]]},"properties":{"net":"out","o":5}},{"type":"Feature","geometry":{"type":"LineString","coordinates":[[-82.29922,36.0657],[-82.29993,36.06462]]},"properties":{"net":"out","o":5}},{"type":"Feature","geometry":{"type":"LineString","coordinates":[[-82.33209,36.08698],[-82.33345,36.08725]]},"properties":{"net":"out","o":4}},{"type":"Feature","geometry":{"type":"LineString","coordinates":[[-82.29906,35.98606],[-82.29803,35.98663],[-82.29682,35.98862],[-82.29629,35.98925],[-82.29605,35.98934],[-82.29531,35.98929],[-82.29501,35.98946]]},"properties":{"net":"out","o":5}},{"type":"Feature","geometry":{"type":"LineString","coordinates":[[-82.27785,35.73477],[-82.27722,35.73422],[-82.27537,35.7333],[-82.27442,35.73334],[-82.27339,35.73367]]},"properties":{"net":"sm2660","o":1}},{"type":"Feature","geometry":{"type":"LineString","coordinates":[[-82.28797,36.04256],[-82.28809,36.04234],[-82.28925,36.0422],[-82.2898,36.04194],[-82.29034,36.04142],[-82.29073,36.04061],[-82.2912,36.04005]]},"properties":{"net":"out","o":4}},{"type":"Feature","geometry":{"type":"LineString","coordinates":[[-82.29043,35.91111],[-82.29027,35.91116]]},"properties":{"net":"sm2618","o":1}},{"type":"Feature","geometry":{"type":"LineString","coordinates":[[-82.28772,35.92754],[-82.2872,35.92683],[-82.2867,35.92527],[-82.2867,35.92488],[-82.28687,35.9243],[-82.28671,35.92309],[-82.28653,35.92276],[-82.28664,35.92235]]},"properties":{"net":"sm2618","o":1}},{"type":"Feature","geometry":{"type":"LineString","coordinates":[[-82.28411,35.92636],[-82.28585,35.92382],[-82.28626,35.92271],[-82.28664,35.92235]]},"properties":{"net":"sm2618","o":1}},{"type":"Feature","geometry":{"type":"LineString","coordinates":[[-82.28789,35.99555],[-82.28783,35.99693],[-82.28762,35.99745],[-82.28734,35.9976],[-82.28706,35.99761],[-82.2868,35.99755],[-82.28618,35.99711],[-82.28547,35.99714],[-82.28514,35.99732],[-82.28493,35.99755],[-82.28459,35.99832],[-82.28429,35.99852],[-82.28303,35.99895],[-82.2825,35.99903],[-82.28124,35.99956]]},"properties":{"net":"out","o":5}},{"type":"Feature","geometry":{"type":"LineString","coordinates":[[-82.27653,35.7371],[-82.27533,35.7358],[-82.27457,35.73528],[-82.27339,35.73367]]},"properties":{"net":"sm2660","o":1}},{"type":"Feature","geometry":{"type":"LineString","coordinates":[[-82.27212,35.74166],[-82.27108,35.74095],[-82.27051,35.74073],[-82.26985,35.74061],[-82.26861,35.7407],[-82.2675,35.74045]]},"properties":{"net":"sm2660","o":1}},{"type":"Feature","geometry":{"type":"LineString","coordinates":[[-82.25976,35.93017],[-82.25969,35.92986],[-82.25911,35.92909],[-82.25882,35.92837],[-82.2579,35.92687],[-82.25776,35.92626],[-82.25782,35.92548],[-82.25802,35.92504],[-82.25841,35.92466],[-82.25876,35.92326],[-82.2591,35.92256],[-82.25919,35.92184],[-82.25917,35.92058],[-82.259,35.91997],[-82.25843,35.91871],[-82.25805,35.91825]]},"properties":{"net":"sm2618","o":1}},{"type":"Feature","geometry":{"type":"LineString","coordinates":[[-82.25994,35.9369],[-82.25916,35.93599],[-82.2582,35.93565],[-82.25722,35.9348],[-82.25585,35.9342],[-82.25523,35.93402],[-82.25471,35.93401],[-82.25429,35.93376],[-82.25393,35.93334],[-82.25347,35.93251],[-82.25335,35.93192],[-82.25276,35.93093],[-82.25214,35.9303]]},"properties":{"net":"sm2618","o":1}},{"type":"Feature","geometry":{"type":"LineString","coordinates":[[-82.25582,36.06251],[-82.25751,36.06149],[-82.25797,36.06093],[-82.25852,36.06058],[-82.26058,36.06025],[-82.26194,36.06014]]},"properties":{"net":"sm2928","o":1}},{"type":"Feature","geometry":{"type":"LineString","coordinates":[[-82.29967,36.08413],[-82.29959,36.08393]]},"properties":{"net":"out","o":4}},{"type":"Feature","geometry":{"type":"LineString","coordinates":[[-82.29854,36.06647],[-82.29895,36.06623],[-82.29922,36.0657]]},"properties":{"net":"out","o":5}},{"type":"Feature","geometry":{"type":"LineString","coordinates":[[-82.29824,36.07517],[-82.29771,36.07469],[-82.29741,36.07424],[-82.29732,36.07367],[-82.29741,36.07329]]},"properties":{"net":"out","o":4}},{"type":"Feature","geometry":{"type":"LineString","coordinates":[[-82.29668,36.07083],[-82.29657,36.06989],[-82.29668,36.06926],[-82.29689,36.06901]]},"properties":{"net":"out","o":5}},{"type":"Feature","geometry":{"type":"LineString","coordinates":[[-82.27156,36.01874],[-82.27324,36.0197]]},"properties":{"net":"out","o":6}},{"type":"Feature","geometry":{"type":"LineString","coordinates":[[-82.77812,36.12153],[-82.77805,36.12147]]},"properties":{"net":"out","o":7}},{"type":"Feature","geometry":{"type":"LineString","coordinates":[[-82.26848,36.05747],[-82.26876,36.05642],[-82.26902,36.05584],[-82.26972,36.05522]]},"properties":{"net":"sm2928","o":3}},{"type":"Feature","geometry":{"type":"LineString","coordinates":[[-82.26673,36.06071],[-82.26672,36.06036]]},"properties":{"net":"sm2928","o":2}},{"type":"Feature","geometry":{"type":"LineString","coordinates":[[-82.27589,36.05982],[-82.27597,36.05968],[-82.2762,36.05723],[-82.27514,36.0558]]},"properties":{"net":"sm2928","o":2}},{"type":"Feature","geometry":{"type":"LineString","coordinates":[[-82.30296,36.17388],[-82.30414,36.17305],[-82.30596,36.17234],[-82.30727,36.17266],[-82.30792,36.17269],[-82.30978,36.17232]]},"properties":{"net":"out","o":5}},{"type":"Feature","geometry":{"type":"LineString","coordinates":[[-82.26972,36.05522],[-82.27033,36.05536],[-82.27231,36.05515],[-82.27317,36.05532],[-82.27394,36.05564]]},"properties":{"net":"sm2928","o":3}},{"type":"Feature","geometry":{"type":"LineString","coordinates":[[-82.29686,36.17715],[-82.29702,36.17715]]},"properties":{"net":"out","o":5}},{"type":"Feature","geometry":{"type":"LineString","coordinates":[[-82.26469,36.09584],[-82.26608,36.09477]]},"properties":{"net":"out","o":4}},{"type":"Feature","geometry":{"type":"LineString","coordinates":[[-82.26535,36.10067],[-82.26467,36.09903],[-82.26439,36.0986]]},"properties":{"net":"out","o":4}},{"type":"Feature","geometry":{"type":"LineString","coordinates":[[-82.28516,36.07509],[-82.28735,36.07351],[-82.28743,36.07327],[-82.28774,36.07306]]},"properties":{"net":"out","o":5}},{"type":"Feature","geometry":{"type":"LineString","coordinates":[[-82.28301,36.07762],[-82.28351,36.07759]]},"properties":{"net":"out","o":5}},{"type":"Feature","geometry":{"type":"LineString","coordinates":[[-82.28184,36.07874],[-82.28301,36.07762]]},"properties":{"net":"out","o":5}},{"type":"Feature","geometry":{"type":"LineString","coordinates":[[-82.27511,36.08633],[-82.27519,36.08573],[-82.27573,36.08548],[-82.27603,36.08493],[-82.27625,36.08482],[-82.27648,36.0849]]},"properties":{"net":"out","o":4}},{"type":"Feature","geometry":{"type":"LineString","coordinates":[[-82.30642,36.21371],[-82.30678,36.21356],[-82.3074,36.21278],[-82.30747,36.21257]]},"properties":{"net":"out","o":4}},{"type":"Feature","geometry":{"type":"LineString","coordinates":[[-82.28037,36.10214],[-82.28081,36.10144]]},"properties":{"net":"out","o":4}},{"type":"Feature","geometry":{"type":"LineString","coordinates":[[-82.28016,36.10234],[-82.28037,36.10214]]},"properties":{"net":"out","o":4}},{"type":"Feature","geometry":{"type":"LineString","coordinates":[[-82.21389,35.74451],[-82.21355,35.74541],[-82.21328,35.74727],[-82.2133,35.74772],[-82.21367,35.74889],[-82.21371,35.7497],[-82.2138,35.74993]]},"properties":{"net":"sm2668","o":2}},{"type":"Feature","geometry":{"type":"LineString","coordinates":[[-82.22764,35.75784],[-82.22662,35.75702],[-82.22629,35.75629],[-82.22622,35.75564],[-82.22584,35.7549],[-82.22517,35.75432],[-82.22359,35.75262],[-82.22324,35.75206],[-82.223,35.75142]]},"properties":{"net":"sm3066","o":1}},{"type":"Feature","geometry":{"type":"LineString","coordinates":[[-82.223,35.75142],[-82.22289,35.75115]]},"properties":{"net":"sm3036","o":1}},{"type":"Feature","geometry":{"type":"LineString","coordinates":[[-82.22279,35.75106],[-82.22243,35.75103]]},"properties":{"net":"sm3036","o":4}},{"type":"Feature","geometry":{"type":"LineString","coordinates":[[-82.22243,35.75103],[-82.22226,35.75093],[-82.22172,35.75094],[-82.22136,35.75119],[-82.22089,35.75133]]},"properties":{"net":"sm2945","o":4}},{"type":"Feature","geometry":{"type":"LineString","coordinates":[[-82.22089,35.75133],[-82.22019,35.75167],[-82.22011,35.75187],[-82.2197,35.75215],[-82.21925,35.75228]]},"properties":{"net":"NC6366","o":4}},{"type":"Feature","geometry":{"type":"LineString","coordinates":[[-82.21131,35.87692],[-82.20973,35.87558]]},"properties":{"net":"sm2727","o":1}},{"type":"Feature","geometry":{"type":"LineString","coordinates":[[-82.20973,35.87558],[-82.20934,35.87517]]},"properties":{"net":"sm2726","o":1}},{"type":"Feature","geometry":{"type":"LineString","coordinates":[[-82.27509,36.08635],[-82.27511,36.08633]]},"properties":{"net":"out","o":4}},{"type":"Feature","geometry":{"type":"LineString","coordinates":[[-82.26986,36.09184],[-82.27079,36.09116],[-82.27134,36.09092],[-82.27183,36.09031],[-82.27298,36.08929]]},"properties":{"net":"out","o":4}},{"type":"Feature","geometry":{"type":"LineString","coordinates":[[-82.25342,36.18341],[-82.25457,36.18305],[-82.25565,36.183],[-82.25681,36.1834],[-82.25715,36.18366],[-82.25915,36.18374],[-82.26062,36.18366],[-82.26129,36.1838]]},"properties":{"net":"out","o":4}},{"type":"Feature","geometry":{"type":"LineString","coordinates":[[-82.10382,36.10026],[-82.10375,36.10008],[-82.10306,36.09942],[-82.1028,36.09877],[-82.10154,36.09757],[-82.10105,36.09649],[-82.10088,36.09572],[-82.10033,36.09461]]},"properties":{"net":"sm8025191","o":1}},{"type":"Feature","geometry":{"type":"LineString","coordinates":[[-82.10033,36.09461],[-82.10021,36.0942],[-82.09981,36.09379]]},"properties":{"net":"sm8025192","o":1}},{"type":"Feature","geometry":{"type":"LineString","coordinates":[[-82.21677,36.01648],[-82.21897,36.01532]]},"properties":{"net":"out","o":6}},{"type":"Feature","geometry":{"type":"LineString","coordinates":[[-82.22533,36.04362],[-82.22664,36.04238],[-82.22695,36.04191],[-82.22738,36.04152],[-82.22769,36.04097]]},"properties":{"net":"out","o":5}},{"type":"Feature","geometry":{"type":"LineString","coordinates":[[-82.17314,35.78871],[-82.17341,35.78831],[-82.17393,35.78826],[-82.17506,35.78731],[-82.17599,35.78612],[-82.17608,35.78578],[-82.17576,35.78494]]},"properties":{"net":"sm2671","o":1}},{"type":"Feature","geometry":{"type":"LineString","coordinates":[[-82.18325,35.8338],[-82.18317,35.83374]]},"properties":{"net":"sm2702","o":1}},{"type":"Feature","geometry":{"type":"LineString","coordinates":[[-82.17121,35.81495],[-82.17107,35.81587],[-82.17125,35.81619],[-82.17149,35.81636],[-82.17517,35.81736],[-82.17559,35.81733],[-82.17586,35.81715],[-82.17608,35.81714],[-82.17796,35.81732],[-82.1804,35.81667]]},"properties":{"net":"sm2689","o":2}},{"type":"Feature","geometry":{"type":"LineString","coordinates":[[-82.17523,35.87026],[-82.17519,35.86988]]},"properties":{"net":"sm2724","o":1}},{"type":"Feature","geometry":{"type":"LineString","coordinates":[[-82.17374,35.86685],[-82.17387,35.86684]]},"properties":{"net":"sm2724","o":1}},{"type":"Feature","geometry":{"type":"LineString","coordinates":[[-82.20692,36.04945],[-82.20762,36.04952]]},"properties":{"net":"out","o":4}},{"type":"Feature","geometry":{"type":"LineString","coordinates":[[-82.21023,36.06868],[-82.21044,36.06815],[-82.21102,36.0683],[-82.21164,36.06806],[-82.21172,36.06792],[-82.2117,36.06706],[-82.21181,36.06677],[-82.21214,36.06652],[-82.21278,36.06632],[-82.21298,36.06612]]},"properties":{"net":"out","o":4}},{"type":"Feature","geometry":{"type":"LineString","coordinates":[[-82.10264,35.93267],[-82.10269,35.93315],[-82.10307,35.93352],[-82.10371,35.93374],[-82.10496,35.93385],[-82.10555,35.93356],[-82.10572,35.93336],[-82.10582,35.93283],[-82.10609,35.93236],[-82.10634,35.93224],[-82.10687,35.9323],[-82.1075,35.93205],[-82.10812,35.93162],[-82.10848,35.93116],[-82.10889,35.93088]]},"properties":{"net":"out","o":5}},{"type":"Feature","geometry":{"type":"LineString","coordinates":[[-82.09725,36.01697],[-82.09896,36.01656],[-82.09994,36.01565],[-82.10016,36.0149],[-82.10057,36.01477],[-82.10217,36.01466],[-82.10403,36.01472],[-82.10496,36.01424],[-82.10579,36.01421],[-82.10618,36.01436],[-82.1066,36.01491],[-82.10758,36.01551],[-82.10835,36.01551]]},"properties":{"net":"NC6250","o":4}},{"type":"Feature","geometry":{"type":"LineString","coordinates":[[-82.16708,35.90343],[-82.16748,35.90351],[-82.16815,35.90338],[-82.1704,35.90401],[-82.17089,35.90428],[-82.17161,35.90427],[-82.1739,35.90482],[-82.17586,35.90486],[-82.17681,35.90478],[-82.17748,35.90455],[-82.17781,35.9042]]},"properties":{"net":"sm2740","o":1}},{"type":"Feature","geometry":{"type":"LineString","coordinates":[[-82.16768,35.92951],[-82.16796,35.92922],[-82.16867,35.9288],[-82.16911,35.92863],[-82.16946,35.92867],[-82.17008,35.929],[-82.17076,35.92973],[-82.17219,35.93083]]},"properties":{"net":"out","o":5}},{"type":"Feature","geometry":{"type":"LineString","coordinates":[[-82.07572,35.91611],[-82.07618,35.91605],[-82.0772,35.91617],[-82.07763,35.9163],[-82.07791,35.91651],[-82.07789,35.91687],[-82.0774,35.91782],[-82.07732,35.91846],[-82.07804,35.91949],[-82.07854,35.91973],[-82.07907,35.91979]]},"properties":{"net":"NC6575","o":5}},{"type":"Feature","geometry":{"type":"LineString","coordinates":[[-82.0624,35.90454],[-82.06274,35.90443],[-82.06396,35.90465],[-82.06537,35.9051],[-82.06624,35.90553],[-82.06756,35.9055],[-82.06902,35.90568],[-82.06944,35.90605],[-82.06969,35.90644],[-82.0697,35.90738],[-82.06826,35.90905],[-82.06803,35.90953],[-82.06775,35.91058],[-82.0668,35.91177],[-82.06622,35.91322]]},"properties":{"net":"NC6575","o":5}},{"type":"Feature","geometry":{"type":"LineString","coordinates":[[-82.07596,36.07861],[-82.07652,36.07691],[-82.07673,36.0766],[-82.07778,36.07635],[-82.07821,36.07603]]},"properties":{"net":"sm54736","o":1}},{"type":"Feature","geometry":{"type":"LineString","coordinates":[[-82.13147,35.93673],[-82.13276,35.93697],[-82.13377,35.93688]]},"properties":{"net":"out","o":5}},{"type":"Feature","geometry":{"type":"LineString","coordinates":[[-82.02312,35.91232],[-82.0238,35.91211],[-82.02463,35.91224],[-82.02695,35.91313]]},"properties":{"net":"NC6575","o":4}},{"type":"Feature","geometry":{"type":"LineString","coordinates":[[-82.03087,35.94663],[-82.03111,35.94558],[-82.03158,35.94477],[-82.03319,35.94315],[-82.03396,35.94216]]},"properties":{"net":"NC6575","o":4}},{"type":"Feature","geometry":{"type":"LineString","coordinates":[[-82.02593,35.97032],[-82.02657,35.96981],[-82.0274,35.9685],[-82.02752,35.96661],[-82.02789,35.96636],[-82.0282,35.9664],[-82.02882,35.96669],[-82.02944,35.96676],[-82.0298,35.96655],[-82.03016,35.9658],[-82.03033,35.96492],[-82.03028,35.96453]]},"properties":{"net":"NC6575","o":4}},{"type":"Feature","geometry":{"type":"LineString","coordinates":[[-82.01774,36.0246],[-82.01856,36.02477],[-82.01917,36.0247],[-82.02022,36.02486],[-82.02147,36.02475],[-82.02247,36.02422],[-82.02259,36.02406],[-82.02265,36.02364]]},"properties":{"net":"NC6575","o":4}},{"type":"Feature","geometry":{"type":"LineString","coordinates":[[-82.76605,36.07858],[-82.76601,36.07892],[-82.76591,36.07897],[-82.76541,36.0789],[-82.76525,36.07897],[-82.76547,36.07938],[-82.76542,36.07959]]},"properties":{"net":"out","o":4}},{"type":"Feature","geometry":{"type":"LineString","coordinates":[[-82.76542,36.07959],[-82.76538,36.07977],[-82.76554,36.0801],[-82.76555,36.08069],[-82.76565,36.08108],[-82.76558,36.08134],[-82.76567,36.08149],[-82.76561,36.0816],[-82.76523,36.08166],[-82.76513,36.08206],[-82.76487,36.08217],[-82.76513,36.08256]]},"properties":{"net":"out","o":4}},{"type":"Feature","geometry":{"type":"LineString","coordinates":[[-82.76127,36.09147],[-82.76132,36.09268]]},"properties":{"net":"out","o":4}},{"type":"Feature","geometry":{"type":"LineString","coordinates":[[-82.75415,36.10388],[-82.75402,36.10432],[-82.75357,36.10467],[-82.75187,36.10472]]},"properties":{"net":"out","o":4}},{"type":"Feature","geometry":{"type":"LineString","coordinates":[[-82.76945,36.11914],[-82.7696,36.1195],[-82.76962,36.12044],[-82.76992,36.12152],[-82.77059,36.12235],[-82.77112,36.1227]]},"properties":{"net":"out","o":7}},{"type":"Feature","geometry":{"type":"LineString","coordinates":[[-81.99316,35.93668],[-81.99324,35.93662],[-81.99317,35.93582],[-81.99284,35.93466],[-81.99325,35.93315],[-81.99362,35.93121],[-81.99378,35.93083],[-81.99433,35.93006]]},"properties":{"net":"NC6575","o":4}},{"type":"Feature","geometry":{"type":"LineString","coordinates":[[-81.99465,36.08844],[-81.99443,36.0874],[-81.99458,36.08659],[-81.99494,36.08591]]},"properties":{"net":"NC6622","o":4}},{"type":"Feature","geometry":{"type":"LineString","coordinates":[[-81.97887,36.09882],[-81.98044,36.09873],[-81.98141,36.0984],[-81.98201,36.09832],[-81.98353,36.09874],[-81.98485,36.09881],[-81.98649,36.09904]]},"properties":{"net":"NC6622","o":4}},{"type":"Feature","geometry":{"type":"LineString","coordinates":[[-82.75187,36.10472],[-82.75142,36.10523],[-82.7513,36.10558],[-82.7509,36.10592],[-82.75045,36.10606],[-82.74896,36.10603],[-82.74779,36.10547],[-82.74716,36.10503],[-82.74682,36.10495],[-82.74672,36.10501],[-82.74601,36.10615],[-82.74603,36.10655],[-82.74679,36.10731],[-82.74727,36.10748],[-82.74771,36.10777],[-82.74792,36.10847],[-82.74781,36.10869],[-82.74719,36.10923],[-82.74679,36.10985],[-82.74607,36.11058]]},"properties":{"net":"out","o":5}},{"type":"Feature","geometry":{"type":"LineString","coordinates":[[-82.74019,36.12431],[-82.73927,36.1251],[-82.73922,36.12532]]},"properties":{"net":"out","o":5}},{"type":"Feature","geometry":{"type":"LineString","coordinates":[[-82.73922,36.12532],[-82.74192,36.12617],[-82.74218,36.12629],[-82.74303,36.12707],[-82.74394,36.12754]]},"properties":{"net":"out","o":5}},{"type":"Feature","geometry":{"type":"LineString","coordinates":[[-82.75,36.14885],[-82.75075,36.14843],[-82.75087,36.14823]]},"properties":{"net":"out","o":7}},{"type":"Feature","geometry":{"type":"LineString","coordinates":[[-82.74658,36.14936],[-82.74757,36.14944],[-82.74836,36.14935],[-82.74896,36.14902],[-82.7494,36.14907],[-82.75,36.14885]]},"properties":{"net":"out","o":7}},{"type":"Feature","geometry":{"type":"LineString","coordinates":[[-82.73981,36.23169],[-82.73997,36.23146]]},"properties":{"net":"out","o":5}},{"type":"Feature","geometry":{"type":"LineString","coordinates":[[-82.7383,36.23487],[-82.73845,36.23396],[-82.73891,36.23383],[-82.73914,36.23312],[-82.73949,36.23274],[-82.73904,36.23271],[-82.73903,36.23256],[-82.73931,36.23214],[-82.73942,36.23177],[-82.73981,36.23169]]},"properties":{"net":"out","o":5}},{"type":"Feature","geometry":{"type":"LineString","coordinates":[[-82.74677,36.32944],[-82.74824,36.33024]]},"properties":{"net":"out","o":4}},{"type":"Feature","geometry":{"type":"LineString","coordinates":[[-82.74114,36.32962],[-82.74145,36.32987],[-82.74197,36.33008],[-82.74292,36.33001],[-82.74374,36.32908],[-82.74469,36.32834]]},"properties":{"net":"out","o":4}},{"type":"Feature","geometry":{"type":"LineString","coordinates":[[-82.35138,36.01539],[-82.35129,36.0154]]},"properties":{"net":"out","o":4}},{"type":"Feature","geometry":{"type":"LineString","coordinates":[[-82.348,36.005],[-82.34793,36.00696],[-82.34749,36.00816],[-82.34774,36.00906],[-82.34833,36.00987],[-82.3484,36.01027]]},"properties":{"net":"out","o":6}},{"type":"Feature","geometry":{"type":"LineString","coordinates":[[-82.34288,36.02212],[-82.34208,36.02216],[-82.3417,36.02205]]},"properties":{"net":"out","o":6}},{"type":"Feature","geometry":{"type":"LineString","coordinates":[[-82.33842,36.05803],[-82.33865,36.05827],[-82.33877,36.05861],[-82.33911,36.05897],[-82.33942,36.05976]]},"properties":{"net":"out","o":7}},{"type":"Feature","geometry":{"type":"LineString","coordinates":[[-81.92902,36.08376],[-81.92953,36.08397],[-81.92981,36.08424],[-81.92978,36.08445],[-81.92929,36.08449],[-81.92939,36.08472],[-81.92974,36.08482],[-81.93007,36.08509],[-81.93042,36.08521],[-81.93061,36.08546],[-81.9308,36.08603],[-81.93053,36.08636],[-81.9305,36.08655],[-81.93132,36.087],[-81.93123,36.08819],[-81.93169,36.08847],[-81.93195,36.08886],[-81.9321,36.08895],[-81.93234,36.08892],[-81.9325,36.08859],[-81.93282,36.08844],[-81.93278,36.08818],[-81.93256,36.08801],[-81.93254,36.08785],[-81.93315,36.08737],[-81.93321,36.08671],[-81.9337,36.08624],[-81.93437,36.08626],[-81.9352,36.08652],[-81.93616,36.08716],[-81.93633,36.08713],[-81.9365,36.08678],[-81.93741,36.08659],[-81.93769,36.08693],[-81.93774,36.08778],[-81.93896,36.08873],[-81.93967,36.08904],[-81.94108,36.08909],[-81.94154,36.08894],[-81.94159,36.08868],[-81.94125,36.08826],[-81.94047,36.08782],[-81.94038,36.08743],[-81.94172,36.08669],[-81.9432,36.08545],[-81.94355,36.08528],[-81.9439,36.08535],[-81.94477,36.08623],[-81.94512,36.08636],[-81.94667,36.08603],[-81.94744,36.08564]]},"properties":{"net":"NC6622","o":4}},{"type":"Feature","geometry":{"type":"LineString","coordinates":[[-82.33615,36.01588],[-82.33566,36.01479],[-82.33525,36.01458]]},"properties":{"net":"out","o":6}},{"type":"Feature","geometry":{"type":"LineString","coordinates":[[-82.33672,36.04216],[-82.33623,36.04464],[-82.33612,36.04477]]},"properties":{"net":"out","o":7}},{"type":"Feature","geometry":{"type":"LineString","coordinates":[[-82.34484,36.07179],[-82.34474,36.07186]]},"properties":{"net":"out","o":7}},{"type":"Feature","geometry":{"type":"LineString","coordinates":[[-82.34079,36.08786],[-82.34163,36.08776],[-82.34206,36.08714],[-82.34203,36.08661],[-82.34237,36.08638],[-82.34348,36.08657],[-82.34448,36.087],[-82.34527,36.08718],[-82.34793,36.08684],[-82.34921,36.0864]]},"properties":{"net":"out","o":4}},{"type":"Feature","geometry":{"type":"LineString","coordinates":[[-82.30081,35.87365],[-82.30102,35.87374]]},"properties":{"net":"NC3200","o":4}},{"type":"Feature","geometry":{"type":"LineString","coordinates":[[-82.30301,35.86165],[-82.30079,35.86357]]},"properties":{"net":"NC3200","o":4}},{"type":"Feature","geometry":{"type":"LineString","coordinates":[[-82.31672,36.01807],[-82.31765,36.01668],[-82.31852,36.01578],[-82.31905,36.01544]]},"properties":{"net":"sm2930","o":1}},{"type":"Feature","geometry":{"type":"LineString","coordinates":[[-82.31557,36.00719],[-82.31555,36.00736],[-82.31593,36.00813],[-82.31601,36.00855],[-82.31584,36.00953]]},"properties":{"net":"sm2930","o":2}},{"type":"Feature","geometry":{"type":"LineString","coordinates":[[-82.3003,35.90989],[-82.30028,35.91026],[-82.30045,35.91109],[-82.30058,35.91125],[-82.30084,35.91265],[-82.3004,35.91337],[-82.29992,35.91391],[-82.29895,35.91474],[-82.29867,35.91508],[-82.29745,35.91572],[-82.29717,35.91602],[-82.29618,35.91645],[-82.29479,35.91646],[-82.29423,35.91627],[-82.29297,35.91642]]},"properties":{"net":"sm2618","o":1}},{"type":"Feature","geometry":{"type":"LineString","coordinates":[[-82.29297,35.91642],[-82.29191,35.91615],[-82.29112,35.91563],[-82.29006,35.9153],[-82.28927,35.91535],[-82.28829,35.91504],[-82.28742,35.91527]]},"properties":{"net":"sm2618","o":2}},{"type":"Feature","geometry":{"type":"LineString","coordinates":[[-82.29582,35.9252],[-82.29537,35.92496],[-82.29363,35.9236],[-82.29313,35.9229],[-82.29287,35.92268]]},"properties":{"net":"sm2618","o":1}},{"type":"Feature","geometry":{"type":"LineString","coordinates":[[-82.26554,35.70163],[-82.26473,35.70201],[-82.26462,35.70241],[-82.26451,35.70249],[-82.26386,35.70248],[-82.26128,35.70289],[-82.25995,35.7034],[-82.25872,35.70364],[-82.25797,35.704],[-82.25707,35.70464],[-82.2559,35.70588],[-82.25494,35.70737],[-82.25451,35.70786],[-82.2528,35.70921],[-82.2513,35.71018],[-82.25038,35.71121]]},"properties":{"net":"sm2660","o":1}},{"type":"Feature","geometry":{"type":"LineString","coordinates":[[-82.25707,35.7156],[-82.2566,35.71641],[-82.25646,35.71697],[-82.2563,35.71884],[-82.25647,35.71954],[-82.25639,35.71991],[-82.25655,35.72046],[-82.25652,35.72081],[-82.25633,35.72133],[-82.25582,35.72195]]},"properties":{"net":"sm8031412","o":1}},{"type":"Feature","geometry":{"type":"LineString","coordinates":[[-82.25318,35.76833],[-82.25088,35.76634],[-82.25031,35.76611],[-82.24939,35.76595]]},"properties":{"net":"sm2663","o":2}},{"type":"Feature","geometry":{"type":"LineString","coordinates":[[-82.24918,35.75181],[-82.2478,35.75095],[-82.24579,35.75011]]},"properties":{"net":"sm2660","o":1}},{"type":"Feature","geometry":{"type":"LineString","coordinates":[[-82.16018,36.01414],[-82.16166,36.01371],[-82.16205,36.0137],[-82.16259,36.01384],[-82.16298,36.01375]]},"properties":{"net":"NC6250","o":4}},{"type":"Feature","geometry":{"type":"LineString","coordinates":[[-82.23758,35.71479],[-82.23858,35.71625],[-82.23934,35.71712],[-82.24039,35.71862],[-82.24086,35.71962],[-82.2416,35.72084],[-82.24205,35.72214],[-82.24245,35.72477],[-82.24272,35.72571],[-82.24267,35.72632]]},"properties":{"net":"sm2660","o":1}},{"type":"Feature","geometry":{"type":"LineString","coordinates":[[-82.24282,35.76007],[-82.24214,35.76076],[-82.24097,35.76173],[-82.24047,35.7624],[-82.2393,35.76344],[-82.23826,35.76482],[-82.2368,35.76631],[-82.23644,35.76689]]},"properties":{"net":"sm2663","o":1}},{"type":"Feature","geometry":{"type":"LineString","coordinates":[[-82.23968,35.76674],[-82.23792,35.76714],[-82.23644,35.76689]]},"properties":{"net":"sm2663","o":2}},{"type":"Feature","geometry":{"type":"LineString","coordinates":[[-82.23369,35.75622],[-82.23302,35.75554],[-82.23274,35.75509],[-82.23244,35.7549],[-82.23154,35.75459],[-82.23049,35.75391],[-82.22941,35.75377],[-82.22852,35.75388],[-82.22799,35.75376],[-82.22682,35.75306],[-82.22601,35.75239],[-82.2249,35.75188],[-82.22433,35.75146]]},"properties":{"net":"sm2946","o":1}},{"type":"Feature","geometry":{"type":"LineString","coordinates":[[-82.22433,35.75146],[-82.22408,35.75114]]},"properties":{"net":"sm3036","o":1}},{"type":"Feature","geometry":{"type":"LineString","coordinates":[[-82.24172,35.91458],[-82.24148,35.9144],[-82.24046,35.9145],[-82.23979,35.91443]]},"properties":{"net":"sm2618","o":4}},{"type":"Feature","geometry":{"type":"LineString","coordinates":[[-82.23003,36.03893],[-82.2298,36.03841],[-82.22946,36.03802],[-82.22891,36.03603]]},"properties":{"net":"out","o":5}},{"type":"Feature","geometry":{"type":"LineString","coordinates":[[-82.20589,35.79821],[-82.20568,35.79815]]},"properties":{"net":"sm2676","o":2}},{"type":"Feature","geometry":{"type":"LineString","coordinates":[[-82.18744,35.82618],[-82.18606,35.82736]]},"properties":{"net":"sm2689","o":4}},{"type":"Feature","geometry":{"type":"LineString","coordinates":[[-82.19662,35.84355],[-82.19612,35.84324],[-82.19564,35.84322]]},"properties":{"net":"sm2712","o":1}},{"type":"Feature","geometry":{"type":"LineString","coordinates":[[-82.19564,35.84322],[-82.19411,35.84298],[-82.19305,35.84294],[-82.19199,35.84332],[-82.19043,35.84427]]},"properties":{"net":"sm2700","o":1}},{"type":"Feature","geometry":{"type":"LineString","coordinates":[[-82.19043,35.84427],[-82.18943,35.84525],[-82.18907,35.84543],[-82.18715,35.84592],[-82.18628,35.84604],[-82.18558,35.84658],[-82.18514,35.84715],[-82.18429,35.84776],[-82.18395,35.84817],[-82.18394,35.84847],[-82.18425,35.84902],[-82.18421,35.8492],[-82.18406,35.84937],[-82.18299,35.84966],[-82.18245,35.85035],[-82.18228,35.85078],[-82.18227,35.85146]]},"properties":{"net":"sm2701","o":1}},{"type":"Feature","geometry":{"type":"LineString","coordinates":[[-82.18227,35.85146],[-82.18211,35.85181]]},"properties":{"net":"sm2705","o":1}},{"type":"Feature","geometry":{"type":"LineString","coordinates":[[-82.2051,35.88943],[-82.20419,35.89057],[-82.20401,35.89121],[-82.20317,35.89144],[-82.20213,35.89191],[-82.20085,35.89217]]},"properties":{"net":"sm2739","o":1}},{"type":"Feature","geometry":{"type":"LineString","coordinates":[[-82.19044,35.90817],[-82.19238,35.90922],[-82.19403,35.91032],[-82.19659,35.91065],[-82.19936,35.91033],[-82.20086,35.91054],[-82.20137,35.91071],[-82.20148,35.91083]]},"properties":{"net":"out","o":4}},{"type":"Feature","geometry":{"type":"LineString","coordinates":[[-82.2384,35.92316],[-82.23796,35.92166],[-82.23789,35.92094],[-82.23797,35.92037],[-82.23821,35.91992],[-82.23797,35.91947],[-82.23805,35.91834],[-82.23824,35.91771],[-82.23866,35.91692],[-82.23867,35.91666],[-82.23829,35.9157],[-82.2378,35.91537],[-82.23778,35.91508]]},"properties":{"net":"sm2618","o":1}},{"type":"Feature","geometry":{"type":"LineString","coordinates":[[-82.23864,35.91384],[-82.23817,35.91363],[-82.23763,35.91373],[-82.23737,35.91369],[-82.23629,35.91241],[-82.23592,35.91216],[-82.23383,35.91138]]},"properties":{"net":"sm2618","o":4}},{"type":"Feature","geometry":{"type":"LineString","coordinates":[[-82.23122,35.91597],[-82.23151,35.91539],[-82.23191,35.91384],[-82.2328,35.91239],[-82.23361,35.91171],[-82.23383,35.91138]]},"properties":{"net":"sm2618","o":1}},{"type":"Feature","geometry":{"type":"LineString","coordinates":[[-82.24329,35.94255],[-82.24351,35.94262],[-82.244,35.94257],[-82.24534,35.94326],[-82.24581,35.94339],[-82.24708,35.9429],[-82.24779,35.94202]]},"properties":{"net":"sm2618","o":1}},{"type":"Feature","geometry":{"type":"LineString","coordinates":[[-82.19139,35.9864],[-82.19142,35.98868],[-82.19156,35.98992],[-82.19174,35.99041],[-82.19169,35.99057]]},"properties":{"net":"out","o":6}},{"type":"Feature","geometry":{"type":"LineString","coordinates":[[-82.26023,35.88912],[-82.26019,35.88966],[-82.25965,35.89],[-82.25921,35.8907],[-82.25866,35.89203],[-82.25702,35.89368],[-82.25655,35.89428],[-82.25639,35.89468],[-82.25648,35.89507],[-82.25645,35.89609]]},"properties":{"net":"sm2618","o":2}},{"type":"Feature","geometry":{"type":"LineString","coordinates":[[-82.25471,35.89429],[-82.25531,35.89492]]},"properties":{"net":"sm2618","o":2}},{"type":"Feature","geometry":{"type":"LineString","coordinates":[[-82.2517,35.87999],[-82.25205,35.88116],[-82.25213,35.88174],[-82.25247,35.88269],[-82.25264,35.88377],[-82.25257,35.88432],[-82.25299,35.88572]]},"properties":{"net":"sm2618","o":1}},{"type":"Feature","geometry":{"type":"LineString","coordinates":[[-82.25113,35.92122],[-82.25096,35.92025],[-82.25016,35.91967],[-82.24969,35.91874],[-82.24886,35.91823],[-82.24819,35.9157]]},"properties":{"net":"sm2618","o":3}},{"type":"Feature","geometry":{"type":"LineString","coordinates":[[-82.19497,36.01188],[-82.19518,36.01179]]},"properties":{"net":"out","o":4}},{"type":"Feature","geometry":{"type":"LineString","coordinates":[[-82.14548,35.8773],[-82.14544,35.87794]]},"properties":{"net":"out","o":4}},{"type":"Feature","geometry":{"type":"LineString","coordinates":[[-82.15496,35.91495],[-82.15496,35.91507],[-82.15415,35.91605],[-82.15395,35.91646],[-82.15356,35.91741],[-82.15351,35.91792],[-82.15368,35.91865],[-82.15441,35.91914],[-82.15463,35.91945],[-82.15509,35.92107],[-82.1551,35.92141],[-82.15468,35.92165],[-82.15363,35.92169],[-82.15321,35.92183],[-82.15295,35.92211],[-82.15243,35.92364],[-82.15189,35.924],[-82.15054,35.92435],[-82.15039,35.92462],[-82.15049,35.92494]]},"properties":{"net":"out","o":4}},{"type":"Feature","geometry":{"type":"LineString","coordinates":[[-82.1431,35.91045],[-82.1436,35.91116],[-82.14402,35.91283],[-82.14472,35.91379],[-82.14491,35.91387],[-82.14521,35.91379],[-82.14541,35.91363],[-82.14529,35.91292],[-82.14534,35.9127],[-82.1457,35.91204],[-82.14603,35.91176],[-82.14685,35.91161],[-82.14741,35.91188],[-82.14818,35.91245]]},"properties":{"net":"out","o":4}},{"type":"Feature","geometry":{"type":"LineString","coordinates":[[-82.15049,35.92494],[-82.15109,35.92535],[-82.15181,35.92689],[-82.15236,35.92721],[-82.15274,35.92849],[-82.15257,35.92882],[-82.15201,35.92912],[-82.15063,35.92935],[-82.14969,35.92978],[-82.14786,35.93032],[-82.14598,35.93059],[-82.14532,35.93089],[-82.14518,35.93106]]},"properties":{"net":"out","o":4}},{"type":"Feature","geometry":{"type":"LineString","coordinates":[[-82.12448,36.01587],[-82.12484,36.01586]]},"properties":{"net":"NC6250","o":4}},{"type":"Feature","geometry":{"type":"LineString","coordinates":[[-82.1344,36.05569],[-82.13527,36.05483],[-82.13569,36.0546]]},"properties":{"net":"out","o":4}},{"type":"Feature","geometry":{"type":"LineString","coordinates":[[-82.08474,35.92605],[-82.08398,35.92477],[-82.08406,35.92431],[-82.08432,35.92413],[-82.08515,35.92404],[-82.0853,35.92395],[-82.08584,35.92304],[-82.08656,35.92255],[-82.08684,35.92247],[-82.0876,35.92253],[-82.0881,35.92277],[-82.08852,35.92315]]},"properties":{"net":"NC6575","o":5}},{"type":"Feature","geometry":{"type":"LineString","coordinates":[[-82.08852,35.92315],[-82.09086,35.92497],[-82.09175,35.92554],[-82.09208,35.92569],[-82.09351,35.92579],[-82.09388,35.92598],[-82.09552,35.92714],[-82.0965,35.9282],[-82.0979,35.92923],[-82.09877,35.92965],[-82.09984,35.92984]]},"properties":{"net":"out","o":5}},{"type":"Feature","geometry":{"type":"LineString","coordinates":[[-82.08988,36.09828],[-82.09166,36.09823],[-82.0949,36.09731],[-82.09622,36.09668],[-82.09654,36.09642],[-82.09743,36.09502]]},"properties":{"net":"sm54740","o":1}},{"type":"Feature","geometry":{"type":"LineString","coordinates":[[-82.08747,36.09987],[-82.08846,36.09995],[-82.08902,36.09988],[-82.09149,36.09914],[-82.09285,36.09852],[-82.09351,36.09833],[-82.09498,36.09852]]},"properties":{"net":"sm8025192","o":1}},{"type":"Feature","geometry":{"type":"LineString","coordinates":[[-82.00169,36.06583],[-82.00217,36.06663],[-82.00206,36.06702],[-82.001,36.06758],[-82.00087,36.06778],[-82.00087,36.06829],[-82.00135,36.06885],[-82.00303,36.06933],[-82.00356,36.0694],[-82.00433,36.06989],[-82.00526,36.07025],[-82.00587,36.07039],[-82.00734,36.07053],[-82.00789,36.07027],[-82.00811,36.07004],[-82.00831,36.0692],[-82.00817,36.06897],[-82.00823,36.06867]]},"properties":{"net":"NC6622","o":4}},{"type":"Feature","geometry":{"type":"LineString","coordinates":[[-82.00032,35.93966],[-81.99908,35.94002],[-81.99855,35.93996],[-81.99797,35.93967],[-81.99715,35.93943],[-81.99623,35.93929],[-81.99586,35.9391],[-81.99528,35.93856],[-81.99518,35.93811],[-81.99496,35.93787],[-81.99428,35.9377]]},"properties":{"net":"NC6575","o":4}},{"type":"Feature","geometry":{"type":"LineString","coordinates":[[-81.92845,36.08362],[-81.92902,36.08376]]},"properties":{"net":"NC6622","o":4}},{"type":"Feature","geometry":{"type":"LineString","coordinates":[[-81.92404,36.06891],[-81.92315,36.06912],[-81.92232,36.06972],[-81.92226,36.06995],[-81.92234,36.07052],[-81.92221,36.071],[-81.92221,36.0718]]},"properties":{"net":"NC3237","o":2}},{"type":"Feature","geometry":{"type":"LineString","coordinates":[[-81.88662,36.12943],[-81.88813,36.12897],[-81.88905,36.12837],[-81.88959,36.1278],[-81.89026,36.12674],[-81.8912,36.12595]]},"properties":{"net":"sm164609","o":1}},{"type":"Feature","geometry":{"type":"LineString","coordinates":[[-81.8912,36.12595],[-81.89181,36.12513]]},"properties":{"net":"NC6603","o":1}},{"type":"Feature","geometry":{"type":"LineString","coordinates":[[-82.33192,35.90395],[-82.33192,35.90395]]},"properties":{"net":"NC3200","o":4}},{"type":"Feature","geometry":{"type":"LineString","coordinates":[[-82.33192,35.90395],[-82.33322,35.90488]]},"properties":{"net":"out","o":4}},{"type":"Feature","geometry":{"type":"LineString","coordinates":[[-82.31785,35.88902],[-82.31827,35.88963],[-82.318,35.89166],[-82.31727,35.89244],[-82.31583,35.89339]]},"properties":{"net":"NC3200","o":4}},{"type":"Feature","geometry":{"type":"LineString","coordinates":[[-82.31541,35.89371],[-82.31518,35.89397],[-82.31512,35.89458],[-82.31562,35.89528],[-82.31621,35.89503],[-82.31725,35.89428],[-82.3185,35.8941],[-82.31942,35.89416],[-82.32004,35.89432],[-82.32019,35.89448],[-82.32012,35.8949],[-82.31985,35.89538],[-82.31962,35.89614],[-82.31889,35.89718],[-82.31757,35.89825],[-82.31667,35.89923],[-82.31553,35.90025],[-82.31501,35.90063],[-82.31466,35.9007]]},"properties":{"net":"NC3200","o":4}},{"type":"Feature","geometry":{"type":"LineString","coordinates":[[-82.32897,36.01429],[-82.32754,36.01465],[-82.32605,36.01593],[-82.32596,36.01611]]},"properties":{"net":"out","o":6}},{"type":"Feature","geometry":{"type":"LineString","coordinates":[[-82.32562,36.01723],[-82.32608,36.01844],[-82.32632,36.01954],[-82.32655,36.02009],[-82.3269,36.02056],[-82.32887,36.02192],[-82.33018,36.02264],[-82.33024,36.02277]]},"properties":{"net":"out","o":6}},{"type":"Feature","geometry":{"type":"LineString","coordinates":[[-82.32683,36.09989],[-82.32831,36.09976],[-82.33006,36.09917]]},"properties":{"net":"out","o":4}},{"type":"Feature","geometry":{"type":"LineString","coordinates":[[-82.42093,36.24884],[-82.42112,36.24883],[-82.42124,36.2487],[-82.42205,36.24883],[-82.42222,36.24857],[-82.42253,36.24856]]},"properties":{"net":"out","o":4}},{"type":"Feature","geometry":{"type":"LineString","coordinates":[[-82.42805,36.14375],[-82.43016,36.14299],[-82.43207,36.14316],[-82.43316,36.14364],[-82.43393,36.1436]]},"properties":{"net":"out","o":6}},{"type":"Feature","geometry":{"type":"LineString","coordinates":[[-82.42275,36.14685],[-82.42266,36.14639],[-82.42277,36.14604],[-82.42331,36.14548],[-82.424,36.14509],[-82.4244,36.14466],[-82.42632,36.14409],[-82.42805,36.14375]]},"properties":{"net":"out","o":6}},{"type":"Feature","geometry":{"type":"LineString","coordinates":[[-82.39869,36.21023],[-82.39938,36.21075],[-82.40005,36.21155],[-82.40089,36.21225],[-82.40132,36.21292],[-82.40191,36.21322],[-82.40359,36.21373],[-82.40438,36.21431]]},"properties":{"net":"out","o":4}},{"type":"Feature","geometry":{"type":"LineString","coordinates":[[-82.40656,36.21467],[-82.40791,36.21465],[-82.40842,36.2145],[-82.4098,36.21508],[-82.41015,36.21513]]},"properties":{"net":"out","o":4}},{"type":"Feature","geometry":{"type":"LineString","coordinates":[[-83.30998,36.11196],[-83.30922,36.11119]]},"properties":{"net":"out","o":4}},{"type":"Feature","geometry":{"type":"LineString","coordinates":[[-82.44175,36.11802],[-82.4424,36.11938],[-82.44271,36.12058]]},"properties":{"net":"out","o":7}},{"type":"Feature","geometry":{"type":"LineString","coordinates":[[-82.44158,36.11799],[-82.44175,36.11802]]},"properties":{"net":"out","o":7}},{"type":"Feature","geometry":{"type":"LineString","coordinates":[[-82.44389,36.11531],[-82.44342,36.11566],[-82.44306,36.11616],[-82.44214,36.11699],[-82.44167,36.11759],[-82.44152,36.11793]]},"properties":{"net":"out","o":7}},{"type":"Feature","geometry":{"type":"LineString","coordinates":[[-82.44152,36.11793],[-82.44158,36.11799]]},"properties":{"net":"out","o":7}},{"type":"Feature","geometry":{"type":"LineString","coordinates":[[-82.35078,35.91484],[-82.35131,35.91499],[-82.35198,35.91484],[-82.35264,35.9149],[-82.35365,35.91447],[-82.35433,35.9143],[-82.35464,35.91396],[-82.3553,35.91377],[-82.356,35.91384],[-82.35655,35.91421],[-82.35654,35.91436],[-82.35632,35.91454],[-82.35658,35.91538],[-82.35702,35.91589],[-82.35769,35.91619],[-82.35792,35.91617],[-82.35821,35.91595],[-82.35852,35.91594],[-82.35875,35.91618]]},"properties":{"net":"out","o":5}},{"type":"Feature","geometry":{"type":"LineString","coordinates":[[-82.36019,36.07829],[-82.36135,36.07814],[-82.3615,36.07805]]},"properties":{"net":"out","o":7}},{"type":"Feature","geometry":{"type":"LineString","coordinates":[[-82.35229,36.08456],[-82.35302,36.08461],[-82.35358,36.0845],[-82.35514,36.08392],[-82.35617,36.08324],[-82.35708,36.08244]]},"properties":{"net":"out","o":7}},{"type":"Feature","geometry":{"type":"LineString","coordinates":[[-82.36423,36.00484],[-82.3638,36.00425]]},"properties":{"net":"out","o":6}},{"type":"Feature","geometry":{"type":"LineString","coordinates":[[-82.44899,35.98435],[-82.44847,35.9837],[-82.44681,35.98264],[-82.44659,35.9823],[-82.44649,35.98168],[-82.44631,35.9813],[-82.44511,35.98],[-82.44494,35.97951],[-82.44487,35.97858]]},"properties":{"net":"sm2919","o":4}},{"type":"Feature","geometry":{"type":"LineString","coordinates":[[-82.44477,35.97056],[-82.4453,35.97161],[-82.44559,35.97195],[-82.44618,35.97238],[-82.44674,35.97323],[-82.44717,35.97429],[-82.44727,35.97486],[-82.44779,35.97594],[-82.4478,35.97636],[-82.44699,35.9785]]},"properties":{"net":"sm2919","o":1}},{"type":"Feature","geometry":{"type":"LineString","coordinates":[[-82.44929,35.99944],[-82.44848,35.99857],[-82.44768,35.9973],[-82.44756,35.99668],[-82.44766,35.99573],[-82.44723,35.99483],[-82.44634,35.99396],[-82.44543,35.99246],[-82.4448,35.99184],[-82.44382,35.99128],[-82.44371,35.99098],[-82.44302,35.99018],[-82.44269,35.98941],[-82.4421,35.98856],[-82.44121,35.98743],[-82.44081,35.98729],[-82.44043,35.98687],[-82.44046,35.98656],[-82.44004,35.98593],[-82.43929,35.98533],[-82.43762,35.98476],[-82.43702,35.98439]]},"properties":{"net":"sm2919","o":1}},{"type":"Feature","geometry":{"type":"LineString","coordinates":[[-82.45008,36.00217],[-82.44953,36.00239],[-82.44916,36.00302],[-82.44883,36.00328],[-82.44805,36.00353]]},"properties":{"net":"sm2919","o":1}},{"type":"Feature","geometry":{"type":"LineString","coordinates":[[-82.45607,36.04126],[-82.45724,36.04163],[-82.45821,36.04163]]},"properties":{"net":"out","o":4}},{"type":"Feature","geometry":{"type":"LineString","coordinates":[[-82.4519,36.03912],[-82.45215,36.03905],[-82.45272,36.0391],[-82.45381,36.0395]]},"properties":{"net":"out","o":4}},{"type":"Feature","geometry":{"type":"LineString","coordinates":[[-82.4453,36.1641],[-82.44635,36.16522],[-82.44798,36.16771],[-82.44868,36.16837],[-82.44866,36.16847],[-82.44896,36.16879]]},"properties":{"net":"out","o":7}},{"type":"Feature","geometry":{"type":"LineString","coordinates":[[-82.45165,36.17311],[-82.45339,36.17397],[-82.45399,36.17393]]},"properties":{"net":"out","o":4}},{"type":"Feature","geometry":{"type":"LineString","coordinates":[[-82.45325,36.18238],[-82.45311,36.18277],[-82.45275,36.18301],[-82.4526,36.18383],[-82.4518,36.18554],[-82.45137,36.18614],[-82.45102,36.18707],[-82.45096,36.18739],[-82.45108,36.18751],[-82.45104,36.18769],[-82.45124,36.18836],[-82.45099,36.18952],[-82.45106,36.1896],[-82.45099,36.19047]]},"properties":{"net":"out","o":7}},{"type":"Feature","geometry":{"type":"LineString","coordinates":[[-82.45755,36.22274],[-82.45732,36.22185],[-82.45797,36.22101],[-82.45769,36.22054],[-82.4579,36.2201]]},"properties":{"net":"out","o":4}},{"type":"Feature","geometry":{"type":"LineString","coordinates":[[-83.08563,36.25031],[-83.086,36.25011],[-83.0866,36.24953],[-83.08684,36.24916],[-83.08706,36.24839],[-83.08751,36.24788]]},"properties":{"net":"out","o":4}},{"type":"Feature","geometry":{"type":"LineString","coordinates":[[-82.88133,36.22917],[-82.88132,36.22883],[-82.88153,36.22816]]},"properties":{"net":"out","o":5}},{"type":"Feature","geometry":{"type":"LineString","coordinates":[[-82.88153,36.22816],[-82.88125,36.2274],[-82.88138,36.22707]]},"properties":{"net":"out","o":5}},{"type":"Feature","geometry":{"type":"LineString","coordinates":[[-82.88782,36.24134],[-82.88821,36.24145],[-82.88872,36.24194],[-82.88914,36.24204],[-82.8892,36.24236],[-82.88906,36.24294],[-82.88914,36.24309],[-82.88958,36.2431],[-82.89062,36.24289],[-82.89341,36.24362]]},"properties":{"net":"out","o":4}},{"type":"Feature","geometry":{"type":"LineString","coordinates":[[-83.07383,36.0941],[-83.07389,36.09432],[-83.07468,36.09524],[-83.07467,36.09556],[-83.07497,36.09592],[-83.07493,36.09616],[-83.07523,36.09652],[-83.07518,36.09677],[-83.07549,36.09713],[-83.07544,36.09737],[-83.07574,36.09773],[-83.0757,36.09798],[-83.07597,36.09826],[-83.07597,36.09855],[-83.0763,36.09895]]},"properties":{"net":"out","o":7}},{"type":"Feature","geometry":{"type":"LineString","coordinates":[[-82.89137,36.21671],[-82.892,36.21751],[-82.89319,36.21848],[-82.8938,36.21933],[-82.89433,36.21966]]},"properties":{"net":"out","o":4}},{"type":"Feature","geometry":{"type":"LineString","coordinates":[[-82.887,36.21256],[-82.88754,36.21291]]},"properties":{"net":"out","o":4}},{"type":"Feature","geometry":{"type":"LineString","coordinates":[[-82.87658,36.22756],[-82.87737,36.22803],[-82.87864,36.22903],[-82.87988,36.22946]]},"properties":{"net":"out","o":5}},{"type":"Feature","geometry":{"type":"LineString","coordinates":[[-82.87567,36.04273],[-82.87618,36.0427],[-82.87635,36.04225],[-82.87653,36.04205]]},"properties":{"net":"out","o":5}},{"type":"Feature","geometry":{"type":"LineString","coordinates":[[-82.87851,36.20323],[-82.87862,36.20344],[-82.87859,36.20373],[-82.87804,36.20432],[-82.87808,36.2045],[-82.87843,36.20479],[-82.8781,36.205],[-82.87806,36.20512]]},"properties":{"net":"out","o":4}},{"type":"Feature","geometry":{"type":"LineString","coordinates":[[-82.87282,36.22489],[-82.8751,36.22617]]},"properties":{"net":"out","o":5}},{"type":"Feature","geometry":{"type":"LineString","coordinates":[[-82.86295,36.21775],[-82.86517,36.21979],[-82.86613,36.22039]]},"properties":{"net":"out","o":5}},{"type":"Feature","geometry":{"type":"LineString","coordinates":[[-82.8699,36.25687],[-82.87016,36.25571],[-82.86993,36.25544],[-82.86905,36.25501],[-82.86891,36.25482],[-82.86894,36.25461],[-82.86935,36.25436],[-82.8708,36.25438],[-82.87097,36.25429],[-82.87104,36.25412]]},"properties":{"net":"out","o":6}},{"type":"Feature","geometry":{"type":"LineString","coordinates":[[-82.86164,36.26674],[-82.86174,36.26646],[-82.8622,36.26619],[-82.86323,36.26602],[-82.86362,36.26584],[-82.86374,36.26571],[-82.86379,36.26539],[-82.86371,36.26506],[-82.86379,36.26464],[-82.86401,36.26426]]},"properties":{"net":"out","o":6}},{"type":"Feature","geometry":{"type":"LineString","coordinates":[[-83.0447,36.19337],[-83.04466,36.19302]]},"properties":{"net":"out","o":6}},{"type":"Feature","geometry":{"type":"LineString","coordinates":[[-83.02627,36.21803],[-83.02688,36.21804],[-83.02739,36.21828],[-83.02831,36.21921],[-83.02895,36.2192],[-83.02915,36.21908],[-83.02954,36.2184],[-83.02959,36.21704],[-83.02977,36.21612]]},"properties":{"net":"out","o":6}},{"type":"Feature","geometry":{"type":"LineString","coordinates":[[-82.86306,36.0666],[-82.86423,36.06583],[-82.86562,36.06541],[-82.86676,36.06526]]},"properties":{"net":"out","o":7}},{"type":"Feature","geometry":{"type":"LineString","coordinates":[[-83.04197,36.12486],[-83.04208,36.12521],[-83.04235,36.1255],[-83.04275,36.12554],[-83.04303,36.12546],[-83.04328,36.1256],[-83.04347,36.12609],[-83.04358,36.1269]]},"properties":{"net":"out","o":5}},{"type":"Feature","geometry":{"type":"LineString","coordinates":[[-83.03772,36.12003],[-83.03859,36.12032],[-83.03882,36.12056],[-83.03891,36.12082],[-83.03997,36.12177]]},"properties":{"net":"out","o":5}},{"type":"Feature","geometry":{"type":"LineString","coordinates":[[-82.84634,36.07817],[-82.84656,36.0784],[-82.84656,36.07866]]},"properties":{"net":"out","o":4}},{"type":"Feature","geometry":{"type":"LineString","coordinates":[[-82.84903,36.21941],[-82.84995,36.2203],[-82.85086,36.22077],[-82.85176,36.22148],[-82.85262,36.22181]]},"properties":{"net":"out","o":5}},{"type":"Feature","geometry":{"type":"LineString","coordinates":[[-82.85261,36.29771],[-82.85258,36.29585],[-82.85304,36.29485],[-82.85361,36.29406],[-82.85364,36.29388],[-82.85337,36.29365],[-82.8533,36.2933],[-82.8528,36.29307],[-82.85256,36.29238]]},"properties":{"net":"out","o":4}},{"type":"Feature","geometry":{"type":"LineString","coordinates":[[-82.85254,36.29001],[-82.85259,36.28972],[-82.85236,36.28948],[-82.85106,36.2894],[-82.85016,36.28909],[-82.84968,36.28871],[-82.84952,36.28833],[-82.8496,36.28787],[-82.84997,36.28734],[-82.85104,36.28641],[-82.85149,36.28588],[-82.85153,36.28538],[-82.85119,36.28473],[-82.85122,36.2843],[-82.85185,36.28387],[-82.85198,36.28388],[-82.85308,36.28487],[-82.85356,36.28496],[-82.85387,36.28474],[-82.85398,36.28414],[-82.85394,36.28385],[-82.85409,36.2835],[-82.85447,36.2834],[-82.8554,36.2835],[-82.85561,36.28338],[-82.85564,36.28321],[-82.85529,36.28288],[-82.85485,36.28279],[-82.85405,36.28242],[-82.85314,36.28167],[-82.85275,36.28155],[-82.85215,36.28109],[-82.8512,36.28106],[-82.8503,36.28132],[-82.8501,36.28115],[-82.85014,36.2809],[-82.85116,36.28001],[-82.85118,36.27965],[-82.85092,36.27928]]},"properties":{"net":"out","o":6}},{"type":"Feature","geometry":{"type":"LineString","coordinates":[[-82.83796,36.30815],[-82.83801,36.30801],[-82.83869,36.30738],[-82.83859,36.30625],[-82.83887,36.30509],[-82.8399,36.30439],[-82.83989,36.30396],[-82.84031,36.30343],[-82.84026,36.30297]]},"properties":{"net":"out","o":5}},{"type":"Feature","geometry":{"type":"LineString","coordinates":[[-82.8508,36.33528],[-82.85024,36.33504],[-82.84926,36.33488],[-82.84828,36.33517],[-82.84734,36.33514],[-82.84667,36.33525],[-82.84606,36.3351],[-82.84577,36.33535]]},"properties":{"net":"out","o":4}},{"type":"Feature","geometry":{"type":"LineString","coordinates":[[-82.84215,36.3397],[-82.84228,36.33952],[-82.84208,36.33926],[-82.84206,36.33908],[-82.84219,36.33896],[-82.84273,36.33899],[-82.84286,36.33892],[-82.84278,36.33852],[-82.84294,36.33805],[-82.84334,36.33774],[-82.84281,36.33708],[-82.84284,36.33666],[-82.84258,36.33644],[-82.84226,36.33646],[-82.84198,36.33637]]},"properties":{"net":"out","o":4}},{"type":"Feature","geometry":{"type":"LineString","coordinates":[[-82.84257,36.33162],[-82.84232,36.33098],[-82.84172,36.33039]]},"properties":{"net":"out","o":4}},{"type":"Feature","geometry":{"type":"LineString","coordinates":[[-83.00707,36.19976],[-83.00952,36.2012]]},"properties":{"net":"out","o":6}},{"type":"Feature","geometry":{"type":"LineString","coordinates":[[-83.02032,36.22674],[-83.01982,36.22613],[-83.01979,36.22596],[-83.01987,36.2259],[-83.02033,36.22585],[-83.02071,36.22597],[-83.02185,36.22679],[-83.02245,36.22705],[-83.02341,36.22695],[-83.02405,36.22659]]},"properties":{"net":"out","o":4}},{"type":"Feature","geometry":{"type":"LineString","coordinates":[[-82.98884,36.08192],[-82.98975,36.08187],[-82.993,36.08223],[-82.99391,36.08244]]},"properties":{"net":"out","o":7}},{"type":"Feature","geometry":{"type":"LineString","coordinates":[[-82.9866,36.08374],[-82.98685,36.08325],[-82.98749,36.08242],[-82.98789,36.08217],[-82.98884,36.08192]]},"properties":{"net":"out","o":7}},{"type":"Feature","geometry":{"type":"LineString","coordinates":[[-82.84304,36.01431],[-82.84417,36.01509],[-82.84456,36.01559]]},"properties":{"net":"out","o":4}},{"type":"Feature","geometry":{"type":"LineString","coordinates":[[-82.85245,36.09201],[-82.85276,36.09139]]},"properties":{"net":"out","o":4}},{"type":"Feature","geometry":{"type":"LineString","coordinates":[[-82.84433,36.10471],[-82.84399,36.10462],[-82.84394,36.10436],[-82.84437,36.1038],[-82.84438,36.10365],[-82.8442,36.10328],[-82.84426,36.10283],[-82.84442,36.10261],[-82.84478,36.10246]]},"properties":{"net":"out","o":4}},{"type":"Feature","geometry":{"type":"LineString","coordinates":[[-82.83861,36.11403],[-82.83853,36.11389],[-82.83858,36.11379],[-82.83886,36.11366],[-82.83907,36.11341],[-82.83905,36.11303],[-82.83966,36.11274],[-82.83989,36.11231],[-82.84123,36.11097]]},"properties":{"net":"out","o":4}},{"type":"Feature","geometry":{"type":"LineString","coordinates":[[-82.85291,36.21954],[-82.85414,36.21896],[-82.85463,36.21885]]},"properties":{"net":"out","o":5}},{"type":"Feature","geometry":{"type":"LineString","coordinates":[[-82.84015,36.31146],[-82.84029,36.31118],[-82.84004,36.31101]]},"properties":{"net":"out","o":5}},{"type":"Feature","geometry":{"type":"LineString","coordinates":[[-82.98551,36.14619],[-82.9864,36.14568],[-82.98682,36.14504],[-82.98738,36.14445],[-82.98838,36.14388],[-82.98903,36.14326],[-82.98949,36.14299]]},"properties":{"net":"out","o":5}},{"type":"Feature","geometry":{"type":"LineString","coordinates":[[-82.81979,36.30455],[-82.8196,36.30417],[-82.81966,36.30381]]},"properties":{"net":"out","o":6}},{"type":"Feature","geometry":{"type":"LineString","coordinates":[[-82.82975,36.32533],[-82.82985,36.32409]]},"properties":{"net":"out","o":4}},{"type":"Feature","geometry":{"type":"LineString","coordinates":[[-83.20803,36.14155],[-83.2086,36.14194],[-83.20895,36.1423],[-83.21064,36.14432]]},"properties":{"net":"out","o":7}},{"type":"Feature","geometry":{"type":"LineString","coordinates":[[-83.20803,36.14155],[-83.2078,36.14196]]},"properties":{"net":"out","o":7}},{"type":"Feature","geometry":{"type":"LineString","coordinates":[[-83.18756,36.17105],[-83.18711,36.17054],[-83.18649,36.17019],[-83.18623,36.17016],[-83.18579,36.16982],[-83.18477,36.16863],[-83.18404,36.16758],[-83.18291,36.16519],[-83.1827,36.16426],[-83.18235,36.1634],[-83.18234,36.16271],[-83.18217,36.16246]]},"properties":{"net":"out","o":7}},{"type":"Feature","geometry":{"type":"LineString","coordinates":[[-82.94743,36.16172],[-82.94751,36.16172]]},"properties":{"net":"out","o":5}},{"type":"Feature","geometry":{"type":"LineString","coordinates":[[-82.81649,36.09713],[-82.81782,36.09703],[-82.81867,36.09658],[-82.81942,36.09566],[-82.81945,36.09548],[-82.82097,36.09377],[-82.82151,36.09329]]},"properties":{"net":"out","o":7}},{"type":"Feature","geometry":{"type":"LineString","coordinates":[[-83.23806,36.10409],[-83.23804,36.10405]]},"properties":{"net":"out","o":7}},{"type":"Feature","geometry":{"type":"LineString","coordinates":[[-83.24369,36.11679],[-83.24339,36.11645],[-83.2428,36.11535],[-83.2418,36.1138],[-83.24149,36.11347],[-83.24111,36.11162],[-83.24069,36.1106],[-83.24023,36.10816]]},"properties":{"net":"out","o":7}},{"type":"Feature","geometry":{"type":"LineString","coordinates":[[-83.23643,36.12504],[-83.2368,36.12512],[-83.23768,36.12579],[-83.238,36.12582],[-83.23819,36.12602],[-83.23888,36.1262],[-83.23964,36.12654]]},"properties":{"net":"out","o":7}},{"type":"Feature","geometry":{"type":"LineString","coordinates":[[-82.93874,36.07002],[-82.93986,36.06979],[-82.94106,36.06916],[-82.94168,36.06923],[-82.94234,36.06909],[-82.94352,36.06853],[-82.94544,36.06737],[-82.94591,36.06724],[-82.94683,36.06717],[-82.94893,36.06736]]},"properties":{"net":"out","o":7}},{"type":"Feature","geometry":{"type":"LineString","coordinates":[[-82.97053,36.2359],[-82.97258,36.23468],[-82.97284,36.23445],[-82.97309,36.23401],[-82.97304,36.23361],[-82.97284,36.23317],[-82.97226,36.23256],[-82.97164,36.23208],[-82.97115,36.23136],[-82.97091,36.23118]]},"properties":{"net":"out","o":4}},{"type":"Feature","geometry":{"type":"LineString","coordinates":[[-82.97562,36.24394],[-82.97532,36.24339],[-82.97508,36.24235],[-82.97488,36.24193]]},"properties":{"net":"out","o":4}},{"type":"Feature","geometry":{"type":"LineString","coordinates":[[-82.97234,36.23957],[-82.97178,36.23896],[-82.97082,36.23826]]},"properties":{"net":"out","o":4}},{"type":"Feature","geometry":{"type":"LineString","coordinates":[[-82.97757,36.27656],[-82.97892,36.2749],[-82.97885,36.27463],[-82.97818,36.27413]]},"properties":{"net":"out","o":4}},{"type":"Feature","geometry":{"type":"LineString","coordinates":[[-82.95762,36.29273],[-82.95816,36.2922],[-82.95834,36.29182],[-82.95823,36.29156],[-82.95868,36.29097],[-82.95832,36.29053],[-82.95837,36.29038],[-82.96007,36.28964],[-82.96202,36.28854],[-82.96272,36.28796],[-82.96384,36.28796],[-82.96525,36.2882]]},"properties":{"net":"out","o":4}},{"type":"Feature","geometry":{"type":"LineString","coordinates":[[-82.96292,36.00897],[-82.96258,36.00886]]},"properties":{"net":"out","o":4}},{"type":"Feature","geometry":{"type":"LineString","coordinates":[[-82.94574,36.01636],[-82.94514,36.01705]]},"properties":{"net":"out","o":4}},{"type":"Feature","geometry":{"type":"LineString","coordinates":[[-82.92451,36.07394],[-82.9266,36.07478],[-82.92701,36.07504],[-82.92723,36.07506],[-82.92838,36.07598],[-82.92897,36.07627]]},"properties":{"net":"out","o":7}},{"type":"Feature","geometry":{"type":"LineString","coordinates":[[-82.92041,36.24644],[-82.92077,36.24667],[-82.92256,36.24711],[-82.92422,36.24773],[-82.92661,36.24914],[-82.92733,36.2494]]},"properties":{"net":"out","o":6}},{"type":"Feature","geometry":{"type":"LineString","coordinates":[[-82.92931,36.0116],[-82.92963,36.01189],[-82.92957,36.01222],[-82.92895,36.01283],[-82.92874,36.01343],[-82.92847,36.0137]]},"properties":{"net":"out","o":4}},{"type":"Feature","geometry":{"type":"LineString","coordinates":[[-82.92416,36.03641],[-82.92406,36.03644]]},"properties":{"net":"out","o":4}},{"type":"Feature","geometry":{"type":"LineString","coordinates":[[-82.93799,36.3137],[-82.93949,36.31215]]},"properties":{"net":"out","o":4}},{"type":"Feature","geometry":{"type":"LineString","coordinates":[[-82.92034,36.24651],[-82.92041,36.24644]]},"properties":{"net":"out","o":4}},{"type":"Feature","geometry":{"type":"LineString","coordinates":[[-82.90137,36.16197],[-82.90171,36.16168],[-82.90214,36.16169],[-82.90387,36.16142],[-82.90441,36.16122],[-82.90518,36.1613],[-82.90558,36.16105],[-82.90573,36.16056],[-82.9059,36.16038],[-82.90774,36.15999],[-82.90817,36.1597],[-82.90932,36.15944],[-82.90979,36.15946],[-82.91016,36.15976],[-82.91062,36.15975],[-82.91129,36.16023],[-82.91166,36.16084]]},"properties":{"net":"out","o":5}},{"type":"Feature","geometry":{"type":"LineString","coordinates":[[-82.89918,36.16066],[-82.90075,36.16186],[-82.90104,36.16198],[-82.90137,36.16197]]},"properties":{"net":"out","o":4}},{"type":"Feature","geometry":{"type":"LineString","coordinates":[[-82.90783,36.2322],[-82.90719,36.23241]]},"properties":{"net":"out","o":4}},{"type":"Feature","geometry":{"type":"LineString","coordinates":[[-82.90759,36.21978],[-82.90794,36.22135],[-82.90751,36.22201],[-82.90789,36.22229],[-82.90794,36.22246],[-82.90742,36.22309],[-82.90714,36.22403],[-82.90731,36.22428],[-82.90823,36.22497]]},"properties":{"net":"out","o":4}},{"type":"Feature","geometry":{"type":"LineString","coordinates":[[-82.91215,36.0733],[-82.91223,36.07287],[-82.91219,36.07207],[-82.91209,36.07184],[-82.91232,36.07079],[-82.91315,36.07019],[-82.91373,36.06997],[-82.91497,36.0696],[-82.9166,36.0696],[-82.91739,36.06972],[-82.9175,36.06984],[-82.91865,36.07001],[-82.91911,36.07024],[-82.91991,36.07091]]},"properties":{"net":"out","o":7}},{"type":"Feature","geometry":{"type":"LineString","coordinates":[[-82.91361,36.09826],[-82.91378,36.09827],[-82.91421,36.09799],[-82.91394,36.09757],[-82.9138,36.09693],[-82.91386,36.09674],[-82.9141,36.09652],[-82.91453,36.09654],[-82.91457,36.09645],[-82.91421,36.09565],[-82.91484,36.09518],[-82.91492,36.09462],[-82.91515,36.09444],[-82.91562,36.09429],[-82.91585,36.09404],[-82.9162,36.09403],[-82.91679,36.09361],[-82.91749,36.09335],[-82.91768,36.0932],[-82.91775,36.09287],[-82.91854,36.09252],[-82.91874,36.09228],[-82.91866,36.09199],[-82.91808,36.09143],[-82.91755,36.0914],[-82.91734,36.09126],[-82.91746,36.09072],[-82.91761,36.09048],[-82.91863,36.0893],[-82.91874,36.08882],[-82.91841,36.08871],[-82.91835,36.08854]]},"properties":{"net":"out","o":4}},{"type":"Feature","geometry":{"type":"LineString","coordinates":[[-82.91191,36.161],[-82.91187,36.16103]]},"properties":{"net":"out","o":4}},{"type":"Feature","geometry":{"type":"LineString","coordinates":[[-82.91101,36.15823],[-82.9123,36.16029],[-82.91232,36.16082],[-82.91191,36.161]]},"properties":{"net":"out","o":4}},{"type":"Feature","geometry":{"type":"LineString","coordinates":[[-82.86771,36.0651],[-82.87058,36.06549],[-82.87127,36.06571],[-82.87254,36.06643],[-82.87334,36.06652],[-82.87377,36.06638],[-82.87408,36.0662],[-82.87432,36.06587],[-82.87472,36.06382],[-82.87511,36.06361],[-82.87519,36.06318],[-82.8765,36.06239],[-82.88054,36.06284],[-82.88163,36.06335],[-82.88221,36.06392],[-82.88238,36.06394],[-82.88377,36.06536],[-82.88423,36.06555]]},"properties":{"net":"out","o":7}},{"type":"Feature","geometry":{"type":"LineString","coordinates":[[-82.89659,36.11968],[-82.89676,36.11943],[-82.89645,36.11875],[-82.89766,36.11779],[-82.89824,36.11718],[-82.8987,36.11629],[-82.89862,36.11582],[-82.89907,36.11542]]},"properties":{"net":"out","o":4}},{"type":"Feature","geometry":{"type":"LineString","coordinates":[[-82.89012,36.05207],[-82.8903,36.05277],[-82.89046,36.0529],[-82.89105,36.05286],[-82.89217,36.05312],[-82.89233,36.05307],[-82.89242,36.05229],[-82.89231,36.05163],[-82.89208,36.05113],[-82.89213,36.05085],[-82.89223,36.05079],[-82.89276,36.05088],[-82.8929,36.05108],[-82.89301,36.05203],[-82.89333,36.0525],[-82.89369,36.05329],[-82.89515,36.05508],[-82.89537,36.05577]]},"properties":{"net":"out","o":5}},{"type":"Feature","geometry":{"type":"LineString","coordinates":[[-83.11452,36.23014],[-83.11492,36.23027],[-83.1153,36.23053],[-83.11599,36.23138],[-83.1162,36.23147],[-83.11644,36.23143],[-83.11731,36.23091]]},"properties":{"net":"out","o":4}},{"type":"Feature","geometry":{"type":"LineString","coordinates":[[-83.12165,36.08535],[-83.12197,36.08642]]},"properties":{"net":"out","o":4}},{"type":"Feature","geometry":{"type":"LineString","coordinates":[[-83.12649,36.09572],[-83.12707,36.09717]]},"properties":{"net":"out","o":4}},{"type":"Feature","geometry":{"type":"LineString","coordinates":[[-83.11098,36.11323],[-83.11178,36.11215],[-83.11261,36.11151],[-83.11279,36.11153],[-83.11319,36.11129],[-83.11351,36.11132],[-83.11386,36.11111],[-83.11462,36.11116],[-83.11497,36.11094],[-83.11577,36.11103],[-83.11592,36.11097]]},"properties":{"net":"out","o":7}},{"type":"Feature","geometry":{"type":"LineString","coordinates":[[-83.12169,36.13787],[-83.12362,36.1386],[-83.125,36.13986],[-83.12547,36.14015],[-83.1259,36.1406],[-83.12655,36.14157]]},"properties":{"net":"out","o":6}},{"type":"Feature","geometry":{"type":"LineString","coordinates":[[-83.07434,36.04042],[-83.07475,36.04071],[-83.07503,36.04151],[-83.07499,36.0418],[-83.07473,36.04216]]},"properties":{"net":"out","o":4}},{"type":"Feature","geometry":{"type":"LineString","coordinates":[[-82.80074,36.24132],[-82.80152,36.24118],[-82.80167,36.24067]]},"properties":{"net":"out","o":4}},{"type":"Feature","geometry":{"type":"LineString","coordinates":[[-82.8076,36.31048],[-82.8084,36.31028],[-82.80946,36.31047],[-82.81012,36.31108],[-82.81085,36.31203]]},"properties":{"net":"out","o":6}},{"type":"Feature","geometry":{"type":"LineString","coordinates":[[-82.80202,36.32654],[-82.80197,36.32622],[-82.80167,36.32572],[-82.80123,36.32564]]},"properties":{"net":"out","o":4}},{"type":"Feature","geometry":{"type":"LineString","coordinates":[[-83.0991,36.15261],[-83.09892,36.15192],[-83.099,36.1515],[-83.09945,36.15122],[-83.10014,36.15115],[-83.10044,36.15097],[-83.1006,36.15035]]},"properties":{"net":"out","o":6}},{"type":"Feature","geometry":{"type":"LineString","coordinates":[[-83.07885,36.04904],[-83.07882,36.04919],[-83.07901,36.04934],[-83.07924,36.04977],[-83.07929,36.05031],[-83.0795,36.05077]]},"properties":{"net":"out","o":5}},{"type":"Feature","geometry":{"type":"LineString","coordinates":[[-82.79703,36.0562],[-82.797,36.05665],[-82.79677,36.057],[-82.79637,36.05718],[-82.79632,36.05742],[-82.79666,36.05823],[-82.79682,36.05895],[-82.79758,36.05979],[-82.7975,36.06015],[-82.79767,36.06056],[-82.7973,36.0608],[-82.79753,36.06132],[-82.79735,36.06165],[-82.79738,36.06204],[-82.79729,36.06225],[-82.79748,36.06273],[-82.79724,36.06309],[-82.79724,36.06329]]},"properties":{"net":"out","o":4}},{"type":"Feature","geometry":{"type":"LineString","coordinates":[[-83.05567,36.28121],[-83.05605,36.28059]]},"properties":{"net":"out","o":4}},{"type":"Feature","geometry":{"type":"LineString","coordinates":[[-83.06645,36.09135],[-83.0674,36.09196]]},"properties":{"net":"out","o":5}},{"type":"Feature","geometry":{"type":"LineString","coordinates":[[-83.0462,36.14857],[-83.04709,36.14855],[-83.04866,36.14869]]},"properties":{"net":"out","o":4}},{"type":"Feature","geometry":{"type":"LineString","coordinates":[[-83.06223,36.15158],[-83.06237,36.15147],[-83.06574,36.1506]]},"properties":{"net":"out","o":6}},{"type":"Feature","geometry":{"type":"LineString","coordinates":[[-83.04858,36.18095],[-83.04942,36.18104]]},"properties":{"net":"out","o":4}},{"type":"Feature","geometry":{"type":"LineString","coordinates":[[-83.04653,36.1783],[-83.04687,36.17845],[-83.04697,36.17859],[-83.04696,36.17893],[-83.04658,36.17914],[-83.0469,36.17958],[-83.04672,36.17994],[-83.04858,36.18095]]},"properties":{"net":"out","o":4}},{"type":"Feature","geometry":{"type":"LineString","coordinates":[[-82.78723,36.32226],[-82.7878,36.32187],[-82.78872,36.32193]]},"properties":{"net":"out","o":6}},{"type":"Feature","geometry":{"type":"LineString","coordinates":[[-82.78638,36.33543],[-82.78627,36.33527]]},"properties":{"net":"out","o":4}},{"type":"Feature","geometry":{"type":"LineString","coordinates":[[-82.78282,36.32913],[-82.78293,36.32887],[-82.78276,36.32856],[-82.78278,36.3282],[-82.78376,36.32777],[-82.7838,36.32752],[-82.78397,36.32733],[-82.78492,36.32686],[-82.78515,36.32609],[-82.78506,36.32449],[-82.78525,36.32422],[-82.78578,36.32384]]},"properties":{"net":"out","o":6}},{"type":"Feature","geometry":{"type":"LineString","coordinates":[[-82.78453,36.3406],[-82.78453,36.34042]]},"properties":{"net":"out","o":4}},{"type":"Feature","geometry":{"type":"LineString","coordinates":[[-83.02277,36.08108],[-83.02329,36.0821],[-83.02365,36.08344],[-83.02361,36.08356],[-83.02286,36.08392],[-83.0228,36.08406],[-83.02352,36.08517],[-83.02306,36.08591],[-83.02304,36.08606],[-83.0232,36.08634],[-83.02325,36.08714],[-83.02274,36.0889],[-83.0225,36.08941],[-83.02236,36.09042],[-83.02163,36.09098],[-83.02118,36.09168],[-83.02121,36.0921],[-83.02181,36.09333],[-83.02194,36.0935],[-83.02225,36.09361],[-83.02369,36.09313],[-83.02519,36.09321],[-83.02554,36.0934]]},"properties":{"net":"out","o":4}},{"type":"Feature","geometry":{"type":"LineString","coordinates":[[-82.78217,36.3096],[-82.78185,36.30942],[-82.78102,36.31014],[-82.7809,36.31036]]},"properties":{"net":"out","o":5}},{"type":"Feature","geometry":{"type":"LineString","coordinates":[[-82.75284,36.34215],[-82.75422,36.34129],[-82.75453,36.34132],[-82.75472,36.34153],[-82.7547,36.34167],[-82.75443,36.34189],[-82.75439,36.3421],[-82.75487,36.34277],[-82.75466,36.34393],[-82.75483,36.34478],[-82.75478,36.34538]]},"properties":{"net":"out","o":6}},{"type":"Feature","geometry":{"type":"LineString","coordinates":[[-82.7535,36.12019],[-82.75506,36.11913],[-82.75683,36.11886],[-82.75798,36.11881],[-82.75827,36.11802],[-82.75868,36.11793],[-82.7597,36.11798],[-82.76031,36.11814],[-82.76219,36.11907],[-82.76295,36.11969],[-82.76321,36.12015],[-82.7637,36.1202],[-82.76413,36.12049],[-82.76452,36.1205],[-82.76518,36.12013]]},"properties":{"net":"out","o":5}},{"type":"Feature","geometry":{"type":"LineString","coordinates":[[-82.74884,36.13891],[-82.74897,36.13867],[-82.74912,36.13782],[-82.74964,36.13744],[-82.74978,36.13717],[-82.75,36.13612],[-82.75012,36.13606],[-82.75026,36.13554],[-82.75071,36.13501],[-82.75103,36.13371],[-82.75126,36.13345],[-82.75218,36.13287],[-82.75272,36.13264],[-82.75312,36.13268],[-82.75352,36.13244],[-82.75392,36.13248],[-82.75437,36.13224],[-82.75526,36.13234],[-82.75551,36.13219],[-82.75578,36.13219],[-82.75849,36.13249],[-82.75953,36.13278],[-82.76028,36.13287],[-82.76059,36.13319],[-82.7613,36.13327],[-82.76161,36.13359],[-82.76178,36.13365]]},"properties":{"net":"out","o":7}},{"type":"Feature","geometry":{"type":"LineString","coordinates":[[-82.74968,36.27501],[-82.74988,36.27492],[-82.75082,36.27495],[-82.75234,36.27482],[-82.75298,36.27499],[-82.75323,36.27489]]},"properties":{"net":"out","o":4}},{"type":"Feature","geometry":{"type":"LineString","coordinates":[[-82.76131,36.29213],[-82.76113,36.29248],[-82.76114,36.29269],[-82.76184,36.29363]]},"properties":{"net":"out","o":4}},{"type":"Feature","geometry":{"type":"LineString","coordinates":[[-82.76052,36.2806],[-82.76121,36.2808],[-82.76155,36.28107]]},"properties":{"net":"out","o":4}},{"type":"Feature","geometry":{"type":"LineString","coordinates":[[-82.75467,36.30594],[-82.75511,36.30577],[-82.75591,36.30587]]},"properties":{"net":"out","o":4}},{"type":"Feature","geometry":{"type":"LineString","coordinates":[[-82.75638,36.33186],[-82.75671,36.33206],[-82.75673,36.3323],[-82.75687,36.33245],[-82.75769,36.3327],[-82.75873,36.33322]]},"properties":{"net":"out","o":4}},{"type":"Feature","geometry":{"type":"LineString","coordinates":[[-82.76447,36.3479],[-82.764,36.34736],[-82.76396,36.34694]]},"properties":{"net":"out","o":4}},{"type":"Feature","geometry":{"type":"LineString","coordinates":[[-82.9742,36.05377],[-82.97417,36.0539],[-82.97432,36.05412],[-82.97487,36.05457],[-82.97515,36.05496],[-82.9748,36.0558],[-82.97509,36.05628],[-82.97444,36.05688],[-82.9738,36.05893],[-82.97384,36.05908],[-82.97459,36.05949],[-82.97436,36.06039],[-82.97442,36.06071],[-82.9751,36.06146],[-82.97547,36.0615],[-82.97596,36.06136],[-82.9767,36.06141],[-82.97706,36.06155],[-82.97746,36.06188],[-82.97811,36.06204],[-82.97856,36.06199],[-82.97948,36.06167],[-82.97955,36.06183]]},"properties":{"net":"out","o":4}},{"type":"Feature","geometry":{"type":"LineString","coordinates":[[-82.98203,36.07513],[-82.98195,36.07518]]},"properties":{"net":"out","o":7}},{"type":"Feature","geometry":{"type":"LineString","coordinates":[[-82.98116,36.08526],[-82.98006,36.08665]]},"properties":{"net":"out","o":7}},{"type":"Feature","geometry":{"type":"LineString","coordinates":[[-82.97948,36.21167],[-82.98079,36.21046]]},"properties":{"net":"out","o":6}},{"type":"Feature","geometry":{"type":"LineString","coordinates":[[-83.16226,36.08861],[-83.16286,36.08881],[-83.16302,36.08904],[-83.16307,36.09055]]},"properties":{"net":"out","o":4}},{"type":"Feature","geometry":{"type":"LineString","coordinates":[[-83.15787,36.17391],[-83.15876,36.17404],[-83.16112,36.17372],[-83.1616,36.17355],[-83.16247,36.17296],[-83.16267,36.17205],[-83.16261,36.1719],[-83.16157,36.17027],[-83.16092,36.16959],[-83.16071,36.1692],[-83.16087,36.16882],[-83.16126,36.16865],[-83.162,36.1688],[-83.16252,36.16938]]},"properties":{"net":"out","o":6}},{"type":"Feature","geometry":{"type":"LineString","coordinates":[[-83.15934,36.1911],[-83.15962,36.191],[-83.1602,36.19103],[-83.16087,36.19139],[-83.16141,36.19152]]},"properties":{"net":"out","o":4}},{"type":"Feature","geometry":{"type":"LineString","coordinates":[[-83.14171,36.15481],[-83.14175,36.15501],[-83.14152,36.15537]]},"properties":{"net":"out","o":6}},{"type":"Feature","geometry":{"type":"LineString","coordinates":[[-83.13093,36.21703],[-83.13104,36.2166],[-83.13125,36.21644],[-83.13188,36.21543],[-83.13269,36.21494],[-83.13296,36.21493],[-83.1335,36.21466],[-83.13425,36.21402],[-83.1346,36.21356],[-83.13468,36.21281],[-83.13452,36.21247],[-83.13352,36.21142],[-83.13266,36.21077]]},"properties":{"net":"out","o":4}},{"type":"Feature","geometry":{"type":"LineString","coordinates":[[-83.12197,36.08642],[-83.12228,36.08752]]},"properties":{"net":"out","o":4}},{"type":"Feature","geometry":{"type":"LineString","coordinates":[[-82.56653,36.20814],[-82.56675,36.20853],[-82.56724,36.20886],[-82.56824,36.21003],[-82.56832,36.21039],[-82.5681,36.2112],[-82.56818,36.21193]]},"properties":{"net":"out","o":4}},{"type":"Feature","geometry":{"type":"LineString","coordinates":[[-82.57903,36.28932],[-82.57872,36.28913],[-82.57779,36.28881],[-82.57735,36.28837],[-82.5765,36.28786],[-82.57535,36.28683],[-82.5728,36.28559],[-82.57233,36.28506],[-82.57233,36.28493],[-82.57262,36.28471],[-82.57247,36.28439]]},"properties":{"net":"out","o":5}},{"type":"Feature","geometry":{"type":"LineString","coordinates":[[-82.57612,36.30776],[-82.57451,36.30728],[-82.57401,36.30604],[-82.57364,36.30581],[-82.57306,36.30485],[-82.57269,36.30479]]},"properties":{"net":"out","o":5}},{"type":"Feature","geometry":{"type":"LineString","coordinates":[[-82.56963,36.31812],[-82.56993,36.31768],[-82.57051,36.31711]]},"properties":{"net":"out","o":5}},{"type":"Feature","geometry":{"type":"LineString","coordinates":[[-82.56848,36.33249],[-82.56875,36.33227],[-82.56847,36.33189],[-82.56868,36.33135],[-82.56847,36.33073],[-82.56799,36.33058],[-82.56777,36.33007],[-82.56725,36.3297],[-82.56687,36.32916],[-82.56606,36.32869],[-82.56554,36.32866],[-82.56407,36.32745]]},"properties":{"net":"out","o":4}},{"type":"Feature","geometry":{"type":"LineString","coordinates":[[-82.57527,35.98253],[-82.5751,35.98248],[-82.57443,35.98262],[-82.57307,35.98325],[-82.57163,35.98362],[-82.57139,35.9838],[-82.57082,35.9847],[-82.57017,35.98512]]},"properties":{"net":"out","o":4}},{"type":"Feature","geometry":{"type":"LineString","coordinates":[[-82.56501,36.16117],[-82.56513,36.16101],[-82.56535,36.16006],[-82.56584,36.15907],[-82.56613,36.15874],[-82.56635,36.15801],[-82.56693,36.15681],[-82.56721,36.15551],[-82.56746,36.15485],[-82.56765,36.15353],[-82.56781,36.15337],[-82.56799,36.15238],[-82.56809,36.15232],[-82.56813,36.15211]]},"properties":{"net":"out","o":7}},{"type":"Feature","geometry":{"type":"LineString","coordinates":[[-82.57053,36.2833],[-82.57116,36.282],[-82.57114,36.28124],[-82.57127,36.28079],[-82.57205,36.28001],[-82.57236,36.27944]]},"properties":{"net":"out","o":5}},{"type":"Feature","geometry":{"type":"LineString","coordinates":[[-82.47497,35.91175],[-82.47447,35.91115],[-82.47395,35.91089]]},"properties":{"net":"out","o":4}},{"type":"Feature","geometry":{"type":"LineString","coordinates":[[-82.5468,36.01272],[-82.54717,36.01297],[-82.54776,36.01306],[-82.54833,36.01347]]},"properties":{"net":"out","o":4}},{"type":"Feature","geometry":{"type":"LineString","coordinates":[[-82.56153,36.0277],[-82.56053,36.02789],[-82.56032,36.02801],[-82.56026,36.0283],[-82.56038,36.02869],[-82.56028,36.02893],[-82.5594,36.02952],[-82.55873,36.03025],[-82.55811,36.03061]]},"properties":{"net":"out","o":4}},{"type":"Feature","geometry":{"type":"LineString","coordinates":[[-82.55489,36.04304],[-82.55405,36.04259],[-82.55231,36.04194]]},"properties":{"net":"out","o":5}},{"type":"Feature","geometry":{"type":"LineString","coordinates":[[-82.55152,36.04065],[-82.55115,36.04029],[-82.55022,36.03979],[-82.54991,36.03952],[-82.54966,36.0392],[-82.54943,36.03867],[-82.54771,36.03767]]},"properties":{"net":"out","o":5}},{"type":"Feature","geometry":{"type":"LineString","coordinates":[[-82.54682,36.12212],[-82.54517,36.12297]]},"properties":{"net":"out","o":4}},{"type":"Feature","geometry":{"type":"LineString","coordinates":[[-82.56363,35.9886],[-82.56352,35.98908],[-82.56306,35.98997],[-82.56317,35.99054]]},"properties":{"net":"out","o":4}},{"type":"Feature","geometry":{"type":"LineString","coordinates":[[-82.56317,35.99054],[-82.56299,35.9912]]},"properties":{"net":"out","o":4}},{"type":"Feature","geometry":{"type":"LineString","coordinates":[[-82.55985,36.01265],[-82.55924,36.01298],[-82.55884,36.01378]]},"properties":{"net":"out","o":4}},{"type":"Feature","geometry":{"type":"LineString","coordinates":[[-82.55341,36.02253],[-82.55299,36.02313]]},"properties":{"net":"out","o":5}},{"type":"Feature","geometry":{"type":"LineString","coordinates":[[-82.54898,36.16886],[-82.54945,36.16864],[-82.5498,36.16868],[-82.55189,36.16766],[-82.5533,36.16735],[-82.5537,36.1674],[-82.55427,36.16724],[-82.55495,36.16725],[-82.55536,36.16701],[-82.55603,36.16679],[-82.55897,36.16507],[-82.55945,36.1644],[-82.5601,36.16408]]},"properties":{"net":"out","o":7}},{"type":"Feature","geometry":{"type":"LineString","coordinates":[[-82.54705,36.17021],[-82.54742,36.16982],[-82.54898,36.16886]]},"properties":{"net":"out","o":7}},{"type":"Feature","geometry":{"type":"LineString","coordinates":[[-82.52672,36.17398],[-82.52737,36.17514]]},"properties":{"net":"out","o":4}},{"type":"Feature","geometry":{"type":"LineString","coordinates":[[-82.52553,36.187],[-82.52844,36.18545],[-82.52856,36.18475],[-82.52889,36.18417],[-82.52912,36.18293],[-82.52951,36.18251],[-82.53023,36.18205],[-82.53095,36.18206],[-82.5328,36.18162],[-82.53386,36.18076],[-82.53403,36.18031],[-82.53434,36.18007]]},"properties":{"net":"out","o":7}},{"type":"Feature","geometry":{"type":"LineString","coordinates":[[-82.52065,36.25329],[-82.52099,36.25327],[-82.52153,36.25295],[-82.52233,36.25305],[-82.52287,36.25253],[-82.5236,36.25268],[-82.52406,36.25266],[-82.52427,36.25241],[-82.5245,36.25175],[-82.52521,36.25127]]},"properties":{"net":"out","o":4}},{"type":"Feature","geometry":{"type":"LineString","coordinates":[[-82.52916,36.32829],[-82.52905,36.3279],[-82.52913,36.32739],[-82.52873,36.3273],[-82.52854,36.32692],[-82.52796,36.32666],[-82.52787,36.32618]]},"properties":{"net":"out","o":4}},{"type":"Feature","geometry":{"type":"LineString","coordinates":[[-82.61429,36.08683],[-82.61436,36.08704]]},"properties":{"net":"out","o":4}},{"type":"Feature","geometry":{"type":"LineString","coordinates":[[-82.61262,36.172],[-82.61309,36.17267],[-82.61394,36.17349],[-82.61624,36.17357],[-82.61639,36.17373],[-82.617,36.17387]]},"properties":{"net":"out","o":7}},{"type":"Feature","geometry":{"type":"LineString","coordinates":[[-82.53091,36.13787],[-82.53085,36.13799]]},"properties":{"net":"out","o":5}},{"type":"Feature","geometry":{"type":"LineString","coordinates":[[-82.53028,36.14247],[-82.52973,36.14316],[-82.5297,36.14416],[-82.52954,36.14466],[-82.52883,36.14559]]},"properties":{"net":"out","o":5}},{"type":"Feature","geometry":{"type":"LineString","coordinates":[[-82.52837,36.14814],[-82.52832,36.14848],[-82.52809,36.14898]]},"properties":{"net":"out","o":5}},{"type":"Feature","geometry":{"type":"LineString","coordinates":[[-82.59392,36.27668],[-82.5937,36.27575],[-82.59379,36.27527],[-82.59417,36.27475],[-82.59427,36.27434],[-82.59494,36.27414],[-82.59502,36.2738],[-82.59545,36.27319],[-82.59541,36.27286],[-82.59476,36.27222],[-82.59478,36.27189],[-82.59507,36.27096]]},"properties":{"net":"out","o":4}},{"type":"Feature","geometry":{"type":"LineString","coordinates":[[-82.51237,36.25862],[-82.51294,36.25822],[-82.51385,36.25717],[-82.51471,36.25715],[-82.51496,36.2566],[-82.51525,36.2563],[-82.51549,36.2563],[-82.51581,36.25656],[-82.51608,36.2566],[-82.51626,36.25609],[-82.51695,36.25576],[-82.51732,36.25516],[-82.51788,36.25475],[-82.51813,36.25433],[-82.51841,36.25426],[-82.51932,36.25432],[-82.51954,36.25416],[-82.51968,36.25386],[-82.52065,36.25329]]},"properties":{"net":"out","o":4}},{"type":"Feature","geometry":{"type":"LineString","coordinates":[[-82.59032,36.01458],[-82.58979,36.01489]]},"properties":{"net":"out","o":4}},{"type":"Feature","geometry":{"type":"LineString","coordinates":[[-82.60436,36.19239],[-82.60439,36.1925],[-82.6041,36.19308],[-82.60366,36.19556]]},"properties":{"net":"out","o":7}},{"type":"Feature","geometry":{"type":"LineString","coordinates":[[-82.60254,36.21663],[-82.60242,36.21626],[-82.60255,36.21577],[-82.60346,36.21511]]},"properties":{"net":"out","o":4}},{"type":"Feature","geometry":{"type":"LineString","coordinates":[[-82.59949,36.32009],[-82.60017,36.31953],[-82.60039,36.31903]]},"properties":{"net":"out","o":4}},{"type":"Feature","geometry":{"type":"LineString","coordinates":[[-82.50031,36.1969],[-82.50041,36.19684],[-82.50103,36.19691],[-82.50189,36.19643],[-82.5022,36.19647],[-82.50296,36.19627],[-82.50341,36.19632],[-82.50376,36.19614]]},"properties":{"net":"out","o":7}},{"type":"Feature","geometry":{"type":"LineString","coordinates":[[-82.50093,35.9787],[-82.50076,35.97771],[-82.50046,35.97715],[-82.49915,35.97556]]},"properties":{"net":"sm2919","o":1}},{"type":"Feature","geometry":{"type":"LineString","coordinates":[[-82.48885,36.03192],[-82.48858,36.03287],[-82.48867,36.0339],[-82.48814,36.03466],[-82.48797,36.03507]]},"properties":{"net":"out","o":4}},{"type":"Feature","geometry":{"type":"LineString","coordinates":[[-82.49846,36.07576],[-82.49835,36.07618],[-82.49804,36.07665],[-82.49725,36.07724]]},"properties":{"net":"out","o":6}},{"type":"Feature","geometry":{"type":"LineString","coordinates":[[-82.49874,36.15012],[-82.49735,36.15061]]},"properties":{"net":"out","o":4}},{"type":"Feature","geometry":{"type":"LineString","coordinates":[[-82.4957,36.15189],[-82.49505,36.15197],[-82.49492,36.1521]]},"properties":{"net":"out","o":4}},{"type":"Feature","geometry":{"type":"LineString","coordinates":[[-82.47822,36.20473],[-82.47841,36.20394],[-82.47982,36.20263],[-82.48129,36.20106],[-82.48142,36.20079]]},"properties":{"net":"out","o":7}},{"type":"Feature","geometry":{"type":"LineString","coordinates":[[-82.48002,35.99509],[-82.47722,35.99369],[-82.47651,35.99322],[-82.47578,35.99294],[-82.47493,35.99228],[-82.47292,35.99119],[-82.47137,35.99092],[-82.46985,35.99088],[-82.46918,35.99074],[-82.46869,35.9905],[-82.46803,35.9899],[-82.46742,35.98962],[-82.46562,35.9897],[-82.46433,35.98959],[-82.46349,35.98939]]},"properties":{"net":"sm2919","o":1}},{"type":"Feature","geometry":{"type":"LineString","coordinates":[[-82.47906,36.03937],[-82.47949,36.03919],[-82.48051,36.03912],[-82.48113,36.03891],[-82.48224,36.03826],[-82.48298,36.03744],[-82.48334,36.03689]]},"properties":{"net":"out","o":4}},{"type":"Feature","geometry":{"type":"LineString","coordinates":[[-82.49725,36.07724],[-82.49677,36.07744]]},"properties":{"net":"out","o":6}},{"type":"Feature","geometry":{"type":"LineString","coordinates":[[-82.48769,36.20021],[-82.49014,36.19905],[-82.49163,36.19877]]},"properties":{"net":"out","o":7}},{"type":"Feature","geometry":{"type":"LineString","coordinates":[[-82.66008,36.20668],[-82.65999,36.20693],[-82.66003,36.20769],[-82.6599,36.20868],[-82.65993,36.2098],[-82.66012,36.21001],[-82.66041,36.21069],[-82.66067,36.21097]]},"properties":{"net":"out","o":7}},{"type":"Feature","geometry":{"type":"LineString","coordinates":[[-82.65581,36.20045],[-82.65765,36.20122],[-82.65936,36.20303],[-82.65927,36.20356],[-82.65944,36.20412],[-82.65939,36.20444]]},"properties":{"net":"out","o":7}},{"type":"Feature","geometry":{"type":"LineString","coordinates":[[-82.64247,36.21628],[-82.64309,36.21574],[-82.64373,36.21494],[-82.64382,36.2142],[-82.6431,36.21264],[-82.64352,36.21182],[-82.64401,36.21137],[-82.64431,36.21119],[-82.64453,36.21121],[-82.64516,36.21175],[-82.64546,36.21189],[-82.64674,36.21207],[-82.64779,36.21255],[-82.64827,36.21264],[-82.64881,36.21241],[-82.64992,36.21144]]},"properties":{"net":"out","o":6}},{"type":"Feature","geometry":{"type":"LineString","coordinates":[[-82.64985,36.25438],[-82.64958,36.25452],[-82.6493,36.25446]]},"properties":{"net":"out","o":4}},{"type":"Feature","geometry":{"type":"LineString","coordinates":[[-82.55239,36.30588],[-82.55383,36.30449],[-82.55452,36.30413],[-82.55478,36.30352],[-82.5558,36.30264]]},"properties":{"net":"out","o":4}},{"type":"Feature","geometry":{"type":"LineString","coordinates":[[-82.54005,36.35167],[-82.53998,36.35122],[-82.54015,36.35081],[-82.54121,36.34952],[-82.54205,36.34872],[-82.54241,36.34817],[-82.54277,36.34805],[-82.54385,36.34817]]},"properties":{"net":"out","o":4}},{"type":"Feature","geometry":{"type":"LineString","coordinates":[[-82.55855,36.24477],[-82.559,36.24478],[-82.55937,36.24508],[-82.5599,36.24518],[-82.56029,36.24537],[-82.56096,36.24533]]},"properties":{"net":"out","o":4}},{"type":"Feature","geometry":{"type":"LineString","coordinates":[[-82.55055,36.24639],[-82.55214,36.24588],[-82.55323,36.24518],[-82.55339,36.24518],[-82.55354,36.24548],[-82.55375,36.24561]]},"properties":{"net":"out","o":4}},{"type":"Feature","geometry":{"type":"LineString","coordinates":[[-82.55055,36.24639],[-82.55074,36.24657],[-82.55125,36.24671],[-82.55172,36.24653],[-82.55288,36.24639],[-82.55324,36.24615],[-82.55375,36.24561]]},"properties":{"net":"out","o":4}},{"type":"Feature","geometry":{"type":"LineString","coordinates":[[-82.54772,36.24805],[-82.54806,36.24764],[-82.54802,36.24737],[-82.54937,36.24604],[-82.54955,36.24598],[-82.54999,36.24607],[-82.55055,36.24639]]},"properties":{"net":"out","o":4}},{"type":"Feature","geometry":{"type":"LineString","coordinates":[[-82.56039,36.29878],[-82.56075,36.29826],[-82.56194,36.297],[-82.56231,36.29638]]},"properties":{"net":"out","o":4}},{"type":"Feature","geometry":{"type":"LineString","coordinates":[[-82.55722,36.30103],[-82.55795,36.30027],[-82.55905,36.29998],[-82.55983,36.29947]]},"properties":{"net":"out","o":4}},{"type":"Feature","geometry":{"type":"LineString","coordinates":[[-82.5504,36.30797],[-82.55046,36.30794]]},"properties":{"net":"out","o":4}},{"type":"Feature","geometry":{"type":"LineString","coordinates":[[-82.54746,36.31079],[-82.5504,36.30797]]},"properties":{"net":"out","o":4}},{"type":"Feature","geometry":{"type":"LineString","coordinates":[[-82.54418,36.31406],[-82.5442,36.31406]]},"properties":{"net":"out","o":4}},{"type":"Feature","geometry":{"type":"LineString","coordinates":[[-82.71622,36.13706],[-82.71639,36.13727],[-82.71703,36.13751],[-82.71723,36.13778]]},"properties":{"net":"out","o":4}},{"type":"Feature","geometry":{"type":"LineString","coordinates":[[-82.71613,36.17586],[-82.7146,36.17424],[-82.71291,36.17405],[-82.71244,36.17415],[-82.71147,36.17454],[-82.71086,36.17462],[-82.70992,36.17455]]},"properties":{"net":"out","o":7}},{"type":"Feature","geometry":{"type":"LineString","coordinates":[[-82.7243,36.26084],[-82.72499,36.26023],[-82.72482,36.25973],[-82.72484,36.25944],[-82.72517,36.25867],[-82.72512,36.25836],[-82.72444,36.25764],[-82.7244,36.25683],[-82.72419,36.25601]]},"properties":{"net":"out","o":4}},{"type":"Feature","geometry":{"type":"LineString","coordinates":[[-82.71588,36.27244],[-82.71582,36.27226],[-82.71518,36.27167],[-82.7153,36.27156],[-82.71593,36.27149],[-82.71643,36.27107],[-82.71672,36.27099],[-82.71717,36.27034],[-82.71714,36.27003],[-82.71629,36.26938],[-82.71624,36.26912]]},"properties":{"net":"out","o":4}},{"type":"Feature","geometry":{"type":"LineString","coordinates":[[-82.71847,36.36106],[-82.71863,36.36022],[-82.71905,36.35959],[-82.71931,36.35944],[-82.7197,36.35952],[-82.7201,36.35934],[-82.72038,36.35876],[-82.72041,36.35808],[-82.72056,36.35799],[-82.721,36.35807],[-82.72119,36.35781],[-82.72161,36.35753]]},"properties":{"net":"out","o":6}},{"type":"Feature","geometry":{"type":"LineString","coordinates":[[-82.69061,36.16048],[-82.69103,36.16096],[-82.69271,36.16218],[-82.69309,36.16259],[-82.69356,36.16263]]},"properties":{"net":"out","o":4}},{"type":"Feature","geometry":{"type":"LineString","coordinates":[[-82.69742,36.18299],[-82.6979,36.18283],[-82.69896,36.18295],[-82.69995,36.18248],[-82.70018,36.18251],[-82.70058,36.18227],[-82.70089,36.1823],[-82.7013,36.18206],[-82.70174,36.18211],[-82.70224,36.18188],[-82.70286,36.18195],[-82.70326,36.1817],[-82.70393,36.18178],[-82.70434,36.18153],[-82.70469,36.18157],[-82.70498,36.1814]]},"properties":{"net":"out","o":7}},{"type":"Feature","geometry":{"type":"LineString","coordinates":[[-82.68712,36.20058],[-82.68752,36.1997],[-82.68768,36.19954],[-82.68843,36.19584],[-82.68884,36.19509],[-82.68955,36.19441],[-82.69047,36.19383],[-82.69118,36.19362],[-82.69215,36.19377]]},"properties":{"net":"out","o":7}},{"type":"Feature","geometry":{"type":"LineString","coordinates":[[-82.69261,36.33112],[-82.69324,36.33126],[-82.69368,36.33184],[-82.69405,36.33204],[-82.69448,36.332],[-82.69501,36.33173],[-82.69531,36.33183]]},"properties":{"net":"out","o":4}},{"type":"Feature","geometry":{"type":"LineString","coordinates":[[-82.70386,36.34615],[-82.7043,36.34643],[-82.70446,36.34677],[-82.70442,36.34694]]},"properties":{"net":"out","o":5}},{"type":"Feature","geometry":{"type":"LineString","coordinates":[[-82.70386,36.34615],[-82.70442,36.34694]]},"properties":{"net":"out","o":5}},{"type":"Feature","geometry":{"type":"LineString","coordinates":[[-82.69806,36.34492],[-82.69973,36.34409],[-82.70108,36.34361]]},"properties":{"net":"out","o":5}},{"type":"Feature","geometry":{"type":"LineString","coordinates":[[-82.69241,36.38083],[-82.69247,36.38054],[-82.6929,36.38022],[-82.69299,36.37996]]},"properties":{"net":"out","o":5}},{"type":"Feature","geometry":{"type":"LineString","coordinates":[[-82.70706,36.38164],[-82.70701,36.38114],[-82.70673,36.38073],[-82.70667,36.38032]]},"properties":{"net":"out","o":4}},{"type":"Feature","geometry":{"type":"LineString","coordinates":[[-82.5036,36.06328],[-82.50353,36.06356],[-82.5034,36.06365],[-82.5025,36.06388],[-82.5021,36.06431],[-82.50204,36.06554],[-82.5022,36.06602],[-82.5026,36.06657]]},"properties":{"net":"out","o":5}},{"type":"Feature","geometry":{"type":"LineString","coordinates":[[-82.50962,36.14463],[-82.50897,36.14458]]},"properties":{"net":"out","o":4}},{"type":"Feature","geometry":{"type":"LineString","coordinates":[[-82.50897,36.14458],[-82.5074,36.14569],[-82.50708,36.14605]]},"properties":{"net":"out","o":4}},{"type":"Feature","geometry":{"type":"LineString","coordinates":[[-82.50708,36.14605],[-82.5068,36.14627],[-82.50662,36.14658],[-82.50651,36.14659]]},"properties":{"net":"out","o":4}},{"type":"Feature","geometry":{"type":"LineString","coordinates":[[-82.66957,36.16235],[-82.67062,36.16268],[-82.6713,36.16266]]},"properties":{"net":"out","o":4}},{"type":"Feature","geometry":{"type":"LineString","coordinates":[[-82.6833,36.20498],[-82.68421,36.20431],[-82.68565,36.20281],[-82.68657,36.20122],[-82.68712,36.20058]]},"properties":{"net":"out","o":7}},{"type":"Feature","geometry":{"type":"LineString","coordinates":[[-82.66752,36.20972],[-82.66881,36.20932],[-82.66935,36.20935],[-82.6697,36.20917],[-82.67105,36.20925],[-82.67153,36.20905],[-82.67312,36.20883]]},"properties":{"net":"out","o":7}},{"type":"Feature","geometry":{"type":"LineString","coordinates":[[-82.68344,36.34946],[-82.68376,36.34977],[-82.68394,36.34979]]},"properties":{"net":"out","o":5}},{"type":"Feature","geometry":{"type":"LineString","coordinates":[[-82.66939,36.40024],[-82.66945,36.40008],[-82.6693,36.39944],[-82.6694,36.39889],[-82.66963,36.3984],[-82.67014,36.3979],[-82.67,36.39763],[-82.67004,36.39747],[-82.67083,36.3967],[-82.6714,36.39557],[-82.67243,36.39446]]},"properties":{"net":"out","o":5}},{"type":"Feature","geometry":{"type":"LineString","coordinates":[[-82.66685,36.40256],[-82.66719,36.40228],[-82.6676,36.40173],[-82.66846,36.40111],[-82.66939,36.40024]]},"properties":{"net":"out","o":4}},{"type":"Feature","geometry":{"type":"LineString","coordinates":[[-82.40914,35.91203],[-82.40867,35.91188],[-82.40796,35.91182],[-82.40668,35.91259],[-82.40549,35.91277],[-82.4042,35.91315]]},"properties":{"net":"out","o":4}},{"type":"Feature","geometry":{"type":"LineString","coordinates":[[-82.40159,35.8818],[-82.40119,35.88206],[-82.40043,35.88181],[-82.39981,35.8819],[-82.39939,35.88213],[-82.39933,35.88238],[-82.39984,35.88331],[-82.39939,35.88374],[-82.3994,35.88405],[-82.39918,35.88442],[-82.39948,35.88492],[-82.39953,35.88517],[-82.39887,35.88643],[-82.39823,35.88675],[-82.39761,35.88752],[-82.39722,35.88849],[-82.39721,35.88881]]},"properties":{"net":"out","o":4}},{"type":"Feature","geometry":{"type":"LineString","coordinates":[[-82.39182,35.94162],[-82.39043,35.94239],[-82.39016,35.94302],[-82.39033,35.94355],[-82.39077,35.94402],[-82.39218,35.94453],[-82.39584,35.94505],[-82.39649,35.94519],[-82.39689,35.94543],[-82.39685,35.94681],[-82.39662,35.94726]]},"properties":{"net":"out","o":5}},{"type":"Feature","geometry":{"type":"LineString","coordinates":[[-82.41355,35.98042],[-82.41236,35.98046],[-82.41183,35.98061],[-82.41112,35.9813],[-82.4094,35.98245],[-82.40908,35.98272],[-82.40892,35.9831],[-82.40908,35.98375],[-82.40889,35.98399]]},"properties":{"net":"sm2919","o":2}},{"type":"Feature","geometry":{"type":"LineString","coordinates":[[-82.37662,35.91584],[-82.37773,35.91546],[-82.37838,35.9155],[-82.37881,35.9153],[-82.37961,35.91544]]},"properties":{"net":"out","o":5}},{"type":"Feature","geometry":{"type":"LineString","coordinates":[[-82.37632,35.95069],[-82.37582,35.95185]]},"properties":{"net":"out","o":5}},{"type":"Feature","geometry":{"type":"LineString","coordinates":[[-82.37582,35.95185],[-82.37577,35.9524],[-82.37636,35.95286],[-82.37774,35.95357],[-82.37945,35.95502]]},"properties":{"net":"out","o":5}},{"type":"Feature","geometry":{"type":"LineString","coordinates":[[-82.39135,35.99632],[-82.38984,35.99709],[-82.3883,35.99767]]},"properties":{"net":"out","o":6}},{"type":"Feature","geometry":{"type":"LineString","coordinates":[[-82.39001,36.07886],[-82.39086,36.07943],[-82.39174,36.07982],[-82.3946,36.0808]]},"properties":{"net":"out","o":7}},{"type":"Feature","geometry":{"type":"LineString","coordinates":[[-82.38678,36.07685],[-82.3875,36.07724],[-82.38797,36.07762],[-82.38897,36.07813],[-82.39001,36.07886]]},"properties":{"net":"out","o":7}},{"type":"Feature","geometry":{"type":"LineString","coordinates":[[-82.38214,36.18223],[-82.38257,36.18144],[-82.38354,36.18083],[-82.38355,36.18052],[-82.3833,36.18001]]},"properties":{"net":"out","o":6}},{"type":"Feature","geometry":{"type":"LineString","coordinates":[[-82.37542,36.07114],[-82.37661,36.07061],[-82.37688,36.07064],[-82.37851,36.07036],[-82.37927,36.07041]]},"properties":{"net":"out","o":7}},{"type":"Feature","geometry":{"type":"LineString","coordinates":[[-82.37556,36.14731],[-82.37567,36.14733]]},"properties":{"net":"out","o":4}},{"type":"Feature","geometry":{"type":"LineString","coordinates":[[-82.37164,36.19212],[-82.37266,36.19205],[-82.37413,36.19169],[-82.37477,36.19115],[-82.37513,36.19056],[-82.37552,36.19019]]},"properties":{"net":"out","o":6}},{"type":"Feature","geometry":{"type":"LineString","coordinates":[[-82.64446,36.23342],[-82.64408,36.23279]]},"properties":{"net":"out","o":5}},{"type":"Feature","geometry":{"type":"LineString","coordinates":[[-82.63412,36.22445],[-82.63405,36.22441]]},"properties":{"net":"out","o":5}},{"type":"Feature","geometry":{"type":"LineString","coordinates":[[-82.46475,35.91323],[-82.46381,35.91396],[-82.46195,35.91495]]},"properties":{"net":"out","o":4}},{"type":"Feature","geometry":{"type":"LineString","coordinates":[[-82.47303,35.96045],[-82.47296,35.96073],[-82.47166,35.9626],[-82.47139,35.96327],[-82.47061,35.9646],[-82.46998,35.96532]]},"properties":{"net":"sm2919","o":2}},{"type":"Feature","geometry":{"type":"LineString","coordinates":[[-82.47315,35.96479],[-82.47257,35.96473],[-82.471,35.96524],[-82.46998,35.96532]]},"properties":{"net":"sm2919","o":3}},{"type":"Feature","geometry":{"type":"LineString","coordinates":[[-82.46358,36.16723],[-82.46409,36.16713],[-82.46556,36.1673],[-82.46627,36.16763],[-82.46909,36.17059],[-82.46922,36.17114]]},"properties":{"net":"out","o":7}},{"type":"Feature","geometry":{"type":"LineString","coordinates":[[-82.63868,36.19695],[-82.63948,36.19733],[-82.64022,36.19749],[-82.64053,36.19778],[-82.6414,36.19798]]},"properties":{"net":"out","o":7}},{"type":"Feature","geometry":{"type":"LineString","coordinates":[[-82.62652,36.23086],[-82.62729,36.23088],[-82.6275,36.23075],[-82.62765,36.23051]]},"properties":{"net":"out","o":5}},{"type":"Feature","geometry":{"type":"LineString","coordinates":[[-82.64072,36.24862],[-82.64104,36.24778],[-82.64145,36.24758],[-82.64253,36.24735],[-82.643,36.2471],[-82.64308,36.24703],[-82.64306,36.24659],[-82.64335,36.24631],[-82.6432,36.24543],[-82.64223,36.24445],[-82.64219,36.24434],[-82.64245,36.24363],[-82.64395,36.24234],[-82.64482,36.24209]]},"properties":{"net":"out","o":5}},{"type":"Feature","geometry":{"type":"LineString","coordinates":[[-82.63134,36.27708],[-82.63066,36.27665],[-82.63064,36.27645],[-82.63128,36.27597],[-82.63139,36.27561],[-82.63163,36.27526]]},"properties":{"net":"out","o":5}},{"type":"Feature","geometry":{"type":"LineString","coordinates":[[-82.64733,36.30592],[-82.64734,36.30577],[-82.64716,36.30568],[-82.6457,36.30581]]},"properties":{"net":"out","o":5}},{"type":"Feature","geometry":{"type":"LineString","coordinates":[[-82.64447,36.31891],[-82.64441,36.31878]]},"properties":{"net":"out","o":4}},{"type":"Feature","geometry":{"type":"LineString","coordinates":[[-82.4789,35.96336],[-82.47726,35.96394],[-82.47623,35.96444],[-82.47579,35.96443],[-82.47476,35.96419]]},"properties":{"net":"sm2919","o":2}},{"type":"Feature","geometry":{"type":"LineString","coordinates":[[-82.47476,35.96419],[-82.47315,35.96479]]},"properties":{"net":"sm2919","o":2}},{"type":"Feature","geometry":{"type":"LineString","coordinates":[[-82.46784,35.99856],[-82.46754,35.99827],[-82.46741,35.99798],[-82.46687,35.99608],[-82.46668,35.99498]]},"properties":{"net":"sm2919","o":1}},{"type":"Feature","geometry":{"type":"LineString","coordinates":[[-82.46049,35.98393],[-82.4599,35.98394],[-82.45884,35.98376],[-82.45744,35.98389],[-82.45653,35.98435],[-82.45601,35.98446]]},"properties":{"net":"sm2919","o":1}},{"type":"Feature","geometry":{"type":"LineString","coordinates":[[-82.46268,36.04242],[-82.46394,36.04238],[-82.46427,36.0423]]},"properties":{"net":"out","o":4}},{"type":"Feature","geometry":{"type":"LineString","coordinates":[[-82.47873,36.16161],[-82.47852,36.16202],[-82.47813,36.16229]]},"properties":{"net":"out","o":4}},{"type":"Feature","geometry":{"type":"LineString","coordinates":[[-82.45959,36.16967],[-82.46024,36.16969],[-82.46253,36.17041],[-82.4633,36.17052],[-82.46435,36.17085],[-82.46495,36.17078],[-82.46549,36.17056],[-82.46564,36.1706],[-82.46594,36.17112],[-82.46659,36.17184],[-82.46666,36.17323]]},"properties":{"net":"out","o":7}},{"type":"Feature","geometry":{"type":"LineString","coordinates":[[-82.45573,36.17386],[-82.45622,36.17385],[-82.45719,36.17324],[-82.45728,36.17299],[-82.45766,36.17261],[-82.45806,36.17164],[-82.45822,36.17152],[-82.45838,36.17088],[-82.45887,36.17022],[-82.45912,36.16969]]},"properties":{"net":"out","o":7}},{"type":"Feature","geometry":{"type":"LineString","coordinates":[[-82.46944,36.1709],[-82.46922,36.17114]]},"properties":{"net":"out","o":4}},{"type":"Feature","geometry":{"type":"LineString","coordinates":[[-82.46666,36.17323],[-82.46679,36.17399],[-82.46658,36.17441]]},"properties":{"net":"out","o":7}},{"type":"Feature","geometry":{"type":"LineString","coordinates":[[-82.47822,36.20473],[-82.47899,36.20465]]},"properties":{"net":"out","o":7}},{"type":"Feature","geometry":{"type":"LineString","coordinates":[[-82.4603,36.23138],[-82.4607,36.23087],[-82.46075,36.23006],[-82.46101,36.22983],[-82.46131,36.22972]]},"properties":{"net":"out","o":4}},{"type":"Feature","geometry":{"type":"LineString","coordinates":[[-82.46037,36.23256],[-82.46012,36.23199],[-82.4603,36.23138]]},"properties":{"net":"out","o":4}},{"type":"Feature","geometry":{"type":"LineString","coordinates":[[-82.61862,36.23999],[-82.61867,36.23999]]},"properties":{"net":"out","o":5}},{"type":"Feature","geometry":{"type":"LineString","coordinates":[[-82.61729,36.2411],[-82.61758,36.24113]]},"properties":{"net":"out","o":5}},{"type":"Feature","geometry":{"type":"LineString","coordinates":[[-82.61536,36.24247],[-82.61533,36.24195]]},"properties":{"net":"out","o":5}},{"type":"Feature","geometry":{"type":"LineString","coordinates":[[-82.60852,36.25056],[-82.60927,36.25039],[-82.60952,36.25013],[-82.60999,36.25],[-82.61044,36.24966]]},"properties":{"net":"out","o":5}},{"type":"Feature","geometry":{"type":"LineString","coordinates":[[-82.42597,35.9864],[-82.42489,35.98569],[-82.42411,35.98548],[-82.42305,35.98548],[-82.42119,35.98606]]},"properties":{"net":"sm2919","o":1}},{"type":"Feature","geometry":{"type":"LineString","coordinates":[[-82.4193,35.98715],[-82.41871,35.98683],[-82.41772,35.98652],[-82.41713,35.98651],[-82.41626,35.98666],[-82.41565,35.98653],[-82.41429,35.9855],[-82.41374,35.98453],[-82.4132,35.98418],[-82.41268,35.98416],[-82.41155,35.98432],[-82.41025,35.98396],[-82.40889,35.98399]]},"properties":{"net":"sm2919","o":5}},{"type":"Feature","geometry":{"type":"LineString","coordinates":[[-82.43312,36.13651],[-82.43289,36.1373],[-82.43247,36.1379],[-82.43207,36.13883],[-82.43188,36.14018],[-82.43186,36.14101],[-82.43224,36.14192],[-82.43264,36.14247],[-82.43331,36.14301],[-82.4347,36.14335]]},"properties":{"net":"out","o":7}},{"type":"Feature","geometry":{"type":"LineString","coordinates":[[-82.31584,36.00953],[-82.31585,36.01061],[-82.31571,36.0116],[-82.31582,36.01216]]},"properties":{"net":"sm2930","o":3}},{"type":"Feature","geometry":{"type":"LineString","coordinates":[[-82.28553,36.17799],[-82.28638,36.17766],[-82.28721,36.17682],[-82.28865,36.17633]]},"properties":{"net":"out","o":5}},{"type":"Feature","geometry":{"type":"LineString","coordinates":[[-82.28394,36.17827],[-82.28505,36.17825],[-82.28553,36.17799]]},"properties":{"net":"out","o":5}},{"type":"Feature","geometry":{"type":"LineString","coordinates":[[-82.25846,36.17751],[-82.25925,36.17818],[-82.26005,36.17861],[-82.26167,36.17925],[-82.26416,36.18048],[-82.26462,36.18041],[-82.26589,36.17973],[-82.26671,36.17945],[-82.26785,36.17933],[-82.27287,36.17926]]},"properties":{"net":"out","o":4}},{"type":"Feature","geometry":{"type":"LineString","coordinates":[[-82.31335,35.96287],[-82.3127,35.963],[-82.31241,35.96327],[-82.31229,35.96383],[-82.31192,35.96468],[-82.31153,35.96479],[-82.31043,35.96479],[-82.3096,35.96507],[-82.30882,35.96506],[-82.3084,35.96542],[-82.30817,35.96586]]},"properties":{"net":"out","o":4}},{"type":"Feature","geometry":{"type":"LineString","coordinates":[[-82.32119,36.00788],[-82.31898,36.00654]]},"properties":{"net":"sm2930","o":1}},{"type":"Feature","geometry":{"type":"LineString","coordinates":[[-82.22067,35.90765],[-82.21957,35.90735],[-82.21934,35.90757],[-82.21917,35.90798],[-82.21905,35.90801]]},"properties":{"net":"out","o":4}},{"type":"Feature","geometry":{"type":"LineString","coordinates":[[-82.21584,35.90815],[-82.21442,35.90871],[-82.21401,35.90902],[-82.21378,35.90935],[-82.2121,35.91069],[-82.21126,35.91092],[-82.2111,35.91121],[-82.21082,35.91273],[-82.21128,35.914]]},"properties":{"net":"out","o":4}},{"type":"Feature","geometry":{"type":"LineString","coordinates":[[-82.22443,35.74851],[-82.2247,35.74963],[-82.22463,35.75058],[-82.22436,35.75105],[-82.22408,35.75114]]},"properties":{"net":"sm3036","o":4}},{"type":"Feature","geometry":{"type":"LineString","coordinates":[[-82.21925,35.75228],[-82.21847,35.75271],[-82.21821,35.7527],[-82.21778,35.7525]]},"properties":{"net":"NC6366","o":4}},{"type":"Feature","geometry":{"type":"LineString","coordinates":[[-82.21778,35.7525],[-82.21729,35.752],[-82.21642,35.75082],[-82.21558,35.75006],[-82.21492,35.75002],[-82.21465,35.75028],[-82.21439,35.75079]]},"properties":{"net":"sm2668","o":4}},{"type":"Feature","geometry":{"type":"LineString","coordinates":[[-82.20722,35.76039],[-82.20702,35.76069],[-82.20697,35.7613],[-82.20662,35.76241],[-82.20662,35.76328],[-82.20644,35.76394],[-82.20638,35.76495],[-82.20617,35.76543],[-82.20518,35.76694],[-82.20506,35.76727],[-82.20519,35.76779],[-82.20553,35.76841]]},"properties":{"net":"sm2668","o":4}},{"type":"Feature","geometry":{"type":"LineString","coordinates":[[-82.21302,35.84368],[-82.21255,35.84351],[-82.21228,35.84329],[-82.21191,35.84276],[-82.21128,35.84234]]},"properties":{"net":"sm2715","o":1}},{"type":"Feature","geometry":{"type":"LineString","coordinates":[[-82.21128,35.84234],[-82.21089,35.84199],[-82.21069,35.84135]]},"properties":{"net":"sm2714","o":1}},{"type":"Feature","geometry":{"type":"LineString","coordinates":[[-82.21069,35.84135],[-82.21034,35.84072],[-82.21,35.84046]]},"properties":{"net":"sm2713","o":1}},{"type":"Feature","geometry":{"type":"LineString","coordinates":[[-82.21,35.84046],[-82.2092,35.83999],[-82.2086,35.83947],[-82.20701,35.83847],[-82.20668,35.83815],[-82.20598,35.83799],[-82.20476,35.83808],[-82.20385,35.83767],[-82.2033,35.8376],[-82.2026,35.83689],[-82.20159,35.83623],[-82.20044,35.83585],[-82.20012,35.83563],[-82.19957,35.83512],[-82.19932,35.83475],[-82.1986,35.83425],[-82.19845,35.8339]]},"properties":{"net":"sm2698","o":1}},{"type":"Feature","geometry":{"type":"LineString","coordinates":[[-82.19845,35.8339],[-82.19837,35.8337],[-82.19709,35.83256],[-82.19703,35.83218]]},"properties":{"net":"sm2681","o":1}},{"type":"Feature","geometry":{"type":"LineString","coordinates":[[-82.22586,35.91052],[-82.22392,35.91062],[-82.22382,35.9102],[-82.2235,35.90964],[-82.22334,35.90953],[-82.22275,35.90949],[-82.22211,35.90918],[-82.2216,35.90878],[-82.22126,35.90822],[-82.22067,35.90765]]},"properties":{"net":"out","o":4}},{"type":"Feature","geometry":{"type":"LineString","coordinates":[[-82.21761,36.04845],[-82.2181,36.04835],[-82.21835,36.0484]]},"properties":{"net":"out","o":4}},{"type":"Feature","geometry":{"type":"LineString","coordinates":[[-82.14021,36.01285],[-82.14073,36.01288],[-82.14213,36.01272],[-82.14407,36.01271],[-82.1458,36.01253],[-82.14716,36.01213],[-82.14743,36.01151]]},"properties":{"net":"NC6250","o":4}},{"type":"Feature","geometry":{"type":"LineString","coordinates":[[-82.06251,35.88792],[-82.06276,35.88805],[-82.06321,35.88802],[-82.06344,35.8878],[-82.06386,35.88784],[-82.06444,35.88821],[-82.06503,35.88967],[-82.06517,35.89033],[-82.06516,35.89154]]},"properties":{"net":"NC61468","o":4}},{"type":"Feature","geometry":{"type":"LineString","coordinates":[[-82.07563,35.91613],[-82.07572,35.91611]]},"properties":{"net":"NC6575","o":5}},{"type":"Feature","geometry":{"type":"LineString","coordinates":[[-82.17618,35.77115],[-82.17661,35.77054],[-82.17826,35.76976]]},"properties":{"net":"sm2671","o":2}},{"type":"Feature","geometry":{"type":"LineString","coordinates":[[-82.18573,35.82855],[-82.18567,35.82847]]},"properties":{"net":"sm2681","o":3}},{"type":"Feature","geometry":{"type":"LineString","coordinates":[[-82.16469,35.82505],[-82.16522,35.82571],[-82.16555,35.82645],[-82.16584,35.82763],[-82.16587,35.8281],[-82.16576,35.8286]]},"properties":{"net":"sm2688","o":1}},{"type":"Feature","geometry":{"type":"LineString","coordinates":[[-82.16576,35.8286],[-82.16575,35.82891],[-82.16622,35.82968],[-82.16633,35.82984],[-82.16657,35.82991]]},"properties":{"net":"sm2687","o":1}},{"type":"Feature","geometry":{"type":"LineString","coordinates":[[-82.16657,35.82991],[-82.16679,35.83002],[-82.1668,35.83046],[-82.16695,35.831]]},"properties":{"net":"sm2686","o":1}},{"type":"Feature","geometry":{"type":"LineString","coordinates":[[-82.16695,35.831],[-82.16701,35.83151],[-82.16719,35.832]]},"properties":{"net":"sm2685","o":1}},{"type":"Feature","geometry":{"type":"LineString","coordinates":[[-82.16719,35.832],[-82.16727,35.83216]]},"properties":{"net":"sm2684","o":1}},{"type":"Feature","geometry":{"type":"LineString","coordinates":[[-82.16727,35.83216],[-82.16752,35.83278]]},"properties":{"net":"sm2704","o":1}},{"type":"Feature","geometry":{"type":"LineString","coordinates":[[-82.18285,35.85563],[-82.18273,35.8556]]},"properties":{"net":"sm2705","o":2}},{"type":"Feature","geometry":{"type":"LineString","coordinates":[[-82.17277,35.85848],[-82.17289,35.85852]]},"properties":{"net":"sm2699","o":1}},{"type":"Feature","geometry":{"type":"LineString","coordinates":[[-82.16849,35.88977],[-82.16988,35.88921],[-82.17059,35.88927],[-82.17196,35.8888],[-82.17297,35.88877],[-82.17492,35.88803],[-82.17588,35.888],[-82.17706,35.88769],[-82.17749,35.8877]]},"properties":{"net":"sm2734","o":1}},{"type":"Feature","geometry":{"type":"LineString","coordinates":[[-82.17749,35.8877],[-82.17825,35.88781]]},"properties":{"net":"sm2733","o":1}},{"type":"Feature","geometry":{"type":"LineString","coordinates":[[-82.37055,36.19214],[-82.37164,36.19212]]},"properties":{"net":"out","o":6}},{"type":"Feature","geometry":{"type":"LineString","coordinates":[[-82.02695,35.91313],[-82.02835,35.91366],[-82.03036,35.914],[-82.03067,35.91382],[-82.03117,35.9133],[-82.03136,35.91253],[-82.03128,35.91198],[-82.03092,35.91147],[-82.02947,35.91054],[-82.02878,35.91035],[-82.02758,35.9105],[-82.02641,35.91047],[-82.02564,35.91019],[-82.0253,35.90983],[-82.02508,35.90908],[-82.0252,35.90866],[-82.02548,35.90837],[-82.0263,35.90789],[-82.02713,35.90777],[-82.02781,35.90753]]},"properties":{"net":"NC6575","o":4}},{"type":"Feature","geometry":{"type":"LineString","coordinates":[[-82.01122,35.91613],[-82.01284,35.91706],[-82.01381,35.91743],[-82.01511,35.91751],[-82.01632,35.91729],[-82.01688,35.91696],[-82.01717,35.91663],[-82.01839,35.91443],[-82.01889,35.91395],[-82.01939,35.91368],[-82.02102,35.91319],[-82.02312,35.91232]]},"properties":{"net":"NC6575","o":4}},{"type":"Feature","geometry":{"type":"LineString","coordinates":[[-82.03396,35.94216],[-82.03394,35.94151],[-82.03381,35.94102],[-82.03334,35.94036]]},"properties":{"net":"NC6575","o":4}},{"type":"Feature","geometry":{"type":"LineString","coordinates":[[-82.03017,35.96356],[-82.03006,35.96319],[-82.02983,35.96294],[-82.02889,35.96269],[-82.02837,35.96302],[-82.02776,35.96385],[-82.02681,35.96436],[-82.02637,35.96452],[-82.02601,35.96451],[-82.02586,35.96435],[-82.02575,35.96398],[-82.02577,35.96365],[-82.02591,35.96288],[-82.0262,35.96204],[-82.02627,35.9614],[-82.02576,35.96026],[-82.02594,35.95952],[-82.02619,35.95919],[-82.02692,35.95891],[-82.02833,35.95908],[-82.0294,35.95943],[-82.02993,35.95949],[-82.03053,35.9592],[-82.03075,35.95897],[-82.03067,35.95817],[-82.0308,35.95775],[-82.031,35.95763],[-82.03246,35.9578],[-82.03287,35.95781],[-82.03306,35.95773]]},"properties":{"net":"NC6575","o":4}},{"type":"Feature","geometry":{"type":"LineString","coordinates":[[-82.02238,36.05786],[-82.02216,36.05755],[-82.02199,36.05749],[-82.02153,36.05704],[-82.02129,36.05665],[-82.02107,36.05612],[-82.02108,36.05536],[-82.02098,36.05492],[-82.02016,36.0537],[-82.01963,36.05266],[-82.0173,36.05007]]},"properties":{"net":"NC6622","o":4}},{"type":"Feature","geometry":{"type":"LineString","coordinates":[[-82.01416,36.06323],[-82.01446,36.06296],[-82.01469,36.06241],[-82.01513,36.06177],[-82.01517,36.06156],[-82.01503,36.06086],[-82.0151,36.05971],[-82.0153,36.05912],[-82.01593,36.05844],[-82.01681,36.05786],[-82.0179,36.0578],[-82.01824,36.05827],[-82.01882,36.05869],[-82.01894,36.05894]]},"properties":{"net":"NC6622","o":4}},{"type":"Feature","geometry":{"type":"LineString","coordinates":[[-82.33648,36.05127],[-82.33628,36.05233],[-82.33672,36.05339]]},"properties":{"net":"out","o":7}},{"type":"Feature","geometry":{"type":"LineString","coordinates":[[-82.34893,36.07919],[-82.34921,36.0795]]},"properties":{"net":"out","o":7}},{"type":"Feature","geometry":{"type":"LineString","coordinates":[[-82.34474,36.07186],[-82.3447,36.07207]]},"properties":{"net":"out","o":7}},{"type":"Feature","geometry":{"type":"LineString","coordinates":[[-82.34085,36.0656],[-82.34092,36.06593],[-82.34139,36.0666]]},"properties":{"net":"out","o":7}},{"type":"Feature","geometry":{"type":"LineString","coordinates":[[-82.33345,36.08725],[-82.33547,36.08753],[-82.33687,36.08736],[-82.33743,36.08746],[-82.33907,36.0874],[-82.34008,36.08751]]},"properties":{"net":"out","o":4}},{"type":"Feature","geometry":{"type":"LineString","coordinates":[[-82.33084,36.0971],[-82.33145,36.09489],[-82.33206,36.09423],[-82.33213,36.09312],[-82.33315,36.09167]]},"properties":{"net":"out","o":4}},{"type":"Feature","geometry":{"type":"LineString","coordinates":[[-82.3214,35.87513],[-82.32134,35.87595],[-82.32143,35.87719],[-82.32183,35.87824]]},"properties":{"net":"NC3200","o":4}},{"type":"Feature","geometry":{"type":"LineString","coordinates":[[-82.31997,35.88339],[-82.32001,35.88346]]},"properties":{"net":"NC3200","o":4}},{"type":"Feature","geometry":{"type":"LineString","coordinates":[[-82.31583,35.89339],[-82.31567,35.89351]]},"properties":{"net":"NC3200","o":4}},{"type":"Feature","geometry":{"type":"LineString","coordinates":[[-82.30285,36.05673],[-82.30287,36.0562]]},"properties":{"net":"out","o":5}},{"type":"Feature","geometry":{"type":"LineString","coordinates":[[-82.32586,36.09967],[-82.32683,36.09989]]},"properties":{"net":"out","o":4}},{"type":"Feature","geometry":{"type":"LineString","coordinates":[[-82.31927,36.20331],[-82.32038,36.2023],[-82.32082,36.20163],[-82.32207,36.20021],[-82.32416,36.19914]]},"properties":{"net":"out","o":5}},{"type":"Feature","geometry":{"type":"LineString","coordinates":[[-82.30817,35.96586],[-82.30794,35.96631],[-82.30765,35.96647],[-82.30725,35.96652],[-82.3067,35.96636]]},"properties":{"net":"out","o":4}},{"type":"Feature","geometry":{"type":"LineString","coordinates":[[-82.29697,35.98037],[-82.29699,35.98073],[-82.29676,35.98134],[-82.29706,35.9821],[-82.29734,35.98241],[-82.29814,35.9827],[-82.29836,35.98287],[-82.29881,35.98368],[-82.29916,35.98533],[-82.29906,35.98606]]},"properties":{"net":"out","o":5}},{"type":"Feature","geometry":{"type":"LineString","coordinates":[[-82.29166,36.0397],[-82.29251,36.03912],[-82.29288,36.03853],[-82.29321,36.03838],[-82.2938,36.03834],[-82.29511,36.03856],[-82.29722,36.03959],[-82.29858,36.0399]]},"properties":{"net":"out","o":4}},{"type":"Feature","geometry":{"type":"LineString","coordinates":[[-82.30115,36.06089],[-82.301,36.06035],[-82.30124,36.05983],[-82.30118,36.05832]]},"properties":{"net":"out","o":5}},{"type":"Feature","geometry":{"type":"LineString","coordinates":[[-82.30054,36.06262],[-82.30055,36.06231]]},"properties":{"net":"out","o":5}},{"type":"Feature","geometry":{"type":"LineString","coordinates":[[-82.29858,36.04767],[-82.29772,36.0471],[-82.29771,36.04679],[-82.29795,36.04649],[-82.29929,36.04576]]},"properties":{"net":"out","o":5}},{"type":"Feature","geometry":{"type":"LineString","coordinates":[[-82.27431,36.00466],[-82.27386,36.00739],[-82.27355,36.00782],[-82.27337,36.00831],[-82.2732,36.00926]]},"properties":{"net":"out","o":6}},{"type":"Feature","geometry":{"type":"LineString","coordinates":[[-82.30784,35.85338],[-82.30701,35.85393],[-82.3063,35.85465],[-82.30411,35.85576],[-82.30308,35.85694]]},"properties":{"net":"NC3200","o":4}},{"type":"Feature","geometry":{"type":"LineString","coordinates":[[-82.30934,35.93475],[-82.30901,35.93422],[-82.30791,35.93313],[-82.30683,35.93234],[-82.30622,35.93201],[-82.3058,35.93148],[-82.30536,35.93135]]},"properties":{"net":"sm2618","o":1}},{"type":"Feature","geometry":{"type":"LineString","coordinates":[[-82.30303,35.93509],[-82.30313,35.93467],[-82.30334,35.93443],[-82.30353,35.9339],[-82.30358,35.93285],[-82.30376,35.93202],[-82.3038,35.93164],[-82.30357,35.93126],[-82.30342,35.93071]]},"properties":{"net":"sm2618","o":1}},{"type":"Feature","geometry":{"type":"LineString","coordinates":[[-82.29712,35.92906],[-82.29709,35.92822],[-82.29691,35.92747],[-82.29661,35.92676],[-82.29611,35.92649],[-82.29483,35.92634],[-82.29438,35.92609],[-82.29399,35.9257]]},"properties":{"net":"sm2618","o":1}},{"type":"Feature","geometry":{"type":"LineString","coordinates":[[-82.28019,35.91476],[-82.28051,35.91547]]},"properties":{"net":"sm2618","o":2}},{"type":"Feature","geometry":{"type":"LineString","coordinates":[[-82.26931,35.92619],[-82.26939,35.92582],[-82.26927,35.92517],[-82.26943,35.92475],[-82.26992,35.92421],[-82.27006,35.92365],[-82.26985,35.9219],[-82.27001,35.92091],[-82.26998,35.92036]]},"properties":{"net":"sm2618","o":1}},{"type":"Feature","geometry":{"type":"LineString","coordinates":[[-82.27016,35.98275],[-82.26984,35.98308],[-82.26989,35.98343],[-82.2703,35.9841],[-82.27092,35.98475],[-82.27099,35.98507]]},"properties":{"net":"out","o":4}},{"type":"Feature","geometry":{"type":"LineString","coordinates":[[-82.19181,35.75375],[-82.19164,35.75457],[-82.1911,35.75533],[-82.19109,35.75558],[-82.19126,35.75606],[-82.19118,35.75663],[-82.19137,35.75737],[-82.19107,35.75852],[-82.19161,35.76006],[-82.19226,35.7607],[-82.19253,35.7612],[-82.19265,35.76246],[-82.19236,35.763],[-82.19236,35.76327],[-82.19249,35.76436],[-82.19284,35.76486],[-82.19308,35.76618],[-82.19248,35.7675],[-82.19244,35.76783],[-82.19257,35.76826],[-82.19332,35.76909],[-82.1934,35.76957]]},"properties":{"net":"sm2670","o":2}},{"type":"Feature","geometry":{"type":"LineString","coordinates":[[-82.27846,35.84868],[-82.2791,35.84779],[-82.27946,35.84705],[-82.27967,35.84624],[-82.28021,35.8453],[-82.2826,35.84325],[-82.28309,35.84274],[-82.28356,35.84193],[-82.28397,35.84144],[-82.28531,35.84036],[-82.28584,35.83856],[-82.28586,35.83794],[-82.28595,35.83773],[-82.28645,35.83736],[-82.28665,35.83705],[-82.28708,35.83581]]},"properties":{"net":"sm2921","o":1}},{"type":"Feature","geometry":{"type":"LineString","coordinates":[[-82.24674,36.00776],[-82.2474,36.00809],[-82.24792,36.00822],[-82.24837,36.00849],[-82.24975,36.00887],[-82.25059,36.00891],[-82.25129,36.00881]]},"properties":{"net":"out","o":6}},{"type":"Feature","geometry":{"type":"LineString","coordinates":[[-82.20592,35.78141],[-82.20426,35.78212],[-82.20332,35.78233],[-82.2026,35.78279],[-82.20246,35.78306]]},"properties":{"net":"sm2668","o":4}},{"type":"Feature","geometry":{"type":"LineString","coordinates":[[-82.20246,35.78306],[-82.20194,35.78522]]},"properties":{"net":"sm2667","o":4}},{"type":"Feature","geometry":{"type":"LineString","coordinates":[[-82.20194,35.78522],[-82.20199,35.78539],[-82.2023,35.78568],[-82.20324,35.78597],[-82.20419,35.78644],[-82.20478,35.78691],[-82.2053,35.78751],[-82.2056,35.78812],[-82.20624,35.79101],[-82.2062,35.79152],[-82.20607,35.79168],[-82.20577,35.79186],[-82.2039,35.79247],[-82.20305,35.79292],[-82.20221,35.79405],[-82.20164,35.79448],[-82.20155,35.79473],[-82.2017,35.79489]]},"properties":{"net":"sm2676","o":4}},{"type":"Feature","geometry":{"type":"LineString","coordinates":[[-82.2009,35.77623],[-82.20088,35.77654],[-82.2006,35.77688],[-82.20061,35.77721],[-82.2005,35.77753],[-82.20053,35.7778],[-82.20088,35.77802],[-82.20079,35.77828],[-82.20096,35.7784],[-82.20068,35.77864],[-82.20067,35.77886],[-82.20088,35.7792],[-82.20156,35.77914],[-82.20164,35.77917],[-82.20171,35.7795],[-82.20195,35.77965],[-82.20266,35.77988],[-82.20339,35.77995],[-82.20361,35.77985],[-82.20351,35.77932],[-82.20404,35.77912]]},"properties":{"net":"sm2668","o":3}},{"type":"Feature","geometry":{"type":"LineString","coordinates":[[-82.18606,35.82736],[-82.18572,35.82772],[-82.18568,35.82793]]},"properties":{"net":"sm2689","o":4}},{"type":"Feature","geometry":{"type":"LineString","coordinates":[[-82.18568,35.82793],[-82.1856,35.82835],[-82.18567,35.82847]]},"properties":{"net":"sm2681","o":4}},{"type":"Feature","geometry":{"type":"LineString","coordinates":[[-82.18298,35.82107],[-82.18356,35.82129],[-82.18425,35.8218],[-82.18489,35.82279],[-82.1864,35.82396],[-82.18689,35.82456],[-82.18725,35.82476],[-82.18809,35.82496]]},"properties":{"net":"sm2689","o":2}},{"type":"Feature","geometry":{"type":"LineString","coordinates":[[-82.19487,35.8547],[-82.19436,35.85475],[-82.1939,35.85465],[-82.19294,35.85394],[-82.19231,35.85372],[-82.19121,35.8531],[-82.19087,35.85302],[-82.18996,35.85399]]},"properties":{"net":"sm2707","o":2}},{"type":"Feature","geometry":{"type":"LineString","coordinates":[[-82.18996,35.85399],[-82.1896,35.85408],[-82.18625,35.85417]]},"properties":{"net":"sm2708","o":2}},{"type":"Feature","geometry":{"type":"LineString","coordinates":[[-82.18625,35.85417],[-82.18542,35.85418],[-82.18487,35.85436],[-82.18285,35.85563]]},"properties":{"net":"sm2705","o":2}},{"type":"Feature","geometry":{"type":"LineString","coordinates":[[-82.19678,35.87126],[-82.19681,35.87126]]},"properties":{"net":"sm2728","o":4}},{"type":"Feature","geometry":{"type":"LineString","coordinates":[[-82.19681,35.87126],[-82.19736,35.87121],[-82.19829,35.87132],[-82.19883,35.87156],[-82.20028,35.873],[-82.20062,35.87311],[-82.2016,35.87319],[-82.2022,35.87286],[-82.20232,35.87222],[-82.20258,35.87153],[-82.20313,35.87077],[-82.2038,35.8703],[-82.20433,35.87037],[-82.20482,35.87089],[-82.20478,35.87114],[-82.20491,35.87141],[-82.20509,35.87338],[-82.20559,35.87425]]},"properties":{"net":"out","o":4}},{"type":"Feature","geometry":{"type":"LineString","coordinates":[[-82.19704,35.89684],[-82.19874,35.89715],[-82.19914,35.8977],[-82.19894,35.8993],[-82.19869,35.89992],[-82.19819,35.90066],[-82.1981,35.90116],[-82.19841,35.90195],[-82.19857,35.9028],[-82.19838,35.90357],[-82.19801,35.90385],[-82.19763,35.90395],[-82.1956,35.90372],[-82.19507,35.90387],[-82.19374,35.90473],[-82.19302,35.90497],[-82.19114,35.90536],[-82.18858,35.90575],[-82.18838,35.90587],[-82.18835,35.90604],[-82.18856,35.90661]]},"properties":{"net":"out","o":4}},{"type":"Feature","geometry":{"type":"LineString","coordinates":[[-82.25645,35.89609],[-82.25653,35.89651],[-82.25681,35.89688]]},"properties":{"net":"sm2618","o":3}},{"type":"Feature","geometry":{"type":"LineString","coordinates":[[-82.25681,35.89688],[-82.25635,35.89771]]},"properties":{"net":"sm2618","o":3}},{"type":"Feature","geometry":{"type":"LineString","coordinates":[[-82.26916,35.90641],[-82.26987,35.90758]]},"properties":{"net":"sm2618","o":2}},{"type":"Feature","geometry":{"type":"LineString","coordinates":[[-82.25484,35.91812],[-82.25346,35.91751],[-82.25234,35.91732],[-82.25193,35.91702],[-82.25154,35.91691],[-82.25137,35.91657],[-82.25098,35.91627],[-82.25079,35.91591]]},"properties":{"net":"sm2618","o":4}},{"type":"Feature","geometry":{"type":"LineString","coordinates":[[-82.25051,35.90828],[-82.25066,35.90837],[-82.25084,35.90876],[-82.2507,35.90984],[-82.251,35.91033],[-82.25132,35.91144],[-82.25123,35.91242],[-82.25229,35.91378],[-82.25227,35.91411],[-82.2521,35.91462],[-82.2521,35.91501]]},"properties":{"net":"sm2618","o":1}},{"type":"Feature","geometry":{"type":"LineString","coordinates":[[-82.25525,35.9227],[-82.25508,35.92214],[-82.2546,35.92126],[-82.25469,35.92047],[-82.25501,35.91968],[-82.25497,35.91869],[-82.25484,35.91812]]},"properties":{"net":"sm2618","o":1}},{"type":"Feature","geometry":{"type":"LineString","coordinates":[[-82.25154,35.923],[-82.25161,35.92278],[-82.25202,35.92226],[-82.25202,35.92214],[-82.2518,35.92179],[-82.25113,35.92122]]},"properties":{"net":"sm2618","o":3}},{"type":"Feature","geometry":{"type":"LineString","coordinates":[[-82.24985,35.92201],[-82.25065,35.92166],[-82.25113,35.92122]]},"properties":{"net":"sm2618","o":1}},{"type":"Feature","geometry":{"type":"LineString","coordinates":[[-82.25391,35.95248],[-82.25288,35.95245],[-82.25208,35.95218],[-82.25143,35.95183],[-82.25041,35.95101],[-82.24985,35.95075],[-82.24928,35.94986],[-82.24865,35.94948]]},"properties":{"net":"sm2618","o":1}},{"type":"Feature","geometry":{"type":"LineString","coordinates":[[-82.25089,35.95415],[-82.25037,35.95384],[-82.24997,35.95335],[-82.24975,35.95321],[-82.24921,35.9519],[-82.24884,35.95148],[-82.2488,35.95022],[-82.24865,35.94948]]},"properties":{"net":"sm2618","o":1}},{"type":"Feature","geometry":{"type":"LineString","coordinates":[[-82.24779,35.94202],[-82.24773,35.94165],[-82.2479,35.94144],[-82.24867,35.94109],[-82.24904,35.94108],[-82.24911,35.94096]]},"properties":{"net":"sm2618","o":3}},{"type":"Feature","geometry":{"type":"LineString","coordinates":[[-82.26734,36.00077],[-82.2671,36.00092]]},"properties":{"net":"out","o":4}},{"type":"Feature","geometry":{"type":"LineString","coordinates":[[-82.25264,36.0029],[-82.25228,36.00214],[-82.2523,36.00131],[-82.25273,35.99913],[-82.25266,35.99876],[-82.2524,35.99819],[-82.25168,35.99716],[-82.25107,35.99605]]},"properties":{"net":"out","o":6}},{"type":"Feature","geometry":{"type":"LineString","coordinates":[[-82.26778,36.01517],[-82.26777,36.01545],[-82.26788,36.01557],[-82.26785,36.016],[-82.26797,36.01634],[-82.26869,36.01736]]},"properties":{"net":"out","o":6}},{"type":"Feature","geometry":{"type":"LineString","coordinates":[[-82.26746,36.01452],[-82.26758,36.01453],[-82.2678,36.01477],[-82.26778,36.01517]]},"properties":{"net":"out","o":5}},{"type":"Feature","geometry":{"type":"LineString","coordinates":[[-82.26869,36.01736],[-82.26993,36.01823],[-82.27024,36.01827],[-82.27053,36.01844],[-82.27102,36.0185],[-82.27156,36.01874]]},"properties":{"net":"out","o":6}},{"type":"Feature","geometry":{"type":"LineString","coordinates":[[-82.28868,36.02809],[-82.28876,36.02817]]},"properties":{"net":"out","o":6}},{"type":"Feature","geometry":{"type":"LineString","coordinates":[[-82.28085,36.04513],[-82.28086,36.04487],[-82.28117,36.04437],[-82.28246,36.04311]]},"properties":{"net":"out","o":4}},{"type":"Feature","geometry":{"type":"LineString","coordinates":[[-82.23404,35.73386],[-82.23357,35.73422],[-82.23331,35.73454],[-82.23314,35.73507],[-82.2332,35.73571],[-82.23346,35.73647],[-82.2341,35.7376],[-82.23405,35.73803],[-82.23377,35.73851],[-82.23287,35.73963],[-82.23094,35.74168]]},"properties":{"net":"sm2660","o":4}},{"type":"Feature","geometry":{"type":"LineString","coordinates":[[-82.24791,35.7952],[-82.24673,35.79518],[-82.24438,35.7954],[-82.2439,35.7953],[-82.24355,35.79512],[-82.24267,35.79519],[-82.24164,35.79465],[-82.24099,35.79451],[-82.24044,35.79427],[-82.23909,35.79451],[-82.23869,35.7943],[-82.2385,35.79401],[-82.2383,35.7935],[-82.23823,35.79288],[-82.2378,35.79194],[-82.23683,35.79168],[-82.23614,35.79112]]},"properties":{"net":"sm2617","o":1}},{"type":"Feature","geometry":{"type":"LineString","coordinates":[[-82.26435,35.74529],[-82.2637,35.74476],[-82.26035,35.74074],[-82.25958,35.74013],[-82.2589,35.73935],[-82.25826,35.73885],[-82.2571,35.73772],[-82.25595,35.73704],[-82.2552,35.7364],[-82.25354,35.7342],[-82.2527,35.73349],[-82.25036,35.73242]]},"properties":{"net":"sm2660","o":1}},{"type":"Feature","geometry":{"type":"LineString","coordinates":[[-82.25448,35.74486],[-82.25318,35.74481],[-82.25243,35.74465],[-82.25182,35.74438],[-82.25065,35.74323],[-82.24984,35.74189]]},"properties":{"net":"sm2660","o":2}},{"type":"Feature","geometry":{"type":"LineString","coordinates":[[-82.25897,35.76945],[-82.25824,35.76877],[-82.2575,35.76831],[-82.25597,35.76774],[-82.25554,35.76777],[-82.25483,35.76823],[-82.25318,35.76833]]},"properties":{"net":"sm2663","o":1}},{"type":"Feature","geometry":{"type":"LineString","coordinates":[[-82.261,35.88539],[-82.2602,35.88646],[-82.26002,35.8869],[-82.26003,35.88736],[-82.26023,35.88795],[-82.26023,35.88912]]},"properties":{"net":"sm2618","o":1}},{"type":"Feature","geometry":{"type":"LineString","coordinates":[[-82.23626,35.89806],[-82.23635,35.89895],[-82.23614,35.89924],[-82.23621,35.90026],[-82.23613,35.90078],[-82.2356,35.90109],[-82.23515,35.9015],[-82.23468,35.90169],[-82.23319,35.90267],[-82.23299,35.90294],[-82.23294,35.90352],[-82.23301,35.90428],[-82.23318,35.90475],[-82.23279,35.90514],[-82.23274,35.90537],[-82.23293,35.9057],[-82.23332,35.90586],[-82.2334,35.90613],[-82.23296,35.90699],[-82.23198,35.90745],[-82.23168,35.90782],[-82.23153,35.90826],[-82.23117,35.90844],[-82.23119,35.90867],[-82.23156,35.90928],[-82.2316,35.90968],[-82.23183,35.91016],[-82.23169,35.91057]]},"properties":{"net":"sm2618","o":2}},{"type":"Feature","geometry":{"type":"LineString","coordinates":[[-82.23169,35.91057],[-82.23122,35.9106]]},"properties":{"net":"sm2618","o":4}},{"type":"Feature","geometry":{"type":"LineString","coordinates":[[-82.23122,35.9106],[-82.23042,35.91068],[-82.22766,35.91039],[-82.22715,35.91051],[-82.22586,35.91052]]},"properties":{"net":"out","o":4}},{"type":"Feature","geometry":{"type":"LineString","coordinates":[[-82.24728,35.94505],[-82.24732,35.94461],[-82.24787,35.9432],[-82.24809,35.94235]]},"properties":{"net":"sm2618","o":3}},{"type":"Feature","geometry":{"type":"LineString","coordinates":[[-82.24223,35.9548],[-82.24292,35.95298],[-82.24336,35.95225],[-82.24346,35.95149],[-82.24384,35.95082],[-82.24393,35.95038]]},"properties":{"net":"sm2618","o":1}},{"type":"Feature","geometry":{"type":"LineString","coordinates":[[-82.23987,35.95262],[-82.24185,35.95177],[-82.24393,35.95038]]},"properties":{"net":"sm2618","o":1}},{"type":"Feature","geometry":{"type":"LineString","coordinates":[[-82.23228,36.00308],[-82.23253,36.00343],[-82.23293,36.0037],[-82.23481,36.00413],[-82.23529,36.00438],[-82.23614,36.00505]]},"properties":{"net":"out","o":4}},{"type":"Feature","geometry":{"type":"LineString","coordinates":[[-82.22769,36.04097],[-82.22792,36.04059],[-82.22822,36.04043],[-82.22934,36.04023],[-82.22973,36.03997],[-82.23011,36.03923],[-82.23011,36.03898]]},"properties":{"net":"out","o":5}},{"type":"Feature","geometry":{"type":"LineString","coordinates":[[-82.26325,36.06028],[-82.26423,36.06068],[-82.26478,36.06079],[-82.26557,36.06074],[-82.26672,36.06036]]},"properties":{"net":"sm2928","o":2}},{"type":"Feature","geometry":{"type":"LineString","coordinates":[[-82.26273,36.06516],[-82.26298,36.06453],[-82.26442,36.06294],[-82.26513,36.0618],[-82.26547,36.06148],[-82.26673,36.06071]]},"properties":{"net":"sm2928","o":2}},{"type":"Feature","geometry":{"type":"LineString","coordinates":[[-82.26194,36.06014],[-82.26325,36.06028]]},"properties":{"net":"sm2928","o":2}},{"type":"Feature","geometry":{"type":"LineString","coordinates":[[-82.24197,35.92524],[-82.2419,35.92487],[-82.24199,35.92455],[-82.24231,35.92423],[-82.24261,35.9237],[-82.24315,35.92333],[-82.24437,35.92197],[-82.2446,35.92153],[-82.24403,35.9207],[-82.24289,35.91982],[-82.24252,35.91927],[-82.24196,35.91872],[-82.24179,35.91819],[-82.24122,35.91791],[-82.24111,35.91776],[-82.24153,35.91703],[-82.24148,35.91622],[-82.2416,35.91588],[-82.2415,35.91546],[-82.24172,35.91458]]},"properties":{"net":"sm2618","o":1}},{"type":"Feature","geometry":{"type":"LineString","coordinates":[[-82.1648,36.0138],[-82.16563,36.01402],[-82.16651,36.01442],[-82.16689,36.01446]]},"properties":{"net":"NC6250","o":4}},{"type":"Feature","geometry":{"type":"LineString","coordinates":[[-82.1164,35.92967],[-82.11685,35.9299],[-82.1177,35.92997],[-82.11814,35.92977],[-82.11855,35.92927],[-82.11912,35.92887],[-82.11993,35.92868],[-82.12066,35.92884],[-82.12112,35.92929],[-82.122,35.93091],[-82.12362,35.93265],[-82.12428,35.93377],[-82.12515,35.93485]]},"properties":{"net":"out","o":5}},{"type":"Feature","geometry":{"type":"LineString","coordinates":[[-82.12273,36.0606],[-82.12328,36.06081],[-82.12429,36.06097],[-82.12484,36.06119]]},"properties":{"net":"out","o":4}},{"type":"Feature","geometry":{"type":"LineString","coordinates":[[-82.0815,35.9263],[-82.08247,35.9268],[-82.08309,35.92687],[-82.08421,35.92646],[-82.08474,35.92605]]},"properties":{"net":"NC6575","o":5}},{"type":"Feature","geometry":{"type":"LineString","coordinates":[[-82.09246,36.01781],[-82.09339,36.01793],[-82.09452,36.0173],[-82.09503,36.01714]]},"properties":{"net":"NC6250","o":4}},{"type":"Feature","geometry":{"type":"LineString","coordinates":[[-81.97717,36.0936],[-81.97746,36.09384],[-81.97747,36.09415],[-81.9764,36.09635],[-81.9762,36.09711],[-81.97623,36.09737],[-81.97659,36.09781],[-81.97751,36.09825],[-81.9781,36.09869],[-81.97887,36.09882]]},"properties":{"net":"NC6622","o":4}},{"type":"Feature","geometry":{"type":"LineString","coordinates":[[-82.29061,36.07347],[-82.29094,36.07342]]},"properties":{"net":"out","o":5}},{"type":"Feature","geometry":{"type":"LineString","coordinates":[[-82.27863,36.10377],[-82.28016,36.10234]]},"properties":{"net":"out","o":4}},{"type":"Feature","geometry":{"type":"LineString","coordinates":[[-82.27414,36.0878],[-82.27468,36.0877],[-82.27471,36.08749],[-82.27452,36.08735],[-82.27444,36.0871],[-82.27478,36.0869],[-82.27509,36.08635]]},"properties":{"net":"out","o":4}},{"type":"Feature","geometry":{"type":"LineString","coordinates":[[-82.27298,36.08929],[-82.27345,36.08866]]},"properties":{"net":"out","o":4}},{"type":"Feature","geometry":{"type":"LineString","coordinates":[[-82.29959,36.08393],[-82.29942,36.08289],[-82.29913,36.08233]]},"properties":{"net":"out","o":4}},{"type":"Feature","geometry":{"type":"LineString","coordinates":[[-82.29396,36.0715],[-82.29412,36.07095],[-82.29443,36.07082]]},"properties":{"net":"out","o":5}},{"type":"Feature","geometry":{"type":"LineString","coordinates":[[-82.28117,36.04718],[-82.28134,36.04658],[-82.28085,36.04513]]},"properties":{"net":"out","o":4}},{"type":"Feature","geometry":{"type":"LineString","coordinates":[[-82.28456,36.08706],[-82.28426,36.08585]]},"properties":{"net":"out","o":4}},{"type":"Feature","geometry":{"type":"LineString","coordinates":[[-82.28081,36.10144],[-82.28127,36.10032]]},"properties":{"net":"out","o":4}},{"type":"Feature","geometry":{"type":"LineString","coordinates":[[-82.27515,36.06316],[-82.27539,36.06292],[-82.27559,36.06249],[-82.27584,36.06136],[-82.27566,36.06087],[-82.27592,36.0603],[-82.27589,36.05982]]},"properties":{"net":"sm2928","o":2}},{"type":"Feature","geometry":{"type":"LineString","coordinates":[[-82.27394,36.05564],[-82.27514,36.0558]]},"properties":{"net":"sm2928","o":3}},{"type":"Feature","geometry":{"type":"LineString","coordinates":[[-82.26257,36.06669],[-82.26276,36.06626],[-82.26273,36.06516]]},"properties":{"net":"sm2928","o":2}},{"type":"Feature","geometry":{"type":"LineString","coordinates":[[-82.26981,36.0919],[-82.26986,36.09184]]},"properties":{"net":"out","o":4}},{"type":"Feature","geometry":{"type":"LineString","coordinates":[[-82.26649,36.09398],[-82.26683,36.0935],[-82.26755,36.09281],[-82.26801,36.09265],[-82.26867,36.09223],[-82.26981,36.0919]]},"properties":{"net":"out","o":4}},{"type":"Feature","geometry":{"type":"LineString","coordinates":[[-82.26439,36.09643],[-82.26469,36.09584]]},"properties":{"net":"out","o":4}},{"type":"Feature","geometry":{"type":"LineString","coordinates":[[-82.26391,36.09703],[-82.26439,36.09643]]},"properties":{"net":"out","o":4}},{"type":"Feature","geometry":{"type":"LineString","coordinates":[[-82.09984,35.92984],[-82.10033,35.92998],[-82.10148,35.93012],[-82.10265,35.92993],[-82.10322,35.93],[-82.10341,35.93045],[-82.10346,35.93165],[-82.1029,35.93224],[-82.10287,35.93241],[-82.10264,35.93267]]},"properties":{"net":"out","o":5}},{"type":"Feature","geometry":{"type":"LineString","coordinates":[[-82.19827,35.93309],[-82.19734,35.9332],[-82.19699,35.93341],[-82.19676,35.93364],[-82.19658,35.93441],[-82.19703,35.93515],[-82.19787,35.936],[-82.19866,35.93711],[-82.19891,35.93724],[-82.20044,35.93753],[-82.20214,35.93813],[-82.20291,35.93861],[-82.20405,35.93976],[-82.20523,35.94047],[-82.20591,35.94073],[-82.20617,35.94102],[-82.20592,35.94192],[-82.20551,35.94267],[-82.20522,35.943],[-82.20492,35.94314],[-82.20362,35.9431],[-82.20306,35.94318]]},"properties":{"net":"out","o":5}},{"type":"Feature","geometry":{"type":"LineString","coordinates":[[-82.20306,35.94318],[-82.20224,35.94323],[-82.201,35.94308],[-82.20024,35.94278],[-82.19972,35.94268],[-82.19917,35.94269],[-82.19804,35.94295],[-82.19622,35.94278],[-82.19551,35.94295],[-82.19485,35.94287],[-82.19438,35.94271],[-82.19341,35.94209],[-82.19285,35.94145],[-82.19211,35.94028]]},"properties":{"net":"out","o":5}},{"type":"Feature","geometry":{"type":"LineString","coordinates":[[-82.18672,35.95831],[-82.18631,35.95862],[-82.18609,35.95907]]},"properties":{"net":"out","o":6}},{"type":"Feature","geometry":{"type":"LineString","coordinates":[[-82.19557,36.10614],[-82.19623,36.10533],[-82.19698,36.1041],[-82.1973,36.10333],[-82.19727,36.10286]]},"properties":{"net":"out","o":4}},{"type":"Feature","geometry":{"type":"LineString","coordinates":[[-82.14544,35.87794],[-82.1448,35.87928],[-82.14506,35.87988],[-82.14489,35.88043],[-82.14514,35.88084],[-82.14577,35.88127],[-82.14637,35.88215],[-82.1469,35.8826],[-82.14707,35.88292],[-82.1471,35.88332],[-82.147,35.88341],[-82.14681,35.88331],[-82.14664,35.88348],[-82.14659,35.88395],[-82.14685,35.88478],[-82.14734,35.88578],[-82.14682,35.88639]]},"properties":{"net":"out","o":4}},{"type":"Feature","geometry":{"type":"LineString","coordinates":[[-82.14818,35.91245],[-82.14872,35.91272],[-82.14918,35.9133],[-82.14974,35.91355],[-82.14998,35.91382],[-82.15013,35.91575],[-82.15002,35.91612],[-82.15018,35.91654],[-82.15035,35.91667],[-82.15059,35.91662],[-82.15121,35.91604],[-82.1515,35.91554],[-82.15165,35.91498],[-82.15199,35.91482],[-82.15329,35.91469]]},"properties":{"net":"out","o":4}},{"type":"Feature","geometry":{"type":"LineString","coordinates":[[-82.19604,35.99164],[-82.19653,35.99169]]},"properties":{"net":"out","o":6}},{"type":"Feature","geometry":{"type":"LineString","coordinates":[[-82.18654,36.01741],[-82.1868,36.017],[-82.18683,36.01646],[-82.18676,36.01621],[-82.18636,36.01587],[-82.1864,36.01535],[-82.18709,36.0142],[-82.1872,36.01348],[-82.1876,36.01268],[-82.18809,36.01186],[-82.18851,36.01155]]},"properties":{"net":"NC6250","o":4}},{"type":"Feature","geometry":{"type":"LineString","coordinates":[[-82.15435,36.01198],[-82.15483,36.01215],[-82.15726,36.01421],[-82.15793,36.01462]]},"properties":{"net":"NC6250","o":4}},{"type":"Feature","geometry":{"type":"LineString","coordinates":[[-82.00525,35.94598],[-82.00491,35.9454]]},"properties":{"net":"NC6575","o":4}},{"type":"Feature","geometry":{"type":"LineString","coordinates":[[-82.00005,36.06582],[-82.00008,36.06574]]},"properties":{"net":"NC6622","o":4}},{"type":"Feature","geometry":{"type":"LineString","coordinates":[[-82.37089,36.14672],[-82.37158,36.14696],[-82.37309,36.14684],[-82.37432,36.14685]]},"properties":{"net":"out","o":4}},{"type":"Feature","geometry":{"type":"LineString","coordinates":[[-82.3417,36.02205],[-82.34108,36.02186],[-82.34024,36.02093],[-82.34003,36.01992],[-82.34004,36.01936],[-82.33965,36.01856],[-82.33951,36.01854]]},"properties":{"net":"out","o":6}},{"type":"Feature","geometry":{"type":"LineString","coordinates":[[-82.34895,36.00184],[-82.34887,36.00245]]},"properties":{"net":"out","o":6}},{"type":"Feature","geometry":{"type":"LineString","coordinates":[[-82.34878,35.91157],[-82.35001,35.91335],[-82.35028,35.91353],[-82.35057,35.91479],[-82.35078,35.91484]]},"properties":{"net":"out","o":5}},{"type":"Feature","geometry":{"type":"LineString","coordinates":[[-82.34614,35.90798],[-82.34661,35.90899],[-82.34709,35.90965],[-82.34801,35.91051],[-82.34878,35.91157]]},"properties":{"net":"out","o":5}},{"type":"Feature","geometry":{"type":"LineString","coordinates":[[-82.35165,36.00204],[-82.35062,36.002]]},"properties":{"net":"out","o":6}},{"type":"Feature","geometry":{"type":"LineString","coordinates":[[-82.34887,36.00245],[-82.34839,36.00295],[-82.34808,36.00354]]},"properties":{"net":"out","o":6}},{"type":"Feature","geometry":{"type":"LineString","coordinates":[[-82.30747,36.21257],[-82.30759,36.21173],[-82.30794,36.21114],[-82.3099,36.20995],[-82.31091,36.20918]]},"properties":{"net":"out","o":4}},{"type":"Feature","geometry":{"type":"LineString","coordinates":[[-82.30708,36.06828],[-82.30651,36.06705],[-82.30591,36.06615]]},"properties":{"net":"out","o":4}},{"type":"Feature","geometry":{"type":"LineString","coordinates":[[-82.49144,36.20305],[-82.49134,36.20193],[-82.49208,36.20122],[-82.49226,36.20069],[-82.49279,36.20061],[-82.49291,36.20014],[-82.49308,36.2],[-82.4948,36.19957],[-82.49546,36.19916],[-82.49606,36.19897],[-82.49704,36.1983],[-82.49743,36.19853],[-82.49987,36.19748],[-82.50071,36.19726]]},"properties":{"net":"out","o":5}},{"type":"Feature","geometry":{"type":"LineString","coordinates":[[-82.39857,36.16585],[-82.39908,36.16513],[-82.39982,36.16457],[-82.40122,36.16408],[-82.40153,36.16353]]},"properties":{"net":"out","o":6}},{"type":"Feature","geometry":{"type":"LineString","coordinates":[[-82.53431,36.15566],[-82.5346,36.15592],[-82.53528,36.15694],[-82.53521,36.15784],[-82.53543,36.15889]]},"properties":{"net":"out","o":5}},{"type":"Feature","geometry":{"type":"LineString","coordinates":[[-82.89366,36.25814],[-82.89351,36.2577],[-82.89324,36.25743],[-82.89321,36.2573],[-82.89335,36.25704],[-82.8933,36.2568],[-82.89281,36.25644],[-82.89269,36.25614],[-82.89268,36.25597],[-82.89292,36.25542]]},"properties":{"net":"out","o":4}},{"type":"Feature","geometry":{"type":"LineString","coordinates":[[-82.17576,35.78494],[-82.17424,35.78354],[-82.17411,35.78311],[-82.17459,35.78282],[-82.17542,35.78256],[-82.17643,35.782],[-82.17784,35.78157],[-82.17985,35.78036],[-82.18035,35.77969],[-82.18151,35.77901],[-82.18188,35.77858],[-82.18208,35.77825],[-82.18218,35.77737],[-82.18211,35.77696],[-82.18159,35.77617],[-82.18176,35.77559],[-82.18161,35.77492],[-82.18166,35.77474],[-82.18213,35.77418],[-82.18258,35.77404],[-82.18272,35.77343],[-82.183,35.77323],[-82.18327,35.77285],[-82.18442,35.77222],[-82.18457,35.77159],[-82.18424,35.77106],[-82.18467,35.77064]]},"properties":{"net":"sm2671","o":2}},{"type":"Feature","geometry":{"type":"LineString","coordinates":[[-82.39451,35.97452],[-82.39529,35.9767],[-82.3953,35.97697]]},"properties":{"net":"out","o":5}},{"type":"Feature","geometry":{"type":"LineString","coordinates":[[-82.44198,36.00133],[-82.44173,36.00153],[-82.44072,36.00186]]},"properties":{"net":"sm2919","o":2}},{"type":"Feature","geometry":{"type":"LineString","coordinates":[[-82.58618,36.06193],[-82.5858,36.06082],[-82.58579,36.06052],[-82.58628,36.05958],[-82.58634,36.05924],[-82.58605,36.05868],[-82.58617,36.05785],[-82.5857,36.05648],[-82.58553,36.05547]]},"properties":{"net":"out","o":4}},{"type":"Feature","geometry":{"type":"LineString","coordinates":[[-82.18669,35.94397],[-82.18759,35.94448],[-82.1881,35.94465]]},"properties":{"net":"out","o":6}},{"type":"Feature","geometry":{"type":"LineString","coordinates":[[-83.07473,36.04216],[-83.0744,36.04256],[-83.0743,36.04299],[-83.0749,36.04336],[-83.07518,36.04386],[-83.07533,36.04397],[-83.07589,36.04404],[-83.07603,36.04414],[-83.07646,36.04509],[-83.0766,36.04572],[-83.07654,36.04589],[-83.07585,36.04639],[-83.07587,36.04672],[-83.07601,36.04702]]},"properties":{"net":"out","o":4}},{"type":"Feature","geometry":{"type":"LineString","coordinates":[[-83.13966,36.15698],[-83.13937,36.15763],[-83.1393,36.15802],[-83.13958,36.1588],[-83.13938,36.15968],[-83.13973,36.1603],[-83.14084,36.16125],[-83.14094,36.16223],[-83.14132,36.16289]]},"properties":{"net":"out","o":6}},{"type":"Feature","geometry":{"type":"LineString","coordinates":[[-82.85241,36.30192],[-82.85216,36.3014],[-82.85216,36.30048]]},"properties":{"net":"out","o":4}},{"type":"Feature","geometry":{"type":"LineString","coordinates":[[-82.28708,35.83581],[-82.28726,35.8351],[-82.28771,35.8341]]},"properties":{"net":"sm2921","o":2}},{"type":"Feature","geometry":{"type":"LineString","coordinates":[[-82.26987,35.90758],[-82.26921,35.90849],[-82.26847,35.9089]]},"properties":{"net":"sm2618","o":2}},{"type":"Feature","geometry":{"type":"LineString","coordinates":[[-82.01027,35.98601],[-82.01029,35.98584],[-82.01068,35.98545],[-82.01207,35.98525],[-82.01272,35.98493],[-82.01405,35.98458],[-82.01451,35.98431],[-82.01479,35.98402],[-82.01499,35.98296],[-82.01513,35.98265],[-82.01558,35.98198],[-82.01573,35.98189]]},"properties":{"net":"NC6575","o":4}},{"type":"Feature","geometry":{"type":"LineString","coordinates":[[-82.96184,36.15926],[-82.96137,36.15833],[-82.96134,36.15753]]},"properties":{"net":"out","o":4}},{"type":"Feature","geometry":{"type":"LineString","coordinates":[[-82.37432,36.14685],[-82.37486,36.14716],[-82.37556,36.14731]]},"properties":{"net":"out","o":4}},{"type":"Feature","geometry":{"type":"LineString","coordinates":[[-82.82395,36.22682],[-82.82418,36.22603],[-82.82426,36.225],[-82.82474,36.22426],[-82.82509,36.22391],[-82.82553,36.22365],[-82.8261,36.22306],[-82.82631,36.22299],[-82.82647,36.22312],[-82.82662,36.22311],[-82.82666,36.22291],[-82.827,36.22264],[-82.82725,36.22221],[-82.82885,36.22158],[-82.82916,36.22105],[-82.82924,36.22074],[-82.82948,36.22056],[-82.82988,36.22002]]},"properties":{"net":"out","o":5}},{"type":"Feature","geometry":{"type":"LineString","coordinates":[[-82.85131,36.07975],[-82.85163,36.07998],[-82.85203,36.08002],[-82.85256,36.08037],[-82.85291,36.08041],[-82.85322,36.08073],[-82.85357,36.08077],[-82.85376,36.08097],[-82.85503,36.08151],[-82.85529,36.08154],[-82.85588,36.08207],[-82.85657,36.08215]]},"properties":{"net":"out","o":7}},{"type":"Feature","geometry":{"type":"LineString","coordinates":[[-82.53085,36.13799],[-82.53045,36.13879],[-82.52914,36.13926],[-82.52902,36.13964],[-82.52908,36.14004]]},"properties":{"net":"out","o":5}},{"type":"Feature","geometry":{"type":"LineString","coordinates":[[-82.59372,36.12036],[-82.59475,36.1204],[-82.59519,36.12064],[-82.59557,36.12129],[-82.59651,36.12224],[-82.59625,36.12255],[-82.59673,36.12303]]},"properties":{"net":"out","o":4}},{"type":"Feature","geometry":{"type":"LineString","coordinates":[[-82.07309,36.07344],[-82.07378,36.07459],[-82.07422,36.07488],[-82.07472,36.07502],[-82.07545,36.075],[-82.07598,36.0751],[-82.07618,36.07517],[-82.07648,36.07546],[-82.07821,36.07603]]},"properties":{"net":"sm54736","o":1}},{"type":"Feature","geometry":{"type":"LineString","coordinates":[[-82.05736,35.88498],[-82.05854,35.88562],[-82.05895,35.88651],[-82.06041,35.88698],[-82.06089,35.88745]]},"properties":{"net":"NC61468","o":4}},{"type":"Feature","geometry":{"type":"LineString","coordinates":[[-82.97481,36.00706],[-82.9747,36.00749],[-82.97447,36.00788]]},"properties":{"net":"out","o":4}},{"type":"Feature","geometry":{"type":"LineString","coordinates":[[-82.25951,36.0707],[-82.25984,36.07055],[-82.26087,36.07045],[-82.26184,36.07015]]},"properties":{"net":"sm2928","o":1}},{"type":"Feature","geometry":{"type":"LineString","coordinates":[[-82.8751,36.22617],[-82.87571,36.22654],[-82.8759,36.22682]]},"properties":{"net":"out","o":5}},{"type":"Feature","geometry":{"type":"LineString","coordinates":[[-82.22209,35.84549],[-82.22059,35.84579],[-82.21805,35.84705],[-82.21704,35.84738],[-82.21577,35.84754],[-82.21287,35.84813],[-82.21114,35.84791],[-82.21076,35.84811],[-82.21041,35.84845],[-82.20877,35.84907],[-82.20464,35.85039],[-82.20323,35.85067],[-82.20155,35.85139],[-82.20041,35.85205],[-82.20024,35.85306],[-82.19996,35.85367],[-82.19807,35.85487],[-82.19635,35.85474],[-82.19539,35.85437],[-82.1951,35.85444],[-82.19487,35.8547]]},"properties":{"net":"sm2707","o":1}},{"type":"Feature","geometry":{"type":"LineString","coordinates":[[-82.40829,36.15708],[-82.4107,36.15645]]},"properties":{"net":"out","o":6}},{"type":"Feature","geometry":{"type":"LineString","coordinates":[[-82.64779,36.36668],[-82.64922,36.36634],[-82.65059,36.36565],[-82.6511,36.36602],[-82.65161,36.36599],[-82.65304,36.36519]]},"properties":{"net":"out","o":4}},{"type":"Feature","geometry":{"type":"LineString","coordinates":[[-82.43539,35.99617],[-82.43371,35.99738],[-82.43095,35.99847]]},"properties":{"net":"sm2919","o":1}},{"type":"Feature","geometry":{"type":"LineString","coordinates":[[-82.47614,36.0727],[-82.47634,36.0737],[-82.47643,36.07521],[-82.4767,36.07567]]},"properties":{"net":"out","o":4}},{"type":"Feature","geometry":{"type":"LineString","coordinates":[[-82.01889,35.99697],[-82.01813,35.99554],[-82.01797,35.99503]]},"properties":{"net":"NC6575","o":4}},{"type":"Feature","geometry":{"type":"LineString","coordinates":[[-83.098,36.16035],[-83.09816,36.15977],[-83.09807,36.159],[-83.09797,36.15894]]},"properties":{"net":"out","o":4}},{"type":"Feature","geometry":{"type":"LineString","coordinates":[[-82.25148,35.93248],[-82.25167,35.93133],[-82.25214,35.9303]]},"properties":{"net":"sm2618","o":3}},{"type":"Feature","geometry":{"type":"LineString","coordinates":[[-82.21678,36.04944],[-82.21678,36.04918],[-82.21698,36.04881],[-82.21729,36.04853],[-82.21761,36.04845]]},"properties":{"net":"out","o":4}},{"type":"Feature","geometry":{"type":"LineString","coordinates":[[-83.14306,36.13687],[-83.14541,36.139]]},"properties":{"net":"out","o":7}},{"type":"Feature","geometry":{"type":"LineString","coordinates":[[-82.00231,36.08079],[-82.00225,36.08033],[-82.00189,36.07985],[-82.00155,36.07898],[-82.00111,36.07842],[-82.00084,36.07771],[-82.00054,36.07735],[-82.00035,36.07642],[-82.0,36.07553],[-81.99945,36.07478],[-81.99936,36.0743]]},"properties":{"net":"NC6622","o":4}},{"type":"Feature","geometry":{"type":"LineString","coordinates":[[-81.9618,36.09628],[-81.96257,36.09604],[-81.96287,36.09582],[-81.96321,36.09534],[-81.96342,36.09447],[-81.96433,36.09393]]},"properties":{"net":"NC6622","o":4}},{"type":"Feature","geometry":{"type":"LineString","coordinates":[[-82.24985,35.90332],[-82.24606,35.90407]]},"properties":{"net":"sm2618","o":1}},{"type":"Feature","geometry":{"type":"LineString","coordinates":[[-82.66786,36.16223],[-82.66853,36.16218],[-82.66888,36.16249],[-82.66957,36.16235]]},"properties":{"net":"out","o":4}},{"type":"Feature","geometry":{"type":"LineString","coordinates":[[-83.01905,36.22729],[-83.01968,36.22732],[-83.02032,36.22674]]},"properties":{"net":"out","o":4}},{"type":"Feature","geometry":{"type":"LineString","coordinates":[[-82.43663,35.9999],[-82.43591,35.99994],[-82.43505,35.99978],[-82.43415,35.99976],[-82.43325,35.99928],[-82.4317,35.99887],[-82.43095,35.99847]]},"properties":{"net":"sm2919","o":3}},{"type":"Feature","geometry":{"type":"LineString","coordinates":[[-82.84973,36.00429],[-82.8501,36.0049],[-82.85126,36.00567],[-82.85142,36.00571],[-82.85213,36.00551],[-82.85271,36.00555],[-82.85315,36.00573],[-82.85365,36.00626],[-82.85433,36.00672],[-82.85456,36.00733],[-82.85439,36.00806],[-82.85447,36.00877]]},"properties":{"net":"out","o":4}},{"type":"Feature","geometry":{"type":"LineString","coordinates":[[-82.85262,36.22181],[-82.85328,36.22158],[-82.85335,36.22141],[-82.85319,36.22066],[-82.85263,36.22022],[-82.85268,36.21983],[-82.85291,36.21954]]},"properties":{"net":"out","o":5}},{"type":"Feature","geometry":{"type":"LineString","coordinates":[[-82.82876,36.29867],[-82.83045,36.29873],[-82.83055,36.29867],[-82.83323,36.29893],[-82.83366,36.29906]]},"properties":{"net":"out","o":6}},{"type":"Feature","geometry":{"type":"LineString","coordinates":[[-82.41594,35.97547],[-82.41577,35.97578],[-82.41561,35.97672],[-82.41507,35.97758],[-82.41465,35.97886],[-82.41414,35.9794],[-82.41391,35.98004],[-82.41355,35.98042]]},"properties":{"net":"sm2919","o":1}},{"type":"Feature","geometry":{"type":"LineString","coordinates":[[-82.83366,36.29906],[-82.83464,36.29945],[-82.83525,36.29981],[-82.8361,36.30041],[-82.83644,36.3008],[-82.83719,36.30118],[-82.83771,36.30157],[-82.83839,36.30239],[-82.83869,36.30249],[-82.83949,36.30255],[-82.83998,36.30285],[-82.84021,36.30288]]},"properties":{"net":"out","o":6}},{"type":"Feature","geometry":{"type":"LineString","coordinates":[[-82.86931,36.04438],[-82.86965,36.04436],[-82.87026,36.044],[-82.87083,36.0441],[-82.87093,36.04403],[-82.87094,36.04371],[-82.87125,36.04353],[-82.87319,36.04302],[-82.87402,36.04243],[-82.87441,36.04241],[-82.87567,36.04273]]},"properties":{"net":"out","o":5}},{"type":"Feature","geometry":{"type":"LineString","coordinates":[[-82.83877,36.02834],[-82.83902,36.02834],[-82.84057,36.02889],[-82.8413,36.02904]]},"properties":{"net":"out","o":4}},{"type":"Feature","geometry":{"type":"LineString","coordinates":[[-83.06738,36.09376],[-83.06756,36.09323],[-83.068,36.09274]]},"properties":{"net":"out","o":7}},{"type":"Feature","geometry":{"type":"LineString","coordinates":[[-82.49584,35.96911],[-82.49503,35.96938],[-82.49456,35.96965],[-82.49181,35.97021],[-82.48958,35.9714]]},"properties":{"net":"sm2919","o":2}},{"type":"Feature","geometry":{"type":"LineString","coordinates":[[-82.63209,36.26779],[-82.63031,36.26678],[-82.62993,36.2662],[-82.62905,36.26539]]},"properties":{"net":"out","o":5}},{"type":"Feature","geometry":{"type":"LineString","coordinates":[[-82.9405,36.02069],[-82.93979,36.02138]]},"properties":{"net":"out","o":4}},{"type":"Feature","geometry":{"type":"LineString","coordinates":[[-82.93079,36.07539],[-82.93197,36.07461]]},"properties":{"net":"out","o":7}},{"type":"Feature","geometry":{"type":"LineString","coordinates":[[-82.92338,36.16882],[-82.92377,36.16886],[-82.92522,36.16938]]},"properties":{"net":"out","o":5}},{"type":"Feature","geometry":{"type":"LineString","coordinates":[[-82.91626,36.1992],[-82.91555,36.19981],[-82.91535,36.20051],[-82.91446,36.20101]]},"properties":{"net":"out","o":4}},{"type":"Feature","geometry":{"type":"LineString","coordinates":[[-82.45397,36.0064],[-82.45116,36.0057],[-82.45004,36.00471]]},"properties":{"net":"sm2919","o":1}},{"type":"Feature","geometry":{"type":"LineString","coordinates":[[-82.28176,36.10986],[-82.28106,36.10947],[-82.27961,36.10901]]},"properties":{"net":"out","o":4}},{"type":"Feature","geometry":{"type":"LineString","coordinates":[[-82.20104,36.08654],[-82.20129,36.08619],[-82.20185,36.08597],[-82.20216,36.08564],[-82.20227,36.08518],[-82.20221,36.08465],[-82.20237,36.08431],[-82.20357,36.08387],[-82.20418,36.08303],[-82.20571,36.08136],[-82.20683,36.08053],[-82.20736,36.08],[-82.20852,36.07845]]},"properties":{"net":"out","o":4}},{"type":"Feature","geometry":{"type":"LineString","coordinates":[[-82.21678,36.04944],[-82.21761,36.04845]]},"properties":{"net":"out","o":4}},{"type":"Feature","geometry":{"type":"LineString","coordinates":[[-82.60046,36.30865],[-82.59942,36.30784],[-82.59924,36.30694],[-82.59888,36.30653]]},"properties":{"net":"out","o":4}},{"type":"Feature","geometry":{"type":"LineString","coordinates":[[-82.53744,36.17821],[-82.5382,36.17776],[-82.53838,36.17778],[-82.53868,36.17763],[-82.53951,36.17704],[-82.53976,36.17642],[-82.53986,36.17636],[-82.54005,36.1753],[-82.53975,36.17469],[-82.53977,36.17382],[-82.54094,36.17136],[-82.54223,36.17015]]},"properties":{"net":"out","o":7}},{"type":"Feature","geometry":{"type":"LineString","coordinates":[[-82.5745,36.02105],[-82.57338,36.02188],[-82.57217,36.02245]]},"properties":{"net":"out","o":4}},{"type":"Feature","geometry":{"type":"LineString","coordinates":[[-83.00463,36.12746],[-83.00496,36.12664],[-83.00572,36.12613],[-83.00751,36.12559],[-83.00813,36.12558],[-83.0103,36.12603],[-83.01079,36.12604]]},"properties":{"net":"out","o":5}},{"type":"Feature","geometry":{"type":"LineString","coordinates":[[-82.96254,36.09834],[-82.96305,36.09847],[-82.96344,36.09802],[-82.96394,36.09783],[-82.9648,36.09717],[-82.96583,36.09689],[-82.96708,36.09612],[-82.96816,36.0954],[-82.96828,36.09511]]},"properties":{"net":"out","o":4}},{"type":"Feature","geometry":{"type":"LineString","coordinates":[[-83.07193,36.17804],[-83.07277,36.17712],[-83.07306,36.17647],[-83.07359,36.17599],[-83.07371,36.1756],[-83.0736,36.1749],[-83.07444,36.17399],[-83.07457,36.17346],[-83.07411,36.17153],[-83.07315,36.17008]]},"properties":{"net":"out","o":6}},{"type":"Feature","geometry":{"type":"LineString","coordinates":[[-82.5297,36.15162],[-82.52998,36.15292],[-82.53035,36.15349],[-82.53097,36.15395]]},"properties":{"net":"out","o":5}},{"type":"Feature","geometry":{"type":"LineString","coordinates":[[-82.49125,36.08774],[-82.49046,36.08812],[-82.4895,36.08841],[-82.48829,36.08856],[-82.48696,36.08854]]},"properties":{"net":"out","o":6}},{"type":"Feature","geometry":{"type":"LineString","coordinates":[[-82.70667,36.38032],[-82.70643,36.37969],[-82.70638,36.37909],[-82.7062,36.3787],[-82.70626,36.37831]]},"properties":{"net":"out","o":4}},{"type":"Feature","geometry":{"type":"LineString","coordinates":[[-82.59642,36.05406],[-82.59343,36.05378],[-82.59263,36.054],[-82.59216,36.05435],[-82.59202,36.05463],[-82.59203,36.05505],[-82.59241,36.05597],[-82.59223,36.05618],[-82.59179,36.05629]]},"properties":{"net":"out","o":4}},{"type":"Feature","geometry":{"type":"LineString","coordinates":[[-82.78873,36.3219],[-82.78872,36.32193]]},"properties":{"net":"out","o":5}},{"type":"Feature","geometry":{"type":"LineString","coordinates":[[-82.86024,36.07266],[-82.86025,36.0726]]},"properties":{"net":"out","o":7}},{"type":"Feature","geometry":{"type":"LineString","coordinates":[[-82.73758,36.23518],[-82.73795,36.23497],[-82.73823,36.23497],[-82.7383,36.23487]]},"properties":{"net":"out","o":5}},{"type":"Feature","geometry":{"type":"LineString","coordinates":[[-82.20934,35.87517],[-82.2083,35.87431],[-82.20799,35.87422],[-82.20693,35.87425],[-82.20651,35.87417]]},"properties":{"net":"sm2726","o":1}},{"type":"Feature","geometry":{"type":"LineString","coordinates":[[-82.8009,36.33617],[-82.80127,36.3357],[-82.80123,36.33521],[-82.80061,36.3344],[-82.79965,36.33216],[-82.79903,36.33176]]},"properties":{"net":"out","o":4}},{"type":"Feature","geometry":{"type":"LineString","coordinates":[[-82.26998,35.92036],[-82.26932,35.91905],[-82.26918,35.91642],[-82.2687,35.9153]]},"properties":{"net":"sm2618","o":2}},{"type":"Feature","geometry":{"type":"LineString","coordinates":[[-82.4579,36.2201],[-82.45829,36.21929],[-82.45882,36.21914],[-82.45917,36.2188],[-82.45977,36.21847],[-82.46047,36.2182],[-82.46231,36.21807],[-82.46221,36.21732],[-82.46231,36.21712],[-82.46307,36.21722],[-82.46336,36.21684],[-82.46399,36.21666],[-82.46428,36.21645],[-82.46545,36.2164],[-82.46611,36.21625],[-82.46696,36.21584],[-82.46744,36.21545],[-82.46819,36.21585],[-82.46878,36.21542],[-82.47045,36.21507],[-82.4719,36.21494],[-82.47275,36.2146],[-82.47326,36.21394],[-82.47417,36.21395]]},"properties":{"net":"out","o":4}},{"type":"Feature","geometry":{"type":"LineString","coordinates":[[-82.44818,36.12099],[-82.44776,36.12124],[-82.44743,36.12185]]},"properties":{"net":"out","o":6}},{"type":"Feature","geometry":{"type":"LineString","coordinates":[[-83.06117,36.08515],[-83.06166,36.08625],[-83.06244,36.08694]]},"properties":{"net":"out","o":5}},{"type":"Feature","geometry":{"type":"LineString","coordinates":[[-82.20559,35.87425],[-82.20575,35.87472],[-82.20557,35.87542],[-82.20368,35.87733],[-82.20328,35.87757],[-82.20295,35.87764],[-82.20264,35.87761],[-82.20126,35.87672],[-82.20096,35.87665],[-82.1992,35.87518],[-82.19825,35.87514],[-82.19793,35.87521],[-82.19732,35.87558],[-82.19713,35.87584],[-82.19698,35.87694],[-82.19702,35.87771],[-82.19714,35.87801],[-82.19784,35.87889],[-82.19774,35.87945],[-82.19723,35.87975],[-82.19659,35.87979],[-82.19607,35.87969],[-82.19528,35.87927],[-82.19453,35.87846],[-82.1939,35.87821],[-82.19348,35.87776],[-82.19281,35.87675],[-82.19221,35.8761],[-82.19192,35.87592],[-82.19135,35.87582],[-82.18996,35.8758],[-82.1883,35.87597],[-82.18668,35.87693],[-82.18651,35.87709],[-82.18635,35.87751],[-82.18638,35.87805],[-82.18618,35.87918],[-82.1862,35.87955],[-82.1861,35.88011],[-82.18589,35.88049],[-82.18573,35.88159],[-82.18615,35.88326],[-82.18638,35.88372],[-82.18676,35.88413],[-82.18739,35.88438],[-82.18808,35.88504],[-82.18886,35.88502],[-82.18965,35.88461],[-82.19086,35.88446],[-82.19127,35.88418],[-82.19137,35.88387],[-82.19178,35.88363],[-82.19352,35.883],[-82.19403,35.88292],[-82.19565,35.88321],[-82.19681,35.88404],[-82.19823,35.88467],[-82.19865,35.88508],[-82.19873,35.88538],[-82.19856,35.8863],[-82.19833,35.88685],[-82.19804,35.88739],[-82.19758,35.88795],[-82.19707,35.88826],[-82.19583,35.88862],[-82.19522,35.88898],[-82.19389,35.89009],[-82.19318,35.89026],[-82.189,35.89016],[-82.18836,35.89045],[-82.18803,35.89077],[-82.18752,35.89107],[-82.18641,35.8914]]},"properties":{"net":"out","o":4}},{"type":"Feature","geometry":{"type":"LineString","coordinates":[[-82.25582,35.72195],[-82.25509,35.72172],[-82.25392,35.72156],[-82.25309,35.72177],[-82.25157,35.72168],[-82.24983,35.72188]]},"properties":{"net":"sm8031412","o":2}},{"type":"Feature","geometry":{"type":"LineString","coordinates":[[-82.18599,35.82731],[-82.18606,35.82736]]},"properties":{"net":"sm2689","o":1}},{"type":"Feature","geometry":{"type":"LineString","coordinates":[[-82.29265,35.92498],[-82.29239,35.92407],[-82.29212,35.92368],[-82.29134,35.92307],[-82.29055,35.92277],[-82.29018,35.92221]]},"properties":{"net":"sm2618","o":2}},{"type":"Feature","geometry":{"type":"LineString","coordinates":[[-82.54517,36.12297],[-82.54403,36.12331],[-82.54271,36.12387],[-82.54118,36.12415]]},"properties":{"net":"out","o":4}},{"type":"Feature","geometry":{"type":"LineString","coordinates":[[-82.39545,35.9534],[-82.39473,35.95345],[-82.39311,35.95312],[-82.39059,35.95278]]},"properties":{"net":"out","o":5}},{"type":"Feature","geometry":{"type":"LineString","coordinates":[[-82.91617,36.16357],[-82.9161,36.16398],[-82.91617,36.16438],[-82.91587,36.16548]]},"properties":{"net":"out","o":5}},{"type":"Feature","geometry":{"type":"LineString","coordinates":[[-82.47948,35.98667],[-82.47878,35.98621],[-82.47775,35.98584],[-82.47492,35.98542],[-82.47275,35.98465],[-82.47169,35.98407],[-82.47077,35.98308]]},"properties":{"net":"sm2919","o":2}},{"type":"Feature","geometry":{"type":"LineString","coordinates":[[-82.89733,36.09951],[-82.90004,36.09739],[-82.90358,36.09685],[-82.90516,36.09629]]},"properties":{"net":"out","o":4}},{"type":"Feature","geometry":{"type":"LineString","coordinates":[[-83.16488,36.11259],[-83.16671,36.11355],[-83.16827,36.11393],[-83.16953,36.11462]]},"properties":{"net":"out","o":4}},{"type":"Feature","geometry":{"type":"LineString","coordinates":[[-83.22479,36.14957],[-83.22542,36.14872],[-83.22572,36.14621]]},"properties":{"net":"out","o":7}},{"type":"Feature","geometry":{"type":"LineString","coordinates":[[-83.30061,36.11386],[-83.30046,36.11352],[-83.29992,36.11308],[-83.29899,36.11195],[-83.29742,36.11237],[-83.29668,36.11267],[-83.29563,36.11289]]},"properties":{"net":"out","o":4}},{"type":"Feature","geometry":{"type":"LineString","coordinates":[[-82.2138,35.74993],[-82.21389,35.75011]]},"properties":{"net":"sm2668","o":2}},{"type":"Feature","geometry":{"type":"LineString","coordinates":[[-82.66437,36.40354],[-82.66612,36.40277],[-82.66685,36.40256]]},"properties":{"net":"out","o":4}},{"type":"Feature","geometry":{"type":"LineString","coordinates":[[-82.43143,36.13356],[-82.43265,36.13421]]},"properties":{"net":"out","o":4}},{"type":"Feature","geometry":{"type":"LineString","coordinates":[[-82.3218,36.10229],[-82.32194,36.10199]]},"properties":{"net":"out","o":4}},{"type":"Feature","geometry":{"type":"LineString","coordinates":[[-82.23778,35.91508],[-82.23813,35.9147],[-82.23864,35.91384]]},"properties":{"net":"sm2618","o":2}},{"type":"Feature","geometry":{"type":"LineString","coordinates":[[-82.63176,36.22669],[-82.63212,36.22644],[-82.63332,36.22503],[-82.63405,36.22441]]},"properties":{"net":"out","o":5}},{"type":"Feature","geometry":{"type":"LineString","coordinates":[[-82.65519,36.25756],[-82.65508,36.25747]]},"properties":{"net":"out","o":4}},{"type":"Feature","geometry":{"type":"LineString","coordinates":[[-82.22379,35.75117],[-82.22279,35.75106]]},"properties":{"net":"sm3036","o":4}},{"type":"Feature","geometry":{"type":"LineString","coordinates":[[-82.98858,36.20717],[-82.98886,36.2068],[-82.98891,36.20652],[-82.98835,36.2061]]},"properties":{"net":"out","o":6}},{"type":"Feature","geometry":{"type":"LineString","coordinates":[[-82.76221,36.08681],[-82.76213,36.0869],[-82.76231,36.08751],[-82.76285,36.08813],[-82.7629,36.08848],[-82.76246,36.08915],[-82.76214,36.0893],[-82.76191,36.08965],[-82.76207,36.08986],[-82.76239,36.08997],[-82.76238,36.09026],[-82.7614,36.09071]]},"properties":{"net":"out","o":4}},{"type":"Feature","geometry":{"type":"LineString","coordinates":[[-82.28351,36.07759],[-82.28366,36.07737],[-82.28387,36.07634],[-82.28486,36.0754]]},"properties":{"net":"out","o":5}},{"type":"Feature","geometry":{"type":"LineString","coordinates":[[-82.02006,36.05914],[-82.02055,36.05891],[-82.02116,36.0588],[-82.02203,36.05826],[-82.02238,36.05786]]},"properties":{"net":"NC6622","o":4}},{"type":"Feature","geometry":{"type":"LineString","coordinates":[[-82.50332,36.06981],[-82.50369,36.07056]]},"properties":{"net":"out","o":5}},{"type":"Feature","geometry":{"type":"LineString","coordinates":[[-82.55234,36.03526],[-82.55146,36.03558],[-82.54998,36.03677],[-82.54837,36.03734],[-82.54771,36.03767]]},"properties":{"net":"out","o":5}},{"type":"Feature","geometry":{"type":"LineString","coordinates":[[-82.42516,35.99169],[-82.42497,35.99153],[-82.42241,35.99046]]},"properties":{"net":"sm2919","o":2}},{"type":"Feature","geometry":{"type":"LineString","coordinates":[[-82.87494,36.24261],[-82.87586,36.24258],[-82.87621,36.24247],[-82.87669,36.24188]]},"properties":{"net":"out","o":4}},{"type":"Feature","geometry":{"type":"LineString","coordinates":[[-82.6173,36.24106],[-82.61751,36.24079],[-82.61733,36.24034],[-82.61748,36.24002],[-82.61862,36.23999]]},"properties":{"net":"out","o":5}},{"type":"Feature","geometry":{"type":"LineString","coordinates":[[-82.12172,36.06027],[-82.12273,36.0606]]},"properties":{"net":"out","o":4}},{"type":"Feature","geometry":{"type":"LineString","coordinates":[[-82.7847,36.11656],[-82.78588,36.11655],[-82.7865,36.11637],[-82.78685,36.11616],[-82.78703,36.11592],[-82.78744,36.11384]]},"properties":{"net":"out","o":7}},{"type":"Feature","geometry":{"type":"LineString","coordinates":[[-82.31439,36.01137],[-82.31509,36.01164],[-82.31582,36.01216]]},"properties":{"net":"sm2930","o":2}},{"type":"Feature","geometry":{"type":"LineString","coordinates":[[-82.617,36.17387],[-82.61743,36.17399],[-82.61763,36.17441],[-82.61733,36.17636],[-82.61651,36.17915],[-82.6162,36.17987],[-82.6154,36.18058],[-82.61516,36.18091]]},"properties":{"net":"out","o":7}},{"type":"Feature","geometry":{"type":"LineString","coordinates":[[-82.59767,36.12545],[-82.59756,36.12613],[-82.59778,36.12675],[-82.59824,36.12757],[-82.59797,36.1283],[-82.59794,36.12913],[-82.59822,36.13],[-82.59793,36.13076],[-82.59801,36.13118],[-82.5985,36.1322],[-82.59858,36.13257],[-82.59861,36.13285],[-82.59848,36.13359]]},"properties":{"net":"out","o":4}},{"type":"Feature","geometry":{"type":"LineString","coordinates":[[-83.08091,36.12536],[-83.08164,36.12524],[-83.08268,36.126],[-83.0829,36.12706],[-83.08309,36.12738],[-83.08383,36.1278],[-83.08472,36.12864],[-83.08517,36.12891],[-83.08578,36.12946]]},"properties":{"net":"out","o":5}},{"type":"Feature","geometry":{"type":"LineString","coordinates":[[-82.26725,35.71819],[-82.26629,35.71857],[-82.26553,35.71979],[-82.26542,35.72067],[-82.26563,35.72153],[-82.26547,35.7219]]},"properties":{"net":"sm8031412","o":1}},{"type":"Feature","geometry":{"type":"LineString","coordinates":[[-82.24819,35.9157],[-82.2471,35.91563],[-82.24619,35.91574],[-82.24513,35.9155],[-82.24427,35.9151]]},"properties":{"net":"sm2618","o":4}},{"type":"Feature","geometry":{"type":"LineString","coordinates":[[-82.24985,36.02392],[-82.25159,36.02432]]},"properties":{"net":"out","o":5}},{"type":"Feature","geometry":{"type":"LineString","coordinates":[[-83.06785,36.06968],[-83.06711,36.0702],[-83.06657,36.07106],[-83.06535,36.07235],[-83.06484,36.07262],[-83.06452,36.07292],[-83.06422,36.07299],[-83.06408,36.0733],[-83.06333,36.07371],[-83.06311,36.07401],[-83.06289,36.07408],[-83.0629,36.0744],[-83.0628,36.07451],[-83.06237,36.07458],[-83.06225,36.07467]]},"properties":{"net":"out","o":5}},{"type":"Feature","geometry":{"type":"LineString","coordinates":[[-83.05222,36.10032],[-83.05158,36.09982],[-83.05087,36.09873],[-83.05069,36.09817],[-83.05086,36.09768],[-83.05084,36.09732],[-83.05054,36.09696],[-83.05063,36.09669]]},"properties":{"net":"out","o":4}},{"type":"Feature","geometry":{"type":"LineString","coordinates":[[-82.54683,36.17086],[-82.54705,36.17021]]},"properties":{"net":"out","o":4}},{"type":"Feature","geometry":{"type":"LineString","coordinates":[[-82.44422,36.03868],[-82.44491,36.03941],[-82.44522,36.04026],[-82.44578,36.04041],[-82.44646,36.0404],[-82.44718,36.03978],[-82.44741,36.03984],[-82.44806,36.04041],[-82.44869,36.04025],[-82.44991,36.04034],[-82.45061,36.0402],[-82.4509,36.04003],[-82.45108,36.0398]]},"properties":{"net":"out","o":4}},{"type":"Feature","geometry":{"type":"LineString","coordinates":[[-82.27827,36.10596],[-82.27846,36.10531],[-82.27839,36.10446],[-82.27863,36.10377]]},"properties":{"net":"out","o":4}},{"type":"Feature","geometry":{"type":"LineString","coordinates":[[-82.81533,36.0624],[-82.81635,36.06349],[-82.81665,36.06404],[-82.8168,36.06493],[-82.81643,36.06548],[-82.81644,36.06561],[-82.81684,36.0664],[-82.81765,36.06684],[-82.81805,36.06736],[-82.8182,36.06738],[-82.81863,36.06714],[-82.8192,36.06764]]},"properties":{"net":"out","o":4}},{"type":"Feature","geometry":{"type":"LineString","coordinates":[[-82.02265,36.02364],[-82.02244,36.0227],[-82.02182,36.02162],[-82.02189,36.02101],[-82.02225,36.01979],[-82.02208,36.01928]]},"properties":{"net":"NC6575","o":4}},{"type":"Feature","geometry":{"type":"LineString","coordinates":[[-82.70498,36.1814],[-82.70559,36.18135],[-82.70595,36.18114],[-82.70621,36.18117],[-82.70905,36.17947],[-82.71005,36.17896]]},"properties":{"net":"out","o":7}},{"type":"Feature","geometry":{"type":"LineString","coordinates":[[-82.32082,36.1771],[-82.32149,36.17729],[-82.32245,36.17793],[-82.32359,36.17795]]},"properties":{"net":"out","o":5}},{"type":"Feature","geometry":{"type":"LineString","coordinates":[[-82.99506,36.20225],[-82.99522,36.20177],[-82.99638,36.20078],[-82.99637,36.19984],[-82.99601,36.19901],[-82.99595,36.19806],[-82.99586,36.19791]]},"properties":{"net":"out","o":6}},{"type":"Feature","geometry":{"type":"LineString","coordinates":[[-82.76454,36.33437],[-82.765,36.33423],[-82.76631,36.33453]]},"properties":{"net":"out","o":6}},{"type":"Feature","geometry":{"type":"LineString","coordinates":[[-82.33322,35.90488],[-82.33393,35.9053],[-82.33501,35.90544],[-82.33662,35.90628],[-82.33778,35.90732],[-82.33837,35.90739],[-82.34019,35.90684],[-82.34167,35.90572],[-82.34255,35.90526]]},"properties":{"net":"out","o":5}},{"type":"Feature","geometry":{"type":"LineString","coordinates":[[-82.32705,36.02902],[-82.32739,36.02904]]},"properties":{"net":"out","o":6}},{"type":"Feature","geometry":{"type":"LineString","coordinates":[[-83.18562,36.17665],[-83.18638,36.17619],[-83.18721,36.17531],[-83.18795,36.17388],[-83.18801,36.17298],[-83.18794,36.17287],[-83.18795,36.17175],[-83.18756,36.17105]]},"properties":{"net":"out","o":7}},{"type":"Feature","geometry":{"type":"LineString","coordinates":[[-82.93673,36.02358],[-82.93611,36.024]]},"properties":{"net":"out","o":4}},{"type":"Feature","geometry":{"type":"LineString","coordinates":[[-82.46194,36.24238],[-82.46246,36.24247],[-82.46281,36.24223],[-82.46281,36.24203],[-82.46237,36.24172],[-82.46238,36.24141],[-82.4618,36.24123],[-82.46165,36.2411],[-82.46183,36.2406],[-82.46283,36.23899],[-82.46359,36.2386],[-82.46456,36.23877],[-82.4654,36.2388],[-82.4664,36.2386],[-82.4668,36.23835],[-82.46686,36.23809],[-82.46638,36.23769]]},"properties":{"net":"out","o":4}},{"type":"Feature","geometry":{"type":"LineString","coordinates":[[-83.02234,36.12015],[-83.02206,36.11988],[-83.0221,36.11963],[-83.02291,36.11914],[-83.02307,36.11848],[-83.02297,36.11825],[-83.02227,36.1176],[-83.02228,36.11727],[-83.02248,36.11715],[-83.02319,36.11726],[-83.02426,36.11785],[-83.02492,36.11853],[-83.02567,36.1189],[-83.02642,36.11949],[-83.02768,36.11981],[-83.02789,36.11994],[-83.02901,36.12154],[-83.02928,36.12157],[-83.02996,36.12117]]},"properties":{"net":"out","o":5}},{"type":"Feature","geometry":{"type":"LineString","coordinates":[[-82.38313,35.90917],[-82.38343,35.90999],[-82.38356,35.91066],[-82.38343,35.91133]]},"properties":{"net":"out","o":4}},{"type":"Feature","geometry":{"type":"LineString","coordinates":[[-82.98003,36.06303],[-82.9814,36.06322],[-82.98203,36.06347],[-82.98244,36.06376],[-82.98261,36.06378],[-82.98365,36.06487]]},"properties":{"net":"out","o":7}},{"type":"Feature","geometry":{"type":"LineString","coordinates":[[-82.57017,35.98512],[-82.56906,35.98538]]},"properties":{"net":"out","o":4}},{"type":"Feature","geometry":{"type":"LineString","coordinates":[[-83.07611,36.0631],[-83.0747,36.06474],[-83.07366,36.0656]]},"properties":{"net":"out","o":5}},{"type":"Feature","geometry":{"type":"LineString","coordinates":[[-82.96689,36.15399],[-82.96766,36.15451],[-82.96797,36.15454],[-82.96858,36.15414],[-82.96882,36.15384],[-82.96912,36.15233],[-82.96979,36.15208]]},"properties":{"net":"out","o":5}},{"type":"Feature","geometry":{"type":"LineString","coordinates":[[-82.44812,36.1067],[-82.44804,36.10713],[-82.44817,36.10815],[-82.44811,36.10851],[-82.44832,36.11012]]},"properties":{"net":"out","o":7}},{"type":"Feature","geometry":{"type":"LineString","coordinates":[[-82.90616,36.07454],[-82.90715,36.07447],[-82.90793,36.07416],[-82.90919,36.07423],[-82.91067,36.07403],[-82.91187,36.07362],[-82.91213,36.07343],[-82.91215,36.0733]]},"properties":{"net":"out","o":7}},{"type":"Feature","geometry":{"type":"LineString","coordinates":[[-82.54792,36.0283],[-82.54738,36.02915]]},"properties":{"net":"out","o":5}},{"type":"Feature","geometry":{"type":"LineString","coordinates":[[-82.98993,36.14266],[-82.99126,36.14186]]},"properties":{"net":"out","o":5}},{"type":"Feature","geometry":{"type":"LineString","coordinates":[[-82.4675,36.10728],[-82.46631,36.10805]]},"properties":{"net":"out","o":6}},{"type":"Feature","geometry":{"type":"LineString","coordinates":[[-83.12349,36.12254],[-83.12438,36.1226],[-83.12463,36.12245],[-83.12533,36.12251],[-83.12579,36.12242],[-83.12647,36.12245],[-83.12991,36.12294]]},"properties":{"net":"out","o":7}},{"type":"Feature","geometry":{"type":"LineString","coordinates":[[-82.32739,36.02904],[-82.33026,36.0294],[-82.33113,36.02961],[-82.33128,36.02952],[-82.33182,36.02955],[-82.33229,36.02946],[-82.33278,36.02922],[-82.33364,36.029],[-82.33408,36.02905],[-82.33442,36.02894],[-82.33496,36.02897]]},"properties":{"net":"out","o":7}},{"type":"Feature","geometry":{"type":"LineString","coordinates":[[-83.01397,36.24453],[-83.01486,36.24338],[-83.01563,36.24264],[-83.01601,36.24199],[-83.01633,36.24172]]},"properties":{"net":"out","o":4}},{"type":"Feature","geometry":{"type":"LineString","coordinates":[[-82.57782,36.15039],[-82.57918,36.15037],[-82.58097,36.15051]]},"properties":{"net":"out","o":7}},{"type":"Feature","geometry":{"type":"LineString","coordinates":[[-82.4542,36.22458],[-82.45411,36.22382],[-82.45426,36.22352],[-82.45466,36.2231],[-82.45565,36.22264],[-82.45669,36.22181],[-82.4573,36.22087],[-82.4574,36.22037],[-82.4579,36.2201]]},"properties":{"net":"out","o":4}},{"type":"Feature","geometry":{"type":"LineString","coordinates":[[-82.56186,36.00771],[-82.56165,36.00793]]},"properties":{"net":"out","o":4}},{"type":"Feature","geometry":{"type":"LineString","coordinates":[[-82.41282,36.15437],[-82.41464,36.15312],[-82.41664,36.15126],[-82.41786,36.15053]]},"properties":{"net":"out","o":6}},{"type":"Feature","geometry":{"type":"LineString","coordinates":[[-83.04697,36.09164],[-83.04774,36.09165],[-83.04835,36.09179],[-83.04897,36.09214],[-83.04973,36.09295],[-83.05031,36.09409],[-83.05011,36.09551],[-83.0503,36.09625],[-83.05063,36.09669]]},"properties":{"net":"out","o":7}},{"type":"Feature","geometry":{"type":"LineString","coordinates":[[-82.50866,36.06798],[-82.5083,36.06841]]},"properties":{"net":"out","o":6}},{"type":"Feature","geometry":{"type":"LineString","coordinates":[[-82.7231,36.22645],[-82.72332,36.22629],[-82.72327,36.22594],[-82.72345,36.22565],[-82.7234,36.22528],[-82.72361,36.22487],[-82.72496,36.22307],[-82.72525,36.22286]]},"properties":{"net":"out","o":4}},{"type":"Feature","geometry":{"type":"LineString","coordinates":[[-82.71723,36.13778],[-82.71854,36.13825]]},"properties":{"net":"out","o":4}},{"type":"Feature","geometry":{"type":"LineString","coordinates":[[-82.69299,36.37996],[-82.69318,36.37962],[-82.69401,36.37917],[-82.69531,36.37907],[-82.69599,36.37915],[-82.69629,36.37896],[-82.69654,36.37866],[-82.69652,36.37832],[-82.69669,36.37816],[-82.6964,36.37719],[-82.69684,36.37657]]},"properties":{"net":"out","o":5}},{"type":"Feature","geometry":{"type":"LineString","coordinates":[[-82.14658,35.94026],[-82.14694,35.94004],[-82.14722,35.93972],[-82.14743,35.93859],[-82.14719,35.93791],[-82.14669,35.93723],[-82.14611,35.93543],[-82.1459,35.93462],[-82.14604,35.93362],[-82.14652,35.93324],[-82.14724,35.93322],[-82.1484,35.93298]]},"properties":{"net":"out","o":5}},{"type":"Feature","geometry":{"type":"LineString","coordinates":[[-82.25776,36.07446],[-82.25784,36.07274]]},"properties":{"net":"sm2928","o":1}},{"type":"Feature","geometry":{"type":"LineString","coordinates":[[-82.35046,36.08333],[-82.35076,36.0833],[-82.35114,36.08371]]},"properties":{"net":"out","o":4}},{"type":"Feature","geometry":{"type":"LineString","coordinates":[[-82.55154,36.03391],[-82.55192,36.03405],[-82.55217,36.0343],[-82.55242,36.03487],[-82.55234,36.03526]]},"properties":{"net":"out","o":5}},{"type":"Feature","geometry":{"type":"LineString","coordinates":[[-82.42714,35.99169],[-82.42597,35.99192],[-82.42516,35.99169]]},"properties":{"net":"sm2919","o":2}},{"type":"Feature","geometry":{"type":"LineString","coordinates":[[-82.59568,36.21156],[-82.59675,36.21174],[-82.59714,36.21169]]},"properties":{"net":"out","o":4}},{"type":"Feature","geometry":{"type":"LineString","coordinates":[[-82.71584,36.36197],[-82.71626,36.36224],[-82.71659,36.36229]]},"properties":{"net":"out","o":5}},{"type":"Feature","geometry":{"type":"LineString","coordinates":[[-82.29591,35.97407],[-82.29657,35.9744],[-82.29674,35.97471],[-82.29674,35.97492],[-82.29617,35.97524],[-82.29616,35.97545],[-82.2967,35.97596],[-82.29706,35.97695],[-82.29749,35.9774]]},"properties":{"net":"out","o":4}},{"type":"Feature","geometry":{"type":"LineString","coordinates":[[-82.27546,35.90175],[-82.27486,35.90254],[-82.27432,35.90308],[-82.27385,35.90335],[-82.27292,35.90355],[-82.27221,35.90409],[-82.27167,35.90474],[-82.27072,35.90504],[-82.27031,35.90538],[-82.27006,35.90632],[-82.27,35.90739],[-82.26987,35.90758]]},"properties":{"net":"sm2618","o":1}},{"type":"Feature","geometry":{"type":"LineString","coordinates":[[-82.88122,36.19366],[-82.88101,36.19362]]},"properties":{"net":"out","o":4}},{"type":"Feature","geometry":{"type":"LineString","coordinates":[[-82.39026,35.89817],[-82.38915,35.8995],[-82.38896,35.90004],[-82.38832,35.90056],[-82.38814,35.90132],[-82.38763,35.90181],[-82.38698,35.90302],[-82.38679,35.90316],[-82.38617,35.90323],[-82.38598,35.90377],[-82.38567,35.90422]]},"properties":{"net":"out","o":4}},{"type":"Feature","geometry":{"type":"LineString","coordinates":[[-82.91991,36.07091],[-82.92051,36.07155],[-82.92074,36.07204],[-82.92115,36.07255],[-82.92128,36.07257],[-82.92182,36.0731],[-82.92239,36.07348],[-82.92362,36.07398]]},"properties":{"net":"out","o":7}},{"type":"Feature","geometry":{"type":"LineString","coordinates":[[-83.13073,36.1007],[-83.13176,36.10137],[-83.13211,36.10149],[-83.13251,36.10151],[-83.13354,36.10137],[-83.13442,36.1015]]},"properties":{"net":"out","o":4}},{"type":"Feature","geometry":{"type":"LineString","coordinates":[[-82.57689,36.34046],[-82.57692,36.34043]]},"properties":{"net":"out","o":4}},{"type":"Feature","geometry":{"type":"LineString","coordinates":[[-83.02366,36.07478],[-83.02325,36.07599],[-83.02256,36.07715]]},"properties":{"net":"out","o":4}},{"type":"Feature","geometry":{"type":"LineString","coordinates":[[-82.52208,36.18754],[-82.52284,36.18734],[-82.52429,36.18733]]},"properties":{"net":"out","o":7}},{"type":"Feature","geometry":{"type":"LineString","coordinates":[[-82.20566,35.80385],[-82.20574,35.80486],[-82.20555,35.80566],[-82.20522,35.80599],[-82.20451,35.80641],[-82.2039,35.80655],[-82.20271,35.80638],[-82.20199,35.80615],[-82.20092,35.80606],[-82.20055,35.80613],[-82.19998,35.80649],[-82.19911,35.80743]]},"properties":{"net":"sm2676","o":4}},{"type":"Feature","geometry":{"type":"LineString","coordinates":[[-82.19911,35.80743],[-82.19851,35.80838],[-82.19783,35.81014],[-82.19774,35.81064],[-82.19725,35.81168]]},"properties":{"net":"sm2689","o":4}},{"type":"Feature","geometry":{"type":"LineString","coordinates":[[-82.72571,36.32839],[-82.72623,36.32861],[-82.72716,36.32858],[-82.72757,36.32844],[-82.72792,36.32815],[-82.72954,36.32772],[-82.73127,36.32751],[-82.73322,36.32762],[-82.73439,36.32715],[-82.73604,36.32688],[-82.73663,36.327],[-82.73845,36.3282],[-82.73939,36.32851]]},"properties":{"net":"out","o":4}},{"type":"Feature","geometry":{"type":"LineString","coordinates":[[-82.32183,35.87824],[-82.32259,35.87978],[-82.32338,35.88091]]},"properties":{"net":"NC3200","o":4}},{"type":"Feature","geometry":{"type":"LineString","coordinates":[[-82.4373,36.14206],[-82.43831,36.14146],[-82.43946,36.14112],[-82.43988,36.14117]]},"properties":{"net":"out","o":7}},{"type":"Feature","geometry":{"type":"LineString","coordinates":[[-83.13148,36.14922],[-83.13225,36.14979],[-83.13354,36.1504],[-83.13484,36.15155],[-83.13608,36.15201],[-83.13623,36.15217],[-83.13727,36.15271],[-83.13774,36.15316],[-83.1382,36.1539],[-83.1388,36.15448]]},"properties":{"net":"out","o":6}},{"type":"Feature","geometry":{"type":"LineString","coordinates":[[-82.48412,36.15673],[-82.4833,36.15719],[-82.48268,36.15735],[-82.48209,36.15766],[-82.48139,36.15773],[-82.48035,36.15807],[-82.47969,36.15813],[-82.47934,36.1583],[-82.47936,36.15855],[-82.47959,36.15876],[-82.47959,36.15948],[-82.47935,36.16005],[-82.47888,36.16072],[-82.4788,36.16122]]},"properties":{"net":"out","o":4}},{"type":"Feature","geometry":{"type":"LineString","coordinates":[[-83.1759,36.12666],[-83.17681,36.12607],[-83.17783,36.12564],[-83.17975,36.12531]]},"properties":{"net":"out","o":7}},{"type":"Feature","geometry":{"type":"LineString","coordinates":[[-82.4883,36.15516],[-82.48794,36.1552],[-82.48754,36.15553]]},"properties":{"net":"out","o":4}},{"type":"Feature","geometry":{"type":"LineString","coordinates":[[-82.42368,36.085],[-82.42405,36.08598],[-82.42417,36.08708],[-82.4241,36.08718]]},"properties":{"net":"out","o":7}},{"type":"Feature","geometry":{"type":"LineString","coordinates":[[-82.40582,35.87768],[-82.40553,35.87794],[-82.40426,35.87863],[-82.40302,35.8796],[-82.40268,35.88003],[-82.4022,35.88042],[-82.40195,35.88116],[-82.40167,35.8815],[-82.40159,35.8818]]},"properties":{"net":"out","o":4}},{"type":"Feature","geometry":{"type":"LineString","coordinates":[[-82.48692,36.08844],[-82.48696,36.08854]]},"properties":{"net":"out","o":4}},{"type":"Feature","geometry":{"type":"LineString","coordinates":[[-82.63174,36.26862],[-82.63123,36.26835]]},"properties":{"net":"out","o":5}},{"type":"Feature","geometry":{"type":"LineString","coordinates":[[-82.74305,36.22677],[-82.74331,36.22648]]},"properties":{"net":"out","o":5}},{"type":"Feature","geometry":{"type":"LineString","coordinates":[[-82.72945,36.14492],[-82.7296,36.14515],[-82.73076,36.14612],[-82.73169,36.1472],[-82.7328,36.14806],[-82.73319,36.14822],[-82.73412,36.14817],[-82.73447,36.14823],[-82.73516,36.14879],[-82.73561,36.14898]]},"properties":{"net":"out","o":4}},{"type":"Feature","geometry":{"type":"LineString","coordinates":[[-82.76025,36.29743],[-82.75967,36.29797],[-82.75955,36.29828],[-82.75958,36.29849],[-82.76024,36.29898],[-82.76026,36.29926],[-82.76011,36.29966]]},"properties":{"net":"out","o":4}},{"type":"Feature","geometry":{"type":"LineString","coordinates":[[-82.45185,35.98923],[-82.45136,35.98888],[-82.45056,35.9881],[-82.45029,35.98764],[-82.44963,35.98699],[-82.44925,35.98646],[-82.44904,35.98609],[-82.4492,35.98489],[-82.44899,35.98435]]},"properties":{"net":"sm2919","o":3}},{"type":"Feature","geometry":{"type":"LineString","coordinates":[[-83.05877,36.12699],[-83.06069,36.12696]]},"properties":{"net":"out","o":5}},{"type":"Feature","geometry":{"type":"LineString","coordinates":[[-83.06207,36.15186],[-83.06223,36.15158]]},"properties":{"net":"out","o":6}},{"type":"Feature","geometry":{"type":"LineString","coordinates":[[-82.52962,36.15128],[-82.5297,36.15162]]},"properties":{"net":"out","o":5}},{"type":"Feature","geometry":{"type":"LineString","coordinates":[[-82.60136,36.31354],[-82.60093,36.31302],[-82.60084,36.31265],[-82.60091,36.31238],[-82.60155,36.31206],[-82.60201,36.31165],[-82.60252,36.31182],[-82.60263,36.31158],[-82.60263,36.31111],[-82.60224,36.31017],[-82.60165,36.30936],[-82.60109,36.30888],[-82.60046,36.30865]]},"properties":{"net":"out","o":4}},{"type":"Feature","geometry":{"type":"LineString","coordinates":[[-82.54382,36.04088],[-82.54336,36.04116],[-82.54247,36.04219],[-82.54155,36.0427],[-82.54128,36.04301],[-82.54123,36.04348],[-82.54138,36.04373],[-82.54238,36.04426],[-82.54255,36.04448],[-82.54262,36.04502],[-82.54242,36.04561],[-82.54221,36.04587],[-82.5416,36.04624],[-82.54072,36.04626]]},"properties":{"net":"out","o":6}},{"type":"Feature","geometry":{"type":"LineString","coordinates":[[-82.24427,35.9151],[-82.24322,35.91477],[-82.24241,35.91486],[-82.24197,35.91481],[-82.24172,35.91458]]},"properties":{"net":"sm2618","o":4}},{"type":"Feature","geometry":{"type":"LineString","coordinates":[[-82.25724,35.89868],[-82.25781,35.89938],[-82.25798,35.89982]]},"properties":{"net":"sm2618","o":3}},{"type":"Feature","geometry":{"type":"LineString","coordinates":[[-83.05279,36.12404],[-83.05306,36.1241],[-83.05425,36.125],[-83.05439,36.12522],[-83.05434,36.12709],[-83.05453,36.12729],[-83.05495,36.12735]]},"properties":{"net":"out","o":5}},{"type":"Feature","geometry":{"type":"LineString","coordinates":[[-83.0795,36.05077],[-83.07975,36.05097],[-83.081,36.05148],[-83.0818,36.05204],[-83.08184,36.05222],[-83.08148,36.05291],[-83.08147,36.05312]]},"properties":{"net":"out","o":5}},{"type":"Feature","geometry":{"type":"LineString","coordinates":[[-82.7845,36.34038],[-82.78476,36.33962],[-82.78511,36.33925]]},"properties":{"net":"out","o":4}},{"type":"Feature","geometry":{"type":"LineString","coordinates":[[-82.20865,36.07829],[-82.20893,36.07636],[-82.2089,36.07566]]},"properties":{"net":"out","o":4}},{"type":"Feature","geometry":{"type":"LineString","coordinates":[[-82.84201,36.31802],[-82.84173,36.31714],[-82.84121,36.3167],[-82.84099,36.31634],[-82.841,36.31557]]},"properties":{"net":"out","o":5}},{"type":"Feature","geometry":{"type":"LineString","coordinates":[[-82.24047,35.84029],[-82.24013,35.84007],[-82.2395,35.83984],[-82.23871,35.83974],[-82.23796,35.83981],[-82.23664,35.8396],[-82.23462,35.83905],[-82.23232,35.83857],[-82.23146,35.83811],[-82.2291,35.83719],[-82.22641,35.83765],[-82.2249,35.83765],[-82.22426,35.83762],[-82.2219,35.83717],[-82.21803,35.83697],[-82.21709,35.83683],[-82.21616,35.83684],[-82.21485,35.83638],[-82.21391,35.83648],[-82.21335,35.83628],[-82.21273,35.83627],[-82.21114,35.83644]]},"properties":{"net":"sm2716","o":1}},{"type":"Feature","geometry":{"type":"LineString","coordinates":[[-82.21114,35.83644],[-82.20995,35.83638],[-82.20898,35.83607],[-82.20801,35.83555],[-82.2054,35.83492],[-82.20505,35.83494],[-82.20357,35.83465],[-82.2027,35.83468],[-82.20186,35.83395],[-82.20054,35.83317],[-82.19914,35.83276],[-82.19804,35.83258],[-82.19703,35.83218]]},"properties":{"net":"sm2681","o":1}},{"type":"Feature","geometry":{"type":"LineString","coordinates":[[-82.18467,35.77064],[-82.18464,35.77043],[-82.18477,35.77015],[-82.18531,35.7693]]},"properties":{"net":"sm2671","o":2}},{"type":"Feature","geometry":{"type":"LineString","coordinates":[[-82.21519,35.74121],[-82.21488,35.74169],[-82.21389,35.74451]]},"properties":{"net":"sm2668","o":2}},{"type":"Feature","geometry":{"type":"LineString","coordinates":[[-82.44454,36.12774],[-82.44433,36.12814],[-82.44394,36.12844]]},"properties":{"net":"out","o":7}},{"type":"Feature","geometry":{"type":"LineString","coordinates":[[-82.43926,36.13123],[-82.43653,36.1327],[-82.43627,36.13267],[-82.43492,36.13338],[-82.43465,36.13335],[-82.43313,36.13426],[-82.43288,36.13453]]},"properties":{"net":"out","o":7}},{"type":"Feature","geometry":{"type":"LineString","coordinates":[[-82.50463,36.25892],[-82.50507,36.25875],[-82.50594,36.25922],[-82.50608,36.25895],[-82.50609,36.25837],[-82.5066,36.25809],[-82.50699,36.25761],[-82.50785,36.25772],[-82.50831,36.25756],[-82.50882,36.25755],[-82.50914,36.25728],[-82.50937,36.25724],[-82.50973,36.25735],[-82.50993,36.25774],[-82.51018,36.25763]]},"properties":{"net":"out","o":4}},{"type":"Feature","geometry":{"type":"LineString","coordinates":[[-82.59714,36.21169],[-82.59755,36.21183],[-82.59953,36.21188],[-82.59996,36.21206],[-82.60036,36.21205],[-82.60065,36.21171],[-82.60137,36.21158],[-82.60174,36.21139],[-82.60176,36.21113],[-82.60217,36.2105],[-82.60307,36.21022],[-82.60325,36.21008]]},"properties":{"net":"out","o":4}},{"type":"Feature","geometry":{"type":"LineString","coordinates":[[-82.67639,36.39347],[-82.67647,36.39295],[-82.67682,36.39265],[-82.67752,36.39172],[-82.67837,36.39105],[-82.67931,36.3907],[-82.67982,36.39034]]},"properties":{"net":"out","o":5}},{"type":"Feature","geometry":{"type":"LineString","coordinates":[[-82.29871,35.87199],[-82.30081,35.87365]]},"properties":{"net":"NC3200","o":4}},{"type":"Feature","geometry":{"type":"LineString","coordinates":[[-82.26902,35.94149],[-82.26893,35.94057],[-82.26855,35.93967],[-82.26816,35.93912],[-82.26816,35.93854]]},"properties":{"net":"sm2618","o":1}},{"type":"Feature","geometry":{"type":"LineString","coordinates":[[-82.19158,35.9718],[-82.19116,35.97359],[-82.19129,35.97513]]},"properties":{"net":"out","o":6}},{"type":"Feature","geometry":{"type":"LineString","coordinates":[[-82.20037,35.75013],[-82.20048,35.75075],[-82.20019,35.7513],[-82.20009,35.75192],[-82.1998,35.75239],[-82.19903,35.75293],[-82.19746,35.75333],[-82.19646,35.75346],[-82.19604,35.75342],[-82.19494,35.75306],[-82.19356,35.75299],[-82.19328,35.75303],[-82.19181,35.75375]]},"properties":{"net":"sm2670","o":1}},{"type":"Feature","geometry":{"type":"LineString","coordinates":[[-82.16523,36.05362],[-82.16615,36.05419],[-82.16699,36.05427],[-82.16843,36.05379],[-82.16919,36.05389],[-82.17003,36.0538],[-82.17104,36.05326],[-82.17136,36.05324],[-82.17178,36.05335]]},"properties":{"net":"out","o":4}},{"type":"Feature","geometry":{"type":"LineString","coordinates":[[-82.19768,35.79609],[-82.19802,35.79606],[-82.19844,35.79584],[-82.1989,35.79574],[-82.19961,35.79534]]},"properties":{"net":"sm2676","o":2}},{"type":"Feature","geometry":{"type":"LineString","coordinates":[[-83.07252,36.03941],[-83.0731,36.03966],[-83.07434,36.04042]]},"properties":{"net":"out","o":4}},{"type":"Feature","geometry":{"type":"LineString","coordinates":[[-82.71005,36.17896],[-82.7105,36.17869],[-82.71055,36.17844],[-82.71078,36.17814],[-82.71203,36.17753],[-82.71288,36.17759],[-82.71385,36.17795],[-82.71479,36.17805],[-82.71505,36.17793]]},"properties":{"net":"out","o":7}},{"type":"Feature","geometry":{"type":"LineString","coordinates":[[-83.23606,36.09562],[-83.23283,36.0923],[-83.23232,36.0915],[-83.23147,36.09068],[-83.22953,36.08772]]},"properties":{"net":"out","o":7}},{"type":"Feature","geometry":{"type":"LineString","coordinates":[[-82.78374,36.31515],[-82.78388,36.31536]]},"properties":{"net":"out","o":5}},{"type":"Feature","geometry":{"type":"LineString","coordinates":[[-82.96525,36.2882],[-82.9666,36.2874],[-82.96738,36.28712],[-82.96838,36.28607],[-82.96932,36.28551],[-82.9695,36.28518],[-82.96943,36.28486],[-82.96958,36.28469],[-82.96945,36.28437],[-82.9701,36.2839]]},"properties":{"net":"out","o":4}},{"type":"Feature","geometry":{"type":"LineString","coordinates":[[-82.88918,36.04845],[-82.88919,36.04852]]},"properties":{"net":"out","o":4}},{"type":"Feature","geometry":{"type":"LineString","coordinates":[[-83.09715,36.16962],[-83.09607,36.16727],[-83.09544,36.16709]]},"properties":{"net":"out","o":4}},{"type":"Feature","geometry":{"type":"LineString","coordinates":[[-83.07315,36.17008],[-83.07291,36.16917],[-83.0719,36.16715],[-83.07,36.16503],[-83.06894,36.16434],[-83.06847,36.16425]]},"properties":{"net":"out","o":6}},{"type":"Feature","geometry":{"type":"LineString","coordinates":[[-82.28051,35.91547],[-82.27804,35.91641],[-82.27686,35.91752],[-82.27613,35.91775]]},"properties":{"net":"sm2618","o":4}},{"type":"Feature","geometry":{"type":"LineString","coordinates":[[-82.06089,35.88745],[-82.06128,35.88754],[-82.06142,35.88781],[-82.06159,35.88793],[-82.06209,35.88784],[-82.06251,35.88792]]},"properties":{"net":"NC61468","o":4}},{"type":"Feature","geometry":{"type":"LineString","coordinates":[[-83.11731,36.23091],[-83.11741,36.23085],[-83.11748,36.23043],[-83.1186,36.22947],[-83.11947,36.229],[-83.12006,36.22853],[-83.12116,36.22805]]},"properties":{"net":"out","o":4}},{"type":"Feature","geometry":{"type":"LineString","coordinates":[[-82.53132,36.04991],[-82.53163,36.05034],[-82.53174,36.05108],[-82.53161,36.05196],[-82.53128,36.05275],[-82.53077,36.05319],[-82.52992,36.05331],[-82.52845,36.05326],[-82.52757,36.0537]]},"properties":{"net":"out","o":6}},{"type":"Feature","geometry":{"type":"LineString","coordinates":[[-82.91991,36.07091],[-82.92093,36.07105]]},"properties":{"net":"out","o":7}},{"type":"Feature","geometry":{"type":"LineString","coordinates":[[-83.16503,36.09997],[-83.16497,36.10151],[-83.16454,36.10303],[-83.16453,36.10324],[-83.16471,36.10363]]},"properties":{"net":"out","o":4}},{"type":"Feature","geometry":{"type":"LineString","coordinates":[[-83.014,36.24788],[-83.0151,36.24684],[-83.01529,36.24614],[-83.01512,36.2457],[-83.01397,36.24453]]},"properties":{"net":"out","o":4}},{"type":"Feature","geometry":{"type":"LineString","coordinates":[[-82.8002,36.33772],[-82.79991,36.33747]]},"properties":{"net":"out","o":4}},{"type":"Feature","geometry":{"type":"LineString","coordinates":[[-82.37399,36.00992],[-82.37252,36.00919],[-82.37184,36.00869]]},"properties":{"net":"out","o":6}},{"type":"Feature","geometry":{"type":"LineString","coordinates":[[-82.85286,36.25147],[-82.85384,36.25097]]},"properties":{"net":"out","o":4}}]}