{"type":"FeatureCollection","features":[{"type":"Feature","geometry":{"type":"LineString","coordinates":[[-82.44273,36.35608],[-82.44292,36.35628],[-82.44291,36.35647],[-82.4422,36.35726]]},"properties":{"net":"out","o":4}},{"type":"Feature","geometry":{"type":"LineString","coordinates":[[-82.42765,36.37432],[-82.42741,36.37468],[-82.42704,36.37477],[-82.42658,36.37538],[-82.42663,36.37589],[-82.42628,36.37618],[-82.42635,36.37651],[-82.42657,36.3768],[-82.42659,36.37714],[-82.42566,36.3781],[-82.42537,36.37892],[-82.42531,36.37946]]},"properties":{"net":"out","o":4}},{"type":"Feature","geometry":{"type":"LineString","coordinates":[[-82.42531,36.37946],[-82.42495,36.37973],[-82.42375,36.38009],[-82.42343,36.38042],[-82.42297,36.38059],[-82.42262,36.38092],[-82.42202,36.38119],[-82.42173,36.38167],[-82.42086,36.38226],[-82.41889,36.38288],[-82.41832,36.38291],[-82.41715,36.38226],[-82.41595,36.38247],[-82.41565,36.38233],[-82.41532,36.38196]]},"properties":{"net":"out","o":4}},{"type":"Feature","geometry":{"type":"LineString","coordinates":[[-82.3027,36.29323],[-82.30214,36.29354],[-82.30085,36.29468],[-82.30003,36.29511],[-82.29871,36.29636],[-82.29853,36.29681],[-82.29879,36.29762]]},"properties":{"net":"out","o":5}},{"type":"Feature","geometry":{"type":"LineString","coordinates":[[-82.30072,36.33483],[-82.30034,36.33576],[-82.29956,36.33673]]},"properties":{"net":"out","o":4}},{"type":"Feature","geometry":{"type":"LineString","coordinates":[[-82.29103,36.35791],[-82.29196,36.35802],[-82.29285,36.35837],[-82.29355,36.35881],[-82.29408,36.35938],[-82.29439,36.36014],[-82.2944,36.36111],[-82.29458,36.36138],[-82.29458,36.3616],[-82.29491,36.36229],[-82.29572,36.36332],[-82.29551,36.36445]]},"properties":{"net":"out","o":7}},{"type":"Feature","geometry":{"type":"LineString","coordinates":[[-82.2881,36.37653],[-82.28792,36.3761],[-82.28762,36.37575],[-82.28785,36.37511],[-82.28826,36.37442],[-82.28939,36.37373],[-82.28982,36.37355],[-82.29025,36.37353],[-82.29055,36.37336],[-82.29069,36.37316],[-82.29071,36.37265],[-82.29085,36.37236],[-82.29124,36.37181],[-82.29189,36.37126],[-82.29213,36.37112],[-82.29264,36.37111],[-82.29329,36.37156],[-82.29375,36.37169],[-82.29428,36.37171],[-82.29465,36.37136],[-82.29525,36.37039],[-82.29546,36.37019],[-82.29659,36.36926],[-82.29762,36.36887]]},"properties":{"net":"out","o":4}},{"type":"Feature","geometry":{"type":"LineString","coordinates":[[-82.39597,36.39111],[-82.39518,36.39065],[-82.39443,36.39056],[-82.39422,36.39068],[-82.39391,36.39065],[-82.39317,36.39096],[-82.39094,36.3907],[-82.39069,36.39086],[-82.38972,36.39071],[-82.38964,36.39063],[-82.38931,36.3907],[-82.38887,36.39061]]},"properties":{"net":"out","o":4}},{"type":"Feature","geometry":{"type":"LineString","coordinates":[[-82.38738,36.39166],[-82.38696,36.39247]]},"properties":{"net":"out","o":4}},{"type":"Feature","geometry":{"type":"LineString","coordinates":[[-82.38203,36.41021],[-82.38238,36.4104],[-82.38286,36.41114],[-82.38263,36.4124],[-82.37884,36.41591],[-82.37826,36.41625]]},"properties":{"net":"out","o":7}},{"type":"Feature","geometry":{"type":"LineString","coordinates":[[-82.3694,36.26949],[-82.36922,36.27032],[-82.36903,36.27055],[-82.3689,36.271],[-82.36889,36.27209]]},"properties":{"net":"out","o":4}},{"type":"Feature","geometry":{"type":"LineString","coordinates":[[-82.03628,36.45201],[-82.03654,36.45179]]},"properties":{"net":"out","o":5}},{"type":"Feature","geometry":{"type":"LineString","coordinates":[[-82.03332,36.45838],[-82.03347,36.45788],[-82.03353,36.45703]]},"properties":{"net":"out","o":4}},{"type":"Feature","geometry":{"type":"LineString","coordinates":[[-82.36886,36.26711],[-82.36877,36.26757],[-82.36904,36.26827],[-82.36904,36.26889],[-82.3694,36.26949]]},"properties":{"net":"out","o":4}},{"type":"Feature","geometry":{"type":"LineString","coordinates":[[-82.02822,36.35433],[-82.02876,36.35263]]},"properties":{"net":"out","o":4}},{"type":"Feature","geometry":{"type":"LineString","coordinates":[[-82.02263,36.34599],[-82.02249,36.34579],[-82.02252,36.34561]]},"properties":{"net":"out","o":5}},{"type":"Feature","geometry":{"type":"LineString","coordinates":[[-82.34005,36.39968],[-82.34103,36.39947],[-82.34247,36.39864]]},"properties":{"net":"out","o":7}},{"type":"Feature","geometry":{"type":"LineString","coordinates":[[-82.32445,36.24055],[-82.32419,36.24093]]},"properties":{"net":"out","o":4}},{"type":"Feature","geometry":{"type":"LineString","coordinates":[[-82.32317,36.24333],[-82.32328,36.24404],[-82.32278,36.24566],[-82.32227,36.24692]]},"properties":{"net":"out","o":4}},{"type":"Feature","geometry":{"type":"LineString","coordinates":[[-82.3207,36.31939],[-82.3197,36.31979],[-82.31934,36.32019],[-82.31917,36.32071],[-82.31854,36.32092],[-82.31805,36.32148],[-82.31764,36.32162],[-82.31717,36.32154],[-82.31699,36.32161],[-82.31503,36.32285],[-82.31341,36.32343],[-82.31299,36.32383],[-82.31266,36.32466],[-82.31208,36.32526]]},"properties":{"net":"out","o":4}},{"type":"Feature","geometry":{"type":"LineString","coordinates":[[-82.31208,36.32526],[-82.3115,36.32582],[-82.31136,36.32573],[-82.31124,36.32528],[-82.31102,36.3252],[-82.30975,36.32563],[-82.30921,36.3265],[-82.30848,36.32676],[-82.30845,36.32722],[-82.30831,36.32743],[-82.30804,36.32757],[-82.30765,36.32756],[-82.30745,36.3277],[-82.3071,36.32837]]},"properties":{"net":"out","o":4}},{"type":"Feature","geometry":{"type":"LineString","coordinates":[[-81.82542,36.43173],[-81.82434,36.43102],[-81.82361,36.43035],[-81.82335,36.43005],[-81.82332,36.42971]]},"properties":{"net":"out","o":4}},{"type":"Feature","geometry":{"type":"LineString","coordinates":[[-82.26798,36.24171],[-82.26785,36.24214],[-82.26783,36.24276],[-82.26762,36.24331],[-82.26766,36.24355]]},"properties":{"net":"out","o":4}},{"type":"Feature","geometry":{"type":"LineString","coordinates":[[-82.28514,36.31329],[-82.28376,36.3141],[-82.28289,36.31424]]},"properties":{"net":"out","o":5}},{"type":"Feature","geometry":{"type":"LineString","coordinates":[[-82.20469,36.33896],[-82.2048,36.33896],[-82.20505,36.33927],[-82.20544,36.3395]]},"properties":{"net":"out","o":6}},{"type":"Feature","geometry":{"type":"LineString","coordinates":[[-82.19689,36.3582],[-82.1974,36.35806]]},"properties":{"net":"out","o":7}},{"type":"Feature","geometry":{"type":"LineString","coordinates":[[-81.75837,36.38884],[-81.75829,36.38929],[-81.75764,36.38984],[-81.75742,36.39016]]},"properties":{"net":"out","o":4}},{"type":"Feature","geometry":{"type":"LineString","coordinates":[[-82.28189,36.31467],[-82.28149,36.31495],[-82.2813,36.31542],[-82.28105,36.31741],[-82.28027,36.31839]]},"properties":{"net":"out","o":5}},{"type":"Feature","geometry":{"type":"LineString","coordinates":[[-82.27078,36.32837],[-82.27118,36.32899]]},"properties":{"net":"out","o":5}},{"type":"Feature","geometry":{"type":"LineString","coordinates":[[-81.83256,36.36709],[-81.83303,36.36728],[-81.83519,36.36878],[-81.83593,36.36939],[-81.83622,36.36993]]},"properties":{"net":"out","o":4}},{"type":"Feature","geometry":{"type":"LineString","coordinates":[[-81.84678,36.39803],[-81.84688,36.39784]]},"properties":{"net":"out","o":6}},{"type":"Feature","geometry":{"type":"LineString","coordinates":[[-82.21086,36.19757],[-82.21045,36.19791],[-82.20954,36.19912],[-82.20891,36.19971],[-82.20882,36.20001],[-82.20839,36.20052],[-82.20817,36.20155],[-82.208,36.2018],[-82.2078,36.20188],[-82.20726,36.20184],[-82.2069,36.20133],[-82.20652,36.20114],[-82.20509,36.20086],[-82.20423,36.20084]]},"properties":{"net":"out","o":4}},{"type":"Feature","geometry":{"type":"LineString","coordinates":[[-81.74665,36.17906],[-81.74673,36.17917]]},"properties":{"net":"NC6242","o":4}},{"type":"Feature","geometry":{"type":"LineString","coordinates":[[-81.81406,36.33334],[-81.8148,36.33328]]},"properties":{"net":"out","o":4}},{"type":"Feature","geometry":{"type":"LineString","coordinates":[[-82.24254,36.35482],[-82.24264,36.35414]]},"properties":{"net":"out","o":7}},{"type":"Feature","geometry":{"type":"LineString","coordinates":[[-82.18944,36.24212],[-82.19058,36.24322]]},"properties":{"net":"out","o":5}},{"type":"Feature","geometry":{"type":"LineString","coordinates":[[-82.21192,36.34788],[-82.2122,36.34784],[-82.21236,36.34797]]},"properties":{"net":"out","o":6}},{"type":"Feature","geometry":{"type":"LineString","coordinates":[[-82.20869,36.35539],[-82.21062,36.35614],[-82.21171,36.35641],[-82.21262,36.35691],[-82.21289,36.35691],[-82.21322,36.35707]]},"properties":{"net":"out","o":7}},{"type":"Feature","geometry":{"type":"LineString","coordinates":[[-82.20516,36.34127],[-82.20521,36.34158],[-82.20554,36.34205],[-82.20683,36.34317],[-82.20779,36.34361],[-82.2091,36.34391],[-82.2103,36.3448],[-82.21155,36.34618],[-82.21168,36.34695],[-82.21192,36.34759],[-82.21192,36.34788]]},"properties":{"net":"out","o":6}},{"type":"Feature","geometry":{"type":"LineString","coordinates":[[-82.18885,36.24005],[-82.18951,36.2411],[-82.18944,36.24212]]},"properties":{"net":"out","o":5}},{"type":"Feature","geometry":{"type":"LineString","coordinates":[[-81.73107,36.27928],[-81.73151,36.27976],[-81.73226,36.28013],[-81.73266,36.28063],[-81.73319,36.28091],[-81.73385,36.2815],[-81.73439,36.28175],[-81.73582,36.28209],[-81.7367,36.28211],[-81.73743,36.28199],[-81.73774,36.28164],[-81.73844,36.28147],[-81.73892,36.28109],[-81.73978,36.28093],[-81.74041,36.28068],[-81.74118,36.28084],[-81.74195,36.28133],[-81.74264,36.28151],[-81.74289,36.28151],[-81.74369,36.28116],[-81.74435,36.28121]]},"properties":{"net":"sm54741","o":1}},{"type":"Feature","geometry":{"type":"LineString","coordinates":[[-82.17543,36.27428],[-82.17552,36.27426]]},"properties":{"net":"out","o":5}},{"type":"Feature","geometry":{"type":"LineString","coordinates":[[-82.17925,36.2968],[-82.18023,36.29612],[-82.18132,36.29517],[-82.18185,36.29498],[-82.18268,36.29518],[-82.18332,36.29591],[-82.18338,36.29631],[-82.18415,36.2973]]},"properties":{"net":"out","o":6}},{"type":"Feature","geometry":{"type":"LineString","coordinates":[[-82.17856,36.28145],[-82.17786,36.28213],[-82.17623,36.28284],[-82.17525,36.28348]]},"properties":{"net":"out","o":6}},{"type":"Feature","geometry":{"type":"LineString","coordinates":[[-82.15481,36.3637],[-82.15647,36.36509],[-82.15692,36.36525],[-82.15858,36.36502],[-82.1615,36.36587],[-82.16261,36.36599],[-82.16361,36.36589],[-82.1641,36.36599],[-82.16485,36.36629],[-82.16559,36.36683],[-82.16652,36.36798],[-82.16674,36.36814],[-82.16742,36.36833]]},"properties":{"net":"out","o":7}},{"type":"Feature","geometry":{"type":"LineString","coordinates":[[-82.07869,36.20212],[-82.07917,36.20212],[-82.08015,36.20245],[-82.08145,36.20257],[-82.08258,36.20234],[-82.08372,36.20182],[-82.08485,36.20181],[-82.08669,36.20098],[-82.08865,36.20127]]},"properties":{"net":"out","o":5}},{"type":"Feature","geometry":{"type":"LineString","coordinates":[[-82.04381,36.44717],[-82.04396,36.44652]]},"properties":{"net":"out","o":5}},{"type":"Feature","geometry":{"type":"LineString","coordinates":[[-82.10091,36.20264],[-82.10172,36.20276],[-82.10514,36.2025],[-82.1057,36.20262],[-82.1064,36.20296]]},"properties":{"net":"out","o":5}},{"type":"Feature","geometry":{"type":"LineString","coordinates":[[-82.1147,36.2588],[-82.11518,36.25992],[-82.11581,36.26062],[-82.1166,36.26184]]},"properties":{"net":"out","o":4}},{"type":"Feature","geometry":{"type":"LineString","coordinates":[[-82.10261,36.3188],[-82.10321,36.31898]]},"properties":{"net":"out","o":7}},{"type":"Feature","geometry":{"type":"LineString","coordinates":[[-82.15753,36.23479],[-82.15775,36.23522],[-82.15768,36.23561],[-82.15723,36.23584],[-82.15666,36.23599],[-82.15594,36.23594],[-82.15434,36.23529],[-82.15385,36.23523],[-82.15353,36.23545],[-82.15327,36.23592],[-82.15319,36.23631],[-82.15331,36.23643],[-82.15397,36.23651],[-82.15413,36.23667],[-82.15419,36.23729],[-82.15437,36.23778],[-82.15498,36.23869]]},"properties":{"net":"out","o":5}},{"type":"Feature","geometry":{"type":"LineString","coordinates":[[-82.15015,36.25051],[-82.15075,36.25089],[-82.15097,36.25092],[-82.15127,36.25074],[-82.15156,36.25041],[-82.15184,36.25037],[-82.15239,36.25087],[-82.1528,36.25109],[-82.1534,36.25127],[-82.15403,36.25131],[-82.15521,36.25083],[-82.15597,36.25038],[-82.15632,36.25],[-82.15674,36.24983],[-82.15718,36.24988],[-82.15796,36.25058]]},"properties":{"net":"out","o":5}},{"type":"Feature","geometry":{"type":"LineString","coordinates":[[-82.15405,36.28564],[-82.15414,36.28561]]},"properties":{"net":"out","o":4}},{"type":"Feature","geometry":{"type":"LineString","coordinates":[[-82.11072,36.39637],[-82.11109,36.39612],[-82.1114,36.39607],[-82.11254,36.39647],[-82.11311,36.39652],[-82.11348,36.3964],[-82.11374,36.39618]]},"properties":{"net":"out","o":5}},{"type":"Feature","geometry":{"type":"LineString","coordinates":[[-82.12819,36.2699],[-82.12967,36.27097],[-82.13009,36.27097],[-82.1302,36.27087],[-82.1303,36.27074],[-82.13033,36.27044],[-82.13011,36.27006],[-82.12962,36.26982],[-82.12912,36.26972],[-82.12891,36.26938],[-82.12898,36.26864],[-82.12936,36.26834],[-82.12958,36.2683],[-82.13001,36.26866],[-82.13019,36.26915],[-82.13131,36.26963],[-82.13188,36.27031],[-82.13218,36.27049],[-82.13227,36.27082],[-82.13255,36.27098],[-82.13278,36.2709],[-82.133,36.27059],[-82.13287,36.26983],[-82.13305,36.26953],[-82.13344,36.26935],[-82.13362,36.26936],[-82.13443,36.26982],[-82.13462,36.26974],[-82.1349,36.26925],[-82.13517,36.26925],[-82.13532,36.26981],[-82.13603,36.27068],[-82.13603,36.27106],[-82.13674,36.27251],[-82.13679,36.27297],[-82.13664,36.27331],[-82.13622,36.27353],[-82.13592,36.27356],[-82.13523,36.27336],[-82.13493,36.27275],[-82.1346,36.27253],[-82.13416,36.27261],[-82.13397,36.27277],[-82.13385,36.27296],[-82.13387,36.27333],[-82.1349,36.27479]]},"properties":{"net":"out","o":4}},{"type":"Feature","geometry":{"type":"LineString","coordinates":[[-82.12485,36.39001],[-82.1267,36.38926],[-82.12752,36.38906]]},"properties":{"net":"out","o":5}},{"type":"Feature","geometry":{"type":"LineString","coordinates":[[-82.14953,36.34824],[-82.15021,36.34872],[-82.15092,36.3488],[-82.15147,36.34904],[-82.1529,36.3499]]},"properties":{"net":"out","o":7}},{"type":"Feature","geometry":{"type":"LineString","coordinates":[[-81.89704,36.37923],[-81.89722,36.37976],[-81.89718,36.37997],[-81.89732,36.38067],[-81.89733,36.38111],[-81.89719,36.38131]]},"properties":{"net":"out","o":6}},{"type":"Feature","geometry":{"type":"LineString","coordinates":[[-81.88982,36.37714],[-81.89073,36.3765],[-81.89122,36.3763],[-81.89199,36.37611],[-81.89277,36.37611]]},"properties":{"net":"out","o":6}},{"type":"Feature","geometry":{"type":"LineString","coordinates":[[-81.91056,36.39373],[-81.91058,36.39362]]},"properties":{"net":"out","o":6}},{"type":"Feature","geometry":{"type":"LineString","coordinates":[[-81.92229,36.38262],[-81.92217,36.38207],[-81.92275,36.38163],[-81.92371,36.38063],[-81.92404,36.38012],[-81.92401,36.37956]]},"properties":{"net":"out","o":6}},{"type":"Feature","geometry":{"type":"LineString","coordinates":[[-81.92114,36.38424],[-81.92202,36.38288],[-81.92229,36.38262]]},"properties":{"net":"out","o":6}},{"type":"Feature","geometry":{"type":"LineString","coordinates":[[-81.96643,36.39196],[-81.96678,36.39119],[-81.96748,36.39046]]},"properties":{"net":"out","o":6}},{"type":"Feature","geometry":{"type":"LineString","coordinates":[[-81.96424,36.40082],[-81.96478,36.4004]]},"properties":{"net":"out","o":6}},{"type":"Feature","geometry":{"type":"LineString","coordinates":[[-81.95548,36.38331],[-81.95429,36.38363],[-81.95295,36.38374]]},"properties":{"net":"out","o":6}},{"type":"Feature","geometry":{"type":"LineString","coordinates":[[-81.99897,36.28471],[-81.99912,36.28487],[-81.99979,36.28517],[-82.00016,36.28522],[-82.00283,36.28647],[-82.00356,36.28721],[-82.00457,36.28765],[-82.0054,36.28854],[-82.00541,36.28876]]},"properties":{"net":"out","o":4}},{"type":"Feature","geometry":{"type":"LineString","coordinates":[[-81.97491,36.20334],[-81.97515,36.20376],[-81.97564,36.20429],[-81.97674,36.20522],[-81.97964,36.20821]]},"properties":{"net":"out","o":4}},{"type":"Feature","geometry":{"type":"LineString","coordinates":[[-81.97964,36.20821],[-81.97903,36.20848],[-81.97775,36.20855],[-81.97662,36.20882],[-81.97456,36.21005],[-81.97366,36.21049],[-81.9733,36.21095],[-81.97312,36.21143],[-81.97308,36.2119],[-81.97319,36.21278],[-81.97305,36.21284]]},"properties":{"net":"out","o":4}},{"type":"Feature","geometry":{"type":"LineString","coordinates":[[-81.906,36.43857],[-81.90689,36.43699]]},"properties":{"net":"out","o":5}},{"type":"Feature","geometry":{"type":"LineString","coordinates":[[-81.89934,36.43902],[-81.89945,36.43925],[-81.89955,36.44011],[-81.8997,36.44042],[-81.90027,36.44112],[-81.90106,36.4415],[-81.90108,36.44199],[-81.90151,36.44266],[-81.90187,36.44361],[-81.90202,36.4438],[-81.90253,36.444],[-81.90373,36.44494],[-81.90397,36.445],[-81.90516,36.44482],[-81.90662,36.44386],[-81.90704,36.44339],[-81.90827,36.44301],[-81.90846,36.44245]]},"properties":{"net":"out","o":4}},{"type":"Feature","geometry":{"type":"LineString","coordinates":[[-81.96047,36.4124],[-81.9609,36.41111],[-81.96105,36.41009],[-81.96138,36.40935]]},"properties":{"net":"out","o":6}},{"type":"Feature","geometry":{"type":"LineString","coordinates":[[-81.95557,36.41714],[-81.95622,36.41677],[-81.9563,36.41658],[-81.95622,36.41631]]},"properties":{"net":"out","o":6}},{"type":"Feature","geometry":{"type":"LineString","coordinates":[[-81.87894,36.26495],[-81.87974,36.26495],[-81.88041,36.26525],[-81.88097,36.26589],[-81.8811,36.26714],[-81.88173,36.26786],[-81.88248,36.26846],[-81.88322,36.26887],[-81.88426,36.26917]]},"properties":{"net":"out","o":6}},{"type":"Feature","geometry":{"type":"LineString","coordinates":[[-82.00753,36.36306],[-82.00818,36.36281],[-82.00859,36.36245],[-82.00858,36.36167]]},"properties":{"net":"out","o":4}},{"type":"Feature","geometry":{"type":"LineString","coordinates":[[-82.00038,36.38346],[-82.00081,36.38296],[-82.00146,36.38248],[-82.002,36.38172],[-82.00283,36.38098],[-82.00309,36.38026],[-82.00399,36.37932]]},"properties":{"net":"out","o":4}},{"type":"Feature","geometry":{"type":"LineString","coordinates":[[-81.98079,36.24277],[-81.98049,36.2439],[-81.9802,36.24451],[-81.97982,36.24602],[-81.97934,36.24669],[-81.97919,36.24721],[-81.97696,36.24922],[-81.9766,36.24968],[-81.97583,36.25028],[-81.97569,36.25082]]},"properties":{"net":"out","o":4}},{"type":"Feature","geometry":{"type":"LineString","coordinates":[[-81.98895,36.27049],[-81.98854,36.27052],[-81.98817,36.2708]]},"properties":{"net":"out","o":4}},{"type":"Feature","geometry":{"type":"LineString","coordinates":[[-81.99024,36.27701],[-81.99094,36.27737],[-81.99243,36.27766],[-81.99286,36.27803],[-81.99294,36.27833],[-81.99283,36.27893],[-81.99255,36.27944],[-81.99228,36.27966],[-81.99195,36.2802],[-81.99176,36.28075]]},"properties":{"net":"out","o":4}},{"type":"Feature","geometry":{"type":"LineString","coordinates":[[-81.88035,36.37983],[-81.88094,36.37977],[-81.88149,36.37984]]},"properties":{"net":"out","o":6}},{"type":"Feature","geometry":{"type":"LineString","coordinates":[[-82.00628,36.46355],[-82.00674,36.46324],[-82.00837,36.46254],[-82.00869,36.46221]]},"properties":{"net":"out","o":5}},{"type":"Feature","geometry":{"type":"LineString","coordinates":[[-81.99947,36.47276],[-82.00023,36.47227]]},"properties":{"net":"out","o":4}},{"type":"Feature","geometry":{"type":"LineString","coordinates":[[-81.896,36.25617],[-81.89614,36.25665],[-81.8964,36.25687],[-81.89759,36.25717],[-81.89788,36.2574],[-81.89782,36.25757],[-81.89758,36.25772],[-81.89597,36.2581],[-81.89578,36.25842],[-81.89597,36.25923],[-81.8955,36.26009],[-81.89556,36.26053],[-81.89589,36.26096],[-81.89666,36.26117],[-81.89699,36.26154]]},"properties":{"net":"out","o":4}},{"type":"Feature","geometry":{"type":"LineString","coordinates":[[-81.90698,36.27834],[-81.90756,36.27862],[-81.90906,36.28006]]},"properties":{"net":"out","o":6}},{"type":"Feature","geometry":{"type":"LineString","coordinates":[[-81.89853,36.27878],[-81.8991,36.27939],[-81.89961,36.28028],[-81.90026,36.28097],[-81.90076,36.28117],[-81.90116,36.28122]]},"properties":{"net":"out","o":6}},{"type":"Feature","geometry":{"type":"LineString","coordinates":[[-81.97134,36.22021],[-81.97132,36.22057],[-81.97151,36.22103],[-81.97146,36.22131],[-81.97125,36.22143],[-81.97012,36.22166],[-81.9696,36.22203],[-81.96856,36.22368],[-81.96858,36.22433],[-81.96895,36.22477],[-81.9702,36.22535],[-81.97064,36.22594],[-81.97064,36.22616],[-81.97106,36.22686],[-81.97117,36.22745],[-81.97105,36.22812],[-81.97077,36.22888],[-81.97107,36.22946],[-81.97177,36.22958],[-81.97381,36.2296],[-81.97462,36.22973]]},"properties":{"net":"out","o":4}},{"type":"Feature","geometry":{"type":"LineString","coordinates":[[-81.92713,36.37648],[-81.92824,36.37589],[-81.92888,36.37568]]},"properties":{"net":"out","o":6}},{"type":"Feature","geometry":{"type":"LineString","coordinates":[[-81.84803,36.25404],[-81.84856,36.25436]]},"properties":{"net":"out","o":6}},{"type":"Feature","geometry":{"type":"LineString","coordinates":[[-81.93613,36.28829],[-81.93686,36.2885]]},"properties":{"net":"out","o":6}},{"type":"Feature","geometry":{"type":"LineString","coordinates":[[-81.92984,36.28726],[-81.93149,36.28738],[-81.93346,36.2878],[-81.93506,36.28799],[-81.93554,36.28808],[-81.93606,36.28834]]},"properties":{"net":"out","o":6}},{"type":"Feature","geometry":{"type":"LineString","coordinates":[[-81.94506,36.31488],[-81.94512,36.31507],[-81.9463,36.31629],[-81.94752,36.31658],[-81.94775,36.31679]]},"properties":{"net":"out","o":6}},{"type":"Feature","geometry":{"type":"LineString","coordinates":[[-81.9412,36.30976],[-81.94128,36.30981],[-81.94169,36.30957],[-81.94196,36.3096],[-81.94216,36.30948],[-81.94253,36.30945],[-81.94382,36.30961],[-81.94399,36.3097]]},"properties":{"net":"out","o":6}},{"type":"Feature","geometry":{"type":"LineString","coordinates":[[-81.80498,36.33997],[-81.80599,36.33974],[-81.80629,36.3395],[-81.80643,36.33921],[-81.80653,36.33848],[-81.8063,36.33739],[-81.80712,36.33649]]},"properties":{"net":"out","o":4}},{"type":"Feature","geometry":{"type":"LineString","coordinates":[[-81.76967,36.31825],[-81.76807,36.31755],[-81.76774,36.3173]]},"properties":{"net":"NC3251","o":4}},{"type":"Feature","geometry":{"type":"LineString","coordinates":[[-81.81765,36.24966],[-81.81774,36.24929],[-81.8179,36.24907]]},"properties":{"net":"NC3251","o":5}},{"type":"Feature","geometry":{"type":"LineString","coordinates":[[-81.81274,36.2546],[-81.81302,36.25459],[-81.81369,36.25385]]},"properties":{"net":"NC3251","o":4}},{"type":"Feature","geometry":{"type":"LineString","coordinates":[[-81.84504,36.2936],[-81.84658,36.29333],[-81.84795,36.29346],[-81.84857,36.2933]]},"properties":{"net":"out","o":5}},{"type":"Feature","geometry":{"type":"LineString","coordinates":[[-81.86905,36.26889],[-81.86979,36.26949]]},"properties":{"net":"out","o":6}},{"type":"Feature","geometry":{"type":"LineString","coordinates":[[-81.86056,36.25868],[-81.86066,36.25925]]},"properties":{"net":"out","o":6}},{"type":"Feature","geometry":{"type":"LineString","coordinates":[[-81.82918,36.43502],[-81.82824,36.43449],[-81.82645,36.43245],[-81.82542,36.43173]]},"properties":{"net":"out","o":4}},{"type":"Feature","geometry":{"type":"LineString","coordinates":[[-81.86721,36.3866],[-81.86915,36.38565]]},"properties":{"net":"out","o":6}},{"type":"Feature","geometry":{"type":"LineString","coordinates":[[-81.85757,36.39556],[-81.85758,36.39513],[-81.85743,36.39442],[-81.85786,36.39382],[-81.85851,36.39355]]},"properties":{"net":"out","o":6}},{"type":"Feature","geometry":{"type":"LineString","coordinates":[[-81.85611,36.26541],[-81.85601,36.26594],[-81.8561,36.26642],[-81.8564,36.26674],[-81.85815,36.26807]]},"properties":{"net":"out","o":6}},{"type":"Feature","geometry":{"type":"LineString","coordinates":[[-81.76898,36.20858],[-81.7698,36.20955],[-81.77156,36.21102],[-81.77276,36.21163],[-81.7742,36.2122],[-81.77438,36.21219]]},"properties":{"net":"NC3251","o":5}},{"type":"Feature","geometry":{"type":"LineString","coordinates":[[-81.76923,36.41765],[-81.76965,36.41766],[-81.76977,36.4178],[-81.76955,36.41853],[-81.7696,36.4194]]},"properties":{"net":"out","o":4}},{"type":"Feature","geometry":{"type":"LineString","coordinates":[[-81.82609,36.29872],[-81.82551,36.29794]]},"properties":{"net":"out","o":4}},{"type":"Feature","geometry":{"type":"LineString","coordinates":[[-81.83216,36.29115],[-81.8325,36.29135],[-81.83349,36.29135],[-81.83426,36.29154]]},"properties":{"net":"out","o":5}},{"type":"Feature","geometry":{"type":"LineString","coordinates":[[-81.84974,36.30001],[-81.8496,36.29951]]},"properties":{"net":"out","o":4}},{"type":"Feature","geometry":{"type":"LineString","coordinates":[[-81.83131,36.30859],[-81.83059,36.30853],[-81.83031,36.30834]]},"properties":{"net":"out","o":4}},{"type":"Feature","geometry":{"type":"LineString","coordinates":[[-81.8478,36.39574],[-81.84823,36.39573],[-81.84873,36.39632],[-81.84959,36.39668],[-81.85215,36.39719],[-81.85384,36.3977],[-81.85579,36.39786],[-81.85668,36.39739],[-81.85692,36.39714],[-81.85725,36.39613],[-81.85757,36.39556]]},"properties":{"net":"out","o":6}},{"type":"Feature","geometry":{"type":"LineString","coordinates":[[-81.84767,36.3807],[-81.84797,36.38107],[-81.84785,36.38153],[-81.84797,36.38179],[-81.84913,36.38242],[-81.84896,36.38385],[-81.84932,36.38438],[-81.85117,36.38542],[-81.85197,36.38571],[-81.85216,36.38588],[-81.85245,36.38647],[-81.85279,36.38674],[-81.85573,36.38731],[-81.85632,36.38711],[-81.8567,36.3871]]},"properties":{"net":"out","o":4}},{"type":"Feature","geometry":{"type":"LineString","coordinates":[[-81.79516,36.48911],[-81.79563,36.48835],[-81.79576,36.48798],[-81.797,36.48704],[-81.7975,36.48637],[-81.79818,36.48581],[-81.7987,36.48475],[-81.79878,36.48443],[-81.79835,36.48374],[-81.79835,36.48307],[-81.79806,36.4824]]},"properties":{"net":"out","o":4}},{"type":"Feature","geometry":{"type":"LineString","coordinates":[[-81.77934,36.26933],[-81.77997,36.26851],[-81.78112,36.26778]]},"properties":{"net":"NC3251","o":5}},{"type":"Feature","geometry":{"type":"LineString","coordinates":[[-81.79506,36.48926],[-81.79516,36.48911]]},"properties":{"net":"out","o":4}},{"type":"Feature","geometry":{"type":"LineString","coordinates":[[-81.77948,36.42774],[-81.78053,36.42863],[-81.78137,36.42909]]},"properties":{"net":"out","o":4}},{"type":"Feature","geometry":{"type":"LineString","coordinates":[[-81.76895,36.4446],[-81.76983,36.44382],[-81.77048,36.44345],[-81.77063,36.44327],[-81.77066,36.44259],[-81.77044,36.44217],[-81.77012,36.44181],[-81.77006,36.4415]]},"properties":{"net":"out","o":4}},{"type":"Feature","geometry":{"type":"LineString","coordinates":[[-81.93378,36.30647],[-81.93391,36.30673],[-81.93436,36.30722],[-81.93449,36.30724],[-81.9348,36.30756],[-81.93515,36.3076],[-81.93549,36.30797]]},"properties":{"net":"out","o":6}},{"type":"Feature","geometry":{"type":"LineString","coordinates":[[-81.95295,36.38374],[-81.95186,36.38365],[-81.94934,36.384],[-81.94762,36.3841]]},"properties":{"net":"out","o":6}},{"type":"Feature","geometry":{"type":"LineString","coordinates":[[-81.77486,36.28812],[-81.77504,36.2879],[-81.77512,36.28719],[-81.77541,36.28652],[-81.77636,36.2852],[-81.7763,36.28473],[-81.77607,36.28406],[-81.77606,36.28347],[-81.77583,36.2833],[-81.77502,36.28315],[-81.77423,36.28276],[-81.7739,36.28249],[-81.77367,36.28204],[-81.7728,36.28158],[-81.77236,36.28125],[-81.77213,36.28093],[-81.77208,36.28059],[-81.77264,36.28011]]},"properties":{"net":"NC3251","o":5}},{"type":"Feature","geometry":{"type":"LineString","coordinates":[[-81.77041,36.28821],[-81.77084,36.28793],[-81.77125,36.28792],[-81.77391,36.28863],[-81.77435,36.28832],[-81.77486,36.28812]]},"properties":{"net":"NC3251","o":5}},{"type":"Feature","geometry":{"type":"LineString","coordinates":[[-81.82891,36.32057],[-81.82943,36.32021],[-81.82962,36.31987]]},"properties":{"net":"out","o":4}},{"type":"Feature","geometry":{"type":"LineString","coordinates":[[-81.86937,36.47412],[-81.86881,36.4736],[-81.86859,36.47327],[-81.86862,36.47242],[-81.86897,36.47216],[-81.86895,36.47202],[-81.86839,36.47186],[-81.8681,36.47121]]},"properties":{"net":"out","o":4}},{"type":"Feature","geometry":{"type":"LineString","coordinates":[[-81.80833,36.48699],[-81.80856,36.48645],[-81.80929,36.48576],[-81.80948,36.4853],[-81.80917,36.48475],[-81.80929,36.48394],[-81.80913,36.48329],[-81.80922,36.48209],[-81.80938,36.48163],[-81.80974,36.4814],[-81.80995,36.4809]]},"properties":{"net":"out","o":5}},{"type":"Feature","geometry":{"type":"LineString","coordinates":[[-81.82203,36.48877],[-81.8203,36.48912],[-81.81972,36.48886]]},"properties":{"net":"out","o":4}},{"type":"Feature","geometry":{"type":"LineString","coordinates":[[-81.75876,36.43674],[-81.75917,36.4373]]},"properties":{"net":"out","o":4}},{"type":"Feature","geometry":{"type":"LineString","coordinates":[[-81.7549,36.45472],[-81.75568,36.45365],[-81.7576,36.45301]]},"properties":{"net":"out","o":4}},{"type":"Feature","geometry":{"type":"LineString","coordinates":[[-81.78131,36.33231],[-81.78132,36.3318],[-81.78094,36.33139],[-81.78047,36.33026]]},"properties":{"net":"NC3251","o":4}},{"type":"Feature","geometry":{"type":"LineString","coordinates":[[-81.83685,36.25239],[-81.83728,36.25229],[-81.8378,36.25235]]},"properties":{"net":"out","o":6}},{"type":"Feature","geometry":{"type":"LineString","coordinates":[[-81.83589,36.25267],[-81.83685,36.25239]]},"properties":{"net":"out","o":6}},{"type":"Feature","geometry":{"type":"LineString","coordinates":[[-81.74239,36.46471],[-81.7429,36.46467],[-81.74329,36.46441],[-81.74344,36.46377]]},"properties":{"net":"out","o":4}},{"type":"Feature","geometry":{"type":"LineString","coordinates":[[-82.42082,36.44179],[-82.4201,36.44407],[-82.42007,36.44537],[-82.42039,36.44649],[-82.42067,36.44692],[-82.42096,36.44719],[-82.42169,36.44748],[-82.42176,36.44799],[-82.42191,36.44814]]},"properties":{"net":"out","o":7}},{"type":"Feature","geometry":{"type":"LineString","coordinates":[[-82.37758,36.40861],[-82.37867,36.40899],[-82.38051,36.40936],[-82.38203,36.41021]]},"properties":{"net":"out","o":7}},{"type":"Feature","geometry":{"type":"LineString","coordinates":[[-82.37826,36.41625],[-82.37607,36.41752],[-82.3748,36.41844]]},"properties":{"net":"out","o":7}},{"type":"Feature","geometry":{"type":"LineString","coordinates":[[-82.36844,36.26659],[-82.36882,36.26687],[-82.36886,36.26711]]},"properties":{"net":"out","o":4}},{"type":"Feature","geometry":{"type":"LineString","coordinates":[[-82.35803,36.37692],[-82.35828,36.3772],[-82.35833,36.37747],[-82.35864,36.37793],[-82.35918,36.3782],[-82.35925,36.37843],[-82.35893,36.37876],[-82.35792,36.37888],[-82.3577,36.37902],[-82.35769,36.37921]]},"properties":{"net":"out","o":4}},{"type":"Feature","geometry":{"type":"LineString","coordinates":[[-82.44614,36.35236],[-82.44592,36.35273],[-82.44543,36.35315],[-82.44548,36.35346],[-82.44514,36.35355],[-82.44502,36.35384],[-82.44481,36.35395],[-82.44491,36.35435],[-82.44472,36.35465],[-82.44431,36.35502],[-82.44394,36.35516],[-82.44372,36.35544],[-82.44326,36.35551],[-82.44303,36.35539],[-82.44284,36.35546],[-82.44273,36.35564],[-82.44273,36.35608]]},"properties":{"net":"out","o":4}},{"type":"Feature","geometry":{"type":"LineString","coordinates":[[-82.4422,36.35726],[-82.44201,36.3574],[-82.44191,36.35782],[-82.44163,36.35824],[-82.44136,36.35842],[-82.44118,36.3591],[-82.44036,36.35986],[-82.43952,36.36121],[-82.43884,36.36196],[-82.43876,36.36218],[-82.43889,36.36254],[-82.43888,36.3628],[-82.43839,36.36347]]},"properties":{"net":"out","o":4}},{"type":"Feature","geometry":{"type":"LineString","coordinates":[[-82.30072,36.37216],[-82.30131,36.3723],[-82.30269,36.37293],[-82.3049,36.37354],[-82.30606,36.37364],[-82.30749,36.37406],[-82.31006,36.37439],[-82.31052,36.37434]]},"properties":{"net":"out","o":7}},{"type":"Feature","geometry":{"type":"LineString","coordinates":[[-82.29796,36.36889],[-82.29918,36.3705],[-82.29981,36.37151],[-82.30008,36.3718],[-82.30072,36.37216]]},"properties":{"net":"out","o":7}},{"type":"Feature","geometry":{"type":"LineString","coordinates":[[-82.25131,36.35116],[-82.25232,36.35084],[-82.25278,36.35057],[-82.25367,36.34949]]},"properties":{"net":"out","o":7}},{"type":"Feature","geometry":{"type":"LineString","coordinates":[[-82.27301,36.23433],[-82.27264,36.23513],[-82.27186,36.23582]]},"properties":{"net":"out","o":4}},{"type":"Feature","geometry":{"type":"LineString","coordinates":[[-82.28128,36.25905],[-82.28187,36.25964],[-82.28282,36.26016],[-82.28365,36.2604],[-82.28444,36.26035],[-82.28516,36.26071],[-82.28512,36.2614],[-82.28553,36.26213],[-82.28602,36.26331],[-82.28592,36.26401]]},"properties":{"net":"out","o":4}},{"type":"Feature","geometry":{"type":"LineString","coordinates":[[-82.28563,36.31295],[-82.28514,36.31329]]},"properties":{"net":"out","o":5}},{"type":"Feature","geometry":{"type":"LineString","coordinates":[[-82.28669,36.34553],[-82.28753,36.3465],[-82.28765,36.3468],[-82.28779,36.34804],[-82.28769,36.34857],[-82.28774,36.3488],[-82.28704,36.35236],[-82.28714,36.35259],[-82.28659,36.35408],[-82.28628,36.35454],[-82.28468,36.35631],[-82.28422,36.35696]]},"properties":{"net":"out","o":7}},{"type":"Feature","geometry":{"type":"LineString","coordinates":[[-82.27162,36.33843],[-82.2728,36.33917],[-82.27385,36.33954],[-82.27404,36.33974],[-82.2747,36.34007],[-82.27505,36.34044],[-82.27508,36.34073],[-82.27484,36.34204],[-82.27385,36.34398],[-82.27379,36.34433],[-82.27414,36.34564],[-82.27435,36.34595],[-82.2755,36.34713],[-82.27635,36.34723],[-82.27738,36.34706],[-82.27782,36.34712]]},"properties":{"net":"out","o":7}},{"type":"Feature","geometry":{"type":"LineString","coordinates":[[-82.41532,36.38196],[-82.41485,36.38207],[-82.41414,36.38243],[-82.41289,36.38246],[-82.41201,36.38323],[-82.41132,36.38357],[-82.41127,36.38377],[-82.41142,36.38426],[-82.41195,36.38517],[-82.41194,36.38557],[-82.41176,36.38573],[-82.41094,36.38589],[-82.41079,36.386],[-82.41067,36.38634],[-82.41095,36.3867],[-82.41046,36.38707],[-82.4102,36.38721],[-82.40973,36.38713],[-82.40924,36.3872],[-82.40699,36.38804],[-82.40637,36.3884],[-82.40537,36.38869],[-82.40451,36.38875],[-82.40251,36.39015]]},"properties":{"net":"out","o":4}},{"type":"Feature","geometry":{"type":"LineString","coordinates":[[-82.39934,36.3933],[-82.39837,36.39341],[-82.39781,36.39337]]},"properties":{"net":"out","o":4}},{"type":"Feature","geometry":{"type":"LineString","coordinates":[[-82.39406,36.43136],[-82.39763,36.4325],[-82.39908,36.43306],[-82.39994,36.43318],[-82.40054,36.43351],[-82.40153,36.43374]]},"properties":{"net":"out","o":7}},{"type":"Feature","geometry":{"type":"LineString","coordinates":[[-81.92229,36.38262],[-81.92242,36.3826]]},"properties":{"net":"out","o":6}},{"type":"Feature","geometry":{"type":"LineString","coordinates":[[-81.98377,36.25811],[-81.98449,36.25888],[-81.9847,36.25898],[-81.98524,36.25897],[-81.98567,36.25862],[-81.98578,36.25806],[-81.98572,36.25787],[-81.9849,36.25716],[-81.98465,36.25681],[-81.98471,36.25624],[-81.98483,36.25611],[-81.98528,36.25587],[-81.98618,36.25569],[-81.9882,36.25582],[-81.98905,36.25563]]},"properties":{"net":"out","o":4}},{"type":"Feature","geometry":{"type":"LineString","coordinates":[[-81.97335,36.21664],[-81.97317,36.217],[-81.97135,36.21848],[-81.97108,36.21931]]},"properties":{"net":"out","o":4}},{"type":"Feature","geometry":{"type":"LineString","coordinates":[[-82.31424,36.27245],[-82.31424,36.27291],[-82.31398,36.27308],[-82.31324,36.27322],[-82.3126,36.27308],[-82.31224,36.27337],[-82.31133,36.27345],[-82.31045,36.27404],[-82.31023,36.27437],[-82.30988,36.27559],[-82.30983,36.27629],[-82.30932,36.27646],[-82.3087,36.27696],[-82.30867,36.27735],[-82.30893,36.27773],[-82.309,36.27815],[-82.3086,36.27852],[-82.30855,36.27867],[-82.30868,36.27892],[-82.30906,36.27927],[-82.30919,36.27961],[-82.30904,36.28002],[-82.30828,36.28127],[-82.30818,36.28172],[-82.30825,36.28191],[-82.30852,36.28208],[-82.30918,36.28207],[-82.30932,36.28215],[-82.30956,36.28258]]},"properties":{"net":"out","o":4}},{"type":"Feature","geometry":{"type":"LineString","coordinates":[[-82.33536,36.22644],[-82.33494,36.22698],[-82.33475,36.22772],[-82.334,36.22876],[-82.33326,36.22934],[-82.33162,36.23104],[-82.33099,36.23262],[-82.33052,36.23338]]},"properties":{"net":"out","o":4}},{"type":"Feature","geometry":{"type":"LineString","coordinates":[[-82.32307,36.39275],[-82.32724,36.39191]]},"properties":{"net":"out","o":7}},{"type":"Feature","geometry":{"type":"LineString","coordinates":[[-82.00295,36.46451],[-82.00337,36.46441]]},"properties":{"net":"out","o":5}},{"type":"Feature","geometry":{"type":"LineString","coordinates":[[-81.96738,36.39421],[-81.96687,36.39363],[-81.96649,36.39277]]},"properties":{"net":"out","o":6}},{"type":"Feature","geometry":{"type":"LineString","coordinates":[[-82.02755,36.33278],[-82.02835,36.33291],[-82.02891,36.33283],[-82.03171,36.33316],[-82.03198,36.33315],[-82.03244,36.33288],[-82.03328,36.33302]]},"properties":{"net":"out","o":7}},{"type":"Feature","geometry":{"type":"LineString","coordinates":[[-82.03353,36.45703],[-82.034,36.45645],[-82.03433,36.45544],[-82.03468,36.45521]]},"properties":{"net":"out","o":4}},{"type":"Feature","geometry":{"type":"LineString","coordinates":[[-82.03141,36.46214],[-82.03181,36.46189],[-82.03265,36.46102],[-82.03284,36.46045],[-82.03296,36.46035],[-82.03281,36.45998],[-82.03283,36.45975],[-82.03316,36.45926],[-82.0332,36.45865],[-82.03332,36.45838]]},"properties":{"net":"out","o":4}},{"type":"Feature","geometry":{"type":"LineString","coordinates":[[-81.96321,36.4043],[-81.96337,36.40361],[-81.96319,36.40239],[-81.96324,36.40207],[-81.96355,36.40151],[-81.96424,36.40082]]},"properties":{"net":"out","o":6}},{"type":"Feature","geometry":{"type":"LineString","coordinates":[[-81.93065,36.37529],[-81.93126,36.37531],[-81.93181,36.3756]]},"properties":{"net":"out","o":6}},{"type":"Feature","geometry":{"type":"LineString","coordinates":[[-81.95602,36.41415],[-81.95754,36.41303],[-81.9578,36.41275]]},"properties":{"net":"out","o":6}},{"type":"Feature","geometry":{"type":"LineString","coordinates":[[-82.23076,36.21858],[-82.22988,36.21832],[-82.22945,36.21773],[-82.22913,36.21772],[-82.22898,36.21794],[-82.22849,36.218],[-82.22832,36.21813],[-82.22808,36.21816],[-82.22773,36.21806],[-82.22737,36.21819],[-82.2271,36.21872],[-82.22669,36.21897],[-82.22644,36.21897],[-82.22604,36.21873],[-82.22549,36.21869],[-82.22519,36.21852],[-82.22455,36.21853],[-82.2238,36.21908],[-82.22364,36.21947],[-82.22343,36.2196]]},"properties":{"net":"out","o":4}},{"type":"Feature","geometry":{"type":"LineString","coordinates":[[-82.23424,36.35635],[-82.23547,36.35687]]},"properties":{"net":"out","o":7}},{"type":"Feature","geometry":{"type":"LineString","coordinates":[[-82.29531,36.30194],[-82.29526,36.30209]]},"properties":{"net":"out","o":5}},{"type":"Feature","geometry":{"type":"LineString","coordinates":[[-82.25626,36.34374],[-82.25623,36.34342],[-82.25601,36.34315],[-82.25593,36.34284]]},"properties":{"net":"out","o":7}},{"type":"Feature","geometry":{"type":"LineString","coordinates":[[-82.09818,36.17286],[-82.0981,36.17318],[-82.09783,36.17355],[-82.09603,36.17404]]},"properties":{"net":"out","o":4}},{"type":"Feature","geometry":{"type":"LineString","coordinates":[[-82.11945,36.39415],[-82.11979,36.39347]]},"properties":{"net":"out","o":5}},{"type":"Feature","geometry":{"type":"LineString","coordinates":[[-82.09191,36.40395],[-82.09218,36.40372]]},"properties":{"net":"out","o":5}},{"type":"Feature","geometry":{"type":"LineString","coordinates":[[-81.77594,36.43405],[-81.77614,36.43387],[-81.77641,36.43386],[-81.77664,36.43405],[-81.77691,36.43454],[-81.77726,36.43477],[-81.7776,36.43486],[-81.77836,36.43479],[-81.77852,36.43468],[-81.77855,36.43444]]},"properties":{"net":"out","o":5}},{"type":"Feature","geometry":{"type":"LineString","coordinates":[[-81.77222,36.42514],[-81.7726,36.42549]]},"properties":{"net":"out","o":4}},{"type":"Feature","geometry":{"type":"LineString","coordinates":[[-81.76591,36.43966],[-81.76666,36.43955]]},"properties":{"net":"out","o":4}},{"type":"Feature","geometry":{"type":"LineString","coordinates":[[-81.76015,36.40653],[-81.76095,36.4069],[-81.76158,36.40755]]},"properties":{"net":"out","o":4}},{"type":"Feature","geometry":{"type":"LineString","coordinates":[[-81.75885,36.40238],[-81.75931,36.40295],[-81.76005,36.40358],[-81.76064,36.40432],[-81.76079,36.40478],[-81.76113,36.405],[-81.7611,36.40515],[-81.76069,36.40545]]},"properties":{"net":"out","o":4}},{"type":"Feature","geometry":{"type":"LineString","coordinates":[[-81.76374,36.43781],[-81.76483,36.43871],[-81.76561,36.43954],[-81.76591,36.43966]]},"properties":{"net":"out","o":4}},{"type":"Feature","geometry":{"type":"LineString","coordinates":[[-82.08156,36.41101],[-82.0823,36.41114],[-82.08397,36.41187],[-82.08442,36.41186],[-82.08491,36.41154]]},"properties":{"net":"out","o":5}},{"type":"Feature","geometry":{"type":"LineString","coordinates":[[-82.14998,36.24456],[-82.1501,36.24494],[-82.15091,36.24575],[-82.15121,36.24633],[-82.1519,36.24728],[-82.15224,36.24739],[-82.15288,36.2471],[-82.15315,36.24713],[-82.15334,36.24734],[-82.15336,36.2476]]},"properties":{"net":"out","o":5}},{"type":"Feature","geometry":{"type":"LineString","coordinates":[[-82.15553,36.25682],[-82.15662,36.25746],[-82.15817,36.25768],[-82.15846,36.25804],[-82.15833,36.25878],[-82.15845,36.25912],[-82.1586,36.25924],[-82.159,36.25929],[-82.15947,36.2592],[-82.16032,36.2593],[-82.16058,36.25936],[-82.16094,36.25962],[-82.16093,36.25995],[-82.1603,36.26038],[-82.16022,36.2608],[-82.16051,36.2612],[-82.16132,36.26173],[-82.16165,36.26216],[-82.16146,36.26272],[-82.16083,36.26309]]},"properties":{"net":"out","o":5}},{"type":"Feature","geometry":{"type":"LineString","coordinates":[[-82.16194,36.2866],[-82.16242,36.28624]]},"properties":{"net":"out","o":4}},{"type":"Feature","geometry":{"type":"LineString","coordinates":[[-82.15809,36.28668],[-82.15899,36.28719],[-82.15934,36.28727],[-82.16022,36.28715],[-82.16114,36.28661],[-82.16194,36.2866]]},"properties":{"net":"out","o":4}},{"type":"Feature","geometry":{"type":"LineString","coordinates":[[-82.19591,36.21679],[-82.19601,36.21726]]},"properties":{"net":"out","o":4}},{"type":"Feature","geometry":{"type":"LineString","coordinates":[[-82.10205,36.1483],[-82.10213,36.14878],[-82.10166,36.14934],[-82.10144,36.1504],[-82.10173,36.15179],[-82.10128,36.15247],[-82.10145,36.15325],[-82.10068,36.15357],[-82.10013,36.15433],[-82.10014,36.1549],[-82.09996,36.15565],[-82.1003,36.15604],[-82.10038,36.15647],[-82.10067,36.15699],[-82.10032,36.15829],[-82.10041,36.15933]]},"properties":{"net":"out","o":4}},{"type":"Feature","geometry":{"type":"LineString","coordinates":[[-81.76338,36.45037],[-81.76341,36.4498],[-81.76323,36.4493],[-81.76338,36.44904]]},"properties":{"net":"out","o":4}},{"type":"Feature","geometry":{"type":"LineString","coordinates":[[-81.75804,36.45261],[-81.75852,36.45219],[-81.75925,36.45185],[-81.76063,36.45197],[-81.76098,36.45191],[-81.76238,36.45087],[-81.76338,36.45037]]},"properties":{"net":"out","o":4}},{"type":"Feature","geometry":{"type":"LineString","coordinates":[[-82.18832,36.25997],[-82.18792,36.26026],[-82.18734,36.26028],[-82.18358,36.2651]]},"properties":{"net":"out","o":5}},{"type":"Feature","geometry":{"type":"LineString","coordinates":[[-82.15412,36.36079],[-82.15425,36.36106],[-82.15406,36.36234],[-82.15411,36.36375]]},"properties":{"net":"out","o":7}},{"type":"Feature","geometry":{"type":"LineString","coordinates":[[-82.15316,36.36451],[-82.15306,36.36526],[-82.15313,36.36562],[-82.15367,36.36666],[-82.15449,36.36741],[-82.15521,36.36767],[-82.15601,36.36776]]},"properties":{"net":"out","o":7}},{"type":"Feature","geometry":{"type":"LineString","coordinates":[[-82.15303,36.36443],[-82.15316,36.36451]]},"properties":{"net":"out","o":4}},{"type":"Feature","geometry":{"type":"LineString","coordinates":[[-82.1458,36.37971],[-82.14779,36.3795],[-82.14818,36.37931],[-82.14889,36.37856]]},"properties":{"net":"out","o":5}},{"type":"Feature","geometry":{"type":"LineString","coordinates":[[-82.19308,36.31296],[-82.19293,36.3128],[-82.19298,36.31251],[-82.19282,36.31239]]},"properties":{"net":"out","o":6}},{"type":"Feature","geometry":{"type":"LineString","coordinates":[[-82.18415,36.2973],[-82.18471,36.2982],[-82.18526,36.29866],[-82.18584,36.29945],[-82.18664,36.30008],[-82.18752,36.30047],[-82.18846,36.30055],[-82.18959,36.3001],[-82.1904,36.30012],[-82.19147,36.29996],[-82.1933,36.30013],[-82.19524,36.3005],[-82.19533,36.30044]]},"properties":{"net":"out","o":6}},{"type":"Feature","geometry":{"type":"LineString","coordinates":[[-82.20105,36.3289],[-82.20085,36.32902]]},"properties":{"net":"out","o":6}},{"type":"Feature","geometry":{"type":"LineString","coordinates":[[-82.20459,36.33902],[-82.20469,36.33896]]},"properties":{"net":"out","o":6}},{"type":"Feature","geometry":{"type":"LineString","coordinates":[[-82.20459,36.33902],[-82.20471,36.34037],[-82.20492,36.34097],[-82.20516,36.34127]]},"properties":{"net":"out","o":6}},{"type":"Feature","geometry":{"type":"LineString","coordinates":[[-82.06946,36.19087],[-82.06941,36.19141],[-82.06914,36.19218],[-82.06815,36.19336],[-82.06805,36.19364],[-82.06773,36.19477],[-82.06772,36.19566],[-82.06756,36.19623],[-82.06697,36.19665]]},"properties":{"net":"out","o":4}},{"type":"Feature","geometry":{"type":"LineString","coordinates":[[-82.06682,36.19663],[-82.0667,36.19668],[-82.06668,36.19685]]},"properties":{"net":"out","o":4}},{"type":"Feature","geometry":{"type":"LineString","coordinates":[[-82.04674,36.19269],[-82.04755,36.19266],[-82.04943,36.19285]]},"properties":{"net":"out","o":4}},{"type":"Feature","geometry":{"type":"LineString","coordinates":[[-82.03965,36.33034],[-82.04332,36.33088],[-82.04373,36.33063],[-82.04493,36.33078],[-82.04555,36.3306]]},"properties":{"net":"out","o":7}},{"type":"Feature","geometry":{"type":"LineString","coordinates":[[-82.07608,36.41568],[-82.07625,36.41546]]},"properties":{"net":"out","o":5}},{"type":"Feature","geometry":{"type":"LineString","coordinates":[[-81.9722,36.34822],[-81.97617,36.34589]]},"properties":{"net":"out","o":7}},{"type":"Feature","geometry":{"type":"LineString","coordinates":[[-81.94399,36.3097],[-81.94429,36.30977],[-81.94519,36.31081],[-81.94543,36.31124],[-81.9463,36.31217],[-81.94596,36.3135],[-81.9453,36.31408],[-81.94506,36.31488]]},"properties":{"net":"out","o":6}},{"type":"Feature","geometry":{"type":"LineString","coordinates":[[-81.99506,36.28302],[-81.9963,36.28345],[-81.99829,36.28448],[-81.99897,36.28471]]},"properties":{"net":"out","o":4}},{"type":"Feature","geometry":{"type":"LineString","coordinates":[[-81.99709,36.33442],[-81.99788,36.33386],[-81.998,36.33323],[-81.9983,36.33304],[-81.99851,36.33195],[-81.99831,36.33156],[-81.99852,36.3304],[-81.9983,36.33012],[-81.99827,36.32979],[-81.99801,36.32951],[-81.99806,36.32926],[-81.99776,36.3289],[-81.9978,36.32865],[-81.9966,36.32732],[-81.99669,36.32708]]},"properties":{"net":"out","o":7}},{"type":"Feature","geometry":{"type":"LineString","coordinates":[[-81.94855,36.37042],[-81.94881,36.37027],[-81.94904,36.37027],[-81.95025,36.36961],[-81.95212,36.36839]]},"properties":{"net":"out","o":7}},{"type":"Feature","geometry":{"type":"LineString","coordinates":[[-82.22095,36.35668],[-82.22288,36.35622],[-82.22367,36.35614],[-82.22448,36.35619],[-82.2258,36.35591],[-82.22638,36.3559]]},"properties":{"net":"out","o":7}},{"type":"Feature","geometry":{"type":"LineString","coordinates":[[-82.21322,36.35707],[-82.21372,36.35733],[-82.21459,36.35757],[-82.21671,36.3576]]},"properties":{"net":"out","o":7}},{"type":"Feature","geometry":{"type":"LineString","coordinates":[[-82.21252,36.34979],[-82.21321,36.35099],[-82.21352,36.352],[-82.21353,36.35243],[-82.21331,36.35367],[-82.2129,36.35463],[-82.21271,36.35569],[-82.21272,36.35613],[-82.21322,36.35707]]},"properties":{"net":"out","o":6}},{"type":"Feature","geometry":{"type":"LineString","coordinates":[[-82.20289,36.35498],[-82.20434,36.35472],[-82.20507,36.3547],[-82.20677,36.35486],[-82.20826,36.35518],[-82.20869,36.35539]]},"properties":{"net":"out","o":7}},{"type":"Feature","geometry":{"type":"LineString","coordinates":[[-81.94833,36.42165],[-81.9495,36.42074],[-81.95147,36.41878]]},"properties":{"net":"out","o":6}},{"type":"Feature","geometry":{"type":"LineString","coordinates":[[-81.94441,36.42375],[-81.94473,36.42372],[-81.94599,36.42317],[-81.94833,36.42165]]},"properties":{"net":"out","o":6}},{"type":"Feature","geometry":{"type":"LineString","coordinates":[[-82.00708,36.37258],[-82.00671,36.37146],[-82.00646,36.37],[-82.0065,36.36775],[-82.00628,36.36731],[-82.00578,36.36693],[-82.00575,36.36678],[-82.00585,36.36649],[-82.00633,36.366]]},"properties":{"net":"out","o":4}},{"type":"Feature","geometry":{"type":"LineString","coordinates":[[-82.0564,36.43014],[-82.05652,36.42967],[-82.0571,36.42892],[-82.0579,36.42828],[-82.05881,36.42788],[-82.0592,36.42752]]},"properties":{"net":"out","o":5}},{"type":"Feature","geometry":{"type":"LineString","coordinates":[[-82.05049,36.43694],[-82.05103,36.43603]]},"properties":{"net":"out","o":5}},{"type":"Feature","geometry":{"type":"LineString","coordinates":[[-82.04708,36.43885],[-82.04761,36.43866],[-82.04862,36.43854],[-82.04965,36.43816],[-82.04996,36.43794],[-82.05049,36.43694]]},"properties":{"net":"out","o":5}},{"type":"Feature","geometry":{"type":"LineString","coordinates":[[-81.95478,36.1682],[-81.95625,36.1682],[-81.95718,36.16806],[-81.95888,36.16797],[-81.95994,36.1681],[-81.96088,36.16842],[-81.96173,36.16849],[-81.96398,36.16836],[-81.96464,36.16844],[-81.96487,36.16835]]},"properties":{"net":"out","o":4}},{"type":"Feature","geometry":{"type":"LineString","coordinates":[[-81.96997,36.19746],[-81.9698,36.19764],[-81.96976,36.19811],[-81.96958,36.19834],[-81.96949,36.1988]]},"properties":{"net":"out","o":4}},{"type":"Feature","geometry":{"type":"LineString","coordinates":[[-81.96949,36.1988],[-81.96913,36.19951],[-81.96917,36.19988]]},"properties":{"net":"out","o":4}},{"type":"Feature","geometry":{"type":"LineString","coordinates":[[-81.97305,36.21284],[-81.97333,36.21323],[-81.97379,36.21362]]},"properties":{"net":"out","o":4}},{"type":"Feature","geometry":{"type":"LineString","coordinates":[[-81.94042,36.42841],[-81.94035,36.4277]]},"properties":{"net":"out","o":5}},{"type":"Feature","geometry":{"type":"LineString","coordinates":[[-82.18358,36.2651],[-82.18235,36.26669]]},"properties":{"net":"out","o":5}},{"type":"Feature","geometry":{"type":"LineString","coordinates":[[-82.18235,36.26669],[-82.18232,36.26701],[-82.18213,36.26723],[-82.18207,36.26746],[-82.18203,36.26883],[-82.18187,36.26958],[-82.18125,36.27051],[-82.18122,36.27125],[-82.18132,36.2719],[-82.18091,36.27377]]},"properties":{"net":"out","o":5}},{"type":"Feature","geometry":{"type":"LineString","coordinates":[[-82.17079,36.26406],[-82.17101,36.26437],[-82.17102,36.2648]]},"properties":{"net":"out","o":5}},{"type":"Feature","geometry":{"type":"LineString","coordinates":[[-82.16736,36.26187],[-82.16835,36.26276],[-82.17079,36.26406]]},"properties":{"net":"out","o":5}},{"type":"Feature","geometry":{"type":"LineString","coordinates":[[-82.17981,36.27636],[-82.17952,36.27732],[-82.17934,36.2775],[-82.17901,36.27761]]},"properties":{"net":"out","o":5}},{"type":"Feature","geometry":{"type":"LineString","coordinates":[[-82.18245,36.35803],[-82.18313,36.35832],[-82.18339,36.35835],[-82.18362,36.35825]]},"properties":{"net":"out","o":7}},{"type":"Feature","geometry":{"type":"LineString","coordinates":[[-82.16742,36.36833],[-82.16759,36.36845]]},"properties":{"net":"out","o":7}},{"type":"Feature","geometry":{"type":"LineString","coordinates":[[-82.12634,36.32994],[-82.1267,36.33082],[-82.12671,36.33129],[-82.12698,36.33204],[-82.127,36.33265],[-82.12707,36.33274],[-82.12678,36.33386],[-82.12374,36.33546],[-82.12351,36.33576],[-82.12326,36.33663],[-82.12291,36.33702],[-82.12179,36.33768],[-82.1212,36.3379],[-82.11956,36.33815],[-82.11806,36.33815],[-82.11677,36.338]]},"properties":{"net":"out","o":7}},{"type":"Feature","geometry":{"type":"LineString","coordinates":[[-82.13082,36.34874],[-82.13098,36.34918]]},"properties":{"net":"out","o":7}},{"type":"Feature","geometry":{"type":"LineString","coordinates":[[-81.9956,36.29742],[-81.99532,36.29742],[-81.99456,36.29787],[-81.99432,36.29817]]},"properties":{"net":"out","o":4}},{"type":"Feature","geometry":{"type":"LineString","coordinates":[[-81.98928,36.31469],[-81.99167,36.31504],[-81.99385,36.31746]]},"properties":{"net":"out","o":6}},{"type":"Feature","geometry":{"type":"LineString","coordinates":[[-82.07957,36.1719],[-82.0794,36.17238],[-82.07927,36.1733],[-82.07871,36.17361],[-82.07879,36.17389],[-82.07934,36.17439],[-82.07957,36.1748],[-82.07902,36.17847],[-82.07859,36.17944],[-82.07833,36.17956],[-82.07669,36.17979],[-82.07587,36.18016],[-82.07554,36.18041],[-82.07523,36.18116],[-82.07547,36.18313]]},"properties":{"net":"out","o":4}},{"type":"Feature","geometry":{"type":"LineString","coordinates":[[-82.07547,36.18313],[-82.07535,36.18356],[-82.07506,36.1837],[-82.07435,36.18362],[-82.07335,36.18327],[-82.07233,36.18305],[-82.07185,36.18311],[-82.07145,36.18338],[-82.07126,36.18365],[-82.07121,36.18399],[-82.07154,36.18476],[-82.07166,36.18613],[-82.0716,36.18693],[-82.07133,36.18786],[-82.07056,36.18907],[-82.06965,36.19011],[-82.06946,36.19087]]},"properties":{"net":"out","o":4}},{"type":"Feature","geometry":{"type":"LineString","coordinates":[[-81.94553,36.17357],[-81.94578,36.17354],[-81.94604,36.17328],[-81.94653,36.17332],[-81.94757,36.17318],[-81.948,36.17295]]},"properties":{"net":"out","o":4}},{"type":"Feature","geometry":{"type":"LineString","coordinates":[[-81.88426,36.26917],[-81.88513,36.26888],[-81.88615,36.26828],[-81.88743,36.26702],[-81.88917,36.26575]]},"properties":{"net":"out","o":6}},{"type":"Feature","geometry":{"type":"LineString","coordinates":[[-81.8747,36.2673],[-81.87484,36.26703],[-81.87532,36.26671]]},"properties":{"net":"out","o":6}},{"type":"Feature","geometry":{"type":"LineString","coordinates":[[-81.81167,36.33408],[-81.8126,36.33349],[-81.81308,36.33333]]},"properties":{"net":"out","o":4}},{"type":"Feature","geometry":{"type":"LineString","coordinates":[[-81.85519,36.28801],[-81.85562,36.28787],[-81.85646,36.28716],[-81.85733,36.28675],[-81.85741,36.28643],[-81.85767,36.28627],[-81.85799,36.28614],[-81.85856,36.28615]]},"properties":{"net":"out","o":5}},{"type":"Feature","geometry":{"type":"LineString","coordinates":[[-81.82962,36.31987],[-81.83017,36.31841],[-81.83084,36.31766]]},"properties":{"net":"out","o":4}},{"type":"Feature","geometry":{"type":"LineString","coordinates":[[-81.83153,36.36628],[-81.83195,36.36645]]},"properties":{"net":"out","o":4}},{"type":"Feature","geometry":{"type":"LineString","coordinates":[[-81.8672,36.38401],[-81.86718,36.38421],[-81.86736,36.3846],[-81.86915,36.38565]]},"properties":{"net":"out","o":4}},{"type":"Feature","geometry":{"type":"LineString","coordinates":[[-81.88989,36.45433],[-81.89028,36.45415],[-81.89052,36.45351],[-81.89066,36.4534],[-81.89214,36.45266],[-81.89285,36.45211],[-81.89426,36.45189],[-81.89475,36.45175],[-81.89531,36.45142],[-81.89568,36.4514],[-81.8961,36.45111],[-81.89636,36.4506]]},"properties":{"net":"out","o":4}},{"type":"Feature","geometry":{"type":"LineString","coordinates":[[-81.82702,36.41774],[-81.82728,36.41809],[-81.82738,36.41885],[-81.82788,36.41926],[-81.8295,36.41931],[-81.82992,36.41949],[-81.83047,36.41997],[-81.83085,36.42],[-81.83204,36.41942],[-81.83516,36.41692],[-81.83581,36.41677]]},"properties":{"net":"out","o":6}},{"type":"Feature","geometry":{"type":"LineString","coordinates":[[-81.81075,36.47797],[-81.81026,36.47689],[-81.81004,36.4761],[-81.8097,36.47543],[-81.81,36.47436],[-81.81003,36.47392],[-81.80998,36.47327],[-81.80979,36.47267],[-81.80977,36.47128]]},"properties":{"net":"out","o":5}},{"type":"Feature","geometry":{"type":"LineString","coordinates":[[-81.8681,36.47121],[-81.86807,36.47099],[-81.86762,36.47068],[-81.8673,36.46985],[-81.86646,36.46874],[-81.86641,36.46816]]},"properties":{"net":"out","o":4}},{"type":"Feature","geometry":{"type":"LineString","coordinates":[[-81.85219,36.25449],[-81.85302,36.2541],[-81.854,36.25346]]},"properties":{"net":"out","o":6}},{"type":"Feature","geometry":{"type":"LineString","coordinates":[[-81.86497,36.26802],[-81.86573,36.26836],[-81.86642,36.26852]]},"properties":{"net":"out","o":6}},{"type":"Feature","geometry":{"type":"LineString","coordinates":[[-81.81892,36.2367],[-81.82012,36.23685],[-81.82083,36.23718],[-81.82124,36.23767],[-81.8214,36.23823],[-81.82187,36.23864]]},"properties":{"net":"NC3251","o":5}},{"type":"Feature","geometry":{"type":"LineString","coordinates":[[-81.7782,36.25561],[-81.77988,36.25496],[-81.78088,36.25444]]},"properties":{"net":"NC3251","o":4}},{"type":"Feature","geometry":{"type":"LineString","coordinates":[[-81.77522,36.2558],[-81.77562,36.25577],[-81.77657,36.25595]]},"properties":{"net":"NC3251","o":4}},{"type":"Feature","geometry":{"type":"LineString","coordinates":[[-81.86652,36.45928],[-81.86707,36.45939],[-81.868,36.45916],[-81.86858,36.45914],[-81.87093,36.45953],[-81.87207,36.45953]]},"properties":{"net":"out","o":4}},{"type":"Feature","geometry":{"type":"LineString","coordinates":[[-81.79223,36.23112],[-81.79264,36.23161],[-81.79298,36.23168],[-81.79431,36.23137],[-81.79592,36.23131],[-81.79695,36.2309],[-81.79765,36.23076],[-81.79796,36.23058],[-81.79954,36.22871],[-81.80045,36.22821],[-81.80128,36.22795],[-81.80172,36.228],[-81.80221,36.22827],[-81.80342,36.22958],[-81.80402,36.23001],[-81.80451,36.23054]]},"properties":{"net":"NC3251","o":5}},{"type":"Feature","geometry":{"type":"LineString","coordinates":[[-81.79073,36.22845],[-81.79175,36.23006],[-81.79225,36.23102],[-81.79223,36.23112]]},"properties":{"net":"NC3251","o":5}},{"type":"Feature","geometry":{"type":"LineString","coordinates":[[-81.80138,36.23865],[-81.80143,36.23963],[-81.80173,36.24017],[-81.80248,36.2408],[-81.80305,36.24112],[-81.80391,36.24141]]},"properties":{"net":"NC3251","o":5}},{"type":"Feature","geometry":{"type":"LineString","coordinates":[[-81.89699,36.26154],[-81.89701,36.2619],[-81.89688,36.26219]]},"properties":{"net":"out","o":4}},{"type":"Feature","geometry":{"type":"LineString","coordinates":[[-81.89658,36.27392],[-81.89709,36.27608],[-81.89795,36.27799],[-81.89853,36.27878]]},"properties":{"net":"out","o":6}},{"type":"Feature","geometry":{"type":"LineString","coordinates":[[-81.83174,36.31651],[-81.83183,36.3156],[-81.83178,36.31524],[-81.83143,36.31472],[-81.83128,36.31382],[-81.83146,36.31336]]},"properties":{"net":"out","o":4}},{"type":"Feature","geometry":{"type":"LineString","coordinates":[[-81.83029,36.30545],[-81.82995,36.30497],[-81.82984,36.30403],[-81.8299,36.3037]]},"properties":{"net":"out","o":4}},{"type":"Feature","geometry":{"type":"LineString","coordinates":[[-81.76201,36.3231],[-81.76269,36.32249],[-81.76329,36.32168],[-81.76373,36.3214]]},"properties":{"net":"NC3251","o":4}},{"type":"Feature","geometry":{"type":"LineString","coordinates":[[-81.83924,36.29306],[-81.83963,36.29317]]},"properties":{"net":"out","o":5}},{"type":"Feature","geometry":{"type":"LineString","coordinates":[[-81.8179,36.24907],[-81.81838,36.24869],[-81.81875,36.24801],[-81.81895,36.24781],[-81.81996,36.24747],[-81.82069,36.2469],[-81.82179,36.24645],[-81.82209,36.24616]]},"properties":{"net":"NC3251","o":5}},{"type":"Feature","geometry":{"type":"LineString","coordinates":[[-81.90359,36.25012],[-81.90354,36.25025],[-81.90369,36.25056],[-81.904,36.25076],[-81.90413,36.25104],[-81.90373,36.25176],[-81.90304,36.25258]]},"properties":{"net":"out","o":4}},{"type":"Feature","geometry":{"type":"LineString","coordinates":[[-81.87207,36.45953],[-81.87281,36.45902],[-81.87375,36.45868]]},"properties":{"net":"out","o":4}},{"type":"Feature","geometry":{"type":"LineString","coordinates":[[-81.73376,36.46613],[-81.73388,36.4658],[-81.73455,36.46547],[-81.73472,36.46487],[-81.7352,36.46402],[-81.7355,36.46395],[-81.73591,36.46417],[-81.73625,36.46421],[-81.73695,36.46411],[-81.73739,36.46426],[-81.73795,36.46425],[-81.7391,36.46372],[-81.73955,36.46336],[-81.7399,36.46321],[-81.74013,36.46324],[-81.74061,36.46352],[-81.74116,36.4641],[-81.74174,36.46454],[-81.74239,36.46471]]},"properties":{"net":"out","o":4}},{"type":"Feature","geometry":{"type":"LineString","coordinates":[[-81.84356,36.25026],[-81.84452,36.25095]]},"properties":{"net":"out","o":6}},{"type":"Feature","geometry":{"type":"LineString","coordinates":[[-81.83145,36.24583],[-81.8313,36.24595],[-81.83117,36.2464],[-81.83109,36.24729],[-81.83203,36.24932],[-81.83231,36.24971],[-81.83238,36.25008],[-81.83351,36.25177],[-81.83371,36.25194]]},"properties":{"net":"out","o":6}},{"type":"Feature","geometry":{"type":"LineString","coordinates":[[-81.75838,36.1911],[-81.75896,36.1908],[-81.75968,36.19085],[-81.76006,36.19109]]},"properties":{"net":"NC3251","o":5}},{"type":"Feature","geometry":{"type":"LineString","coordinates":[[-82.18091,36.27377],[-82.18074,36.27451],[-82.18083,36.2752],[-82.18036,36.27574],[-82.17997,36.27598],[-82.17981,36.27636]]},"properties":{"net":"out","o":5}},{"type":"Feature","geometry":{"type":"LineString","coordinates":[[-82.09673,36.24751],[-82.09698,36.24794],[-82.09699,36.24843],[-82.09677,36.24851],[-82.09604,36.24841],[-82.09548,36.24859],[-82.09512,36.24889],[-82.09497,36.24954],[-82.0951,36.24969],[-82.09552,36.2498],[-82.09657,36.24984],[-82.09852,36.24948],[-82.09897,36.24963],[-82.09958,36.25003],[-82.09959,36.25053],[-82.09926,36.25128],[-82.09943,36.25156],[-82.09993,36.252],[-82.1001,36.2525],[-82.09946,36.25341],[-82.09943,36.25361],[-82.09959,36.2541],[-82.09923,36.25469],[-82.09927,36.25494],[-82.09941,36.25524],[-82.09996,36.2558],[-82.10037,36.25606],[-82.10088,36.25618]]},"properties":{"net":"out","o":4}},{"type":"Feature","geometry":{"type":"LineString","coordinates":[[-82.17552,36.27426],[-82.17711,36.27609],[-82.17881,36.27773]]},"properties":{"net":"out","o":5}},{"type":"Feature","geometry":{"type":"LineString","coordinates":[[-82.17416,36.27257],[-82.17421,36.27257]]},"properties":{"net":"out","o":5}},{"type":"Feature","geometry":{"type":"LineString","coordinates":[[-82.17102,36.2648],[-82.1694,36.26667],[-82.16908,36.26794],[-82.16864,36.26861],[-82.16828,36.27008],[-82.16855,36.27033],[-82.16937,36.27028],[-82.17012,36.2704],[-82.17245,36.27132],[-82.17291,36.27156],[-82.17314,36.27183]]},"properties":{"net":"out","o":5}},{"type":"Feature","geometry":{"type":"LineString","coordinates":[[-82.17906,36.2801],[-82.17888,36.28081],[-82.17856,36.28145]]},"properties":{"net":"out","o":6}},{"type":"Feature","geometry":{"type":"LineString","coordinates":[[-82.17813,36.35917],[-82.17868,36.35874],[-82.1787,36.35864],[-82.17943,36.35832]]},"properties":{"net":"out","o":7}},{"type":"Feature","geometry":{"type":"LineString","coordinates":[[-82.30901,36.2858],[-82.30945,36.28598],[-82.30958,36.28637],[-82.30938,36.28678],[-82.30899,36.28722]]},"properties":{"net":"out","o":4}},{"type":"Feature","geometry":{"type":"LineString","coordinates":[[-82.30315,36.29279],[-82.3027,36.29323]]},"properties":{"net":"out","o":5}},{"type":"Feature","geometry":{"type":"LineString","coordinates":[[-82.29879,36.29762],[-82.29838,36.29827]]},"properties":{"net":"out","o":5}},{"type":"Feature","geometry":{"type":"LineString","coordinates":[[-82.29838,36.29827],[-82.29784,36.299],[-82.29724,36.30052],[-82.29679,36.30133],[-82.2965,36.30158],[-82.29531,36.30194]]},"properties":{"net":"out","o":5}},{"type":"Feature","geometry":{"type":"LineString","coordinates":[[-82.28545,36.35952],[-82.28661,36.35971],[-82.28726,36.35964],[-82.28814,36.35902],[-82.28848,36.35895],[-82.28883,36.35874],[-82.28931,36.35836],[-82.29066,36.35794],[-82.29103,36.35791]]},"properties":{"net":"out","o":7}},{"type":"Feature","geometry":{"type":"LineString","coordinates":[[-82.2748,36.25271],[-82.27564,36.25334],[-82.27617,36.25419],[-82.27638,36.25437],[-82.27674,36.2546],[-82.27732,36.25475]]},"properties":{"net":"out","o":4}},{"type":"Feature","geometry":{"type":"LineString","coordinates":[[-82.27186,36.23582],[-82.2716,36.23626]]},"properties":{"net":"out","o":4}},{"type":"Feature","geometry":{"type":"LineString","coordinates":[[-82.28027,36.31839],[-82.27996,36.31881],[-82.27939,36.31911],[-82.27843,36.3199],[-82.2779,36.3201],[-82.27767,36.32006]]},"properties":{"net":"out","o":5}},{"type":"Feature","geometry":{"type":"LineString","coordinates":[[-82.27767,36.32006],[-82.27746,36.32001],[-82.27631,36.32047],[-82.27571,36.32104]]},"properties":{"net":"out","o":5}},{"type":"Feature","geometry":{"type":"LineString","coordinates":[[-82.26135,36.33808],[-82.26261,36.33738],[-82.26354,36.33664]]},"properties":{"net":"out","o":7}},{"type":"Feature","geometry":{"type":"LineString","coordinates":[[-82.25615,36.34185],[-82.25649,36.3415],[-82.25666,36.34106],[-82.25783,36.33989],[-82.25934,36.33884],[-82.25947,36.33864],[-82.25997,36.33837],[-82.26135,36.33808]]},"properties":{"net":"out","o":7}},{"type":"Feature","geometry":{"type":"LineString","coordinates":[[-82.22343,36.2196],[-82.223,36.21963],[-82.22227,36.22002],[-82.22164,36.21963],[-82.22023,36.21946],[-82.21918,36.21908],[-82.21684,36.21694],[-82.21643,36.21667],[-82.21589,36.2165],[-82.2158,36.21608],[-82.21588,36.21575]]},"properties":{"net":"out","o":4}},{"type":"Feature","geometry":{"type":"LineString","coordinates":[[-82.21262,36.34972],[-82.21252,36.34979]]},"properties":{"net":"out","o":6}},{"type":"Feature","geometry":{"type":"LineString","coordinates":[[-82.19638,36.3049],[-82.19591,36.30524],[-82.19586,36.30552],[-82.19606,36.3059],[-82.19659,36.30647],[-82.19674,36.3068]]},"properties":{"net":"out","o":6}},{"type":"Feature","geometry":{"type":"LineString","coordinates":[[-82.19952,36.3241],[-82.20044,36.32601],[-82.20091,36.32769],[-82.20105,36.3289]]},"properties":{"net":"out","o":6}},{"type":"Feature","geometry":{"type":"LineString","coordinates":[[-82.15545,36.23064],[-82.1566,36.23187],[-82.15681,36.23244],[-82.15679,36.23305],[-82.15687,36.23313],[-82.15691,36.23389],[-82.15717,36.23446],[-82.15753,36.23479]]},"properties":{"net":"out","o":5}},{"type":"Feature","geometry":{"type":"LineString","coordinates":[[-82.13796,36.2253],[-82.13841,36.22567],[-82.13867,36.22624],[-82.13894,36.22649],[-82.14028,36.22682],[-82.14094,36.22744],[-82.14142,36.22757],[-82.1424,36.22862],[-82.14272,36.22913],[-82.14286,36.22958],[-82.14364,36.23025],[-82.14423,36.23101]]},"properties":{"net":"out","o":5}},{"type":"Feature","geometry":{"type":"LineString","coordinates":[[-82.15796,36.25058],[-82.15786,36.25096],[-82.15655,36.25168],[-82.15622,36.25196],[-82.15603,36.25227],[-82.15595,36.25272],[-82.15617,36.25326],[-82.15608,36.25371],[-82.15471,36.25478],[-82.15453,36.25501],[-82.15463,36.25542],[-82.15546,36.25635],[-82.15553,36.25682]]},"properties":{"net":"out","o":5}},{"type":"Feature","geometry":{"type":"LineString","coordinates":[[-82.15414,36.28561],[-82.15466,36.286],[-82.15522,36.28621],[-82.15793,36.28652],[-82.15809,36.28668]]},"properties":{"net":"out","o":4}},{"type":"Feature","geometry":{"type":"LineString","coordinates":[[-82.15157,36.28046],[-82.15191,36.28043],[-82.15225,36.28053]]},"properties":{"net":"out","o":4}},{"type":"Feature","geometry":{"type":"LineString","coordinates":[[-82.15225,36.28053],[-82.15222,36.28091],[-82.15135,36.28205],[-82.15133,36.28244],[-82.1517,36.2833]]},"properties":{"net":"out","o":4}},{"type":"Feature","geometry":{"type":"LineString","coordinates":[[-82.13793,36.2799],[-82.1374,36.28],[-82.13715,36.28019],[-82.13766,36.28135],[-82.1379,36.28167],[-82.13882,36.28248],[-82.13986,36.28297],[-82.14052,36.28305],[-82.14087,36.28295],[-82.14115,36.28268],[-82.14129,36.28195],[-82.14125,36.2813],[-82.14138,36.28115],[-82.14176,36.28106],[-82.14364,36.28134],[-82.14457,36.28126],[-82.14488,36.28106],[-82.14527,36.28011],[-82.14633,36.27932],[-82.1468,36.27912],[-82.14826,36.27962],[-82.14839,36.27978],[-82.14885,36.28122],[-82.14926,36.28144],[-82.15071,36.28148],[-82.1511,36.28083],[-82.15157,36.28046]]},"properties":{"net":"out","o":4}},{"type":"Feature","geometry":{"type":"LineString","coordinates":[[-82.1529,36.3499],[-82.15338,36.35024],[-82.15406,36.3505],[-82.15463,36.35111],[-82.15488,36.35172],[-82.15498,36.35267],[-82.15492,36.35302],[-82.15499,36.3531],[-82.15458,36.35511],[-82.15445,36.3553]]},"properties":{"net":"out","o":7}},{"type":"Feature","geometry":{"type":"LineString","coordinates":[[-82.14331,36.34742],[-82.1436,36.34733],[-82.14477,36.3474],[-82.1451,36.34708],[-82.14622,36.34692]]},"properties":{"net":"out","o":7}},{"type":"Feature","geometry":{"type":"LineString","coordinates":[[-82.15601,36.36776],[-82.15679,36.36746],[-82.15809,36.36736]]},"properties":{"net":"out","o":7}},{"type":"Feature","geometry":{"type":"LineString","coordinates":[[-82.15344,36.36028],[-82.15412,36.36079]]},"properties":{"net":"out","o":7}},{"type":"Feature","geometry":{"type":"LineString","coordinates":[[-82.14889,36.37856],[-82.14938,36.37731],[-82.14964,36.37713],[-82.1539,36.37625],[-82.15468,36.37592]]},"properties":{"net":"out","o":5}},{"type":"Feature","geometry":{"type":"LineString","coordinates":[[-82.11789,36.20918],[-82.11828,36.20927],[-82.1189,36.20984],[-82.11899,36.21011],[-82.1189,36.21057],[-82.1173,36.21236],[-82.11716,36.21293]]},"properties":{"net":"out","o":5}},{"type":"Feature","geometry":{"type":"LineString","coordinates":[[-82.10088,36.25618],[-82.10198,36.25604],[-82.10269,36.25622],[-82.10283,36.25649],[-82.10268,36.25715],[-82.10281,36.25732],[-82.10316,36.25739],[-82.10369,36.25717],[-82.10396,36.25641],[-82.10432,36.25636],[-82.10477,36.25648],[-82.10508,36.25642],[-82.10664,36.25533],[-82.10727,36.25545],[-82.10757,36.2558],[-82.10783,36.25589],[-82.10909,36.25578]]},"properties":{"net":"out","o":4}},{"type":"Feature","geometry":{"type":"LineString","coordinates":[[-82.10321,36.31898],[-82.10463,36.31889],[-82.10545,36.31867],[-82.10639,36.31823],[-82.11007,36.31606],[-82.11954,36.31717]]},"properties":{"net":"out","o":7}},{"type":"Feature","geometry":{"type":"LineString","coordinates":[[-82.11498,36.34007],[-82.1154,36.34051],[-82.11623,36.34093],[-82.11781,36.34101],[-82.11893,36.34085],[-82.11977,36.34099]]},"properties":{"net":"out","o":7}},{"type":"Feature","geometry":{"type":"LineString","coordinates":[[-82.11189,36.25751],[-82.11267,36.25832],[-82.11314,36.2585],[-82.11357,36.25831],[-82.11364,36.25815],[-82.11352,36.258],[-82.11356,36.25779],[-82.11387,36.25771],[-82.11414,36.2579],[-82.1147,36.2588]]},"properties":{"net":"out","o":4}},{"type":"Feature","geometry":{"type":"LineString","coordinates":[[-82.35769,36.37921],[-82.35778,36.37957],[-82.35769,36.3804],[-82.35902,36.38172]]},"properties":{"net":"out","o":4}},{"type":"Feature","geometry":{"type":"LineString","coordinates":[[-82.35902,36.38172],[-82.35982,36.38244],[-82.3614,36.3836],[-82.36124,36.38444]]},"properties":{"net":"out","o":4}},{"type":"Feature","geometry":{"type":"LineString","coordinates":[[-82.34247,36.39864],[-82.34358,36.398],[-82.34614,36.39709],[-82.34735,36.39603],[-82.34778,36.39449],[-82.34577,36.39119],[-82.34474,36.38797],[-82.34547,36.38571],[-82.34697,36.38465],[-82.35126,36.38503],[-82.35424,36.38683],[-82.35695,36.38781],[-82.35688,36.38848]]},"properties":{"net":"out","o":7}},{"type":"Feature","geometry":{"type":"LineString","coordinates":[[-82.16759,36.36845],[-82.16812,36.36842],[-82.16852,36.36821],[-82.17014,36.36807],[-82.17039,36.36796],[-82.1707,36.36799],[-82.17142,36.36779]]},"properties":{"net":"out","o":7}},{"type":"Feature","geometry":{"type":"LineString","coordinates":[[-82.13684,36.2235],[-82.13697,36.22409],[-82.13796,36.2253]]},"properties":{"net":"out","o":5}},{"type":"Feature","geometry":{"type":"LineString","coordinates":[[-82.12984,36.21664],[-82.13098,36.21747],[-82.13158,36.21815]]},"properties":{"net":"out","o":5}},{"type":"Feature","geometry":{"type":"LineString","coordinates":[[-82.1225,36.3226],[-82.12634,36.32994]]},"properties":{"net":"out","o":7}},{"type":"Feature","geometry":{"type":"LineString","coordinates":[[-82.31885,36.3768],[-82.31858,36.37855],[-82.31862,36.37956],[-82.31899,36.38076],[-82.31897,36.38115],[-82.31909,36.38174],[-82.31939,36.3821],[-82.31978,36.38366],[-82.31974,36.38412]]},"properties":{"net":"out","o":7}},{"type":"Feature","geometry":{"type":"LineString","coordinates":[[-82.31766,36.38618],[-82.31725,36.38701],[-82.31658,36.38778],[-82.31619,36.38843],[-82.31603,36.38914],[-82.31604,36.38966]]},"properties":{"net":"out","o":7}},{"type":"Feature","geometry":{"type":"LineString","coordinates":[[-82.40251,36.39015],[-82.40267,36.39037],[-82.40255,36.39058],[-82.40268,36.39079],[-82.40246,36.39107]]},"properties":{"net":"out","o":4}},{"type":"Feature","geometry":{"type":"LineString","coordinates":[[-82.39781,36.39337],[-82.39724,36.3928],[-82.39681,36.39195]]},"properties":{"net":"out","o":4}},{"type":"Feature","geometry":{"type":"LineString","coordinates":[[-82.40153,36.43374],[-82.40314,36.43418],[-82.40355,36.43494]]},"properties":{"net":"out","o":7}},{"type":"Feature","geometry":{"type":"LineString","coordinates":[[-82.31989,36.24869],[-82.3197,36.24933]]},"properties":{"net":"out","o":4}},{"type":"Feature","geometry":{"type":"LineString","coordinates":[[-82.18336,36.22419],[-82.18377,36.22468],[-82.18403,36.22532],[-82.18457,36.22613],[-82.18598,36.22766],[-82.18691,36.22828],[-82.18892,36.22824]]},"properties":{"net":"out","o":4}},{"type":"Feature","geometry":{"type":"LineString","coordinates":[[-82.19058,36.24322],[-82.19137,36.24376],[-82.19279,36.24372],[-82.19349,36.24415]]},"properties":{"net":"out","o":5}},{"type":"Feature","geometry":{"type":"LineString","coordinates":[[-81.76923,36.41765],[-81.76947,36.41806],[-81.76931,36.41892],[-81.76941,36.4193],[-81.7696,36.4194]]},"properties":{"net":"out","o":4}},{"type":"Feature","geometry":{"type":"LineString","coordinates":[[-81.78161,36.42924],[-81.78178,36.42943],[-81.78192,36.42992],[-81.78207,36.43014],[-81.78503,36.43305],[-81.78556,36.43337]]},"properties":{"net":"out","o":4}},{"type":"Feature","geometry":{"type":"LineString","coordinates":[[-81.78137,36.42909],[-81.78161,36.42924]]},"properties":{"net":"out","o":4}},{"type":"Feature","geometry":{"type":"LineString","coordinates":[[-81.77006,36.4415],[-81.77029,36.44114],[-81.77076,36.44079],[-81.77293,36.43996]]},"properties":{"net":"out","o":5}},{"type":"Feature","geometry":{"type":"LineString","coordinates":[[-82.05834,36.42577],[-82.05915,36.42539],[-82.06029,36.42509]]},"properties":{"net":"out","o":5}},{"type":"Feature","geometry":{"type":"LineString","coordinates":[[-81.97743,36.23891],[-81.97906,36.23968],[-81.97959,36.24025],[-81.9804,36.24147],[-81.98067,36.24273],[-81.98079,36.24277]]},"properties":{"net":"out","o":4}},{"type":"Feature","geometry":{"type":"LineString","coordinates":[[-81.97719,36.39563],[-81.9761,36.3958],[-81.97514,36.39562],[-81.97433,36.39518],[-81.97388,36.39505],[-81.9727,36.39505]]},"properties":{"net":"out","o":4}},{"type":"Feature","geometry":{"type":"LineString","coordinates":[[-81.98827,36.33879],[-81.98883,36.33872]]},"properties":{"net":"out","o":7}},{"type":"Feature","geometry":{"type":"LineString","coordinates":[[-82.00858,36.36167],[-82.01008,36.35991],[-82.01087,36.35875],[-82.01165,36.35667],[-82.01203,36.35632],[-82.01252,36.35567],[-82.01299,36.35536],[-82.01394,36.35506],[-82.01419,36.35477],[-82.01445,36.35419]]},"properties":{"net":"out","o":4}},{"type":"Feature","geometry":{"type":"LineString","coordinates":[[-82.00263,36.4648],[-82.00295,36.46451]]},"properties":{"net":"out","o":4}},{"type":"Feature","geometry":{"type":"LineString","coordinates":[[-81.99926,36.46702],[-81.99965,36.46687]]},"properties":{"net":"out","o":4}},{"type":"Feature","geometry":{"type":"LineString","coordinates":[[-82.06673,36.19702],[-82.06712,36.19738],[-82.06777,36.19775],[-82.06838,36.1984],[-82.06867,36.19854],[-82.0705,36.19868],[-82.07169,36.19853]]},"properties":{"net":"out","o":5}},{"type":"Feature","geometry":{"type":"LineString","coordinates":[[-81.97379,36.21362],[-81.97358,36.21506],[-81.97359,36.21575],[-81.97343,36.2166],[-81.97335,36.21664]]},"properties":{"net":"out","o":4}},{"type":"Feature","geometry":{"type":"LineString","coordinates":[[-82.03328,36.33302],[-82.03378,36.333]]},"properties":{"net":"out","o":7}},{"type":"Feature","geometry":{"type":"LineString","coordinates":[[-82.02252,36.34561],[-82.0215,36.34448],[-82.02131,36.34406],[-82.02022,36.3426],[-82.02004,36.34211],[-82.01985,36.34191],[-82.01988,36.34173],[-82.01971,36.34146],[-82.01974,36.34128],[-82.0187,36.34004],[-82.01874,36.33979],[-82.01867,36.33967],[-82.0192,36.33685],[-82.01897,36.33661],[-82.01902,36.33636],[-82.01877,36.33597],[-82.0181,36.3352],[-82.01725,36.3351],[-82.01659,36.33524],[-82.01477,36.33503],[-82.01428,36.3345]]},"properties":{"net":"out","o":5}},{"type":"Feature","geometry":{"type":"LineString","coordinates":[[-81.90244,36.28081],[-81.9039,36.28021],[-81.90482,36.27967],[-81.90582,36.2787],[-81.90633,36.2784],[-81.90698,36.27834]]},"properties":{"net":"out","o":6}},{"type":"Feature","geometry":{"type":"LineString","coordinates":[[-81.95903,36.38318],[-81.95738,36.38288],[-81.95625,36.38306],[-81.95548,36.38331]]},"properties":{"net":"out","o":6}},{"type":"Feature","geometry":{"type":"LineString","coordinates":[[-81.83146,36.31336],[-81.83176,36.31295]]},"properties":{"net":"out","o":4}},{"type":"Feature","geometry":{"type":"LineString","coordinates":[[-81.86382,36.3774],[-81.86414,36.37833],[-81.86433,36.37925],[-81.8649,36.37993],[-81.86549,36.38026],[-81.86593,36.38073]]},"properties":{"net":"out","o":4}},{"type":"Feature","geometry":{"type":"LineString","coordinates":[[-81.96478,36.4004],[-81.9654,36.40023],[-81.96696,36.40017],[-81.96765,36.40001],[-81.96807,36.39973],[-81.9684,36.39899]]},"properties":{"net":"out","o":6}},{"type":"Feature","geometry":{"type":"LineString","coordinates":[[-81.96833,36.38731],[-81.96804,36.38655],[-81.96758,36.38612],[-81.96725,36.38604],[-81.96676,36.38616],[-81.96601,36.38611],[-81.9651,36.38578],[-81.96468,36.38548],[-81.96432,36.38483],[-81.96313,36.38408],[-81.96297,36.38376]]},"properties":{"net":"out","o":6}},{"type":"Feature","geometry":{"type":"LineString","coordinates":[[-81.9578,36.41275],[-81.95823,36.41259],[-81.95962,36.41299],[-81.95979,36.41296],[-81.96047,36.4124]]},"properties":{"net":"out","o":6}},{"type":"Feature","geometry":{"type":"LineString","coordinates":[[-81.84362,36.29384],[-81.84504,36.2936]]},"properties":{"net":"out","o":5}},{"type":"Feature","geometry":{"type":"LineString","coordinates":[[-81.86641,36.46816],[-81.8661,36.46751],[-81.86488,36.46657],[-81.86403,36.4654],[-81.86367,36.46456],[-81.86295,36.46398],[-81.86281,36.46264],[-81.86257,36.46207],[-81.86257,36.46133]]},"properties":{"net":"out","o":4}},{"type":"Feature","geometry":{"type":"LineString","coordinates":[[-81.91309,36.28184],[-81.91447,36.28345],[-81.91512,36.28398]]},"properties":{"net":"out","o":6}},{"type":"Feature","geometry":{"type":"LineString","coordinates":[[-81.9331,36.30184],[-81.93299,36.30269],[-81.93317,36.3034],[-81.9331,36.304],[-81.93316,36.30415]]},"properties":{"net":"out","o":6}},{"type":"Feature","geometry":{"type":"LineString","coordinates":[[-81.87167,36.27152],[-81.87186,36.27151],[-81.87222,36.27126],[-81.87258,36.27055],[-81.8733,36.26988],[-81.87387,36.26904]]},"properties":{"net":"out","o":6}},{"type":"Feature","geometry":{"type":"LineString","coordinates":[[-81.91834,36.38733],[-81.9192,36.38667]]},"properties":{"net":"out","o":6}},{"type":"Feature","geometry":{"type":"LineString","coordinates":[[-81.92091,36.43149],[-81.92116,36.43101],[-81.92147,36.43087],[-81.92309,36.43099]]},"properties":{"net":"out","o":5}},{"type":"Feature","geometry":{"type":"LineString","coordinates":[[-81.77657,36.25595],[-81.77691,36.25595],[-81.7773,36.2558],[-81.77783,36.2558],[-81.7782,36.25561]]},"properties":{"net":"NC3251","o":4}},{"type":"Feature","geometry":{"type":"LineString","coordinates":[[-81.76299,36.2034],[-81.76318,36.20398],[-81.76344,36.20427],[-81.7645,36.20468],[-81.76503,36.20475],[-81.76607,36.20455],[-81.76678,36.20463],[-81.76711,36.20482],[-81.76755,36.20537],[-81.76795,36.20614],[-81.76837,36.20724],[-81.76846,36.20772],[-81.76898,36.20858]]},"properties":{"net":"NC3251","o":5}},{"type":"Feature","geometry":{"type":"LineString","coordinates":[[-81.77438,36.21219],[-81.77634,36.21286],[-81.77708,36.21374],[-81.77782,36.21419],[-81.78087,36.21532],[-81.78166,36.21548],[-81.78266,36.21596],[-81.78327,36.21607],[-81.78416,36.21643],[-81.78606,36.2167]]},"properties":{"net":"NC3251","o":5}},{"type":"Feature","geometry":{"type":"LineString","coordinates":[[-81.76329,36.40873],[-81.76359,36.40904],[-81.76467,36.40968],[-81.7655,36.41106]]},"properties":{"net":"out","o":4}},{"type":"Feature","geometry":{"type":"LineString","coordinates":[[-81.76774,36.3173],[-81.76805,36.3159],[-81.76796,36.31427]]},"properties":{"net":"NC3251","o":5}},{"type":"Feature","geometry":{"type":"LineString","coordinates":[[-81.77619,36.32572],[-81.77591,36.32489],[-81.77528,36.32411],[-81.77476,36.32369]]},"properties":{"net":"NC3251","o":4}},{"type":"Feature","geometry":{"type":"LineString","coordinates":[[-81.81469,36.25202],[-81.81496,36.25154],[-81.81607,36.25064],[-81.81644,36.25049],[-81.81726,36.25042]]},"properties":{"net":"NC3251","o":5}},{"type":"Feature","geometry":{"type":"LineString","coordinates":[[-81.82214,36.29296],[-81.82273,36.29309],[-81.82373,36.29271]]},"properties":{"net":"out","o":4}},{"type":"Feature","geometry":{"type":"LineString","coordinates":[[-81.8286,36.30179],[-81.82825,36.3017],[-81.82803,36.30102],[-81.82766,36.30057]]},"properties":{"net":"out","o":4}},{"type":"Feature","geometry":{"type":"LineString","coordinates":[[-81.82661,36.3222],[-81.82718,36.32246],[-81.82739,36.32241],[-81.82765,36.32173],[-81.82812,36.32132]]},"properties":{"net":"out","o":4}},{"type":"Feature","geometry":{"type":"LineString","coordinates":[[-81.82231,36.32785],[-81.82275,36.32694],[-81.82341,36.32667],[-81.82445,36.32604]]},"properties":{"net":"out","o":4}},{"type":"Feature","geometry":{"type":"LineString","coordinates":[[-82.02104,36.45799],[-82.02122,36.45744],[-82.02207,36.45656],[-82.02215,36.45581],[-82.02237,36.4554],[-82.02349,36.45496],[-82.02396,36.45442],[-82.02423,36.45426],[-82.02454,36.45424],[-82.02524,36.45452],[-82.02583,36.45425]]},"properties":{"net":"out","o":5}},{"type":"Feature","geometry":{"type":"LineString","coordinates":[[-81.73843,36.20055],[-81.73853,36.20037],[-81.73829,36.19967],[-81.73891,36.19919],[-81.73935,36.19868],[-81.74028,36.19829],[-81.74043,36.19774],[-81.74187,36.19677],[-81.74275,36.19657],[-81.74404,36.19591]]},"properties":{"net":"NC3251","o":4}},{"type":"Feature","geometry":{"type":"LineString","coordinates":[[-81.75769,36.3731],[-81.75922,36.37444],[-81.75963,36.37493]]},"properties":{"net":"out","o":4}},{"type":"Feature","geometry":{"type":"LineString","coordinates":[[-81.76011,36.38007],[-81.76008,36.38094],[-81.76049,36.38159],[-81.76089,36.382],[-81.76114,36.38259]]},"properties":{"net":"out","o":4}},{"type":"Feature","geometry":{"type":"LineString","coordinates":[[-81.76114,36.38259],[-81.76104,36.38284],[-81.7607,36.3831],[-81.76046,36.38317],[-81.75973,36.38313],[-81.75866,36.3834],[-81.75832,36.3836],[-81.75819,36.38387]]},"properties":{"net":"out","o":4}},{"type":"Feature","geometry":{"type":"LineString","coordinates":[[-81.75769,36.38785],[-81.75811,36.38833],[-81.75837,36.38884]]},"properties":{"net":"out","o":4}},{"type":"Feature","geometry":{"type":"LineString","coordinates":[[-81.75643,36.39975],[-81.75693,36.40079],[-81.75711,36.401],[-81.75733,36.40108],[-81.7582,36.4009]]},"properties":{"net":"out","o":4}},{"type":"Feature","geometry":{"type":"LineString","coordinates":[[-81.75665,36.39413],[-81.75643,36.39468],[-81.75688,36.39526]]},"properties":{"net":"out","o":4}},{"type":"Feature","geometry":{"type":"LineString","coordinates":[[-81.77234,36.32157],[-81.77061,36.31999],[-81.77022,36.31942]]},"properties":{"net":"NC3251","o":4}},{"type":"Feature","geometry":{"type":"LineString","coordinates":[[-81.77022,36.31942],[-81.77001,36.31866],[-81.76967,36.31825]]},"properties":{"net":"NC3251","o":4}},{"type":"Feature","geometry":{"type":"LineString","coordinates":[[-81.76706,36.31773],[-81.76743,36.3176],[-81.76774,36.3173]]},"properties":{"net":"NC3251","o":4}},{"type":"Feature","geometry":{"type":"LineString","coordinates":[[-81.75209,36.45668],[-81.75372,36.45596],[-81.75446,36.45554],[-81.75479,36.45507],[-81.7549,36.45472]]},"properties":{"net":"out","o":4}},{"type":"Feature","geometry":{"type":"LineString","coordinates":[[-81.7707,36.42321],[-81.77076,36.42354],[-81.77095,36.42383],[-81.77222,36.42514]]},"properties":{"net":"out","o":4}},{"type":"Feature","geometry":{"type":"LineString","coordinates":[[-82.01634,36.46009],[-82.01809,36.4594],[-82.01889,36.45935],[-82.01955,36.45917],[-82.01997,36.45873],[-82.02104,36.45799]]},"properties":{"net":"out","o":5}},{"type":"Feature","geometry":{"type":"LineString","coordinates":[[-82.05149,36.33072],[-82.05367,36.33097],[-82.05413,36.33113],[-82.05478,36.33157],[-82.05552,36.33177],[-82.05639,36.3327],[-82.0567,36.33274],[-82.05697,36.33298],[-82.05777,36.33337]]},"properties":{"net":"out","o":7}},{"type":"Feature","geometry":{"type":"LineString","coordinates":[[-81.94136,36.42191],[-81.94198,36.42193],[-81.9429,36.42223]]},"properties":{"net":"out","o":5}},{"type":"Feature","geometry":{"type":"LineString","coordinates":[[-81.94443,36.44886],[-81.94432,36.44855],[-81.94446,36.44832]]},"properties":{"net":"out","o":4}},{"type":"Feature","geometry":{"type":"LineString","coordinates":[[-81.9427,36.44569],[-81.94262,36.44535]]},"properties":{"net":"out","o":5}},{"type":"Feature","geometry":{"type":"LineString","coordinates":[[-81.95212,36.36839],[-81.95219,36.368]]},"properties":{"net":"out","o":7}},{"type":"Feature","geometry":{"type":"LineString","coordinates":[[-81.89277,36.37611],[-81.89347,36.37576]]},"properties":{"net":"out","o":6}},{"type":"Feature","geometry":{"type":"LineString","coordinates":[[-81.90897,36.39383],[-81.91003,36.39384],[-81.91056,36.39373]]},"properties":{"net":"out","o":6}},{"type":"Feature","geometry":{"type":"LineString","coordinates":[[-81.89227,36.39568],[-81.89437,36.39422],[-81.89487,36.39375],[-81.89536,36.39312],[-81.89571,36.39226]]},"properties":{"net":"out","o":4}},{"type":"Feature","geometry":{"type":"LineString","coordinates":[[-81.90222,36.45852],[-81.90219,36.45815],[-81.90254,36.45772],[-81.90256,36.45753],[-81.90225,36.45703],[-81.90222,36.45641],[-81.90238,36.456],[-81.90209,36.45542],[-81.90042,36.45393],[-81.89922,36.45312]]},"properties":{"net":"out","o":4}},{"type":"Feature","geometry":{"type":"LineString","coordinates":[[-81.89917,36.44897],[-81.89993,36.44886],[-81.90074,36.44844],[-81.90148,36.4483]]},"properties":{"net":"out","o":5}},{"type":"Feature","geometry":{"type":"LineString","coordinates":[[-81.85082,36.30262],[-81.8505,36.30192],[-81.8503,36.30084],[-81.84974,36.30001]]},"properties":{"net":"out","o":4}},{"type":"Feature","geometry":{"type":"LineString","coordinates":[[-81.86817,36.27853],[-81.86887,36.27774],[-81.86925,36.27714],[-81.8693,36.27674],[-81.86917,36.27592],[-81.86931,36.27557],[-81.86961,36.27528]]},"properties":{"net":"out","o":5}},{"type":"Feature","geometry":{"type":"LineString","coordinates":[[-81.86646,36.28062],[-81.86661,36.28048]]},"properties":{"net":"out","o":5}},{"type":"Feature","geometry":{"type":"LineString","coordinates":[[-81.86524,36.28247],[-81.86537,36.28218],[-81.86537,36.28164],[-81.8657,36.28115],[-81.86606,36.28086]]},"properties":{"net":"out","o":5}},{"type":"Feature","geometry":{"type":"LineString","coordinates":[[-81.86139,36.28034],[-81.86217,36.28078],[-81.86301,36.28177],[-81.86422,36.28227]]},"properties":{"net":"out","o":5}},{"type":"Feature","geometry":{"type":"LineString","coordinates":[[-81.85334,36.28819],[-81.8542,36.28801],[-81.85519,36.28801]]},"properties":{"net":"out","o":5}},{"type":"Feature","geometry":{"type":"LineString","coordinates":[[-81.85143,36.29417],[-81.85176,36.29392],[-81.85248,36.29362],[-81.85345,36.29344],[-81.85362,36.29317],[-81.8534,36.29278],[-81.85341,36.2926]]},"properties":{"net":"out","o":4}},{"type":"Feature","geometry":{"type":"LineString","coordinates":[[-81.84598,36.37958],[-81.84634,36.38005],[-81.84767,36.3807]]},"properties":{"net":"out","o":4}},{"type":"Feature","geometry":{"type":"LineString","coordinates":[[-81.83622,36.36993],[-81.83633,36.37019],[-81.8367,36.37054],[-81.83719,36.37159],[-81.83866,36.373],[-81.83937,36.37344],[-81.83969,36.37392],[-81.84004,36.37423],[-81.84111,36.37479],[-81.84205,36.37513],[-81.84256,36.37593],[-81.84306,36.37619],[-81.84347,36.37653],[-81.84424,36.37769],[-81.84566,36.37915],[-81.84598,36.37958]]},"properties":{"net":"out","o":4}},{"type":"Feature","geometry":{"type":"LineString","coordinates":[[-81.83736,36.41463],[-81.83781,36.41377],[-81.83805,36.41281],[-81.83737,36.41169],[-81.83732,36.41105],[-81.83765,36.41031],[-81.83835,36.40965],[-81.83862,36.40914],[-81.83861,36.40881],[-81.83888,36.40805],[-81.8389,36.40736],[-81.83862,36.4067],[-81.83861,36.40623],[-81.83887,36.40591],[-81.83946,36.40557]]},"properties":{"net":"out","o":6}},{"type":"Feature","geometry":{"type":"LineString","coordinates":[[-81.83581,36.41677],[-81.83616,36.41644],[-81.83686,36.41535]]},"properties":{"net":"out","o":6}},{"type":"Feature","geometry":{"type":"LineString","coordinates":[[-81.82924,36.40965],[-81.8295,36.4103],[-81.83047,36.41098],[-81.83079,36.41151],[-81.83115,36.41162],[-81.83167,36.41151],[-81.83215,36.41163],[-81.83336,36.41274],[-81.8336,36.41326],[-81.83393,36.41355],[-81.83558,36.41443],[-81.83624,36.41496],[-81.83706,36.41508]]},"properties":{"net":"out","o":4}},{"type":"Feature","geometry":{"type":"LineString","coordinates":[[-81.74673,36.17917],[-81.74731,36.17993],[-81.74743,36.18037],[-81.7474,36.18069],[-81.74689,36.1814],[-81.74675,36.18178],[-81.74681,36.1822],[-81.74721,36.18309]]},"properties":{"net":"NC6242","o":4}},{"type":"Feature","geometry":{"type":"LineString","coordinates":[[-81.74721,36.18309],[-81.74717,36.18359],[-81.74698,36.18401],[-81.74697,36.18486],[-81.74655,36.18593],[-81.74629,36.18747],[-81.74626,36.18843],[-81.74566,36.18923],[-81.74525,36.19055],[-81.74523,36.19135],[-81.74551,36.19264],[-81.74529,36.19359],[-81.74577,36.19472]]},"properties":{"net":"NC3251","o":4}},{"type":"Feature","geometry":{"type":"LineString","coordinates":[[-81.76253,36.19892],[-81.76284,36.19907],[-81.76302,36.1993],[-81.76291,36.20012],[-81.76304,36.20158],[-81.76287,36.20297],[-81.76299,36.2034]]},"properties":{"net":"NC3251","o":5}},{"type":"Feature","geometry":{"type":"LineString","coordinates":[[-82.17943,36.35832],[-82.18045,36.3583],[-82.18135,36.35812],[-82.18166,36.35815],[-82.18245,36.35803]]},"properties":{"net":"out","o":7}},{"type":"Feature","geometry":{"type":"LineString","coordinates":[[-82.17142,36.36779],[-82.17279,36.36726],[-82.17352,36.36652],[-82.17396,36.36563],[-82.17506,36.36432],[-82.17514,36.36389],[-82.17559,36.36319],[-82.17578,36.36241],[-82.177,36.36046],[-82.17703,36.36029],[-82.17785,36.35933],[-82.17813,36.35917]]},"properties":{"net":"out","o":7}},{"type":"Feature","geometry":{"type":"LineString","coordinates":[[-82.13098,36.34918],[-82.13083,36.34953],[-82.13099,36.35012],[-82.13138,36.35096],[-82.13183,36.35152],[-82.13249,36.35185],[-82.13399,36.35188],[-82.13558,36.35113],[-82.13678,36.35076],[-82.13765,36.35028],[-82.13767,36.35014],[-82.1375,36.34983],[-82.13755,36.34955],[-82.13778,36.34929],[-82.13956,36.34805],[-82.14112,36.34722]]},"properties":{"net":"out","o":7}},{"type":"Feature","geometry":{"type":"LineString","coordinates":[[-82.12636,36.34116],[-82.12689,36.34159],[-82.12728,36.34171],[-82.12754,36.34199],[-82.12793,36.34309],[-82.12793,36.34334],[-82.12817,36.34351],[-82.12909,36.34369]]},"properties":{"net":"out","o":7}},{"type":"Feature","geometry":{"type":"LineString","coordinates":[[-82.11977,36.34099],[-82.12015,36.34089],[-82.12354,36.34074],[-82.12492,36.3409],[-82.12544,36.34085],[-82.12636,36.34116]]},"properties":{"net":"out","o":7}},{"type":"Feature","geometry":{"type":"LineString","coordinates":[[-82.29335,36.33919],[-82.28669,36.34553]]},"properties":{"net":"out","o":4}},{"type":"Feature","geometry":{"type":"LineString","coordinates":[[-82.28617,36.31244],[-82.28563,36.31295]]},"properties":{"net":"out","o":5}},{"type":"Feature","geometry":{"type":"LineString","coordinates":[[-82.27571,36.32104],[-82.27516,36.32144],[-82.2746,36.32169],[-82.27465,36.3223],[-82.27452,36.32251],[-82.27339,36.32305],[-82.27317,36.32347],[-82.27305,36.32513],[-82.27291,36.32569],[-82.27193,36.32676],[-82.27148,36.32777],[-82.27078,36.32837]]},"properties":{"net":"out","o":5}},{"type":"Feature","geometry":{"type":"LineString","coordinates":[[-82.26954,36.33029],[-82.27094,36.32935],[-82.27151,36.32916]]},"properties":{"net":"out","o":7}},{"type":"Feature","geometry":{"type":"LineString","coordinates":[[-82.27782,36.34712],[-82.27878,36.34661],[-82.28117,36.3467],[-82.28174,36.34655],[-82.28478,36.34499]]},"properties":{"net":"out","o":7}},{"type":"Feature","geometry":{"type":"LineString","coordinates":[[-82.27539,36.23127],[-82.27463,36.23265],[-82.27412,36.2333],[-82.27301,36.23433]]},"properties":{"net":"out","o":4}},{"type":"Feature","geometry":{"type":"LineString","coordinates":[[-82.2716,36.23626],[-82.27127,36.23676],[-82.27067,36.23726]]},"properties":{"net":"out","o":4}},{"type":"Feature","geometry":{"type":"LineString","coordinates":[[-82.25367,36.34949],[-82.25374,36.34931],[-82.25412,36.34899],[-82.25476,36.3482],[-82.25539,36.34722],[-82.25542,36.34698]]},"properties":{"net":"out","o":7}},{"type":"Feature","geometry":{"type":"LineString","coordinates":[[-82.24802,36.35191],[-82.2493,36.35149],[-82.25131,36.35116]]},"properties":{"net":"out","o":7}},{"type":"Feature","geometry":{"type":"LineString","coordinates":[[-82.2205,36.35646],[-82.22063,36.35661],[-82.22095,36.35668]]},"properties":{"net":"out","o":6}},{"type":"Feature","geometry":{"type":"LineString","coordinates":[[-82.17946,36.22295],[-82.1802,36.22354],[-82.18101,36.22383],[-82.18203,36.22405],[-82.18283,36.22406],[-82.18336,36.22419]]},"properties":{"net":"out","o":4}},{"type":"Feature","geometry":{"type":"LineString","coordinates":[[-82.17525,36.28348],[-82.17495,36.28407]]},"properties":{"net":"out","o":6}},{"type":"Feature","geometry":{"type":"LineString","coordinates":[[-82.17334,36.28831],[-82.17356,36.28849],[-82.17563,36.28931]]},"properties":{"net":"out","o":4}},{"type":"Feature","geometry":{"type":"LineString","coordinates":[[-82.32471,36.24024],[-82.32445,36.24055]]},"properties":{"net":"out","o":4}},{"type":"Feature","geometry":{"type":"LineString","coordinates":[[-82.32553,36.31367],[-82.32537,36.3139],[-82.32544,36.3147],[-82.32509,36.31546],[-82.32454,36.31625],[-82.32362,36.31704],[-82.32333,36.31752],[-82.32278,36.31807],[-82.32203,36.31844],[-82.32151,36.31902],[-82.3207,36.31939]]},"properties":{"net":"out","o":4}},{"type":"Feature","geometry":{"type":"LineString","coordinates":[[-82.23816,36.21643],[-82.23697,36.21666],[-82.23674,36.21676],[-82.23652,36.217],[-82.23628,36.21707],[-82.23526,36.21716],[-82.23507,36.21703],[-82.23507,36.21682],[-82.23497,36.2167],[-82.2345,36.21664],[-82.23428,36.2161],[-82.23355,36.21556],[-82.23314,36.21539],[-82.23259,36.21541],[-82.23182,36.21569],[-82.23066,36.21651],[-82.23068,36.21675],[-82.23109,36.21708],[-82.23107,36.21744],[-82.23172,36.21835],[-82.23166,36.21847],[-82.23116,36.21846],[-82.23076,36.21858]]},"properties":{"net":"out","o":4}},{"type":"Feature","geometry":{"type":"LineString","coordinates":[[-82.23547,36.35687],[-82.2361,36.35703],[-82.23728,36.35761]]},"properties":{"net":"out","o":7}},{"type":"Feature","geometry":{"type":"LineString","coordinates":[[-82.24,36.21546],[-82.23911,36.21606],[-82.23816,36.21643]]},"properties":{"net":"out","o":4}},{"type":"Feature","geometry":{"type":"LineString","coordinates":[[-82.19081,36.23817],[-82.19011,36.23865],[-82.18885,36.24005]]},"properties":{"net":"out","o":5}},{"type":"Feature","geometry":{"type":"LineString","coordinates":[[-82.19308,36.31296],[-82.19289,36.31351],[-82.19268,36.31363],[-82.19228,36.31456],[-82.19205,36.31486],[-82.19197,36.31554]]},"properties":{"net":"out","o":6}},{"type":"Feature","geometry":{"type":"LineString","coordinates":[[-82.18245,36.35803],[-82.18364,36.35773],[-82.18472,36.35779],[-82.18596,36.35826],[-82.18709,36.35904],[-82.18779,36.35919]]},"properties":{"net":"out","o":7}},{"type":"Feature","geometry":{"type":"LineString","coordinates":[[-82.15336,36.2476],[-82.15326,36.24798],[-82.1531,36.24814],[-82.15205,36.24866],[-82.15045,36.24967],[-82.15014,36.25024],[-82.15015,36.25051]]},"properties":{"net":"out","o":5}},{"type":"Feature","geometry":{"type":"LineString","coordinates":[[-82.1517,36.2833],[-82.15209,36.28409],[-82.1522,36.28549],[-82.15254,36.28581]]},"properties":{"net":"out","o":4}},{"type":"Feature","geometry":{"type":"LineString","coordinates":[[-82.15411,36.36375],[-82.15335,36.36421],[-82.15316,36.36451]]},"properties":{"net":"out","o":7}},{"type":"Feature","geometry":{"type":"LineString","coordinates":[[-82.1406,36.38063],[-82.14121,36.38041],[-82.14265,36.38025],[-82.14325,36.37986],[-82.14357,36.37978],[-82.14463,36.37981],[-82.1458,36.37971]]},"properties":{"net":"out","o":5}},{"type":"Feature","geometry":{"type":"LineString","coordinates":[[-82.36523,36.25197],[-82.36521,36.25248],[-82.36481,36.25293],[-82.36464,36.25346],[-82.36468,36.25395],[-82.36497,36.25454],[-82.36502,36.25487],[-82.36494,36.25517],[-82.3645,36.25577],[-82.36448,36.25646],[-82.36423,36.25673],[-82.36265,36.25738],[-82.36246,36.2577],[-82.36252,36.25798],[-82.363,36.25863],[-82.36336,36.25943]]},"properties":{"net":"out","o":4}},{"type":"Feature","geometry":{"type":"LineString","coordinates":[[-82.36889,36.27209],[-82.36895,36.27242],[-82.36887,36.27331],[-82.36877,36.27359],[-82.36825,36.2743],[-82.36821,36.27459],[-82.36844,36.2752],[-82.36906,36.27624],[-82.36911,36.27672],[-82.36899,36.27743]]},"properties":{"net":"out","o":4}},{"type":"Feature","geometry":{"type":"LineString","coordinates":[[-82.36899,36.27743],[-82.36835,36.27874],[-82.36832,36.2796],[-82.36796,36.27998],[-82.36793,36.28017],[-82.36638,36.28146],[-82.36587,36.28247],[-82.36546,36.28298],[-82.36494,36.28345],[-82.36404,36.28397]]},"properties":{"net":"out","o":4}},{"type":"Feature","geometry":{"type":"LineString","coordinates":[[-82.36404,36.28397],[-82.36369,36.28445],[-82.3632,36.28566],[-82.3624,36.28662],[-82.36193,36.28695],[-82.36103,36.28685],[-82.36076,36.28691],[-82.36025,36.28733]]},"properties":{"net":"out","o":4}},{"type":"Feature","geometry":{"type":"LineString","coordinates":[[-82.35623,36.29067],[-82.35412,36.29182],[-82.35098,36.29205],[-82.35043,36.29218],[-82.34969,36.29284],[-82.34922,36.29306],[-82.34911,36.29358],[-82.34874,36.29428],[-82.34905,36.29482],[-82.34901,36.29492],[-82.34846,36.29532],[-82.34798,36.29621],[-82.34607,36.29765],[-82.34535,36.29794]]},"properties":{"net":"out","o":4}},{"type":"Feature","geometry":{"type":"LineString","coordinates":[[-82.40355,36.43494],[-82.40453,36.43615],[-82.40569,36.43671],[-82.40753,36.43673],[-82.4123,36.43765],[-82.4167,36.43823],[-82.41907,36.43865],[-82.42165,36.43869],[-82.42203,36.43931],[-82.42082,36.44179]]},"properties":{"net":"out","o":7}},{"type":"Feature","geometry":{"type":"LineString","coordinates":[[-82.35688,36.38848],[-82.35687,36.38864],[-82.3551,36.39078],[-82.35528,36.39214],[-82.35691,36.39403],[-82.35953,36.39547],[-82.36405,36.39651],[-82.36506,36.39756],[-82.36477,36.39929],[-82.36386,36.40061],[-82.36414,36.40192],[-82.36735,36.40293],[-82.36932,36.40267],[-82.3716,36.40093],[-82.37371,36.39902],[-82.37953,36.39595]]},"properties":{"net":"out","o":7}},{"type":"Feature","geometry":{"type":"LineString","coordinates":[[-82.37405,36.41963],[-82.37411,36.42017],[-82.37467,36.42099],[-82.37518,36.42136],[-82.37662,36.42103],[-82.37882,36.41893],[-82.38003,36.41831],[-82.38162,36.41823],[-82.38389,36.41887],[-82.38612,36.42],[-82.38727,36.42104],[-82.38795,36.42149],[-82.38875,36.42181],[-82.38941,36.4224]]},"properties":{"net":"out","o":7}},{"type":"Feature","geometry":{"type":"LineString","coordinates":[[-82.38941,36.4224],[-82.39024,36.42334],[-82.3904,36.42457],[-82.38977,36.42776],[-82.38909,36.42912],[-82.38965,36.43077],[-82.3902,36.43187]]},"properties":{"net":"out","o":7}},{"type":"Feature","geometry":{"type":"LineString","coordinates":[[-82.05777,36.33337],[-82.05918,36.33357],[-82.06054,36.33337],[-82.06118,36.33308],[-82.06506,36.33079],[-82.06581,36.33092]]},"properties":{"net":"out","o":7}},{"type":"Feature","geometry":{"type":"LineString","coordinates":[[-82.05378,36.1942],[-82.05541,36.19453],[-82.05682,36.1951],[-82.05735,36.19522]]},"properties":{"net":"out","o":4}},{"type":"Feature","geometry":{"type":"LineString","coordinates":[[-82.07625,36.41546],[-82.07699,36.41523]]},"properties":{"net":"out","o":5}},{"type":"Feature","geometry":{"type":"LineString","coordinates":[[-82.1064,36.20296],[-82.10636,36.20303],[-82.1065,36.20327],[-82.10634,36.20412],[-82.10624,36.20418],[-82.10576,36.20607],[-82.10591,36.20645],[-82.10584,36.20684],[-82.10555,36.20716],[-82.1054,36.20751],[-82.10538,36.20786],[-82.10562,36.20829],[-82.10633,36.20859],[-82.10722,36.20869],[-82.10722,36.20879]]},"properties":{"net":"out","o":5}},{"type":"Feature","geometry":{"type":"LineString","coordinates":[[-81.98308,36.31114],[-81.98354,36.31159],[-81.9839,36.31163],[-81.98416,36.31192],[-81.98447,36.31199],[-81.9849,36.31233],[-81.98583,36.31341]]},"properties":{"net":"out","o":6}},{"type":"Feature","geometry":{"type":"LineString","coordinates":[[-81.98278,36.39881],[-81.98246,36.39869]]},"properties":{"net":"out","o":4}},{"type":"Feature","geometry":{"type":"LineString","coordinates":[[-81.98063,36.4698],[-81.98132,36.46967],[-81.98324,36.46891]]},"properties":{"net":"out","o":4}},{"type":"Feature","geometry":{"type":"LineString","coordinates":[[-82.0399,36.45105],[-82.04013,36.45089],[-82.04041,36.45022]]},"properties":{"net":"out","o":5}},{"type":"Feature","geometry":{"type":"LineString","coordinates":[[-81.95219,36.368],[-81.95474,36.36632],[-81.95523,36.36578]]},"properties":{"net":"out","o":7}},{"type":"Feature","geometry":{"type":"LineString","coordinates":[[-81.969,36.396],[-81.96884,36.39547],[-81.96842,36.39519],[-81.96738,36.39421]]},"properties":{"net":"out","o":6}},{"type":"Feature","geometry":{"type":"LineString","coordinates":[[-81.98101,36.39784],[-81.98058,36.39765],[-81.98038,36.397],[-81.98017,36.39685],[-81.97719,36.39563]]},"properties":{"net":"out","o":4}},{"type":"Feature","geometry":{"type":"LineString","coordinates":[[-81.94553,36.17357],[-81.94577,36.17373]]},"properties":{"net":"out","o":4}},{"type":"Feature","geometry":{"type":"LineString","coordinates":[[-81.94265,36.17223],[-81.94446,36.17296],[-81.94553,36.17357]]},"properties":{"net":"out","o":4}},{"type":"Feature","geometry":{"type":"LineString","coordinates":[[-81.95622,36.41631],[-81.95595,36.41598],[-81.95569,36.41512],[-81.95576,36.41444],[-81.95602,36.41415]]},"properties":{"net":"out","o":6}},{"type":"Feature","geometry":{"type":"LineString","coordinates":[[-81.93091,36.29362],[-81.93053,36.29399],[-81.93038,36.29451],[-81.93048,36.29474],[-81.93135,36.29542],[-81.93282,36.29678]]},"properties":{"net":"out","o":6}},{"type":"Feature","geometry":{"type":"LineString","coordinates":[[-81.90984,36.15357],[-81.90906,36.15368],[-81.90677,36.15427],[-81.90586,36.15442],[-81.90526,36.15447],[-81.904,36.15415]]},"properties":{"net":"sm54745","o":1}},{"type":"Feature","geometry":{"type":"LineString","coordinates":[[-81.91058,36.39362],[-81.9106,36.39292],[-81.91088,36.39167],[-81.91156,36.39095],[-81.91189,36.39075]]},"properties":{"net":"out","o":6}},{"type":"Feature","geometry":{"type":"LineString","coordinates":[[-81.89899,36.38966],[-81.90018,36.38939],[-81.90088,36.38955],[-81.90119,36.38983],[-81.90132,36.39036],[-81.90162,36.39093],[-81.90222,36.39158],[-81.9027,36.39194]]},"properties":{"net":"out","o":6}},{"type":"Feature","geometry":{"type":"LineString","coordinates":[[-81.9398,36.43807],[-81.93969,36.43792],[-81.9397,36.43765],[-81.9402,36.43733],[-81.9402,36.43711]]},"properties":{"net":"out","o":5}},{"type":"Feature","geometry":{"type":"LineString","coordinates":[[-82.00541,36.28876],[-82.0054,36.2893],[-82.00512,36.29006],[-82.00457,36.29054],[-82.00352,36.2911],[-82.00266,36.29104],[-82.00192,36.29066],[-82.00081,36.29049],[-82.00043,36.29009],[-81.99913,36.28996],[-81.9989,36.28972],[-81.99856,36.28961],[-81.99656,36.28933],[-81.99559,36.28991],[-81.99532,36.29016],[-81.99522,36.29069],[-81.99506,36.29078],[-81.99485,36.2917],[-81.99502,36.29247],[-81.99498,36.29269],[-81.99532,36.29305],[-81.99536,36.29331],[-81.99573,36.29379],[-81.9957,36.29396],[-81.99611,36.29441],[-81.99623,36.29475],[-81.99691,36.29548],[-81.99667,36.29679],[-81.9956,36.29742]]},"properties":{"net":"out","o":4}},{"type":"Feature","geometry":{"type":"LineString","coordinates":[[-81.99669,36.32708],[-81.99692,36.32732],[-81.99692,36.32754],[-81.99798,36.32867],[-82.00262,36.32923],[-82.00334,36.33],[-82.00548,36.33025],[-82.00753,36.33241],[-82.00793,36.33271],[-82.00868,36.33305],[-82.00989,36.3324],[-82.01065,36.33248],[-82.01177,36.33233]]},"properties":{"net":"out","o":7}},{"type":"Feature","geometry":{"type":"LineString","coordinates":[[-81.98883,36.33872],[-81.98953,36.33862],[-81.99067,36.33814],[-81.99709,36.33442]]},"properties":{"net":"out","o":7}},{"type":"Feature","geometry":{"type":"LineString","coordinates":[[-82.01445,36.35419],[-82.01501,36.35368],[-82.01603,36.35312],[-82.01633,36.35272],[-82.01645,36.35234],[-82.01748,36.35166]]},"properties":{"net":"out","o":4}},{"type":"Feature","geometry":{"type":"LineString","coordinates":[[-82.00399,36.37932],[-82.00438,36.37894],[-82.00506,36.37849],[-82.00531,36.37768],[-82.00615,36.37624],[-82.00631,36.37558],[-82.00669,36.37466]]},"properties":{"net":"out","o":4}},{"type":"Feature","geometry":{"type":"LineString","coordinates":[[-82.01525,36.46047],[-82.01634,36.46009]]},"properties":{"net":"out","o":5}},{"type":"Feature","geometry":{"type":"LineString","coordinates":[[-82.01436,36.46127],[-82.01489,36.46062],[-82.01525,36.46047]]},"properties":{"net":"out","o":5}},{"type":"Feature","geometry":{"type":"LineString","coordinates":[[-81.90968,36.33725],[-81.91052,36.33746],[-81.91087,36.33745],[-81.91126,36.33728],[-81.91228,36.33569],[-81.91311,36.33494],[-81.91368,36.33455],[-81.9148,36.33445],[-81.91775,36.33382],[-81.92075,36.33266],[-81.92163,36.33251],[-81.92229,36.33253],[-81.92353,36.33319],[-81.92451,36.33331],[-81.92539,36.33315],[-81.92592,36.33291]]},"properties":{"net":"out","o":4}},{"type":"Feature","geometry":{"type":"LineString","coordinates":[[-81.90689,36.43699],[-81.90779,36.43615],[-81.9093,36.43507]]},"properties":{"net":"out","o":5}},{"type":"Feature","geometry":{"type":"LineString","coordinates":[[-81.90148,36.4483],[-81.90207,36.44795],[-81.90322,36.44758]]},"properties":{"net":"out","o":5}},{"type":"Feature","geometry":{"type":"LineString","coordinates":[[-81.87532,36.26671],[-81.87594,36.26652],[-81.87644,36.26655],[-81.87691,36.26642],[-81.87759,36.266],[-81.87821,36.26535],[-81.87894,36.26495]]},"properties":{"net":"out","o":6}},{"type":"Feature","geometry":{"type":"LineString","coordinates":[[-81.87153,36.27168],[-81.87167,36.27152]]},"properties":{"net":"out","o":5}},{"type":"Feature","geometry":{"type":"LineString","coordinates":[[-81.82516,36.40691],[-81.82772,36.40877],[-81.82847,36.40911],[-81.82924,36.40965]]},"properties":{"net":"out","o":4}},{"type":"Feature","geometry":{"type":"LineString","coordinates":[[-81.854,36.25346],[-81.85463,36.25324],[-81.85582,36.25342],[-81.85808,36.25593]]},"properties":{"net":"out","o":6}},{"type":"Feature","geometry":{"type":"LineString","coordinates":[[-81.8597,36.26863],[-81.86017,36.26843]]},"properties":{"net":"out","o":6}},{"type":"Feature","geometry":{"type":"LineString","coordinates":[[-81.85795,36.26076],[-81.85773,36.26091],[-81.85747,36.26178],[-81.85703,36.26245],[-81.8571,36.26256]]},"properties":{"net":"out","o":6}},{"type":"Feature","geometry":{"type":"LineString","coordinates":[[-81.85668,36.26403],[-81.85653,36.26412],[-81.85642,36.26498],[-81.85611,36.26541]]},"properties":{"net":"out","o":6}},{"type":"Feature","geometry":{"type":"LineString","coordinates":[[-81.82485,36.48867],[-81.82413,36.48903],[-81.82203,36.48877]]},"properties":{"net":"out","o":4}},{"type":"Feature","geometry":{"type":"LineString","coordinates":[[-81.81996,36.50113],[-81.81893,36.50012],[-81.81854,36.49953]]},"properties":{"net":"out","o":4}},{"type":"Feature","geometry":{"type":"LineString","coordinates":[[-81.81499,36.49411],[-81.81437,36.49358],[-81.81303,36.49216],[-81.81262,36.4919]]},"properties":{"net":"out","o":4}},{"type":"Feature","geometry":{"type":"LineString","coordinates":[[-81.80901,36.48918],[-81.80874,36.48886],[-81.80871,36.48827],[-81.80861,36.48801],[-81.80874,36.48758],[-81.80833,36.48699]]},"properties":{"net":"out","o":5}},{"type":"Feature","geometry":{"type":"LineString","coordinates":[[-81.85953,36.28408],[-81.85946,36.28346],[-81.85919,36.28265],[-81.85886,36.28239],[-81.85813,36.28221]]},"properties":{"net":"out","o":5}},{"type":"Feature","geometry":{"type":"LineString","coordinates":[[-81.85775,36.28113],[-81.85782,36.28049],[-81.85793,36.2802],[-81.8581,36.2801],[-81.85827,36.28011],[-81.85889,36.28044],[-81.85947,36.28055],[-81.85994,36.28057],[-81.86095,36.28031],[-81.86139,36.28034]]},"properties":{"net":"out","o":5}},{"type":"Feature","geometry":{"type":"LineString","coordinates":[[-81.85813,36.28221],[-81.85775,36.28113]]},"properties":{"net":"out","o":5}},{"type":"Feature","geometry":{"type":"LineString","coordinates":[[-81.85341,36.2926],[-81.85342,36.29129],[-81.85387,36.29077]]},"properties":{"net":"out","o":5}},{"type":"Feature","geometry":{"type":"LineString","coordinates":[[-82.11716,36.21293],[-82.11784,36.21337]]},"properties":{"net":"out","o":5}},{"type":"Feature","geometry":{"type":"LineString","coordinates":[[-81.85136,36.31101],[-81.85131,36.31048],[-81.85155,36.30937]]},"properties":{"net":"out","o":4}},{"type":"Feature","geometry":{"type":"LineString","coordinates":[[-81.86363,36.3771],[-81.86382,36.3774]]},"properties":{"net":"out","o":4}},{"type":"Feature","geometry":{"type":"LineString","coordinates":[[-81.86641,36.38295],[-81.8666,36.38334],[-81.86703,36.38359],[-81.8672,36.38401]]},"properties":{"net":"out","o":4}},{"type":"Feature","geometry":{"type":"LineString","coordinates":[[-81.86593,36.38073],[-81.86669,36.38185],[-81.86639,36.38273],[-81.86641,36.38295]]},"properties":{"net":"out","o":4}},{"type":"Feature","geometry":{"type":"LineString","coordinates":[[-82.11809,36.26279],[-82.11943,36.26299],[-82.12112,36.26294],[-82.12182,36.26306],[-82.1226,36.26378],[-82.12254,36.26431]]},"properties":{"net":"out","o":4}},{"type":"Feature","geometry":{"type":"LineString","coordinates":[[-82.11677,36.338],[-82.11594,36.33808],[-82.11505,36.3387],[-82.11487,36.33944],[-82.11498,36.34007]]},"properties":{"net":"out","o":7}},{"type":"Feature","geometry":{"type":"LineString","coordinates":[[-81.80451,36.23054],[-81.80508,36.23111],[-81.8058,36.23163],[-81.80668,36.23202],[-81.80695,36.23231],[-81.80688,36.23266],[-81.80532,36.23392],[-81.80453,36.23473],[-81.80249,36.23618],[-81.80213,36.23661],[-81.80138,36.23865]]},"properties":{"net":"NC3251","o":5}},{"type":"Feature","geometry":{"type":"LineString","coordinates":[[-81.79031,36.22757],[-81.79073,36.22845]]},"properties":{"net":"NC3251","o":5}},{"type":"Feature","geometry":{"type":"LineString","coordinates":[[-81.79605,36.25321],[-81.79717,36.25261],[-81.79863,36.25157]]},"properties":{"net":"NC3251","o":5}},{"type":"Feature","geometry":{"type":"LineString","coordinates":[[-81.78583,36.25302],[-81.78602,36.25238],[-81.78639,36.25202],[-81.78707,36.25173],[-81.788,36.25155],[-81.7888,36.25126],[-81.78931,36.25136]]},"properties":{"net":"NC3251","o":4}},{"type":"Feature","geometry":{"type":"LineString","coordinates":[[-81.75946,36.37026],[-81.75915,36.37024],[-81.7587,36.37039],[-81.75716,36.37116]]},"properties":{"net":"out","o":4}},{"type":"Feature","geometry":{"type":"LineString","coordinates":[[-81.75742,36.39016],[-81.75738,36.39046],[-81.75767,36.39117],[-81.75757,36.39155],[-81.75732,36.39183],[-81.75719,36.39216],[-81.75719,36.39331],[-81.75665,36.39413]]},"properties":{"net":"out","o":4}},{"type":"Feature","geometry":{"type":"LineString","coordinates":[[-81.76338,36.44904],[-81.76384,36.44851],[-81.76397,36.44789],[-81.7643,36.44739]]},"properties":{"net":"out","o":4}},{"type":"Feature","geometry":{"type":"LineString","coordinates":[[-81.7763,36.27118],[-81.77658,36.26951]]},"properties":{"net":"NC3251","o":5}},{"type":"Feature","geometry":{"type":"LineString","coordinates":[[-81.77278,36.25465],[-81.77319,36.25554]]},"properties":{"net":"NC3251","o":4}},{"type":"Feature","geometry":{"type":"LineString","coordinates":[[-82.07281,36.19861],[-82.07329,36.19858],[-82.07402,36.19834],[-82.07456,36.19837],[-82.07489,36.19851],[-82.07643,36.19974],[-82.07688,36.20026],[-82.07711,36.20072],[-82.07712,36.20141],[-82.07749,36.20185],[-82.07869,36.20212]]},"properties":{"net":"out","o":5}},{"type":"Feature","geometry":{"type":"LineString","coordinates":[[-81.74344,36.46377],[-81.74354,36.46313],[-81.74465,36.46116],[-81.74558,36.46029],[-81.74669,36.45964],[-81.74698,36.45965],[-81.74757,36.45994],[-81.74792,36.45999],[-81.74895,36.45935]]},"properties":{"net":"out","o":4}},{"type":"Feature","geometry":{"type":"LineString","coordinates":[[-81.77044,36.28931],[-81.7703,36.2888]]},"properties":{"net":"NC3251","o":5}},{"type":"Feature","geometry":{"type":"LineString","coordinates":[[-81.76514,36.3083],[-81.76522,36.30804],[-81.76582,36.30727],[-81.76606,36.30676],[-81.76577,36.30542]]},"properties":{"net":"NC3251","o":5}},{"type":"Feature","geometry":{"type":"LineString","coordinates":[[-81.7738,36.32286],[-81.7731,36.32254],[-81.77234,36.32157]]},"properties":{"net":"NC3251","o":4}},{"type":"Feature","geometry":{"type":"LineString","coordinates":[[-81.76373,36.3214],[-81.76656,36.31865],[-81.76692,36.3181]]},"properties":{"net":"NC3251","o":4}},{"type":"Feature","geometry":{"type":"LineString","coordinates":[[-81.77855,36.43444],[-81.77821,36.43407],[-81.77819,36.43379],[-81.77851,36.43331],[-81.77913,36.43306],[-81.78087,36.43289],[-81.78288,36.43365],[-81.78447,36.43374],[-81.78515,36.43373],[-81.78556,36.43337]]},"properties":{"net":"out","o":5}},{"type":"Feature","geometry":{"type":"LineString","coordinates":[[-81.77293,36.43996],[-81.77308,36.43974],[-81.77338,36.43876]]},"properties":{"net":"out","o":5}},{"type":"Feature","geometry":{"type":"LineString","coordinates":[[-81.96758,36.30971],[-81.96784,36.30977],[-81.96824,36.30953],[-81.96901,36.30933],[-81.97095,36.30819]]},"properties":{"net":"out","o":6}},{"type":"Feature","geometry":{"type":"LineString","coordinates":[[-82.08142,36.17075],[-82.08095,36.17086],[-82.07957,36.1719]]},"properties":{"net":"out","o":4}},{"type":"Feature","geometry":{"type":"LineString","coordinates":[[-82.08609,36.2451],[-82.08652,36.24512],[-82.08779,36.24473],[-82.08825,36.24451],[-82.08847,36.24422],[-82.08887,36.24402],[-82.09256,36.24375],[-82.0934,36.24438],[-82.09372,36.24446],[-82.09386,36.24464],[-82.09371,36.24506],[-82.09345,36.24531],[-82.09254,36.24529],[-82.09232,36.24543],[-82.09237,36.24635],[-82.0926,36.24671],[-82.09296,36.24694],[-82.09386,36.24699],[-82.09477,36.24735],[-82.09673,36.24751]]},"properties":{"net":"out","o":4}},{"type":"Feature","geometry":{"type":"LineString","coordinates":[[-82.02104,36.45799],[-82.0219,36.4576],[-82.02241,36.45708],[-82.02286,36.45697],[-82.02343,36.45667],[-82.02379,36.45658],[-82.02509,36.45663],[-82.0256,36.45649],[-82.02633,36.45594],[-82.02739,36.45593],[-82.02782,36.45575],[-82.02822,36.4557],[-82.02931,36.45494],[-82.03036,36.45456],[-82.03056,36.45428],[-82.03087,36.45323],[-82.03138,36.45277],[-82.03194,36.45252],[-82.03229,36.45224],[-82.03301,36.45229],[-82.03404,36.45209],[-82.03628,36.45201]]},"properties":{"net":"out","o":5}},{"type":"Feature","geometry":{"type":"LineString","coordinates":[[-81.98054,36.25131],[-81.98127,36.25132],[-81.98166,36.25143],[-81.9828,36.25283],[-81.98276,36.2533],[-81.98265,36.25343],[-81.9819,36.25377],[-81.98098,36.25385],[-81.97975,36.25359],[-81.97879,36.25315],[-81.97823,36.25323],[-81.97779,36.25318],[-81.97724,36.25294],[-81.97697,36.25294],[-81.97677,36.25302],[-81.97648,36.25335],[-81.97637,36.25399],[-81.97652,36.25437],[-81.97699,36.25478]]},"properties":{"net":"out","o":4}},{"type":"Feature","geometry":{"type":"LineString","coordinates":[[-81.97613,36.23735],[-81.97666,36.23745],[-81.97709,36.23783],[-81.97743,36.23891]]},"properties":{"net":"out","o":4}},{"type":"Feature","geometry":{"type":"LineString","coordinates":[[-81.98905,36.25563],[-81.98947,36.25554],[-81.99005,36.2556],[-81.99055,36.25584],[-81.99084,36.25624],[-81.99083,36.25656],[-81.99112,36.25692],[-81.99259,36.25756],[-81.99319,36.25803]]},"properties":{"net":"out","o":4}},{"type":"Feature","geometry":{"type":"LineString","coordinates":[[-81.99646,36.26654],[-81.99661,36.26717],[-81.99653,36.2676],[-81.99642,36.26769],[-81.99597,36.26793],[-81.99409,36.26828],[-81.99266,36.26887],[-81.99259,36.26923],[-81.99306,36.2704],[-81.99368,36.2712],[-81.99365,36.27162],[-81.99349,36.27175],[-81.99299,36.27173],[-81.99155,36.27094],[-81.99069,36.27066],[-81.9891,36.27044],[-81.98895,36.27049]]},"properties":{"net":"out","o":4}},{"type":"Feature","geometry":{"type":"LineString","coordinates":[[-82.01925,36.32953],[-82.021,36.32966]]},"properties":{"net":"out","o":7}},{"type":"Feature","geometry":{"type":"LineString","coordinates":[[-81.82963,36.29181],[-81.83015,36.29179],[-81.83096,36.29155]]},"properties":{"net":"out","o":5}},{"type":"Feature","geometry":{"type":"LineString","coordinates":[[-81.83084,36.31766],[-81.8316,36.31691],[-81.83174,36.31651]]},"properties":{"net":"out","o":4}},{"type":"Feature","geometry":{"type":"LineString","coordinates":[[-81.98764,36.27193],[-81.98785,36.27222],[-81.98822,36.27246]]},"properties":{"net":"out","o":4}},{"type":"Feature","geometry":{"type":"LineString","coordinates":[[-81.98817,36.2708],[-81.98766,36.27132],[-81.98758,36.27177],[-81.98764,36.27193]]},"properties":{"net":"out","o":4}},{"type":"Feature","geometry":{"type":"LineString","coordinates":[[-81.97699,36.25478],[-81.97905,36.25517],[-81.98098,36.25576],[-81.98193,36.2563],[-81.98276,36.25695],[-81.98345,36.25764],[-81.98377,36.25811]]},"properties":{"net":"out","o":4}},{"type":"Feature","geometry":{"type":"LineString","coordinates":[[-81.99432,36.29817],[-81.99422,36.29848]]},"properties":{"net":"out","o":4}},{"type":"Feature","geometry":{"type":"LineString","coordinates":[[-81.8378,36.25235],[-81.83853,36.25203]]},"properties":{"net":"out","o":6}},{"type":"Feature","geometry":{"type":"LineString","coordinates":[[-81.94577,36.17373],[-81.94631,36.17402],[-81.94761,36.1741],[-81.94797,36.17393],[-81.94811,36.17373],[-81.94816,36.17344],[-81.948,36.17295]]},"properties":{"net":"out","o":4}},{"type":"Feature","geometry":{"type":"LineString","coordinates":[[-81.91805,36.43406],[-81.91844,36.43388]]},"properties":{"net":"out","o":5}},{"type":"Feature","geometry":{"type":"LineString","coordinates":[[-81.91403,36.43459],[-81.91478,36.43468],[-81.9161,36.43463],[-81.91805,36.43406]]},"properties":{"net":"out","o":5}},{"type":"Feature","geometry":{"type":"LineString","coordinates":[[-81.84452,36.25095],[-81.84506,36.25149],[-81.84543,36.25243],[-81.84568,36.25279],[-81.84803,36.25404]]},"properties":{"net":"out","o":6}},{"type":"Feature","geometry":{"type":"LineString","coordinates":[[-81.82559,36.48869],[-81.8251,36.48865]]},"properties":{"net":"out","o":4}},{"type":"Feature","geometry":{"type":"LineString","coordinates":[[-81.81036,36.33452],[-81.81167,36.33408]]},"properties":{"net":"out","o":4}},{"type":"Feature","geometry":{"type":"LineString","coordinates":[[-81.82157,36.40321],[-81.82198,36.40369],[-81.82299,36.40405],[-81.82316,36.40439],[-81.82321,36.40505],[-81.82351,36.40555],[-81.82516,36.40691]]},"properties":{"net":"out","o":4}},{"type":"Feature","geometry":{"type":"LineString","coordinates":[[-81.80712,36.33649],[-81.80732,36.33627]]},"properties":{"net":"out","o":4}},{"type":"Feature","geometry":{"type":"LineString","coordinates":[[-81.82605,36.32491],[-81.8265,36.32443],[-81.82652,36.32416],[-81.8264,36.32387]]},"properties":{"net":"out","o":4}},{"type":"Feature","geometry":{"type":"LineString","coordinates":[[-82.36025,36.28733],[-82.36007,36.28764],[-82.35938,36.28834],[-82.35908,36.28886],[-82.35881,36.28902],[-82.35798,36.28992],[-82.35623,36.29067]]},"properties":{"net":"out","o":4}},{"type":"Feature","geometry":{"type":"LineString","coordinates":[[-82.38887,36.39061],[-82.38756,36.39129],[-82.38738,36.39166]]},"properties":{"net":"out","o":4}},{"type":"Feature","geometry":{"type":"LineString","coordinates":[[-82.37953,36.39595],[-82.38104,36.39513],[-82.38311,36.39358],[-82.3853,36.39235],[-82.38679,36.3922],[-82.38696,36.39247]]},"properties":{"net":"out","o":7}},{"type":"Feature","geometry":{"type":"LineString","coordinates":[[-82.33508,36.39625],[-82.33522,36.39657],[-82.33771,36.39911],[-82.33985,36.39972],[-82.34005,36.39968]]},"properties":{"net":"out","o":7}},{"type":"Feature","geometry":{"type":"LineString","coordinates":[[-82.40246,36.39107],[-82.40189,36.39127],[-82.40166,36.39148],[-82.40173,36.39179],[-82.4015,36.39211],[-82.40166,36.39288],[-82.4013,36.39302],[-82.40056,36.39311],[-82.40026,36.39335],[-82.39984,36.39321],[-82.39934,36.3933]]},"properties":{"net":"out","o":4}},{"type":"Feature","geometry":{"type":"LineString","coordinates":[[-82.33623,36.22538],[-82.33536,36.22644]]},"properties":{"net":"out","o":4}},{"type":"Feature","geometry":{"type":"LineString","coordinates":[[-82.31591,36.2673],[-82.31599,36.26823],[-82.31592,36.26898]]},"properties":{"net":"out","o":4}},{"type":"Feature","geometry":{"type":"LineString","coordinates":[[-82.31592,36.26898],[-82.31556,36.26986],[-82.31434,36.27194],[-82.31424,36.27245]]},"properties":{"net":"out","o":4}},{"type":"Feature","geometry":{"type":"LineString","coordinates":[[-82.31885,36.3768],[-82.32087,36.37767],[-82.32155,36.37888],[-82.32229,36.37956]]},"properties":{"net":"out","o":7}},{"type":"Feature","geometry":{"type":"LineString","coordinates":[[-82.31052,36.37434],[-82.3116,36.37442],[-82.31223,36.37421],[-82.31255,36.37424],[-82.31322,36.37403],[-82.31381,36.37403],[-82.31524,36.37416],[-82.31563,36.37433]]},"properties":{"net":"out","o":7}},{"type":"Feature","geometry":{"type":"LineString","coordinates":[[-82.33061,36.39225],[-82.33209,36.39262]]},"properties":{"net":"out","o":7}},{"type":"Feature","geometry":{"type":"LineString","coordinates":[[-82.31604,36.38966],[-82.31704,36.3906]]},"properties":{"net":"out","o":7}},{"type":"Feature","geometry":{"type":"LineString","coordinates":[[-82.28592,36.26401],[-82.28601,36.26432],[-82.28635,36.26458],[-82.28625,36.26548],[-82.28703,36.26656],[-82.28739,36.26767],[-82.28775,36.26789],[-82.28895,36.26832],[-82.29024,36.26891],[-82.29045,36.26919],[-82.29049,36.26952],[-82.29109,36.27015],[-82.29121,36.27074],[-82.29087,36.27141],[-82.29106,36.27199],[-82.29094,36.27237],[-82.29129,36.27316],[-82.29132,36.27374],[-82.29095,36.27536]]},"properties":{"net":"out","o":4}},{"type":"Feature","geometry":{"type":"LineString","coordinates":[[-82.30956,36.28258],[-82.30957,36.28277],[-82.3092,36.28352],[-82.30855,36.28443],[-82.30862,36.28497],[-82.3084,36.28519],[-82.30831,36.28543],[-82.30841,36.28575],[-82.30901,36.2858]]},"properties":{"net":"out","o":4}},{"type":"Feature","geometry":{"type":"LineString","coordinates":[[-82.29526,36.30209],[-82.2951,36.30234],[-82.29424,36.30285],[-82.29401,36.30308],[-82.29382,36.30338],[-82.29379,36.3039]]},"properties":{"net":"out","o":5}},{"type":"Feature","geometry":{"type":"LineString","coordinates":[[-82.30372,36.332],[-82.30244,36.33303],[-82.30156,36.33353],[-82.30179,36.3342],[-82.30113,36.33436],[-82.30072,36.33483]]},"properties":{"net":"out","o":4}},{"type":"Feature","geometry":{"type":"LineString","coordinates":[[-82.29766,36.33821],[-82.2973,36.33857],[-82.29699,36.33865],[-82.29657,36.33822],[-82.29628,36.3381],[-82.29576,36.33849],[-82.29489,36.33853],[-82.29424,36.33918],[-82.29335,36.33919]]},"properties":{"net":"out","o":4}},{"type":"Feature","geometry":{"type":"LineString","coordinates":[[-82.27246,36.2503],[-82.27323,36.25091],[-82.27339,36.25125],[-82.27341,36.25171],[-82.27452,36.25244],[-82.2748,36.25271]]},"properties":{"net":"out","o":4}},{"type":"Feature","geometry":{"type":"LineString","coordinates":[[-82.28617,36.31244],[-82.28566,36.31247],[-82.28549,36.31259],[-82.28526,36.31287],[-82.28514,36.31329]]},"properties":{"net":"out","o":5}},{"type":"Feature","geometry":{"type":"LineString","coordinates":[[-82.28478,36.34499],[-82.2852,36.34482],[-82.28587,36.34486],[-82.28669,36.34553]]},"properties":{"net":"out","o":7}},{"type":"Feature","geometry":{"type":"LineString","coordinates":[[-82.28422,36.35696],[-82.28378,36.35776],[-82.28379,36.35844],[-82.28419,36.359],[-82.28513,36.35932],[-82.28545,36.35952]]},"properties":{"net":"out","o":7}},{"type":"Feature","geometry":{"type":"LineString","coordinates":[[-82.26795,36.33181],[-82.26954,36.33029]]},"properties":{"net":"out","o":7}},{"type":"Feature","geometry":{"type":"LineString","coordinates":[[-82.24264,36.35414],[-82.2437,36.35326],[-82.24487,36.3526],[-82.24648,36.35203],[-82.24802,36.35191]]},"properties":{"net":"out","o":7}},{"type":"Feature","geometry":{"type":"LineString","coordinates":[[-82.21192,36.34788],[-82.21191,36.34817],[-82.21227,36.34893],[-82.21229,36.34929],[-82.21252,36.34979]]},"properties":{"net":"out","o":6}},{"type":"Feature","geometry":{"type":"LineString","coordinates":[[-82.36336,36.25943],[-82.36442,36.26144],[-82.36536,36.26228],[-82.36578,36.26288]]},"properties":{"net":"out","o":4}},{"type":"Feature","geometry":{"type":"LineString","coordinates":[[-81.78209,36.25407],[-81.78287,36.25399],[-81.78299,36.25435],[-81.78333,36.25443],[-81.78454,36.25418],[-81.78531,36.25381],[-81.78583,36.25302]]},"properties":{"net":"NC3251","o":4}},{"type":"Feature","geometry":{"type":"LineString","coordinates":[[-81.78182,36.2541],[-81.78209,36.25407]]},"properties":{"net":"NC3251","o":4}},{"type":"Feature","geometry":{"type":"LineString","coordinates":[[-81.78112,36.26778],[-81.7823,36.26721]]},"properties":{"net":"NC3251","o":5}},{"type":"Feature","geometry":{"type":"LineString","coordinates":[[-81.76074,36.37772],[-81.76015,36.37784],[-81.76021,36.37837],[-81.75998,36.37878],[-81.76025,36.37924],[-81.76011,36.38007]]},"properties":{"net":"out","o":4}},{"type":"Feature","geometry":{"type":"LineString","coordinates":[[-81.78186,36.27949],[-81.78212,36.27932],[-81.7822,36.27896],[-81.78193,36.2778]]},"properties":{"net":"NC3251","o":5}},{"type":"Feature","geometry":{"type":"LineString","coordinates":[[-81.7813,36.27935],[-81.7817,36.27949]]},"properties":{"net":"NC3251","o":5}},{"type":"Feature","geometry":{"type":"LineString","coordinates":[[-81.77536,36.27803],[-81.77629,36.2779],[-81.77714,36.27793],[-81.77846,36.27834],[-81.77921,36.27846]]},"properties":{"net":"NC3251","o":5}},{"type":"Feature","geometry":{"type":"LineString","coordinates":[[-81.76784,36.30167],[-81.76783,36.3014],[-81.76761,36.30089],[-81.7676,36.30028],[-81.76749,36.29981]]},"properties":{"net":"NC3251","o":5}},{"type":"Feature","geometry":{"type":"LineString","coordinates":[[-81.78143,36.33274],[-81.78131,36.33231]]},"properties":{"net":"NC3251","o":4}},{"type":"Feature","geometry":{"type":"LineString","coordinates":[[-81.77476,36.32369],[-81.7738,36.32286]]},"properties":{"net":"NC3251","o":4}},{"type":"Feature","geometry":{"type":"LineString","coordinates":[[-82.17291,36.28813],[-82.17309,36.28829],[-82.17334,36.28831]]},"properties":{"net":"out","o":4}},{"type":"Feature","geometry":{"type":"LineString","coordinates":[[-81.76069,36.40545],[-81.7599,36.40611],[-81.75988,36.40634],[-81.76015,36.40653]]},"properties":{"net":"out","o":4}},{"type":"Feature","geometry":{"type":"LineString","coordinates":[[-82.17389,36.27251],[-82.17416,36.27257]]},"properties":{"net":"out","o":5}},{"type":"Feature","geometry":{"type":"LineString","coordinates":[[-82.17314,36.27183],[-82.17343,36.27224],[-82.17389,36.27251]]},"properties":{"net":"out","o":5}},{"type":"Feature","geometry":{"type":"LineString","coordinates":[[-82.16497,36.26247],[-82.16571,36.26206],[-82.16629,36.26187],[-82.16686,36.26176],[-82.16736,36.26187]]},"properties":{"net":"out","o":5}},{"type":"Feature","geometry":{"type":"LineString","coordinates":[[-82.17904,36.27875],[-82.17906,36.2801]]},"properties":{"net":"out","o":6}},{"type":"Feature","geometry":{"type":"LineString","coordinates":[[-82.17495,36.28407],[-82.17521,36.28594],[-82.17558,36.28685],[-82.17561,36.28844],[-82.17571,36.28914],[-82.17563,36.28931]]},"properties":{"net":"out","o":6}},{"type":"Feature","geometry":{"type":"LineString","coordinates":[[-82.12457,36.39009],[-82.12485,36.39001]]},"properties":{"net":"out","o":5}},{"type":"Feature","geometry":{"type":"LineString","coordinates":[[-82.07916,36.41267],[-82.07932,36.41218],[-82.07969,36.41186],[-82.08106,36.41112],[-82.08156,36.41101]]},"properties":{"net":"out","o":5}},{"type":"Feature","geometry":{"type":"LineString","coordinates":[[-82.19772,36.31664],[-82.1982,36.3172],[-82.19867,36.31862],[-82.19886,36.3198],[-82.1988,36.32012],[-82.19862,36.32039],[-82.19887,36.32121],[-82.19866,36.32212],[-82.19895,36.32255],[-82.19916,36.32337],[-82.19952,36.3241]]},"properties":{"net":"out","o":6}},{"type":"Feature","geometry":{"type":"LineString","coordinates":[[-82.19674,36.3068],[-82.19652,36.30733],[-82.19636,36.30746],[-82.19576,36.30854],[-82.19478,36.3094],[-82.19445,36.30998],[-82.19413,36.31019],[-82.19394,36.31015]]},"properties":{"net":"out","o":6}},{"type":"Feature","geometry":{"type":"LineString","coordinates":[[-82.10041,36.15933],[-82.10079,36.16029],[-82.10054,36.16095],[-82.10057,36.1615],[-82.09971,36.1624],[-82.09941,36.16355],[-82.09893,36.16395],[-82.09698,36.16483],[-82.0961,36.16648],[-82.09614,36.16686],[-82.09641,36.16734],[-82.0966,36.16808],[-82.09688,36.16871],[-82.09722,36.16918],[-82.09808,36.17001],[-82.0984,36.17052],[-82.09818,36.17286]]},"properties":{"net":"out","o":4}},{"type":"Feature","geometry":{"type":"LineString","coordinates":[[-82.09603,36.17404],[-82.0952,36.17391],[-82.09459,36.17427],[-82.09415,36.17424],[-82.09332,36.17376],[-82.09278,36.17303],[-82.09253,36.17284],[-82.09038,36.17177],[-82.08957,36.17085],[-82.08845,36.17059],[-82.08745,36.17086],[-82.08495,36.1711],[-82.08272,36.17113],[-82.08142,36.17075]]},"properties":{"net":"out","o":4}},{"type":"Feature","geometry":{"type":"LineString","coordinates":[[-82.09498,36.20296],[-82.09613,36.20245],[-82.09757,36.20247],[-82.09889,36.2027],[-82.10091,36.20264]]},"properties":{"net":"out","o":5}},{"type":"Feature","geometry":{"type":"LineString","coordinates":[[-82.20404,36.20343],[-82.20397,36.20446],[-82.20378,36.20487],[-82.20349,36.20518],[-82.20347,36.20567],[-82.204,36.20656],[-82.20526,36.20773],[-82.20509,36.20826],[-82.20454,36.20884]]},"properties":{"net":"out","o":4}},{"type":"Feature","geometry":{"type":"LineString","coordinates":[[-82.19601,36.21726],[-82.19648,36.21754],[-82.19696,36.21803],[-82.19727,36.21821],[-82.19815,36.21857],[-82.19898,36.21874]]},"properties":{"net":"out","o":4}},{"type":"Feature","geometry":{"type":"LineString","coordinates":[[-82.19336,36.22454],[-82.19185,36.22649],[-82.19152,36.22667],[-82.19017,36.22694],[-82.18964,36.22718],[-82.18915,36.22757],[-82.18892,36.22824]]},"properties":{"net":"out","o":5}},{"type":"Feature","geometry":{"type":"LineString","coordinates":[[-82.18779,36.35919],[-82.19042,36.35968],[-82.19201,36.35921],[-82.19318,36.35855],[-82.19437,36.35826],[-82.19527,36.35829],[-82.19593,36.35815],[-82.19668,36.35827],[-82.19689,36.3582]]},"properties":{"net":"out","o":7}},{"type":"Feature","geometry":{"type":"LineString","coordinates":[[-82.18551,36.35921],[-82.1857,36.35937],[-82.18725,36.35966],[-82.18764,36.35956],[-82.18779,36.35919]]},"properties":{"net":"out","o":7}},{"type":"Feature","geometry":{"type":"LineString","coordinates":[[-82.09737,36.40212],[-82.09832,36.40192],[-82.09898,36.40125],[-82.10008,36.40087],[-82.10182,36.39975],[-82.1023,36.39965]]},"properties":{"net":"out","o":5}},{"type":"Feature","geometry":{"type":"LineString","coordinates":[[-82.14423,36.23101],[-82.14601,36.23172],[-82.14654,36.23225],[-82.14737,36.23267],[-82.14797,36.23339],[-82.14833,36.23365],[-82.14877,36.2337],[-82.14912,36.23352],[-82.14927,36.23322],[-82.14942,36.2324],[-82.14999,36.23204],[-82.15304,36.23089]]},"properties":{"net":"out","o":5}},{"type":"Feature","geometry":{"type":"LineString","coordinates":[[-82.14952,36.24044],[-82.14929,36.24047],[-82.14893,36.24072],[-82.14891,36.24108],[-82.14963,36.24207],[-82.1497,36.24247],[-82.1499,36.24285],[-82.15,36.24326],[-82.14998,36.24456]]},"properties":{"net":"out","o":5}},{"type":"Feature","geometry":{"type":"LineString","coordinates":[[-82.06581,36.33092],[-82.06714,36.33013],[-82.06986,36.33042],[-82.07453,36.32728],[-82.07481,36.32703],[-82.07503,36.32655],[-82.07557,36.3261]]},"properties":{"net":"out","o":7}},{"type":"Feature","geometry":{"type":"LineString","coordinates":[[-81.98246,36.39869],[-81.98219,36.39862],[-81.98149,36.39804],[-81.98101,36.39784]]},"properties":{"net":"out","o":4}},{"type":"Feature","geometry":{"type":"LineString","coordinates":[[-81.99585,36.30409],[-81.99585,36.30431],[-81.99612,36.30459],[-81.99613,36.30528],[-81.99688,36.30612],[-81.99723,36.30617],[-81.99867,36.30771]]},"properties":{"net":"out","o":4}},{"type":"Feature","geometry":{"type":"LineString","coordinates":[[-82.05103,36.43603],[-82.0516,36.4355],[-82.05212,36.43456],[-82.05324,36.43418],[-82.0535,36.43398]]},"properties":{"net":"out","o":5}},{"type":"Feature","geometry":{"type":"LineString","coordinates":[[-81.96272,36.17403],[-81.9624,36.17532],[-81.96207,36.17615],[-81.96122,36.1768],[-81.96082,36.17723],[-81.96055,36.1777]]},"properties":{"net":"out","o":4}},{"type":"Feature","geometry":{"type":"LineString","coordinates":[[-82.00193,36.38795],[-82.00174,36.38709],[-82.0009,36.38603],[-82.00048,36.38528],[-82.00038,36.38481],[-82.00038,36.38346]]},"properties":{"net":"out","o":4}},{"type":"Feature","geometry":{"type":"LineString","coordinates":[[-82.01423,36.46137],[-82.01436,36.46127]]},"properties":{"net":"out","o":5}},{"type":"Feature","geometry":{"type":"LineString","coordinates":[[-82.01212,36.46164],[-82.01377,36.46155],[-82.01423,36.46137]]},"properties":{"net":"out","o":5}},{"type":"Feature","geometry":{"type":"LineString","coordinates":[[-82.00337,36.46441],[-82.00415,36.4643],[-82.00536,36.46356],[-82.00628,36.46355]]},"properties":{"net":"out","o":5}},{"type":"Feature","geometry":{"type":"LineString","coordinates":[[-82.00252,36.46786],[-82.00235,36.46754],[-82.00237,36.46738],[-82.00258,36.46639],[-82.00289,36.46574],[-82.00295,36.46451]]},"properties":{"net":"out","o":4}},{"type":"Feature","geometry":{"type":"LineString","coordinates":[[-81.83176,36.31295],[-81.83175,36.31262],[-81.83141,36.3119],[-81.83162,36.31139],[-81.83167,36.31096],[-81.83137,36.31013],[-81.83167,36.30906]]},"properties":{"net":"out","o":4}},{"type":"Feature","geometry":{"type":"LineString","coordinates":[[-81.93974,36.43612],[-81.93952,36.43562],[-81.93949,36.4352],[-81.93993,36.43427],[-81.94042,36.43352],[-81.94082,36.43255],[-81.94155,36.43178],[-81.94163,36.43148],[-81.94155,36.43115],[-81.94048,36.42956],[-81.94042,36.42841]]},"properties":{"net":"out","o":5}},{"type":"Feature","geometry":{"type":"LineString","coordinates":[[-81.93569,36.42723],[-81.9362,36.42738],[-81.93676,36.42726],[-81.93753,36.42694],[-81.93798,36.42657],[-81.93832,36.42585],[-81.93939,36.42556],[-81.93994,36.42524],[-81.94021,36.42466],[-81.94068,36.42421],[-81.94074,36.42387],[-81.94061,36.42371]]},"properties":{"net":"out","o":5}},{"type":"Feature","geometry":{"type":"LineString","coordinates":[[-81.9453,36.44972],[-81.94443,36.44886]]},"properties":{"net":"out","o":4}},{"type":"Feature","geometry":{"type":"LineString","coordinates":[[-81.94446,36.44832],[-81.94461,36.44808],[-81.94456,36.4479],[-81.94368,36.44689],[-81.94342,36.44618],[-81.9427,36.44569]]},"properties":{"net":"out","o":4}},{"type":"Feature","geometry":{"type":"LineString","coordinates":[[-81.83167,36.30906],[-81.83149,36.30864],[-81.83131,36.30859]]},"properties":{"net":"out","o":4}},{"type":"Feature","geometry":{"type":"LineString","coordinates":[[-81.83007,36.30176],[-81.82982,36.30149],[-81.8286,36.30179]]},"properties":{"net":"out","o":4}},{"type":"Feature","geometry":{"type":"LineString","coordinates":[[-81.8251,36.48865],[-81.82485,36.48867]]},"properties":{"net":"out","o":4}},{"type":"Feature","geometry":{"type":"LineString","coordinates":[[-81.83946,36.40557],[-81.83978,36.40547],[-81.84103,36.40452],[-81.84129,36.40408],[-81.84135,36.40322],[-81.8417,36.4026]]},"properties":{"net":"out","o":6}},{"type":"Feature","geometry":{"type":"LineString","coordinates":[[-81.81854,36.49953],[-81.81708,36.49739]]},"properties":{"net":"out","o":4}},{"type":"Feature","geometry":{"type":"LineString","coordinates":[[-81.86017,36.26843],[-81.86098,36.26798],[-81.86178,36.26785],[-81.86299,36.2672],[-81.86401,36.26736],[-81.86451,36.2676],[-81.86497,36.26802]]},"properties":{"net":"out","o":6}},{"type":"Feature","geometry":{"type":"LineString","coordinates":[[-81.85928,36.25748],[-81.86056,36.25868]]},"properties":{"net":"out","o":6}},{"type":"Feature","geometry":{"type":"LineString","coordinates":[[-81.86661,36.28048],[-81.86718,36.27955],[-81.86817,36.27853]]},"properties":{"net":"out","o":5}},{"type":"Feature","geometry":{"type":"LineString","coordinates":[[-81.86422,36.28227],[-81.86488,36.28259],[-81.86524,36.28247]]},"properties":{"net":"out","o":5}},{"type":"Feature","geometry":{"type":"LineString","coordinates":[[-81.85856,36.28615],[-81.85899,36.28603],[-81.85943,36.28563],[-81.85953,36.28533],[-81.85953,36.28408]]},"properties":{"net":"out","o":5}},{"type":"Feature","geometry":{"type":"LineString","coordinates":[[-81.84857,36.2933],[-81.84889,36.29319],[-81.84916,36.29285],[-81.84969,36.29267],[-81.85019,36.29273],[-81.85081,36.293],[-81.85159,36.29272],[-81.85341,36.2926]]},"properties":{"net":"out","o":5}},{"type":"Feature","geometry":{"type":"LineString","coordinates":[[-81.89347,36.37576],[-81.89535,36.37467],[-81.89649,36.37413]]},"properties":{"net":"out","o":6}},{"type":"Feature","geometry":{"type":"LineString","coordinates":[[-81.91058,36.39362],[-81.91091,36.39352],[-81.91114,36.39329],[-81.91175,36.39224],[-81.91179,36.39203],[-81.91196,36.39193]]},"properties":{"net":"out","o":6}},{"type":"Feature","geometry":{"type":"LineString","coordinates":[[-81.89571,36.39226],[-81.89601,36.39197],[-81.89709,36.3914],[-81.89782,36.39066],[-81.89893,36.38991],[-81.89899,36.38966]]},"properties":{"net":"out","o":4}},{"type":"Feature","geometry":{"type":"LineString","coordinates":[[-81.90322,36.44758],[-81.90473,36.44673],[-81.90557,36.44659],[-81.90717,36.4449],[-81.90743,36.44476],[-81.90782,36.44468],[-81.90839,36.44482],[-81.90877,36.44453],[-81.90906,36.44391],[-81.90898,36.4429],[-81.90846,36.44245]]},"properties":{"net":"out","o":5}},{"type":"Feature","geometry":{"type":"LineString","coordinates":[[-81.89864,36.45111],[-81.89929,36.44954],[-81.89917,36.44897]]},"properties":{"net":"out","o":4}},{"type":"Feature","geometry":{"type":"LineString","coordinates":[[-82.14281,36.3467],[-82.14396,36.34662],[-82.14468,36.34667],[-82.14506,36.34657],[-82.14586,36.34666],[-82.14622,36.34692]]},"properties":{"net":"out","o":7}},{"type":"Feature","geometry":{"type":"LineString","coordinates":[[-82.15074,36.36367],[-82.15255,36.36388],[-82.15303,36.36443]]},"properties":{"net":"out","o":4}},{"type":"Feature","geometry":{"type":"LineString","coordinates":[[-81.78757,36.25761],[-81.78801,36.25678],[-81.78878,36.25576],[-81.78904,36.25524],[-81.78983,36.25429],[-81.79019,36.25393],[-81.79065,36.25366],[-81.79131,36.25363]]},"properties":{"net":"NC3251","o":5}},{"type":"Feature","geometry":{"type":"LineString","coordinates":[[-81.85164,36.31153],[-81.85136,36.31101]]},"properties":{"net":"out","o":4}},{"type":"Feature","geometry":{"type":"LineString","coordinates":[[-81.85095,36.30608],[-81.85118,36.30571],[-81.85142,36.30487]]},"properties":{"net":"out","o":4}},{"type":"Feature","geometry":{"type":"LineString","coordinates":[[-81.8598,36.37167],[-81.85976,36.37277],[-81.86044,36.37395],[-81.86084,36.37447],[-81.86114,36.37512],[-81.86109,36.37541]]},"properties":{"net":"out","o":4}},{"type":"Feature","geometry":{"type":"LineString","coordinates":[[-81.85851,36.39355],[-81.85913,36.39345]]},"properties":{"net":"out","o":6}},{"type":"Feature","geometry":{"type":"LineString","coordinates":[[-81.8567,36.3871],[-81.85711,36.38706]]},"properties":{"net":"out","o":4}},{"type":"Feature","geometry":{"type":"LineString","coordinates":[[-82.12002,36.3173],[-82.12158,36.31893],[-82.12154,36.31914],[-82.12173,36.31934],[-82.12156,36.32026],[-82.12204,36.32086],[-82.12201,36.32103],[-82.12212,36.32116],[-82.12197,36.32197],[-82.1225,36.3226]]},"properties":{"net":"out","o":7}},{"type":"Feature","geometry":{"type":"LineString","coordinates":[[-82.1194,36.3943],[-82.11945,36.39415]]},"properties":{"net":"out","o":5}},{"type":"Feature","geometry":{"type":"LineString","coordinates":[[-81.76006,36.19109],[-81.76003,36.19165],[-81.75986,36.19181],[-81.75924,36.1922],[-81.75789,36.19284],[-81.75755,36.19319],[-81.75731,36.19353],[-81.75702,36.19457],[-81.75681,36.19592],[-81.75657,36.19647],[-81.75622,36.1969],[-81.75521,36.19739],[-81.75512,36.19767],[-81.75525,36.19794],[-81.75654,36.19925],[-81.75704,36.19949],[-81.75797,36.19964],[-81.75886,36.19993],[-81.75963,36.19995],[-81.76064,36.1992],[-81.7613,36.19903],[-81.76253,36.19892]]},"properties":{"net":"NC3251","o":5}},{"type":"Feature","geometry":{"type":"LineString","coordinates":[[-82.06668,36.19685],[-82.0667,36.1969]]},"properties":{"net":"out","o":4}},{"type":"Feature","geometry":{"type":"LineString","coordinates":[[-82.06664,36.19693],[-82.06673,36.19702]]},"properties":{"net":"out","o":4}},{"type":"Feature","geometry":{"type":"LineString","coordinates":[[-82.05735,36.19522],[-82.05767,36.19523],[-82.05878,36.19492],[-82.06043,36.19508],[-82.06094,36.1948],[-82.06126,36.19493],[-82.0615,36.19535],[-82.06169,36.19549],[-82.06211,36.19565],[-82.06268,36.19557],[-82.06335,36.19526],[-82.06402,36.19528]]},"properties":{"net":"out","o":4}},{"type":"Feature","geometry":{"type":"LineString","coordinates":[[-81.7696,36.4194],[-81.76946,36.41978]]},"properties":{"net":"out","o":4}},{"type":"Feature","geometry":{"type":"LineString","coordinates":[[-81.76783,36.41525],[-81.76744,36.41658],[-81.76741,36.41688],[-81.76754,36.41718],[-81.7679,36.41743],[-81.76923,36.41765]]},"properties":{"net":"out","o":4}},{"type":"Feature","geometry":{"type":"LineString","coordinates":[[-81.79199,36.25376],[-81.79325,36.25386],[-81.79518,36.25351],[-81.79605,36.25321]]},"properties":{"net":"NC3251","o":5}},{"type":"Feature","geometry":{"type":"LineString","coordinates":[[-82.13409,36.22043],[-82.13455,36.22078],[-82.13548,36.2211],[-82.13593,36.22141],[-82.13638,36.22189],[-82.13667,36.22254],[-82.13684,36.2235]]},"properties":{"net":"out","o":5}},{"type":"Feature","geometry":{"type":"LineString","coordinates":[[-82.12909,36.34369],[-82.12954,36.34396],[-82.13027,36.34419],[-82.13098,36.34481],[-82.13145,36.34592],[-82.13138,36.34703],[-82.13154,36.34741],[-82.13148,36.34747]]},"properties":{"net":"out","o":7}},{"type":"Feature","geometry":{"type":"LineString","coordinates":[[-82.07256,36.41793],[-82.07275,36.41709],[-82.07291,36.41684]]},"properties":{"net":"out","o":5}},{"type":"Feature","geometry":{"type":"LineString","coordinates":[[-82.06315,36.42153],[-82.06368,36.42131],[-82.06555,36.42135],[-82.06605,36.42125],[-82.06674,36.42089],[-82.0673,36.42029],[-82.06775,36.41999],[-82.06833,36.41992]]},"properties":{"net":"out","o":5}},{"type":"Feature","geometry":{"type":"LineString","coordinates":[[-81.99248,36.27465],[-81.99231,36.27486],[-81.99078,36.27576],[-81.98998,36.27639],[-81.98999,36.27672]]},"properties":{"net":"out","o":4}},{"type":"Feature","geometry":{"type":"LineString","coordinates":[[-81.99422,36.29848],[-81.99449,36.29895],[-81.99536,36.29988],[-81.99573,36.30083],[-81.99568,36.30111],[-81.99579,36.30127],[-81.99573,36.30155],[-81.99584,36.30171],[-81.99556,36.30344],[-81.99579,36.30369],[-81.99591,36.30402],[-81.99585,36.30409]]},"properties":{"net":"out","o":4}},{"type":"Feature","geometry":{"type":"LineString","coordinates":[[-81.97523,36.30485],[-81.97571,36.30464],[-81.97611,36.30468],[-81.97641,36.3045],[-81.9777,36.30466],[-81.97842,36.30543],[-81.97847,36.30587],[-81.9787,36.30611],[-81.97871,36.30633],[-81.97955,36.3074],[-81.98064,36.30865],[-81.98077,36.30866],[-81.98137,36.30931],[-81.98151,36.30933],[-81.98186,36.30966],[-81.98308,36.31114]]},"properties":{"net":"out","o":6}},{"type":"Feature","geometry":{"type":"LineString","coordinates":[[-81.99614,36.32615],[-81.99636,36.32639],[-81.99669,36.32708]]},"properties":{"net":"out","o":6}},{"type":"Feature","geometry":{"type":"LineString","coordinates":[[-82.077,36.41313],[-82.07785,36.41292],[-82.07869,36.41287],[-82.07916,36.41267]]},"properties":{"net":"out","o":4}},{"type":"Feature","geometry":{"type":"LineString","coordinates":[[-82.07687,36.4369],[-82.07631,36.43646],[-82.07568,36.43547],[-82.07331,36.43335],[-82.07211,36.43282],[-82.07199,36.43265],[-82.07188,36.43188],[-82.07086,36.43135],[-82.06979,36.43128],[-82.06934,36.43106],[-82.06878,36.43016],[-82.06786,36.42929],[-82.06738,36.42852],[-82.06673,36.42804],[-82.0658,36.42696],[-82.06536,36.42581],[-82.06463,36.42474],[-82.06451,36.42403],[-82.06432,36.42381],[-82.06356,36.42335],[-82.06313,36.42225],[-82.06315,36.42153]]},"properties":{"net":"out","o":4}},{"type":"Feature","geometry":{"type":"LineString","coordinates":[[-81.97462,36.22973],[-81.97516,36.23067],[-81.97548,36.23182],[-81.97538,36.23239],[-81.97499,36.23325],[-81.97489,36.23331],[-81.97477,36.23394],[-81.97455,36.23439],[-81.9745,36.23517],[-81.97484,36.23601],[-81.975,36.23711],[-81.97513,36.23734],[-81.97552,36.23746],[-81.97613,36.23735]]},"properties":{"net":"out","o":4}},{"type":"Feature","geometry":{"type":"LineString","coordinates":[[-81.96899,36.35533],[-81.9693,36.35367],[-81.9698,36.35293],[-81.97056,36.35226],[-81.97152,36.35011],[-81.9722,36.34822]]},"properties":{"net":"out","o":7}},{"type":"Feature","geometry":{"type":"LineString","coordinates":[[-81.96013,36.3628],[-81.96263,36.36133],[-81.96342,36.36077],[-81.96405,36.36005],[-81.96458,36.35968],[-81.96484,36.35928],[-81.96714,36.35767],[-81.96741,36.3572],[-81.96854,36.35625]]},"properties":{"net":"out","o":7}},{"type":"Feature","geometry":{"type":"LineString","coordinates":[[-81.9684,36.39899],[-81.96855,36.39782],[-81.96845,36.39695],[-81.96897,36.39626],[-81.969,36.396]]},"properties":{"net":"out","o":6}},{"type":"Feature","geometry":{"type":"LineString","coordinates":[[-81.96649,36.39277],[-81.96635,36.39212],[-81.96643,36.39196]]},"properties":{"net":"out","o":6}},{"type":"Feature","geometry":{"type":"LineString","coordinates":[[-81.96297,36.38376],[-81.96277,36.38356],[-81.96231,36.3834],[-81.96102,36.38322],[-81.95903,36.38318]]},"properties":{"net":"out","o":6}},{"type":"Feature","geometry":{"type":"LineString","coordinates":[[-81.97268,36.41323],[-81.97243,36.41238],[-81.97193,36.41201],[-81.97108,36.41104],[-81.97105,36.41064],[-81.97057,36.40992],[-81.97055,36.40968]]},"properties":{"net":"out","o":4}},{"type":"Feature","geometry":{"type":"LineString","coordinates":[[-81.96138,36.40935],[-81.96148,36.40887],[-81.9622,36.40808],[-81.96231,36.40779],[-81.9624,36.40717],[-81.96218,36.4067],[-81.96238,36.40604]]},"properties":{"net":"out","o":6}},{"type":"Feature","geometry":{"type":"LineString","coordinates":[[-81.92506,36.43209],[-81.92574,36.43195],[-81.92646,36.43156],[-81.92683,36.43124],[-81.92695,36.43089],[-81.9271,36.43081],[-81.92828,36.4305],[-81.92864,36.43028]]},"properties":{"net":"out","o":5}},{"type":"Feature","geometry":{"type":"LineString","coordinates":[[-81.91998,36.28988],[-81.92084,36.29042],[-81.92152,36.29064],[-81.92237,36.29074],[-81.92283,36.29069],[-81.92435,36.29011],[-81.92488,36.29017],[-81.92653,36.29084],[-81.92724,36.29092],[-81.92785,36.29082],[-81.92834,36.29062],[-81.92887,36.29025],[-81.92904,36.28955],[-81.929,36.28907],[-81.92882,36.28858],[-81.92891,36.28784],[-81.92914,36.28761],[-81.92984,36.28726]]},"properties":{"net":"out","o":6}},{"type":"Feature","geometry":{"type":"LineString","coordinates":[[-81.90955,36.28038],[-81.91018,36.28063],[-81.91187,36.28083],[-81.91256,36.28127],[-81.91309,36.28184]]},"properties":{"net":"out","o":6}},{"type":"Feature","geometry":{"type":"LineString","coordinates":[[-81.92888,36.37568],[-81.92919,36.37555]]},"properties":{"net":"out","o":6}},{"type":"Feature","geometry":{"type":"LineString","coordinates":[[-81.8149,36.33326],[-81.81596,36.33263]]},"properties":{"net":"out","o":4}},{"type":"Feature","geometry":{"type":"LineString","coordinates":[[-81.88011,36.45284],[-81.8812,36.45338]]},"properties":{"net":"out","o":4}},{"type":"Feature","geometry":{"type":"LineString","coordinates":[[-81.87939,36.4529],[-81.87978,36.45275],[-81.88011,36.45284]]},"properties":{"net":"out","o":4}},{"type":"Feature","geometry":{"type":"LineString","coordinates":[[-81.87387,36.26904],[-81.87419,36.26854],[-81.8747,36.2673]]},"properties":{"net":"out","o":6}},{"type":"Feature","geometry":{"type":"LineString","coordinates":[[-81.80939,36.2566],[-81.80982,36.25582],[-81.80982,36.25478],[-81.81001,36.25447],[-81.81046,36.25406],[-81.81058,36.25333],[-81.81078,36.25305],[-81.8112,36.25306],[-81.81152,36.25324],[-81.81168,36.25375],[-81.81274,36.2546]]},"properties":{"net":"NC3251","o":4}},{"type":"Feature","geometry":{"type":"LineString","coordinates":[[-81.82812,36.32132],[-81.82846,36.3211],[-81.82891,36.32057]]},"properties":{"net":"out","o":4}},{"type":"Feature","geometry":{"type":"LineString","coordinates":[[-81.8264,36.32387],[-81.82631,36.32364],[-81.82629,36.32256],[-81.82645,36.32226],[-81.82661,36.3222]]},"properties":{"net":"out","o":4}},{"type":"Feature","geometry":{"type":"LineString","coordinates":[[-81.80954,36.33484],[-81.80961,36.33473]]},"properties":{"net":"out","o":4}},{"type":"Feature","geometry":{"type":"LineString","coordinates":[[-81.82749,36.30036],[-81.82609,36.29872]]},"properties":{"net":"out","o":4}},{"type":"Feature","geometry":{"type":"LineString","coordinates":[[-81.81308,36.33333],[-81.81406,36.33334]]},"properties":{"net":"out","o":4}},{"type":"Feature","geometry":{"type":"LineString","coordinates":[[-81.79812,36.44902],[-81.79819,36.44826],[-81.7986,36.44758],[-81.7988,36.44697],[-81.79876,36.44668],[-81.79832,36.44602]]},"properties":{"net":"out","o":5}},{"type":"Feature","geometry":{"type":"LineString","coordinates":[[-81.80764,36.4694],[-81.80707,36.46901],[-81.80687,36.46833],[-81.80661,36.46802],[-81.80583,36.46761],[-81.80449,36.46715]]},"properties":{"net":"out","o":5}},{"type":"Feature","geometry":{"type":"LineString","coordinates":[[-81.79806,36.4824],[-81.79807,36.48206],[-81.79832,36.48182],[-81.79844,36.4815],[-81.79928,36.48082],[-81.80002,36.47939],[-81.80085,36.47884],[-81.80095,36.47838],[-81.8009,36.47781],[-81.8012,36.47731],[-81.80117,36.47706]]},"properties":{"net":"out","o":4}},{"type":"Feature","geometry":{"type":"LineString","coordinates":[[-81.79115,36.4916],[-81.79133,36.4913],[-81.79209,36.4912],[-81.79471,36.49006],[-81.79501,36.48981],[-81.79506,36.48926]]},"properties":{"net":"out","o":4}},{"type":"Feature","geometry":{"type":"LineString","coordinates":[[-81.7643,36.44739],[-81.76477,36.44676],[-81.76593,36.44616],[-81.7666,36.44562],[-81.76828,36.44511],[-81.76895,36.4446]]},"properties":{"net":"out","o":4}},{"type":"Feature","geometry":{"type":"LineString","coordinates":[[-81.73637,36.20439],[-81.73742,36.20328],[-81.73741,36.20279]]},"properties":{"net":"NC3251","o":4}},{"type":"Feature","geometry":{"type":"LineString","coordinates":[[-82.42912,36.3736],[-82.42765,36.37432]]},"properties":{"net":"out","o":4}},{"type":"Feature","geometry":{"type":"LineString","coordinates":[[-82.3071,36.32837],[-82.30608,36.3286],[-82.30523,36.3293]]},"properties":{"net":"out","o":4}},{"type":"Feature","geometry":{"type":"LineString","coordinates":[[-82.29762,36.36887],[-82.29796,36.36889]]},"properties":{"net":"out","o":4}},{"type":"Feature","geometry":{"type":"LineString","coordinates":[[-82.36124,36.38444],[-82.35996,36.38545]]},"properties":{"net":"out","o":4}},{"type":"Feature","geometry":{"type":"LineString","coordinates":[[-82.32862,36.23489],[-82.32777,36.23568],[-82.32559,36.23939],[-82.32471,36.24024]]},"properties":{"net":"out","o":4}},{"type":"Feature","geometry":{"type":"LineString","coordinates":[[-82.3197,36.24933],[-82.31969,36.24983],[-82.3198,36.25011],[-82.32081,36.25128],[-82.32111,36.25242],[-82.32116,36.25327],[-82.32147,36.2544],[-82.32161,36.2553],[-82.32155,36.25604],[-82.32133,36.25674],[-82.32104,36.25729]]},"properties":{"net":"out","o":4}},{"type":"Feature","geometry":{"type":"LineString","coordinates":[[-82.31974,36.38412],[-82.31937,36.38466],[-82.31766,36.38618]]},"properties":{"net":"out","o":7}},{"type":"Feature","geometry":{"type":"LineString","coordinates":[[-82.30899,36.28722],[-82.30809,36.28794],[-82.30677,36.28838],[-82.30649,36.28856],[-82.30603,36.28907],[-82.30594,36.2901],[-82.30575,36.29043],[-82.30516,36.29094],[-82.30376,36.29244],[-82.30315,36.29279]]},"properties":{"net":"out","o":4}},{"type":"Feature","geometry":{"type":"LineString","coordinates":[[-82.3027,36.29323],[-82.30261,36.29366],[-82.30128,36.29578],[-82.30011,36.29692],[-82.29936,36.297],[-82.29923,36.29714]]},"properties":{"net":"out","o":5}},{"type":"Feature","geometry":{"type":"LineString","coordinates":[[-81.8202,36.42462],[-81.82088,36.42387],[-81.82122,36.42289],[-81.82103,36.42218],[-81.82041,36.42134],[-81.82037,36.42073],[-81.82475,36.4186]]},"properties":{"net":"out","o":6}},{"type":"Feature","geometry":{"type":"LineString","coordinates":[[-81.82332,36.42971],[-81.82324,36.42842],[-81.82309,36.42817],[-81.82266,36.428],[-81.82248,36.4278],[-81.82226,36.42687],[-81.82226,36.4261],[-81.8202,36.42462]]},"properties":{"net":"out","o":4}},{"type":"Feature","geometry":{"type":"LineString","coordinates":[[-81.80995,36.4809],[-81.81,36.48065],[-81.80984,36.48031],[-81.80984,36.48009],[-81.81011,36.47978],[-81.81054,36.47845],[-81.81054,36.47821],[-81.81075,36.47797]]},"properties":{"net":"out","o":5}},{"type":"Feature","geometry":{"type":"LineString","coordinates":[[-81.8279,36.48932],[-81.82748,36.48904]]},"properties":{"net":"out","o":4}},{"type":"Feature","geometry":{"type":"LineString","coordinates":[[-81.82485,36.48867],[-81.82346,36.4881],[-81.82247,36.4882],[-81.82203,36.48877]]},"properties":{"net":"out","o":4}},{"type":"Feature","geometry":{"type":"LineString","coordinates":[[-81.81972,36.48886],[-81.8193,36.48897],[-81.8192,36.48943],[-81.81896,36.48953],[-81.81798,36.48935],[-81.81746,36.4896],[-81.8166,36.48982],[-81.81293,36.48982],[-81.80957,36.49001]]},"properties":{"net":"out","o":4}},{"type":"Feature","geometry":{"type":"LineString","coordinates":[[-81.81002,36.33456],[-81.81036,36.33452]]},"properties":{"net":"out","o":4}},{"type":"Feature","geometry":{"type":"LineString","coordinates":[[-81.75731,36.19157],[-81.75819,36.19128],[-81.75838,36.1911]]},"properties":{"net":"NC3251","o":5}},{"type":"Feature","geometry":{"type":"LineString","coordinates":[[-81.74404,36.19591],[-81.74486,36.19551],[-81.74577,36.19472]]},"properties":{"net":"NC3251","o":4}},{"type":"Feature","geometry":{"type":"LineString","coordinates":[[-81.76031,36.32558],[-81.7615,36.32428],[-81.76201,36.3231]]},"properties":{"net":"NC3251","o":4}},{"type":"Feature","geometry":{"type":"LineString","coordinates":[[-81.75716,36.37116],[-81.75704,36.37127],[-81.75695,36.37168],[-81.75698,36.372],[-81.75718,36.37244],[-81.75769,36.3731]]},"properties":{"net":"out","o":4}},{"type":"Feature","geometry":{"type":"LineString","coordinates":[[-82.24192,36.35622],[-82.24194,36.35607],[-82.24226,36.35571]]},"properties":{"net":"out","o":7}},{"type":"Feature","geometry":{"type":"LineString","coordinates":[[-82.20454,36.20884],[-82.20354,36.209],[-82.20302,36.20948],[-82.20192,36.21078],[-82.20159,36.21104],[-82.20022,36.21132],[-82.19845,36.21141],[-82.19811,36.21154],[-82.19807,36.21178],[-82.19879,36.21341],[-82.19872,36.21421],[-82.19886,36.2149],[-82.19878,36.21502],[-82.19811,36.21519],[-82.19788,36.21534],[-82.19696,36.21621],[-82.19609,36.21661],[-82.19591,36.21679]]},"properties":{"net":"out","o":4}},{"type":"Feature","geometry":{"type":"LineString","coordinates":[[-82.2036,36.21526],[-82.20362,36.21476],[-82.2035,36.21464],[-82.20275,36.21449],[-82.2021,36.21466],[-82.20127,36.21508],[-82.20014,36.21532],[-82.19978,36.21555],[-82.1997,36.21583],[-82.19981,36.21642],[-82.19906,36.21778],[-82.19898,36.21874]]},"properties":{"net":"out","o":4}},{"type":"Feature","geometry":{"type":"LineString","coordinates":[[-82.19894,36.22131],[-82.19856,36.22151],[-82.19801,36.22162],[-82.19666,36.22152],[-82.1959,36.22185],[-82.19505,36.22279],[-82.19401,36.22361],[-82.19357,36.22413],[-82.19336,36.22454]]},"properties":{"net":"out","o":5}},{"type":"Feature","geometry":{"type":"LineString","coordinates":[[-82.18892,36.22824],[-82.18909,36.22865],[-82.18905,36.22896],[-82.18882,36.22935],[-82.1883,36.22987],[-82.18752,36.23112],[-82.18678,36.23262],[-82.18677,36.23293]]},"properties":{"net":"out","o":5}},{"type":"Feature","geometry":{"type":"LineString","coordinates":[[-82.19197,36.31554],[-82.1928,36.31643],[-82.19398,36.31692],[-82.19479,36.31698],[-82.19651,36.31628],[-82.1973,36.31641],[-82.19772,36.31664]]},"properties":{"net":"out","o":6}},{"type":"Feature","geometry":{"type":"LineString","coordinates":[[-82.19282,36.31239],[-82.19164,36.31447]]},"properties":{"net":"out","o":6}},{"type":"Feature","geometry":{"type":"LineString","coordinates":[[-82.05534,36.43262],[-82.05598,36.43188],[-82.05627,36.43133],[-82.0564,36.43014]]},"properties":{"net":"out","o":5}},{"type":"Feature","geometry":{"type":"LineString","coordinates":[[-82.03654,36.45179],[-82.03717,36.45175],[-82.03849,36.45129],[-82.0399,36.45105]]},"properties":{"net":"out","o":5}},{"type":"Feature","geometry":{"type":"LineString","coordinates":[[-82.20544,36.3395],[-82.20557,36.33964],[-82.20558,36.33985],[-82.20534,36.34116],[-82.20516,36.34127]]},"properties":{"net":"out","o":6}},{"type":"Feature","geometry":{"type":"LineString","coordinates":[[-82.15304,36.23089],[-82.1546,36.23041],[-82.15518,36.23048],[-82.15545,36.23064]]},"properties":{"net":"out","o":5}},{"type":"Feature","geometry":{"type":"LineString","coordinates":[[-82.16083,36.26309],[-82.16055,36.26344],[-82.1605,36.26372],[-82.16083,36.26416],[-82.16296,36.26419],[-82.16335,36.26402],[-82.16349,36.26378],[-82.1646,36.26294],[-82.16497,36.26247]]},"properties":{"net":"out","o":5}},{"type":"Feature","geometry":{"type":"LineString","coordinates":[[-82.15445,36.3553],[-82.15404,36.35517],[-82.15379,36.35521],[-82.15306,36.35547],[-82.15277,36.3557],[-82.15274,36.35602],[-82.15292,36.35638],[-82.15284,36.35696],[-82.15294,36.35716]]},"properties":{"net":"out","o":7}},{"type":"Feature","geometry":{"type":"LineString","coordinates":[[-82.15294,36.35716],[-82.15262,36.35856]]},"properties":{"net":"out","o":7}},{"type":"Feature","geometry":{"type":"LineString","coordinates":[[-82.14622,36.34692],[-82.14645,36.34716],[-82.14679,36.34731],[-82.14781,36.34768],[-82.14843,36.34779],[-82.14934,36.34826],[-82.14953,36.34824]]},"properties":{"net":"out","o":7}},{"type":"Feature","geometry":{"type":"LineString","coordinates":[[-82.11954,36.31717],[-82.11966,36.31729],[-82.12002,36.3173]]},"properties":{"net":"out","o":7}},{"type":"Feature","geometry":{"type":"LineString","coordinates":[[-82.10842,36.39898],[-82.10861,36.39891],[-82.10941,36.39818],[-82.10967,36.39734],[-82.10987,36.39705]]},"properties":{"net":"out","o":5}},{"type":"Feature","geometry":{"type":"LineString","coordinates":[[-82.1023,36.39965],[-82.10391,36.39985],[-82.1047,36.39985],[-82.10515,36.39973],[-82.10587,36.39929],[-82.10678,36.39898],[-82.10735,36.39889],[-82.10842,36.39898]]},"properties":{"net":"out","o":5}},{"type":"Feature","geometry":{"type":"LineString","coordinates":[[-81.78556,36.26163],[-81.786,36.26136],[-81.78617,36.26049]]},"properties":{"net":"NC3251","o":5}},{"type":"Feature","geometry":{"type":"LineString","coordinates":[[-81.78437,36.26454],[-81.78374,36.26388],[-81.78367,36.26366]]},"properties":{"net":"NC3251","o":5}},{"type":"Feature","geometry":{"type":"LineString","coordinates":[[-81.7823,36.26721],[-81.78297,36.26678],[-81.7835,36.26659],[-81.78383,36.26609],[-81.78448,36.26552],[-81.7846,36.26535],[-81.78468,36.26493],[-81.78467,36.26478],[-81.78437,36.26454]]},"properties":{"net":"NC3251","o":5}},{"type":"Feature","geometry":{"type":"LineString","coordinates":[[-81.78088,36.25444],[-81.78129,36.25422],[-81.78182,36.2541]]},"properties":{"net":"NC3251","o":4}},{"type":"Feature","geometry":{"type":"LineString","coordinates":[[-82.00669,36.37466],[-82.00713,36.37299],[-82.00708,36.37258]]},"properties":{"net":"out","o":4}},{"type":"Feature","geometry":{"type":"LineString","coordinates":[[-82.00633,36.366],[-82.00643,36.36458],[-82.00724,36.36336],[-82.00753,36.36306]]},"properties":{"net":"out","o":4}},{"type":"Feature","geometry":{"type":"LineString","coordinates":[[-82.1166,36.26184],[-82.11733,36.26242],[-82.11809,36.26279]]},"properties":{"net":"out","o":4}},{"type":"Feature","geometry":{"type":"LineString","coordinates":[[-82.10909,36.25578],[-82.11009,36.25586],[-82.1104,36.25596],[-82.11065,36.25634],[-82.11118,36.25673],[-82.11189,36.25751]]},"properties":{"net":"out","o":4}},{"type":"Feature","geometry":{"type":"LineString","coordinates":[[-82.06697,36.19665],[-82.06682,36.19663]]},"properties":{"net":"out","o":4}},{"type":"Feature","geometry":{"type":"LineString","coordinates":[[-82.07557,36.3261],[-82.07644,36.32559],[-82.07889,36.32584]]},"properties":{"net":"out","o":7}},{"type":"Feature","geometry":{"type":"LineString","coordinates":[[-81.75623,36.39843],[-81.7562,36.39874],[-81.75643,36.39975]]},"properties":{"net":"out","o":4}},{"type":"Feature","geometry":{"type":"LineString","coordinates":[[-81.75688,36.39526],[-81.75685,36.3955],[-81.75632,36.39595],[-81.75611,36.39655]]},"properties":{"net":"out","o":4}},{"type":"Feature","geometry":{"type":"LineString","coordinates":[[-81.75611,36.39655],[-81.75613,36.3973],[-81.75656,36.3976],[-81.75662,36.39779],[-81.7565,36.39813],[-81.75623,36.39843]]},"properties":{"net":"out","o":4}},{"type":"Feature","geometry":{"type":"LineString","coordinates":[[-82.00628,36.46355],[-82.00716,36.46351],[-82.0086,36.46302],[-82.00989,36.46296],[-82.0101,36.46287],[-82.01052,36.46241],[-82.01098,36.46227]]},"properties":{"net":"out","o":5}},{"type":"Feature","geometry":{"type":"LineString","coordinates":[[-81.99282,36.46882],[-81.99336,36.4689],[-81.99495,36.46862],[-81.99558,36.46814],[-81.99712,36.46777],[-81.99926,36.46702]]},"properties":{"net":"out","o":4}},{"type":"Feature","geometry":{"type":"LineString","coordinates":[[-81.92919,36.37555],[-81.93065,36.37529]]},"properties":{"net":"out","o":6}},{"type":"Feature","geometry":{"type":"LineString","coordinates":[[-81.92401,36.37956],[-81.92431,36.37914],[-81.92497,36.37854],[-81.92594,36.378],[-81.92645,36.37694],[-81.92713,36.37648]]},"properties":{"net":"out","o":6}},{"type":"Feature","geometry":{"type":"LineString","coordinates":[[-81.97095,36.30819],[-81.97152,36.30757],[-81.97285,36.30679],[-81.97295,36.30648],[-81.97475,36.30535],[-81.9748,36.30511],[-81.97523,36.30485]]},"properties":{"net":"out","o":6}},{"type":"Feature","geometry":{"type":"LineString","coordinates":[[-81.96748,36.39046],[-81.96791,36.38982],[-81.96819,36.38897],[-81.96826,36.38753]]},"properties":{"net":"out","o":6}},{"type":"Feature","geometry":{"type":"LineString","coordinates":[[-81.9727,36.39505],[-81.97142,36.39451],[-81.96807,36.39375],[-81.96775,36.39386],[-81.96738,36.39421]]},"properties":{"net":"out","o":4}},{"type":"Feature","geometry":{"type":"LineString","coordinates":[[-81.97055,36.40968],[-81.97042,36.40852],[-81.96998,36.4069]]},"properties":{"net":"out","o":4}},{"type":"Feature","geometry":{"type":"LineString","coordinates":[[-81.96238,36.40604],[-81.96294,36.40595],[-81.96324,36.40579],[-81.96321,36.4043]]},"properties":{"net":"out","o":6}},{"type":"Feature","geometry":{"type":"LineString","coordinates":[[-81.88917,36.26575],[-81.89011,36.26532],[-81.8913,36.26494]]},"properties":{"net":"out","o":6}},{"type":"Feature","geometry":{"type":"LineString","coordinates":[[-81.9192,36.38667],[-81.92043,36.38551],[-81.92114,36.38424]]},"properties":{"net":"out","o":6}},{"type":"Feature","geometry":{"type":"LineString","coordinates":[[-81.92309,36.43099],[-81.92475,36.43199],[-81.92506,36.43209]]},"properties":{"net":"out","o":5}},{"type":"Feature","geometry":{"type":"LineString","coordinates":[[-81.91844,36.43388],[-81.91885,36.43353],[-81.91902,36.43314],[-81.91948,36.43303],[-81.92086,36.43183],[-81.92091,36.43149]]},"properties":{"net":"out","o":5}},{"type":"Feature","geometry":{"type":"LineString","coordinates":[[-81.80449,36.46715],[-81.80359,36.46645],[-81.802,36.46553],[-81.80128,36.46442],[-81.80041,36.46247],[-81.79825,36.45013],[-81.79812,36.44902]]},"properties":{"net":"out","o":5}},{"type":"Feature","geometry":{"type":"LineString","coordinates":[[-81.80169,36.47381],[-81.80189,36.47349],[-81.80198,36.47293],[-81.80217,36.47262],[-81.80261,36.47087],[-81.80313,36.47043],[-81.8033,36.47006],[-81.80334,36.46941],[-81.80364,36.46839]]},"properties":{"net":"out","o":4}},{"type":"Feature","geometry":{"type":"LineString","coordinates":[[-81.82178,36.23874],[-81.82187,36.23864]]},"properties":{"net":"NC3251","o":5}},{"type":"Feature","geometry":{"type":"LineString","coordinates":[[-81.81369,36.25385],[-81.81459,36.25274],[-81.81469,36.25202]]},"properties":{"net":"NC3251","o":4}},{"type":"Feature","geometry":{"type":"LineString","coordinates":[[-81.82551,36.29794],[-81.82472,36.29682],[-81.82464,36.29593],[-81.82447,36.29561],[-81.82413,36.2951],[-81.82358,36.29452],[-81.82354,36.29416],[-81.82387,36.29358],[-81.82373,36.29271]]},"properties":{"net":"out","o":4}},{"type":"Feature","geometry":{"type":"LineString","coordinates":[[-81.88821,36.37695],[-81.88892,36.37693],[-81.88982,36.37714]]},"properties":{"net":"out","o":6}},{"type":"Feature","geometry":{"type":"LineString","coordinates":[[-81.87512,36.38424],[-81.87618,36.38474],[-81.87656,36.38473],[-81.87685,36.38451],[-81.87731,36.38401],[-81.87789,36.38159],[-81.87846,36.3808],[-81.87871,36.38017],[-81.87911,36.37997],[-81.88035,36.37983]]},"properties":{"net":"out","o":6}},{"type":"Feature","geometry":{"type":"LineString","coordinates":[[-81.81596,36.33263],[-81.81703,36.332],[-81.81858,36.33154],[-81.8194,36.33118],[-81.82029,36.331],[-81.82098,36.33052]]},"properties":{"net":"out","o":4}},{"type":"Feature","geometry":{"type":"LineString","coordinates":[[-81.8148,36.33328],[-81.8149,36.33326]]},"properties":{"net":"out","o":4}},{"type":"Feature","geometry":{"type":"LineString","coordinates":[[-81.84213,36.29436],[-81.84351,36.2944],[-81.84358,36.29387]]},"properties":{"net":"out","o":5}},{"type":"Feature","geometry":{"type":"LineString","coordinates":[[-81.83669,36.29133],[-81.83689,36.29186],[-81.83738,36.29207],[-81.83771,36.29249],[-81.83924,36.29306]]},"properties":{"net":"out","o":5}},{"type":"Feature","geometry":{"type":"LineString","coordinates":[[-81.72807,36.47195],[-81.7286,36.47147],[-81.73,36.47087]]},"properties":{"net":"out","o":4}},{"type":"Feature","geometry":{"type":"LineString","coordinates":[[-81.73,36.47087],[-81.73095,36.4703],[-81.73181,36.46924],[-81.73217,36.46911],[-81.73265,36.4687],[-81.73315,36.46772],[-81.73351,36.46724],[-81.73376,36.46613]]},"properties":{"net":"out","o":4}},{"type":"Feature","geometry":{"type":"LineString","coordinates":[[-82.27151,36.32916],[-82.27213,36.32906],[-82.27284,36.32914],[-82.27319,36.32947],[-82.2731,36.32996],[-82.27283,36.33044],[-82.27215,36.33119],[-82.27201,36.33171],[-82.27165,36.33193],[-82.27109,36.33204],[-82.27088,36.3322],[-82.27045,36.33301],[-82.27023,36.334],[-82.2703,36.33411],[-82.27023,36.33437]]},"properties":{"net":"out","o":7}},{"type":"Feature","geometry":{"type":"LineString","coordinates":[[-82.27023,36.33437],[-82.2699,36.33526],[-82.26982,36.33597],[-82.27031,36.33675],[-82.27163,36.33815],[-82.27162,36.33843]]},"properties":{"net":"out","o":7}},{"type":"Feature","geometry":{"type":"LineString","coordinates":[[-82.27055,36.24878],[-82.27069,36.24931],[-82.27097,36.24962],[-82.27183,36.24992],[-82.27246,36.2503]]},"properties":{"net":"out","o":4}},{"type":"Feature","geometry":{"type":"LineString","coordinates":[[-82.27118,36.32899],[-82.27151,36.32916]]},"properties":{"net":"out","o":5}},{"type":"Feature","geometry":{"type":"LineString","coordinates":[[-82.25542,36.34698],[-82.25574,36.34608]]},"properties":{"net":"out","o":7}},{"type":"Feature","geometry":{"type":"LineString","coordinates":[[-82.21285,36.34895],[-82.2127,36.34919],[-82.21274,36.34948],[-82.21262,36.34972]]},"properties":{"net":"out","o":6}},{"type":"Feature","geometry":{"type":"LineString","coordinates":[[-82.21236,36.34797],[-82.21261,36.34825],[-82.21285,36.34895]]},"properties":{"net":"out","o":6}},{"type":"Feature","geometry":{"type":"LineString","coordinates":[[-82.17904,36.27875],[-82.17877,36.27895],[-82.17868,36.2792],[-82.17869,36.27963],[-82.17906,36.2801]]},"properties":{"net":"out","o":6}},{"type":"Feature","geometry":{"type":"LineString","coordinates":[[-82.17791,36.29221],[-82.17799,36.29276],[-82.1788,36.29451],[-82.17878,36.29491],[-82.17853,36.29524],[-82.17818,36.29542],[-82.17709,36.29543],[-82.1763,36.29577],[-82.17504,36.29693],[-82.17494,36.29749]]},"properties":{"net":"out","o":6}},{"type":"Feature","geometry":{"type":"LineString","coordinates":[[-82.03378,36.333],[-82.03469,36.33253],[-82.0354,36.3324],[-82.03906,36.3303],[-82.03965,36.33034]]},"properties":{"net":"out","o":7}},{"type":"Feature","geometry":{"type":"LineString","coordinates":[[-82.12254,36.26431],[-82.12265,36.26523],[-82.1229,36.26583],[-82.12354,36.26599],[-82.12373,36.26636],[-82.12428,36.26689],[-82.12498,36.26732],[-82.12819,36.2699]]},"properties":{"net":"out","o":4}},{"type":"Feature","geometry":{"type":"LineString","coordinates":[[-82.18362,36.35825],[-82.18413,36.35827],[-82.18454,36.35842],[-82.18551,36.35921]]},"properties":{"net":"out","o":7}},{"type":"Feature","geometry":{"type":"LineString","coordinates":[[-82.14221,36.34735],[-82.14233,36.34751],[-82.14331,36.34742]]},"properties":{"net":"out","o":7}},{"type":"Feature","geometry":{"type":"LineString","coordinates":[[-82.14212,36.34698],[-82.14281,36.3467]]},"properties":{"net":"out","o":7}},{"type":"Feature","geometry":{"type":"LineString","coordinates":[[-82.13129,36.34743],[-82.13093,36.34766],[-82.13082,36.34784],[-82.13082,36.34874]]},"properties":{"net":"out","o":7}},{"type":"Feature","geometry":{"type":"LineString","coordinates":[[-82.08967,36.20269],[-82.09001,36.2031],[-82.09109,36.20319],[-82.09296,36.20287],[-82.09498,36.20296]]},"properties":{"net":"out","o":5}},{"type":"Feature","geometry":{"type":"LineString","coordinates":[[-82.04943,36.19285],[-82.05034,36.19318],[-82.05128,36.1938],[-82.05234,36.19382],[-82.05378,36.1942]]},"properties":{"net":"out","o":4}},{"type":"Feature","geometry":{"type":"LineString","coordinates":[[-82.06283,36.42171],[-82.06315,36.42153]]},"properties":{"net":"out","o":5}},{"type":"Feature","geometry":{"type":"LineString","coordinates":[[-82.06207,36.42058],[-82.06233,36.4209],[-82.06238,36.42139],[-82.06283,36.42171]]},"properties":{"net":"out","o":4}},{"type":"Feature","geometry":{"type":"LineString","coordinates":[[-82.06029,36.42509],[-82.06148,36.4248],[-82.06174,36.42464],[-82.06183,36.4244],[-82.0618,36.42366],[-82.06203,36.42288],[-82.06226,36.42244],[-82.06283,36.42171]]},"properties":{"net":"out","o":5}},{"type":"Feature","geometry":{"type":"LineString","coordinates":[[-81.97607,36.47157],[-81.97686,36.47079],[-81.97742,36.47049],[-81.97949,36.47017],[-81.97989,36.46996],[-81.98063,36.4698]]},"properties":{"net":"out","o":4}},{"type":"Feature","geometry":{"type":"LineString","coordinates":[[-82.03468,36.45521],[-82.0355,36.45424],[-82.03567,36.45372],[-82.03568,36.45334],[-82.03654,36.45265],[-82.03656,36.45248],[-82.03628,36.45201]]},"properties":{"net":"out","o":4}},{"type":"Feature","geometry":{"type":"LineString","coordinates":[[-81.99176,36.28075],[-81.99188,36.28109],[-81.99214,36.28141],[-81.99293,36.28201],[-81.99506,36.28302]]},"properties":{"net":"out","o":4}},{"type":"Feature","geometry":{"type":"LineString","coordinates":[[-81.98999,36.27672],[-81.99024,36.27701]]},"properties":{"net":"out","o":4}},{"type":"Feature","geometry":{"type":"LineString","coordinates":[[-81.98583,36.31341],[-81.98685,36.31429],[-81.98752,36.31437],[-81.98767,36.31453],[-81.98928,36.31469]]},"properties":{"net":"out","o":6}},{"type":"Feature","geometry":{"type":"LineString","coordinates":[[-81.95027,36.45442],[-81.94938,36.45376],[-81.94873,36.45276],[-81.94775,36.45161],[-81.94583,36.45048],[-81.9453,36.44972]]},"properties":{"net":"out","o":4}},{"type":"Feature","geometry":{"type":"LineString","coordinates":[[-81.93637,36.29143],[-81.93601,36.29167],[-81.93573,36.29171],[-81.93411,36.29134],[-81.93314,36.29123],[-81.93281,36.29129],[-81.93238,36.29161],[-81.93172,36.29247],[-81.93125,36.29331],[-81.93091,36.29362]]},"properties":{"net":"out","o":6}},{"type":"Feature","geometry":{"type":"LineString","coordinates":[[-81.94775,36.31679],[-81.94798,36.31678],[-81.94805,36.31686]]},"properties":{"net":"out","o":6}},{"type":"Feature","geometry":{"type":"LineString","coordinates":[[-81.94762,36.3841],[-81.94691,36.38391],[-81.94645,36.38364]]},"properties":{"net":"out","o":6}},{"type":"Feature","geometry":{"type":"LineString","coordinates":[[-81.89697,36.24278],[-81.89757,36.24411],[-81.89865,36.24528],[-81.90007,36.24864],[-81.90061,36.24886],[-81.90345,36.2493],[-81.90369,36.24946]]},"properties":{"net":"out","o":4}},{"type":"Feature","geometry":{"type":"LineString","coordinates":[[-81.93856,36.32288],[-81.93947,36.32238],[-81.93981,36.32227],[-81.93994,36.32232]]},"properties":{"net":"out","o":4}},{"type":"Feature","geometry":{"type":"LineString","coordinates":[[-81.93982,36.37409],[-81.94,36.37407],[-81.94046,36.3738],[-81.94068,36.37383],[-81.94145,36.37338],[-81.94198,36.37344],[-81.94397,36.3723],[-81.94428,36.37234],[-81.94633,36.37114],[-81.94855,36.37042]]},"properties":{"net":"out","o":7}},{"type":"Feature","geometry":{"type":"LineString","coordinates":[[-81.89351,36.26442],[-81.8938,36.26457],[-81.8941,36.26489],[-81.89429,36.26535],[-81.89435,36.26622],[-81.89429,36.26726],[-81.89452,36.26776],[-81.89523,36.26878],[-81.89541,36.26931],[-81.89507,36.27107],[-81.8952,36.2721],[-81.89548,36.27257],[-81.89631,36.27346],[-81.89658,36.27392]]},"properties":{"net":"out","o":6}},{"type":"Feature","geometry":{"type":"LineString","coordinates":[[-81.94061,36.42371],[-81.94136,36.42191]]},"properties":{"net":"out","o":5}},{"type":"Feature","geometry":{"type":"LineString","coordinates":[[-81.94188,36.44175],[-81.94169,36.44129]]},"properties":{"net":"out","o":5}},{"type":"Feature","geometry":{"type":"LineString","coordinates":[[-81.93138,36.42751],[-81.93194,36.42712],[-81.93311,36.4269],[-81.93389,36.42643],[-81.93434,36.4263],[-81.93457,36.42634],[-81.93512,36.42687],[-81.93569,36.42723]]},"properties":{"net":"out","o":5}},{"type":"Feature","geometry":{"type":"LineString","coordinates":[[-81.9093,36.43507],[-81.9099,36.4349],[-81.91146,36.43499]]},"properties":{"net":"out","o":5}},{"type":"Feature","geometry":{"type":"LineString","coordinates":[[-81.90846,36.44245],[-81.90775,36.44186],[-81.90698,36.44073],[-81.90607,36.4401],[-81.90605,36.43966],[-81.90588,36.43917],[-81.906,36.43857]]},"properties":{"net":"out","o":5}},{"type":"Feature","geometry":{"type":"LineString","coordinates":[[-81.91189,36.39075],[-81.91236,36.39045]]},"properties":{"net":"out","o":6}},{"type":"Feature","geometry":{"type":"LineString","coordinates":[[-81.89636,36.4506],[-81.89668,36.45001],[-81.89702,36.44971],[-81.89816,36.44907],[-81.89917,36.44897]]},"properties":{"net":"out","o":4}},{"type":"Feature","geometry":{"type":"LineString","coordinates":[[-81.83195,36.36645],[-81.83256,36.36709]]},"properties":{"net":"out","o":4}},{"type":"Feature","geometry":{"type":"LineString","coordinates":[[-81.86066,36.25925],[-81.85977,36.25974],[-81.85834,36.26033],[-81.85802,36.26054],[-81.85795,36.26076]]},"properties":{"net":"out","o":6}},{"type":"Feature","geometry":{"type":"LineString","coordinates":[[-81.85142,36.30487],[-81.85134,36.30348],[-81.85082,36.30262]]},"properties":{"net":"out","o":4}},{"type":"Feature","geometry":{"type":"LineString","coordinates":[[-81.83022,36.30226],[-81.83007,36.30176]]},"properties":{"net":"out","o":4}},{"type":"Feature","geometry":{"type":"LineString","coordinates":[[-81.84688,36.39784],[-81.8478,36.39574]]},"properties":{"net":"out","o":6}},{"type":"Feature","geometry":{"type":"LineString","coordinates":[[-81.8417,36.4026],[-81.84395,36.40077],[-81.84514,36.39945],[-81.8462,36.39886],[-81.84678,36.39803]]},"properties":{"net":"out","o":6}},{"type":"Feature","geometry":{"type":"LineString","coordinates":[[-81.83706,36.41508],[-81.83736,36.41463]]},"properties":{"net":"out","o":6}},{"type":"Feature","geometry":{"type":"LineString","coordinates":[[-81.79131,36.25363],[-81.79199,36.25376]]},"properties":{"net":"NC3251","o":5}},{"type":"Feature","geometry":{"type":"LineString","coordinates":[[-81.77658,36.26951],[-81.77685,36.26911],[-81.77721,36.269],[-81.77841,36.26954],[-81.77934,36.26933]]},"properties":{"net":"NC3251","o":5}},{"type":"Feature","geometry":{"type":"LineString","coordinates":[[-81.76577,36.30542],[-81.76604,36.30485],[-81.76693,36.30411]]},"properties":{"net":"NC3251","o":5}},{"type":"Feature","geometry":{"type":"LineString","coordinates":[[-81.76796,36.31427],[-81.7679,36.31384],[-81.76771,36.31354],[-81.76704,36.3129],[-81.76663,36.31228],[-81.76615,36.31107],[-81.7662,36.31037],[-81.76587,36.31008],[-81.76571,36.30957],[-81.76549,36.30935],[-81.76542,36.3089],[-81.76514,36.3083]]},"properties":{"net":"NC3251","o":5}},{"type":"Feature","geometry":{"type":"LineString","coordinates":[[-81.77739,36.42614],[-81.77948,36.42774]]},"properties":{"net":"out","o":4}},{"type":"Feature","geometry":{"type":"LineString","coordinates":[[-81.7726,36.42549],[-81.77284,36.42633],[-81.77332,36.42648],[-81.77514,36.42648],[-81.77697,36.42614],[-81.77739,36.42614]]},"properties":{"net":"out","o":4}},{"type":"Feature","geometry":{"type":"LineString","coordinates":[[-81.78617,36.26049],[-81.78617,36.25956],[-81.78739,36.25787]]},"properties":{"net":"NC3251","o":5}},{"type":"Feature","geometry":{"type":"LineString","coordinates":[[-81.7576,36.45301],[-81.75804,36.45261]]},"properties":{"net":"out","o":4}},{"type":"Feature","geometry":{"type":"LineString","coordinates":[[-81.74983,36.45794],[-81.75209,36.45668]]},"properties":{"net":"out","o":4}},{"type":"Feature","geometry":{"type":"LineString","coordinates":[[-81.77264,36.28011],[-81.77366,36.27949],[-81.77454,36.27847],[-81.77536,36.27803]]},"properties":{"net":"NC3251","o":5}},{"type":"Feature","geometry":{"type":"LineString","coordinates":[[-81.78047,36.33026],[-81.77963,36.32901],[-81.77966,36.32861],[-81.77945,36.32824],[-81.77832,36.32772],[-81.77709,36.32749]]},"properties":{"net":"NC3251","o":4}},{"type":"Feature","geometry":{"type":"LineString","coordinates":[[-82.43839,36.36347],[-82.43802,36.36369],[-82.43733,36.3639],[-82.43583,36.36477],[-82.43568,36.3654],[-82.43415,36.36674],[-82.43413,36.36683],[-82.4343,36.36699],[-82.43402,36.36738],[-82.43357,36.36736],[-82.43324,36.36718],[-82.43259,36.36752],[-82.43236,36.36807],[-82.43206,36.36845],[-82.4311,36.36928],[-82.43129,36.36984],[-82.43122,36.37026],[-82.43022,36.37076],[-82.43006,36.37098],[-82.42958,36.37121],[-82.42954,36.37142]]},"properties":{"net":"out","o":4}},{"type":"Feature","geometry":{"type":"LineString","coordinates":[[-82.42954,36.37142],[-82.42964,36.37182],[-82.4296,36.37197],[-82.42874,36.37239],[-82.42868,36.37255],[-82.42935,36.37311],[-82.42912,36.3736]]},"properties":{"net":"out","o":4}},{"type":"Feature","geometry":{"type":"LineString","coordinates":[[-82.38696,36.39247],[-82.38786,36.3939],[-82.38772,36.3962],[-82.38681,36.39814],[-82.38486,36.39928],[-82.38308,36.40007],[-82.38248,36.40102],[-82.38073,36.40232],[-82.37974,36.40328],[-82.37915,36.40425],[-82.37632,36.40566],[-82.37553,36.40682],[-82.37553,36.40761],[-82.37661,36.40827],[-82.37758,36.40861]]},"properties":{"net":"out","o":7}},{"type":"Feature","geometry":{"type":"LineString","coordinates":[[-82.3902,36.43187],[-82.39228,36.43183],[-82.39406,36.43136]]},"properties":{"net":"out","o":7}},{"type":"Feature","geometry":{"type":"LineString","coordinates":[[-82.36578,36.26288],[-82.36616,36.26341],[-82.36639,36.26421],[-82.36706,36.26493],[-82.36755,36.26579],[-82.36844,36.26659]]},"properties":{"net":"out","o":4}},{"type":"Feature","geometry":{"type":"LineString","coordinates":[[-82.29488,36.28045],[-82.29628,36.28133],[-82.29633,36.28144],[-82.29621,36.28176],[-82.29634,36.28193],[-82.29733,36.28222],[-82.2975,36.28254],[-82.29734,36.28338],[-82.29741,36.2835],[-82.29817,36.28369],[-82.29896,36.28431],[-82.29908,36.28465],[-82.29904,36.28575],[-82.29931,36.28683]]},"properties":{"net":"out","o":4}},{"type":"Feature","geometry":{"type":"LineString","coordinates":[[-82.29379,36.3039],[-82.29383,36.30426],[-82.29298,36.30552],[-82.29182,36.30614],[-82.29153,36.30646],[-82.29149,36.30676],[-82.29161,36.30708],[-82.29222,36.30779],[-82.29232,36.30808]]},"properties":{"net":"out","o":5}},{"type":"Feature","geometry":{"type":"LineString","coordinates":[[-82.29232,36.30808],[-82.29222,36.30852],[-82.29189,36.30888],[-82.29049,36.30919],[-82.28924,36.30986],[-82.28844,36.31067],[-82.28834,36.31108],[-82.28759,36.3122],[-82.28692,36.3122],[-82.28617,36.31244]]},"properties":{"net":"out","o":5}},{"type":"Feature","geometry":{"type":"LineString","coordinates":[[-82.29551,36.36445],[-82.29629,36.36642],[-82.29717,36.3676],[-82.29732,36.36801],[-82.29796,36.36889]]},"properties":{"net":"out","o":7}},{"type":"Feature","geometry":{"type":"LineString","coordinates":[[-82.15434,36.35592],[-82.15351,36.35646],[-82.15335,36.35684],[-82.15294,36.35716]]},"properties":{"net":"out","o":7}},{"type":"Feature","geometry":{"type":"LineString","coordinates":[[-82.15809,36.36736],[-82.15881,36.36715],[-82.15963,36.36714],[-82.15995,36.36736],[-82.16052,36.36746],[-82.1617,36.36796],[-82.16206,36.368],[-82.16241,36.36833],[-82.16332,36.3688],[-82.16382,36.36882],[-82.16395,36.36893]]},"properties":{"net":"out","o":7}},{"type":"Feature","geometry":{"type":"LineString","coordinates":[[-82.25574,36.34608],[-82.25592,36.34562],[-82.25626,36.34374]]},"properties":{"net":"out","o":7}},{"type":"Feature","geometry":{"type":"LineString","coordinates":[[-82.15518,36.2393],[-82.15505,36.23952],[-82.1545,36.23978],[-82.15348,36.2397],[-82.15309,36.2398],[-82.15163,36.24086],[-82.15028,36.24077],[-82.1496,36.24055],[-82.14952,36.24044]]},"properties":{"net":"out","o":5}},{"type":"Feature","geometry":{"type":"LineString","coordinates":[[-82.15254,36.28581],[-82.15296,36.28583],[-82.15368,36.28556],[-82.15405,36.28564]]},"properties":{"net":"out","o":4}},{"type":"Feature","geometry":{"type":"LineString","coordinates":[[-82.11374,36.39618],[-82.11411,36.39583],[-82.1146,36.39569],[-82.11646,36.39603],[-82.11723,36.39585],[-82.11867,36.39508],[-82.1194,36.3943]]},"properties":{"net":"out","o":5}},{"type":"Feature","geometry":{"type":"LineString","coordinates":[[-82.21203,36.21359],[-82.21166,36.21359],[-82.21151,36.21376],[-82.21154,36.21428],[-82.21142,36.21457],[-82.21151,36.21512],[-82.21135,36.21538],[-82.21059,36.21573],[-82.20988,36.21538],[-82.20941,36.21555],[-82.20866,36.21609],[-82.20802,36.21639],[-82.20612,36.21621],[-82.20493,36.21565],[-82.20422,36.21561],[-82.20369,36.21576],[-82.20355,36.21564],[-82.2036,36.21526]]},"properties":{"net":"out","o":4}},{"type":"Feature","geometry":{"type":"LineString","coordinates":[[-82.21285,36.34895],[-82.21405,36.35198],[-82.21569,36.35273],[-82.21655,36.35327],[-82.21754,36.35423],[-82.21901,36.3549],[-82.21962,36.3557],[-82.21969,36.35617],[-82.2205,36.35646]]},"properties":{"net":"out","o":6}},{"type":"Feature","geometry":{"type":"LineString","coordinates":[[-82.07169,36.19853],[-82.07281,36.19861]]},"properties":{"net":"out","o":5}},{"type":"Feature","geometry":{"type":"LineString","coordinates":[[-82.0667,36.1969],[-82.06673,36.19702]]},"properties":{"net":"out","o":4}},{"type":"Feature","geometry":{"type":"LineString","coordinates":[[-81.99965,36.46687],[-82.00104,36.46613],[-82.00235,36.46526],[-82.00263,36.4648]]},"properties":{"net":"out","o":4}},{"type":"Feature","geometry":{"type":"LineString","coordinates":[[-82.07699,36.41523],[-82.07818,36.41461],[-82.07861,36.41425],[-82.07894,36.41372],[-82.07916,36.41267]]},"properties":{"net":"out","o":5}},{"type":"Feature","geometry":{"type":"LineString","coordinates":[[-81.95457,36.31265],[-81.95636,36.31159],[-81.95654,36.31161],[-81.95695,36.31137],[-81.95717,36.3114],[-81.95737,36.31128],[-81.95828,36.31128],[-81.9606,36.31152],[-81.96111,36.31122],[-81.96204,36.31111],[-81.96253,36.31117],[-81.96293,36.31096],[-81.96343,36.31098],[-81.96401,36.31077],[-81.96437,36.31081],[-81.96595,36.31013],[-81.96666,36.31021],[-81.96758,36.30971]]},"properties":{"net":"out","o":6}},{"type":"Feature","geometry":{"type":"LineString","coordinates":[[-81.95147,36.41878],[-81.95193,36.41829],[-81.95277,36.41771],[-81.95376,36.41744],[-81.95557,36.41714]]},"properties":{"net":"out","o":6}},{"type":"Feature","geometry":{"type":"LineString","coordinates":[[-82.07256,36.41793],[-82.07336,36.41685],[-82.07391,36.41645],[-82.07464,36.41603],[-82.07608,36.41568]]},"properties":{"net":"out","o":5}},{"type":"Feature","geometry":{"type":"LineString","coordinates":[[-81.95523,36.36578],[-81.95856,36.36388],[-81.96013,36.3628]]},"properties":{"net":"out","o":7}},{"type":"Feature","geometry":{"type":"LineString","coordinates":[[-81.96826,36.38753],[-81.96833,36.38731]]},"properties":{"net":"out","o":6}},{"type":"Feature","geometry":{"type":"LineString","coordinates":[[-81.91512,36.28398],[-81.91664,36.28472],[-81.91737,36.28538],[-81.91783,36.28681],[-81.91855,36.28758],[-81.91938,36.2892],[-81.91998,36.28988]]},"properties":{"net":"out","o":6}},{"type":"Feature","geometry":{"type":"LineString","coordinates":[[-82.021,36.32966],[-82.02107,36.32974],[-82.02165,36.32981],[-82.02197,36.33003],[-82.02237,36.33011],[-82.02267,36.33043],[-82.02294,36.33047],[-82.02411,36.33172],[-82.02468,36.33208],[-82.02528,36.33229],[-82.02566,36.3327],[-82.02755,36.33278]]},"properties":{"net":"out","o":7}},{"type":"Feature","geometry":{"type":"LineString","coordinates":[[-82.01428,36.3345],[-82.01415,36.33445],[-82.014,36.334],[-82.01419,36.3325],[-82.01925,36.32953]]},"properties":{"net":"out","o":5}},{"type":"Feature","geometry":{"type":"LineString","coordinates":[[-82.02876,36.35263],[-82.02826,36.35167],[-82.02795,36.35134],[-82.02771,36.35117],[-82.02745,36.35114],[-82.02563,36.34919],[-82.02539,36.34899],[-82.02501,36.34883],[-82.02424,36.34787],[-82.02373,36.34767],[-82.02313,36.34724],[-82.0226,36.34667],[-82.02268,36.34621],[-82.02263,36.34599]]},"properties":{"net":"out","o":4}},{"type":"Feature","geometry":{"type":"LineString","coordinates":[[-81.99319,36.25803],[-81.99371,36.25863],[-81.99378,36.259],[-81.99365,36.25967],[-81.9931,36.26044],[-81.99289,36.26107],[-81.99304,36.2622],[-81.99319,36.26262],[-81.99371,36.26347],[-81.99563,36.2637],[-81.99613,36.2639],[-81.99628,36.26407],[-81.99625,36.26424],[-81.99608,36.2644],[-81.99513,36.26516],[-81.99488,36.26549],[-81.99483,36.26577],[-81.99498,36.26593],[-81.99619,36.26626],[-81.99646,36.26654]]},"properties":{"net":"out","o":4}},{"type":"Feature","geometry":{"type":"LineString","coordinates":[[-81.98822,36.27246],[-81.98836,36.27266],[-81.98903,36.27299],[-81.99083,36.27357],[-81.99133,36.27406],[-81.99248,36.27465]]},"properties":{"net":"out","o":4}},{"type":"Feature","geometry":{"type":"LineString","coordinates":[[-81.92592,36.33291],[-81.92633,36.3325],[-81.92702,36.33118],[-81.92718,36.33066],[-81.92714,36.33006],[-81.92781,36.32962]]},"properties":{"net":"out","o":4}},{"type":"Feature","geometry":{"type":"LineString","coordinates":[[-81.93181,36.3756],[-81.9322,36.37567],[-81.93295,36.37614]]},"properties":{"net":"out","o":6}},{"type":"Feature","geometry":{"type":"LineString","coordinates":[[-81.91236,36.39045],[-81.9153,36.38858],[-81.91687,36.38801],[-81.91834,36.38733]]},"properties":{"net":"out","o":6}},{"type":"Feature","geometry":{"type":"LineString","coordinates":[[-81.92864,36.43028],[-81.929,36.43011],[-81.92947,36.42966],[-81.93138,36.42751]]},"properties":{"net":"out","o":5}},{"type":"Feature","geometry":{"type":"LineString","coordinates":[[-81.97569,36.25082],[-81.97587,36.25129],[-81.97613,36.25158],[-81.9775,36.25203],[-81.97812,36.25214],[-81.97893,36.25194],[-81.98054,36.25131]]},"properties":{"net":"out","o":4}},{"type":"Feature","geometry":{"type":"LineString","coordinates":[[-81.97769,36.34505],[-81.98827,36.33879]]},"properties":{"net":"out","o":7}},{"type":"Feature","geometry":{"type":"LineString","coordinates":[[-81.948,36.17295],[-81.94852,36.17047],[-81.9488,36.17015],[-81.95095,36.16963],[-81.95182,36.16912],[-81.95259,36.16843],[-81.95297,36.16824],[-81.95478,36.1682]]},"properties":{"net":"out","o":4}},{"type":"Feature","geometry":{"type":"LineString","coordinates":[[-81.904,36.15415],[-81.90356,36.15442],[-81.90169,36.15483]]},"properties":{"net":"sm54745","o":2}},{"type":"Feature","geometry":{"type":"LineString","coordinates":[[-81.80985,36.25134],[-81.81041,36.25167],[-81.81066,36.25221],[-81.8116,36.25281],[-81.81244,36.25309],[-81.81336,36.25307],[-81.81384,36.25294],[-81.81427,36.25265],[-81.81469,36.25202]]},"properties":{"net":"NC3251","o":5}},{"type":"Feature","geometry":{"type":"LineString","coordinates":[[-81.85815,36.26807],[-81.8597,36.26863]]},"properties":{"net":"out","o":6}},{"type":"Feature","geometry":{"type":"LineString","coordinates":[[-81.86606,36.28086],[-81.86646,36.28062]]},"properties":{"net":"out","o":5}},{"type":"Feature","geometry":{"type":"LineString","coordinates":[[-81.8496,36.29951],[-81.84923,36.29855],[-81.84931,36.29746],[-81.84916,36.29671],[-81.84938,36.29598],[-81.84918,36.29513],[-81.84929,36.295],[-81.84981,36.29476],[-81.85143,36.29417]]},"properties":{"net":"out","o":4}},{"type":"Feature","geometry":{"type":"LineString","coordinates":[[-81.86109,36.37541],[-81.86363,36.3771]]},"properties":{"net":"out","o":4}},{"type":"Feature","geometry":{"type":"LineString","coordinates":[[-81.86014,36.36903],[-81.85997,36.36977],[-81.8601,36.37046],[-81.86009,36.37109],[-81.8598,36.37167]]},"properties":{"net":"out","o":4}},{"type":"Feature","geometry":{"type":"LineString","coordinates":[[-81.85711,36.38706],[-81.85773,36.38717],[-81.85911,36.38924],[-81.85926,36.38986],[-81.85918,36.39109],[-81.85936,36.39143],[-81.8593,36.39169],[-81.85904,36.39207],[-81.8592,36.3931],[-81.85913,36.39345]]},"properties":{"net":"out","o":4}},{"type":"Feature","geometry":{"type":"LineString","coordinates":[[-81.86255,36.46085],[-81.86275,36.46046],[-81.86333,36.45999],[-81.86411,36.45997],[-81.86459,36.45972],[-81.86507,36.45974],[-81.86546,36.45953],[-81.86652,36.45928]]},"properties":{"net":"out","o":4}},{"type":"Feature","geometry":{"type":"LineString","coordinates":[[-81.8066,36.25216],[-81.80735,36.25223],[-81.8089,36.25208],[-81.80918,36.25191],[-81.8096,36.25144],[-81.80985,36.25134]]},"properties":{"net":"NC3251","o":5}},{"type":"Feature","geometry":{"type":"LineString","coordinates":[[-81.83686,36.41535],[-81.83706,36.41508]]},"properties":{"net":"out","o":6}},{"type":"Feature","geometry":{"type":"LineString","coordinates":[[-81.83865,36.49046],[-81.83838,36.49047],[-81.8379,36.49075],[-81.83623,36.49046],[-81.83503,36.49043],[-81.83417,36.49053],[-81.83337,36.49033],[-81.83205,36.49021],[-81.82937,36.48941],[-81.8279,36.48932]]},"properties":{"net":"out","o":4}},{"type":"Feature","geometry":{"type":"LineString","coordinates":[[-81.7817,36.27949],[-81.78186,36.27949]]},"properties":{"net":"NC3251","o":5}},{"type":"Feature","geometry":{"type":"LineString","coordinates":[[-81.78816,36.21904],[-81.7889,36.22018],[-81.78877,36.22085],[-81.78836,36.22203],[-81.78858,36.22307],[-81.78921,36.2243],[-81.78958,36.2247],[-81.7903,36.22497],[-81.79079,36.22553],[-81.79058,36.22713],[-81.79031,36.22757]]},"properties":{"net":"NC3251","o":5}},{"type":"Feature","geometry":{"type":"LineString","coordinates":[[-81.78739,36.25787],[-81.78757,36.25761]]},"properties":{"net":"NC3251","o":5}},{"type":"Feature","geometry":{"type":"LineString","coordinates":[[-81.80008,36.44327],[-81.80074,36.4421],[-81.80131,36.44045]]},"properties":{"net":"out","o":5}},{"type":"Feature","geometry":{"type":"LineString","coordinates":[[-81.75819,36.38387],[-81.75844,36.38451],[-81.75846,36.38517],[-81.75833,36.3856],[-81.75856,36.38607],[-81.75858,36.38631],[-81.7582,36.38712],[-81.75784,36.38747],[-81.75769,36.38785]]},"properties":{"net":"out","o":4}},{"type":"Feature","geometry":{"type":"LineString","coordinates":[[-81.78404,36.26279],[-81.78446,36.26226],[-81.78556,36.26163]]},"properties":{"net":"NC3251","o":5}},{"type":"Feature","geometry":{"type":"LineString","coordinates":[[-81.77206,36.2692],[-81.77301,36.2689],[-81.77411,36.26922],[-81.77487,36.26923],[-81.77572,36.26948],[-81.77658,36.26951]]},"properties":{"net":"NC3251","o":4}},{"type":"Feature","geometry":{"type":"LineString","coordinates":[[-81.77921,36.27846],[-81.78058,36.27893],[-81.7813,36.27935]]},"properties":{"net":"NC3251","o":5}},{"type":"Feature","geometry":{"type":"LineString","coordinates":[[-81.76749,36.29981],[-81.76785,36.2995],[-81.76786,36.29928],[-81.76772,36.29904],[-81.76721,36.29864],[-81.76725,36.29846],[-81.76779,36.29762],[-81.76852,36.29705],[-81.76907,36.29624],[-81.76985,36.29541],[-81.76997,36.29436],[-81.77109,36.29392],[-81.77172,36.29283],[-81.77136,36.29193],[-81.77129,36.29126],[-81.77044,36.28931]]},"properties":{"net":"NC3251","o":5}},{"type":"Feature","geometry":{"type":"LineString","coordinates":[[-81.76756,36.30205],[-81.76784,36.30167]]},"properties":{"net":"NC3251","o":5}},{"type":"Feature","geometry":{"type":"LineString","coordinates":[[-81.78195,36.33586],[-81.78199,36.33465],[-81.78143,36.33274]]},"properties":{"net":"NC3251","o":4}},{"type":"Feature","geometry":{"type":"LineString","coordinates":[[-81.76692,36.3181],[-81.76706,36.31773]]},"properties":{"net":"NC3251","o":4}},{"type":"Feature","geometry":{"type":"LineString","coordinates":[[-81.76946,36.41978],[-81.76953,36.42069],[-81.76999,36.42124],[-81.7706,36.42229],[-81.77071,36.42267],[-81.7707,36.42321]]},"properties":{"net":"out","o":4}},{"type":"Feature","geometry":{"type":"LineString","coordinates":[[-81.7655,36.41106],[-81.76577,36.41161],[-81.76648,36.41229],[-81.76679,36.41293],[-81.76737,36.41332],[-81.76777,36.41378]]},"properties":{"net":"out","o":4}},{"type":"Feature","geometry":{"type":"LineString","coordinates":[[-81.76319,36.4373],[-81.76374,36.43781]]},"properties":{"net":"out","o":4}},{"type":"Feature","geometry":{"type":"LineString","coordinates":[[-81.74895,36.45935],[-81.74944,36.45841],[-81.74983,36.45794]]},"properties":{"net":"out","o":4}},{"type":"Feature","geometry":{"type":"LineString","coordinates":[[-81.88582,36.45475],[-81.88617,36.45479],[-81.88702,36.45453],[-81.88789,36.45465],[-81.88869,36.45441],[-81.88989,36.45433]]},"properties":{"net":"out","o":4}},{"type":"Feature","geometry":{"type":"LineString","coordinates":[[-81.88149,36.37984],[-81.88218,36.37985],[-81.88328,36.37959],[-81.88497,36.37881],[-81.88542,36.37839],[-81.88557,36.37805],[-81.885,36.37744],[-81.88503,36.37705],[-81.88524,36.37693],[-81.88645,36.37675],[-81.88794,36.37682],[-81.88821,36.37695]]},"properties":{"net":"out","o":6}},{"type":"Feature","geometry":{"type":"LineString","coordinates":[[-81.8812,36.45338],[-81.88264,36.45353],[-81.88438,36.45439],[-81.8855,36.45429],[-81.88565,36.45435],[-81.88582,36.45475]]},"properties":{"net":"out","o":4}},{"type":"Feature","geometry":{"type":"LineString","coordinates":[[-81.87573,36.45649],[-81.87592,36.45628],[-81.87686,36.45598],[-81.8771,36.45571],[-81.87719,36.45517],[-81.87746,36.45501],[-81.87783,36.45498],[-81.87848,36.45445],[-81.87907,36.45368],[-81.87939,36.4529]]},"properties":{"net":"out","o":4}},{"type":"Feature","geometry":{"type":"LineString","coordinates":[[-81.83853,36.25203],[-81.83921,36.25169],[-81.84056,36.25128],[-81.8411,36.2513],[-81.84229,36.25054],[-81.84293,36.25026],[-81.84356,36.25026]]},"properties":{"net":"out","o":6}},{"type":"Feature","geometry":{"type":"LineString","coordinates":[[-81.82614,36.23818],[-81.82683,36.23833],[-81.82717,36.2387],[-81.82746,36.23935],[-81.82783,36.23979],[-81.83051,36.24118]]},"properties":{"net":"NC3251","o":6}},{"type":"Feature","geometry":{"type":"LineString","coordinates":[[-81.83051,36.24118],[-81.83052,36.24119]]},"properties":{"net":"out","o":6}},{"type":"Feature","geometry":{"type":"LineString","coordinates":[[-81.83096,36.29155],[-81.8315,36.29144],[-81.83216,36.29115]]},"properties":{"net":"out","o":5}},{"type":"Feature","geometry":{"type":"LineString","coordinates":[[-81.81262,36.4919],[-81.81228,36.49171],[-81.81167,36.49176],[-81.81097,36.49144],[-81.81039,36.49095],[-81.80957,36.49001]]},"properties":{"net":"out","o":4}},{"type":"Feature","geometry":{"type":"LineString","coordinates":[[-81.82475,36.4186],[-81.8263,36.41783],[-81.8267,36.41772],[-81.82702,36.41774]]},"properties":{"net":"out","o":6}},{"type":"Feature","geometry":{"type":"LineString","coordinates":[[-81.80909,36.43165],[-81.80939,36.43146],[-81.80973,36.431],[-81.81054,36.43027]]},"properties":{"net":"out","o":5}},{"type":"Feature","geometry":{"type":"LineString","coordinates":[[-81.80262,36.42977],[-81.80316,36.42985],[-81.80408,36.42948],[-81.80571,36.42909],[-81.80651,36.42914],[-81.80684,36.42926],[-81.80722,36.43014],[-81.80763,36.4304],[-81.80835,36.43048],[-81.80983,36.43008],[-81.81025,36.43011],[-81.81054,36.43027]]},"properties":{"net":"out","o":5}},{"type":"Feature","geometry":{"type":"LineString","coordinates":[[-81.82748,36.48904],[-81.82719,36.48888],[-81.82659,36.48887],[-81.82598,36.48867],[-81.82559,36.48869]]},"properties":{"net":"out","o":4}},{"type":"Feature","geometry":{"type":"LineString","coordinates":[[-81.82196,36.50775],[-81.82163,36.50691],[-81.82169,36.50613],[-81.8209,36.50446]]},"properties":{"net":"out","o":4}},{"type":"Feature","geometry":{"type":"LineString","coordinates":[[-81.82071,36.40043],[-81.82084,36.4008],[-81.82074,36.40131],[-81.82084,36.40231],[-81.82103,36.40263],[-81.82149,36.403],[-81.82157,36.40321]]},"properties":{"net":"out","o":4}},{"type":"Feature","geometry":{"type":"LineString","coordinates":[[-81.81742,36.42639],[-81.8202,36.42462]]},"properties":{"net":"out","o":6}},{"type":"Feature","geometry":{"type":"LineString","coordinates":[[-81.81054,36.43027],[-81.81092,36.42973],[-81.8127,36.42789],[-81.81302,36.42704],[-81.81289,36.42582],[-81.81309,36.42543],[-81.81357,36.42504],[-81.81434,36.42475],[-81.81519,36.42483],[-81.81572,36.42515],[-81.81612,36.42576],[-81.81675,36.42624],[-81.81742,36.42639]]},"properties":{"net":"out","o":6}},{"type":"Feature","geometry":{"type":"LineString","coordinates":[[-81.81708,36.49739],[-81.81657,36.49706],[-81.81666,36.49635],[-81.81651,36.49573],[-81.81634,36.49546],[-81.8161,36.49511],[-81.81499,36.49411]]},"properties":{"net":"out","o":4}},{"type":"Feature","geometry":{"type":"LineString","coordinates":[[-81.75937,36.32681],[-81.75974,36.32611],[-81.76031,36.32558]]},"properties":{"net":"NC3251","o":4}},{"type":"Feature","geometry":{"type":"LineString","coordinates":[[-81.76572,36.36802],[-81.76525,36.36857],[-81.76457,36.36891],[-81.76387,36.37006],[-81.76301,36.3707],[-81.76215,36.37091],[-81.76039,36.37111],[-81.7601,36.37097],[-81.75946,36.37026]]},"properties":{"net":"out","o":4}},{"type":"Feature","geometry":{"type":"LineString","coordinates":[[-81.73741,36.20279],[-81.73695,36.20247],[-81.73698,36.20206],[-81.73786,36.20141],[-81.73799,36.20097],[-81.73843,36.20055]]},"properties":{"net":"NC3251","o":4}},{"type":"Feature","geometry":{"type":"LineString","coordinates":[[-82.32104,36.25729],[-82.31942,36.26057],[-82.31915,36.26075],[-82.31813,36.2607],[-82.31774,36.26078],[-82.31737,36.26105],[-82.31719,36.26133],[-82.31675,36.26296],[-82.31627,36.2636],[-82.31638,36.26402],[-82.31623,36.26473],[-82.31632,36.26515],[-82.31625,36.26547]]},"properties":{"net":"out","o":4}},{"type":"Feature","geometry":{"type":"LineString","coordinates":[[-82.31625,36.26547],[-82.31632,36.26585],[-82.31598,36.2664],[-82.31591,36.2673]]},"properties":{"net":"out","o":4}},{"type":"Feature","geometry":{"type":"LineString","coordinates":[[-82.33233,36.30807],[-82.33227,36.30821],[-82.33238,36.30867],[-82.33227,36.30892],[-82.33175,36.30941],[-82.33155,36.31006],[-82.32991,36.31145],[-82.32918,36.31227],[-82.32747,36.3129],[-82.32654,36.31312],[-82.32599,36.31354],[-82.32553,36.31367]]},"properties":{"net":"out","o":4}},{"type":"Feature","geometry":{"type":"LineString","coordinates":[[-82.33052,36.23338],[-82.33,36.23402],[-82.32862,36.23489]]},"properties":{"net":"out","o":4}},{"type":"Feature","geometry":{"type":"LineString","coordinates":[[-82.32419,36.24093],[-82.32365,36.24136],[-82.32311,36.24244],[-82.32317,36.24333]]},"properties":{"net":"out","o":4}},{"type":"Feature","geometry":{"type":"LineString","coordinates":[[-82.28289,36.31424],[-82.28234,36.31459],[-82.28189,36.31467]]},"properties":{"net":"out","o":5}},{"type":"Feature","geometry":{"type":"LineString","coordinates":[[-82.27771,36.2293],[-82.27747,36.22958],[-82.27664,36.23011],[-82.27634,36.23046],[-82.27566,36.23093],[-82.27539,36.23127]]},"properties":{"net":"out","o":4}},{"type":"Feature","geometry":{"type":"LineString","coordinates":[[-82.27067,36.23726],[-82.27032,36.23756],[-82.27053,36.23821],[-82.27005,36.23923],[-82.26992,36.23978],[-82.26955,36.24017],[-82.26887,36.24062],[-82.26819,36.24131],[-82.26798,36.24171]]},"properties":{"net":"out","o":4}},{"type":"Feature","geometry":{"type":"LineString","coordinates":[[-82.19394,36.31015],[-82.19365,36.31035],[-82.19359,36.31067],[-82.19353,36.31124],[-82.19365,36.31183],[-82.19354,36.31243],[-82.19328,36.31284],[-82.19308,36.31296]]},"properties":{"net":"out","o":6}},{"type":"Feature","geometry":{"type":"LineString","coordinates":[[-82.20423,36.20084],[-82.204,36.20098],[-82.20409,36.20128],[-82.20517,36.20222],[-82.20527,36.20257],[-82.20512,36.20271],[-82.20442,36.20296],[-82.20404,36.20343]]},"properties":{"net":"out","o":4}},{"type":"Feature","geometry":{"type":"LineString","coordinates":[[-82.19349,36.24415],[-82.19395,36.2442],[-82.19473,36.24452],[-82.19509,36.24502],[-82.19525,36.24554],[-82.19511,36.24599],[-82.19463,36.24682],[-82.19453,36.24721],[-82.19423,36.24752]]},"properties":{"net":"out","o":5}},{"type":"Feature","geometry":{"type":"LineString","coordinates":[[-82.19423,36.24752],[-82.19412,36.24761],[-82.19391,36.25011],[-82.19416,36.25118],[-82.19414,36.25244],[-82.19394,36.25266],[-82.19323,36.25286],[-82.19307,36.25304],[-82.19252,36.25391],[-82.19227,36.2549],[-82.1923,36.25534],[-82.1914,36.25607]]},"properties":{"net":"out","o":5}},{"type":"Feature","geometry":{"type":"LineString","coordinates":[[-82.24226,36.35571],[-82.24254,36.35482]]},"properties":{"net":"out","o":7}},{"type":"Feature","geometry":{"type":"LineString","coordinates":[[-82.23728,36.35761],[-82.23789,36.35771],[-82.238,36.35783],[-82.23862,36.3579],[-82.24018,36.35765]]},"properties":{"net":"out","o":7}},{"type":"Feature","geometry":{"type":"LineString","coordinates":[[-82.22638,36.3559],[-82.22957,36.35621],[-82.23073,36.35609],[-82.23198,36.3562],[-82.23258,36.35616],[-82.23424,36.35635]]},"properties":{"net":"out","o":7}},{"type":"Feature","geometry":{"type":"LineString","coordinates":[[-82.17494,36.29749],[-82.17498,36.29779],[-82.17525,36.29803],[-82.17558,36.29818],[-82.17626,36.29819],[-82.17736,36.29792],[-82.17925,36.2968]]},"properties":{"net":"out","o":6}},{"type":"Feature","geometry":{"type":"LineString","coordinates":[[-82.17813,36.35917],[-82.17837,36.35921],[-82.17853,36.35938]]},"properties":{"net":"out","o":7}},{"type":"Feature","geometry":{"type":"LineString","coordinates":[[-82.19094,36.236],[-82.19123,36.23678],[-82.19126,36.23727],[-82.19106,36.23782],[-82.19081,36.23817]]},"properties":{"net":"out","o":5}},{"type":"Feature","geometry":{"type":"LineString","coordinates":[[-82.1914,36.25607],[-82.19117,36.25626],[-82.19095,36.25673],[-82.19114,36.2575],[-82.19101,36.25795],[-82.18972,36.25913],[-82.18832,36.25997]]},"properties":{"net":"out","o":5}},{"type":"Feature","geometry":{"type":"LineString","coordinates":[[-82.17421,36.27257],[-82.17527,36.27375],[-82.17552,36.27426]]},"properties":{"net":"out","o":5}},{"type":"Feature","geometry":{"type":"LineString","coordinates":[[-82.17389,36.27251],[-82.17384,36.27272],[-82.17446,36.27323],[-82.17489,36.27384],[-82.17543,36.27428]]},"properties":{"net":"out","o":5}},{"type":"Feature","geometry":{"type":"LineString","coordinates":[[-82.17112,36.26478],[-82.17102,36.2648]]},"properties":{"net":"out","o":5}},{"type":"Feature","geometry":{"type":"LineString","coordinates":[[-82.17079,36.26406],[-82.17086,36.26398]]},"properties":{"net":"out","o":5}},{"type":"Feature","geometry":{"type":"LineString","coordinates":[[-82.17901,36.27761],[-82.17881,36.27773]]},"properties":{"net":"out","o":5}},{"type":"Feature","geometry":{"type":"LineString","coordinates":[[-82.17563,36.28931],[-82.17624,36.29017],[-82.17722,36.29126],[-82.17769,36.29204],[-82.17791,36.29221]]},"properties":{"net":"out","o":6}},{"type":"Feature","geometry":{"type":"LineString","coordinates":[[-82.14112,36.34722],[-82.14212,36.34698]]},"properties":{"net":"out","o":7}},{"type":"Feature","geometry":{"type":"LineString","coordinates":[[-82.11979,36.39347],[-82.12044,36.39263],[-82.12177,36.39191],[-82.12247,36.39112],[-82.12277,36.39091],[-82.12355,36.39045],[-82.12457,36.39009]]},"properties":{"net":"out","o":5}},{"type":"Feature","geometry":{"type":"LineString","coordinates":[[-82.13148,36.34747],[-82.13158,36.3477],[-82.13136,36.3489],[-82.13098,36.34918]]},"properties":{"net":"out","o":7}},{"type":"Feature","geometry":{"type":"LineString","coordinates":[[-82.12752,36.38906],[-82.12802,36.38856],[-82.12904,36.38707],[-82.12942,36.38692],[-82.12976,36.38657],[-82.1309,36.38586],[-82.13211,36.38479],[-82.13277,36.38438],[-82.13293,36.38407],[-82.13303,36.38349],[-82.13321,36.38334],[-82.13411,36.38345],[-82.13516,36.38331],[-82.13757,36.38248],[-82.13817,36.38218],[-82.13961,36.38108],[-82.1406,36.38063]]},"properties":{"net":"out","o":5}},{"type":"Feature","geometry":{"type":"LineString","coordinates":[[-82.12752,36.38906],[-82.12805,36.3891],[-82.12884,36.38954]]},"properties":{"net":"out","o":5}},{"type":"Feature","geometry":{"type":"LineString","coordinates":[[-82.07889,36.32584],[-82.08202,36.32614],[-82.08291,36.32577],[-82.08353,36.32585],[-82.08409,36.32551],[-82.08507,36.32563],[-82.0941,36.3203]]},"properties":{"net":"out","o":7}},{"type":"Feature","geometry":{"type":"LineString","coordinates":[[-82.09707,36.40209],[-82.09737,36.40212]]},"properties":{"net":"out","o":5}},{"type":"Feature","geometry":{"type":"LineString","coordinates":[[-82.0888,36.40791],[-82.08923,36.40756]]},"properties":{"net":"out","o":5}},{"type":"Feature","geometry":{"type":"LineString","coordinates":[[-82.08491,36.41154],[-82.08592,36.41094],[-82.08639,36.41005],[-82.08747,36.40923],[-82.0881,36.40849],[-82.0888,36.40791]]},"properties":{"net":"out","o":5}},{"type":"Feature","geometry":{"type":"LineString","coordinates":[[-82.0592,36.42752],[-82.05907,36.42683],[-82.05864,36.42636],[-82.05834,36.42577]]},"properties":{"net":"out","o":5}},{"type":"Feature","geometry":{"type":"LineString","coordinates":[[-82.0535,36.43398],[-82.05449,36.43344],[-82.05534,36.43262]]},"properties":{"net":"out","o":5}},{"type":"Feature","geometry":{"type":"LineString","coordinates":[[-82.01098,36.46227],[-82.01212,36.46164]]},"properties":{"net":"out","o":5}},{"type":"Feature","geometry":{"type":"LineString","coordinates":[[-81.96487,36.16835],[-81.96535,36.16877],[-81.96528,36.16913],[-81.96474,36.17011],[-81.96378,36.17111],[-81.96345,36.17165],[-81.96305,36.17309],[-81.96273,36.17359],[-81.96272,36.17403]]},"properties":{"net":"out","o":4}},{"type":"Feature","geometry":{"type":"LineString","coordinates":[[-81.96055,36.1777],[-81.96082,36.17795],[-81.96417,36.17824],[-81.96455,36.17839],[-81.9647,36.17855],[-81.96481,36.17896],[-81.96474,36.17979],[-81.96382,36.18083]]},"properties":{"net":"out","o":4}},{"type":"Feature","geometry":{"type":"LineString","coordinates":[[-81.93616,36.32361],[-81.93688,36.32328],[-81.93856,36.32288]]},"properties":{"net":"out","o":4}},{"type":"Feature","geometry":{"type":"LineString","coordinates":[[-81.93417,36.3249],[-81.93465,36.32444],[-81.93616,36.32361]]},"properties":{"net":"out","o":4}},{"type":"Feature","geometry":{"type":"LineString","coordinates":[[-81.92781,36.32962],[-81.93027,36.32838],[-81.93104,36.32771],[-81.93177,36.32755],[-81.93225,36.3268],[-81.93333,36.32617],[-81.93373,36.32541],[-81.93417,36.3249]]},"properties":{"net":"out","o":4}},{"type":"Feature","geometry":{"type":"LineString","coordinates":[[-81.93875,36.37527],[-81.93888,36.3752],[-81.93905,36.37454],[-81.93982,36.37409]]},"properties":{"net":"out","o":7}},{"type":"Feature","geometry":{"type":"LineString","coordinates":[[-81.9403,36.3771],[-81.9402,36.37691],[-81.94028,36.3767],[-81.94003,36.37638],[-81.93939,36.37566],[-81.93921,36.37564],[-81.93875,36.37527]]},"properties":{"net":"out","o":6}},{"type":"Feature","geometry":{"type":"LineString","coordinates":[[-81.93295,36.37614],[-81.93445,36.37626],[-81.93568,36.37554],[-81.93608,36.37559],[-81.93653,36.37535],[-81.93693,36.3754],[-81.93718,36.37529],[-81.93875,36.37527]]},"properties":{"net":"out","o":6}},{"type":"Feature","geometry":{"type":"LineString","coordinates":[[-81.94078,36.44968],[-81.94123,36.44883],[-81.9413,36.4483],[-81.94187,36.44793],[-81.94192,36.44724],[-81.94267,36.44632],[-81.9427,36.44569]]},"properties":{"net":"out","o":4}},{"type":"Feature","geometry":{"type":"LineString","coordinates":[[-81.89649,36.37413],[-81.89689,36.37423],[-81.89712,36.37444],[-81.89713,36.37516],[-81.89672,36.37562],[-81.89619,36.37603],[-81.896,36.37633],[-81.89588,36.37693],[-81.89648,36.37837],[-81.89704,36.37923]]},"properties":{"net":"out","o":6}},{"type":"Feature","geometry":{"type":"LineString","coordinates":[[-81.90304,36.25258],[-81.90258,36.25322],[-81.90221,36.2542],[-81.90199,36.25432],[-81.90166,36.25419],[-81.90142,36.25381],[-81.90119,36.25232],[-81.90104,36.25218],[-81.90076,36.25222],[-81.90038,36.25275],[-81.90019,36.25391],[-81.89951,36.2542],[-81.89769,36.25415],[-81.8972,36.25452],[-81.8966,36.25517],[-81.896,36.25617]]},"properties":{"net":"out","o":4}},{"type":"Feature","geometry":{"type":"LineString","coordinates":[[-81.9442,36.42356],[-81.94441,36.42375]]},"properties":{"net":"out","o":6}},{"type":"Feature","geometry":{"type":"LineString","coordinates":[[-81.94035,36.4277],[-81.94044,36.42699],[-81.94099,36.42598],[-81.9411,36.42588],[-81.94177,36.4258],[-81.94206,36.42518],[-81.94258,36.42479],[-81.94258,36.42437],[-81.94271,36.42395],[-81.94321,36.42372],[-81.94396,36.42366],[-81.9442,36.42356]]},"properties":{"net":"out","o":5}},{"type":"Feature","geometry":{"type":"LineString","coordinates":[[-81.9027,36.39194],[-81.90422,36.39251],[-81.90433,36.39263]]},"properties":{"net":"out","o":6}},{"type":"Feature","geometry":{"type":"LineString","coordinates":[[-81.8993,36.38755],[-81.89878,36.38785],[-81.89858,36.38823],[-81.89848,36.38872],[-81.89859,36.38935],[-81.89899,36.38966]]},"properties":{"net":"out","o":6}},{"type":"Feature","geometry":{"type":"LineString","coordinates":[[-81.8913,36.26494],[-81.89263,36.2645],[-81.89351,36.26442]]},"properties":{"net":"out","o":6}},{"type":"Feature","geometry":{"type":"LineString","coordinates":[[-81.90906,36.28006],[-81.90955,36.28038]]},"properties":{"net":"out","o":6}},{"type":"Feature","geometry":{"type":"LineString","coordinates":[[-82.31596,36.3744],[-82.31661,36.37464],[-82.31733,36.37519],[-82.31885,36.3768]]},"properties":{"net":"out","o":7}},{"type":"Feature","geometry":{"type":"LineString","coordinates":[[-82.31563,36.37433],[-82.31596,36.3744]]},"properties":{"net":"out","o":7}},{"type":"Feature","geometry":{"type":"LineString","coordinates":[[-82.31704,36.3906],[-82.31752,36.39105],[-82.31882,36.39167],[-82.31926,36.39201],[-82.32087,36.39263],[-82.32237,36.39287],[-82.32307,36.39275]]},"properties":{"net":"out","o":7}},{"type":"Feature","geometry":{"type":"LineString","coordinates":[[-82.32227,36.24692],[-82.32148,36.24712],[-82.32097,36.24739],[-82.32075,36.24756],[-82.31989,36.24869]]},"properties":{"net":"out","o":4}},{"type":"Feature","geometry":{"type":"LineString","coordinates":[[-82.40251,36.39015],[-82.40138,36.39086],[-82.40114,36.39142],[-82.40083,36.39168],[-82.39931,36.39188],[-82.3984,36.39157],[-82.39804,36.39158],[-82.39681,36.39195]]},"properties":{"net":"out","o":4}},{"type":"Feature","geometry":{"type":"LineString","coordinates":[[-82.39681,36.39195],[-82.39597,36.39111]]},"properties":{"net":"out","o":4}},{"type":"Feature","geometry":{"type":"LineString","coordinates":[[-82.26766,36.24355],[-82.26775,36.24428],[-82.26774,36.24571],[-82.268,36.24644],[-82.26802,36.24722],[-82.26821,36.24764],[-82.26852,36.24796],[-82.2686,36.24812],[-82.26853,36.24821]]},"properties":{"net":"out","o":4}},{"type":"Feature","geometry":{"type":"LineString","coordinates":[[-82.25593,36.34284],[-82.25585,36.34251],[-82.2559,36.34223],[-82.25615,36.34185]]},"properties":{"net":"out","o":7}},{"type":"Feature","geometry":{"type":"LineString","coordinates":[[-82.19533,36.30044],[-82.19546,36.30053],[-82.19627,36.30055],[-82.19668,36.30082],[-82.19809,36.30278],[-82.19824,36.30316],[-82.19831,36.30357],[-82.19815,36.30442],[-82.19803,36.30458],[-82.19744,36.30484],[-82.19676,36.3048],[-82.19638,36.3049]]},"properties":{"net":"out","o":6}},{"type":"Feature","geometry":{"type":"LineString","coordinates":[[-82.20085,36.32902],[-82.20097,36.3291],[-82.20089,36.32975],[-82.20103,36.32998],[-82.20096,36.33062],[-82.20108,36.33096],[-82.20094,36.3317],[-82.20136,36.33215],[-82.20178,36.33306],[-82.20286,36.33463],[-82.20304,36.33512],[-82.2037,36.33595],[-82.2038,36.33618],[-82.20365,36.33674],[-82.20365,36.33725],[-82.2039,36.3376],[-82.20404,36.33809],[-82.20441,36.33853],[-82.20459,36.33902]]},"properties":{"net":"out","o":6}},{"type":"Feature","geometry":{"type":"LineString","coordinates":[[-82.1974,36.35806],[-82.19836,36.35757],[-82.19864,36.35753],[-82.19905,36.35729],[-82.20026,36.35685],[-82.20108,36.35637],[-82.20165,36.35622],[-82.20257,36.35567],[-82.20268,36.35511],[-82.20289,36.35498]]},"properties":{"net":"out","o":7}},{"type":"Feature","geometry":{"type":"LineString","coordinates":[[-82.15498,36.23869],[-82.15518,36.2393]]},"properties":{"net":"out","o":5}},{"type":"Feature","geometry":{"type":"LineString","coordinates":[[-82.1517,36.2833],[-82.15255,36.28356],[-82.15303,36.28393],[-82.1534,36.28462],[-82.15409,36.28552]]},"properties":{"net":"out","o":4}},{"type":"Feature","geometry":{"type":"LineString","coordinates":[[-82.15445,36.3553],[-82.15434,36.35592]]},"properties":{"net":"out","o":7}},{"type":"Feature","geometry":{"type":"LineString","coordinates":[[-82.15434,36.35592],[-82.1548,36.35599],[-82.15495,36.3562],[-82.15498,36.35708],[-82.15543,36.35883],[-82.15536,36.35955]]},"properties":{"net":"out","o":7}},{"type":"Feature","geometry":{"type":"LineString","coordinates":[[-82.15262,36.35856],[-82.15275,36.35955],[-82.15344,36.36028]]},"properties":{"net":"out","o":7}},{"type":"Feature","geometry":{"type":"LineString","coordinates":[[-82.15411,36.36375],[-82.15432,36.36363],[-82.15481,36.3637]]},"properties":{"net":"out","o":7}},{"type":"Feature","geometry":{"type":"LineString","coordinates":[[-82.10846,36.20912],[-82.10877,36.20913],[-82.10898,36.20926],[-82.11041,36.20961],[-82.11152,36.21021],[-82.1125,36.21058],[-82.11292,36.21026],[-82.11341,36.20935],[-82.11419,36.20882],[-82.11467,36.20888],[-82.11486,36.20908],[-82.11545,36.20933],[-82.11701,36.20952],[-82.11789,36.20918]]},"properties":{"net":"out","o":5}},{"type":"Feature","geometry":{"type":"LineString","coordinates":[[-82.10987,36.39705],[-82.11072,36.39637]]},"properties":{"net":"out","o":5}},{"type":"Feature","geometry":{"type":"LineString","coordinates":[[-82.21588,36.21575],[-82.21544,36.21539],[-82.21446,36.21491],[-82.21386,36.21444],[-82.21203,36.21359]]},"properties":{"net":"out","o":4}},{"type":"Feature","geometry":{"type":"LineString","coordinates":[[-82.04509,36.44191],[-82.04523,36.44099],[-82.04618,36.44008],[-82.04645,36.43949],[-82.04708,36.43885]]},"properties":{"net":"out","o":5}},{"type":"Feature","geometry":{"type":"LineString","coordinates":[[-82.04399,36.44573],[-82.04401,36.44535],[-82.04453,36.44495],[-82.04471,36.44419],[-82.04565,36.44318],[-82.04571,36.44276],[-82.04518,36.44234],[-82.04509,36.44191]]},"properties":{"net":"out","o":5}},{"type":"Feature","geometry":{"type":"LineString","coordinates":[[-82.04396,36.44652],[-82.04399,36.44573]]},"properties":{"net":"out","o":5}},{"type":"Feature","geometry":{"type":"LineString","coordinates":[[-82.04085,36.44976],[-82.04133,36.4496],[-82.04178,36.44922],[-82.04255,36.44898],[-82.04319,36.44863],[-82.04347,36.44821],[-82.04345,36.44746],[-82.04381,36.44717]]},"properties":{"net":"out","o":5}},{"type":"Feature","geometry":{"type":"LineString","coordinates":[[-82.04041,36.45022],[-82.04085,36.44976]]},"properties":{"net":"out","o":5}},{"type":"Feature","geometry":{"type":"LineString","coordinates":[[-82.04041,36.45022],[-82.04037,36.45008],[-82.0405,36.44984],[-82.04068,36.44972],[-82.04085,36.44976]]},"properties":{"net":"out","o":5}},{"type":"Feature","geometry":{"type":"LineString","coordinates":[[-82.00023,36.47227],[-82.00136,36.47109],[-82.00206,36.47015],[-82.00235,36.46908],[-82.00252,36.46786]]},"properties":{"net":"out","o":4}},{"type":"Feature","geometry":{"type":"LineString","coordinates":[[-82.06402,36.19528],[-82.0648,36.19543],[-82.06609,36.1954],[-82.06632,36.19547],[-82.06638,36.19568],[-82.06619,36.19591],[-82.06619,36.19609],[-82.06638,36.1967],[-82.06664,36.19693]]},"properties":{"net":"out","o":4}},{"type":"Feature","geometry":{"type":"LineString","coordinates":[[-82.00881,36.45661],[-82.00935,36.45691],[-82.00953,36.45725],[-82.00998,36.45755],[-82.01078,36.45768],[-82.01131,36.45793],[-82.01149,36.4584],[-82.01195,36.45858],[-82.01211,36.4589],[-82.01267,36.45892],[-82.01357,36.45939],[-82.01425,36.45961],[-82.0149,36.46006],[-82.01525,36.46047]]},"properties":{"net":"out","o":4}},{"type":"Feature","geometry":{"type":"LineString","coordinates":[[-82.07291,36.41684],[-82.07301,36.41647],[-82.07341,36.41592],[-82.07391,36.41561],[-82.07499,36.41519]]},"properties":{"net":"out","o":5}},{"type":"Feature","geometry":{"type":"LineString","coordinates":[[-82.06833,36.41992],[-82.06934,36.42015],[-82.0703,36.42021],[-82.07121,36.41993],[-82.07178,36.41963],[-82.07231,36.41907],[-82.07256,36.41793]]},"properties":{"net":"out","o":5}},{"type":"Feature","geometry":{"type":"LineString","coordinates":[[-81.96156,36.18858],[-81.96184,36.18898],[-81.96241,36.18911],[-81.96367,36.18916],[-81.96404,36.18934],[-81.96701,36.18973],[-81.96796,36.18974],[-81.96845,36.19052],[-81.96852,36.19089],[-81.96877,36.19102],[-81.96896,36.19097],[-81.96928,36.19069],[-81.9706,36.18994],[-81.97058,36.18932],[-81.9704,36.18858],[-81.97019,36.18805],[-81.96978,36.18753],[-81.96985,36.18718],[-81.97018,36.18689],[-81.97037,36.18655],[-81.97113,36.18592],[-81.97158,36.18569],[-81.97194,36.18573],[-81.97317,36.18642],[-81.97353,36.18689],[-81.97366,36.18741],[-81.97411,36.18819],[-81.97424,36.18871],[-81.97412,36.18934],[-81.97386,36.18978],[-81.973,36.19069],[-81.9725,36.19109]]},"properties":{"net":"out","o":4}},{"type":"Feature","geometry":{"type":"LineString","coordinates":[[-81.9725,36.19109],[-81.97221,36.19132],[-81.97207,36.19232],[-81.97184,36.19258],[-81.97153,36.19326],[-81.97086,36.19391],[-81.97033,36.19478],[-81.97027,36.19561],[-81.96998,36.19597],[-81.96984,36.19671],[-81.96985,36.19736],[-81.96997,36.19746]]},"properties":{"net":"out","o":4}},{"type":"Feature","geometry":{"type":"LineString","coordinates":[[-82.36471,36.25138],[-82.36523,36.25197]]},"properties":{"net":"out","o":4}},{"type":"Feature","geometry":{"type":"LineString","coordinates":[[-82.3748,36.41844],[-82.37398,36.41902],[-82.37405,36.41963]]},"properties":{"net":"out","o":7}},{"type":"Feature","geometry":{"type":"LineString","coordinates":[[-82.34535,36.29794],[-82.34492,36.29825],[-82.34103,36.30202],[-82.33971,36.30259],[-82.33941,36.30266],[-82.33887,36.3026],[-82.33813,36.30294],[-82.33726,36.30308],[-82.33559,36.30423],[-82.33529,36.3045],[-82.33407,36.30656],[-82.33326,36.30716],[-82.33233,36.30807]]},"properties":{"net":"out","o":4}},{"type":"Feature","geometry":{"type":"LineString","coordinates":[[-82.29931,36.28683],[-82.2995,36.28713],[-82.29988,36.28746],[-82.30118,36.28833],[-82.30201,36.28867],[-82.30226,36.28893],[-82.30225,36.28916],[-82.30155,36.29012],[-82.30133,36.29058],[-82.30176,36.29075],[-82.30249,36.29081],[-82.30272,36.29138],[-82.30318,36.29189],[-82.30304,36.29235],[-82.30315,36.29279]]},"properties":{"net":"out","o":4}},{"type":"Feature","geometry":{"type":"LineString","coordinates":[[-82.29095,36.27536],[-82.29139,36.27591],[-82.29164,36.27665],[-82.29193,36.2769],[-82.29222,36.27699],[-82.2926,36.27763],[-82.29258,36.27784],[-82.29291,36.27805],[-82.29303,36.27843],[-82.29442,36.27951],[-82.29488,36.28045]]},"properties":{"net":"out","o":4}},{"type":"Feature","geometry":{"type":"LineString","coordinates":[[-82.29956,36.33673],[-82.29766,36.33821]]},"properties":{"net":"out","o":4}},{"type":"Feature","geometry":{"type":"LineString","coordinates":[[-82.26853,36.24821],[-82.26899,36.2485],[-82.27018,36.24859],[-82.27055,36.24878]]},"properties":{"net":"out","o":4}},{"type":"Feature","geometry":{"type":"LineString","coordinates":[[-81.85072,36.31444],[-81.85033,36.3139],[-81.8505,36.31297],[-81.85072,36.31267],[-81.85147,36.31214],[-81.85164,36.31153]]},"properties":{"net":"out","o":4}},{"type":"Feature","geometry":{"type":"LineString","coordinates":[[-81.87175,36.27315],[-81.87175,36.27281],[-81.87134,36.27206],[-81.87153,36.27168]]},"properties":{"net":"out","o":5}},{"type":"Feature","geometry":{"type":"LineString","coordinates":[[-81.86979,36.26949],[-81.8699,36.26948],[-81.87019,36.26976],[-81.8706,36.27071],[-81.87112,36.27131],[-81.87124,36.27144],[-81.87167,36.27152]]},"properties":{"net":"out","o":6}},{"type":"Feature","geometry":{"type":"LineString","coordinates":[[-81.86915,36.38565],[-81.86976,36.38546],[-81.87274,36.38507],[-81.87365,36.38467],[-81.87435,36.38454],[-81.87512,36.38424]]},"properties":{"net":"out","o":6}},{"type":"Feature","geometry":{"type":"LineString","coordinates":[[-81.86641,36.38295],[-81.86714,36.38337],[-81.86729,36.38378],[-81.8672,36.38401]]},"properties":{"net":"out","o":4}},{"type":"Feature","geometry":{"type":"LineString","coordinates":[[-81.85913,36.39345],[-81.86095,36.39324],[-81.86234,36.39292],[-81.86261,36.39284],[-81.86313,36.39244],[-81.86429,36.39123],[-81.86464,36.39071],[-81.86477,36.39015],[-81.86468,36.38862],[-81.86497,36.38796],[-81.86528,36.38765],[-81.86721,36.3866]]},"properties":{"net":"out","o":6}},{"type":"Feature","geometry":{"type":"LineString","coordinates":[[-81.82209,36.24616],[-81.82243,36.24564],[-81.82248,36.24532],[-81.8221,36.24303],[-81.82181,36.2425],[-81.82124,36.24207],[-81.82086,36.2416],[-81.82069,36.24086],[-81.82083,36.24003],[-81.82098,36.2398],[-81.82157,36.23946],[-81.82178,36.23874]]},"properties":{"net":"NC3251","o":5}},{"type":"Feature","geometry":{"type":"LineString","coordinates":[[-81.81726,36.25042],[-81.81752,36.25013],[-81.81765,36.24966]]},"properties":{"net":"NC3251","o":5}},{"type":"Feature","geometry":{"type":"LineString","coordinates":[[-81.82043,36.29241],[-81.82078,36.29275],[-81.82214,36.29296]]},"properties":{"net":"out","o":4}},{"type":"Feature","geometry":{"type":"LineString","coordinates":[[-81.79863,36.25157],[-81.80062,36.25032],[-81.80091,36.25026],[-81.80222,36.25058],[-81.80364,36.25115],[-81.80432,36.25119],[-81.80474,36.2517],[-81.80531,36.25202],[-81.80594,36.25215],[-81.8066,36.25216]]},"properties":{"net":"NC3251","o":5}},{"type":"Feature","geometry":{"type":"LineString","coordinates":[[-81.78931,36.25136],[-81.78951,36.25195],[-81.79004,36.2526],[-81.79057,36.25312],[-81.79131,36.25363]]},"properties":{"net":"NC3251","o":4}},{"type":"Feature","geometry":{"type":"LineString","coordinates":[[-81.82187,36.23864],[-81.82249,36.23872],[-81.82333,36.2386],[-81.8247,36.23858],[-81.82614,36.23818]]},"properties":{"net":"NC3251","o":6}},{"type":"Feature","geometry":{"type":"LineString","coordinates":[[-81.80808,36.25833],[-81.8084,36.25801],[-81.80883,36.25779],[-81.80893,36.25703],[-81.80939,36.2566]]},"properties":{"net":"NC3251","o":4}},{"type":"Feature","geometry":{"type":"LineString","coordinates":[[-81.82766,36.30057],[-81.82749,36.30036]]},"properties":{"net":"out","o":4}},{"type":"Feature","geometry":{"type":"LineString","coordinates":[[-81.82445,36.32604],[-81.82605,36.32491]]},"properties":{"net":"out","o":4}},{"type":"Feature","geometry":{"type":"LineString","coordinates":[[-81.80961,36.33473],[-81.81002,36.33456]]},"properties":{"net":"out","o":4}},{"type":"Feature","geometry":{"type":"LineString","coordinates":[[-81.80732,36.33627],[-81.80781,36.33593],[-81.80846,36.33579],[-81.80877,36.33564],[-81.80927,36.33522],[-81.80954,36.33484]]},"properties":{"net":"out","o":4}},{"type":"Feature","geometry":{"type":"LineString","coordinates":[[-81.78606,36.2167],[-81.78683,36.21672],[-81.78727,36.21702],[-81.78766,36.21808],[-81.78816,36.21904]]},"properties":{"net":"NC3251","o":5}},{"type":"Feature","geometry":{"type":"LineString","coordinates":[[-81.78556,36.43337],[-81.78672,36.43273],[-81.78729,36.4327],[-81.78782,36.43281],[-81.78809,36.43297],[-81.78852,36.43375],[-81.78888,36.4339],[-81.78936,36.43385],[-81.79013,36.43357],[-81.79068,36.43321],[-81.79093,36.43297],[-81.79148,36.4321],[-81.79201,36.43167],[-81.79254,36.43164],[-81.79474,36.43194],[-81.796,36.43186],[-81.79719,36.43205],[-81.79751,36.43196],[-81.79809,36.43154],[-81.79837,36.43144],[-81.79972,36.43135],[-81.80066,36.43114],[-81.80136,36.43074],[-81.80213,36.4299],[-81.80262,36.42977]]},"properties":{"net":"out","o":5}},{"type":"Feature","geometry":{"type":"LineString","coordinates":[[-81.79832,36.44602],[-81.79818,36.44566],[-81.79826,36.44542],[-81.79915,36.44446],[-81.79979,36.44352],[-81.80008,36.44327]]},"properties":{"net":"out","o":5}},{"type":"Feature","geometry":{"type":"LineString","coordinates":[[-81.80364,36.46839],[-81.80443,36.46757],[-81.80449,36.46715]]},"properties":{"net":"out","o":4}},{"type":"Feature","geometry":{"type":"LineString","coordinates":[[-81.80124,36.47633],[-81.8013,36.47543],[-81.80176,36.47473],[-81.80169,36.47381]]},"properties":{"net":"out","o":4}},{"type":"Feature","geometry":{"type":"LineString","coordinates":[[-81.80117,36.47706],[-81.80108,36.47677],[-81.80124,36.47633]]},"properties":{"net":"out","o":4}},{"type":"Feature","geometry":{"type":"LineString","coordinates":[[-81.76693,36.30411],[-81.76697,36.30384],[-81.76675,36.30308],[-81.76676,36.30281],[-81.76703,36.30236],[-81.76756,36.30205]]},"properties":{"net":"NC3251","o":5}},{"type":"Feature","geometry":{"type":"LineString","coordinates":[[-81.76756,36.36575],[-81.76703,36.36616],[-81.76671,36.36694],[-81.76572,36.36802]]},"properties":{"net":"out","o":4}},{"type":"Feature","geometry":{"type":"LineString","coordinates":[[-81.76666,36.43955],[-81.76705,36.43973],[-81.76722,36.44028],[-81.76738,36.44041],[-81.76817,36.44044],[-81.76839,36.44094],[-81.76892,36.4415],[-81.77006,36.4415]]},"properties":{"net":"out","o":4}},{"type":"Feature","geometry":{"type":"LineString","coordinates":[[-81.93316,36.30415],[-81.93323,36.30499],[-81.93372,36.30577],[-81.9337,36.30638],[-81.93378,36.30647]]},"properties":{"net":"out","o":6}},{"type":"Feature","geometry":{"type":"LineString","coordinates":[[-81.92242,36.3826],[-81.92324,36.38235]]},"properties":{"net":"out","o":6}},{"type":"Feature","geometry":{"type":"LineString","coordinates":[[-82.32724,36.39191],[-82.32868,36.39177],[-82.33061,36.39225]]},"properties":{"net":"out","o":7}},{"type":"Feature","geometry":{"type":"LineString","coordinates":[[-82.31513,36.38885],[-82.31519,36.38913],[-82.31553,36.38949],[-82.31604,36.38966]]},"properties":{"net":"out","o":7}},{"type":"Feature","geometry":{"type":"LineString","coordinates":[[-82.31766,36.38618],[-82.31685,36.38654],[-82.31581,36.38725],[-82.31522,36.38797],[-82.31504,36.38846],[-82.31513,36.38885]]},"properties":{"net":"out","o":7}},{"type":"Feature","geometry":{"type":"LineString","coordinates":[[-82.24018,36.35765],[-82.24189,36.35657],[-82.24192,36.35622]]},"properties":{"net":"out","o":7}},{"type":"Feature","geometry":{"type":"LineString","coordinates":[[-82.21671,36.3576],[-82.21769,36.35754],[-82.21894,36.35717],[-82.21986,36.35707],[-82.22058,36.3569],[-82.22095,36.35668]]},"properties":{"net":"out","o":7}},{"type":"Feature","geometry":{"type":"LineString","coordinates":[[-82.16395,36.36893],[-82.16444,36.36889],[-82.16519,36.36905],[-82.16625,36.36896],[-82.16725,36.36871],[-82.16759,36.36845]]},"properties":{"net":"out","o":7}},{"type":"Feature","geometry":{"type":"LineString","coordinates":[[-82.17086,36.26398],[-82.17105,36.26398],[-82.17144,36.26453],[-82.17112,36.26478]]},"properties":{"net":"out","o":5}},{"type":"Feature","geometry":{"type":"LineString","coordinates":[[-82.17881,36.27773],[-82.17904,36.27875]]},"properties":{"net":"out","o":6}},{"type":"Feature","geometry":{"type":"LineString","coordinates":[[-82.16242,36.28624],[-82.16277,36.28615],[-82.16485,36.28643],[-82.1654,36.28664],[-82.16589,36.28669],[-82.16732,36.28661],[-82.16882,36.28682],[-82.16932,36.2868],[-82.16985,36.2869],[-82.17101,36.28751],[-82.17154,36.2876],[-82.17258,36.28809],[-82.17291,36.28813]]},"properties":{"net":"out","o":4}},{"type":"Feature","geometry":{"type":"LineString","coordinates":[[-82.17937,36.35902],[-82.17953,36.35884],[-82.17943,36.35866],[-82.17943,36.35832]]},"properties":{"net":"out","o":7}},{"type":"Feature","geometry":{"type":"LineString","coordinates":[[-82.17853,36.35938],[-82.17937,36.35902]]},"properties":{"net":"out","o":7}},{"type":"Feature","geometry":{"type":"LineString","coordinates":[[-82.13158,36.21815],[-82.13279,36.21898],[-82.13409,36.22043]]},"properties":{"net":"out","o":5}},{"type":"Feature","geometry":{"type":"LineString","coordinates":[[-82.11784,36.21337],[-82.11882,36.21348],[-82.11967,36.21304],[-82.12105,36.2132],[-82.12198,36.21356],[-82.12403,36.21377],[-82.12446,36.21414],[-82.12444,36.21475],[-82.12414,36.21511],[-82.12363,36.21545],[-82.1235,36.21565],[-82.12353,36.21598],[-82.12376,36.21619],[-82.12455,36.21657],[-82.125,36.21666],[-82.12557,36.21655],[-82.12675,36.21579],[-82.12723,36.2157],[-82.1282,36.21585],[-82.12984,36.21664]]},"properties":{"net":"out","o":5}},{"type":"Feature","geometry":{"type":"LineString","coordinates":[[-82.1349,36.27479],[-82.13693,36.27737],[-82.13786,36.27834],[-82.13854,36.27874],[-82.13886,36.27857],[-82.13903,36.27818],[-82.13925,36.27808],[-82.13944,36.27813],[-82.13993,36.27849],[-82.14037,36.27908],[-82.14041,36.27925],[-82.14025,36.27964],[-82.13984,36.27983],[-82.13793,36.2799]]},"properties":{"net":"out","o":4}},{"type":"Feature","geometry":{"type":"LineString","coordinates":[[-82.14212,36.34698],[-82.14221,36.34735]]},"properties":{"net":"out","o":7}},{"type":"Feature","geometry":{"type":"LineString","coordinates":[[-82.08923,36.40756],[-82.0894,36.40732],[-82.08961,36.40653],[-82.08977,36.40626],[-82.09125,36.40508],[-82.09191,36.40395]]},"properties":{"net":"out","o":5}},{"type":"Feature","geometry":{"type":"LineString","coordinates":[[-82.08865,36.20127],[-82.08893,36.20139],[-82.08923,36.20171],[-82.08946,36.20242],[-82.08967,36.20269]]},"properties":{"net":"out","o":5}},{"type":"Feature","geometry":{"type":"LineString","coordinates":[[-82.01748,36.35166],[-82.01905,36.3508],[-82.01946,36.35009],[-82.01994,36.34968],[-82.02011,36.3493],[-82.02026,36.34921],[-82.0203,36.349],[-82.02072,36.34869],[-82.02092,36.34835],[-82.02123,36.34817],[-82.02126,36.34799],[-82.02141,36.3479],[-82.02145,36.34773],[-82.02168,36.34746],[-82.02247,36.34687],[-82.02263,36.34599]]},"properties":{"net":"out","o":4}},{"type":"Feature","geometry":{"type":"LineString","coordinates":[[-82.01177,36.33233],[-82.01396,36.33107],[-82.01476,36.33116],[-82.01788,36.32933],[-82.01925,36.32953]]},"properties":{"net":"out","o":7}},{"type":"Feature","geometry":{"type":"LineString","coordinates":[[-81.98895,36.27049],[-81.989,36.27055]]},"properties":{"net":"out","o":4}},{"type":"Feature","geometry":{"type":"LineString","coordinates":[[-81.989,36.27055],[-81.98863,36.27083],[-81.98821,36.27135],[-81.98814,36.27185],[-81.98822,36.27246]]},"properties":{"net":"out","o":4}},{"type":"Feature","geometry":{"type":"LineString","coordinates":[[-81.99385,36.31746],[-81.99519,36.31903],[-81.99529,36.31948],[-81.99548,36.31971],[-81.9955,36.32004],[-81.99573,36.32032],[-81.99568,36.32057],[-81.99598,36.32093],[-81.99593,36.32118],[-81.99623,36.32154],[-81.99621,36.32186],[-81.99642,36.32243],[-81.99642,36.32318],[-81.99628,36.32414],[-81.99636,36.32473],[-81.99614,36.32615]]},"properties":{"net":"out","o":6}},{"type":"Feature","geometry":{"type":"LineString","coordinates":[[-81.97617,36.34589],[-81.97769,36.34505]]},"properties":{"net":"out","o":7}},{"type":"Feature","geometry":{"type":"LineString","coordinates":[[-81.98664,36.46875],[-81.98758,36.46886],[-81.9902,36.46868],[-81.99282,36.46882]]},"properties":{"net":"out","o":4}},{"type":"Feature","geometry":{"type":"LineString","coordinates":[[-81.9429,36.42223],[-81.94348,36.42266],[-81.9442,36.42356]]},"properties":{"net":"out","o":5}},{"type":"Feature","geometry":{"type":"LineString","coordinates":[[-81.9402,36.43711],[-81.93974,36.43612]]},"properties":{"net":"out","o":5}},{"type":"Feature","geometry":{"type":"LineString","coordinates":[[-81.82373,36.29271],[-81.82389,36.29251],[-81.82436,36.29233],[-81.82656,36.29248],[-81.82671,36.29238],[-81.82679,36.29187],[-81.82693,36.29182],[-81.82725,36.29182],[-81.82789,36.29207],[-81.82886,36.29199],[-81.82963,36.29181]]},"properties":{"net":"out","o":5}},{"type":"Feature","geometry":{"type":"LineString","coordinates":[[-81.82946,36.43521],[-81.82918,36.43502]]},"properties":{"net":"out","o":4}},{"type":"Feature","geometry":{"type":"LineString","coordinates":[[-81.83371,36.25194],[-81.83467,36.25263],[-81.83537,36.25275],[-81.83589,36.25267]]},"properties":{"net":"out","o":6}},{"type":"Feature","geometry":{"type":"LineString","coordinates":[[-81.84358,36.29387],[-81.84362,36.29384]]},"properties":{"net":"out","o":5}},{"type":"Feature","geometry":{"type":"LineString","coordinates":[[-81.83031,36.30834],[-81.82992,36.3074],[-81.83009,36.30603],[-81.83029,36.30545]]},"properties":{"net":"out","o":4}},{"type":"Feature","geometry":{"type":"LineString","coordinates":[[-81.78367,36.26366],[-81.78374,36.2632],[-81.78404,36.26279]]},"properties":{"net":"NC3251","o":5}},{"type":"Feature","geometry":{"type":"LineString","coordinates":[[-81.80977,36.47128],[-81.80871,36.46968],[-81.80764,36.4694]]},"properties":{"net":"out","o":5}},{"type":"Feature","geometry":{"type":"LineString","coordinates":[[-81.78193,36.2778],[-81.78204,36.27675],[-81.78192,36.27637],[-81.78176,36.27624],[-81.78011,36.27597],[-81.77961,36.27535],[-81.77838,36.275],[-81.7779,36.27477],[-81.77752,36.27441],[-81.77663,36.2741],[-81.77598,36.2726],[-81.7763,36.27118]]},"properties":{"net":"NC3251","o":5}},{"type":"Feature","geometry":{"type":"LineString","coordinates":[[-81.77319,36.25554],[-81.77385,36.25594],[-81.77491,36.25605],[-81.77522,36.2558]]},"properties":{"net":"NC3251","o":4}},{"type":"Feature","geometry":{"type":"LineString","coordinates":[[-81.74709,36.16898],[-81.7465,36.16931],[-81.74619,36.16981],[-81.74575,36.17029],[-81.7455,36.17083],[-81.74574,36.17173],[-81.74607,36.17398],[-81.7461,36.17431],[-81.74599,36.1745],[-81.74544,36.17454],[-81.74405,36.17374],[-81.74332,36.17348],[-81.74222,36.17329],[-81.74199,36.17332],[-81.74194,36.17348],[-81.74242,36.17469],[-81.743,36.17539],[-81.74431,36.1762],[-81.74461,36.17628],[-81.74535,36.17626],[-81.74574,36.17657],[-81.74642,36.17776],[-81.74647,36.17852],[-81.74665,36.17906]]},"properties":{"net":"NC6242","o":4}},{"type":"Feature","geometry":{"type":"LineString","coordinates":[[-81.76061,36.3761],[-81.76052,36.37646],[-81.76074,36.37709],[-81.76074,36.37772]]},"properties":{"net":"out","o":4}},{"type":"Feature","geometry":{"type":"LineString","coordinates":[[-81.75963,36.37493],[-81.75949,36.37513],[-81.75962,36.37541],[-81.76039,36.37582],[-81.76061,36.3761]]},"properties":{"net":"out","o":4}},{"type":"Feature","geometry":{"type":"LineString","coordinates":[[-81.75917,36.4373],[-81.75936,36.43744],[-81.75967,36.43743],[-81.76023,36.43691],[-81.76051,36.43687],[-81.76101,36.43716],[-81.76124,36.43759],[-81.7616,36.43785],[-81.76185,36.43775],[-81.76226,36.43737],[-81.76271,36.43719],[-81.76319,36.4373]]},"properties":{"net":"out","o":4}},{"type":"Feature","geometry":{"type":"LineString","coordinates":[[-81.7558,36.19192],[-81.75642,36.19154],[-81.7567,36.19147],[-81.75731,36.19157]]},"properties":{"net":"NC3251","o":5}},{"type":"Feature","geometry":{"type":"LineString","coordinates":[[-81.74577,36.19472],[-81.74705,36.19497],[-81.74848,36.19481],[-81.74915,36.19489],[-81.74961,36.19513],[-81.75021,36.19506],[-81.75326,36.19286],[-81.75383,36.19271],[-81.75513,36.19207],[-81.7558,36.19192]]},"properties":{"net":"NC3251","o":5}},{"type":"Feature","geometry":{"type":"LineString","coordinates":[[-82.19898,36.21874],[-82.19923,36.21968],[-82.19913,36.21997],[-82.19915,36.22099],[-82.19894,36.22131]]},"properties":{"net":"out","o":5}},{"type":"Feature","geometry":{"type":"LineString","coordinates":[[-82.18677,36.23293],[-82.18701,36.23324],[-82.18837,36.23393],[-82.19094,36.236]]},"properties":{"net":"out","o":5}},{"type":"Feature","geometry":{"type":"LineString","coordinates":[[-82.04555,36.3306],[-82.04632,36.33061],[-82.04704,36.33041],[-82.04855,36.33059],[-82.04881,36.33044],[-82.05149,36.33072]]},"properties":{"net":"out","o":7}},{"type":"Feature","geometry":{"type":"LineString","coordinates":[[-81.95063,36.31695],[-81.9539,36.31502],[-81.95421,36.31336],[-81.95457,36.31265]]},"properties":{"net":"out","o":6}},{"type":"Feature","geometry":{"type":"LineString","coordinates":[[-81.93549,36.30797],[-81.93581,36.30797],[-81.93611,36.3083],[-81.93683,36.30838],[-81.93717,36.30871],[-81.93757,36.30876],[-81.9378,36.309],[-81.93854,36.30916],[-81.93881,36.30944],[-81.93926,36.30968],[-81.94063,36.30991],[-81.9412,36.30976]]},"properties":{"net":"out","o":6}},{"type":"Feature","geometry":{"type":"LineString","coordinates":[[-81.94409,36.38169],[-81.94403,36.38148],[-81.94341,36.3809],[-81.94313,36.38047],[-81.94255,36.37989],[-81.94198,36.37954]]},"properties":{"net":"out","o":6}},{"type":"Feature","geometry":{"type":"LineString","coordinates":[[-81.94198,36.37954],[-81.94117,36.37879],[-81.94074,36.37816],[-81.94078,36.37792],[-81.94049,36.37756],[-81.94053,36.37731],[-81.9403,36.3771]]},"properties":{"net":"out","o":6}},{"type":"Feature","geometry":{"type":"LineString","coordinates":[[-81.94645,36.38364],[-81.94599,36.38304],[-81.94515,36.38271],[-81.94409,36.38169]]},"properties":{"net":"out","o":6}},{"type":"Feature","geometry":{"type":"LineString","coordinates":[[-81.90965,36.1499],[-81.90813,36.15096],[-81.90745,36.15126],[-81.90484,36.15292],[-81.90442,36.15335],[-81.904,36.15415]]},"properties":{"net":"sm54745","o":1}},{"type":"Feature","geometry":{"type":"LineString","coordinates":[[-81.91196,36.39193],[-81.91202,36.39139],[-81.91223,36.39111],[-81.91236,36.39045]]},"properties":{"net":"out","o":6}},{"type":"Feature","geometry":{"type":"LineString","coordinates":[[-81.9051,36.39291],[-81.90836,36.39357],[-81.90897,36.39383]]},"properties":{"net":"out","o":6}},{"type":"Feature","geometry":{"type":"LineString","coordinates":[[-81.89481,36.42713],[-81.8947,36.42819]]},"properties":{"net":"out","o":4}},{"type":"Feature","geometry":{"type":"LineString","coordinates":[[-81.89922,36.45312],[-81.89903,36.45263],[-81.89915,36.45222],[-81.89864,36.45111]]},"properties":{"net":"out","o":4}},{"type":"Feature","geometry":{"type":"LineString","coordinates":[[-81.90369,36.24946],[-81.90359,36.25012]]},"properties":{"net":"out","o":4}},{"type":"Feature","geometry":{"type":"LineString","coordinates":[[-81.89688,36.26219],[-81.89629,36.26255],[-81.89457,36.26295],[-81.89405,36.26329],[-81.89366,36.26369],[-81.89346,36.26427]]},"properties":{"net":"out","o":4}},{"type":"Feature","geometry":{"type":"LineString","coordinates":[[-81.89346,36.26427],[-81.89351,36.26442]]},"properties":{"net":"out","o":4}},{"type":"Feature","geometry":{"type":"LineString","coordinates":[[-81.86642,36.26852],[-81.86839,36.26871],[-81.86905,36.26889]]},"properties":{"net":"out","o":6}},{"type":"Feature","geometry":{"type":"LineString","coordinates":[[-81.8571,36.26256],[-81.85691,36.26261]]},"properties":{"net":"out","o":6}},{"type":"Feature","geometry":{"type":"LineString","coordinates":[[-81.85691,36.26261],[-81.85668,36.26403]]},"properties":{"net":"out","o":6}},{"type":"Feature","geometry":{"type":"LineString","coordinates":[[-81.85174,36.30875],[-81.85193,36.30859],[-81.85201,36.30829],[-81.85096,36.30679],[-81.85089,36.30636],[-81.85095,36.30608]]},"properties":{"net":"out","o":4}},{"type":"Feature","geometry":{"type":"LineString","coordinates":[[-81.84856,36.25436],[-81.84953,36.25523],[-81.85005,36.25537],[-81.85106,36.25484],[-81.85219,36.25449]]},"properties":{"net":"out","o":6}},{"type":"Feature","geometry":{"type":"LineString","coordinates":[[-81.85345,36.28983],[-81.85309,36.28956],[-81.853,36.28935],[-81.85322,36.28835],[-81.85334,36.28819]]},"properties":{"net":"out","o":5}},{"type":"Feature","geometry":{"type":"LineString","coordinates":[[-81.76158,36.40755],[-81.76329,36.40873]]},"properties":{"net":"out","o":4}},{"type":"Feature","geometry":{"type":"LineString","coordinates":[[-82.15409,36.28552],[-82.15414,36.28561]]},"properties":{"net":"out","o":4}},{"type":"Feature","geometry":{"type":"LineString","coordinates":[[-81.9127,36.43446],[-81.91403,36.43459]]},"properties":{"net":"out","o":5}},{"type":"Feature","geometry":{"type":"LineString","coordinates":[[-81.82098,36.33052],[-81.82163,36.32986],[-81.82193,36.3291],[-81.82243,36.32868],[-81.82224,36.32812],[-81.82231,36.32785]]},"properties":{"net":"out","o":4}},{"type":"Feature","geometry":{"type":"LineString","coordinates":[[-81.96998,36.4069],[-81.96927,36.40592],[-81.96729,36.40514],[-81.96646,36.40459],[-81.96536,36.40279],[-81.96524,36.40233],[-81.9649,36.40168],[-81.9644,36.40124],[-81.96424,36.40082]]},"properties":{"net":"out","o":4}},{"type":"Feature","geometry":{"type":"LineString","coordinates":[[-81.86961,36.27528],[-81.87029,36.27433],[-81.87115,36.27372],[-81.87175,36.27315]]},"properties":{"net":"out","o":5}},{"type":"Feature","geometry":{"type":"LineString","coordinates":[[-81.83963,36.29317],[-81.84115,36.29377],[-81.84165,36.29388],[-81.84213,36.29436]]},"properties":{"net":"out","o":5}},{"type":"Feature","geometry":{"type":"LineString","coordinates":[[-82.27732,36.25475],[-82.2776,36.25497],[-82.2783,36.25587],[-82.27912,36.25646],[-82.27949,36.25724],[-82.28003,36.25761],[-82.28053,36.25842],[-82.28128,36.25905]]},"properties":{"net":"out","o":4}},{"type":"Feature","geometry":{"type":"LineString","coordinates":[[-82.17314,36.27183],[-82.17403,36.27237],[-82.17421,36.27257]]},"properties":{"net":"out","o":5}},{"type":"Feature","geometry":{"type":"LineString","coordinates":[[-81.98324,36.46891],[-81.98449,36.46849],[-81.985,36.46842],[-81.98546,36.46843],[-81.98664,36.46875]]},"properties":{"net":"out","o":4}},{"type":"Feature","geometry":{"type":"LineString","coordinates":[[-81.90433,36.39263],[-81.90487,36.39273],[-81.9051,36.39291]]},"properties":{"net":"out","o":6}},{"type":"Feature","geometry":{"type":"LineString","coordinates":[[-81.93606,36.28834],[-81.93628,36.2895],[-81.93619,36.29021],[-81.93637,36.29143]]},"properties":{"net":"out","o":6}},{"type":"Feature","geometry":{"type":"LineString","coordinates":[[-81.94262,36.44535],[-81.9429,36.4448],[-81.94257,36.44433],[-81.94259,36.44419],[-81.9421,36.44325],[-81.94193,36.44264],[-81.94188,36.44175]]},"properties":{"net":"out","o":5}},{"type":"Feature","geometry":{"type":"LineString","coordinates":[[-81.80957,36.49001],[-81.80917,36.48969],[-81.8091,36.48946]]},"properties":{"net":"out","o":5}},{"type":"Feature","geometry":{"type":"LineString","coordinates":[[-82.09218,36.40372],[-82.0931,36.40314],[-82.09385,36.40302],[-82.0943,36.40247],[-82.09472,36.4022],[-82.09551,36.4019],[-82.09707,36.40209]]},"properties":{"net":"out","o":5}},{"type":"Feature","geometry":{"type":"LineString","coordinates":[[-81.80131,36.44045],[-81.80139,36.44011],[-81.80108,36.43931],[-81.80135,36.43723],[-81.80128,36.43663],[-81.80156,36.43614],[-81.80369,36.43496],[-81.80419,36.43384],[-81.80448,36.43354],[-81.80515,36.43333],[-81.80595,36.43326],[-81.80722,36.43211],[-81.80863,36.43183],[-81.80909,36.43165]]},"properties":{"net":"out","o":5}},{"type":"Feature","geometry":{"type":"LineString","coordinates":[[-82.0941,36.3203],[-82.0982,36.32074],[-82.09845,36.32063],[-82.09877,36.32063],[-82.10193,36.31876],[-82.10261,36.3188]]},"properties":{"net":"out","o":7}},{"type":"Feature","geometry":{"type":"LineString","coordinates":[[-82.07291,36.41684],[-82.07372,36.41603],[-82.07455,36.41558],[-82.07625,36.41546]]},"properties":{"net":"out","o":5}},{"type":"Feature","geometry":{"type":"LineString","coordinates":[[-81.99849,36.30917],[-81.99845,36.30941],[-81.99799,36.30968],[-81.99796,36.30983],[-81.99004,36.31449],[-81.98965,36.31466],[-81.98928,36.31469]]},"properties":{"net":"out","o":4}},{"type":"Feature","geometry":{"type":"LineString","coordinates":[[-81.85808,36.25593],[-81.85864,36.25679],[-81.85928,36.25748]]},"properties":{"net":"out","o":6}},{"type":"Feature","geometry":{"type":"LineString","coordinates":[[-82.10722,36.20879],[-82.10813,36.20891],[-82.10843,36.20902],[-82.10846,36.20912]]},"properties":{"net":"out","o":5}},{"type":"Feature","geometry":{"type":"LineString","coordinates":[[-81.91146,36.43499],[-81.91198,36.43466],[-81.9127,36.43446]]},"properties":{"net":"out","o":5}},{"type":"Feature","geometry":{"type":"LineString","coordinates":[[-82.30523,36.3293],[-82.30488,36.32988],[-82.30438,36.3304],[-82.30393,36.33105],[-82.30397,36.33159],[-82.30372,36.332]]},"properties":{"net":"out","o":4}},{"type":"Feature","geometry":{"type":"LineString","coordinates":[[-81.96643,36.39196],[-81.96742,36.39115],[-81.96748,36.39046]]},"properties":{"net":"out","o":6}},{"type":"Feature","geometry":{"type":"LineString","coordinates":[[-82.33209,36.39262],[-82.33261,36.39275],[-82.3342,36.39424],[-82.33508,36.39625]]},"properties":{"net":"out","o":7}},{"type":"Feature","geometry":{"type":"LineString","coordinates":[[-81.8209,36.50446],[-81.82104,36.50313],[-81.82098,36.50262],[-81.82072,36.50204],[-81.81996,36.50113]]},"properties":{"net":"out","o":4}},{"type":"Feature","geometry":{"type":"LineString","coordinates":[[-81.86257,36.46133],[-81.86255,36.46085]]},"properties":{"net":"out","o":4}},{"type":"Feature","geometry":{"type":"LineString","coordinates":[[-81.77709,36.32749],[-81.77682,36.32731],[-81.77672,36.32656],[-81.77629,36.32615],[-81.77619,36.32572]]},"properties":{"net":"NC3251","o":4}},{"type":"Feature","geometry":{"type":"LineString","coordinates":[[-81.8299,36.3037],[-81.83022,36.30226]]},"properties":{"net":"out","o":4}},{"type":"Feature","geometry":{"type":"LineString","coordinates":[[-81.96917,36.19988],[-81.96939,36.20056],[-81.96925,36.20133],[-81.96855,36.20288],[-81.96859,36.20313],[-81.96939,36.20373],[-81.97166,36.20418],[-81.97218,36.20406],[-81.97356,36.2035],[-81.97465,36.20327],[-81.97491,36.20334]]},"properties":{"net":"out","o":4}},{"type":"Feature","geometry":{"type":"LineString","coordinates":[[-81.94805,36.31686],[-81.95005,36.31709],[-81.95063,36.31695]]},"properties":{"net":"out","o":6}},{"type":"Feature","geometry":{"type":"LineString","coordinates":[[-81.94169,36.44129],[-81.94101,36.44001],[-81.9409,36.43921],[-81.94062,36.43856],[-81.9398,36.43807]]},"properties":{"net":"out","o":5}},{"type":"Feature","geometry":{"type":"LineString","coordinates":[[-81.97108,36.21931],[-81.97118,36.2194],[-81.97121,36.21998],[-81.97134,36.22021]]},"properties":{"net":"out","o":4}},{"type":"Feature","geometry":{"type":"LineString","coordinates":[[-81.77338,36.43876],[-81.77359,36.43781],[-81.77357,36.43724],[-81.77368,36.43671],[-81.77398,36.43618],[-81.77412,36.43573],[-81.7744,36.43548],[-81.77535,36.43559],[-81.77571,36.43543],[-81.77588,36.43504],[-81.77594,36.43405]]},"properties":{"net":"out","o":5}},{"type":"Feature","geometry":{"type":"LineString","coordinates":[[-81.89719,36.38131],[-81.89732,36.3814],[-81.89727,36.38186],[-81.8974,36.38242],[-81.89781,36.3829],[-81.89863,36.38289],[-81.90029,36.38254],[-81.90179,36.38254],[-81.90235,36.38243],[-81.90285,36.38245],[-81.90315,36.38281],[-81.90305,36.38356],[-81.90309,36.38407],[-81.90297,36.3847],[-81.90246,36.38547],[-81.90178,36.38622],[-81.90102,36.38685],[-81.90031,36.38724],[-81.8993,36.38755]]},"properties":{"net":"out","o":6}},{"type":"Feature","geometry":{"type":"LineString","coordinates":[[-81.90116,36.28122],[-81.90244,36.28081]]},"properties":{"net":"out","o":6}},{"type":"Feature","geometry":{"type":"LineString","coordinates":[[-81.96854,36.35625],[-81.96869,36.35594],[-81.96884,36.35585],[-81.96899,36.35533]]},"properties":{"net":"out","o":7}},{"type":"Feature","geometry":{"type":"LineString","coordinates":[[-82.35996,36.38545],[-82.35899,36.38621],[-82.35724,36.38785],[-82.35688,36.38848]]},"properties":{"net":"out","o":4}},{"type":"Feature","geometry":{"type":"LineString","coordinates":[[-81.7582,36.4009],[-81.75836,36.40103],[-81.75836,36.40164],[-81.75885,36.40238]]},"properties":{"net":"out","o":4}},{"type":"Feature","geometry":{"type":"LineString","coordinates":[[-81.93282,36.29678],[-81.93377,36.29776],[-81.93407,36.29906],[-81.93396,36.2997],[-81.93381,36.29997],[-81.93363,36.30024],[-81.93326,36.30048],[-81.9331,36.30184]]},"properties":{"net":"out","o":6}},{"type":"Feature","geometry":{"type":"LineString","coordinates":[[-81.96382,36.18083],[-81.96377,36.18111],[-81.96312,36.1819],[-81.96302,36.18243],[-81.96242,36.18301],[-81.96237,36.18326],[-81.96249,36.18407],[-81.96308,36.18551],[-81.96297,36.18611],[-81.96236,36.18745],[-81.96156,36.18858]]},"properties":{"net":"out","o":4}},{"type":"Feature","geometry":{"type":"LineString","coordinates":[[-82.06054,36.42044],[-82.06117,36.42077],[-82.06207,36.42058]]},"properties":{"net":"out","o":4}},{"type":"Feature","geometry":{"type":"LineString","coordinates":[[-82.13148,36.34747],[-82.13129,36.34743]]},"properties":{"net":"out","o":7}},{"type":"Feature","geometry":{"type":"LineString","coordinates":[[-81.83052,36.24119],[-81.83057,36.24124]]},"properties":{"net":"out","o":6}},{"type":"Feature","geometry":{"type":"LineString","coordinates":[[-81.87375,36.45868],[-81.87429,36.45853],[-81.8746,36.45807],[-81.87472,36.45763],[-81.87502,36.45703],[-81.87561,36.45673],[-81.87573,36.45649]]},"properties":{"net":"out","o":4}},{"type":"Feature","geometry":{"type":"LineString","coordinates":[[-81.7703,36.2888],[-81.77029,36.28852],[-81.77041,36.28821]]},"properties":{"net":"NC3251","o":5}},{"type":"Feature","geometry":{"type":"LineString","coordinates":[[-81.93994,36.32232],[-81.94065,36.32216],[-81.94255,36.32101],[-81.94319,36.32076],[-81.944,36.32028],[-81.94433,36.31999],[-81.94545,36.31933],[-81.94698,36.31872],[-81.94825,36.318],[-81.94831,36.31743],[-81.94775,36.31679]]},"properties":{"net":"out","o":4}},{"type":"Feature","geometry":{"type":"LineString","coordinates":[[-81.76777,36.41378],[-81.76791,36.41426],[-81.76783,36.41525]]},"properties":{"net":"out","o":4}},{"type":"Feature","geometry":{"type":"LineString","coordinates":[[-81.85155,36.30937],[-81.85174,36.30875]]},"properties":{"net":"out","o":4}},{"type":"Feature","geometry":{"type":"LineString","coordinates":[[-81.99867,36.30771],[-81.99849,36.30917]]},"properties":{"net":"out","o":4}},{"type":"Feature","geometry":{"type":"LineString","coordinates":[[-82.26354,36.33664],[-82.26564,36.33376],[-82.26725,36.33239],[-82.26776,36.33209],[-82.26795,36.33181]]},"properties":{"net":"out","o":7}},{"type":"Feature","geometry":{"type":"LineString","coordinates":[[-81.93606,36.28834],[-81.93613,36.28829]]},"properties":{"net":"out","o":6}},{"type":"Feature","geometry":{"type":"LineString","coordinates":[[-81.8091,36.48946],[-81.80901,36.48918]]},"properties":{"net":"out","o":5}},{"type":"Feature","geometry":{"type":"LineString","coordinates":[[-82.17291,36.28813],[-82.17319,36.28811]]},"properties":{"net":"out","o":4}},{"type":"Feature","geometry":{"type":"LineString","coordinates":[[-81.8947,36.42819],[-81.89504,36.42914],[-81.89505,36.42981],[-81.89481,36.43075],[-81.89445,36.43128],[-81.89442,36.43182],[-81.89464,36.43216],[-81.89551,36.43257],[-81.89567,36.43319],[-81.89591,36.43355],[-81.89849,36.43606],[-81.89881,36.43834],[-81.89892,36.43863],[-81.89934,36.43902]]},"properties":{"net":"out","o":4}},{"type":"Feature","geometry":{"type":"LineString","coordinates":[[-81.83426,36.29154],[-81.83463,36.29157],[-81.83558,36.29125],[-81.83635,36.29111],[-81.83669,36.29133]]},"properties":{"net":"out","o":5}},{"type":"Feature","geometry":{"type":"LineString","coordinates":[[-81.85387,36.29077],[-81.85386,36.2905],[-81.85345,36.28983]]},"properties":{"net":"out","o":5}},{"type":"Feature","geometry":{"type":"LineString","coordinates":[[-81.83057,36.24124],[-81.83094,36.24161],[-81.83146,36.24246],[-81.83173,36.24293],[-81.8319,36.24349],[-81.8317,36.2448],[-81.8314,36.24563],[-81.83145,36.24583]]},"properties":{"net":"out","o":6}},{"type":"Feature","geometry":{"type":"LineString","coordinates":[[-82.15468,36.37592],[-82.15555,36.37493],[-82.1556,36.37468],[-82.15508,36.37404],[-82.155,36.37375],[-82.15531,36.37252],[-82.15551,36.37121],[-82.15612,36.37038],[-82.15639,36.37015],[-82.15678,36.36948],[-82.15684,36.36916],[-82.15669,36.36878],[-82.15605,36.36806],[-82.15601,36.36776]]},"properties":{"net":"out","o":5}},{"type":"Feature","geometry":{"type":"LineString","coordinates":[[-81.80391,36.24141],[-81.80566,36.24151],[-81.8064,36.24142],[-81.80778,36.24108],[-81.8101,36.24013],[-81.81131,36.23973],[-81.81273,36.23943],[-81.81327,36.23946],[-81.81394,36.23928],[-81.81462,36.23929],[-81.81521,36.23904],[-81.81589,36.23854],[-81.81663,36.23776],[-81.81725,36.2369],[-81.81775,36.23667],[-81.81892,36.2367]]},"properties":{"net":"NC3251","o":5}}]}