{"type":"FeatureCollection","features":[{"type":"Feature","geometry":{"type":"LineString","coordinates":[[-83.56791,35.22156],[-83.56916,35.22196],[-83.5703,35.22251],[-83.57147,35.22282],[-83.57288,35.22347],[-83.57315,35.22362],[-83.57386,35.22436],[-83.57439,35.22464],[-83.57727,35.22476],[-83.57794,35.22489],[-83.57811,35.22495],[-83.57839,35.22552],[-83.57859,35.22564],[-83.58005,35.22534],[-83.58062,35.22536],[-83.581,35.22553],[-83.58161,35.22611],[-83.58389,35.22693],[-83.58502,35.22748],[-83.58594,35.22753],[-83.58743,35.22729],[-83.58914,35.22732],[-83.59095,35.22721],[-83.59182,35.22749],[-83.59311,35.22751],[-83.59672,35.22861]]},"properties":{"net":"sm2849","o":1}},{"type":"Feature","geometry":{"type":"LineString","coordinates":[[-83.56591,35.04367],[-83.56615,35.04298],[-83.56678,35.04222],[-83.56757,35.04078],[-83.56805,35.04044],[-83.56883,35.04017]]},"properties":{"net":"sm2949","o":1}},{"type":"Feature","geometry":{"type":"LineString","coordinates":[[-83.56437,35.0791],[-83.56387,35.07969],[-83.56205,35.08108],[-83.56164,35.08171],[-83.56159,35.08207],[-83.56184,35.08248],[-83.56376,35.08344],[-83.56482,35.08439],[-83.56528,35.08517],[-83.56542,35.08606],[-83.56552,35.08624],[-83.5662,35.08706],[-83.56701,35.08769],[-83.56759,35.08854],[-83.5677,35.08894],[-83.56763,35.08996]]},"properties":{"net":"NC3035","o":1}},{"type":"Feature","geometry":{"type":"LineString","coordinates":[[-83.78842,35.45324],[-83.78843,35.45209],[-83.78822,35.45051],[-83.78822,35.44982]]},"properties":{"net":"out","o":4}},{"type":"Feature","geometry":{"type":"LineString","coordinates":[[-83.77401,35.444],[-83.77478,35.44418],[-83.7778,35.44521],[-83.78144,35.44694],[-83.78439,35.4482]]},"properties":{"net":"out","o":7}},{"type":"Feature","geometry":{"type":"LineString","coordinates":[[-83.7355,35.45834],[-83.73613,35.45795],[-83.73669,35.45744],[-83.74091,35.45571],[-83.7441,35.45421]]},"properties":{"net":"out","o":4}},{"type":"Feature","geometry":{"type":"LineString","coordinates":[[-83.72626,35.15051],[-83.72582,35.1514],[-83.72572,35.15275],[-83.72544,35.15361],[-83.7255,35.15457],[-83.72543,35.15494],[-83.72506,35.15584],[-83.72435,35.15651],[-83.72405,35.15734]]},"properties":{"net":"NC3035","o":1}},{"type":"Feature","geometry":{"type":"LineString","coordinates":[[-83.72405,35.15734],[-83.72411,35.15793],[-83.72401,35.15833],[-83.72286,35.15915],[-83.72235,35.16],[-83.72216,35.1607]]},"properties":{"net":"NC3035","o":2}},{"type":"Feature","geometry":{"type":"LineString","coordinates":[[-83.7125,35.48224],[-83.71336,35.48256],[-83.71403,35.48263],[-83.7144,35.48248],[-83.71481,35.48206]]},"properties":{"net":"out","o":4}},{"type":"Feature","geometry":{"type":"LineString","coordinates":[[-83.7143,35.47128],[-83.71477,35.4708],[-83.71604,35.47028],[-83.71838,35.47065],[-83.71877,35.47092],[-83.71911,35.47132],[-83.71928,35.47172],[-83.71934,35.47233],[-83.71948,35.47257],[-83.72171,35.47359],[-83.72353,35.47543],[-83.72421,35.47582],[-83.72479,35.47565],[-83.72504,35.4754],[-83.72522,35.4747],[-83.72503,35.474],[-83.72513,35.47378],[-83.72607,35.47351],[-83.72706,35.47358],[-83.72764,35.47374]]},"properties":{"net":"out","o":4}},{"type":"Feature","geometry":{"type":"LineString","coordinates":[[-83.771,35.48641],[-83.77164,35.48742],[-83.77173,35.48837],[-83.77193,35.4888],[-83.77217,35.48904],[-83.77303,35.48921],[-83.77348,35.48915],[-83.77399,35.48895],[-83.77421,35.48865],[-83.77421,35.48786]]},"properties":{"net":"out","o":4}},{"type":"Feature","geometry":{"type":"LineString","coordinates":[[-83.76913,35.49259],[-83.76956,35.49224],[-83.77015,35.49134],[-83.77061,35.49012],[-83.77045,35.49],[-83.76999,35.48997],[-83.769,35.49022],[-83.76854,35.49015],[-83.76738,35.48966],[-83.76669,35.48917]]},"properties":{"net":"out","o":4}},{"type":"Feature","geometry":{"type":"LineString","coordinates":[[-83.76032,35.51063],[-83.76104,35.5094],[-83.76119,35.50902],[-83.76122,35.50853],[-83.76114,35.50829],[-83.76011,35.50698],[-83.75996,35.50598],[-83.75961,35.50533],[-83.7592,35.50493],[-83.75911,35.50473],[-83.75918,35.50443],[-83.75909,35.50408],[-83.75943,35.5035],[-83.75964,35.50336],[-83.76103,35.50332],[-83.76266,35.50311],[-83.7627,35.50288],[-83.76257,35.5025],[-83.76274,35.50226],[-83.76303,35.50203],[-83.76448,35.50132],[-83.7648,35.50102],[-83.76485,35.50086],[-83.76475,35.50048],[-83.76458,35.50029],[-83.76391,35.50005],[-83.76358,35.50008],[-83.76201,35.49987],[-83.76149,35.49949],[-83.76118,35.49892],[-83.76117,35.49849],[-83.76149,35.4982],[-83.76175,35.4981],[-83.76216,35.49817],[-83.76333,35.49871],[-83.76353,35.49845],[-83.76349,35.49799]]},"properties":{"net":"out","o":4}},{"type":"Feature","geometry":{"type":"LineString","coordinates":[[-83.75261,35.4487],[-83.75418,35.44722],[-83.75625,35.44497],[-83.75763,35.44287],[-83.7583,35.44206]]},"properties":{"net":"out","o":4}},{"type":"Feature","geometry":{"type":"LineString","coordinates":[[-83.70423,35.17396],[-83.70277,35.17347],[-83.70094,35.17342]]},"properties":{"net":"NC3035","o":3}},{"type":"Feature","geometry":{"type":"LineString","coordinates":[[-83.69896,35.16201],[-83.69937,35.16282],[-83.6997,35.16381],[-83.6999,35.16523],[-83.69983,35.1657],[-83.69989,35.16619],[-83.69984,35.16737],[-83.70027,35.16843],[-83.70013,35.1699],[-83.70073,35.17161],[-83.70094,35.17342]]},"properties":{"net":"NC3035","o":2}},{"type":"Feature","geometry":{"type":"LineString","coordinates":[[-83.70094,35.17342],[-83.70049,35.17361],[-83.69998,35.17406],[-83.69965,35.1745],[-83.69915,35.17553],[-83.69826,35.17699],[-83.69758,35.17747]]},"properties":{"net":"NC3035","o":3}},{"type":"Feature","geometry":{"type":"LineString","coordinates":[[-83.62473,35.09463],[-83.62482,35.09493],[-83.62478,35.0953],[-83.62407,35.0966],[-83.62385,35.09784],[-83.62263,35.09979]]},"properties":{"net":"NC3035","o":3}},{"type":"Feature","geometry":{"type":"LineString","coordinates":[[-83.62975,35.09968],[-83.62928,35.09971],[-83.62858,35.09951],[-83.62349,35.10008],[-83.62294,35.09998],[-83.62263,35.09979]]},"properties":{"net":"NC3035","o":1}},{"type":"Feature","geometry":{"type":"LineString","coordinates":[[-83.65337,35.25382],[-83.65337,35.25434],[-83.6535,35.25454],[-83.65447,35.25529],[-83.65476,35.25594],[-83.65491,35.25676],[-83.6556,35.25727],[-83.65571,35.25761],[-83.65507,35.25885],[-83.65504,35.25913],[-83.65514,35.25928],[-83.65555,35.25958],[-83.65643,35.25962],[-83.65719,35.25988],[-83.6601,35.26132],[-83.66119,35.262],[-83.66355,35.26314]]},"properties":{"net":"out","o":5}},{"type":"Feature","geometry":{"type":"LineString","coordinates":[[-83.67104,35.28377],[-83.66923,35.28419],[-83.66865,35.28457]]},"properties":{"net":"out","o":5}},{"type":"Feature","geometry":{"type":"LineString","coordinates":[[-83.66851,35.28518],[-83.6683,35.28506]]},"properties":{"net":"out","o":5}},{"type":"Feature","geometry":{"type":"LineString","coordinates":[[-83.66721,35.28639],[-83.66712,35.28623]]},"properties":{"net":"out","o":5}},{"type":"Feature","geometry":{"type":"LineString","coordinates":[[-83.66198,35.29148],[-83.66186,35.29163]]},"properties":{"net":"out","o":5}},{"type":"Feature","geometry":{"type":"LineString","coordinates":[[-83.62182,35.10082],[-83.6217,35.10111],[-83.62173,35.10132],[-83.62231,35.10195],[-83.62272,35.10307],[-83.62355,35.10411],[-83.62457,35.1048],[-83.62466,35.10538],[-83.62523,35.10618],[-83.62527,35.10687],[-83.62556,35.10801],[-83.62641,35.10917],[-83.62644,35.11006],[-83.62662,35.11061],[-83.627,35.11113],[-83.62803,35.11205]]},"properties":{"net":"NC3035","o":3}},{"type":"Feature","geometry":{"type":"LineString","coordinates":[[-83.60876,35.11406],[-83.60921,35.11479],[-83.6098,35.11523],[-83.6108,35.11577],[-83.61106,35.11603],[-83.61123,35.1164],[-83.61123,35.11709],[-83.6115,35.11813],[-83.61179,35.11851],[-83.61248,35.11911],[-83.61298,35.1202],[-83.61414,35.12126],[-83.61447,35.1225],[-83.61476,35.12291]]},"properties":{"net":"NC3035","o":4}},{"type":"Feature","geometry":{"type":"LineString","coordinates":[[-83.61984,35.13852],[-83.6203,35.13773],[-83.62052,35.13648],[-83.62107,35.13551],[-83.62162,35.13517],[-83.62215,35.13436],[-83.62278,35.13396],[-83.62465,35.13424],[-83.62578,35.13418],[-83.6261,35.134],[-83.62647,35.13337],[-83.62675,35.1326],[-83.62671,35.13175],[-83.62656,35.1313]]},"properties":{"net":"NC3035","o":1}},{"type":"Feature","geometry":{"type":"LineString","coordinates":[[-83.64935,35.42708],[-83.65154,35.42663],[-83.65236,35.42673],[-83.65343,35.42707],[-83.65402,35.4275],[-83.65437,35.42793]]},"properties":{"net":"out","o":7}},{"type":"Feature","geometry":{"type":"LineString","coordinates":[[-83.62869,35.15672],[-83.62815,35.15721]]},"properties":{"net":"NC3035","o":1}},{"type":"Feature","geometry":{"type":"LineString","coordinates":[[-83.61216,35.15561],[-83.61339,35.15604],[-83.61527,35.15603],[-83.61617,35.15664],[-83.6175,35.15719],[-83.61909,35.15714],[-83.62112,35.1575]]},"properties":{"net":"NC3035","o":1}},{"type":"Feature","geometry":{"type":"LineString","coordinates":[[-83.61662,35.19591],[-83.61764,35.19579],[-83.61974,35.19575],[-83.62119,35.19557],[-83.62464,35.1943],[-83.62509,35.19401],[-83.62586,35.19386],[-83.62924,35.19261],[-83.62987,35.19169],[-83.63,35.19123],[-83.62953,35.18914],[-83.62949,35.18852]]},"properties":{"net":"NC3035","o":1}},{"type":"Feature","geometry":{"type":"LineString","coordinates":[[-83.64441,35.44257],[-83.64462,35.44237],[-83.64507,35.44088],[-83.64534,35.43951],[-83.64537,35.43835]]},"properties":{"net":"out","o":7}},{"type":"Feature","geometry":{"type":"LineString","coordinates":[[-83.64823,35.51251],[-83.64889,35.51225],[-83.64995,35.51229],[-83.65049,35.51215]]},"properties":{"net":"out","o":4}},{"type":"Feature","geometry":{"type":"LineString","coordinates":[[-83.64636,35.51342],[-83.64817,35.51252]]},"properties":{"net":"out","o":4}},{"type":"Feature","geometry":{"type":"LineString","coordinates":[[-83.61466,35.20233],[-83.6174,35.20417],[-83.61809,35.20453],[-83.61936,35.20498],[-83.61972,35.20535],[-83.62056,35.20661],[-83.62071,35.20727],[-83.62071,35.20782],[-83.6203,35.209],[-83.62046,35.21068],[-83.6207,35.2118],[-83.62118,35.21235],[-83.62138,35.21289],[-83.62078,35.21407],[-83.6207,35.21465],[-83.62039,35.21503]]},"properties":{"net":"NC3207","o":1}},{"type":"Feature","geometry":{"type":"LineString","coordinates":[[-83.62664,35.21529],[-83.62461,35.21431],[-83.62281,35.21404],[-83.6217,35.21451],[-83.62026,35.21535]]},"properties":{"net":"NC3207","o":1}},{"type":"Feature","geometry":{"type":"LineString","coordinates":[[-83.61375,35.20865],[-83.61414,35.20908],[-83.61478,35.20941],[-83.61568,35.21032],[-83.61619,35.21124],[-83.61647,35.21208],[-83.61692,35.21264],[-83.6174,35.21301],[-83.61876,35.2135],[-83.61993,35.21447],[-83.62039,35.21503]]},"properties":{"net":"NC3207","o":1}},{"type":"Feature","geometry":{"type":"LineString","coordinates":[[-83.67765,35.37963],[-83.67782,35.38066],[-83.67816,35.38137],[-83.67877,35.38181],[-83.67956,35.38193],[-83.67973,35.38206],[-83.6798,35.38235],[-83.67928,35.38315]]},"properties":{"net":"out","o":4}},{"type":"Feature","geometry":{"type":"LineString","coordinates":[[-83.69672,35.17763],[-83.69679,35.17811]]},"properties":{"net":"NC3035","o":1}},{"type":"Feature","geometry":{"type":"LineString","coordinates":[[-83.69338,35.18031],[-83.69262,35.18048],[-83.69083,35.18061]]},"properties":{"net":"NC3035","o":3}},{"type":"Feature","geometry":{"type":"LineString","coordinates":[[-83.6902,35.20282],[-83.68997,35.20133],[-83.69007,35.20065],[-83.69028,35.20025],[-83.68994,35.19986],[-83.68963,35.19916],[-83.68922,35.198],[-83.6892,35.1976],[-83.68878,35.19675],[-83.68843,35.19503],[-83.68808,35.19418],[-83.68761,35.19349],[-83.68704,35.19295],[-83.68683,35.1926],[-83.686,35.19201],[-83.68571,35.19151],[-83.68538,35.19126],[-83.68484,35.19106],[-83.68373,35.19098],[-83.68303,35.19126],[-83.68218,35.19134],[-83.68158,35.19161]]},"properties":{"net":"NC3035","o":1}},{"type":"Feature","geometry":{"type":"LineString","coordinates":[[-83.64064,35.07212],[-83.6401,35.07187],[-83.63966,35.07192],[-83.63943,35.07183],[-83.63895,35.07101],[-83.63808,35.07022],[-83.63778,35.06955],[-83.63628,35.06959],[-83.63544,35.06901],[-83.63459,35.06885]]},"properties":{"net":"NC3035","o":1}},{"type":"Feature","geometry":{"type":"LineString","coordinates":[[-83.64397,35.10125],[-83.64345,35.10011],[-83.64334,35.09927],[-83.64288,35.09838],[-83.64255,35.09824],[-83.6418,35.09814],[-83.64047,35.0976],[-83.63934,35.09751],[-83.63853,35.09691],[-83.6382,35.09631],[-83.63778,35.09598],[-83.63693,35.09542],[-83.63605,35.09503],[-83.63547,35.09424],[-83.63359,35.09295],[-83.63296,35.09262],[-83.632,35.09191],[-83.63126,35.09117],[-83.63063,35.09078]]},"properties":{"net":"NC3035","o":1}},{"type":"Feature","geometry":{"type":"LineString","coordinates":[[-83.63972,35.13782],[-83.64073,35.13862],[-83.64172,35.13896],[-83.64219,35.13881],[-83.64262,35.13852],[-83.64337,35.13737],[-83.64385,35.13709],[-83.64515,35.13682],[-83.64731,35.13609],[-83.64844,35.13518],[-83.64887,35.13495],[-83.64934,35.13487],[-83.64997,35.13498]]},"properties":{"net":"NC3035","o":4}},{"type":"Feature","geometry":{"type":"LineString","coordinates":[[-83.63808,35.13555],[-83.6384,35.13549]]},"properties":{"net":"NC3035","o":1}},{"type":"Feature","geometry":{"type":"LineString","coordinates":[[-83.65397,35.30199],[-83.65418,35.30245],[-83.65425,35.30316],[-83.65419,35.30346],[-83.65398,35.30372]]},"properties":{"net":"out","o":5}},{"type":"Feature","geometry":{"type":"LineString","coordinates":[[-83.64738,35.30786],[-83.64589,35.30875],[-83.64515,35.30976]]},"properties":{"net":"out","o":5}},{"type":"Feature","geometry":{"type":"LineString","coordinates":[[-83.63947,35.31455],[-83.63869,35.31579],[-83.63651,35.31775],[-83.63637,35.3182],[-83.63636,35.31937]]},"properties":{"net":"out","o":5}},{"type":"Feature","geometry":{"type":"LineString","coordinates":[[-83.63636,35.31937],[-83.63627,35.32003],[-83.636,35.32055]]},"properties":{"net":"out","o":5}},{"type":"Feature","geometry":{"type":"LineString","coordinates":[[-83.58126,35.20504],[-83.58181,35.20542],[-83.58253,35.2056],[-83.5829,35.2058],[-83.58421,35.20664],[-83.58654,35.2077],[-83.58744,35.20831],[-83.58854,35.20964],[-83.58928,35.21025],[-83.58954,35.21076],[-83.59031,35.21176],[-83.59131,35.21264],[-83.59178,35.21289],[-83.59239,35.21301],[-83.59333,35.21341],[-83.59436,35.2135],[-83.59484,35.21326],[-83.59547,35.21254],[-83.59677,35.2118],[-83.59811,35.21173]]},"properties":{"net":"sm2847","o":2}},{"type":"Feature","geometry":{"type":"LineString","coordinates":[[-83.63064,35.3249],[-83.63067,35.32577],[-83.63115,35.32679],[-83.63124,35.32734]]},"properties":{"net":"out","o":5}},{"type":"Feature","geometry":{"type":"LineString","coordinates":[[-83.5896,35.33441],[-83.5895,35.33462]]},"properties":{"net":"out","o":5}},{"type":"Feature","geometry":{"type":"LineString","coordinates":[[-83.5895,35.33462],[-83.588,35.33543],[-83.58767,35.33599],[-83.5875,35.33671],[-83.58711,35.33756],[-83.58573,35.33884],[-83.58503,35.33969],[-83.5844,35.34177],[-83.58386,35.34242],[-83.58301,35.34298]]},"properties":{"net":"out","o":5}},{"type":"Feature","geometry":{"type":"LineString","coordinates":[[-83.53749,35.05023],[-83.53708,35.05116],[-83.5374,35.05171],[-83.53751,35.05233],[-83.53779,35.05284],[-83.53827,35.05322],[-83.53907,35.05348],[-83.53977,35.05394],[-83.54091,35.0542],[-83.54158,35.05459]]},"properties":{"net":"NC3035","o":1}},{"type":"Feature","geometry":{"type":"LineString","coordinates":[[-83.58569,35.37542],[-83.58483,35.37554],[-83.58331,35.37598],[-83.5823,35.37611],[-83.58128,35.37608],[-83.58015,35.37627],[-83.57594,35.37863],[-83.57537,35.37867],[-83.57476,35.37844],[-83.57358,35.37846],[-83.57279,35.37822],[-83.57172,35.37826],[-83.5706,35.37845],[-83.57003,35.37843],[-83.56968,35.3783],[-83.56877,35.37847]]},"properties":{"net":"sm8796223","o":2}},{"type":"Feature","geometry":{"type":"LineString","coordinates":[[-83.58288,35.4348],[-83.58568,35.43599]]},"properties":{"net":"out","o":6}},{"type":"Feature","geometry":{"type":"LineString","coordinates":[[-83.68969,35.37064],[-83.68848,35.37057],[-83.68696,35.37113],[-83.68634,35.37089],[-83.68579,35.37052],[-83.68525,35.37078],[-83.6841,35.37102],[-83.68347,35.37137]]},"properties":{"net":"out","o":4}},{"type":"Feature","geometry":{"type":"LineString","coordinates":[[-83.62655,35.13118],[-83.62686,35.13115],[-83.62698,35.13098],[-83.62699,35.13044],[-83.62719,35.12997],[-83.6272,35.12953],[-83.62614,35.1286],[-83.6256,35.12761],[-83.62498,35.12695],[-83.62489,35.1265],[-83.62492,35.12534],[-83.62536,35.12487],[-83.62622,35.12461],[-83.62714,35.12457],[-83.62783,35.12476],[-83.62912,35.12539],[-83.6297,35.12557],[-83.63019,35.12559],[-83.63063,35.12557],[-83.63245,35.12511],[-83.63312,35.12463],[-83.63341,35.12428],[-83.63361,35.12355],[-83.63389,35.12188],[-83.63434,35.12139],[-83.63473,35.12127],[-83.63544,35.12138],[-83.63608,35.12183],[-83.63679,35.12274],[-83.63734,35.12365]]},"properties":{"net":"NC3035","o":4}},{"type":"Feature","geometry":{"type":"LineString","coordinates":[[-83.64715,35.14649],[-83.64796,35.14668],[-83.64918,35.14723],[-83.64946,35.14756],[-83.64957,35.14792],[-83.6495,35.14835],[-83.64843,35.14965],[-83.64821,35.15035],[-83.64796,35.15137],[-83.64808,35.15191],[-83.64837,35.1524],[-83.64907,35.15306],[-83.65183,35.15378],[-83.65298,35.15461]]},"properties":{"net":"NC3035","o":4}},{"type":"Feature","geometry":{"type":"LineString","coordinates":[[-83.64968,35.16758],[-83.6505,35.16754]]},"properties":{"net":"NC3035","o":2}},{"type":"Feature","geometry":{"type":"LineString","coordinates":[[-83.64379,35.19391],[-83.64422,35.19375],[-83.64558,35.19359],[-83.64996,35.19342],[-83.6524,35.19372]]},"properties":{"net":"NC3035","o":3}},{"type":"Feature","geometry":{"type":"LineString","coordinates":[[-83.63959,35.19217],[-83.64,35.19229],[-83.64212,35.19235],[-83.64249,35.19262],[-83.64278,35.19315],[-83.64379,35.19391]]},"properties":{"net":"NC3035","o":3}},{"type":"Feature","geometry":{"type":"LineString","coordinates":[[-83.55043,35.0579],[-83.54987,35.05829],[-83.54917,35.0585],[-83.54665,35.05833],[-83.54506,35.05848],[-83.54445,35.05873],[-83.54369,35.0594],[-83.54327,35.05944]]},"properties":{"net":"NC3035","o":2}},{"type":"Feature","geometry":{"type":"LineString","coordinates":[[-83.53585,35.06145],[-83.53625,35.06169],[-83.53803,35.06224],[-83.53988,35.063]]},"properties":{"net":"NC3035","o":1}},{"type":"Feature","geometry":{"type":"LineString","coordinates":[[-83.54171,35.13662],[-83.54099,35.13696],[-83.53978,35.13814]]},"properties":{"net":"NC6212","o":1}},{"type":"Feature","geometry":{"type":"LineString","coordinates":[[-83.54196,35.13048],[-83.54109,35.12995],[-83.53963,35.12952],[-83.53848,35.12899],[-83.53758,35.12879],[-83.53619,35.12813],[-83.53471,35.12698],[-83.53355,35.12572]]},"properties":{"net":"sm3010","o":1}},{"type":"Feature","geometry":{"type":"LineString","coordinates":[[-83.55485,35.28379],[-83.55356,35.28318],[-83.55268,35.28259],[-83.55117,35.2824],[-83.55009,35.28186],[-83.5495,35.28185],[-83.54897,35.28208],[-83.54877,35.28229],[-83.54857,35.28282],[-83.54843,35.28363],[-83.54828,35.28387],[-83.54732,35.28445],[-83.54659,35.28472],[-83.54605,35.28505],[-83.54586,35.28545],[-83.54551,35.2857],[-83.54497,35.28593],[-83.54446,35.28599]]},"properties":{"net":"sm3032","o":1}},{"type":"Feature","geometry":{"type":"LineString","coordinates":[[-83.60155,35.33165],[-83.6005,35.33138],[-83.59953,35.33134],[-83.59911,35.33169],[-83.59872,35.33259],[-83.59805,35.33324],[-83.59734,35.33356],[-83.59689,35.33361],[-83.59653,35.33355],[-83.59625,35.33335],[-83.59587,35.33275],[-83.59536,35.3323],[-83.59365,35.33164],[-83.59235,35.3315],[-83.59189,35.33155],[-83.59149,35.33176]]},"properties":{"net":"out","o":5}},{"type":"Feature","geometry":{"type":"LineString","coordinates":[[-83.59396,35.3658],[-83.59454,35.36535],[-83.59475,35.36501],[-83.59484,35.36447],[-83.59467,35.36401]]},"properties":{"net":"sm8796217","o":2}},{"type":"Feature","geometry":{"type":"LineString","coordinates":[[-83.53058,35.17141],[-83.53014,35.17108],[-83.52976,35.17055],[-83.53016,35.16899],[-83.53021,35.16856],[-83.53012,35.16826],[-83.52839,35.16615],[-83.52756,35.16495],[-83.52661,35.1639],[-83.52563,35.16307],[-83.52526,35.16288],[-83.52341,35.16242],[-83.52247,35.16237],[-83.52165,35.16245],[-83.52124,35.16205],[-83.5205,35.16192],[-83.52004,35.16164]]},"properties":{"net":"NC6212","o":2}},{"type":"Feature","geometry":{"type":"LineString","coordinates":[[-83.67269,35.12562],[-83.6724,35.12659],[-83.67235,35.1272],[-83.67253,35.12946],[-83.67268,35.12994],[-83.67237,35.13221]]},"properties":{"net":"NC3035","o":1}},{"type":"Feature","geometry":{"type":"LineString","coordinates":[[-83.65734,35.15191],[-83.65637,35.15249],[-83.6548,35.15262],[-83.65338,35.15389],[-83.65311,35.15425],[-83.65298,35.15461]]},"properties":{"net":"NC3035","o":3}},{"type":"Feature","geometry":{"type":"LineString","coordinates":[[-83.65117,35.19952],[-83.6512,35.19975]]},"properties":{"net":"NC3035","o":4}},{"type":"Feature","geometry":{"type":"LineString","coordinates":[[-83.6512,35.19975],[-83.65137,35.20026],[-83.65205,35.20153],[-83.65256,35.20195],[-83.65403,35.20239],[-83.65456,35.2023],[-83.65627,35.20169],[-83.65664,35.20175],[-83.65943,35.20332],[-83.65969,35.20355],[-83.65978,35.20379],[-83.65964,35.20404],[-83.65936,35.20418]]},"properties":{"net":"out","o":4}},{"type":"Feature","geometry":{"type":"LineString","coordinates":[[-83.62804,35.33298],[-83.62737,35.33358],[-83.62513,35.33422]]},"properties":{"net":"out","o":5}},{"type":"Feature","geometry":{"type":"LineString","coordinates":[[-83.65703,35.29768],[-83.65403,35.29975],[-83.65356,35.30024],[-83.65346,35.30074]]},"properties":{"net":"out","o":5}},{"type":"Feature","geometry":{"type":"LineString","coordinates":[[-83.57261,35.03248],[-83.57298,35.03313],[-83.57322,35.03425],[-83.57318,35.03468],[-83.57284,35.03528],[-83.57183,35.03612],[-83.57159,35.03653]]},"properties":{"net":"sm2949","o":1}},{"type":"Feature","geometry":{"type":"LineString","coordinates":[[-83.60527,35.42948],[-83.60832,35.42749],[-83.60919,35.42719],[-83.61046,35.42723]]},"properties":{"net":"out","o":7}},{"type":"Feature","geometry":{"type":"LineString","coordinates":[[-83.53671,35.37441],[-83.53815,35.37386],[-83.53914,35.3732],[-83.54015,35.37184],[-83.54097,35.37034],[-83.54134,35.37002],[-83.54193,35.36994],[-83.54257,35.36956],[-83.54269,35.36937],[-83.54264,35.36904],[-83.54282,35.36888],[-83.54372,35.36854],[-83.54432,35.36863],[-83.54474,35.36845],[-83.54516,35.36806]]},"properties":{"net":"sm8796222","o":1}},{"type":"Feature","geometry":{"type":"LineString","coordinates":[[-83.53982,35.39339],[-83.54213,35.39285]]},"properties":{"net":"out","o":4}},{"type":"Feature","geometry":{"type":"LineString","coordinates":[[-83.52923,35.37834],[-83.53058,35.37859]]},"properties":{"net":"out","o":6}},{"type":"Feature","geometry":{"type":"LineString","coordinates":[[-83.55296,35.34079],[-83.55258,35.34015],[-83.5522,35.33915],[-83.55136,35.33824],[-83.55106,35.33746],[-83.54855,35.336],[-83.54748,35.33556],[-83.54667,35.33491],[-83.54602,35.33452],[-83.54572,35.33416],[-83.54496,35.33371],[-83.54304,35.33317],[-83.54218,35.33242],[-83.54132,35.332],[-83.54099,35.33194],[-83.54027,35.33204]]},"properties":{"net":"sm3002","o":1}},{"type":"Feature","geometry":{"type":"LineString","coordinates":[[-83.5659,35.36584],[-83.56579,35.36579]]},"properties":{"net":"sm8796221","o":2}},{"type":"Feature","geometry":{"type":"LineString","coordinates":[[-83.55435,35.36362],[-83.55431,35.3646],[-83.5544,35.36471]]},"properties":{"net":"sm8796222","o":1}},{"type":"Feature","geometry":{"type":"LineString","coordinates":[[-83.59833,35.43252],[-83.6008,35.4323],[-83.60156,35.43197],[-83.604,35.43055],[-83.60527,35.42948]]},"properties":{"net":"out","o":7}},{"type":"Feature","geometry":{"type":"LineString","coordinates":[[-83.60104,35.22548],[-83.60174,35.22499],[-83.60275,35.22401],[-83.6041,35.22323]]},"properties":{"net":"sm2849","o":3}},{"type":"Feature","geometry":{"type":"LineString","coordinates":[[-83.6041,35.22323],[-83.60504,35.22285],[-83.60798,35.22242],[-83.60915,35.22238],[-83.60997,35.22262],[-83.61131,35.22253],[-83.61379,35.22399],[-83.61459,35.22515],[-83.6151,35.22565]]},"properties":{"net":"NC3207","o":3}},{"type":"Feature","geometry":{"type":"LineString","coordinates":[[-83.63218,35.22879],[-83.632,35.2288]]},"properties":{"net":"NC3207","o":1}},{"type":"Feature","geometry":{"type":"LineString","coordinates":[[-83.62513,35.33422],[-83.62387,35.33479],[-83.6231,35.33533],[-83.6209,35.33596]]},"properties":{"net":"out","o":5}},{"type":"Feature","geometry":{"type":"LineString","coordinates":[[-83.62679,35.23678],[-83.6265,35.23692],[-83.62642,35.23707],[-83.62646,35.23748],[-83.62661,35.23779],[-83.62743,35.23869],[-83.62917,35.24022],[-83.62999,35.24108],[-83.63055,35.24184],[-83.63059,35.24217],[-83.63052,35.24238],[-83.62939,35.24273],[-83.62921,35.2429],[-83.62905,35.24325],[-83.62892,35.24457],[-83.62973,35.24711]]},"properties":{"net":"out","o":4}},{"type":"Feature","geometry":{"type":"LineString","coordinates":[[-83.58538,35.04338],[-83.58428,35.04305],[-83.58342,35.0432],[-83.58275,35.0436],[-83.5818,35.04441],[-83.58066,35.04572]]},"properties":{"net":"sm2949","o":1}},{"type":"Feature","geometry":{"type":"LineString","coordinates":[[-83.56915,35.0479],[-83.57123,35.04794],[-83.57284,35.0477],[-83.57359,35.04782],[-83.57397,35.04778],[-83.57655,35.04719],[-83.57835,35.04651],[-83.57893,35.04655],[-83.58013,35.04683],[-83.5807,35.04674]]},"properties":{"net":"sm2949","o":1}},{"type":"Feature","geometry":{"type":"LineString","coordinates":[[-83.62982,35.37665],[-83.62934,35.37714]]},"properties":{"net":"out","o":4}},{"type":"Feature","geometry":{"type":"LineString","coordinates":[[-83.62348,35.39691],[-83.62309,35.39728]]},"properties":{"net":"out","o":4}},{"type":"Feature","geometry":{"type":"LineString","coordinates":[[-83.57641,35.0765],[-83.57606,35.07701],[-83.57596,35.07758],[-83.57564,35.0779],[-83.57544,35.07855],[-83.57456,35.07967]]},"properties":{"net":"NC3035","o":1}},{"type":"Feature","geometry":{"type":"LineString","coordinates":[[-83.57236,35.07474],[-83.5731,35.07722],[-83.57338,35.07762],[-83.57391,35.0781],[-83.57408,35.07912],[-83.57456,35.07967]]},"properties":{"net":"NC3035","o":1}},{"type":"Feature","geometry":{"type":"LineString","coordinates":[[-83.58346,35.10778],[-83.58368,35.10782]]},"properties":{"net":"NC3035","o":4}},{"type":"Feature","geometry":{"type":"LineString","coordinates":[[-83.55322,35.35703],[-83.55486,35.35769],[-83.55548,35.35826],[-83.55584,35.35885],[-83.55585,35.35967],[-83.55562,35.36018],[-83.55547,35.36088],[-83.55447,35.36236],[-83.55435,35.36362]]},"properties":{"net":"sm8796222","o":1}},{"type":"Feature","geometry":{"type":"LineString","coordinates":[[-83.55052,35.3648],[-83.5519,35.36461],[-83.55268,35.3647]]},"properties":{"net":"sm8796222","o":3}},{"type":"Feature","geometry":{"type":"LineString","coordinates":[[-83.59781,35.09778],[-83.5979,35.09843],[-83.59824,35.09919],[-83.59806,35.10012],[-83.59824,35.10088],[-83.59801,35.10196],[-83.59807,35.10307],[-83.59753,35.10448]]},"properties":{"net":"NC3035","o":1}},{"type":"Feature","geometry":{"type":"LineString","coordinates":[[-83.60867,35.11407],[-83.60876,35.11406]]},"properties":{"net":"NC3035","o":1}},{"type":"Feature","geometry":{"type":"LineString","coordinates":[[-83.587,35.10843],[-83.58801,35.10812],[-83.5886,35.10777],[-83.59006,35.10631],[-83.59036,35.10619],[-83.59158,35.10629],[-83.59289,35.10599],[-83.59353,35.1056],[-83.59488,35.10441],[-83.59548,35.10425]]},"properties":{"net":"NC3035","o":4}},{"type":"Feature","geometry":{"type":"LineString","coordinates":[[-83.56461,35.1873],[-83.56496,35.18806],[-83.56546,35.1897],[-83.56557,35.19049],[-83.56556,35.19098],[-83.56495,35.19303],[-83.56492,35.19394],[-83.5646,35.19466],[-83.56463,35.19504],[-83.56495,35.19553],[-83.56543,35.19589],[-83.56624,35.19627],[-83.56913,35.19679],[-83.57073,35.19741],[-83.57155,35.19763],[-83.57407,35.19795]]},"properties":{"net":"sm2847","o":1}},{"type":"Feature","geometry":{"type":"LineString","coordinates":[[-83.63208,35.52133],[-83.63258,35.52117],[-83.63348,35.51997],[-83.63414,35.51939]]},"properties":{"net":"out","o":4}},{"type":"Feature","geometry":{"type":"LineString","coordinates":[[-83.63094,35.52256],[-83.63115,35.52237],[-83.63144,35.5218],[-83.63208,35.52133]]},"properties":{"net":"out","o":4}},{"type":"Feature","geometry":{"type":"LineString","coordinates":[[-83.58596,35.23692],[-83.586,35.2366],[-83.58587,35.23593],[-83.58607,35.23567],[-83.58673,35.23552],[-83.58848,35.23561],[-83.58995,35.23502]]},"properties":{"net":"sm2849","o":3}},{"type":"Feature","geometry":{"type":"LineString","coordinates":[[-83.55015,35.09869],[-83.55112,35.09863],[-83.55162,35.09816],[-83.55213,35.09802],[-83.55251,35.09807],[-83.55343,35.0984],[-83.55366,35.09837]]},"properties":{"net":"NC3035","o":1}},{"type":"Feature","geometry":{"type":"LineString","coordinates":[[-83.55498,35.15969],[-83.5539,35.15982]]},"properties":{"net":"NC6212","o":2}},{"type":"Feature","geometry":{"type":"LineString","coordinates":[[-83.55796,35.15394],[-83.55721,35.15463],[-83.55583,35.15559],[-83.55538,35.15665],[-83.55416,35.15781],[-83.55394,35.15857],[-83.55401,35.15931],[-83.5539,35.15982]]},"properties":{"net":"NC6212","o":1}},{"type":"Feature","geometry":{"type":"LineString","coordinates":[[-83.55377,35.14939],[-83.553,35.14937],[-83.55174,35.14951],[-83.55068,35.15019],[-83.54997,35.15051],[-83.54774,35.15072],[-83.54741,35.15088]]},"properties":{"net":"NC6212","o":2}},{"type":"Feature","geometry":{"type":"LineString","coordinates":[[-83.56192,35.20127],[-83.56114,35.20175],[-83.56044,35.20183],[-83.55941,35.20232],[-83.55853,35.20255],[-83.55804,35.20279],[-83.55597,35.2032],[-83.5546,35.20427],[-83.55434,35.20458]]},"properties":{"net":"sm2965","o":1}},{"type":"Feature","geometry":{"type":"LineString","coordinates":[[-83.5945,35.20294],[-83.59526,35.20349],[-83.59577,35.20403],[-83.59613,35.20424],[-83.59665,35.20494],[-83.59668,35.20526],[-83.59645,35.20606],[-83.59651,35.20687],[-83.59667,35.20747],[-83.59739,35.20888],[-83.59814,35.20972],[-83.59857,35.21051],[-83.59857,35.21079],[-83.59838,35.21133],[-83.59811,35.21173]]},"properties":{"net":"sm2847","o":1}},{"type":"Feature","geometry":{"type":"LineString","coordinates":[[-83.50226,35.30279],[-83.50336,35.3032],[-83.50568,35.3038],[-83.50686,35.30364],[-83.50755,35.30329],[-83.50953,35.30322],[-83.51022,35.30305],[-83.51073,35.30267],[-83.51096,35.30235],[-83.51108,35.30186],[-83.51091,35.29952],[-83.51106,35.29895],[-83.51133,35.2985],[-83.51175,35.29812],[-83.51216,35.29805],[-83.5142,35.29844]]},"properties":{"net":"out","o":6}},{"type":"Feature","geometry":{"type":"LineString","coordinates":[[-83.52616,35.34287],[-83.52592,35.34317]]},"properties":{"net":"out","o":6}},{"type":"Feature","geometry":{"type":"LineString","coordinates":[[-83.51477,35.33179],[-83.51554,35.3322],[-83.51878,35.33352],[-83.52192,35.33456]]},"properties":{"net":"out","o":6}},{"type":"Feature","geometry":{"type":"LineString","coordinates":[[-83.49792,35.15329],[-83.49723,35.15346],[-83.49666,35.15389],[-83.49615,35.15443],[-83.49596,35.15519],[-83.49562,35.15579],[-83.49496,35.1563],[-83.49472,35.15635],[-83.49165,35.15582]]},"properties":{"net":"NC6212","o":1}},{"type":"Feature","geometry":{"type":"LineString","coordinates":[[-83.49812,35.16244],[-83.49805,35.16181],[-83.49757,35.16132],[-83.49717,35.16063],[-83.49482,35.15894],[-83.49388,35.15755],[-83.49311,35.15698],[-83.4921,35.15647],[-83.49165,35.15582]]},"properties":{"net":"NC6212","o":3}},{"type":"Feature","geometry":{"type":"LineString","coordinates":[[-83.47972,35.10338],[-83.47911,35.1039],[-83.47886,35.10524],[-83.47861,35.1056],[-83.47829,35.10576]]},"properties":{"net":"NC6212","o":3}},{"type":"Feature","geometry":{"type":"LineString","coordinates":[[-83.48285,35.13911],[-83.48317,35.13996],[-83.48341,35.14108],[-83.48334,35.14165],[-83.48294,35.14207]]},"properties":{"net":"NC6212","o":1}},{"type":"Feature","geometry":{"type":"LineString","coordinates":[[-83.47812,35.12423],[-83.47843,35.12435],[-83.47868,35.12475]]},"properties":{"net":"NC6212","o":4}},{"type":"Feature","geometry":{"type":"LineString","coordinates":[[-83.50957,35.08594],[-83.50736,35.08859],[-83.50681,35.08956],[-83.50584,35.09059],[-83.50505,35.09131],[-83.50417,35.09183],[-83.50341,35.09278],[-83.5021,35.09324],[-83.50137,35.09384]]},"properties":{"net":"NC6212","o":1}},{"type":"Feature","geometry":{"type":"LineString","coordinates":[[-83.5194,35.10245],[-83.51827,35.10211],[-83.51694,35.1021],[-83.51624,35.10178],[-83.51554,35.10172],[-83.51484,35.10151],[-83.51417,35.10162],[-83.51183,35.10133],[-83.51041,35.10184],[-83.50959,35.10162],[-83.50862,35.10155],[-83.50812,35.10134],[-83.5061,35.10132]]},"properties":{"net":"NC6212","o":1}},{"type":"Feature","geometry":{"type":"LineString","coordinates":[[-83.49627,35.11904],[-83.49551,35.12011],[-83.49565,35.12115],[-83.49547,35.12197],[-83.49513,35.12234],[-83.49481,35.12295],[-83.4934,35.12446],[-83.49255,35.12515],[-83.49199,35.12536],[-83.49165,35.12567],[-83.49107,35.12597],[-83.49029,35.12616],[-83.48892,35.12675],[-83.48816,35.12675],[-83.4875,35.12691],[-83.48728,35.12721],[-83.48717,35.12772],[-83.48664,35.12786],[-83.4858,35.12853],[-83.48534,35.1304],[-83.48492,35.13141],[-83.48463,35.13247]]},"properties":{"net":"NC6212","o":3}},{"type":"Feature","geometry":{"type":"LineString","coordinates":[[-83.50535,35.13181],[-83.50472,35.13187],[-83.50447,35.13209],[-83.50364,35.13216],[-83.50296,35.13242],[-83.50255,35.13232],[-83.50179,35.13242],[-83.5011,35.13296],[-83.50052,35.13293],[-83.50018,35.13333],[-83.4996,35.13363],[-83.49837,35.13341],[-83.49812,35.13343],[-83.49764,35.13368],[-83.49662,35.1336],[-83.49409,35.13441],[-83.49298,35.13433],[-83.49217,35.13484],[-83.49176,35.13495],[-83.48908,35.13487]]},"properties":{"net":"NC6212","o":3}},{"type":"Feature","geometry":{"type":"LineString","coordinates":[[-83.50872,35.27361],[-83.50862,35.27382],[-83.50859,35.27426],[-83.50877,35.27539],[-83.50786,35.27697],[-83.50791,35.27729],[-83.50824,35.27771],[-83.5083,35.27803],[-83.50772,35.27836],[-83.50759,35.27855],[-83.50755,35.27926],[-83.5073,35.27994]]},"properties":{"net":"out","o":4}},{"type":"Feature","geometry":{"type":"LineString","coordinates":[[-83.47797,35.27394],[-83.47828,35.27425],[-83.47856,35.2753],[-83.47903,35.27574],[-83.47968,35.27673],[-83.48031,35.2774],[-83.48032,35.27754],[-83.47991,35.27822],[-83.47996,35.27889],[-83.48115,35.27992],[-83.48151,35.28062],[-83.48208,35.28117],[-83.48217,35.28143],[-83.48206,35.28196],[-83.48249,35.28252]]},"properties":{"net":"out","o":4}},{"type":"Feature","geometry":{"type":"LineString","coordinates":[[-83.47366,35.2864],[-83.47507,35.28642],[-83.47596,35.28657],[-83.47664,35.2869],[-83.47893,35.28853],[-83.48,35.28875]]},"properties":{"net":"out","o":6}},{"type":"Feature","geometry":{"type":"LineString","coordinates":[[-83.46852,35.27597],[-83.469,35.27614],[-83.47029,35.2771],[-83.47194,35.28148],[-83.47193,35.28206],[-83.47138,35.28327],[-83.47116,35.28418]]},"properties":{"net":"out","o":6}},{"type":"Feature","geometry":{"type":"LineString","coordinates":[[-83.46815,35.27588],[-83.46852,35.27597]]},"properties":{"net":"out","o":6}},{"type":"Feature","geometry":{"type":"LineString","coordinates":[[-83.47536,35.34857],[-83.47633,35.34911],[-83.47751,35.34923],[-83.47875,35.3497],[-83.47998,35.34988],[-83.48078,35.35026]]},"properties":{"net":"sm3005","o":2}},{"type":"Feature","geometry":{"type":"LineString","coordinates":[[-83.49833,35.3645],[-83.49962,35.36456]]},"properties":{"net":"sm3004","o":3}},{"type":"Feature","geometry":{"type":"LineString","coordinates":[[-83.49088,35.39106],[-83.49065,35.39003],[-83.49072,35.38979],[-83.49092,35.38961],[-83.49223,35.389],[-83.4926,35.38874]]},"properties":{"net":"out","o":4}},{"type":"Feature","geometry":{"type":"LineString","coordinates":[[-83.51849,35.27257],[-83.51804,35.27247],[-83.51724,35.27248],[-83.5153,35.27285],[-83.51444,35.27289],[-83.51348,35.27267],[-83.51283,35.27221],[-83.51232,35.27222]]},"properties":{"net":"NC6243","o":4}},{"type":"Feature","geometry":{"type":"LineString","coordinates":[[-83.52214,35.02827],[-83.52092,35.02858],[-83.51941,35.02916],[-83.51833,35.0294],[-83.51755,35.02937],[-83.51676,35.02921],[-83.51578,35.02925],[-83.51396,35.02962],[-83.51325,35.02961],[-83.51268,35.0298]]},"properties":{"net":"NC3035","o":2}},{"type":"Feature","geometry":{"type":"LineString","coordinates":[[-83.5186,35.02167],[-83.51799,35.0222],[-83.51627,35.0233],[-83.51555,35.02432],[-83.51478,35.02465],[-83.51383,35.02474],[-83.51345,35.02492],[-83.51284,35.02587],[-83.5124,35.02631]]},"properties":{"net":"NC3035","o":1}},{"type":"Feature","geometry":{"type":"LineString","coordinates":[[-83.52536,35.07553],[-83.52684,35.07528],[-83.52797,35.0754],[-83.52866,35.0753],[-83.52915,35.07508],[-83.52972,35.07465]]},"properties":{"net":"NC3035","o":2}},{"type":"Feature","geometry":{"type":"LineString","coordinates":[[-83.52972,35.29952],[-83.52956,35.29976],[-83.5292,35.30001],[-83.52864,35.30016],[-83.52832,35.30035],[-83.52797,35.30088],[-83.52771,35.3015],[-83.52745,35.30182],[-83.52653,35.3018],[-83.52631,35.30191],[-83.52614,35.30232],[-83.52633,35.30312]]},"properties":{"net":"sm3032","o":2}},{"type":"Feature","geometry":{"type":"LineString","coordinates":[[-83.52358,35.30642],[-83.52283,35.30653]]},"properties":{"net":"sm3032","o":2}},{"type":"Feature","geometry":{"type":"LineString","coordinates":[[-83.5219,35.30716],[-83.52171,35.30782],[-83.52169,35.30894]]},"properties":{"net":"out","o":6}},{"type":"Feature","geometry":{"type":"LineString","coordinates":[[-83.5068,35.07044],[-83.50744,35.07023],[-83.50893,35.06948],[-83.50961,35.06884],[-83.51024,35.06785],[-83.5106,35.06754],[-83.51122,35.0673],[-83.51199,35.0672]]},"properties":{"net":"sm2748","o":1}},{"type":"Feature","geometry":{"type":"LineString","coordinates":[[-83.45441,35.25068],[-83.45219,35.25111],[-83.45042,35.25054],[-83.44935,35.24968],[-83.44856,35.2495],[-83.44742,35.24962],[-83.44516,35.24965],[-83.44323,35.25003]]},"properties":{"net":"sm3006","o":1}},{"type":"Feature","geometry":{"type":"LineString","coordinates":[[-83.43695,34.94721],[-83.43622,34.9461],[-83.4356,34.94554],[-83.43492,34.94473],[-83.43458,34.94412],[-83.43397,34.94358],[-83.43384,34.94321],[-83.43416,34.94268],[-83.43511,34.94206],[-83.4356,34.94143],[-83.43577,34.94037],[-83.43578,34.93953],[-83.43592,34.93898],[-83.43585,34.93882],[-83.43522,34.93829],[-83.43456,34.93795],[-83.43378,34.93706],[-83.43288,34.93665],[-83.43149,34.93651],[-83.42782,34.93655],[-83.42593,34.93598],[-83.42434,34.93589]]},"properties":{"net":"NC2974","o":1}},{"type":"Feature","geometry":{"type":"LineString","coordinates":[[-83.4352,34.99562],[-83.43529,34.99529],[-83.43518,34.99497],[-83.43549,34.99471],[-83.43599,34.99457],[-83.43608,34.99444],[-83.43609,34.99401],[-83.43626,34.99385],[-83.43812,34.99309],[-83.43927,34.99322],[-83.44071,34.99246],[-83.44153,34.99227],[-83.44189,34.99203],[-83.44217,34.99207],[-83.44343,34.99308],[-83.44412,34.99339],[-83.44476,34.99314],[-83.44529,34.99309],[-83.44545,34.99291],[-83.44564,34.99288]]},"properties":{"net":"NC2974","o":1}},{"type":"Feature","geometry":{"type":"LineString","coordinates":[[-83.44922,34.99219],[-83.44914,34.99166],[-83.44882,34.9913],[-83.44785,34.99074],[-83.44737,34.99029]]},"properties":{"net":"NC2974","o":3}},{"type":"Feature","geometry":{"type":"LineString","coordinates":[[-83.44564,34.99288],[-83.44578,34.99275],[-83.44638,34.99261],[-83.44637,34.99199],[-83.44717,34.99126],[-83.44715,34.99088],[-83.44737,34.99029]]},"properties":{"net":"NC2974","o":2}},{"type":"Feature","geometry":{"type":"LineString","coordinates":[[-83.43171,34.9844],[-83.43205,34.98383],[-83.43205,34.98359],[-83.43185,34.98305],[-83.43187,34.98254],[-83.43162,34.98129]]},"properties":{"net":"NC2974","o":1}},{"type":"Feature","geometry":{"type":"LineString","coordinates":[[-83.4339,34.98503],[-83.43399,34.98433],[-83.43357,34.98355],[-83.43342,34.98298],[-83.43218,34.98167],[-83.43162,34.98129]]},"properties":{"net":"NC2974","o":1}},{"type":"Feature","geometry":{"type":"LineString","coordinates":[[-83.43517,34.97612],[-83.43478,34.97621],[-83.43472,34.97657],[-83.43456,34.97677],[-83.43396,34.977],[-83.43377,34.97633],[-83.43337,34.9759],[-83.43316,34.97587],[-83.43167,34.97636],[-83.43011,34.97631],[-83.42987,34.97626],[-83.42969,34.9761]]},"properties":{"net":"NC2974","o":3}},{"type":"Feature","geometry":{"type":"LineString","coordinates":[[-83.51436,35.39029],[-83.51569,35.39027],[-83.51832,35.38977],[-83.51932,35.38999],[-83.51997,35.3904],[-83.52008,35.39065],[-83.52004,35.39098],[-83.51992,35.39116],[-83.51924,35.39128],[-83.51839,35.39104],[-83.51762,35.39119],[-83.51751,35.39155],[-83.51786,35.39242],[-83.5176,35.3928]]},"properties":{"net":"out","o":4}},{"type":"Feature","geometry":{"type":"LineString","coordinates":[[-83.46694,35.29259],[-83.46695,35.29196],[-83.46668,35.29143],[-83.46664,35.29026],[-83.4665,35.2896],[-83.46656,35.2888],[-83.46691,35.28809],[-83.46671,35.28707],[-83.46676,35.28533]]},"properties":{"net":"sm3007","o":1}},{"type":"Feature","geometry":{"type":"LineString","coordinates":[[-83.45367,35.26938],[-83.45408,35.26902],[-83.45474,35.26876],[-83.45547,35.26865],[-83.4561,35.2687],[-83.45663,35.26887],[-83.45835,35.2705]]},"properties":{"net":"out","o":6}},{"type":"Feature","geometry":{"type":"LineString","coordinates":[[-83.44786,35.31228],[-83.44717,35.31216],[-83.44542,35.31165],[-83.44449,35.3111],[-83.44292,35.31037],[-83.44168,35.30955],[-83.44071,35.30848]]},"properties":{"net":"sm3028","o":1}},{"type":"Feature","geometry":{"type":"LineString","coordinates":[[-83.45939,35.36186],[-83.45974,35.36192],[-83.46135,35.36261],[-83.46289,35.36394],[-83.46309,35.36435],[-83.4634,35.36461],[-83.46469,35.3652],[-83.4657,35.36542]]},"properties":{"net":"out","o":4}},{"type":"Feature","geometry":{"type":"LineString","coordinates":[[-83.44269,35.11111],[-83.44119,35.11117],[-83.43966,35.11088],[-83.43846,35.11035],[-83.43727,35.11019],[-83.43598,35.10958],[-83.43441,35.10925],[-83.43415,35.10909],[-83.43387,35.10869],[-83.43351,35.10847],[-83.43303,35.10791],[-83.43188,35.10715],[-83.43071,35.10668],[-83.43009,35.10652]]},"properties":{"net":"sm3026","o":1}},{"type":"Feature","geometry":{"type":"LineString","coordinates":[[-83.46182,35.05725],[-83.45827,35.05936],[-83.45553,35.06027],[-83.45483,35.06034],[-83.45452,35.06028]]},"properties":{"net":"sm2977","o":2}},{"type":"Feature","geometry":{"type":"LineString","coordinates":[[-83.42067,34.92473],[-83.42068,34.92483],[-83.42014,34.92542],[-83.41992,34.92619],[-83.41996,34.92649]]},"properties":{"net":"NC2974","o":2}},{"type":"Feature","geometry":{"type":"LineString","coordinates":[[-83.42262,34.91301],[-83.42225,34.91304],[-83.42179,34.91325],[-83.4216,34.91343],[-83.42135,34.914],[-83.42065,34.9144],[-83.41936,34.91435]]},"properties":{"net":"NC2974","o":1}},{"type":"Feature","geometry":{"type":"LineString","coordinates":[[-83.41125,34.92301],[-83.41201,34.92365]]},"properties":{"net":"NC2974","o":2}},{"type":"Feature","geometry":{"type":"LineString","coordinates":[[-83.49491,35.01252],[-83.49649,35.01284],[-83.49744,35.0132],[-83.49792,35.01363],[-83.49829,35.01438],[-83.4986,35.01476],[-83.49899,35.015],[-83.49953,35.0151],[-83.50027,35.01488],[-83.50126,35.01544],[-83.50276,35.01543],[-83.50322,35.01579],[-83.50404,35.01716],[-83.50453,35.01766],[-83.50585,35.01823],[-83.50623,35.01824],[-83.50675,35.0181]]},"properties":{"net":"NC3035","o":2}},{"type":"Feature","geometry":{"type":"LineString","coordinates":[[-83.50675,35.0181],[-83.5068,35.01826]]},"properties":{"net":"NC3035","o":2}},{"type":"Feature","geometry":{"type":"LineString","coordinates":[[-83.48826,35.02722],[-83.48929,35.02745],[-83.49071,35.02733],[-83.49174,35.0274],[-83.4923,35.02774],[-83.49262,35.02812],[-83.49302,35.02886],[-83.49345,35.02916],[-83.49412,35.0293],[-83.49521,35.02907],[-83.49585,35.02911]]},"properties":{"net":"NC3035","o":2}},{"type":"Feature","geometry":{"type":"LineString","coordinates":[[-83.49271,35.0419],[-83.49532,35.04307],[-83.49601,35.04315],[-83.49672,35.04302]]},"properties":{"net":"NC3035","o":2}},{"type":"Feature","geometry":{"type":"LineString","coordinates":[[-83.47888,35.05887],[-83.47952,35.05906],[-83.48002,35.05899],[-83.48258,35.05811],[-83.48327,35.05709],[-83.48344,35.05643],[-83.48375,35.0561],[-83.48664,35.05522],[-83.48724,35.05495],[-83.48761,35.05501],[-83.48801,35.05527],[-83.48819,35.05559],[-83.4883,35.05632],[-83.48855,35.057],[-83.48905,35.05749],[-83.48945,35.05763],[-83.49346,35.05752],[-83.49502,35.05731],[-83.49648,35.0574],[-83.49726,35.05696],[-83.49856,35.05576],[-83.49987,35.05555],[-83.50205,35.05493],[-83.5026,35.05504],[-83.50456,35.05639]]},"properties":{"net":"sm2747","o":1}},{"type":"Feature","geometry":{"type":"LineString","coordinates":[[-83.49831,35.093],[-83.49788,35.09385],[-83.49749,35.09403]]},"properties":{"net":"NC6212","o":2}},{"type":"Feature","geometry":{"type":"LineString","coordinates":[[-83.43423,35.11982],[-83.43199,35.11884],[-83.43011,35.1186],[-83.42912,35.1183],[-83.42887,35.11833]]},"properties":{"net":"sm3024","o":2}},{"type":"Feature","geometry":{"type":"LineString","coordinates":[[-83.40554,34.93941],[-83.40435,34.93922],[-83.40283,34.93957]]},"properties":{"net":"NC2974","o":3}},{"type":"Feature","geometry":{"type":"LineString","coordinates":[[-83.41168,34.94953],[-83.41154,34.94943],[-83.41097,34.94821],[-83.41023,34.94702],[-83.41012,34.94673],[-83.41016,34.94655],[-83.40988,34.9461],[-83.40922,34.94461],[-83.40896,34.94356],[-83.40827,34.94162],[-83.40682,34.94104],[-83.40602,34.94088],[-83.40532,34.94062],[-83.40443,34.94017],[-83.40343,34.94003],[-83.40283,34.93957]]},"properties":{"net":"NC2974","o":2}},{"type":"Feature","geometry":{"type":"LineString","coordinates":[[-83.41331,34.97393],[-83.41256,34.97441],[-83.41132,34.97484],[-83.41109,34.97478],[-83.41078,34.97442],[-83.4091,34.97379],[-83.40893,34.97347],[-83.40888,34.97306],[-83.40835,34.9724],[-83.40801,34.9725],[-83.40799,34.97268],[-83.40789,34.97276],[-83.40689,34.9728],[-83.40638,34.97309]]},"properties":{"net":"NC2974","o":3}},{"type":"Feature","geometry":{"type":"LineString","coordinates":[[-83.40638,34.97309],[-83.40574,34.9731],[-83.40446,34.97288],[-83.40267,34.97194],[-83.40213,34.97123],[-83.40172,34.97102],[-83.40101,34.97102],[-83.39967,34.97134],[-83.39878,34.97105],[-83.39844,34.97115],[-83.398,34.9715]]},"properties":{"net":"NC2974","o":3}},{"type":"Feature","geometry":{"type":"LineString","coordinates":[[-83.42157,35.17584],[-83.42138,35.17536],[-83.42086,35.17476],[-83.42092,35.17424],[-83.42058,35.17374]]},"properties":{"net":"sm3011","o":3}},{"type":"Feature","geometry":{"type":"LineString","coordinates":[[-83.44634,35.35308],[-83.44703,35.35331],[-83.44737,35.35354],[-83.44775,35.35398],[-83.44828,35.35506],[-83.44922,35.35549],[-83.4504,35.35666],[-83.45144,35.35687]]},"properties":{"net":"out","o":4}},{"type":"Feature","geometry":{"type":"LineString","coordinates":[[-83.4419,35.35879],[-83.44222,35.35876],[-83.44246,35.35853],[-83.44251,35.357],[-83.44238,35.35661],[-83.44203,35.35616],[-83.44173,35.35507],[-83.44129,35.35405],[-83.44137,35.3538],[-83.44179,35.35352],[-83.44254,35.35341],[-83.44291,35.35349],[-83.4434,35.35377],[-83.44394,35.3538],[-83.44505,35.35354],[-83.44634,35.35308]]},"properties":{"net":"out","o":4}},{"type":"Feature","geometry":{"type":"LineString","coordinates":[[-83.45418,35.06843],[-83.45322,35.06841],[-83.45258,35.0681],[-83.45156,35.06735],[-83.45036,35.06709],[-83.45006,35.06688],[-83.44938,35.06613],[-83.44792,35.06532],[-83.44731,35.0647],[-83.4472,35.06403],[-83.44635,35.06278],[-83.44439,35.06101]]},"properties":{"net":"NC6618","o":1}},{"type":"Feature","geometry":{"type":"LineString","coordinates":[[-83.45218,35.09265],[-83.45364,35.09309],[-83.45427,35.09392],[-83.45536,35.09482],[-83.45597,35.09587],[-83.45647,35.09642],[-83.45662,35.09703],[-83.45679,35.0973],[-83.45789,35.0979]]},"properties":{"net":"NC6212","o":1}},{"type":"Feature","geometry":{"type":"LineString","coordinates":[[-83.44694,35.11633],[-83.44573,35.11718],[-83.44435,35.11774],[-83.44323,35.11782],[-83.44217,35.11837],[-83.44167,35.11829],[-83.44066,35.11778],[-83.44014,35.11761],[-83.43946,35.1175],[-83.43883,35.11758],[-83.43778,35.11814],[-83.43726,35.11815],[-83.43669,35.11835],[-83.43574,35.11885],[-83.43423,35.11982]]},"properties":{"net":"sm3024","o":1}},{"type":"Feature","geometry":{"type":"LineString","coordinates":[[-83.40402,35.0149],[-83.40305,35.01508],[-83.40213,35.01512],[-83.40007,35.0147],[-83.39938,35.01479],[-83.39828,35.01477],[-83.3975,35.01507],[-83.39699,35.0151],[-83.39611,35.01547],[-83.39442,35.01579]]},"properties":{"net":"sm3022","o":1}},{"type":"Feature","geometry":{"type":"LineString","coordinates":[[-83.44197,35.25829],[-83.44227,35.25814],[-83.44302,35.25811],[-83.44461,35.25823],[-83.44501,35.25833],[-83.44538,35.25857],[-83.44552,35.2587],[-83.44568,35.25928],[-83.4459,35.26169],[-83.44528,35.26315],[-83.44446,35.2643],[-83.44418,35.26485],[-83.44403,35.26616],[-83.44384,35.2666],[-83.44363,35.26679],[-83.44196,35.26728],[-83.44099,35.26768],[-83.43986,35.2688],[-83.43962,35.26924],[-83.43935,35.26987],[-83.43937,35.27019],[-83.44009,35.27131],[-83.44044,35.2721]]},"properties":{"net":"out","o":6}},{"type":"Feature","geometry":{"type":"LineString","coordinates":[[-83.44271,35.25095],[-83.44176,35.25153],[-83.44117,35.25205],[-83.44058,35.25208],[-83.43908,35.25263],[-83.4387,35.25261]]},"properties":{"net":"sm3006","o":2}},{"type":"Feature","geometry":{"type":"LineString","coordinates":[[-83.41054,35.02418],[-83.40953,35.0242],[-83.40767,35.02338],[-83.4055,35.02306],[-83.40428,35.02271],[-83.40356,35.02182],[-83.40235,35.02157],[-83.40181,35.02099],[-83.40112,35.02051],[-83.40071,35.02004],[-83.4003,35.01979],[-83.39983,35.01967],[-83.39876,35.01907],[-83.39808,35.0182],[-83.39677,35.01761],[-83.39606,35.01686],[-83.39481,35.0163],[-83.39442,35.01579]]},"properties":{"net":"sm3022","o":2}},{"type":"Feature","geometry":{"type":"LineString","coordinates":[[-83.41018,35.14828],[-83.41122,35.14976],[-83.41246,35.15069],[-83.41346,35.152]]},"properties":{"net":"NC2974","o":2}},{"type":"Feature","geometry":{"type":"LineString","coordinates":[[-83.41639,35.26537],[-83.41688,35.2662],[-83.4173,35.2667],[-83.4179,35.26719],[-83.41826,35.26732],[-83.41896,35.26729],[-83.41957,35.26713],[-83.42035,35.26685],[-83.42098,35.26635]]},"properties":{"net":"out","o":6}},{"type":"Feature","geometry":{"type":"LineString","coordinates":[[-83.41017,35.31045],[-83.40879,35.30891],[-83.40822,35.30849],[-83.40776,35.30837]]},"properties":{"net":"sm3009","o":1}},{"type":"Feature","geometry":{"type":"LineString","coordinates":[[-83.46499,35.14093],[-83.46596,35.14177],[-83.4665,35.14317],[-83.46656,35.1438],[-83.46626,35.14441],[-83.46619,35.14488],[-83.46647,35.14654],[-83.46647,35.14747],[-83.46637,35.14777],[-83.46578,35.14861],[-83.46579,35.14887],[-83.46549,35.14931],[-83.46572,35.15011],[-83.46569,35.15058],[-83.46527,35.15092],[-83.46405,35.1514]]},"properties":{"net":"NC6212","o":1}},{"type":"Feature","geometry":{"type":"LineString","coordinates":[[-83.46101,35.14064],[-83.46113,35.14131],[-83.46144,35.14198],[-83.46133,35.14282],[-83.46145,35.14426],[-83.46131,35.14471],[-83.46069,35.14565],[-83.46073,35.14681],[-83.46052,35.14751],[-83.46044,35.14826],[-83.46056,35.1486],[-83.46168,35.14975],[-83.46197,35.1508]]},"properties":{"net":"NC6212","o":1}},{"type":"Feature","geometry":{"type":"LineString","coordinates":[[-83.44984,35.15747],[-83.44995,35.15765]]},"properties":{"net":"NC6212","o":1}},{"type":"Feature","geometry":{"type":"LineString","coordinates":[[-83.4488,35.15228],[-83.44901,35.15244]]},"properties":{"net":"NC6212","o":1}},{"type":"Feature","geometry":{"type":"LineString","coordinates":[[-83.44995,35.15765],[-83.44926,35.15782],[-83.44835,35.15849]]},"properties":{"net":"NC6212","o":4}},{"type":"Feature","geometry":{"type":"LineString","coordinates":[[-83.45482,35.16851],[-83.45481,35.16831]]},"properties":{"net":"NC6212","o":1}},{"type":"Feature","geometry":{"type":"LineString","coordinates":[[-83.45278,35.17025],[-83.45294,35.17002]]},"properties":{"net":"NC6212","o":1}},{"type":"Feature","geometry":{"type":"LineString","coordinates":[[-83.41276,35.1532],[-83.41242,35.15307],[-83.41186,35.1533],[-83.41129,35.15333],[-83.41096,35.15347],[-83.41056,35.15454],[-83.40995,35.15532],[-83.40968,35.15589]]},"properties":{"net":"NC2974","o":4}},{"type":"Feature","geometry":{"type":"LineString","coordinates":[[-83.43843,35.35795],[-83.43993,35.35821],[-83.4419,35.35879]]},"properties":{"net":"out","o":4}},{"type":"Feature","geometry":{"type":"LineString","coordinates":[[-83.42657,35.35659],[-83.42694,35.35669],[-83.42795,35.35756],[-83.42832,35.3575],[-83.42886,35.35707],[-83.42918,35.35702],[-83.43149,35.3574]]},"properties":{"net":"out","o":4}},{"type":"Feature","geometry":{"type":"LineString","coordinates":[[-83.42058,35.17374],[-83.42048,35.17357],[-83.42046,35.17319],[-83.4208,35.17221],[-83.42088,35.17157],[-83.41994,35.16712],[-83.41962,35.16687],[-83.41736,35.16643],[-83.4162,35.16608],[-83.41573,35.16611],[-83.41465,35.16649],[-83.41439,35.16649],[-83.41428,35.16637],[-83.41388,35.16502],[-83.41354,35.16449]]},"properties":{"net":"sm3011","o":3}},{"type":"Feature","geometry":{"type":"LineString","coordinates":[[-83.41354,35.16449],[-83.41316,35.16373],[-83.41197,35.16255],[-83.41194,35.16239],[-83.41215,35.16186],[-83.41102,35.16132],[-83.41025,35.16068],[-83.41005,35.15998],[-83.40978,35.15985],[-83.40947,35.15985],[-83.40926,35.15967]]},"properties":{"net":"NC2974","o":3}},{"type":"Feature","geometry":{"type":"LineString","coordinates":[[-83.40548,35.14364],[-83.40841,35.14581],[-83.40886,35.14643],[-83.40983,35.1473],[-83.41018,35.14828]]},"properties":{"net":"NC2974","o":1}},{"type":"Feature","geometry":{"type":"LineString","coordinates":[[-83.40561,35.1617],[-83.40494,35.16173],[-83.40436,35.16164],[-83.40363,35.16127],[-83.40177,35.15998],[-83.40065,35.15864],[-83.40023,35.15829],[-83.39964,35.15834],[-83.3986,35.15905],[-83.39778,35.1593],[-83.39655,35.15936],[-83.39589,35.15928]]},"properties":{"net":"NC2974","o":4}},{"type":"Feature","geometry":{"type":"LineString","coordinates":[[-83.38257,35.22594],[-83.38523,35.22569],[-83.38712,35.2265],[-83.38763,35.22661]]},"properties":{"net":"out","o":5}},{"type":"Feature","geometry":{"type":"LineString","coordinates":[[-83.34107,35.21127],[-83.34112,35.21079],[-83.34159,35.20946],[-83.34186,35.20835],[-83.34202,35.20807],[-83.3425,35.20765],[-83.34301,35.20683],[-83.34332,35.20656],[-83.34406,35.20618],[-83.34437,35.20612],[-83.34611,35.20638],[-83.34849,35.20698],[-83.34895,35.20702]]},"properties":{"net":"NC2974","o":2}},{"type":"Feature","geometry":{"type":"LineString","coordinates":[[-83.33818,35.22108],[-83.33975,35.22089],[-83.34014,35.22072],[-83.34059,35.2201],[-83.34123,35.21862],[-83.34105,35.21765],[-83.34115,35.21598],[-83.34111,35.21393],[-83.34146,35.213],[-83.34148,35.21241],[-83.34107,35.21127]]},"properties":{"net":"NC2974","o":1}},{"type":"Feature","geometry":{"type":"LineString","coordinates":[[-83.36092,35.22837],[-83.36152,35.2275]]},"properties":{"net":"sm3000","o":1}},{"type":"Feature","geometry":{"type":"LineString","coordinates":[[-83.3675,35.26885],[-83.36822,35.26905],[-83.37144,35.26904],[-83.37313,35.26926]]},"properties":{"net":"out","o":4}},{"type":"Feature","geometry":{"type":"LineString","coordinates":[[-83.39097,35.26852],[-83.39262,35.26827],[-83.39488,35.26863],[-83.39689,35.26883],[-83.39732,35.2691]]},"properties":{"net":"out","o":5}},{"type":"Feature","geometry":{"type":"LineString","coordinates":[[-83.39955,34.94728],[-83.39781,34.94718]]},"properties":{"net":"NC2974","o":1}},{"type":"Feature","geometry":{"type":"LineString","coordinates":[[-83.3847,34.9477],[-83.385,34.94964],[-83.38587,34.95075],[-83.38579,34.95162],[-83.38538,34.9519],[-83.38517,34.95224]]},"properties":{"net":"NC2974","o":3}},{"type":"Feature","geometry":{"type":"LineString","coordinates":[[-83.38482,35.0293],[-83.38403,35.02916],[-83.38312,35.02873],[-83.38298,35.02882],[-83.38257,35.02967],[-83.38223,35.02997]]},"properties":{"net":"NC2974","o":2}},{"type":"Feature","geometry":{"type":"LineString","coordinates":[[-83.38429,35.04346],[-83.3842,35.04338]]},"properties":{"net":"NC2974","o":1}},{"type":"Feature","geometry":{"type":"LineString","coordinates":[[-83.39304,35.31047],[-83.39343,35.31022],[-83.39434,35.30908]]},"properties":{"net":"sm3009","o":2}},{"type":"Feature","geometry":{"type":"LineString","coordinates":[[-83.37416,35.05183],[-83.37504,35.05164],[-83.37529,35.05172],[-83.37586,35.05229],[-83.37628,35.05255],[-83.37691,35.05366],[-83.37753,35.05423],[-83.3781,35.05504],[-83.37928,35.05573],[-83.37976,35.05574],[-83.38011,35.05519],[-83.38024,35.05513],[-83.38063,35.05513],[-83.38134,35.05551],[-83.38176,35.0556],[-83.38212,35.05552],[-83.38273,35.0552],[-83.3832,35.05515],[-83.38358,35.05529],[-83.38461,35.05606],[-83.3849,35.05645],[-83.38544,35.0569],[-83.38595,35.05789],[-83.38576,35.05828],[-83.38521,35.05862],[-83.38481,35.05908],[-83.38472,35.05966],[-83.38485,35.06046],[-83.38514,35.06079],[-83.3872,35.06134],[-83.3875,35.06158],[-83.388,35.06285],[-83.38787,35.06317],[-83.38746,35.06361],[-83.38739,35.06417],[-83.3876,35.06568],[-83.38788,35.06663]]},"properties":{"net":"NC2974","o":4}},{"type":"Feature","geometry":{"type":"LineString","coordinates":[[-83.39733,35.13623],[-83.39707,35.13435],[-83.3966,35.13337]]},"properties":{"net":"sm3021","o":1}},{"type":"Feature","geometry":{"type":"LineString","coordinates":[[-83.39172,35.13767],[-83.39192,35.13746],[-83.39222,35.13641],[-83.39328,35.13402],[-83.39307,35.13343],[-83.39208,35.13223],[-83.3918,35.13167]]},"properties":{"net":"sm3021","o":1}},{"type":"Feature","geometry":{"type":"LineString","coordinates":[[-83.38818,35.14304],[-83.38828,35.14401],[-83.38793,35.14624],[-83.38771,35.14655],[-83.38722,35.14692],[-83.38634,35.14738],[-83.38616,35.14776],[-83.38525,35.14795],[-83.38378,35.14767],[-83.38308,35.14773],[-83.38194,35.14813],[-83.3811,35.14857]]},"properties":{"net":"NC2974","o":1}},{"type":"Feature","geometry":{"type":"LineString","coordinates":[[-83.33675,34.98074],[-83.33882,34.97999],[-83.33953,34.97945],[-83.34186,34.97865],[-83.34314,34.97777],[-83.34363,34.97757],[-83.34428,34.97754]]},"properties":{"net":"NC2974","o":1}},{"type":"Feature","geometry":{"type":"LineString","coordinates":[[-83.34408,35.076],[-83.34365,35.07556],[-83.34354,35.07468]]},"properties":{"net":"NC2974","o":1}},{"type":"Feature","geometry":{"type":"LineString","coordinates":[[-83.39392,35.20332],[-83.39368,35.2029],[-83.39316,35.20149],[-83.39274,35.20081],[-83.39187,35.19994],[-83.39093,35.19942],[-83.39032,35.19863],[-83.38968,35.1983]]},"properties":{"net":"NC2974","o":1}},{"type":"Feature","geometry":{"type":"LineString","coordinates":[[-83.39562,35.24378],[-83.39534,35.24468],[-83.39529,35.24625],[-83.39539,35.24656],[-83.39635,35.24743],[-83.39659,35.24788]]},"properties":{"net":"out","o":5}},{"type":"Feature","geometry":{"type":"LineString","coordinates":[[-83.34833,35.1372],[-83.34887,35.13695],[-83.35028,35.13592],[-83.35071,35.13573],[-83.35168,35.13552],[-83.35254,35.13567],[-83.3533,35.13559],[-83.35374,35.13565],[-83.35421,35.13552],[-83.35525,35.13495],[-83.35666,35.13441],[-83.36003,35.13412]]},"properties":{"net":"sm3029","o":1}},{"type":"Feature","geometry":{"type":"LineString","coordinates":[[-83.36052,35.16423],[-83.36058,35.16435]]},"properties":{"net":"NC2974","o":2}},{"type":"Feature","geometry":{"type":"LineString","coordinates":[[-83.3559,35.18376],[-83.3567,35.18335],[-83.35699,35.18301],[-83.35743,35.18212],[-83.35783,35.18055]]},"properties":{"net":"NC2974","o":1}},{"type":"Feature","geometry":{"type":"LineString","coordinates":[[-83.35217,35.1634],[-83.35224,35.16345]]},"properties":{"net":"NC2974","o":1}},{"type":"Feature","geometry":{"type":"LineString","coordinates":[[-83.34051,35.17109],[-83.34219,35.17092],[-83.34275,35.1704],[-83.34337,35.16931]]},"properties":{"net":"NC2974","o":4}},{"type":"Feature","geometry":{"type":"LineString","coordinates":[[-83.37619,34.96282],[-83.3761,34.96296]]},"properties":{"net":"NC2974","o":4}},{"type":"Feature","geometry":{"type":"LineString","coordinates":[[-83.36552,34.98363],[-83.36784,34.98206],[-83.37181,34.98065],[-83.373,34.97927],[-83.37334,34.97916]]},"properties":{"net":"NC2974","o":3}},{"type":"Feature","geometry":{"type":"LineString","coordinates":[[-83.32615,35.2272],[-83.32636,35.22678],[-83.32648,35.22632],[-83.32646,35.22583],[-83.32662,35.2255],[-83.32693,35.22523],[-83.32788,35.22472],[-83.32814,35.22382],[-83.32965,35.22276],[-83.33068,35.2214],[-83.33114,35.2203],[-83.33131,35.21854],[-83.33192,35.21754],[-83.3326,35.2167],[-83.33325,35.21549],[-83.33351,35.21481],[-83.33354,35.21416],[-83.33372,35.2134],[-83.33419,35.21262],[-83.33533,35.21175]]},"properties":{"net":"NC2974","o":1}},{"type":"Feature","geometry":{"type":"LineString","coordinates":[[-83.32338,35.20997],[-83.32365,35.21011],[-83.3237,35.2105],[-83.32383,35.21066],[-83.32594,35.21143],[-83.32672,35.21193],[-83.32699,35.21258],[-83.32746,35.21266]]},"properties":{"net":"NC2974","o":1}},{"type":"Feature","geometry":{"type":"LineString","coordinates":[[-83.30902,35.12703],[-83.30884,35.12746],[-83.3087,35.12879],[-83.30824,35.13055],[-83.30822,35.13099],[-83.30838,35.13154],[-83.30918,35.13293],[-83.30923,35.13368],[-83.30883,35.13437],[-83.30835,35.13491],[-83.30747,35.13552],[-83.30697,35.13573],[-83.30682,35.1359],[-83.30659,35.13648],[-83.30666,35.13695],[-83.30657,35.13742],[-83.30612,35.13837],[-83.30613,35.1395],[-83.30597,35.1401],[-83.30655,35.14215],[-83.30655,35.14355]]},"properties":{"net":"NC2974","o":1}},{"type":"Feature","geometry":{"type":"LineString","coordinates":[[-83.29976,35.12456],[-83.29914,35.12438],[-83.29865,35.12388],[-83.29795,35.12345],[-83.29734,35.12326],[-83.29637,35.12317],[-83.29597,35.12285],[-83.29572,35.12248],[-83.29519,35.12222],[-83.29501,35.12133],[-83.29479,35.12107],[-83.29329,35.12113],[-83.29163,35.12148]]},"properties":{"net":"NC2974","o":1}},{"type":"Feature","geometry":{"type":"LineString","coordinates":[[-83.36053,34.91958],[-83.36071,34.91955]]},"properties":{"net":"NC2974","o":2}},{"type":"Feature","geometry":{"type":"LineString","coordinates":[[-83.34235,34.94682],[-83.34285,34.94724],[-83.34322,34.94828],[-83.34337,34.94904],[-83.34366,34.94953],[-83.34367,34.94971]]},"properties":{"net":"NC2974","o":2}},{"type":"Feature","geometry":{"type":"LineString","coordinates":[[-83.38218,34.99955],[-83.3821,34.99952]]},"properties":{"net":"NC2974","o":2}},{"type":"Feature","geometry":{"type":"LineString","coordinates":[[-83.37928,34.99565],[-83.37926,34.99613],[-83.37973,34.99746],[-83.38002,34.99769],[-83.38105,34.99799],[-83.38145,34.99825],[-83.382,34.999],[-83.3821,34.99952]]},"properties":{"net":"NC2974","o":4}},{"type":"Feature","geometry":{"type":"LineString","coordinates":[[-83.36839,35.09825],[-83.36941,35.09828],[-83.36962,35.09816],[-83.36991,35.09778]]},"properties":{"net":"sm3030","o":2}},{"type":"Feature","geometry":{"type":"LineString","coordinates":[[-83.38167,35.10823],[-83.38174,35.1083]]},"properties":{"net":"NC2974","o":2}},{"type":"Feature","geometry":{"type":"LineString","coordinates":[[-83.38172,35.13722],[-83.38008,35.13739],[-83.37988,35.13751],[-83.37967,35.13785]]},"properties":{"net":"NC2974","o":2}},{"type":"Feature","geometry":{"type":"LineString","coordinates":[[-83.37016,35.17528],[-83.37113,35.1765],[-83.37123,35.17678],[-83.37124,35.17739],[-83.37083,35.17862],[-83.37002,35.18026],[-83.36989,35.18079],[-83.37012,35.18124],[-83.37145,35.183],[-83.37155,35.18358],[-83.37141,35.18459],[-83.37144,35.18511]]},"properties":{"net":"NC2974","o":5}},{"type":"Feature","geometry":{"type":"LineString","coordinates":[[-83.37703,35.20359],[-83.3774,35.20411],[-83.37756,35.20475],[-83.37754,35.20547]]},"properties":{"net":"NC2974","o":2}},{"type":"Feature","geometry":{"type":"LineString","coordinates":[[-83.37483,35.18721],[-83.37482,35.18736]]},"properties":{"net":"NC2974","o":2}},{"type":"Feature","geometry":{"type":"LineString","coordinates":[[-83.36374,35.21541],[-83.3645,35.21536],[-83.36477,35.21522],[-83.36498,35.21496]]},"properties":{"net":"NC2974","o":1}},{"type":"Feature","geometry":{"type":"LineString","coordinates":[[-83.30349,35.21445],[-83.30542,35.21337],[-83.30619,35.2133],[-83.30836,35.21244],[-83.30893,35.21237],[-83.30954,35.21245],[-83.31185,35.21358],[-83.31291,35.21463],[-83.31385,35.21502],[-83.31493,35.21614],[-83.31578,35.21733],[-83.31627,35.21783],[-83.31684,35.21815],[-83.3187,35.21889]]},"properties":{"net":"NC2974","o":1}},{"type":"Feature","geometry":{"type":"LineString","coordinates":[[-83.31551,35.26129],[-83.31556,35.26075],[-83.31542,35.26025],[-83.31488,35.25945],[-83.31434,35.25804],[-83.3144,35.25662]]},"properties":{"net":"sm3027","o":1}},{"type":"Feature","geometry":{"type":"LineString","coordinates":[[-83.31445,35.25629],[-83.31454,35.25519],[-83.31443,35.25398],[-83.31399,35.25325],[-83.314,35.25277],[-83.31359,35.2517],[-83.31327,35.2512],[-83.31289,35.25103],[-83.31262,35.2504],[-83.31235,35.24931],[-83.31183,35.24837]]},"properties":{"net":"sm3027","o":2}},{"type":"Feature","geometry":{"type":"LineString","coordinates":[[-83.32207,34.98476],[-83.32276,34.98463],[-83.324,34.98414],[-83.32476,34.98395]]},"properties":{"net":"NC2974","o":3}},{"type":"Feature","geometry":{"type":"LineString","coordinates":[[-83.29165,35.15217],[-83.29126,35.15082],[-83.29127,35.1505],[-83.29156,35.1496],[-83.29147,35.14898],[-83.2919,35.14797],[-83.29268,35.14709],[-83.29284,35.14671],[-83.29289,35.14617],[-83.29268,35.14454],[-83.29286,35.14394],[-83.29339,35.14302],[-83.29333,35.14225]]},"properties":{"net":"NC2974","o":1}},{"type":"Feature","geometry":{"type":"LineString","coordinates":[[-83.29083,35.17035],[-83.29128,35.17039],[-83.2919,35.17029],[-83.29244,35.17041],[-83.29425,35.17015],[-83.29497,35.17032],[-83.29575,35.17013],[-83.29662,35.1704]]},"properties":{"net":"NC2974","o":2}},{"type":"Feature","geometry":{"type":"LineString","coordinates":[[-83.28484,35.20743],[-83.28446,35.20688],[-83.28392,35.20635],[-83.28362,35.20568],[-83.28363,35.20493],[-83.28393,35.2036],[-83.28374,35.20257],[-83.28375,35.20219],[-83.28416,35.20123],[-83.28371,35.20074],[-83.28385,35.19992],[-83.28316,35.19886]]},"properties":{"net":"sm3014","o":2}},{"type":"Feature","geometry":{"type":"LineString","coordinates":[[-83.28316,35.19886],[-83.28291,35.19812]]},"properties":{"net":"sm3013","o":2}},{"type":"Feature","geometry":{"type":"LineString","coordinates":[[-83.28291,35.19812],[-83.28281,35.1978],[-83.28205,35.19674],[-83.28192,35.19634]]},"properties":{"net":"sm3012","o":2}},{"type":"Feature","geometry":{"type":"LineString","coordinates":[[-83.28192,35.19634],[-83.2813,35.1952],[-83.28122,35.19484]]},"properties":{"net":"NC2974","o":2}},{"type":"Feature","geometry":{"type":"LineString","coordinates":[[-83.32586,35.14228],[-83.32547,35.14276],[-83.32519,35.14338],[-83.32495,35.14362],[-83.32446,35.14386],[-83.3237,35.14407],[-83.32302,35.14445],[-83.32251,35.14463],[-83.32224,35.14498],[-83.32224,35.14544],[-83.32165,35.14617],[-83.32103,35.14654],[-83.31882,35.14852],[-83.31834,35.14875],[-83.31783,35.14916],[-83.31722,35.1494],[-83.31629,35.14954],[-83.31554,35.14943],[-83.31523,35.14987]]},"properties":{"net":"NC2974","o":1}},{"type":"Feature","geometry":{"type":"LineString","coordinates":[[-83.3336,35.16421],[-83.33356,35.16492],[-83.33376,35.16535],[-83.33406,35.16544],[-83.33481,35.16525],[-83.33521,35.16541],[-83.3362,35.16675],[-83.33702,35.16764],[-83.33779,35.16826],[-83.338,35.16855],[-83.33823,35.16938]]},"properties":{"net":"NC2974","o":4}},{"type":"Feature","geometry":{"type":"LineString","coordinates":[[-83.33164,35.18904],[-83.33255,35.19001],[-83.33375,35.19152],[-83.33538,35.19306],[-83.33561,35.19358],[-83.33558,35.19396],[-83.33536,35.19433],[-83.33555,35.19476]]},"properties":{"net":"NC2974","o":2}},{"type":"Feature","geometry":{"type":"LineString","coordinates":[[-83.2661,35.06607],[-83.2659,35.06642],[-83.26501,35.06677],[-83.26509,35.06697],[-83.26547,35.06715],[-83.26563,35.06759],[-83.26561,35.06796],[-83.26534,35.06868],[-83.26594,35.06882],[-83.26608,35.06904],[-83.266,35.06929],[-83.2655,35.06971],[-83.26543,35.07001],[-83.26512,35.07051],[-83.26504,35.07131],[-83.26514,35.0726],[-83.26509,35.07313],[-83.26498,35.07331],[-83.26462,35.07331],[-83.26401,35.07306],[-83.26324,35.07325],[-83.26241,35.07373],[-83.26061,35.07542],[-83.2601,35.07572],[-83.25984,35.07572],[-83.25929,35.07548],[-83.25871,35.07544],[-83.25689,35.0758],[-83.25496,35.07594],[-83.2545,35.07608],[-83.25319,35.07679],[-83.25299,35.07705]]},"properties":{"net":"NC2974","o":3}},{"type":"Feature","geometry":{"type":"LineString","coordinates":[[-83.25299,35.07705],[-83.25308,35.07759],[-83.25353,35.07795],[-83.25396,35.07803],[-83.25485,35.07795],[-83.2553,35.07812],[-83.25531,35.07843],[-83.25487,35.07941],[-83.25491,35.07972],[-83.25515,35.07988],[-83.25559,35.07985],[-83.25615,35.07964],[-83.25734,35.07883],[-83.25771,35.0788],[-83.25803,35.07896],[-83.2582,35.0794],[-83.25818,35.07994],[-83.25829,35.08023],[-83.25936,35.08147],[-83.25985,35.08228],[-83.26024,35.08264],[-83.26053,35.08273],[-83.26084,35.08268],[-83.26215,35.08224],[-83.26286,35.0817],[-83.26339,35.08171],[-83.26375,35.08192],[-83.26412,35.08245],[-83.26492,35.08308],[-83.26544,35.08411],[-83.26564,35.08432],[-83.26823,35.08526],[-83.26959,35.08561]]},"properties":{"net":"NC2974","o":4}},{"type":"Feature","geometry":{"type":"LineString","coordinates":[[-83.27601,35.08026],[-83.27549,35.08072],[-83.27455,35.08199],[-83.27385,35.08261],[-83.27305,35.0829],[-83.27067,35.08329],[-83.27058,35.08397],[-83.27,35.08465],[-83.26959,35.08561]]},"properties":{"net":"NC2974","o":1}},{"type":"Feature","geometry":{"type":"LineString","coordinates":[[-83.26671,35.20647],[-83.26703,35.20555],[-83.26781,35.20512],[-83.26811,35.20467],[-83.26818,35.20409],[-83.26802,35.20285],[-83.26835,35.20253],[-83.26953,35.20051],[-83.27039,35.19938],[-83.27092,35.199],[-83.27198,35.19857],[-83.27264,35.19815],[-83.27433,35.19652],[-83.27534,35.19627],[-83.27702,35.19614]]},"properties":{"net":"NC2974","o":3}},{"type":"Feature","geometry":{"type":"LineString","coordinates":[[-83.25254,35.20216],[-83.25431,35.20268],[-83.25542,35.20263],[-83.25595,35.2025],[-83.25642,35.20265],[-83.25771,35.20384],[-83.25812,35.20535],[-83.25892,35.20656],[-83.25951,35.2079]]},"properties":{"net":"NC2974","o":1}},{"type":"Feature","geometry":{"type":"LineString","coordinates":[[-83.31919,34.97943],[-83.31897,34.98013],[-83.31901,34.98049]]},"properties":{"net":"NC2974","o":2}},{"type":"Feature","geometry":{"type":"LineString","coordinates":[[-83.31478,34.98385],[-83.31652,34.98386],[-83.31726,34.98376]]},"properties":{"net":"NC2974","o":1}},{"type":"Feature","geometry":{"type":"LineString","coordinates":[[-83.31428,35.0078],[-83.31453,35.00781],[-83.3147,35.00795],[-83.31445,35.0087],[-83.31469,35.00927],[-83.31617,35.01016]]},"properties":{"net":"NC2974","o":2}},{"type":"Feature","geometry":{"type":"LineString","coordinates":[[-83.31376,34.99964],[-83.31376,34.99877],[-83.31458,34.99657],[-83.3146,34.99576]]},"properties":{"net":"NC2974","o":1}},{"type":"Feature","geometry":{"type":"LineString","coordinates":[[-83.30255,35.00608],[-83.30278,35.00563],[-83.30298,35.0055],[-83.30328,35.00556],[-83.30381,35.00584],[-83.30426,35.00587],[-83.30567,35.00543]]},"properties":{"net":"NC2974","o":1}},{"type":"Feature","geometry":{"type":"LineString","coordinates":[[-83.30647,35.02742],[-83.30772,35.02694],[-83.30807,35.02662],[-83.30869,35.0267],[-83.30901,35.02655],[-83.3092,35.02628],[-83.30916,35.0258],[-83.30936,35.02554],[-83.30942,35.02512],[-83.30999,35.02483],[-83.31,35.02461],[-83.30982,35.02433],[-83.31045,35.02355],[-83.31031,35.02317],[-83.31052,35.02307],[-83.31178,35.02291]]},"properties":{"net":"NC2974","o":1}},{"type":"Feature","geometry":{"type":"LineString","coordinates":[[-83.22197,35.20937],[-83.22303,35.21027],[-83.22322,35.21086],[-83.22324,35.21176],[-83.22344,35.21248],[-83.22398,35.21321],[-83.22453,35.21421],[-83.225,35.21461],[-83.22593,35.21487],[-83.22706,35.21577],[-83.2275,35.21639],[-83.22796,35.21737],[-83.228,35.21772],[-83.2282,35.218],[-83.22945,35.21879],[-83.23031,35.2192],[-83.2315,35.21962],[-83.23251,35.21985]]},"properties":{"net":"sm3015","o":1}},{"type":"Feature","geometry":{"type":"LineString","coordinates":[[-83.23108,35.15936],[-83.23195,35.15941],[-83.23307,35.15971],[-83.23346,35.15968],[-83.23434,35.15931],[-83.23489,35.1592],[-83.23642,35.15948],[-83.2385,35.15872],[-83.23902,35.15825],[-83.23933,35.15815],[-83.24005,35.1582],[-83.24169,35.15866],[-83.24416,35.15907],[-83.24469,35.15893],[-83.2452,35.15852],[-83.24611,35.15833],[-83.24682,35.15802],[-83.24792,35.15781],[-83.24886,35.15781],[-83.2508,35.15713],[-83.25111,35.15714],[-83.25222,35.15746],[-83.25281,35.15746],[-83.2533,35.15737],[-83.25395,35.15705]]},"properties":{"net":"NC2974","o":1}},{"type":"Feature","geometry":{"type":"LineString","coordinates":[[-83.24885,35.21929],[-83.2496,35.21845],[-83.24979,35.21802],[-83.24957,35.21765],[-83.2483,35.21638],[-83.2475,35.21459],[-83.24746,35.21374],[-83.24755,35.21344],[-83.24785,35.21315]]},"properties":{"net":"NC2974","o":2}},{"type":"Feature","geometry":{"type":"LineString","coordinates":[[-83.24123,35.21274],[-83.24209,35.2128],[-83.24322,35.21321],[-83.24502,35.21292],[-83.2463,35.21285]]},"properties":{"net":"sm3015","o":3}},{"type":"Feature","geometry":{"type":"LineString","coordinates":[[-83.23149,35.07167],[-83.23185,35.07147],[-83.23301,35.07001],[-83.2331,35.06943],[-83.23305,35.06852],[-83.23312,35.06806]]},"properties":{"net":"NC2974","o":4}},{"type":"Feature","geometry":{"type":"LineString","coordinates":[[-83.23033,35.07122],[-83.2304,35.07126]]},"properties":{"net":"NC2974","o":4}},{"type":"Feature","geometry":{"type":"LineString","coordinates":[[-83.22334,35.22606],[-83.22601,35.22444],[-83.22687,35.22402],[-83.22801,35.22325],[-83.22838,35.22318],[-83.22909,35.22324],[-83.22931,35.22316],[-83.23018,35.2223],[-83.23114,35.22182],[-83.23206,35.22115],[-83.23226,35.22083],[-83.23251,35.21985]]},"properties":{"net":"sm3015","o":1}},{"type":"Feature","geometry":{"type":"LineString","coordinates":[[-83.24177,35.08727],[-83.24294,35.08526],[-83.2432,35.08452],[-83.24397,35.08342],[-83.24625,35.08121],[-83.24635,35.0807],[-83.24688,35.08006],[-83.24736,35.07907],[-83.24819,35.07779],[-83.24829,35.0773],[-83.24828,35.0765],[-83.2484,35.07613]]},"properties":{"net":"NC2974","o":1}},{"type":"Feature","geometry":{"type":"LineString","coordinates":[[-83.24175,35.11313],[-83.24398,35.11447],[-83.24476,35.11504],[-83.2457,35.11517],[-83.24603,35.11532],[-83.24763,35.11656],[-83.24945,35.1171],[-83.25032,35.11724],[-83.25077,35.11719],[-83.25205,35.11668],[-83.25298,35.11693],[-83.25327,35.11665],[-83.2536,35.1165],[-83.25398,35.11596],[-83.25456,35.1156],[-83.25509,35.11495],[-83.25643,35.11428],[-83.25656,35.11408],[-83.25656,35.11351]]},"properties":{"net":"NC2974","o":1}},{"type":"Feature","geometry":{"type":"LineString","coordinates":[[-83.78225,35.47052],[-83.78557,35.46742],[-83.78653,35.46612]]},"properties":{"net":"out","o":4}},{"type":"Feature","geometry":{"type":"LineString","coordinates":[[-83.80356,35.45586],[-83.80458,35.45287],[-83.80456,35.4527]]},"properties":{"net":"out","o":7}},{"type":"Feature","geometry":{"type":"LineString","coordinates":[[-83.45144,35.35687],[-83.45166,35.35713]]},"properties":{"net":"out","o":4}},{"type":"Feature","geometry":{"type":"LineString","coordinates":[[-83.77933,35.48047],[-83.77975,35.48033],[-83.77978,35.47963],[-83.77956,35.47931],[-83.77906,35.47897],[-83.77795,35.47857],[-83.7776,35.47835],[-83.77753,35.47805],[-83.77759,35.47788]]},"properties":{"net":"out","o":4}},{"type":"Feature","geometry":{"type":"LineString","coordinates":[[-83.76746,35.48689],[-83.76858,35.48616],[-83.76908,35.48599],[-83.77075,35.48606],[-83.771,35.48641]]},"properties":{"net":"out","o":4}},{"type":"Feature","geometry":{"type":"LineString","coordinates":[[-83.71275,35.16401],[-83.71258,35.16648],[-83.71247,35.1667],[-83.71179,35.16705],[-83.7108,35.16731],[-83.71007,35.16814],[-83.70867,35.16913],[-83.70845,35.16946],[-83.7083,35.17023],[-83.70765,35.17148],[-83.70691,35.17246]]},"properties":{"net":"NC3035","o":1}},{"type":"Feature","geometry":{"type":"LineString","coordinates":[[-83.69673,35.44131],[-83.69796,35.44154],[-83.70562,35.44162]]},"properties":{"net":"out","o":7}},{"type":"Feature","geometry":{"type":"LineString","coordinates":[[-83.72641,35.44486],[-83.72797,35.44539],[-83.73013,35.44644],[-83.73173,35.44697]]},"properties":{"net":"out","o":7}},{"type":"Feature","geometry":{"type":"LineString","coordinates":[[-83.72382,35.44457],[-83.7251,35.44461],[-83.72641,35.44486]]},"properties":{"net":"out","o":7}},{"type":"Feature","geometry":{"type":"LineString","coordinates":[[-83.70558,35.18783],[-83.70453,35.18729],[-83.70363,35.18698],[-83.70263,35.18637],[-83.70216,35.18558],[-83.70174,35.18522],[-83.69866,35.18384],[-83.69797,35.18269],[-83.69763,35.18235],[-83.69668,35.18182],[-83.69552,35.18172],[-83.69531,35.18151]]},"properties":{"net":"NC3035","o":1}},{"type":"Feature","geometry":{"type":"LineString","coordinates":[[-83.45949,34.97413],[-83.45937,34.974],[-83.45908,34.97395],[-83.45886,34.97403],[-83.45848,34.97437],[-83.45828,34.9744],[-83.45804,34.97424],[-83.45761,34.97418],[-83.45736,34.97398],[-83.45702,34.97393]]},"properties":{"net":"NC2974","o":2}},{"type":"Feature","geometry":{"type":"LineString","coordinates":[[-83.45536,34.97923],[-83.45464,34.97901],[-83.45396,34.97897],[-83.45331,34.97862]]},"properties":{"net":"NC2974","o":1}},{"type":"Feature","geometry":{"type":"LineString","coordinates":[[-83.45384,34.99888],[-83.45342,34.99856],[-83.45299,34.99791],[-83.45279,34.99685],[-83.45215,34.99639],[-83.45215,34.99569],[-83.45148,34.99456],[-83.45058,34.99378],[-83.45038,34.99346],[-83.44945,34.9929],[-83.44925,34.9926],[-83.44922,34.99219]]},"properties":{"net":"NC2974","o":2}},{"type":"Feature","geometry":{"type":"LineString","coordinates":[[-83.44737,34.99029],[-83.44594,34.9884],[-83.44581,34.98797],[-83.44591,34.98741],[-83.4452,34.98729],[-83.44398,34.98681],[-83.4435,34.98627],[-83.44177,34.98476],[-83.44127,34.98501],[-83.44083,34.98501]]},"properties":{"net":"NC2974","o":3}},{"type":"Feature","geometry":{"type":"LineString","coordinates":[[-83.45467,35.1044],[-83.45499,35.10481],[-83.45526,35.10537],[-83.4562,35.10578],[-83.45638,35.10638],[-83.45696,35.10679],[-83.45728,35.10723]]},"properties":{"net":"NC6212","o":2}},{"type":"Feature","geometry":{"type":"LineString","coordinates":[[-83.44807,35.14381],[-83.44689,35.14425],[-83.44543,35.14575],[-83.4448,35.14572],[-83.44344,35.14542],[-83.443,35.14558],[-83.44227,35.14552],[-83.44188,35.1456]]},"properties":{"net":"NC2974","o":1}},{"type":"Feature","geometry":{"type":"LineString","coordinates":[[-83.461,35.29767],[-83.46164,35.29674],[-83.46208,35.29563],[-83.46248,35.29494],[-83.46286,35.29377],[-83.46303,35.29271],[-83.46271,35.29172],[-83.46296,35.29107],[-83.46426,35.28867],[-83.46488,35.28817],[-83.465,35.28774],[-83.46537,35.28719],[-83.46566,35.28651],[-83.46633,35.28569],[-83.46676,35.28533]]},"properties":{"net":"sm3007","o":1}},{"type":"Feature","geometry":{"type":"LineString","coordinates":[[-83.45483,35.2906],[-83.45501,35.28797],[-83.45519,35.28781],[-83.45561,35.28771],[-83.45635,35.28711],[-83.45753,35.28555],[-83.45825,35.28504]]},"properties":{"net":"sm3008","o":1}},{"type":"Feature","geometry":{"type":"LineString","coordinates":[[-83.7441,35.45421],[-83.74589,35.45337],[-83.74719,35.45261],[-83.75261,35.4487]]},"properties":{"net":"out","o":4}},{"type":"Feature","geometry":{"type":"LineString","coordinates":[[-83.76511,35.44285],[-83.76728,35.4435]]},"properties":{"net":"out","o":7}},{"type":"Feature","geometry":{"type":"LineString","coordinates":[[-83.67656,35.39997],[-83.67659,35.40035],[-83.67684,35.40075],[-83.67695,35.40121],[-83.67691,35.40156]]},"properties":{"net":"out","o":4}},{"type":"Feature","geometry":{"type":"LineString","coordinates":[[-83.67403,35.40772],[-83.6743,35.40783],[-83.67453,35.40874],[-83.67455,35.40925],[-83.67436,35.40953],[-83.67363,35.40947],[-83.67337,35.40958],[-83.67341,35.4098],[-83.67388,35.41019],[-83.67455,35.41034],[-83.67492,35.41058],[-83.67527,35.41085],[-83.67539,35.41126],[-83.67507,35.41194],[-83.67498,35.41236],[-83.67468,35.41253],[-83.67453,35.41278],[-83.67464,35.41311],[-83.67504,35.41343],[-83.67581,35.41371],[-83.67674,35.41368],[-83.67672,35.41408]]},"properties":{"net":"out","o":4}},{"type":"Feature","geometry":{"type":"LineString","coordinates":[[-83.67588,35.40558],[-83.67576,35.40598],[-83.67525,35.40648],[-83.67483,35.40671],[-83.6739,35.40659],[-83.67325,35.40693],[-83.67323,35.40731],[-83.67353,35.40752],[-83.67397,35.40762],[-83.67403,35.40772]]},"properties":{"net":"out","o":4}},{"type":"Feature","geometry":{"type":"LineString","coordinates":[[-83.67703,35.37634],[-83.67686,35.37653],[-83.67706,35.37688],[-83.67785,35.37747],[-83.67777,35.37909],[-83.67765,35.37963]]},"properties":{"net":"out","o":4}},{"type":"Feature","geometry":{"type":"LineString","coordinates":[[-83.63001,35.36541],[-83.63014,35.36575],[-83.62986,35.36665],[-83.62965,35.36696],[-83.62921,35.36716],[-83.62872,35.36724],[-83.62809,35.36759],[-83.62741,35.36781]]},"properties":{"net":"out","o":4}},{"type":"Feature","geometry":{"type":"LineString","coordinates":[[-83.6496,35.09881],[-83.64927,35.0981],[-83.64839,35.09686],[-83.6482,35.09638],[-83.64748,35.09572],[-83.64713,35.09518],[-83.6467,35.09395],[-83.64628,35.09343],[-83.64627,35.09258],[-83.6461,35.0917],[-83.64549,35.0907],[-83.64511,35.09034],[-83.64419,35.08991],[-83.64273,35.08963],[-83.64158,35.08973],[-83.64093,35.08969],[-83.64014,35.08942],[-83.63859,35.08864],[-83.6379,35.0884],[-83.63735,35.08832],[-83.63659,35.08841]]},"properties":{"net":"NC3035","o":1}},{"type":"Feature","geometry":{"type":"LineString","coordinates":[[-83.645,35.147],[-83.64715,35.14649]]},"properties":{"net":"NC3035","o":1}},{"type":"Feature","geometry":{"type":"LineString","coordinates":[[-83.63459,35.06885],[-83.63261,35.06885],[-83.63175,35.06912],[-83.62996,35.06898],[-83.62936,35.06925],[-83.62889,35.06963],[-83.62763,35.07124],[-83.62642,35.07198],[-83.62544,35.07335],[-83.62472,35.074],[-83.62359,35.07481],[-83.62274,35.07503],[-83.62137,35.07576],[-83.62126,35.07621],[-83.62098,35.07672],[-83.62037,35.07732],[-83.61888,35.0781],[-83.61724,35.07855],[-83.61646,35.07855],[-83.61524,35.07832],[-83.61357,35.07837],[-83.61302,35.07905],[-83.61276,35.07968],[-83.61271,35.08004]]},"properties":{"net":"NC3035","o":1}},{"type":"Feature","geometry":{"type":"LineString","coordinates":[[-83.67237,35.13221],[-83.67228,35.13362],[-83.67242,35.13417],[-83.67241,35.13468]]},"properties":{"net":"NC3035","o":2}},{"type":"Feature","geometry":{"type":"LineString","coordinates":[[-83.6746,35.18593],[-83.67431,35.1855],[-83.67387,35.18401],[-83.67363,35.18366],[-83.67382,35.1816],[-83.67358,35.18117]]},"properties":{"net":"NC3035","o":2}},{"type":"Feature","geometry":{"type":"LineString","coordinates":[[-83.66647,35.17452],[-83.66766,35.17613],[-83.66814,35.17707],[-83.66848,35.17809],[-83.66857,35.1805]]},"properties":{"net":"NC3035","o":4}},{"type":"Feature","geometry":{"type":"LineString","coordinates":[[-83.6594,35.22161],[-83.65973,35.22178],[-83.66,35.22209]]},"properties":{"net":"out","o":4}},{"type":"Feature","geometry":{"type":"LineString","coordinates":[[-83.63443,35.18605],[-83.63486,35.1858],[-83.63486,35.18562],[-83.63459,35.18522],[-83.63462,35.18507],[-83.63482,35.1849],[-83.63584,35.18481],[-83.63619,35.18487],[-83.63662,35.18511],[-83.63687,35.18559],[-83.63643,35.18671],[-83.63636,35.18715],[-83.63643,35.18739],[-83.6369,35.18794],[-83.6371,35.1884],[-83.63704,35.19033],[-83.63713,35.19066],[-83.6374,35.19109],[-83.63959,35.19217]]},"properties":{"net":"NC3035","o":3}},{"type":"Feature","geometry":{"type":"LineString","coordinates":[[-83.65172,35.21194],[-83.65137,35.21268],[-83.65143,35.21289],[-83.65266,35.21367],[-83.65288,35.21417],[-83.65278,35.21504],[-83.65235,35.21592],[-83.65213,35.21692],[-83.65183,35.21757],[-83.65178,35.21811],[-83.65193,35.21868],[-83.6525,35.21931],[-83.65392,35.22027],[-83.65445,35.22043],[-83.65577,35.22059]]},"properties":{"net":"out","o":4}},{"type":"Feature","geometry":{"type":"LineString","coordinates":[[-83.64569,35.43064],[-83.64625,35.42931],[-83.64648,35.429]]},"properties":{"net":"out","o":7}},{"type":"Feature","geometry":{"type":"LineString","coordinates":[[-83.62527,35.38418],[-83.62499,35.38435],[-83.62489,35.38454],[-83.6247,35.38636],[-83.62489,35.38691],[-83.62534,35.38729],[-83.62537,35.3877],[-83.62513,35.38809],[-83.62458,35.38852],[-83.62422,35.38913],[-83.62428,35.39034],[-83.62416,35.3908],[-83.62341,35.39201],[-83.62239,35.39283]]},"properties":{"net":"out","o":4}},{"type":"Feature","geometry":{"type":"LineString","coordinates":[[-83.62541,35.40987],[-83.62195,35.41137],[-83.62126,35.4115],[-83.62032,35.41139],[-83.61917,35.41064],[-83.6187,35.41058],[-83.61726,35.41119],[-83.61579,35.41164]]},"properties":{"net":"out","o":4}},{"type":"Feature","geometry":{"type":"LineString","coordinates":[[-83.62985,35.44099],[-83.6317,35.44189],[-83.63291,35.44228],[-83.63437,35.44246]]},"properties":{"net":"out","o":7}},{"type":"Feature","geometry":{"type":"LineString","coordinates":[[-83.62803,35.11205],[-83.62824,35.11252],[-83.62807,35.11283],[-83.62757,35.11288],[-83.62641,35.11264],[-83.62574,35.11274],[-83.62526,35.11314],[-83.62498,35.11373],[-83.62436,35.11419],[-83.62406,35.11514],[-83.62391,35.11536],[-83.62177,35.11589]]},"properties":{"net":"NC3035","o":3}},{"type":"Feature","geometry":{"type":"LineString","coordinates":[[-83.62177,35.11589],[-83.62183,35.11605],[-83.62254,35.1165],[-83.62286,35.11694],[-83.62369,35.11902],[-83.62363,35.11954],[-83.62322,35.12039],[-83.62237,35.12118],[-83.62119,35.12176],[-83.62034,35.12234],[-83.62002,35.12278],[-83.61969,35.12361]]},"properties":{"net":"NC3035","o":3}},{"type":"Feature","geometry":{"type":"LineString","coordinates":[[-83.61962,35.12364],[-83.62009,35.12592],[-83.62003,35.12617],[-83.61928,35.12692],[-83.61899,35.12783]]},"properties":{"net":"NC3035","o":4}},{"type":"Feature","geometry":{"type":"LineString","coordinates":[[-83.66578,35.28725],[-83.6659,35.28738]]},"properties":{"net":"out","o":5}},{"type":"Feature","geometry":{"type":"LineString","coordinates":[[-83.73193,35.15451],[-83.72902,35.15475],[-83.7264,35.15621],[-83.72504,35.15664],[-83.72405,35.15734]]},"properties":{"net":"NC3035","o":1}},{"type":"Feature","geometry":{"type":"LineString","coordinates":[[-83.66012,35.29513],[-83.65876,35.2957],[-83.65806,35.29642],[-83.65753,35.29719],[-83.65703,35.29768]]},"properties":{"net":"out","o":5}},{"type":"Feature","geometry":{"type":"LineString","coordinates":[[-83.68302,35.15416],[-83.68198,35.15395],[-83.68083,35.15419],[-83.67947,35.15462],[-83.67781,35.15473],[-83.67695,35.15506],[-83.67634,35.15505],[-83.67579,35.15492],[-83.6753,35.15468],[-83.67418,35.1532],[-83.67384,35.15259],[-83.67341,35.1522],[-83.67327,35.15137],[-83.6731,35.15106],[-83.67278,35.1508],[-83.67211,35.15057],[-83.67215,35.15016]]},"properties":{"net":"NC3035","o":1}},{"type":"Feature","geometry":{"type":"LineString","coordinates":[[-83.69083,35.18061],[-83.67877,35.18119],[-83.67358,35.18117]]},"properties":{"net":"NC3035","o":3}},{"type":"Feature","geometry":{"type":"LineString","coordinates":[[-83.69411,35.19186],[-83.69291,35.19003],[-83.69223,35.1892],[-83.69163,35.18791],[-83.69165,35.18721],[-83.69234,35.18464]]},"properties":{"net":"NC3035","o":2}},{"type":"Feature","geometry":{"type":"LineString","coordinates":[[-83.67356,35.20334],[-83.67386,35.20271],[-83.67468,35.20164],[-83.67488,35.20109],[-83.67525,35.20073],[-83.67541,35.20022],[-83.67575,35.19964],[-83.67651,35.19893],[-83.67703,35.19805],[-83.67764,35.1977],[-83.67799,35.19717],[-83.67848,35.19685],[-83.67918,35.19664],[-83.68019,35.19603],[-83.68134,35.19581]]},"properties":{"net":"NC3035","o":1}},{"type":"Feature","geometry":{"type":"LineString","coordinates":[[-83.64732,35.30749],[-83.64738,35.30786]]},"properties":{"net":"out","o":5}},{"type":"Feature","geometry":{"type":"LineString","coordinates":[[-83.60612,35.18479],[-83.60684,35.18464],[-83.60789,35.18482],[-83.60834,35.18477],[-83.61337,35.18568],[-83.6144,35.18573],[-83.61708,35.1844],[-83.6177,35.18395],[-83.61954,35.18361],[-83.62002,35.18312],[-83.62077,35.18183],[-83.62189,35.18057]]},"properties":{"net":"NC3035","o":1}},{"type":"Feature","geometry":{"type":"LineString","coordinates":[[-83.632,35.2288],[-83.63201,35.22888]]},"properties":{"net":"NC3207","o":4}},{"type":"Feature","geometry":{"type":"LineString","coordinates":[[-83.63201,35.22888],[-83.63201,35.22888]]},"properties":{"net":"out","o":4}},{"type":"Feature","geometry":{"type":"LineString","coordinates":[[-83.63131,35.32349],[-83.63095,35.3241],[-83.63064,35.3249]]},"properties":{"net":"out","o":5}},{"type":"Feature","geometry":{"type":"LineString","coordinates":[[-83.55372,35.36514],[-83.5544,35.36471]]},"properties":{"net":"sm8796222","o":1}},{"type":"Feature","geometry":{"type":"LineString","coordinates":[[-83.55352,35.36556],[-83.55357,35.36545]]},"properties":{"net":"sm8796222","o":1}},{"type":"Feature","geometry":{"type":"LineString","coordinates":[[-83.5638,35.38018],[-83.56391,35.38058],[-83.56391,35.38137]]},"properties":{"net":"out","o":5}},{"type":"Feature","geometry":{"type":"LineString","coordinates":[[-83.56511,35.37412],[-83.56509,35.37478],[-83.5649,35.37562],[-83.56405,35.37761],[-83.56341,35.37875],[-83.56346,35.37955],[-83.5638,35.38018]]},"properties":{"net":"out","o":5}},{"type":"Feature","geometry":{"type":"LineString","coordinates":[[-83.56,35.37287],[-83.56018,35.37259]]},"properties":{"net":"sm8796222","o":1}},{"type":"Feature","geometry":{"type":"LineString","coordinates":[[-83.53844,35.30055],[-83.53704,35.29992],[-83.53593,35.29956],[-83.53428,35.29941],[-83.53333,35.29901],[-83.53216,35.29811],[-83.53137,35.29804],[-83.53081,35.29775],[-83.53035,35.29764]]},"properties":{"net":"sm3032","o":1}},{"type":"Feature","geometry":{"type":"LineString","coordinates":[[-83.57964,35.34737],[-83.57893,35.34801],[-83.57846,35.34824]]},"properties":{"net":"out","o":5}},{"type":"Feature","geometry":{"type":"LineString","coordinates":[[-83.58769,35.35571],[-83.58684,35.35683],[-83.58682,35.35764],[-83.5867,35.35784]]},"properties":{"net":"sm8796217","o":1}},{"type":"Feature","geometry":{"type":"LineString","coordinates":[[-83.5615,35.05403],[-83.56018,35.05374],[-83.55883,35.05382],[-83.55737,35.05315],[-83.55658,35.05299],[-83.55575,35.05307],[-83.55499,35.05335]]},"properties":{"net":"NC3035","o":1}},{"type":"Feature","geometry":{"type":"LineString","coordinates":[[-83.5712,35.06876],[-83.57173,35.06848],[-83.57224,35.06843],[-83.57363,35.06873],[-83.57464,35.06936],[-83.57515,35.06935],[-83.57548,35.06921],[-83.57633,35.06856],[-83.5778,35.06815],[-83.57813,35.06766],[-83.57883,35.06722],[-83.57911,35.06654],[-83.58043,35.06618],[-83.58133,35.06624],[-83.58358,35.06722],[-83.5853,35.06819],[-83.58591,35.06843],[-83.58738,35.0684],[-83.58779,35.06827],[-83.58917,35.06707],[-83.58998,35.06586],[-83.59048,35.0654]]},"properties":{"net":"sm2948","o":1}},{"type":"Feature","geometry":{"type":"LineString","coordinates":[[-83.59048,35.0654],[-83.59158,35.06452],[-83.59218,35.0643]]},"properties":{"net":"sm2612","o":1}},{"type":"Feature","geometry":{"type":"LineString","coordinates":[[-83.56958,35.10012],[-83.57073,35.10001],[-83.57155,35.10022],[-83.57263,35.09996]]},"properties":{"net":"NC3035","o":2}},{"type":"Feature","geometry":{"type":"LineString","coordinates":[[-83.544,35.37344],[-83.54435,35.37304],[-83.54503,35.3726],[-83.54585,35.3716],[-83.54681,35.37069],[-83.54733,35.36911],[-83.54783,35.36821],[-83.54774,35.36721]]},"properties":{"net":"sm8796222","o":1}},{"type":"Feature","geometry":{"type":"LineString","coordinates":[[-83.53808,35.35834],[-83.53795,35.35873],[-83.5374,35.35935],[-83.53732,35.35971],[-83.53797,35.36054],[-83.53876,35.36104],[-83.53973,35.36191]]},"properties":{"net":"sm8796222","o":1}},{"type":"Feature","geometry":{"type":"LineString","coordinates":[[-83.54213,35.39285],[-83.54305,35.3928]]},"properties":{"net":"out","o":4}},{"type":"Feature","geometry":{"type":"LineString","coordinates":[[-83.32572,35.19134],[-83.32609,35.19205],[-83.32631,35.19356],[-83.32648,35.19394],[-83.32807,35.19512],[-83.32993,35.19608],[-83.33078,35.19624]]},"properties":{"net":"NC2974","o":2}},{"type":"Feature","geometry":{"type":"LineString","coordinates":[[-83.57833,35.3608],[-83.57814,35.35983],[-83.57758,35.35915],[-83.5773,35.35842],[-83.57802,35.35559]]},"properties":{"net":"sm8796217","o":1}},{"type":"Feature","geometry":{"type":"LineString","coordinates":[[-83.58795,35.37565],[-83.58668,35.37586],[-83.58627,35.37577],[-83.58569,35.37542]]},"properties":{"net":"sm8796223","o":1}},{"type":"Feature","geometry":{"type":"LineString","coordinates":[[-83.5729,35.39071],[-83.57482,35.39265]]},"properties":{"net":"out","o":6}},{"type":"Feature","geometry":{"type":"LineString","coordinates":[[-83.57516,35.39369],[-83.57499,35.39488],[-83.5748,35.39522],[-83.57371,35.39635],[-83.5726,35.39707],[-83.57051,35.39771],[-83.56815,35.39868],[-83.56715,35.39898],[-83.56654,35.39904],[-83.56592,35.39896],[-83.56537,35.39875],[-83.5634,35.39738],[-83.56256,35.39725],[-83.5616,35.39732]]},"properties":{"net":"out","o":6}},{"type":"Feature","geometry":{"type":"LineString","coordinates":[[-83.58826,35.43529],[-83.58963,35.43475],[-83.5907,35.43412]]},"properties":{"net":"out","o":7}},{"type":"Feature","geometry":{"type":"LineString","coordinates":[[-83.60508,35.35975],[-83.60402,35.35942],[-83.60323,35.35936],[-83.6028,35.35902],[-83.60175,35.35883],[-83.60129,35.35861],[-83.59992,35.3572],[-83.59929,35.35586],[-83.59855,35.35522],[-83.59767,35.35473],[-83.59737,35.35438]]},"properties":{"net":"sm8796217","o":1}},{"type":"Feature","geometry":{"type":"LineString","coordinates":[[-83.59737,35.35438],[-83.59665,35.35474]]},"properties":{"net":"sm8796217","o":2}},{"type":"Feature","geometry":{"type":"LineString","coordinates":[[-83.59665,35.35474],[-83.59379,35.35691]]},"properties":{"net":"sm8796217","o":2}},{"type":"Feature","geometry":{"type":"LineString","coordinates":[[-83.59379,35.35691],[-83.59247,35.35777],[-83.59069,35.35823],[-83.58936,35.35826]]},"properties":{"net":"sm8796217","o":2}},{"type":"Feature","geometry":{"type":"LineString","coordinates":[[-83.58075,35.19961],[-83.58239,35.20009],[-83.58273,35.20035],[-83.58305,35.20085],[-83.58368,35.20131]]},"properties":{"net":"sm2847","o":2}},{"type":"Feature","geometry":{"type":"LineString","coordinates":[[-83.51918,35.00043],[-83.51871,35.00126],[-83.51856,35.00193],[-83.51889,35.00259],[-83.5198,35.00382],[-83.51969,35.0044],[-83.5191,35.00513],[-83.51937,35.00624],[-83.51937,35.00662],[-83.51907,35.00729],[-83.51802,35.00857],[-83.51755,35.00934]]},"properties":{"net":"NC3035","o":1}},{"type":"Feature","geometry":{"type":"LineString","coordinates":[[-83.51755,35.00934],[-83.5142,35.0089],[-83.51236,35.00887],[-83.51165,35.00904],[-83.51033,35.00987],[-83.51012,35.01013],[-83.51003,35.01049],[-83.51,35.0118],[-83.51046,35.01285],[-83.51049,35.01361],[-83.51029,35.01492],[-83.51057,35.01576],[-83.51054,35.01597],[-83.51031,35.01628],[-83.50977,35.01652],[-83.50797,35.01795],[-83.50765,35.0181],[-83.5068,35.01826]]},"properties":{"net":"NC3035","o":2}},{"type":"Feature","geometry":{"type":"LineString","coordinates":[[-83.5238,35.02372],[-83.52361,35.02394],[-83.52344,35.02438],[-83.52328,35.0257],[-83.5225,35.02681],[-83.52214,35.02827]]},"properties":{"net":"NC3035","o":1}},{"type":"Feature","geometry":{"type":"LineString","coordinates":[[-83.47242,35.16183],[-83.47216,35.16159],[-83.47188,35.16059],[-83.47163,35.16024],[-83.47131,35.16007],[-83.47003,35.15983],[-83.46979,35.15966],[-83.46982,35.15956],[-83.47044,35.15935],[-83.47058,35.15918],[-83.47053,35.15887],[-83.47024,35.15836],[-83.46997,35.15813],[-83.46995,35.15798],[-83.47095,35.1576],[-83.47145,35.15679],[-83.47194,35.1563],[-83.47194,35.15599],[-83.47138,35.15503],[-83.47088,35.15482],[-83.46925,35.15454],[-83.46794,35.15409],[-83.46734,35.15369],[-83.4657,35.15228],[-83.46422,35.15189],[-83.46408,35.15172],[-83.46405,35.1514]]},"properties":{"net":"NC6212","o":4}},{"type":"Feature","geometry":{"type":"LineString","coordinates":[[-83.469,35.17549],[-83.46881,35.17517],[-83.46757,35.17424],[-83.46739,35.17421]]},"properties":{"net":"NC6212","o":2}},{"type":"Feature","geometry":{"type":"LineString","coordinates":[[-83.5552,35.29438],[-83.55372,35.29375],[-83.55262,35.29354],[-83.55192,35.29312],[-83.5516,35.29304],[-83.55063,35.29323],[-83.55002,35.29357],[-83.54855,35.29408],[-83.54744,35.2939],[-83.54589,35.29285],[-83.54456,35.29141],[-83.54305,35.29057],[-83.54255,35.28993],[-83.54048,35.28933],[-83.53979,35.28927]]},"properties":{"net":"sm3032","o":1}},{"type":"Feature","geometry":{"type":"LineString","coordinates":[[-83.56906,35.34425],[-83.56754,35.34436]]},"properties":{"net":"out","o":5}},{"type":"Feature","geometry":{"type":"LineString","coordinates":[[-83.56329,35.36062],[-83.56322,35.36087],[-83.56521,35.36326],[-83.56532,35.36388],[-83.56528,35.36448],[-83.56488,35.3657]]},"properties":{"net":"out","o":5}},{"type":"Feature","geometry":{"type":"LineString","coordinates":[[-83.56,35.37016],[-83.56055,35.37068],[-83.56174,35.37223]]},"properties":{"net":"sm8796222","o":3}},{"type":"Feature","geometry":{"type":"LineString","coordinates":[[-83.55827,35.37096],[-83.55845,35.37084]]},"properties":{"net":"sm8796219","o":1}},{"type":"Feature","geometry":{"type":"LineString","coordinates":[[-83.55845,35.37084],[-83.55856,35.37077]]},"properties":{"net":"sm8796222","o":1}},{"type":"Feature","geometry":{"type":"LineString","coordinates":[[-83.48396,35.35886],[-83.48424,35.35873],[-83.48467,35.35832],[-83.48515,35.3581],[-83.48562,35.35766],[-83.48617,35.35747],[-83.48693,35.35735],[-83.48729,35.35716],[-83.4878,35.35658],[-83.48818,35.35564],[-83.48864,35.35498],[-83.48876,35.35458]]},"properties":{"net":"sm3005","o":1}},{"type":"Feature","geometry":{"type":"LineString","coordinates":[[-83.52408,35.32675],[-83.52461,35.32755],[-83.52453,35.32817],[-83.52406,35.3287],[-83.52367,35.32895],[-83.52334,35.32904],[-83.52257,35.32903]]},"properties":{"net":"out","o":6}},{"type":"Feature","geometry":{"type":"LineString","coordinates":[[-83.52257,35.32903],[-83.52143,35.32915],[-83.52053,35.32896],[-83.51978,35.32867],[-83.51837,35.32772],[-83.51704,35.32748],[-83.51541,35.32751],[-83.51403,35.32803]]},"properties":{"net":"out","o":6}},{"type":"Feature","geometry":{"type":"LineString","coordinates":[[-83.5161,35.35792],[-83.51672,35.35825]]},"properties":{"net":"out","o":6}},{"type":"Feature","geometry":{"type":"LineString","coordinates":[[-83.50662,35.35563],[-83.50888,35.35594],[-83.5102,35.35597],[-83.51167,35.35692],[-83.5152,35.35756],[-83.5161,35.35792]]},"properties":{"net":"out","o":6}},{"type":"Feature","geometry":{"type":"LineString","coordinates":[[-83.51992,35.37383],[-83.52017,35.37468],[-83.52063,35.37522]]},"properties":{"net":"out","o":6}},{"type":"Feature","geometry":{"type":"LineString","coordinates":[[-83.50259,35.00554],[-83.50407,35.00719],[-83.5049,35.00774],[-83.50485,35.00848],[-83.50443,35.0101],[-83.50458,35.01099],[-83.50493,35.01153],[-83.50496,35.01201],[-83.50486,35.01253],[-83.50496,35.01316],[-83.50492,35.01353],[-83.50624,35.01566],[-83.50675,35.0181]]},"properties":{"net":"NC3035","o":1}},{"type":"Feature","geometry":{"type":"LineString","coordinates":[[-83.49374,35.01986],[-83.49443,35.01924],[-83.49536,35.01871],[-83.49588,35.01854],[-83.49712,35.01839],[-83.49766,35.01874],[-83.49874,35.02018],[-83.50036,35.02144],[-83.50113,35.02176],[-83.5018,35.02179],[-83.50242,35.02169]]},"properties":{"net":"NC3035","o":1}},{"type":"Feature","geometry":{"type":"LineString","coordinates":[[-83.48873,35.04626],[-83.48858,35.0451],[-83.4886,35.04352],[-83.48866,35.04304],[-83.48887,35.04257],[-83.48966,35.04204],[-83.49025,35.04187],[-83.49271,35.0419]]},"properties":{"net":"NC3035","o":1}},{"type":"Feature","geometry":{"type":"LineString","coordinates":[[-83.50137,35.09384],[-83.49987,35.09402]]},"properties":{"net":"NC6212","o":2}},{"type":"Feature","geometry":{"type":"LineString","coordinates":[[-83.47138,35.22914],[-83.47128,35.22971],[-83.47143,35.23076],[-83.47167,35.23106],[-83.47289,35.23194],[-83.47301,35.23255],[-83.47334,35.23337],[-83.47336,35.23402],[-83.47366,35.23452],[-83.47364,35.23462],[-83.47321,35.23481],[-83.47289,35.23525],[-83.47237,35.23553],[-83.47211,35.23599],[-83.47214,35.23642],[-83.4723,35.23664],[-83.47263,35.23677],[-83.47333,35.23685],[-83.47358,35.237],[-83.47366,35.23725],[-83.47344,35.23778],[-83.47344,35.23804]]},"properties":{"net":"out","o":4}},{"type":"Feature","geometry":{"type":"LineString","coordinates":[[-83.46852,35.27597],[-83.4691,35.27691],[-83.46908,35.27762],[-83.46885,35.27822]]},"properties":{"net":"out","o":6}},{"type":"Feature","geometry":{"type":"LineString","coordinates":[[-83.60427,35.11617],[-83.60441,35.11561],[-83.60468,35.11521],[-83.60539,35.11474],[-83.60717,35.11417],[-83.60867,35.11407]]},"properties":{"net":"NC3035","o":1}},{"type":"Feature","geometry":{"type":"LineString","coordinates":[[-83.59747,35.10458],[-83.59785,35.10504],[-83.59777,35.10598],[-83.59793,35.10648],[-83.59871,35.1077],[-83.59912,35.10882],[-83.59954,35.10915],[-83.60035,35.10928],[-83.60174,35.10915],[-83.60332,35.10877],[-83.60495,35.10874],[-83.60612,35.10903],[-83.60795,35.11003]]},"properties":{"net":"NC3035","o":4}},{"type":"Feature","geometry":{"type":"LineString","coordinates":[[-83.60534,35.12601],[-83.60669,35.12578],[-83.60814,35.1258],[-83.60982,35.12549],[-83.61058,35.12489],[-83.61126,35.12366]]},"properties":{"net":"NC3035","o":1}},{"type":"Feature","geometry":{"type":"LineString","coordinates":[[-83.59672,35.22861],[-83.59776,35.22893]]},"properties":{"net":"sm2849","o":3}},{"type":"Feature","geometry":{"type":"LineString","coordinates":[[-83.55763,35.36987],[-83.55788,35.36971]]},"properties":{"net":"sm8796222","o":1}},{"type":"Feature","geometry":{"type":"LineString","coordinates":[[-83.55705,35.36634],[-83.55813,35.36828],[-83.55905,35.36934]]},"properties":{"net":"sm8796222","o":3}},{"type":"Feature","geometry":{"type":"LineString","coordinates":[[-83.55603,35.36679],[-83.55705,35.36634]]},"properties":{"net":"sm8796222","o":1}},{"type":"Feature","geometry":{"type":"LineString","coordinates":[[-83.52998,35.03838],[-83.52915,35.03804],[-83.52771,35.03771],[-83.5264,35.03712],[-83.5257,35.03691],[-83.52428,35.03668],[-83.5233,35.03671],[-83.52277,35.03658],[-83.52246,35.0364],[-83.52165,35.03535],[-83.52068,35.03512]]},"properties":{"net":"NC3035","o":1}},{"type":"Feature","geometry":{"type":"LineString","coordinates":[[-83.52068,35.03512],[-83.51994,35.03507],[-83.51927,35.03452],[-83.51851,35.03449],[-83.51767,35.03468],[-83.5143,35.03608],[-83.51303,35.03647]]},"properties":{"net":"NC3035","o":2}},{"type":"Feature","geometry":{"type":"LineString","coordinates":[[-83.51268,35.0298],[-83.51285,35.03144],[-83.51345,35.03415],[-83.51303,35.03647]]},"properties":{"net":"NC3035","o":3}},{"type":"Feature","geometry":{"type":"LineString","coordinates":[[-83.51045,35.05643],[-83.5109,35.05656]]},"properties":{"net":"sm2747","o":2}},{"type":"Feature","geometry":{"type":"LineString","coordinates":[[-83.5109,35.05656],[-83.51192,35.05656]]},"properties":{"net":"NC3035","o":2}},{"type":"Feature","geometry":{"type":"LineString","coordinates":[[-83.50456,35.05639],[-83.50488,35.05642],[-83.50595,35.05615],[-83.50865,35.05596],[-83.50968,35.05606],[-83.51045,35.05643]]},"properties":{"net":"sm2747","o":2}},{"type":"Feature","geometry":{"type":"LineString","coordinates":[[-83.55706,35.14243],[-83.5554,35.1448],[-83.55511,35.14536],[-83.55485,35.1466],[-83.55504,35.14791],[-83.5549,35.14863],[-83.55467,35.14894],[-83.55405,35.14917],[-83.55377,35.14939]]},"properties":{"net":"NC6212","o":1}},{"type":"Feature","geometry":{"type":"LineString","coordinates":[[-83.55358,35.17858],[-83.55228,35.17738],[-83.55187,35.1767],[-83.54886,35.17462]]},"properties":{"net":"sm2961","o":1}},{"type":"Feature","geometry":{"type":"LineString","coordinates":[[-83.49749,35.09403],[-83.49657,35.09411],[-83.49572,35.09503],[-83.49539,35.09568],[-83.49532,35.09604],[-83.49545,35.09633],[-83.49544,35.0966],[-83.49572,35.09693],[-83.49547,35.09751],[-83.49542,35.09797],[-83.496,35.09949],[-83.49601,35.10035],[-83.49563,35.10142],[-83.49493,35.10212],[-83.49438,35.10347],[-83.49389,35.10407],[-83.49294,35.10495]]},"properties":{"net":"NC6212","o":3}},{"type":"Feature","geometry":{"type":"LineString","coordinates":[[-83.49829,35.11835],[-83.49788,35.11826],[-83.49743,35.11831],[-83.49627,35.11904]]},"properties":{"net":"NC6212","o":2}},{"type":"Feature","geometry":{"type":"LineString","coordinates":[[-83.49592,35.14116],[-83.49554,35.14126],[-83.49512,35.14117],[-83.49338,35.13958],[-83.49259,35.13943],[-83.49179,35.13904],[-83.49153,35.13906],[-83.49025,35.13957],[-83.48839,35.13996]]},"properties":{"net":"NC6212","o":2}},{"type":"Feature","geometry":{"type":"LineString","coordinates":[[-83.52701,35.07035],[-83.52742,35.07045],[-83.52836,35.07107],[-83.52846,35.07152],[-83.5282,35.07215],[-83.52829,35.07239],[-83.52856,35.07269]]},"properties":{"net":"NC3035","o":4}},{"type":"Feature","geometry":{"type":"LineString","coordinates":[[-83.52011,35.05867],[-83.51999,35.05945],[-83.51962,35.06064],[-83.51971,35.06122]]},"properties":{"net":"NC3035","o":2}},{"type":"Feature","geometry":{"type":"LineString","coordinates":[[-83.51145,35.09526],[-83.51042,35.09616],[-83.50986,35.0969],[-83.5096,35.09764],[-83.50966,35.09898],[-83.50921,35.1002]]},"properties":{"net":"NC6212","o":1}},{"type":"Feature","geometry":{"type":"LineString","coordinates":[[-83.51448,35.12644],[-83.51364,35.127]]},"properties":{"net":"sm3010","o":3}},{"type":"Feature","geometry":{"type":"LineString","coordinates":[[-83.51364,35.127],[-83.51317,35.12724],[-83.51202,35.12728],[-83.51073,35.12778],[-83.50995,35.12746],[-83.50922,35.1276],[-83.50841,35.12812],[-83.50812,35.12821],[-83.50639,35.12948],[-83.50611,35.12993],[-83.50604,35.13035],[-83.50535,35.13181]]},"properties":{"net":"NC6212","o":3}},{"type":"Feature","geometry":{"type":"LineString","coordinates":[[-83.50923,35.16492],[-83.50845,35.16523],[-83.50758,35.16509]]},"properties":{"net":"NC6212","o":3}},{"type":"Feature","geometry":{"type":"LineString","coordinates":[[-83.47212,35.06317],[-83.47153,35.06401],[-83.47116,35.06575],[-83.47138,35.06661],[-83.4714,35.06731],[-83.47155,35.06792],[-83.47215,35.06854],[-83.47233,35.06897],[-83.47224,35.07019],[-83.47168,35.07121],[-83.47101,35.07301],[-83.47032,35.07393],[-83.46999,35.07419]]},"properties":{"net":"NC6212","o":1}},{"type":"Feature","geometry":{"type":"LineString","coordinates":[[-83.4731,35.05792],[-83.47227,35.0579],[-83.47014,35.0575],[-83.46609,35.05765],[-83.46182,35.05725]]},"properties":{"net":"sm2977","o":1}},{"type":"Feature","geometry":{"type":"LineString","coordinates":[[-83.47829,35.10576],[-83.47814,35.10609],[-83.47833,35.10707],[-83.47919,35.10804],[-83.47931,35.10833],[-83.47915,35.10997],[-83.47879,35.11078],[-83.47792,35.11142],[-83.47762,35.11176],[-83.4773,35.11247],[-83.47729,35.11307],[-83.47717,35.11347],[-83.47686,35.11381],[-83.47654,35.11397]]},"properties":{"net":"NC6212","o":3}},{"type":"Feature","geometry":{"type":"LineString","coordinates":[[-83.51029,35.21262],[-83.508,35.21183],[-83.50747,35.21181],[-83.50596,35.21199],[-83.50449,35.21227],[-83.5018,35.21317],[-83.4995,35.213],[-83.49933,35.21316],[-83.49911,35.21374],[-83.4987,35.21426],[-83.49852,35.21429],[-83.4984,35.21406],[-83.49822,35.21412]]},"properties":{"net":"out","o":4}},{"type":"Feature","geometry":{"type":"LineString","coordinates":[[-83.5792,35.13504],[-83.57951,35.13393],[-83.57938,35.13298],[-83.57945,35.13267],[-83.58036,35.13197],[-83.58059,35.131],[-83.58087,35.13049],[-83.58204,35.13002],[-83.58242,35.12975],[-83.58341,35.12778],[-83.5836,35.12674],[-83.58361,35.12576],[-83.58379,35.12522],[-83.58417,35.1247],[-83.58428,35.12419],[-83.58403,35.12345],[-83.58359,35.12294],[-83.58321,35.12219],[-83.58283,35.12181]]},"properties":{"net":"NC3035","o":1}},{"type":"Feature","geometry":{"type":"LineString","coordinates":[[-83.58461,35.1682],[-83.58522,35.16786],[-83.58599,35.16688]]},"properties":{"net":"sm2846","o":1}},{"type":"Feature","geometry":{"type":"LineString","coordinates":[[-83.58599,35.16688],[-83.58736,35.16424],[-83.58817,35.16374],[-83.58918,35.16336],[-83.58932,35.16319],[-83.5894,35.16278],[-83.5892,35.16213],[-83.58926,35.16149],[-83.58919,35.16096],[-83.59014,35.1593],[-83.59051,35.15876],[-83.59097,35.15838],[-83.59134,35.15762],[-83.5912,35.15669],[-83.59133,35.15437],[-83.59168,35.15334],[-83.59201,35.15305]]},"properties":{"net":"NC3035","o":1}},{"type":"Feature","geometry":{"type":"LineString","coordinates":[[-83.58207,35.18088],[-83.5813,35.18221],[-83.58099,35.1831],[-83.58101,35.18348],[-83.58146,35.18397],[-83.58155,35.18449],[-83.58247,35.18556],[-83.58312,35.18621],[-83.58394,35.18672],[-83.58434,35.18713],[-83.58484,35.18795],[-83.58492,35.18859],[-83.58467,35.18922],[-83.584,35.19037],[-83.5835,35.19158],[-83.5824,35.19313],[-83.58171,35.19388],[-83.58149,35.19435],[-83.58156,35.19471],[-83.58142,35.19516],[-83.58086,35.19596],[-83.58074,35.19675],[-83.58103,35.19764],[-83.58106,35.19801],[-83.58075,35.19961]]},"properties":{"net":"sm2847","o":1}},{"type":"Feature","geometry":{"type":"LineString","coordinates":[[-83.50892,35.27349],[-83.50872,35.27361]]},"properties":{"net":"out","o":4}},{"type":"Feature","geometry":{"type":"LineString","coordinates":[[-83.5304,35.05739],[-83.52963,35.05729],[-83.52838,35.05743],[-83.52695,35.05721],[-83.52618,35.05727],[-83.52533,35.05672],[-83.52487,35.05656],[-83.52328,35.05663],[-83.52209,35.05691],[-83.52149,35.05719],[-83.52102,35.05756],[-83.52052,35.05844],[-83.52011,35.05867]]},"properties":{"net":"NC3035","o":1}},{"type":"Feature","geometry":{"type":"LineString","coordinates":[[-83.53246,35.07856],[-83.5323,35.07936],[-83.53153,35.07989],[-83.53123,35.08034],[-83.53126,35.08071],[-83.5317,35.08133],[-83.53181,35.08173],[-83.53181,35.08312],[-83.53138,35.0849]]},"properties":{"net":"NC3035","o":4}},{"type":"Feature","geometry":{"type":"LineString","coordinates":[[-83.48338,35.11653],[-83.48103,35.11603],[-83.47935,35.11551],[-83.47715,35.11443],[-83.47654,35.11397]]},"properties":{"net":"NC6212","o":1}},{"type":"Feature","geometry":{"type":"LineString","coordinates":[[-83.52519,35.34315],[-83.52403,35.3429]]},"properties":{"net":"out","o":6}},{"type":"Feature","geometry":{"type":"LineString","coordinates":[[-83.47212,35.10974],[-83.47345,35.11018],[-83.47421,35.11129],[-83.47521,35.11179],[-83.47586,35.11283],[-83.4756,35.11378]]},"properties":{"net":"NC6212","o":1}},{"type":"Feature","geometry":{"type":"LineString","coordinates":[[-83.47085,35.10368],[-83.47143,35.1035],[-83.47189,35.10366],[-83.47331,35.10357],[-83.47445,35.1037],[-83.47627,35.10472],[-83.47786,35.10527],[-83.47829,35.10576]]},"properties":{"net":"NC6212","o":1}},{"type":"Feature","geometry":{"type":"LineString","coordinates":[[-83.47432,35.12205],[-83.47506,35.12247],[-83.47519,35.12312],[-83.47599,35.12399],[-83.47658,35.12414],[-83.47688,35.12388],[-83.47707,35.12385],[-83.47757,35.12415],[-83.47812,35.12423]]},"properties":{"net":"NC6212","o":4}},{"type":"Feature","geometry":{"type":"LineString","coordinates":[[-83.55499,35.05335],[-83.55481,35.05406],[-83.55431,35.05488],[-83.55366,35.0553],[-83.55274,35.05542],[-83.55242,35.05558],[-83.55141,35.05643],[-83.55095,35.05699]]},"properties":{"net":"NC3035","o":2}},{"type":"Feature","geometry":{"type":"LineString","coordinates":[[-83.56162,35.07329],[-83.55841,35.07196],[-83.55646,35.07151]]},"properties":{"net":"sm2750","o":1}},{"type":"Feature","geometry":{"type":"LineString","coordinates":[[-83.55646,35.07151],[-83.55588,35.07141],[-83.55562,35.07127],[-83.55516,35.07048],[-83.5545,35.0702],[-83.5542,35.06986],[-83.55364,35.06868],[-83.55332,35.06824],[-83.55313,35.06809],[-83.55233,35.06784]]},"properties":{"net":"NC3035","o":1}},{"type":"Feature","geometry":{"type":"LineString","coordinates":[[-83.55427,35.09705],[-83.55449,35.09673]]},"properties":{"net":"NC3035","o":1}},{"type":"Feature","geometry":{"type":"LineString","coordinates":[[-83.54969,35.10745],[-83.55122,35.10577],[-83.55271,35.10487],[-83.55373,35.10402],[-83.55406,35.10313],[-83.55425,35.10286],[-83.55456,35.10274],[-83.55519,35.1027],[-83.55577,35.10233]]},"properties":{"net":"NC3211","o":1}},{"type":"Feature","geometry":{"type":"LineString","coordinates":[[-83.56658,35.12187],[-83.56837,35.1219]]},"properties":{"net":"NC3035","o":1}},{"type":"Feature","geometry":{"type":"LineString","coordinates":[[-83.50205,35.28465],[-83.50128,35.28497],[-83.50058,35.28486]]},"properties":{"net":"out","o":4}},{"type":"Feature","geometry":{"type":"LineString","coordinates":[[-83.48453,35.28825],[-83.48525,35.28665],[-83.48563,35.28628],[-83.4868,35.2861],[-83.48863,35.28626]]},"properties":{"net":"out","o":6}},{"type":"Feature","geometry":{"type":"LineString","coordinates":[[-83.41317,35.01058],[-83.41287,35.01119],[-83.41209,35.01383],[-83.41211,35.01427],[-83.41228,35.01476],[-83.41244,35.01679],[-83.41222,35.01754],[-83.41237,35.01837],[-83.41221,35.01908],[-83.41224,35.01972],[-83.41189,35.02032],[-83.41176,35.02077],[-83.41183,35.02173],[-83.4116,35.02259],[-83.41163,35.02335],[-83.41155,35.02354]]},"properties":{"net":"sm3022","o":1}},{"type":"Feature","geometry":{"type":"LineString","coordinates":[[-83.40888,35.0064],[-83.40914,35.00523],[-83.40888,35.00416],[-83.40882,35.00341],[-83.40827,35.0025],[-83.40817,35.00177],[-83.40785,35.00089],[-83.40755,35.00055],[-83.40681,35.0001]]},"properties":{"net":"NC2974","o":1}},{"type":"Feature","geometry":{"type":"LineString","coordinates":[[-83.41881,35.25001],[-83.41909,35.25022],[-83.41952,35.25078],[-83.41965,35.25153],[-83.41848,35.25591],[-83.41824,35.25725],[-83.41811,35.25881]]},"properties":{"net":"out","o":5}},{"type":"Feature","geometry":{"type":"LineString","coordinates":[[-83.40935,35.26251],[-83.40992,35.26226],[-83.41047,35.26139],[-83.41187,35.26089],[-83.41216,35.26056],[-83.41225,35.26021],[-83.41242,35.25999],[-83.4138,35.25968]]},"properties":{"net":"out","o":5}},{"type":"Feature","geometry":{"type":"LineString","coordinates":[[-83.40504,35.2921],[-83.40462,35.29191],[-83.40306,35.29168],[-83.40288,35.29146],[-83.40265,35.29086],[-83.40243,35.29067],[-83.4012,35.29007],[-83.40046,35.28947],[-83.3993,35.28904]]},"properties":{"net":"sm3009","o":1}},{"type":"Feature","geometry":{"type":"LineString","coordinates":[[-83.43953,35.0963],[-83.43888,35.09701],[-83.43838,35.09731],[-83.43806,35.0992],[-83.43762,35.10009],[-83.43697,35.10039],[-83.43546,35.10046],[-83.43519,35.10058],[-83.43403,35.10233],[-83.43326,35.1031],[-83.43316,35.1035],[-83.43315,35.10435],[-83.43261,35.10526],[-83.43234,35.10548],[-83.43095,35.10589],[-83.43009,35.10652]]},"properties":{"net":"sm3026","o":1}},{"type":"Feature","geometry":{"type":"LineString","coordinates":[[-83.42887,35.11833],[-83.42733,35.11827],[-83.4266,35.118],[-83.42583,35.11753],[-83.42548,35.11763],[-83.42513,35.11787]]},"properties":{"net":"sm3024","o":2}},{"type":"Feature","geometry":{"type":"LineString","coordinates":[[-83.4259,35.26421],[-83.42751,35.26341],[-83.42881,35.26311],[-83.43045,35.26254],[-83.43261,35.26243],[-83.43518,35.26277],[-83.43716,35.26287],[-83.43921,35.26258],[-83.43964,35.26239],[-83.44036,35.26175],[-83.44073,35.26123],[-83.44121,35.25958],[-83.44156,35.25878],[-83.44197,35.25829]]},"properties":{"net":"out","o":6}},{"type":"Feature","geometry":{"type":"LineString","coordinates":[[-83.44022,35.30387],[-83.44031,35.30325],[-83.44076,35.30264],[-83.44084,35.30227]]},"properties":{"net":"sm3028","o":2}},{"type":"Feature","geometry":{"type":"LineString","coordinates":[[-83.41696,35.12682],[-83.41605,35.12623],[-83.4148,35.12597],[-83.41415,35.12567],[-83.41352,35.12504],[-83.41289,35.12413],[-83.41171,35.12338],[-83.41092,35.1225],[-83.41036,35.12132],[-83.41027,35.12008],[-83.41039,35.11946],[-83.4103,35.11906],[-83.40937,35.11734],[-83.40891,35.11585],[-83.40886,35.11537],[-83.40897,35.11464],[-83.40884,35.11331]]},"properties":{"net":"NC2974","o":1}},{"type":"Feature","geometry":{"type":"LineString","coordinates":[[-83.40715,35.11223],[-83.40543,35.11239],[-83.40355,35.11201],[-83.4025,35.11231],[-83.40105,35.11247],[-83.39967,35.11277],[-83.39839,35.11342],[-83.39822,35.11337],[-83.39798,35.11301],[-83.39751,35.11263],[-83.39669,35.11227],[-83.39647,35.1119],[-83.39641,35.11161]]},"properties":{"net":"NC2974","o":3}},{"type":"Feature","geometry":{"type":"LineString","coordinates":[[-83.42495,35.14726],[-83.42386,35.14618]]},"properties":{"net":"NC2974","o":1}},{"type":"Feature","geometry":{"type":"LineString","coordinates":[[-83.40434,35.15192],[-83.40506,35.1523],[-83.40569,35.15238],[-83.40643,35.15265],[-83.4069,35.15342],[-83.40879,35.15471],[-83.40968,35.15589]]},"properties":{"net":"NC2974","o":1}},{"type":"Feature","geometry":{"type":"LineString","coordinates":[[-83.41954,35.1751],[-83.41968,35.1748],[-83.42028,35.17425],[-83.42058,35.17374]]},"properties":{"net":"sm3011","o":1}},{"type":"Feature","geometry":{"type":"LineString","coordinates":[[-83.41931,35.1755],[-83.41954,35.1751]]},"properties":{"net":"sm3011","o":1}},{"type":"Feature","geometry":{"type":"LineString","coordinates":[[-83.42417,34.92194],[-83.42283,34.92284],[-83.4218,34.92299],[-83.42143,34.92374],[-83.42076,34.924],[-83.42064,34.92413],[-83.42059,34.92449],[-83.42067,34.92473]]},"properties":{"net":"NC2974","o":2}},{"type":"Feature","geometry":{"type":"LineString","coordinates":[[-83.41974,34.93328],[-83.41855,34.93422],[-83.41599,34.93597]]},"properties":{"net":"NC2974","o":3}},{"type":"Feature","geometry":{"type":"LineString","coordinates":[[-83.41371,34.93302],[-83.41408,34.93315]]},"properties":{"net":"NC2974","o":1}},{"type":"Feature","geometry":{"type":"LineString","coordinates":[[-83.41585,34.93619],[-83.41522,34.93695],[-83.41508,34.93724],[-83.41507,34.93759],[-83.41456,34.93783],[-83.41435,34.93826],[-83.41393,34.93833],[-83.41377,34.93845],[-83.41364,34.939],[-83.41294,34.93954],[-83.41294,34.94002],[-83.41274,34.94005],[-83.41229,34.93981],[-83.41161,34.93987],[-83.41107,34.93978],[-83.40926,34.93895],[-83.40877,34.93919],[-83.40834,34.93985],[-83.40809,34.94003],[-83.40779,34.9399],[-83.40554,34.93941]]},"properties":{"net":"NC2974","o":3}},{"type":"Feature","geometry":{"type":"LineString","coordinates":[[-83.42041,34.96701],[-83.41911,34.96791],[-83.41804,34.9689],[-83.41737,34.9693],[-83.41708,34.96959],[-83.41692,34.97004],[-83.41694,34.97044],[-83.41714,34.97106]]},"properties":{"net":"NC2974","o":1}},{"type":"Feature","geometry":{"type":"LineString","coordinates":[[-83.41357,34.99989],[-83.41274,34.99973],[-83.41159,34.99924]]},"properties":{"net":"NC2974","o":2}},{"type":"Feature","geometry":{"type":"LineString","coordinates":[[-83.39059,35.18034],[-83.39021,35.18057],[-83.38995,35.18057],[-83.38969,35.18043],[-83.38856,35.17912],[-83.38806,35.1788],[-83.3871,35.17914],[-83.38579,35.17892],[-83.38411,35.1791],[-83.38128,35.1791],[-83.37953,35.17897],[-83.37898,35.17907],[-83.37834,35.17952],[-83.37775,35.18025],[-83.37728,35.18108],[-83.37691,35.1815],[-83.37679,35.18217],[-83.37595,35.18302],[-83.37552,35.18401],[-83.37446,35.18489],[-83.37438,35.18546],[-83.37463,35.18619],[-83.37483,35.18721]]},"properties":{"net":"NC2974","o":2}},{"type":"Feature","geometry":{"type":"LineString","coordinates":[[-83.3907,35.16658],[-83.38999,35.16663],[-83.38775,35.16643],[-83.38611,35.16662],[-83.38473,35.1672],[-83.38357,35.16749],[-83.38279,35.16779],[-83.38101,35.16865],[-83.38074,35.16906],[-83.37928,35.17064],[-83.37812,35.17139],[-83.37665,35.17193],[-83.37567,35.1729],[-83.37508,35.17318],[-83.37362,35.17337],[-83.37298,35.1728],[-83.37237,35.17253]]},"properties":{"net":"NC2974","o":1}},{"type":"Feature","geometry":{"type":"LineString","coordinates":[[-83.36029,35.20656],[-83.36048,35.20683],[-83.36053,35.20715],[-83.36045,35.20734],[-83.36062,35.20751],[-83.36073,35.20812],[-83.36061,35.20875],[-83.36088,35.20902],[-83.361,35.20967],[-83.36199,35.21098],[-83.36298,35.21188],[-83.36344,35.21265]]},"properties":{"net":"NC2974","o":3}},{"type":"Feature","geometry":{"type":"LineString","coordinates":[[-83.3956,35.24063],[-83.39606,35.24252],[-83.39598,35.24302],[-83.39562,35.24378]]},"properties":{"net":"out","o":5}},{"type":"Feature","geometry":{"type":"LineString","coordinates":[[-83.39165,35.22831],[-83.39192,35.22848],[-83.39211,35.22877],[-83.39215,35.22907],[-83.39177,35.23043],[-83.39178,35.23112],[-83.3922,35.23278],[-83.39253,35.23328]]},"properties":{"net":"out","o":5}},{"type":"Feature","geometry":{"type":"LineString","coordinates":[[-83.40049,35.28122],[-83.4006,35.28078],[-83.40107,35.28036]]},"properties":{"net":"sm3009","o":3}},{"type":"Feature","geometry":{"type":"LineString","coordinates":[[-83.39802,35.28561],[-83.39812,35.2854],[-83.39857,35.28508],[-83.39899,35.28444],[-83.39967,35.28387],[-83.39989,35.28309],[-83.40035,35.28203],[-83.40035,35.28158],[-83.40049,35.28122]]},"properties":{"net":"sm3009","o":3}},{"type":"Feature","geometry":{"type":"LineString","coordinates":[[-83.38342,35.28024],[-83.38376,35.27948],[-83.38462,35.27881],[-83.38431,35.27842],[-83.38439,35.27776],[-83.38524,35.277],[-83.38597,35.27608]]},"properties":{"net":"out","o":4}},{"type":"Feature","geometry":{"type":"LineString","coordinates":[[-83.35738,35.00398],[-83.35812,35.00309],[-83.35882,35.00174],[-83.35893,35.00113],[-83.3586,35.00009]]},"properties":{"net":"NC2974","o":1}},{"type":"Feature","geometry":{"type":"LineString","coordinates":[[-83.34044,35.02523],[-83.34083,35.02488],[-83.34129,35.02399],[-83.34166,35.02363],[-83.34225,35.02273],[-83.34306,35.02235],[-83.34417,35.0222],[-83.34479,35.02154],[-83.34534,35.02118],[-83.34576,35.02077],[-83.34634,35.0197],[-83.34645,35.01886],[-83.34663,35.01854],[-83.34704,35.01828],[-83.34828,35.01808],[-83.34903,35.01758],[-83.34994,35.01727],[-83.35066,35.01684]]},"properties":{"net":"NC2974","o":1}},{"type":"Feature","geometry":{"type":"LineString","coordinates":[[-83.34431,35.11321],[-83.34559,35.11243],[-83.34607,35.11184],[-83.34766,35.11128],[-83.34813,35.111],[-83.34844,35.11034],[-83.34917,35.10954],[-83.35007,35.10878],[-83.35054,35.10778],[-83.35124,35.10709],[-83.35183,35.10683]]},"properties":{"net":"sm3020","o":2}},{"type":"Feature","geometry":{"type":"LineString","coordinates":[[-83.44491,35.17582],[-83.44445,35.17545],[-83.44373,35.17515],[-83.44202,35.17457],[-83.44107,35.17386],[-83.44038,35.17363],[-83.4383,35.17175],[-83.43618,35.17027],[-83.43568,35.16973],[-83.43536,35.16847],[-83.43381,35.16685],[-83.43053,35.16773],[-83.43022,35.16769],[-83.4298,35.16745],[-83.42957,35.16714],[-83.42997,35.16651],[-83.43007,35.16583],[-83.42999,35.16564],[-83.42939,35.16524],[-83.42921,35.16486],[-83.42919,35.16404],[-83.42942,35.1633]]},"properties":{"net":"NC2974","o":1}},{"type":"Feature","geometry":{"type":"LineString","coordinates":[[-83.36477,34.91856],[-83.3654,34.91859]]},"properties":{"net":"NC2974","o":2}},{"type":"Feature","geometry":{"type":"LineString","coordinates":[[-83.38291,34.97218],[-83.38296,34.97242]]},"properties":{"net":"NC2974","o":1}},{"type":"Feature","geometry":{"type":"LineString","coordinates":[[-83.37681,34.96121],[-83.37649,34.96161],[-83.37619,34.96282]]},"properties":{"net":"NC2974","o":4}},{"type":"Feature","geometry":{"type":"LineString","coordinates":[[-83.37599,34.96288],[-83.3761,34.96296]]},"properties":{"net":"NC2974","o":3}},{"type":"Feature","geometry":{"type":"LineString","coordinates":[[-83.35947,35.13313],[-83.36003,35.13412]]},"properties":{"net":"sm3029","o":2}},{"type":"Feature","geometry":{"type":"LineString","coordinates":[[-83.33435,35.1462],[-83.33439,35.14668],[-83.33404,35.14766],[-83.33397,35.14824],[-83.33419,35.14894],[-83.33471,35.14975],[-83.33499,35.15092],[-83.33566,35.15201],[-83.33631,35.15244],[-83.33692,35.15328],[-83.33738,35.15356],[-83.33815,35.15375],[-83.3384,35.15391],[-83.33874,35.15484],[-83.3406,35.15707],[-83.34122,35.15856],[-83.34169,35.15928],[-83.34175,35.16013],[-83.3415,35.16126],[-83.34147,35.16196],[-83.3416,35.16236],[-83.34195,35.16279],[-83.342,35.16394],[-83.34261,35.16478],[-83.34256,35.16608],[-83.34269,35.16718],[-83.34236,35.16805],[-83.34264,35.16861]]},"properties":{"net":"sm3016","o":1}},{"type":"Feature","geometry":{"type":"LineString","coordinates":[[-83.34264,35.16861],[-83.34284,35.1691],[-83.34328,35.16928]]},"properties":{"net":"NC2974","o":1}},{"type":"Feature","geometry":{"type":"LineString","coordinates":[[-83.34226,35.1918],[-83.34185,35.19216],[-83.34161,35.19257],[-83.34148,35.19302],[-83.34146,35.19368],[-83.34114,35.19461],[-83.34112,35.19504],[-83.3414,35.19605],[-83.34143,35.19702],[-83.3414,35.1974],[-83.34116,35.1977]]},"properties":{"net":"NC2974","o":2}},{"type":"Feature","geometry":{"type":"LineString","coordinates":[[-83.33555,35.19476],[-83.33605,35.19489],[-83.33725,35.19476],[-83.33783,35.19481],[-83.33867,35.19501],[-83.34001,35.19554],[-83.34045,35.19585],[-83.34075,35.19625],[-83.34116,35.1977]]},"properties":{"net":"NC2974","o":3}},{"type":"Feature","geometry":{"type":"LineString","coordinates":[[-83.34833,35.22913],[-83.35013,35.22885],[-83.35103,35.2286]]},"properties":{"net":"sm3027","o":3}},{"type":"Feature","geometry":{"type":"LineString","coordinates":[[-83.3475,35.2322],[-83.34803,35.2315],[-83.34932,35.23029],[-83.34982,35.22948],[-83.35103,35.2286]]},"properties":{"net":"sm3027","o":2}},{"type":"Feature","geometry":{"type":"LineString","coordinates":[[-83.31712,34.9628],[-83.31786,34.96271],[-83.31852,34.96251],[-83.31933,34.96247],[-83.32051,34.96186],[-83.32175,34.96177],[-83.32191,34.96167],[-83.32232,34.96102],[-83.32294,34.96061],[-83.32453,34.96004],[-83.32509,34.95972]]},"properties":{"net":"NC2974","o":1}},{"type":"Feature","geometry":{"type":"LineString","coordinates":[[-83.31706,34.95669],[-83.31805,34.95731],[-83.32022,34.95828],[-83.32129,34.95847],[-83.32242,34.95835],[-83.32316,34.95842],[-83.3236,34.9587],[-83.32433,34.95936],[-83.32509,34.95972]]},"properties":{"net":"NC2974","o":1}},{"type":"Feature","geometry":{"type":"LineString","coordinates":[[-83.32476,34.98395],[-83.32571,34.98361],[-83.32597,34.9836],[-83.32644,34.98322],[-83.32692,34.9832],[-83.32773,34.98357],[-83.32803,34.98356],[-83.32906,34.98319],[-83.32998,34.98298],[-83.33117,34.98286]]},"properties":{"net":"NC2974","o":3}},{"type":"Feature","geometry":{"type":"LineString","coordinates":[[-83.37454,34.97215],[-83.37462,34.97216]]},"properties":{"net":"NC2974","o":2}},{"type":"Feature","geometry":{"type":"LineString","coordinates":[[-83.38218,34.98273],[-83.38241,34.98331],[-83.38247,34.98399],[-83.38241,34.98423],[-83.3822,34.98441],[-83.38201,34.9851],[-83.38101,34.98612],[-83.38024,34.98649],[-83.37996,34.98686],[-83.37998,34.98733],[-83.38092,34.98807],[-83.38153,34.98887],[-83.38201,34.98972],[-83.38191,34.99057],[-83.38199,34.99095],[-83.3818,34.99195]]},"properties":{"net":"NC2974","o":4}},{"type":"Feature","geometry":{"type":"LineString","coordinates":[[-83.37069,34.99218],[-83.36973,34.99125],[-83.36931,34.9906],[-83.36845,34.99011],[-83.36788,34.98944],[-83.36758,34.98886],[-83.36724,34.98862],[-83.36681,34.9881],[-83.36596,34.98684],[-83.36574,34.98622],[-83.36568,34.98463],[-83.36537,34.98381]]},"properties":{"net":"NC2974","o":1}},{"type":"Feature","geometry":{"type":"LineString","coordinates":[[-83.38128,35.01509],[-83.38134,35.01515]]},"properties":{"net":"NC2974","o":2}},{"type":"Feature","geometry":{"type":"LineString","coordinates":[[-83.36803,35.05639],[-83.36862,35.05582]]},"properties":{"net":"NC2974","o":3}},{"type":"Feature","geometry":{"type":"LineString","coordinates":[[-83.36607,35.07523],[-83.36555,35.07438],[-83.36424,35.07325],[-83.36364,35.07231],[-83.36378,35.07095],[-83.36371,35.0707],[-83.36336,35.07027],[-83.36328,35.06996],[-83.36358,35.06887]]},"properties":{"net":"NC2974","o":1}},{"type":"Feature","geometry":{"type":"LineString","coordinates":[[-83.35629,35.11348],[-83.35757,35.11311],[-83.35906,35.11317],[-83.35995,35.11339],[-83.36096,35.11391],[-83.36165,35.11384],[-83.36313,35.11321],[-83.36419,35.11291],[-83.36545,35.11277],[-83.36737,35.11187],[-83.36796,35.11217],[-83.36857,35.11228],[-83.36912,35.11266],[-83.36947,35.11308],[-83.36951,35.11357],[-83.36932,35.11455],[-83.36961,35.1151],[-83.36912,35.11603],[-83.36909,35.11625],[-83.36936,35.1167],[-83.36996,35.11721],[-83.37019,35.11723],[-83.37051,35.11696],[-83.37087,35.11687],[-83.37188,35.11691],[-83.37276,35.11716],[-83.37431,35.11723],[-83.3747,35.11698],[-83.37527,35.11624],[-83.37615,35.11613]]},"properties":{"net":"NC2974","o":1}},{"type":"Feature","geometry":{"type":"LineString","coordinates":[[-83.37967,35.13785],[-83.379,35.13815],[-83.37784,35.13828]]},"properties":{"net":"NC2974","o":2}},{"type":"Feature","geometry":{"type":"LineString","coordinates":[[-83.37728,35.13181],[-83.37741,35.13184]]},"properties":{"net":"NC2974","o":2}},{"type":"Feature","geometry":{"type":"LineString","coordinates":[[-83.38228,35.14239],[-83.382,35.14327],[-83.38243,35.14658],[-83.38224,35.14706],[-83.38196,35.14746],[-83.38119,35.14779],[-83.3811,35.14857]]},"properties":{"net":"NC2974","o":1}},{"type":"Feature","geometry":{"type":"LineString","coordinates":[[-83.39106,35.32209],[-83.3917,35.32167],[-83.39192,35.32136],[-83.39252,35.32114],[-83.39307,35.32059],[-83.39387,35.32012],[-83.39427,35.31891],[-83.39455,35.31838],[-83.39466,35.31758],[-83.39494,35.31704],[-83.39539,35.31676]]},"properties":{"net":"sm3009","o":1}},{"type":"Feature","geometry":{"type":"LineString","coordinates":[[-83.33841,35.24069],[-83.33919,35.24026],[-83.3397,35.23955],[-83.34077,35.23916],[-83.34109,35.2389],[-83.34119,35.23866],[-83.34118,35.23787],[-83.34161,35.2373],[-83.34178,35.23681],[-83.34183,35.23498],[-83.34235,35.23451],[-83.34254,35.23403],[-83.34407,35.23388],[-83.34538,35.23355],[-83.34652,35.23303],[-83.34707,35.23245],[-83.3475,35.2322]]},"properties":{"net":"sm3027","o":2}},{"type":"Feature","geometry":{"type":"LineString","coordinates":[[-83.32036,35.01365],[-83.32147,35.01333],[-83.32218,35.0129],[-83.32253,35.01279],[-83.32481,35.01279],[-83.32554,35.01265],[-83.32666,35.01261],[-83.32739,35.01247],[-83.32814,35.01212],[-83.32892,35.01216],[-83.33124,35.01201],[-83.33181,35.01194],[-83.33245,35.01168]]},"properties":{"net":"NC2974","o":1}},{"type":"Feature","geometry":{"type":"LineString","coordinates":[[-83.32066,35.03448],[-83.32274,35.03576],[-83.32392,35.03689],[-83.32442,35.03722],[-83.32598,35.03758],[-83.32667,35.03792],[-83.32721,35.03806],[-83.32932,35.03774],[-83.33061,35.03783],[-83.33134,35.03769],[-83.33215,35.03821],[-83.33232,35.03818],[-83.33277,35.0374],[-83.33346,35.03694],[-83.33407,35.036],[-83.33427,35.03552],[-83.33442,35.03455],[-83.33464,35.03386],[-83.33531,35.03238],[-83.33583,35.03185],[-83.33644,35.03096],[-83.33747,35.02911],[-83.33814,35.02824],[-83.33885,35.02704],[-83.3393,35.02649],[-83.33993,35.02594],[-83.34044,35.02523]]},"properties":{"net":"NC2974","o":1}},{"type":"Feature","geometry":{"type":"LineString","coordinates":[[-83.33373,35.16415],[-83.3336,35.16421]]},"properties":{"net":"NC2974","o":1}},{"type":"Feature","geometry":{"type":"LineString","coordinates":[[-83.31846,35.17133],[-83.31884,35.17152],[-83.3194,35.1716],[-83.31974,35.17154],[-83.32091,35.17096]]},"properties":{"net":"NC2974","o":4}},{"type":"Feature","geometry":{"type":"LineString","coordinates":[[-83.33495,35.19487],[-83.33555,35.19476]]},"properties":{"net":"NC2974","o":2}},{"type":"Feature","geometry":{"type":"LineString","coordinates":[[-83.33276,35.19307],[-83.33277,35.19307]]},"properties":{"net":"NC2974","o":1}},{"type":"Feature","geometry":{"type":"LineString","coordinates":[[-83.43628,34.91683],[-83.43575,34.91795],[-83.43577,34.91832]]},"properties":{"net":"NC2974","o":1}},{"type":"Feature","geometry":{"type":"LineString","coordinates":[[-83.42687,34.96825],[-83.4263,34.96872],[-83.42579,34.96936],[-83.42535,34.96974],[-83.42338,34.97097],[-83.42305,34.97133],[-83.42228,34.97236],[-83.42225,34.97302],[-83.42192,34.97357],[-83.42181,34.9741]]},"properties":{"net":"NC2974","o":1}},{"type":"Feature","geometry":{"type":"LineString","coordinates":[[-83.44109,34.979],[-83.44117,34.97841],[-83.441,34.97822],[-83.44054,34.97802],[-83.44022,34.97748],[-83.43956,34.97698],[-83.43861,34.97663],[-83.43814,34.97635]]},"properties":{"net":"NC2974","o":3}},{"type":"Feature","geometry":{"type":"LineString","coordinates":[[-83.37386,35.31949],[-83.37348,35.31839],[-83.37352,35.31791],[-83.37382,35.31713],[-83.37379,35.31692],[-83.37258,35.31576],[-83.37217,35.31551],[-83.37182,35.31546]]},"properties":{"net":"sm2651","o":1}},{"type":"Feature","geometry":{"type":"LineString","coordinates":[[-83.44321,35.07146],[-83.44311,35.07121],[-83.44315,35.07024],[-83.443,35.06958],[-83.44326,35.06873],[-83.44325,35.06761],[-83.44292,35.06718],[-83.44245,35.06624],[-83.4411,35.06507],[-83.44057,35.06426],[-83.43955,35.06356]]},"properties":{"net":"sm2976","o":1}},{"type":"Feature","geometry":{"type":"LineString","coordinates":[[-83.43955,35.06356],[-83.43927,35.06342]]},"properties":{"net":"NC6618","o":1}},{"type":"Feature","geometry":{"type":"LineString","coordinates":[[-83.3811,35.14857],[-83.38074,35.14887],[-83.38037,35.14882]]},"properties":{"net":"NC2974","o":2}},{"type":"Feature","geometry":{"type":"LineString","coordinates":[[-83.36909,35.16277],[-83.36966,35.16323],[-83.37033,35.16411],[-83.37052,35.16459],[-83.37045,35.16507],[-83.36965,35.16644],[-83.36931,35.16682],[-83.36777,35.16788],[-83.36675,35.16838],[-83.36643,35.16876],[-83.36633,35.169],[-83.36637,35.16949],[-83.3667,35.17075],[-83.36644,35.17132]]},"properties":{"net":"NC2974","o":1}},{"type":"Feature","geometry":{"type":"LineString","coordinates":[[-83.37603,35.20148],[-83.37665,35.20228],[-83.37703,35.20359]]},"properties":{"net":"NC2974","o":2}},{"type":"Feature","geometry":{"type":"LineString","coordinates":[[-83.37209,35.22086],[-83.37255,35.22124],[-83.37328,35.22161],[-83.37385,35.22159],[-83.37441,35.22139],[-83.37487,35.22098]]},"properties":{"net":"out","o":5}},{"type":"Feature","geometry":{"type":"LineString","coordinates":[[-83.36498,35.21496],[-83.36606,35.21494],[-83.36716,35.21519]]},"properties":{"net":"NC2974","o":3}},{"type":"Feature","geometry":{"type":"LineString","coordinates":[[-83.36152,35.2275],[-83.36272,35.22738],[-83.36355,35.22613],[-83.364,35.22582],[-83.36461,35.22569]]},"properties":{"net":"sm3000","o":3}},{"type":"Feature","geometry":{"type":"LineString","coordinates":[[-83.39292,34.93204],[-83.39238,34.93275],[-83.39214,34.93353],[-83.39203,34.93363],[-83.39162,34.9337],[-83.39114,34.93355],[-83.39055,34.93371],[-83.38893,34.93509],[-83.38879,34.9354],[-83.38821,34.9384]]},"properties":{"net":"NC2974","o":1}},{"type":"Feature","geometry":{"type":"LineString","coordinates":[[-83.40002,34.97806],[-83.39994,34.97782]]},"properties":{"net":"NC2974","o":1}},{"type":"Feature","geometry":{"type":"LineString","coordinates":[[-83.39944,34.97744],[-83.39913,34.97684],[-83.3991,34.97652]]},"properties":{"net":"NC2974","o":1}},{"type":"Feature","geometry":{"type":"LineString","coordinates":[[-83.38562,35.01412],[-83.3855,35.0145],[-83.38499,35.01492],[-83.38413,35.01518]]},"properties":{"net":"NC2974","o":4}},{"type":"Feature","geometry":{"type":"LineString","coordinates":[[-83.38346,35.00833],[-83.38495,35.00972],[-83.38529,35.01084],[-83.38551,35.011],[-83.38616,35.01113],[-83.38647,35.01132],[-83.38694,35.0122],[-83.387,35.01251],[-83.38694,35.01296],[-83.38661,35.01332],[-83.38639,35.01342],[-83.38551,35.01356],[-83.38562,35.01412]]},"properties":{"net":"NC2974","o":4}},{"type":"Feature","geometry":{"type":"LineString","coordinates":[[-83.39589,35.15928],[-83.39478,35.15901],[-83.39414,35.15871],[-83.39347,35.15863]]},"properties":{"net":"NC2974","o":4}},{"type":"Feature","geometry":{"type":"LineString","coordinates":[[-83.38823,35.15542],[-83.38816,35.15555]]},"properties":{"net":"NC2974","o":1}},{"type":"Feature","geometry":{"type":"LineString","coordinates":[[-83.34617,34.9252],[-83.3462,34.92455],[-83.34604,34.92392],[-83.34486,34.92329],[-83.34478,34.92321],[-83.3448,34.92302],[-83.34551,34.92266],[-83.34604,34.92198],[-83.34702,34.92176],[-83.34811,34.92123]]},"properties":{"net":"NC2974","o":1}},{"type":"Feature","geometry":{"type":"LineString","coordinates":[[-83.32195,34.94581],[-83.32355,34.94604],[-83.32398,34.94604],[-83.32446,34.9459],[-83.32733,34.94622],[-83.32815,34.94612],[-83.32937,34.94548],[-83.32997,34.94544],[-83.33045,34.94571],[-83.33075,34.94636],[-83.33108,34.94746],[-83.33153,34.94781],[-83.33319,34.94758],[-83.33446,34.94759],[-83.33509,34.94725],[-83.3356,34.94677],[-83.33697,34.94695],[-83.33747,34.9472],[-83.33848,34.94679],[-83.33899,34.9467],[-83.33987,34.94681],[-83.34137,34.94666],[-83.34235,34.94682]]},"properties":{"net":"NC2974","o":1}},{"type":"Feature","geometry":{"type":"LineString","coordinates":[[-83.33673,34.97228],[-83.33734,34.97237],[-83.33859,34.97233],[-83.3393,34.97246],[-83.3402,34.97336],[-83.34243,34.97497],[-83.34334,34.97665],[-83.34368,34.97707],[-83.34428,34.97754]]},"properties":{"net":"NC2974","o":1}},{"type":"Feature","geometry":{"type":"LineString","coordinates":[[-83.3434,34.98395],[-83.34416,34.9835],[-83.34451,34.98304],[-83.34425,34.98224],[-83.34425,34.9819],[-83.34469,34.98098],[-83.34467,34.9807],[-83.34459,34.9804],[-83.34391,34.97934],[-83.34388,34.97886],[-83.344,34.97859],[-83.34416,34.97831],[-83.34455,34.97813],[-83.34511,34.97814],[-83.34584,34.97832],[-83.34613,34.97808]]},"properties":{"net":"NC2974","o":1}},{"type":"Feature","geometry":{"type":"LineString","coordinates":[[-83.33772,34.99261],[-83.33916,34.99169],[-83.33939,34.99147],[-83.3398,34.99074],[-83.34137,34.98923]]},"properties":{"net":"NC2974","o":2}},{"type":"Feature","geometry":{"type":"LineString","coordinates":[[-83.31523,35.14987],[-83.31517,35.14994]]},"properties":{"net":"NC2974","o":1}},{"type":"Feature","geometry":{"type":"LineString","coordinates":[[-83.30937,35.14546],[-83.30969,35.14626],[-83.30981,35.14707]]},"properties":{"net":"NC2974","o":4}},{"type":"Feature","geometry":{"type":"LineString","coordinates":[[-83.29518,35.22208],[-83.29614,35.22216],[-83.29741,35.22243],[-83.298,35.22239],[-83.29888,35.22216],[-83.29957,35.22227],[-83.30059,35.22226],[-83.30191,35.22273],[-83.30218,35.22301],[-83.30355,35.22387],[-83.30436,35.22414],[-83.30469,35.22413],[-83.30575,35.22383],[-83.30726,35.22375],[-83.30778,35.22345],[-83.30852,35.22332],[-83.30996,35.22285],[-83.31066,35.22289],[-83.31125,35.22328]]},"properties":{"net":"NC2974","o":1}},{"type":"Feature","geometry":{"type":"LineString","coordinates":[[-83.30361,35.24365],[-83.30522,35.24378],[-83.30864,35.24328],[-83.30982,35.24348],[-83.31004,35.2434],[-83.31023,35.24313],[-83.31056,35.24299],[-83.31095,35.24266],[-83.31155,35.24269],[-83.31214,35.24298],[-83.31291,35.24305],[-83.31371,35.24291],[-83.31495,35.24245],[-83.31597,35.24241]]},"properties":{"net":"sm3027","o":1}},{"type":"Feature","geometry":{"type":"LineString","coordinates":[[-83.26259,35.11315],[-83.26397,35.1132],[-83.26505,35.11301]]},"properties":{"net":"NC2974","o":2}},{"type":"Feature","geometry":{"type":"LineString","coordinates":[[-83.26177,35.11348],[-83.26235,35.11341],[-83.26259,35.11315]]},"properties":{"net":"NC2974","o":2}},{"type":"Feature","geometry":{"type":"LineString","coordinates":[[-83.26392,35.14228],[-83.26543,35.14195],[-83.26668,35.14181]]},"properties":{"net":"NC2974","o":2}},{"type":"Feature","geometry":{"type":"LineString","coordinates":[[-83.31821,34.9844],[-83.31881,34.98559],[-83.31922,34.98573],[-83.31978,34.98574]]},"properties":{"net":"NC2974","o":1}},{"type":"Feature","geometry":{"type":"LineString","coordinates":[[-83.3146,34.99576],[-83.3146,34.99476],[-83.31449,34.99409],[-83.3147,34.99353],[-83.31481,34.99225],[-83.31465,34.99192],[-83.31381,34.99119],[-83.31381,34.99089],[-83.31392,34.99064],[-83.31457,34.98986],[-83.3147,34.98943],[-83.31503,34.98899],[-83.31624,34.98822],[-83.31711,34.98815],[-83.31748,34.98797],[-83.31764,34.98752],[-83.31743,34.98733],[-83.31743,34.98718],[-83.31715,34.98707],[-83.3172,34.98694],[-83.31749,34.98675],[-83.31787,34.9867],[-83.31795,34.98652],[-83.31813,34.98643],[-83.31887,34.98646],[-83.31923,34.98634],[-83.31978,34.98574]]},"properties":{"net":"NC2974","o":1}},{"type":"Feature","geometry":{"type":"LineString","coordinates":[[-83.31307,34.98333],[-83.31396,34.9837],[-83.31478,34.98385]]},"properties":{"net":"NC2974","o":1}},{"type":"Feature","geometry":{"type":"LineString","coordinates":[[-83.28868,35.12298],[-83.28829,35.12313],[-83.28762,35.12379],[-83.28731,35.12426],[-83.28668,35.12471],[-83.28565,35.12578]]},"properties":{"net":"NC2974","o":2}},{"type":"Feature","geometry":{"type":"LineString","coordinates":[[-83.28199,35.19363],[-83.28128,35.19302],[-83.2811,35.19264],[-83.28147,35.192],[-83.28164,35.1912],[-83.28182,35.19082],[-83.2826,35.19001],[-83.28288,35.18928],[-83.28274,35.18779],[-83.2824,35.18737],[-83.28239,35.187],[-83.28258,35.18646],[-83.2828,35.18617],[-83.28415,35.18507]]},"properties":{"net":"NC2974","o":3}},{"type":"Feature","geometry":{"type":"LineString","coordinates":[[-83.24807,35.06251],[-83.24734,35.06477],[-83.24697,35.06629],[-83.24623,35.06802],[-83.24538,35.06899],[-83.24505,35.06953],[-83.24406,35.07056],[-83.2431,35.072],[-83.24234,35.07263]]},"properties":{"net":"NC2974","o":1}},{"type":"Feature","geometry":{"type":"LineString","coordinates":[[-83.24544,35.16404],[-83.24642,35.16374],[-83.24697,35.16329],[-83.24835,35.16271],[-83.24868,35.16245],[-83.24923,35.16222],[-83.25064,35.16133],[-83.25165,35.16007],[-83.25222,35.15965],[-83.25267,35.15891],[-83.25376,35.15804],[-83.25395,35.15705]]},"properties":{"net":"NC2974","o":2}},{"type":"Feature","geometry":{"type":"LineString","coordinates":[[-83.23549,35.18561],[-83.23695,35.18548],[-83.23837,35.18471],[-83.23877,35.18459],[-83.23976,35.18477],[-83.24113,35.18548],[-83.2421,35.18567]]},"properties":{"net":"NC2974","o":2}},{"type":"Feature","geometry":{"type":"LineString","coordinates":[[-83.23536,35.19794],[-83.23563,35.19801],[-83.2358,35.19816],[-83.23584,35.19864],[-83.2361,35.19894],[-83.23637,35.1995],[-83.23642,35.20007],[-83.23715,35.20098],[-83.23773,35.20153],[-83.23798,35.20204],[-83.23827,35.20229],[-83.23841,35.20408],[-83.23827,35.20523],[-83.23878,35.20632],[-83.23855,35.20701],[-83.23864,35.20758]]},"properties":{"net":"sm3015","o":1}},{"type":"Feature","geometry":{"type":"LineString","coordinates":[[-83.22501,35.06755],[-83.22554,35.06776],[-83.22574,35.06807],[-83.228,35.06821],[-83.22814,35.06838],[-83.22867,35.0704],[-83.2297,35.07085],[-83.23005,35.07085]]},"properties":{"net":"NC2974","o":1}},{"type":"Feature","geometry":{"type":"LineString","coordinates":[[-83.29144,35.16179],[-83.29157,35.16214],[-83.29218,35.16286],[-83.29267,35.16322],[-83.29363,35.16371],[-83.29471,35.16448],[-83.29533,35.1652],[-83.29556,35.166],[-83.2956,35.1667],[-83.29603,35.16721],[-83.29639,35.16829],[-83.2964,35.16965],[-83.29662,35.1704]]},"properties":{"net":"NC2974","o":1}},{"type":"Feature","geometry":{"type":"LineString","coordinates":[[-83.28415,35.18507],[-83.28466,35.18505],[-83.28528,35.18481],[-83.28596,35.18472],[-83.28691,35.18409],[-83.28742,35.1839],[-83.28921,35.18281],[-83.29017,35.18258],[-83.29243,35.18163],[-83.29311,35.18098],[-83.29323,35.18009],[-83.29404,35.17904],[-83.29423,35.1789],[-83.29475,35.17893],[-83.2951,35.17883],[-83.2956,35.17812],[-83.29566,35.1776],[-83.29662,35.17719],[-83.29704,35.17662],[-83.29798,35.17611],[-83.29816,35.17565]]},"properties":{"net":"NC2974","o":3}},{"type":"Feature","geometry":{"type":"LineString","coordinates":[[-83.28309,35.17033],[-83.28362,35.17019],[-83.28497,35.17031],[-83.28616,35.17019],[-83.28687,35.17038],[-83.28789,35.17088],[-83.28844,35.17098],[-83.29083,35.17035]]},"properties":{"net":"NC2974","o":1}},{"type":"Feature","geometry":{"type":"LineString","coordinates":[[-83.22237,35.07188],[-83.22341,35.0718],[-83.22443,35.0712],[-83.22539,35.07111],[-83.22584,35.07094],[-83.22623,35.07096],[-83.22649,35.07083],[-83.22802,35.07163],[-83.22878,35.07184],[-83.22964,35.07173],[-83.23033,35.07122]]},"properties":{"net":"NC2974","o":1}},{"type":"Feature","geometry":{"type":"LineString","coordinates":[[-83.44778,35.01576],[-83.44771,35.0147],[-83.4473,35.01341],[-83.44695,35.0116],[-83.44692,35.01047],[-83.44658,35.00954],[-83.44677,35.00753],[-83.44623,35.00667],[-83.44621,35.00565],[-83.4461,35.00514],[-83.44571,35.0045],[-83.44536,35.00426],[-83.44494,35.00361],[-83.44412,35.00281],[-83.44387,35.00224],[-83.4437,35.0012],[-83.44371,35.00093],[-83.44396,35.0003],[-83.44365,34.99943],[-83.44418,34.99841],[-83.44442,34.99759],[-83.44467,34.99732],[-83.44613,34.99647],[-83.44658,34.99595],[-83.44674,34.99552],[-83.44669,34.99524],[-83.44645,34.99488],[-83.44643,34.99422],[-83.44617,34.99391],[-83.4461,34.9936],[-83.44564,34.99288]]},"properties":{"net":"NC2974","o":1}},{"type":"Feature","geometry":{"type":"LineString","coordinates":[[-83.57965,35.08078],[-83.57941,35.08102],[-83.57654,35.08209],[-83.57485,35.08298]]},"properties":{"net":"NC3035","o":1}},{"type":"Feature","geometry":{"type":"LineString","coordinates":[[-83.58914,35.11284],[-83.58876,35.11254],[-83.58813,35.11177],[-83.58759,35.11091],[-83.58714,35.10957],[-83.587,35.10853]]},"properties":{"net":"NC3035","o":1}},{"type":"Feature","geometry":{"type":"LineString","coordinates":[[-83.58242,35.12082],[-83.58239,35.12028],[-83.58185,35.11914]]},"properties":{"net":"NC3035","o":1}},{"type":"Feature","geometry":{"type":"LineString","coordinates":[[-83.57703,35.09971],[-83.57721,35.09996],[-83.57766,35.10026],[-83.579,35.10079],[-83.58002,35.10164],[-83.58092,35.10196]]},"properties":{"net":"NC3035","o":4}},{"type":"Feature","geometry":{"type":"LineString","coordinates":[[-83.57609,35.11331],[-83.57653,35.11275],[-83.57704,35.11177],[-83.57764,35.11104],[-83.57957,35.11022],[-83.58066,35.11016],[-83.58128,35.10994],[-83.58249,35.10929],[-83.58285,35.10899],[-83.58346,35.10778]]},"properties":{"net":"NC3035","o":3}},{"type":"Feature","geometry":{"type":"LineString","coordinates":[[-83.58283,35.12181],[-83.58259,35.12164],[-83.5824,35.12132],[-83.58235,35.12101],[-83.58242,35.12082]]},"properties":{"net":"NC3035","o":1}},{"type":"Feature","geometry":{"type":"LineString","coordinates":[[-83.61269,35.08328],[-83.61302,35.08377],[-83.6136,35.08395],[-83.61432,35.08392],[-83.61461,35.08382],[-83.6151,35.08335],[-83.61542,35.0832],[-83.61583,35.08321],[-83.61615,35.08337],[-83.61628,35.0836],[-83.61639,35.0846],[-83.61666,35.08501],[-83.61675,35.08536],[-83.61699,35.08572],[-83.61773,35.08632],[-83.61794,35.08762],[-83.61793,35.08893],[-83.6181,35.08942],[-83.61911,35.09032],[-83.61972,35.09043],[-83.6199,35.09064],[-83.62045,35.09074],[-83.62104,35.09103],[-83.62204,35.09196],[-83.6232,35.09345]]},"properties":{"net":"NC3035","o":3}},{"type":"Feature","geometry":{"type":"LineString","coordinates":[[-83.62263,35.09979],[-83.62182,35.10082]]},"properties":{"net":"NC3035","o":3}},{"type":"Feature","geometry":{"type":"LineString","coordinates":[[-83.62656,35.1313],[-83.62655,35.13118]]},"properties":{"net":"NC3035","o":1}},{"type":"Feature","geometry":{"type":"LineString","coordinates":[[-83.61899,35.12783],[-83.61904,35.12808],[-83.61918,35.12822],[-83.61977,35.12841],[-83.62243,35.12841],[-83.62366,35.12856],[-83.62383,35.12864],[-83.62552,35.13067],[-83.62655,35.13118]]},"properties":{"net":"NC3035","o":4}},{"type":"Feature","geometry":{"type":"LineString","coordinates":[[-83.5944,35.43299],[-83.59833,35.43252]]},"properties":{"net":"out","o":7}},{"type":"Feature","geometry":{"type":"LineString","coordinates":[[-83.53983,35.03918],[-83.53995,35.03975],[-83.54047,35.04106],[-83.54048,35.04172],[-83.54035,35.04233],[-83.54039,35.04379],[-83.54059,35.04487],[-83.5406,35.0454],[-83.54079,35.04572],[-83.54114,35.04592],[-83.54141,35.04622],[-83.5417,35.04672],[-83.54228,35.04823],[-83.54302,35.04912],[-83.54311,35.04947],[-83.54312,35.05028],[-83.54354,35.05118],[-83.54288,35.05194],[-83.54233,35.05217],[-83.54195,35.05245],[-83.54131,35.05366],[-83.54134,35.05402],[-83.54158,35.05459]]},"properties":{"net":"NC3035","o":1}},{"type":"Feature","geometry":{"type":"LineString","coordinates":[[-83.54327,35.05944],[-83.54252,35.05953],[-83.54198,35.05977],[-83.54085,35.06126],[-83.54043,35.06216],[-83.53988,35.063]]},"properties":{"net":"NC3035","o":3}},{"type":"Feature","geometry":{"type":"LineString","coordinates":[[-83.53733,35.10182],[-83.53781,35.10143],[-83.53826,35.10059],[-83.53837,35.10013],[-83.53832,35.09976],[-83.53804,35.09914],[-83.53796,35.09862],[-83.53811,35.0979],[-83.53797,35.09723],[-83.53806,35.09693],[-83.5386,35.09612],[-83.53894,35.09588],[-83.53963,35.09585],[-83.54054,35.09604],[-83.54094,35.09601]]},"properties":{"net":"NC3035","o":1}},{"type":"Feature","geometry":{"type":"LineString","coordinates":[[-83.58066,35.04572],[-83.5807,35.04674]]},"properties":{"net":"sm2949","o":3}},{"type":"Feature","geometry":{"type":"LineString","coordinates":[[-83.53963,35.08852],[-83.53962,35.08912],[-83.53933,35.08949],[-83.53868,35.08992],[-83.53766,35.09041],[-83.53683,35.09121],[-83.53608,35.09157],[-83.53585,35.09193],[-83.53581,35.09305],[-83.536,35.09408],[-83.5363,35.09429],[-83.53795,35.09487]]},"properties":{"net":"NC3035","o":4}},{"type":"Feature","geometry":{"type":"LineString","coordinates":[[-83.52557,35.09289],[-83.52638,35.09253],[-83.52677,35.09129],[-83.52739,35.0905],[-83.52757,35.08985],[-83.52778,35.08953],[-83.5288,35.08893],[-83.52914,35.08833],[-83.53012,35.08776],[-83.53043,35.08732],[-83.5307,35.08718],[-83.53116,35.08716],[-83.53171,35.08693],[-83.53193,35.08693]]},"properties":{"net":"NC3035","o":1}},{"type":"Feature","geometry":{"type":"LineString","coordinates":[[-83.54851,35.13589],[-83.54948,35.13762],[-83.54965,35.13822],[-83.54976,35.13955],[-83.54973,35.13965],[-83.54895,35.13996],[-83.54873,35.14027],[-83.54866,35.14063],[-83.54868,35.1418],[-83.54801,35.14311],[-83.54763,35.14419],[-83.54766,35.14463],[-83.54789,35.14543],[-83.54743,35.14654],[-83.54731,35.14776],[-83.54729,35.14869],[-83.54744,35.14908],[-83.54733,35.14943],[-83.54741,35.15088]]},"properties":{"net":"NC6212","o":1}},{"type":"Feature","geometry":{"type":"LineString","coordinates":[[-83.61233,35.33406],[-83.61184,35.33394],[-83.61087,35.33337]]},"properties":{"net":"out","o":5}},{"type":"Feature","geometry":{"type":"LineString","coordinates":[[-83.59446,35.35197],[-83.59479,35.35223],[-83.59574,35.35259],[-83.59647,35.3541],[-83.59665,35.35474]]},"properties":{"net":"sm8796217","o":1}},{"type":"Feature","geometry":{"type":"LineString","coordinates":[[-83.7349,35.15878],[-83.73415,35.15954],[-83.73135,35.16036],[-83.72992,35.16095],[-83.7291,35.16152],[-83.72867,35.16162],[-83.7276,35.16169],[-83.72516,35.1609],[-83.72374,35.16104],[-83.72216,35.1607]]},"properties":{"net":"NC3035","o":1}},{"type":"Feature","geometry":{"type":"LineString","coordinates":[[-83.78439,35.4482],[-83.78822,35.44982]]},"properties":{"net":"out","o":7}},{"type":"Feature","geometry":{"type":"LineString","coordinates":[[-83.7761,35.48399],[-83.77597,35.48359],[-83.77612,35.483],[-83.77653,35.48282],[-83.77725,35.48311],[-83.77739,35.483],[-83.77736,35.48263]]},"properties":{"net":"out","o":4}},{"type":"Feature","geometry":{"type":"LineString","coordinates":[[-83.72555,35.46754],[-83.72516,35.46617],[-83.7238,35.46418]]},"properties":{"net":"out","o":4}},{"type":"Feature","geometry":{"type":"LineString","coordinates":[[-83.41226,34.9063],[-83.4118,34.90648],[-83.41102,34.90705],[-83.4104,34.90724],[-83.40961,34.90796],[-83.40901,34.90891],[-83.40832,34.90931],[-83.40781,34.9098],[-83.40747,34.9108],[-83.40698,34.91121],[-83.40687,34.91182],[-83.40672,34.91214],[-83.40583,34.91307],[-83.40549,34.91429],[-83.40517,34.9149],[-83.40467,34.91552],[-83.40397,34.9167],[-83.40337,34.91696],[-83.40332,34.91707],[-83.40339,34.91808],[-83.40328,34.91853],[-83.40437,34.9195],[-83.40481,34.92046],[-83.40592,34.92179],[-83.40698,34.92251],[-83.40858,34.92266]]},"properties":{"net":"NC2974","o":1}},{"type":"Feature","geometry":{"type":"LineString","coordinates":[[-83.42428,34.94253],[-83.42436,34.94234],[-83.42432,34.94212],[-83.42388,34.94165],[-83.42362,34.94084],[-83.42315,34.93998],[-83.42237,34.93949],[-83.42172,34.93892],[-83.42057,34.93843],[-83.41947,34.93732],[-83.41837,34.93598]]},"properties":{"net":"NC2974","o":1}},{"type":"Feature","geometry":{"type":"LineString","coordinates":[[-83.41682,34.93499],[-83.41618,34.93565],[-83.41599,34.93597]]},"properties":{"net":"NC2974","o":2}},{"type":"Feature","geometry":{"type":"LineString","coordinates":[[-83.41714,34.97106],[-83.41692,34.97143],[-83.41686,34.97193],[-83.41694,34.97211],[-83.41728,34.97238],[-83.4173,34.97254],[-83.41697,34.97292]]},"properties":{"net":"NC2974","o":2}},{"type":"Feature","geometry":{"type":"LineString","coordinates":[[-83.41692,34.97749],[-83.4168,34.97696]]},"properties":{"net":"NC2974","o":1}},{"type":"Feature","geometry":{"type":"LineString","coordinates":[[-83.40681,35.0001],[-83.40637,34.99979],[-83.40529,34.99933],[-83.40407,34.99834],[-83.40297,34.99786],[-83.4026,34.99796],[-83.40204,34.99889],[-83.4012,34.99973],[-83.40062,34.99983],[-83.3992,35.00045],[-83.39872,35.00041],[-83.39789,35.00003],[-83.39712,34.99989],[-83.39595,34.99998],[-83.39509,34.9998],[-83.39465,34.99992],[-83.3923,35.0],[-83.39131,34.99995],[-83.38949,34.99958],[-83.38841,34.99979],[-83.38723,34.99972],[-83.38623,34.99953],[-83.38557,34.99959],[-83.38515,34.99983],[-83.38398,34.99987],[-83.38337,34.99984],[-83.38218,34.99955]]},"properties":{"net":"NC2974","o":2}},{"type":"Feature","geometry":{"type":"LineString","coordinates":[[-83.67125,35.43593],[-83.67219,35.43587],[-83.67348,35.43558],[-83.67456,35.43576]]},"properties":{"net":"out","o":7}},{"type":"Feature","geometry":{"type":"LineString","coordinates":[[-83.43279,35.09405],[-83.43126,35.09551],[-83.42986,35.09734],[-83.429,35.09805],[-83.42859,35.09857],[-83.42743,35.09931],[-83.42679,35.10009],[-83.4261,35.10044],[-83.42554,35.10106],[-83.42467,35.10146],[-83.42367,35.10237],[-83.42345,35.10268],[-83.42336,35.10304],[-83.42339,35.10451],[-83.42316,35.10487],[-83.42287,35.10508]]},"properties":{"net":"sm3026","o":1}},{"type":"Feature","geometry":{"type":"LineString","coordinates":[[-83.42513,35.11787],[-83.42418,35.11808],[-83.42348,35.11806]]},"properties":{"net":"sm3024","o":2}},{"type":"Feature","geometry":{"type":"LineString","coordinates":[[-83.43009,35.10652],[-83.42959,35.10659],[-83.42921,35.10642],[-83.42851,35.10637],[-83.427,35.10565],[-83.42662,35.10562],[-83.42607,35.10586],[-83.42569,35.10587],[-83.42447,35.10563],[-83.42365,35.10526],[-83.42287,35.10508]]},"properties":{"net":"sm3026","o":2}},{"type":"Feature","geometry":{"type":"LineString","coordinates":[[-83.63928,35.13789],[-83.63972,35.13782]]},"properties":{"net":"NC3035","o":1}},{"type":"Feature","geometry":{"type":"LineString","coordinates":[[-83.6237,35.14249],[-83.62483,35.14221],[-83.62613,35.14162],[-83.62707,35.1414],[-83.6289,35.14066],[-83.62908,35.14048],[-83.6292,35.13978],[-83.62944,35.13923],[-83.62987,35.13883],[-83.63033,35.13856],[-83.63142,35.13754],[-83.63278,35.13744],[-83.63386,35.13696],[-83.63467,35.13635],[-83.63603,35.13603],[-83.63729,35.13587],[-83.63808,35.13555]]},"properties":{"net":"NC3035","o":1}},{"type":"Feature","geometry":{"type":"LineString","coordinates":[[-83.40412,35.09177],[-83.40342,35.09207],[-83.40268,35.09267],[-83.40255,35.09334],[-83.40172,35.09476],[-83.4013,35.09692],[-83.40138,35.09782],[-83.40114,35.09856]]},"properties":{"net":"sm3031","o":1}},{"type":"Feature","geometry":{"type":"LineString","coordinates":[[-83.41428,35.13232],[-83.41321,35.13168],[-83.41168,35.13111],[-83.41047,35.13034],[-83.4086,35.12967],[-83.40656,35.12983],[-83.40466,35.13085],[-83.40277,35.1309],[-83.40114,35.13067],[-83.40002,35.12986],[-83.39921,35.12948],[-83.39851,35.1294],[-83.39738,35.12945],[-83.39658,35.12917],[-83.39625,35.12931],[-83.39607,35.12985],[-83.39543,35.13061],[-83.3949,35.1309],[-83.39433,35.13152],[-83.39394,35.13168]]},"properties":{"net":"sm3021","o":1}},{"type":"Feature","geometry":{"type":"LineString","coordinates":[[-83.42361,35.17821],[-83.42337,35.17725],[-83.42287,35.17646]]},"properties":{"net":"sm3011","o":2}},{"type":"Feature","geometry":{"type":"LineString","coordinates":[[-83.45166,35.35713],[-83.45199,35.35753],[-83.45245,35.35786]]},"properties":{"net":"out","o":4}},{"type":"Feature","geometry":{"type":"LineString","coordinates":[[-83.6604,35.50315],[-83.66077,35.50331],[-83.66116,35.50388],[-83.66231,35.50469],[-83.66295,35.50473],[-83.66353,35.50456]]},"properties":{"net":"out","o":4}},{"type":"Feature","geometry":{"type":"LineString","coordinates":[[-83.64682,35.17181],[-83.64728,35.17115],[-83.64788,35.17068],[-83.64853,35.16923]]},"properties":{"net":"NC3035","o":1}},{"type":"Feature","geometry":{"type":"LineString","coordinates":[[-83.6524,35.19372],[-83.65312,35.19474],[-83.65349,35.19553],[-83.65382,35.19689],[-83.65379,35.19742]]},"properties":{"net":"NC3035","o":4}},{"type":"Feature","geometry":{"type":"LineString","coordinates":[[-83.64401,35.23393],[-83.64426,35.23443],[-83.64438,35.2359],[-83.64518,35.23747],[-83.64486,35.23964]]},"properties":{"net":"out","o":4}},{"type":"Feature","geometry":{"type":"LineString","coordinates":[[-83.4138,35.25968],[-83.41459,35.26036],[-83.41512,35.26043],[-83.41618,35.25998],[-83.41639,35.25957],[-83.41675,35.25953],[-83.41702,35.259],[-83.41744,35.25905],[-83.41795,35.25873]]},"properties":{"net":"out","o":5}},{"type":"Feature","geometry":{"type":"LineString","coordinates":[[-83.39659,35.24788],[-83.39676,35.24802],[-83.39719,35.24811],[-83.40068,35.24736],[-83.40287,35.24722],[-83.40387,35.24751],[-83.40494,35.24816],[-83.40551,35.24838],[-83.40829,35.24913]]},"properties":{"net":"out","o":5}},{"type":"Feature","geometry":{"type":"LineString","coordinates":[[-83.4517,35.08791],[-83.45251,35.08738],[-83.45358,35.08687],[-83.45432,35.08674],[-83.45497,35.08678],[-83.4564,35.08643],[-83.45791,35.08645],[-83.4589,35.0866],[-83.45931,35.08685],[-83.4598,35.08739],[-83.45996,35.08819]]},"properties":{"net":"NC6212","o":1}},{"type":"Feature","geometry":{"type":"LineString","coordinates":[[-83.46405,35.1514],[-83.46357,35.15096],[-83.46301,35.15073],[-83.4625,35.15068],[-83.46197,35.1508]]},"properties":{"net":"NC6212","o":4}},{"type":"Feature","geometry":{"type":"LineString","coordinates":[[-83.40512,35.31851],[-83.40488,35.31792],[-83.40475,35.31694],[-83.40455,35.31638],[-83.4043,35.31598],[-83.40385,35.31553],[-83.40311,35.31443],[-83.40263,35.31324],[-83.40229,35.31272],[-83.40155,35.31206],[-83.40119,35.31141],[-83.39997,35.31014],[-83.39914,35.30963],[-83.39827,35.30883],[-83.3978,35.30807],[-83.39624,35.30716],[-83.3956,35.30649],[-83.39504,35.30632],[-83.39477,35.3061],[-83.39437,35.30556],[-83.39424,35.30422],[-83.39398,35.30372]]},"properties":{"net":"sm3009","o":1}},{"type":"Feature","geometry":{"type":"LineString","coordinates":[[-83.46029,35.15232],[-83.45913,35.15354],[-83.45879,35.15453],[-83.45827,35.15523],[-83.45795,35.15539],[-83.45642,35.15546]]},"properties":{"net":"NC6212","o":4}},{"type":"Feature","geometry":{"type":"LineString","coordinates":[[-83.45923,35.17414],[-83.45923,35.17414]]},"properties":{"net":"NC6212","o":1}},{"type":"Feature","geometry":{"type":"LineString","coordinates":[[-83.45481,35.16831],[-83.45494,35.16792],[-83.45524,35.16759],[-83.45645,35.16707],[-83.4568,35.16573],[-83.45772,35.16474],[-83.45781,35.16401]]},"properties":{"net":"NC6212","o":1}},{"type":"Feature","geometry":{"type":"LineString","coordinates":[[-83.44677,35.24106],[-83.44649,35.24171],[-83.44652,35.2429],[-83.44625,35.24352],[-83.44609,35.24424],[-83.44587,35.2446],[-83.44521,35.24536],[-83.44383,35.24581],[-83.44354,35.24608],[-83.44315,35.24776],[-83.44327,35.24865],[-83.44323,35.25003]]},"properties":{"net":"sm3006","o":1}},{"type":"Feature","geometry":{"type":"LineString","coordinates":[[-83.42721,34.92208],[-83.42715,34.92221]]},"properties":{"net":"NC2974","o":1}},{"type":"Feature","geometry":{"type":"LineString","coordinates":[[-83.43455,34.95259],[-83.4329,34.95164],[-83.43276,34.95139],[-83.43202,34.95069],[-83.43132,34.9504],[-83.43062,34.95032],[-83.42913,34.95066],[-83.42751,34.9513],[-83.42613,34.95153],[-83.42313,34.95274],[-83.42172,34.95292],[-83.42103,34.95351],[-83.42015,34.95367],[-83.41924,34.95412],[-83.41884,34.9544],[-83.41832,34.95501],[-83.41755,34.95513],[-83.41679,34.95539]]},"properties":{"net":"NC2974","o":1}},{"type":"Feature","geometry":{"type":"LineString","coordinates":[[-83.43571,34.96432],[-83.43545,34.96584],[-83.43591,34.96674],[-83.43609,34.96765],[-83.43595,34.96807],[-83.43597,34.9684],[-83.43635,34.96908],[-83.43651,34.96967],[-83.43641,34.97026],[-83.43646,34.97072],[-83.43617,34.9716],[-83.43617,34.97191],[-83.43662,34.97315]]},"properties":{"net":"NC2974","o":1}},{"type":"Feature","geometry":{"type":"LineString","coordinates":[[-83.42645,34.95685],[-83.42556,34.95641],[-83.42406,34.95631],[-83.42323,34.95631],[-83.42217,34.95686],[-83.41883,34.95686],[-83.4181,34.95659],[-83.41736,34.95613],[-83.4169,34.95569],[-83.41679,34.95539]]},"properties":{"net":"NC2974","o":1}},{"type":"Feature","geometry":{"type":"LineString","coordinates":[[-83.44083,34.98501],[-83.44035,34.98498],[-83.44021,34.98486],[-83.44021,34.9846],[-83.44066,34.98411],[-83.44072,34.98391],[-83.44032,34.98343],[-83.44015,34.98295],[-83.4402,34.98251],[-83.4407,34.98162],[-83.44071,34.98084],[-83.44057,34.98021],[-83.44079,34.97938],[-83.44109,34.979]]},"properties":{"net":"NC2974","o":3}},{"type":"Feature","geometry":{"type":"LineString","coordinates":[[-83.43662,34.97315],[-83.43658,34.97373],[-83.43633,34.97444],[-83.43636,34.9752],[-83.43623,34.97559],[-83.43607,34.97576],[-83.43577,34.97581],[-83.43517,34.97612]]},"properties":{"net":"NC2974","o":2}},{"type":"Feature","geometry":{"type":"LineString","coordinates":[[-83.44351,35.01943],[-83.44268,35.01896],[-83.44183,35.01799],[-83.44117,35.01747],[-83.44058,35.0163],[-83.4401,35.01482],[-83.43991,35.01318],[-83.43963,35.01272],[-83.43954,35.01237],[-83.4399,35.01095],[-83.43943,35.00974],[-83.43951,35.00949],[-83.43985,35.00911],[-83.43979,35.00871],[-83.43861,35.00697],[-83.4377,35.00627],[-83.43704,35.00603],[-83.43713,35.00498],[-83.43708,35.00401],[-83.43698,35.00366],[-83.43651,35.003],[-83.43609,35.00205],[-83.43606,35.00115],[-83.43583,35.0009],[-83.43531,35.0006],[-83.4349,35.00003],[-83.43387,34.99981],[-83.43364,34.99926],[-83.43362,34.99865],[-83.4339,34.99829],[-83.43412,34.99748],[-83.4343,34.99732],[-83.43468,34.99734],[-83.43524,34.99678],[-83.43535,34.99628],[-83.43512,34.99598],[-83.43521,34.99584]]},"properties":{"net":"NC2974","o":1}},{"type":"Feature","geometry":{"type":"LineString","coordinates":[[-83.44439,35.06101],[-83.44369,35.06117],[-83.44262,35.06103]]},"properties":{"net":"NC6618","o":2}},{"type":"Feature","geometry":{"type":"LineString","coordinates":[[-83.70002,35.16015],[-83.69896,35.16201]]},"properties":{"net":"NC3035","o":1}},{"type":"Feature","geometry":{"type":"LineString","coordinates":[[-83.70107,35.19305],[-83.7002,35.19318],[-83.6987,35.19256],[-83.69739,35.19238],[-83.696,35.19243],[-83.69411,35.19186]]},"properties":{"net":"NC3035","o":2}},{"type":"Feature","geometry":{"type":"LineString","coordinates":[[-83.67624,35.28037],[-83.67436,35.28124],[-83.67356,35.28185]]},"properties":{"net":"out","o":5}},{"type":"Feature","geometry":{"type":"LineString","coordinates":[[-83.67356,35.28185],[-83.67302,35.28245],[-83.67234,35.28301]]},"properties":{"net":"out","o":5}},{"type":"Feature","geometry":{"type":"LineString","coordinates":[[-83.66758,35.28611],[-83.66721,35.28639]]},"properties":{"net":"out","o":5}},{"type":"Feature","geometry":{"type":"LineString","coordinates":[[-83.66703,35.28665],[-83.66642,35.28715]]},"properties":{"net":"out","o":5}},{"type":"Feature","geometry":{"type":"LineString","coordinates":[[-83.6683,35.28506],[-83.66663,35.28588],[-83.66606,35.28632],[-83.66603,35.28649]]},"properties":{"net":"out","o":5}},{"type":"Feature","geometry":{"type":"LineString","coordinates":[[-83.56567,35.18133],[-83.5667,35.18294],[-83.56741,35.18326],[-83.56775,35.18364],[-83.56931,35.18454],[-83.57037,35.18539]]},"properties":{"net":"sm2847","o":1}},{"type":"Feature","geometry":{"type":"LineString","coordinates":[[-83.55591,35.17605],[-83.55383,35.17568],[-83.55151,35.1743],[-83.55061,35.1745],[-83.54984,35.17446],[-83.54886,35.17462]]},"properties":{"net":"sm2961","o":1}},{"type":"Feature","geometry":{"type":"LineString","coordinates":[[-83.59231,35.27004],[-83.59311,35.26824],[-83.59337,35.26706],[-83.59322,35.2651],[-83.59338,35.26418],[-83.59305,35.26371],[-83.59302,35.2635],[-83.59342,35.263],[-83.59355,35.2623],[-83.59388,35.26165],[-83.59403,35.26112]]},"properties":{"net":"sm2621","o":1}},{"type":"Feature","geometry":{"type":"LineString","coordinates":[[-83.59149,35.33176],[-83.59055,35.33333]]},"properties":{"net":"out","o":5}},{"type":"Feature","geometry":{"type":"LineString","coordinates":[[-83.59055,35.33333],[-83.59,35.33406],[-83.5896,35.33441]]},"properties":{"net":"out","o":5}},{"type":"Feature","geometry":{"type":"LineString","coordinates":[[-83.58425,35.34347],[-83.58402,35.34334]]},"properties":{"net":"sm8796216","o":2}},{"type":"Feature","geometry":{"type":"LineString","coordinates":[[-83.67868,35.3839],[-83.67838,35.3845],[-83.67756,35.38511],[-83.67741,35.38532],[-83.67701,35.38782],[-83.6771,35.38808],[-83.67808,35.38915],[-83.67811,35.38949],[-83.67795,35.3898],[-83.67802,35.39018],[-83.67828,35.3905]]},"properties":{"net":"out","o":4}},{"type":"Feature","geometry":{"type":"LineString","coordinates":[[-83.67835,35.39519],[-83.67812,35.39521]]},"properties":{"net":"out","o":4}},{"type":"Feature","geometry":{"type":"LineString","coordinates":[[-83.56406,35.3672],[-83.56326,35.36836],[-83.56317,35.36879],[-83.5632,35.36915],[-83.56456,35.37176],[-83.56497,35.37289],[-83.56511,35.37412]]},"properties":{"net":"out","o":5}},{"type":"Feature","geometry":{"type":"LineString","coordinates":[[-83.56336,35.35549],[-83.56266,35.35646],[-83.56234,35.35704],[-83.56228,35.35741]]},"properties":{"net":"out","o":5}},{"type":"Feature","geometry":{"type":"LineString","coordinates":[[-83.55715,35.36498],[-83.55707,35.36522]]},"properties":{"net":"sm8796222","o":1}},{"type":"Feature","geometry":{"type":"LineString","coordinates":[[-83.55579,35.36702],[-83.55603,35.36679]]},"properties":{"net":"sm8796222","o":1}},{"type":"Feature","geometry":{"type":"LineString","coordinates":[[-83.55268,35.3647],[-83.5544,35.36471]]},"properties":{"net":"sm8796222","o":3}},{"type":"Feature","geometry":{"type":"LineString","coordinates":[[-83.56835,35.37798],[-83.56786,35.3787]]},"properties":{"net":"sm8796223","o":1}},{"type":"Feature","geometry":{"type":"LineString","coordinates":[[-83.56174,35.37223],[-83.56183,35.37275]]},"properties":{"net":"sm8796222","o":3}},{"type":"Feature","geometry":{"type":"LineString","coordinates":[[-83.55941,35.37245],[-83.55983,35.37226]]},"properties":{"net":"sm8796222","o":1}},{"type":"Feature","geometry":{"type":"LineString","coordinates":[[-83.67982,35.27818],[-83.67934,35.27827],[-83.67875,35.27876],[-83.67859,35.27898],[-83.67859,35.27913]]},"properties":{"net":"out","o":5}},{"type":"Feature","geometry":{"type":"LineString","coordinates":[[-83.67487,35.26913],[-83.67579,35.2693],[-83.67598,35.26969],[-83.67525,35.27163],[-83.67515,35.27225],[-83.67528,35.27287],[-83.67597,35.27327],[-83.67765,35.27342],[-83.67921,35.27383],[-83.68078,35.275]]},"properties":{"net":"out","o":5}},{"type":"Feature","geometry":{"type":"LineString","coordinates":[[-83.55105,35.39606],[-83.55111,35.39818],[-83.55137,35.39894],[-83.55192,35.39949],[-83.55247,35.39974],[-83.55328,35.39983],[-83.55459,35.39973],[-83.55567,35.39944],[-83.55748,35.39859],[-83.55819,35.39861],[-83.55888,35.39877],[-83.55951,35.39922]]},"properties":{"net":"out","o":4}},{"type":"Feature","geometry":{"type":"LineString","coordinates":[[-83.61153,35.07768],[-83.61271,35.08004]]},"properties":{"net":"NC3035","o":3}},{"type":"Feature","geometry":{"type":"LineString","coordinates":[[-83.61067,35.06571],[-83.60982,35.06625],[-83.60757,35.06845],[-83.60629,35.06909],[-83.60558,35.06973],[-83.60459,35.07041],[-83.60401,35.07103],[-83.60283,35.07161]]},"properties":{"net":"NC3035","o":1}},{"type":"Feature","geometry":{"type":"LineString","coordinates":[[-83.60283,35.07161],[-83.603,35.07248],[-83.60327,35.07283],[-83.60397,35.07305],[-83.60452,35.07294],[-83.60475,35.0731],[-83.60468,35.07355],[-83.60418,35.0741],[-83.60412,35.0743]]},"properties":{"net":"NC3035","o":3}},{"type":"Feature","geometry":{"type":"LineString","coordinates":[[-83.59703,35.11629],[-83.59838,35.11732],[-83.59971,35.11814],[-83.60089,35.1195]]},"properties":{"net":"NC3035","o":1}},{"type":"Feature","geometry":{"type":"LineString","coordinates":[[-83.66904,35.17194],[-83.66796,35.17227],[-83.66693,35.17321],[-83.66659,35.17377],[-83.66647,35.17452]]},"properties":{"net":"NC3035","o":1}},{"type":"Feature","geometry":{"type":"LineString","coordinates":[[-83.66764,35.21786],[-83.668,35.21886]]},"properties":{"net":"out","o":4}},{"type":"Feature","geometry":{"type":"LineString","coordinates":[[-83.59174,35.18927],[-83.59104,35.18962],[-83.59034,35.19048],[-83.58872,35.191],[-83.58681,35.19224],[-83.58677,35.19281],[-83.58708,35.19419],[-83.58704,35.1949],[-83.58686,35.19566],[-83.58703,35.19693],[-83.58671,35.19891],[-83.58605,35.20006],[-83.58408,35.20092],[-83.58378,35.20113],[-83.58368,35.20131]]},"properties":{"net":"sm2847","o":1}},{"type":"Feature","geometry":{"type":"LineString","coordinates":[[-83.57407,35.19795],[-83.57409,35.19823],[-83.57421,35.19846],[-83.57505,35.19926],[-83.57638,35.19939],[-83.57928,35.19935],[-83.58075,35.19961]]},"properties":{"net":"sm2847","o":2}},{"type":"Feature","geometry":{"type":"LineString","coordinates":[[-83.66499,35.2668],[-83.66479,35.26853],[-83.66496,35.26895],[-83.66539,35.26913],[-83.66574,35.26912],[-83.66599,35.269],[-83.66666,35.26825],[-83.66754,35.26757],[-83.66842,35.2675]]},"properties":{"net":"out","o":5}},{"type":"Feature","geometry":{"type":"LineString","coordinates":[[-83.55233,35.06784],[-83.55099,35.06872],[-83.54966,35.07008],[-83.54906,35.07158],[-83.549,35.07212],[-83.54909,35.07324],[-83.54859,35.07544],[-83.54815,35.07622],[-83.54821,35.07653],[-83.54877,35.07777],[-83.549,35.07808],[-83.55005,35.07896],[-83.55089,35.08076]]},"properties":{"net":"NC3035","o":2}},{"type":"Feature","geometry":{"type":"LineString","coordinates":[[-83.56213,35.13308],[-83.56394,35.13184],[-83.56421,35.13149],[-83.56428,35.1312],[-83.56516,35.13043],[-83.56575,35.13014],[-83.56616,35.12962]]},"properties":{"net":"sm2753","o":2}},{"type":"Feature","geometry":{"type":"LineString","coordinates":[[-83.59684,35.13511],[-83.59821,35.13519],[-83.59887,35.13547],[-83.59995,35.13572],[-83.60162,35.13652],[-83.60329,35.13664],[-83.60367,35.13683],[-83.60428,35.13745]]},"properties":{"net":"NC3035","o":1}},{"type":"Feature","geometry":{"type":"LineString","coordinates":[[-83.59811,35.21173],[-83.59855,35.21208],[-83.59889,35.21252],[-83.59895,35.21277],[-83.59879,35.21333],[-83.59889,35.21362],[-83.59972,35.21438],[-83.60022,35.21445]]},"properties":{"net":"sm2847","o":2}},{"type":"Feature","geometry":{"type":"LineString","coordinates":[[-83.60022,35.21445],[-83.60104,35.21458]]},"properties":{"net":"sm2848","o":2}},{"type":"Feature","geometry":{"type":"LineString","coordinates":[[-83.60104,35.21458],[-83.60256,35.21499],[-83.60342,35.21578],[-83.60442,35.21619],[-83.6055,35.21611],[-83.60685,35.21618]]},"properties":{"net":"NC3207","o":2}},{"type":"Feature","geometry":{"type":"LineString","coordinates":[[-83.59776,35.22893],[-83.59801,35.22865],[-83.59861,35.22841],[-83.59892,35.22787],[-83.59886,35.22747],[-83.59925,35.22721],[-83.59934,35.22686],[-83.59981,35.22671],[-83.60049,35.22584],[-83.60104,35.22548]]},"properties":{"net":"sm2849","o":3}},{"type":"Feature","geometry":{"type":"LineString","coordinates":[[-83.58995,35.23502],[-83.59101,35.23345],[-83.59152,35.23313],[-83.59182,35.23279],[-83.59271,35.2323],[-83.59329,35.23178],[-83.59378,35.23155],[-83.59415,35.23113],[-83.59489,35.23074],[-83.59503,35.23051],[-83.595,35.23003],[-83.59514,35.22959],[-83.59672,35.22861]]},"properties":{"net":"sm2849","o":3}},{"type":"Feature","geometry":{"type":"LineString","coordinates":[[-83.62944,35.36336],[-83.62939,35.36435],[-83.63001,35.36541]]},"properties":{"net":"out","o":4}},{"type":"Feature","geometry":{"type":"LineString","coordinates":[[-83.69652,35.1798],[-83.69523,35.17918]]},"properties":{"net":"NC3035","o":1}},{"type":"Feature","geometry":{"type":"LineString","coordinates":[[-83.61172,35.15003],[-83.61216,35.15001],[-83.61255,35.15049],[-83.61301,35.15077],[-83.61393,35.15107],[-83.61526,35.15124],[-83.61604,35.15093],[-83.61655,35.15045],[-83.61753,35.15012],[-83.6186,35.14946],[-83.61915,35.14923],[-83.6211,35.14914],[-83.62272,35.1495],[-83.62323,35.14999],[-83.62405,35.15141],[-83.62415,35.15176],[-83.62416,35.15267],[-83.62465,35.15402],[-83.62489,35.15505],[-83.62536,35.1562]]},"properties":{"net":"NC3035","o":3}},{"type":"Feature","geometry":{"type":"LineString","coordinates":[[-83.62189,35.18057],[-83.62274,35.18037],[-83.62347,35.18087],[-83.62482,35.18112],[-83.62595,35.18175],[-83.62729,35.18276],[-83.6278,35.18326],[-83.62834,35.18356],[-83.62857,35.18352],[-83.62872,35.18333],[-83.62844,35.18253],[-83.62872,35.18221],[-83.62946,35.182],[-83.63066,35.18211],[-83.6315,35.18276],[-83.63245,35.18316],[-83.63263,35.18349],[-83.63256,35.18424],[-83.63289,35.18498],[-83.63371,35.18575],[-83.63417,35.18602],[-83.63443,35.18605]]},"properties":{"net":"NC3035","o":2}},{"type":"Feature","geometry":{"type":"LineString","coordinates":[[-83.63201,35.22888],[-83.63226,35.22942],[-83.63279,35.23008],[-83.63284,35.23107],[-83.63342,35.23241],[-83.63346,35.23282],[-83.63286,35.23339],[-83.63166,35.23402],[-83.63062,35.23504],[-83.62927,35.23555],[-83.6282,35.23644],[-83.62777,35.23661],[-83.62679,35.23678]]},"properties":{"net":"out","o":4}},{"type":"Feature","geometry":{"type":"LineString","coordinates":[[-83.6151,35.22565],[-83.61545,35.22582],[-83.6159,35.22621],[-83.61686,35.22631],[-83.61813,35.22619],[-83.61842,35.22627],[-83.61889,35.22666],[-83.61934,35.2268]]},"properties":{"net":"NC3207","o":3}},{"type":"Feature","geometry":{"type":"LineString","coordinates":[[-83.62357,35.39664],[-83.62348,35.39691]]},"properties":{"net":"out","o":4}},{"type":"Feature","geometry":{"type":"LineString","coordinates":[[-83.47992,35.39187],[-83.48108,35.39224],[-83.482,35.39233],[-83.4833,35.39209]]},"properties":{"net":"out","o":4}},{"type":"Feature","geometry":{"type":"LineString","coordinates":[[-83.3324,35.07416],[-83.33327,35.0753],[-83.33348,35.07572]]},"properties":{"net":"NC2974","o":3}},{"type":"Feature","geometry":{"type":"LineString","coordinates":[[-83.48777,35.08534],[-83.48721,35.08612],[-83.48666,35.08657],[-83.48621,35.0873],[-83.4858,35.08825],[-83.48501,35.08925],[-83.48439,35.09068],[-83.4838,35.09125],[-83.48352,35.09169],[-83.48398,35.09302],[-83.48396,35.09366],[-83.48406,35.09439],[-83.48459,35.09586],[-83.48455,35.09736],[-83.48521,35.09851],[-83.48532,35.09919],[-83.48513,35.09962],[-83.48424,35.10069],[-83.48388,35.10161],[-83.48264,35.10287]]},"properties":{"net":"NC6212","o":1}},{"type":"Feature","geometry":{"type":"LineString","coordinates":[[-83.47957,35.11907],[-83.479,35.11941],[-83.47817,35.12017],[-83.47675,35.12093],[-83.47642,35.12137],[-83.47657,35.12306],[-83.47683,35.12328],[-83.47748,35.12344],[-83.4778,35.12394],[-83.47812,35.12423]]},"properties":{"net":"NC6212","o":1}},{"type":"Feature","geometry":{"type":"LineString","coordinates":[[-83.47654,35.11397],[-83.47616,35.11396],[-83.4756,35.11378]]},"properties":{"net":"NC6212","o":3}},{"type":"Feature","geometry":{"type":"LineString","coordinates":[[-83.32272,35.08988],[-83.32345,35.08881],[-83.32475,35.08772],[-83.32515,35.0872],[-83.32599,35.08674],[-83.32647,35.08564],[-83.32732,35.08472],[-83.32777,35.08361],[-83.32772,35.08265],[-83.32808,35.08206],[-83.32829,35.08092],[-83.32873,35.07997],[-83.3289,35.07921],[-83.32923,35.07839],[-83.32937,35.07811],[-83.33013,35.07732],[-83.33063,35.07656],[-83.33077,35.07611],[-83.33107,35.07592],[-83.33178,35.07586],[-83.33217,35.07572],[-83.33348,35.07572]]},"properties":{"net":"NC2974","o":2}},{"type":"Feature","geometry":{"type":"LineString","coordinates":[[-83.33969,35.1724],[-83.34007,35.17161],[-83.34046,35.17115]]},"properties":{"net":"NC2974","o":2}},{"type":"Feature","geometry":{"type":"LineString","coordinates":[[-83.33812,35.16939],[-83.33823,35.16938]]},"properties":{"net":"NC2974","o":1}},{"type":"Feature","geometry":{"type":"LineString","coordinates":[[-83.32091,35.17096],[-83.32121,35.17071],[-83.32123,35.17043],[-83.32072,35.16994],[-83.31983,35.1688],[-83.31958,35.16846],[-83.31947,35.16809],[-83.31971,35.16754],[-83.32037,35.16675],[-83.32085,35.16664],[-83.32203,35.16671],[-83.32261,35.16655],[-83.32343,35.16611],[-83.32476,35.16489],[-83.32497,35.16482],[-83.32529,35.1648],[-83.32621,35.165],[-83.32691,35.16557],[-83.32725,35.1657],[-83.32765,35.16557],[-83.32832,35.16501],[-83.32876,35.16478],[-83.33031,35.16435],[-83.33315,35.16391],[-83.33342,35.16395],[-83.3336,35.16421]]},"properties":{"net":"NC2974","o":4}},{"type":"Feature","geometry":{"type":"LineString","coordinates":[[-83.33078,35.19624],[-83.33189,35.19619],[-83.33313,35.196],[-83.33378,35.1957],[-83.33495,35.19487]]},"properties":{"net":"NC2974","o":2}},{"type":"Feature","geometry":{"type":"LineString","coordinates":[[-83.46381,35.11378],[-83.46394,35.11435],[-83.46427,35.11466],[-83.4668,35.11521],[-83.46744,35.11524],[-83.46834,35.11572],[-83.46865,35.11627],[-83.46912,35.11682],[-83.46937,35.11751],[-83.46943,35.1182],[-83.46972,35.11904],[-83.46946,35.11961],[-83.46948,35.11977],[-83.47008,35.12015],[-83.4707,35.12039],[-83.4707,35.12089],[-83.47105,35.12126]]},"properties":{"net":"NC6212","o":2}},{"type":"Feature","geometry":{"type":"LineString","coordinates":[[-83.47868,35.12475],[-83.47908,35.12523],[-83.47982,35.12579],[-83.47997,35.12633],[-83.48023,35.12674],[-83.48038,35.12741],[-83.48108,35.12784],[-83.48106,35.12809],[-83.48053,35.12835],[-83.48044,35.12859],[-83.48059,35.12875],[-83.48119,35.129],[-83.48105,35.1297],[-83.48189,35.13123],[-83.48265,35.13221],[-83.48316,35.13262],[-83.48362,35.13254],[-83.4839,35.13262],[-83.48414,35.13245],[-83.48463,35.13247]]},"properties":{"net":"NC6212","o":4}},{"type":"Feature","geometry":{"type":"LineString","coordinates":[[-83.46878,35.12832],[-83.46912,35.12717],[-83.46908,35.12643],[-83.4687,35.12557],[-83.46884,35.12315],[-83.4699,35.12146]]},"properties":{"net":"NC6212","o":1}},{"type":"Feature","geometry":{"type":"LineString","coordinates":[[-83.48176,35.1483],[-83.4811,35.14806],[-83.47962,35.14904],[-83.47797,35.14921],[-83.47767,35.1494]]},"properties":{"net":"NC6212","o":4}},{"type":"Feature","geometry":{"type":"LineString","coordinates":[[-83.29816,35.17565],[-83.29847,35.17499],[-83.29831,35.17428],[-83.29866,35.17374],[-83.29857,35.17328],[-83.29879,35.17286],[-83.29856,35.17244],[-83.29854,35.17213],[-83.29881,35.17168],[-83.29987,35.17056]]},"properties":{"net":"NC2974","o":3}},{"type":"Feature","geometry":{"type":"LineString","coordinates":[[-83.29838,35.18873],[-83.2987,35.18672],[-83.29827,35.18407],[-83.2983,35.18343],[-83.29885,35.18206],[-83.30015,35.1808],[-83.30032,35.18036],[-83.30004,35.17963],[-83.29989,35.17875],[-83.2995,35.17784],[-83.29938,35.17727],[-83.29897,35.17659],[-83.29844,35.17622],[-83.29816,35.17565]]},"properties":{"net":"NC2974","o":2}},{"type":"Feature","geometry":{"type":"LineString","coordinates":[[-83.30865,35.20038],[-83.30866,35.20038]]},"properties":{"net":"NC2974","o":1}},{"type":"Feature","geometry":{"type":"LineString","coordinates":[[-83.28465,35.04377],[-83.28436,35.04444],[-83.28361,35.04523],[-83.28328,35.04537],[-83.28238,35.04539],[-83.28142,35.04605],[-83.28077,35.04622],[-83.2807,35.04636],[-83.28078,35.04667],[-83.28002,35.04689],[-83.27956,35.04739],[-83.27951,35.04764],[-83.27968,35.0478],[-83.27967,35.04796],[-83.2792,35.04821],[-83.27892,35.04851],[-83.2784,35.04866],[-83.27816,35.04883],[-83.27798,35.04921],[-83.27798,35.04958],[-83.27835,35.05012],[-83.27871,35.05131],[-83.27852,35.05196],[-83.2781,35.05243],[-83.27691,35.05298],[-83.27594,35.05369],[-83.27492,35.05406],[-83.27344,35.05406],[-83.27136,35.05444],[-83.27031,35.05428],[-83.26975,35.0544]]},"properties":{"net":"NC2974","o":1}},{"type":"Feature","geometry":{"type":"LineString","coordinates":[[-83.48478,35.16341],[-83.48278,35.16318],[-83.48146,35.16321],[-83.48047,35.16293],[-83.48006,35.16305],[-83.47881,35.16388]]},"properties":{"net":"NC6212","o":2}},{"type":"Feature","geometry":{"type":"LineString","coordinates":[[-83.48065,35.17123],[-83.48037,35.16974],[-83.48016,35.16937],[-83.47973,35.16898],[-83.47931,35.16791],[-83.47937,35.16579],[-83.47884,35.16487],[-83.47845,35.1644]]},"properties":{"net":"NC6212","o":1}},{"type":"Feature","geometry":{"type":"LineString","coordinates":[[-83.28004,35.11578],[-83.27937,35.11683],[-83.27897,35.1177],[-83.27834,35.11837]]},"properties":{"net":"NC2974","o":2}},{"type":"Feature","geometry":{"type":"LineString","coordinates":[[-83.47182,35.24221],[-83.46958,35.24273]]},"properties":{"net":"out","o":4}},{"type":"Feature","geometry":{"type":"LineString","coordinates":[[-83.47402,35.2568],[-83.47379,35.25693],[-83.4733,35.25687],[-83.47311,35.25702],[-83.4727,35.25823],[-83.4727,35.25908],[-83.47248,35.25944],[-83.47226,35.25956],[-83.47182,35.25954],[-83.4713,35.25967],[-83.47094,35.25994]]},"properties":{"net":"out","o":4}},{"type":"Feature","geometry":{"type":"LineString","coordinates":[[-83.47094,35.25994],[-83.47055,35.26077],[-83.47004,35.26088],[-83.46973,35.26107],[-83.4697,35.26142],[-83.47,35.26219],[-83.47096,35.2641],[-83.47167,35.26465],[-83.47252,35.26621],[-83.4729,35.26647],[-83.47356,35.2665]]},"properties":{"net":"out","o":4}},{"type":"Feature","geometry":{"type":"LineString","coordinates":[[-83.33488,35.01173],[-83.33568,35.01205],[-83.33634,35.01276],[-83.33668,35.01301],[-83.33851,35.0128],[-83.33944,35.01317]]},"properties":{"net":"NC2974","o":3}},{"type":"Feature","geometry":{"type":"LineString","coordinates":[[-83.32671,35.00342],[-83.32687,35.00393],[-83.32653,35.00453],[-83.32653,35.0055],[-83.32687,35.00588],[-83.32734,35.00682],[-83.3277,35.00702],[-83.32887,35.00723],[-83.32933,35.00789]]},"properties":{"net":"NC2974","o":1}},{"type":"Feature","geometry":{"type":"LineString","coordinates":[[-83.48249,35.28252],[-83.48248,35.28281],[-83.48221,35.28349],[-83.4822,35.28403],[-83.48232,35.28452],[-83.48277,35.28528],[-83.48355,35.28619],[-83.48358,35.28651],[-83.48325,35.28741],[-83.48332,35.28767],[-83.48361,35.288],[-83.4841,35.28819]]},"properties":{"net":"out","o":4}},{"type":"Feature","geometry":{"type":"LineString","coordinates":[[-83.32467,35.02593],[-83.32502,35.02528],[-83.32479,35.02436],[-83.32483,35.02389],[-83.32543,35.02352],[-83.3264,35.02248],[-83.32701,35.02209],[-83.32747,35.02131],[-83.32852,35.02101],[-83.32898,35.02073],[-83.32939,35.02063],[-83.33048,35.02053],[-83.33188,35.0208],[-83.33248,35.02065],[-83.33335,35.02001],[-83.33389,35.01904],[-83.33435,35.01866],[-83.33473,35.01812],[-83.33567,35.01719],[-83.33612,35.01701],[-83.33664,35.01707]]},"properties":{"net":"NC2974","o":1}},{"type":"Feature","geometry":{"type":"LineString","coordinates":[[-83.50058,35.28486],[-83.50028,35.2849],[-83.50013,35.28532],[-83.49988,35.28561],[-83.49883,35.28607],[-83.49799,35.28672],[-83.49449,35.28744],[-83.49358,35.28753],[-83.49259,35.28792],[-83.49124,35.2889]]},"properties":{"net":"out","o":4}},{"type":"Feature","geometry":{"type":"LineString","coordinates":[[-83.49341,35.29396],[-83.494,35.29405],[-83.4943,35.2942],[-83.4952,35.29516],[-83.49561,35.29605],[-83.49561,35.29677]]},"properties":{"net":"out","o":6}},{"type":"Feature","geometry":{"type":"LineString","coordinates":[[-83.49124,35.2889],[-83.49084,35.28897]]},"properties":{"net":"out","o":4}},{"type":"Feature","geometry":{"type":"LineString","coordinates":[[-83.52798,35.1188],[-83.52662,35.11974],[-83.52587,35.1201],[-83.52514,35.12083],[-83.52354,35.12112],[-83.52243,35.12156],[-83.52214,35.12206],[-83.52166,35.12256],[-83.52088,35.12309],[-83.52054,35.12375],[-83.52049,35.12427],[-83.52076,35.12539],[-83.52043,35.12599]]},"properties":{"net":"sm3010","o":2}},{"type":"Feature","geometry":{"type":"LineString","coordinates":[[-83.44053,35.18363],[-83.44016,35.18344],[-83.43988,35.18304],[-83.43903,35.18247]]},"properties":{"net":"sm3011","o":2}},{"type":"Feature","geometry":{"type":"LineString","coordinates":[[-83.45452,35.06028],[-83.45408,35.05983],[-83.45351,35.05964],[-83.45156,35.05989],[-83.45113,35.06009]]},"properties":{"net":"sm2977","o":2}},{"type":"Feature","geometry":{"type":"LineString","coordinates":[[-83.45113,35.06009],[-83.4499,35.06057],[-83.44905,35.0604],[-83.44754,35.0607],[-83.44562,35.06078]]},"properties":{"net":"sm2659","o":2}},{"type":"Feature","geometry":{"type":"LineString","coordinates":[[-83.44562,35.06078],[-83.44494,35.06082]]},"properties":{"net":"NC6617","o":2}},{"type":"Feature","geometry":{"type":"LineString","coordinates":[[-83.44494,35.06082],[-83.44439,35.06101]]},"properties":{"net":"NC6618","o":2}},{"type":"Feature","geometry":{"type":"LineString","coordinates":[[-83.46197,35.08675],[-83.46179,35.08694],[-83.46067,35.08741],[-83.45996,35.08819]]},"properties":{"net":"NC6212","o":2}},{"type":"Feature","geometry":{"type":"LineString","coordinates":[[-83.53035,35.29764],[-83.52976,35.29876],[-83.52972,35.29952]]},"properties":{"net":"sm3032","o":2}},{"type":"Feature","geometry":{"type":"LineString","coordinates":[[-83.53985,35.32202],[-83.53914,35.32219],[-83.53729,35.32204],[-83.53443,35.32152],[-83.5339,35.32155],[-83.53328,35.32174],[-83.53208,35.32088],[-83.53088,35.32057],[-83.53009,35.32051],[-83.52948,35.32072],[-83.52883,35.3206],[-83.52851,35.32079],[-83.52775,35.32097],[-83.52699,35.32079]]},"properties":{"net":"sm3003","o":1}},{"type":"Feature","geometry":{"type":"LineString","coordinates":[[-83.42881,35.18717],[-83.42814,35.18608],[-83.42817,35.18507],[-83.42762,35.18463],[-83.42736,35.18368],[-83.42718,35.18346],[-83.42594,35.18263],[-83.42395,35.1793],[-83.42361,35.17821]]},"properties":{"net":"sm3011","o":1}},{"type":"Feature","geometry":{"type":"LineString","coordinates":[[-83.46832,34.97072],[-83.46741,34.97175],[-83.46619,34.97234],[-83.46526,34.97347]]},"properties":{"net":"NC2974","o":2}},{"type":"Feature","geometry":{"type":"LineString","coordinates":[[-83.48197,35.07248],[-83.48066,35.07318],[-83.48001,35.0739],[-83.47835,35.07458],[-83.47719,35.07463],[-83.47606,35.07448],[-83.47425,35.07474],[-83.47311,35.07462],[-83.47186,35.07418],[-83.46999,35.07419]]},"properties":{"net":"NC6212","o":1}},{"type":"Feature","geometry":{"type":"LineString","coordinates":[[-83.5088,35.31108],[-83.50886,35.31065],[-83.50915,35.31035],[-83.50974,35.31032],[-83.51011,35.31043],[-83.51095,35.31188],[-83.51194,35.31285],[-83.51272,35.31327],[-83.51357,35.31431],[-83.51367,35.31451],[-83.51342,35.31489],[-83.51342,35.31516],[-83.5142,35.31625],[-83.51474,35.31725],[-83.51645,35.31864],[-83.51722,35.31973],[-83.51754,35.3199]]},"properties":{"net":"out","o":4}},{"type":"Feature","geometry":{"type":"LineString","coordinates":[[-83.51379,35.35154],[-83.51308,35.35221],[-83.51235,35.35253],[-83.51123,35.35274],[-83.51007,35.35269],[-83.50975,35.35259],[-83.50815,35.35147],[-83.50555,35.35069]]},"properties":{"net":"out","o":6}},{"type":"Feature","geometry":{"type":"LineString","coordinates":[[-83.5182,35.39491],[-83.51842,35.3947],[-83.51952,35.39435],[-83.52003,35.39439],[-83.52034,35.39452]]},"properties":{"net":"out","o":4}},{"type":"Feature","geometry":{"type":"LineString","coordinates":[[-83.44145,35.29212],[-83.44172,35.29089],[-83.44271,35.29],[-83.44275,35.28937],[-83.4426,35.28854],[-83.44291,35.28823],[-83.44345,35.28801],[-83.4437,35.28766],[-83.44375,35.28659],[-83.44414,35.28605],[-83.44451,35.28492],[-83.44457,35.28443],[-83.44409,35.28291]]},"properties":{"net":"sm3028","o":2}},{"type":"Feature","geometry":{"type":"LineString","coordinates":[[-83.44044,35.2721],[-83.44092,35.27291],[-83.4426,35.27459],[-83.44348,35.27625],[-83.44453,35.27776]]},"properties":{"net":"out","o":6}},{"type":"Feature","geometry":{"type":"LineString","coordinates":[[-83.53283,35.3314],[-83.53265,35.33187],[-83.53272,35.33263],[-83.53207,35.33352],[-83.53192,35.33405],[-83.53153,35.33469],[-83.53106,35.33588],[-83.53118,35.33625],[-83.53148,35.33668],[-83.53255,35.33757],[-83.53279,35.33797],[-83.5328,35.33824]]},"properties":{"net":"sm3001","o":1}},{"type":"Feature","geometry":{"type":"LineString","coordinates":[[-83.44127,35.2953],[-83.44121,35.29473],[-83.4415,35.29359],[-83.44145,35.29212]]},"properties":{"net":"sm3028","o":2}},{"type":"Feature","geometry":{"type":"LineString","coordinates":[[-83.43557,35.32017],[-83.43579,35.31962],[-83.43583,35.31908],[-83.43605,35.31848],[-83.43606,35.31768],[-83.43634,35.31691],[-83.43584,35.31612],[-83.43573,35.3155],[-83.43588,35.31461],[-83.43619,35.31395]]},"properties":{"net":"sm3028","o":1}},{"type":"Feature","geometry":{"type":"LineString","coordinates":[[-83.54663,35.3634],[-83.54781,35.36366],[-83.54817,35.36391],[-83.54901,35.36407],[-83.54981,35.36447],[-83.55032,35.36459],[-83.55052,35.3648]]},"properties":{"net":"sm8796222","o":2}},{"type":"Feature","geometry":{"type":"LineString","coordinates":[[-83.50242,35.02169],[-83.50314,35.0215],[-83.50393,35.02167],[-83.50449,35.0221],[-83.50487,35.02286]]},"properties":{"net":"NC3035","o":2}},{"type":"Feature","geometry":{"type":"LineString","coordinates":[[-83.49549,35.03006],[-83.49564,35.02948],[-83.49585,35.02911]]},"properties":{"net":"NC3035","o":1}},{"type":"Feature","geometry":{"type":"LineString","coordinates":[[-83.50974,35.18337],[-83.50998,35.18251],[-83.51077,35.18169],[-83.51105,35.1809],[-83.5114,35.18042],[-83.51177,35.18005],[-83.51252,35.17969],[-83.51267,35.17942]]},"properties":{"net":"NC6212","o":1}},{"type":"Feature","geometry":{"type":"LineString","coordinates":[[-83.50837,35.17167],[-83.50872,35.17159],[-83.50947,35.17089],[-83.51069,35.17084],[-83.51115,35.17068],[-83.51282,35.16951]]},"properties":{"net":"NC6212","o":1}},{"type":"Feature","geometry":{"type":"LineString","coordinates":[[-83.47515,35.03594],[-83.47512,35.03529],[-83.47527,35.03468],[-83.47562,35.03414],[-83.47654,35.03372],[-83.47739,35.03307],[-83.47841,35.03283],[-83.47924,35.0321],[-83.47942,35.03172],[-83.47976,35.03008],[-83.48011,35.02949],[-83.48082,35.02875],[-83.48142,35.02847],[-83.48225,35.02827],[-83.48287,35.02817],[-83.48448,35.02813],[-83.48678,35.02736],[-83.48826,35.02722]]},"properties":{"net":"NC3035","o":1}},{"type":"Feature","geometry":{"type":"LineString","coordinates":[[-83.49987,35.09402],[-83.49749,35.09403]]},"properties":{"net":"NC6212","o":2}},{"type":"Feature","geometry":{"type":"LineString","coordinates":[[-83.49625,35.11666],[-83.49644,35.11684],[-83.49675,35.11756],[-83.4967,35.11793],[-83.4964,35.11849],[-83.49627,35.11904]]},"properties":{"net":"NC6212","o":2}},{"type":"Feature","geometry":{"type":"LineString","coordinates":[[-83.48998,35.31546],[-83.49275,35.31542],[-83.49413,35.31597]]},"properties":{"net":"out","o":4}},{"type":"Feature","geometry":{"type":"LineString","coordinates":[[-83.49075,35.36733],[-83.49098,35.36721],[-83.49167,35.36646],[-83.49278,35.36588],[-83.49331,35.36586],[-83.49404,35.36617],[-83.49485,35.36591],[-83.49583,35.36591],[-83.4963,35.36569],[-83.49736,35.36491],[-83.49833,35.3645]]},"properties":{"net":"sm3004","o":2}},{"type":"Feature","geometry":{"type":"LineString","coordinates":[[-83.48876,35.35458],[-83.48973,35.35461]]},"properties":{"net":"sm3005","o":2}},{"type":"Feature","geometry":{"type":"LineString","coordinates":[[-83.48031,35.36633],[-83.48119,35.36559],[-83.48198,35.36519],[-83.48395,35.36453],[-83.48476,35.36489],[-83.48567,35.36488],[-83.48684,35.36546],[-83.48792,35.36578],[-83.48892,35.36648],[-83.48895,35.36661]]},"properties":{"net":"sm3004","o":1}},{"type":"Feature","geometry":{"type":"LineString","coordinates":[[-83.43149,35.3574],[-83.43274,35.35752],[-83.43453,35.35736],[-83.43494,35.35701],[-83.4353,35.35649]]},"properties":{"net":"out","o":4}},{"type":"Feature","geometry":{"type":"LineString","coordinates":[[-83.52633,35.30312],[-83.52632,35.30346],[-83.5262,35.30365],[-83.5256,35.30399],[-83.52552,35.3048],[-83.5254,35.305],[-83.52429,35.30512],[-83.52342,35.30537],[-83.52344,35.30574],[-83.5237,35.30617],[-83.52358,35.30642]]},"properties":{"net":"sm3032","o":2}},{"type":"Feature","geometry":{"type":"LineString","coordinates":[[-83.51459,35.29849],[-83.51571,35.29884],[-83.51725,35.3]]},"properties":{"net":"out","o":6}},{"type":"Feature","geometry":{"type":"LineString","coordinates":[[-83.50595,35.15507],[-83.50582,35.15524],[-83.50506,35.1556],[-83.50421,35.15723],[-83.50349,35.15791],[-83.50337,35.15831],[-83.50338,35.15907],[-83.50326,35.15969],[-83.50304,35.16006],[-83.50235,35.16062],[-83.50192,35.16135],[-83.50132,35.16302],[-83.50128,35.16383],[-83.50108,35.16464]]},"properties":{"net":"NC6212","o":1}},{"type":"Feature","geometry":{"type":"LineString","coordinates":[[-83.52699,35.32079],[-83.52644,35.3213],[-83.52553,35.32145],[-83.52522,35.32165],[-83.52455,35.32226],[-83.5243,35.32288],[-83.52382,35.32341],[-83.52322,35.32367]]},"properties":{"net":"sm3003","o":2}},{"type":"Feature","geometry":{"type":"LineString","coordinates":[[-83.51868,35.32136],[-83.51955,35.32155],[-83.52106,35.32251],[-83.52266,35.32337],[-83.52301,35.32375]]},"properties":{"net":"out","o":6}},{"type":"Feature","geometry":{"type":"LineString","coordinates":[[-83.51868,35.32136],[-83.51884,35.32186],[-83.51974,35.32305],[-83.52227,35.32489],[-83.52365,35.32601]]},"properties":{"net":"out","o":6}},{"type":"Feature","geometry":{"type":"LineString","coordinates":[[-83.50758,35.16509],[-83.50637,35.16521],[-83.50431,35.16522],[-83.50274,35.16502],[-83.50176,35.16503],[-83.50146,35.16479],[-83.50108,35.16464]]},"properties":{"net":"NC6212","o":3}},{"type":"Feature","geometry":{"type":"LineString","coordinates":[[-83.51933,35.08441],[-83.52009,35.08384],[-83.5207,35.08311],[-83.52116,35.08129],[-83.52139,35.08076],[-83.52235,35.0799],[-83.52271,35.07936],[-83.52349,35.07865],[-83.52367,35.07828]]},"properties":{"net":"sm2751","o":1}},{"type":"Feature","geometry":{"type":"LineString","coordinates":[[-83.45255,34.94637],[-83.45239,34.94524],[-83.45174,34.94446],[-83.45167,34.94372],[-83.45074,34.94315],[-83.45008,34.94242],[-83.44906,34.94206],[-83.44823,34.94152],[-83.4477,34.941],[-83.44727,34.94029],[-83.44705,34.94012],[-83.4462,34.93959],[-83.4449,34.93945],[-83.44331,34.93828],[-83.44313,34.93807],[-83.44283,34.93719],[-83.44258,34.93682],[-83.44214,34.93659],[-83.44144,34.9364],[-83.44098,34.93592],[-83.43997,34.9336],[-83.43885,34.93178],[-83.43866,34.93162],[-83.43707,34.93091],[-83.43688,34.93044],[-83.43653,34.93005]]},"properties":{"net":"NC2974","o":2}},{"type":"Feature","geometry":{"type":"LineString","coordinates":[[-83.44891,34.96975],[-83.44841,34.96996],[-83.44728,34.97125],[-83.44583,34.97234],[-83.44516,34.9725],[-83.44334,34.97338],[-83.4423,34.97348],[-83.44142,34.97416],[-83.44033,34.97452],[-83.43952,34.97498],[-83.43872,34.9757],[-83.43834,34.97583],[-83.43814,34.97635]]},"properties":{"net":"NC2974","o":1}},{"type":"Feature","geometry":{"type":"LineString","coordinates":[[-83.4498,34.97906],[-83.44923,34.97873],[-83.44879,34.97876]]},"properties":{"net":"NC2974","o":2}},{"type":"Feature","geometry":{"type":"LineString","coordinates":[[-83.51512,35.08024],[-83.51568,35.07973],[-83.51679,35.07913],[-83.51878,35.07858],[-83.52002,35.07851],[-83.52223,35.07875],[-83.52284,35.07862],[-83.52367,35.07828]]},"properties":{"net":"sm2751","o":1}},{"type":"Feature","geometry":{"type":"LineString","coordinates":[[-83.51377,35.08965],[-83.51169,35.09032],[-83.50981,35.09026],[-83.50884,35.09046],[-83.50823,35.09071],[-83.50754,35.09126],[-83.50686,35.09207],[-83.50674,35.09231],[-83.50669,35.09284],[-83.50629,35.09317],[-83.50416,35.09329],[-83.50137,35.09384]]},"properties":{"net":"NC6212","o":1}},{"type":"Feature","geometry":{"type":"LineString","coordinates":[[-83.44289,35.16619],[-83.44243,35.16536],[-83.44188,35.16467],[-83.44156,35.16379],[-83.44115,35.16322],[-83.44107,35.16291],[-83.44161,35.16167],[-83.44169,35.16043],[-83.44163,35.1599]]},"properties":{"net":"NC6212","o":1}},{"type":"Feature","geometry":{"type":"LineString","coordinates":[[-83.44188,35.1456],[-83.43972,35.1462],[-83.43933,35.1462]]},"properties":{"net":"NC2974","o":2}},{"type":"Feature","geometry":{"type":"LineString","coordinates":[[-83.44163,35.1599],[-83.44004,35.15998],[-83.43851,35.16038],[-83.43811,35.16065],[-83.43791,35.16091],[-83.43772,35.16164]]},"properties":{"net":"NC6212","o":4}},{"type":"Feature","geometry":{"type":"LineString","coordinates":[[-83.43772,35.16164],[-83.4376,35.16196],[-83.43666,35.1627],[-83.43607,35.1636],[-83.4354,35.16385],[-83.434,35.16466],[-83.43252,35.1649],[-83.43188,35.16484],[-83.43074,35.16405],[-83.43045,35.16349],[-83.42969,35.16348],[-83.42942,35.1633]]},"properties":{"net":"NC2974","o":4}},{"type":"Feature","geometry":{"type":"LineString","coordinates":[[-83.53935,35.16218],[-83.53784,35.16168],[-83.5369,35.16154],[-83.53599,35.16118],[-83.53524,35.16105]]},"properties":{"net":"NC6212","o":3}},{"type":"Feature","geometry":{"type":"LineString","coordinates":[[-83.54193,35.16737],[-83.54177,35.16704],[-83.54072,35.16625],[-83.54057,35.16586],[-83.54048,35.16519]]},"properties":{"net":"sm2961","o":2}},{"type":"Feature","geometry":{"type":"LineString","coordinates":[[-83.54048,35.16519],[-83.54028,35.16387],[-83.53935,35.16218]]},"properties":{"net":"NC6212","o":2}},{"type":"Feature","geometry":{"type":"LineString","coordinates":[[-83.35481,34.92705],[-83.35542,34.92623],[-83.35588,34.92526],[-83.35737,34.92404],[-83.3585,34.92353],[-83.3592,34.92334],[-83.35939,34.9233],[-83.3599,34.92343]]},"properties":{"net":"NC2974","o":1}},{"type":"Feature","geometry":{"type":"LineString","coordinates":[[-83.34811,34.92123],[-83.34878,34.92111],[-83.34961,34.92113],[-83.35006,34.92117],[-83.35067,34.92141],[-83.35283,34.92063],[-83.35409,34.92082],[-83.35476,34.92065],[-83.35551,34.92007],[-83.35803,34.91911],[-83.35897,34.91906],[-83.35958,34.91917]]},"properties":{"net":"NC2974","o":1}},{"type":"Feature","geometry":{"type":"LineString","coordinates":[[-83.35371,34.94614],[-83.35311,34.9462],[-83.35209,34.9467],[-83.351,34.94763],[-83.35063,34.94839],[-83.35035,34.94981],[-83.35001,34.95084]]},"properties":{"net":"NC2974","o":1}},{"type":"Feature","geometry":{"type":"LineString","coordinates":[[-83.34281,35.00601],[-83.34433,35.00708],[-83.34584,35.00767],[-83.34669,35.00821],[-83.3466,35.00979],[-83.34667,35.01087],[-83.34686,35.01135],[-83.3473,35.01203]]},"properties":{"net":"NC2974","o":1}},{"type":"Feature","geometry":{"type":"LineString","coordinates":[[-83.37758,35.28235],[-83.37828,35.28192],[-83.37922,35.28157],[-83.38015,35.2815],[-83.38061,35.28164],[-83.38098,35.28157]]},"properties":{"net":"out","o":4}},{"type":"Feature","geometry":{"type":"LineString","coordinates":[[-83.37413,35.26876],[-83.37495,35.26858],[-83.37761,35.26841],[-83.37933,35.26795]]},"properties":{"net":"out","o":4}},{"type":"Feature","geometry":{"type":"LineString","coordinates":[[-83.35949,35.30005],[-83.35972,35.29998],[-83.35973,35.29961],[-83.35987,35.29944],[-83.36149,35.29853],[-83.36157,35.2984],[-83.36152,35.29797],[-83.36162,35.29783],[-83.36235,35.29768],[-83.36316,35.2978],[-83.36358,35.29765]]},"properties":{"net":"out","o":4}},{"type":"Feature","geometry":{"type":"LineString","coordinates":[[-83.37385,35.32505],[-83.37326,35.32371],[-83.3732,35.32302],[-83.37283,35.32237],[-83.37259,35.32151]]},"properties":{"net":"sm2650","o":1}},{"type":"Feature","geometry":{"type":"LineString","coordinates":[[-83.37259,35.32151],[-83.37257,35.32146]]},"properties":{"net":"sm2649","o":1}},{"type":"Feature","geometry":{"type":"LineString","coordinates":[[-83.37182,35.31546],[-83.37182,35.31546]]},"properties":{"net":"sm2651","o":2}},{"type":"Feature","geometry":{"type":"LineString","coordinates":[[-83.35066,35.01684],[-83.35084,35.01711],[-83.35119,35.01735],[-83.35164,35.01737],[-83.35238,35.01725],[-83.35266,35.01736],[-83.35306,35.01777],[-83.35342,35.01859],[-83.35395,35.01934],[-83.35405,35.01985],[-83.354,35.02032],[-83.35353,35.02137],[-83.35343,35.02243],[-83.35289,35.02346],[-83.35319,35.02396],[-83.35465,35.0249],[-83.35529,35.02562],[-83.35567,35.02659],[-83.35671,35.03111]]},"properties":{"net":"NC2974","o":3}},{"type":"Feature","geometry":{"type":"LineString","coordinates":[[-83.35357,35.11806],[-83.35614,35.1189],[-83.35747,35.11899],[-83.35808,35.11937],[-83.35811,35.11974],[-83.35774,35.1206],[-83.35877,35.1216],[-83.35898,35.1229],[-83.3595,35.12355],[-83.3596,35.1243]]},"properties":{"net":"sm3019","o":1}},{"type":"Feature","geometry":{"type":"LineString","coordinates":[[-83.34166,35.114],[-83.3433,35.11338],[-83.34431,35.11321]]},"properties":{"net":"sm3020","o":2}},{"type":"Feature","geometry":{"type":"LineString","coordinates":[[-83.39398,35.30372],[-83.39194,35.30163],[-83.39147,35.30067],[-83.39076,35.30012],[-83.39048,35.29903],[-83.39094,35.29807],[-83.39085,35.29736],[-83.39171,35.2952],[-83.39159,35.2935],[-83.39129,35.29282],[-83.39151,35.29149],[-83.39207,35.28949],[-83.3929,35.28843],[-83.39328,35.28818],[-83.39399,35.28794],[-83.39431,35.28753]]},"properties":{"net":"sm3009","o":3}},{"type":"Feature","geometry":{"type":"LineString","coordinates":[[-83.3816,35.26912],[-83.38246,35.26913],[-83.38356,35.26863],[-83.38588,35.26854]]},"properties":{"net":"out","o":4}},{"type":"Feature","geometry":{"type":"LineString","coordinates":[[-83.39539,35.31676],[-83.39567,35.31643],[-83.39598,35.31562],[-83.39584,35.31514],[-83.39537,35.31454],[-83.39538,35.31418],[-83.39581,35.31302],[-83.39622,35.31228]]},"properties":{"net":"sm3009","o":2}},{"type":"Feature","geometry":{"type":"LineString","coordinates":[[-83.29933,35.11482],[-83.29897,35.11537],[-83.29846,35.11646],[-83.29798,35.11712],[-83.29702,35.11774],[-83.29532,35.11822],[-83.29504,35.11862],[-83.29464,35.11897],[-83.29397,35.12016],[-83.29376,35.12028],[-83.29299,35.12035],[-83.29248,35.12051],[-83.29163,35.12148]]},"properties":{"net":"NC2974","o":2}},{"type":"Feature","geometry":{"type":"LineString","coordinates":[[-83.31838,35.17136],[-83.31846,35.17133]]},"properties":{"net":"NC2974","o":1}},{"type":"Feature","geometry":{"type":"LineString","coordinates":[[-83.38821,34.9384],[-83.38704,34.93858]]},"properties":{"net":"NC2974","o":3}},{"type":"Feature","geometry":{"type":"LineString","coordinates":[[-83.38296,34.97242],[-83.38349,34.973],[-83.38346,34.97404],[-83.38279,34.97545],[-83.38227,34.97613],[-83.38199,34.97721],[-83.3818,34.97743],[-83.38104,34.97765],[-83.3807,34.97785],[-83.37989,34.9787]]},"properties":{"net":"NC2974","o":1}},{"type":"Feature","geometry":{"type":"LineString","coordinates":[[-83.38565,35.01411],[-83.38562,35.01412]]},"properties":{"net":"NC2974","o":2}},{"type":"Feature","geometry":{"type":"LineString","coordinates":[[-83.39546,35.04898],[-83.39523,35.04892]]},"properties":{"net":"NC2974","o":1}},{"type":"Feature","geometry":{"type":"LineString","coordinates":[[-83.38363,35.09884],[-83.38356,35.09889]]},"properties":{"net":"NC2974","o":2}},{"type":"Feature","geometry":{"type":"LineString","coordinates":[[-83.38927,35.08205],[-83.38917,35.08272],[-83.38901,35.08294],[-83.38874,35.08307],[-83.38835,35.08291],[-83.38774,35.08229],[-83.38739,35.08232],[-83.38694,35.08294],[-83.38696,35.08359],[-83.38678,35.08402],[-83.3862,35.08459],[-83.38577,35.0848],[-83.3856,35.08469],[-83.38562,35.08346],[-83.3855,35.08328],[-83.38358,35.08363],[-83.38344,35.08351],[-83.38319,35.08277],[-83.38242,35.08233]]},"properties":{"net":"NC2974","o":3}},{"type":"Feature","geometry":{"type":"LineString","coordinates":[[-83.38039,35.09001],[-83.38037,35.09039],[-83.38108,35.09086],[-83.38167,35.09077],[-83.38246,35.09044],[-83.38273,35.09061],[-83.38275,35.09083],[-83.38251,35.09137],[-83.3814,35.09254],[-83.38128,35.09286],[-83.38133,35.09308],[-83.38168,35.09361],[-83.38247,35.09363],[-83.38286,35.09382],[-83.38285,35.09411],[-83.38246,35.09488],[-83.38245,35.09558],[-83.38189,35.09624],[-83.38177,35.09661],[-83.3818,35.09692],[-83.38208,35.09768],[-83.3824,35.09821],[-83.38356,35.09889]]},"properties":{"net":"NC2974","o":4}},{"type":"Feature","geometry":{"type":"LineString","coordinates":[[-83.34089,35.10207],[-83.34144,35.1026],[-83.34206,35.10295],[-83.34262,35.10304],[-83.34331,35.10301],[-83.34394,35.10335],[-83.34471,35.10355],[-83.34616,35.10412],[-83.3479,35.10517],[-83.34875,35.10549],[-83.34932,35.10612],[-83.34982,35.10645],[-83.35066,35.10664],[-83.35144,35.10666],[-83.35183,35.10683]]},"properties":{"net":"sm3020","o":1}},{"type":"Feature","geometry":{"type":"LineString","coordinates":[[-83.34143,35.13225],[-83.34212,35.13248],[-83.34447,35.13224],[-83.3452,35.13237],[-83.34625,35.13229],[-83.34989,35.13315],[-83.35092,35.13325],[-83.35242,35.13318],[-83.35359,35.13272],[-83.35538,35.13243],[-83.35677,35.13201],[-83.35762,35.13195],[-83.35856,35.13221],[-83.35895,35.1325],[-83.35947,35.13313]]},"properties":{"net":"sm3029","o":1}},{"type":"Feature","geometry":{"type":"LineString","coordinates":[[-83.35776,35.15693],[-83.3584,35.15788],[-83.35899,35.1585],[-83.35967,35.15901],[-83.35987,35.15933],[-83.36029,35.16105],[-83.36053,35.163],[-83.36077,35.16352],[-83.36048,35.16397],[-83.36052,35.16423]]},"properties":{"net":"NC2974","o":2}},{"type":"Feature","geometry":{"type":"LineString","coordinates":[[-83.36476,35.18743],[-83.36542,35.18681],[-83.36914,35.18503],[-83.36983,35.18495],[-83.37066,35.18517],[-83.37124,35.18512]]},"properties":{"net":"NC2974","o":2}},{"type":"Feature","geometry":{"type":"LineString","coordinates":[[-83.36374,35.18665],[-83.36402,35.18679],[-83.36476,35.18743]]},"properties":{"net":"NC2974","o":1}},{"type":"Feature","geometry":{"type":"LineString","coordinates":[[-83.37487,35.20651],[-83.37409,35.2068],[-83.37352,35.20718],[-83.37319,35.20762],[-83.37295,35.2082],[-83.37253,35.21039],[-83.37226,35.21127],[-83.37189,35.21197],[-83.37127,35.21254],[-83.37033,35.21309],[-83.36928,35.21352],[-83.36838,35.21403],[-83.36767,35.21455],[-83.36716,35.21519]]},"properties":{"net":"NC2974","o":5}},{"type":"Feature","geometry":{"type":"LineString","coordinates":[[-83.3751,34.95088],[-83.37593,34.95147],[-83.37609,34.95217],[-83.37586,34.95314],[-83.37583,34.95438],[-83.37598,34.95546],[-83.37622,34.9563],[-83.37615,34.95678],[-83.37622,34.95748],[-83.37646,34.95813],[-83.37634,34.95953],[-83.37638,34.9602],[-83.37655,34.96093],[-83.37681,34.96121]]},"properties":{"net":"NC2974","o":1}},{"type":"Feature","geometry":{"type":"LineString","coordinates":[[-83.37895,34.96601],[-83.37824,34.96988],[-83.37765,34.97161],[-83.37693,34.97262],[-83.3769,34.97285],[-83.37712,34.97345],[-83.37773,34.9745],[-83.37797,34.9752],[-83.37811,34.97609],[-83.37909,34.97742],[-83.37989,34.9787]]},"properties":{"net":"NC2974","o":1}},{"type":"Feature","geometry":{"type":"LineString","coordinates":[[-83.37385,34.98597],[-83.37406,34.98585],[-83.37389,34.98546],[-83.37389,34.98523],[-83.37453,34.98428],[-83.37458,34.98403],[-83.37439,34.98336],[-83.37399,34.98281],[-83.37388,34.98185],[-83.37407,34.98105],[-83.37357,34.98015],[-83.37334,34.97916]]},"properties":{"net":"NC2974","o":1}},{"type":"Feature","geometry":{"type":"LineString","coordinates":[[-83.36537,34.98381],[-83.36552,34.98363]]},"properties":{"net":"NC2974","o":3}},{"type":"Feature","geometry":{"type":"LineString","coordinates":[[-83.36188,34.98627],[-83.36537,34.98381]]},"properties":{"net":"NC2974","o":3}},{"type":"Feature","geometry":{"type":"LineString","coordinates":[[-83.37173,35.01277],[-83.3727,35.01334],[-83.37464,35.01404],[-83.37562,35.01395],[-83.37683,35.01433],[-83.37813,35.01413],[-83.37937,35.01433],[-83.38008,35.01402],[-83.38045,35.01403],[-83.3807,35.01419],[-83.38128,35.01509]]},"properties":{"net":"NC2974","o":2}},{"type":"Feature","geometry":{"type":"LineString","coordinates":[[-83.36104,35.06292],[-83.36182,35.06137],[-83.36221,35.05997],[-83.36266,35.05924],[-83.36391,35.05854],[-83.36484,35.05786],[-83.36596,35.05743],[-83.36736,35.05642]]},"properties":{"net":"NC2974","o":1}},{"type":"Feature","geometry":{"type":"LineString","coordinates":[[-83.38041,35.11088],[-83.37998,35.11141],[-83.37942,35.11168],[-83.37888,35.11213],[-83.37858,35.11291],[-83.37756,35.11387],[-83.37682,35.11478],[-83.37649,35.1154],[-83.37628,35.11611]]},"properties":{"net":"NC2974","o":4}},{"type":"Feature","geometry":{"type":"LineString","coordinates":[[-83.35103,35.2286],[-83.35155,35.2283]]},"properties":{"net":"sm3027","o":3}},{"type":"Feature","geometry":{"type":"LineString","coordinates":[[-83.35155,35.2283],[-83.35201,35.22815],[-83.35257,35.22764],[-83.35493,35.22673],[-83.35747,35.22715],[-83.35985,35.22685],[-83.36088,35.22718],[-83.36128,35.22746],[-83.36152,35.2275]]},"properties":{"net":"sm3000","o":3}},{"type":"Feature","geometry":{"type":"LineString","coordinates":[[-83.35028,35.23959],[-83.35003,35.23857]]},"properties":{"net":"sm3027","o":1}},{"type":"Feature","geometry":{"type":"LineString","coordinates":[[-83.34747,35.24466],[-83.34785,35.24408],[-83.34838,35.24373],[-83.34889,35.2427],[-83.34984,35.24193],[-83.35034,35.23991],[-83.35028,35.23959]]},"properties":{"net":"sm3027","o":1}},{"type":"Feature","geometry":{"type":"LineString","coordinates":[[-83.40065,35.10464],[-83.39973,35.10434],[-83.39831,35.10437],[-83.39745,35.10452],[-83.39696,35.10484],[-83.39643,35.10597],[-83.39624,35.10662],[-83.3958,35.1073],[-83.39562,35.10784],[-83.39554,35.10943],[-83.39518,35.11095]]},"properties":{"net":"NC2974","o":1}},{"type":"Feature","geometry":{"type":"LineString","coordinates":[[-83.3918,35.13167],[-83.39123,35.13147],[-83.39015,35.13046],[-83.38852,35.12946],[-83.38733,35.12916],[-83.38565,35.12852],[-83.38482,35.12842],[-83.38371,35.12886],[-83.38333,35.12891],[-83.38177,35.12856]]},"properties":{"net":"sm3021","o":2}},{"type":"Feature","geometry":{"type":"LineString","coordinates":[[-83.38177,35.12856],[-83.38145,35.12852],[-83.38112,35.12866],[-83.38079,35.12932],[-83.3803,35.12997],[-83.37992,35.13015],[-83.37928,35.13018]]},"properties":{"net":"NC2974","o":2}},{"type":"Feature","geometry":{"type":"LineString","coordinates":[[-83.39347,35.15863],[-83.38988,35.15821],[-83.38965,35.15774],[-83.38986,35.157],[-83.38975,35.15671],[-83.38911,35.1559],[-83.3888,35.15565],[-83.38816,35.15555]]},"properties":{"net":"NC2974","o":4}},{"type":"Feature","geometry":{"type":"LineString","coordinates":[[-83.38968,35.1983],[-83.38851,35.19799],[-83.3871,35.1971],[-83.38651,35.19695],[-83.38602,35.19705]]},"properties":{"net":"NC2974","o":2}},{"type":"Feature","geometry":{"type":"LineString","coordinates":[[-83.37171,35.10192],[-83.37204,35.10234],[-83.37249,35.10263],[-83.37346,35.10364],[-83.37419,35.10458],[-83.37575,35.10547],[-83.37672,35.10657],[-83.37804,35.10687]]},"properties":{"net":"NC2974","o":1}},{"type":"Feature","geometry":{"type":"LineString","coordinates":[[-83.37784,35.13093],[-83.37795,35.13105]]},"properties":{"net":"NC2974","o":1}},{"type":"Feature","geometry":{"type":"LineString","coordinates":[[-83.37967,35.13785],[-83.37784,35.13828]]},"properties":{"net":"NC2974","o":2}},{"type":"Feature","geometry":{"type":"LineString","coordinates":[[-83.37784,35.13828],[-83.3777,35.13829]]},"properties":{"net":"NC2974","o":2}},{"type":"Feature","geometry":{"type":"LineString","coordinates":[[-83.3777,35.13829],[-83.37758,35.1383]]},"properties":{"net":"NC2974","o":2}},{"type":"Feature","geometry":{"type":"LineString","coordinates":[[-83.37758,35.1383],[-83.37778,35.13987],[-83.37753,35.14039],[-83.37674,35.14139],[-83.37664,35.14181]]},"properties":{"net":"NC2974","o":4}},{"type":"Feature","geometry":{"type":"LineString","coordinates":[[-83.38037,35.14882],[-83.37916,35.14865],[-83.37906,35.14876]]},"properties":{"net":"NC2974","o":2}},{"type":"Feature","geometry":{"type":"LineString","coordinates":[[-83.37906,35.14876],[-83.37896,35.14892]]},"properties":{"net":"NC2974","o":2}},{"type":"Feature","geometry":{"type":"LineString","coordinates":[[-83.37643,35.14184],[-83.37664,35.14181]]},"properties":{"net":"NC2974","o":1}},{"type":"Feature","geometry":{"type":"LineString","coordinates":[[-83.38038,35.1561],[-83.37988,35.15654],[-83.37764,35.15747],[-83.3771,35.15798],[-83.37668,35.1588],[-83.37641,35.16063],[-83.37553,35.16171],[-83.37531,35.16239],[-83.37528,35.1636],[-83.37563,35.16457],[-83.37602,35.16503],[-83.37737,35.16592],[-83.37789,35.1664],[-83.37809,35.16693],[-83.37801,35.16745],[-83.3772,35.16828],[-83.37536,35.16915],[-83.37453,35.16972],[-83.37283,35.17144],[-83.37222,35.17246]]},"properties":{"net":"NC2974","o":5}},{"type":"Feature","geometry":{"type":"LineString","coordinates":[[-83.37237,35.17253],[-83.37222,35.17246]]},"properties":{"net":"NC2974","o":1}},{"type":"Feature","geometry":{"type":"LineString","coordinates":[[-83.36638,35.17144],[-83.36801,35.17203],[-83.36849,35.17272],[-83.36954,35.17463],[-83.37005,35.17518]]},"properties":{"net":"NC2974","o":4}},{"type":"Feature","geometry":{"type":"LineString","coordinates":[[-83.36445,35.16492],[-83.36298,35.16615]]},"properties":{"net":"NC2974","o":1}},{"type":"Feature","geometry":{"type":"LineString","coordinates":[[-83.39597,35.23517],[-83.39634,35.23555],[-83.39637,35.23613],[-83.39587,35.23716],[-83.39537,35.23869],[-83.39537,35.23941]]},"properties":{"net":"out","o":5}},{"type":"Feature","geometry":{"type":"LineString","coordinates":[[-83.39537,35.23941],[-83.39505,35.23981],[-83.39498,35.24006]]},"properties":{"net":"out","o":5}},{"type":"Feature","geometry":{"type":"LineString","coordinates":[[-83.38763,35.22661],[-83.38885,35.22688],[-83.38957,35.22718],[-83.39165,35.22831]]},"properties":{"net":"out","o":5}},{"type":"Feature","geometry":{"type":"LineString","coordinates":[[-83.30254,35.00608],[-83.30255,35.00608]]},"properties":{"net":"NC2974","o":1}},{"type":"Feature","geometry":{"type":"LineString","coordinates":[[-83.30647,35.02742],[-83.30647,35.02742]]},"properties":{"net":"NC2974","o":1}},{"type":"Feature","geometry":{"type":"LineString","coordinates":[[-83.3654,34.91859],[-83.36584,34.91863],[-83.36694,34.91961],[-83.36722,34.92004],[-83.36724,34.92067],[-83.36766,34.92102],[-83.3682,34.9213],[-83.36922,34.9214],[-83.36967,34.92165],[-83.37125,34.92206]]},"properties":{"net":"NC2974","o":2}},{"type":"Feature","geometry":{"type":"LineString","coordinates":[[-83.36516,34.93259],[-83.36607,34.93328],[-83.36706,34.9335],[-83.36813,34.93405],[-83.36842,34.93411],[-83.36932,34.93393],[-83.37064,34.93336],[-83.37136,34.93278],[-83.37204,34.93206],[-83.37255,34.93114],[-83.37302,34.93073],[-83.37357,34.92965],[-83.37468,34.92804],[-83.37478,34.9277],[-83.37478,34.92681],[-83.37496,34.92618]]},"properties":{"net":"NC2974","o":1}},{"type":"Feature","geometry":{"type":"LineString","coordinates":[[-83.36334,34.91901],[-83.36399,34.91874],[-83.36477,34.91856]]},"properties":{"net":"NC2974","o":2}},{"type":"Feature","geometry":{"type":"LineString","coordinates":[[-83.24152,35.10061],[-83.24236,35.10079],[-83.24262,35.10102],[-83.24284,35.10143],[-83.243,35.10242],[-83.24318,35.10296],[-83.24366,35.10374],[-83.24428,35.10421],[-83.2459,35.10445],[-83.24612,35.10482],[-83.24617,35.10573],[-83.24628,35.10586],[-83.24669,35.10599],[-83.24705,35.10634],[-83.24736,35.10641],[-83.24842,35.10627],[-83.24952,35.10661],[-83.25047,35.10638],[-83.25196,35.10626],[-83.25292,35.10648],[-83.25345,35.10676],[-83.25403,35.10782],[-83.2543,35.10872],[-83.25482,35.10948],[-83.25478,35.10979],[-83.25427,35.11088],[-83.25423,35.11134],[-83.25453,35.11173],[-83.25492,35.11258],[-83.25532,35.11311],[-83.25619,35.11351],[-83.25656,35.11351]]},"properties":{"net":"NC2974","o":2}},{"type":"Feature","geometry":{"type":"LineString","coordinates":[[-83.213,35.15322],[-83.21482,35.15272],[-83.21677,35.15081],[-83.21805,35.15004],[-83.21826,35.14972],[-83.21854,35.14861],[-83.21886,35.14784],[-83.21915,35.14756],[-83.22026,35.14687],[-83.22026,35.14636],[-83.2205,35.14606],[-83.22091,35.14593],[-83.22189,35.14599],[-83.22237,35.14589],[-83.22285,35.14565],[-83.22321,35.14527],[-83.22391,35.1448],[-83.22565,35.14401],[-83.22615,35.14393],[-83.22728,35.14408],[-83.22777,35.14398],[-83.22795,35.14371],[-83.22818,35.1426],[-83.22892,35.14165],[-83.22932,35.14139],[-83.23025,35.14125],[-83.23045,35.141],[-83.23061,35.1405],[-83.23155,35.14034]]},"properties":{"net":"sm2987","o":1}},{"type":"Feature","geometry":{"type":"LineString","coordinates":[[-83.23431,35.18423],[-83.23514,35.18496],[-83.23549,35.18561]]},"properties":{"net":"NC2974","o":1}},{"type":"Feature","geometry":{"type":"LineString","coordinates":[[-83.23151,35.16203],[-83.23199,35.16217],[-83.23488,35.16344],[-83.23679,35.16404],[-83.23802,35.16379],[-83.23942,35.1631],[-83.24182,35.16269],[-83.24265,35.16278],[-83.24329,35.16296],[-83.24487,35.16359],[-83.24544,35.16404]]},"properties":{"net":"NC2974","o":1}},{"type":"Feature","geometry":{"type":"LineString","coordinates":[[-83.24785,35.21315],[-83.24827,35.21292],[-83.24859,35.21242],[-83.24893,35.2123],[-83.25027,35.21258],[-83.25151,35.21322],[-83.25235,35.21323],[-83.25305,35.21302]]},"properties":{"net":"NC2974","o":3}},{"type":"Feature","geometry":{"type":"LineString","coordinates":[[-83.28174,35.12493],[-83.28187,35.1245],[-83.28254,35.12381]]},"properties":{"net":"NC2974","o":3}},{"type":"Feature","geometry":{"type":"LineString","coordinates":[[-83.27975,35.22603],[-83.2789,35.22456],[-83.27883,35.22414],[-83.27892,35.22315],[-83.27823,35.22228],[-83.27774,35.22124],[-83.27752,35.21984],[-83.27769,35.21869],[-83.27749,35.21744],[-83.27721,35.21709],[-83.27667,35.21668]]},"properties":{"net":"sm3014","o":1}},{"type":"Feature","geometry":{"type":"LineString","coordinates":[[-83.23766,35.06656],[-83.23813,35.06643],[-83.2385,35.06644],[-83.23885,35.06667],[-83.23903,35.06704],[-83.23914,35.06805],[-83.23897,35.06881],[-83.23888,35.0703],[-83.23912,35.07093],[-83.23921,35.07215],[-83.23953,35.07287],[-83.23995,35.07339]]},"properties":{"net":"NC2974","o":4}},{"type":"Feature","geometry":{"type":"LineString","coordinates":[[-83.25951,35.2079],[-83.25992,35.20779],[-83.262,35.20774],[-83.2629,35.20754],[-83.26358,35.20765],[-83.26436,35.20761],[-83.26576,35.20708],[-83.26671,35.20647]]},"properties":{"net":"NC2974","o":3}},{"type":"Feature","geometry":{"type":"LineString","coordinates":[[-83.23559,35.07931],[-83.23614,35.07742],[-83.23637,35.07601],[-83.23662,35.0756],[-83.23708,35.07516],[-83.23762,35.07419],[-83.2379,35.0739],[-83.23823,35.07376],[-83.23936,35.07363],[-83.23995,35.07339]]},"properties":{"net":"NC2974","o":2}},{"type":"Feature","geometry":{"type":"LineString","coordinates":[[-83.27345,35.04174],[-83.27355,35.04202],[-83.27342,35.04344],[-83.2732,35.04368],[-83.27238,35.04404],[-83.27197,35.04456],[-83.27154,35.04488],[-83.27138,35.04515],[-83.27136,35.04543],[-83.27167,35.04647],[-83.27154,35.0473],[-83.27178,35.04799],[-83.27233,35.04874],[-83.27236,35.04904],[-83.27208,35.04975],[-83.27157,35.05067],[-83.27053,35.05139],[-83.27011,35.05185],[-83.26991,35.05255],[-83.26959,35.0531],[-83.26975,35.0544]]},"properties":{"net":"NC2974","o":1}},{"type":"Feature","geometry":{"type":"LineString","coordinates":[[-83.26975,35.0544],[-83.26893,35.05494],[-83.26829,35.0556],[-83.26759,35.05679],[-83.26712,35.05707],[-83.26637,35.0573],[-83.26426,35.05856],[-83.26278,35.05992],[-83.26192,35.06032],[-83.26098,35.06124],[-83.26088,35.06157]]},"properties":{"net":"NC2974","o":2}},{"type":"Feature","geometry":{"type":"LineString","coordinates":[[-83.25377,35.05377],[-83.25404,35.05484],[-83.25507,35.05614],[-83.25509,35.05677],[-83.25538,35.05711],[-83.25584,35.05726],[-83.2565,35.05858],[-83.25748,35.05904],[-83.25735,35.05943],[-83.25741,35.05958],[-83.25758,35.05963],[-83.25821,35.05941],[-83.25859,35.0594],[-83.25912,35.05969],[-83.2596,35.05979],[-83.25969,35.05998],[-83.25957,35.06043],[-83.25973,35.06076],[-83.26025,35.06106],[-83.26051,35.06146],[-83.26088,35.06157]]},"properties":{"net":"NC2974","o":2}},{"type":"Feature","geometry":{"type":"LineString","coordinates":[[-83.25606,35.19122],[-83.25671,35.19105],[-83.25713,35.19115],[-83.25725,35.19204],[-83.25792,35.19311]]},"properties":{"net":"NC2974","o":2}},{"type":"Feature","geometry":{"type":"LineString","coordinates":[[-83.25083,35.19757],[-83.25123,35.19733],[-83.2518,35.19643],[-83.25307,35.19544],[-83.25334,35.19531],[-83.25408,35.19539],[-83.25478,35.19517],[-83.25605,35.19425],[-83.25654,35.19404],[-83.25684,35.19364],[-83.25727,35.19333],[-83.25792,35.19311]]},"properties":{"net":"NC2974","o":1}},{"type":"Feature","geometry":{"type":"LineString","coordinates":[[-83.26505,35.11301],[-83.26517,35.11326],[-83.26583,35.11379],[-83.2666,35.11468],[-83.26821,35.11559],[-83.26907,35.11589],[-83.26961,35.11669],[-83.26999,35.11697],[-83.27024,35.11708],[-83.27139,35.11697],[-83.27284,35.11637],[-83.27328,35.11631],[-83.27675,35.11751],[-83.27723,35.11761],[-83.27834,35.11837]]},"properties":{"net":"NC2974","o":4}},{"type":"Feature","geometry":{"type":"LineString","coordinates":[[-83.28877,35.1232],[-83.28868,35.12298]]},"properties":{"net":"NC2974","o":2}},{"type":"Feature","geometry":{"type":"LineString","coordinates":[[-83.28552,35.12585],[-83.28581,35.12648],[-83.28566,35.12727],[-83.28467,35.12858],[-83.28399,35.12881]]},"properties":{"net":"NC2974","o":4}},{"type":"Feature","geometry":{"type":"LineString","coordinates":[[-83.2817,35.12239],[-83.2826,35.12377]]},"properties":{"net":"NC2974","o":4}},{"type":"Feature","geometry":{"type":"LineString","coordinates":[[-83.28153,35.13595],[-83.28174,35.13593]]},"properties":{"net":"NC2974","o":2}},{"type":"Feature","geometry":{"type":"LineString","coordinates":[[-83.27116,35.14053],[-83.27191,35.13975],[-83.2723,35.13911],[-83.27282,35.13883],[-83.27338,35.13825],[-83.27371,35.13811],[-83.27471,35.13797],[-83.2753,35.13741],[-83.27611,35.13703],[-83.27651,35.13651],[-83.27681,35.13632],[-83.27878,35.13557],[-83.28101,35.13594],[-83.28153,35.13595]]},"properties":{"net":"NC2974","o":2}},{"type":"Feature","geometry":{"type":"LineString","coordinates":[[-83.35871,34.92843],[-83.35877,34.92812],[-83.35925,34.92764],[-83.35953,34.9271],[-83.35969,34.92654],[-83.35972,34.92601],[-83.36003,34.92561],[-83.35983,34.92516],[-83.35971,34.92451],[-83.3599,34.92343]]},"properties":{"net":"NC2974","o":1}},{"type":"Feature","geometry":{"type":"LineString","coordinates":[[-83.35059,34.93202],[-83.35159,34.93113],[-83.35243,34.93056],[-83.35304,34.92987],[-83.35351,34.92908],[-83.35372,34.92848],[-83.35481,34.92705]]},"properties":{"net":"NC2974","o":1}},{"type":"Feature","geometry":{"type":"LineString","coordinates":[[-83.34428,34.97754],[-83.34463,34.97773],[-83.34556,34.97785],[-83.34613,34.97808]]},"properties":{"net":"NC2974","o":2}},{"type":"Feature","geometry":{"type":"LineString","coordinates":[[-83.3586,35.00009],[-83.35802,34.99849],[-83.35797,34.99795],[-83.35753,34.99737],[-83.35751,34.99675],[-83.35769,34.9964]]},"properties":{"net":"NC2974","o":1}},{"type":"Feature","geometry":{"type":"LineString","coordinates":[[-83.43335,34.91353],[-83.43247,34.91378],[-83.43205,34.91413]]},"properties":{"net":"NC2974","o":1}},{"type":"Feature","geometry":{"type":"LineString","coordinates":[[-83.43577,34.91832],[-83.43487,34.91934],[-83.43447,34.92045],[-83.43412,34.92081],[-83.43348,34.9212],[-83.4333,34.92172],[-83.43261,34.92241],[-83.43228,34.92253],[-83.43111,34.9223],[-83.42982,34.92264],[-83.42953,34.92264],[-83.42807,34.92229],[-83.4273,34.92225]]},"properties":{"net":"NC2974","o":2}},{"type":"Feature","geometry":{"type":"LineString","coordinates":[[-83.4273,34.92225],[-83.42715,34.92221]]},"properties":{"net":"NC2974","o":2}},{"type":"Feature","geometry":{"type":"LineString","coordinates":[[-83.4246,34.98902],[-83.42478,34.98855],[-83.4247,34.98767],[-83.42491,34.98596],[-83.42485,34.98527],[-83.42523,34.98388],[-83.42529,34.98299],[-83.42513,34.98222],[-83.42475,34.98159],[-83.42473,34.98135],[-83.42502,34.98044],[-83.42505,34.97957],[-83.42489,34.97873],[-83.42429,34.97766],[-83.42428,34.97737],[-83.42448,34.97695],[-83.42448,34.97657],[-83.42406,34.97462]]},"properties":{"net":"NC2974","o":1}},{"type":"Feature","geometry":{"type":"LineString","coordinates":[[-83.42835,35.12286],[-83.42821,35.12188],[-83.42784,35.12113],[-83.42711,35.12023],[-83.4257,35.11903],[-83.42535,35.11844],[-83.42529,35.11803],[-83.42513,35.11787]]},"properties":{"net":"sm3024","o":1}},{"type":"Feature","geometry":{"type":"LineString","coordinates":[[-83.44161,35.14117],[-83.4416,35.14232],[-83.44147,35.14288],[-83.44092,35.14339],[-83.44035,35.14446],[-83.43953,35.14533],[-83.43933,35.1462]]},"properties":{"net":"NC2974","o":1}},{"type":"Feature","geometry":{"type":"LineString","coordinates":[[-83.42911,35.16262],[-83.42877,35.16249],[-83.42743,35.1624],[-83.42668,35.16215],[-83.4263,35.16188],[-83.42601,35.1612],[-83.42589,35.1601],[-83.42481,35.15854],[-83.42358,35.15588],[-83.42276,35.15506],[-83.42218,35.15485],[-83.42126,35.15482],[-83.42068,35.15443],[-83.41935,35.1551],[-83.41881,35.15521],[-83.41784,35.15486],[-83.41744,35.1546],[-83.41701,35.15414],[-83.41679,35.1541]]},"properties":{"net":"NC2974","o":4}},{"type":"Feature","geometry":{"type":"LineString","coordinates":[[-83.3473,35.01203],[-83.34769,35.01209],[-83.34789,35.01224],[-83.34838,35.01279],[-83.34899,35.01373],[-83.3503,35.01463],[-83.3506,35.01541],[-83.35066,35.01684]]},"properties":{"net":"NC2974","o":3}},{"type":"Feature","geometry":{"type":"LineString","coordinates":[[-83.33944,35.01317],[-83.34007,35.01351],[-83.34087,35.01365],[-83.34131,35.0132],[-83.34147,35.0127],[-83.34173,35.01257],[-83.34217,35.01258],[-83.34274,35.01278],[-83.34446,35.01287],[-83.34547,35.01249],[-83.34617,35.01241],[-83.3473,35.01203]]},"properties":{"net":"NC2974","o":3}},{"type":"Feature","geometry":{"type":"LineString","coordinates":[[-83.34204,35.06105],[-83.3429,35.06113],[-83.34323,35.06179],[-83.34349,35.06203],[-83.34413,35.06223],[-83.34435,35.06254],[-83.34523,35.06278],[-83.34625,35.06328],[-83.34709,35.0641],[-83.3476,35.06535],[-83.34858,35.06626],[-83.34917,35.06656],[-83.34941,35.06703],[-83.34996,35.06749],[-83.35035,35.06763],[-83.35108,35.06749],[-83.35188,35.06762]]},"properties":{"net":"NC2974","o":2}},{"type":"Feature","geometry":{"type":"LineString","coordinates":[[-83.35671,35.03111],[-83.35718,35.03269],[-83.35743,35.0331],[-83.35716,35.03361],[-83.35734,35.03497],[-83.35772,35.03561],[-83.35837,35.0359],[-83.35881,35.03596],[-83.35973,35.03587],[-83.35976,35.03611],[-83.35958,35.03661],[-83.35997,35.03823]]},"properties":{"net":"NC2974","o":3}},{"type":"Feature","geometry":{"type":"LineString","coordinates":[[-83.35261,35.09468],[-83.353,35.09476],[-83.35364,35.09541],[-83.35482,35.09599],[-83.3564,35.09781],[-83.35663,35.0979],[-83.35754,35.09786],[-83.35786,35.09803],[-83.35796,35.09821],[-83.35792,35.09875],[-83.35805,35.0992],[-83.35858,35.09954],[-83.35881,35.10007],[-83.35976,35.10079],[-83.36013,35.10132]]},"properties":{"net":"sm3030","o":1}},{"type":"Feature","geometry":{"type":"LineString","coordinates":[[-83.34724,35.09822],[-83.34902,35.09899],[-83.34991,35.09948],[-83.35077,35.10016],[-83.3514,35.10098],[-83.3517,35.10119],[-83.35276,35.10147],[-83.35342,35.10176],[-83.35465,35.10178],[-83.35569,35.10198],[-83.35611,35.10221]]},"properties":{"net":"sm3030","o":1}},{"type":"Feature","geometry":{"type":"LineString","coordinates":[[-83.33727,34.99505],[-83.33772,34.99261]]},"properties":{"net":"NC2974","o":1}},{"type":"Feature","geometry":{"type":"LineString","coordinates":[[-83.32933,35.00789],[-83.32966,35.00827],[-83.33033,35.00852],[-83.3305,35.00867],[-83.33049,35.00957],[-83.33097,35.0099],[-83.33117,35.01033],[-83.332,35.01142],[-83.33245,35.01168]]},"properties":{"net":"NC2974","o":3}},{"type":"Feature","geometry":{"type":"LineString","coordinates":[[-83.37822,35.11878],[-83.3784,35.11915],[-83.37839,35.11939],[-83.37809,35.12011],[-83.37778,35.12041]]},"properties":{"net":"NC2974","o":4}},{"type":"Feature","geometry":{"type":"LineString","coordinates":[[-83.36479,35.13565],[-83.36479,35.13565]]},"properties":{"net":"sm3029","o":1}},{"type":"Feature","geometry":{"type":"LineString","coordinates":[[-83.61366,35.09231],[-83.61614,35.09179],[-83.61724,35.09145],[-83.61846,35.0914],[-83.61892,35.09155],[-83.61956,35.09216],[-83.61996,35.09242],[-83.62145,35.09266],[-83.62259,35.09332],[-83.6232,35.09345]]},"properties":{"net":"NC3035","o":2}},{"type":"Feature","geometry":{"type":"LineString","coordinates":[[-83.62949,35.18852],[-83.63041,35.18795],[-83.63282,35.18698],[-83.6333,35.18687],[-83.63419,35.18685],[-83.63436,35.18668],[-83.63443,35.18605]]},"properties":{"net":"NC3035","o":2}},{"type":"Feature","geometry":{"type":"LineString","coordinates":[[-83.6344,35.32145],[-83.63234,35.32245]]},"properties":{"net":"out","o":5}},{"type":"Feature","geometry":{"type":"LineString","coordinates":[[-83.62934,35.37714],[-83.62907,35.37739],[-83.62883,35.37845],[-83.62807,35.37922],[-83.62781,35.37973],[-83.62784,35.38018]]},"properties":{"net":"out","o":4}},{"type":"Feature","geometry":{"type":"LineString","coordinates":[[-83.62783,35.40356],[-83.62791,35.40497],[-83.62777,35.40562],[-83.62749,35.40621],[-83.62708,35.4067],[-83.62664,35.40744],[-83.62625,35.40835],[-83.62592,35.40873],[-83.62541,35.40987]]},"properties":{"net":"out","o":4}},{"type":"Feature","geometry":{"type":"LineString","coordinates":[[-83.62309,35.39728],[-83.62323,35.39822],[-83.62344,35.39873],[-83.62367,35.39903],[-83.6245,35.39972],[-83.62469,35.40065],[-83.62542,35.40088],[-83.6257,35.40112],[-83.62652,35.40224],[-83.62737,35.40294],[-83.62783,35.40356]]},"properties":{"net":"out","o":4}},{"type":"Feature","geometry":{"type":"LineString","coordinates":[[-83.62223,35.39319],[-83.62223,35.39357],[-83.62209,35.39396],[-83.62244,35.39442],[-83.62253,35.39517],[-83.62341,35.39601],[-83.62356,35.39629],[-83.62357,35.39664]]},"properties":{"net":"out","o":4}},{"type":"Feature","geometry":{"type":"LineString","coordinates":[[-83.61531,35.41245],[-83.61544,35.41377],[-83.61497,35.41488],[-83.61485,35.41545],[-83.61499,35.41625],[-83.61559,35.41746],[-83.61604,35.418],[-83.61647,35.41833],[-83.61734,35.41865],[-83.61821,35.41931],[-83.6185,35.41966],[-83.61893,35.4204],[-83.61911,35.42133],[-83.61895,35.42235]]},"properties":{"net":"out","o":4}},{"type":"Feature","geometry":{"type":"LineString","coordinates":[[-83.59023,35.08899],[-83.59026,35.08873],[-83.59053,35.08822],[-83.59184,35.08716],[-83.59228,35.08697],[-83.59309,35.08685],[-83.59405,35.08624],[-83.5946,35.0861],[-83.59552,35.08639],[-83.59617,35.08683],[-83.59666,35.08705],[-83.59804,35.08812],[-83.59851,35.08836],[-83.59908,35.08838],[-83.59972,35.08805],[-83.60014,35.08797],[-83.60187,35.08811],[-83.60313,35.0877],[-83.60353,35.08769],[-83.60484,35.08791],[-83.60655,35.0885],[-83.6077,35.08874],[-83.60946,35.08949],[-83.60975,35.08978],[-83.61036,35.09073],[-83.61092,35.09124],[-83.61244,35.09194],[-83.61366,35.09231]]},"properties":{"net":"NC3035","o":1}},{"type":"Feature","geometry":{"type":"LineString","coordinates":[[-83.59548,35.10425],[-83.59698,35.10435],[-83.59747,35.10458]]},"properties":{"net":"NC3035","o":4}},{"type":"Feature","geometry":{"type":"LineString","coordinates":[[-83.62317,35.22065],[-83.62245,35.22099],[-83.62215,35.22133],[-83.62173,35.22156],[-83.62154,35.22183],[-83.62148,35.2224],[-83.62121,35.22297],[-83.62123,35.2247],[-83.62095,35.22538],[-83.6205,35.22588],[-83.62028,35.22652],[-83.62032,35.227]]},"properties":{"net":"NC3207","o":1}},{"type":"Feature","geometry":{"type":"LineString","coordinates":[[-83.61524,35.22184],[-83.61643,35.22302],[-83.61718,35.2242],[-83.61722,35.22477],[-83.6174,35.22509],[-83.61794,35.22536],[-83.61838,35.22582],[-83.61912,35.22633],[-83.61934,35.2268]]},"properties":{"net":"NC3207","o":3}},{"type":"Feature","geometry":{"type":"LineString","coordinates":[[-83.59994,35.19548],[-83.59987,35.19596],[-83.59948,35.19693],[-83.59948,35.19748],[-83.60007,35.19954],[-83.60051,35.20027],[-83.6026,35.2017],[-83.60309,35.20219]]},"properties":{"net":"NC3207","o":1}},{"type":"Feature","geometry":{"type":"LineString","coordinates":[[-83.57642,35.21502],[-83.57682,35.21516],[-83.57772,35.21577],[-83.5792,35.21642],[-83.58195,35.21813],[-83.58294,35.21858],[-83.58379,35.21923],[-83.58412,35.21938],[-83.5862,35.2199],[-83.58745,35.2201],[-83.58874,35.2206],[-83.58946,35.22063],[-83.591,35.22049],[-83.59242,35.22073],[-83.59372,35.2212],[-83.595,35.22186],[-83.59717,35.2226],[-83.59804,35.22313],[-83.60067,35.22529],[-83.60104,35.22548]]},"properties":{"net":"sm2849","o":1}},{"type":"Feature","geometry":{"type":"LineString","coordinates":[[-83.61233,35.33406],[-83.61224,35.33386],[-83.61192,35.33362],[-83.61087,35.33337]]},"properties":{"net":"out","o":5}},{"type":"Feature","geometry":{"type":"LineString","coordinates":[[-83.61087,35.33337],[-83.609,35.3329]]},"properties":{"net":"out","o":5}},{"type":"Feature","geometry":{"type":"LineString","coordinates":[[-83.59215,35.37022],[-83.59258,35.36856],[-83.59343,35.36714],[-83.59396,35.3658]]},"properties":{"net":"sm8796217","o":1}},{"type":"Feature","geometry":{"type":"LineString","coordinates":[[-83.59137,35.07326],[-83.59253,35.07228],[-83.59354,35.07165],[-83.59413,35.07075],[-83.59577,35.06901],[-83.59626,35.06819],[-83.59653,35.0679],[-83.59683,35.0677],[-83.59715,35.06768],[-83.59845,35.06806]]},"properties":{"net":"NC3035","o":2}},{"type":"Feature","geometry":{"type":"LineString","coordinates":[[-83.61271,35.08004],[-83.61262,35.08146],[-83.61276,35.08169]]},"properties":{"net":"NC3035","o":3}},{"type":"Feature","geometry":{"type":"LineString","coordinates":[[-83.60038,35.09604],[-83.60077,35.09632],[-83.60132,35.09655],[-83.60287,35.09664],[-83.60458,35.09631],[-83.60741,35.09542],[-83.60857,35.09523],[-83.60998,35.09459],[-83.61113,35.09371],[-83.61366,35.09231]]},"properties":{"net":"NC3035","o":1}},{"type":"Feature","geometry":{"type":"LineString","coordinates":[[-83.5915,35.09513],[-83.59179,35.09567],[-83.59213,35.09676],[-83.59262,35.09786],[-83.59298,35.10064],[-83.59416,35.10206],[-83.59542,35.10416]]},"properties":{"net":"NC3035","o":1}},{"type":"Feature","geometry":{"type":"LineString","coordinates":[[-83.59147,35.12987],[-83.59209,35.12978],[-83.59297,35.12928],[-83.59376,35.12899],[-83.5957,35.1291],[-83.59641,35.12906],[-83.59751,35.12837],[-83.59814,35.12732],[-83.59809,35.12652],[-83.59835,35.12584],[-83.59807,35.12511],[-83.59809,35.12481],[-83.59827,35.12448],[-83.59913,35.12363],[-83.59974,35.12279],[-83.59997,35.12227],[-83.60033,35.12024],[-83.60089,35.1195]]},"properties":{"net":"NC3035","o":1}},{"type":"Feature","geometry":{"type":"LineString","coordinates":[[-83.60842,35.16161],[-83.60818,35.16098],[-83.60774,35.16059],[-83.60741,35.1601],[-83.60731,35.15969],[-83.60694,35.1591],[-83.6059,35.15839],[-83.60489,35.15828],[-83.60414,35.15773]]},"properties":{"net":"sm2754","o":1}},{"type":"Feature","geometry":{"type":"LineString","coordinates":[[-83.61365,35.17432],[-83.61373,35.17431]]},"properties":{"net":"NC3035","o":1}},{"type":"Feature","geometry":{"type":"LineString","coordinates":[[-83.58206,35.36811],[-83.57764,35.36671],[-83.57643,35.36699],[-83.57517,35.36696],[-83.5745,35.36644],[-83.5736,35.36627],[-83.57033,35.36466]]},"properties":{"net":"sm8796221","o":1}},{"type":"Feature","geometry":{"type":"LineString","coordinates":[[-83.58568,35.43599],[-83.58826,35.43529]]},"properties":{"net":"out","o":7}},{"type":"Feature","geometry":{"type":"LineString","coordinates":[[-83.56313,35.23305],[-83.56419,35.23194],[-83.56502,35.23174],[-83.56635,35.23172]]},"properties":{"net":"sm3057","o":1}},{"type":"Feature","geometry":{"type":"LineString","coordinates":[[-83.56635,35.23172],[-83.56847,35.23157],[-83.56898,35.23138],[-83.57051,35.23108],[-83.57163,35.23125],[-83.57253,35.23118],[-83.57479,35.23176],[-83.57762,35.23345],[-83.57842,35.23411],[-83.57945,35.23585],[-83.58127,35.2378]]},"properties":{"net":"sm3058","o":1}},{"type":"Feature","geometry":{"type":"LineString","coordinates":[[-83.58127,35.2378],[-83.58168,35.23817],[-83.58192,35.23823]]},"properties":{"net":"sm2849","o":1}},{"type":"Feature","geometry":{"type":"LineString","coordinates":[[-83.58301,35.34298],[-83.58098,35.34431],[-83.58069,35.34468],[-83.58032,35.3452],[-83.58008,35.3458],[-83.57964,35.34737]]},"properties":{"net":"out","o":5}},{"type":"Feature","geometry":{"type":"LineString","coordinates":[[-83.5867,35.35784],[-83.58639,35.35783]]},"properties":{"net":"sm8796217","o":3}},{"type":"Feature","geometry":{"type":"LineString","coordinates":[[-83.57352,35.36909],[-83.57287,35.3688],[-83.57257,35.36851],[-83.57214,35.36754],[-83.57131,35.36641],[-83.56996,35.36562],[-83.56929,35.36542]]},"properties":{"net":"sm8796221","o":1}},{"type":"Feature","geometry":{"type":"LineString","coordinates":[[-83.5728,35.37185],[-83.57029,35.37237],[-83.56943,35.37238],[-83.56879,35.37267]]},"properties":{"net":"sm8796220","o":1}},{"type":"Feature","geometry":{"type":"LineString","coordinates":[[-83.57482,35.39265],[-83.57516,35.39369]]},"properties":{"net":"out","o":6}},{"type":"Feature","geometry":{"type":"LineString","coordinates":[[-83.57812,35.37332],[-83.57727,35.37343],[-83.57515,35.37422],[-83.57476,35.37424],[-83.57334,35.37497],[-83.57265,35.37546],[-83.5704,35.37563],[-83.56983,35.37593],[-83.56959,35.37617],[-83.56911,35.37684],[-83.56881,35.37753],[-83.56835,35.37798]]},"properties":{"net":"sm8796223","o":1}},{"type":"Feature","geometry":{"type":"LineString","coordinates":[[-83.56183,35.37275],[-83.56184,35.37284]]},"properties":{"net":"sm8796222","o":3}},{"type":"Feature","geometry":{"type":"LineString","coordinates":[[-83.55534,35.38097],[-83.55734,35.38069]]},"properties":{"net":"out","o":6}},{"type":"Feature","geometry":{"type":"LineString","coordinates":[[-83.5616,35.39732],[-83.56072,35.39779],[-83.56012,35.39828],[-83.55951,35.39922]]},"properties":{"net":"out","o":6}},{"type":"Feature","geometry":{"type":"LineString","coordinates":[[-83.55951,35.39922],[-83.56042,35.40018],[-83.56192,35.40234],[-83.56225,35.40353],[-83.56204,35.40451],[-83.56164,35.40509],[-83.55999,35.4061],[-83.55861,35.40713],[-83.5578,35.40918],[-83.55654,35.41092],[-83.55639,35.41154],[-83.55644,35.41188]]},"properties":{"net":"out","o":6}},{"type":"Feature","geometry":{"type":"LineString","coordinates":[[-83.55918,35.29801],[-83.5589,35.29835],[-83.55893,35.2989],[-83.55867,35.29962],[-83.55872,35.30038],[-83.55844,35.30087],[-83.55843,35.30163],[-83.55711,35.30278],[-83.5569,35.30329],[-83.55638,35.30347],[-83.55615,35.30366],[-83.55594,35.30434],[-83.55547,35.30506],[-83.5552,35.30597],[-83.55459,35.30661],[-83.55427,35.30727],[-83.55335,35.30827],[-83.5526,35.30961],[-83.55223,35.31007],[-83.55208,35.31043],[-83.55222,35.31096],[-83.55206,35.31154],[-83.5514,35.31236]]},"properties":{"net":"sm3003","o":1}},{"type":"Feature","geometry":{"type":"LineString","coordinates":[[-83.56006,35.3322],[-83.5594,35.33222],[-83.55872,35.33256],[-83.55778,35.33284],[-83.55711,35.33286],[-83.55659,35.33275],[-83.55534,35.33212],[-83.55423,35.33143],[-83.55356,35.33116],[-83.55273,35.33097],[-83.55186,35.33091],[-83.55064,35.33047],[-83.54967,35.32999],[-83.54817,35.32893]]},"properties":{"net":"sm3002","o":1}},{"type":"Feature","geometry":{"type":"LineString","coordinates":[[-83.56572,35.35038],[-83.56573,35.3507]]},"properties":{"net":"out","o":5}},{"type":"Feature","geometry":{"type":"LineString","coordinates":[[-83.55785,35.37132],[-83.55827,35.37096]]},"properties":{"net":"sm8796219","o":1}},{"type":"Feature","geometry":{"type":"LineString","coordinates":[[-83.55667,35.36606],[-83.55705,35.36634]]},"properties":{"net":"sm8796222","o":3}},{"type":"Feature","geometry":{"type":"LineString","coordinates":[[-83.56391,35.38137],[-83.56411,35.38486],[-83.56354,35.38572],[-83.56315,35.38656],[-83.56302,35.38726],[-83.56314,35.38763],[-83.56354,35.38801],[-83.56416,35.38815],[-83.56548,35.38799],[-83.56759,35.38737],[-83.56841,35.38734],[-83.56989,35.38766]]},"properties":{"net":"out","o":6}},{"type":"Feature","geometry":{"type":"LineString","coordinates":[[-83.53126,35.10875],[-83.53026,35.10862],[-83.52962,35.10881],[-83.52866,35.10884],[-83.52714,35.10927],[-83.52664,35.10906],[-83.52639,35.10908],[-83.52603,35.10929],[-83.52541,35.1099],[-83.52463,35.11032]]},"properties":{"net":"sm2953","o":1}},{"type":"Feature","geometry":{"type":"LineString","coordinates":[[-83.52463,35.11032],[-83.5242,35.11058]]},"properties":{"net":"sm2952","o":1}},{"type":"Feature","geometry":{"type":"LineString","coordinates":[[-83.5242,35.11058],[-83.52216,35.11229],[-83.52029,35.11281],[-83.51939,35.11329],[-83.51789,35.11363],[-83.51764,35.11379],[-83.51726,35.11432],[-83.51626,35.11461],[-83.51562,35.11493],[-83.51496,35.11569],[-83.51478,35.11634],[-83.51449,35.11674],[-83.51318,35.11759],[-83.51203,35.11771],[-83.51062,35.11745],[-83.50962,35.11747],[-83.50933,35.11739]]},"properties":{"net":"NC6212","o":1}},{"type":"Feature","geometry":{"type":"LineString","coordinates":[[-83.55031,35.16786],[-83.5495,35.16831],[-83.54906,35.16835],[-83.54739,35.16767],[-83.54663,35.1672],[-83.54575,35.16694],[-83.54446,35.16731],[-83.5435,35.16721],[-83.54252,35.1674],[-83.54193,35.16737]]},"properties":{"net":"sm2961","o":1}},{"type":"Feature","geometry":{"type":"LineString","coordinates":[[-83.54959,35.3045],[-83.5503,35.30568],[-83.55055,35.30636],[-83.55041,35.30728],[-83.54984,35.30856],[-83.54976,35.30899],[-83.54984,35.30969],[-83.55013,35.31012],[-83.55071,35.31168],[-83.55065,35.31206],[-83.55009,35.31316],[-83.55009,35.31338]]},"properties":{"net":"sm3003","o":1}},{"type":"Feature","geometry":{"type":"LineString","coordinates":[[-83.5316,35.29656],[-83.53067,35.29711],[-83.53035,35.29764]]},"properties":{"net":"sm3032","o":2}},{"type":"Feature","geometry":{"type":"LineString","coordinates":[[-83.54473,35.32836],[-83.54382,35.32871],[-83.54308,35.32918],[-83.54194,35.33045],[-83.54073,35.33131],[-83.54027,35.33204]]},"properties":{"net":"sm3002","o":2}},{"type":"Feature","geometry":{"type":"LineString","coordinates":[[-83.5328,35.33824],[-83.5327,35.33838]]},"properties":{"net":"sm3001","o":2}},{"type":"Feature","geometry":{"type":"LineString","coordinates":[[-83.53973,35.36191],[-83.54007,35.36259],[-83.54031,35.36286],[-83.54071,35.36315],[-83.54132,35.36337],[-83.54411,35.36357],[-83.54663,35.3634]]},"properties":{"net":"sm8796222","o":2}},{"type":"Feature","geometry":{"type":"LineString","coordinates":[[-83.52602,35.27718],[-83.52446,35.27656],[-83.52403,35.2763],[-83.52376,35.27581],[-83.52383,35.27506],[-83.5233,35.2745],[-83.52137,35.27363],[-83.52105,35.27361]]},"properties":{"net":"NC6243","o":4}},{"type":"Feature","geometry":{"type":"LineString","coordinates":[[-83.52105,35.27361],[-83.5202,35.27368],[-83.51936,35.27297],[-83.51849,35.27257]]},"properties":{"net":"NC6243","o":4}},{"type":"Feature","geometry":{"type":"LineString","coordinates":[[-83.51725,35.3],[-83.52008,35.30304],[-83.52147,35.30428],[-83.52191,35.30507],[-83.52195,35.30651]]},"properties":{"net":"out","o":6}},{"type":"Feature","geometry":{"type":"LineString","coordinates":[[-83.5142,35.29844],[-83.51459,35.29849]]},"properties":{"net":"out","o":6}},{"type":"Feature","geometry":{"type":"LineString","coordinates":[[-83.52034,35.39452],[-83.52072,35.39479],[-83.52145,35.39607],[-83.52191,35.39645],[-83.52267,35.39653],[-83.52366,35.39624],[-83.52424,35.39621],[-83.52469,35.39649],[-83.525,35.39716],[-83.52541,35.39751]]},"properties":{"net":"out","o":4}},{"type":"Feature","geometry":{"type":"LineString","coordinates":[[-83.48272,35.00614],[-83.48239,35.00759],[-83.48247,35.0086],[-83.48263,35.00888],[-83.48315,35.00958],[-83.48512,35.01137],[-83.486,35.01202],[-83.48665,35.01262],[-83.48731,35.01302],[-83.48809,35.01333],[-83.48908,35.01318],[-83.48978,35.01324],[-83.49121,35.01291],[-83.49271,35.01243],[-83.49331,35.01239],[-83.49491,35.01252]]},"properties":{"net":"NC3035","o":1}},{"type":"Feature","geometry":{"type":"LineString","coordinates":[[-83.49672,35.04302],[-83.49987,35.04181],[-83.50083,35.04174],[-83.50276,35.04039],[-83.50349,35.04012],[-83.50392,35.04018],[-83.50435,35.04037],[-83.50559,35.04123],[-83.50668,35.04183]]},"properties":{"net":"NC3035","o":2}},{"type":"Feature","geometry":{"type":"LineString","coordinates":[[-83.49457,35.06169],[-83.49537,35.06129],[-83.49623,35.06114],[-83.49691,35.06076],[-83.49795,35.06044],[-83.49875,35.06005],[-83.49909,35.05973],[-83.49924,35.05902],[-83.49948,35.05874],[-83.50042,35.05824],[-83.50084,35.0579],[-83.50142,35.05773],[-83.50194,35.05709],[-83.50229,35.05684],[-83.50369,35.05644],[-83.50456,35.05639]]},"properties":{"net":"sm2747","o":1}},{"type":"Feature","geometry":{"type":"LineString","coordinates":[[-83.50472,35.08203],[-83.50421,35.08327],[-83.50296,35.08527],[-83.50283,35.08578],[-83.50285,35.08664],[-83.50226,35.08809],[-83.50118,35.08981],[-83.50082,35.09095],[-83.49987,35.09208]]},"properties":{"net":"NC6212","o":1}},{"type":"Feature","geometry":{"type":"LineString","coordinates":[[-83.49294,35.10495],[-83.48836,35.10439],[-83.48684,35.10382],[-83.48627,35.10331],[-83.48596,35.10315],[-83.48401,35.10312],[-83.48264,35.10287]]},"properties":{"net":"NC6212","o":3}},{"type":"Feature","geometry":{"type":"LineString","coordinates":[[-83.49353,35.14721],[-83.49303,35.14682],[-83.49244,35.14575],[-83.49212,35.14543],[-83.49002,35.14455],[-83.48902,35.14372],[-83.48778,35.14314],[-83.48718,35.143],[-83.48635,35.14306]]},"properties":{"net":"NC6212","o":1}},{"type":"Feature","geometry":{"type":"LineString","coordinates":[[-83.49852,35.18372],[-83.49905,35.18341],[-83.49937,35.18305],[-83.50044,35.18101],[-83.50115,35.18032],[-83.50128,35.18003],[-83.50113,35.1798],[-83.50005,35.17894],[-83.4989,35.17846],[-83.49841,35.17839],[-83.49817,35.17822],[-83.49792,35.1775],[-83.49771,35.17615],[-83.49742,35.17542],[-83.49755,35.17481],[-83.49747,35.17423],[-83.49758,35.1736],[-83.49751,35.17335],[-83.49718,35.17297],[-83.49737,35.17248],[-83.498,35.17149],[-83.49837,35.17002],[-83.49841,35.16922],[-83.49807,35.16855],[-83.49829,35.16819],[-83.49896,35.16779],[-83.49903,35.16765],[-83.4987,35.16705],[-83.49865,35.16641],[-83.49844,35.16582],[-83.49848,35.16483],[-83.49796,35.1643],[-83.49781,35.16369],[-83.49776,35.16305],[-83.49812,35.16244]]},"properties":{"net":"NC6212","o":1}},{"type":"Feature","geometry":{"type":"LineString","coordinates":[[-83.49624,35.29736],[-83.49844,35.29997]]},"properties":{"net":"out","o":6}},{"type":"Feature","geometry":{"type":"LineString","coordinates":[[-83.49561,35.29677],[-83.49624,35.29736]]},"properties":{"net":"out","o":6}},{"type":"Feature","geometry":{"type":"LineString","coordinates":[[-83.49084,35.28897],[-83.49088,35.29052],[-83.49116,35.29156],[-83.49229,35.29286],[-83.49341,35.29396]]},"properties":{"net":"out","o":6}},{"type":"Feature","geometry":{"type":"LineString","coordinates":[[-83.49413,35.31597],[-83.49419,35.31607],[-83.49412,35.31628],[-83.49463,35.31681],[-83.49557,35.31706],[-83.49643,35.31768],[-83.49682,35.31768],[-83.49781,35.31721]]},"properties":{"net":"out","o":4}},{"type":"Feature","geometry":{"type":"LineString","coordinates":[[-83.5048,35.35064],[-83.50377,35.35112],[-83.50343,35.35142],[-83.50323,35.35175],[-83.50313,35.35229],[-83.50328,35.35348],[-83.50363,35.35426],[-83.50405,35.35464],[-83.50545,35.3552]]},"properties":{"net":"out","o":6}},{"type":"Feature","geometry":{"type":"LineString","coordinates":[[-83.48895,35.36661],[-83.49075,35.36733]]},"properties":{"net":"sm3004","o":2}},{"type":"Feature","geometry":{"type":"LineString","coordinates":[[-83.48416,35.35246],[-83.48477,35.35299],[-83.48567,35.3533],[-83.4864,35.35384],[-83.48729,35.35419],[-83.48876,35.35458]]},"properties":{"net":"sm3005","o":2}},{"type":"Feature","geometry":{"type":"LineString","coordinates":[[-83.49914,35.38844],[-83.50015,35.38896],[-83.50059,35.3891],[-83.50085,35.3893]]},"properties":{"net":"out","o":4}},{"type":"Feature","geometry":{"type":"LineString","coordinates":[[-83.47825,35.10122],[-83.47876,35.10233],[-83.47972,35.10338]]},"properties":{"net":"NC6212","o":1}},{"type":"Feature","geometry":{"type":"LineString","coordinates":[[-83.4699,35.12146],[-83.4703,35.12133],[-83.47105,35.12126]]},"properties":{"net":"NC6212","o":2}},{"type":"Feature","geometry":{"type":"LineString","coordinates":[[-83.48635,35.14306],[-83.48614,35.14342],[-83.48562,35.14389],[-83.4853,35.14405],[-83.48459,35.14408],[-83.48432,35.14422],[-83.48406,35.14451]]},"properties":{"net":"NC6212","o":4}},{"type":"Feature","geometry":{"type":"LineString","coordinates":[[-83.48697,35.15322],[-83.48663,35.1525],[-83.48613,35.15209],[-83.48319,35.15102],[-83.48273,35.15074],[-83.48238,35.15015],[-83.48176,35.1483]]},"properties":{"net":"NC6212","o":3}},{"type":"Feature","geometry":{"type":"LineString","coordinates":[[-83.47166,35.16619],[-83.47159,35.16486],[-83.47239,35.16277],[-83.47242,35.16183]]},"properties":{"net":"NC6212","o":1}},{"type":"Feature","geometry":{"type":"LineString","coordinates":[[-83.46739,35.17421],[-83.46741,35.17402]]},"properties":{"net":"NC6212","o":2}},{"type":"Feature","geometry":{"type":"LineString","coordinates":[[-83.47116,35.28418],[-83.47171,35.28524],[-83.47217,35.28581],[-83.47272,35.28615],[-83.47366,35.2864]]},"properties":{"net":"out","o":6}},{"type":"Feature","geometry":{"type":"LineString","coordinates":[[-83.44835,35.15625],[-83.44833,35.1566],[-83.44842,35.15687],[-83.44945,35.157],[-83.44984,35.15747]]},"properties":{"net":"NC6212","o":1}},{"type":"Feature","geometry":{"type":"LineString","coordinates":[[-83.4495,35.16714],[-83.45022,35.16688]]},"properties":{"net":"NC6212","o":1}},{"type":"Feature","geometry":{"type":"LineString","coordinates":[[-83.44453,35.27776],[-83.44505,35.27808],[-83.44643,35.27846],[-83.44755,35.27852],[-83.44936,35.27838]]},"properties":{"net":"out","o":6}},{"type":"Feature","geometry":{"type":"LineString","coordinates":[[-83.45789,35.0979],[-83.45786,35.09882],[-83.45764,35.09956],[-83.45725,35.10036]]},"properties":{"net":"NC6212","o":2}},{"type":"Feature","geometry":{"type":"LineString","coordinates":[[-83.4542,35.11719],[-83.45609,35.11551],[-83.45791,35.11513],[-83.45965,35.11422],[-83.46134,35.11374],[-83.46293,35.11374],[-83.46348,35.11364],[-83.46381,35.11378]]},"properties":{"net":"NC6212","o":1}},{"type":"Feature","geometry":{"type":"LineString","coordinates":[[-83.45835,35.2705],[-83.4604,35.27144]]},"properties":{"net":"out","o":6}},{"type":"Feature","geometry":{"type":"LineString","coordinates":[[-83.4579,35.29084],[-83.45753,35.29024],[-83.45726,35.28941],[-83.45763,35.28848],[-83.45797,35.28675],[-83.45832,35.28609],[-83.45836,35.28574],[-83.45825,35.28504]]},"properties":{"net":"sm3008","o":1}},{"type":"Feature","geometry":{"type":"LineString","coordinates":[[-83.44806,35.30265],[-83.44717,35.30246],[-83.44575,35.30126],[-83.44481,35.3014],[-83.44446,35.30118],[-83.44413,35.30067],[-83.44327,35.30056],[-83.44203,35.29983],[-83.44182,35.29927],[-83.44143,35.29903],[-83.44135,35.29887],[-83.44151,35.29686],[-83.44127,35.2953]]},"properties":{"net":"sm3028","o":1}},{"type":"Feature","geometry":{"type":"LineString","coordinates":[[-83.3878,35.06667],[-83.38788,35.06663]]},"properties":{"net":"NC2974","o":3}},{"type":"Feature","geometry":{"type":"LineString","coordinates":[[-83.39938,35.13235],[-83.39915,35.13232]]},"properties":{"net":"sm3021","o":1}},{"type":"Feature","geometry":{"type":"LineString","coordinates":[[-83.37664,35.14181],[-83.37665,35.14241],[-83.37689,35.14322],[-83.37694,35.14383],[-83.37666,35.14519],[-83.37637,35.14541],[-83.3747,35.14598],[-83.37431,35.1463],[-83.37391,35.14762],[-83.37381,35.14816],[-83.37387,35.14876],[-83.37396,35.14892],[-83.37561,35.15022],[-83.37588,35.15018],[-83.37656,35.14945],[-83.37817,35.1488],[-83.37862,35.14884],[-83.37886,35.14901]]},"properties":{"net":"NC2974","o":4}},{"type":"Feature","geometry":{"type":"LineString","coordinates":[[-83.36644,35.17132],[-83.36638,35.17144]]},"properties":{"net":"NC2974","o":1}},{"type":"Feature","geometry":{"type":"LineString","coordinates":[[-83.36298,35.16615],[-83.36291,35.16622]]},"properties":{"net":"NC2974","o":1}},{"type":"Feature","geometry":{"type":"LineString","coordinates":[[-83.36358,35.18664],[-83.36374,35.18665]]},"properties":{"net":"NC2974","o":1}},{"type":"Feature","geometry":{"type":"LineString","coordinates":[[-83.36369,35.21302],[-83.36428,35.2137],[-83.36463,35.21459],[-83.36498,35.21496]]},"properties":{"net":"NC2974","o":3}},{"type":"Feature","geometry":{"type":"LineString","coordinates":[[-83.36358,35.21304],[-83.36369,35.21302]]},"properties":{"net":"NC2974","o":1}},{"type":"Feature","geometry":{"type":"LineString","coordinates":[[-83.39994,34.97782],[-83.39944,34.97744]]},"properties":{"net":"NC2974","o":1}},{"type":"Feature","geometry":{"type":"LineString","coordinates":[[-83.39992,35.00577],[-83.4002,35.00642],[-83.40027,35.00755],[-83.40013,35.00836],[-83.39987,35.00887],[-83.39921,35.00938],[-83.3969,35.01008],[-83.3937,35.01008],[-83.39197,35.00939],[-83.39014,35.00919],[-83.38705,35.00797],[-83.38642,35.00737],[-83.38554,35.00699],[-83.38478,35.00706],[-83.38439,35.00722],[-83.38351,35.00829]]},"properties":{"net":"NC2974","o":1}},{"type":"Feature","geometry":{"type":"LineString","coordinates":[[-83.3962,35.02578],[-83.39545,35.02655],[-83.39465,35.02709],[-83.39424,35.02766],[-83.39362,35.02814],[-83.3932,35.02881],[-83.3928,35.02907],[-83.39192,35.02916],[-83.39098,35.02956],[-83.38974,35.02961],[-83.38896,35.02991],[-83.38851,35.02987],[-83.38779,35.02946],[-83.38712,35.02934],[-83.38623,35.02924],[-83.38482,35.0293]]},"properties":{"net":"NC2974","o":1}},{"type":"Feature","geometry":{"type":"LineString","coordinates":[[-83.38211,35.03002],[-83.38204,35.03058],[-83.38161,35.03142],[-83.38116,35.03204],[-83.38096,35.03258],[-83.38117,35.03429],[-83.38057,35.03579],[-83.38052,35.03684],[-83.38067,35.03752],[-83.38063,35.03907],[-83.38115,35.03965],[-83.38175,35.03987],[-83.38251,35.04047],[-83.38388,35.04121],[-83.38417,35.04149],[-83.3843,35.04196],[-83.38439,35.04312],[-83.3843,35.04337],[-83.3842,35.04338]]},"properties":{"net":"NC2974","o":4}},{"type":"Feature","geometry":{"type":"LineString","coordinates":[[-83.38353,35.13837],[-83.38293,35.13769],[-83.38218,35.13731],[-83.38172,35.13722]]},"properties":{"net":"NC2974","o":1}},{"type":"Feature","geometry":{"type":"LineString","coordinates":[[-83.39355,35.15855],[-83.39347,35.15863]]},"properties":{"net":"NC2974","o":1}},{"type":"Feature","geometry":{"type":"LineString","coordinates":[[-83.40362,35.17967],[-83.40263,35.17833],[-83.40136,35.17706],[-83.39798,35.17557],[-83.39742,35.17612],[-83.39534,35.17731],[-83.39429,35.17747],[-83.39358,35.17779],[-83.39283,35.17773],[-83.39201,35.17809],[-83.39163,35.17839],[-83.39128,35.17887],[-83.39099,35.17965],[-83.39059,35.18034]]},"properties":{"net":"NC2974","o":2}},{"type":"Feature","geometry":{"type":"LineString","coordinates":[[-83.39348,35.18642],[-83.39315,35.18593],[-83.39235,35.18346],[-83.39228,35.18299],[-83.39235,35.18229],[-83.39218,35.18169],[-83.39173,35.18113],[-83.39059,35.18034]]},"properties":{"net":"NC2974","o":1}},{"type":"Feature","geometry":{"type":"LineString","coordinates":[[-83.37482,35.18736],[-83.37642,35.18782],[-83.37859,35.18944],[-83.37981,35.18993],[-83.38119,35.19097],[-83.38228,35.19202],[-83.38478,35.19499],[-83.38516,35.19581],[-83.3853,35.19718]]},"properties":{"net":"NC2974","o":5}},{"type":"Feature","geometry":{"type":"LineString","coordinates":[[-83.38588,35.26854],[-83.38922,35.26852],[-83.39042,35.26842],[-83.39097,35.26852]]},"properties":{"net":"out","o":4}},{"type":"Feature","geometry":{"type":"LineString","coordinates":[[-83.39976,35.29559],[-83.39952,35.29331],[-83.39976,35.29286],[-83.39985,35.29228],[-83.39971,35.29149],[-83.39936,35.29073],[-83.3993,35.28904]]},"properties":{"net":"sm3009","o":2}},{"type":"Feature","geometry":{"type":"LineString","coordinates":[[-83.38818,35.31188],[-83.38955,35.31093],[-83.39065,35.31053],[-83.3914,35.31042],[-83.39304,35.31047]]},"properties":{"net":"sm3009","o":1}},{"type":"Feature","geometry":{"type":"LineString","coordinates":[[-83.37916,34.99562],[-83.37928,34.99565]]},"properties":{"net":"NC2974","o":1}},{"type":"Feature","geometry":{"type":"LineString","coordinates":[[-83.35839,35.07232],[-83.35887,35.07221],[-83.35936,35.07229],[-83.35975,35.07212],[-83.3601,35.07147],[-83.36019,35.07101],[-83.36151,35.0703],[-83.36234,35.06926],[-83.36277,35.06905],[-83.36358,35.06887]]},"properties":{"net":"NC2974","o":3}},{"type":"Feature","geometry":{"type":"LineString","coordinates":[[-83.37827,35.11875],[-83.37822,35.11878]]},"properties":{"net":"NC2974","o":1}},{"type":"Feature","geometry":{"type":"LineString","coordinates":[[-83.80195,35.45664],[-83.80356,35.45586]]},"properties":{"net":"out","o":7}},{"type":"Feature","geometry":{"type":"LineString","coordinates":[[-83.76254,35.51764],[-83.76296,35.51756],[-83.76375,35.51723],[-83.76474,35.51731],[-83.76499,35.51715],[-83.76523,35.51681],[-83.76607,35.51647],[-83.7662,35.51627],[-83.76621,35.51601],[-83.76573,35.51544],[-83.76447,35.51476],[-83.764,35.51383],[-83.76367,35.51338],[-83.76295,35.51302],[-83.76156,35.51285],[-83.76112,35.51254],[-83.76027,35.51143],[-83.76022,35.51097],[-83.76032,35.51063]]},"properties":{"net":"out","o":4}},{"type":"Feature","geometry":{"type":"LineString","coordinates":[[-83.75689,35.52098],[-83.75745,35.52048],[-83.75802,35.52039],[-83.75874,35.52042],[-83.75918,35.52027],[-83.75972,35.52029],[-83.76,35.5202],[-83.76025,35.51987],[-83.76018,35.51878],[-83.76037,35.51818],[-83.76052,35.51799],[-83.76077,35.51784],[-83.76254,35.51764]]},"properties":{"net":"out","o":4}},{"type":"Feature","geometry":{"type":"LineString","coordinates":[[-83.78822,35.44982],[-83.79212,35.45147],[-83.79535,35.45299],[-83.79836,35.45462],[-83.8009,35.45585],[-83.80195,35.45664]]},"properties":{"net":"out","o":7}},{"type":"Feature","geometry":{"type":"LineString","coordinates":[[-83.78584,35.46052],[-83.78625,35.45966],[-83.78804,35.45752],[-83.78844,35.45649],[-83.78842,35.45324]]},"properties":{"net":"out","o":4}},{"type":"Feature","geometry":{"type":"LineString","coordinates":[[-83.78688,35.46365],[-83.78599,35.46212],[-83.78579,35.46141]]},"properties":{"net":"out","o":4}},{"type":"Feature","geometry":{"type":"LineString","coordinates":[[-83.76728,35.4435],[-83.76951,35.44373],[-83.77086,35.44368]]},"properties":{"net":"out","o":7}},{"type":"Feature","geometry":{"type":"LineString","coordinates":[[-83.77428,35.47401],[-83.77438,35.47352],[-83.77494,35.47279],[-83.77582,35.47233],[-83.77631,35.47224],[-83.77688,35.47228],[-83.77903,35.47285],[-83.77965,35.47274]]},"properties":{"net":"out","o":4}},{"type":"Feature","geometry":{"type":"LineString","coordinates":[[-83.76669,35.48917],[-83.76634,35.48873],[-83.76634,35.48824],[-83.76674,35.48762],[-83.76746,35.48689]]},"properties":{"net":"out","o":4}},{"type":"Feature","geometry":{"type":"LineString","coordinates":[[-83.72505,35.4635],[-83.72688,35.4637],[-83.72753,35.46365],[-83.72797,35.46338],[-83.72814,35.46316],[-83.72828,35.46284],[-83.72855,35.46133],[-83.72906,35.46086],[-83.73213,35.45984],[-83.7355,35.45834]]},"properties":{"net":"out","o":4}},{"type":"Feature","geometry":{"type":"LineString","coordinates":[[-83.74908,35.44277],[-83.75027,35.44246],[-83.75535,35.44206]]},"properties":{"net":"out","o":7}},{"type":"Feature","geometry":{"type":"LineString","coordinates":[[-83.68082,35.13155],[-83.68012,35.13157],[-83.67924,35.13175],[-83.67824,35.13213],[-83.67786,35.13241],[-83.67706,35.13331],[-83.67648,35.13369],[-83.67621,35.13442],[-83.67557,35.13469]]},"properties":{"net":"NC3035","o":1}},{"type":"Feature","geometry":{"type":"LineString","coordinates":[[-83.6835,35.14051],[-83.68282,35.13994],[-83.68237,35.13925],[-83.68181,35.13869],[-83.68098,35.13827],[-83.68069,35.13799],[-83.67947,35.13728],[-83.67886,35.13703],[-83.67793,35.13686],[-83.67668,35.13583],[-83.67638,35.13524],[-83.67557,35.13469]]},"properties":{"net":"NC3035","o":1}},{"type":"Feature","geometry":{"type":"LineString","coordinates":[[-83.69531,35.18151],[-83.69412,35.18063],[-83.69338,35.18031]]},"properties":{"net":"NC3035","o":1}},{"type":"Feature","geometry":{"type":"LineString","coordinates":[[-83.69234,35.18464],[-83.69296,35.18403],[-83.69332,35.18351],[-83.69337,35.18275],[-83.69283,35.1818],[-83.69255,35.18148],[-83.69083,35.18061]]},"properties":{"net":"NC3035","o":2}},{"type":"Feature","geometry":{"type":"LineString","coordinates":[[-83.7252,35.47119],[-83.72485,35.47123],[-83.72466,35.47108],[-83.72463,35.47095],[-83.72477,35.47048],[-83.72543,35.4695],[-83.72563,35.46902],[-83.72555,35.46754]]},"properties":{"net":"out","o":4}},{"type":"Feature","geometry":{"type":"LineString","coordinates":[[-83.56706,35.03512],[-83.56872,35.03503],[-83.5695,35.03534],[-83.57111,35.03639],[-83.57159,35.03653]]},"properties":{"net":"sm2949","o":1}},{"type":"Feature","geometry":{"type":"LineString","coordinates":[[-83.55687,35.08672],[-83.55663,35.08767],[-83.55691,35.08955],[-83.55629,35.09044],[-83.55593,35.09136]]},"properties":{"net":"NC3035","o":1}},{"type":"Feature","geometry":{"type":"LineString","coordinates":[[-83.55449,35.09673],[-83.55489,35.09669],[-83.55526,35.09638],[-83.55545,35.09544],[-83.5558,35.09475],[-83.55563,35.09314],[-83.55522,35.09213],[-83.55514,35.09151]]},"properties":{"net":"NC3035","o":4}},{"type":"Feature","geometry":{"type":"LineString","coordinates":[[-83.55404,35.09813],[-83.55421,35.09758]]},"properties":{"net":"NC3035","o":1}},{"type":"Feature","geometry":{"type":"LineString","coordinates":[[-83.55388,35.07953],[-83.55216,35.08036],[-83.55133,35.0807],[-83.55089,35.08076]]},"properties":{"net":"NC3035","o":1}},{"type":"Feature","geometry":{"type":"LineString","coordinates":[[-83.55195,35.11308],[-83.55272,35.11192],[-83.55344,35.11117],[-83.55408,35.10996],[-83.55489,35.10909],[-83.55519,35.10858],[-83.5556,35.10817],[-83.5559,35.10762],[-83.55597,35.10726],[-83.55589,35.1069],[-83.5554,35.10629],[-83.5553,35.10604],[-83.55577,35.10233]]},"properties":{"net":"NC3211","o":2}},{"type":"Feature","geometry":{"type":"LineString","coordinates":[[-83.55204,35.1164],[-83.55218,35.11535],[-83.55185,35.11365],[-83.55195,35.11308]]},"properties":{"net":"NC3211","o":2}},{"type":"Feature","geometry":{"type":"LineString","coordinates":[[-83.56112,35.2101],[-83.55705,35.20953],[-83.55577,35.20914],[-83.55495,35.20906],[-83.55426,35.20871],[-83.55306,35.20762]]},"properties":{"net":"sm2967","o":1}},{"type":"Feature","geometry":{"type":"LineString","coordinates":[[-83.53476,35.11357],[-83.53414,35.11362],[-83.533,35.11389],[-83.53174,35.11444],[-83.53081,35.11499],[-83.53036,35.11544],[-83.52907,35.11714],[-83.52793,35.11803],[-83.52779,35.11848],[-83.52798,35.1188]]},"properties":{"net":"sm3010","o":1}},{"type":"Feature","geometry":{"type":"LineString","coordinates":[[-83.53111,35.07584],[-83.53179,35.07681],[-83.53234,35.07806],[-83.53246,35.07856]]},"properties":{"net":"NC3035","o":4}},{"type":"Feature","geometry":{"type":"LineString","coordinates":[[-83.53025,35.07499],[-83.53046,35.07541],[-83.53111,35.07584]]},"properties":{"net":"NC3035","o":4}},{"type":"Feature","geometry":{"type":"LineString","coordinates":[[-83.54467,35.10446],[-83.54531,35.10388],[-83.54643,35.1024],[-83.54659,35.10185],[-83.54694,35.10142],[-83.54702,35.10095],[-83.54774,35.09999],[-83.54769,35.09914],[-83.54794,35.09879],[-83.54789,35.09858],[-83.5481,35.09826],[-83.54808,35.09803],[-83.54825,35.09788],[-83.54824,35.09757]]},"properties":{"net":"NC3035","o":2}},{"type":"Feature","geometry":{"type":"LineString","coordinates":[[-83.53138,35.0849],[-83.53142,35.08552],[-83.5319,35.08663],[-83.53193,35.08693]]},"properties":{"net":"NC3035","o":4}},{"type":"Feature","geometry":{"type":"LineString","coordinates":[[-83.53993,35.108],[-83.54042,35.10745],[-83.54061,35.10707],[-83.54083,35.10577],[-83.54109,35.10542],[-83.5433,35.1049],[-83.54467,35.10446]]},"properties":{"net":"NC3035","o":1}},{"type":"Feature","geometry":{"type":"LineString","coordinates":[[-83.50923,35.16492],[-83.50881,35.16468]]},"properties":{"net":"NC6212","o":3}},{"type":"Feature","geometry":{"type":"LineString","coordinates":[[-83.65676,35.5057],[-83.65829,35.50468],[-83.65869,35.50401],[-83.65923,35.50346],[-83.65981,35.50318],[-83.6604,35.50315]]},"properties":{"net":"out","o":4}},{"type":"Feature","geometry":{"type":"LineString","coordinates":[[-83.52782,35.02758],[-83.52695,35.02767],[-83.52515,35.02834],[-83.52407,35.02808],[-83.52342,35.02778],[-83.52214,35.02827]]},"properties":{"net":"NC3035","o":1}},{"type":"Feature","geometry":{"type":"LineString","coordinates":[[-83.51303,35.03647],[-83.51251,35.03882],[-83.51258,35.03918],[-83.51292,35.03967],[-83.51258,35.04115]]},"properties":{"net":"NC3035","o":3}},{"type":"Feature","geometry":{"type":"LineString","coordinates":[[-83.5099,35.04475],[-83.51193,35.0464],[-83.51276,35.04661],[-83.51344,35.04709],[-83.51352,35.04745],[-83.51327,35.04978]]},"properties":{"net":"NC3035","o":4}},{"type":"Feature","geometry":{"type":"LineString","coordinates":[[-83.50512,35.06083],[-83.50561,35.06037],[-83.50589,35.05937],[-83.50646,35.05824],[-83.50682,35.05782],[-83.50803,35.05715],[-83.51045,35.05643]]},"properties":{"net":"sm2747","o":1}},{"type":"Feature","geometry":{"type":"LineString","coordinates":[[-83.52367,35.07828],[-83.52423,35.07771],[-83.52511,35.07588]]},"properties":{"net":"sm2751","o":2}},{"type":"Feature","geometry":{"type":"LineString","coordinates":[[-83.52511,35.07588],[-83.52536,35.07553]]},"properties":{"net":"NC3035","o":2}},{"type":"Feature","geometry":{"type":"LineString","coordinates":[[-83.51556,35.11059],[-83.51506,35.11195],[-83.51453,35.11254],[-83.51418,35.11264],[-83.5133,35.11263],[-83.51162,35.11356],[-83.51109,35.11365]]},"properties":{"net":"NC6212","o":1}},{"type":"Feature","geometry":{"type":"LineString","coordinates":[[-83.67859,35.27913],[-83.67766,35.27978],[-83.67624,35.28037]]},"properties":{"net":"out","o":5}},{"type":"Feature","geometry":{"type":"LineString","coordinates":[[-83.65856,35.1251],[-83.65609,35.12695],[-83.65469,35.12744],[-83.65386,35.1276],[-83.65336,35.12788],[-83.65314,35.12816],[-83.65234,35.13042],[-83.65181,35.13148],[-83.65001,35.13361],[-83.64992,35.13387],[-83.64995,35.13416]]},"properties":{"net":"NC3035","o":1}},{"type":"Feature","geometry":{"type":"LineString","coordinates":[[-83.64997,35.13498],[-83.65069,35.13538],[-83.6514,35.13546],[-83.65338,35.13542],[-83.65382,35.13548],[-83.65452,35.1358],[-83.65478,35.13613],[-83.65513,35.13687],[-83.65515,35.13727],[-83.6553,35.13755],[-83.65732,35.1391],[-83.65751,35.13938],[-83.65753,35.1397],[-83.65731,35.14003],[-83.65699,35.14016],[-83.6554,35.14008],[-83.65453,35.14021],[-83.65423,35.14041],[-83.65302,35.14074],[-83.65153,35.1408],[-83.65005,35.14054],[-83.6495,35.14062],[-83.64915,35.14082],[-83.64876,35.14152],[-83.64847,35.14258],[-83.64802,35.14305],[-83.647,35.14379],[-83.64614,35.14411],[-83.64568,35.14453],[-83.64552,35.14482],[-83.64555,35.14533],[-83.64579,35.14575],[-83.64639,35.1462],[-83.64715,35.14649]]},"properties":{"net":"NC3035","o":4}},{"type":"Feature","geometry":{"type":"LineString","coordinates":[[-83.67561,35.14333],[-83.67425,35.14334],[-83.67288,35.14358],[-83.67144,35.14345],[-83.6705,35.14323],[-83.66807,35.14336],[-83.66751,35.14327]]},"properties":{"net":"NC3035","o":1}},{"type":"Feature","geometry":{"type":"LineString","coordinates":[[-83.67124,35.22942],[-83.66971,35.22907],[-83.66917,35.22905],[-83.66803,35.22941],[-83.66703,35.22949],[-83.66572,35.22901],[-83.66423,35.22883],[-83.66377,35.22869],[-83.66337,35.22842],[-83.66175,35.22794],[-83.66105,35.2275],[-83.66003,35.22712],[-83.65974,35.22684],[-83.65953,35.22639]]},"properties":{"net":"sm2850","o":2}},{"type":"Feature","geometry":{"type":"LineString","coordinates":[[-83.64853,35.16923],[-83.64904,35.16876],[-83.64968,35.16758]]},"properties":{"net":"NC3035","o":1}},{"type":"Feature","geometry":{"type":"LineString","coordinates":[[-83.64337,35.18005],[-83.64432,35.17991],[-83.64533,35.17913],[-83.64585,35.1789],[-83.64649,35.17839],[-83.64832,35.17779],[-83.64944,35.17772],[-83.65179,35.17781],[-83.65235,35.17772]]},"properties":{"net":"NC3035","o":1}},{"type":"Feature","geometry":{"type":"LineString","coordinates":[[-83.64447,35.16805],[-83.6451,35.16819],[-83.64641,35.16777],[-83.64717,35.16774]]},"properties":{"net":"NC3035","o":2}},{"type":"Feature","geometry":{"type":"LineString","coordinates":[[-83.65555,35.24971],[-83.65565,35.25052],[-83.65547,35.25121],[-83.65498,35.25195],[-83.6544,35.25252],[-83.65337,35.25382]]},"properties":{"net":"out","o":5}},{"type":"Feature","geometry":{"type":"LineString","coordinates":[[-83.65398,35.30372],[-83.65293,35.30394],[-83.65251,35.30414],[-83.65122,35.30538],[-83.65079,35.30596]]},"properties":{"net":"out","o":5}},{"type":"Feature","geometry":{"type":"LineString","coordinates":[[-83.66964,35.41994],[-83.66893,35.42065],[-83.66885,35.42083],[-83.66897,35.4222],[-83.66879,35.42256],[-83.6683,35.4228],[-83.66764,35.42283],[-83.66472,35.42258],[-83.66393,35.42268],[-83.66333,35.42299],[-83.66271,35.42371],[-83.66232,35.42444],[-83.66181,35.42493],[-83.66109,35.42539],[-83.66054,35.42563],[-83.65974,35.42577],[-83.65815,35.42579],[-83.65775,35.42604],[-83.65719,35.4267],[-83.65666,35.4271],[-83.65625,35.42727],[-83.65564,35.42733],[-83.65437,35.42793]]},"properties":{"net":"out","o":4}},{"type":"Feature","geometry":{"type":"LineString","coordinates":[[-83.67207,35.50009],[-83.6737,35.49882],[-83.67463,35.49866],[-83.67564,35.49822]]},"properties":{"net":"out","o":4}},{"type":"Feature","geometry":{"type":"LineString","coordinates":[[-83.66751,35.14327],[-83.66689,35.14382],[-83.66661,35.14424],[-83.6665,35.14511],[-83.66636,35.14547]]},"properties":{"net":"NC3035","o":3}},{"type":"Feature","geometry":{"type":"LineString","coordinates":[[-83.66636,35.14547],[-83.66562,35.14615],[-83.66519,35.14677],[-83.66454,35.14729],[-83.66391,35.14806],[-83.66327,35.14858],[-83.662,35.14988],[-83.66179,35.14992],[-83.66118,35.14972],[-83.66089,35.14978],[-83.66021,35.15039],[-83.65986,35.15132],[-83.65936,35.15149],[-83.65797,35.15143],[-83.65734,35.15191]]},"properties":{"net":"NC3035","o":3}},{"type":"Feature","geometry":{"type":"LineString","coordinates":[[-83.65422,35.15701],[-83.65955,35.16088]]},"properties":{"net":"NC3035","o":4}},{"type":"Feature","geometry":{"type":"LineString","coordinates":[[-83.67358,35.18117],[-83.67219,35.18076],[-83.67074,35.18053],[-83.66857,35.1805]]},"properties":{"net":"NC3035","o":3}},{"type":"Feature","geometry":{"type":"LineString","coordinates":[[-83.66857,35.1805],[-83.66774,35.18138],[-83.66568,35.18321],[-83.66482,35.18383],[-83.66281,35.18441],[-83.66153,35.18501],[-83.66096,35.18548]]},"properties":{"net":"NC3035","o":4}},{"type":"Feature","geometry":{"type":"LineString","coordinates":[[-83.66044,35.16749],[-83.66176,35.16864],[-83.66252,35.16944],[-83.66438,35.17265],[-83.66555,35.17383],[-83.66647,35.17452]]},"properties":{"net":"NC3035","o":4}},{"type":"Feature","geometry":{"type":"LineString","coordinates":[[-83.66859,35.28507],[-83.66851,35.28518]]},"properties":{"net":"out","o":5}},{"type":"Feature","geometry":{"type":"LineString","coordinates":[[-83.667,35.28652],[-83.66703,35.28665]]},"properties":{"net":"out","o":5}},{"type":"Feature","geometry":{"type":"LineString","coordinates":[[-83.667,35.28652],[-83.66653,35.28674],[-83.66613,35.28713]]},"properties":{"net":"out","o":5}},{"type":"Feature","geometry":{"type":"LineString","coordinates":[[-83.66603,35.28649],[-83.66578,35.28725]]},"properties":{"net":"out","o":5}},{"type":"Feature","geometry":{"type":"LineString","coordinates":[[-83.64068,35.11555],[-83.64151,35.11645],[-83.64239,35.11779],[-83.64268,35.11852],[-83.64309,35.11904]]},"properties":{"net":"NC3035","o":1}},{"type":"Feature","geometry":{"type":"LineString","coordinates":[[-83.6465,35.12422],[-83.64567,35.12418],[-83.64446,35.12383],[-83.6422,35.12176],[-83.64133,35.12129]]},"properties":{"net":"NC3035","o":1}},{"type":"Feature","geometry":{"type":"LineString","coordinates":[[-83.64133,35.12129],[-83.64002,35.12208],[-83.63918,35.1228],[-83.63745,35.12362]]},"properties":{"net":"NC3035","o":2}},{"type":"Feature","geometry":{"type":"LineString","coordinates":[[-83.64819,35.30719],[-83.64732,35.30749]]},"properties":{"net":"out","o":5}},{"type":"Feature","geometry":{"type":"LineString","coordinates":[[-83.64412,35.31042],[-83.64386,35.31079],[-83.64319,35.31139],[-83.64118,35.31237],[-83.6405,35.31287]]},"properties":{"net":"out","o":5}},{"type":"Feature","geometry":{"type":"LineString","coordinates":[[-83.63772,35.44255],[-83.63869,35.4429],[-83.63994,35.44357],[-83.64136,35.44397],[-83.64235,35.44388],[-83.64355,35.44336],[-83.64441,35.44257]]},"properties":{"net":"out","o":7}},{"type":"Feature","geometry":{"type":"LineString","coordinates":[[-83.44518,35.18207],[-83.44271,35.18168],[-83.44108,35.18162],[-83.44008,35.18189],[-83.43903,35.18247]]},"properties":{"net":"sm3011","o":1}},{"type":"Feature","geometry":{"type":"LineString","coordinates":[[-83.42921,35.17992],[-83.42923,35.17981]]},"properties":{"net":"sm3011","o":1}},{"type":"Feature","geometry":{"type":"LineString","coordinates":[[-83.44323,35.25003],[-83.44306,35.25055],[-83.44271,35.25095]]},"properties":{"net":"sm3006","o":2}},{"type":"Feature","geometry":{"type":"LineString","coordinates":[[-83.44071,35.30848],[-83.44048,35.30602],[-83.44028,35.30542],[-83.43977,35.30447],[-83.4399,35.30414],[-83.44022,35.30387]]},"properties":{"net":"sm3028","o":2}},{"type":"Feature","geometry":{"type":"LineString","coordinates":[[-83.43268,35.30078],[-83.43317,35.30031],[-83.43338,35.29956],[-83.43419,35.2989],[-83.43458,35.29827],[-83.4354,35.29774],[-83.4371,35.29711],[-83.43769,35.29665],[-83.43813,35.29648],[-83.43838,35.29619],[-83.43867,35.29523],[-83.43906,35.29469],[-83.44005,35.29414],[-83.44093,35.29262],[-83.44145,35.29212]]},"properties":{"net":"sm3028","o":1}},{"type":"Feature","geometry":{"type":"LineString","coordinates":[[-83.42434,35.12121],[-83.42432,35.1208],[-83.4242,35.12052],[-83.42404,35.12043],[-83.42347,35.12037],[-83.42336,35.12026],[-83.42355,35.11944],[-83.42339,35.11856],[-83.42348,35.11806]]},"properties":{"net":"sm3024","o":1}},{"type":"Feature","geometry":{"type":"LineString","coordinates":[[-83.4387,35.28723],[-83.43888,35.28627],[-83.43925,35.28582],[-83.44039,35.28521],[-83.44162,35.28418],[-83.44237,35.28383],[-83.44296,35.28331],[-83.44375,35.28312],[-83.44409,35.28291]]},"properties":{"net":"sm3028","o":1}},{"type":"Feature","geometry":{"type":"LineString","coordinates":[[-83.42131,34.91204],[-83.42094,34.91242],[-83.42001,34.91303],[-83.41936,34.91435]]},"properties":{"net":"NC2974","o":1}},{"type":"Feature","geometry":{"type":"LineString","coordinates":[[-83.42171,34.94703],[-83.42145,34.94717],[-83.42064,34.94798],[-83.41919,34.94895],[-83.41756,34.94958],[-83.41676,34.94974],[-83.41554,34.95016],[-83.41443,34.9502],[-83.41197,34.94953],[-83.41168,34.94953]]},"properties":{"net":"NC2974","o":1}},{"type":"Feature","geometry":{"type":"LineString","coordinates":[[-83.41886,34.97342],[-83.41791,34.97331],[-83.41697,34.97292]]},"properties":{"net":"NC2974","o":3}},{"type":"Feature","geometry":{"type":"LineString","coordinates":[[-83.41603,35.00755],[-83.41497,35.00648],[-83.4146,35.00578],[-83.41455,35.00536],[-83.41485,35.00404],[-83.41484,35.00317],[-83.41438,35.00118],[-83.41416,35.0007],[-83.41357,34.99989]]},"properties":{"net":"NC2974","o":1}},{"type":"Feature","geometry":{"type":"LineString","coordinates":[[-83.40884,35.11331],[-83.40772,35.11274],[-83.40715,35.11223]]},"properties":{"net":"NC2974","o":2}},{"type":"Feature","geometry":{"type":"LineString","coordinates":[[-83.41465,35.1503],[-83.41406,35.15081],[-83.41346,35.152]]},"properties":{"net":"NC2974","o":1}},{"type":"Feature","geometry":{"type":"LineString","coordinates":[[-83.42287,35.17646],[-83.42187,35.17606],[-83.42157,35.17584]]},"properties":{"net":"sm3011","o":3}},{"type":"Feature","geometry":{"type":"LineString","coordinates":[[-83.41012,35.18245],[-83.41012,35.18245]]},"properties":{"net":"NC2974","o":1}},{"type":"Feature","geometry":{"type":"LineString","coordinates":[[-83.35183,35.10683],[-83.35215,35.10668]]},"properties":{"net":"sm3020","o":2}},{"type":"Feature","geometry":{"type":"LineString","coordinates":[[-83.35215,35.10668],[-83.3522,35.10598],[-83.35249,35.10531],[-83.353,35.10482],[-83.35361,35.10459],[-83.35424,35.10414],[-83.35444,35.10369],[-83.35478,35.10326],[-83.35558,35.10276],[-83.35611,35.10221]]},"properties":{"net":"sm3030","o":2}},{"type":"Feature","geometry":{"type":"LineString","coordinates":[[-83.35013,35.122],[-83.35167,35.1227],[-83.35236,35.12291],[-83.35393,35.12326],[-83.35413,35.12326],[-83.35479,35.12298],[-83.35504,35.12301],[-83.35554,35.12348],[-83.35624,35.12353],[-83.3574,35.12388],[-83.35859,35.12403],[-83.3596,35.1243]]},"properties":{"net":"sm3019","o":1}},{"type":"Feature","geometry":{"type":"LineString","coordinates":[[-83.35762,35.17394],[-83.35822,35.17446],[-83.35854,35.17462],[-83.35896,35.17471],[-83.36008,35.17472]]},"properties":{"net":"NC2974","o":1}},{"type":"Feature","geometry":{"type":"LineString","coordinates":[[-83.35003,35.23857],[-83.3499,35.23783],[-83.34963,35.23715],[-83.34964,35.23637],[-83.34937,35.23519],[-83.34913,35.23478],[-83.34869,35.23438],[-83.34839,35.23327],[-83.34823,35.233],[-83.3475,35.2322]]},"properties":{"net":"sm3027","o":1}},{"type":"Feature","geometry":{"type":"LineString","coordinates":[[-83.3527,35.34411],[-83.35253,35.34389],[-83.35249,35.34358],[-83.35288,35.34273],[-83.3529,35.34197],[-83.3523,35.34102],[-83.35207,35.34011],[-83.35173,35.33968],[-83.3517,35.33913]]},"properties":{"net":"sm14859","o":1}},{"type":"Feature","geometry":{"type":"LineString","coordinates":[[-83.33426,35.17611],[-83.33643,35.17553],[-83.33773,35.17566]]},"properties":{"net":"NC2974","o":1}},{"type":"Feature","geometry":{"type":"LineString","coordinates":[[-83.33426,35.17611],[-83.33426,35.17611]]},"properties":{"net":"NC2974","o":1}},{"type":"Feature","geometry":{"type":"LineString","coordinates":[[-83.33107,35.18903],[-83.33107,35.18903]]},"properties":{"net":"NC2974","o":1}},{"type":"Feature","geometry":{"type":"LineString","coordinates":[[-83.30866,35.20038],[-83.30988,35.20024],[-83.31225,35.19971],[-83.31283,35.19969],[-83.31401,35.20011],[-83.31594,35.20106],[-83.31755,35.20144],[-83.31831,35.2018],[-83.31885,35.20192],[-83.3197,35.20191],[-83.32076,35.20207],[-83.32172,35.20184],[-83.32377,35.20154],[-83.32498,35.20115],[-83.32566,35.20077],[-83.32717,35.19922],[-83.32765,35.1985],[-83.32808,35.19829],[-83.32908,35.19804],[-83.33008,35.19685],[-83.33078,35.19624]]},"properties":{"net":"NC2974","o":1}},{"type":"Feature","geometry":{"type":"LineString","coordinates":[[-83.32309,35.20996],[-83.32338,35.20997]]},"properties":{"net":"NC2974","o":1}},{"type":"Feature","geometry":{"type":"LineString","coordinates":[[-83.33206,35.25493],[-83.33098,35.25456],[-83.33011,35.25353],[-83.32979,35.25293],[-83.32986,35.25224],[-83.3298,35.2516],[-83.32957,35.25134],[-83.32905,35.25106],[-83.32857,35.25029]]},"properties":{"net":"sm3027","o":1}},{"type":"Feature","geometry":{"type":"LineString","coordinates":[[-83.32004,35.26147],[-83.3197,35.26088],[-83.31971,35.25992],[-83.31954,35.25954],[-83.31953,35.25922],[-83.32004,35.2584],[-83.32009,35.25767],[-83.32076,35.25704],[-83.321,35.25636],[-83.32284,35.255],[-83.32328,35.25427],[-83.32471,35.25316],[-83.32525,35.25263],[-83.32641,35.25214],[-83.32727,35.25128],[-83.32762,35.25105]]},"properties":{"net":"sm3027","o":1}},{"type":"Feature","geometry":{"type":"LineString","coordinates":[[-83.58368,35.20131],[-83.58374,35.20171],[-83.58356,35.20203],[-83.5829,35.20247],[-83.58203,35.20272],[-83.58176,35.20293],[-83.5814,35.20375],[-83.58126,35.20504]]},"properties":{"net":"sm2847","o":2}},{"type":"Feature","geometry":{"type":"LineString","coordinates":[[-83.5734,35.03879],[-83.57489,35.03991],[-83.57536,35.04017],[-83.57593,35.04024],[-83.57687,35.04017],[-83.57769,35.04066],[-83.57875,35.04073],[-83.57975,35.04139],[-83.58001,35.04175],[-83.58002,35.04234],[-83.58037,35.04332],[-83.58024,35.04443],[-83.58059,35.0453],[-83.58066,35.04572]]},"properties":{"net":"sm2949","o":3}},{"type":"Feature","geometry":{"type":"LineString","coordinates":[[-83.56746,35.21502],[-83.56857,35.21504],[-83.56998,35.21543],[-83.57201,35.21508],[-83.57382,35.21523],[-83.57462,35.21509],[-83.57546,35.21513],[-83.57642,35.21502]]},"properties":{"net":"sm2849","o":1}},{"type":"Feature","geometry":{"type":"LineString","coordinates":[[-83.57398,35.24238],[-83.57512,35.24197],[-83.5768,35.24093]]},"properties":{"net":"sm3060","o":2}},{"type":"Feature","geometry":{"type":"LineString","coordinates":[[-83.5768,35.24093],[-83.57739,35.24078],[-83.57839,35.24092],[-83.57969,35.24154],[-83.58079,35.24174],[-83.58182,35.24153],[-83.58228,35.24125],[-83.58318,35.24036],[-83.58434,35.24014],[-83.58464,35.23995],[-83.5857,35.23801],[-83.58599,35.23707],[-83.58596,35.23692]]},"properties":{"net":"sm2849","o":2}},{"type":"Feature","geometry":{"type":"LineString","coordinates":[[-83.56508,35.20843],[-83.56389,35.20777],[-83.56223,35.20747],[-83.56168,35.20711],[-83.56046,35.20674],[-83.55931,35.20579],[-83.55835,35.20518],[-83.55766,35.20509],[-83.55577,35.20533],[-83.55461,35.20499]]},"properties":{"net":"sm2966","o":1}},{"type":"Feature","geometry":{"type":"LineString","coordinates":[[-83.69354,35.1569],[-83.69497,35.15799],[-83.69542,35.15895],[-83.69634,35.16004],[-83.69711,35.16054],[-83.69795,35.16064],[-83.69844,35.16117],[-83.69896,35.16201]]},"properties":{"net":"NC3035","o":1}},{"type":"Feature","geometry":{"type":"LineString","coordinates":[[-83.70538,35.17501],[-83.70423,35.17396]]},"properties":{"net":"NC3035","o":3}},{"type":"Feature","geometry":{"type":"LineString","coordinates":[[-83.71433,35.4803],[-83.71409,35.47996],[-83.71405,35.47972],[-83.71448,35.4785],[-83.71502,35.47784],[-83.71587,35.4774],[-83.71607,35.47677],[-83.716,35.47647],[-83.71556,35.4762],[-83.7152,35.47573],[-83.71446,35.47433],[-83.7141,35.47284],[-83.71412,35.47218],[-83.7143,35.47128]]},"properties":{"net":"out","o":4}},{"type":"Feature","geometry":{"type":"LineString","coordinates":[[-83.71972,35.17457],[-83.71589,35.17448],[-83.71364,35.175],[-83.71225,35.17577],[-83.71174,35.17586],[-83.71113,35.17579]]},"properties":{"net":"NC3035","o":2}},{"type":"Feature","geometry":{"type":"LineString","coordinates":[[-83.30413,35.20226],[-83.30328,35.2012],[-83.3031,35.20017],[-83.30212,35.19757],[-83.30155,35.19683],[-83.30142,35.19649],[-83.30138,35.19541],[-83.30115,35.19373],[-83.30123,35.19214],[-83.2998,35.19059],[-83.29924,35.19014],[-83.29875,35.1899],[-83.29857,35.18963],[-83.29823,35.18943]]},"properties":{"net":"NC2974","o":1}},{"type":"Feature","geometry":{"type":"LineString","coordinates":[[-83.31125,35.22328],[-83.31181,35.22337],[-83.31243,35.22286],[-83.31305,35.2228],[-83.31332,35.22267],[-83.31412,35.22277],[-83.31525,35.22221],[-83.31563,35.22192],[-83.31639,35.22053],[-83.31698,35.22018],[-83.31753,35.21955],[-83.3187,35.21889]]},"properties":{"net":"NC2974","o":2}},{"type":"Feature","geometry":{"type":"LineString","coordinates":[[-83.31658,35.25869],[-83.31579,35.25827],[-83.3144,35.25662]]},"properties":{"net":"sm3027","o":1}},{"type":"Feature","geometry":{"type":"LineString","coordinates":[[-83.31144,35.24886],[-83.31183,35.24837]]},"properties":{"net":"sm3027","o":2}},{"type":"Feature","geometry":{"type":"LineString","coordinates":[[-83.28143,35.06106],[-83.28096,35.06131],[-83.28041,35.06143],[-83.27989,35.06183],[-83.27888,35.06221],[-83.27824,35.06226],[-83.27766,35.06245],[-83.27642,35.06226],[-83.27463,35.06268],[-83.27427,35.06297],[-83.27391,35.06408],[-83.27372,35.06435],[-83.27312,35.06462],[-83.27268,35.06501],[-83.272,35.06516],[-83.27143,35.06548],[-83.27068,35.06523],[-83.2698,35.06546],[-83.26886,35.06536],[-83.26865,35.06547],[-83.26847,35.06585],[-83.26798,35.06595],[-83.26759,35.06623],[-83.26715,35.06641],[-83.2669,35.06636],[-83.26653,35.06607],[-83.2661,35.06607]]},"properties":{"net":"NC2974","o":1}},{"type":"Feature","geometry":{"type":"LineString","coordinates":[[-83.27834,35.11837],[-83.27895,35.11874],[-83.27968,35.11982],[-83.2807,35.12064],[-83.2817,35.12239]]},"properties":{"net":"NC2974","o":4}},{"type":"Feature","geometry":{"type":"LineString","coordinates":[[-83.28399,35.12881],[-83.28402,35.12894]]},"properties":{"net":"NC2974","o":4}},{"type":"Feature","geometry":{"type":"LineString","coordinates":[[-83.28148,35.13382],[-83.28147,35.13499],[-83.28174,35.13593]]},"properties":{"net":"NC2974","o":4}},{"type":"Feature","geometry":{"type":"LineString","coordinates":[[-83.27824,35.15681],[-83.27863,35.15629],[-83.27887,35.15527],[-83.27903,35.15505],[-83.28044,35.15427],[-83.28167,35.15304],[-83.28179,35.15259],[-83.28164,35.15154],[-83.28188,35.15085],[-83.28232,35.15034],[-83.2833,35.14978],[-83.28384,35.14892],[-83.28439,35.14834],[-83.28503,35.14679],[-83.28554,35.1463],[-83.28585,35.14581],[-83.28634,35.14443],[-83.28707,35.14331],[-83.28778,35.14279],[-83.28814,35.14177]]},"properties":{"net":"NC2974","o":1}},{"type":"Feature","geometry":{"type":"LineString","coordinates":[[-83.26823,35.17759],[-83.27055,35.17784],[-83.27284,35.17846],[-83.2757,35.18002],[-83.27688,35.18033],[-83.27767,35.1809],[-83.2786,35.1813],[-83.2793,35.18178],[-83.28075,35.18235],[-83.28174,35.18251],[-83.28241,35.18291],[-83.28287,35.18335],[-83.28395,35.18373],[-83.28407,35.18396],[-83.28398,35.18486],[-83.28415,35.18507]]},"properties":{"net":"NC2974","o":1}},{"type":"Feature","geometry":{"type":"LineString","coordinates":[[-83.29671,35.18955],[-83.29838,35.18873]]},"properties":{"net":"NC2974","o":1}},{"type":"Feature","geometry":{"type":"LineString","coordinates":[[-83.26959,35.08561],[-83.26973,35.08594],[-83.26963,35.08662],[-83.26881,35.08719],[-83.26832,35.08785],[-83.26835,35.08832],[-83.26868,35.08931],[-83.26831,35.08979],[-83.26821,35.09022]]},"properties":{"net":"NC2974","o":4}},{"type":"Feature","geometry":{"type":"LineString","coordinates":[[-83.22786,35.18929],[-83.22939,35.18849],[-83.2298,35.18803],[-83.2313,35.18769],[-83.23217,35.18718],[-83.23356,35.18674],[-83.2339,35.18642],[-83.23413,35.1859],[-83.23549,35.18561]]},"properties":{"net":"NC2974","o":1}},{"type":"Feature","geometry":{"type":"LineString","coordinates":[[-83.24234,35.07263],[-83.24263,35.07318],[-83.24355,35.07384],[-83.24362,35.07409],[-83.24355,35.07476],[-83.24407,35.07514],[-83.24526,35.07556],[-83.24639,35.07572],[-83.24688,35.07593],[-83.24786,35.07597],[-83.2484,35.07613]]},"properties":{"net":"NC2974","o":4}},{"type":"Feature","geometry":{"type":"LineString","coordinates":[[-83.23732,35.18999],[-83.23949,35.18812],[-83.23992,35.18756],[-83.24098,35.18661],[-83.24137,35.18614],[-83.2421,35.18567]]},"properties":{"net":"NC2974","o":1}},{"type":"Feature","geometry":{"type":"LineString","coordinates":[[-83.23864,35.20758],[-83.23886,35.20779],[-83.23902,35.20856],[-83.23965,35.20902],[-83.24001,35.20958],[-83.24008,35.21106],[-83.24031,35.21191],[-83.24117,35.21251],[-83.24123,35.21274]]},"properties":{"net":"sm3015","o":2}},{"type":"Feature","geometry":{"type":"LineString","coordinates":[[-83.29655,35.18964],[-83.29671,35.18955]]},"properties":{"net":"NC2974","o":1}},{"type":"Feature","geometry":{"type":"LineString","coordinates":[[-83.23251,35.21985],[-83.23264,35.21948],[-83.23311,35.21881],[-83.2345,35.21751],[-83.23528,35.21717],[-83.23663,35.21679],[-83.23732,35.21644],[-83.23778,35.21561],[-83.23839,35.21483],[-83.24046,35.2135],[-83.24084,35.21303],[-83.24123,35.21274]]},"properties":{"net":"sm3015","o":2}},{"type":"Feature","geometry":{"type":"LineString","coordinates":[[-83.31388,34.95521],[-83.31441,34.95571],[-83.31624,34.95606],[-83.31706,34.95669]]},"properties":{"net":"NC2974","o":1}},{"type":"Feature","geometry":{"type":"LineString","coordinates":[[-83.31928,34.97812],[-83.31919,34.97943]]},"properties":{"net":"NC2974","o":2}},{"type":"Feature","geometry":{"type":"LineString","coordinates":[[-83.30014,34.99975],[-83.30087,35.0004],[-83.30177,35.0009],[-83.30244,35.00096],[-83.30332,35.00127],[-83.30394,35.0013],[-83.30417,35.00149],[-83.30439,35.00208],[-83.30435,35.00294],[-83.30442,35.00324],[-83.30487,35.00375],[-83.30501,35.00409],[-83.30557,35.00467],[-83.30567,35.00543]]},"properties":{"net":"NC2974","o":2}},{"type":"Feature","geometry":{"type":"LineString","coordinates":[[-83.29854,35.02123],[-83.29984,35.02062],[-83.30076,35.02046],[-83.30092,35.0203],[-83.30111,35.01971],[-83.30211,35.01906],[-83.30226,35.01856],[-83.30173,35.01742],[-83.30174,35.01726],[-83.30191,35.0171],[-83.30302,35.01652],[-83.30353,35.01609],[-83.3043,35.01577],[-83.30479,35.01536],[-83.30522,35.01532],[-83.3058,35.01551],[-83.30678,35.01508],[-83.30694,35.01486],[-83.30707,35.0144],[-83.30693,35.01358],[-83.30732,35.013],[-83.30708,35.01264],[-83.30723,35.01247],[-83.30733,35.01206],[-83.30778,35.01189],[-83.30868,35.01192],[-83.30925,35.01173],[-83.3097,35.01134],[-83.31032,35.01016],[-83.31093,35.00954],[-83.31136,35.00932],[-83.31205,35.00926],[-83.31287,35.00889],[-83.31319,35.00845],[-83.31428,35.0078]]},"properties":{"net":"NC2974","o":1}},{"type":"Feature","geometry":{"type":"LineString","coordinates":[[-83.29328,35.14213],[-83.29536,35.14159],[-83.29746,35.14061],[-83.29853,35.14037],[-83.29926,35.14037],[-83.30054,35.14059],[-83.30175,35.14105],[-83.30234,35.1411],[-83.30314,35.141],[-83.30354,35.14141],[-83.30381,35.142],[-83.3037,35.14308],[-83.30429,35.1434],[-83.30586,35.14366]]},"properties":{"net":"NC2974","o":4}},{"type":"Feature","geometry":{"type":"LineString","coordinates":[[-83.30658,35.1436],[-83.30867,35.14367],[-83.30953,35.14398]]},"properties":{"net":"NC2974","o":4}},{"type":"Feature","geometry":{"type":"LineString","coordinates":[[-83.48,35.28875],[-83.48077,35.28874],[-83.48226,35.28911],[-83.48286,35.28916],[-83.48377,35.28897],[-83.48425,35.28862],[-83.48453,35.28825]]},"properties":{"net":"out","o":6}},{"type":"Feature","geometry":{"type":"LineString","coordinates":[[-83.46176,34.99267],[-83.46131,34.9922],[-83.46063,34.99209],[-83.46018,34.99173],[-83.45982,34.99164],[-83.45867,34.99163],[-83.45771,34.99082],[-83.45749,34.99076],[-83.45689,34.99092],[-83.45613,34.99128],[-83.45492,34.99127]]},"properties":{"net":"NC2974","o":1}},{"type":"Feature","geometry":{"type":"LineString","coordinates":[[-83.45331,34.97862],[-83.45259,34.97876],[-83.45185,34.97875]]},"properties":{"net":"NC2974","o":1}},{"type":"Feature","geometry":{"type":"LineString","coordinates":[[-83.45492,34.99127],[-83.45446,34.99173],[-83.45372,34.99151],[-83.45351,34.99165],[-83.45312,34.9916],[-83.45171,34.99188],[-83.45073,34.99188],[-83.44965,34.9922],[-83.44922,34.99219]]},"properties":{"net":"NC2974","o":2}},{"type":"Feature","geometry":{"type":"LineString","coordinates":[[-83.44879,34.97876],[-83.44841,34.97885],[-83.44807,34.97905],[-83.4473,34.97919],[-83.44699,34.97952],[-83.44645,34.97945],[-83.44543,34.97913],[-83.44512,34.97911],[-83.44466,34.97924],[-83.44394,34.97917],[-83.44283,34.97931],[-83.44201,34.9798],[-83.44139,34.97963],[-83.44129,34.97945],[-83.44133,34.9792],[-83.44109,34.979]]},"properties":{"net":"NC2974","o":2}},{"type":"Feature","geometry":{"type":"LineString","coordinates":[[-83.46612,35.0477],[-83.46584,35.04829],[-83.46501,35.05097],[-83.46474,35.05154],[-83.46452,35.05344],[-83.46398,35.05419],[-83.46346,35.05516],[-83.46314,35.05621],[-83.46262,35.05675],[-83.46182,35.05725]]},"properties":{"net":"sm2977","o":1}},{"type":"Feature","geometry":{"type":"LineString","coordinates":[[-83.64817,35.51252],[-83.64823,35.51251]]},"properties":{"net":"out","o":4}},{"type":"Feature","geometry":{"type":"LineString","coordinates":[[-83.61514,35.33586],[-83.61489,35.33571]]},"properties":{"net":"out","o":5}},{"type":"Feature","geometry":{"type":"LineString","coordinates":[[-83.63039,35.36041],[-83.6302,35.36197],[-83.62991,35.36264],[-83.62944,35.36336]]},"properties":{"net":"out","o":4}},{"type":"Feature","geometry":{"type":"LineString","coordinates":[[-83.46402,35.07893],[-83.46375,35.08049],[-83.46359,35.08219],[-83.46362,35.08322],[-83.46288,35.08445],[-83.46253,35.08533],[-83.46209,35.08599],[-83.46197,35.08675]]},"properties":{"net":"NC6212","o":2}},{"type":"Feature","geometry":{"type":"LineString","coordinates":[[-83.44653,35.12631],[-83.44521,35.12461],[-83.44445,35.12412],[-83.44368,35.12345],[-83.44206,35.12256],[-83.4412,35.12226],[-83.44069,35.12172],[-83.43952,35.1209],[-83.43833,35.12074],[-83.43607,35.12005],[-83.43472,35.11994],[-83.43423,35.11982]]},"properties":{"net":"sm3024","o":1}},{"type":"Feature","geometry":{"type":"LineString","coordinates":[[-83.45437,35.14757],[-83.45474,35.14807],[-83.4556,35.14886],[-83.45653,35.14953],[-83.45773,35.14981],[-83.45793,35.15046],[-83.45814,35.15077],[-83.46029,35.15232]]},"properties":{"net":"NC6212","o":1}},{"type":"Feature","geometry":{"type":"LineString","coordinates":[[-83.46131,35.16824],[-83.46076,35.16727],[-83.46066,35.16654],[-83.46043,35.16596],[-83.45781,35.16401]]},"properties":{"net":"NC6212","o":2}},{"type":"Feature","geometry":{"type":"LineString","coordinates":[[-83.36654,35.13479],[-83.36744,35.13489],[-83.369,35.13523],[-83.36933,35.13509],[-83.36968,35.13517],[-83.37034,35.13501],[-83.37109,35.13452]]},"properties":{"net":"sm3029","o":2}},{"type":"Feature","geometry":{"type":"LineString","coordinates":[[-83.37109,35.13452],[-83.37137,35.13447],[-83.3719,35.13393],[-83.37268,35.13342],[-83.37452,35.13275],[-83.37563,35.13223],[-83.37728,35.13181]]},"properties":{"net":"NC2974","o":2}},{"type":"Feature","geometry":{"type":"LineString","coordinates":[[-83.39537,35.23941],[-83.3956,35.24063]]},"properties":{"net":"out","o":5}},{"type":"Feature","geometry":{"type":"LineString","coordinates":[[-83.40212,35.28362],[-83.40175,35.28249],[-83.40049,35.28122]]},"properties":{"net":"sm3009","o":1}},{"type":"Feature","geometry":{"type":"LineString","coordinates":[[-83.37125,34.92206],[-83.3723,34.9221],[-83.37315,34.92262],[-83.37413,34.92256],[-83.37493,34.92288]]},"properties":{"net":"NC2974","o":2}},{"type":"Feature","geometry":{"type":"LineString","coordinates":[[-83.36071,34.91955],[-83.3628,34.91936],[-83.36334,34.91901]]},"properties":{"net":"NC2974","o":2}},{"type":"Feature","geometry":{"type":"LineString","coordinates":[[-83.37357,34.9462],[-83.37414,34.94617],[-83.37488,34.94569],[-83.37569,34.94543],[-83.37677,34.94452],[-83.37739,34.94378],[-83.37795,34.94343],[-83.38064,34.94322],[-83.38184,34.94242]]},"properties":{"net":"NC2974","o":1}},{"type":"Feature","geometry":{"type":"LineString","coordinates":[[-83.3761,34.96296],[-83.37588,34.96412],[-83.37612,34.96546],[-83.37596,34.96604],[-83.37623,34.96692],[-83.37592,34.96816],[-83.37548,34.96867],[-83.37532,34.96903],[-83.37505,34.97017],[-83.37498,34.97094],[-83.37475,34.97149],[-83.37462,34.97216]]},"properties":{"net":"NC2974","o":4}},{"type":"Feature","geometry":{"type":"LineString","coordinates":[[-83.35344,34.95779],[-83.35331,34.95797],[-83.35327,34.95835],[-83.35391,34.95897],[-83.35424,34.95909],[-83.35547,34.95887],[-83.357,34.95951],[-83.35883,34.95997],[-83.36063,34.95979],[-83.36213,34.95926],[-83.36414,34.95881],[-83.36502,34.95896],[-83.36621,34.95955],[-83.36757,34.96],[-83.36924,34.96004],[-83.37247,34.95991],[-83.37379,34.96024],[-83.37437,34.96049],[-83.37505,34.96127],[-83.37599,34.96189],[-83.37605,34.96208],[-83.37583,34.9624],[-83.37599,34.96288]]},"properties":{"net":"NC2974","o":3}},{"type":"Feature","geometry":{"type":"LineString","coordinates":[[-83.38231,34.9827],[-83.38218,34.98273]]},"properties":{"net":"NC2974","o":1}},{"type":"Feature","geometry":{"type":"LineString","coordinates":[[-83.37354,34.98602],[-83.37385,34.98597]]},"properties":{"net":"NC2974","o":1}},{"type":"Feature","geometry":{"type":"LineString","coordinates":[[-83.36727,35.00799],[-83.3678,35.00877],[-83.36775,35.00939],[-83.36843,35.0107],[-83.36878,35.01092],[-83.36945,35.01104],[-83.37118,35.0116],[-83.37141,35.01207],[-83.37172,35.01241],[-83.37173,35.01277]]},"properties":{"net":"NC2974","o":1}},{"type":"Feature","geometry":{"type":"LineString","coordinates":[[-83.36427,35.01646],[-83.36533,35.01567],[-83.36611,35.01484],[-83.3681,35.01348],[-83.37023,35.01255],[-83.37173,35.01277]]},"properties":{"net":"NC2974","o":1}},{"type":"Feature","geometry":{"type":"LineString","coordinates":[[-83.36862,35.05582],[-83.37026,35.05554],[-83.37194,35.05556],[-83.37242,35.05533],[-83.37307,35.05451],[-83.3736,35.05437],[-83.37388,35.05391],[-83.37424,35.05299],[-83.3741,35.05221],[-83.37414,35.05189]]},"properties":{"net":"NC2974","o":3}},{"type":"Feature","geometry":{"type":"LineString","coordinates":[[-83.38029,35.08999],[-83.38039,35.09001]]},"properties":{"net":"NC2974","o":2}},{"type":"Feature","geometry":{"type":"LineString","coordinates":[[-83.37971,35.0874],[-83.37997,35.08766],[-83.38084,35.088],[-83.38146,35.08881],[-83.38165,35.08922],[-83.38164,35.08951],[-83.38151,35.08974],[-83.38065,35.08988],[-83.38039,35.09001]]},"properties":{"net":"NC2974","o":4}},{"type":"Feature","geometry":{"type":"LineString","coordinates":[[-83.37963,35.08746],[-83.37971,35.0874]]},"properties":{"net":"NC2974","o":1}},{"type":"Feature","geometry":{"type":"LineString","coordinates":[[-83.38239,35.08227],[-83.38201,35.08229],[-83.38102,35.08189],[-83.38066,35.08196],[-83.37953,35.08274],[-83.37918,35.08317],[-83.37902,35.08369],[-83.37918,35.08437]]},"properties":{"net":"NC2974","o":4}},{"type":"Feature","geometry":{"type":"LineString","coordinates":[[-83.36013,35.10132],[-83.36036,35.10163],[-83.36059,35.1017],[-83.36193,35.1016],[-83.36346,35.10052],[-83.36465,35.1001],[-83.36544,35.09968],[-83.36589,35.0989],[-83.36758,35.09828],[-83.36839,35.09825]]},"properties":{"net":"sm3030","o":2}},{"type":"Feature","geometry":{"type":"LineString","coordinates":[[-83.38051,35.11092],[-83.38041,35.11088]]},"properties":{"net":"NC2974","o":3}},{"type":"Feature","geometry":{"type":"LineString","coordinates":[[-83.37615,35.11613],[-83.37628,35.11611]]},"properties":{"net":"NC2974","o":1}},{"type":"Feature","geometry":{"type":"LineString","coordinates":[[-83.37778,35.12041],[-83.37854,35.12454]]},"properties":{"net":"NC2974","o":4}},{"type":"Feature","geometry":{"type":"LineString","coordinates":[[-83.6209,35.33596],[-83.62073,35.33616]]},"properties":{"net":"out","o":5}},{"type":"Feature","geometry":{"type":"LineString","coordinates":[[-83.5907,35.43412],[-83.59238,35.43341],[-83.5944,35.43299]]},"properties":{"net":"out","o":7}},{"type":"Feature","geometry":{"type":"LineString","coordinates":[[-83.62046,35.53038],[-83.62087,35.52993],[-83.62111,35.52935],[-83.6216,35.52906],[-83.62173,35.52885],[-83.62191,35.52817],[-83.6219,35.52767],[-83.62205,35.52738],[-83.62312,35.5268],[-83.62387,35.52677],[-83.62483,35.52647],[-83.62559,35.52578],[-83.62585,35.52539]]},"properties":{"net":"out","o":4}},{"type":"Feature","geometry":{"type":"LineString","coordinates":[[-83.46926,35.24831],[-83.46968,35.24886],[-83.47037,35.24946],[-83.4712,35.24966],[-83.4714,35.24981],[-83.47197,35.25077],[-83.47276,35.25147],[-83.47326,35.2528],[-83.47379,35.25352],[-83.47375,35.25397],[-83.47346,35.2544]]},"properties":{"net":"out","o":4}},{"type":"Feature","geometry":{"type":"LineString","coordinates":[[-83.47683,35.26709],[-83.47664,35.2673],[-83.47661,35.26748],[-83.47697,35.26892],[-83.47665,35.26908],[-83.47521,35.26936],[-83.47495,35.26962],[-83.47556,35.27009],[-83.47531,35.2709],[-83.4755,35.27132],[-83.47554,35.27226],[-83.47564,35.27256],[-83.47635,35.27287],[-83.47797,35.27394]]},"properties":{"net":"out","o":4}},{"type":"Feature","geometry":{"type":"LineString","coordinates":[[-83.47811,35.35829],[-83.47888,35.35726],[-83.47978,35.35648],[-83.47994,35.35564],[-83.48018,35.35529],[-83.48113,35.35468],[-83.48165,35.35411],[-83.48416,35.35246]]},"properties":{"net":"sm3005","o":1}},{"type":"Feature","geometry":{"type":"LineString","coordinates":[[-83.42406,34.97462],[-83.42335,34.97459],[-83.42263,34.97481],[-83.42234,34.97464],[-83.42209,34.97426],[-83.42181,34.9741]]},"properties":{"net":"NC2974","o":3}},{"type":"Feature","geometry":{"type":"LineString","coordinates":[[-83.41744,34.98723],[-83.41752,34.98614],[-83.41729,34.98527],[-83.41716,34.98376],[-83.41721,34.98213],[-83.41763,34.9807],[-83.41752,34.98],[-83.4182,34.97858],[-83.41819,34.97848],[-83.41734,34.97786],[-83.41727,34.97771]]},"properties":{"net":"NC2974","o":1}},{"type":"Feature","geometry":{"type":"LineString","coordinates":[[-83.42434,35.12121],[-83.42434,35.12121]]},"properties":{"net":"sm3024","o":1}},{"type":"Feature","geometry":{"type":"LineString","coordinates":[[-83.43699,34.91741],[-83.43636,34.91779],[-83.43617,34.91822],[-83.43577,34.91832]]},"properties":{"net":"NC2974","o":1}},{"type":"Feature","geometry":{"type":"LineString","coordinates":[[-83.42691,34.92239],[-83.42663,34.92249],[-83.42579,34.92239],[-83.42417,34.92194]]},"properties":{"net":"NC2974","o":2}},{"type":"Feature","geometry":{"type":"LineString","coordinates":[[-83.42871,34.9462],[-83.42843,34.94551],[-83.42845,34.94501],[-83.42851,34.94478],[-83.42883,34.94442],[-83.42908,34.94328],[-83.42906,34.94276],[-83.42875,34.94226],[-83.4286,34.94141],[-83.42847,34.9412],[-83.42805,34.94094],[-83.42711,34.94067],[-83.42667,34.94045],[-83.42611,34.94004],[-83.42562,34.93947],[-83.42503,34.93852],[-83.42497,34.93784],[-83.42434,34.93589]]},"properties":{"net":"NC2974","o":1}},{"type":"Feature","geometry":{"type":"LineString","coordinates":[[-83.4356,34.95435],[-83.43507,34.95316],[-83.43455,34.95259]]},"properties":{"net":"NC2974","o":1}},{"type":"Feature","geometry":{"type":"LineString","coordinates":[[-83.43214,35.13973],[-83.43102,35.1407],[-83.43005,35.14139],[-83.42927,35.14327],[-83.42886,35.14391],[-83.42837,35.14413],[-83.42684,35.14454],[-83.42474,35.14583],[-83.42386,35.14618]]},"properties":{"net":"NC2974","o":1}},{"type":"Feature","geometry":{"type":"LineString","coordinates":[[-83.42098,35.26635],[-83.42174,35.26578],[-83.42251,35.26536],[-83.42428,35.26468],[-83.4259,35.26421]]},"properties":{"net":"out","o":6}},{"type":"Feature","geometry":{"type":"LineString","coordinates":[[-83.41813,34.99307],[-83.41803,34.99318],[-83.41807,34.99365],[-83.41793,34.99418],[-83.41757,34.99478],[-83.41705,34.99538],[-83.41671,34.99558],[-83.41594,34.99571],[-83.41536,34.99636],[-83.41479,34.99663],[-83.4141,34.99712],[-83.41336,34.99732],[-83.41261,34.99765],[-83.41227,34.99813],[-83.41202,34.99878],[-83.41159,34.99924]]},"properties":{"net":"NC2974","o":1}},{"type":"Feature","geometry":{"type":"LineString","coordinates":[[-83.41831,35.02663],[-83.41777,35.02666],[-83.41646,35.02697],[-83.41535,35.02694],[-83.4135,35.02716],[-83.41242,35.02707],[-83.41195,35.02681],[-83.4115,35.02632],[-83.41135,35.02593],[-83.41145,35.02557],[-83.4113,35.02519],[-83.41127,35.02477],[-83.41054,35.02418]]},"properties":{"net":"sm3022","o":1}},{"type":"Feature","geometry":{"type":"LineString","coordinates":[[-83.42348,35.11806],[-83.42346,35.11805]]},"properties":{"net":"sm3024","o":2}},{"type":"Feature","geometry":{"type":"LineString","coordinates":[[-83.42346,35.11805],[-83.42311,35.11787],[-83.42244,35.117],[-83.42122,35.11622],[-83.42103,35.1162],[-83.42082,35.11631],[-83.42052,35.11703],[-83.42018,35.11713],[-83.41932,35.11683],[-83.41733,35.11642],[-83.41677,35.11605],[-83.41619,35.11589],[-83.41579,35.1155],[-83.41446,35.11537],[-83.41394,35.11506],[-83.41352,35.11455],[-83.41299,35.11441],[-83.41257,35.11417],[-83.41158,35.11409],[-83.41097,35.11394]]},"properties":{"net":"sm3023","o":2}},{"type":"Feature","geometry":{"type":"LineString","coordinates":[[-83.41097,35.11394],[-83.40884,35.11331]]},"properties":{"net":"NC2974","o":2}},{"type":"Feature","geometry":{"type":"LineString","coordinates":[[-83.40968,35.15589],[-83.40955,35.15683],[-83.40965,35.15766],[-83.40952,35.15789],[-83.40909,35.15828],[-83.40896,35.15856],[-83.40926,35.15967]]},"properties":{"net":"NC2974","o":4}},{"type":"Feature","geometry":{"type":"LineString","coordinates":[[-83.41012,35.18245],[-83.40996,35.18211],[-83.40976,35.18197],[-83.40936,35.18185],[-83.40851,35.18183],[-83.40811,35.18169],[-83.4066,35.18085],[-83.40566,35.18021],[-83.40504,35.17998],[-83.40362,35.17967]]},"properties":{"net":"NC2974","o":1}},{"type":"Feature","geometry":{"type":"LineString","coordinates":[[-83.4155,35.24966],[-83.4167,35.24953]]},"properties":{"net":"out","o":5}},{"type":"Feature","geometry":{"type":"LineString","coordinates":[[-83.41552,35.35729],[-83.41685,35.35768],[-83.41783,35.35858],[-83.41814,35.35867],[-83.41874,35.3586],[-83.41929,35.35841],[-83.42038,35.35789],[-83.42103,35.35735],[-83.42128,35.35727],[-83.42159,35.35736],[-83.42227,35.3578],[-83.42328,35.35799]]},"properties":{"net":"out","o":4}},{"type":"Feature","geometry":{"type":"LineString","coordinates":[[-83.38403,34.94192],[-83.38423,34.94376],[-83.38488,34.94647],[-83.38491,34.94706],[-83.3847,34.9477]]},"properties":{"net":"NC2974","o":3}},{"type":"Feature","geometry":{"type":"LineString","coordinates":[[-83.38381,35.13871],[-83.38353,35.13837]]},"properties":{"net":"NC2974","o":1}},{"type":"Feature","geometry":{"type":"LineString","coordinates":[[-83.42518,35.14753],[-83.42495,35.14726]]},"properties":{"net":"NC2974","o":1}},{"type":"Feature","geometry":{"type":"LineString","coordinates":[[-83.44037,35.18985],[-83.4407,35.18881],[-83.4411,35.18802],[-83.44082,35.18756],[-83.44009,35.18703],[-83.44008,35.18656],[-83.43993,35.18606],[-83.43997,35.18504],[-83.44053,35.18363]]},"properties":{"net":"sm3011","o":1}},{"type":"Feature","geometry":{"type":"LineString","coordinates":[[-83.40858,34.92266],[-83.41125,34.92301]]},"properties":{"net":"NC2974","o":1}},{"type":"Feature","geometry":{"type":"LineString","coordinates":[[-83.42058,34.96952],[-83.41867,34.97051],[-83.41783,34.97068],[-83.41714,34.97106]]},"properties":{"net":"NC2974","o":1}},{"type":"Feature","geometry":{"type":"LineString","coordinates":[[-83.41697,34.97292],[-83.41489,34.97234],[-83.41426,34.97233],[-83.41384,34.97273],[-83.41354,34.97364],[-83.41331,34.97393]]},"properties":{"net":"NC2974","o":3}},{"type":"Feature","geometry":{"type":"LineString","coordinates":[[-83.40283,34.93957],[-83.40136,34.93982],[-83.40026,34.94034],[-83.39786,34.94063],[-83.39736,34.94058],[-83.38908,34.93845],[-83.38821,34.9384]]},"properties":{"net":"NC2974","o":3}},{"type":"Feature","geometry":{"type":"LineString","coordinates":[[-83.38704,34.93858],[-83.38572,34.93932],[-83.3849,34.94012],[-83.38421,34.94119],[-83.38403,34.94192]]},"properties":{"net":"NC2974","o":3}},{"type":"Feature","geometry":{"type":"LineString","coordinates":[[-83.39801,35.03557],[-83.39702,35.03529],[-83.39617,35.03527],[-83.39441,35.03453],[-83.39373,35.03442],[-83.39266,35.03368],[-83.39065,35.03365],[-83.38956,35.03316],[-83.38854,35.03294],[-83.38815,35.03266],[-83.38783,35.03205],[-83.38734,35.03171],[-83.38681,35.03107],[-83.38626,35.03083],[-83.38512,35.03012],[-83.38482,35.0293]]},"properties":{"net":"NC2974","o":1}},{"type":"Feature","geometry":{"type":"LineString","coordinates":[[-83.39144,35.02132],[-83.39006,35.02063],[-83.38948,35.02064],[-83.38882,35.02078],[-83.3885,35.02074],[-83.3878,35.0202],[-83.38697,35.01986],[-83.38615,35.01849],[-83.38576,35.01808],[-83.38541,35.01726],[-83.3847,35.01657],[-83.38439,35.01602],[-83.38408,35.01574],[-83.38412,35.01525]]},"properties":{"net":"NC2974","o":1}},{"type":"Feature","geometry":{"type":"LineString","coordinates":[[-83.3842,35.04338],[-83.38378,35.04287],[-83.3827,35.04216],[-83.38211,35.04206],[-83.3814,35.0423],[-83.38089,35.04328],[-83.38012,35.04367],[-83.37941,35.04421],[-83.37912,35.04421],[-83.37819,35.04376],[-83.37759,35.04367],[-83.37713,35.04374],[-83.37671,35.04398],[-83.37587,35.04522],[-83.3745,35.04596],[-83.3741,35.04631],[-83.37368,35.04691],[-83.37348,35.04764],[-83.37359,35.04796],[-83.3744,35.04829],[-83.37503,35.04881],[-83.37517,35.04907],[-83.37503,35.0497],[-83.37404,35.05119],[-83.37399,35.05163],[-83.37416,35.05183]]},"properties":{"net":"NC2974","o":4}},{"type":"Feature","geometry":{"type":"LineString","coordinates":[[-83.3983,35.1624],[-83.39764,35.16187],[-83.39745,35.16133],[-83.39704,35.16098],[-83.39665,35.16024],[-83.39608,35.15972],[-83.39591,35.1594]]},"properties":{"net":"NC2974","o":2}},{"type":"Feature","geometry":{"type":"LineString","coordinates":[[-83.38595,35.19881],[-83.38516,35.19863]]},"properties":{"net":"NC2974","o":1}},{"type":"Feature","geometry":{"type":"LineString","coordinates":[[-83.64479,35.16461],[-83.6459,35.16476],[-83.64734,35.16525],[-83.64893,35.1661],[-83.65009,35.16706],[-83.6505,35.16754]]},"properties":{"net":"NC3035","o":3}},{"type":"Feature","geometry":{"type":"LineString","coordinates":[[-83.6405,35.31287],[-83.64013,35.31333],[-83.63947,35.31455]]},"properties":{"net":"out","o":5}},{"type":"Feature","geometry":{"type":"LineString","coordinates":[[-83.6506,35.07189],[-83.65023,35.0729],[-83.6499,35.07351],[-83.64971,35.07514],[-83.64905,35.07564],[-83.64861,35.07615],[-83.64789,35.07656],[-83.64741,35.07722],[-83.64736,35.0778],[-83.64796,35.0793],[-83.64811,35.08013],[-83.64802,35.08086],[-83.64786,35.08125],[-83.64701,35.08187],[-83.6449,35.08188],[-83.64383,35.08217],[-83.64274,35.08265],[-83.64214,35.08279],[-83.64177,35.08273],[-83.64099,35.08242],[-83.64022,35.08239],[-83.63998,35.08246],[-83.63961,35.08276],[-83.63865,35.08311],[-83.63799,35.08382],[-83.63762,35.08468],[-83.63764,35.08533],[-83.6379,35.08601],[-83.63785,35.08643],[-83.63764,35.0868],[-83.63687,35.08758],[-83.63662,35.0881],[-83.63659,35.08841]]},"properties":{"net":"NC3035","o":1}},{"type":"Feature","geometry":{"type":"LineString","coordinates":[[-83.6357,35.08893],[-83.6354,35.08919],[-83.63479,35.08944],[-83.63382,35.09012],[-83.63307,35.09006],[-83.63264,35.09012],[-83.63063,35.09078]]},"properties":{"net":"NC3035","o":2}},{"type":"Feature","geometry":{"type":"LineString","coordinates":[[-83.65004,35.10537],[-83.65001,35.10566],[-83.64981,35.10598],[-83.65001,35.10647],[-83.65006,35.10711],[-83.64967,35.10829],[-83.64973,35.10887],[-83.64956,35.10958],[-83.64907,35.11046],[-83.64815,35.11158],[-83.64786,35.11247],[-83.64788,35.113],[-83.6481,35.11381],[-83.64801,35.1146]]},"properties":{"net":"NC3035","o":1}},{"type":"Feature","geometry":{"type":"LineString","coordinates":[[-83.63681,35.10623],[-83.63597,35.10773],[-83.6356,35.10805],[-83.63438,35.10869],[-83.63386,35.10933],[-83.63234,35.11003],[-83.63037,35.11111],[-83.62892,35.11141],[-83.62859,35.11178],[-83.62803,35.11205]]},"properties":{"net":"NC3035","o":1}},{"type":"Feature","geometry":{"type":"LineString","coordinates":[[-83.63734,35.12365],[-83.63758,35.1247],[-83.63755,35.126],[-83.63765,35.12632],[-83.63858,35.12783],[-83.63986,35.12959],[-83.64035,35.13047],[-83.64085,35.13081],[-83.6434,35.13164],[-83.64378,35.13183],[-83.64415,35.13228],[-83.64411,35.13246],[-83.64382,35.13272],[-83.64308,35.13293],[-83.64191,35.13286],[-83.63941,35.13239],[-83.63888,35.13241],[-83.63832,35.13257],[-83.63794,35.13295],[-83.6373,35.13402],[-83.63732,35.13441],[-83.63747,35.13463],[-83.6384,35.13549]]},"properties":{"net":"NC3035","o":4}},{"type":"Feature","geometry":{"type":"LineString","coordinates":[[-83.63889,35.1483],[-83.63973,35.14843],[-83.64045,35.14812],[-83.64137,35.14802],[-83.64267,35.14733],[-83.64449,35.14695],[-83.645,35.147]]},"properties":{"net":"NC3035","o":1}},{"type":"Feature","geometry":{"type":"LineString","coordinates":[[-83.62815,35.15721],[-83.62884,35.15755],[-83.62935,35.15769],[-83.63002,35.15762],[-83.63109,35.15734],[-83.63189,35.15741],[-83.63342,35.15843],[-83.63484,35.1589],[-83.63564,35.15934],[-83.63671,35.1596],[-83.63738,35.15986],[-83.63815,35.16059],[-83.63923,35.16111],[-83.63966,35.16159],[-83.64042,35.16212],[-83.64251,35.16314],[-83.64329,35.16341],[-83.64373,35.1639],[-83.64439,35.16426],[-83.64479,35.16461]]},"properties":{"net":"NC3035","o":3}},{"type":"Feature","geometry":{"type":"LineString","coordinates":[[-83.64177,35.24984],[-83.64236,35.24915],[-83.64302,35.24805],[-83.64335,35.24782],[-83.64598,35.24773],[-83.64713,35.24745],[-83.6495,35.24742]]},"properties":{"net":"out","o":5}},{"type":"Feature","geometry":{"type":"LineString","coordinates":[[-83.37257,35.32146],[-83.37261,35.31994],[-83.37249,35.31831]]},"properties":{"net":"sm2649","o":2}},{"type":"Feature","geometry":{"type":"LineString","coordinates":[[-83.37249,35.31831],[-83.37252,35.31715],[-83.37182,35.31546]]},"properties":{"net":"sm2651","o":2}},{"type":"Feature","geometry":{"type":"LineString","coordinates":[[-83.61579,35.07284],[-83.61535,35.07332],[-83.61499,35.07397],[-83.61493,35.07445],[-83.61503,35.07517],[-83.61429,35.07623],[-83.61363,35.07681],[-83.61153,35.07768]]},"properties":{"net":"NC3035","o":1}},{"type":"Feature","geometry":{"type":"LineString","coordinates":[[-83.6153,35.10933],[-83.61386,35.10978],[-83.61126,35.10987],[-83.61003,35.11009],[-83.60976,35.11022],[-83.60938,35.1108]]},"properties":{"net":"NC3035","o":1}},{"type":"Feature","geometry":{"type":"LineString","coordinates":[[-83.62536,35.1562],[-83.62657,35.15656],[-83.62815,35.15721]]},"properties":{"net":"NC3035","o":3}},{"type":"Feature","geometry":{"type":"LineString","coordinates":[[-83.61545,35.16444],[-83.61558,35.16179],[-83.61577,35.16153],[-83.61655,35.16123],[-83.61678,35.16105],[-83.61805,35.15862],[-83.61854,35.15813],[-83.61886,35.15796],[-83.61974,35.158],[-83.62027,35.15772],[-83.62112,35.1575]]},"properties":{"net":"NC3035","o":1}},{"type":"Feature","geometry":{"type":"LineString","coordinates":[[-83.61373,35.17431],[-83.61468,35.17511],[-83.61525,35.17532],[-83.6159,35.17609],[-83.61639,35.17691],[-83.61694,35.17739],[-83.61785,35.17797],[-83.61973,35.17941],[-83.62189,35.18057]]},"properties":{"net":"NC3035","o":2}},{"type":"Feature","geometry":{"type":"LineString","coordinates":[[-83.56837,35.1219],[-83.56876,35.12161],[-83.56926,35.12102],[-83.56989,35.12066],[-83.57015,35.12025],[-83.57088,35.11985],[-83.57107,35.11953],[-83.57124,35.11893],[-83.57269,35.11667]]},"properties":{"net":"NC3035","o":2}},{"type":"Feature","geometry":{"type":"LineString","coordinates":[[-83.6041,35.06254],[-83.60378,35.06288],[-83.60324,35.06314],[-83.60247,35.06311],[-83.6009,35.06331],[-83.59932,35.06375],[-83.59804,35.0644],[-83.59768,35.06476],[-83.59771,35.06555],[-83.59723,35.0662]]},"properties":{"net":"sm2612","o":1}},{"type":"Feature","geometry":{"type":"LineString","coordinates":[[-83.59218,35.0643],[-83.59347,35.06475],[-83.59418,35.0647],[-83.59543,35.0644],[-83.5962,35.06444],[-83.59682,35.06482],[-83.59713,35.06515],[-83.59708,35.06576],[-83.59723,35.0662]]},"properties":{"net":"sm2612","o":3}},{"type":"Feature","geometry":{"type":"LineString","coordinates":[[-83.60414,35.15773],[-83.60433,35.15736],[-83.60446,35.15538]]},"properties":{"net":"sm2754","o":2}},{"type":"Feature","geometry":{"type":"LineString","coordinates":[[-83.60446,35.15538],[-83.60446,35.15475]]},"properties":{"net":"NC3035","o":2}},{"type":"Feature","geometry":{"type":"LineString","coordinates":[[-83.60309,35.20219],[-83.60349,35.20263],[-83.60356,35.20332],[-83.60386,35.20399],[-83.60487,35.20482],[-83.6051,35.20512],[-83.60538,35.2064],[-83.60541,35.20835],[-83.60569,35.20935],[-83.60652,35.21094],[-83.60696,35.21228],[-83.6071,35.2142],[-83.60681,35.21543],[-83.60685,35.21618]]},"properties":{"net":"NC3207","o":2}},{"type":"Feature","geometry":{"type":"LineString","coordinates":[[-83.609,35.3329],[-83.60815,35.33261],[-83.6071,35.33195],[-83.60611,35.3316],[-83.6057,35.33163],[-83.60324,35.33232],[-83.60155,35.33165]]},"properties":{"net":"out","o":5}},{"type":"Feature","geometry":{"type":"LineString","coordinates":[[-83.58941,35.36919],[-83.59066,35.3682],[-83.59139,35.36783],[-83.59193,35.36742],[-83.59272,35.36647],[-83.59396,35.3658]]},"properties":{"net":"sm8796217","o":1}},{"type":"Feature","geometry":{"type":"LineString","coordinates":[[-83.57971,35.0876],[-83.57887,35.08714],[-83.57785,35.08691],[-83.577,35.08688],[-83.57591,35.08711],[-83.57493,35.08693],[-83.57445,35.08668],[-83.57411,35.08636],[-83.57227,35.08539]]},"properties":{"net":"NC3035","o":1}},{"type":"Feature","geometry":{"type":"LineString","coordinates":[[-83.57227,35.08539],[-83.57034,35.08695],[-83.56926,35.08745],[-83.56888,35.08775],[-83.56855,35.08824],[-83.56825,35.08924],[-83.56763,35.08996]]},"properties":{"net":"NC3035","o":2}},{"type":"Feature","geometry":{"type":"LineString","coordinates":[[-83.58256,35.10384],[-83.58267,35.10426],[-83.58265,35.10491],[-83.58232,35.10596],[-83.5823,35.10676],[-83.58254,35.10712],[-83.58346,35.10778]]},"properties":{"net":"NC3035","o":4}},{"type":"Feature","geometry":{"type":"LineString","coordinates":[[-83.58875,35.11835],[-83.58827,35.11859],[-83.58744,35.1188],[-83.58575,35.11904],[-83.58425,35.11911],[-83.58301,35.11904],[-83.58185,35.11914]]},"properties":{"net":"NC3035","o":1}},{"type":"Feature","geometry":{"type":"LineString","coordinates":[[-83.57413,35.20733],[-83.57471,35.20643],[-83.57532,35.20604],[-83.57662,35.20544],[-83.57743,35.20428],[-83.57782,35.20401],[-83.57818,35.20393],[-83.57904,35.20392],[-83.57972,35.20404],[-83.58031,35.20434],[-83.58126,35.20504]]},"properties":{"net":"sm2847","o":1}},{"type":"Feature","geometry":{"type":"LineString","coordinates":[[-83.57037,35.18539],[-83.57052,35.1871],[-83.57068,35.18754],[-83.57137,35.18866],[-83.57168,35.18885],[-83.57213,35.18886],[-83.57227,35.18896],[-83.57272,35.19008],[-83.57278,35.19066],[-83.57219,35.19178],[-83.57216,35.19226],[-83.57224,35.19251],[-83.57259,35.19311],[-83.57395,35.19463],[-83.57453,35.19547],[-83.57471,35.19668],[-83.5746,35.19708],[-83.57407,35.19795]]},"properties":{"net":"sm2847","o":2}},{"type":"Feature","geometry":{"type":"LineString","coordinates":[[-83.58192,35.23823],[-83.58284,35.23769],[-83.58392,35.23776],[-83.58461,35.23767],[-83.58596,35.23692]]},"properties":{"net":"sm2849","o":2}},{"type":"Feature","geometry":{"type":"LineString","coordinates":[[-83.57052,35.10544],[-83.57042,35.10509],[-83.57038,35.10369],[-83.56954,35.10233],[-83.56917,35.10125],[-83.56923,35.10083],[-83.56958,35.10012]]},"properties":{"net":"NC3035","o":1}},{"type":"Feature","geometry":{"type":"LineString","coordinates":[[-83.58447,35.34349],[-83.58431,35.34352]]},"properties":{"net":"sm8796216","o":2}},{"type":"Feature","geometry":{"type":"LineString","coordinates":[[-83.58431,35.34366],[-83.58431,35.34352]]},"properties":{"net":"sm8796216","o":1}},{"type":"Feature","geometry":{"type":"LineString","coordinates":[[-83.58612,35.34844],[-83.58579,35.34818],[-83.58556,35.34761],[-83.58579,35.34665],[-83.58557,35.34525],[-83.58484,35.34447],[-83.58431,35.34366]]},"properties":{"net":"sm8796216","o":1}},{"type":"Feature","geometry":{"type":"LineString","coordinates":[[-83.58431,35.34352],[-83.58425,35.34347]]},"properties":{"net":"sm8796216","o":2}},{"type":"Feature","geometry":{"type":"LineString","coordinates":[[-83.58936,35.35826],[-83.58857,35.35798],[-83.58771,35.35808],[-83.5867,35.35784]]},"properties":{"net":"sm8796217","o":3}},{"type":"Feature","geometry":{"type":"LineString","coordinates":[[-83.56043,35.37235],[-83.5606,35.37223],[-83.56105,35.37217],[-83.56174,35.37223]]},"properties":{"net":"sm8796222","o":2}},{"type":"Feature","geometry":{"type":"LineString","coordinates":[[-83.55088,35.39424],[-83.551,35.39478],[-83.55105,35.39606]]},"properties":{"net":"out","o":4}},{"type":"Feature","geometry":{"type":"LineString","coordinates":[[-83.58193,35.36041],[-83.58199,35.36003],[-83.58241,35.35935],[-83.58251,35.35898],[-83.58245,35.35685]]},"properties":{"net":"sm8796217","o":1}},{"type":"Feature","geometry":{"type":"LineString","coordinates":[[-83.58245,35.35685],[-83.58083,35.3568],[-83.57924,35.35622],[-83.57846,35.35571],[-83.57802,35.35559]]},"properties":{"net":"sm8796217","o":3}},{"type":"Feature","geometry":{"type":"LineString","coordinates":[[-83.56989,35.38766],[-83.5729,35.39071]]},"properties":{"net":"out","o":6}},{"type":"Feature","geometry":{"type":"LineString","coordinates":[[-83.57211,35.42995],[-83.57157,35.43185],[-83.57132,35.43227],[-83.56978,35.43389],[-83.5695,35.43451],[-83.56955,35.43527],[-83.56984,35.43576],[-83.57016,35.436],[-83.57107,35.43607],[-83.57239,35.43589],[-83.57344,35.43546],[-83.57466,35.43521],[-83.58048,35.4348],[-83.58288,35.4348]]},"properties":{"net":"out","o":6}},{"type":"Feature","geometry":{"type":"LineString","coordinates":[[-83.57485,35.08298],[-83.5738,35.08377],[-83.57227,35.08539]]},"properties":{"net":"NC3035","o":2}},{"type":"Feature","geometry":{"type":"LineString","coordinates":[[-83.57269,35.11667],[-83.57356,35.11594],[-83.57449,35.11482],[-83.57541,35.11428],[-83.57575,35.1139],[-83.576,35.11338]]},"properties":{"net":"NC3035","o":2}},{"type":"Feature","geometry":{"type":"LineString","coordinates":[[-83.55348,35.04257],[-83.5534,35.0428],[-83.55375,35.04338],[-83.55376,35.04371],[-83.5536,35.04415],[-83.55323,35.04463],[-83.55296,35.0452],[-83.55299,35.04546],[-83.55321,35.04594],[-83.55299,35.04706],[-83.55374,35.04911],[-83.55493,35.05053],[-83.5549,35.0511],[-83.55441,35.05176],[-83.55437,35.05213],[-83.55448,35.05259],[-83.55499,35.05335]]},"properties":{"net":"NC3035","o":1}},{"type":"Feature","geometry":{"type":"LineString","coordinates":[[-83.55852,35.10186],[-83.55852,35.10186]]},"properties":{"net":"NC3211","o":2}},{"type":"Feature","geometry":{"type":"LineString","coordinates":[[-83.55604,35.11943],[-83.55602,35.11914],[-83.55569,35.1189],[-83.55447,35.11868],[-83.55408,35.11851],[-83.55345,35.11741],[-83.55275,35.11706],[-83.55204,35.1164]]},"properties":{"net":"NC3211","o":1}},{"type":"Feature","geometry":{"type":"LineString","coordinates":[[-83.56116,35.1589],[-83.5605,35.15856],[-83.55939,35.15824],[-83.55833,35.15854],[-83.55744,35.15846],[-83.55674,35.15866],[-83.5556,35.15945],[-83.55498,35.15969]]},"properties":{"net":"NC6212","o":2}},{"type":"Feature","geometry":{"type":"LineString","coordinates":[[-83.55981,35.18523],[-83.56039,35.18803],[-83.56044,35.18867],[-83.56029,35.19065],[-83.56016,35.19099],[-83.55971,35.19139],[-83.55897,35.19178],[-83.55806,35.19197],[-83.55759,35.19232],[-83.55691,35.19256],[-83.55609,35.19267],[-83.55552,35.193],[-83.55397,35.19352],[-83.55365,35.19388],[-83.55312,35.19508],[-83.55295,35.19529],[-83.55122,35.19598],[-83.54945,35.19631],[-83.54871,35.19658],[-83.54771,35.19711],[-83.54722,35.1972],[-83.54552,35.19721],[-83.54356,35.19671]]},"properties":{"net":"sm2964","o":1}},{"type":"Feature","geometry":{"type":"LineString","coordinates":[[-83.55905,35.36934],[-83.56,35.37016]]},"properties":{"net":"sm8796222","o":3}},{"type":"Feature","geometry":{"type":"LineString","coordinates":[[-83.55742,35.36995],[-83.55763,35.36987]]},"properties":{"net":"sm8796222","o":1}},{"type":"Feature","geometry":{"type":"LineString","coordinates":[[-83.55538,35.36769],[-83.55579,35.36702]]},"properties":{"net":"sm8796222","o":1}},{"type":"Feature","geometry":{"type":"LineString","coordinates":[[-83.5544,35.36471],[-83.55608,35.36562],[-83.55667,35.36606]]},"properties":{"net":"sm8796222","o":3}},{"type":"Feature","geometry":{"type":"LineString","coordinates":[[-83.55286,35.37174],[-83.55325,35.37129],[-83.5537,35.3705],[-83.55397,35.36994],[-83.55408,35.36935],[-83.55454,35.36855],[-83.55473,35.36826],[-83.55501,35.36812],[-83.55538,35.36769]]},"properties":{"net":"sm8796222","o":1}},{"type":"Feature","geometry":{"type":"LineString","coordinates":[[-83.56877,35.37847],[-83.56786,35.3787]]},"properties":{"net":"sm8796223","o":2}},{"type":"Feature","geometry":{"type":"LineString","coordinates":[[-83.56667,35.3734],[-83.56659,35.37342]]},"properties":{"net":"sm8796220","o":1}},{"type":"Feature","geometry":{"type":"LineString","coordinates":[[-83.54676,35.39281],[-83.5479,35.39291],[-83.54949,35.39335],[-83.55019,35.39373]]},"properties":{"net":"out","o":4}},{"type":"Feature","geometry":{"type":"LineString","coordinates":[[-83.53193,35.08693],[-83.53211,35.08729],[-83.53232,35.08741],[-83.53413,35.08737],[-83.53502,35.08785],[-83.53855,35.08814],[-83.53926,35.08832],[-83.53963,35.08852]]},"properties":{"net":"NC3035","o":4}},{"type":"Feature","geometry":{"type":"LineString","coordinates":[[-83.55484,35.05872],[-83.55443,35.05837],[-83.55385,35.05819],[-83.55268,35.05818],[-83.55189,35.0579],[-83.55067,35.05797],[-83.55043,35.0579]]},"properties":{"net":"NC3035","o":1}},{"type":"Feature","geometry":{"type":"LineString","coordinates":[[-83.55421,35.09758],[-83.55427,35.09705]]},"properties":{"net":"NC3035","o":1}},{"type":"Feature","geometry":{"type":"LineString","coordinates":[[-83.54741,35.15088],[-83.54704,35.15173],[-83.54586,35.15315],[-83.5452,35.15343],[-83.54474,35.15388],[-83.5436,35.15427],[-83.54187,35.15522],[-83.54064,35.15557],[-83.53968,35.15618],[-83.53735,35.15689]]},"properties":{"net":"NC6212","o":2}},{"type":"Feature","geometry":{"type":"LineString","coordinates":[[-83.53337,35.18101],[-83.53331,35.18014],[-83.53314,35.17949],[-83.53268,35.17912]]},"properties":{"net":"sm2963","o":1}},{"type":"Feature","geometry":{"type":"LineString","coordinates":[[-83.53268,35.17912],[-83.53201,35.17819],[-83.53168,35.17739]]},"properties":{"net":"sm2962","o":1}},{"type":"Feature","geometry":{"type":"LineString","coordinates":[[-83.53168,35.17739],[-83.53157,35.17707],[-83.53163,35.17643],[-83.53151,35.17598],[-83.53199,35.17499],[-83.53245,35.17438],[-83.53247,35.17369],[-83.53268,35.17293],[-83.53212,35.17245],[-83.53201,35.17155],[-83.53191,35.17142],[-83.53091,35.17153],[-83.53058,35.17141]]},"properties":{"net":"NC6212","o":1}},{"type":"Feature","geometry":{"type":"LineString","coordinates":[[-83.52733,35.17435],[-83.52764,35.17419],[-83.52769,35.17377],[-83.52782,35.1736],[-83.52885,35.17301],[-83.52945,35.17233],[-83.53058,35.17141]]},"properties":{"net":"NC6212","o":1}},{"type":"Feature","geometry":{"type":"LineString","coordinates":[[-83.53004,35.29928],[-83.52991,35.29941]]},"properties":{"net":"sm3032","o":1}},{"type":"Feature","geometry":{"type":"LineString","coordinates":[[-83.53162,35.34056],[-83.53114,35.34107],[-83.5304,35.34128],[-83.5301,35.34129],[-83.52876,35.34102],[-83.52828,35.34114],[-83.52796,35.3413],[-83.52648,35.34272],[-83.52616,35.34287]]},"properties":{"net":"out","o":6}},{"type":"Feature","geometry":{"type":"LineString","coordinates":[[-83.5435,35.38148],[-83.54661,35.38162]]},"properties":{"net":"out","o":6}},{"type":"Feature","geometry":{"type":"LineString","coordinates":[[-83.52541,35.39751],[-83.52636,35.39787],[-83.52838,35.39783],[-83.52956,35.39833],[-83.53043,35.39898],[-83.5307,35.39908],[-83.53105,35.39906],[-83.53144,35.3989],[-83.53165,35.39872],[-83.53196,35.39805],[-83.53238,35.39768],[-83.53295,35.39751],[-83.5337,35.39752],[-83.53437,35.39778],[-83.53534,35.39854]]},"properties":{"net":"out","o":4}},{"type":"Feature","geometry":{"type":"LineString","coordinates":[[-83.51109,35.11365],[-83.51055,35.11409],[-83.50966,35.11458],[-83.50923,35.11508],[-83.50908,35.1158],[-83.50946,35.11705],[-83.50933,35.11739]]},"properties":{"net":"NC6212","o":2}},{"type":"Feature","geometry":{"type":"LineString","coordinates":[[-83.53056,35.04636],[-83.529,35.04752],[-83.52803,35.04856],[-83.52659,35.04982],[-83.52549,35.05046],[-83.52507,35.05109],[-83.52463,35.05149],[-83.5241,35.05257],[-83.52338,35.05342],[-83.52281,35.05384],[-83.52249,35.05466],[-83.52199,35.05548],[-83.52103,35.05657],[-83.52024,35.05779],[-83.52011,35.05813],[-83.52011,35.05867]]},"properties":{"net":"NC3035","o":1}},{"type":"Feature","geometry":{"type":"LineString","coordinates":[[-83.53988,35.063],[-83.53996,35.06337],[-83.54042,35.06388],[-83.54055,35.06449],[-83.54048,35.06518],[-83.53925,35.06817],[-83.53898,35.06857],[-83.53819,35.06913]]},"properties":{"net":"NC3035","o":3}},{"type":"Feature","geometry":{"type":"LineString","coordinates":[[-83.54205,35.07129],[-83.54141,35.07076],[-83.54113,35.07003],[-83.54074,35.0697],[-83.53913,35.06923],[-83.53819,35.06913]]},"properties":{"net":"NC3035","o":1}},{"type":"Feature","geometry":{"type":"LineString","coordinates":[[-83.52972,35.07465],[-83.53025,35.07499]]},"properties":{"net":"NC3035","o":4}},{"type":"Feature","geometry":{"type":"LineString","coordinates":[[-83.52729,35.10136],[-83.52728,35.10094],[-83.5278,35.10018],[-83.52796,35.09936],[-83.52852,35.09872],[-83.53,35.09821],[-83.53102,35.09799],[-83.53199,35.09791],[-83.53396,35.09719],[-83.53439,35.09687],[-83.5358,35.09622],[-83.5369,35.0954],[-83.53795,35.09487]]},"properties":{"net":"NC3035","o":1}},{"type":"Feature","geometry":{"type":"LineString","coordinates":[[-83.54276,35.10923],[-83.54356,35.10813],[-83.54403,35.10776],[-83.54427,35.10746],[-83.54532,35.10701],[-83.54545,35.10684],[-83.54547,35.10662],[-83.54514,35.1058],[-83.54501,35.10502],[-83.54467,35.10446]]},"properties":{"net":"NC3035","o":1}},{"type":"Feature","geometry":{"type":"LineString","coordinates":[[-83.51162,35.02192],[-83.5123,35.02438],[-83.5124,35.02631]]},"properties":{"net":"NC3035","o":1}},{"type":"Feature","geometry":{"type":"LineString","coordinates":[[-83.52617,35.04407],[-83.52504,35.04427],[-83.52447,35.04447],[-83.52363,35.04513],[-83.52271,35.04555],[-83.51948,35.04544],[-83.51876,35.0456],[-83.51782,35.04613],[-83.51688,35.04638],[-83.51665,35.04655],[-83.51642,35.04719],[-83.51592,35.04779],[-83.51527,35.04808],[-83.51457,35.04856],[-83.51367,35.04951],[-83.51327,35.04978]]},"properties":{"net":"NC3035","o":1}},{"type":"Feature","geometry":{"type":"LineString","coordinates":[[-83.51279,35.05256],[-83.51287,35.0532],[-83.51261,35.05399],[-83.51252,35.05461],[-83.51192,35.05545],[-83.51195,35.05577],[-83.5118,35.05627],[-83.51192,35.05656]]},"properties":{"net":"NC3035","o":4}},{"type":"Feature","geometry":{"type":"LineString","coordinates":[[-83.50668,35.04183],[-83.50707,35.04225],[-83.50765,35.04242],[-83.50809,35.04273],[-83.50953,35.04444],[-83.5099,35.04475]]},"properties":{"net":"NC3035","o":3}},{"type":"Feature","geometry":{"type":"LineString","coordinates":[[-83.51111,35.05144],[-83.5121,35.05201],[-83.51279,35.05256]]},"properties":{"net":"NC3035","o":1}},{"type":"Feature","geometry":{"type":"LineString","coordinates":[[-83.52892,35.06283],[-83.52838,35.0634],[-83.52822,35.0639],[-83.52851,35.06604],[-83.5288,35.06737],[-83.52881,35.06788]]},"properties":{"net":"sm2749","o":1}},{"type":"Feature","geometry":{"type":"LineString","coordinates":[[-83.52881,35.06788],[-83.5286,35.06849],[-83.52725,35.06978],[-83.52701,35.07035]]},"properties":{"net":"NC3035","o":1}},{"type":"Feature","geometry":{"type":"LineString","coordinates":[[-83.51971,35.06122],[-83.52012,35.06143],[-83.52139,35.0617],[-83.52173,35.06194],[-83.52187,35.06222],[-83.52164,35.06275],[-83.52059,35.06369],[-83.5205,35.06421],[-83.52055,35.06508],[-83.52034,35.06567],[-83.5194,35.06637]]},"properties":{"net":"NC3035","o":4}},{"type":"Feature","geometry":{"type":"LineString","coordinates":[[-83.50213,35.0666],[-83.50382,35.06659],[-83.50486,35.0664],[-83.5063,35.06646],[-83.50768,35.0663],[-83.509,35.0663],[-83.51077,35.06665],[-83.51199,35.0672]]},"properties":{"net":"sm2748","o":1}},{"type":"Feature","geometry":{"type":"LineString","coordinates":[[-83.51943,35.09447],[-83.51918,35.09574],[-83.51874,35.09663],[-83.51838,35.09706],[-83.51723,35.0979],[-83.51684,35.09832],[-83.51584,35.09887],[-83.51544,35.09934],[-83.51444,35.09959],[-83.51358,35.10015]]},"properties":{"net":"NC6212","o":1}},{"type":"Feature","geometry":{"type":"LineString","coordinates":[[-83.50921,35.1002],[-83.5061,35.10132]]},"properties":{"net":"NC6212","o":2}},{"type":"Feature","geometry":{"type":"LineString","coordinates":[[-83.51282,35.16951],[-83.51231,35.16787],[-83.51127,35.16679],[-83.51034,35.16515]]},"properties":{"net":"NC6212","o":2}},{"type":"Feature","geometry":{"type":"LineString","coordinates":[[-83.49165,35.15582],[-83.49144,35.15571],[-83.49066,35.15565],[-83.49008,35.15548],[-83.48973,35.15512],[-83.48955,35.15425],[-83.48932,35.15418],[-83.48843,35.15425],[-83.48796,35.15413],[-83.48743,35.15384],[-83.48697,35.15322]]},"properties":{"net":"NC6212","o":3}},{"type":"Feature","geometry":{"type":"LineString","coordinates":[[-83.51797,35.32041],[-83.51868,35.32136]]},"properties":{"net":"out","o":6}},{"type":"Feature","geometry":{"type":"LineString","coordinates":[[-83.52086,35.36781],[-83.52051,35.36832],[-83.52043,35.36871],[-83.52053,35.3691],[-83.52088,35.36961],[-83.52103,35.37029],[-83.52094,35.37156]]},"properties":{"net":"out","o":6}},{"type":"Feature","geometry":{"type":"LineString","coordinates":[[-83.52063,35.37522],[-83.52361,35.37707],[-83.52505,35.37759],[-83.52563,35.37768]]},"properties":{"net":"out","o":6}},{"type":"Feature","geometry":{"type":"LineString","coordinates":[[-83.53229,35.03397],[-83.53197,35.03343],[-83.53179,35.03329],[-83.53135,35.03311],[-83.53032,35.03303],[-83.52986,35.03289],[-83.5286,35.03182],[-83.5277,35.03162],[-83.52736,35.03176],[-83.5265,35.0324],[-83.52478,35.03244],[-83.52432,35.03306],[-83.52301,35.03378],[-83.52142,35.03445],[-83.52068,35.03512]]},"properties":{"net":"NC3035","o":1}},{"type":"Feature","geometry":{"type":"LineString","coordinates":[[-83.49666,35.04458],[-83.4966,35.04398],[-83.49672,35.04302]]},"properties":{"net":"NC3035","o":1}},{"type":"Feature","geometry":{"type":"LineString","coordinates":[[-83.49267,35.07758],[-83.49479,35.07785],[-83.49622,35.07779],[-83.49784,35.07814],[-83.49915,35.07874],[-83.50036,35.08025],[-83.50043,35.0807],[-83.50028,35.08134],[-83.49936,35.08338],[-83.49943,35.0841],[-83.49978,35.0851],[-83.4998,35.0861],[-83.49968,35.08699],[-83.50014,35.08783],[-83.50018,35.08849],[-83.50006,35.08884],[-83.49977,35.08912],[-83.49867,35.08978],[-83.49832,35.09043],[-83.49822,35.09181],[-83.49836,35.09242],[-83.49831,35.093]]},"properties":{"net":"NC6212","o":1}},{"type":"Feature","geometry":{"type":"LineString","coordinates":[[-83.49132,35.11398],[-83.49209,35.11489],[-83.49205,35.11526],[-83.49165,35.11611],[-83.49161,35.1167],[-83.49175,35.11697],[-83.49251,35.11706],[-83.49337,35.11702],[-83.49625,35.11666]]},"properties":{"net":"NC6212","o":1}},{"type":"Feature","geometry":{"type":"LineString","coordinates":[[-83.48946,35.16397],[-83.4889,35.16395],[-83.48824,35.16367],[-83.48724,35.16354],[-83.48478,35.16341]]},"properties":{"net":"NC6212","o":1}},{"type":"Feature","geometry":{"type":"LineString","coordinates":[[-83.48264,35.10287],[-83.48118,35.10275],[-83.48067,35.1028],[-83.48023,35.10297],[-83.47972,35.10338]]},"properties":{"net":"NC6212","o":3}},{"type":"Feature","geometry":{"type":"LineString","coordinates":[[-83.50758,35.28151],[-83.50732,35.28202],[-83.50693,35.28223],[-83.50485,35.28263],[-83.50446,35.28324],[-83.50382,35.28363],[-83.50314,35.28386],[-83.50205,35.28465]]},"properties":{"net":"out","o":4}},{"type":"Feature","geometry":{"type":"LineString","coordinates":[[-83.47409,34.98472],[-83.47357,34.98473],[-83.47212,34.98545],[-83.47168,34.98557],[-83.46985,34.98577],[-83.46913,34.98599],[-83.46833,34.98602],[-83.46771,34.98629],[-83.46644,34.98643],[-83.46636,34.98653],[-83.46638,34.98701],[-83.46534,34.98771],[-83.46495,34.98832],[-83.46484,34.98877]]},"properties":{"net":"NC2974","o":1}},{"type":"Feature","geometry":{"type":"LineString","coordinates":[[-83.46999,35.07419],[-83.46886,35.075],[-83.46758,35.07564],[-83.4668,35.07641],[-83.46554,35.07734],[-83.46472,35.0777],[-83.46402,35.07893]]},"properties":{"net":"NC6212","o":2}},{"type":"Feature","geometry":{"type":"LineString","coordinates":[[-83.46955,35.13035],[-83.47011,35.13027],[-83.47182,35.12942],[-83.47227,35.12911],[-83.47286,35.1284],[-83.47546,35.12644],[-83.47749,35.12553],[-83.4783,35.12491],[-83.47868,35.12475]]},"properties":{"net":"NC6212","o":1}},{"type":"Feature","geometry":{"type":"LineString","coordinates":[[-83.4634,35.1359],[-83.46416,35.13615],[-83.46481,35.13657],[-83.46607,35.13671],[-83.46738,35.13626],[-83.46868,35.13636],[-83.46958,35.13617],[-83.47075,35.1361],[-83.47192,35.13643],[-83.47354,35.13639],[-83.47403,35.13649],[-83.47519,35.1372],[-83.47595,35.13722],[-83.47708,35.13764],[-83.4785,35.13866],[-83.47908,35.13962],[-83.47941,35.13994],[-83.48089,35.14084],[-83.48158,35.14107],[-83.48206,35.14157],[-83.48294,35.14207]]},"properties":{"net":"NC6212","o":1}},{"type":"Feature","geometry":{"type":"LineString","coordinates":[[-83.48294,35.14207],[-83.48345,35.14343],[-83.48406,35.14451]]},"properties":{"net":"NC6212","o":2}},{"type":"Feature","geometry":{"type":"LineString","coordinates":[[-83.47727,35.17641],[-83.47599,35.1762],[-83.47461,35.17576],[-83.47375,35.1756],[-83.47213,35.1757],[-83.47052,35.17556],[-83.46951,35.17573]]},"properties":{"net":"NC6212","o":1}},{"type":"Feature","geometry":{"type":"LineString","coordinates":[[-83.46875,35.17643],[-83.46904,35.17619],[-83.46878,35.17567]]},"properties":{"net":"NC6212","o":2}},{"type":"Feature","geometry":{"type":"LineString","coordinates":[[-83.47344,35.23804],[-83.47349,35.239],[-83.47399,35.24129],[-83.47274,35.24198],[-83.47182,35.24221]]},"properties":{"net":"out","o":4}},{"type":"Feature","geometry":{"type":"LineString","coordinates":[[-83.47353,35.25508],[-83.47336,35.25545],[-83.47337,35.25572],[-83.47403,35.25654],[-83.47402,35.2568]]},"properties":{"net":"out","o":4}},{"type":"Feature","geometry":{"type":"LineString","coordinates":[[-83.66733,35.50076],[-83.669,35.50081],[-83.67002,35.50112],[-83.67137,35.50065],[-83.67207,35.50009]]},"properties":{"net":"out","o":4}},{"type":"Feature","geometry":{"type":"LineString","coordinates":[[-83.65049,35.51215],[-83.65081,35.51192],[-83.65109,35.51156],[-83.6514,35.51067],[-83.6525,35.50973],[-83.65341,35.50921],[-83.65525,35.50921],[-83.65574,35.50899],[-83.65586,35.50863],[-83.65486,35.50752],[-83.65482,35.5072],[-83.65496,35.50666],[-83.65526,35.50634],[-83.65676,35.5057]]},"properties":{"net":"out","o":4}},{"type":"Feature","geometry":{"type":"LineString","coordinates":[[-83.76349,35.49799],[-83.76365,35.49758],[-83.76379,35.49652],[-83.76405,35.49596],[-83.76499,35.49529],[-83.76577,35.49453],[-83.76711,35.49379],[-83.76758,35.49302],[-83.76818,35.49279],[-83.76913,35.49259]]},"properties":{"net":"out","o":4}},{"type":"Feature","geometry":{"type":"LineString","coordinates":[[-83.77086,35.44368],[-83.77247,35.4437],[-83.77401,35.444]]},"properties":{"net":"out","o":7}},{"type":"Feature","geometry":{"type":"LineString","coordinates":[[-83.77759,35.47788],[-83.77838,35.47746],[-83.77853,35.47722],[-83.77854,35.47698],[-83.7783,35.47654],[-83.77758,35.47593],[-83.77618,35.47555],[-83.77496,35.47504],[-83.77456,35.47471],[-83.77432,35.47429],[-83.77428,35.47401]]},"properties":{"net":"out","o":4}},{"type":"Feature","geometry":{"type":"LineString","coordinates":[[-83.72075,35.44481],[-83.72239,35.44459],[-83.72382,35.44457]]},"properties":{"net":"out","o":7}},{"type":"Feature","geometry":{"type":"LineString","coordinates":[[-83.71686,35.44268],[-83.72075,35.44481]]},"properties":{"net":"out","o":7}},{"type":"Feature","geometry":{"type":"LineString","coordinates":[[-83.74194,35.4451],[-83.74435,35.44424],[-83.74908,35.44277]]},"properties":{"net":"out","o":7}},{"type":"Feature","geometry":{"type":"LineString","coordinates":[[-83.73173,35.44697],[-83.73409,35.44734],[-83.73537,35.44725],[-83.74194,35.4451]]},"properties":{"net":"out","o":7}},{"type":"Feature","geometry":{"type":"LineString","coordinates":[[-83.75503,35.52557],[-83.75508,35.52536],[-83.75539,35.52494],[-83.75593,35.52468],[-83.75684,35.52384],[-83.75737,35.52299],[-83.75735,35.52182],[-83.75689,35.52098]]},"properties":{"net":"out","o":4}},{"type":"Feature","geometry":{"type":"LineString","coordinates":[[-83.72764,35.47374],[-83.72832,35.47357],[-83.72869,35.47323]]},"properties":{"net":"out","o":4}},{"type":"Feature","geometry":{"type":"LineString","coordinates":[[-83.7238,35.46418],[-83.72378,35.4638],[-83.72395,35.46363],[-83.72428,35.46352],[-83.72505,35.4635]]},"properties":{"net":"out","o":4}},{"type":"Feature","geometry":{"type":"LineString","coordinates":[[-83.45846,35.36146],[-83.45891,35.36178],[-83.45939,35.36186]]},"properties":{"net":"out","o":4}},{"type":"Feature","geometry":{"type":"LineString","coordinates":[[-83.45166,35.35713],[-83.45235,35.35724],[-83.45294,35.35762]]},"properties":{"net":"out","o":4}},{"type":"Feature","geometry":{"type":"LineString","coordinates":[[-83.35386,35.22128],[-83.35425,35.22128],[-83.35512,35.22102],[-83.35655,35.22094],[-83.35716,35.22069],[-83.35811,35.21947],[-83.35933,35.21758],[-83.35975,35.21749],[-83.36094,35.21656],[-83.36171,35.21609],[-83.36252,35.21571],[-83.36339,35.21558],[-83.36374,35.21541]]},"properties":{"net":"NC2974","o":1}},{"type":"Feature","geometry":{"type":"LineString","coordinates":[[-83.36479,35.13565],[-83.36554,35.13497],[-83.36654,35.13479]]},"properties":{"net":"sm3029","o":1}},{"type":"Feature","geometry":{"type":"LineString","coordinates":[[-83.37005,35.17518],[-83.37016,35.17528]]},"properties":{"net":"NC2974","o":4}},{"type":"Feature","geometry":{"type":"LineString","coordinates":[[-83.36058,35.16435],[-83.36164,35.1644],[-83.36216,35.16471],[-83.36291,35.16622]]},"properties":{"net":"NC2974","o":4}},{"type":"Feature","geometry":{"type":"LineString","coordinates":[[-83.37679,35.2236],[-83.37703,35.22423],[-83.37738,35.22465],[-83.37829,35.22528],[-83.37979,35.22543],[-83.3817,35.22587]]},"properties":{"net":"out","o":5}},{"type":"Feature","geometry":{"type":"LineString","coordinates":[[-83.37754,35.20547],[-83.37707,35.206],[-83.37671,35.20622]]},"properties":{"net":"NC2974","o":2}},{"type":"Feature","geometry":{"type":"LineString","coordinates":[[-83.37671,35.20622],[-83.37601,35.20665]]},"properties":{"net":"NC2974","o":2}},{"type":"Feature","geometry":{"type":"LineString","coordinates":[[-83.36716,35.21519],[-83.36685,35.21591],[-83.36672,35.21668],[-83.3669,35.21707],[-83.3672,35.21739],[-83.36766,35.2177],[-83.36978,35.21793],[-83.37035,35.21814],[-83.37091,35.21874],[-83.37125,35.21936]]},"properties":{"net":"NC2974","o":5}},{"type":"Feature","geometry":{"type":"LineString","coordinates":[[-83.37125,35.21936],[-83.37209,35.22086]]},"properties":{"net":"out","o":5}},{"type":"Feature","geometry":{"type":"LineString","coordinates":[[-83.72216,35.1607],[-83.72194,35.1613],[-83.72156,35.16195],[-83.72108,35.16363],[-83.72071,35.16448],[-83.71957,35.16602],[-83.71896,35.1674],[-83.71814,35.16817],[-83.71506,35.17161],[-83.71393,35.17268],[-83.71308,35.17366],[-83.71253,35.17454],[-83.7119,35.1753],[-83.71113,35.17579]]},"properties":{"net":"NC3035","o":2}},{"type":"Feature","geometry":{"type":"LineString","coordinates":[[-83.67915,35.3733],[-83.67876,35.37347],[-83.6786,35.37396]]},"properties":{"net":"out","o":4}},{"type":"Feature","geometry":{"type":"LineString","coordinates":[[-83.65624,35.11746],[-83.65536,35.11735],[-83.65418,35.11705],[-83.65317,35.11652],[-83.65173,35.1162],[-83.65127,35.11592],[-83.65071,35.11534],[-83.65034,35.11515],[-83.64906,35.11475],[-83.64801,35.1146]]},"properties":{"net":"NC3035","o":1}},{"type":"Feature","geometry":{"type":"LineString","coordinates":[[-83.69679,35.17811],[-83.69523,35.17918]]},"properties":{"net":"NC3035","o":3}},{"type":"Feature","geometry":{"type":"LineString","coordinates":[[-83.69613,35.19912],[-83.6959,35.19887],[-83.69546,35.19783],[-83.69531,35.1967],[-83.6954,35.19609],[-83.69518,35.19554],[-83.69488,35.19319],[-83.69411,35.19186]]},"properties":{"net":"NC3035","o":1}},{"type":"Feature","geometry":{"type":"LineString","coordinates":[[-83.68134,35.19581],[-83.68159,35.19522],[-83.68161,35.19465],[-83.68138,35.19388],[-83.68176,35.19298],[-83.68185,35.19246],[-83.68158,35.19161]]},"properties":{"net":"NC3035","o":2}},{"type":"Feature","geometry":{"type":"LineString","coordinates":[[-83.68158,35.19161],[-83.68119,35.19128],[-83.68034,35.19102],[-83.67907,35.19026],[-83.67848,35.18944],[-83.67839,35.18904],[-83.6784,35.18843],[-83.67792,35.18803]]},"properties":{"net":"NC3035","o":2}},{"type":"Feature","geometry":{"type":"LineString","coordinates":[[-83.668,35.21886],[-83.67908,35.24359]]},"properties":{"net":"out","o":4}},{"type":"Feature","geometry":{"type":"LineString","coordinates":[[-83.66851,35.28518],[-83.6683,35.28551],[-83.66758,35.28611]]},"properties":{"net":"out","o":5}},{"type":"Feature","geometry":{"type":"LineString","coordinates":[[-83.67215,35.15016],[-83.67134,35.15002],[-83.67037,35.14998],[-83.66993,35.14945],[-83.66993,35.14915],[-83.6698,35.14895],[-83.66872,35.1484],[-83.66774,35.14618],[-83.66636,35.14547]]},"properties":{"net":"NC3035","o":2}},{"type":"Feature","geometry":{"type":"LineString","coordinates":[[-83.67335,35.18749],[-83.67424,35.1866],[-83.67457,35.18615],[-83.6746,35.18593]]},"properties":{"net":"NC3035","o":1}},{"type":"Feature","geometry":{"type":"LineString","coordinates":[[-83.65577,35.22059],[-83.65707,35.22075],[-83.6594,35.22161]]},"properties":{"net":"out","o":4}},{"type":"Feature","geometry":{"type":"LineString","coordinates":[[-83.65885,35.22444],[-83.65818,35.2249],[-83.65745,35.22519],[-83.65599,35.22542],[-83.65544,35.22531],[-83.65527,35.2249],[-83.65536,35.22443],[-83.65574,35.22355],[-83.65557,35.22337],[-83.65463,35.22345],[-83.65044,35.22447],[-83.6482,35.22391],[-83.64625,35.22388],[-83.64464,35.22418],[-83.64351,35.22529],[-83.64279,35.22541]]},"properties":{"net":"out","o":4}},{"type":"Feature","geometry":{"type":"LineString","coordinates":[[-83.66642,35.28715],[-83.66624,35.28716]]},"properties":{"net":"out","o":5}},{"type":"Feature","geometry":{"type":"LineString","coordinates":[[-83.66712,35.28623],[-83.66638,35.28633],[-83.66603,35.28649]]},"properties":{"net":"out","o":5}},{"type":"Feature","geometry":{"type":"LineString","coordinates":[[-83.25792,35.19311],[-83.25821,35.19321],[-83.25869,35.19311],[-83.25969,35.19313],[-83.26137,35.19274],[-83.26254,35.1927],[-83.26357,35.19279],[-83.26441,35.19265],[-83.26515,35.19277],[-83.2657,35.1932],[-83.26644,35.19332],[-83.26953,35.19295],[-83.27175,35.19321],[-83.27275,35.19348],[-83.27331,35.19382],[-83.27399,35.19463],[-83.27411,35.19541],[-83.27421,35.19554],[-83.27561,35.1955],[-83.27648,35.19564],[-83.27702,35.19614]]},"properties":{"net":"NC2974","o":2}},{"type":"Feature","geometry":{"type":"LineString","coordinates":[[-83.27051,35.22539],[-83.27051,35.22479],[-83.27121,35.22383],[-83.2715,35.2226],[-83.27171,35.22218],[-83.27312,35.22144],[-83.2735,35.22108],[-83.27404,35.22016],[-83.27436,35.2199],[-83.27457,35.21915],[-83.27517,35.21867],[-83.27607,35.21749],[-83.27643,35.21727],[-83.27667,35.21668]]},"properties":{"net":"sm3014","o":1}},{"type":"Feature","geometry":{"type":"LineString","coordinates":[[-83.2304,35.07126],[-83.2305,35.07148],[-83.23078,35.0717],[-83.23121,35.07177],[-83.23149,35.07167]]},"properties":{"net":"NC2974","o":4}},{"type":"Feature","geometry":{"type":"LineString","coordinates":[[-83.22122,35.06328],[-83.22195,35.06386],[-83.22228,35.06498],[-83.22254,35.06534],[-83.22421,35.06656],[-83.22446,35.06684],[-83.22451,35.06712],[-83.22505,35.06746]]},"properties":{"net":"NC2977","o":4}},{"type":"Feature","geometry":{"type":"LineString","coordinates":[[-83.2356,35.05905],[-83.23558,35.06008],[-83.2357,35.06081],[-83.23605,35.06151],[-83.23644,35.06199],[-83.23665,35.06268],[-83.23672,35.06457],[-83.23721,35.06534],[-83.23743,35.06614],[-83.23766,35.06656]]},"properties":{"net":"NC2974","o":1}},{"type":"Feature","geometry":{"type":"LineString","coordinates":[[-83.23761,35.14523],[-83.23707,35.14478],[-83.23539,35.14439],[-83.235,35.14411],[-83.23406,35.14307],[-83.23278,35.14242],[-83.23254,35.14217],[-83.23205,35.14088],[-83.23155,35.14034]]},"properties":{"net":"sm2987","o":1}},{"type":"Feature","geometry":{"type":"LineString","coordinates":[[-83.2448,35.16583],[-83.24469,35.16516],[-83.24473,35.16468],[-83.24499,35.16433],[-83.24544,35.16404]]},"properties":{"net":"NC2974","o":2}},{"type":"Feature","geometry":{"type":"LineString","coordinates":[[-83.24832,35.18999],[-83.24883,35.19004],[-83.25005,35.18989],[-83.25058,35.18992],[-83.25161,35.1903],[-83.25253,35.19098],[-83.25432,35.19073],[-83.25496,35.19091],[-83.25552,35.19126],[-83.25591,35.1913],[-83.25606,35.19122]]},"properties":{"net":"NC2974","o":2}},{"type":"Feature","geometry":{"type":"LineString","coordinates":[[-83.33348,35.07572],[-83.33408,35.07645],[-83.33466,35.07675],[-83.33759,35.07666],[-83.33811,35.0765],[-83.33899,35.07587],[-83.33984,35.07598],[-83.3405,35.07581],[-83.34075,35.07597],[-83.34127,35.07656],[-83.34199,35.07673],[-83.34241,35.07654],[-83.34235,35.07597],[-83.34248,35.07557],[-83.34288,35.07532],[-83.34354,35.07468]]},"properties":{"net":"NC2974","o":3}},{"type":"Feature","geometry":{"type":"LineString","coordinates":[[-83.34772,35.14613],[-83.34838,35.1469],[-83.34927,35.14727],[-83.34963,35.14758],[-83.35013,35.14889],[-83.351,35.15008],[-83.35139,35.15126],[-83.3519,35.15224],[-83.35246,35.15304],[-83.35288,35.15328],[-83.35335,35.15389],[-83.35516,35.15546],[-83.35683,35.15626],[-83.35776,35.15693]]},"properties":{"net":"NC2974","o":1}},{"type":"Feature","geometry":{"type":"LineString","coordinates":[[-83.35785,35.179],[-83.35782,35.17812],[-83.35802,35.17759],[-83.35911,35.1756],[-83.36008,35.17472]]},"properties":{"net":"NC2974","o":1}},{"type":"Feature","geometry":{"type":"LineString","coordinates":[[-83.34328,35.16928],[-83.34337,35.16931]]},"properties":{"net":"NC2974","o":1}},{"type":"Feature","geometry":{"type":"LineString","coordinates":[[-83.32978,34.99216],[-83.33155,34.99248],[-83.3337,34.99304],[-83.33575,34.99277],[-83.3367,34.99241],[-83.33772,34.99261]]},"properties":{"net":"NC2974","o":1}},{"type":"Feature","geometry":{"type":"LineString","coordinates":[[-83.31617,35.01016],[-83.31675,35.00998],[-83.31822,35.01038],[-83.31993,35.01068],[-83.32015,35.01058],[-83.32031,35.01015],[-83.32082,35.00983],[-83.32107,35.00915],[-83.3214,35.00871],[-83.3226,35.00793],[-83.32323,35.00785],[-83.32432,35.00793],[-83.32479,35.00827],[-83.32504,35.00869],[-83.32533,35.00878],[-83.32694,35.00814],[-83.32764,35.00822],[-83.32845,35.00797],[-83.32933,35.00789]]},"properties":{"net":"NC2974","o":3}},{"type":"Feature","geometry":{"type":"LineString","coordinates":[[-83.31978,35.09834],[-83.32045,35.09703],[-83.32109,35.09632],[-83.32151,35.09564],[-83.32167,35.09459],[-83.32213,35.09354],[-83.32229,35.09288],[-83.32239,35.09187],[-83.32286,35.09104],[-83.32272,35.08988]]},"properties":{"net":"NC2974","o":1}},{"type":"Feature","geometry":{"type":"LineString","coordinates":[[-83.34046,35.17115],[-83.34051,35.17109]]},"properties":{"net":"NC2974","o":2}},{"type":"Feature","geometry":{"type":"LineString","coordinates":[[-83.32962,35.17457],[-83.33091,35.17408],[-83.33392,35.17208],[-83.3359,35.17095],[-83.33684,35.17056],[-83.33718,35.17031],[-83.33786,35.1695],[-83.33812,35.16939]]},"properties":{"net":"NC2974","o":1}},{"type":"Feature","geometry":{"type":"LineString","coordinates":[[-83.31183,35.24837],[-83.31226,35.24764],[-83.31425,35.24564],[-83.31452,35.24463],[-83.31482,35.24424],[-83.31514,35.24356],[-83.31569,35.24323],[-83.31583,35.24262],[-83.31597,35.24241]]},"properties":{"net":"sm3027","o":3}},{"type":"Feature","geometry":{"type":"LineString","coordinates":[[-83.29987,35.17056],[-83.3008,35.16992],[-83.3025,35.16944],[-83.30414,35.17017],[-83.3044,35.17017],[-83.30473,35.17001],[-83.30501,35.16972],[-83.30524,35.16931],[-83.30551,35.16917],[-83.30569,35.1689],[-83.30576,35.16824],[-83.30606,35.16779],[-83.3064,35.16741],[-83.30684,35.16722],[-83.30708,35.16675],[-83.30742,35.16662],[-83.30694,35.16483],[-83.30733,35.16438],[-83.30736,35.16401],[-83.30765,35.16322],[-83.30786,35.1631],[-83.31031,35.16284],[-83.3105,35.16271],[-83.31074,35.16225],[-83.31098,35.16202],[-83.31131,35.16217],[-83.31176,35.16198],[-83.31236,35.16235]]},"properties":{"net":"NC2974","o":3}},{"type":"Feature","geometry":{"type":"LineString","coordinates":[[-83.31236,35.16235],[-83.31243,35.16241]]},"properties":{"net":"NC2974","o":3}},{"type":"Feature","geometry":{"type":"LineString","coordinates":[[-83.29115,35.1027],[-83.29073,35.10313],[-83.29046,35.10375],[-83.29011,35.10423],[-83.28987,35.10503],[-83.28949,35.10583],[-83.28811,35.10704],[-83.28761,35.10882],[-83.28686,35.10951],[-83.28683,35.11093],[-83.28637,35.11231],[-83.28571,35.11291],[-83.28543,35.11331],[-83.28453,35.11365],[-83.28413,35.11391],[-83.28382,35.11425],[-83.28357,35.11486],[-83.28312,35.11523],[-83.28234,35.11553],[-83.28073,35.11556],[-83.28004,35.11578]]},"properties":{"net":"NC2974","o":1}},{"type":"Feature","geometry":{"type":"LineString","coordinates":[[-83.28765,35.09913],[-83.28713,35.09977],[-83.2867,35.10077],[-83.28551,35.10212],[-83.285,35.10246],[-83.28362,35.10302],[-83.28266,35.10279],[-83.28023,35.10138],[-83.27911,35.10096],[-83.27866,35.10091],[-83.27791,35.10109],[-83.27724,35.10096],[-83.27598,35.10125],[-83.27528,35.10173],[-83.27457,35.10253],[-83.27404,35.10361],[-83.27341,35.10421],[-83.27301,35.10434],[-83.2716,35.10446],[-83.27067,35.10474]]},"properties":{"net":"NC2974","o":1}},{"type":"Feature","geometry":{"type":"LineString","coordinates":[[-83.28213,35.1299],[-83.28225,35.12999]]},"properties":{"net":"NC2974","o":4}},{"type":"Feature","geometry":{"type":"LineString","coordinates":[[-83.28823,35.14162],[-83.28962,35.14152],[-83.29152,35.1423],[-83.29328,35.14213]]},"properties":{"net":"NC2974","o":4}},{"type":"Feature","geometry":{"type":"LineString","coordinates":[[-83.28814,35.14177],[-83.28823,35.14162]]},"properties":{"net":"NC2974","o":1}},{"type":"Feature","geometry":{"type":"LineString","coordinates":[[-83.29693,35.19155],[-83.29697,35.19111],[-83.29725,35.1904],[-83.29776,35.18979],[-83.29823,35.18943]]},"properties":{"net":"NC2974","o":1}},{"type":"Feature","geometry":{"type":"LineString","coordinates":[[-83.27702,35.19614],[-83.27799,35.19622],[-83.27906,35.1961],[-83.27952,35.19593],[-83.28066,35.19528],[-83.28122,35.19484]]},"properties":{"net":"NC2974","o":3}},{"type":"Feature","geometry":{"type":"LineString","coordinates":[[-83.2421,35.18567],[-83.24403,35.18523],[-83.24536,35.18516]]},"properties":{"net":"NC2974","o":2}},{"type":"Feature","geometry":{"type":"LineString","coordinates":[[-83.26088,35.06157],[-83.26107,35.06203],[-83.26144,35.06245],[-83.26112,35.06306],[-83.26115,35.06336],[-83.26143,35.06357],[-83.26144,35.06388],[-83.26156,35.06412],[-83.26201,35.06428],[-83.26223,35.06447],[-83.2621,35.06528],[-83.26236,35.06541],[-83.26294,35.06539],[-83.26426,35.0657],[-83.26573,35.06582],[-83.2661,35.06607]]},"properties":{"net":"NC2974","o":3}},{"type":"Feature","geometry":{"type":"LineString","coordinates":[[-83.27067,35.10474],[-83.27054,35.10502],[-83.26931,35.10575],[-83.26868,35.10691],[-83.26855,35.10742],[-83.26852,35.10856],[-83.26833,35.10993],[-83.26813,35.11052],[-83.26742,35.11097],[-83.26684,35.11165],[-83.26545,35.11248],[-83.26505,35.11301]]},"properties":{"net":"NC2974","o":4}},{"type":"Feature","geometry":{"type":"LineString","coordinates":[[-83.25656,35.11351],[-83.25697,35.11341],[-83.25733,35.11349],[-83.25764,35.11367],[-83.25804,35.11425],[-83.25833,35.11436],[-83.25895,35.11414],[-83.26016,35.11403],[-83.26177,35.11348]]},"properties":{"net":"NC2974","o":2}},{"type":"Feature","geometry":{"type":"LineString","coordinates":[[-83.26883,35.15077],[-83.26863,35.1505],[-83.26833,35.14967],[-83.26737,35.14841],[-83.26724,35.14807],[-83.26725,35.14644],[-83.26759,35.1454],[-83.26746,35.14489],[-83.26742,35.14409],[-83.26671,35.14274],[-83.26663,35.14222],[-83.26668,35.14181]]},"properties":{"net":"NC2974","o":1}},{"type":"Feature","geometry":{"type":"LineString","coordinates":[[-83.25111,35.22577],[-83.25073,35.22533],[-83.25034,35.22453],[-83.24965,35.22361],[-83.2489,35.22072],[-83.24882,35.22014],[-83.24885,35.21929]]},"properties":{"net":"NC2974","o":1}},{"type":"Feature","geometry":{"type":"LineString","coordinates":[[-83.32095,35.17105],[-83.32091,35.17096]]},"properties":{"net":"NC2974","o":1}},{"type":"Feature","geometry":{"type":"LineString","coordinates":[[-83.33277,35.19307],[-83.3336,35.19361],[-83.33416,35.1945],[-83.33495,35.19487]]},"properties":{"net":"NC2974","o":1}},{"type":"Feature","geometry":{"type":"LineString","coordinates":[[-83.33112,35.18735],[-83.3316,35.1882],[-83.33164,35.18904]]},"properties":{"net":"NC2974","o":1}},{"type":"Feature","geometry":{"type":"LineString","coordinates":[[-83.31517,35.14994],[-83.31541,35.1504],[-83.31551,35.15122],[-83.31584,35.15139],[-83.31627,35.15186],[-83.31704,35.15328],[-83.31728,35.15408],[-83.31729,35.15454],[-83.31707,35.15492],[-83.31545,35.15582],[-83.31397,35.15711],[-83.31387,35.15732],[-83.31393,35.15822],[-83.31447,35.16038],[-83.31447,35.16109],[-83.31437,35.16122],[-83.31301,35.16179],[-83.3126,35.16213],[-83.31243,35.16241]]},"properties":{"net":"NC2974","o":4}},{"type":"Feature","geometry":{"type":"LineString","coordinates":[[-83.30981,35.14707],[-83.31028,35.14716],[-83.31169,35.14683],[-83.31198,35.14685],[-83.31288,35.14724],[-83.31328,35.1476],[-83.31517,35.14994]]},"properties":{"net":"NC2974","o":4}},{"type":"Feature","geometry":{"type":"LineString","coordinates":[[-83.30953,35.14398],[-83.3097,35.14419],[-83.30979,35.14453],[-83.30937,35.14546]]},"properties":{"net":"NC2974","o":4}},{"type":"Feature","geometry":{"type":"LineString","coordinates":[[-83.32159,35.18458],[-83.32173,35.18494],[-83.32199,35.18517],[-83.32315,35.18578],[-83.32362,35.18622],[-83.32423,35.18648],[-83.32451,35.18677],[-83.32477,35.18762],[-83.3253,35.18854],[-83.32585,35.18989],[-83.32591,35.19042],[-83.32572,35.19134]]},"properties":{"net":"NC2974","o":1}},{"type":"Feature","geometry":{"type":"LineString","coordinates":[[-83.32011,35.22582],[-83.32022,35.22552],[-83.32065,35.22496],[-83.32066,35.22409],[-83.32034,35.22321],[-83.32033,35.22283],[-83.3205,35.22206],[-83.32107,35.22066],[-83.32095,35.21949],[-83.32067,35.21872]]},"properties":{"net":"NC2974","o":1}},{"type":"Feature","geometry":{"type":"LineString","coordinates":[[-83.31178,35.02291],[-83.31207,35.02269],[-83.31266,35.02168],[-83.31244,35.02071],[-83.31265,35.01984],[-83.31241,35.01937],[-83.31237,35.019],[-83.31269,35.01818],[-83.31336,35.01737],[-83.31317,35.01661],[-83.31341,35.01587],[-83.31389,35.01504],[-83.31397,35.01458],[-83.3142,35.0141],[-83.31504,35.01332],[-83.3153,35.01228],[-83.31536,35.01063],[-83.31617,35.01016]]},"properties":{"net":"NC2974","o":2}},{"type":"Feature","geometry":{"type":"LineString","coordinates":[[-83.30453,34.96787],[-83.30488,34.9687],[-83.30628,34.96997],[-83.30787,34.97051],[-83.30879,34.97136],[-83.30933,34.97172]]},"properties":{"net":"NC2974","o":1}},{"type":"Feature","geometry":{"type":"LineString","coordinates":[[-83.30313,34.99225],[-83.30241,34.99184],[-83.30084,34.9915],[-83.30047,34.9913],[-83.30026,34.99128],[-83.29921,34.99225],[-83.29785,34.99322],[-83.29766,34.99361],[-83.29782,34.99428],[-83.29734,34.9947],[-83.29728,34.99515],[-83.29736,34.99531],[-83.29785,34.99559],[-83.29792,34.99582],[-83.2982,34.99598],[-83.29829,34.99701]]},"properties":{"net":"NC2974","o":1}},{"type":"Feature","geometry":{"type":"LineString","coordinates":[[-83.30567,35.00543],[-83.30606,35.0057],[-83.30643,35.00575],[-83.30704,35.00563],[-83.30791,35.00575],[-83.30875,35.00557],[-83.30958,35.00619]]},"properties":{"net":"NC2974","o":2}},{"type":"Feature","geometry":{"type":"LineString","coordinates":[[-83.29829,34.99701],[-83.29885,34.99797],[-83.29911,34.99877],[-83.30014,34.99975]]},"properties":{"net":"NC2974","o":1}},{"type":"Feature","geometry":{"type":"LineString","coordinates":[[-83.30994,35.03459],[-83.31014,35.03428],[-83.31132,35.0333],[-83.31172,35.03277],[-83.31183,35.03248],[-83.31184,35.03177]]},"properties":{"net":"NC2974","o":1}},{"type":"Feature","geometry":{"type":"LineString","coordinates":[[-83.45436,35.35803],[-83.45579,35.35859],[-83.45691,35.35931],[-83.45744,35.35983],[-83.45775,35.36041],[-83.45841,35.36118],[-83.45846,35.36146]]},"properties":{"net":"out","o":4}},{"type":"Feature","geometry":{"type":"LineString","coordinates":[[-83.49177,35.34446],[-83.49206,35.34481],[-83.49228,35.34573],[-83.49215,35.34657],[-83.49218,35.34801],[-83.49259,35.34917],[-83.49256,35.34989],[-83.49218,35.35068],[-83.49162,35.3511],[-83.49111,35.3519],[-83.49046,35.3525],[-83.49032,35.35284],[-83.49028,35.3536],[-83.48973,35.35461]]},"properties":{"net":"sm3005","o":1}},{"type":"Feature","geometry":{"type":"LineString","coordinates":[[-83.50545,35.3552],[-83.50662,35.35563]]},"properties":{"net":"out","o":6}},{"type":"Feature","geometry":{"type":"LineString","coordinates":[[-83.48983,35.37292],[-83.49002,35.37264],[-83.49007,35.37238],[-83.48957,35.37124],[-83.48951,35.3708],[-83.48989,35.36813],[-83.49012,35.36777],[-83.49075,35.36733]]},"properties":{"net":"sm3004","o":1}},{"type":"Feature","geometry":{"type":"LineString","coordinates":[[-83.44835,35.15849],[-83.44782,35.15846],[-83.44723,35.15805],[-83.4467,35.15735],[-83.44636,35.15643],[-83.44611,35.15607],[-83.44583,35.15597],[-83.44499,35.15601],[-83.4441,35.15622],[-83.44305,35.15681],[-83.44242,35.15702],[-83.44204,35.15703],[-83.44138,35.15687],[-83.44111,35.15697],[-83.44109,35.15797],[-83.44164,35.15911],[-83.44175,35.15967],[-83.44163,35.1599]]},"properties":{"net":"NC6212","o":4}},{"type":"Feature","geometry":{"type":"LineString","coordinates":[[-83.46528,35.17344],[-83.46443,35.17279],[-83.46399,35.17222],[-83.46236,35.17052],[-83.46187,35.1697],[-83.46131,35.16824]]},"properties":{"net":"NC6212","o":2}},{"type":"Feature","geometry":{"type":"LineString","coordinates":[[-83.45923,35.17414],[-83.4598,35.17343],[-83.46118,35.17063],[-83.46131,35.16824]]},"properties":{"net":"NC6212","o":1}},{"type":"Feature","geometry":{"type":"LineString","coordinates":[[-83.4495,35.16714],[-83.4495,35.16714]]},"properties":{"net":"NC6212","o":1}},{"type":"Feature","geometry":{"type":"LineString","coordinates":[[-83.45825,35.28504],[-83.45834,35.28396]]},"properties":{"net":"sm3008","o":2}},{"type":"Feature","geometry":{"type":"LineString","coordinates":[[-83.48274,35.13881],[-83.48285,35.13911]]},"properties":{"net":"NC6212","o":1}},{"type":"Feature","geometry":{"type":"LineString","coordinates":[[-83.47084,35.14092],[-83.47139,35.14151],[-83.47187,35.14223],[-83.4722,35.14248],[-83.47359,35.14291],[-83.47471,35.14309],[-83.47547,35.14343],[-83.47589,35.14376],[-83.47607,35.14425],[-83.47596,35.14548],[-83.47602,35.14612],[-83.47706,35.14752],[-83.47748,35.14908],[-83.47767,35.1494]]},"properties":{"net":"NC6212","o":1}},{"type":"Feature","geometry":{"type":"LineString","coordinates":[[-83.47845,35.1644],[-83.47805,35.16439],[-83.47793,35.16427],[-83.47786,35.16402],[-83.47794,35.16327],[-83.47781,35.1631],[-83.47747,35.16297],[-83.4769,35.16301],[-83.47626,35.16321],[-83.47518,35.16385],[-83.47482,35.1639],[-83.47448,35.16347],[-83.47417,35.16281],[-83.47408,35.16193],[-83.47368,35.16179],[-83.47279,35.16188],[-83.47242,35.16183]]},"properties":{"net":"NC6212","o":4}},{"type":"Feature","geometry":{"type":"LineString","coordinates":[[-83.48764,35.169],[-83.48753,35.168],[-83.48657,35.16713],[-83.48626,35.16674],[-83.48599,35.16568],[-83.48556,35.16484],[-83.48543,35.16434],[-83.48478,35.16341]]},"properties":{"net":"NC6212","o":1}},{"type":"Feature","geometry":{"type":"LineString","coordinates":[[-83.42715,34.92221],[-83.42691,34.92239]]},"properties":{"net":"NC2974","o":2}},{"type":"Feature","geometry":{"type":"LineString","coordinates":[[-83.44455,34.96309],[-83.44386,34.96363],[-83.44351,34.9641],[-83.44258,34.96498],[-83.44241,34.96548],[-83.44239,34.96617],[-83.44262,34.96718],[-83.44201,34.96877],[-83.44098,34.97061],[-83.44032,34.97141],[-83.43979,34.97174],[-83.43946,34.9721],[-83.43917,34.97223],[-83.43829,34.97219],[-83.43737,34.97246],[-83.43662,34.97315]]},"properties":{"net":"NC2974","o":1}},{"type":"Feature","geometry":{"type":"LineString","coordinates":[[-83.42969,34.9761],[-83.4291,34.97504],[-83.42868,34.97453],[-83.42833,34.97431],[-83.4272,34.97433],[-83.42611,34.97407],[-83.42469,34.97465],[-83.42406,34.97462]]},"properties":{"net":"NC2974","o":3}},{"type":"Feature","geometry":{"type":"LineString","coordinates":[[-83.43521,34.99584],[-83.4352,34.99562]]},"properties":{"net":"NC2974","o":1}},{"type":"Feature","geometry":{"type":"LineString","coordinates":[[-83.42512,35.09371],[-83.42417,35.0966],[-83.42366,35.09736],[-83.4236,35.09865],[-83.42339,35.09883],[-83.42255,35.09916],[-83.42207,35.10004],[-83.42145,35.10213],[-83.421,35.10324],[-83.42103,35.10427],[-83.4208,35.10474],[-83.42088,35.1052]]},"properties":{"net":"sm3026","o":1}},{"type":"Feature","geometry":{"type":"LineString","coordinates":[[-83.43555,35.12719],[-83.43468,35.12648],[-83.4343,35.12631],[-83.43374,35.12622],[-83.43279,35.12573],[-83.43167,35.12475],[-83.43143,35.12395],[-83.43077,35.12319],[-83.43059,35.1227],[-83.42999,35.1217],[-83.42922,35.11894],[-83.42887,35.11833]]},"properties":{"net":"sm3024","o":1}},{"type":"Feature","geometry":{"type":"LineString","coordinates":[[-83.43474,35.18122],[-83.43439,35.18109],[-83.43217,35.17965],[-83.4304,35.17884]]},"properties":{"net":"sm3011","o":2}},{"type":"Feature","geometry":{"type":"LineString","coordinates":[[-83.4304,35.17884],[-83.42883,35.17794],[-83.42538,35.17669],[-83.42287,35.17646]]},"properties":{"net":"sm3011","o":2}},{"type":"Feature","geometry":{"type":"LineString","coordinates":[[-83.5073,35.27994],[-83.50758,35.28151]]},"properties":{"net":"out","o":4}},{"type":"Feature","geometry":{"type":"LineString","coordinates":[[-83.61579,35.41164],[-83.61534,35.41206],[-83.61531,35.41245]]},"properties":{"net":"out","o":4}},{"type":"Feature","geometry":{"type":"LineString","coordinates":[[-83.62585,35.52539],[-83.62627,35.52525],[-83.62721,35.52531],[-83.62787,35.52505],[-83.6286,35.52492],[-83.63046,35.52495],[-83.63061,35.52476],[-83.63082,35.52382],[-83.63075,35.52277],[-83.63094,35.52256]]},"properties":{"net":"out","o":4}},{"type":"Feature","geometry":{"type":"LineString","coordinates":[[-83.61895,35.42235],[-83.61819,35.42274]]},"properties":{"net":"out","o":4}},{"type":"Feature","geometry":{"type":"LineString","coordinates":[[-83.51681,35.39425],[-83.51699,35.39455],[-83.51726,35.39474],[-83.5182,35.39491]]},"properties":{"net":"out","o":4}},{"type":"Feature","geometry":{"type":"LineString","coordinates":[[-83.52991,35.29941],[-83.52972,35.29952]]},"properties":{"net":"sm3032","o":1}},{"type":"Feature","geometry":{"type":"LineString","coordinates":[[-83.52408,35.32675],[-83.52405,35.32746],[-83.52365,35.32836],[-83.52305,35.32881],[-83.52257,35.32903]]},"properties":{"net":"out","o":6}},{"type":"Feature","geometry":{"type":"LineString","coordinates":[[-83.52164,35.31132],[-83.52154,35.31187],[-83.52107,35.31298],[-83.51925,35.31499],[-83.51889,35.31558],[-83.51864,35.31667],[-83.51904,35.31708],[-83.51911,35.31771],[-83.5189,35.31834],[-83.51811,35.31976],[-83.51813,35.32015],[-83.51797,35.32041]]},"properties":{"net":"out","o":6}},{"type":"Feature","geometry":{"type":"LineString","coordinates":[[-83.52616,35.34287],[-83.52519,35.34315]]},"properties":{"net":"out","o":6}},{"type":"Feature","geometry":{"type":"LineString","coordinates":[[-83.52261,35.34377],[-83.52135,35.34416],[-83.51922,35.34448],[-83.5175,35.34458],[-83.51589,35.34453],[-83.51493,35.34431],[-83.51406,35.34431],[-83.51351,35.34445],[-83.5131,35.3447],[-83.5126,35.34519],[-83.51244,35.34552],[-83.51231,35.34621],[-83.51236,35.34711],[-83.51248,35.34765],[-83.51376,35.3505],[-83.5139,35.351],[-83.51379,35.35154]]},"properties":{"net":"out","o":6}},{"type":"Feature","geometry":{"type":"LineString","coordinates":[[-83.52094,35.37156],[-83.52056,35.37216],[-83.51992,35.37383]]},"properties":{"net":"out","o":6}},{"type":"Feature","geometry":{"type":"LineString","coordinates":[[-83.5176,35.3928],[-83.51708,35.39296],[-83.51687,35.39318],[-83.51669,35.39367],[-83.51681,35.39425]]},"properties":{"net":"out","o":4}},{"type":"Feature","geometry":{"type":"LineString","coordinates":[[-83.47526,35.04552],[-83.47623,35.04533],[-83.47917,35.0444],[-83.48018,35.04432],[-83.48102,35.04411],[-83.48183,35.04361],[-83.48284,35.04324],[-83.48516,35.04188],[-83.48619,35.04154],[-83.48679,35.04156],[-83.48742,35.04177],[-83.48834,35.04176],[-83.4887,35.04167],[-83.48918,35.04133],[-83.49061,35.04097],[-83.49092,35.04102],[-83.49156,35.04135],[-83.49242,35.04163],[-83.49271,35.0419]]},"properties":{"net":"NC3035","o":1}},{"type":"Feature","geometry":{"type":"LineString","coordinates":[[-83.49822,35.21412],[-83.49826,35.21455],[-83.49817,35.21485],[-83.49781,35.21588],[-83.49739,35.21662],[-83.49744,35.21723],[-83.49699,35.21777],[-83.49631,35.21782],[-83.49624,35.21802],[-83.4964,35.21818],[-83.49639,35.21838],[-83.49592,35.2185],[-83.49532,35.21899]]},"properties":{"net":"out","o":4}},{"type":"Feature","geometry":{"type":"LineString","coordinates":[[-83.5068,35.01826],[-83.50667,35.01857],[-83.50668,35.01927],[-83.5064,35.02016],[-83.5065,35.02079],[-83.50677,35.02119],[-83.50665,35.02209],[-83.50625,35.0226],[-83.50524,35.02267],[-83.50487,35.02286]]},"properties":{"net":"NC3035","o":3}},{"type":"Feature","geometry":{"type":"LineString","coordinates":[[-83.50487,35.02286],[-83.50494,35.02395],[-83.5054,35.02506],[-83.50546,35.02575],[-83.50571,35.02638],[-83.50595,35.02662],[-83.50628,35.02677],[-83.50672,35.02682],[-83.50747,35.02675],[-83.5077,35.02706],[-83.50763,35.0272],[-83.50693,35.02768],[-83.50651,35.02847],[-83.50615,35.02879],[-83.506,35.02905],[-83.50594,35.02936],[-83.50608,35.02997],[-83.50568,35.03176],[-83.5058,35.0326],[-83.5058,35.03367],[-83.50605,35.03452],[-83.50566,35.03549],[-83.50593,35.03754],[-83.50591,35.0382],[-83.50551,35.03916],[-83.50585,35.03993],[-83.50662,35.0412],[-83.50668,35.04183]]},"properties":{"net":"NC3035","o":3}},{"type":"Feature","geometry":{"type":"LineString","coordinates":[[-83.49585,35.02911],[-83.49671,35.02883],[-83.4973,35.02844],[-83.49744,35.02761],[-83.49778,35.02652],[-83.49826,35.02611],[-83.4994,35.02577],[-83.50009,35.02491],[-83.50054,35.02467],[-83.50071,35.02435],[-83.50045,35.02335],[-83.5006,35.02294],[-83.50242,35.02169]]},"properties":{"net":"NC3035","o":2}},{"type":"Feature","geometry":{"type":"LineString","coordinates":[[-83.48875,35.03374],[-83.48888,35.03285],[-83.48864,35.03194],[-83.48845,35.03157],[-83.48766,35.03063],[-83.48732,35.02948],[-83.48684,35.02893],[-83.48675,35.02869],[-83.48687,35.02824],[-83.48797,35.02754],[-83.48826,35.02722]]},"properties":{"net":"NC3035","o":1}},{"type":"Feature","geometry":{"type":"LineString","coordinates":[[-83.49987,35.09208],[-83.49831,35.093]]},"properties":{"net":"NC6212","o":1}},{"type":"Feature","geometry":{"type":"LineString","coordinates":[[-83.48839,35.13996],[-83.48807,35.14034],[-83.48616,35.14145],[-83.48616,35.1422],[-83.48635,35.14306]]},"properties":{"net":"NC6212","o":4}},{"type":"Feature","geometry":{"type":"LineString","coordinates":[[-83.48463,35.13247],[-83.48582,35.13295],[-83.48819,35.13356],[-83.48839,35.13387],[-83.48811,35.1342],[-83.48818,35.13449],[-83.48889,35.13468],[-83.48908,35.13487]]},"properties":{"net":"NC6212","o":4}},{"type":"Feature","geometry":{"type":"LineString","coordinates":[[-83.68372,35.16088],[-83.68302,35.16095],[-83.68099,35.16088],[-83.67816,35.15997],[-83.67665,35.15963],[-83.67619,35.15942],[-83.67541,35.1596],[-83.67413,35.15966],[-83.67159,35.15913],[-83.67052,35.15906],[-83.66918,35.15863],[-83.66727,35.15769],[-83.66684,35.1577],[-83.66634,35.15794],[-83.6659,35.1579]]},"properties":{"net":"NC3035","o":1}},{"type":"Feature","geometry":{"type":"LineString","coordinates":[[-83.66355,35.26314],[-83.66401,35.26355],[-83.66485,35.26507],[-83.66503,35.26627],[-83.66499,35.2668]]},"properties":{"net":"out","o":5}},{"type":"Feature","geometry":{"type":"LineString","coordinates":[[-83.67104,35.28377],[-83.67087,35.28401],[-83.67027,35.28447],[-83.66927,35.28469],[-83.66859,35.28507]]},"properties":{"net":"out","o":5}},{"type":"Feature","geometry":{"type":"LineString","coordinates":[[-83.66842,35.2675],[-83.66896,35.26773],[-83.67001,35.26841],[-83.67163,35.26904],[-83.67301,35.26924],[-83.67487,35.26913]]},"properties":{"net":"out","o":5}},{"type":"Feature","geometry":{"type":"LineString","coordinates":[[-83.66758,35.28611],[-83.66755,35.28634]]},"properties":{"net":"out","o":5}},{"type":"Feature","geometry":{"type":"LineString","coordinates":[[-83.64739,35.18141],[-83.64799,35.18086],[-83.64947,35.17988],[-83.6508,35.17879],[-83.65185,35.17842],[-83.65235,35.17772]]},"properties":{"net":"NC3035","o":1}},{"type":"Feature","geometry":{"type":"LineString","coordinates":[[-83.63809,35.19823],[-83.63913,35.1977],[-83.6403,35.19675],[-83.6411,35.19603],[-83.64167,35.19515],[-83.64214,35.19463],[-83.643,35.19407],[-83.64379,35.19391]]},"properties":{"net":"NC3035","o":2}},{"type":"Feature","geometry":{"type":"LineString","coordinates":[[-83.62807,35.19702],[-83.62938,35.1979],[-83.63134,35.19897],[-83.63181,35.19934],[-83.63331,35.19975],[-83.63487,35.19994],[-83.63541,35.20013],[-83.63561,35.20035]]},"properties":{"net":"NC3035","o":1}},{"type":"Feature","geometry":{"type":"LineString","coordinates":[[-83.65079,35.30596],[-83.65039,35.30628],[-83.64976,35.3066],[-83.64819,35.30719]]},"properties":{"net":"out","o":5}},{"type":"Feature","geometry":{"type":"LineString","coordinates":[[-83.64648,35.429],[-83.64699,35.42832],[-83.64813,35.42754],[-83.64935,35.42708]]},"properties":{"net":"out","o":7}},{"type":"Feature","geometry":{"type":"LineString","coordinates":[[-83.61495,35.0986],[-83.61636,35.09835],[-83.61791,35.09887],[-83.61892,35.09894],[-83.62035,35.09982],[-83.6211,35.1006],[-83.62182,35.10082]]},"properties":{"net":"NC3035","o":1}},{"type":"Feature","geometry":{"type":"LineString","coordinates":[[-83.61412,35.10644],[-83.61109,35.10725],[-83.60958,35.10744],[-83.60894,35.10764]]},"properties":{"net":"NC3035","o":1}},{"type":"Feature","geometry":{"type":"LineString","coordinates":[[-83.61969,35.12361],[-83.61962,35.12364]]},"properties":{"net":"NC3035","o":3}},{"type":"Feature","geometry":{"type":"LineString","coordinates":[[-83.60428,35.13745],[-83.60493,35.13747],[-83.60519,35.13732],[-83.60562,35.1367],[-83.60595,35.13598],[-83.60681,35.13556],[-83.60759,35.13485],[-83.60877,35.13402],[-83.60901,35.13379],[-83.60931,35.13325],[-83.60971,35.13289],[-83.61072,35.13225],[-83.61209,35.13178],[-83.61274,35.13127],[-83.6132,35.13114],[-83.61397,35.13111],[-83.61441,35.13092],[-83.615,35.13028],[-83.61584,35.1303],[-83.61632,35.12995],[-83.6167,35.12947],[-83.61716,35.12919],[-83.61779,35.12842],[-83.61885,35.12777]]},"properties":{"net":"NC3035","o":2}},{"type":"Feature","geometry":{"type":"LineString","coordinates":[[-83.62032,35.227],[-83.62201,35.22773],[-83.62416,35.22997],[-83.62489,35.2306],[-83.62638,35.22912],[-83.62683,35.22851],[-83.62701,35.22803],[-83.62769,35.22749],[-83.62787,35.22703],[-83.62789,35.2267],[-83.62909,35.22596],[-83.62964,35.22593],[-83.6302,35.22611],[-83.63086,35.22653],[-83.63152,35.22707],[-83.63189,35.22789]]},"properties":{"net":"NC3207","o":4}},{"type":"Feature","geometry":{"type":"LineString","coordinates":[[-83.62993,35.32848],[-83.62843,35.32945]]},"properties":{"net":"out","o":5}},{"type":"Feature","geometry":{"type":"LineString","coordinates":[[-83.61489,35.33571],[-83.61337,35.33464],[-83.61233,35.33406]]},"properties":{"net":"out","o":5}},{"type":"Feature","geometry":{"type":"LineString","coordinates":[[-83.62741,35.36781],[-83.62706,35.36804],[-83.62685,35.3684]]},"properties":{"net":"out","o":4}},{"type":"Feature","geometry":{"type":"LineString","coordinates":[[-83.62685,35.3684],[-83.62709,35.36895],[-83.62759,35.36944],[-83.62771,35.36968],[-83.62752,35.37005],[-83.62712,35.37032],[-83.6271,35.37057],[-83.62786,35.37113]]},"properties":{"net":"out","o":4}},{"type":"Feature","geometry":{"type":"LineString","coordinates":[[-83.62239,35.39283],[-83.62223,35.39319]]},"properties":{"net":"out","o":4}},{"type":"Feature","geometry":{"type":"LineString","coordinates":[[-83.61885,35.12777],[-83.61899,35.12783]]},"properties":{"net":"NC3035","o":2}},{"type":"Feature","geometry":{"type":"LineString","coordinates":[[-83.61126,35.12366],[-83.612,35.12391],[-83.61269,35.12401],[-83.61313,35.12395],[-83.61385,35.12364],[-83.61469,35.12298]]},"properties":{"net":"NC3035","o":2}},{"type":"Feature","geometry":{"type":"LineString","coordinates":[[-83.59595,35.05624],[-83.59532,35.05616],[-83.5939,35.05566],[-83.59176,35.05594],[-83.58977,35.05576]]},"properties":{"net":"sm2949","o":1}},{"type":"Feature","geometry":{"type":"LineString","coordinates":[[-83.59845,35.06806],[-83.59904,35.06841],[-83.59962,35.06893],[-83.60005,35.0695],[-83.60042,35.07026],[-83.601,35.07044],[-83.60129,35.0709],[-83.60173,35.07095],[-83.60204,35.07123],[-83.60256,35.07139],[-83.60283,35.07161]]},"properties":{"net":"NC3035","o":3}},{"type":"Feature","geometry":{"type":"LineString","coordinates":[[-83.59664,35.07816],[-83.5964,35.0772],[-83.59671,35.07682],[-83.59931,35.07629],[-83.60083,35.07613],[-83.60144,35.07573],[-83.60207,35.07496],[-83.60246,35.07467],[-83.60326,35.0744],[-83.60412,35.0743]]},"properties":{"net":"NC3035","o":1}},{"type":"Feature","geometry":{"type":"LineString","coordinates":[[-83.60789,35.10467],[-83.60858,35.10542],[-83.60872,35.1057],[-83.60895,35.10694],[-83.60894,35.10764]]},"properties":{"net":"NC3035","o":1}},{"type":"Feature","geometry":{"type":"LineString","coordinates":[[-83.60089,35.1195],[-83.60275,35.11995],[-83.60392,35.12069],[-83.60489,35.12101],[-83.6057,35.12111],[-83.60696,35.12167],[-83.60851,35.1219],[-83.61012,35.12269],[-83.61126,35.12366]]},"properties":{"net":"NC3035","o":2}},{"type":"Feature","geometry":{"type":"LineString","coordinates":[[-83.58789,35.14446],[-83.58891,35.14434],[-83.5912,35.14369],[-83.59267,35.14396],[-83.59334,35.14445],[-83.59527,35.14416],[-83.59554,35.14388],[-83.5958,35.14303],[-83.59621,35.14263],[-83.59638,35.14208],[-83.59664,35.14179],[-83.59757,35.14124],[-83.59936,35.14068],[-83.60077,35.13976],[-83.60154,35.13956],[-83.60217,35.13903],[-83.603,35.13855],[-83.60428,35.13745]]},"properties":{"net":"NC3035","o":1}},{"type":"Feature","geometry":{"type":"LineString","coordinates":[[-83.60862,35.14502],[-83.60874,35.14618],[-83.60858,35.14673],[-83.6089,35.14739],[-83.61033,35.14922],[-83.61172,35.15003]]},"properties":{"net":"NC3035","o":1}},{"type":"Feature","geometry":{"type":"LineString","coordinates":[[-83.60446,35.15475],[-83.60507,35.1545],[-83.60554,35.154],[-83.60667,35.15318],[-83.60776,35.15255],[-83.60854,35.15189],[-83.60939,35.15145],[-83.61064,35.15113],[-83.61131,35.15032],[-83.61172,35.15003]]},"properties":{"net":"NC3035","o":3}},{"type":"Feature","geometry":{"type":"LineString","coordinates":[[-83.58789,35.1715],[-83.59215,35.16998],[-83.59259,35.16914],[-83.59319,35.16869],[-83.59365,35.16725],[-83.594,35.16665],[-83.59433,35.16642],[-83.5951,35.16615],[-83.5959,35.16539],[-83.59676,35.16498],[-83.59687,35.1648],[-83.59685,35.16426],[-83.59696,35.16391],[-83.59747,35.16343],[-83.59783,35.16284],[-83.59814,35.16257],[-83.59823,35.16228],[-83.59896,35.16213],[-83.59938,35.16134],[-83.59995,35.16114],[-83.60066,35.16053],[-83.60138,35.16036],[-83.60185,35.15986],[-83.60244,35.15896],[-83.60323,35.15831],[-83.60414,35.15773]]},"properties":{"net":"sm2754","o":1}},{"type":"Feature","geometry":{"type":"LineString","coordinates":[[-83.59719,35.2354],[-83.59647,35.2335],[-83.59646,35.23275],[-83.59726,35.23121],[-83.59729,35.23078],[-83.59716,35.23017],[-83.59776,35.22893]]},"properties":{"net":"sm2849","o":1}},{"type":"Feature","geometry":{"type":"LineString","coordinates":[[-83.58535,35.08449],[-83.58597,35.08349],[-83.58633,35.08312],[-83.58828,35.08234],[-83.58916,35.08164],[-83.59008,35.0812],[-83.59034,35.08091],[-83.59092,35.07956],[-83.59138,35.07818],[-83.59134,35.07792],[-83.59086,35.07743],[-83.59086,35.07716],[-83.59133,35.07656],[-83.59181,35.07551],[-83.59179,35.0753],[-83.59154,35.075],[-83.59136,35.0738],[-83.59137,35.07326]]},"properties":{"net":"NC3035","o":1}},{"type":"Feature","geometry":{"type":"LineString","coordinates":[[-83.57027,35.11195],[-83.57341,35.1131],[-83.576,35.11338]]},"properties":{"net":"NC3035","o":1}},{"type":"Feature","geometry":{"type":"LineString","coordinates":[[-83.57229,35.14363],[-83.57144,35.14398],[-83.5712,35.14439],[-83.5709,35.1446],[-83.56999,35.1449],[-83.56923,35.14499],[-83.5683,35.14482],[-83.56572,35.14554],[-83.5646,35.14546],[-83.56354,35.14573],[-83.56263,35.14631],[-83.56097,35.14645],[-83.55858,35.14755],[-83.55785,35.14834],[-83.55708,35.1488],[-83.55633,35.14952],[-83.55577,35.14975],[-83.55508,35.14985],[-83.55377,35.14939]]},"properties":{"net":"NC6212","o":1}},{"type":"Feature","geometry":{"type":"LineString","coordinates":[[-83.57776,35.17658],[-83.57653,35.17763],[-83.57559,35.17929],[-83.57507,35.1797],[-83.57456,35.1803],[-83.5722,35.1812],[-83.57132,35.18204],[-83.57056,35.18327],[-83.57048,35.18498],[-83.57037,35.18539]]},"properties":{"net":"sm2847","o":1}},{"type":"Feature","geometry":{"type":"LineString","coordinates":[[-83.56889,35.24828],[-83.56957,35.24819],[-83.57056,35.24752],[-83.57126,35.24644],[-83.57146,35.24552],[-83.57195,35.24458],[-83.57342,35.24322],[-83.57398,35.24238]]},"properties":{"net":"sm3060","o":1}},{"type":"Feature","geometry":{"type":"LineString","coordinates":[[-83.58639,35.35783],[-83.5859,35.35781],[-83.58525,35.35793],[-83.58396,35.35765],[-83.58345,35.3573],[-83.58326,35.35702],[-83.58284,35.35685],[-83.58245,35.35685]]},"properties":{"net":"sm8796217","o":3}},{"type":"Feature","geometry":{"type":"LineString","coordinates":[[-83.57802,35.35559],[-83.57645,35.35487],[-83.57613,35.35446],[-83.57491,35.35379],[-83.57407,35.35368],[-83.57196,35.35262],[-83.5706,35.35218],[-83.57002,35.35204],[-83.56923,35.35211],[-83.56851,35.35164]]},"properties":{"net":"sm8796217","o":3}},{"type":"Feature","geometry":{"type":"LineString","coordinates":[[-83.57207,35.06039],[-83.57234,35.06031],[-83.57251,35.05982],[-83.5729,35.05955],[-83.57333,35.05954],[-83.57369,35.05981]]},"properties":{"net":"sm2951","o":2}},{"type":"Feature","geometry":{"type":"LineString","coordinates":[[-83.57369,35.05981],[-83.57403,35.06005],[-83.57441,35.0601],[-83.57514,35.05998],[-83.57579,35.06028],[-83.57693,35.06056],[-83.5778,35.06049],[-83.57852,35.0602],[-83.57882,35.06026],[-83.5794,35.05982],[-83.58055,35.05978],[-83.58169,35.05951],[-83.58542,35.05958],[-83.58639,35.05977],[-83.58699,35.06022]]},"properties":{"net":"sm2950","o":2}},{"type":"Feature","geometry":{"type":"LineString","coordinates":[[-83.58699,35.06022],[-83.5876,35.06085]]},"properties":{"net":"sm2949","o":2}},{"type":"Feature","geometry":{"type":"LineString","coordinates":[[-83.58368,35.10782],[-83.58548,35.10762],[-83.58597,35.10786],[-83.58639,35.10835],[-83.5867,35.10845],[-83.587,35.10843]]},"properties":{"net":"NC3035","o":4}},{"type":"Feature","geometry":{"type":"LineString","coordinates":[[-83.576,35.11338],[-83.57609,35.11331]]},"properties":{"net":"NC3035","o":2}},{"type":"Feature","geometry":{"type":"LineString","coordinates":[[-83.5514,35.31236],[-83.55087,35.31308],[-83.55009,35.31338]]},"properties":{"net":"sm3003","o":2}},{"type":"Feature","geometry":{"type":"LineString","coordinates":[[-83.56492,35.3598],[-83.56478,35.35996]]},"properties":{"net":"sm8796218","o":1}},{"type":"Feature","geometry":{"type":"LineString","coordinates":[[-83.56228,35.35741],[-83.56224,35.35807],[-83.56234,35.35844],[-83.56329,35.36062]]},"properties":{"net":"out","o":5}},{"type":"Feature","geometry":{"type":"LineString","coordinates":[[-83.55856,35.37077],[-83.56,35.37016]]},"properties":{"net":"sm8796222","o":1}},{"type":"Feature","geometry":{"type":"LineString","coordinates":[[-83.55983,35.37226],[-83.56043,35.37235]]},"properties":{"net":"sm8796222","o":1}},{"type":"Feature","geometry":{"type":"LineString","coordinates":[[-83.54661,35.38162],[-83.55045,35.38143],[-83.55534,35.38097]]},"properties":{"net":"out","o":6}},{"type":"Feature","geometry":{"type":"LineString","coordinates":[[-83.57033,35.36466],[-83.56929,35.36542]]},"properties":{"net":"sm8796221","o":2}},{"type":"Feature","geometry":{"type":"LineString","coordinates":[[-83.56899,35.36558],[-83.56832,35.36613],[-83.56718,35.36634],[-83.5659,35.36584]]},"properties":{"net":"sm8796221","o":2}},{"type":"Feature","geometry":{"type":"LineString","coordinates":[[-83.53735,35.15689],[-83.53691,35.15783],[-83.53663,35.15878],[-83.53613,35.15932],[-83.53587,35.16],[-83.53524,35.16105]]},"properties":{"net":"NC6212","o":2}},{"type":"Feature","geometry":{"type":"LineString","coordinates":[[-83.54886,35.17462],[-83.54777,35.17446],[-83.54611,35.17403],[-83.5452,35.17404],[-83.54422,35.17436],[-83.54314,35.17412]]},"properties":{"net":"sm2961","o":2}},{"type":"Feature","geometry":{"type":"LineString","coordinates":[[-83.54314,35.17412],[-83.5426,35.17265],[-83.5425,35.17213],[-83.54268,35.17104],[-83.54264,35.17039],[-83.5429,35.16866],[-83.54279,35.16848],[-83.54227,35.16831],[-83.5419,35.16794],[-83.5418,35.16764],[-83.54193,35.16737]]},"properties":{"net":"sm2961","o":2}},{"type":"Feature","geometry":{"type":"LineString","coordinates":[[-83.54915,35.29837],[-83.54764,35.29815],[-83.54624,35.29744],[-83.54539,35.29734],[-83.54412,35.297],[-83.54234,35.29681],[-83.54177,35.29664],[-83.54125,35.29666],[-83.5405,35.29629],[-83.53997,35.29587],[-83.53936,35.29565],[-83.53878,35.29576],[-83.53717,35.29572],[-83.53566,35.29592],[-83.5351,35.2961],[-83.53391,35.29607],[-83.53271,35.29654],[-83.5316,35.29656]]},"properties":{"net":"sm3032","o":1}},{"type":"Feature","geometry":{"type":"LineString","coordinates":[[-83.53573,35.30391],[-83.53514,35.30438],[-83.53448,35.30443],[-83.53313,35.30411],[-83.53049,35.30309],[-83.52829,35.30316],[-83.52684,35.303],[-83.52633,35.30312]]},"properties":{"net":"sm3032","o":1}},{"type":"Feature","geometry":{"type":"LineString","coordinates":[[-83.51258,35.04115],[-83.51201,35.04201],[-83.51097,35.04287],[-83.51025,35.04388],[-83.5099,35.04475]]},"properties":{"net":"NC3035","o":3}},{"type":"Feature","geometry":{"type":"LineString","coordinates":[[-83.52856,35.07269],[-83.52903,35.07343],[-83.52899,35.07414],[-83.52972,35.07465]]},"properties":{"net":"NC3035","o":4}},{"type":"Feature","geometry":{"type":"LineString","coordinates":[[-83.49987,35.07256],[-83.50021,35.07276],[-83.50162,35.07418],[-83.50266,35.07464],[-83.50333,35.07551],[-83.50368,35.07616],[-83.50399,35.07634],[-83.50442,35.07643],[-83.50607,35.07629],[-83.50748,35.0767],[-83.50773,35.07669],[-83.50811,35.07642],[-83.50936,35.07498],[-83.50981,35.07468],[-83.51188,35.07429],[-83.51292,35.0737],[-83.51402,35.07335],[-83.51551,35.07313],[-83.51631,35.07327],[-83.51728,35.07307],[-83.5176,35.0729],[-83.51779,35.07253],[-83.51808,35.07232],[-83.51961,35.07198],[-83.52049,35.07207],[-83.52116,35.07233],[-83.52212,35.07306],[-83.52221,35.07353],[-83.52327,35.07476],[-83.52471,35.07548],[-83.52536,35.07553]]},"properties":{"net":"NC3035","o":1}},{"type":"Feature","geometry":{"type":"LineString","coordinates":[[-83.55009,35.31338],[-83.54897,35.31377],[-83.54851,35.31384],[-83.54825,35.31409],[-83.54751,35.31445],[-83.54665,35.31441],[-83.54537,35.31485],[-83.54432,35.31473]]},"properties":{"net":"sm3003","o":2}},{"type":"Feature","geometry":{"type":"LineString","coordinates":[[-83.52827,35.33779],[-83.52952,35.33806],[-83.53083,35.33859],[-83.53147,35.33907],[-83.53181,35.33967]]},"properties":{"net":"out","o":6}},{"type":"Feature","geometry":{"type":"LineString","coordinates":[[-83.52827,35.33779],[-83.52859,35.33836],[-83.52958,35.33911],[-83.53094,35.33993],[-83.53162,35.34056]]},"properties":{"net":"out","o":6}},{"type":"Feature","geometry":{"type":"LineString","coordinates":[[-83.53016,35.13748],[-83.52899,35.1375],[-83.52839,35.13764],[-83.52741,35.13746],[-83.52663,35.13752],[-83.52567,35.1373],[-83.52493,35.13692],[-83.52422,35.1369],[-83.52326,35.13656],[-83.52202,35.13673],[-83.5191,35.13627],[-83.5181,35.13642],[-83.51679,35.13647],[-83.51608,35.1364],[-83.51561,35.13651],[-83.51488,35.1361],[-83.51404,35.13541],[-83.51318,35.13512],[-83.51285,35.1346],[-83.51139,35.13418],[-83.50936,35.1328],[-83.50847,35.13243],[-83.50742,35.13225],[-83.50678,35.13184],[-83.50535,35.13181]]},"properties":{"net":"NC6212","o":1}},{"type":"Feature","geometry":{"type":"LineString","coordinates":[[-83.53678,35.14613],[-83.53704,35.14692],[-83.53706,35.14746],[-83.5372,35.14769],[-83.53773,35.14815],[-83.53779,35.14879],[-83.53798,35.14938],[-83.53786,35.15039],[-83.53742,35.15134],[-83.5375,35.15169],[-83.53725,35.15243],[-83.53749,35.15334],[-83.53716,35.15389],[-83.53698,35.15454],[-83.53702,35.15596],[-83.53735,35.15689]]},"properties":{"net":"NC6212","o":1}},{"type":"Feature","geometry":{"type":"LineString","coordinates":[[-83.50953,35.14806],[-83.50791,35.14619],[-83.50741,35.14585],[-83.50691,35.14508],[-83.50676,35.14464],[-83.50686,35.14418],[-83.50681,35.14386],[-83.50612,35.14333],[-83.50567,35.14189],[-83.50497,35.14128],[-83.5049,35.14102],[-83.50509,35.14071]]},"properties":{"net":"NC6212","o":1}},{"type":"Feature","geometry":{"type":"LineString","coordinates":[[-83.52288,35.15751],[-83.52252,35.15782],[-83.52192,35.15998],[-83.52113,35.16028],[-83.52077,35.16082],[-83.52024,35.16127],[-83.52004,35.16164]]},"properties":{"net":"NC6212","o":3}},{"type":"Feature","geometry":{"type":"LineString","coordinates":[[-83.52004,35.16164],[-83.5194,35.16177],[-83.5181,35.16263],[-83.51683,35.16303],[-83.51638,35.16332],[-83.51549,35.16355],[-83.51363,35.16437],[-83.51159,35.16499],[-83.51034,35.16515]]},"properties":{"net":"NC6212","o":3}},{"type":"Feature","geometry":{"type":"LineString","coordinates":[[-83.52112,35.17715],[-83.52052,35.17716],[-83.52002,35.17736],[-83.51723,35.17702],[-83.51633,35.17707],[-83.51573,35.17679],[-83.51495,35.17661],[-83.51384,35.176]]},"properties":{"net":"NC6212","o":1}},{"type":"Feature","geometry":{"type":"LineString","coordinates":[[-83.51384,35.176],[-83.51506,35.17411],[-83.51508,35.17363],[-83.51483,35.17311],[-83.51392,35.17199],[-83.51376,35.1716],[-83.51372,35.17101],[-83.51337,35.1702],[-83.51282,35.16951]]},"properties":{"net":"NC6212","o":2}},{"type":"Feature","geometry":{"type":"LineString","coordinates":[[-83.51267,35.17942],[-83.51283,35.17845],[-83.51283,35.17748],[-83.51359,35.17625],[-83.51384,35.176]]},"properties":{"net":"NC6212","o":2}},{"type":"Feature","geometry":{"type":"LineString","coordinates":[[-83.45896,34.9645],[-83.45926,34.96468],[-83.45952,34.96515],[-83.45986,34.96537],[-83.45988,34.96573],[-83.46016,34.9658],[-83.46028,34.966],[-83.4601,34.96678],[-83.45985,34.96728],[-83.45933,34.96771],[-83.45912,34.96854],[-83.45924,34.96886],[-83.45968,34.96936],[-83.46008,34.97023],[-83.45974,34.97104],[-83.45922,34.97176],[-83.4579,34.973],[-83.45728,34.97313],[-83.45726,34.97366],[-83.45702,34.97393]]},"properties":{"net":"NC2974","o":1}},{"type":"Feature","geometry":{"type":"LineString","coordinates":[[-83.46484,34.98877],[-83.46414,34.98907],[-83.46315,34.98914],[-83.46201,34.9896],[-83.46101,34.98981],[-83.46018,34.99024],[-83.45814,34.98985],[-83.45754,34.98991],[-83.45643,34.9905],[-83.45522,34.99092],[-83.45492,34.99127]]},"properties":{"net":"NC2974","o":2}},{"type":"Feature","geometry":{"type":"LineString","coordinates":[[-83.44867,35.05662],[-83.44842,35.05679],[-83.44731,35.05711],[-83.4465,35.05768],[-83.44524,35.05809],[-83.4449,35.05839]]},"properties":{"net":"sm54751","o":2}},{"type":"Feature","geometry":{"type":"LineString","coordinates":[[-83.4449,35.05839],[-83.4445,35.05902],[-83.44356,35.05963]]},"properties":{"net":"NC6612","o":2}},{"type":"Feature","geometry":{"type":"LineString","coordinates":[[-83.44356,35.05963],[-83.44336,35.05985],[-83.44295,35.06065],[-83.44262,35.06103]]},"properties":{"net":"NC6618","o":2}},{"type":"Feature","geometry":{"type":"LineString","coordinates":[[-83.45858,35.06571],[-83.45834,35.06546],[-83.45684,35.06446],[-83.45528,35.06371],[-83.45477,35.06317],[-83.45435,35.06227],[-83.45447,35.06049]]},"properties":{"net":"sm2978","o":1}},{"type":"Feature","geometry":{"type":"LineString","coordinates":[[-83.45447,35.06049],[-83.45452,35.06028]]},"properties":{"net":"sm2977","o":1}},{"type":"Feature","geometry":{"type":"LineString","coordinates":[[-83.45272,35.11125],[-83.45282,35.11014],[-83.45241,35.1094],[-83.45262,35.10827],[-83.45276,35.10804],[-83.45337,35.10765],[-83.45429,35.10648],[-83.45472,35.10627],[-83.45503,35.10627],[-83.4553,35.1064],[-83.45569,35.10687],[-83.45595,35.10703],[-83.45728,35.10723]]},"properties":{"net":"NC6212","o":1}},{"type":"Feature","geometry":{"type":"LineString","coordinates":[[-83.44559,35.10294],[-83.44689,35.10311],[-83.44839,35.10301],[-83.44951,35.10317],[-83.45069,35.10311],[-83.45168,35.10339],[-83.45259,35.10337],[-83.45294,35.10349],[-83.45398,35.1042],[-83.45467,35.1044]]},"properties":{"net":"NC6212","o":1}},{"type":"Feature","geometry":{"type":"LineString","coordinates":[[-83.44669,35.1379],[-83.44668,35.13859],[-83.44685,35.1393],[-83.44679,35.14076],[-83.44654,35.14139],[-83.44653,35.14166],[-83.44594,35.14256],[-83.4457,35.14336],[-83.4454,35.1437],[-83.44488,35.144],[-83.44327,35.14424],[-83.44219,35.14476],[-83.44188,35.1456]]},"properties":{"net":"NC2974","o":1}},{"type":"Feature","geometry":{"type":"LineString","coordinates":[[-83.44845,35.15599],[-83.44835,35.15625]]},"properties":{"net":"NC6212","o":1}},{"type":"Feature","geometry":{"type":"LineString","coordinates":[[-83.44816,35.14378],[-83.44807,35.14381]]},"properties":{"net":"NC2974","o":1}},{"type":"Feature","geometry":{"type":"LineString","coordinates":[[-83.41679,34.95539],[-83.41657,34.95521],[-83.41463,34.9543],[-83.4139,34.95215],[-83.41347,34.95166],[-83.41295,34.9514],[-83.41243,34.95063],[-83.41194,34.95035],[-83.41191,34.94987],[-83.41168,34.94953]]},"properties":{"net":"NC2974","o":2}},{"type":"Feature","geometry":{"type":"LineString","coordinates":[[-83.40871,34.93321],[-83.40889,34.93353],[-83.40895,34.93397],[-83.40891,34.93465],[-83.40875,34.93514],[-83.40719,34.93662],[-83.40615,34.93689],[-83.40587,34.93711],[-83.40574,34.93736],[-83.40549,34.93886],[-83.40554,34.93941]]},"properties":{"net":"NC2974","o":1}},{"type":"Feature","geometry":{"type":"LineString","coordinates":[[-83.42287,35.10508],[-83.42224,35.10503],[-83.42088,35.1052]]},"properties":{"net":"sm3026","o":2}},{"type":"Feature","geometry":{"type":"LineString","coordinates":[[-83.41655,34.97672],[-83.41584,34.97555],[-83.41445,34.97445],[-83.41395,34.97415],[-83.41331,34.97393]]},"properties":{"net":"NC2974","o":1}},{"type":"Feature","geometry":{"type":"LineString","coordinates":[[-83.41256,35.09313],[-83.4122,35.09385],[-83.41235,35.09457],[-83.41232,35.095],[-83.41163,35.09653],[-83.41185,35.09739],[-83.4118,35.09759],[-83.41132,35.098],[-83.40957,35.09889],[-83.40933,35.09896],[-83.40735,35.09867],[-83.40647,35.09904],[-83.40562,35.09922],[-83.40492,35.09956],[-83.40455,35.09962],[-83.40426,35.09953],[-83.40298,35.09857],[-83.40235,35.09848],[-83.40114,35.09856]]},"properties":{"net":"sm3031","o":1}},{"type":"Feature","geometry":{"type":"LineString","coordinates":[[-83.42088,35.1052],[-83.42049,35.10532]]},"properties":{"net":"sm3026","o":2}},{"type":"Feature","geometry":{"type":"LineString","coordinates":[[-83.42049,35.10532],[-83.41949,35.10589],[-83.41849,35.10616],[-83.41773,35.10657]]},"properties":{"net":"sm3025","o":2}},{"type":"Feature","geometry":{"type":"LineString","coordinates":[[-83.41773,35.10657],[-83.4174,35.10672],[-83.41707,35.10704],[-83.41681,35.10783],[-83.4164,35.10807],[-83.41594,35.10858],[-83.41449,35.1094],[-83.41349,35.10984],[-83.41088,35.11073],[-83.40985,35.11134],[-83.40905,35.11142],[-83.40767,35.11213],[-83.40715,35.11223]]},"properties":{"net":"NC2974","o":2}},{"type":"Feature","geometry":{"type":"LineString","coordinates":[[-83.41696,35.12682],[-83.41696,35.12682]]},"properties":{"net":"NC2974","o":1}},{"type":"Feature","geometry":{"type":"LineString","coordinates":[[-83.41346,35.152],[-83.4137,35.15253],[-83.41367,35.15279],[-83.41349,35.15294],[-83.41295,35.15307],[-83.41276,35.1532]]},"properties":{"net":"NC2974","o":2}},{"type":"Feature","geometry":{"type":"LineString","coordinates":[[-83.41679,35.1541],[-83.41641,35.15456],[-83.41594,35.15464],[-83.41503,35.1542],[-83.41452,35.15355],[-83.41414,35.15355],[-83.41346,35.15379],[-83.41319,35.15365],[-83.41276,35.1532]]},"properties":{"net":"NC2974","o":4}},{"type":"Feature","geometry":{"type":"LineString","coordinates":[[-83.40926,35.15967],[-83.40911,35.15978],[-83.40842,35.15987],[-83.40708,35.15961],[-83.40667,35.15972],[-83.40647,35.15992],[-83.40636,35.16027],[-83.40636,35.16097],[-83.40624,35.16142],[-83.40599,35.16166],[-83.40561,35.1617]]},"properties":{"net":"NC2974","o":4}},{"type":"Feature","geometry":{"type":"LineString","coordinates":[[-83.4212,35.17653],[-83.42157,35.17584]]},"properties":{"net":"sm3011","o":1}},{"type":"Feature","geometry":{"type":"LineString","coordinates":[[-83.4212,35.17653],[-83.4212,35.17653]]},"properties":{"net":"sm3011","o":1}},{"type":"Feature","geometry":{"type":"LineString","coordinates":[[-83.40783,35.18927],[-83.40696,35.18845],[-83.40585,35.18684],[-83.40557,35.18574],[-83.40527,35.18501],[-83.40535,35.18396],[-83.40505,35.18296],[-83.40506,35.18205],[-83.40453,35.18058],[-83.40413,35.18006],[-83.40362,35.17967]]},"properties":{"net":"NC2974","o":1}},{"type":"Feature","geometry":{"type":"LineString","coordinates":[[-83.40817,35.31161],[-83.40785,35.31114],[-83.40764,35.31039],[-83.40783,35.30915],[-83.40776,35.30837]]},"properties":{"net":"sm3009","o":1}},{"type":"Feature","geometry":{"type":"LineString","coordinates":[[-83.40748,35.30427],[-83.4066,35.30338],[-83.40625,35.30282],[-83.40575,35.30229],[-83.40451,35.29937],[-83.40393,35.29861],[-83.4029,35.2978],[-83.40128,35.29599],[-83.40041,35.29562],[-83.39976,35.29559]]},"properties":{"net":"sm3009","o":1}},{"type":"Feature","geometry":{"type":"LineString","coordinates":[[-83.41996,34.92649],[-83.42015,34.92725],[-83.42051,34.92764],[-83.42052,34.92778],[-83.42014,34.92902],[-83.42007,34.92983],[-83.41992,34.93032],[-83.41974,34.93328]]},"properties":{"net":"NC2974","o":2}},{"type":"Feature","geometry":{"type":"LineString","coordinates":[[-83.41936,34.91435],[-83.41867,34.91472],[-83.41724,34.91504],[-83.41606,34.91557],[-83.41542,34.91569],[-83.41521,34.9159],[-83.4147,34.91682],[-83.4144,34.91698],[-83.41351,34.91721],[-83.41293,34.9178],[-83.41282,34.91831],[-83.41243,34.91908],[-83.41156,34.92051],[-83.41147,34.92079],[-83.41146,34.92166]]},"properties":{"net":"NC2974","o":2}},{"type":"Feature","geometry":{"type":"LineString","coordinates":[[-83.41146,34.92166],[-83.41125,34.92225],[-83.41125,34.92301]]},"properties":{"net":"NC2974","o":2}},{"type":"Feature","geometry":{"type":"LineString","coordinates":[[-83.42434,34.93589],[-83.42228,34.9358],[-83.42054,34.93621],[-83.41995,34.93624],[-83.41837,34.93598]]},"properties":{"net":"NC2974","o":2}},{"type":"Feature","geometry":{"type":"LineString","coordinates":[[-83.41408,34.93315],[-83.41637,34.93416],[-83.41651,34.93436],[-83.41661,34.93476],[-83.41682,34.93499]]},"properties":{"net":"NC2974","o":1}},{"type":"Feature","geometry":{"type":"LineString","coordinates":[[-83.67898,35.20506],[-83.67925,35.20439],[-83.67963,35.204],[-83.67969,35.20372],[-83.68013,35.20314],[-83.68052,35.20227],[-83.6812,35.20178],[-83.68184,35.20177],[-83.68217,35.20163],[-83.68276,35.20053],[-83.68297,35.19989],[-83.68304,35.1995],[-83.68297,35.19904],[-83.68246,35.19835],[-83.68218,35.19723],[-83.68151,35.1964],[-83.68134,35.19609],[-83.68134,35.19581]]},"properties":{"net":"NC3035","o":1}},{"type":"Feature","geometry":{"type":"LineString","coordinates":[[-83.68347,35.37137],[-83.68338,35.3715],[-83.68316,35.37156]]},"properties":{"net":"out","o":4}},{"type":"Feature","geometry":{"type":"LineString","coordinates":[[-83.68005,35.37237],[-83.67974,35.37258],[-83.67915,35.3733]]},"properties":{"net":"out","o":4}},{"type":"Feature","geometry":{"type":"LineString","coordinates":[[-83.67812,35.39521],[-83.67811,35.39587],[-83.67789,35.39647],[-83.67788,35.39731],[-83.6781,35.39758],[-83.67817,35.39791],[-83.6778,35.39887],[-83.67755,35.39918],[-83.67683,35.39963],[-83.67656,35.39997]]},"properties":{"net":"out","o":4}},{"type":"Feature","geometry":{"type":"LineString","coordinates":[[-83.67691,35.40156],[-83.67711,35.40272],[-83.67707,35.40327],[-83.67698,35.40357],[-83.6765,35.40399],[-83.67619,35.40494],[-83.67588,35.40558]]},"properties":{"net":"out","o":4}},{"type":"Feature","geometry":{"type":"LineString","coordinates":[[-83.67876,35.41608],[-83.67898,35.41646],[-83.67893,35.41665],[-83.67857,35.4169]]},"properties":{"net":"out","o":4}},{"type":"Feature","geometry":{"type":"LineString","coordinates":[[-83.67456,35.43576],[-83.67915,35.43697],[-83.68184,35.43816],[-83.68388,35.43918],[-83.68625,35.43976],[-83.68908,35.44009]]},"properties":{"net":"out","o":7}},{"type":"Feature","geometry":{"type":"LineString","coordinates":[[-83.77421,35.48786],[-83.7741,35.48705],[-83.77384,35.48641],[-83.77385,35.48602]]},"properties":{"net":"out","o":4}},{"type":"Feature","geometry":{"type":"LineString","coordinates":[[-83.77385,35.48602],[-83.77389,35.48526],[-83.77332,35.48422],[-83.77339,35.4839],[-83.77351,35.48383],[-83.77422,35.48387],[-83.77503,35.48446],[-83.77542,35.48453],[-83.77595,35.48441],[-83.7761,35.48399]]},"properties":{"net":"out","o":4}},{"type":"Feature","geometry":{"type":"LineString","coordinates":[[-83.4657,35.36542],[-83.46692,35.36584],[-83.46751,35.36625],[-83.4682,35.36711],[-83.4684,35.36771],[-83.46865,35.36799],[-83.46929,35.36808],[-83.47032,35.36797],[-83.4707,35.36814],[-83.47106,35.36874],[-83.47094,35.3698],[-83.47186,35.37091],[-83.47274,35.37166],[-83.47309,35.37227],[-83.47317,35.37267],[-83.47306,35.37287],[-83.47266,35.37318],[-83.47231,35.3733],[-83.47114,35.37309],[-83.47007,35.37264],[-83.46947,35.37261],[-83.46893,35.37282],[-83.46879,35.37316],[-83.46876,35.37383],[-83.46891,35.37467],[-83.46849,35.37534],[-83.46847,35.37553],[-83.46883,35.37691]]},"properties":{"net":"out","o":4}},{"type":"Feature","geometry":{"type":"LineString","coordinates":[[-83.47661,35.38483],[-83.4771,35.38512],[-83.47747,35.3858],[-83.47745,35.38626],[-83.47786,35.38775],[-83.47774,35.38806],[-83.47619,35.38934],[-83.47594,35.38972],[-83.47602,35.39013],[-83.47619,35.39046],[-83.4769,35.39089],[-83.47799,35.39103],[-83.4788,35.39153],[-83.47992,35.39187]]},"properties":{"net":"out","o":4}},{"type":"Feature","geometry":{"type":"LineString","coordinates":[[-83.47346,35.2544],[-83.47353,35.25508]]},"properties":{"net":"out","o":4}},{"type":"Feature","geometry":{"type":"LineString","coordinates":[[-83.48078,35.35026],[-83.48156,35.35082],[-83.48295,35.35152],[-83.48342,35.35201],[-83.48416,35.35246]]},"properties":{"net":"sm3005","o":2}},{"type":"Feature","geometry":{"type":"LineString","coordinates":[[-83.4694,35.34221],[-83.46966,35.34294],[-83.47011,35.34333],[-83.47085,35.34439],[-83.47102,35.34522],[-83.47118,35.34551],[-83.47391,35.34765],[-83.4742,35.34803],[-83.47496,35.34827],[-83.47536,35.34857]]},"properties":{"net":"sm3005","o":1}},{"type":"Feature","geometry":{"type":"LineString","coordinates":[[-83.46883,35.37691],[-83.46904,35.3771],[-83.46928,35.37711],[-83.47126,35.37799],[-83.47161,35.37831],[-83.47195,35.37885]]},"properties":{"net":"out","o":4}},{"type":"Feature","geometry":{"type":"LineString","coordinates":[[-83.42739,35.31943],[-83.42823,35.31879],[-83.42889,35.31792],[-83.42986,35.31761],[-83.4301,35.31737],[-83.43134,35.31679],[-83.43202,35.31627],[-83.43283,35.31591],[-83.43349,35.31543],[-83.43478,35.31495],[-83.43534,35.31459],[-83.43588,35.31402],[-83.43619,35.31395]]},"properties":{"net":"sm3028","o":1}},{"type":"Feature","geometry":{"type":"LineString","coordinates":[[-83.44084,35.30227],[-83.44064,35.30158],[-83.44035,35.29935],[-83.44042,35.29846],[-83.44012,35.29779],[-83.44042,35.29656],[-83.44072,35.29599],[-83.44127,35.2953]]},"properties":{"net":"sm3028","o":2}},{"type":"Feature","geometry":{"type":"LineString","coordinates":[[-83.42973,35.30886],[-83.43102,35.30742],[-83.43314,35.306],[-83.43394,35.3057],[-83.43511,35.30551],[-83.43573,35.30488],[-83.43873,35.30343],[-83.4393,35.30269],[-83.4398,35.30251],[-83.4404,35.30246],[-83.44084,35.30227]]},"properties":{"net":"sm3028","o":1}},{"type":"Feature","geometry":{"type":"LineString","coordinates":[[-83.4353,35.35649],[-83.43573,35.35621],[-83.4361,35.35624],[-83.43629,35.35646],[-83.43637,35.35677],[-83.43665,35.35704],[-83.43788,35.35778],[-83.43843,35.35795]]},"properties":{"net":"out","o":4}},{"type":"Feature","geometry":{"type":"LineString","coordinates":[[-83.6659,35.1579],[-83.66481,35.15787],[-83.66388,35.15769],[-83.66318,35.15771],[-83.66249,35.15802],[-83.65955,35.16088]]},"properties":{"net":"NC3035","o":1}},{"type":"Feature","geometry":{"type":"LineString","coordinates":[[-83.6505,35.16754],[-83.65438,35.16736],[-83.6588,35.1673],[-83.66044,35.16749]]},"properties":{"net":"NC3035","o":3}},{"type":"Feature","geometry":{"type":"LineString","coordinates":[[-83.66096,35.18548],[-83.66065,35.18656],[-83.66048,35.18818],[-83.66009,35.18894],[-83.65945,35.18944],[-83.65855,35.18984],[-83.65469,35.18999],[-83.65332,35.19062],[-83.65227,35.19153],[-83.65196,35.19226],[-83.65201,35.19302],[-83.6524,35.19372]]},"properties":{"net":"NC3035","o":4}},{"type":"Feature","geometry":{"type":"LineString","coordinates":[[-83.66,35.22209],[-83.66005,35.22269],[-83.65993,35.2231],[-83.65885,35.22444]]},"properties":{"net":"out","o":4}},{"type":"Feature","geometry":{"type":"LineString","coordinates":[[-83.66853,35.23427],[-83.66925,35.23353],[-83.6699,35.23259],[-83.67055,35.23199],[-83.6708,35.23159],[-83.67115,35.2305],[-83.67124,35.22942]]},"properties":{"net":"sm2850","o":1}},{"type":"Feature","geometry":{"type":"LineString","coordinates":[[-83.63622,35.14111],[-83.63699,35.14026],[-83.63779,35.13984],[-83.6382,35.13894],[-83.6389,35.13811],[-83.63928,35.13789]]},"properties":{"net":"NC3035","o":1}},{"type":"Feature","geometry":{"type":"LineString","coordinates":[[-83.5927,35.05092],[-83.59184,35.05131],[-83.5901,35.05278],[-83.58933,35.05311]]},"properties":{"net":"sm2949","o":1}},{"type":"Feature","geometry":{"type":"LineString","coordinates":[[-83.58933,35.05311],[-83.58942,35.05388],[-83.58963,35.0542],[-83.58971,35.05455],[-83.58981,35.05518],[-83.58977,35.05576]]},"properties":{"net":"sm2949","o":3}},{"type":"Feature","geometry":{"type":"LineString","coordinates":[[-83.5807,35.04674],[-83.58074,35.04729],[-83.58095,35.04782],[-83.58123,35.04833],[-83.58185,35.049],[-83.58227,35.04922],[-83.58333,35.04951],[-83.58411,35.04983],[-83.58566,35.05105],[-83.58721,35.05183],[-83.58764,35.05216],[-83.58839,35.05227],[-83.58871,35.05244],[-83.58933,35.05311]]},"properties":{"net":"sm2949","o":3}},{"type":"Feature","geometry":{"type":"LineString","coordinates":[[-83.56883,35.04017],[-83.57022,35.0395],[-83.57132,35.03929],[-83.57264,35.03885],[-83.5734,35.03879]]},"properties":{"net":"sm2949","o":2}},{"type":"Feature","geometry":{"type":"LineString","coordinates":[[-83.55607,35.06537],[-83.55328,35.06735],[-83.55233,35.06784]]},"properties":{"net":"NC3035","o":1}},{"type":"Feature","geometry":{"type":"LineString","coordinates":[[-83.54824,35.09757],[-83.54901,35.09752],[-83.54981,35.09723],[-83.55124,35.09715],[-83.552,35.09681],[-83.55349,35.09649],[-83.55384,35.09649],[-83.55449,35.09673]]},"properties":{"net":"NC3035","o":4}},{"type":"Feature","geometry":{"type":"LineString","coordinates":[[-83.56686,35.10067],[-83.56825,35.10056],[-83.56916,35.1001],[-83.56958,35.10012]]},"properties":{"net":"NC3035","o":2}},{"type":"Feature","geometry":{"type":"LineString","coordinates":[[-83.56686,35.10067],[-83.56686,35.10067]]},"properties":{"net":"NC3035","o":2}},{"type":"Feature","geometry":{"type":"LineString","coordinates":[[-83.55016,35.11881],[-83.5515,35.11779],[-83.55188,35.1172],[-83.55204,35.1164]]},"properties":{"net":"NC3211","o":2}},{"type":"Feature","geometry":{"type":"LineString","coordinates":[[-83.54923,35.11273],[-83.55195,35.11308]]},"properties":{"net":"NC3211","o":1}},{"type":"Feature","geometry":{"type":"LineString","coordinates":[[-83.55979,35.28926],[-83.55765,35.2889],[-83.55619,35.28892],[-83.55408,35.28868],[-83.55176,35.28856],[-83.55047,35.28771],[-83.54919,35.28741],[-83.54878,35.28714],[-83.54815,35.28695],[-83.54669,35.28692],[-83.5461,35.28683],[-83.54555,35.28663],[-83.54446,35.28599]]},"properties":{"net":"sm3032","o":1}},{"type":"Feature","geometry":{"type":"LineString","coordinates":[[-83.53821,35.0775],[-83.53737,35.07745],[-83.53646,35.07775],[-83.53416,35.0781],[-83.53246,35.07856]]},"properties":{"net":"NC3035","o":1}},{"type":"Feature","geometry":{"type":"LineString","coordinates":[[-83.70491,35.19053],[-83.7042,35.19077],[-83.70332,35.19131],[-83.70195,35.19173],[-83.70137,35.19271],[-83.70107,35.19305]]},"properties":{"net":"NC3035","o":1}},{"type":"Feature","geometry":{"type":"LineString","coordinates":[[-83.70753,35.47405],[-83.70785,35.47374],[-83.70819,35.47367],[-83.70965,35.47405],[-83.70987,35.47438],[-83.70981,35.47462],[-83.70938,35.47515],[-83.70915,35.47597],[-83.70882,35.4766],[-83.70862,35.47867],[-83.70927,35.4801],[-83.70966,35.48069],[-83.71004,35.48101]]},"properties":{"net":"out","o":4}},{"type":"Feature","geometry":{"type":"LineString","coordinates":[[-83.70352,35.47689],[-83.70518,35.47583],[-83.70635,35.47524],[-83.70753,35.47405]]},"properties":{"net":"out","o":4}},{"type":"Feature","geometry":{"type":"LineString","coordinates":[[-83.69633,35.4788],[-83.6975,35.47864],[-83.69859,35.47872],[-83.6994,35.47857],[-83.69999,35.47837],[-83.70112,35.47764],[-83.70318,35.47712],[-83.70352,35.47689]]},"properties":{"net":"out","o":4}},{"type":"Feature","geometry":{"type":"LineString","coordinates":[[-83.33019,35.15638],[-83.33061,35.15702],[-83.33191,35.15795],[-83.33286,35.15889],[-83.33339,35.15929],[-83.33427,35.16091],[-83.33498,35.16145],[-83.33513,35.16167],[-83.33504,35.16202],[-83.33429,35.16303],[-83.33403,35.16399],[-83.33373,35.16415]]},"properties":{"net":"NC2974","o":1}},{"type":"Feature","geometry":{"type":"LineString","coordinates":[[-83.33823,35.16938],[-83.33854,35.16981],[-83.33903,35.17018],[-83.34004,35.17087],[-83.34051,35.17109]]},"properties":{"net":"NC2974","o":4}},{"type":"Feature","geometry":{"type":"LineString","coordinates":[[-83.32003,34.96786],[-83.32002,34.96838],[-83.32025,34.96924],[-83.31993,34.97189],[-83.3205,34.97276],[-83.32053,34.97297],[-83.32029,34.97354],[-83.32023,34.97409],[-83.32031,34.97442],[-83.32062,34.97493],[-83.32066,34.97525],[-83.32046,34.97579],[-83.31973,34.97628],[-83.31957,34.97758],[-83.31928,34.97812]]},"properties":{"net":"NC2974","o":1}},{"type":"Feature","geometry":{"type":"LineString","coordinates":[[-83.3211,34.98233],[-83.32168,34.98283],[-83.32197,34.98332],[-83.32192,34.98423],[-83.32207,34.98476]]},"properties":{"net":"NC2974","o":2}},{"type":"Feature","geometry":{"type":"LineString","coordinates":[[-83.33245,35.01168],[-83.33274,35.01166],[-83.33339,35.01136],[-83.334,35.01125],[-83.33436,35.01134],[-83.33488,35.01173]]},"properties":{"net":"NC2974","o":3}},{"type":"Feature","geometry":{"type":"LineString","coordinates":[[-83.32066,35.03448],[-83.32066,35.03448]]},"properties":{"net":"NC2974","o":1}},{"type":"Feature","geometry":{"type":"LineString","coordinates":[[-83.33242,35.13658],[-83.33202,35.13737],[-83.33198,35.13905],[-83.33187,35.13951],[-83.33156,35.14],[-83.33155,35.14102],[-83.3317,35.14136],[-83.332,35.1417],[-83.33332,35.14239],[-83.33396,35.14298],[-83.33417,35.14346],[-83.3343,35.14424],[-83.33413,35.14473],[-83.3341,35.14535],[-83.33435,35.1462]]},"properties":{"net":"sm3016","o":1}},{"type":"Feature","geometry":{"type":"LineString","coordinates":[[-83.31377,35.14019],[-83.31323,35.14112],[-83.31266,35.14144]]},"properties":{"net":"sm3018","o":2}},{"type":"Feature","geometry":{"type":"LineString","coordinates":[[-83.31266,35.14144],[-83.31163,35.14247],[-83.31124,35.14322],[-83.3103,35.14349],[-83.30975,35.14377]]},"properties":{"net":"sm3017","o":2}},{"type":"Feature","geometry":{"type":"LineString","coordinates":[[-83.30975,35.14377],[-83.30961,35.14391]]},"properties":{"net":"NC2974","o":2}},{"type":"Feature","geometry":{"type":"LineString","coordinates":[[-83.33773,35.17566],[-83.33783,35.17506],[-83.33824,35.17421],[-83.33872,35.17351],[-83.33969,35.1724]]},"properties":{"net":"NC2974","o":2}},{"type":"Feature","geometry":{"type":"LineString","coordinates":[[-83.31463,35.19102],[-83.31546,35.19111],[-83.31636,35.19077],[-83.31799,35.19077],[-83.31939,35.19105],[-83.32049,35.19164],[-83.32119,35.19185],[-83.32171,35.19182],[-83.32339,35.19144],[-83.32572,35.19134]]},"properties":{"net":"NC2974","o":1}},{"type":"Feature","geometry":{"type":"LineString","coordinates":[[-83.3187,35.21889],[-83.31953,35.21881],[-83.32025,35.21897],[-83.32055,35.21889],[-83.32067,35.21872]]},"properties":{"net":"NC2974","o":2}},{"type":"Feature","geometry":{"type":"LineString","coordinates":[[-83.24742,35.05277],[-83.24796,35.05314],[-83.24936,35.05369],[-83.25102,35.05355],[-83.252,35.05387],[-83.25329,35.05371],[-83.25377,35.05377]]},"properties":{"net":"NC2974","o":1}},{"type":"Feature","geometry":{"type":"LineString","coordinates":[[-83.23995,35.07339],[-83.24032,35.07344],[-83.24069,35.07338],[-83.24191,35.07253],[-83.24234,35.07263]]},"properties":{"net":"NC2974","o":4}},{"type":"Feature","geometry":{"type":"LineString","coordinates":[[-83.25509,35.21728],[-83.25513,35.21635],[-83.2548,35.21553],[-83.25305,35.21302]]},"properties":{"net":"NC2974","o":2}},{"type":"Feature","geometry":{"type":"LineString","coordinates":[[-83.22463,35.19886],[-83.22524,35.19927],[-83.22557,35.19971],[-83.22762,35.20163],[-83.22767,35.20232],[-83.22838,35.20356],[-83.22933,35.20392],[-83.2309,35.20427],[-83.23276,35.20534],[-83.23354,35.20618],[-83.2341,35.20624],[-83.235,35.20657],[-83.2362,35.20724],[-83.237,35.20752],[-83.23864,35.20758]]},"properties":{"net":"sm3015","o":1}},{"type":"Feature","geometry":{"type":"LineString","coordinates":[[-83.2463,35.21285],[-83.24656,35.21289]]},"properties":{"net":"sm3015","o":3}},{"type":"Feature","geometry":{"type":"LineString","coordinates":[[-83.24656,35.21289],[-83.24785,35.21315]]},"properties":{"net":"NC2974","o":3}},{"type":"Feature","geometry":{"type":"LineString","coordinates":[[-83.24455,35.20521],[-83.2459,35.20731],[-83.24583,35.2075],[-83.24501,35.20838],[-83.2449,35.20871],[-83.24473,35.20991],[-83.24489,35.21064],[-83.24485,35.21122],[-83.24561,35.21246],[-83.24591,35.2127],[-83.2463,35.21285]]},"properties":{"net":"sm3015","o":1}},{"type":"Feature","geometry":{"type":"LineString","coordinates":[[-83.24299,35.22243],[-83.24425,35.22214],[-83.24509,35.22168],[-83.24609,35.22021],[-83.24651,35.21981],[-83.24885,35.21929]]},"properties":{"net":"NC2974","o":2}},{"type":"Feature","geometry":{"type":"LineString","coordinates":[[-83.2304,35.07126],[-83.23149,35.07167]]},"properties":{"net":"NC2974","o":4}},{"type":"Feature","geometry":{"type":"LineString","coordinates":[[-83.22505,35.06746],[-83.22517,35.06747]]},"properties":{"net":"NC2977","o":4}},{"type":"Feature","geometry":{"type":"LineString","coordinates":[[-83.22517,35.06747],[-83.22706,35.06756],[-83.22885,35.06787],[-83.22917,35.06802],[-83.22939,35.06844],[-83.22946,35.07004],[-83.22967,35.07047],[-83.23005,35.07085]]},"properties":{"net":"NC2974","o":4}},{"type":"Feature","geometry":{"type":"LineString","coordinates":[[-83.30304,35.2362],[-83.30508,35.23637],[-83.30566,35.23633],[-83.30632,35.23603],[-83.30793,35.23565],[-83.30835,35.23542],[-83.30977,35.23505],[-83.3104,35.23496],[-83.31116,35.235],[-83.31213,35.23432],[-83.31301,35.23399],[-83.31494,35.23442],[-83.31648,35.23453],[-83.31713,35.23505],[-83.3186,35.23546],[-83.31944,35.23605],[-83.32019,35.23684],[-83.32181,35.238]]},"properties":{"net":"sm3027","o":1}},{"type":"Feature","geometry":{"type":"LineString","coordinates":[[-83.37986,34.97877],[-83.38017,34.97896],[-83.38024,34.97936],[-83.38046,34.97956],[-83.38108,34.97967],[-83.38159,34.97989],[-83.38174,34.9814],[-83.38211,34.98177],[-83.38218,34.98273]]},"properties":{"net":"NC2974","o":4}},{"type":"Feature","geometry":{"type":"LineString","coordinates":[[-83.37554,34.97832],[-83.37577,34.97849],[-83.37665,34.97859],[-83.37714,34.97894],[-83.37753,34.9791],[-83.37783,34.97905],[-83.37822,34.97867],[-83.3787,34.97876],[-83.37921,34.97867],[-83.37986,34.97877]]},"properties":{"net":"NC2974","o":4}},{"type":"Feature","geometry":{"type":"LineString","coordinates":[[-83.37334,34.97916],[-83.37448,34.97885],[-83.37542,34.97835]]},"properties":{"net":"NC2974","o":3}},{"type":"Feature","geometry":{"type":"LineString","coordinates":[[-83.35632,34.9837],[-83.35685,34.98403],[-83.35793,34.9839],[-83.35889,34.98424],[-83.35923,34.98427],[-83.35987,34.98421],[-83.36144,34.98379],[-83.36243,34.98392],[-83.36375,34.98379],[-83.3647,34.98357],[-83.36525,34.98355],[-83.36552,34.98363]]},"properties":{"net":"NC2974","o":1}},{"type":"Feature","geometry":{"type":"LineString","coordinates":[[-83.37414,35.05189],[-83.37416,35.05183]]},"properties":{"net":"NC2974","o":3}},{"type":"Feature","geometry":{"type":"LineString","coordinates":[[-83.37804,35.10687],[-83.37854,35.10686],[-83.37931,35.10705],[-83.38167,35.10823]]},"properties":{"net":"NC2974","o":2}},{"type":"Feature","geometry":{"type":"LineString","coordinates":[[-83.37628,35.11611],[-83.37645,35.11705],[-83.37697,35.11793],[-83.37822,35.11878]]},"properties":{"net":"NC2974","o":4}},{"type":"Feature","geometry":{"type":"LineString","coordinates":[[-83.37749,35.13164],[-83.37741,35.13184]]},"properties":{"net":"NC2974","o":4}},{"type":"Feature","geometry":{"type":"LineString","coordinates":[[-83.37741,35.13184],[-83.37743,35.13249],[-83.378,35.13376],[-83.37796,35.13413],[-83.37745,35.13519],[-83.37736,35.13571],[-83.3776,35.13754],[-83.37758,35.1383]]},"properties":{"net":"NC2974","o":4}},{"type":"Feature","geometry":{"type":"LineString","coordinates":[[-83.37778,35.12041],[-83.37702,35.12062],[-83.37575,35.12049],[-83.37509,35.12078],[-83.37456,35.12161],[-83.37373,35.12237],[-83.37424,35.12326],[-83.37429,35.12352],[-83.37416,35.12391]]},"properties":{"net":"NC2974","o":4}},{"type":"Feature","geometry":{"type":"LineString","coordinates":[[-83.37391,35.19679],[-83.37425,35.19728],[-83.37438,35.19785],[-83.37455,35.19816],[-83.37581,35.19923],[-83.37606,35.19953],[-83.37625,35.20056],[-83.37603,35.20148]]},"properties":{"net":"NC2974","o":1}},{"type":"Feature","geometry":{"type":"LineString","coordinates":[[-83.37144,35.18511],[-83.372,35.18603],[-83.37276,35.18666],[-83.37354,35.18708],[-83.37482,35.18736]]},"properties":{"net":"NC2974","o":5}},{"type":"Feature","geometry":{"type":"LineString","coordinates":[[-83.38242,35.08233],[-83.38239,35.08227]]},"properties":{"net":"NC2974","o":3}},{"type":"Feature","geometry":{"type":"LineString","coordinates":[[-83.37911,35.0844],[-83.37918,35.08437]]},"properties":{"net":"NC2974","o":1}},{"type":"Feature","geometry":{"type":"LineString","coordinates":[[-83.36991,35.09778],[-83.37057,35.09761],[-83.37146,35.09704],[-83.37207,35.09593],[-83.37234,35.09564],[-83.37253,35.09515],[-83.37293,35.09494],[-83.37283,35.09428],[-83.37341,35.09343],[-83.37353,35.09298],[-83.3748,35.09201],[-83.37523,35.09149]]},"properties":{"net":"sm3030","o":2}},{"type":"Feature","geometry":{"type":"LineString","coordinates":[[-83.37523,35.09149],[-83.37593,35.09095],[-83.37683,35.09075],[-83.37848,35.08991],[-83.37892,35.08985],[-83.38029,35.08999]]},"properties":{"net":"NC2974","o":2}},{"type":"Feature","geometry":{"type":"LineString","coordinates":[[-83.3596,35.1243],[-83.36115,35.12527],[-83.36156,35.12564],[-83.36244,35.12581],[-83.36319,35.12617],[-83.36389,35.12664],[-83.36456,35.12724],[-83.36479,35.12731],[-83.36679,35.12624],[-83.36813,35.12614],[-83.36876,35.1258],[-83.37024,35.12542],[-83.37156,35.12456],[-83.37202,35.12438]]},"properties":{"net":"sm3019","o":2}},{"type":"Feature","geometry":{"type":"LineString","coordinates":[[-83.37202,35.12438],[-83.37359,35.12383],[-83.37404,35.12389]]},"properties":{"net":"NC2974","o":2}},{"type":"Feature","geometry":{"type":"LineString","coordinates":[[-83.37896,35.14892],[-83.37886,35.14901]]},"properties":{"net":"NC2974","o":2}},{"type":"Feature","geometry":{"type":"LineString","coordinates":[[-83.36988,35.17527],[-83.37005,35.17518]]},"properties":{"net":"NC2974","o":2}},{"type":"Feature","geometry":{"type":"LineString","coordinates":[[-83.32509,34.95972],[-83.32578,34.95975],[-83.32632,34.95937],[-83.32669,34.95925],[-83.32724,34.95917],[-83.3277,34.95925],[-83.328,34.95912],[-83.3299,34.95733],[-83.33108,34.95684],[-83.33403,34.95509],[-83.335,34.95431],[-83.33555,34.9541],[-83.33644,34.95314],[-83.337,34.95273],[-83.33828,34.9521],[-83.33873,34.95201],[-83.3399,34.95117],[-83.34052,34.95047],[-83.34087,34.95033],[-83.34176,34.95046],[-83.34227,34.95023],[-83.34269,34.94988],[-83.34367,34.94971]]},"properties":{"net":"NC2974","o":2}},{"type":"Feature","geometry":{"type":"LineString","coordinates":[[-83.34153,34.96273],[-83.34119,34.96258],[-83.34091,34.96222],[-83.34083,34.96099],[-83.34001,34.96],[-83.34012,34.95953],[-83.34121,34.95822],[-83.34338,34.95734],[-83.34412,34.95667],[-83.34474,34.95632],[-83.34573,34.95597],[-83.34693,34.95575],[-83.34716,34.95579],[-83.34746,34.95601],[-83.34793,34.95677],[-83.34825,34.95704],[-83.34932,34.95758],[-83.34988,34.95824],[-83.35042,34.9585],[-83.35166,34.95828],[-83.35274,34.95754],[-83.3532,34.95756],[-83.35344,34.95779]]},"properties":{"net":"NC2974","o":1}},{"type":"Feature","geometry":{"type":"LineString","coordinates":[[-83.3521,34.99981],[-83.35257,34.99938],[-83.35291,34.99845],[-83.35325,34.99804],[-83.35354,34.99791],[-83.35421,34.99784],[-83.35578,34.99707],[-83.35769,34.9964]]},"properties":{"net":"NC2974","o":1}},{"type":"Feature","geometry":{"type":"LineString","coordinates":[[-83.37173,35.28686],[-83.37222,35.28664],[-83.37303,35.28652],[-83.37393,35.28605],[-83.37487,35.28593],[-83.37511,35.28576],[-83.37554,35.28519],[-83.3759,35.28509],[-83.37643,35.28508],[-83.37674,35.28456],[-83.37727,35.28417],[-83.37734,35.28382],[-83.37751,35.28359],[-83.37809,35.28319],[-83.3781,35.28301],[-83.37758,35.28256],[-83.37758,35.28235]]},"properties":{"net":"out","o":4}},{"type":"Feature","geometry":{"type":"LineString","coordinates":[[-83.3584,35.15328],[-83.35835,35.15373],[-83.35789,35.15484],[-83.35806,35.15604],[-83.35776,35.15693]]},"properties":{"net":"NC2974","o":2}},{"type":"Feature","geometry":{"type":"LineString","coordinates":[[-83.36358,35.29765],[-83.36431,35.29647],[-83.36505,35.29596],[-83.3657,35.29533]]},"properties":{"net":"out","o":4}},{"type":"Feature","geometry":{"type":"LineString","coordinates":[[-83.34764,35.04411],[-83.34873,35.04349],[-83.34992,35.04305],[-83.35106,35.04303],[-83.35184,35.04285],[-83.35267,35.04287],[-83.35348,35.04248],[-83.35413,35.04231],[-83.35488,35.0417],[-83.35536,35.04148],[-83.35591,35.04137],[-83.35665,35.04065],[-83.35755,35.04031],[-83.35821,35.03973],[-83.35886,35.03943],[-83.35931,35.03882],[-83.35976,35.03852],[-83.35997,35.03823]]},"properties":{"net":"NC2974","o":1}},{"type":"Feature","geometry":{"type":"LineString","coordinates":[[-83.32341,35.0477],[-83.32482,35.04917],[-83.32527,35.04979],[-83.326,35.0502],[-83.32641,35.05072],[-83.32717,35.05122],[-83.32851,35.05174],[-83.32973,35.05152],[-83.33049,35.05154],[-83.3314,35.052],[-83.33187,35.05299],[-83.33177,35.05351],[-83.3318,35.054],[-83.33244,35.0551],[-83.33239,35.05613],[-83.33274,35.057],[-83.33256,35.05776],[-83.3326,35.05802],[-83.33291,35.05852],[-83.33353,35.05889],[-83.33382,35.05929],[-83.33436,35.05966],[-83.33476,35.06035],[-83.33567,35.06044],[-83.33621,35.06007],[-83.33699,35.05974],[-83.33787,35.05969],[-83.33855,35.0598],[-83.33944,35.05962],[-83.33973,35.05996],[-83.34024,35.06027],[-83.34038,35.06054],[-83.34075,35.06061],[-83.34136,35.06099],[-83.34204,35.06105]]},"properties":{"net":"NC2974","o":1}},{"type":"Feature","geometry":{"type":"LineString","coordinates":[[-83.35611,35.10221],[-83.35721,35.10175],[-83.35875,35.10136],[-83.36013,35.10132]]},"properties":{"net":"sm3030","o":2}},{"type":"Feature","geometry":{"type":"LineString","coordinates":[[-83.34529,35.15579],[-83.34531,35.15643],[-83.3455,35.15725],[-83.34608,35.15792],[-83.34653,35.15882],[-83.34641,35.16024],[-83.34663,35.16077],[-83.34714,35.16095],[-83.34867,35.16109],[-83.34983,35.16146],[-83.35154,35.16269],[-83.35217,35.1634]]},"properties":{"net":"NC2974","o":1}},{"type":"Feature","geometry":{"type":"LineString","coordinates":[[-83.34337,35.16931],[-83.34401,35.16883],[-83.34684,35.16813],[-83.34851,35.16726],[-83.34884,35.1674],[-83.34913,35.16795],[-83.35072,35.1692],[-83.35096,35.16928],[-83.35148,35.16924],[-83.3521,35.169],[-83.35219,35.16861],[-83.35173,35.16771],[-83.35141,35.16681],[-83.35017,35.16515],[-83.35036,35.16476],[-83.35106,35.16443],[-83.35224,35.16345]]},"properties":{"net":"NC2974","o":4}},{"type":"Feature","geometry":{"type":"LineString","coordinates":[[-83.34116,35.1977],[-83.34124,35.19796],[-83.3412,35.19981],[-83.34128,35.20017],[-83.34252,35.20195],[-83.34456,35.20433],[-83.34531,35.20501],[-83.34608,35.20548],[-83.34839,35.20659],[-83.34895,35.20702]]},"properties":{"net":"NC2974","o":3}},{"type":"Feature","geometry":{"type":"LineString","coordinates":[[-83.34895,35.20702],[-83.34906,35.20714],[-83.34905,35.2079],[-83.34921,35.20828],[-83.34934,35.20917],[-83.34949,35.20934],[-83.3498,35.20938],[-83.3501,35.2093],[-83.35058,35.20895],[-83.35173,35.20858],[-83.35248,35.2082],[-83.35565,35.20589],[-83.35584,35.20587],[-83.35622,35.20605],[-83.35677,35.20595],[-83.35707,35.20603],[-83.35757,35.20636],[-83.35784,35.20681],[-83.35812,35.20693],[-83.35835,35.20685],[-83.35912,35.20615],[-83.35946,35.20627],[-83.35991,35.20629],[-83.36029,35.20656]]},"properties":{"net":"NC2974","o":3}},{"type":"Feature","geometry":{"type":"LineString","coordinates":[[-83.33533,35.21175],[-83.33665,35.21193],[-83.338,35.21168],[-83.33943,35.21161],[-83.34055,35.21166],[-83.34077,35.21158],[-83.34107,35.21127]]},"properties":{"net":"NC2974","o":2}},{"type":"Feature","geometry":{"type":"LineString","coordinates":[[-83.35133,35.25159],[-83.35204,35.25115],[-83.35268,35.25011],[-83.35338,35.24946],[-83.35361,35.24843],[-83.35468,35.24693],[-83.35548,35.24605],[-83.35576,35.24471],[-83.35528,35.24389],[-83.35529,35.24351],[-83.35548,35.24308],[-83.35669,35.24203],[-83.35732,35.24161],[-83.35789,35.24054],[-83.358,35.23986],[-83.35843,35.23962],[-83.35854,35.23927],[-83.35841,35.23888],[-83.35867,35.23854],[-83.35867,35.23811],[-83.35891,35.23753],[-83.35909,35.23644],[-83.35901,35.23531],[-83.35912,35.23436],[-83.35897,35.23375],[-83.35899,35.23257],[-83.35956,35.23139],[-83.36028,35.23096],[-83.36067,35.23059],[-83.3607,35.23032],[-83.36053,35.22956],[-83.36069,35.22884],[-83.36092,35.22837]]},"properties":{"net":"sm3000","o":1}},{"type":"Feature","geometry":{"type":"LineString","coordinates":[[-83.32181,35.238],[-83.32225,35.23802],[-83.32294,35.23755],[-83.32425,35.23735],[-83.32589,35.23675],[-83.32638,35.23669],[-83.32719,35.23631],[-83.32787,35.23582],[-83.32828,35.23571],[-83.32918,35.23426],[-83.33038,35.2333],[-83.33109,35.23228],[-83.33218,35.23177],[-83.33361,35.23029],[-83.33415,35.22991],[-83.33784,35.23009],[-83.33818,35.22996],[-83.33969,35.22995],[-83.34015,35.22979],[-83.34056,35.22916],[-83.34099,35.22908],[-83.3418,35.22907],[-83.34273,35.22936],[-83.34431,35.22934],[-83.34471,35.22902],[-83.34501,35.22895],[-83.34531,35.22903],[-83.34584,35.22943],[-83.34626,35.22954],[-83.34773,35.22941],[-83.34833,35.22913]]},"properties":{"net":"sm3027","o":3}},{"type":"Feature","geometry":{"type":"LineString","coordinates":[[-83.30919,34.98048],[-83.3099,34.98046]]},"properties":{"net":"NC2974","o":1}},{"type":"Feature","geometry":{"type":"LineString","coordinates":[[-83.31052,35.00577],[-83.31117,35.00584],[-83.31177,35.00625],[-83.31236,35.00698],[-83.31379,35.00773],[-83.31428,35.0078]]},"properties":{"net":"NC2974","o":2}},{"type":"Feature","geometry":{"type":"LineString","coordinates":[[-83.30958,35.00619],[-83.3097,35.00621],[-83.31052,35.00577]]},"properties":{"net":"NC2974","o":2}},{"type":"Feature","geometry":{"type":"LineString","coordinates":[[-83.29948,35.00009],[-83.30014,34.99975]]},"properties":{"net":"NC2974","o":1}},{"type":"Feature","geometry":{"type":"LineString","coordinates":[[-83.31184,35.03177],[-83.31157,35.03119]]},"properties":{"net":"NC2974","o":1}},{"type":"Feature","geometry":{"type":"LineString","coordinates":[[-83.30734,35.03738],[-83.30765,35.03683],[-83.30785,35.0367],[-83.3081,35.03666],[-83.30837,35.03688],[-83.30856,35.03691],[-83.30908,35.03675],[-83.30947,35.03648],[-83.30975,35.03563],[-83.30986,35.03482]]},"properties":{"net":"NC2974","o":1}},{"type":"Feature","geometry":{"type":"LineString","coordinates":[[-83.30378,35.0979],[-83.30328,35.09873],[-83.3026,35.09943],[-83.30235,35.10001],[-83.30231,35.10076],[-83.3025,35.10146],[-83.30258,35.10242],[-83.30223,35.10373],[-83.30117,35.10502],[-83.30079,35.10621],[-83.30061,35.10765],[-83.30044,35.1083],[-83.30024,35.10862],[-83.29977,35.10906],[-83.29902,35.11051],[-83.29883,35.11201],[-83.29922,35.11314],[-83.29896,35.11361],[-83.29893,35.11408],[-83.299,35.11433],[-83.29933,35.11482]]},"properties":{"net":"NC2974","o":1}},{"type":"Feature","geometry":{"type":"LineString","coordinates":[[-83.29736,35.15383],[-83.29821,35.15231],[-83.29976,35.1514],[-83.30066,35.15044],[-83.30131,35.14934],[-83.30407,35.14667],[-83.30541,35.14483],[-83.30584,35.14371]]},"properties":{"net":"NC2974","o":1}},{"type":"Feature","geometry":{"type":"LineString","coordinates":[[-83.31243,35.16241],[-83.31205,35.16303],[-83.31199,35.16326],[-83.31203,35.16498],[-83.31318,35.16602],[-83.31412,35.16707],[-83.31475,35.16712],[-83.31522,35.16752],[-83.31601,35.16851],[-83.31639,35.16954],[-83.31659,35.1698],[-83.31846,35.17133]]},"properties":{"net":"NC2974","o":4}},{"type":"Feature","geometry":{"type":"LineString","coordinates":[[-83.28289,35.13195],[-83.28199,35.13342],[-83.28163,35.13376]]},"properties":{"net":"NC2974","o":4}},{"type":"Feature","geometry":{"type":"LineString","coordinates":[[-83.28163,35.13376],[-83.28148,35.13382]]},"properties":{"net":"NC2974","o":4}},{"type":"Feature","geometry":{"type":"LineString","coordinates":[[-83.29333,35.14225],[-83.29328,35.14213]]},"properties":{"net":"NC2974","o":1}},{"type":"Feature","geometry":{"type":"LineString","coordinates":[[-83.28491,35.16409],[-83.28535,35.16464],[-83.28598,35.16512],[-83.28742,35.16677],[-83.288,35.16708],[-83.28883,35.16731],[-83.28912,35.16751],[-83.28934,35.16793],[-83.28952,35.16918],[-83.28984,35.16951],[-83.29041,35.16984],[-83.29083,35.17035]]},"properties":{"net":"NC2974","o":1}},{"type":"Feature","geometry":{"type":"LineString","coordinates":[[-83.28122,35.19484],[-83.28176,35.19433],[-83.28199,35.19363]]},"properties":{"net":"NC2974","o":3}},{"type":"Feature","geometry":{"type":"LineString","coordinates":[[-83.25395,35.15705],[-83.25424,35.15649],[-83.25462,35.15601],[-83.25505,35.15581],[-83.2562,35.15556],[-83.25671,35.15486],[-83.25766,35.15436],[-83.25812,35.15339],[-83.2588,35.15252],[-83.25927,35.15209],[-83.25934,35.1519]]},"properties":{"net":"NC2974","o":2}},{"type":"Feature","geometry":{"type":"LineString","coordinates":[[-83.26579,35.16674],[-83.26567,35.16639],[-83.26568,35.16585],[-83.2658,35.16496],[-83.26614,35.16436],[-83.26616,35.16388],[-83.26583,35.16311],[-83.26531,35.16264],[-83.26516,35.1623],[-83.26475,35.16197],[-83.26498,35.16145],[-83.26497,35.16074],[-83.2653,35.16019],[-83.26531,35.15994],[-83.26503,35.15975],[-83.26424,35.15959],[-83.26404,35.15946],[-83.26374,35.15895],[-83.26359,35.15812],[-83.26292,35.15775],[-83.26209,35.15688],[-83.26189,35.15581],[-83.2615,35.15555],[-83.26086,35.15492],[-83.26079,35.15456],[-83.26027,35.15391],[-83.26029,35.15317],[-83.2602,35.15282],[-83.25934,35.1519]]},"properties":{"net":"NC2974","o":1}},{"type":"Feature","geometry":{"type":"LineString","coordinates":[[-83.25934,35.1519],[-83.25948,35.15053],[-83.25991,35.14963],[-83.25992,35.14883],[-83.25982,35.14858],[-83.25957,35.14834],[-83.25957,35.14785],[-83.2603,35.14706],[-83.26123,35.14643],[-83.26155,35.14577],[-83.26199,35.14526],[-83.26228,35.1447],[-83.26278,35.14423],[-83.26284,35.14365],[-83.26323,35.14285],[-83.26349,35.14255],[-83.26392,35.14228]]},"properties":{"net":"NC2974","o":2}},{"type":"Feature","geometry":{"type":"LineString","coordinates":[[-83.39829,35.15298],[-83.39828,35.15318]]},"properties":{"net":"NC2974","o":1}},{"type":"Feature","geometry":{"type":"LineString","coordinates":[[-83.37493,34.92288],[-83.37589,34.92226],[-83.37714,34.92233],[-83.37758,34.92249],[-83.37802,34.92238],[-83.37907,34.92296],[-83.38048,34.92297],[-83.38095,34.92315],[-83.38198,34.92313],[-83.38356,34.92344],[-83.38511,34.92552],[-83.38566,34.92588],[-83.38573,34.92633],[-83.38607,34.92681],[-83.38638,34.92753],[-83.38748,34.93043],[-83.38784,34.93164],[-83.38801,34.93286],[-83.38798,34.93402],[-83.38758,34.93641],[-83.38704,34.93858]]},"properties":{"net":"NC2974","o":2}},{"type":"Feature","geometry":{"type":"LineString","coordinates":[[-83.38413,35.01518],[-83.38391,35.01502],[-83.38362,35.01423],[-83.38337,35.01409],[-83.38273,35.01432],[-83.38216,35.01495],[-83.38134,35.01515]]},"properties":{"net":"NC2974","o":4}},{"type":"Feature","geometry":{"type":"LineString","coordinates":[[-83.38412,35.01525],[-83.38413,35.01518]]},"properties":{"net":"NC2974","o":1}},{"type":"Feature","geometry":{"type":"LineString","coordinates":[[-83.39576,35.09112],[-83.39473,35.09117],[-83.39348,35.09061],[-83.39217,35.09057],[-83.39199,35.09066],[-83.39192,35.09097],[-83.39163,35.09142],[-83.39116,35.09168],[-83.39072,35.09165],[-83.38988,35.09133],[-83.38896,35.09117],[-83.38833,35.09123],[-83.38763,35.09158],[-83.38621,35.09257],[-83.38602,35.09337],[-83.3853,35.09377],[-83.38506,35.09413],[-83.38493,35.0948],[-83.38468,35.09532],[-83.38468,35.09559],[-83.38522,35.09711],[-83.38524,35.0978]]},"properties":{"net":"sm3031","o":1}},{"type":"Feature","geometry":{"type":"LineString","coordinates":[[-83.38356,35.09889],[-83.3839,35.09922],[-83.38403,35.09963],[-83.38401,35.10039],[-83.38388,35.10089],[-83.38366,35.10101],[-83.38281,35.10105],[-83.38186,35.10169],[-83.38085,35.10184],[-83.38072,35.10201],[-83.38084,35.10232],[-83.38081,35.10311],[-83.38076,35.10319],[-83.38,35.1033],[-83.37985,35.10357],[-83.37998,35.10415],[-83.38037,35.10451],[-83.38103,35.10477],[-83.38171,35.10472],[-83.38189,35.10459],[-83.3824,35.10336],[-83.38277,35.10309],[-83.3832,35.1031],[-83.38344,35.10321],[-83.38384,35.10344],[-83.38438,35.10398],[-83.3844,35.10448],[-83.38427,35.10465],[-83.38323,35.10503],[-83.38289,35.10537],[-83.38286,35.10571],[-83.3831,35.10667],[-83.38303,35.10706],[-83.38174,35.1083]]},"properties":{"net":"NC2974","o":4}},{"type":"Feature","geometry":{"type":"LineString","coordinates":[[-83.39915,35.13232],[-83.3966,35.13337]]},"properties":{"net":"sm3021","o":1}},{"type":"Feature","geometry":{"type":"LineString","coordinates":[[-83.3966,35.13337],[-83.3955,35.13246],[-83.39394,35.13168]]},"properties":{"net":"sm3021","o":2}},{"type":"Feature","geometry":{"type":"LineString","coordinates":[[-83.4006,35.14119],[-83.4001,35.1405],[-83.39904,35.1402],[-83.39868,35.13999],[-83.3983,35.14],[-83.39772,35.14028],[-83.39712,35.14122],[-83.39644,35.14292],[-83.39612,35.14347],[-83.39605,35.14394],[-83.39619,35.14461],[-83.39595,35.14557],[-83.39502,35.14772],[-83.39461,35.14835],[-83.39394,35.14971],[-83.39338,35.15128],[-83.39235,35.15236],[-83.39179,35.15332],[-83.39121,35.15405],[-83.38971,35.15493],[-83.38863,35.15517],[-83.38823,35.15542]]},"properties":{"net":"NC2974","o":1}},{"type":"Feature","geometry":{"type":"LineString","coordinates":[[-83.38423,35.13911],[-83.38404,35.1389]]},"properties":{"net":"NC2974","o":1}},{"type":"Feature","geometry":{"type":"LineString","coordinates":[[-83.38542,35.13574],[-83.38496,35.13577],[-83.38281,35.13654],[-83.38172,35.13722]]},"properties":{"net":"NC2974","o":1}},{"type":"Feature","geometry":{"type":"LineString","coordinates":[[-83.38816,35.15555],[-83.38736,35.15563],[-83.387,35.15601],[-83.38647,35.15851],[-83.38644,35.15888],[-83.38665,35.1597],[-83.38645,35.16087],[-83.38621,35.16142],[-83.3859,35.16159],[-83.38552,35.16155],[-83.38453,35.16086],[-83.38458,35.16055],[-83.38485,35.16027],[-83.38526,35.15946],[-83.38533,35.15896],[-83.38492,35.15782],[-83.38407,35.15612],[-83.38383,35.15471],[-83.38346,35.15409],[-83.38271,35.15371],[-83.38216,35.15369],[-83.3817,35.15385],[-83.38153,35.15398],[-83.38143,35.1543],[-83.38151,35.15446],[-83.38223,35.15511],[-83.3823,35.15533],[-83.38217,35.15571],[-83.38164,35.156],[-83.3809,35.15621],[-83.38038,35.1561]]},"properties":{"net":"NC2974","o":4}},{"type":"Feature","geometry":{"type":"LineString","coordinates":[[-83.39348,35.18642],[-83.39348,35.18642]]},"properties":{"net":"NC2974","o":1}},{"type":"Feature","geometry":{"type":"LineString","coordinates":[[-83.38602,35.19705],[-83.3853,35.19718]]},"properties":{"net":"NC2974","o":2}},{"type":"Feature","geometry":{"type":"LineString","coordinates":[[-83.38516,35.19863],[-83.38497,35.2007],[-83.38483,35.20131],[-83.38456,35.20182],[-83.3841,35.20239],[-83.3823,35.20403],[-83.3815,35.20501],[-83.38084,35.20611],[-83.38003,35.20706],[-83.37939,35.20756],[-83.37876,35.2077],[-83.37823,35.2077],[-83.37759,35.20757],[-83.37601,35.20665]]},"properties":{"net":"NC2974","o":5}},{"type":"Feature","geometry":{"type":"LineString","coordinates":[[-83.38597,35.27608],[-83.38666,35.27534],[-83.38803,35.27438],[-83.38859,35.27223],[-83.38895,35.27148],[-83.38917,35.27122],[-83.38993,35.2708],[-83.39083,35.26973],[-83.39092,35.26952],[-83.39079,35.26894],[-83.39097,35.26852]]},"properties":{"net":"out","o":4}},{"type":"Feature","geometry":{"type":"LineString","coordinates":[[-83.56763,35.08996],[-83.56637,35.09098],[-83.566,35.09157],[-83.56574,35.09258],[-83.56439,35.09635]]},"properties":{"net":"NC3035","o":2}},{"type":"Feature","geometry":{"type":"LineString","coordinates":[[-83.57159,35.03653],[-83.57167,35.03686],[-83.57214,35.03758],[-83.5734,35.03879]]},"properties":{"net":"sm2949","o":2}},{"type":"Feature","geometry":{"type":"LineString","coordinates":[[-83.58185,35.11914],[-83.58148,35.11855],[-83.58101,35.11805],[-83.57994,35.11703],[-83.57896,35.11633],[-83.57847,35.11568],[-83.5765,35.11381],[-83.57609,35.11331]]},"properties":{"net":"NC3035","o":2}},{"type":"Feature","geometry":{"type":"LineString","coordinates":[[-83.70512,35.18273],[-83.70358,35.18262],[-83.70243,35.18273],[-83.70038,35.18234],[-83.69984,35.1821],[-83.69908,35.18159],[-83.69785,35.18069],[-83.69737,35.18019],[-83.69652,35.1798]]},"properties":{"net":"NC3035","o":1}},{"type":"Feature","geometry":{"type":"LineString","coordinates":[[-83.55593,35.09136],[-83.55704,35.09181],[-83.55863,35.09225],[-83.56005,35.09311],[-83.56035,35.09345],[-83.5608,35.0944],[-83.56127,35.09468],[-83.56228,35.09582],[-83.56282,35.0962],[-83.56364,35.09644],[-83.56439,35.09635]]},"properties":{"net":"NC3035","o":4}},{"type":"Feature","geometry":{"type":"LineString","coordinates":[[-83.56439,35.09635],[-83.56624,35.09663],[-83.56745,35.09641],[-83.56807,35.09647],[-83.56829,35.09666],[-83.5687,35.09751],[-83.56967,35.09839],[-83.5706,35.09906],[-83.572,35.09962],[-83.57263,35.09996]]},"properties":{"net":"NC3035","o":4}},{"type":"Feature","geometry":{"type":"LineString","coordinates":[[-83.587,35.10853],[-83.587,35.10843]]},"properties":{"net":"NC3035","o":1}},{"type":"Feature","geometry":{"type":"LineString","coordinates":[[-83.57825,35.10566],[-83.57918,35.10538],[-83.57986,35.105],[-83.5809,35.10481],[-83.58163,35.10416],[-83.58256,35.10384]]},"properties":{"net":"NC3035","o":1}},{"type":"Feature","geometry":{"type":"LineString","coordinates":[[-83.56616,35.12962],[-83.56629,35.12884],[-83.56614,35.12813],[-83.56667,35.1277],[-83.56691,35.12734],[-83.56697,35.12579],[-83.56713,35.12546],[-83.56729,35.12465],[-83.56757,35.12408],[-83.56774,35.12326]]},"properties":{"net":"sm2753","o":2}},{"type":"Feature","geometry":{"type":"LineString","coordinates":[[-83.56774,35.12326],[-83.56787,35.12242],[-83.56837,35.1219]]},"properties":{"net":"NC3035","o":2}},{"type":"Feature","geometry":{"type":"LineString","coordinates":[[-83.56111,35.13672],[-83.56146,35.13601],[-83.56184,35.1356],[-83.56213,35.13308]]},"properties":{"net":"sm2753","o":1}},{"type":"Feature","geometry":{"type":"LineString","coordinates":[[-83.55209,35.12774],[-83.55115,35.12724],[-83.55018,35.12597],[-83.54963,35.12572],[-83.54955,35.12536],[-83.54938,35.12513],[-83.54855,35.12469],[-83.54844,35.12439],[-83.54853,35.12354],[-83.54834,35.12256],[-83.54762,35.12143]]},"properties":{"net":"sm2752","o":1}},{"type":"Feature","geometry":{"type":"LineString","coordinates":[[-83.54762,35.12143],[-83.54747,35.12093],[-83.54761,35.12053],[-83.54889,35.11976],[-83.5497,35.11938],[-83.55016,35.11881]]},"properties":{"net":"NC3211","o":1}},{"type":"Feature","geometry":{"type":"LineString","coordinates":[[-83.5715,35.13719],[-83.57089,35.13683],[-83.5702,35.13662],[-83.56993,35.1364],[-83.56884,35.13402],[-83.56819,35.13333],[-83.56809,35.1327],[-83.5678,35.13181],[-83.56721,35.13113],[-83.56668,35.12994],[-83.56616,35.12962]]},"properties":{"net":"sm2753","o":1}},{"type":"Feature","geometry":{"type":"LineString","coordinates":[[-83.56876,35.16702],[-83.56859,35.16603],[-83.5683,35.16558],[-83.56798,35.16459],[-83.56692,35.16319],[-83.56617,35.16262],[-83.56465,35.16244],[-83.56358,35.16216],[-83.56305,35.16141],[-83.56207,35.16065],[-83.56116,35.1589]]},"properties":{"net":"NC6212","o":1}},{"type":"Feature","geometry":{"type":"LineString","coordinates":[[-83.54715,35.04251],[-83.54756,35.04277],[-83.54772,35.0431],[-83.54757,35.04398],[-83.54726,35.04436],[-83.54726,35.04561],[-83.54766,35.04641],[-83.5483,35.04729],[-83.54849,35.04794],[-83.5483,35.04914],[-83.54828,35.05027],[-83.54792,35.05241],[-83.54806,35.05335],[-83.54855,35.05423],[-83.55016,35.05594],[-83.55095,35.05699]]},"properties":{"net":"NC3035","o":1}},{"type":"Feature","geometry":{"type":"LineString","coordinates":[[-83.53025,35.07499],[-83.53092,35.07535],[-83.53107,35.07558],[-83.53111,35.07584]]},"properties":{"net":"NC3035","o":4}},{"type":"Feature","geometry":{"type":"LineString","coordinates":[[-83.57263,35.09996],[-83.57291,35.09987],[-83.57366,35.09922],[-83.57425,35.09906],[-83.57531,35.09909],[-83.57658,35.09936],[-83.57691,35.09951],[-83.57703,35.09971]]},"properties":{"net":"NC3035","o":4}},{"type":"Feature","geometry":{"type":"LineString","coordinates":[[-83.56615,35.11725],[-83.56666,35.1169],[-83.56786,35.11637],[-83.56928,35.116],[-83.57164,35.11599],[-83.57269,35.11667]]},"properties":{"net":"NC3035","o":1}},{"type":"Feature","geometry":{"type":"LineString","coordinates":[[-83.5539,35.15982],[-83.55352,35.15984],[-83.55302,35.15963],[-83.5525,35.15961],[-83.55215,35.15973],[-83.55116,35.16068],[-83.55019,35.16047],[-83.54812,35.16075],[-83.5478,35.16091],[-83.547,35.16179],[-83.5465,35.162],[-83.54546,35.16219],[-83.54177,35.16259],[-83.54147,35.16252],[-83.54099,35.16209],[-83.54077,35.162],[-83.54019,35.16199],[-83.53935,35.16218]]},"properties":{"net":"NC6212","o":2}},{"type":"Feature","geometry":{"type":"LineString","coordinates":[[-83.56379,35.2194],[-83.565,35.22024],[-83.56545,35.22097],[-83.56791,35.22156]]},"properties":{"net":"sm2849","o":1}},{"type":"Feature","geometry":{"type":"LineString","coordinates":[[-83.53819,35.06913],[-83.53683,35.06978],[-83.5361,35.06993],[-83.53474,35.06997],[-83.53428,35.07024],[-83.53353,35.07036],[-83.53259,35.07075],[-83.53183,35.07082],[-83.5309,35.07123],[-83.53019,35.07185],[-83.52927,35.07214],[-83.52856,35.07269]]},"properties":{"net":"NC3035","o":3}},{"type":"Feature","geometry":{"type":"LineString","coordinates":[[-83.54094,35.09601],[-83.54159,35.09603],[-83.5431,35.09572],[-83.5436,35.09612],[-83.54487,35.09616],[-83.5469,35.09716],[-83.54824,35.09757]]},"properties":{"net":"NC3035","o":4}},{"type":"Feature","geometry":{"type":"LineString","coordinates":[[-83.54118,35.12331],[-83.54019,35.12378],[-83.53946,35.12396],[-83.53857,35.12384],[-83.53803,35.12393],[-83.53737,35.12426],[-83.53633,35.12511],[-83.53585,35.12534]]},"properties":{"net":"sm2954","o":1}},{"type":"Feature","geometry":{"type":"LineString","coordinates":[[-83.53585,35.12534],[-83.53453,35.12564],[-83.53355,35.12572]]},"properties":{"net":"sm3010","o":1}},{"type":"Feature","geometry":{"type":"LineString","coordinates":[[-83.53355,35.12572],[-83.53279,35.12579],[-83.53178,35.12617]]},"properties":{"net":"sm3010","o":2}},{"type":"Feature","geometry":{"type":"LineString","coordinates":[[-83.53178,35.12617],[-83.53069,35.12574],[-83.52895,35.1257],[-83.52874,35.1258],[-83.52865,35.1261],[-83.52847,35.12624],[-83.52741,35.1268],[-83.52679,35.1269],[-83.52588,35.12671],[-83.52425,35.12664],[-83.52297,35.12613],[-83.52195,35.12589],[-83.52043,35.12599]]},"properties":{"net":"sm3010","o":2}},{"type":"Feature","geometry":{"type":"LineString","coordinates":[[-83.47559,35.1934],[-83.47532,35.19306],[-83.47453,35.19243],[-83.47357,35.19182],[-83.47298,35.19119],[-83.47269,35.19063],[-83.47276,35.1899],[-83.47316,35.18926],[-83.47389,35.1877],[-83.47385,35.18733],[-83.47351,35.18656],[-83.4729,35.18567],[-83.47237,35.1852],[-83.47082,35.18425],[-83.46994,35.18387],[-83.46969,35.18362],[-83.46936,35.18302],[-83.46928,35.18277],[-83.46931,35.18148],[-83.46906,35.18014],[-83.46922,35.17844],[-83.46882,35.1777],[-83.46868,35.17693],[-83.46855,35.17669],[-83.46853,35.17654],[-83.46875,35.17643]]},"properties":{"net":"NC6212","o":1}},{"type":"Feature","geometry":{"type":"LineString","coordinates":[[-83.46739,35.17421],[-83.46724,35.17419]]},"properties":{"net":"NC6212","o":2}},{"type":"Feature","geometry":{"type":"LineString","coordinates":[[-83.47356,35.2665],[-83.47639,35.26673],[-83.47671,35.26689],[-83.47683,35.26709]]},"properties":{"net":"out","o":4}},{"type":"Feature","geometry":{"type":"LineString","coordinates":[[-83.46676,35.28533],[-83.46835,35.284]]},"properties":{"net":"sm3007","o":2}},{"type":"Feature","geometry":{"type":"LineString","coordinates":[[-83.47499,35.34149],[-83.47536,35.34206],[-83.47542,35.34246],[-83.47533,35.34312],[-83.47535,35.34455],[-83.47517,35.34512],[-83.47548,35.34657],[-83.47555,35.34765],[-83.47536,35.34857]]},"properties":{"net":"sm3005","o":1}},{"type":"Feature","geometry":{"type":"LineString","coordinates":[[-83.47479,35.38188],[-83.47497,35.38213],[-83.47514,35.38264],[-83.47553,35.38314],[-83.47536,35.38353],[-83.47545,35.3841],[-83.47606,35.38464],[-83.47661,35.38483]]},"properties":{"net":"out","o":4}},{"type":"Feature","geometry":{"type":"LineString","coordinates":[[-83.47195,35.37885],[-83.47375,35.38092],[-83.47479,35.38188]]},"properties":{"net":"out","o":4}},{"type":"Feature","geometry":{"type":"LineString","coordinates":[[-83.53524,35.16105],[-83.53337,35.1606],[-83.53204,35.16072],[-83.53119,35.16016],[-83.53051,35.15945],[-83.53024,35.15931],[-83.52919,35.15915],[-83.52831,35.15923],[-83.52815,35.15914],[-83.52793,35.15861],[-83.52767,35.15846],[-83.52742,35.15842],[-83.52607,35.15861],[-83.52488,35.15804],[-83.52394,35.1574],[-83.52288,35.15751]]},"properties":{"net":"NC6212","o":3}},{"type":"Feature","geometry":{"type":"LineString","coordinates":[[-83.46741,35.17402],[-83.46681,35.17375],[-83.46528,35.17344]]},"properties":{"net":"NC6212","o":2}},{"type":"Feature","geometry":{"type":"LineString","coordinates":[[-83.46958,35.24273],[-83.46932,35.24297],[-83.46919,35.24326],[-83.4691,35.24433],[-83.46921,35.24532],[-83.46884,35.24679],[-83.46891,35.2471],[-83.46925,35.24748],[-83.46926,35.24831]]},"properties":{"net":"out","o":4}},{"type":"Feature","geometry":{"type":"LineString","coordinates":[[-83.4604,35.27144],[-83.4624,35.27202],[-83.46303,35.27235],[-83.46588,35.27456],[-83.46635,35.27504],[-83.46815,35.27588]]},"properties":{"net":"out","o":6}},{"type":"Feature","geometry":{"type":"LineString","coordinates":[[-83.46297,34.94743],[-83.46228,34.94747],[-83.46133,34.94786],[-83.46056,34.9485],[-83.45978,34.94935],[-83.45954,34.94948],[-83.45874,34.94949],[-83.4573,34.94918],[-83.456,34.9492]]},"properties":{"net":"NC2974","o":1}},{"type":"Feature","geometry":{"type":"LineString","coordinates":[[-83.45951,34.97418],[-83.45949,34.97413]]},"properties":{"net":"NC2974","o":2}},{"type":"Feature","geometry":{"type":"LineString","coordinates":[[-83.45702,34.97393],[-83.45582,34.97407],[-83.4547,34.97471],[-83.45431,34.97465],[-83.45419,34.97478],[-83.45395,34.97483],[-83.45373,34.97514],[-83.45318,34.9753],[-83.45257,34.97577],[-83.45248,34.97604],[-83.45255,34.97698],[-83.45191,34.97757],[-83.45181,34.97809],[-83.45185,34.97875]]},"properties":{"net":"NC2974","o":2}},{"type":"Feature","geometry":{"type":"LineString","coordinates":[[-83.45185,34.97875],[-83.45153,34.97905],[-83.45043,34.97953],[-83.45026,34.97949],[-83.4498,34.97906]]},"properties":{"net":"NC2974","o":2}},{"type":"Feature","geometry":{"type":"LineString","coordinates":[[-83.45043,35.05627],[-83.44911,35.05645],[-83.44867,35.05662]]},"properties":{"net":"sm54751","o":1}},{"type":"Feature","geometry":{"type":"LineString","coordinates":[[-83.45996,35.08819],[-83.45929,35.08889],[-83.459,35.08978],[-83.45883,35.09115],[-83.4585,35.09213],[-83.45868,35.0931],[-83.45837,35.09393],[-83.45829,35.09511],[-83.4584,35.09601],[-83.45863,35.09659],[-83.45802,35.09734],[-83.45789,35.0979]]},"properties":{"net":"NC6212","o":2}},{"type":"Feature","geometry":{"type":"LineString","coordinates":[[-83.68471,35.14995],[-83.68411,35.14979],[-83.68196,35.14972],[-83.68028,35.14932],[-83.67905,35.14943],[-83.67806,35.14981],[-83.67653,35.14981],[-83.67506,35.15017],[-83.67316,35.15025],[-83.67215,35.15016]]},"properties":{"net":"NC3035","o":1}},{"type":"Feature","geometry":{"type":"LineString","coordinates":[[-83.69758,35.17747],[-83.69679,35.17811]]},"properties":{"net":"NC3035","o":3}},{"type":"Feature","geometry":{"type":"LineString","coordinates":[[-83.68441,35.16719],[-83.68457,35.16799],[-83.68453,35.1685],[-83.68393,35.16934],[-83.68311,35.16993],[-83.68257,35.16999],[-83.68126,35.16973],[-83.67944,35.16961],[-83.67898,35.16975],[-83.67807,35.17027],[-83.67565,35.17054],[-83.67492,35.17079],[-83.67305,35.17112],[-83.67187,35.17118],[-83.66904,35.17194]]},"properties":{"net":"NC3035","o":1}},{"type":"Feature","geometry":{"type":"LineString","coordinates":[[-83.68078,35.275],[-83.68165,35.27581],[-83.68191,35.27647],[-83.6819,35.27683],[-83.68144,35.27728],[-83.68062,35.2776],[-83.67982,35.27818]]},"properties":{"net":"out","o":5}},{"type":"Feature","geometry":{"type":"LineString","coordinates":[[-83.66722,35.13073],[-83.66827,35.13125],[-83.67046,35.13167],[-83.67237,35.13221]]},"properties":{"net":"NC3035","o":1}},{"type":"Feature","geometry":{"type":"LineString","coordinates":[[-83.67241,35.13468],[-83.67224,35.13525],[-83.67077,35.13603],[-83.66932,35.13729],[-83.66866,35.1381],[-83.66786,35.13957],[-83.66722,35.141],[-83.66723,35.14247],[-83.66751,35.14327]]},"properties":{"net":"NC3035","o":3}},{"type":"Feature","geometry":{"type":"LineString","coordinates":[[-83.65955,35.16088],[-83.66039,35.16297],[-83.66044,35.16749]]},"properties":{"net":"NC3035","o":4}},{"type":"Feature","geometry":{"type":"LineString","coordinates":[[-83.65235,35.17772],[-83.653,35.17745],[-83.65514,35.17748],[-83.65576,35.1778],[-83.65624,35.17821],[-83.65653,35.17867],[-83.65667,35.17924]]},"properties":{"net":"NC3035","o":2}},{"type":"Feature","geometry":{"type":"LineString","coordinates":[[-83.64459,35.30933],[-83.64412,35.31042]]},"properties":{"net":"out","o":5}},{"type":"Feature","geometry":{"type":"LineString","coordinates":[[-83.60582,35.23207],[-83.60578,35.23115],[-83.60546,35.23044],[-83.60552,35.22924],[-83.60544,35.22856],[-83.60597,35.22793],[-83.60614,35.22744],[-83.60668,35.22685],[-83.60689,35.22674],[-83.60738,35.22676],[-83.60838,35.22622],[-83.60898,35.22608],[-83.61049,35.2255],[-83.61152,35.2256],[-83.61236,35.22541],[-83.6128,35.22548],[-83.61357,35.22542],[-83.6151,35.22565]]},"properties":{"net":"NC3207","o":1}},{"type":"Feature","geometry":{"type":"LineString","coordinates":[[-83.60338,35.36301],[-83.60229,35.36259],[-83.59993,35.36145],[-83.59819,35.36107],[-83.59639,35.36012],[-83.59598,35.35976],[-83.59576,35.35936],[-83.59517,35.3587],[-83.5946,35.35832],[-83.59409,35.3573],[-83.59379,35.35691]]},"properties":{"net":"sm8796217","o":1}},{"type":"Feature","geometry":{"type":"LineString","coordinates":[[-83.59467,35.36401],[-83.59407,35.36359],[-83.59277,35.36316],[-83.59198,35.36215],[-83.59103,35.36155],[-83.59073,35.36095],[-83.59063,35.36003],[-83.58981,35.3591],[-83.58936,35.35826]]},"properties":{"net":"sm8796217","o":2}},{"type":"Feature","geometry":{"type":"LineString","coordinates":[[-83.62843,35.32945],[-83.62804,35.32983],[-83.62792,35.3301],[-83.62793,35.33042],[-83.62826,35.33146],[-83.6283,35.33207],[-83.6282,35.33265],[-83.62804,35.33298]]},"properties":{"net":"out","o":5}},{"type":"Feature","geometry":{"type":"LineString","coordinates":[[-83.62784,35.38018],[-83.62819,35.38124],[-83.62827,35.38219],[-83.62797,35.38264],[-83.62763,35.3829],[-83.62634,35.38333],[-83.62562,35.38403],[-83.62527,35.38418]]},"properties":{"net":"out","o":4}},{"type":"Feature","geometry":{"type":"LineString","coordinates":[[-83.63414,35.51939],[-83.63433,35.51924]]},"properties":{"net":"out","o":4}},{"type":"Feature","geometry":{"type":"LineString","coordinates":[[-83.59599,35.34462],[-83.59499,35.34455],[-83.59279,35.34392],[-83.59226,35.34395],[-83.59107,35.34429],[-83.58942,35.34385],[-83.5884,35.34314],[-83.58786,35.343],[-83.58587,35.34289],[-83.58529,35.34302],[-83.58447,35.34349]]},"properties":{"net":"sm8796216","o":2}},{"type":"Feature","geometry":{"type":"LineString","coordinates":[[-83.6102,35.35494],[-83.60898,35.35429],[-83.60817,35.35403],[-83.60734,35.35353],[-83.60609,35.353],[-83.60451,35.3528],[-83.60405,35.35283],[-83.60354,35.35305],[-83.60257,35.35289],[-83.60199,35.35298],[-83.60091,35.35269],[-83.59991,35.35268],[-83.59951,35.35287],[-83.59921,35.35336],[-83.59869,35.35386],[-83.59737,35.35438]]},"properties":{"net":"sm8796217","o":1}},{"type":"Feature","geometry":{"type":"LineString","coordinates":[[-83.5233,35.34339],[-83.52286,35.34355],[-83.52261,35.34377]]},"properties":{"net":"out","o":6}},{"type":"Feature","geometry":{"type":"LineString","coordinates":[[-83.52192,35.33456],[-83.52394,35.3351],[-83.52592,35.33592],[-83.52647,35.33626],[-83.52827,35.33779]]},"properties":{"net":"out","o":6}},{"type":"Feature","geometry":{"type":"LineString","coordinates":[[-83.52563,35.37768],[-83.52648,35.37801],[-83.52923,35.37834]]},"properties":{"net":"out","o":6}},{"type":"Feature","geometry":{"type":"LineString","coordinates":[[-83.49498,35.29618],[-83.49561,35.29677]]},"properties":{"net":"out","o":6}},{"type":"Feature","geometry":{"type":"LineString","coordinates":[[-83.49341,35.29396],[-83.49432,35.29538],[-83.49498,35.29618]]},"properties":{"net":"out","o":6}},{"type":"Feature","geometry":{"type":"LineString","coordinates":[[-83.49781,35.31721],[-83.49844,35.31677],[-83.50052,35.31492],[-83.50141,35.3147],[-83.50287,35.31504],[-83.50334,35.31483],[-83.50383,35.31445]]},"properties":{"net":"out","o":4}},{"type":"Feature","geometry":{"type":"LineString","coordinates":[[-83.48973,35.35461],[-83.49028,35.35509],[-83.49119,35.35558],[-83.49216,35.35643],[-83.49327,35.35702],[-83.49351,35.35726],[-83.49362,35.35757]]},"properties":{"net":"sm3005","o":2}},{"type":"Feature","geometry":{"type":"LineString","coordinates":[[-83.49362,35.35757],[-83.49419,35.35877],[-83.4948,35.35973],[-83.49516,35.36095],[-83.49547,35.36167],[-83.49618,35.36252],[-83.49744,35.36331],[-83.49833,35.3645]]},"properties":{"net":"sm3004","o":2}},{"type":"Feature","geometry":{"type":"LineString","coordinates":[[-83.4926,35.38874],[-83.4932,35.38858],[-83.49539,35.38859],[-83.49634,35.38832],[-83.4976,35.38819],[-83.49914,35.38844]]},"properties":{"net":"out","o":4}},{"type":"Feature","geometry":{"type":"LineString","coordinates":[[-83.48586,35.08193],[-83.48523,35.08236],[-83.48479,35.08243],[-83.4835,35.08238],[-83.48199,35.08283],[-83.47977,35.08458],[-83.47892,35.08571],[-83.47849,35.08606]]},"properties":{"net":"sm54724","o":1}},{"type":"Feature","geometry":{"type":"LineString","coordinates":[[-83.47849,35.08606],[-83.47789,35.08666],[-83.47697,35.08722],[-83.47649,35.08732],[-83.47571,35.08729],[-83.47471,35.08742],[-83.47345,35.08714],[-83.47251,35.08673],[-83.47157,35.08667],[-83.47089,35.08643],[-83.46804,35.08639],[-83.46769,35.08628],[-83.46695,35.08577],[-83.46583,35.08568],[-83.46482,35.08514],[-83.46444,35.0851],[-83.4629,35.08563],[-83.46227,35.08651],[-83.46197,35.08675]]},"properties":{"net":"NC6212","o":1}},{"type":"Feature","geometry":{"type":"LineString","coordinates":[[-83.4756,35.11378],[-83.47541,35.11391],[-83.47517,35.11432],[-83.47449,35.11482],[-83.47433,35.11537],[-83.47396,35.11596],[-83.47342,35.11639],[-83.47329,35.11662],[-83.47344,35.11728],[-83.47317,35.11763],[-83.4732,35.11779],[-83.47413,35.1183],[-83.47418,35.11877],[-83.47437,35.11926],[-83.47438,35.11947],[-83.47418,35.12001],[-83.47447,35.12155],[-83.47432,35.12205]]},"properties":{"net":"NC6212","o":3}},{"type":"Feature","geometry":{"type":"LineString","coordinates":[[-83.49088,35.22409],[-83.49051,35.22427],[-83.48993,35.22429],[-83.48935,35.22411],[-83.48889,35.22408],[-83.48818,35.22377],[-83.48702,35.2236],[-83.4863,35.22436],[-83.48623,35.22515],[-83.48602,35.22552],[-83.48416,35.22553],[-83.48355,35.22541],[-83.48315,35.22516],[-83.48263,35.22434],[-83.48234,35.22351],[-83.48177,35.22302],[-83.48111,35.22292],[-83.47952,35.22312],[-83.47939,35.22326],[-83.4801,35.22396],[-83.4804,35.22441],[-83.48049,35.22476],[-83.48035,35.22504],[-83.47971,35.22524],[-83.47813,35.22541],[-83.47772,35.22587],[-83.47733,35.22662],[-83.47697,35.22679],[-83.47644,35.22678],[-83.47331,35.22619],[-83.47252,35.22615],[-83.4721,35.22624],[-83.47178,35.22648],[-83.47168,35.22673],[-83.47138,35.22914]]},"properties":{"net":"out","o":4}},{"type":"Feature","geometry":{"type":"LineString","coordinates":[[-83.47899,34.97604],[-83.47615,34.97518],[-83.47533,34.9752],[-83.47299,34.97594],[-83.47245,34.97599],[-83.47123,34.97591],[-83.47061,34.97557],[-83.47022,34.97563],[-83.46949,34.97537],[-83.46707,34.97395],[-83.46657,34.97376],[-83.46575,34.97386],[-83.46551,34.97375],[-83.46526,34.97347]]},"properties":{"net":"NC2974","o":1}},{"type":"Feature","geometry":{"type":"LineString","coordinates":[[-83.47432,34.99465],[-83.47404,34.99424],[-83.47357,34.99389],[-83.47238,34.99325],[-83.47198,34.99293],[-83.47142,34.99224],[-83.47103,34.99203],[-83.47016,34.99114],[-83.46811,34.99027],[-83.46693,34.98998],[-83.46614,34.98966],[-83.46537,34.98893],[-83.46484,34.98877]]},"properties":{"net":"NC2974","o":1}},{"type":"Feature","geometry":{"type":"LineString","coordinates":[[-83.46808,34.99661],[-83.46783,34.99657],[-83.46738,34.99629],[-83.46686,34.99555],[-83.46589,34.99504],[-83.46484,34.99433],[-83.46394,34.99399],[-83.46251,34.99292],[-83.46176,34.99267]]},"properties":{"net":"NC2974","o":1}},{"type":"Feature","geometry":{"type":"LineString","coordinates":[[-83.46791,34.97943],[-83.46665,34.97997],[-83.46557,34.98055],[-83.46475,34.98061],[-83.46393,34.98093],[-83.46335,34.98097],[-83.46226,34.98055],[-83.46157,34.98099],[-83.46108,34.98106],[-83.46058,34.98086],[-83.46011,34.98095],[-83.45842,34.98027],[-83.45614,34.98009],[-83.4558,34.97966],[-83.45563,34.97959],[-83.45568,34.9794],[-83.45536,34.97923]]},"properties":{"net":"NC2974","o":1}},{"type":"Feature","geometry":{"type":"LineString","coordinates":[[-83.47105,35.12126],[-83.47133,35.12144],[-83.47206,35.12158],[-83.47261,35.12182],[-83.47375,35.12158],[-83.47432,35.12205]]},"properties":{"net":"NC6212","o":3}},{"type":"Feature","geometry":{"type":"LineString","coordinates":[[-83.48406,35.14451],[-83.48385,35.14484],[-83.48254,35.14609],[-83.48249,35.14635],[-83.48282,35.1469],[-83.48282,35.14711],[-83.48266,35.14733],[-83.48207,35.1475],[-83.4821,35.1481],[-83.48176,35.1483]]},"properties":{"net":"NC6212","o":4}},{"type":"Feature","geometry":{"type":"LineString","coordinates":[[-83.46951,35.17573],[-83.46932,35.17573],[-83.469,35.17549]]},"properties":{"net":"NC6212","o":1}},{"type":"Feature","geometry":{"type":"LineString","coordinates":[[-83.636,35.32055],[-83.63564,35.32086],[-83.6344,35.32145]]},"properties":{"net":"out","o":5}},{"type":"Feature","geometry":{"type":"LineString","coordinates":[[-83.65346,35.30074],[-83.65368,35.30149],[-83.65397,35.30199]]},"properties":{"net":"out","o":5}},{"type":"Feature","geometry":{"type":"LineString","coordinates":[[-83.63437,35.44246],[-83.63582,35.44234],[-83.63682,35.44237],[-83.63772,35.44255]]},"properties":{"net":"out","o":7}},{"type":"Feature","geometry":{"type":"LineString","coordinates":[[-83.63124,35.32734],[-83.63116,35.32759],[-83.63096,35.32778],[-83.62993,35.32848]]},"properties":{"net":"out","o":5}},{"type":"Feature","geometry":{"type":"LineString","coordinates":[[-83.63433,35.51924],[-83.63488,35.51863],[-83.63514,35.51852],[-83.63548,35.51859],[-83.63622,35.51897],[-83.63664,35.51897],[-83.63782,35.5187],[-83.63868,35.51896],[-83.63936,35.51905],[-83.63982,35.51897],[-83.64003,35.51882],[-83.6403,35.51828],[-83.64125,35.51747],[-83.64148,35.51683],[-83.6429,35.51657]]},"properties":{"net":"out","o":4}},{"type":"Feature","geometry":{"type":"LineString","coordinates":[[-83.62786,35.37113],[-83.62861,35.37149],[-83.6288,35.37176],[-83.62891,35.37233],[-83.62881,35.37388],[-83.62888,35.37424],[-83.62916,35.3744],[-83.62999,35.37462],[-83.63019,35.37481],[-83.63008,35.37594],[-83.62982,35.37665]]},"properties":{"net":"out","o":4}},{"type":"Feature","geometry":{"type":"LineString","coordinates":[[-83.62005,35.4364],[-83.62082,35.43639],[-83.62318,35.43672],[-83.62399,35.43703],[-83.62611,35.43872],[-83.62794,35.43991],[-83.62985,35.44099]]},"properties":{"net":"out","o":7}},{"type":"Feature","geometry":{"type":"LineString","coordinates":[[-83.78653,35.46612],[-83.78689,35.46526],[-83.78706,35.46458],[-83.78688,35.46365]]},"properties":{"net":"out","o":4}},{"type":"Feature","geometry":{"type":"LineString","coordinates":[[-83.77965,35.47274],[-83.78041,35.47231],[-83.78113,35.47148],[-83.78225,35.47052]]},"properties":{"net":"out","o":4}},{"type":"Feature","geometry":{"type":"LineString","coordinates":[[-83.60894,35.10764],[-83.60854,35.10796],[-83.60829,35.10831],[-83.60799,35.10997]]},"properties":{"net":"NC3035","o":2}},{"type":"Feature","geometry":{"type":"LineString","coordinates":[[-83.59542,35.10416],[-83.59548,35.10425]]},"properties":{"net":"NC3035","o":1}},{"type":"Feature","geometry":{"type":"LineString","coordinates":[[-83.57846,35.34824],[-83.57791,35.34828],[-83.57677,35.34802],[-83.57421,35.34638],[-83.57023,35.34455],[-83.56951,35.34425],[-83.56906,35.34425]]},"properties":{"net":"out","o":5}},{"type":"Feature","geometry":{"type":"LineString","coordinates":[[-83.57764,35.17063],[-83.57753,35.17044],[-83.57755,35.16986],[-83.57719,35.16959],[-83.57716,35.16943],[-83.57743,35.16782],[-83.57765,35.16723],[-83.57747,35.16702],[-83.57664,35.16655],[-83.57631,35.16622],[-83.57635,35.16499],[-83.5761,35.16371],[-83.57545,35.16288],[-83.57327,35.16118],[-83.57271,35.16016],[-83.57227,35.15965],[-83.57181,35.15876],[-83.57152,35.15841],[-83.57107,35.15824],[-83.5694,35.15813]]},"properties":{"net":"NC6212","o":1}},{"type":"Feature","geometry":{"type":"LineString","coordinates":[[-83.58929,35.24385],[-83.59035,35.2433],[-83.59114,35.24253],[-83.59226,35.2411],[-83.5926,35.24039],[-83.59257,35.23996],[-83.59246,35.23971],[-83.59163,35.23877],[-83.59061,35.23842],[-83.59042,35.23827],[-83.59043,35.23748],[-83.59002,35.23691],[-83.58987,35.23652],[-83.5899,35.23637],[-83.5903,35.2359],[-83.58995,35.23502]]},"properties":{"net":"sm2849","o":1}},{"type":"Feature","geometry":{"type":"LineString","coordinates":[[-83.56851,35.35164],[-83.56731,35.35119],[-83.5667,35.35078]]},"properties":{"net":"sm8796217","o":3}},{"type":"Feature","geometry":{"type":"LineString","coordinates":[[-83.56573,35.3507],[-83.56454,35.35299],[-83.56435,35.35347],[-83.56425,35.35409],[-83.56336,35.35549]]},"properties":{"net":"out","o":5}},{"type":"Feature","geometry":{"type":"LineString","coordinates":[[-83.55788,35.36971],[-83.55905,35.36934]]},"properties":{"net":"sm8796222","o":1}},{"type":"Feature","geometry":{"type":"LineString","coordinates":[[-83.55734,35.38069],[-83.56122,35.38029],[-83.56391,35.38137]]},"properties":{"net":"out","o":6}},{"type":"Feature","geometry":{"type":"LineString","coordinates":[[-83.54305,35.3928],[-83.54676,35.39281]]},"properties":{"net":"out","o":4}},{"type":"Feature","geometry":{"type":"LineString","coordinates":[[-83.53058,35.37859],[-83.53365,35.37964]]},"properties":{"net":"out","o":6}},{"type":"Feature","geometry":{"type":"LineString","coordinates":[[-83.55723,35.36476],[-83.55715,35.36498]]},"properties":{"net":"sm8796222","o":1}},{"type":"Feature","geometry":{"type":"LineString","coordinates":[[-83.55357,35.36545],[-83.55372,35.36514]]},"properties":{"net":"sm8796222","o":1}},{"type":"Feature","geometry":{"type":"LineString","coordinates":[[-83.56879,35.37267],[-83.56667,35.3734]]},"properties":{"net":"sm8796220","o":1}},{"type":"Feature","geometry":{"type":"LineString","coordinates":[[-83.56786,35.3787],[-83.56728,35.37931],[-83.56687,35.37957],[-83.56592,35.37991]]},"properties":{"net":"sm8796223","o":2}},{"type":"Feature","geometry":{"type":"LineString","coordinates":[[-83.56018,35.37259],[-83.56043,35.37235]]},"properties":{"net":"sm8796222","o":1}},{"type":"Feature","geometry":{"type":"LineString","coordinates":[[-83.55991,35.3731],[-83.56,35.37287]]},"properties":{"net":"sm8796222","o":1}},{"type":"Feature","geometry":{"type":"LineString","coordinates":[[-83.54631,35.30594],[-83.54639,35.30745],[-83.54615,35.30869],[-83.54604,35.30993],[-83.546,35.31397],[-83.54581,35.31425],[-83.54432,35.31473]]},"properties":{"net":"sm3003","o":1}},{"type":"Feature","geometry":{"type":"LineString","coordinates":[[-83.53751,35.29102],[-83.53735,35.29145],[-83.53694,35.29195],[-83.53511,35.2926],[-83.53486,35.29278],[-83.53403,35.2937],[-83.53274,35.29592],[-83.53216,35.29617],[-83.5316,35.29656]]},"properties":{"net":"sm3032","o":2}},{"type":"Feature","geometry":{"type":"LineString","coordinates":[[-83.54027,35.33204],[-83.53848,35.33269]]},"properties":{"net":"sm3002","o":2}},{"type":"Feature","geometry":{"type":"LineString","coordinates":[[-83.53848,35.33269],[-83.5365,35.33383],[-83.53615,35.33437],[-83.53595,35.33513],[-83.53521,35.33568],[-83.53508,35.33613],[-83.53515,35.33655],[-83.53505,35.3369]]},"properties":{"net":"sm3001","o":2}},{"type":"Feature","geometry":{"type":"LineString","coordinates":[[-83.54774,35.36721],[-83.54881,35.36617],[-83.5495,35.36536],[-83.55052,35.3648]]},"properties":{"net":"sm8796222","o":2}},{"type":"Feature","geometry":{"type":"LineString","coordinates":[[-83.54516,35.36806],[-83.54571,35.36786],[-83.54637,35.36777],[-83.54696,35.36734],[-83.54774,35.36721]]},"properties":{"net":"sm8796222","o":2}},{"type":"Feature","geometry":{"type":"LineString","coordinates":[[-83.53188,35.36751],[-83.53294,35.3676],[-83.53427,35.36755],[-83.53597,35.36708],[-83.53657,35.36705],[-83.53721,35.36675],[-83.53783,35.36676],[-83.53841,35.36661],[-83.53932,35.36617],[-83.53952,35.36615],[-83.54122,35.36688],[-83.54214,35.36692],[-83.54335,35.3675],[-83.54516,35.36806]]},"properties":{"net":"sm8796222","o":1}},{"type":"Feature","geometry":{"type":"LineString","coordinates":[[-83.51232,35.27222],[-83.51138,35.27246],[-83.51016,35.2733],[-83.50926,35.27342]]},"properties":{"net":"NC6243","o":4}},{"type":"Feature","geometry":{"type":"LineString","coordinates":[[-83.50926,35.27342],[-83.50892,35.27349]]},"properties":{"net":"out","o":4}},{"type":"Feature","geometry":{"type":"LineString","coordinates":[[-83.52169,35.30894],[-83.52178,35.30995],[-83.52161,35.31078],[-83.52164,35.31132]]},"properties":{"net":"out","o":6}},{"type":"Feature","geometry":{"type":"LineString","coordinates":[[-83.5142,35.29844],[-83.51475,35.29908],[-83.51656,35.29992],[-83.51725,35.3]]},"properties":{"net":"out","o":6}},{"type":"Feature","geometry":{"type":"LineString","coordinates":[[-83.51754,35.3199],[-83.51767,35.32016],[-83.51797,35.32041]]},"properties":{"net":"out","o":4}},{"type":"Feature","geometry":{"type":"LineString","coordinates":[[-83.51353,35.32848],[-83.51308,35.32915],[-83.51302,35.32951],[-83.51313,35.33005],[-83.51351,35.33065],[-83.51477,35.33179]]},"properties":{"net":"out","o":6}},{"type":"Feature","geometry":{"type":"LineString","coordinates":[[-83.53209,35.27615],[-83.53147,35.27648],[-83.53117,35.27689],[-83.53009,35.27717],[-83.52935,35.27778],[-83.52877,35.27754],[-83.52825,35.27764],[-83.5276,35.27753],[-83.52659,35.27702],[-83.52602,35.27718]]},"properties":{"net":"NC6243","o":4}},{"type":"Feature","geometry":{"type":"LineString","coordinates":[[-83.5124,35.02631],[-83.51251,35.02706],[-83.51234,35.02788],[-83.51262,35.02828],[-83.51287,35.02896],[-83.51265,35.02944],[-83.51268,35.0298]]},"properties":{"net":"NC3035","o":2}},{"type":"Feature","geometry":{"type":"LineString","coordinates":[[-83.54173,35.30394],[-83.54086,35.30437],[-83.53896,35.30505],[-83.53484,35.30535],[-83.53134,35.30604],[-83.53023,35.30588],[-83.5293,35.30631],[-83.52836,35.30658],[-83.52764,35.30656],[-83.52659,35.30671],[-83.52484,35.30639],[-83.52358,35.30642]]},"properties":{"net":"sm3032","o":1}},{"type":"Feature","geometry":{"type":"LineString","coordinates":[[-83.52319,35.14082],[-83.52179,35.14082],[-83.51892,35.14175],[-83.51789,35.14185],[-83.51676,35.14158],[-83.51611,35.14128],[-83.51548,35.1412],[-83.51426,35.14069],[-83.5133,35.14089],[-83.51212,35.14135],[-83.51138,35.14122],[-83.51101,35.14104],[-83.5095,35.14084],[-83.50898,35.14067],[-83.50788,35.14087],[-83.50703,35.14119],[-83.50648,35.14107],[-83.5059,35.1411],[-83.50509,35.14071]]},"properties":{"net":"NC6212","o":1}},{"type":"Feature","geometry":{"type":"LineString","coordinates":[[-83.52357,35.18293],[-83.52314,35.18272],[-83.52277,35.18266],[-83.5214,35.18287],[-83.52058,35.1831],[-83.51955,35.18247],[-83.5189,35.18233],[-83.51757,35.18153],[-83.51691,35.18138],[-83.51452,35.18134],[-83.51386,35.1812],[-83.51326,35.18093],[-83.51322,35.1805],[-83.513,35.18019],[-83.513,35.17988],[-83.51267,35.17942]]},"properties":{"net":"NC6212","o":1}},{"type":"Feature","geometry":{"type":"LineString","coordinates":[[-83.50553,35.31387],[-83.50621,35.3142],[-83.50677,35.31405],[-83.50693,35.31376],[-83.50679,35.31306],[-83.50695,35.3127],[-83.50719,35.31252],[-83.50739,35.31253],[-83.50799,35.31297],[-83.50852,35.31319],[-83.50938,35.31318],[-83.50988,35.31291],[-83.51004,35.31261],[-83.50999,35.31245],[-83.5088,35.31108]]},"properties":{"net":"out","o":4}},{"type":"Feature","geometry":{"type":"LineString","coordinates":[[-83.52519,35.34315],[-83.52448,35.34334],[-83.5233,35.34339]]},"properties":{"net":"out","o":6}},{"type":"Feature","geometry":{"type":"LineString","coordinates":[[-83.50509,35.14071],[-83.50416,35.13999],[-83.50388,35.13989],[-83.50216,35.1399],[-83.50081,35.14015],[-83.49988,35.1401],[-83.4994,35.13998],[-83.49757,35.14033],[-83.49592,35.14116]]},"properties":{"net":"NC6212","o":2}},{"type":"Feature","geometry":{"type":"LineString","coordinates":[[-83.50108,35.16464],[-83.50016,35.16446],[-83.49867,35.16397],[-83.49844,35.16367],[-83.49812,35.16244]]},"properties":{"net":"NC6212","o":3}},{"type":"Feature","geometry":{"type":"LineString","coordinates":[[-83.52279,35.09853],[-83.52139,35.09882],[-83.52048,35.09875],[-83.51733,35.09894],[-83.51626,35.09932],[-83.51441,35.10018],[-83.51358,35.10015]]},"properties":{"net":"NC6212","o":1}},{"type":"Feature","geometry":{"type":"LineString","coordinates":[[-83.5118,35.11172],[-83.51161,35.11196],[-83.51133,35.11313],[-83.51109,35.11365]]},"properties":{"net":"NC6212","o":1}},{"type":"Feature","geometry":{"type":"LineString","coordinates":[[-83.51358,35.10015],[-83.5131,35.10013],[-83.51262,35.0998],[-83.51226,35.09972],[-83.5111,35.09994],[-83.51005,35.10038],[-83.50973,35.10038],[-83.50921,35.1002]]},"properties":{"net":"NC6212","o":2}},{"type":"Feature","geometry":{"type":"LineString","coordinates":[[-83.51567,35.12198],[-83.51547,35.12265],[-83.51574,35.12311],[-83.51572,35.12337],[-83.5149,35.12447],[-83.51425,35.1251],[-83.51426,35.12586],[-83.51448,35.12644]]},"properties":{"net":"sm3010","o":1}},{"type":"Feature","geometry":{"type":"LineString","coordinates":[[-83.51512,35.15277],[-83.51509,35.15322],[-83.51494,35.15355],[-83.51495,35.15436],[-83.51455,35.15475],[-83.51443,35.15498],[-83.51451,35.15556],[-83.51441,35.15597],[-83.51507,35.15729],[-83.5149,35.15916],[-83.51568,35.16132],[-83.51575,35.16189],[-83.51612,35.16231],[-83.51612,35.16247],[-83.51585,35.16269],[-83.51459,35.16312],[-83.51333,35.16307],[-83.5127,35.16363],[-83.5108,35.16398],[-83.50997,35.16446],[-83.50881,35.16468]]},"properties":{"net":"NC6212","o":1}},{"type":"Feature","geometry":{"type":"LineString","coordinates":[[-83.49397,35.00203],[-83.49425,35.00348],[-83.49427,35.00435],[-83.49445,35.00523],[-83.49492,35.00616],[-83.49464,35.00695],[-83.49462,35.01048],[-83.4943,35.01136],[-83.4944,35.01182],[-83.49491,35.01252]]},"properties":{"net":"NC3035","o":1}},{"type":"Feature","geometry":{"type":"LineString","coordinates":[[-83.50819,35.10785],[-83.50654,35.1091],[-83.50495,35.11069],[-83.50463,35.11113],[-83.50345,35.11156],[-83.5034,35.11171],[-83.5036,35.11213],[-83.50355,35.11261],[-83.50341,35.11283],[-83.50273,35.11321],[-83.50234,35.11385],[-83.50228,35.1141],[-83.50255,35.11489],[-83.50244,35.1153],[-83.50215,35.11569],[-83.50098,35.11628],[-83.5002,35.11684],[-83.49968,35.11705],[-83.49953,35.11728],[-83.49876,35.11783],[-83.49829,35.11835]]},"properties":{"net":"NC6212","o":1}},{"type":"Feature","geometry":{"type":"LineString","coordinates":[[-83.44827,35.1723],[-83.44843,35.17164],[-83.44936,35.17048],[-83.44961,35.17001],[-83.45022,35.16688]]},"properties":{"net":"NC6212","o":1}},{"type":"Feature","geometry":{"type":"LineString","coordinates":[[-83.45172,35.27721],[-83.45287,35.27465],[-83.45295,35.27392],[-83.45281,35.27288],[-83.45264,35.27243],[-83.45265,35.27177],[-83.45322,35.2708],[-83.45333,35.26983],[-83.45367,35.26938]]},"properties":{"net":"out","o":6}},{"type":"Feature","geometry":{"type":"LineString","coordinates":[[-83.45294,35.35762],[-83.45331,35.35754],[-83.45358,35.3576],[-83.45436,35.35803]]},"properties":{"net":"out","o":4}},{"type":"Feature","geometry":{"type":"LineString","coordinates":[[-83.45728,35.10723],[-83.45804,35.10783],[-83.45934,35.10816],[-83.45989,35.10839],[-83.46016,35.10863],[-83.46046,35.10918],[-83.46078,35.10943],[-83.46159,35.10951],[-83.46228,35.10986],[-83.46242,35.11014],[-83.4626,35.11096],[-83.46339,35.11195],[-83.46374,35.11304],[-83.46381,35.11378]]},"properties":{"net":"NC6212","o":2}},{"type":"Feature","geometry":{"type":"LineString","coordinates":[[-83.46197,35.1508],[-83.46128,35.15128],[-83.46029,35.15232]]},"properties":{"net":"NC6212","o":4}},{"type":"Feature","geometry":{"type":"LineString","coordinates":[[-83.45414,35.15802],[-83.45352,35.15828],[-83.4532,35.15826],[-83.45295,35.15809],[-83.45289,35.15779],[-83.45322,35.15746],[-83.45334,35.15712],[-83.45313,35.15681],[-83.45284,35.15671],[-83.45205,35.15685],[-83.44995,35.15765]]},"properties":{"net":"NC6212","o":4}},{"type":"Feature","geometry":{"type":"LineString","coordinates":[[-83.70562,35.44162],[-83.712,35.4416],[-83.7143,35.44174],[-83.71641,35.44244],[-83.71686,35.44268]]},"properties":{"net":"out","o":7}},{"type":"Feature","geometry":{"type":"LineString","coordinates":[[-83.71004,35.48101],[-83.71133,35.48155],[-83.7125,35.48224]]},"properties":{"net":"out","o":4}},{"type":"Feature","geometry":{"type":"LineString","coordinates":[[-83.67857,35.4169],[-83.67799,35.41723],[-83.67742,35.41733],[-83.67513,35.41723],[-83.67474,35.41736],[-83.67402,35.41796],[-83.67333,35.41828],[-83.67183,35.41891],[-83.6707,35.41921]]},"properties":{"net":"out","o":4}},{"type":"Feature","geometry":{"type":"LineString","coordinates":[[-83.68846,35.49399],[-83.68884,35.49358],[-83.68902,35.49277],[-83.68899,35.49241],[-83.68874,35.49174],[-83.68877,35.49096]]},"properties":{"net":"out","o":4}},{"type":"Feature","geometry":{"type":"LineString","coordinates":[[-83.67962,35.49923],[-83.68005,35.49927],[-83.68067,35.49909],[-83.68192,35.49844],[-83.68271,35.49778],[-83.68284,35.49741],[-83.68304,35.4972],[-83.6841,35.49652],[-83.68422,35.49633],[-83.68413,35.49585],[-83.68375,35.49519],[-83.68375,35.49496],[-83.68413,35.49497],[-83.68464,35.49538],[-83.68534,35.49577],[-83.68637,35.49594],[-83.68679,35.4957],[-83.68702,35.49518],[-83.68804,35.49456],[-83.6881,35.49417],[-83.68846,35.49399]]},"properties":{"net":"out","o":4}},{"type":"Feature","geometry":{"type":"LineString","coordinates":[[-83.68026,35.37218],[-83.68005,35.37237]]},"properties":{"net":"out","o":4}},{"type":"Feature","geometry":{"type":"LineString","coordinates":[[-83.67828,35.3905],[-83.67915,35.39123],[-83.67934,35.39184],[-83.67989,35.39246],[-83.67954,35.39418],[-83.67897,35.39491],[-83.67863,35.39514],[-83.67835,35.39519]]},"properties":{"net":"out","o":4}},{"type":"Feature","geometry":{"type":"LineString","coordinates":[[-83.67234,35.28301],[-83.67149,35.28344]]},"properties":{"net":"out","o":5}},{"type":"Feature","geometry":{"type":"LineString","coordinates":[[-83.66721,35.28639],[-83.667,35.28652]]},"properties":{"net":"out","o":5}},{"type":"Feature","geometry":{"type":"LineString","coordinates":[[-83.66755,35.28634],[-83.66696,35.2872],[-83.66671,35.28724],[-83.66642,35.28715]]},"properties":{"net":"out","o":5}},{"type":"Feature","geometry":{"type":"LineString","coordinates":[[-83.66624,35.28716],[-83.66613,35.28713]]},"properties":{"net":"out","o":5}},{"type":"Feature","geometry":{"type":"LineString","coordinates":[[-83.63561,35.20035],[-83.63602,35.20018],[-83.63613,35.19971],[-83.63661,35.19919],[-83.63809,35.19823]]},"properties":{"net":"NC3035","o":2}},{"type":"Feature","geometry":{"type":"LineString","coordinates":[[-83.67061,35.19821],[-83.67031,35.19772],[-83.67044,35.19695],[-83.67026,35.19571],[-83.67057,35.19539],[-83.67065,35.19515],[-83.67084,35.19423],[-83.67081,35.1935],[-83.67102,35.19303],[-83.67118,35.19211],[-83.67163,35.19075],[-83.67167,35.19016],[-83.67185,35.18972],[-83.6724,35.18908],[-83.67266,35.18845],[-83.67307,35.18779],[-83.67335,35.18749]]},"properties":{"net":"NC3035","o":1}},{"type":"Feature","geometry":{"type":"LineString","coordinates":[[-83.67413,35.23001],[-83.67284,35.22963],[-83.67246,35.22936],[-83.67189,35.22948],[-83.67124,35.22942]]},"properties":{"net":"sm2850","o":1}},{"type":"Feature","geometry":{"type":"LineString","coordinates":[[-83.6495,35.24742],[-83.6516,35.24681],[-83.65249,35.24671],[-83.65322,35.24681],[-83.65421,35.24721],[-83.6559,35.24724],[-83.65602,35.24735],[-83.65602,35.24755],[-83.65562,35.24836],[-83.65553,35.24879],[-83.65555,35.24971]]},"properties":{"net":"out","o":5}},{"type":"Feature","geometry":{"type":"LineString","coordinates":[[-83.66186,35.29163],[-83.66101,35.29424],[-83.66082,35.29458],[-83.66012,35.29513]]},"properties":{"net":"out","o":5}},{"type":"Feature","geometry":{"type":"LineString","coordinates":[[-83.63079,35.08068],[-83.63091,35.08148],[-83.63072,35.08218],[-83.63106,35.08295],[-83.63144,35.08322],[-83.6322,35.08356],[-83.63275,35.08409],[-83.63304,35.08476],[-83.63296,35.08572],[-83.63308,35.08596],[-83.63429,35.087],[-83.63497,35.08776],[-83.6357,35.08893]]},"properties":{"net":"NC3035","o":1}},{"type":"Feature","geometry":{"type":"LineString","coordinates":[[-83.64801,35.1146],[-83.64695,35.11571],[-83.6461,35.11628],[-83.64521,35.11707],[-83.64486,35.11778]]},"properties":{"net":"NC3035","o":2}},{"type":"Feature","geometry":{"type":"LineString","coordinates":[[-83.65161,35.12004],[-83.65098,35.12011],[-83.65054,35.12006],[-83.64997,35.12023],[-83.64955,35.11999],[-83.64841,35.1196],[-83.64749,35.11866],[-83.647,35.1183],[-83.64608,35.11814],[-83.64486,35.11778]]},"properties":{"net":"NC3035","o":1}},{"type":"Feature","geometry":{"type":"LineString","coordinates":[[-83.64096,35.25011],[-83.64098,35.25007]]},"properties":{"net":"out","o":4}},{"type":"Feature","geometry":{"type":"LineString","coordinates":[[-83.6232,35.09345],[-83.62437,35.0942],[-83.62473,35.09463]]},"properties":{"net":"NC3035","o":3}},{"type":"Feature","geometry":{"type":"LineString","coordinates":[[-83.64309,35.11904],[-83.64248,35.11965],[-83.64133,35.12129]]},"properties":{"net":"NC3035","o":2}},{"type":"Feature","geometry":{"type":"LineString","coordinates":[[-83.64995,35.13416],[-83.64997,35.13498]]},"properties":{"net":"NC3035","o":1}},{"type":"Feature","geometry":{"type":"LineString","coordinates":[[-83.65298,35.15461],[-83.65326,35.15499],[-83.65351,35.15614],[-83.65389,35.15677],[-83.65422,35.15701]]},"properties":{"net":"NC3035","o":4}},{"type":"Feature","geometry":{"type":"LineString","coordinates":[[-83.61108,35.18987],[-83.6116,35.18973],[-83.61293,35.19],[-83.61413,35.18973],[-83.61517,35.18977],[-83.61672,35.18938],[-83.61894,35.18931],[-83.62109,35.18906],[-83.62359,35.1893],[-83.62495,35.18913],[-83.6255,35.18925],[-83.62667,35.18904],[-83.62758,35.18902],[-83.62949,35.18852]]},"properties":{"net":"NC3035","o":1}},{"type":"Feature","geometry":{"type":"LineString","coordinates":[[-83.61934,35.2268],[-83.62032,35.227]]},"properties":{"net":"NC3207","o":4}},{"type":"Feature","geometry":{"type":"LineString","coordinates":[[-83.59201,35.15305],[-83.59268,35.15328],[-83.5934,35.15332],[-83.59627,35.1532],[-83.59769,35.15296],[-83.59835,35.15298],[-83.59899,35.15319],[-83.59988,35.1538],[-83.60106,35.15397],[-83.60293,35.15451],[-83.60446,35.15475]]},"properties":{"net":"NC3035","o":2}},{"type":"Feature","geometry":{"type":"LineString","coordinates":[[-83.7583,35.44206],[-83.76122,35.44212],[-83.76511,35.44285]]},"properties":{"net":"out","o":7}},{"type":"Feature","geometry":{"type":"LineString","coordinates":[[-83.60412,35.0743],[-83.60473,35.07448],[-83.60785,35.07479],[-83.6097,35.07525],[-83.61023,35.07564],[-83.61067,35.0761],[-83.61153,35.07768]]},"properties":{"net":"NC3035","o":3}},{"type":"Feature","geometry":{"type":"LineString","coordinates":[[-83.61276,35.08169],[-83.61297,35.08201],[-83.61272,35.08275],[-83.61269,35.08328]]},"properties":{"net":"NC3035","o":3}},{"type":"Feature","geometry":{"type":"LineString","coordinates":[[-83.61276,35.08169],[-83.61242,35.08187],[-83.61228,35.0821],[-83.61237,35.08317],[-83.61269,35.08328]]},"properties":{"net":"NC3035","o":3}},{"type":"Feature","geometry":{"type":"LineString","coordinates":[[-83.60938,35.1108],[-83.60933,35.11083]]},"properties":{"net":"NC3035","o":1}},{"type":"Feature","geometry":{"type":"LineString","coordinates":[[-83.60933,35.11083],[-83.60952,35.11113],[-83.60956,35.11154],[-83.60883,35.11307],[-83.6087,35.11365],[-83.60876,35.11406]]},"properties":{"net":"NC3035","o":4}},{"type":"Feature","geometry":{"type":"LineString","coordinates":[[-83.58278,35.36655],[-83.58049,35.36601],[-83.57889,35.36523],[-83.5778,35.36497],[-83.57707,35.36499],[-83.57668,35.3649],[-83.57511,35.36429],[-83.57432,35.36371],[-83.57382,35.36356],[-83.57308,35.36354],[-83.57182,35.36366],[-83.57033,35.36466]]},"properties":{"net":"sm8796221","o":1}},{"type":"Feature","geometry":{"type":"LineString","coordinates":[[-83.28399,35.12881],[-83.28346,35.12885],[-83.28299,35.12902],[-83.28248,35.12943],[-83.28213,35.1299]]},"properties":{"net":"NC2974","o":4}},{"type":"Feature","geometry":{"type":"LineString","coordinates":[[-83.28174,35.13593],[-83.28236,35.13681],[-83.2833,35.13755],[-83.28489,35.13711],[-83.28562,35.13719],[-83.28639,35.1379],[-83.28674,35.13846],[-83.28678,35.13981],[-83.28733,35.1411],[-83.28783,35.14153],[-83.28823,35.14162]]},"properties":{"net":"NC2974","o":4}},{"type":"Feature","geometry":{"type":"LineString","coordinates":[[-83.28213,35.1299],[-83.28181,35.13047],[-83.28179,35.13144],[-83.28157,35.13253],[-83.28148,35.13382]]},"properties":{"net":"NC2974","o":4}},{"type":"Feature","geometry":{"type":"LineString","coordinates":[[-83.29679,35.1917],[-83.29693,35.19155]]},"properties":{"net":"NC2974","o":1}},{"type":"Feature","geometry":{"type":"LineString","coordinates":[[-83.29169,35.19732],[-83.29115,35.19679],[-83.29042,35.19583],[-83.28989,35.19547],[-83.28843,35.1953],[-83.28709,35.19471],[-83.28584,35.19441],[-83.28474,35.19441],[-83.28349,35.19423],[-83.28227,35.19387],[-83.28199,35.19363]]},"properties":{"net":"NC2974","o":1}},{"type":"Feature","geometry":{"type":"LineString","coordinates":[[-83.26387,35.09579],[-83.26366,35.09666],[-83.26306,35.09761],[-83.26291,35.09816],[-83.26302,35.09857],[-83.26297,35.0991],[-83.26339,35.1],[-83.2637,35.10198],[-83.26387,35.10231],[-83.26408,35.10251],[-83.26433,35.10254],[-83.26707,35.10213],[-83.26751,35.10218],[-83.26882,35.10275],[-83.27012,35.10405],[-83.27067,35.10474]]},"properties":{"net":"NC2974","o":4}},{"type":"Feature","geometry":{"type":"LineString","coordinates":[[-83.28778,35.22211],[-83.28855,35.22084],[-83.2897,35.2198],[-83.29049,35.21898],[-83.2906,35.21874],[-83.29041,35.21722],[-83.28972,35.21548],[-83.2894,35.21416],[-83.28942,35.21378],[-83.28968,35.21288],[-83.29021,35.21152],[-83.29021,35.21106],[-83.29004,35.21046],[-83.28949,35.2096],[-83.28927,35.20896],[-83.28871,35.20856],[-83.28838,35.20801],[-83.28793,35.20796],[-83.28691,35.20846],[-83.2866,35.20852],[-83.28609,35.20833],[-83.28518,35.20759],[-83.28484,35.20743]]},"properties":{"net":"sm3014","o":1}},{"type":"Feature","geometry":{"type":"LineString","coordinates":[[-83.27518,35.14879],[-83.27507,35.14829],[-83.27458,35.14757],[-83.2745,35.14661],[-83.27416,35.14525],[-83.27374,35.14478],[-83.27293,35.14429],[-83.2721,35.14314],[-83.27205,35.14263],[-83.27178,35.14222],[-83.27116,35.14053]]},"properties":{"net":"NC2974","o":1}},{"type":"Feature","geometry":{"type":"LineString","coordinates":[[-83.26668,35.14181],[-83.26696,35.1416],[-83.26744,35.14061],[-83.26779,35.1404],[-83.26895,35.14035],[-83.27031,35.14059],[-83.27116,35.14053]]},"properties":{"net":"NC2974","o":2}},{"type":"Feature","geometry":{"type":"LineString","coordinates":[[-83.25079,35.14474],[-83.25221,35.14463],[-83.25317,35.14415],[-83.25419,35.14379],[-83.25541,35.14377],[-83.25643,35.14352],[-83.25689,35.14353],[-83.25859,35.1432],[-83.26054,35.14269],[-83.26264,35.14195],[-83.26392,35.14228]]},"properties":{"net":"NC2974","o":1}},{"type":"Feature","geometry":{"type":"LineString","coordinates":[[-83.25305,35.21302],[-83.25316,35.21279],[-83.25304,35.21234],[-83.25468,35.21089],[-83.25485,35.2104],[-83.25638,35.21012],[-83.25776,35.20927],[-83.25951,35.2079]]},"properties":{"net":"NC2974","o":3}},{"type":"Feature","geometry":{"type":"LineString","coordinates":[[-83.38184,34.94242],[-83.38208,34.9424],[-83.38244,34.94255],[-83.38318,34.94372],[-83.38342,34.94434],[-83.38352,34.9456],[-83.3847,34.9477]]},"properties":{"net":"NC2974","o":1}},{"type":"Feature","geometry":{"type":"LineString","coordinates":[[-83.398,34.9715],[-83.39724,34.97166],[-83.39632,34.97145],[-83.3956,34.97068],[-83.39423,34.96987],[-83.39257,34.96943],[-83.39208,34.96914],[-83.39156,34.96866],[-83.39096,34.96845]]},"properties":{"net":"NC2974","o":3}},{"type":"Feature","geometry":{"type":"LineString","coordinates":[[-83.43515,35.18854],[-83.43506,35.18776],[-83.43541,35.18666],[-83.43536,35.18624],[-83.43497,35.18591],[-83.43362,35.18527],[-83.43284,35.18457],[-83.43287,35.18446],[-83.43371,35.184],[-83.43407,35.18363],[-83.43424,35.18275],[-83.43469,35.18186],[-83.43474,35.18122]]},"properties":{"net":"sm3011","o":1}},{"type":"Feature","geometry":{"type":"LineString","coordinates":[[-83.39781,34.94718],[-83.39568,34.94702],[-83.39403,34.94729],[-83.39335,34.94756],[-83.39133,34.94898]]},"properties":{"net":"NC2974","o":1}},{"type":"Feature","geometry":{"type":"LineString","coordinates":[[-83.39133,34.94898],[-83.39056,34.94914],[-83.38995,34.94939],[-83.38951,34.94969],[-83.38814,34.95104],[-83.38673,34.95222],[-83.38601,34.9523],[-83.38517,34.95224]]},"properties":{"net":"NC2974","o":2}},{"type":"Feature","geometry":{"type":"LineString","coordinates":[[-83.39096,34.96845],[-83.38894,34.96811],[-83.3887,34.9678],[-83.38814,34.96736],[-83.38761,34.96643],[-83.3876,34.96579],[-83.38748,34.96558],[-83.38638,34.9641],[-83.38456,34.96128],[-83.38343,34.95988],[-83.3831,34.95963],[-83.38264,34.95946],[-83.38171,34.95945],[-83.38087,34.95961],[-83.38047,34.95952]]},"properties":{"net":"NC2974","o":3}},{"type":"Feature","geometry":{"type":"LineString","coordinates":[[-83.39125,34.99191],[-83.38996,34.99111],[-83.38962,34.991],[-83.38895,34.99098],[-83.38777,34.99025],[-83.38735,34.99015],[-83.38553,34.99022],[-83.38532,34.99041],[-83.38526,34.99109],[-83.38493,34.99141],[-83.38416,34.99162],[-83.38242,34.99173],[-83.38192,34.99195]]},"properties":{"net":"NC2974","o":1}},{"type":"Feature","geometry":{"type":"LineString","coordinates":[[-83.38351,35.00829],[-83.38346,35.00833]]},"properties":{"net":"NC2974","o":1}},{"type":"Feature","geometry":{"type":"LineString","coordinates":[[-83.38788,35.06663],[-83.38821,35.06717],[-83.38811,35.06767],[-83.38777,35.06801],[-83.38696,35.06833],[-83.38652,35.06872],[-83.3862,35.06916],[-83.38504,35.07151],[-83.38427,35.0723],[-83.38355,35.0728],[-83.38331,35.07313],[-83.38329,35.07335],[-83.38349,35.07358],[-83.38484,35.07345],[-83.38508,35.07355],[-83.385,35.07378],[-83.38369,35.07463],[-83.38342,35.07547],[-83.38316,35.07586],[-83.38194,35.07634],[-83.38196,35.07668],[-83.3821,35.07678],[-83.38421,35.07699],[-83.38442,35.07705],[-83.38456,35.07729],[-83.38436,35.07764],[-83.38365,35.07816],[-83.38357,35.07836],[-83.3836,35.07895],[-83.38315,35.07972],[-83.3828,35.07987],[-83.38188,35.07972],[-83.38167,35.07988],[-83.38228,35.08153],[-83.38251,35.08183],[-83.38249,35.08215],[-83.38239,35.08227]]},"properties":{"net":"NC2974","o":4}},{"type":"Feature","geometry":{"type":"LineString","coordinates":[[-83.39591,35.091],[-83.39576,35.09112]]},"properties":{"net":"sm3031","o":1}},{"type":"Feature","geometry":{"type":"LineString","coordinates":[[-83.42129,34.90708],[-83.42143,34.90761],[-83.42148,34.90855],[-83.42185,34.90938],[-83.42324,34.91047],[-83.42406,34.91062],[-83.4246,34.91152],[-83.42447,34.91192],[-83.42458,34.9123],[-83.4253,34.91317],[-83.42589,34.91364],[-83.42611,34.91402],[-83.42601,34.91428],[-83.42534,34.91497],[-83.425,34.9162],[-83.4245,34.91653],[-83.42471,34.91721],[-83.42465,34.91747],[-83.4245,34.91765],[-83.42402,34.91789],[-83.4238,34.91814],[-83.42394,34.91873],[-83.42426,34.91917],[-83.42447,34.91977],[-83.42435,34.92029],[-83.42403,34.92086],[-83.42421,34.92171],[-83.42417,34.92194]]},"properties":{"net":"NC2974","o":1}},{"type":"Feature","geometry":{"type":"LineString","coordinates":[[-83.43205,34.91413],[-83.43151,34.91502],[-83.43026,34.91666],[-83.42951,34.91725],[-83.4292,34.9185],[-83.42824,34.92034],[-83.4273,34.92151],[-83.42721,34.92208]]},"properties":{"net":"NC2974","o":1}},{"type":"Feature","geometry":{"type":"LineString","coordinates":[[-83.43653,34.93005],[-83.43605,34.92989],[-83.43537,34.92994],[-83.43382,34.9297],[-83.43176,34.92963],[-83.43076,34.92927],[-83.42932,34.92906],[-83.42909,34.92922],[-83.42879,34.92964],[-83.42858,34.92975],[-83.42767,34.92979],[-83.42698,34.92993],[-83.42631,34.93026],[-83.42471,34.93068],[-83.42222,34.93153],[-83.42158,34.93191],[-83.41974,34.93328]]},"properties":{"net":"NC2974","o":2}},{"type":"Feature","geometry":{"type":"LineString","coordinates":[[-83.43814,34.97635],[-83.43767,34.97627],[-83.43641,34.97633],[-83.43517,34.97612]]},"properties":{"net":"NC2974","o":3}},{"type":"Feature","geometry":{"type":"LineString","coordinates":[[-83.43162,34.98129],[-83.43154,34.98021],[-83.43089,34.97903],[-83.43062,34.97758],[-83.43056,34.97744],[-83.42974,34.97681],[-83.42961,34.97645],[-83.42961,34.97619],[-83.42969,34.9761]]},"properties":{"net":"NC2974","o":2}},{"type":"Feature","geometry":{"type":"LineString","coordinates":[[-83.42923,35.17981],[-83.42951,35.17937],[-83.4304,35.17884]]},"properties":{"net":"sm3011","o":1}},{"type":"Feature","geometry":{"type":"LineString","coordinates":[[-83.42942,35.1633],[-83.42911,35.16262]]},"properties":{"net":"NC2974","o":4}},{"type":"Feature","geometry":{"type":"LineString","coordinates":[[-83.40114,35.09856],[-83.39938,35.0989],[-83.39853,35.09893],[-83.39724,35.09883],[-83.39634,35.09862],[-83.39545,35.09854],[-83.3927,35.09738],[-83.39086,35.09718],[-83.39042,35.0973],[-83.38968,35.09798],[-83.38913,35.09833],[-83.38808,35.09864],[-83.38712,35.09858],[-83.38524,35.0978]]},"properties":{"net":"sm3031","o":2}},{"type":"Feature","geometry":{"type":"LineString","coordinates":[[-83.38524,35.0978],[-83.38467,35.09816]]},"properties":{"net":"sm3031","o":2}},{"type":"Feature","geometry":{"type":"LineString","coordinates":[[-83.38467,35.09816],[-83.38363,35.09884]]},"properties":{"net":"NC2974","o":2}},{"type":"Feature","geometry":{"type":"LineString","coordinates":[[-83.38404,35.1389],[-83.38381,35.13871]]},"properties":{"net":"NC2974","o":1}},{"type":"Feature","geometry":{"type":"LineString","coordinates":[[-83.40298,35.19305],[-83.40103,35.19311],[-83.40025,35.19304],[-83.39958,35.19279],[-83.39845,35.19198],[-83.39801,35.1918],[-83.396,35.19152],[-83.39569,35.19157],[-83.39443,35.19226],[-83.3941,35.19259],[-83.39332,35.19386],[-83.39285,35.19518],[-83.39256,35.19569],[-83.39216,35.19632],[-83.39145,35.19677],[-83.39097,35.19782],[-83.38968,35.1983]]},"properties":{"net":"NC2974","o":1}},{"type":"Feature","geometry":{"type":"LineString","coordinates":[[-83.3993,35.28904],[-83.39906,35.28844],[-83.39899,35.28755],[-83.39877,35.28676],[-83.39808,35.28614],[-83.39802,35.28561]]},"properties":{"net":"sm3009","o":2}},{"type":"Feature","geometry":{"type":"LineString","coordinates":[[-83.39431,35.28753],[-83.39491,35.2869],[-83.39534,35.28662],[-83.39699,35.28591],[-83.39802,35.28561]]},"properties":{"net":"sm3009","o":3}},{"type":"Feature","geometry":{"type":"LineString","coordinates":[[-83.39614,35.29339],[-83.39591,35.29265],[-83.39512,35.29174],[-83.39483,35.29097],[-83.39443,35.29055],[-83.39405,35.2898],[-83.39369,35.28935],[-83.39368,35.28909],[-83.39401,35.28874],[-83.39418,35.28826],[-83.39445,35.28793],[-83.39446,35.28775],[-83.39431,35.28753]]},"properties":{"net":"sm3009","o":1}},{"type":"Feature","geometry":{"type":"LineString","coordinates":[[-83.38098,35.28157],[-83.38168,35.28155],[-83.38215,35.28143],[-83.38342,35.28024]]},"properties":{"net":"out","o":4}},{"type":"Feature","geometry":{"type":"LineString","coordinates":[[-83.39434,35.30908],[-83.39438,35.30854],[-83.39417,35.30808],[-83.39391,35.30558],[-83.3937,35.30457],[-83.39398,35.30372]]},"properties":{"net":"sm3009","o":3}},{"type":"Feature","geometry":{"type":"LineString","coordinates":[[-83.37313,35.26926],[-83.37413,35.26876]]},"properties":{"net":"out","o":4}},{"type":"Feature","geometry":{"type":"LineString","coordinates":[[-83.3989,35.32429],[-83.39864,35.32412],[-83.39848,35.32369],[-83.3986,35.3228],[-83.39822,35.32144],[-83.39807,35.3212],[-83.39726,35.32075],[-83.39707,35.32053],[-83.39702,35.32022],[-83.39715,35.31952],[-83.39684,35.31904],[-83.39628,35.31763],[-83.39539,35.31676]]},"properties":{"net":"sm3009","o":1}},{"type":"Feature","geometry":{"type":"LineString","coordinates":[[-83.38754,35.31798],[-83.38794,35.31739],[-83.38835,35.31703],[-83.38907,35.31608],[-83.38989,35.31463],[-83.39027,35.31419],[-83.39187,35.31362],[-83.39281,35.31294],[-83.3929,35.31255],[-83.39274,35.31153],[-83.39278,35.31095],[-83.39304,35.31047]]},"properties":{"net":"sm3009","o":1}},{"type":"Feature","geometry":{"type":"LineString","coordinates":[[-83.37854,35.12454],[-83.37893,35.12459],[-83.37923,35.12476],[-83.3794,35.12634],[-83.37794,35.12719],[-83.37776,35.12761],[-83.37831,35.12835],[-83.37867,35.12926],[-83.37916,35.12992],[-83.37918,35.13017]]},"properties":{"net":"NC2974","o":4}},{"type":"Feature","geometry":{"type":"LineString","coordinates":[[-83.37761,35.13166],[-83.37749,35.13164]]},"properties":{"net":"NC2974","o":1}},{"type":"Feature","geometry":{"type":"LineString","coordinates":[[-83.36893,35.12882],[-83.36942,35.12874],[-83.37081,35.12881],[-83.37182,35.1287],[-83.37322,35.12937],[-83.37358,35.12945],[-83.37548,35.12926],[-83.37628,35.12924],[-83.37683,35.12935],[-83.37732,35.12956],[-83.37763,35.12989],[-83.37782,35.13032],[-83.37784,35.13093]]},"properties":{"net":"NC2974","o":1}},{"type":"Feature","geometry":{"type":"LineString","coordinates":[[-83.36003,35.13412],[-83.36062,35.1344],[-83.36122,35.13455],[-83.36293,35.13454],[-83.36434,35.13467],[-83.36584,35.13446],[-83.3662,35.13455],[-83.36654,35.13479]]},"properties":{"net":"sm3029","o":2}},{"type":"Feature","geometry":{"type":"LineString","coordinates":[[-83.37124,35.18512],[-83.37144,35.18511]]},"properties":{"net":"NC2974","o":2}},{"type":"Feature","geometry":{"type":"LineString","coordinates":[[-83.36838,35.32526],[-83.36959,35.32436],[-83.3711,35.32257],[-83.37201,35.32211],[-83.37257,35.32146]]},"properties":{"net":"sm2649","o":1}},{"type":"Feature","geometry":{"type":"LineString","coordinates":[[-83.36677,34.93011],[-83.36737,34.92919],[-83.36738,34.9283],[-83.36768,34.92762],[-83.36746,34.92636],[-83.36752,34.92553],[-83.36709,34.92475],[-83.36742,34.92307],[-83.36839,34.92223],[-83.37072,34.92233],[-83.37119,34.92217],[-83.37125,34.92206]]},"properties":{"net":"NC2974","o":1}},{"type":"Feature","geometry":{"type":"LineString","coordinates":[[-83.36766,34.9135],[-83.36706,34.91396],[-83.36544,34.91474],[-83.36471,34.91483],[-83.36405,34.91534],[-83.36384,34.91621],[-83.36422,34.91695],[-83.36459,34.91834]]},"properties":{"net":"NC2974","o":1}},{"type":"Feature","geometry":{"type":"LineString","coordinates":[[-83.37357,34.9462],[-83.37488,34.9447],[-83.37588,34.94437],[-83.37783,34.94327],[-83.37813,34.94313],[-83.38056,34.94278],[-83.38184,34.94242]]},"properties":{"net":"NC2974","o":1}},{"type":"Feature","geometry":{"type":"LineString","coordinates":[[-83.3643,34.94879],[-83.36469,34.94854],[-83.36525,34.9486],[-83.36718,34.94775],[-83.3677,34.9471],[-83.36835,34.94662],[-83.36953,34.94606],[-83.37043,34.94657],[-83.37168,34.94674],[-83.37294,34.9465],[-83.37357,34.9462]]},"properties":{"net":"NC2974","o":1}},{"type":"Feature","geometry":{"type":"LineString","coordinates":[[-83.36029,34.95164],[-83.36064,34.95151],[-83.36214,34.95022],[-83.36332,34.94976],[-83.3643,34.94879]]},"properties":{"net":"NC2974","o":1}},{"type":"Feature","geometry":{"type":"LineString","coordinates":[[-83.38047,34.95952],[-83.37892,34.9598],[-83.37681,34.96121]]},"properties":{"net":"NC2974","o":4}},{"type":"Feature","geometry":{"type":"LineString","coordinates":[[-83.38192,34.99195],[-83.3818,34.99195]]},"properties":{"net":"NC2974","o":1}},{"type":"Feature","geometry":{"type":"LineString","coordinates":[[-83.37989,34.9787],[-83.37986,34.97877]]},"properties":{"net":"NC2974","o":2}},{"type":"Feature","geometry":{"type":"LineString","coordinates":[[-83.3818,34.99195],[-83.38176,34.99246],[-83.38158,34.99284],[-83.38108,34.99355],[-83.37928,34.99565]]},"properties":{"net":"NC2974","o":4}},{"type":"Feature","geometry":{"type":"LineString","coordinates":[[-83.36677,35.08403],[-83.3683,35.08484],[-83.36921,35.08502],[-83.37056,35.08491],[-83.37237,35.08441],[-83.3739,35.08428],[-83.37481,35.08432],[-83.37584,35.08408],[-83.3767,35.08423],[-83.3774,35.08416],[-83.37812,35.08445],[-83.37911,35.0844]]},"properties":{"net":"NC2974","o":1}},{"type":"Feature","geometry":{"type":"LineString","coordinates":[[-83.37928,35.13018],[-83.37918,35.13017]]},"properties":{"net":"NC2974","o":2}},{"type":"Feature","geometry":{"type":"LineString","coordinates":[[-83.36344,35.21265],[-83.36369,35.21302]]},"properties":{"net":"NC2974","o":3}},{"type":"Feature","geometry":{"type":"LineString","coordinates":[[-83.35396,35.21459],[-83.35666,35.21412],[-83.3589,35.21312],[-83.36,35.21222],[-83.36037,35.21203],[-83.36086,35.21132],[-83.36122,35.21112],[-83.36143,35.21129],[-83.36166,35.21215],[-83.36204,35.21257],[-83.36257,35.21285],[-83.36358,35.21304]]},"properties":{"net":"NC2974","o":1}},{"type":"Feature","geometry":{"type":"LineString","coordinates":[[-83.35792,35.07873],[-83.35771,35.07792],[-83.35733,35.07734],[-83.35731,35.07696],[-83.35692,35.07643],[-83.35679,35.07593],[-83.35724,35.07531],[-83.35731,35.0743],[-83.35755,35.07311],[-83.35839,35.07232]]},"properties":{"net":"NC2974","o":1}},{"type":"Feature","geometry":{"type":"LineString","coordinates":[[-83.34354,35.07468],[-83.34381,35.07384],[-83.344,35.07357],[-83.34457,35.07337],[-83.34668,35.07293],[-83.34747,35.0725],[-83.34955,35.07105],[-83.34983,35.07077],[-83.35001,35.07039],[-83.35004,35.07007],[-83.34987,35.06952],[-83.34988,35.06926],[-83.35032,35.06881],[-83.35129,35.0682],[-83.35188,35.06762]]},"properties":{"net":"NC2974","o":3}},{"type":"Feature","geometry":{"type":"LineString","coordinates":[[-83.33077,35.09707],[-83.33151,35.09617],[-83.33224,35.09576],[-83.33286,35.0952],[-83.33335,35.09465],[-83.33372,35.09402],[-83.33535,35.0938],[-83.33569,35.09367],[-83.3368,35.09263],[-83.33787,35.09186],[-83.3383,35.09135],[-83.33873,35.09051],[-83.33913,35.08999],[-83.33909,35.08914],[-83.33928,35.08871],[-83.33959,35.08832],[-83.34007,35.08796],[-83.34074,35.08694],[-83.34078,35.08662],[-83.34066,35.08628],[-83.34068,35.08591],[-83.34163,35.08469],[-83.34163,35.08375],[-83.34216,35.08283],[-83.34244,35.08183],[-83.34281,35.08135],[-83.34379,35.0805],[-83.34402,35.08014],[-83.34421,35.07944],[-83.34473,35.07884],[-83.3447,35.07836],[-83.34504,35.0771],[-83.34487,35.07672],[-83.34408,35.076]]},"properties":{"net":"NC2974","o":1}},{"type":"Feature","geometry":{"type":"LineString","coordinates":[[-83.35958,34.91917],[-83.36053,34.91958]]},"properties":{"net":"NC2974","o":1}},{"type":"Feature","geometry":{"type":"LineString","coordinates":[[-83.35952,34.93284],[-83.35995,34.9316],[-83.35998,34.93119],[-83.35969,34.93038],[-83.359,34.92962],[-83.35899,34.9289],[-83.35871,34.92843]]},"properties":{"net":"NC2974","o":1}},{"type":"Feature","geometry":{"type":"LineString","coordinates":[[-83.34041,34.94148],[-83.34099,34.94216],[-83.34127,34.94271],[-83.34151,34.94377],[-83.34126,34.94466],[-83.34138,34.94537],[-83.34198,34.94605],[-83.34235,34.94682]]},"properties":{"net":"NC2974","o":1}},{"type":"Feature","geometry":{"type":"LineString","coordinates":[[-83.34137,34.98923],[-83.34199,34.98962],[-83.34222,34.99007],[-83.34247,34.99026],[-83.34351,34.99058],[-83.34368,34.99077],[-83.34376,34.99113],[-83.34523,34.99185],[-83.34589,34.99183],[-83.34676,34.99165],[-83.34767,34.99122],[-83.34902,34.99095],[-83.35002,34.99096],[-83.35076,34.99081],[-83.35117,34.99093],[-83.35201,34.99081],[-83.35336,34.99094],[-83.35369,34.99105],[-83.35386,34.99131],[-83.35405,34.99141],[-83.35488,34.9914],[-83.35591,34.991],[-83.35661,34.99101],[-83.35683,34.99078],[-83.35693,34.9902],[-83.35707,34.98999],[-83.36188,34.98627]]},"properties":{"net":"NC2974","o":3}},{"type":"Feature","geometry":{"type":"LineString","coordinates":[[-83.33607,35.11755],[-83.33771,35.11681],[-83.33982,35.11569],[-83.34042,35.11518],[-83.34085,35.11456],[-83.34166,35.114]]},"properties":{"net":"sm3020","o":1}},{"type":"Feature","geometry":{"type":"LineString","coordinates":[[-83.31378,35.10909],[-83.31279,35.10945],[-83.31179,35.11031],[-83.30996,35.11158],[-83.30919,35.11229],[-83.3086,35.11244],[-83.3064,35.11258],[-83.3053,35.11293],[-83.30261,35.11342],[-83.30164,35.11399],[-83.30064,35.11412],[-83.30006,35.11431],[-83.29933,35.11482]]},"properties":{"net":"NC2974","o":1}},{"type":"Feature","geometry":{"type":"LineString","coordinates":[[-83.30937,35.14546],[-83.30922,35.14578],[-83.30915,35.14633],[-83.30935,35.14677],[-83.30981,35.14707]]},"properties":{"net":"NC2974","o":4}},{"type":"Feature","geometry":{"type":"LineString","coordinates":[[-83.30655,35.14355],[-83.30658,35.1436]]},"properties":{"net":"NC2974","o":1}},{"type":"Feature","geometry":{"type":"LineString","coordinates":[[-83.30586,35.14366],[-83.30658,35.1436]]},"properties":{"net":"NC2974","o":4}},{"type":"Feature","geometry":{"type":"LineString","coordinates":[[-83.30584,35.14371],[-83.30586,35.14366]]},"properties":{"net":"NC2974","o":1}},{"type":"Feature","geometry":{"type":"LineString","coordinates":[[-83.28121,35.08984],[-83.2803,35.09076],[-83.27929,35.09023],[-83.27895,35.08991],[-83.27852,35.08983],[-83.27795,35.09003],[-83.27761,35.09063],[-83.27698,35.09097],[-83.27611,35.09083],[-83.27496,35.09093],[-83.27406,35.09085],[-83.27336,35.09092],[-83.27251,35.09121],[-83.27122,35.09111],[-83.27026,35.09063],[-83.26926,35.09036],[-83.26821,35.09022]]},"properties":{"net":"NC2974","o":1}},{"type":"Feature","geometry":{"type":"LineString","coordinates":[[-83.29163,35.12148],[-83.29091,35.12245],[-83.28995,35.12307],[-83.28956,35.12324],[-83.28877,35.1232]]},"properties":{"net":"NC2974","o":2}},{"type":"Feature","geometry":{"type":"LineString","coordinates":[[-83.28402,35.12894],[-83.28427,35.12932],[-83.28427,35.12953],[-83.28357,35.13034],[-83.28327,35.13144],[-83.28312,35.13178],[-83.28289,35.13195]]},"properties":{"net":"NC2974","o":4}},{"type":"Feature","geometry":{"type":"LineString","coordinates":[[-83.2826,35.12377],[-83.2838,35.12466],[-83.28507,35.12531],[-83.28552,35.12585]]},"properties":{"net":"NC2974","o":4}},{"type":"Feature","geometry":{"type":"LineString","coordinates":[[-83.2423,35.17671],[-83.24254,35.17745],[-83.24385,35.17841],[-83.24434,35.17918],[-83.24443,35.18048],[-83.24421,35.18123],[-83.24466,35.18201],[-83.24507,35.18357],[-83.2452,35.18477],[-83.24536,35.18516]]},"properties":{"net":"NC2974","o":1}},{"type":"Feature","geometry":{"type":"LineString","coordinates":[[-83.22626,35.23305],[-83.22716,35.23326],[-83.22824,35.23365],[-83.23062,35.23361],[-83.2319,35.23314],[-83.2322,35.23333],[-83.23245,35.23335],[-83.23312,35.23286],[-83.23473,35.23208],[-83.23548,35.23141],[-83.23584,35.23087],[-83.23625,35.22991],[-83.23712,35.22866],[-83.23762,35.22768],[-83.23833,35.22589],[-83.24045,35.22389],[-83.24084,35.22342],[-83.24132,35.22305],[-83.24252,35.2225],[-83.24299,35.22243]]},"properties":{"net":"NC2974","o":1}},{"type":"Feature","geometry":{"type":"LineString","coordinates":[[-83.23312,35.06806],[-83.23338,35.06793],[-83.23512,35.06831],[-83.23588,35.06825],[-83.23655,35.06777],[-83.23706,35.0669],[-83.23766,35.06656]]},"properties":{"net":"NC2974","o":4}},{"type":"Feature","geometry":{"type":"LineString","coordinates":[[-83.24948,35.17179],[-83.24775,35.16908],[-83.24639,35.16751],[-83.24546,35.1667],[-83.2448,35.16583]]},"properties":{"net":"NC2974","o":1}},{"type":"Feature","geometry":{"type":"LineString","coordinates":[[-83.22803,35.17041],[-83.22874,35.17021],[-83.22957,35.17019],[-83.23007,35.16998],[-83.23072,35.16954],[-83.23157,35.16925],[-83.23273,35.16862],[-83.23343,35.16842],[-83.23385,35.16852],[-83.23441,35.16909],[-83.23486,35.16971],[-83.23517,35.16989],[-83.23559,35.16999],[-83.23694,35.16976],[-83.23819,35.16932],[-83.23891,35.16878],[-83.24031,35.16864],[-83.24069,35.16829],[-83.24093,35.16782],[-83.24224,35.16766],[-83.24279,35.16714],[-83.24363,35.16681],[-83.24434,35.16636],[-83.2448,35.16583]]},"properties":{"net":"NC2974","o":1}},{"type":"Feature","geometry":{"type":"LineString","coordinates":[[-83.24536,35.18516],[-83.24581,35.1852],[-83.2461,35.18541],[-83.2462,35.1857],[-83.24615,35.18645],[-83.24625,35.18675],[-83.24683,35.1877],[-83.24698,35.18826],[-83.24747,35.18868],[-83.24762,35.18907],[-83.24812,35.18956],[-83.24832,35.18999]]},"properties":{"net":"NC2974","o":2}},{"type":"Feature","geometry":{"type":"LineString","coordinates":[[-83.22113,35.05944],[-83.22154,35.06026],[-83.22145,35.06066],[-83.22091,35.06122],[-83.22076,35.06166],[-83.22079,35.06227],[-83.22122,35.06294],[-83.22122,35.06328]]},"properties":{"net":"NC2977","o":4}},{"type":"Feature","geometry":{"type":"LineString","coordinates":[[-83.23559,35.07931],[-83.23559,35.07931]]},"properties":{"net":"NC2974","o":2}},{"type":"Feature","geometry":{"type":"LineString","coordinates":[[-83.41795,35.25873],[-83.41811,35.25881]]},"properties":{"net":"out","o":5}},{"type":"Feature","geometry":{"type":"LineString","coordinates":[[-83.4167,35.24953],[-83.41749,35.2495],[-83.41815,35.24964],[-83.41881,35.25001]]},"properties":{"net":"out","o":5}},{"type":"Feature","geometry":{"type":"LineString","coordinates":[[-83.41811,35.25881],[-83.41795,35.26],[-83.4175,35.2615],[-83.4166,35.26355],[-83.41642,35.26421],[-83.41639,35.26537]]},"properties":{"net":"out","o":6}},{"type":"Feature","geometry":{"type":"LineString","coordinates":[[-83.41201,34.92365],[-83.4125,34.92459],[-83.41366,34.92577],[-83.41421,34.92736],[-83.41635,34.92864],[-83.41823,34.92957],[-83.4186,34.93],[-83.41883,34.93185],[-83.41883,34.93278],[-83.41863,34.93319],[-83.41792,34.93399],[-83.41682,34.93499]]},"properties":{"net":"NC2974","o":2}},{"type":"Feature","geometry":{"type":"LineString","coordinates":[[-83.41599,34.93597],[-83.41585,34.93619]]},"properties":{"net":"NC2974","o":3}},{"type":"Feature","geometry":{"type":"LineString","coordinates":[[-83.42373,34.96699],[-83.42343,34.96746],[-83.42281,34.96798],[-83.42058,34.96952]]},"properties":{"net":"NC2974","o":1}},{"type":"Feature","geometry":{"type":"LineString","coordinates":[[-83.40715,35.11223],[-83.40605,35.11191],[-83.40532,35.11122],[-83.40427,35.11078],[-83.40296,35.11082],[-83.40182,35.11073],[-83.39936,35.11143],[-83.39831,35.11143],[-83.39755,35.11179],[-83.39686,35.11157],[-83.39641,35.11161]]},"properties":{"net":"NC2974","o":3}},{"type":"Feature","geometry":{"type":"LineString","coordinates":[[-83.41475,35.15012],[-83.41465,35.1503]]},"properties":{"net":"NC2974","o":1}},{"type":"Feature","geometry":{"type":"LineString","coordinates":[[-83.43619,35.31395],[-83.43648,35.31369],[-83.43675,35.3132],[-83.43678,35.3128],[-83.43703,35.31211],[-83.43773,35.31168],[-83.43843,35.31067],[-83.43924,35.30984],[-83.44053,35.30886],[-83.44071,35.30848]]},"properties":{"net":"sm3028","o":2}},{"type":"Feature","geometry":{"type":"LineString","coordinates":[[-83.41727,34.97771],[-83.41692,34.97749]]},"properties":{"net":"NC2974","o":1}},{"type":"Feature","geometry":{"type":"LineString","coordinates":[[-83.41063,34.98577],[-83.40995,34.98418],[-83.40961,34.98384],[-83.40957,34.98356],[-83.4097,34.98335],[-83.4097,34.9831],[-83.40941,34.98229],[-83.40914,34.98192],[-83.40885,34.98172],[-83.40782,34.98129],[-83.40754,34.98088],[-83.4077,34.98009],[-83.40795,34.97967],[-83.40799,34.97878],[-83.40812,34.97829],[-83.40803,34.97793],[-83.4073,34.97682],[-83.40747,34.97522],[-83.40781,34.97458],[-83.40781,34.9744],[-83.40768,34.97416],[-83.40695,34.97368],[-83.40638,34.97317],[-83.40638,34.97309]]},"properties":{"net":"NC2974","o":1}},{"type":"Feature","geometry":{"type":"LineString","coordinates":[[-83.31157,35.03119],[-83.31134,35.03104],[-83.31172,35.03046],[-83.31217,35.02918],[-83.31315,35.02737],[-83.31359,35.02701],[-83.31372,35.02645],[-83.31408,35.02586],[-83.3136,35.02525],[-83.31338,35.02472],[-83.31279,35.02442],[-83.31265,35.02398],[-83.31186,35.02335],[-83.31178,35.02291]]},"properties":{"net":"NC2974","o":1}},{"type":"Feature","geometry":{"type":"LineString","coordinates":[[-83.30986,35.03482],[-83.30994,35.03459]]},"properties":{"net":"NC2974","o":1}},{"type":"Feature","geometry":{"type":"LineString","coordinates":[[-83.33021,35.02678],[-83.33075,35.0264],[-83.33158,35.02641],[-83.33213,35.02617],[-83.33308,35.02543],[-83.33389,35.02439],[-83.3343,35.02365],[-83.33481,35.02212],[-83.33565,35.02048],[-83.33624,35.01811],[-83.33664,35.01707]]},"properties":{"net":"NC2974","o":1}},{"type":"Feature","geometry":{"type":"LineString","coordinates":[[-83.32746,35.21266],[-83.32796,35.21248],[-83.32841,35.21246],[-83.32941,35.21259],[-83.33013,35.21289],[-83.33084,35.21293],[-83.33149,35.21275],[-83.33212,35.21213],[-83.33355,35.21151],[-83.33406,35.21148],[-83.33533,35.21175]]},"properties":{"net":"NC2974","o":2}},{"type":"Feature","geometry":{"type":"LineString","coordinates":[[-83.32067,35.21872],[-83.32066,35.21828],[-83.32077,35.21793],[-83.32137,35.21709],[-83.32359,35.21565],[-83.32478,35.21436],[-83.32571,35.21396],[-83.32656,35.21316],[-83.32746,35.21266]]},"properties":{"net":"NC2974","o":2}},{"type":"Feature","geometry":{"type":"LineString","coordinates":[[-83.31597,35.24241],[-83.31755,35.24155],[-83.31788,35.24101],[-83.31837,35.24059],[-83.31855,35.2401],[-83.31894,35.23963],[-83.3194,35.2388],[-83.31978,35.23845],[-83.31992,35.23816],[-83.32039,35.23803],[-83.32181,35.238]]},"properties":{"net":"sm3027","o":3}},{"type":"Feature","geometry":{"type":"LineString","coordinates":[[-83.35341,35.12593],[-83.35386,35.12576],[-83.35433,35.12589],[-83.35548,35.12677],[-83.35581,35.1277],[-83.35646,35.12836],[-83.35694,35.12861],[-83.35769,35.1287],[-83.35808,35.12888],[-83.35956,35.13017],[-83.35993,35.13076],[-83.36001,35.13172],[-83.35992,35.13224],[-83.35947,35.13313]]},"properties":{"net":"sm3029","o":1}},{"type":"Feature","geometry":{"type":"LineString","coordinates":[[-83.35999,35.15107],[-83.35903,35.15198],[-83.35841,35.15292],[-83.3584,35.15328]]},"properties":{"net":"NC2974","o":1}},{"type":"Feature","geometry":{"type":"LineString","coordinates":[[-83.34318,35.18203],[-83.34318,35.18034],[-83.34291,35.17748],[-83.34091,35.17464],[-83.34021,35.17351],[-83.33969,35.1724]]},"properties":{"net":"NC2974","o":1}},{"type":"Feature","geometry":{"type":"LineString","coordinates":[[-83.33664,35.01707],[-83.33732,35.01582],[-83.33747,35.0151],[-83.33771,35.01457],[-83.33843,35.01372],[-83.33944,35.01317]]},"properties":{"net":"NC2974","o":2}},{"type":"Feature","geometry":{"type":"LineString","coordinates":[[-83.33311,35.18303],[-83.33403,35.18208],[-83.33554,35.17996],[-83.33606,35.17956],[-83.33658,35.17804],[-83.33748,35.1767],[-83.33773,35.17566]]},"properties":{"net":"NC2974","o":1}},{"type":"Feature","geometry":{"type":"LineString","coordinates":[[-83.33107,35.18903],[-83.33164,35.18904]]},"properties":{"net":"NC2974","o":1}},{"type":"Feature","geometry":{"type":"LineString","coordinates":[[-83.32762,35.25105],[-83.32818,35.25082],[-83.32857,35.25029]]},"properties":{"net":"sm3027","o":2}},{"type":"Feature","geometry":{"type":"LineString","coordinates":[[-83.55577,35.10233],[-83.55713,35.10189],[-83.55852,35.10186]]},"properties":{"net":"NC3211","o":2}},{"type":"Feature","geometry":{"type":"LineString","coordinates":[[-83.55627,35.13235],[-83.55924,35.13271],[-83.5612,35.1332],[-83.56172,35.1332],[-83.56213,35.13308]]},"properties":{"net":"sm2753","o":1}},{"type":"Feature","geometry":{"type":"LineString","coordinates":[[-83.5694,35.15813],[-83.568,35.15811],[-83.56735,35.15827],[-83.56643,35.15907],[-83.56495,35.15985],[-83.56442,35.16],[-83.56235,35.15944],[-83.56116,35.1589]]},"properties":{"net":"NC6212","o":2}},{"type":"Feature","geometry":{"type":"LineString","coordinates":[[-83.54158,35.05459],[-83.54199,35.05541],[-83.54334,35.05652],[-83.54348,35.05675],[-83.54336,35.05774],[-83.54356,35.05888],[-83.54327,35.05944]]},"properties":{"net":"NC3035","o":2}},{"type":"Feature","geometry":{"type":"LineString","coordinates":[[-83.53795,35.09487],[-83.54,35.09531],[-83.54037,35.0955],[-83.54094,35.09601]]},"properties":{"net":"NC3035","o":4}},{"type":"Feature","geometry":{"type":"LineString","coordinates":[[-83.57618,35.15031],[-83.5765,35.15145],[-83.57647,35.15188],[-83.57611,35.15291],[-83.57557,35.15401],[-83.57522,35.15521],[-83.57193,35.15665],[-83.57043,35.15765],[-83.5694,35.15813]]},"properties":{"net":"NC6212","o":1}},{"type":"Feature","geometry":{"type":"LineString","coordinates":[[-83.56254,35.24099],[-83.56339,35.24137],[-83.56479,35.24177],[-83.56553,35.24216],[-83.56666,35.24246],[-83.56796,35.24212],[-83.56871,35.24176],[-83.56986,35.24172],[-83.57184,35.24203],[-83.57276,35.24234],[-83.57398,35.24238]]},"properties":{"net":"sm3060","o":1}},{"type":"Feature","geometry":{"type":"LineString","coordinates":[[-83.52195,35.30651],[-83.5219,35.30716]]},"properties":{"net":"out","o":6}},{"type":"Feature","geometry":{"type":"LineString","coordinates":[[-83.52365,35.32601],[-83.52408,35.32675]]},"properties":{"net":"out","o":6}},{"type":"Feature","geometry":{"type":"LineString","coordinates":[[-83.49129,35.22344],[-83.49088,35.22409]]},"properties":{"net":"out","o":4}},{"type":"Feature","geometry":{"type":"LineString","coordinates":[[-83.48863,35.28626],[-83.48967,35.28682],[-83.49056,35.28764],[-83.49072,35.28807],[-83.49084,35.28897]]},"properties":{"net":"out","o":6}},{"type":"Feature","geometry":{"type":"LineString","coordinates":[[-83.4836,35.37154],[-83.48356,35.37127],[-83.4838,35.37082],[-83.48455,35.37056],[-83.48468,35.37042],[-83.48482,35.36954],[-83.48481,35.36887],[-83.48504,35.36836],[-83.48565,35.36771],[-83.48632,35.36711],[-83.48719,35.36665],[-83.48895,35.36661]]},"properties":{"net":"sm3004","o":1}},{"type":"Feature","geometry":{"type":"LineString","coordinates":[[-83.4833,35.39209],[-83.48481,35.39175],[-83.48673,35.39174],[-83.48738,35.3918],[-83.48897,35.39217],[-83.48989,35.39217],[-83.49048,35.39177],[-83.49088,35.39106]]},"properties":{"net":"out","o":4}},{"type":"Feature","geometry":{"type":"LineString","coordinates":[[-83.49864,35.11011],[-83.49814,35.11165],[-83.49744,35.11257],[-83.4974,35.11362],[-83.49651,35.11409],[-83.49586,35.11519],[-83.49585,35.11587],[-83.49625,35.11666]]},"properties":{"net":"NC6212","o":1}},{"type":"Feature","geometry":{"type":"LineString","coordinates":[[-83.5061,35.10132],[-83.5031,35.10208],[-83.50249,35.10246],[-83.50163,35.10235],[-83.5004,35.10256],[-83.49888,35.10323],[-83.49788,35.10335],[-83.49708,35.10321],[-83.49598,35.10324],[-83.49547,35.10356],[-83.49474,35.10368],[-83.49461,35.1038],[-83.4944,35.10434],[-83.49402,35.10452],[-83.49372,35.10479],[-83.49294,35.10495]]},"properties":{"net":"NC6212","o":2}},{"type":"Feature","geometry":{"type":"LineString","coordinates":[[-83.48908,35.13487],[-83.48875,35.13524],[-83.48864,35.13845],[-83.48839,35.13996]]},"properties":{"net":"NC6212","o":4}},{"type":"Feature","geometry":{"type":"LineString","coordinates":[[-83.50164,35.14498],[-83.50108,35.14414],[-83.5001,35.14341],[-83.49941,35.14275],[-83.49909,35.1426],[-83.49846,35.1425],[-83.49813,35.14182],[-83.49766,35.1414],[-83.4971,35.14118],[-83.49629,35.14129],[-83.49592,35.14116]]},"properties":{"net":"NC6212","o":1}},{"type":"Feature","geometry":{"type":"LineString","coordinates":[[-83.49364,35.15086],[-83.49331,35.15085],[-83.49142,35.15161],[-83.48841,35.15335],[-83.4881,35.15336],[-83.48744,35.15309],[-83.48697,35.15322]]},"properties":{"net":"NC6212","o":1}},{"type":"Feature","geometry":{"type":"LineString","coordinates":[[-83.50881,35.16468],[-83.50843,35.16466],[-83.50758,35.16509]]},"properties":{"net":"NC6212","o":1}},{"type":"Feature","geometry":{"type":"LineString","coordinates":[[-83.49188,35.18399],[-83.49083,35.1837],[-83.48946,35.18361],[-83.48807,35.18377],[-83.48745,35.18353],[-83.48723,35.18323],[-83.48692,35.18235],[-83.48629,35.18129],[-83.48618,35.1809],[-83.48586,35.18049],[-83.4851,35.18051],[-83.48338,35.1802],[-83.48196,35.18017],[-83.48032,35.17932],[-83.47912,35.17904],[-83.4784,35.17873],[-83.47718,35.17838],[-83.47422,35.17859],[-83.47203,35.17842],[-83.46991,35.17753],[-83.46942,35.17718],[-83.46875,35.17643]]},"properties":{"net":"NC6212","o":1}},{"type":"Feature","geometry":{"type":"LineString","coordinates":[[-83.49532,35.21899],[-83.495,35.21923],[-83.49396,35.2197],[-83.4937,35.21994],[-83.49312,35.22089],[-83.49287,35.22169],[-83.49211,35.22235],[-83.49129,35.22344]]},"properties":{"net":"out","o":4}},{"type":"Feature","geometry":{"type":"LineString","coordinates":[[-83.49844,35.29997],[-83.49987,35.30127],[-83.50157,35.30243],[-83.50226,35.30279]]},"properties":{"net":"out","o":6}},{"type":"Feature","geometry":{"type":"LineString","coordinates":[[-83.48357,35.01579],[-83.48381,35.01641],[-83.48415,35.01821],[-83.48449,35.0187],[-83.48483,35.01947],[-83.4855,35.02034],[-83.48582,35.02116],[-83.48665,35.02197],[-83.48698,35.02249],[-83.48738,35.02412],[-83.48782,35.02523],[-83.48801,35.02643],[-83.48826,35.02722]]},"properties":{"net":"NC3035","o":1}},{"type":"Feature","geometry":{"type":"LineString","coordinates":[[-83.58434,35.07582],[-83.5851,35.07561],[-83.58574,35.07578],[-83.58624,35.07571],[-83.58685,35.07534],[-83.58795,35.07429],[-83.58846,35.07395],[-83.58981,35.07346],[-83.59137,35.07326]]},"properties":{"net":"NC3035","o":1}},{"type":"Feature","geometry":{"type":"LineString","coordinates":[[-83.5854,35.096],[-83.58509,35.09662],[-83.58432,35.09917],[-83.58389,35.09957],[-83.58272,35.10017],[-83.58223,35.10053],[-83.58092,35.10196]]},"properties":{"net":"NC3035","o":1}},{"type":"Feature","geometry":{"type":"LineString","coordinates":[[-83.58199,35.09134],[-83.58149,35.09225],[-83.58129,35.09301],[-83.58132,35.09327],[-83.58185,35.09425],[-83.58171,35.09502],[-83.58146,35.09531],[-83.5803,35.09607],[-83.57811,35.09867],[-83.57703,35.09971]]},"properties":{"net":"NC3035","o":1}},{"type":"Feature","geometry":{"type":"LineString","coordinates":[[-83.57456,35.07967],[-83.57476,35.08023],[-83.57465,35.0808],[-83.57466,35.08173],[-83.57485,35.08298]]},"properties":{"net":"NC3035","o":2}},{"type":"Feature","geometry":{"type":"LineString","coordinates":[[-83.58092,35.10196],[-83.58206,35.1025],[-83.58233,35.10272],[-83.58248,35.10311],[-83.58256,35.10384]]},"properties":{"net":"NC3035","o":4}},{"type":"Feature","geometry":{"type":"LineString","coordinates":[[-83.77736,35.48263],[-83.77722,35.48227],[-83.77691,35.48188],[-83.77565,35.48139],[-83.77556,35.48119],[-83.77566,35.48102],[-83.77646,35.48057],[-83.77713,35.48038],[-83.77766,35.48035],[-83.77895,35.48052],[-83.77933,35.48047]]},"properties":{"net":"out","o":4}},{"type":"Feature","geometry":{"type":"LineString","coordinates":[[-83.75535,35.44206],[-83.7583,35.44206]]},"properties":{"net":"out","o":7}},{"type":"Feature","geometry":{"type":"LineString","coordinates":[[-83.52254,35.08688],[-83.52402,35.08636],[-83.52479,35.08591],[-83.5259,35.08593],[-83.52693,35.08571],[-83.528,35.08564],[-83.52936,35.08478],[-83.53014,35.08475],[-83.53138,35.0849]]},"properties":{"net":"NC3035","o":1}},{"type":"Feature","geometry":{"type":"LineString","coordinates":[[-83.54274,35.11563],[-83.54511,35.11651],[-83.5468,35.11703],[-83.54717,35.11734],[-83.54781,35.11823],[-83.54845,35.11867],[-83.54898,35.11881],[-83.55016,35.11881]]},"properties":{"net":"NC3211","o":1}},{"type":"Feature","geometry":{"type":"LineString","coordinates":[[-83.53534,35.11648],[-83.53236,35.117],[-83.53143,35.11727],[-83.52939,35.11801],[-83.52798,35.1188]]},"properties":{"net":"sm3010","o":1}},{"type":"Feature","geometry":{"type":"LineString","coordinates":[[-83.51199,35.0672],[-83.51273,35.06707],[-83.51367,35.06654],[-83.51424,35.06634],[-83.51523,35.06618],[-83.516,35.06623],[-83.51734,35.06584],[-83.51812,35.06587],[-83.5191,35.06621]]},"properties":{"net":"sm2748","o":2}},{"type":"Feature","geometry":{"type":"LineString","coordinates":[[-83.5191,35.06621],[-83.5194,35.06637]]},"properties":{"net":"NC3035","o":2}},{"type":"Feature","geometry":{"type":"LineString","coordinates":[[-83.71481,35.48206],[-83.71433,35.4803]]},"properties":{"net":"out","o":4}},{"type":"Feature","geometry":{"type":"LineString","coordinates":[[-83.50933,35.11739],[-83.50844,35.11774],[-83.50794,35.11807],[-83.50712,35.11829],[-83.50701,35.11842],[-83.50704,35.11863],[-83.50696,35.11876],[-83.50628,35.11916],[-83.50458,35.11963],[-83.50389,35.11942],[-83.50357,35.11944],[-83.50288,35.11922],[-83.50217,35.11916],[-83.50074,35.11867],[-83.50017,35.11868],[-83.49969,35.11852],[-83.49896,35.11855],[-83.49829,35.11835]]},"properties":{"net":"NC6212","o":2}},{"type":"Feature","geometry":{"type":"LineString","coordinates":[[-83.67564,35.49822],[-83.67676,35.49797],[-83.6785,35.49798],[-83.67862,35.49812],[-83.67867,35.49846],[-83.67929,35.49904],[-83.67962,35.49923]]},"properties":{"net":"out","o":4}},{"type":"Feature","geometry":{"type":"LineString","coordinates":[[-83.69481,35.48001],[-83.69576,35.47905],[-83.69633,35.4788]]},"properties":{"net":"out","o":4}},{"type":"Feature","geometry":{"type":"LineString","coordinates":[[-83.66353,35.50456],[-83.66417,35.50388],[-83.66431,35.50361],[-83.66394,35.50302],[-83.66394,35.50286],[-83.66416,35.50249],[-83.66456,35.50223],[-83.66492,35.50137],[-83.6653,35.50084],[-83.6656,35.50073],[-83.66632,35.50082],[-83.66733,35.50076]]},"properties":{"net":"out","o":4}},{"type":"Feature","geometry":{"type":"LineString","coordinates":[[-83.68877,35.49096],[-83.68876,35.49043],[-83.6886,35.48982],[-83.68789,35.4897]]},"properties":{"net":"out","o":4}},{"type":"Feature","geometry":{"type":"LineString","coordinates":[[-83.68789,35.4897],[-83.68753,35.48948],[-83.68749,35.48921],[-83.68781,35.48875],[-83.68817,35.48845],[-83.68903,35.48819],[-83.69009,35.48815],[-83.69168,35.48824],[-83.69208,35.48815],[-83.69259,35.48769],[-83.69266,35.48687],[-83.69287,35.48648],[-83.69375,35.48604],[-83.69416,35.486],[-83.69469,35.48609],[-83.69505,35.48603],[-83.69557,35.48564],[-83.69627,35.48478],[-83.69644,35.4844],[-83.69634,35.48392],[-83.69475,35.48202],[-83.69458,35.48166],[-83.69453,35.48087],[-83.69481,35.48001]]},"properties":{"net":"out","o":4}},{"type":"Feature","geometry":{"type":"LineString","coordinates":[[-83.64537,35.43835],[-83.64538,35.43318],[-83.64528,35.43202],[-83.6454,35.43127],[-83.64569,35.43064]]},"properties":{"net":"out","o":7}},{"type":"Feature","geometry":{"type":"LineString","coordinates":[[-83.6707,35.41921],[-83.66964,35.41994]]},"properties":{"net":"out","o":4}},{"type":"Feature","geometry":{"type":"LineString","coordinates":[[-83.65437,35.42793],[-83.65519,35.42895],[-83.65664,35.4314],[-83.65755,35.43227],[-83.65858,35.4327],[-83.66103,35.43268],[-83.66258,35.43325],[-83.66624,35.4343],[-83.66687,35.43456],[-83.66811,35.43537],[-83.66911,35.43581]]},"properties":{"net":"out","o":7}},{"type":"Feature","geometry":{"type":"LineString","coordinates":[[-83.66911,35.43581],[-83.67025,35.43599],[-83.67125,35.43593]]},"properties":{"net":"out","o":7}},{"type":"Feature","geometry":{"type":"LineString","coordinates":[[-83.63578,35.25035],[-83.6364,35.25032],[-83.63753,35.25099],[-83.63833,35.25128],[-83.64014,35.25076],[-83.6407,35.25041],[-83.64096,35.25011]]},"properties":{"net":"out","o":4}},{"type":"Feature","geometry":{"type":"LineString","coordinates":[[-83.62973,35.24711],[-83.63016,35.24766],[-83.63078,35.24779],[-83.63109,35.24827],[-83.63142,35.24853],[-83.63241,35.24889],[-83.63327,35.24889],[-83.63358,35.24902],[-83.63408,35.24961],[-83.63505,35.25031],[-83.63578,35.25035]]},"properties":{"net":"out","o":4}},{"type":"Feature","geometry":{"type":"LineString","coordinates":[[-83.58977,35.05576],[-83.58921,35.05678],[-83.58891,35.05767],[-83.58845,35.05845],[-83.58815,35.05928],[-83.58781,35.05949],[-83.5876,35.06085]]},"properties":{"net":"sm2949","o":3}},{"type":"Feature","geometry":{"type":"LineString","coordinates":[[-83.57022,35.41615],[-83.57064,35.41679],[-83.57078,35.41746],[-83.57063,35.41849],[-83.57079,35.41894],[-83.57099,35.41921]]},"properties":{"net":"out","o":6}},{"type":"Feature","geometry":{"type":"LineString","coordinates":[[-83.5876,35.06085],[-83.58794,35.06126],[-83.58809,35.0617],[-83.5883,35.06191]]},"properties":{"net":"sm2949","o":3}},{"type":"Feature","geometry":{"type":"LineString","coordinates":[[-83.5883,35.06191],[-83.5894,35.06223],[-83.59075,35.06333],[-83.59183,35.06398],[-83.59218,35.0643]]},"properties":{"net":"sm2612","o":3}},{"type":"Feature","geometry":{"type":"LineString","coordinates":[[-83.56441,35.17264],[-83.56433,35.1717],[-83.56405,35.17113],[-83.5638,35.17023],[-83.56254,35.16824],[-83.56241,35.16762],[-83.56211,35.16695],[-83.56211,35.1663],[-83.56201,35.16595],[-83.56216,35.16501],[-83.56212,35.1647],[-83.56233,35.16433],[-83.56243,35.16376],[-83.56259,35.16354],[-83.56219,35.16274],[-83.56139,35.16199],[-83.56079,35.16088],[-83.56018,35.1605],[-83.55965,35.15997],[-83.55892,35.15954],[-83.55792,35.15943],[-83.55579,35.15999],[-83.55528,35.15994],[-83.55498,35.15969]]},"properties":{"net":"NC6212","o":1}},{"type":"Feature","geometry":{"type":"LineString","coordinates":[[-83.55889,35.32482],[-83.55753,35.32568],[-83.55644,35.32609],[-83.55548,35.32668],[-83.5522,35.3274],[-83.55104,35.32783],[-83.55035,35.32825],[-83.54817,35.32893]]},"properties":{"net":"sm3002","o":1}},{"type":"Feature","geometry":{"type":"LineString","coordinates":[[-83.56754,35.34436],[-83.5672,35.34455],[-83.56694,35.34514],[-83.56672,35.34705],[-83.56635,35.34834],[-83.56618,35.34932],[-83.56572,35.35038]]},"properties":{"net":"out","o":5}},{"type":"Feature","geometry":{"type":"LineString","coordinates":[[-83.56929,35.36542],[-83.56899,35.36558]]},"properties":{"net":"sm8796221","o":2}},{"type":"Feature","geometry":{"type":"LineString","coordinates":[[-83.56478,35.35996],[-83.56459,35.36012]]},"properties":{"net":"sm8796218","o":1}},{"type":"Feature","geometry":{"type":"LineString","coordinates":[[-83.56488,35.3657],[-83.56424,35.36652],[-83.56406,35.3672]]},"properties":{"net":"out","o":5}},{"type":"Feature","geometry":{"type":"LineString","coordinates":[[-83.55707,35.36522],[-83.55667,35.36606]]},"properties":{"net":"sm8796222","o":1}},{"type":"Feature","geometry":{"type":"LineString","coordinates":[[-83.55916,35.37256],[-83.55941,35.37245]]},"properties":{"net":"sm8796222","o":1}},{"type":"Feature","geometry":{"type":"LineString","coordinates":[[-83.54209,35.3392],[-83.54169,35.339],[-83.54084,35.33809],[-83.53961,35.33734],[-83.53885,35.33645],[-83.53815,35.33614],[-83.53743,35.33599],[-83.53637,35.33603],[-83.5357,35.33628],[-83.53505,35.3369]]},"properties":{"net":"sm3001","o":1}},{"type":"Feature","geometry":{"type":"LineString","coordinates":[[-83.54723,35.3583],[-83.54719,35.35922],[-83.5468,35.3602],[-83.5462,35.36239],[-83.54633,35.36298],[-83.54663,35.3634]]},"properties":{"net":"sm8796222","o":1}},{"type":"Feature","geometry":{"type":"LineString","coordinates":[[-83.55514,35.09151],[-83.55545,35.09126],[-83.55593,35.09136]]},"properties":{"net":"NC3035","o":4}},{"type":"Feature","geometry":{"type":"LineString","coordinates":[[-83.55366,35.09837],[-83.55389,35.09833],[-83.55404,35.09813]]},"properties":{"net":"NC3035","o":1}},{"type":"Feature","geometry":{"type":"LineString","coordinates":[[-83.55089,35.08076],[-83.55126,35.08121],[-83.55124,35.08147],[-83.55059,35.08246],[-83.54914,35.08421],[-83.54723,35.08546],[-83.54551,35.08616],[-83.54478,35.08631],[-83.54405,35.08691],[-83.54276,35.08741],[-83.54227,35.08781],[-83.54042,35.0881],[-83.53963,35.08852]]},"properties":{"net":"NC3035","o":2}},{"type":"Feature","geometry":{"type":"LineString","coordinates":[[-83.58283,35.12181],[-83.58276,35.12135],[-83.58242,35.12082]]},"properties":{"net":"NC3035","o":1}},{"type":"Feature","geometry":{"type":"LineString","coordinates":[[-83.58087,35.1622],[-83.58064,35.15977],[-83.5809,35.15903],[-83.5809,35.1586],[-83.58117,35.15787],[-83.58158,35.1574],[-83.58221,35.15707],[-83.584,35.1565],[-83.58447,35.15606],[-83.58537,35.15558],[-83.58599,35.15441],[-83.58747,35.15351],[-83.58847,35.15319],[-83.5904,35.1529],[-83.59146,35.15288],[-83.59201,35.15305]]},"properties":{"net":"NC3035","o":1}},{"type":"Feature","geometry":{"type":"LineString","coordinates":[[-83.56616,35.23891],[-83.56639,35.23908],[-83.56727,35.23935],[-83.56774,35.23961],[-83.56912,35.23993],[-83.56943,35.23988],[-83.57035,35.23944],[-83.57084,35.23934],[-83.57307,35.23997],[-83.57362,35.23986],[-83.57413,35.23954],[-83.57475,35.23946],[-83.57633,35.23899],[-83.57729,35.23836],[-83.57764,35.23823],[-83.58093,35.23853]]},"properties":{"net":"sm3059","o":1}},{"type":"Feature","geometry":{"type":"LineString","coordinates":[[-83.58093,35.23853],[-83.58146,35.23847],[-83.58192,35.23823]]},"properties":{"net":"sm2849","o":1}},{"type":"Feature","geometry":{"type":"LineString","coordinates":[[-83.53978,35.13814],[-83.5392,35.13855],[-83.53904,35.13882],[-83.53809,35.13914],[-83.53762,35.13992],[-83.53732,35.1402],[-83.53665,35.14058],[-83.53603,35.14063],[-83.53566,35.14084],[-83.53474,35.1419],[-83.53358,35.14285],[-83.53337,35.14327],[-83.53226,35.14424],[-83.53142,35.14457],[-83.53024,35.14527],[-83.52978,35.14571],[-83.52818,35.14583],[-83.52741,35.14646],[-83.52693,35.14656],[-83.52673,35.1467],[-83.52656,35.14714],[-83.52626,35.14742],[-83.52619,35.14762],[-83.52607,35.14851],[-83.52623,35.14923],[-83.5258,35.15013],[-83.52533,35.15184],[-83.52526,35.15423],[-83.52508,35.1551],[-83.52491,35.15537],[-83.52413,35.15593],[-83.52376,35.15647],[-83.52302,35.15673],[-83.52288,35.15751]]},"properties":{"net":"NC6212","o":1}},{"type":"Feature","geometry":{"type":"LineString","coordinates":[[-83.54993,35.18777],[-83.54895,35.18812],[-83.54654,35.18933],[-83.54436,35.18992],[-83.54333,35.19064],[-83.5431,35.19106],[-83.54343,35.19282],[-83.54322,35.19341],[-83.54326,35.19428],[-83.54314,35.19501],[-83.54366,35.1961],[-83.54356,35.19671]]},"properties":{"net":"sm2964","o":1}},{"type":"Feature","geometry":{"type":"LineString","coordinates":[[-83.54446,35.28599],[-83.544,35.28578],[-83.54374,35.28578],[-83.5419,35.28657],[-83.54154,35.28689],[-83.54061,35.28853],[-83.54022,35.28897],[-83.53979,35.28927]]},"properties":{"net":"sm3032","o":2}},{"type":"Feature","geometry":{"type":"LineString","coordinates":[[-83.53418,35.28722],[-83.53477,35.28736],[-83.53579,35.28829],[-83.53658,35.28858],[-83.53753,35.28927],[-83.53774,35.28978],[-83.53751,35.29102]]},"properties":{"net":"sm3032","o":1}},{"type":"Feature","geometry":{"type":"LineString","coordinates":[[-83.53979,35.28927],[-83.53819,35.29024],[-83.53751,35.29102]]},"properties":{"net":"sm3032","o":2}},{"type":"Feature","geometry":{"type":"LineString","coordinates":[[-83.54817,35.32893],[-83.5479,35.32856],[-83.54771,35.32849],[-83.54706,35.32857],[-83.54601,35.32839],[-83.54473,35.32836]]},"properties":{"net":"sm3002","o":2}},{"type":"Feature","geometry":{"type":"LineString","coordinates":[[-83.54432,35.31473],[-83.5433,35.31462],[-83.54212,35.31427],[-83.54166,35.3143],[-83.54087,35.314],[-83.54054,35.31397],[-83.54004,35.31412],[-83.53965,35.31456],[-83.5388,35.31462],[-83.53771,35.31485],[-83.53618,35.31538],[-83.53532,35.31537],[-83.53421,35.31554],[-83.53289,35.31594],[-83.5306,35.31716],[-83.53012,35.31761],[-83.52934,35.31857],[-83.52849,35.31925],[-83.52699,35.32079]]},"properties":{"net":"sm3003","o":2}},{"type":"Feature","geometry":{"type":"LineString","coordinates":[[-83.54304,35.35725],[-83.54208,35.35826],[-83.54053,35.35937],[-83.53989,35.3604],[-83.53967,35.36136],[-83.53973,35.36191]]},"properties":{"net":"sm8796222","o":1}},{"type":"Feature","geometry":{"type":"LineString","coordinates":[[-83.53365,35.37964],[-83.53629,35.38082],[-83.53822,35.38133],[-83.53937,35.38146],[-83.5435,35.38148]]},"properties":{"net":"out","o":6}},{"type":"Feature","geometry":{"type":"LineString","coordinates":[[-83.55019,35.39373],[-83.55088,35.39424]]},"properties":{"net":"out","o":4}},{"type":"Feature","geometry":{"type":"LineString","coordinates":[[-83.53534,35.39854],[-83.53614,35.39869],[-83.53738,35.39868],[-83.53803,35.39844],[-83.53895,35.39761],[-83.54038,35.39686],[-83.54056,35.39658],[-83.5404,35.39593],[-83.53915,35.39486],[-83.539,35.39448],[-83.53906,35.39411],[-83.53934,35.3937],[-83.53982,35.39339]]},"properties":{"net":"out","o":4}},{"type":"Feature","geometry":{"type":"LineString","coordinates":[[-83.51672,35.35825],[-83.51751,35.35899],[-83.51778,35.35983],[-83.51848,35.36132],[-83.51922,35.36195],[-83.52053,35.36266],[-83.5208,35.36289],[-83.52112,35.36364],[-83.52257,35.36514],[-83.52269,35.3655],[-83.52266,35.36597],[-83.52254,35.36623],[-83.52086,35.36781]]},"properties":{"net":"out","o":6}},{"type":"Feature","geometry":{"type":"LineString","coordinates":[[-83.73116,35.16636],[-83.73091,35.16734],[-83.73056,35.16807],[-83.73008,35.16953],[-83.72932,35.17025],[-83.72859,35.17074],[-83.72733,35.17106],[-83.72509,35.17219],[-83.72303,35.17244],[-83.72174,35.17284],[-83.72144,35.17298],[-83.72053,35.17404],[-83.71972,35.17457]]},"properties":{"net":"NC3035","o":1}},{"type":"Feature","geometry":{"type":"LineString","coordinates":[[-83.72855,35.17468],[-83.72755,35.17474],[-83.72623,35.17467],[-83.72536,35.17476],[-83.72388,35.17456],[-83.72205,35.17468],[-83.7205,35.17453],[-83.71972,35.17457]]},"properties":{"net":"NC3035","o":1}},{"type":"Feature","geometry":{"type":"LineString","coordinates":[[-83.727,35.17836],[-83.7259,35.17864],[-83.72487,35.17874],[-83.72302,35.17993],[-83.72215,35.18066],[-83.72151,35.18087],[-83.72073,35.18088],[-83.72001,35.18072],[-83.71932,35.18037],[-83.71879,35.17991],[-83.71841,35.17972],[-83.71755,35.17945],[-83.71659,35.17901],[-83.71613,35.17889],[-83.71573,35.1789]]},"properties":{"net":"NC3035","o":1}},{"type":"Feature","geometry":{"type":"LineString","coordinates":[[-83.71573,35.1789],[-83.71469,35.1791],[-83.71374,35.17905],[-83.71171,35.17791],[-83.70906,35.17743],[-83.70854,35.17716],[-83.70796,35.1766],[-83.70654,35.17605],[-83.70538,35.17501]]},"properties":{"net":"NC3035","o":2}},{"type":"Feature","geometry":{"type":"LineString","coordinates":[[-83.70691,35.17246],[-83.70659,35.17272],[-83.7052,35.1733],[-83.70469,35.17378],[-83.70423,35.17396]]},"properties":{"net":"NC3035","o":2}},{"type":"Feature","geometry":{"type":"LineString","coordinates":[[-83.72932,35.47236],[-83.72921,35.47208],[-83.72898,35.47184],[-83.72691,35.47076],[-83.72599,35.47074],[-83.7255,35.47091],[-83.7252,35.47119]]},"properties":{"net":"out","o":4}},{"type":"Feature","geometry":{"type":"LineString","coordinates":[[-83.71661,35.17966],[-83.71651,35.17945],[-83.71573,35.1789]]},"properties":{"net":"NC3035","o":1}},{"type":"Feature","geometry":{"type":"LineString","coordinates":[[-83.70852,35.19431],[-83.70785,35.19431],[-83.70523,35.19511],[-83.70478,35.19511],[-83.7044,35.19501],[-83.704,35.19477],[-83.70309,35.1945],[-83.70252,35.19379],[-83.70107,35.19305]]},"properties":{"net":"NC3035","o":1}},{"type":"Feature","geometry":{"type":"LineString","coordinates":[[-83.69523,35.17918],[-83.69456,35.17978],[-83.69338,35.18031]]},"properties":{"net":"NC3035","o":3}},{"type":"Feature","geometry":{"type":"LineString","coordinates":[[-83.69263,35.16201],[-83.69257,35.16251],[-83.6921,35.16369],[-83.69191,35.16522],[-83.6921,35.16715],[-83.69268,35.16832],[-83.69259,35.16928],[-83.69269,35.16943],[-83.69328,35.16946],[-83.69408,35.16977],[-83.69452,35.17022],[-83.69481,35.17071],[-83.69514,35.17163],[-83.69518,35.17296],[-83.69558,35.17431],[-83.69586,35.17486],[-83.6963,35.1753],[-83.69672,35.17609],[-83.69681,35.17723],[-83.69672,35.17763]]},"properties":{"net":"NC3035","o":1}},{"type":"Feature","geometry":{"type":"LineString","coordinates":[[-83.67792,35.18803],[-83.67705,35.18732],[-83.67603,35.18707],[-83.6746,35.18593]]},"properties":{"net":"NC3035","o":2}},{"type":"Feature","geometry":{"type":"LineString","coordinates":[[-83.67982,35.27818],[-83.67963,35.27852],[-83.67887,35.27906],[-83.67859,35.27913]]},"properties":{"net":"out","o":5}},{"type":"Feature","geometry":{"type":"LineString","coordinates":[[-83.68316,35.37156],[-83.68292,35.37162],[-83.6824,35.37146],[-83.68196,35.37166],[-83.68058,35.37197],[-83.68026,35.37218]]},"properties":{"net":"out","o":4}},{"type":"Feature","geometry":{"type":"LineString","coordinates":[[-83.6786,35.37396],[-83.67798,35.37485],[-83.67745,35.37585],[-83.67703,35.37634]]},"properties":{"net":"out","o":4}},{"type":"Feature","geometry":{"type":"LineString","coordinates":[[-83.68908,35.44009],[-83.69342,35.44066],[-83.69673,35.44131]]},"properties":{"net":"out","o":7}},{"type":"Feature","geometry":{"type":"LineString","coordinates":[[-83.67557,35.13469],[-83.67427,35.13422],[-83.67241,35.13468]]},"properties":{"net":"NC3035","o":2}},{"type":"Feature","geometry":{"type":"LineString","coordinates":[[-83.65667,35.17924],[-83.65685,35.18009],[-83.65756,35.18085],[-83.65771,35.18124],[-83.65773,35.1816],[-83.65813,35.18246],[-83.65871,35.1833],[-83.66096,35.18548]]},"properties":{"net":"NC3035","o":2}},{"type":"Feature","geometry":{"type":"LineString","coordinates":[[-83.67149,35.28344],[-83.67104,35.28377]]},"properties":{"net":"out","o":5}},{"type":"Feature","geometry":{"type":"LineString","coordinates":[[-83.66613,35.28713],[-83.6659,35.28738]]},"properties":{"net":"out","o":5}},{"type":"Feature","geometry":{"type":"LineString","coordinates":[[-83.6659,35.28738],[-83.66513,35.28842]]},"properties":{"net":"out","o":5}},{"type":"Feature","geometry":{"type":"LineString","coordinates":[[-83.63659,35.08841],[-83.6357,35.08893]]},"properties":{"net":"NC3035","o":2}},{"type":"Feature","geometry":{"type":"LineString","coordinates":[[-83.6384,35.13549],[-83.63892,35.13622],[-83.63924,35.13719],[-83.63972,35.13782]]},"properties":{"net":"NC3035","o":4}},{"type":"Feature","geometry":{"type":"LineString","coordinates":[[-83.63745,35.12362],[-83.63734,35.12365]]},"properties":{"net":"NC3035","o":2}},{"type":"Feature","geometry":{"type":"LineString","coordinates":[[-83.64717,35.16774],[-83.64761,35.16763],[-83.64968,35.16758]]},"properties":{"net":"NC3035","o":2}},{"type":"Feature","geometry":{"type":"LineString","coordinates":[[-83.622,35.19928],[-83.62381,35.19999],[-83.62511,35.20063],[-83.62622,35.20154],[-83.62716,35.2021],[-83.62798,35.20242],[-83.62862,35.20252],[-83.63162,35.20238],[-83.63315,35.20283],[-83.63561,35.20035]]},"properties":{"net":"NC3035","o":1}},{"type":"Feature","geometry":{"type":"LineString","coordinates":[[-83.64279,35.22541],[-83.64241,35.22584],[-83.6424,35.2266],[-83.64356,35.22836],[-83.64387,35.22921],[-83.64389,35.22964],[-83.6437,35.23055],[-83.64373,35.23123],[-83.64346,35.23275],[-83.64352,35.23305],[-83.64401,35.23393]]},"properties":{"net":"out","o":4}},{"type":"Feature","geometry":{"type":"LineString","coordinates":[[-83.64486,35.23964],[-83.6448,35.24007],[-83.6446,35.24044],[-83.64426,35.24071],[-83.64344,35.24099],[-83.64143,35.2414],[-83.64082,35.24172],[-83.64048,35.24223],[-83.6404,35.24313],[-83.64087,35.24456],[-83.64085,35.24499],[-83.64005,35.24682],[-83.63977,35.24768],[-83.6397,35.24856],[-83.63982,35.24926],[-83.64016,35.24975],[-83.64055,35.25001],[-83.64098,35.25007]]},"properties":{"net":"out","o":4}},{"type":"Feature","geometry":{"type":"LineString","coordinates":[[-83.63063,35.09078],[-83.62669,35.09273],[-83.62589,35.09349],[-83.62529,35.09433],[-83.62473,35.09463]]},"properties":{"net":"NC3035","o":2}},{"type":"Feature","geometry":{"type":"LineString","coordinates":[[-83.61903,35.11306],[-83.62018,35.11419],[-83.62076,35.11515],[-83.62118,35.11538],[-83.62177,35.11589]]},"properties":{"net":"NC3035","o":1}},{"type":"Feature","geometry":{"type":"LineString","coordinates":[[-83.61469,35.12298],[-83.61476,35.12291]]},"properties":{"net":"NC3035","o":2}},{"type":"Feature","geometry":{"type":"LineString","coordinates":[[-83.62112,35.1575],[-83.62166,35.15737],[-83.62258,35.1568],[-83.62312,35.15671],[-83.62353,35.15641],[-83.62489,35.15604],[-83.62536,35.1562]]},"properties":{"net":"NC3035","o":2}},{"type":"Feature","geometry":{"type":"LineString","coordinates":[[-83.62039,35.21503],[-83.62026,35.21535]]},"properties":{"net":"NC3207","o":2}},{"type":"Feature","geometry":{"type":"LineString","coordinates":[[-83.62026,35.21535],[-83.61998,35.21559],[-83.61708,35.21721],[-83.61642,35.21763],[-83.61624,35.21785],[-83.61557,35.21821],[-83.61512,35.21899],[-83.61513,35.21969],[-83.61531,35.22062],[-83.61516,35.22106],[-83.61543,35.22141],[-83.61524,35.22184]]},"properties":{"net":"NC3207","o":2}},{"type":"Feature","geometry":{"type":"LineString","coordinates":[[-83.60685,35.21618],[-83.60822,35.21639],[-83.60886,35.21671],[-83.60932,35.21722],[-83.61023,35.21767],[-83.6108,35.21813],[-83.61215,35.21954],[-83.61278,35.22001],[-83.61302,35.22059],[-83.61355,35.22106],[-83.61441,35.22136],[-83.61524,35.22184]]},"properties":{"net":"NC3207","o":3}},{"type":"Feature","geometry":{"type":"LineString","coordinates":[[-83.6209,35.33596],[-83.61601,35.3361]]},"properties":{"net":"out","o":5}},{"type":"Feature","geometry":{"type":"LineString","coordinates":[[-83.61601,35.3361],[-83.61514,35.33586]]},"properties":{"net":"out","o":5}},{"type":"Feature","geometry":{"type":"LineString","coordinates":[[-83.61557,35.4331],[-83.6161,35.43436],[-83.61745,35.43575],[-83.6185,35.43628],[-83.62005,35.4364]]},"properties":{"net":"out","o":7}},{"type":"Feature","geometry":{"type":"LineString","coordinates":[[-83.61046,35.42723],[-83.61097,35.4273],[-83.61194,35.42774],[-83.61324,35.42873],[-83.61437,35.43014],[-83.61557,35.4331]]},"properties":{"net":"out","o":7}},{"type":"Feature","geometry":{"type":"LineString","coordinates":[[-83.59723,35.0662],[-83.59736,35.06643],[-83.59779,35.06664],[-83.59802,35.06689],[-83.5983,35.0674],[-83.59842,35.06788]]},"properties":{"net":"sm2612","o":3}},{"type":"Feature","geometry":{"type":"LineString","coordinates":[[-83.59842,35.06788],[-83.59845,35.06806]]},"properties":{"net":"NC3035","o":3}},{"type":"Feature","geometry":{"type":"LineString","coordinates":[[-83.60799,35.10997],[-83.60795,35.11003]]},"properties":{"net":"NC3035","o":2}},{"type":"Feature","geometry":{"type":"LineString","coordinates":[[-83.60795,35.11003],[-83.60896,35.1105],[-83.60933,35.11083]]},"properties":{"net":"NC3035","o":4}},{"type":"Feature","geometry":{"type":"LineString","coordinates":[[-83.59753,35.10448],[-83.59747,35.10458]]},"properties":{"net":"NC3035","o":1}},{"type":"Feature","geometry":{"type":"LineString","coordinates":[[-83.5864,35.17662],[-83.58694,35.17707],[-83.5877,35.17792],[-83.58918,35.17858],[-83.58963,35.17908],[-83.59072,35.1797],[-83.59232,35.18024],[-83.59335,35.18034],[-83.59427,35.18019],[-83.59505,35.17987],[-83.59562,35.17991],[-83.597,35.17973],[-83.59779,35.17942],[-83.59827,35.17901],[-83.59992,35.17856],[-83.60095,35.1779],[-83.60161,35.17773],[-83.60214,35.17734],[-83.60306,35.17627],[-83.60365,35.17537],[-83.60526,35.17485],[-83.60635,35.17422],[-83.6081,35.17397],[-83.60895,35.17415],[-83.61051,35.17422],[-83.61175,35.17441],[-83.61365,35.17432]]},"properties":{"net":"NC3035","o":1}},{"type":"Feature","geometry":{"type":"LineString","coordinates":[[-83.60446,35.19721],[-83.60456,35.19768],[-83.6049,35.19812],[-83.60512,35.1987],[-83.605,35.19965],[-83.60465,35.20036],[-83.60408,35.20093],[-83.60367,35.20156],[-83.60309,35.20219]]},"properties":{"net":"NC3207","o":1}},{"type":"Feature","geometry":{"type":"LineString","coordinates":[[-83.60001,35.36566],[-83.5991,35.36463],[-83.59799,35.36413],[-83.59467,35.36401]]},"properties":{"net":"sm8796217","o":1}},{"type":"Feature","geometry":{"type":"LineString","coordinates":[[-83.61083,35.42609],[-83.61046,35.42723]]},"properties":{"net":"out","o":4}},{"type":"Feature","geometry":{"type":"LineString","coordinates":[[-83.56371,35.03885],[-83.56415,35.03891],[-83.56562,35.03879],[-83.56629,35.03891],[-83.56719,35.03926],[-83.56809,35.03985],[-83.56883,35.04017]]},"properties":{"net":"sm2949","o":1}},{"type":"Feature","geometry":{"type":"LineString","coordinates":[[-83.55095,35.05699],[-83.55043,35.0579]]},"properties":{"net":"NC3035","o":2}},{"type":"Feature","geometry":{"type":"LineString","coordinates":[[-83.52033,35.01357],[-83.51866,35.01067],[-83.51818,35.00952],[-83.51755,35.00934]]},"properties":{"net":"NC3035","o":1}},{"type":"Feature","geometry":{"type":"LineString","coordinates":[[-83.51327,35.04978],[-83.51325,35.0502],[-83.51337,35.05054],[-83.51367,35.05088],[-83.51413,35.05116],[-83.51423,35.0514],[-83.51389,35.05195],[-83.51279,35.05256]]},"properties":{"net":"NC3035","o":4}},{"type":"Feature","geometry":{"type":"LineString","coordinates":[[-83.52247,35.04088],[-83.5218,35.04103],[-83.52071,35.04105],[-83.51957,35.0413],[-83.51853,35.04134],[-83.51703,35.04182],[-83.51645,35.04178],[-83.51523,35.04128],[-83.51374,35.04137],[-83.51258,35.04115]]},"properties":{"net":"NC3035","o":1}},{"type":"Feature","geometry":{"type":"LineString","coordinates":[[-83.5194,35.06637],[-83.51931,35.06667],[-83.51935,35.06704],[-83.51975,35.06744],[-83.52026,35.06762],[-83.52152,35.06778],[-83.52252,35.0677],[-83.52403,35.0688],[-83.52515,35.06985],[-83.52575,35.07026],[-83.52632,35.07045],[-83.52701,35.07035]]},"properties":{"net":"NC3035","o":4}},{"type":"Feature","geometry":{"type":"LineString","coordinates":[[-83.31398,35.09198],[-83.31489,35.09153],[-83.31789,35.09086],[-83.31873,35.09089],[-83.32127,35.09138],[-83.32272,35.08988]]},"properties":{"net":"NC2974","o":1}},{"type":"Feature","geometry":{"type":"LineString","coordinates":[[-83.32241,35.17919],[-83.32283,35.17829],[-83.32286,35.1778],[-83.32256,35.17631],[-83.32204,35.17511],[-83.32211,35.17261],[-83.32204,35.17242],[-83.32144,35.17184],[-83.32095,35.17105]]},"properties":{"net":"NC2974","o":1}},{"type":"Feature","geometry":{"type":"LineString","coordinates":[[-83.33859,35.25257],[-83.33946,35.25171],[-83.33981,35.25129],[-83.33996,35.25095],[-83.34036,35.24948],[-83.34024,35.24792],[-83.34034,35.24691],[-83.34025,35.24656],[-83.33985,35.24598],[-83.33978,35.24567],[-83.33945,35.24523],[-83.33923,35.24366],[-83.33902,35.24313],[-83.33843,35.24218],[-83.33824,35.24136],[-83.33825,35.24098],[-83.33841,35.24069]]},"properties":{"net":"sm3027","o":1}},{"type":"Feature","geometry":{"type":"LineString","coordinates":[[-83.32857,35.25029],[-83.32928,35.24952],[-83.3299,35.24836],[-83.3307,35.24759],[-83.33118,35.24698],[-83.33184,35.24656],[-83.33241,35.24599],[-83.3334,35.24435],[-83.33498,35.24231],[-83.33552,35.24196],[-83.33564,35.24161],[-83.3359,35.24147],[-83.3371,35.24128],[-83.338,35.2408],[-83.33841,35.24069]]},"properties":{"net":"sm3027","o":2}},{"type":"Feature","geometry":{"type":"LineString","coordinates":[[-83.30933,34.97172],[-83.31021,34.97205],[-83.31094,34.97246],[-83.31243,34.97252],[-83.31295,34.97276],[-83.31391,34.97383],[-83.31578,34.97521],[-83.31559,34.97605],[-83.31566,34.97665],[-83.31635,34.97744],[-83.31677,34.97778],[-83.31761,34.9781],[-83.31863,34.97803],[-83.31928,34.97812]]},"properties":{"net":"NC2974","o":1}},{"type":"Feature","geometry":{"type":"LineString","coordinates":[[-83.31726,34.98376],[-83.31748,34.9839],[-83.31767,34.98418],[-83.31821,34.9844]]},"properties":{"net":"NC2974","o":1}},{"type":"Feature","geometry":{"type":"LineString","coordinates":[[-83.3099,34.98046],[-83.31045,34.98075],[-83.31117,34.98148],[-83.31142,34.98192],[-83.31134,34.98254],[-83.31159,34.98284],[-83.31201,34.98307],[-83.31307,34.98333]]},"properties":{"net":"NC2974","o":1}},{"type":"Feature","geometry":{"type":"LineString","coordinates":[[-83.29189,35.0067],[-83.29204,35.00561],[-83.29259,35.00526],[-83.29272,35.00503],[-83.29285,35.00364],[-83.29376,35.00253],[-83.29395,35.00194],[-83.29435,35.00136],[-83.29443,35.00084],[-83.29476,35.00069],[-83.29586,35.00115],[-83.29655,35.00107],[-83.29733,35.00113],[-83.29774,35.00058],[-83.29948,35.00009]]},"properties":{"net":"NC2974","o":1}},{"type":"Feature","geometry":{"type":"LineString","coordinates":[[-83.30961,35.14391],[-83.30953,35.14398]]},"properties":{"net":"NC2974","o":2}},{"type":"Feature","geometry":{"type":"LineString","coordinates":[[-83.31159,35.18256],[-83.31174,35.18135],[-83.31247,35.18006],[-83.31323,35.1784],[-83.3146,35.17645],[-83.31557,35.17553],[-83.31614,35.17469],[-83.31653,35.17371],[-83.31838,35.17136]]},"properties":{"net":"NC2974","o":1}},{"type":"Feature","geometry":{"type":"LineString","coordinates":[[-83.29662,35.1704],[-83.29724,35.17072],[-83.29803,35.17088],[-83.29874,35.17083],[-83.29987,35.17056]]},"properties":{"net":"NC2974","o":2}},{"type":"Feature","geometry":{"type":"LineString","coordinates":[[-83.3144,35.25662],[-83.31445,35.25629]]},"properties":{"net":"sm3027","o":2}},{"type":"Feature","geometry":{"type":"LineString","coordinates":[[-83.23754,35.23425],[-83.23776,35.23345],[-83.23758,35.23266],[-83.23773,35.23189],[-83.2377,35.23126],[-83.23801,35.23054],[-83.2386,35.2298],[-83.23951,35.22906],[-83.24086,35.22767],[-83.24286,35.22646],[-83.24356,35.22527],[-83.24361,35.22491],[-83.24342,35.2243],[-83.24276,35.22375],[-83.24294,35.22325],[-83.24291,35.22263],[-83.24299,35.22243]]},"properties":{"net":"NC2974","o":1}},{"type":"Feature","geometry":{"type":"LineString","coordinates":[[-83.46374,34.95906],[-83.46342,34.95858],[-83.4626,34.95781],[-83.46177,34.95779],[-83.46135,34.95748],[-83.46118,34.95704],[-83.46073,34.95637],[-83.46075,34.95533],[-83.46051,34.95455],[-83.46029,34.95415],[-83.45986,34.95374],[-83.45941,34.95343],[-83.45862,34.9531],[-83.45801,34.95296],[-83.45704,34.95253],[-83.45634,34.95237],[-83.45609,34.95219],[-83.45594,34.95193],[-83.45597,34.95118],[-83.45588,34.95064],[-83.45628,34.94951],[-83.456,34.9492]]},"properties":{"net":"NC2974","o":1}},{"type":"Feature","geometry":{"type":"LineString","coordinates":[[-83.456,34.9492],[-83.45511,34.94846],[-83.45466,34.94824],[-83.45406,34.94755],[-83.45339,34.94732],[-83.45293,34.94699],[-83.45267,34.9467],[-83.45255,34.94637]]},"properties":{"net":"NC2974","o":2}},{"type":"Feature","geometry":{"type":"LineString","coordinates":[[-83.453,34.92122],[-83.45277,34.92104],[-83.45241,34.92094],[-83.45205,34.92101],[-83.45035,34.92274],[-83.44929,34.92359],[-83.44791,34.92447],[-83.44639,34.92508],[-83.44597,34.92558],[-83.44552,34.92578],[-83.4451,34.92622],[-83.44468,34.92638],[-83.44449,34.92657],[-83.44414,34.92731],[-83.44343,34.9281],[-83.44188,34.92914],[-83.44142,34.92925],[-83.43913,34.9293],[-83.43653,34.93005]]},"properties":{"net":"NC2974","o":1}},{"type":"Feature","geometry":{"type":"LineString","coordinates":[[-83.44365,34.95703],[-83.44379,34.9564],[-83.44459,34.95555],[-83.44551,34.9536],[-83.4461,34.95291],[-83.44674,34.95152],[-83.4474,34.9511],[-83.44784,34.95046],[-83.44816,34.94986],[-83.44834,34.94912],[-83.44852,34.94884],[-83.44904,34.94852],[-83.44977,34.94786],[-83.45074,34.94749],[-83.45255,34.94637]]},"properties":{"net":"NC2974","o":1}},{"type":"Feature","geometry":{"type":"LineString","coordinates":[[-83.45428,35.04974],[-83.45339,35.05061],[-83.45078,35.05232],[-83.44938,35.05365],[-83.44854,35.05518],[-83.44851,35.0555],[-83.44872,35.05636],[-83.44867,35.05662]]},"properties":{"net":"sm54751","o":1}},{"type":"Feature","geometry":{"type":"LineString","coordinates":[[-83.46474,35.07007],[-83.46448,35.07077],[-83.46429,35.07185],[-83.46373,35.07309],[-83.46334,35.07444],[-83.46361,35.07539],[-83.46405,35.07782],[-83.46402,35.07893]]},"properties":{"net":"NC6212","o":1}},{"type":"Feature","geometry":{"type":"LineString","coordinates":[[-83.46343,35.1012],[-83.46277,35.10162],[-83.46227,35.10168],[-83.4606,35.10142],[-83.4598,35.10089],[-83.45923,35.10069],[-83.45725,35.10036]]},"properties":{"net":"NC6212","o":1}},{"type":"Feature","geometry":{"type":"LineString","coordinates":[[-83.44901,35.15244],[-83.4501,35.15275],[-83.45236,35.15279],[-83.45379,35.1531],[-83.45442,35.15341],[-83.45539,35.1542],[-83.45606,35.15489],[-83.45642,35.15546]]},"properties":{"net":"NC6212","o":1}},{"type":"Feature","geometry":{"type":"LineString","coordinates":[[-83.45725,35.10036],[-83.45672,35.10083],[-83.45573,35.10112],[-83.45544,35.10132],[-83.45511,35.10214],[-83.45461,35.10279],[-83.45444,35.10328],[-83.45467,35.1044]]},"properties":{"net":"NC6212","o":2}},{"type":"Feature","geometry":{"type":"LineString","coordinates":[[-83.45642,35.15546],[-83.45636,35.15568],[-83.45679,35.15596],[-83.4567,35.15615],[-83.45539,35.15701],[-83.45478,35.15726],[-83.45414,35.15802]]},"properties":{"net":"NC6212","o":4}},{"type":"Feature","geometry":{"type":"LineString","coordinates":[[-83.45781,35.16401],[-83.45653,35.16236],[-83.45567,35.16101],[-83.45414,35.15802]]},"properties":{"net":"NC6212","o":2}},{"type":"Feature","geometry":{"type":"LineString","coordinates":[[-83.45022,35.16688],[-83.45035,35.16538],[-83.45004,35.16472],[-83.44981,35.16376],[-83.44943,35.16279],[-83.44975,35.1618],[-83.44968,35.16035],[-83.44934,35.15958],[-83.44861,35.15896],[-83.44835,35.15849]]},"properties":{"net":"NC6212","o":2}},{"type":"Feature","geometry":{"type":"LineString","coordinates":[[-83.45294,35.17002],[-83.45421,35.16954],[-83.45482,35.16851]]},"properties":{"net":"NC6212","o":1}},{"type":"Feature","geometry":{"type":"LineString","coordinates":[[-83.44622,35.18689],[-83.44533,35.18593],[-83.44419,35.18499],[-83.44214,35.18388],[-83.44053,35.18363]]},"properties":{"net":"sm3011","o":1}},{"type":"Feature","geometry":{"type":"LineString","coordinates":[[-83.44936,35.27838],[-83.45114,35.27784],[-83.45137,35.27772],[-83.45172,35.27721]]},"properties":{"net":"out","o":6}},{"type":"Feature","geometry":{"type":"LineString","coordinates":[[-83.40682,35.28967],[-83.40635,35.28912],[-83.40568,35.28873],[-83.40546,35.28848],[-83.40532,35.2871],[-83.40493,35.28627],[-83.40417,35.28533],[-83.40294,35.28142],[-83.40214,35.28081],[-83.40107,35.28036]]},"properties":{"net":"sm3009","o":1}},{"type":"Feature","geometry":{"type":"LineString","coordinates":[[-83.44748,35.30812],[-83.44612,35.30779],[-83.44511,35.30711],[-83.44368,35.30666],[-83.4419,35.30595],[-83.44128,35.30538],[-83.4407,35.30534],[-83.44047,35.30493],[-83.44022,35.30387]]},"properties":{"net":"sm3028","o":1}},{"type":"Feature","geometry":{"type":"LineString","coordinates":[[-83.40584,35.08639],[-83.40391,35.08636],[-83.40238,35.08704],[-83.40136,35.08699],[-83.401,35.08707],[-83.39969,35.08809],[-83.3989,35.08837],[-83.39758,35.0892],[-83.39625,35.09031],[-83.39591,35.091]]},"properties":{"net":"sm3031","o":1}},{"type":"Feature","geometry":{"type":"LineString","coordinates":[[-83.41701,35.14071],[-83.41593,35.14192],[-83.41429,35.14343],[-83.41256,35.14601],[-83.41197,35.14658],[-83.41088,35.14722],[-83.41041,35.1481],[-83.41018,35.14828]]},"properties":{"net":"NC2974","o":1}},{"type":"Feature","geometry":{"type":"LineString","coordinates":[[-83.42386,35.14618],[-83.42252,35.14662],[-83.42218,35.14727],[-83.42153,35.14785],[-83.42112,35.14838],[-83.41959,35.15181],[-83.41854,35.15287],[-83.41707,35.15354],[-83.41686,35.1538],[-83.41679,35.1541]]},"properties":{"net":"NC2974","o":2}},{"type":"Feature","geometry":{"type":"LineString","coordinates":[[-83.42339,35.17849],[-83.42361,35.17821]]},"properties":{"net":"sm3011","o":1}},{"type":"Feature","geometry":{"type":"LineString","coordinates":[[-83.40829,35.24913],[-83.40985,35.24926],[-83.4116,35.2499],[-83.41252,35.25014],[-83.41321,35.25017],[-83.41391,35.25009],[-83.4155,35.24966]]},"properties":{"net":"out","o":5}},{"type":"Feature","geometry":{"type":"LineString","coordinates":[[-83.40138,35.26686],[-83.40183,35.26724],[-83.40253,35.26759],[-83.4028,35.26764],[-83.40316,35.26754],[-83.4037,35.26687],[-83.40437,35.26659],[-83.40506,35.26595],[-83.40512,35.2652],[-83.40559,35.26477],[-83.40557,35.26464],[-83.40535,35.26451],[-83.40538,35.26443],[-83.40647,35.26402],[-83.40679,35.26341],[-83.40732,35.26302],[-83.40935,35.26251]]},"properties":{"net":"out","o":5}},{"type":"Feature","geometry":{"type":"LineString","coordinates":[[-83.40776,35.30837],[-83.4066,35.30785],[-83.40492,35.30693],[-83.40366,35.30563],[-83.40314,35.30494],[-83.40252,35.3035],[-83.40128,35.30191],[-83.4007,35.30077],[-83.40039,35.29964],[-83.40005,35.29913],[-83.4,35.29859],[-83.39969,35.29755],[-83.3997,35.29669],[-83.39984,35.29617],[-83.39976,35.29559]]},"properties":{"net":"sm3009","o":2}},{"type":"Feature","geometry":{"type":"LineString","coordinates":[[-83.40802,35.35552],[-83.40932,35.35616],[-83.41028,35.35584],[-83.4106,35.35584],[-83.41175,35.35613],[-83.41236,35.35652],[-83.41327,35.35643],[-83.4137,35.35649],[-83.41433,35.35685],[-83.41552,35.35729]]},"properties":{"net":"out","o":4}},{"type":"Feature","geometry":{"type":"LineString","coordinates":[[-83.3991,34.97652],[-83.39941,34.97382],[-83.39884,34.9728],[-83.3986,34.97193],[-83.398,34.9715]]},"properties":{"net":"NC2974","o":1}},{"type":"Feature","geometry":{"type":"LineString","coordinates":[[-83.38517,34.95224],[-83.38498,34.95259],[-83.38466,34.95275],[-83.38459,34.95307],[-83.38421,34.95325],[-83.38401,34.95387],[-83.38333,34.9548],[-83.38225,34.95698],[-83.38155,34.95802],[-83.38123,34.9583],[-83.38047,34.95952]]},"properties":{"net":"NC2974","o":3}},{"type":"Feature","geometry":{"type":"LineString","coordinates":[[-83.39442,35.01579],[-83.39345,35.01523],[-83.39273,35.01468],[-83.39228,35.01452],[-83.39144,35.01445],[-83.38991,35.01486],[-83.38922,35.01495],[-83.38846,35.01486],[-83.38723,35.01443]]},"properties":{"net":"sm3022","o":2}},{"type":"Feature","geometry":{"type":"LineString","coordinates":[[-83.38723,35.01443],[-83.38652,35.01421],[-83.38565,35.01411]]},"properties":{"net":"NC2974","o":2}},{"type":"Feature","geometry":{"type":"LineString","coordinates":[[-83.3821,34.99952],[-83.38196,34.99963],[-83.38122,34.99952],[-83.38071,34.99963],[-83.38091,35.00076],[-83.38071,35.00183],[-83.38028,35.00274],[-83.37918,35.00296],[-83.37851,35.00396],[-83.37824,35.00468],[-83.37821,35.0051],[-83.3787,35.00693],[-83.37854,35.00722],[-83.3779,35.00745],[-83.3778,35.00769],[-83.37801,35.008],[-83.3788,35.0083],[-83.37981,35.00806],[-83.38061,35.00772],[-83.38176,35.00752],[-83.38256,35.0077],[-83.38346,35.00833]]},"properties":{"net":"NC2974","o":4}},{"type":"Feature","geometry":{"type":"LineString","coordinates":[[-83.39523,35.04892],[-83.3946,35.04893],[-83.39358,35.0487],[-83.39192,35.04872],[-83.39156,35.04865],[-83.39085,35.04834],[-83.38961,35.04832],[-83.38903,35.04815],[-83.38762,35.04722],[-83.38703,35.0466],[-83.38564,35.0463],[-83.38487,35.04584],[-83.38458,35.04511],[-83.38429,35.04346]]},"properties":{"net":"NC2974","o":1}},{"type":"Feature","geometry":{"type":"LineString","coordinates":[[-83.39641,35.11161],[-83.39576,35.11118],[-83.39518,35.11095]]},"properties":{"net":"NC2974","o":3}},{"type":"Feature","geometry":{"type":"LineString","coordinates":[[-83.39518,35.11095],[-83.39167,35.11187],[-83.39023,35.11186],[-83.38995,35.11175],[-83.38955,35.11143],[-83.38873,35.11133],[-83.38808,35.11135],[-83.38711,35.11168],[-83.38646,35.11172],[-83.38455,35.11151],[-83.38336,35.11123],[-83.38304,35.11137],[-83.38304,35.11182],[-83.38274,35.11189],[-83.38203,35.11171],[-83.38051,35.11092]]},"properties":{"net":"NC2974","o":3}},{"type":"Feature","geometry":{"type":"LineString","coordinates":[[-83.40224,35.12799],[-83.40235,35.12677],[-83.40216,35.12618],[-83.40135,35.1251],[-83.40053,35.1244],[-83.39986,35.12411],[-83.39901,35.12426],[-83.39723,35.12396],[-83.39548,35.1228],[-83.39421,35.1216],[-83.39377,35.12103],[-83.3931,35.12089],[-83.39246,35.12103],[-83.39124,35.12004],[-83.39061,35.11969],[-83.38877,35.11937],[-83.38517,35.11922],[-83.38361,35.11873],[-83.38237,35.11814],[-83.38177,35.11827],[-83.38083,35.11866],[-83.37994,35.11873],[-83.37882,35.11843],[-83.37848,35.11855],[-83.37827,35.11875]]},"properties":{"net":"NC2974","o":1}},{"type":"Feature","geometry":{"type":"LineString","coordinates":[[-83.39394,35.13168],[-83.393,35.13142],[-83.3918,35.13167]]},"properties":{"net":"sm3021","o":2}},{"type":"Feature","geometry":{"type":"LineString","coordinates":[[-83.39591,35.1594],[-83.39589,35.15928]]},"properties":{"net":"NC2974","o":2}},{"type":"Feature","geometry":{"type":"LineString","coordinates":[[-83.38944,35.20073],[-83.38925,35.20045]]},"properties":{"net":"NC2974","o":1}},{"type":"Feature","geometry":{"type":"LineString","coordinates":[[-83.38925,35.20045],[-83.38762,35.19918],[-83.38682,35.19889],[-83.38595,35.19881]]},"properties":{"net":"NC2974","o":1}},{"type":"Feature","geometry":{"type":"LineString","coordinates":[[-83.3853,35.19718],[-83.38516,35.19863]]},"properties":{"net":"NC2974","o":5}},{"type":"Feature","geometry":{"type":"LineString","coordinates":[[-83.2297,35.05971],[-83.22956,35.05996],[-83.22894,35.0603],[-83.22882,35.06075],[-83.22884,35.06141],[-83.22904,35.06199],[-83.22993,35.06358],[-83.22992,35.06374],[-83.22931,35.06469],[-83.22933,35.06516],[-83.22976,35.06553],[-83.23066,35.06574],[-83.23114,35.06598],[-83.23238,35.06749],[-83.23312,35.06806]]},"properties":{"net":"NC2974","o":1}},{"type":"Feature","geometry":{"type":"LineString","coordinates":[[-83.23005,35.07085],[-83.23033,35.07122]]},"properties":{"net":"NC2974","o":4}},{"type":"Feature","geometry":{"type":"LineString","coordinates":[[-83.33278,34.96999],[-83.33398,34.97101],[-83.33542,34.97134],[-83.33673,34.97228]]},"properties":{"net":"NC2974","o":1}},{"type":"Feature","geometry":{"type":"LineString","coordinates":[[-83.32002,34.98114],[-83.32058,34.98191],[-83.3211,34.98233]]},"properties":{"net":"NC2974","o":2}},{"type":"Feature","geometry":{"type":"LineString","coordinates":[[-83.31978,34.98574],[-83.32033,34.98554],[-83.32088,34.9852],[-83.32207,34.98476]]},"properties":{"net":"NC2974","o":2}},{"type":"Feature","geometry":{"type":"LineString","coordinates":[[-83.32574,35.01959],[-83.32611,35.019],[-83.32664,35.01854],[-83.32729,35.0176],[-83.32837,35.01722],[-83.32901,35.01652],[-83.32946,35.01622],[-83.33019,35.0152],[-83.33101,35.01438],[-83.33145,35.01376],[-83.33214,35.01353],[-83.33247,35.01315],[-83.33288,35.0129],[-83.33402,35.01252],[-83.33488,35.01173]]},"properties":{"net":"NC2974","o":1}},{"type":"Feature","geometry":{"type":"LineString","coordinates":[[-83.2558,35.03725],[-83.2558,35.03725]]},"properties":{"net":"NC2974","o":1}},{"type":"Feature","geometry":{"type":"LineString","coordinates":[[-83.2484,35.07613],[-83.25041,35.07667],[-83.25075,35.07722],[-83.25117,35.07752],[-83.25159,35.07742],[-83.25228,35.07675],[-83.25259,35.07678],[-83.25299,35.07705]]},"properties":{"net":"NC2974","o":4}},{"type":"Feature","geometry":{"type":"LineString","coordinates":[[-83.28035,35.10785],[-83.27966,35.1087],[-83.2795,35.10948],[-83.27909,35.10999],[-83.27872,35.11097],[-83.27885,35.11131],[-83.27965,35.11142],[-83.27997,35.11159],[-83.28019,35.11184],[-83.28014,35.11237],[-83.27986,35.11293],[-83.28011,35.11405],[-83.28004,35.11578]]},"properties":{"net":"NC2974","o":1}},{"type":"Feature","geometry":{"type":"LineString","coordinates":[[-83.28565,35.12578],[-83.28552,35.12585]]},"properties":{"net":"NC2974","o":2}},{"type":"Feature","geometry":{"type":"LineString","coordinates":[[-83.28254,35.12381],[-83.2826,35.12377]]},"properties":{"net":"NC2974","o":3}},{"type":"Feature","geometry":{"type":"LineString","coordinates":[[-83.28225,35.12999],[-83.28252,35.13039],[-83.28253,35.13076],[-83.28289,35.13195]]},"properties":{"net":"NC2974","o":4}},{"type":"Feature","geometry":{"type":"LineString","coordinates":[[-83.29823,35.18943],[-83.29838,35.18873]]},"properties":{"net":"NC2974","o":2}},{"type":"Feature","geometry":{"type":"LineString","coordinates":[[-83.26821,35.09022],[-83.26805,35.09097],[-83.26818,35.09169],[-83.2679,35.09225],[-83.26749,35.0926],[-83.26707,35.09281],[-83.26612,35.0929],[-83.26581,35.09308],[-83.2658,35.0937],[-83.26569,35.09394],[-83.2642,35.0953],[-83.26387,35.09579]]},"properties":{"net":"NC2974","o":4}},{"type":"Feature","geometry":{"type":"LineString","coordinates":[[-83.48181,35.34198],[-83.48214,35.34256],[-83.48205,35.34291],[-83.4821,35.34313],[-83.48261,35.34392],[-83.48262,35.34481],[-83.4828,35.34591],[-83.48251,35.34654],[-83.48188,35.34727],[-83.48161,35.348],[-83.48114,35.34854],[-83.48101,35.34957],[-83.48078,35.35026]]},"properties":{"net":"sm3005","o":1}},{"type":"Feature","geometry":{"type":"LineString","coordinates":[[-83.25352,35.09126],[-83.25395,35.09131],[-83.2547,35.09167],[-83.25603,35.09193],[-83.25645,35.09232],[-83.25699,35.09245],[-83.25763,35.09225],[-83.25826,35.09243],[-83.25882,35.09223],[-83.25913,35.09228],[-83.25965,35.09298],[-83.26156,35.09423],[-83.2619,35.09467],[-83.26285,35.09554],[-83.26322,35.09573],[-83.26387,35.09579]]},"properties":{"net":"NC2974","o":1}},{"type":"Feature","geometry":{"type":"LineString","coordinates":[[-83.25676,35.17811],[-83.25675,35.1787],[-83.25628,35.17931],[-83.25601,35.17987],[-83.25601,35.18136],[-83.25617,35.18224],[-83.25681,35.18312],[-83.2569,35.18358],[-83.25751,35.18475],[-83.2575,35.18497],[-83.25727,35.18544],[-83.25759,35.18616],[-83.25745,35.18715],[-83.25756,35.18772],[-83.25741,35.18806],[-83.25649,35.18882],[-83.25608,35.18934],[-83.25605,35.19046],[-83.2559,35.19096],[-83.25606,35.19122]]},"properties":{"net":"NC2974","o":1}},{"type":"Feature","geometry":{"type":"LineString","coordinates":[[-83.47276,34.96709],[-83.4718,34.96827],[-83.47136,34.96844],[-83.47115,34.96864],[-83.46993,34.96901],[-83.46953,34.96925],[-83.46863,34.97017],[-83.46832,34.97072]]},"properties":{"net":"NC2974","o":1}},{"type":"Feature","geometry":{"type":"LineString","coordinates":[[-83.45599,35.1224],[-83.45801,35.12241],[-83.45985,35.12209],[-83.46134,35.12258],[-83.46369,35.1228],[-83.46457,35.12256],[-83.46596,35.12239],[-83.46693,35.12207],[-83.46771,35.12143],[-83.46808,35.12123],[-83.46852,35.12121],[-83.4699,35.12146]]},"properties":{"net":"NC6212","o":1}},{"type":"Feature","geometry":{"type":"LineString","coordinates":[[-83.47881,35.16388],[-83.47845,35.1644]]},"properties":{"net":"NC6212","o":4}},{"type":"Feature","geometry":{"type":"LineString","coordinates":[[-83.46878,35.17567],[-83.469,35.17549]]},"properties":{"net":"NC6212","o":2}},{"type":"Feature","geometry":{"type":"LineString","coordinates":[[-83.43903,35.18247],[-83.43867,35.1824],[-83.43811,35.18171],[-83.43719,35.18116],[-83.43474,35.18122]]},"properties":{"net":"sm3011","o":2}},{"type":"Feature","geometry":{"type":"LineString","coordinates":[[-83.43179,35.01839],[-83.4308,35.01763],[-83.42987,35.01668],[-83.42892,35.01608],[-83.42873,35.0157],[-83.42859,35.01504],[-83.42811,35.01432],[-83.42815,35.01407],[-83.42843,35.01373],[-83.42831,35.01327],[-83.42708,35.01219],[-83.42684,35.01183],[-83.42639,35.01072],[-83.42419,35.00823],[-83.42404,35.00763],[-83.42406,35.00651],[-83.42438,35.00596],[-83.4243,35.00561],[-83.42348,35.00512],[-83.42292,35.00466],[-83.42238,35.00441],[-83.42184,35.00371],[-83.42124,35.0032],[-83.42107,35.00271],[-83.42113,35.00169],[-83.42091,35.00128],[-83.41932,35.00058],[-83.41854,35.00011],[-83.41751,34.99984],[-83.41357,34.99989]]},"properties":{"net":"NC2974","o":1}},{"type":"Feature","geometry":{"type":"LineString","coordinates":[[-83.44409,35.28291],[-83.44363,35.28191],[-83.4434,35.27999],[-83.44326,35.2796],[-83.44331,35.27929],[-83.44361,35.27889]]},"properties":{"net":"sm3028","o":2}},{"type":"Feature","geometry":{"type":"LineString","coordinates":[[-83.41837,34.93598],[-83.41747,34.93592],[-83.41585,34.93619]]},"properties":{"net":"NC2974","o":2}},{"type":"Feature","geometry":{"type":"LineString","coordinates":[[-83.41593,34.96154],[-83.41553,34.9612],[-83.41518,34.96073],[-83.41473,34.96049],[-83.4135,34.95932],[-83.41338,34.95894],[-83.41302,34.95855],[-83.41266,34.95847],[-83.41199,34.95849],[-83.41072,34.95802],[-83.41015,34.95757],[-83.40936,34.95756],[-83.40846,34.95685],[-83.40777,34.95645],[-83.40728,34.95574],[-83.4067,34.95539],[-83.40607,34.9553],[-83.4056,34.95542],[-83.40523,34.95562],[-83.40472,34.95613],[-83.40424,34.95634],[-83.40338,34.95631],[-83.40159,34.95663],[-83.40071,34.95643],[-83.39917,34.95702],[-83.39853,34.95717],[-83.39817,34.95703],[-83.39694,34.95586],[-83.39493,34.9555],[-83.39336,34.95473],[-83.39301,34.95442],[-83.39295,34.95373],[-83.39316,34.95287],[-83.39263,34.95166],[-83.39225,34.95026],[-83.39193,34.9497],[-83.39133,34.94898]]},"properties":{"net":"NC2974","o":1}},{"type":"Feature","geometry":{"type":"LineString","coordinates":[[-83.42181,34.9741],[-83.42007,34.97377],[-83.41945,34.9735],[-83.41886,34.97342]]},"properties":{"net":"NC2974","o":3}},{"type":"Feature","geometry":{"type":"LineString","coordinates":[[-83.4168,34.97696],[-83.41655,34.97672]]},"properties":{"net":"NC2974","o":1}},{"type":"Feature","geometry":{"type":"LineString","coordinates":[[-83.40771,34.98969],[-83.40706,34.98941],[-83.40575,34.98844],[-83.40434,34.98804],[-83.39977,34.98786],[-83.39869,34.98772],[-83.39731,34.98793],[-83.39649,34.98825],[-83.39586,34.98824],[-83.39539,34.98795],[-83.39515,34.98762],[-83.39456,34.98733],[-83.39404,34.9868],[-83.39374,34.98665],[-83.39383,34.98626],[-83.39364,34.98574],[-83.39375,34.98451],[-83.39348,34.98409],[-83.39307,34.98393],[-83.39234,34.98327],[-83.39122,34.98317],[-83.39103,34.98306],[-83.39095,34.98282],[-83.39051,34.9828],[-83.38969,34.98312],[-83.38922,34.98303],[-83.38915,34.9827],[-83.38882,34.98231],[-83.38775,34.98172],[-83.38705,34.98093],[-83.3866,34.98093],[-83.38582,34.98153],[-83.38488,34.98143],[-83.38386,34.98168],[-83.38285,34.98208],[-83.38262,34.98224],[-83.38231,34.9827]]},"properties":{"net":"NC2974","o":1}},{"type":"Feature","geometry":{"type":"LineString","coordinates":[[-83.41159,34.99924],[-83.4112,34.99906],[-83.41003,34.99915],[-83.40873,34.99941],[-83.40807,34.99972],[-83.40734,34.99985],[-83.40713,35.00009],[-83.40681,35.0001]]},"properties":{"net":"NC2974","o":2}},{"type":"Feature","geometry":{"type":"LineString","coordinates":[[-83.42104,35.0227],[-83.41991,35.02304],[-83.41608,35.02302],[-83.41418,35.02363],[-83.41377,35.02368],[-83.41312,35.02368],[-83.41254,35.02349],[-83.41155,35.02354]]},"properties":{"net":"sm3022","o":1}},{"type":"Feature","geometry":{"type":"LineString","coordinates":[[-83.41155,35.02354],[-83.41117,35.02385],[-83.41054,35.02418]]},"properties":{"net":"sm3022","o":2}},{"type":"Feature","geometry":{"type":"LineString","coordinates":[[-83.39622,35.31228],[-83.39616,35.31183],[-83.39589,35.31106],[-83.39486,35.30957],[-83.39434,35.30908]]},"properties":{"net":"sm3009","o":2}},{"type":"Feature","geometry":{"type":"LineString","coordinates":[[-83.39955,35.26864],[-83.39957,35.26784],[-83.39977,35.26758],[-83.39982,35.26678],[-83.39992,35.26662],[-83.40051,35.26661],[-83.40138,35.26686]]},"properties":{"net":"out","o":5}},{"type":"Feature","geometry":{"type":"LineString","coordinates":[[-83.40107,35.28036],[-83.40122,35.27993]]},"properties":{"net":"sm3009","o":3}},{"type":"Feature","geometry":{"type":"LineString","coordinates":[[-83.37886,35.14901],[-83.37931,35.14957],[-83.37966,35.15032],[-83.3797,35.15113],[-83.37964,35.15139],[-83.37935,35.15176],[-83.37929,35.15212],[-83.37958,35.15365],[-83.3805,35.15527],[-83.38038,35.1561]]},"properties":{"net":"NC2974","o":4}},{"type":"Feature","geometry":{"type":"LineString","coordinates":[[-83.37487,35.22098],[-83.37522,35.22036],[-83.37538,35.21984],[-83.37561,35.21813],[-83.37587,35.21746],[-83.3764,35.21683],[-83.37694,35.21659],[-83.37754,35.21662],[-83.37871,35.21715],[-83.37911,35.21747],[-83.37939,35.21797],[-83.37933,35.21844],[-83.37817,35.22001],[-83.3779,35.22054],[-83.37688,35.22285],[-83.37679,35.2236]]},"properties":{"net":"out","o":5}},{"type":"Feature","geometry":{"type":"LineString","coordinates":[[-83.37601,35.20665],[-83.37542,35.20651],[-83.37487,35.20651]]},"properties":{"net":"NC2974","o":5}},{"type":"Feature","geometry":{"type":"LineString","coordinates":[[-83.3817,35.22587],[-83.38257,35.22594]]},"properties":{"net":"out","o":5}},{"type":"Feature","geometry":{"type":"LineString","coordinates":[[-83.37933,35.26795],[-83.37995,35.26814],[-83.38092,35.26823],[-83.38124,35.26847],[-83.38138,35.269],[-83.3816,35.26912]]},"properties":{"net":"out","o":4}},{"type":"Feature","geometry":{"type":"LineString","coordinates":[[-83.37496,34.92618],[-83.37523,34.92495],[-83.37507,34.92418],[-83.37515,34.92356],[-83.37493,34.92288]]},"properties":{"net":"NC2974","o":1}},{"type":"Feature","geometry":{"type":"LineString","coordinates":[[-83.36459,34.91834],[-83.36477,34.91856]]},"properties":{"net":"NC2974","o":1}},{"type":"Feature","geometry":{"type":"LineString","coordinates":[[-83.34613,34.97808],[-83.34715,34.97788],[-83.34798,34.9775],[-83.34824,34.97707],[-83.34868,34.97683],[-83.34904,34.97593],[-83.34965,34.97554],[-83.35074,34.97537],[-83.35154,34.97494],[-83.35191,34.97494],[-83.35256,34.97518],[-83.35279,34.97518],[-83.35375,34.9741],[-83.35497,34.97366],[-83.35588,34.97342],[-83.35655,34.97344],[-83.35761,34.97328],[-83.35832,34.97294],[-83.35912,34.97229],[-83.36047,34.97191],[-83.3635,34.97134],[-83.3644,34.97102],[-83.36573,34.97071],[-83.36682,34.9703],[-83.3675,34.9703],[-83.37014,34.97072],[-83.37217,34.9716],[-83.37312,34.97175],[-83.37454,34.97215]]},"properties":{"net":"NC2974","o":2}},{"type":"Feature","geometry":{"type":"LineString","coordinates":[[-83.36987,34.99533],[-83.37093,34.99524],[-83.37273,34.99558],[-83.37369,34.99546],[-83.37447,34.99553],[-83.37606,34.99511],[-83.37777,34.99504],[-83.37916,34.99562]]},"properties":{"net":"NC2974","o":1}},{"type":"Feature","geometry":{"type":"LineString","coordinates":[[-83.38223,35.02997],[-83.38211,35.03002]]},"properties":{"net":"NC2974","o":2}},{"type":"Feature","geometry":{"type":"LineString","coordinates":[[-83.38134,35.01515],[-83.38123,35.01545],[-83.38126,35.01575],[-83.38135,35.01622],[-83.38151,35.01648],[-83.38149,35.01671],[-83.38087,35.01723],[-83.3807,35.01829],[-83.37996,35.01995],[-83.37953,35.02154],[-83.3796,35.02195],[-83.37999,35.02262],[-83.3797,35.0237],[-83.3794,35.02402],[-83.3784,35.02441],[-83.37752,35.02497],[-83.37701,35.02514],[-83.37651,35.02498],[-83.37556,35.02423],[-83.37515,35.02427],[-83.37473,35.02446],[-83.37439,35.02473],[-83.37367,35.02584],[-83.37348,35.02722],[-83.37364,35.02834],[-83.37383,35.02861],[-83.37534,35.02875],[-83.37761,35.02822],[-83.37843,35.02822],[-83.37902,35.02844],[-83.37951,35.02906],[-83.37985,35.02924],[-83.38117,35.02952],[-83.38171,35.02973],[-83.38211,35.03002]]},"properties":{"net":"NC2974","o":4}},{"type":"Feature","geometry":{"type":"LineString","coordinates":[[-83.36736,35.05642],[-83.36772,35.0565],[-83.36803,35.05639]]},"properties":{"net":"NC2974","o":3}},{"type":"Feature","geometry":{"type":"LineString","coordinates":[[-83.35997,35.03823],[-83.36036,35.03864],[-83.36084,35.03888],[-83.36106,35.03935],[-83.36145,35.04098],[-83.36155,35.04258],[-83.3614,35.04319],[-83.36144,35.0434],[-83.36161,35.04356],[-83.36219,35.04361],[-83.36234,35.0437],[-83.36281,35.04464],[-83.36328,35.04514],[-83.36363,35.04525],[-83.36412,35.04503],[-83.36431,35.04504],[-83.36439,35.04518],[-83.36431,35.04543],[-83.36441,35.04561],[-83.36483,35.04559],[-83.36506,35.04567],[-83.36542,35.04615],[-83.36604,35.04651],[-83.36618,35.04679],[-83.36649,35.04684],[-83.36661,35.04695],[-83.36648,35.04746],[-83.36599,35.04834],[-83.36524,35.04884],[-83.36456,35.04908],[-83.36429,35.04942],[-83.36383,35.04968],[-83.36379,35.05032],[-83.36419,35.05095],[-83.36422,35.05116],[-83.36395,35.05151],[-83.36367,35.05224],[-83.36401,35.05278],[-83.36483,35.0536],[-83.36512,35.05369],[-83.36541,35.05403],[-83.36572,35.05408],[-83.36662,35.05454],[-83.36674,35.05477],[-83.36669,35.056],[-83.36691,35.05625],[-83.36736,35.05642]]},"properties":{"net":"NC2974","o":3}},{"type":"Feature","geometry":{"type":"LineString","coordinates":[[-83.37918,35.08437],[-83.37971,35.08459],[-83.38059,35.08409],[-83.38096,35.08407],[-83.38124,35.08454],[-83.38124,35.08597],[-83.38104,35.08617],[-83.38037,35.08634],[-83.38001,35.08656],[-83.37975,35.08691],[-83.37971,35.0874]]},"properties":{"net":"NC2974","o":4}},{"type":"Feature","geometry":{"type":"LineString","coordinates":[[-83.36839,35.09825],[-83.36914,35.0979],[-83.36991,35.09778]]},"properties":{"net":"sm3030","o":2}},{"type":"Feature","geometry":{"type":"LineString","coordinates":[[-83.35914,35.1122],[-83.36064,35.11227],[-83.36185,35.11253],[-83.36254,35.11245],[-83.36365,35.11198],[-83.36455,35.11179],[-83.36518,35.11121],[-83.36635,35.11061],[-83.36726,35.10994],[-83.36796,35.10988],[-83.36865,35.10952],[-83.3698,35.10915],[-83.37133,35.10902],[-83.37294,35.10863],[-83.37442,35.10874],[-83.37544,35.10856],[-83.37597,35.10827],[-83.37726,35.10727],[-83.37804,35.10687]]},"properties":{"net":"NC2974","o":1}},{"type":"Feature","geometry":{"type":"LineString","coordinates":[[-83.37918,35.13017],[-83.37894,35.13046],[-83.37795,35.13105]]},"properties":{"net":"NC2974","o":4}},{"type":"Feature","geometry":{"type":"LineString","coordinates":[[-83.37975,35.13214],[-83.37761,35.13166]]},"properties":{"net":"NC2974","o":1}},{"type":"Feature","geometry":{"type":"LineString","coordinates":[[-83.37404,35.12389],[-83.37416,35.12391]]},"properties":{"net":"NC2974","o":2}},{"type":"Feature","geometry":{"type":"LineString","coordinates":[[-83.37416,35.12391],[-83.37392,35.12445],[-83.37391,35.12509],[-83.37429,35.12573],[-83.37465,35.126],[-83.37486,35.12605],[-83.37524,35.126],[-83.37559,35.12577],[-83.37597,35.12479],[-83.37629,35.12445],[-83.37677,35.12432],[-83.37854,35.12454]]},"properties":{"net":"NC2974","o":4}},{"type":"Feature","geometry":{"type":"LineString","coordinates":[[-83.3568,35.14678],[-83.35792,35.14695],[-83.35859,35.14695],[-83.36185,35.14652],[-83.3637,35.14671],[-83.36545,35.1467],[-83.36631,35.14629],[-83.36925,35.14521],[-83.36986,35.14432],[-83.37079,35.14332],[-83.37109,35.14313],[-83.37279,35.14276],[-83.37461,35.14213],[-83.37643,35.14184]]},"properties":{"net":"NC2974","o":1}},{"type":"Feature","geometry":{"type":"LineString","coordinates":[[-83.37222,35.17246],[-83.37167,35.17339],[-83.37016,35.17528]]},"properties":{"net":"NC2974","o":5}},{"type":"Feature","geometry":{"type":"LineString","coordinates":[[-83.36461,35.16477],[-83.36445,35.16492]]},"properties":{"net":"NC2974","o":1}},{"type":"Feature","geometry":{"type":"LineString","coordinates":[[-83.36291,35.16622],[-83.36325,35.16712],[-83.3636,35.16771],[-83.36486,35.16941],[-83.36503,35.16994],[-83.36516,35.17089],[-83.3654,35.1711],[-83.36638,35.17144]]},"properties":{"net":"NC2974","o":4}},{"type":"Feature","geometry":{"type":"LineString","coordinates":[[-83.36008,35.17472],[-83.36096,35.17461],[-83.362,35.17469],[-83.36372,35.17566],[-83.36445,35.17593],[-83.36501,35.17602],[-83.36581,35.17588],[-83.36716,35.1751],[-83.36988,35.17527]]},"properties":{"net":"NC2974","o":2}},{"type":"Feature","geometry":{"type":"LineString","coordinates":[[-83.3599,34.92343],[-83.3605,34.92202],[-83.36061,34.92085],[-83.36046,34.91996]]},"properties":{"net":"NC2974","o":2}},{"type":"Feature","geometry":{"type":"LineString","coordinates":[[-83.35001,34.95084],[-83.35023,34.95093],[-83.35058,34.9509],[-83.35134,34.95041],[-83.35202,34.95059],[-83.35256,34.95098],[-83.35261,34.95124],[-83.35235,34.95172],[-83.35235,34.95281],[-83.35192,34.95354],[-83.35201,34.95419],[-83.35197,34.95485],[-83.35256,34.95559],[-83.3526,34.95626],[-83.35283,34.95673],[-83.35358,34.95764],[-83.35358,34.95774],[-83.35344,34.95779]]},"properties":{"net":"NC2974","o":3}},{"type":"Feature","geometry":{"type":"LineString","coordinates":[[-83.35769,34.9964],[-83.35987,34.99524],[-83.36043,34.99477],[-83.3608,34.99428],[-83.36091,34.99387],[-83.36085,34.99357],[-83.36036,34.99264],[-83.35943,34.99169],[-83.35939,34.99148],[-83.35962,34.99083],[-83.3595,34.9907],[-83.35912,34.9906],[-83.35912,34.99053],[-83.35958,34.99006],[-83.36038,34.98898],[-83.36174,34.98681],[-83.36191,34.98643],[-83.36188,34.98627]]},"properties":{"net":"NC2974","o":2}},{"type":"Feature","geometry":{"type":"LineString","coordinates":[[-83.35188,35.06762],[-83.35224,35.06767],[-83.35253,35.06807],[-83.35235,35.06905],[-83.35243,35.06957],[-83.35276,35.06971],[-83.35384,35.0696],[-83.35431,35.06973],[-83.35444,35.06996],[-83.35433,35.0709],[-83.35464,35.07135],[-83.35623,35.07178],[-83.35729,35.07233],[-83.35839,35.07232]]},"properties":{"net":"NC2974","o":3}},{"type":"Feature","geometry":{"type":"LineString","coordinates":[[-83.35657,35.19614],[-83.35738,35.19635],[-83.35841,35.19685],[-83.35936,35.19745],[-83.35997,35.19771],[-83.36008,35.19789],[-83.36026,35.19854],[-83.36024,35.19947],[-83.36048,35.20011],[-83.36051,35.20087],[-83.36083,35.20124],[-83.36087,35.202],[-83.36122,35.20265],[-83.36114,35.20311],[-83.36122,35.20386],[-83.36112,35.20465],[-83.36092,35.20519],[-83.36051,35.20576],[-83.36029,35.20656]]},"properties":{"net":"NC2974","o":1}},{"type":"Feature","geometry":{"type":"LineString","coordinates":[[-83.34683,35.18864],[-83.34532,35.19029],[-83.34446,35.19058],[-83.34379,35.19133],[-83.34278,35.19157],[-83.34226,35.1918]]},"properties":{"net":"NC2974","o":1}},{"type":"Feature","geometry":{"type":"LineString","coordinates":[[-83.36046,34.91996],[-83.36053,34.91958]]},"properties":{"net":"NC2974","o":2}},{"type":"Feature","geometry":{"type":"LineString","coordinates":[[-83.33117,34.98286],[-83.33166,34.98279],[-83.33185,34.9826],[-83.33213,34.9826],[-83.33253,34.98275],[-83.33398,34.98403],[-83.33546,34.98474],[-83.3358,34.98484],[-83.3362,34.98483],[-83.33724,34.98449],[-83.33791,34.98471],[-83.3385,34.98504],[-83.33954,34.98583],[-83.33974,34.98613],[-83.33992,34.98708],[-83.34012,34.98733],[-83.34084,34.98785],[-83.34117,34.98894],[-83.34137,34.98923]]},"properties":{"net":"NC2974","o":3}},{"type":"Feature","geometry":{"type":"LineString","coordinates":[[-83.34619,35.03261],[-83.34728,35.03237],[-83.34908,35.03227],[-83.35092,35.03243],[-83.35193,35.03205],[-83.35276,35.03158],[-83.35385,35.03153],[-83.35463,35.03122],[-83.35558,35.03098],[-83.35671,35.03111]]},"properties":{"net":"NC2974","o":1}},{"type":"Feature","geometry":{"type":"LineString","coordinates":[[-83.34573,35.05431],[-83.34474,35.05532],[-83.34348,35.05588],[-83.34308,35.05635],[-83.34278,35.05812],[-83.34263,35.05834],[-83.34196,35.05882],[-83.34178,35.05909],[-83.34176,35.0601],[-83.34204,35.06105]]},"properties":{"net":"NC2974","o":1}},{"type":"Feature","geometry":{"type":"LineString","coordinates":[[-83.33532,35.10906],[-83.33662,35.11048],[-83.33751,35.11128],[-83.33874,35.11189],[-83.3395,35.1125],[-83.34007,35.11313],[-83.34091,35.11347],[-83.34166,35.114]]},"properties":{"net":"sm3020","o":1}},{"type":"Feature","geometry":{"type":"LineString","coordinates":[[-83.35499,35.15167],[-83.35561,35.15177],[-83.3569,35.15241],[-83.35748,35.15298],[-83.3584,35.15328]]},"properties":{"net":"NC2974","o":1}},{"type":"Feature","geometry":{"type":"LineString","coordinates":[[-83.35783,35.18055],[-83.35785,35.179]]},"properties":{"net":"NC2974","o":1}},{"type":"Feature","geometry":{"type":"LineString","coordinates":[[-83.35224,35.16345],[-83.35266,35.16351],[-83.35286,35.1637],[-83.35361,35.16521],[-83.35384,35.16545],[-83.35444,35.16569],[-83.35594,35.16559],[-83.35756,35.16517],[-83.35915,35.16464],[-83.36058,35.16435]]},"properties":{"net":"NC2974","o":4}},{"type":"Feature","geometry":{"type":"LineString","coordinates":[[-83.45133,35.25511],[-83.45072,35.2549],[-83.45014,35.25443],[-83.44955,35.2542],[-83.44764,35.25417],[-83.44632,35.25387],[-83.44588,35.25336],[-83.44531,35.25296],[-83.44472,35.25166],[-83.44451,35.25139],[-83.44308,35.25096],[-83.44271,35.25095]]},"properties":{"net":"sm3006","o":1}},{"type":"Feature","geometry":{"type":"LineString","coordinates":[[-83.64486,35.11778],[-83.64384,35.11867],[-83.64309,35.11904]]},"properties":{"net":"NC3035","o":2}},{"type":"Feature","geometry":{"type":"LineString","coordinates":[[-83.33756,35.18661],[-83.3389,35.18695],[-83.34057,35.18762],[-83.34149,35.18837],[-83.34181,35.18875],[-83.34201,35.18923],[-83.34226,35.1918]]},"properties":{"net":"NC2974","o":1}},{"type":"Feature","geometry":{"type":"LineString","coordinates":[[-83.37795,35.13105],[-83.37749,35.13164]]},"properties":{"net":"NC2974","o":4}},{"type":"Feature","geometry":{"type":"LineString","coordinates":[[-83.50555,35.35069],[-83.5048,35.35064]]},"properties":{"net":"out","o":6}},{"type":"Feature","geometry":{"type":"LineString","coordinates":[[-83.67672,35.41408],[-83.67695,35.41446],[-83.67701,35.41474],[-83.67734,35.41516],[-83.67808,35.41571],[-83.67876,35.41608]]},"properties":{"net":"out","o":4}},{"type":"Feature","geometry":{"type":"LineString","coordinates":[[-83.32321,35.25036],[-83.32431,35.25077],[-83.32489,35.25081],[-83.32575,35.25066],[-83.32634,35.25066],[-83.32762,35.25105]]},"properties":{"net":"sm3027","o":1}},{"type":"Feature","geometry":{"type":"LineString","coordinates":[[-83.37462,34.97216],[-83.37462,34.97289],[-83.37444,34.97404],[-83.37467,34.97593],[-83.37503,34.97634],[-83.37516,34.97698],[-83.37548,34.97743],[-83.37554,34.97832]]},"properties":{"net":"NC2974","o":4}},{"type":"Feature","geometry":{"type":"LineString","coordinates":[[-83.31901,34.98049],[-83.31916,34.9807],[-83.32002,34.98114]]},"properties":{"net":"NC2974","o":2}},{"type":"Feature","geometry":{"type":"LineString","coordinates":[[-83.36845,35.08869],[-83.36897,35.08853],[-83.37055,35.08836],[-83.3718,35.08806],[-83.37246,35.08804],[-83.37394,35.08779],[-83.37463,35.08808],[-83.37497,35.08811],[-83.37589,35.08891],[-83.37631,35.08901],[-83.37689,35.089],[-83.37771,35.08877],[-83.37821,35.08796],[-83.37905,35.08778],[-83.37963,35.08746]]},"properties":{"net":"NC2974","o":1}},{"type":"Feature","geometry":{"type":"LineString","coordinates":[[-83.34313,35.11943],[-83.34319,35.11832],[-83.3437,35.1175],[-83.34323,35.11623],[-83.34403,35.11486],[-83.34431,35.11321]]},"properties":{"net":"sm3020","o":1}},{"type":"Feature","geometry":{"type":"LineString","coordinates":[[-83.51192,35.05656],[-83.51237,35.05713],[-83.51264,35.05808],[-83.51346,35.05866],[-83.51372,35.05923],[-83.51401,35.05934],[-83.51476,35.05937],[-83.51636,35.06004],[-83.51704,35.06017],[-83.51755,35.06048],[-83.51846,35.06067],[-83.51914,35.06104],[-83.51971,35.06122]]},"properties":{"net":"NC3035","o":4}},{"type":"Feature","geometry":{"type":"LineString","coordinates":[[-83.55315,35.31927],[-83.55246,35.3204],[-83.55216,35.32107],[-83.55163,35.32163],[-83.55103,35.32197],[-83.55017,35.32274],[-83.55022,35.32305],[-83.5501,35.32325],[-83.54976,35.32341],[-83.54893,35.3236],[-83.54701,35.32526],[-83.54598,35.32563],[-83.54582,35.32587],[-83.54569,35.32646],[-83.5452,35.3269],[-83.54525,35.3276],[-83.54473,35.32836]]},"properties":{"net":"sm3002","o":1}},{"type":"Feature","geometry":{"type":"LineString","coordinates":[[-83.46526,34.97347],[-83.46484,34.97372],[-83.46443,34.97374],[-83.46409,34.97395],[-83.4628,34.97427],[-83.46238,34.97465],[-83.46013,34.97443],[-83.45951,34.97418]]},"properties":{"net":"NC2974","o":2}},{"type":"Feature","geometry":{"type":"LineString","coordinates":[[-83.55644,35.41188],[-83.55786,35.41316],[-83.55845,35.41356],[-83.55894,35.41375],[-83.55961,35.41384],[-83.56133,35.41377],[-83.56353,35.41395],[-83.56611,35.41444],[-83.5689,35.41535],[-83.57022,35.41615]]},"properties":{"net":"out","o":6}},{"type":"Feature","geometry":{"type":"LineString","coordinates":[[-83.51403,35.32803],[-83.51353,35.32848]]},"properties":{"net":"out","o":6}},{"type":"Feature","geometry":{"type":"LineString","coordinates":[[-83.4841,35.28819],[-83.48453,35.28825]]},"properties":{"net":"out","o":4}},{"type":"Feature","geometry":{"type":"LineString","coordinates":[[-83.31231,35.25983],[-83.3132,35.2575],[-83.31358,35.25713],[-83.31421,35.25679],[-83.31445,35.25629]]},"properties":{"net":"sm3027","o":1}},{"type":"Feature","geometry":{"type":"LineString","coordinates":[[-83.3555,35.18943],[-83.35588,35.18896],[-83.35643,35.18859],[-83.35726,35.18861],[-83.35849,35.18825],[-83.36007,35.18896],[-83.3614,35.18937],[-83.36318,35.18952],[-83.3636,35.1893],[-83.36476,35.18743]]},"properties":{"net":"NC2974","o":1}},{"type":"Feature","geometry":{"type":"LineString","coordinates":[[-83.42328,35.35799],[-83.42382,35.35806],[-83.4243,35.35795],[-83.42561,35.35693],[-83.42657,35.35659]]},"properties":{"net":"out","o":4}},{"type":"Feature","geometry":{"type":"LineString","coordinates":[[-83.44262,35.06103],[-83.44206,35.06117],[-83.44123,35.06175],[-83.43998,35.06314],[-83.43927,35.06342]]},"properties":{"net":"NC6618","o":3}},{"type":"Feature","geometry":{"type":"LineString","coordinates":[[-83.58917,35.37261],[-83.58871,35.37269],[-83.58822,35.37298],[-83.58759,35.37375],[-83.58661,35.37439],[-83.58569,35.37542]]},"properties":{"net":"sm8796223","o":1}},{"type":"Feature","geometry":{"type":"LineString","coordinates":[[-83.46724,35.17419],[-83.4668,35.17405],[-83.46604,35.17411],[-83.46528,35.17344]]},"properties":{"net":"NC6212","o":2}},{"type":"Feature","geometry":{"type":"LineString","coordinates":[[-83.47767,35.1494],[-83.4777,35.14957],[-83.47805,35.14988],[-83.47809,35.15009],[-83.47796,35.15059],[-83.47739,35.15166],[-83.47739,35.15283],[-83.4775,35.15323],[-83.47784,35.15372],[-83.47809,35.1544],[-83.47949,35.15542],[-83.47976,35.15577],[-83.47977,35.15614],[-83.47937,35.15772],[-83.4793,35.15924],[-83.47946,35.16],[-83.4802,35.16074],[-83.48009,35.16114],[-83.47929,35.16191],[-83.47891,35.1626],[-83.47881,35.16388]]},"properties":{"net":"NC6212","o":4}},{"type":"Feature","geometry":{"type":"LineString","coordinates":[[-83.60932,35.16853],[-83.61151,35.1703],[-83.61278,35.17168],[-83.61341,35.17268],[-83.61343,35.17365],[-83.61373,35.17431]]},"properties":{"net":"NC3035","o":1}},{"type":"Feature","geometry":{"type":"LineString","coordinates":[[-83.54356,35.19671],[-83.54338,35.19699]]},"properties":{"net":"sm2964","o":2}},{"type":"Feature","geometry":{"type":"LineString","coordinates":[[-83.34367,34.94971],[-83.34555,34.95081],[-83.34674,34.95115],[-83.34777,34.95122],[-83.34844,34.95056],[-83.34876,34.95038],[-83.34912,34.95043],[-83.35001,34.95084]]},"properties":{"net":"NC2974","o":3}},{"type":"Feature","geometry":{"type":"LineString","coordinates":[[-83.55109,35.09041],[-83.55218,35.09032],[-83.55286,35.09057],[-83.5535,35.09058],[-83.554,35.0909],[-83.55445,35.09141],[-83.55514,35.09151]]},"properties":{"net":"NC3035","o":1}},{"type":"Feature","geometry":{"type":"LineString","coordinates":[[-83.54652,35.18074],[-83.54547,35.17966],[-83.54518,35.1791],[-83.54457,35.17871],[-83.54415,35.17803],[-83.54395,35.1771],[-83.54329,35.17573],[-83.54298,35.17468],[-83.54314,35.17412]]},"properties":{"net":"sm2961","o":1}},{"type":"Feature","geometry":{"type":"LineString","coordinates":[[-83.50085,35.3893],[-83.50104,35.38951],[-83.50153,35.3896],[-83.50256,35.38904],[-83.50284,35.38877],[-83.50315,35.38869],[-83.50379,35.38951],[-83.50429,35.38979],[-83.50465,35.38985],[-83.50514,35.3899],[-83.50581,35.38979],[-83.50718,35.39005],[-83.50883,35.38992],[-83.50948,35.38998],[-83.51078,35.39039],[-83.51156,35.3905],[-83.51322,35.39027],[-83.51436,35.39029]]},"properties":{"net":"out","o":4}},{"type":"Feature","geometry":{"type":"LineString","coordinates":[[-83.2917,35.22873],[-83.29239,35.22896],[-83.29296,35.22903],[-83.29541,35.22872],[-83.29573,35.22856],[-83.29636,35.2279],[-83.2966,35.2278],[-83.29797,35.22826],[-83.2997,35.22797],[-83.30122,35.22739],[-83.30196,35.22632],[-83.30308,35.22576],[-83.30336,35.22541],[-83.30448,35.22527],[-83.3057,35.2249],[-83.30642,35.22489],[-83.30869,35.22449],[-83.30951,35.22413],[-83.31017,35.22398],[-83.31125,35.22328]]},"properties":{"net":"NC2974","o":1}},{"type":"Feature","geometry":{"type":"LineString","coordinates":[[-83.61476,35.12291],[-83.61542,35.12333],[-83.61597,35.12351],[-83.61689,35.12357],[-83.61892,35.12333],[-83.61941,35.12346],[-83.61962,35.12364]]},"properties":{"net":"NC3035","o":4}},{"type":"Feature","geometry":{"type":"LineString","coordinates":[[-83.66513,35.28842],[-83.66245,35.29083],[-83.66198,35.29148]]},"properties":{"net":"out","o":5}},{"type":"Feature","geometry":{"type":"LineString","coordinates":[[-83.50383,35.31445],[-83.50435,35.31403],[-83.50553,35.31387]]},"properties":{"net":"out","o":4}},{"type":"Feature","geometry":{"type":"LineString","coordinates":[[-83.43933,35.1462],[-83.43913,35.14655],[-83.43943,35.14705],[-83.43951,35.14741],[-83.43859,35.15061],[-83.43859,35.1519],[-83.43847,35.15225],[-83.43795,35.153],[-83.43773,35.15347],[-83.43732,35.15394],[-83.4363,35.15457],[-83.43535,35.15533],[-83.4339,35.15683],[-83.43284,35.15819],[-83.43227,35.16092],[-83.43199,35.16149],[-83.4316,35.16177],[-83.42911,35.16262]]},"properties":{"net":"NC2974","o":2}},{"type":"Feature","geometry":{"type":"LineString","coordinates":[[-83.43297,34.98974],[-83.43333,34.98991],[-83.43372,34.99034],[-83.43485,34.99065],[-83.43589,34.9906],[-83.43631,34.99042],[-83.4368,34.98996],[-83.43792,34.98924],[-83.43809,34.989],[-83.43816,34.98865],[-83.43863,34.98839],[-83.43913,34.98787],[-83.43955,34.98709],[-83.4402,34.98647],[-83.4403,34.98605],[-83.44083,34.98501]]},"properties":{"net":"NC2974","o":1}},{"type":"Feature","geometry":{"type":"LineString","coordinates":[[-83.63234,35.32245],[-83.63166,35.32302],[-83.63131,35.32349]]},"properties":{"net":"out","o":5}},{"type":"Feature","geometry":{"type":"LineString","coordinates":[[-83.57099,35.41921],[-83.57327,35.42161],[-83.57367,35.42237],[-83.57386,35.42366],[-83.57386,35.42492],[-83.57376,35.42558],[-83.57289,35.42727],[-83.57211,35.42995]]},"properties":{"net":"out","o":6}},{"type":"Feature","geometry":{"type":"LineString","coordinates":[[-83.23155,35.14034],[-83.23357,35.139],[-83.23414,35.13831],[-83.23471,35.13801],[-83.23517,35.13734],[-83.23581,35.13701],[-83.23636,35.13644],[-83.23713,35.13584],[-83.23774,35.1356],[-83.2387,35.13563],[-83.23928,35.13545],[-83.23994,35.13495],[-83.24069,35.13458],[-83.24133,35.13399]]},"properties":{"net":"sm2987","o":2}},{"type":"Feature","geometry":{"type":"LineString","coordinates":[[-83.43927,35.06342],[-83.43879,35.06353],[-83.43747,35.06335],[-83.43693,35.06321],[-83.43631,35.06288],[-83.43587,35.06283]]},"properties":{"net":"NC6618","o":3}},{"type":"Feature","geometry":{"type":"LineString","coordinates":[[-83.27667,35.21668],[-83.2767,35.21597],[-83.27698,35.21547],[-83.27814,35.21484],[-83.27877,35.21412],[-83.27984,35.21372],[-83.28025,35.21327],[-83.2807,35.21254],[-83.28091,35.21201],[-83.28284,35.21106],[-83.28479,35.20941],[-83.28508,35.20874],[-83.28499,35.20786],[-83.28484,35.20743]]},"properties":{"net":"sm3014","o":2}},{"type":"Feature","geometry":{"type":"LineString","coordinates":[[-83.39253,35.23328],[-83.39313,35.23366],[-83.3946,35.23431],[-83.39597,35.23517]]},"properties":{"net":"out","o":5}},{"type":"Feature","geometry":{"type":"LineString","coordinates":[[-83.42058,34.96952],[-83.42059,34.96992],[-83.42068,34.97008],[-83.42049,34.97063],[-83.42049,34.97095],[-83.4208,34.97165],[-83.42072,34.97227],[-83.42062,34.97244],[-83.42019,34.97273],[-83.41886,34.97342]]},"properties":{"net":"NC2974","o":1}},{"type":"Feature","geometry":{"type":"LineString","coordinates":[[-83.26899,35.21678],[-83.26929,35.21622],[-83.26948,35.21541],[-83.26953,35.21384],[-83.26929,35.21228],[-83.26944,35.2114],[-83.26941,35.21097],[-83.26892,35.20916],[-83.26854,35.20835],[-83.26819,35.20798],[-83.26771,35.20773],[-83.26671,35.20647]]},"properties":{"net":"NC2974","o":1}},{"type":"Feature","geometry":{"type":"LineString","coordinates":[[-83.3657,35.29533],[-83.36624,35.2942],[-83.36669,35.29359],[-83.36679,35.29301],[-83.36754,35.29157],[-83.36921,35.28977],[-83.36996,35.28911],[-83.37064,35.28813],[-83.37143,35.2873],[-83.37173,35.28686]]},"properties":{"net":"out","o":4}},{"type":"Feature","geometry":{"type":"LineString","coordinates":[[-83.63189,35.22789],[-83.632,35.2288]]},"properties":{"net":"NC3207","o":4}},{"type":"Feature","geometry":{"type":"LineString","coordinates":[[-83.47513,34.97104],[-83.47447,34.97078],[-83.47047,34.97029],[-83.46987,34.97042],[-83.46915,34.97076],[-83.46832,34.97072]]},"properties":{"net":"NC2974","o":1}},{"type":"Feature","geometry":{"type":"LineString","coordinates":[[-83.58539,35.36215],[-83.58551,35.36172],[-83.58622,35.36066],[-83.5863,35.3598],[-83.58664,35.35933],[-83.58683,35.35875],[-83.58679,35.35832],[-83.58639,35.35783]]},"properties":{"net":"sm8796217","o":1}},{"type":"Feature","geometry":{"type":"LineString","coordinates":[[-83.52043,35.12599],[-83.51896,35.12651],[-83.51779,35.12651],[-83.51657,35.12689],[-83.51527,35.12655],[-83.51448,35.12644]]},"properties":{"net":"sm3010","o":3}},{"type":"Feature","geometry":{"type":"LineString","coordinates":[[-83.64098,35.25007],[-83.64177,35.24984]]},"properties":{"net":"out","o":5}},{"type":"Feature","geometry":{"type":"LineString","coordinates":[[-83.2558,35.03725],[-83.25551,35.03764],[-83.25572,35.0385],[-83.25547,35.03913],[-83.25529,35.0405],[-83.2554,35.0409],[-83.25601,35.04145],[-83.25597,35.0421],[-83.2558,35.04259],[-83.25554,35.04299],[-83.25453,35.04381],[-83.2543,35.04412],[-83.25426,35.0449],[-83.25385,35.04564],[-83.25379,35.04595],[-83.25391,35.04651],[-83.25438,35.04745],[-83.25524,35.04797],[-83.25556,35.04842],[-83.25547,35.04936],[-83.25509,35.05027],[-83.25502,35.05069],[-83.2551,35.05116],[-83.25546,35.05164],[-83.2555,35.05184],[-83.25503,35.0529],[-83.25398,35.05345],[-83.25377,35.05377]]},"properties":{"net":"NC2974","o":1}},{"type":"Feature","geometry":{"type":"LineString","coordinates":[[-83.70549,35.16422],[-83.7059,35.16497],[-83.70625,35.1653],[-83.70699,35.16639],[-83.70758,35.16793],[-83.70716,35.16979],[-83.70691,35.17246]]},"properties":{"net":"NC3035","o":1}},{"type":"Feature","geometry":{"type":"LineString","coordinates":[[-83.6429,35.51657],[-83.64389,35.51654],[-83.64394,35.51637],[-83.6438,35.51606],[-83.64388,35.51582],[-83.64464,35.5154],[-83.64526,35.51471],[-83.64547,35.51417],[-83.64636,35.51342]]},"properties":{"net":"out","o":4}},{"type":"Feature","geometry":{"type":"LineString","coordinates":[[-83.39167,35.20456],[-83.39049,35.20398],[-83.39014,35.20361],[-83.39005,35.20337],[-83.39009,35.20228],[-83.39,35.20171],[-83.38944,35.20073]]},"properties":{"net":"NC2974","o":1}},{"type":"Feature","geometry":{"type":"LineString","coordinates":[[-83.41185,34.96519],[-83.40929,34.9629],[-83.40858,34.96269],[-83.40793,34.96227],[-83.40728,34.96222],[-83.4064,34.96244],[-83.40521,34.96324],[-83.40346,34.96351],[-83.40329,34.96421],[-83.40301,34.9644],[-83.40254,34.96454],[-83.40044,34.96462],[-83.39976,34.9642],[-83.39867,34.96428],[-83.39781,34.96474],[-83.397,34.96497],[-83.39606,34.9655],[-83.3953,34.96574],[-83.39498,34.9661],[-83.39449,34.96636],[-83.39409,34.96619],[-83.39387,34.96627],[-83.39329,34.96679],[-83.39196,34.96751],[-83.39179,34.96776],[-83.39096,34.96845]]},"properties":{"net":"NC2974","o":1}},{"type":"Feature","geometry":{"type":"LineString","coordinates":[[-83.55591,35.3144],[-83.55552,35.31411],[-83.55372,35.31354],[-83.55204,35.31256],[-83.5514,35.31236]]},"properties":{"net":"sm3003","o":1}},{"type":"Feature","geometry":{"type":"LineString","coordinates":[[-83.71113,35.17579],[-83.70874,35.17538],[-83.70682,35.17531],[-83.70538,35.17501]]},"properties":{"net":"NC3035","o":3}},{"type":"Feature","geometry":{"type":"LineString","coordinates":[[-83.65379,35.19742],[-83.65572,35.19797]]},"properties":{"net":"out","o":4}},{"type":"Feature","geometry":{"type":"LineString","coordinates":[[-83.64732,35.30749],[-83.64564,35.30805],[-83.64502,35.30865],[-83.64459,35.30933]]},"properties":{"net":"out","o":5}},{"type":"Feature","geometry":{"type":"LineString","coordinates":[[-83.53442,35.1338],[-83.53458,35.13259],[-83.53428,35.13198],[-83.53395,35.13083],[-83.53384,35.12994],[-83.53394,35.12947],[-83.5339,35.12916],[-83.53311,35.12783],[-83.53214,35.12691],[-83.53195,35.12637],[-83.53178,35.12617]]},"properties":{"net":"sm3010","o":1}},{"type":"Feature","geometry":{"type":"LineString","coordinates":[[-83.36715,35.1968],[-83.36783,35.19686],[-83.3682,35.19706],[-83.36879,35.19768],[-83.36944,35.1981],[-83.37016,35.19884],[-83.37232,35.20012],[-83.37322,35.20089],[-83.37433,35.20129],[-83.37603,35.20148]]},"properties":{"net":"NC2974","o":1}},{"type":"Feature","geometry":{"type":"LineString","coordinates":[[-83.65936,35.20418],[-83.65825,35.20451],[-83.65739,35.20555],[-83.65547,35.2066],[-83.65467,35.20732],[-83.65372,35.20844],[-83.65317,35.20958],[-83.65235,35.21065],[-83.65214,35.21124],[-83.65172,35.21194]]},"properties":{"net":"out","o":4}},{"type":"Feature","geometry":{"type":"LineString","coordinates":[[-83.39828,35.15318],[-83.39805,35.15402],[-83.39647,35.15623],[-83.39609,35.15659],[-83.3946,35.15749],[-83.39355,35.15855]]},"properties":{"net":"NC2974","o":1}},{"type":"Feature","geometry":{"type":"LineString","coordinates":[[-83.67928,35.38315],[-83.67868,35.3839]]},"properties":{"net":"out","o":4}},{"type":"Feature","geometry":{"type":"LineString","coordinates":[[-83.65379,35.19742],[-83.65377,35.19775],[-83.65348,35.19811],[-83.65255,35.19873],[-83.6513,35.19925],[-83.65117,35.19952]]},"properties":{"net":"NC3035","o":4}},{"type":"Feature","geometry":{"type":"LineString","coordinates":[[-83.40317,35.32014],[-83.40277,35.31999],[-83.40154,35.31983],[-83.40072,35.31924],[-83.40027,35.31801],[-83.39979,35.3173],[-83.39898,35.31634],[-83.3987,35.31557],[-83.39745,35.31399],[-83.39695,35.31305],[-83.39649,35.31243],[-83.39622,35.31228]]},"properties":{"net":"sm3009","o":1}},{"type":"Feature","geometry":{"type":"LineString","coordinates":[[-83.37542,34.97835],[-83.37554,34.97832]]},"properties":{"net":"NC2974","o":3}},{"type":"Feature","geometry":{"type":"LineString","coordinates":[[-83.38174,35.1083],[-83.38141,35.10881],[-83.38121,35.10963],[-83.38041,35.11088]]},"properties":{"net":"NC2974","o":4}},{"type":"Feature","geometry":{"type":"LineString","coordinates":[[-83.78579,35.46141],[-83.78584,35.46052]]},"properties":{"net":"out","o":4}},{"type":"Feature","geometry":{"type":"LineString","coordinates":[[-83.72869,35.47323],[-83.72913,35.47282],[-83.72932,35.47236]]},"properties":{"net":"out","o":4}},{"type":"Feature","geometry":{"type":"LineString","coordinates":[[-83.61819,35.42274],[-83.6164,35.42309],[-83.61547,35.42363],[-83.61487,35.42409],[-83.61413,35.42443],[-83.61177,35.42487],[-83.61114,35.42524],[-83.61083,35.42609]]},"properties":{"net":"out","o":4}},{"type":"Feature","geometry":{"type":"LineString","coordinates":[[-83.65572,35.19797],[-83.66318,35.20012],[-83.66764,35.21786]]},"properties":{"net":"out","o":4}},{"type":"Feature","geometry":{"type":"LineString","coordinates":[[-83.51034,35.16515],[-83.50989,35.16513],[-83.50923,35.16492]]},"properties":{"net":"NC6212","o":3}},{"type":"Feature","geometry":{"type":"LineString","coordinates":[[-83.53505,35.3369],[-83.53448,35.33774],[-83.5342,35.33785],[-83.53349,35.33788],[-83.5328,35.33824]]},"properties":{"net":"sm3001","o":2}},{"type":"Feature","geometry":{"type":"LineString","coordinates":[[-83.36358,35.06887],[-83.36395,35.06868],[-83.36363,35.06827],[-83.3638,35.06761],[-83.36473,35.06699],[-83.36568,35.06723],[-83.36695,35.06684],[-83.36903,35.06705],[-83.36929,35.0669],[-83.36982,35.06593],[-83.37012,35.06572],[-83.3704,35.06565],[-83.37076,35.06586],[-83.37123,35.06648],[-83.37167,35.0668],[-83.37209,35.06702],[-83.37241,35.067],[-83.37352,35.06637],[-83.37444,35.06622],[-83.37488,35.06588],[-83.37494,35.0656],[-83.37553,35.06503],[-83.37592,35.06489],[-83.37691,35.06534],[-83.37819,35.06558],[-83.37914,35.06548],[-83.38022,35.06556],[-83.38105,35.0659],[-83.38164,35.06575],[-83.38237,35.06601],[-83.38314,35.06606],[-83.38474,35.06659],[-83.38654,35.0665],[-83.38751,35.0667],[-83.3878,35.06667]]},"properties":{"net":"NC2974","o":3}},{"type":"Feature","geometry":{"type":"LineString","coordinates":[[-83.38282,34.93356],[-83.38306,34.93527],[-83.3836,34.93654],[-83.38364,34.93779],[-83.38377,34.93813],[-83.38382,34.93953],[-83.38344,34.94137],[-83.38377,34.94182],[-83.38403,34.94192]]},"properties":{"net":"NC2974","o":1}},{"type":"Feature","geometry":{"type":"LineString","coordinates":[[-83.2386,35.19311],[-83.24078,35.19276],[-83.24256,35.19282],[-83.24449,35.19226],[-83.24473,35.19222],[-83.24508,35.19233],[-83.24612,35.19186],[-83.24617,35.19166],[-83.24805,35.1903],[-83.24832,35.18999]]},"properties":{"net":"NC2974","o":1}},{"type":"Feature","geometry":{"type":"LineString","coordinates":[[-83.39732,35.2691],[-83.39778,35.26917],[-83.3982,35.26865],[-83.39845,35.26856],[-83.39877,35.26857],[-83.39923,35.26881],[-83.39955,35.26864]]},"properties":{"net":"out","o":5}}]}