{"type":"FeatureCollection","features":[{"type":"Feature","geometry":{"type":"LineString","coordinates":[[-84.24972,35.6167],[-84.25,35.61676],[-84.25083,35.61671],[-84.25218,35.6177],[-84.25255,35.62281],[-84.25252,35.62296],[-84.25155,35.62372]]},"properties":{"net":"out","o":7}},{"type":"Feature","geometry":{"type":"LineString","coordinates":[[-84.23893,35.61634],[-84.24358,35.61614],[-84.24601,35.61593],[-84.24972,35.6167]]},"properties":{"net":"out","o":7}},{"type":"Feature","geometry":{"type":"LineString","coordinates":[[-84.24829,35.66584],[-84.24908,35.66646],[-84.24919,35.66667],[-84.24926,35.66851],[-84.24923,35.66872],[-84.24906,35.66888],[-84.24908,35.6692],[-84.24883,35.66943],[-84.24889,35.66968]]},"properties":{"net":"out","o":7}},{"type":"Feature","geometry":{"type":"LineString","coordinates":[[-84.36088,35.54976],[-84.36075,35.55072]]},"properties":{"net":"out","o":4}},{"type":"Feature","geometry":{"type":"LineString","coordinates":[[-84.36159,35.55226],[-84.36246,35.55278],[-84.36347,35.55297],[-84.36364,35.55347],[-84.36365,35.55393],[-84.36392,35.55431],[-84.36392,35.55473],[-84.36265,35.55579],[-84.36212,35.55578],[-84.36151,35.55551],[-84.36112,35.55559],[-84.36098,35.55629],[-84.36073,35.55673],[-84.36005,35.55724],[-84.35971,35.55806],[-84.35882,35.55941],[-84.35882,35.55965],[-84.3593,35.56066],[-84.35928,35.56089],[-84.35893,35.56159],[-84.35895,35.56192],[-84.36005,35.56367],[-84.36055,35.5642]]},"properties":{"net":"out","o":4}},{"type":"Feature","geometry":{"type":"LineString","coordinates":[[-84.35575,35.56733],[-84.35571,35.56789],[-84.35596,35.56836],[-84.3567,35.56878],[-84.3571,35.56944],[-84.35785,35.5701],[-84.35867,35.57064],[-84.35881,35.57085],[-84.35883,35.57107],[-84.35849,35.5714],[-84.35756,35.57184],[-84.35727,35.57168],[-84.35668,35.57108],[-84.35625,35.57099],[-84.35604,35.57124],[-84.35605,35.57169],[-84.3566,35.57244],[-84.35591,35.57279],[-84.35536,35.57291],[-84.35496,35.57274],[-84.35467,35.57232],[-84.3544,35.57233],[-84.35421,35.57256],[-84.35379,35.57359],[-84.35384,35.57392],[-84.35417,35.57441],[-84.35355,35.57454],[-84.35324,35.57474]]},"properties":{"net":"out","o":4}},{"type":"Feature","geometry":{"type":"LineString","coordinates":[[-84.35293,35.57599],[-84.35193,35.57717]]},"properties":{"net":"out","o":4}},{"type":"Feature","geometry":{"type":"LineString","coordinates":[[-84.35605,35.62083],[-84.3557,35.62085],[-84.35526,35.62105],[-84.35401,35.62201],[-84.35369,35.62211],[-84.35342,35.62234]]},"properties":{"net":"out","o":4}},{"type":"Feature","geometry":{"type":"LineString","coordinates":[[-84.31977,35.6432],[-84.31941,35.6428],[-84.31992,35.6417],[-84.31992,35.64124],[-84.31964,35.64076],[-84.31916,35.64033],[-84.31847,35.64002],[-84.31742,35.63973],[-84.31648,35.63962],[-84.31542,35.63974],[-84.31478,35.6397],[-84.31368,35.63948],[-84.313,35.63922]]},"properties":{"net":"out","o":4}},{"type":"Feature","geometry":{"type":"LineString","coordinates":[[-84.30665,35.51327],[-84.30623,35.51338],[-84.30616,35.51354],[-84.30499,35.51422],[-84.30485,35.51444],[-84.30452,35.51453],[-84.30379,35.51504],[-84.30302,35.5153],[-84.30199,35.51599],[-84.30134,35.5162]]},"properties":{"net":"out","o":4}},{"type":"Feature","geometry":{"type":"LineString","coordinates":[[-84.28911,35.51537],[-84.28865,35.51542],[-84.28852,35.51524],[-84.28802,35.51533],[-84.28717,35.51494],[-84.28709,35.51479],[-84.28716,35.51453],[-84.28706,35.51444],[-84.28638,35.51433]]},"properties":{"net":"out","o":4}},{"type":"Feature","geometry":{"type":"LineString","coordinates":[[-84.3489,35.57952],[-84.34846,35.5802],[-84.34829,35.58028],[-84.34775,35.58025],[-84.34721,35.58052]]},"properties":{"net":"out","o":4}},{"type":"Feature","geometry":{"type":"LineString","coordinates":[[-84.33541,35.59056],[-84.33517,35.59104],[-84.33524,35.59169]]},"properties":{"net":"out","o":4}},{"type":"Feature","geometry":{"type":"LineString","coordinates":[[-84.33211,35.59259],[-84.33197,35.59274],[-84.33217,35.59308],[-84.33216,35.59325],[-84.33191,35.59348],[-84.3313,35.59376],[-84.33094,35.59369],[-84.33106,35.59299],[-84.3309,35.59278],[-84.33044,35.59285],[-84.32954,35.59341],[-84.32833,35.59372],[-84.3279,35.59364],[-84.32773,35.59315],[-84.32755,35.59304]]},"properties":{"net":"out","o":4}},{"type":"Feature","geometry":{"type":"LineString","coordinates":[[-84.27919,35.36193],[-84.28263,35.3633]]},"properties":{"net":"out","o":5}},{"type":"Feature","geometry":{"type":"LineString","coordinates":[[-84.27455,35.35769],[-84.27526,35.35784],[-84.27729,35.3592],[-84.27749,35.35952],[-84.27754,35.36027],[-84.27764,35.36045],[-84.27836,35.36143],[-84.27919,35.36193]]},"properties":{"net":"out","o":5}},{"type":"Feature","geometry":{"type":"LineString","coordinates":[[-84.2722,35.40075],[-84.27184,35.40154],[-84.2714,35.40217],[-84.27069,35.40278],[-84.27061,35.40296],[-84.27064,35.40351],[-84.27083,35.40371],[-84.27101,35.40371],[-84.27173,35.40331],[-84.27195,35.4033],[-84.27254,35.40349],[-84.27296,35.4038],[-84.27348,35.40443],[-84.27373,35.40489],[-84.27364,35.40551],[-84.27324,35.40614]]},"properties":{"net":"out","o":5}},{"type":"Feature","geometry":{"type":"LineString","coordinates":[[-84.26162,35.42808],[-84.26207,35.42847],[-84.26239,35.4286],[-84.26486,35.42853],[-84.26665,35.42834],[-84.26697,35.4284],[-84.26734,35.42871],[-84.26734,35.42936],[-84.26688,35.42985],[-84.26628,35.43002],[-84.26496,35.43011],[-84.26414,35.43036],[-84.26326,35.43037],[-84.26262,35.43083],[-84.26243,35.4312],[-84.26205,35.43291],[-84.26198,35.43413]]},"properties":{"net":"out","o":5}},{"type":"Feature","geometry":{"type":"LineString","coordinates":[[-84.29642,35.68225],[-84.2958,35.68291],[-84.29546,35.68312]]},"properties":{"net":"out","o":4}},{"type":"Feature","geometry":{"type":"LineString","coordinates":[[-84.29546,35.68312],[-84.29479,35.68318],[-84.29334,35.68309],[-84.29269,35.68323],[-84.29206,35.68306],[-84.29068,35.68296],[-84.29052,35.68285],[-84.29029,35.68226],[-84.28984,35.68183],[-84.28791,35.68113]]},"properties":{"net":"out","o":4}},{"type":"Feature","geometry":{"type":"LineString","coordinates":[[-84.13847,35.6657],[-84.13924,35.66592],[-84.1403,35.66577],[-84.14064,35.66605],[-84.14164,35.66572],[-84.1422,35.66528],[-84.14289,35.66509]]},"properties":{"net":"out","o":5}},{"type":"Feature","geometry":{"type":"LineString","coordinates":[[-84.16693,35.31085],[-84.16577,35.31149],[-84.16556,35.31197],[-84.16575,35.3124],[-84.16583,35.31368],[-84.16618,35.31487],[-84.16618,35.3154],[-84.16643,35.31592],[-84.16689,35.3162],[-84.16733,35.31627],[-84.16972,35.31571],[-84.17089,35.3158],[-84.17182,35.31564],[-84.17269,35.31578],[-84.17364,35.31641],[-84.17406,35.31682],[-84.17429,35.3174],[-84.17442,35.31845],[-84.17488,35.31901],[-84.17537,35.31922],[-84.17642,35.31919]]},"properties":{"net":"out","o":4}},{"type":"Feature","geometry":{"type":"LineString","coordinates":[[-84.16026,35.33095],[-84.16069,35.33075],[-84.16098,35.33045],[-84.16132,35.32957],[-84.16129,35.32917],[-84.16042,35.32794],[-84.1604,35.32755],[-84.16055,35.32725],[-84.16113,35.32661],[-84.16169,35.32645],[-84.16244,35.32638],[-84.16362,35.3256],[-84.16403,35.32501],[-84.16433,35.32424],[-84.16521,35.32352],[-84.16537,35.32322],[-84.16532,35.32254],[-84.16579,35.32165],[-84.16629,35.32116],[-84.16664,35.32111],[-84.16705,35.32123],[-84.16788,35.32185],[-84.16817,35.32223],[-84.16828,35.32263],[-84.16861,35.32304],[-84.16964,35.3239],[-84.17092,35.32472],[-84.1713,35.3251],[-84.17129,35.32557],[-84.17149,35.32606],[-84.17273,35.32684],[-84.17487,35.32783],[-84.17576,35.32801],[-84.17655,35.32798],[-84.17689,35.32778],[-84.1769,35.32728],[-84.1759,35.32609],[-84.17575,35.32581],[-84.17571,35.3252],[-84.176,35.3249],[-84.17635,35.32477],[-84.17755,35.32497]]},"properties":{"net":"out","o":4}},{"type":"Feature","geometry":{"type":"LineString","coordinates":[[-84.22598,35.51209],[-84.22569,35.51235],[-84.22555,35.51279],[-84.22558,35.51402],[-84.22508,35.51447],[-84.22513,35.51458]]},"properties":{"net":"out","o":5}},{"type":"Feature","geometry":{"type":"LineString","coordinates":[[-84.1784,35.64046],[-84.17964,35.64192],[-84.18201,35.64399]]},"properties":{"net":"out","o":5}},{"type":"Feature","geometry":{"type":"LineString","coordinates":[[-84.20328,35.40288],[-84.20349,35.4029],[-84.20409,35.40326],[-84.20453,35.40389],[-84.20462,35.40436],[-84.20421,35.40568],[-84.20445,35.40618]]},"properties":{"net":"out","o":4}},{"type":"Feature","geometry":{"type":"LineString","coordinates":[[-84.20445,35.40618],[-84.2047,35.40655],[-84.20464,35.40703],[-84.20432,35.40716],[-84.20396,35.40713],[-84.2029,35.40667],[-84.20254,35.40668],[-84.20216,35.40708],[-84.20203,35.40762],[-84.20216,35.40833],[-84.20242,35.40859],[-84.20256,35.40895],[-84.20283,35.40913],[-84.20332,35.40972],[-84.20406,35.41],[-84.20429,35.4102],[-84.20489,35.41115],[-84.20499,35.41247],[-84.20514,35.41286],[-84.20509,35.41335],[-84.20476,35.41417],[-84.20431,35.41482],[-84.20432,35.41518],[-84.20505,35.41571],[-84.20534,35.41575],[-84.20562,35.41599],[-84.20617,35.41618],[-84.20641,35.41655],[-84.20633,35.41685],[-84.20596,35.41699],[-84.20416,35.41696],[-84.20372,35.41743],[-84.20363,35.41802],[-84.2039,35.4184],[-84.20435,35.41876],[-84.20427,35.41939],[-84.20435,35.41959],[-84.20458,35.41988],[-84.20519,35.42027]]},"properties":{"net":"out","o":4}},{"type":"Feature","geometry":{"type":"LineString","coordinates":[[-84.22073,35.42044],[-84.22121,35.42034],[-84.22198,35.42],[-84.22244,35.42007]]},"properties":{"net":"out","o":4}},{"type":"Feature","geometry":{"type":"LineString","coordinates":[[-84.22188,35.51508],[-84.22102,35.51447]]},"properties":{"net":"out","o":5}},{"type":"Feature","geometry":{"type":"LineString","coordinates":[[-84.18557,35.29319],[-84.18577,35.29379],[-84.18523,35.29465],[-84.1849,35.29481],[-84.18413,35.29478],[-84.18362,35.29497],[-84.18331,35.29524],[-84.18324,35.29575],[-84.18266,35.29638],[-84.18112,35.29728]]},"properties":{"net":"out","o":4}},{"type":"Feature","geometry":{"type":"LineString","coordinates":[[-84.23663,35.53543],[-84.23666,35.53582],[-84.23653,35.53593],[-84.23655,35.53622],[-84.23585,35.53694]]},"properties":{"net":"out","o":4}},{"type":"Feature","geometry":{"type":"LineString","coordinates":[[-84.22781,35.5471],[-84.22755,35.54733]]},"properties":{"net":"out","o":4}},{"type":"Feature","geometry":{"type":"LineString","coordinates":[[-84.22684,35.54797],[-84.22658,35.54806],[-84.22548,35.54906]]},"properties":{"net":"out","o":4}},{"type":"Feature","geometry":{"type":"LineString","coordinates":[[-84.22741,35.56772],[-84.22729,35.56861],[-84.22709,35.56898],[-84.22496,35.57091],[-84.22361,35.57184],[-84.22339,35.57185],[-84.22288,35.57216],[-84.22192,35.57306],[-84.22168,35.57352]]},"properties":{"net":"out","o":5}},{"type":"Feature","geometry":{"type":"LineString","coordinates":[[-84.22097,35.57832],[-84.22141,35.57883],[-84.22143,35.57915],[-84.22171,35.57939],[-84.22173,35.57968],[-84.22215,35.57999],[-84.22216,35.5802],[-84.22295,35.58078],[-84.22297,35.58114],[-84.22515,35.58278],[-84.22521,35.58357],[-84.22544,35.58374],[-84.22548,35.58446],[-84.22558,35.58453]]},"properties":{"net":"out","o":5}},{"type":"Feature","geometry":{"type":"LineString","coordinates":[[-84.22252,35.61254],[-84.22443,35.61336]]},"properties":{"net":"out","o":7}},{"type":"Feature","geometry":{"type":"LineString","coordinates":[[-84.23408,35.64797],[-84.23404,35.64804],[-84.23418,35.64814],[-84.23435,35.65077],[-84.23528,35.65145],[-84.23537,35.65221],[-84.23632,35.65376]]},"properties":{"net":"out","o":7}},{"type":"Feature","geometry":{"type":"LineString","coordinates":[[-84.21986,35.5127],[-84.2194,35.51235]]},"properties":{"net":"out","o":5}},{"type":"Feature","geometry":{"type":"LineString","coordinates":[[-84.21259,35.51671],[-84.21276,35.51724],[-84.2128,35.51789],[-84.21263,35.51862],[-84.21243,35.51899],[-84.21143,35.5199],[-84.21062,35.5204],[-84.20991,35.52105],[-84.20892,35.5221],[-84.20872,35.52244]]},"properties":{"net":"out","o":5}},{"type":"Feature","geometry":{"type":"LineString","coordinates":[[-84.21106,35.54432],[-84.21145,35.54495]]},"properties":{"net":"out","o":5}},{"type":"Feature","geometry":{"type":"LineString","coordinates":[[-84.2095,35.6028],[-84.20975,35.60298]]},"properties":{"net":"out","o":7}},{"type":"Feature","geometry":{"type":"LineString","coordinates":[[-84.2045,35.59832],[-84.20505,35.59805],[-84.20563,35.59803],[-84.20575,35.59791],[-84.20671,35.59774]]},"properties":{"net":"out","o":7}},{"type":"Feature","geometry":{"type":"LineString","coordinates":[[-84.20161,35.59816],[-84.20207,35.59843],[-84.203,35.59839],[-84.20314,35.59849],[-84.20393,35.59846],[-84.2045,35.59832]]},"properties":{"net":"out","o":7}},{"type":"Feature","geometry":{"type":"LineString","coordinates":[[-84.18112,35.29728],[-84.18077,35.29785],[-84.17995,35.29807],[-84.1785,35.29763]]},"properties":{"net":"out","o":4}},{"type":"Feature","geometry":{"type":"LineString","coordinates":[[-84.16185,35.54837],[-84.16259,35.54906],[-84.16293,35.54956],[-84.16368,35.55021],[-84.1642,35.55019],[-84.16521,35.54935],[-84.16679,35.54842],[-84.16739,35.54825],[-84.16788,35.54823],[-84.1683,35.54853]]},"properties":{"net":"out","o":4}},{"type":"Feature","geometry":{"type":"LineString","coordinates":[[-84.22518,35.68758],[-84.22524,35.68781],[-84.22561,35.68808],[-84.22691,35.68832],[-84.22849,35.68879],[-84.22963,35.68928],[-84.23024,35.68976],[-84.23046,35.68979]]},"properties":{"net":"out","o":4}},{"type":"Feature","geometry":{"type":"LineString","coordinates":[[-84.24765,35.50221],[-84.24768,35.50263],[-84.24759,35.50277]]},"properties":{"net":"out","o":5}},{"type":"Feature","geometry":{"type":"LineString","coordinates":[[-84.24425,35.52861],[-84.24381,35.52886]]},"properties":{"net":"out","o":4}},{"type":"Feature","geometry":{"type":"LineString","coordinates":[[-84.19024,35.50839],[-84.19019,35.50897],[-84.19004,35.50937],[-84.19005,35.50975]]},"properties":{"net":"out","o":4}},{"type":"Feature","geometry":{"type":"LineString","coordinates":[[-84.19866,35.52055],[-84.19952,35.52149],[-84.20045,35.52217],[-84.20094,35.5223]]},"properties":{"net":"out","o":4}},{"type":"Feature","geometry":{"type":"LineString","coordinates":[[-84.17755,35.32497],[-84.17864,35.32547]]},"properties":{"net":"out","o":5}},{"type":"Feature","geometry":{"type":"LineString","coordinates":[[-84.24845,35.71382],[-84.24845,35.71494]]},"properties":{"net":"out","o":7}},{"type":"Feature","geometry":{"type":"LineString","coordinates":[[-84.15455,35.56017],[-84.15529,35.56071]]},"properties":{"net":"out","o":7}},{"type":"Feature","geometry":{"type":"LineString","coordinates":[[-84.14582,35.54599],[-84.14791,35.54752],[-84.14799,35.54802]]},"properties":{"net":"out","o":7}},{"type":"Feature","geometry":{"type":"LineString","coordinates":[[-84.24558,35.72228],[-84.24572,35.72372]]},"properties":{"net":"out","o":7}},{"type":"Feature","geometry":{"type":"LineString","coordinates":[[-84.24547,35.72409],[-84.24531,35.72424],[-84.2455,35.72727],[-84.24597,35.72764],[-84.24649,35.72889],[-84.24711,35.72951],[-84.24723,35.73131],[-84.24754,35.73202],[-84.2477,35.73447],[-84.24825,35.73488],[-84.24826,35.7356],[-84.24971,35.73664],[-84.25076,35.73798],[-84.25179,35.73903]]},"properties":{"net":"out","o":7}},{"type":"Feature","geometry":{"type":"LineString","coordinates":[[-84.27889,35.61915],[-84.27866,35.61894],[-84.27842,35.619]]},"properties":{"net":"out","o":4}},{"type":"Feature","geometry":{"type":"LineString","coordinates":[[-84.21694,35.64],[-84.21791,35.64072],[-84.21792,35.64086],[-84.21815,35.64103],[-84.21818,35.64136],[-84.21896,35.64194],[-84.21899,35.64226]]},"properties":{"net":"out","o":5}},{"type":"Feature","geometry":{"type":"LineString","coordinates":[[-84.18252,35.57132],[-84.18254,35.57157],[-84.18291,35.57188],[-84.18293,35.57214],[-84.1833,35.57244],[-84.18332,35.5727],[-84.18369,35.57301],[-84.18371,35.57326],[-84.18408,35.57357],[-84.1841,35.57382],[-84.18447,35.57413],[-84.18587,35.57615]]},"properties":{"net":"out","o":7}},{"type":"Feature","geometry":{"type":"LineString","coordinates":[[-84.19015,35.58802],[-84.19144,35.5891],[-84.19611,35.59254]]},"properties":{"net":"out","o":7}},{"type":"Feature","geometry":{"type":"LineString","coordinates":[[-84.18837,35.58562],[-84.18838,35.58567]]},"properties":{"net":"out","o":7}},{"type":"Feature","geometry":{"type":"LineString","coordinates":[[-84.18827,35.58436],[-84.1883,35.58472]]},"properties":{"net":"out","o":7}},{"type":"Feature","geometry":{"type":"LineString","coordinates":[[-84.13885,35.55948],[-84.13654,35.55764],[-84.1362,35.55722],[-84.13616,35.55661],[-84.13597,35.55644],[-84.13596,35.55626],[-84.13559,35.55595],[-84.13557,35.5557],[-84.1352,35.55539],[-84.13518,35.55514],[-84.13481,35.55483],[-84.13479,35.55458],[-84.13447,35.5543],[-84.13436,35.55247]]},"properties":{"net":"out","o":7}},{"type":"Feature","geometry":{"type":"LineString","coordinates":[[-84.08751,35.4191],[-84.08902,35.41827],[-84.08946,35.41817],[-84.08984,35.41824],[-84.09036,35.4187],[-84.09106,35.41975],[-84.09151,35.41997],[-84.09287,35.42],[-84.09424,35.42108]]},"properties":{"net":"out","o":4}},{"type":"Feature","geometry":{"type":"LineString","coordinates":[[-84.0742,35.62642],[-84.07513,35.62725]]},"properties":{"net":"out","o":5}},{"type":"Feature","geometry":{"type":"LineString","coordinates":[[-84.04128,35.66967],[-84.04162,35.66902],[-84.04219,35.66829],[-84.04245,35.66773],[-84.04288,35.66771],[-84.04299,35.66731],[-84.04327,35.66729],[-84.04357,35.66711],[-84.04381,35.66717],[-84.0438,35.66686],[-84.04425,35.66585],[-84.04472,35.66527],[-84.04568,35.66451],[-84.04597,35.66374]]},"properties":{"net":"out","o":4}},{"type":"Feature","geometry":{"type":"LineString","coordinates":[[-83.7687,35.35885],[-83.76898,35.35893],[-83.76921,35.35913],[-83.76968,35.35974],[-83.77022,35.36022],[-83.77075,35.36097],[-83.77258,35.36146]]},"properties":{"net":"NC3038","o":1}},{"type":"Feature","geometry":{"type":"LineString","coordinates":[[-83.76384,35.35939],[-83.76511,35.3606],[-83.76756,35.36199],[-83.76851,35.36305],[-83.769,35.3634],[-83.76955,35.36351],[-83.77029,35.36345]]},"properties":{"net":"NC3038","o":1}},{"type":"Feature","geometry":{"type":"LineString","coordinates":[[-83.76307,35.37595],[-83.76332,35.37288],[-83.76347,35.37255],[-83.76407,35.37208],[-83.7647,35.3713],[-83.76499,35.37069],[-83.76499,35.37047]]},"properties":{"net":"NC3038","o":2}},{"type":"Feature","geometry":{"type":"LineString","coordinates":[[-83.72806,35.30566],[-83.72828,35.30662],[-83.72794,35.30717],[-83.72762,35.30799]]},"properties":{"net":"NC3038","o":1}},{"type":"Feature","geometry":{"type":"LineString","coordinates":[[-83.72498,35.30639],[-83.72684,35.30725],[-83.72704,35.30739],[-83.72727,35.30775],[-83.72762,35.30799]]},"properties":{"net":"NC3038","o":1}},{"type":"Feature","geometry":{"type":"LineString","coordinates":[[-83.71689,35.30427],[-83.71839,35.30393],[-83.71883,35.30374],[-83.71931,35.30339],[-83.72012,35.30191],[-83.72114,35.30127],[-83.72193,35.30112]]},"properties":{"net":"NC3038","o":1}},{"type":"Feature","geometry":{"type":"LineString","coordinates":[[-83.71592,35.30805],[-83.71618,35.30845],[-83.71796,35.31026],[-83.71816,35.31118],[-83.71833,35.31151],[-83.71865,35.31184],[-83.71941,35.31218],[-83.71983,35.31292],[-83.72053,35.31345],[-83.72193,35.31387],[-83.72342,35.31399],[-83.7265,35.3136]]},"properties":{"net":"NC3038","o":1}},{"type":"Feature","geometry":{"type":"LineString","coordinates":[[-83.73172,35.31439],[-83.73338,35.31488]]},"properties":{"net":"NC3038","o":3}},{"type":"Feature","geometry":{"type":"LineString","coordinates":[[-84.09597,35.5442],[-84.09582,35.54442]]},"properties":{"net":"out","o":4}},{"type":"Feature","geometry":{"type":"LineString","coordinates":[[-84.08445,35.54112],[-84.08544,35.54151],[-84.08562,35.5415],[-84.08877,35.54382],[-84.0888,35.54426],[-84.08923,35.54485],[-84.0896,35.54516],[-84.09076,35.54562]]},"properties":{"net":"out","o":7}},{"type":"Feature","geometry":{"type":"LineString","coordinates":[[-84.10384,35.57576],[-84.10436,35.57534],[-84.10467,35.5746],[-84.10528,35.57385],[-84.10584,35.57354],[-84.10672,35.57361],[-84.1072,35.57341],[-84.10761,35.573],[-84.10779,35.57234],[-84.10893,35.57146]]},"properties":{"net":"out","o":4}},{"type":"Feature","geometry":{"type":"LineString","coordinates":[[-84.10154,35.57746],[-84.10166,35.5775]]},"properties":{"net":"out","o":4}},{"type":"Feature","geometry":{"type":"LineString","coordinates":[[-84.0183,35.62567],[-84.01866,35.62577],[-84.019,35.62613],[-84.01919,35.62618],[-84.01955,35.62604],[-84.01989,35.62577]]},"properties":{"net":"out","o":4}},{"type":"Feature","geometry":{"type":"LineString","coordinates":[[-84.07568,35.59108],[-84.07595,35.59081],[-84.0765,35.59074],[-84.07797,35.59026]]},"properties":{"net":"out","o":4}},{"type":"Feature","geometry":{"type":"LineString","coordinates":[[-84.07895,35.61539],[-84.07897,35.6152]]},"properties":{"net":"out","o":5}},{"type":"Feature","geometry":{"type":"LineString","coordinates":[[-84.09712,35.6134],[-84.0978,35.61342]]},"properties":{"net":"out","o":5}},{"type":"Feature","geometry":{"type":"LineString","coordinates":[[-84.08793,35.60726],[-84.08806,35.60714],[-84.08837,35.60713],[-84.089,35.60739],[-84.08985,35.60743],[-84.09112,35.60795],[-84.09227,35.60877],[-84.09293,35.60936],[-84.0936,35.61016],[-84.09468,35.61188],[-84.09554,35.61286],[-84.09591,35.61313],[-84.09712,35.6134]]},"properties":{"net":"out","o":5}},{"type":"Feature","geometry":{"type":"LineString","coordinates":[[-84.12544,35.46812],[-84.12558,35.46895],[-84.1255,35.46913],[-84.12251,35.47157],[-84.12218,35.47198],[-84.12191,35.47261],[-84.12064,35.47339],[-84.11989,35.47335],[-84.11902,35.47367],[-84.11785,35.47394],[-84.11741,35.47388]]},"properties":{"net":"out","o":4}},{"type":"Feature","geometry":{"type":"LineString","coordinates":[[-84.08097,35.68426],[-84.08129,35.68382],[-84.08214,35.68353]]},"properties":{"net":"out","o":5}},{"type":"Feature","geometry":{"type":"LineString","coordinates":[[-84.06501,35.54612],[-84.06719,35.54628]]},"properties":{"net":"out","o":7}},{"type":"Feature","geometry":{"type":"LineString","coordinates":[[-84.10793,35.42741],[-84.10826,35.42748],[-84.10863,35.42779],[-84.10876,35.42813],[-84.10871,35.4284],[-84.10842,35.42866],[-84.10741,35.42863],[-84.10656,35.42849],[-84.10573,35.4287],[-84.10536,35.42904],[-84.10463,35.43008],[-84.10457,35.43048],[-84.10466,35.43124],[-84.10459,35.43153],[-84.10375,35.43225],[-84.10382,35.43257],[-84.10419,35.43292],[-84.10513,35.4331],[-84.10581,35.43343],[-84.10611,35.43396],[-84.10644,35.43427],[-84.10671,35.43437],[-84.10824,35.43447]]},"properties":{"net":"out","o":4}},{"type":"Feature","geometry":{"type":"LineString","coordinates":[[-84.10824,35.43447],[-84.10891,35.43469],[-84.10907,35.43495],[-84.10905,35.43513],[-84.10877,35.43554],[-84.1078,35.43562],[-84.10746,35.43589],[-84.10752,35.43675],[-84.10805,35.43814],[-84.10807,35.43853],[-84.10796,35.43886],[-84.10767,35.43913],[-84.10701,35.43923],[-84.10637,35.43879],[-84.10598,35.43822],[-84.10571,35.43744],[-84.10539,35.4372],[-84.10411,35.43726],[-84.10365,35.43767],[-84.10359,35.43804],[-84.10365,35.43839],[-84.10389,35.43867],[-84.1044,35.43901],[-84.10688,35.43992],[-84.10834,35.44072],[-84.1087,35.44082],[-84.10949,35.44078],[-84.11003,35.44098],[-84.11077,35.44149],[-84.11233,35.44294]]},"properties":{"net":"out","o":4}},{"type":"Feature","geometry":{"type":"LineString","coordinates":[[-84.03579,35.62136],[-84.0361,35.6217],[-84.03616,35.62216],[-84.03659,35.62228],[-84.03709,35.62224],[-84.03741,35.62207],[-84.03782,35.62211],[-84.03816,35.62182],[-84.03834,35.62196]]},"properties":{"net":"out","o":4}},{"type":"Feature","geometry":{"type":"LineString","coordinates":[[-84.04023,35.62946],[-84.03928,35.63154]]},"properties":{"net":"out","o":4}},{"type":"Feature","geometry":{"type":"LineString","coordinates":[[-84.03381,35.6468],[-84.0339,35.64668],[-84.03416,35.64661],[-84.03433,35.64639],[-84.03459,35.64643],[-84.03491,35.64598],[-84.03498,35.64569],[-84.03515,35.64563],[-84.03531,35.64576],[-84.03571,35.64544],[-84.03612,35.64537],[-84.03678,35.64548],[-84.03692,35.64509],[-84.03716,35.6449]]},"properties":{"net":"out","o":4}},{"type":"Feature","geometry":{"type":"LineString","coordinates":[[-84.04991,35.65913],[-84.05006,35.65888],[-84.05047,35.65887]]},"properties":{"net":"out","o":4}},{"type":"Feature","geometry":{"type":"LineString","coordinates":[[-83.90709,35.25888],[-83.90696,35.25951],[-83.90593,35.26036],[-83.90534,35.26134],[-83.90489,35.26156],[-83.90413,35.26232],[-83.90338,35.26252],[-83.90228,35.26231]]},"properties":{"net":"NC6264","o":4}},{"type":"Feature","geometry":{"type":"LineString","coordinates":[[-83.8935,35.26567],[-83.89309,35.26603]]},"properties":{"net":"NC6264","o":4}},{"type":"Feature","geometry":{"type":"LineString","coordinates":[[-83.90129,35.46453],[-83.90198,35.46478]]},"properties":{"net":"NC3039","o":7}},{"type":"Feature","geometry":{"type":"LineString","coordinates":[[-83.90103,35.46644],[-83.90121,35.46596]]},"properties":{"net":"NC3039","o":3}},{"type":"Feature","geometry":{"type":"LineString","coordinates":[[-83.90027,35.46543],[-83.90129,35.46453]]},"properties":{"net":"NC3039","o":1}},{"type":"Feature","geometry":{"type":"LineString","coordinates":[[-83.89464,35.45749],[-83.89429,35.45821],[-83.89432,35.45905],[-83.89407,35.4599]]},"properties":{"net":"NC3039","o":2}},{"type":"Feature","geometry":{"type":"LineString","coordinates":[[-83.89389,35.46018],[-83.8941,35.46075],[-83.89424,35.46167]]},"properties":{"net":"NC3039","o":3}},{"type":"Feature","geometry":{"type":"LineString","coordinates":[[-83.89398,35.4629],[-83.89378,35.46259]]},"properties":{"net":"NC3039","o":1}},{"type":"Feature","geometry":{"type":"LineString","coordinates":[[-83.89305,35.46824],[-83.89334,35.4677],[-83.89344,35.4671],[-83.89377,35.46682],[-83.89382,35.4666],[-83.8945,35.46568],[-83.89497,35.46529],[-83.89521,35.46453],[-83.89542,35.46433],[-83.89554,35.4636],[-83.89613,35.463]]},"properties":{"net":"NC3039","o":1}},{"type":"Feature","geometry":{"type":"LineString","coordinates":[[-83.88733,35.46443],[-83.88701,35.46314]]},"properties":{"net":"NC3039","o":2}},{"type":"Feature","geometry":{"type":"LineString","coordinates":[[-83.88524,35.46025],[-83.88669,35.46125],[-83.88711,35.46199],[-83.88708,35.46215]]},"properties":{"net":"NC3039","o":2}},{"type":"Feature","geometry":{"type":"LineString","coordinates":[[-83.90703,35.48275],[-83.90679,35.48238],[-83.9057,35.48182],[-83.90548,35.48148],[-83.90439,35.4811],[-83.90314,35.48022],[-83.90229,35.47936],[-83.90192,35.47914],[-83.90154,35.47849]]},"properties":{"net":"NC3039","o":1}},{"type":"Feature","geometry":{"type":"LineString","coordinates":[[-83.91652,35.46347],[-83.91626,35.4634]]},"properties":{"net":"NC3039","o":1}},{"type":"Feature","geometry":{"type":"LineString","coordinates":[[-83.91722,35.46516],[-83.91567,35.46427]]},"properties":{"net":"NC3039","o":1}},{"type":"Feature","geometry":{"type":"LineString","coordinates":[[-83.91526,35.46531],[-83.915,35.46508]]},"properties":{"net":"NC3039","o":1}},{"type":"Feature","geometry":{"type":"LineString","coordinates":[[-83.91416,35.46457],[-83.91468,35.46409]]},"properties":{"net":"NC3039","o":7}},{"type":"Feature","geometry":{"type":"LineString","coordinates":[[-83.91759,35.47003],[-83.91713,35.46972],[-83.91691,35.46928],[-83.9163,35.4689],[-83.91539,35.46878],[-83.91437,35.46839],[-83.91385,35.46842],[-83.9123,35.46896],[-83.91169,35.469]]},"properties":{"net":"NC3039","o":1}},{"type":"Feature","geometry":{"type":"LineString","coordinates":[[-83.91131,35.46968],[-83.91136,35.4693],[-83.91115,35.46891]]},"properties":{"net":"NC3039","o":2}},{"type":"Feature","geometry":{"type":"LineString","coordinates":[[-83.91101,35.47156],[-83.9116,35.47032]]},"properties":{"net":"NC3039","o":2}},{"type":"Feature","geometry":{"type":"LineString","coordinates":[[-83.90971,35.47196],[-83.91019,35.47196],[-83.91101,35.47156]]},"properties":{"net":"NC3039","o":1}},{"type":"Feature","geometry":{"type":"LineString","coordinates":[[-83.90967,35.46632],[-83.91127,35.46622],[-83.91184,35.46602],[-83.91271,35.46554]]},"properties":{"net":"NC3039","o":7}},{"type":"Feature","geometry":{"type":"LineString","coordinates":[[-83.97969,35.49225],[-83.97994,35.4914]]},"properties":{"net":"out","o":7}},{"type":"Feature","geometry":{"type":"LineString","coordinates":[[-83.90287,35.59844],[-83.90255,35.59872],[-83.90239,35.59872],[-83.90208,35.59854],[-83.9017,35.59812],[-83.90136,35.59825],[-83.90125,35.59853],[-83.9015,35.59898],[-83.90158,35.59955],[-83.90132,35.59964],[-83.90099,35.59956],[-83.90068,35.59932],[-83.90054,35.59936],[-83.90039,35.59967],[-83.90035,35.60039],[-83.90016,35.60055],[-83.89958,35.60078],[-83.89892,35.60179],[-83.89831,35.60233],[-83.89784,35.60259],[-83.89776,35.60281],[-83.8976,35.60286],[-83.89741,35.60311]]},"properties":{"net":"out","o":4}},{"type":"Feature","geometry":{"type":"LineString","coordinates":[[-83.90313,35.35689],[-83.90375,35.35633],[-83.90559,35.35515],[-83.90669,35.35406],[-83.90749,35.35386]]},"properties":{"net":"sm756029","o":1}},{"type":"Feature","geometry":{"type":"LineString","coordinates":[[-83.90449,35.31791],[-83.90402,35.31839],[-83.90388,35.3187],[-83.90391,35.31891],[-83.90467,35.31935],[-83.90547,35.31962],[-83.90601,35.32008],[-83.90592,35.32034],[-83.90552,35.32062],[-83.90528,35.32112],[-83.90503,35.32236],[-83.90524,35.32316]]},"properties":{"net":"NC3038","o":4}},{"type":"Feature","geometry":{"type":"LineString","coordinates":[[-83.90558,35.34835],[-83.90669,35.34859],[-83.9077,35.3495]]},"properties":{"net":"NC3217","o":4}},{"type":"Feature","geometry":{"type":"LineString","coordinates":[[-83.90675,35.34223],[-83.90678,35.34274],[-83.90654,35.34394],[-83.90627,35.34453],[-83.90598,35.34479],[-83.905,35.3453],[-83.9042,35.3453],[-83.90321,35.34498],[-83.90269,35.345],[-83.90201,35.34553],[-83.90169,35.34602]]},"properties":{"net":"NC3217","o":4}},{"type":"Feature","geometry":{"type":"LineString","coordinates":[[-84.00005,35.63444],[-84.00018,35.63367],[-84.00031,35.63344]]},"properties":{"net":"out","o":4}},{"type":"Feature","geometry":{"type":"LineString","coordinates":[[-83.89146,35.33543],[-83.89101,35.33538],[-83.89024,35.33463],[-83.88977,35.33442],[-83.88853,35.33457],[-83.8874,35.33426],[-83.88693,35.33425],[-83.88598,35.33345]]},"properties":{"net":"NC3038","o":2}},{"type":"Feature","geometry":{"type":"LineString","coordinates":[[-83.90769,35.37093],[-83.90707,35.37092],[-83.90657,35.37073],[-83.90582,35.37069]]},"properties":{"net":"NC3038","o":5}},{"type":"Feature","geometry":{"type":"LineString","coordinates":[[-83.89713,35.36671],[-83.89711,35.36725],[-83.89734,35.36814],[-83.89747,35.36954]]},"properties":{"net":"NC3038","o":1}},{"type":"Feature","geometry":{"type":"LineString","coordinates":[[-83.89028,35.36133],[-83.88859,35.36069],[-83.88753,35.36054]]},"properties":{"net":"NC3038","o":2}},{"type":"Feature","geometry":{"type":"LineString","coordinates":[[-83.94079,35.28264],[-83.94089,35.28288],[-83.94093,35.28364],[-83.94127,35.2843],[-83.94147,35.28499],[-83.94182,35.28544],[-83.94232,35.28675],[-83.94273,35.28749],[-83.94278,35.28798],[-83.94267,35.28892]]},"properties":{"net":"NC3038","o":1}},{"type":"Feature","geometry":{"type":"LineString","coordinates":[[-83.93665,35.30089],[-83.93639,35.30046],[-83.93631,35.29965],[-83.93575,35.29918],[-83.9356,35.29865],[-83.93459,35.29729]]},"properties":{"net":"NC3038","o":1}},{"type":"Feature","geometry":{"type":"LineString","coordinates":[[-83.93791,35.38057],[-83.93685,35.37985],[-83.93611,35.37884],[-83.93579,35.37817],[-83.93556,35.37798],[-83.93406,35.37739]]},"properties":{"net":"sm2628","o":1}},{"type":"Feature","geometry":{"type":"LineString","coordinates":[[-83.96161,35.46363],[-83.96289,35.46402],[-83.96468,35.46512],[-83.96519,35.46594]]},"properties":{"net":"out","o":7}},{"type":"Feature","geometry":{"type":"LineString","coordinates":[[-83.96523,35.47134],[-83.96421,35.47254],[-83.96293,35.47322],[-83.96198,35.47357],[-83.96021,35.47389]]},"properties":{"net":"out","o":7}},{"type":"Feature","geometry":{"type":"LineString","coordinates":[[-83.88556,35.60743],[-83.88579,35.60767],[-83.88595,35.60878],[-83.88574,35.60916],[-83.88512,35.6098],[-83.88498,35.61039],[-83.88514,35.61053],[-83.88572,35.61065],[-83.88584,35.61076],[-83.88596,35.61106],[-83.88604,35.61174],[-83.88615,35.61187],[-83.88642,35.61194],[-83.88667,35.61182],[-83.88692,35.61081],[-83.88731,35.61029],[-83.88793,35.60981],[-83.88846,35.60969],[-83.88897,35.60971],[-83.88971,35.60986],[-83.89025,35.61013]]},"properties":{"net":"out","o":5}},{"type":"Feature","geometry":{"type":"LineString","coordinates":[[-83.95793,35.47464],[-83.95276,35.4769]]},"properties":{"net":"out","o":7}},{"type":"Feature","geometry":{"type":"LineString","coordinates":[[-83.96215,35.4924],[-83.96372,35.49376]]},"properties":{"net":"out","o":7}},{"type":"Feature","geometry":{"type":"LineString","coordinates":[[-83.9898,35.63876],[-83.98984,35.63841],[-83.98998,35.63812],[-83.99201,35.63736],[-83.9927,35.63667]]},"properties":{"net":"out","o":4}},{"type":"Feature","geometry":{"type":"LineString","coordinates":[[-83.94561,35.58947],[-83.94802,35.58909],[-83.9483,35.58884]]},"properties":{"net":"out","o":5}},{"type":"Feature","geometry":{"type":"LineString","coordinates":[[-83.91055,35.25699],[-83.90935,35.25728],[-83.90881,35.2575],[-83.90824,35.25787],[-83.90772,35.25844],[-83.90709,35.25884]]},"properties":{"net":"NC6264","o":4}},{"type":"Feature","geometry":{"type":"LineString","coordinates":[[-83.93851,35.4485],[-83.93895,35.44853],[-83.93977,35.44879]]},"properties":{"net":"out","o":7}},{"type":"Feature","geometry":{"type":"LineString","coordinates":[[-83.93798,35.44392],[-83.93815,35.44427],[-83.93761,35.44559],[-83.93759,35.44602],[-83.93802,35.44655],[-83.93964,35.44782],[-83.93974,35.44822]]},"properties":{"net":"out","o":6}},{"type":"Feature","geometry":{"type":"LineString","coordinates":[[-83.93776,35.45544],[-83.93794,35.45498],[-83.93794,35.45463],[-83.93748,35.45394],[-83.93713,35.45369],[-83.93663,35.45349]]},"properties":{"net":"NC3039","o":2}},{"type":"Feature","geometry":{"type":"LineString","coordinates":[[-83.93397,35.44913],[-83.93569,35.44841],[-83.93617,35.44834]]},"properties":{"net":"NC3039","o":7}},{"type":"Feature","geometry":{"type":"LineString","coordinates":[[-83.94154,35.59285],[-83.94138,35.59255],[-83.94143,35.59209],[-83.94175,35.59162],[-83.94253,35.5911],[-83.94297,35.59061],[-83.94407,35.59008]]},"properties":{"net":"out","o":5}},{"type":"Feature","geometry":{"type":"LineString","coordinates":[[-83.95056,35.47804],[-83.94986,35.47829]]},"properties":{"net":"out","o":7}},{"type":"Feature","geometry":{"type":"LineString","coordinates":[[-83.94487,35.49086],[-83.94629,35.49094],[-83.94767,35.49118],[-83.9487,35.49113],[-83.95016,35.49079],[-83.95057,35.49057],[-83.95112,35.49007]]},"properties":{"net":"out","o":7}},{"type":"Feature","geometry":{"type":"LineString","coordinates":[[-83.90752,35.30674],[-83.90859,35.30762],[-83.90896,35.30838],[-83.90905,35.30924],[-83.90903,35.30963],[-83.90888,35.30999],[-83.90782,35.31144]]},"properties":{"net":"NC3038","o":1}},{"type":"Feature","geometry":{"type":"LineString","coordinates":[[-83.90547,35.32434],[-83.9054,35.32428]]},"properties":{"net":"NC3038","o":2}},{"type":"Feature","geometry":{"type":"LineString","coordinates":[[-84.00987,35.49965],[-84.00997,35.50029],[-84.00985,35.5006],[-84.00852,35.50178],[-84.00801,35.50196],[-84.0078,35.50222]]},"properties":{"net":"out","o":4}},{"type":"Feature","geometry":{"type":"LineString","coordinates":[[-84.00594,35.50385],[-84.00605,35.50419]]},"properties":{"net":"out","o":4}},{"type":"Feature","geometry":{"type":"LineString","coordinates":[[-84.00571,35.50729],[-84.00729,35.50875]]},"properties":{"net":"out","o":7}},{"type":"Feature","geometry":{"type":"LineString","coordinates":[[-84.00031,35.50458],[-84.0012,35.50488],[-84.00181,35.50496]]},"properties":{"net":"out","o":7}},{"type":"Feature","geometry":{"type":"LineString","coordinates":[[-83.98551,35.57225],[-83.98601,35.57213],[-83.9863,35.57182],[-83.98631,35.57165],[-83.98596,35.57091],[-83.98549,35.57049],[-83.9832,35.56887],[-83.98173,35.56805],[-83.98121,35.56749],[-83.9811,35.56708],[-83.98131,35.56661],[-83.98157,35.56633],[-83.98196,35.56608],[-83.98239,35.56596],[-83.9827,35.56608],[-83.98387,35.56703],[-83.98489,35.56736],[-83.9862,35.56724],[-83.98679,35.56703],[-83.98714,35.56677],[-83.98736,35.56639],[-83.98751,35.56478],[-83.98762,35.56451],[-83.98796,35.56418],[-83.98932,35.56368],[-83.98962,35.56335],[-83.98977,35.56301],[-83.98974,35.5616],[-83.98952,35.56101],[-83.98941,35.56028],[-83.98896,35.55899],[-83.98899,35.55854],[-83.98918,35.55797]]},"properties":{"net":"out","o":5}},{"type":"Feature","geometry":{"type":"LineString","coordinates":[[-83.99645,35.50198],[-83.99701,35.50225]]},"properties":{"net":"out","o":7}},{"type":"Feature","geometry":{"type":"LineString","coordinates":[[-83.99372,35.50069],[-83.99442,35.50116],[-83.9953,35.50158],[-83.99645,35.50198]]},"properties":{"net":"out","o":7}},{"type":"Feature","geometry":{"type":"LineString","coordinates":[[-84.0124,35.52392],[-84.01139,35.52315],[-84.01026,35.52251]]},"properties":{"net":"out","o":4}},{"type":"Feature","geometry":{"type":"LineString","coordinates":[[-84.01026,35.52251],[-84.00755,35.52148]]},"properties":{"net":"out","o":4}},{"type":"Feature","geometry":{"type":"LineString","coordinates":[[-83.93727,35.45802],[-83.9357,35.45759],[-83.93529,35.45772],[-83.93483,35.45807]]},"properties":{"net":"NC3039","o":1}},{"type":"Feature","geometry":{"type":"LineString","coordinates":[[-83.93499,35.46042],[-83.93463,35.45935]]},"properties":{"net":"NC3039","o":1}},{"type":"Feature","geometry":{"type":"LineString","coordinates":[[-83.91643,35.31425],[-83.91626,35.31356],[-83.91633,35.31242],[-83.91657,35.31183]]},"properties":{"net":"NC3038","o":1}},{"type":"Feature","geometry":{"type":"LineString","coordinates":[[-83.91667,35.3211],[-83.91534,35.32145],[-83.91426,35.32208],[-83.91401,35.32215],[-83.9133,35.32185],[-83.91203,35.32151],[-83.91065,35.32144],[-83.90973,35.32156],[-83.90884,35.32179],[-83.90786,35.32253],[-83.90718,35.32275],[-83.90606,35.32334],[-83.90542,35.32351]]},"properties":{"net":"NC3038","o":1}},{"type":"Feature","geometry":{"type":"LineString","coordinates":[[-83.92568,35.3406],[-83.92477,35.34082],[-83.92452,35.34104],[-83.92428,35.34145],[-83.92415,35.34218],[-83.92426,35.3426]]},"properties":{"net":"NC3217","o":4}},{"type":"Feature","geometry":{"type":"LineString","coordinates":[[-83.93219,35.45894],[-83.93162,35.45866],[-83.93133,35.45839],[-83.93104,35.45781],[-83.93101,35.45751],[-83.93074,35.45724],[-83.93063,35.45693]]},"properties":{"net":"NC3039","o":2}},{"type":"Feature","geometry":{"type":"LineString","coordinates":[[-83.93925,35.48862],[-83.93966,35.4889],[-83.94027,35.48912]]},"properties":{"net":"out","o":7}},{"type":"Feature","geometry":{"type":"LineString","coordinates":[[-83.90788,35.43181],[-83.90789,35.43203],[-83.90814,35.43225],[-83.91093,35.43275],[-83.91198,35.4331],[-83.9121,35.4333]]},"properties":{"net":"out","o":6}},{"type":"Feature","geometry":{"type":"LineString","coordinates":[[-83.92622,35.45216],[-83.92646,35.45194]]},"properties":{"net":"NC3039","o":7}},{"type":"Feature","geometry":{"type":"LineString","coordinates":[[-83.92587,35.45371],[-83.92536,35.45306]]},"properties":{"net":"NC3039","o":1}},{"type":"Feature","geometry":{"type":"LineString","coordinates":[[-83.92481,35.45493],[-83.9241,35.4545]]},"properties":{"net":"NC3039","o":3}},{"type":"Feature","geometry":{"type":"LineString","coordinates":[[-83.92153,35.45746],[-83.92227,35.45645],[-83.92315,35.45548]]},"properties":{"net":"NC3039","o":7}},{"type":"Feature","geometry":{"type":"LineString","coordinates":[[-83.91328,35.45606],[-83.91363,35.45606],[-83.91498,35.45565],[-83.9172,35.45641],[-83.91745,35.4564],[-83.92031,35.4549],[-83.92115,35.45474],[-83.92203,35.45474]]},"properties":{"net":"NC3039","o":1}},{"type":"Feature","geometry":{"type":"LineString","coordinates":[[-83.92518,35.46216],[-83.92449,35.46192],[-83.92439,35.46149]]},"properties":{"net":"NC3090","o":4}},{"type":"Feature","geometry":{"type":"LineString","coordinates":[[-83.88726,35.36052],[-83.88633,35.36025]]},"properties":{"net":"NC3038","o":2}},{"type":"Feature","geometry":{"type":"LineString","coordinates":[[-83.99167,35.29915],[-83.99045,35.29956],[-83.98891,35.30068],[-83.98832,35.30079],[-83.98506,35.3019],[-83.98389,35.30214],[-83.98228,35.30265],[-83.98078,35.30241],[-83.97992,35.3027],[-83.9786,35.30281]]},"properties":{"net":"NC3038","o":1}},{"type":"Feature","geometry":{"type":"LineString","coordinates":[[-83.97763,35.30021],[-83.97713,35.30163],[-83.97658,35.30203],[-83.97625,35.3025],[-83.97573,35.303]]},"properties":{"net":"NC3038","o":1}},{"type":"Feature","geometry":{"type":"LineString","coordinates":[[-83.97346,35.30882],[-83.97253,35.30826],[-83.97111,35.30718],[-83.97013,35.30711]]},"properties":{"net":"NC3038","o":1}},{"type":"Feature","geometry":{"type":"LineString","coordinates":[[-83.88934,35.41917],[-83.89096,35.42037],[-83.89196,35.4209]]},"properties":{"net":"out","o":6}},{"type":"Feature","geometry":{"type":"LineString","coordinates":[[-83.8859,35.42053],[-83.88637,35.42053],[-83.88742,35.42028],[-83.88862,35.4193],[-83.88925,35.41913]]},"properties":{"net":"out","o":4}},{"type":"Feature","geometry":{"type":"LineString","coordinates":[[-83.8928,35.45287],[-83.89358,35.45353],[-83.89456,35.45496],[-83.89453,35.45661],[-83.89464,35.45749]]},"properties":{"net":"NC3039","o":1}},{"type":"Feature","geometry":{"type":"LineString","coordinates":[[-83.99796,35.53847],[-83.99837,35.53999],[-83.99837,35.54073],[-83.99822,35.5414],[-83.99772,35.54236],[-83.99715,35.54318],[-83.99635,35.5442],[-83.99521,35.54531]]},"properties":{"net":"out","o":7}},{"type":"Feature","geometry":{"type":"LineString","coordinates":[[-83.95105,35.27968],[-83.95102,35.28074],[-83.95072,35.28141],[-83.95068,35.28223],[-83.95057,35.28248],[-83.9513,35.28392],[-83.95137,35.2843]]},"properties":{"net":"NC3038","o":1}},{"type":"Feature","geometry":{"type":"LineString","coordinates":[[-83.97013,35.30711],[-83.97,35.3068],[-83.96892,35.30591]]},"properties":{"net":"NC3038","o":2}},{"type":"Feature","geometry":{"type":"LineString","coordinates":[[-83.98187,35.44546],[-83.98085,35.44684],[-83.98054,35.44702],[-83.98027,35.44764],[-83.97986,35.44816],[-83.97957,35.44822]]},"properties":{"net":"out","o":4}},{"type":"Feature","geometry":{"type":"LineString","coordinates":[[-83.93151,35.2362],[-83.9309,35.23661],[-83.93062,35.23706],[-83.93035,35.23779],[-83.92983,35.2383]]},"properties":{"net":"NC6264","o":4}},{"type":"Feature","geometry":{"type":"LineString","coordinates":[[-83.92913,35.24191],[-83.92865,35.24192],[-83.92756,35.24253],[-83.92668,35.24278],[-83.92604,35.24272],[-83.92546,35.24241],[-83.9251,35.24238],[-83.92481,35.24263],[-83.92458,35.24337]]},"properties":{"net":"NC6264","o":4}},{"type":"Feature","geometry":{"type":"LineString","coordinates":[[-83.93983,35.26426],[-83.93787,35.26487]]},"properties":{"net":"NC6264","o":4}},{"type":"Feature","geometry":{"type":"LineString","coordinates":[[-83.94192,35.28195],[-83.94233,35.283],[-83.943,35.28394],[-83.94333,35.28478],[-83.94405,35.2857],[-83.94424,35.28616],[-83.9448,35.28677],[-83.94503,35.28768]]},"properties":{"net":"NC3038","o":1}},{"type":"Feature","geometry":{"type":"LineString","coordinates":[[-83.89254,35.44501],[-83.89143,35.44517],[-83.89103,35.44501],[-83.89048,35.44521]]},"properties":{"net":"NC3039","o":2}},{"type":"Feature","geometry":{"type":"LineString","coordinates":[[-83.88718,35.45155],[-83.88748,35.45186],[-83.88781,35.45242],[-83.88759,35.45443]]},"properties":{"net":"NC3039","o":1}},{"type":"Feature","geometry":{"type":"LineString","coordinates":[[-83.88652,35.45574],[-83.88719,35.45627],[-83.88864,35.45714],[-83.89225,35.45833],[-83.89274,35.45871],[-83.89359,35.45979]]},"properties":{"net":"NC3039","o":3}},{"type":"Feature","geometry":{"type":"LineString","coordinates":[[-83.90488,35.46435],[-83.90466,35.46472],[-83.90462,35.46527]]},"properties":{"net":"NC3039","o":1}},{"type":"Feature","geometry":{"type":"LineString","coordinates":[[-83.92369,35.46944],[-83.92345,35.46918],[-83.92298,35.469],[-83.92084,35.46895]]},"properties":{"net":"NC3039","o":1}},{"type":"Feature","geometry":{"type":"LineString","coordinates":[[-83.92084,35.46895],[-83.92057,35.46876],[-83.92004,35.46864],[-83.91993,35.46849]]},"properties":{"net":"NC3039","o":3}},{"type":"Feature","geometry":{"type":"LineString","coordinates":[[-83.91809,35.46228],[-83.91744,35.46161]]},"properties":{"net":"NC3039","o":3}},{"type":"Feature","geometry":{"type":"LineString","coordinates":[[-83.91629,35.4621],[-83.91744,35.46161]]},"properties":{"net":"NC3039","o":7}},{"type":"Feature","geometry":{"type":"LineString","coordinates":[[-83.84241,35.48516],[-83.84267,35.48489],[-83.8431,35.48477]]},"properties":{"net":"NC3039","o":4}},{"type":"Feature","geometry":{"type":"LineString","coordinates":[[-83.8306,35.48008],[-83.83131,35.48063],[-83.83258,35.48255],[-83.83318,35.48296],[-83.83378,35.48353],[-83.83397,35.48383],[-83.83447,35.48404],[-83.83587,35.48396],[-83.83628,35.48372],[-83.83667,35.48392],[-83.83753,35.4841],[-83.83941,35.4843],[-83.83998,35.48425],[-83.84049,35.48402],[-83.84116,35.48414],[-83.84188,35.48383],[-83.84227,35.4834],[-83.84267,35.48314],[-83.84389,35.4825],[-83.84402,35.4822],[-83.84431,35.48203],[-83.84478,35.48146]]},"properties":{"net":"NC3039","o":1}},{"type":"Feature","geometry":{"type":"LineString","coordinates":[[-83.85948,35.51214],[-83.85915,35.51146],[-83.85929,35.51109],[-83.85928,35.51049],[-83.85903,35.51011],[-83.85904,35.50924],[-83.85895,35.50894],[-83.85907,35.50862],[-83.85871,35.50763],[-83.85871,35.50724],[-83.85913,35.50661],[-83.85982,35.50639],[-83.86003,35.50594],[-83.8612,35.50507],[-83.86134,35.50478],[-83.86181,35.50445],[-83.86182,35.50402],[-83.86227,35.50377],[-83.86258,35.50338],[-83.863,35.5031],[-83.86318,35.50232],[-83.86335,35.50214],[-83.86351,35.50152],[-83.86369,35.50127],[-83.86367,35.50105],[-83.86381,35.50078],[-83.86375,35.5004],[-83.86436,35.49956],[-83.86438,35.49872],[-83.865,35.49772],[-83.8653,35.49754],[-83.86543,35.4972]]},"properties":{"net":"NC3039","o":2}},{"type":"Feature","geometry":{"type":"LineString","coordinates":[[-83.84626,35.49504],[-83.84593,35.49455],[-83.84563,35.49383],[-83.84496,35.49328],[-83.84408,35.49288],[-83.84346,35.49212],[-83.84333,35.4914],[-83.84307,35.49109],[-83.84292,35.49068],[-83.84301,35.48997],[-83.84276,35.48869],[-83.84279,35.48826],[-83.84263,35.48796],[-83.84241,35.48663],[-83.84248,35.4863],[-83.84209,35.48581],[-83.84206,35.48552]]},"properties":{"net":"NC3039","o":1}},{"type":"Feature","geometry":{"type":"LineString","coordinates":[[-83.87138,35.34295],[-83.87065,35.34241],[-83.86973,35.34242],[-83.8696,35.34253],[-83.86907,35.34255],[-83.86827,35.34233],[-83.86767,35.34188],[-83.86748,35.34164],[-83.86746,35.34135],[-83.86691,35.34094],[-83.86558,35.34081]]},"properties":{"net":"NC3038","o":1}},{"type":"Feature","geometry":{"type":"LineString","coordinates":[[-83.88536,35.36025],[-83.88437,35.36065],[-83.88308,35.36189],[-83.88288,35.36219],[-83.88289,35.36233],[-83.88231,35.36301],[-83.882,35.36443],[-83.88153,35.36526],[-83.88029,35.36598],[-83.87885,35.36633],[-83.87668,35.36642]]},"properties":{"net":"NC3038","o":2}},{"type":"Feature","geometry":{"type":"LineString","coordinates":[[-83.8266,35.2565],[-83.82583,35.2567],[-83.82484,35.25714],[-83.82347,35.25829],[-83.82174,35.25922],[-83.82114,35.25963],[-83.82079,35.25999],[-83.81979,35.2599]]},"properties":{"net":"NC3038","o":1}},{"type":"Feature","geometry":{"type":"LineString","coordinates":[[-83.8375,35.27449],[-83.83911,35.27382],[-83.84025,35.2738],[-83.84119,35.27418],[-83.84207,35.27517]]},"properties":{"net":"NC3038","o":1}},{"type":"Feature","geometry":{"type":"LineString","coordinates":[[-83.82766,35.27607],[-83.82595,35.27726],[-83.82513,35.27706],[-83.82474,35.2771],[-83.82438,35.27718],[-83.82397,35.27758],[-83.82364,35.2777]]},"properties":{"net":"NC3038","o":1}},{"type":"Feature","geometry":{"type":"LineString","coordinates":[[-83.82328,35.49209],[-83.82445,35.49247],[-83.82494,35.49319],[-83.82562,35.49364],[-83.82792,35.49382],[-83.82911,35.49346],[-83.83044,35.49342],[-83.83126,35.49374],[-83.8317,35.49408],[-83.83249,35.49449],[-83.83267,35.49475],[-83.83392,35.49495]]},"properties":{"net":"NC3039","o":1}},{"type":"Feature","geometry":{"type":"LineString","coordinates":[[-83.84339,35.5098],[-83.84319,35.50952],[-83.84288,35.5093],[-83.84266,35.50876],[-83.84207,35.50796],[-83.84225,35.50743],[-83.84228,35.5067],[-83.84238,35.50645],[-83.84189,35.50479],[-83.84197,35.50426],[-83.84181,35.50401],[-83.84113,35.50357],[-83.84024,35.50254]]},"properties":{"net":"NC3039","o":1}},{"type":"Feature","geometry":{"type":"LineString","coordinates":[[-83.8209,35.36879],[-83.8211,35.3682],[-83.82092,35.36755],[-83.82106,35.36666],[-83.82121,35.36617],[-83.82168,35.36558]]},"properties":{"net":"NC3038","o":3}},{"type":"Feature","geometry":{"type":"LineString","coordinates":[[-83.81661,35.3751],[-83.81673,35.37478],[-83.81741,35.37438],[-83.81772,35.37389],[-83.81811,35.37259],[-83.81822,35.37137]]},"properties":{"net":"NC3038","o":1}},{"type":"Feature","geometry":{"type":"LineString","coordinates":[[-83.80967,35.36432],[-83.8102,35.36445],[-83.81077,35.36473]]},"properties":{"net":"NC3038","o":3}},{"type":"Feature","geometry":{"type":"LineString","coordinates":[[-83.8061,35.36566],[-83.80687,35.36534],[-83.80785,35.36458]]},"properties":{"net":"NC3038","o":3}},{"type":"Feature","geometry":{"type":"LineString","coordinates":[[-83.86742,35.41534],[-83.86765,35.4154],[-83.86786,35.41525],[-83.86829,35.41529],[-83.86852,35.4152],[-83.86863,35.41532],[-83.86865,35.41566],[-83.869,35.41571],[-83.86927,35.41553],[-83.8694,35.41554],[-83.86957,35.41565],[-83.86966,35.41615],[-83.87002,35.41639],[-83.87035,35.41632],[-83.87045,35.41606],[-83.87057,35.416],[-83.87162,35.41612]]},"properties":{"net":"out","o":4}},{"type":"Feature","geometry":{"type":"LineString","coordinates":[[-83.88612,35.44605],[-83.88538,35.44645],[-83.88435,35.44658],[-83.8838,35.4469],[-83.88356,35.44694]]},"properties":{"net":"NC3039","o":2}},{"type":"Feature","geometry":{"type":"LineString","coordinates":[[-83.88114,35.43912],[-83.88134,35.43951],[-83.88134,35.43974],[-83.88107,35.44032],[-83.8814,35.44117],[-83.88148,35.44166],[-83.88137,35.44221],[-83.88107,35.44276],[-83.88109,35.4433],[-83.88095,35.44398],[-83.881,35.44447],[-83.88089,35.44481],[-83.88002,35.44605],[-83.8799,35.44642],[-83.87967,35.44672]]},"properties":{"net":"NC3039","o":1}},{"type":"Feature","geometry":{"type":"LineString","coordinates":[[-83.86817,35.4459],[-83.86678,35.44709],[-83.86675,35.44737],[-83.86665,35.44748]]},"properties":{"net":"NC3039","o":2}},{"type":"Feature","geometry":{"type":"LineString","coordinates":[[-83.86602,35.44853],[-83.86645,35.44884],[-83.86686,35.44974]]},"properties":{"net":"NC3039","o":7}},{"type":"Feature","geometry":{"type":"LineString","coordinates":[[-83.87039,35.45667],[-83.87014,35.45683],[-83.86983,35.45734]]},"properties":{"net":"NC3039","o":1}},{"type":"Feature","geometry":{"type":"LineString","coordinates":[[-83.86392,35.46375],[-83.86445,35.46386],[-83.86515,35.46377],[-83.8654,35.46366],[-83.86563,35.46333],[-83.86619,35.46309],[-83.86709,35.46294],[-83.86789,35.46242],[-83.86874,35.46177],[-83.86932,35.46093],[-83.86982,35.46052],[-83.87023,35.45971],[-83.87067,35.45922]]},"properties":{"net":"NC3039","o":1}},{"type":"Feature","geometry":{"type":"LineString","coordinates":[[-83.78886,35.29802],[-83.79049,35.29839],[-83.79139,35.29923],[-83.792,35.29961]]},"properties":{"net":"NC3038","o":4}},{"type":"Feature","geometry":{"type":"LineString","coordinates":[[-83.80795,35.38466],[-83.80852,35.38449],[-83.80886,35.38417],[-83.80986,35.38384],[-83.81135,35.38236],[-83.81183,35.38106],[-83.8121,35.38063],[-83.81202,35.37928],[-83.81158,35.37841]]},"properties":{"net":"NC3038","o":1}},{"type":"Feature","geometry":{"type":"LineString","coordinates":[[-83.80121,35.41087],[-83.80269,35.41065],[-83.80393,35.41027],[-83.80495,35.41022],[-83.80564,35.41045],[-83.80705,35.41056],[-83.80937,35.41028],[-83.8101,35.41073],[-83.81054,35.41079]]},"properties":{"net":"out","o":4}},{"type":"Feature","geometry":{"type":"LineString","coordinates":[[-83.82152,35.45167],[-83.82159,35.45133]]},"properties":{"net":"NC3039","o":1}},{"type":"Feature","geometry":{"type":"LineString","coordinates":[[-83.8183,35.45066],[-83.81884,35.45032]]},"properties":{"net":"NC3039","o":2}},{"type":"Feature","geometry":{"type":"LineString","coordinates":[[-83.81476,35.45091],[-83.81475,35.4507],[-83.81504,35.45034],[-83.81568,35.44989],[-83.81574,35.44966],[-83.81656,35.44919],[-83.817,35.44915]]},"properties":{"net":"NC3039","o":1}},{"type":"Feature","geometry":{"type":"LineString","coordinates":[[-83.77787,35.30658],[-83.77826,35.30674],[-83.78051,35.30706],[-83.78157,35.30774],[-83.78217,35.30788],[-83.78282,35.30791],[-83.78389,35.30777],[-83.78597,35.30787],[-83.78689,35.30756],[-83.78802,35.30701],[-83.78851,35.30691],[-83.78899,35.30703],[-83.7895,35.30733],[-83.79084,35.30774],[-83.79197,35.30802],[-83.79297,35.30804],[-83.79382,35.30828]]},"properties":{"net":"NC3038","o":1}},{"type":"Feature","geometry":{"type":"LineString","coordinates":[[-83.80205,35.32073],[-83.80202,35.32106],[-83.80221,35.32196],[-83.802,35.32237],[-83.80157,35.3227]]},"properties":{"net":"NC3038","o":4}},{"type":"Feature","geometry":{"type":"LineString","coordinates":[[-83.80008,35.31592],[-83.79948,35.31635]]},"properties":{"net":"NC3038","o":1}},{"type":"Feature","geometry":{"type":"LineString","coordinates":[[-83.79882,35.31255],[-83.7985,35.31435],[-83.79832,35.31484],[-83.79828,35.31544]]},"properties":{"net":"NC3038","o":1}},{"type":"Feature","geometry":{"type":"LineString","coordinates":[[-83.79082,35.31804],[-83.79071,35.31822]]},"properties":{"net":"NC3038","o":1}},{"type":"Feature","geometry":{"type":"LineString","coordinates":[[-83.78049,35.31372],[-83.78095,35.31376],[-83.78123,35.31391],[-83.78212,35.31381]]},"properties":{"net":"NC3038","o":2}},{"type":"Feature","geometry":{"type":"LineString","coordinates":[[-83.80069,35.34258],[-83.80056,35.34208],[-83.80054,35.34138],[-83.80034,35.34119],[-83.79993,35.34115],[-83.79951,35.33998]]},"properties":{"net":"NC3038","o":2}},{"type":"Feature","geometry":{"type":"LineString","coordinates":[[-83.79944,35.33399],[-83.7999,35.33452],[-83.80102,35.33522],[-83.80186,35.33599]]},"properties":{"net":"NC3038","o":1}},{"type":"Feature","geometry":{"type":"LineString","coordinates":[[-83.84508,35.26497],[-83.84474,35.26568],[-83.84508,35.26623],[-83.84572,35.26694],[-83.84598,35.26746],[-83.84605,35.26787],[-83.84588,35.26886],[-83.84589,35.26946],[-83.84609,35.27032]]},"properties":{"net":"NC3038","o":2}},{"type":"Feature","geometry":{"type":"LineString","coordinates":[[-83.83413,35.59334],[-83.8348,35.59316],[-83.83511,35.59324],[-83.8354,35.59316],[-83.83564,35.59346],[-83.83649,35.59361],[-83.83767,35.59428],[-83.83805,35.59436],[-83.83842,35.59475],[-83.83885,35.59483]]},"properties":{"net":"out","o":4}},{"type":"Feature","geometry":{"type":"LineString","coordinates":[[-83.85299,35.5908],[-83.85348,35.59127]]},"properties":{"net":"out","o":4}},{"type":"Feature","geometry":{"type":"LineString","coordinates":[[-83.8756,35.48782],[-83.87421,35.48768],[-83.87354,35.4872],[-83.87221,35.48717],[-83.87132,35.48655],[-83.87064,35.48642],[-83.87008,35.48576],[-83.86945,35.48532],[-83.86944,35.48482],[-83.86967,35.48451]]},"properties":{"net":"NC3039","o":3}},{"type":"Feature","geometry":{"type":"LineString","coordinates":[[-83.86738,35.48719],[-83.86752,35.48679],[-83.86746,35.48634],[-83.86788,35.48591],[-83.86809,35.48536],[-83.86882,35.48508],[-83.86919,35.48475],[-83.86967,35.48451]]},"properties":{"net":"NC3039","o":3}},{"type":"Feature","geometry":{"type":"LineString","coordinates":[[-83.82276,35.27192],[-83.82174,35.27203],[-83.82131,35.27224]]},"properties":{"net":"NC3038","o":3}},{"type":"Feature","geometry":{"type":"LineString","coordinates":[[-83.83802,35.2895],[-83.83754,35.29005],[-83.83706,35.29041],[-83.83685,35.29115]]},"properties":{"net":"NC3038","o":3}},{"type":"Feature","geometry":{"type":"LineString","coordinates":[[-83.83872,35.29171],[-83.83752,35.29143],[-83.83685,35.29115]]},"properties":{"net":"NC3038","o":1}},{"type":"Feature","geometry":{"type":"LineString","coordinates":[[-83.82436,35.29871],[-83.82412,35.299],[-83.82363,35.2991],[-83.82321,35.29949],[-83.82312,35.29973],[-83.82204,35.30069],[-83.82146,35.30082],[-83.82103,35.30129],[-83.82056,35.3022],[-83.82047,35.30253],[-83.82054,35.30305],[-83.82022,35.30374]]},"properties":{"net":"NC3038","o":3}},{"type":"Feature","geometry":{"type":"LineString","coordinates":[[-83.84221,35.32365],[-83.8411,35.32266],[-83.84104,35.32234]]},"properties":{"net":"NC3038","o":1}},{"type":"Feature","geometry":{"type":"LineString","coordinates":[[-83.83535,35.32096],[-83.83577,35.32102],[-83.83669,35.32144],[-83.83741,35.32197]]},"properties":{"net":"NC3038","o":2}},{"type":"Feature","geometry":{"type":"LineString","coordinates":[[-83.83497,35.31608],[-83.83642,35.31747],[-83.83739,35.31817],[-83.83843,35.31964],[-83.83841,35.32006],[-83.83822,35.32066],[-83.83741,35.32197]]},"properties":{"net":"NC3038","o":2}},{"type":"Feature","geometry":{"type":"LineString","coordinates":[[-83.81362,35.44611],[-83.814,35.44566]]},"properties":{"net":"NC3039","o":2}},{"type":"Feature","geometry":{"type":"LineString","coordinates":[[-83.80948,35.44511],[-83.80965,35.44468]]},"properties":{"net":"NC3039","o":1}},{"type":"Feature","geometry":{"type":"LineString","coordinates":[[-83.8094,35.44409],[-83.81002,35.44423]]},"properties":{"net":"NC3039","o":7}},{"type":"Feature","geometry":{"type":"LineString","coordinates":[[-83.80448,35.45183],[-83.80456,35.45133],[-83.80445,35.45077],[-83.80447,35.45016]]},"properties":{"net":"NC3039","o":7}},{"type":"Feature","geometry":{"type":"LineString","coordinates":[[-83.80983,35.47986],[-83.81067,35.47946],[-83.81182,35.4794],[-83.81363,35.47875]]},"properties":{"net":"NC3039","o":2}},{"type":"Feature","geometry":{"type":"LineString","coordinates":[[-83.85885,35.48321],[-83.85981,35.4832],[-83.86137,35.48392],[-83.86229,35.48386],[-83.86294,35.48356],[-83.86358,35.48375],[-83.86548,35.48372],[-83.86595,35.48381],[-83.86667,35.4833],[-83.8668,35.48285],[-83.86812,35.48184],[-83.86812,35.48169]]},"properties":{"net":"NC3039","o":1}},{"type":"Feature","geometry":{"type":"LineString","coordinates":[[-83.85378,35.48829],[-83.85432,35.48829],[-83.85509,35.48846],[-83.85616,35.48827],[-83.85697,35.48855],[-83.85813,35.48849],[-83.85897,35.4882],[-83.85939,35.48815],[-83.86034,35.48841],[-83.86128,35.48847],[-83.86274,35.48888],[-83.86376,35.48881],[-83.86619,35.48815],[-83.86696,35.48769],[-83.86738,35.48719]]},"properties":{"net":"NC3039","o":1}},{"type":"Feature","geometry":{"type":"LineString","coordinates":[[-83.87835,35.51765],[-83.87849,35.51735],[-83.87846,35.51683],[-83.87809,35.51626],[-83.87789,35.51565],[-83.87641,35.51473],[-83.87587,35.51429],[-83.87542,35.51411],[-83.87503,35.51371],[-83.87483,35.51323],[-83.87451,35.51294],[-83.87438,35.51266],[-83.87382,35.5124],[-83.87366,35.51216]]},"properties":{"net":"NC3039","o":1}},{"type":"Feature","geometry":{"type":"LineString","coordinates":[[-83.79951,35.33998],[-83.79982,35.33965],[-83.79983,35.33939],[-83.79951,35.33906],[-83.799,35.33875],[-83.7988,35.33843],[-83.79906,35.33786],[-83.7993,35.33761],[-83.79937,35.33715],[-83.79979,35.33694],[-83.80025,35.3365],[-83.80186,35.33599]]},"properties":{"net":"NC3038","o":4}},{"type":"Feature","geometry":{"type":"LineString","coordinates":[[-83.78979,35.34798],[-83.78988,35.34759],[-83.78974,35.34714],[-83.78979,35.34633],[-83.78961,35.34567]]},"properties":{"net":"NC3038","o":4}},{"type":"Feature","geometry":{"type":"LineString","coordinates":[[-83.79509,35.3629],[-83.79571,35.36321],[-83.79675,35.36354],[-83.7973,35.3639],[-83.79758,35.36424],[-83.79849,35.3647],[-83.79905,35.36493],[-83.79973,35.365]]},"properties":{"net":"NC3038","o":1}},{"type":"Feature","geometry":{"type":"LineString","coordinates":[[-83.79373,35.36648],[-83.79475,35.36729],[-83.79607,35.36799],[-83.79657,35.36819],[-83.79773,35.36842]]},"properties":{"net":"NC3038","o":1}},{"type":"Feature","geometry":{"type":"LineString","coordinates":[[-83.77763,35.35298],[-83.77961,35.35296],[-83.78049,35.35321],[-83.78243,35.35311]]},"properties":{"net":"NC3038","o":4}},{"type":"Feature","geometry":{"type":"LineString","coordinates":[[-83.85754,35.30144],[-83.85731,35.30176],[-83.85741,35.30342],[-83.85722,35.30407],[-83.85798,35.30535],[-83.85705,35.30609],[-83.85604,35.30634],[-83.85509,35.30684]]},"properties":{"net":"NC3038","o":1}},{"type":"Feature","geometry":{"type":"LineString","coordinates":[[-83.85349,35.30307],[-83.85355,35.30341],[-83.85415,35.3048],[-83.85503,35.30642],[-83.85509,35.30684]]},"properties":{"net":"NC3038","o":2}},{"type":"Feature","geometry":{"type":"LineString","coordinates":[[-83.84545,35.30595],[-83.84779,35.30647],[-83.84811,35.30664],[-83.84841,35.30698],[-83.84865,35.30766],[-83.84869,35.30857],[-83.84923,35.30943],[-83.84916,35.31007],[-83.84888,35.31075]]},"properties":{"net":"NC3038","o":1}},{"type":"Feature","geometry":{"type":"LineString","coordinates":[[-83.84943,35.58738],[-83.84962,35.58777],[-83.8496,35.58808],[-83.85008,35.5887],[-83.84999,35.589],[-83.85031,35.58937],[-83.85036,35.58956]]},"properties":{"net":"out","o":4}},{"type":"Feature","geometry":{"type":"LineString","coordinates":[[-83.84864,35.59319],[-83.84891,35.59357],[-83.84892,35.5941],[-83.84908,35.59434],[-83.8493,35.5943],[-83.84958,35.594],[-83.8499,35.59427],[-83.85011,35.59429],[-83.8504,35.59381],[-83.85074,35.59376],[-83.85086,35.5936],[-83.85079,35.59316],[-83.85061,35.59283],[-83.85065,35.59268]]},"properties":{"net":"out","o":4}},{"type":"Feature","geometry":{"type":"LineString","coordinates":[[-83.86599,35.26715],[-83.86599,35.26766],[-83.86627,35.26822],[-83.86707,35.26921],[-83.86773,35.26973],[-83.86802,35.26981],[-83.86911,35.26975],[-83.87017,35.27016],[-83.87088,35.27019],[-83.8714,35.27037],[-83.87242,35.271],[-83.87264,35.27131],[-83.87268,35.27157],[-83.87256,35.27208],[-83.87227,35.27246]]},"properties":{"net":"NC6264","o":4}},{"type":"Feature","geometry":{"type":"LineString","coordinates":[[-83.84228,35.59361],[-83.84284,35.59336],[-83.84291,35.59295],[-83.84313,35.59284],[-83.84355,35.59297],[-83.8436,35.5931],[-83.84342,35.59332],[-83.84377,35.59349],[-83.84394,35.59349],[-83.84413,35.59323],[-83.84441,35.59315],[-83.845,35.59326],[-83.84541,35.5932]]},"properties":{"net":"out","o":4}},{"type":"Feature","geometry":{"type":"LineString","coordinates":[[-83.83506,35.33046],[-83.83546,35.33112],[-83.83591,35.33217],[-83.83593,35.33282],[-83.83622,35.33442],[-83.83616,35.33522]]},"properties":{"net":"NC3038","o":1}},{"type":"Feature","geometry":{"type":"LineString","coordinates":[[-83.83559,35.33566],[-83.83552,35.33617],[-83.83514,35.33647],[-83.83458,35.33664],[-83.83424,35.33694],[-83.83351,35.33719],[-83.83294,35.33721],[-83.83234,35.3368]]},"properties":{"net":"NC3038","o":2}},{"type":"Feature","geometry":{"type":"LineString","coordinates":[[-83.83091,35.33259],[-83.83153,35.333]]},"properties":{"net":"NC3038","o":2}},{"type":"Feature","geometry":{"type":"LineString","coordinates":[[-83.82984,35.34434],[-83.83135,35.34385],[-83.83249,35.34308],[-83.83267,35.34307],[-83.83313,35.34265],[-83.83316,35.34247]]},"properties":{"net":"NC3038","o":1}},{"type":"Feature","geometry":{"type":"LineString","coordinates":[[-83.82953,35.35267],[-83.82989,35.3526],[-83.83168,35.3517],[-83.83259,35.35138],[-83.83329,35.35124],[-83.83384,35.35097],[-83.83455,35.35094],[-83.83519,35.3507],[-83.83536,35.35054],[-83.83637,35.3505],[-83.83654,35.35035],[-83.83663,35.35039]]},"properties":{"net":"NC3038","o":3}},{"type":"Feature","geometry":{"type":"LineString","coordinates":[[-83.82793,35.33513],[-83.82802,35.33535],[-83.82844,35.33573],[-83.82861,35.33627]]},"properties":{"net":"NC3038","o":1}},{"type":"Feature","geometry":{"type":"LineString","coordinates":[[-83.82271,35.33282],[-83.82365,35.33383],[-83.82456,35.3344],[-83.82486,35.33468],[-83.82467,35.33669]]},"properties":{"net":"NC3038","o":1}},{"type":"Feature","geometry":{"type":"LineString","coordinates":[[-83.8333,35.37106],[-83.83338,35.37048],[-83.83364,35.36997],[-83.83406,35.3694],[-83.83474,35.36877]]},"properties":{"net":"NC3038","o":2}},{"type":"Feature","geometry":{"type":"LineString","coordinates":[[-83.82774,35.37205],[-83.82908,35.37195],[-83.82986,35.37163],[-83.83055,35.37153],[-83.83127,35.37123],[-83.83228,35.37132],[-83.8333,35.37106]]},"properties":{"net":"NC3038","o":1}},{"type":"Feature","geometry":{"type":"LineString","coordinates":[[-83.8087,35.60099],[-83.8094,35.60056],[-83.80956,35.60015],[-83.8105,35.59948],[-83.81196,35.599],[-83.81302,35.59891],[-83.81332,35.59866],[-83.81372,35.59857],[-83.81426,35.59792]]},"properties":{"net":"out","o":4}},{"type":"Feature","geometry":{"type":"LineString","coordinates":[[-83.83605,35.36445],[-83.83622,35.3643],[-83.83683,35.3642],[-83.83779,35.36323],[-83.83915,35.36317],[-83.84017,35.36393],[-83.84034,35.36395],[-83.84127,35.36392],[-83.84211,35.36323],[-83.84245,35.36311],[-83.84417,35.36301],[-83.84458,35.36332],[-83.84493,35.36334],[-83.8478,35.36553],[-83.84821,35.36573],[-83.84883,35.36585],[-83.8498,35.36581],[-83.85049,35.36557],[-83.85299,35.36392],[-83.85734,35.35999]]},"properties":{"net":"NC3038","o":4}},{"type":"Feature","geometry":{"type":"LineString","coordinates":[[-83.8518,35.41414],[-83.85297,35.41438],[-83.85363,35.41437],[-83.85397,35.41428],[-83.85468,35.41388],[-83.85518,35.41387],[-83.85576,35.41416],[-83.85766,35.41458],[-83.85795,35.41486],[-83.85864,35.41496],[-83.86005,35.41552],[-83.86115,35.41545],[-83.86134,35.41559],[-83.86128,35.41599]]},"properties":{"net":"out","o":4}},{"type":"Feature","geometry":{"type":"LineString","coordinates":[[-83.85449,35.43207],[-83.85273,35.43302],[-83.85164,35.43389],[-83.8513,35.43544],[-83.85138,35.43572],[-83.85134,35.436],[-83.85076,35.43661],[-83.85023,35.4374],[-83.84995,35.43817],[-83.85008,35.4385],[-83.84851,35.43957],[-83.84764,35.44056],[-83.84705,35.44099]]},"properties":{"net":"NC3039","o":1}},{"type":"Feature","geometry":{"type":"LineString","coordinates":[[-83.85895,35.44987],[-83.86001,35.44965],[-83.86182,35.44905]]},"properties":{"net":"NC3039","o":7}},{"type":"Feature","geometry":{"type":"LineString","coordinates":[[-83.85786,35.44918],[-83.8579,35.44933],[-83.85895,35.44987]]},"properties":{"net":"NC3039","o":2}},{"type":"Feature","geometry":{"type":"LineString","coordinates":[[-83.85368,35.46752],[-83.85504,35.46846],[-83.85613,35.46872],[-83.85805,35.46987],[-83.85943,35.47105]]},"properties":{"net":"NC3039","o":1}},{"type":"Feature","geometry":{"type":"LineString","coordinates":[[-83.84223,35.47444],[-83.84323,35.47448],[-83.84402,35.47463],[-83.84493,35.4744],[-83.84582,35.47476],[-83.84624,35.4747],[-83.84669,35.47507],[-83.84689,35.47543],[-83.8469,35.47566],[-83.84676,35.47581],[-83.84693,35.47636],[-83.84745,35.47678],[-83.84809,35.47678]]},"properties":{"net":"NC3039","o":2}},{"type":"Feature","geometry":{"type":"LineString","coordinates":[[-83.88397,35.3263],[-83.88369,35.32701],[-83.88366,35.32761],[-83.88338,35.32797],[-83.88335,35.32852],[-83.88312,35.32897]]},"properties":{"net":"NC3038","o":1}},{"type":"Feature","geometry":{"type":"LineString","coordinates":[[-83.88251,35.32652],[-83.88245,35.32679],[-83.8826,35.32715],[-83.88256,35.32775],[-83.88297,35.32844],[-83.88312,35.32897]]},"properties":{"net":"NC3038","o":1}},{"type":"Feature","geometry":{"type":"LineString","coordinates":[[-83.82235,35.35662],[-83.82314,35.35645],[-83.8238,35.35603],[-83.82532,35.35533],[-83.8255,35.35518],[-83.82588,35.35447]]},"properties":{"net":"NC3038","o":1}},{"type":"Feature","geometry":{"type":"LineString","coordinates":[[-83.83749,35.42799],[-83.83668,35.42824],[-83.83604,35.42855],[-83.83426,35.42877],[-83.83096,35.43015],[-83.83014,35.43023]]},"properties":{"net":"sm54728","o":1}},{"type":"Feature","geometry":{"type":"LineString","coordinates":[[-83.84096,35.44231],[-83.84302,35.44478],[-83.84417,35.44505]]},"properties":{"net":"NC3039","o":1}},{"type":"Feature","geometry":{"type":"LineString","coordinates":[[-83.87707,35.32405],[-83.87474,35.32481]]},"properties":{"net":"NC3038","o":1}},{"type":"Feature","geometry":{"type":"LineString","coordinates":[[-83.86609,35.31635],[-83.86481,35.31615],[-83.86359,35.31566],[-83.86257,35.31556],[-83.86169,35.31494],[-83.86139,35.31448]]},"properties":{"net":"NC6264","o":5}},{"type":"Feature","geometry":{"type":"LineString","coordinates":[[-83.86139,35.31448],[-83.86082,35.3135]]},"properties":{"net":"NC6263","o":5}},{"type":"Feature","geometry":{"type":"LineString","coordinates":[[-83.86082,35.3135],[-83.86043,35.31228],[-83.8591,35.31053],[-83.85846,35.30926]]},"properties":{"net":"NC3038","o":5}},{"type":"Feature","geometry":{"type":"LineString","coordinates":[[-83.87823,35.34541],[-83.87773,35.34525],[-83.8769,35.34517],[-83.87484,35.34443],[-83.87414,35.34436],[-83.87307,35.34383],[-83.87224,35.34324],[-83.87138,35.34295]]},"properties":{"net":"NC3038","o":1}},{"type":"Feature","geometry":{"type":"LineString","coordinates":[[-83.83122,35.45143],[-83.83232,35.4512]]},"properties":{"net":"NC3039","o":7}},{"type":"Feature","geometry":{"type":"LineString","coordinates":[[-83.8285,35.45146],[-83.82878,35.45109]]},"properties":{"net":"NC3039","o":1}},{"type":"Feature","geometry":{"type":"LineString","coordinates":[[-83.83065,35.43719],[-83.82984,35.43746],[-83.82912,35.43799],[-83.82856,35.43812],[-83.82643,35.43901],[-83.82592,35.43904],[-83.82573,35.43939]]},"properties":{"net":"sm54728","o":2}},{"type":"Feature","geometry":{"type":"LineString","coordinates":[[-83.83174,35.4655],[-83.83114,35.46523],[-83.83092,35.46482],[-83.83055,35.46447],[-83.83053,35.4642],[-83.83032,35.46374],[-83.83048,35.46345],[-83.83047,35.46315],[-83.8301,35.46279],[-83.8299,35.4622],[-83.82997,35.46177],[-83.82991,35.46117],[-83.83045,35.4606],[-83.8305,35.46043],[-83.83045,35.45994],[-83.82992,35.45915],[-83.83004,35.45876],[-83.83023,35.45851],[-83.83123,35.45806],[-83.83168,35.4577],[-83.8322,35.45746],[-83.83308,35.4574],[-83.83388,35.45705],[-83.83487,35.45695]]},"properties":{"net":"NC3039","o":1}},{"type":"Feature","geometry":{"type":"LineString","coordinates":[[-83.817,35.44915],[-83.81747,35.44905]]},"properties":{"net":"NC3039","o":1}},{"type":"Feature","geometry":{"type":"LineString","coordinates":[[-83.80997,35.29089],[-83.81055,35.29039],[-83.81134,35.29011],[-83.81285,35.28912],[-83.81332,35.28897],[-83.81355,35.28904],[-83.81427,35.28959],[-83.81524,35.28992],[-83.81574,35.29065]]},"properties":{"net":"NC3038","o":1}},{"type":"Feature","geometry":{"type":"LineString","coordinates":[[-83.81869,35.3155],[-83.81966,35.31585]]},"properties":{"net":"NC3038","o":4}},{"type":"Feature","geometry":{"type":"LineString","coordinates":[[-83.86565,35.59612],[-83.86633,35.59601],[-83.86668,35.59613],[-83.86686,35.5966],[-83.86784,35.59818],[-83.86809,35.59842],[-83.86841,35.59845],[-83.86908,35.59822],[-83.86947,35.59847],[-83.87,35.59943],[-83.87085,35.60043],[-83.87113,35.60111],[-83.87116,35.60164],[-83.87093,35.60205],[-83.87015,35.60249],[-83.86947,35.6026],[-83.86849,35.60228],[-83.86764,35.60165],[-83.86677,35.6012],[-83.86626,35.60108],[-83.86587,35.60112],[-83.86571,35.60133],[-83.86567,35.60171],[-83.86586,35.60223],[-83.86705,35.60323]]},"properties":{"net":"out","o":5}},{"type":"Feature","geometry":{"type":"LineString","coordinates":[[-83.81244,35.26184],[-83.81331,35.26216],[-83.81416,35.26283]]},"properties":{"net":"NC3038","o":2}},{"type":"Feature","geometry":{"type":"LineString","coordinates":[[-83.81833,35.2879],[-83.81843,35.28928],[-83.81796,35.29038]]},"properties":{"net":"NC3038","o":4}},{"type":"Feature","geometry":{"type":"LineString","coordinates":[[-83.81256,35.31421],[-83.81369,35.31542],[-83.81869,35.3155]]},"properties":{"net":"NC3038","o":1}},{"type":"Feature","geometry":{"type":"LineString","coordinates":[[-83.82195,35.34328],[-83.82128,35.34342]]},"properties":{"net":"NC3038","o":1}},{"type":"Feature","geometry":{"type":"LineString","coordinates":[[-83.81628,35.3381],[-83.81591,35.33833],[-83.81573,35.3386],[-83.81577,35.34001],[-83.81596,35.3405],[-83.81648,35.34095],[-83.81744,35.34136],[-83.81833,35.34131]]},"properties":{"net":"NC3038","o":1}},{"type":"Feature","geometry":{"type":"LineString","coordinates":[[-83.81272,35.34022],[-83.8129,35.34032],[-83.81297,35.34071],[-83.8133,35.34121],[-83.81338,35.34254],[-83.81364,35.34397],[-83.81443,35.34456],[-83.81508,35.34449],[-83.81529,35.3443],[-83.81696,35.34424],[-83.81706,35.34431]]},"properties":{"net":"NC3038","o":5}},{"type":"Feature","geometry":{"type":"LineString","coordinates":[[-83.81017,35.33219],[-83.81023,35.33187],[-83.81013,35.33177],[-83.80897,35.33185]]},"properties":{"net":"NC3038","o":5}},{"type":"Feature","geometry":{"type":"LineString","coordinates":[[-83.8091,35.33196],[-83.80891,35.3319]]},"properties":{"net":"NC3038","o":5}},{"type":"Feature","geometry":{"type":"LineString","coordinates":[[-83.82179,35.36336],[-83.82223,35.36329],[-83.8228,35.36344]]},"properties":{"net":"NC3038","o":3}},{"type":"Feature","geometry":{"type":"LineString","coordinates":[[-83.77241,35.32728],[-83.77232,35.32657],[-83.77205,35.32589],[-83.77234,35.32493]]},"properties":{"net":"NC3038","o":4}},{"type":"Feature","geometry":{"type":"LineString","coordinates":[[-83.76176,35.31937],[-83.76259,35.32014],[-83.76323,35.32044],[-83.76453,35.32198],[-83.76501,35.32242],[-83.76511,35.32266],[-83.76592,35.32335]]},"properties":{"net":"NC3038","o":1}},{"type":"Feature","geometry":{"type":"LineString","coordinates":[[-83.71762,35.26337],[-83.71679,35.26401],[-83.71642,35.26459],[-83.7161,35.26531],[-83.71611,35.26613],[-83.71591,35.26683],[-83.71588,35.26838],[-83.71611,35.26862],[-83.71687,35.26885],[-83.71711,35.26965]]},"properties":{"net":"NC3038","o":1}},{"type":"Feature","geometry":{"type":"LineString","coordinates":[[-83.71055,35.28822],[-83.71077,35.28797],[-83.71094,35.28742],[-83.71129,35.28688],[-83.71212,35.28601],[-83.71298,35.28559],[-83.71304,35.28532]]},"properties":{"net":"NC3038","o":3}},{"type":"Feature","geometry":{"type":"LineString","coordinates":[[-83.7567,35.31694],[-83.75852,35.31569],[-83.7603,35.31537],[-83.76137,35.31497],[-83.76239,35.31486],[-83.76363,35.31486],[-83.765,35.31507],[-83.76706,35.3145],[-83.76797,35.31391],[-83.76918,35.3134],[-83.77044,35.31298],[-83.77099,35.313]]},"properties":{"net":"NC3038","o":1}},{"type":"Feature","geometry":{"type":"LineString","coordinates":[[-83.77596,35.33798],[-83.77783,35.33599],[-83.77803,35.33561],[-83.77806,35.33513],[-83.77792,35.33441],[-83.77765,35.33389],[-83.77624,35.33288],[-83.77572,35.33217]]},"properties":{"net":"NC3038","o":2}},{"type":"Feature","geometry":{"type":"LineString","coordinates":[[-83.77572,35.33217],[-83.77522,35.33119],[-83.77491,35.33081]]},"properties":{"net":"NC3038","o":2}},{"type":"Feature","geometry":{"type":"LineString","coordinates":[[-83.74105,35.2964],[-83.74189,35.29637],[-83.7428,35.29618],[-83.74317,35.29599],[-83.74502,35.29376],[-83.74513,35.29347],[-83.74496,35.29298],[-83.74503,35.29273],[-83.74546,35.29234],[-83.74619,35.29191],[-83.74763,35.29066],[-83.74869,35.28994],[-83.74952,35.28954],[-83.75072,35.28918],[-83.75118,35.28916],[-83.75193,35.2893]]},"properties":{"net":"NC3038","o":2}},{"type":"Feature","geometry":{"type":"LineString","coordinates":[[-83.75827,35.32824],[-83.75868,35.32868],[-83.76046,35.32953],[-83.76066,35.33025]]},"properties":{"net":"NC3038","o":3}},{"type":"Feature","geometry":{"type":"LineString","coordinates":[[-83.75047,35.32706],[-83.75172,35.32731],[-83.75387,35.32725],[-83.75466,35.32743],[-83.75498,35.32741]]},"properties":{"net":"NC3038","o":1}},{"type":"Feature","geometry":{"type":"LineString","coordinates":[[-83.74679,35.31418],[-83.74745,35.31361],[-83.74794,35.31186],[-83.74809,35.31158],[-83.74833,35.31139]]},"properties":{"net":"NC3038","o":3}},{"type":"Feature","geometry":{"type":"LineString","coordinates":[[-83.74438,35.31511],[-83.74521,35.31476],[-83.74619,35.31459],[-83.74679,35.31418]]},"properties":{"net":"NC3038","o":3}},{"type":"Feature","geometry":{"type":"LineString","coordinates":[[-83.75669,35.33301],[-83.7571,35.33341],[-83.75695,35.33397],[-83.75759,35.33415]]},"properties":{"net":"NC3038","o":2}},{"type":"Feature","geometry":{"type":"LineString","coordinates":[[-83.81167,35.27445],[-83.81363,35.2754],[-83.81509,35.27582],[-83.81834,35.27655]]},"properties":{"net":"NC3038","o":1}},{"type":"Feature","geometry":{"type":"LineString","coordinates":[[-83.70599,35.2699],[-83.70733,35.26963],[-83.70877,35.26961],[-83.71109,35.26937]]},"properties":{"net":"NC3038","o":2}},{"type":"Feature","geometry":{"type":"LineString","coordinates":[[-83.70355,35.27084],[-83.70449,35.27058],[-83.70599,35.2699]]},"properties":{"net":"NC3038","o":2}},{"type":"Feature","geometry":{"type":"LineString","coordinates":[[-83.69849,35.29364],[-83.69787,35.29227],[-83.69797,35.29186],[-83.69792,35.29117],[-83.69702,35.2895],[-83.69685,35.28884],[-83.69647,35.28799],[-83.69525,35.2862],[-83.69408,35.28521],[-83.6939,35.28483],[-83.69396,35.28441],[-83.69409,35.28418],[-83.69473,35.28369],[-83.6952,35.28281],[-83.69629,35.28181],[-83.69706,35.2814]]},"properties":{"net":"NC3038","o":1}},{"type":"Feature","geometry":{"type":"LineString","coordinates":[[-83.71829,35.29499],[-83.71786,35.29456],[-83.71717,35.29353],[-83.71682,35.29322],[-83.71406,35.29205],[-83.71318,35.29182]]},"properties":{"net":"NC3038","o":1}},{"type":"Feature","geometry":{"type":"LineString","coordinates":[[-83.71318,35.29182],[-83.71188,35.29109],[-83.7116,35.29074],[-83.71111,35.29037]]},"properties":{"net":"NC3038","o":2}},{"type":"Feature","geometry":{"type":"LineString","coordinates":[[-83.709,35.29644],[-83.70945,35.29598],[-83.70952,35.29573]]},"properties":{"net":"NC3038","o":2}},{"type":"Feature","geometry":{"type":"LineString","coordinates":[[-83.70503,35.33237],[-83.70536,35.33282],[-83.7066,35.33354],[-83.70733,35.33382],[-83.70799,35.33453],[-83.70839,35.33478],[-83.70995,35.33495],[-83.71158,35.33532],[-83.71348,35.33514],[-83.71491,35.33524],[-83.7171,35.33508],[-83.71951,35.33517],[-83.72077,35.33559],[-83.7217,35.33613],[-83.72366,35.33678],[-83.7241,35.33674],[-83.7249,35.33646],[-83.72575,35.33629],[-83.72657,35.33629]]},"properties":{"net":"NC3038","o":1}},{"type":"Feature","geometry":{"type":"LineString","coordinates":[[-83.73352,35.36414],[-83.73368,35.36337],[-83.73348,35.36267],[-83.73398,35.36163],[-83.73402,35.36071],[-83.73417,35.36054],[-83.73471,35.36029],[-83.73486,35.35995],[-83.73492,35.35931],[-83.73478,35.35887],[-83.73419,35.35802]]},"properties":{"net":"NC3038","o":2}},{"type":"Feature","geometry":{"type":"LineString","coordinates":[[-83.72485,35.36222],[-83.72595,35.3616],[-83.72698,35.36069],[-83.72765,35.35988],[-83.72833,35.35852],[-83.72946,35.35823],[-83.72987,35.35797],[-83.73044,35.35682]]},"properties":{"net":"NC3038","o":2}},{"type":"Feature","geometry":{"type":"LineString","coordinates":[[-83.81772,35.28855],[-83.81761,35.2893],[-83.81796,35.29038]]},"properties":{"net":"NC3038","o":4}},{"type":"Feature","geometry":{"type":"LineString","coordinates":[[-83.81574,35.29065],[-83.81612,35.2911]]},"properties":{"net":"NC3038","o":2}},{"type":"Feature","geometry":{"type":"LineString","coordinates":[[-83.8163,35.29157],[-83.81573,35.2919],[-83.81544,35.2923],[-83.81574,35.29275],[-83.81556,35.29318],[-83.81577,35.29382],[-83.81581,35.29425],[-83.81567,35.29519],[-83.81579,35.2963],[-83.81548,35.29696],[-83.81525,35.29787],[-83.81488,35.29863],[-83.81401,35.2997],[-83.81325,35.30098],[-83.81272,35.3015],[-83.81159,35.30206]]},"properties":{"net":"NC3038","o":4}},{"type":"Feature","geometry":{"type":"LineString","coordinates":[[-83.8115,35.30254],[-83.81148,35.30286],[-83.81105,35.30353],[-83.81047,35.30581],[-83.81024,35.30639],[-83.81023,35.30676]]},"properties":{"net":"NC3038","o":4}},{"type":"Feature","geometry":{"type":"LineString","coordinates":[[-83.7083,35.29862],[-83.70838,35.29719],[-83.70853,35.29691],[-83.709,35.29644]]},"properties":{"net":"NC3038","o":2}},{"type":"Feature","geometry":{"type":"LineString","coordinates":[[-83.71216,35.31584],[-83.71273,35.31553],[-83.71397,35.31573],[-83.71449,35.31569],[-83.71493,35.31552]]},"properties":{"net":"NC3038","o":2}},{"type":"Feature","geometry":{"type":"LineString","coordinates":[[-83.70999,35.31007],[-83.71012,35.31052],[-83.71079,35.31167],[-83.71111,35.3126],[-83.71227,35.31369],[-83.71381,35.31449],[-83.71445,35.31521]]},"properties":{"net":"NC3038","o":1}},{"type":"Feature","geometry":{"type":"LineString","coordinates":[[-83.7077,35.31994],[-83.70861,35.31899],[-83.70949,35.31764],[-83.71034,35.31691],[-83.71096,35.31653]]},"properties":{"net":"NC3038","o":1}},{"type":"Feature","geometry":{"type":"LineString","coordinates":[[-83.69555,35.31689],[-83.69708,35.31695],[-83.69807,35.31723],[-83.69993,35.31737],[-83.70105,35.31768],[-83.70243,35.31845]]},"properties":{"net":"NC3038","o":1}},{"type":"Feature","geometry":{"type":"LineString","coordinates":[[-83.69522,35.32432],[-83.69591,35.32426],[-83.69691,35.32453],[-83.69795,35.325],[-83.70077,35.32549],[-83.7017,35.32582]]},"properties":{"net":"NC3038","o":2}},{"type":"Feature","geometry":{"type":"LineString","coordinates":[[-83.75515,35.33688],[-83.75492,35.33619],[-83.7551,35.33553],[-83.75572,35.33506],[-83.7562,35.3352]]},"properties":{"net":"NC3038","o":4}},{"type":"Feature","geometry":{"type":"LineString","coordinates":[[-83.74318,35.33658],[-83.74397,35.33692],[-83.74551,35.3381],[-83.74631,35.3385],[-83.74722,35.3394],[-83.74766,35.33971],[-83.74898,35.34013],[-83.74968,35.34072],[-83.75029,35.34081],[-83.75067,35.3407]]},"properties":{"net":"NC3038","o":3}},{"type":"Feature","geometry":{"type":"LineString","coordinates":[[-83.75664,35.35733],[-83.75662,35.35691],[-83.75616,35.35553],[-83.75553,35.35486],[-83.7553,35.35406],[-83.75467,35.35352]]},"properties":{"net":"NC3038","o":1}},{"type":"Feature","geometry":{"type":"LineString","coordinates":[[-83.75467,35.35352],[-83.75465,35.3532],[-83.75485,35.35249]]},"properties":{"net":"NC3038","o":2}},{"type":"Feature","geometry":{"type":"LineString","coordinates":[[-83.75511,35.3576],[-83.75431,35.35639],[-83.75409,35.35569],[-83.75407,35.35478],[-83.75467,35.35352]]},"properties":{"net":"NC3038","o":1}},{"type":"Feature","geometry":{"type":"LineString","coordinates":[[-83.74975,35.35636],[-83.74933,35.35585],[-83.74902,35.35513],[-83.74908,35.35405],[-83.74898,35.35239],[-83.74889,35.35204],[-83.74861,35.3517]]},"properties":{"net":"NC3038","o":2}},{"type":"Feature","geometry":{"type":"LineString","coordinates":[[-83.73744,35.2501],[-83.73883,35.2519],[-83.73963,35.25267]]},"properties":{"net":"NC3038","o":1}},{"type":"Feature","geometry":{"type":"LineString","coordinates":[[-83.72419,35.35195],[-83.7251,35.35231],[-83.7258,35.35287],[-83.7273,35.35348],[-83.72886,35.35367],[-83.72966,35.35407],[-83.73051,35.35425],[-83.73185,35.35479],[-83.73231,35.35468]]},"properties":{"net":"NC3038","o":1}},{"type":"Feature","geometry":{"type":"LineString","coordinates":[[-83.75912,35.25602],[-83.75847,35.25594],[-83.75725,35.25556],[-83.75693,35.25572],[-83.7564,35.25631]]},"properties":{"net":"NC3038","o":1}},{"type":"Feature","geometry":{"type":"LineString","coordinates":[[-83.7564,35.25631],[-83.75614,35.2567]]},"properties":{"net":"NC3038","o":2}},{"type":"Feature","geometry":{"type":"LineString","coordinates":[[-83.78042,35.26367],[-83.77816,35.26495],[-83.77768,35.26531]]},"properties":{"net":"NC3038","o":2}},{"type":"Feature","geometry":{"type":"LineString","coordinates":[[-83.76036,35.24876],[-83.7603,35.24924],[-83.76007,35.2495],[-83.75879,35.25035],[-83.75805,35.25059],[-83.75721,35.25102],[-83.7558,35.25199],[-83.75543,35.25241],[-83.75517,35.2537],[-83.75546,35.25459],[-83.7559,35.2551],[-83.75594,35.25632],[-83.75614,35.2567]]},"properties":{"net":"NC3038","o":1}},{"type":"Feature","geometry":{"type":"LineString","coordinates":[[-83.7451,35.26211],[-83.74483,35.26261],[-83.74497,35.26339],[-83.74513,35.26366],[-83.7456,35.26411],[-83.7462,35.26528],[-83.7468,35.26606],[-83.74707,35.26685],[-83.74698,35.26759],[-83.74709,35.26794],[-83.74768,35.26867],[-83.74837,35.26912]]},"properties":{"net":"NC3038","o":1}},{"type":"Feature","geometry":{"type":"LineString","coordinates":[[-83.73963,35.25267],[-83.74044,35.25315],[-83.74139,35.2534],[-83.74259,35.25431],[-83.74293,35.25468]]},"properties":{"net":"NC3038","o":2}},{"type":"Feature","geometry":{"type":"LineString","coordinates":[[-83.77439,35.34812],[-83.77417,35.34845],[-83.77414,35.34877],[-83.77443,35.35021],[-83.77487,35.351],[-83.77492,35.35147],[-83.77552,35.35226],[-83.7752,35.35287]]},"properties":{"net":"NC3038","o":1}},{"type":"Feature","geometry":{"type":"LineString","coordinates":[[-83.77172,35.34865],[-83.77262,35.35019],[-83.77322,35.35081],[-83.77364,35.35144],[-83.7752,35.35287]]},"properties":{"net":"NC3038","o":1}},{"type":"Feature","geometry":{"type":"LineString","coordinates":[[-83.76631,35.3453],[-83.76604,35.34414],[-83.76627,35.34267],[-83.76627,35.342]]},"properties":{"net":"NC3038","o":2}},{"type":"Feature","geometry":{"type":"LineString","coordinates":[[-83.76316,35.34419],[-83.76401,35.34462],[-83.76437,35.34452],[-83.76525,35.34301],[-83.76602,35.34212],[-83.76627,35.342]]},"properties":{"net":"NC3038","o":1}},{"type":"Feature","geometry":{"type":"LineString","coordinates":[[-83.77088,35.35472],[-83.77284,35.35489]]},"properties":{"net":"NC3038","o":2}},{"type":"Feature","geometry":{"type":"LineString","coordinates":[[-83.77029,35.36345],[-83.77072,35.36301],[-83.77185,35.36239]]},"properties":{"net":"NC3038","o":4}},{"type":"Feature","geometry":{"type":"LineString","coordinates":[[-83.73141,35.27595],[-83.73169,35.27539],[-83.73174,35.27507],[-83.73171,35.27454],[-83.73146,35.27353],[-83.73219,35.27158],[-83.73228,35.27057],[-83.73274,35.27022],[-83.7335,35.27003]]},"properties":{"net":"NC3038","o":4}},{"type":"Feature","geometry":{"type":"LineString","coordinates":[[-83.73148,35.27631],[-83.73141,35.27595]]},"properties":{"net":"NC3038","o":2}},{"type":"Feature","geometry":{"type":"LineString","coordinates":[[-83.73086,35.28347],[-83.73178,35.28264],[-83.73212,35.2821],[-83.73269,35.28177],[-83.73281,35.28142],[-83.73276,35.281],[-83.73237,35.28009],[-83.73231,35.27946],[-83.73196,35.27832],[-83.73193,35.27778],[-83.73205,35.27721],[-83.73185,35.27678],[-83.73148,35.27631]]},"properties":{"net":"NC3038","o":2}},{"type":"Feature","geometry":{"type":"LineString","coordinates":[[-83.7236,35.27189],[-83.72385,35.27204]]},"properties":{"net":"NC3038","o":3}},{"type":"Feature","geometry":{"type":"LineString","coordinates":[[-83.72199,35.28644],[-83.72217,35.28529],[-83.7226,35.28362],[-83.72234,35.2831],[-83.7222,35.282],[-83.72206,35.28172],[-83.72142,35.28118],[-83.72112,35.28079],[-83.72035,35.28031],[-83.71974,35.28006],[-83.71828,35.27989],[-83.71791,35.27955]]},"properties":{"net":"NC3038","o":1}},{"type":"Feature","geometry":{"type":"LineString","coordinates":[[-83.72953,35.29379],[-83.72953,35.29303],[-83.7293,35.29229],[-83.72927,35.29142],[-83.72914,35.29112]]},"properties":{"net":"NC3038","o":1}},{"type":"Feature","geometry":{"type":"LineString","coordinates":[[-83.78118,35.25403],[-83.78066,35.25422],[-83.77963,35.25493],[-83.77915,35.25516],[-83.77664,35.25523]]},"properties":{"net":"NC3038","o":1}},{"type":"Feature","geometry":{"type":"LineString","coordinates":[[-83.77618,35.2555],[-83.77457,35.25675],[-83.77434,35.25711],[-83.77406,35.25801],[-83.77311,35.25865],[-83.7724,35.25896],[-83.77202,35.25926],[-83.77178,35.25951],[-83.77172,35.25987],[-83.77099,35.26029],[-83.77044,35.26075],[-83.76952,35.26206]]},"properties":{"net":"NC3038","o":2}},{"type":"Feature","geometry":{"type":"LineString","coordinates":[[-83.76617,35.26078],[-83.76582,35.2624]]},"properties":{"net":"NC3038","o":3}},{"type":"Feature","geometry":{"type":"LineString","coordinates":[[-83.7667,35.28704],[-83.76701,35.28786]]},"properties":{"net":"NC3038","o":4}},{"type":"Feature","geometry":{"type":"LineString","coordinates":[[-83.76664,35.28681],[-83.7667,35.28704]]},"properties":{"net":"NC3038","o":4}},{"type":"Feature","geometry":{"type":"LineString","coordinates":[[-83.76931,35.2997],[-83.77083,35.29914],[-83.7711,35.29883],[-83.77147,35.29876],[-83.77181,35.29842],[-83.774,35.29791]]},"properties":{"net":"NC3038","o":3}},{"type":"Feature","geometry":{"type":"LineString","coordinates":[[-83.76654,35.30177],[-83.76733,35.30163],[-83.76767,35.30134]]},"properties":{"net":"NC3038","o":3}},{"type":"Feature","geometry":{"type":"LineString","coordinates":[[-83.77329,35.32368],[-83.77367,35.32321],[-83.77452,35.32246]]},"properties":{"net":"NC3038","o":4}},{"type":"Feature","geometry":{"type":"LineString","coordinates":[[-83.75069,35.27152],[-83.75088,35.27119],[-83.75088,35.27055],[-83.75099,35.27043],[-83.7515,35.27045],[-83.75281,35.27079]]},"properties":{"net":"NC3038","o":4}},{"type":"Feature","geometry":{"type":"LineString","coordinates":[[-83.75589,35.30564],[-83.75739,35.30482],[-83.75824,35.30401],[-83.75843,35.30347],[-83.75883,35.3032],[-83.75917,35.30315]]},"properties":{"net":"NC3038","o":3}},{"type":"Feature","geometry":{"type":"LineString","coordinates":[[-83.75348,35.30058],[-83.75471,35.30036],[-83.7551,35.30019],[-83.75542,35.29986],[-83.75591,35.2991],[-83.75742,35.29821]]},"properties":{"net":"NC3038","o":2}},{"type":"Feature","geometry":{"type":"LineString","coordinates":[[-83.75137,35.30764],[-83.75148,35.30707],[-83.75189,35.30656]]},"properties":{"net":"NC3038","o":3}},{"type":"Feature","geometry":{"type":"LineString","coordinates":[[-83.74607,35.30597],[-83.7471,35.30591],[-83.74778,35.30602],[-83.74911,35.30574],[-83.7506,35.30624],[-83.75189,35.30656]]},"properties":{"net":"NC3038","o":2}},{"type":"Feature","geometry":{"type":"LineString","coordinates":[[-83.74123,35.3042],[-83.74367,35.30515],[-83.74431,35.30548],[-83.74607,35.30597]]},"properties":{"net":"NC3038","o":1}},{"type":"Feature","geometry":{"type":"LineString","coordinates":[[-83.74711,35.36753],[-83.74825,35.36821],[-83.74952,35.36851],[-83.75204,35.36943]]},"properties":{"net":"NC3038","o":1}},{"type":"Feature","geometry":{"type":"LineString","coordinates":[[-83.74241,35.35715],[-83.74312,35.3567],[-83.74348,35.35617],[-83.74378,35.35589],[-83.74509,35.35528],[-83.7464,35.35431],[-83.74684,35.3538],[-83.74708,35.35328],[-83.74861,35.3517]]},"properties":{"net":"NC3038","o":1}},{"type":"Feature","geometry":{"type":"LineString","coordinates":[[-83.72788,35.31906],[-83.72832,35.31838],[-83.72907,35.31802],[-83.72942,35.31742],[-83.73003,35.31718],[-83.73077,35.31705],[-83.73208,35.31609],[-83.73246,35.31567],[-83.73301,35.3153],[-83.73338,35.31488]]},"properties":{"net":"NC3038","o":1}},{"type":"Feature","geometry":{"type":"LineString","coordinates":[[-83.72718,35.31353],[-83.72787,35.31314]]},"properties":{"net":"NC3038","o":3}},{"type":"Feature","geometry":{"type":"LineString","coordinates":[[-83.73462,35.34854],[-83.73548,35.34781],[-83.73735,35.34659],[-83.73825,35.34619]]},"properties":{"net":"NC3038","o":3}},{"type":"Feature","geometry":{"type":"LineString","coordinates":[[-83.73111,35.34382],[-83.73146,35.34433],[-83.73154,35.34507],[-83.73174,35.34544],[-83.73174,35.34597],[-83.73194,35.34667],[-83.73237,35.34716]]},"properties":{"net":"NC3038","o":1}},{"type":"Feature","geometry":{"type":"LineString","coordinates":[[-84.25115,35.41813],[-84.25169,35.41853],[-84.25261,35.42034],[-84.2526,35.42079],[-84.25199,35.42182],[-84.25202,35.42217]]},"properties":{"net":"out","o":4}},{"type":"Feature","geometry":{"type":"LineString","coordinates":[[-84.26248,35.4461],[-84.2625,35.44657],[-84.26225,35.44684],[-84.26214,35.4472],[-84.26084,35.4482]]},"properties":{"net":"out","o":5}},{"type":"Feature","geometry":{"type":"LineString","coordinates":[[-84.2562,35.45932],[-84.25605,35.45946],[-84.25598,35.45978],[-84.25547,35.46075],[-84.25499,35.46145],[-84.25488,35.46178],[-84.2549,35.46211],[-84.25462,35.46252],[-84.25459,35.46277],[-84.25382,35.46385],[-84.2529,35.46458],[-84.25207,35.46479],[-84.25132,35.46482]]},"properties":{"net":"out","o":5}},{"type":"Feature","geometry":{"type":"LineString","coordinates":[[-84.24999,35.46522],[-84.24952,35.46498],[-84.24859,35.46491],[-84.24793,35.46494],[-84.24758,35.46506],[-84.24507,35.46521],[-84.24436,35.46509],[-84.24273,35.46513],[-84.24122,35.46574],[-84.24064,35.46627],[-84.24048,35.46656],[-84.24051,35.46772],[-84.24079,35.46792],[-84.24086,35.469],[-84.24155,35.47009],[-84.24178,35.47095],[-84.24177,35.47149]]},"properties":{"net":"out","o":5}},{"type":"Feature","geometry":{"type":"LineString","coordinates":[[-84.24637,35.47645],[-84.24702,35.47693],[-84.24718,35.47866],[-84.24685,35.479],[-84.24686,35.47914],[-84.24498,35.48088],[-84.24472,35.48097],[-84.24411,35.48099],[-84.2436,35.48062],[-84.24324,35.4806],[-84.24292,35.48036],[-84.24169,35.48045],[-84.24122,35.48076],[-84.24031,35.48163],[-84.24031,35.48228],[-84.23987,35.48305],[-84.23993,35.48392],[-84.23981,35.48414]]},"properties":{"net":"out","o":5}},{"type":"Feature","geometry":{"type":"LineString","coordinates":[[-84.23992,35.48515],[-84.24056,35.48551],[-84.24126,35.48548],[-84.24173,35.48583],[-84.24204,35.48592],[-84.24455,35.48776],[-84.24466,35.48891]]},"properties":{"net":"out","o":5}},{"type":"Feature","geometry":{"type":"LineString","coordinates":[[-84.24678,35.49983],[-84.24679,35.50057],[-84.24702,35.50074],[-84.24703,35.50092]]},"properties":{"net":"out","o":5}},{"type":"Feature","geometry":{"type":"LineString","coordinates":[[-84.25743,35.52082],[-84.2565,35.52006],[-84.25632,35.52007],[-84.25609,35.52052],[-84.25616,35.52105],[-84.25588,35.52146],[-84.25585,35.52168],[-84.25547,35.52195]]},"properties":{"net":"out","o":4}},{"type":"Feature","geometry":{"type":"LineString","coordinates":[[-84.25242,35.52324],[-84.25185,35.5233],[-84.25081,35.52425],[-84.24956,35.52432],[-84.24927,35.52458]]},"properties":{"net":"out","o":4}},{"type":"Feature","geometry":{"type":"LineString","coordinates":[[-84.25641,35.63797],[-84.25608,35.63804],[-84.25478,35.63922],[-84.25398,35.63983],[-84.25381,35.63987],[-84.25318,35.64044],[-84.25296,35.64045],[-84.25263,35.64075],[-84.25184,35.64086],[-84.2513,35.64139],[-84.25129,35.64193],[-84.25214,35.64276],[-84.25215,35.64287],[-84.25308,35.64359],[-84.25319,35.64467],[-84.2524,35.64539],[-84.25201,35.64558],[-84.25051,35.64695],[-84.24972,35.64697],[-84.24859,35.64799],[-84.24842,35.648],[-84.24808,35.6483],[-84.24773,35.64832],[-84.24702,35.64896],[-84.24701,35.65015],[-84.24693,35.65037],[-84.24589,35.65136],[-84.24592,35.65183],[-84.24467,35.65304],[-84.24472,35.65376],[-84.2457,35.65447],[-84.24663,35.65461],[-84.24718,35.65484],[-84.24834,35.65562],[-84.24842,35.65685],[-84.24767,35.6576],[-84.24775,35.65947],[-84.24766,35.66013]]},"properties":{"net":"out","o":4}},{"type":"Feature","geometry":{"type":"LineString","coordinates":[[-84.24766,35.66013],[-84.24787,35.66275],[-84.24737,35.66321],[-84.24746,35.66461],[-84.24755,35.66472],[-84.24758,35.66515],[-84.24828,35.66566],[-84.24829,35.66584]]},"properties":{"net":"out","o":7}},{"type":"Feature","geometry":{"type":"LineString","coordinates":[[-84.25922,35.66886],[-84.25757,35.66914],[-84.25302,35.66933],[-84.25268,35.66949]]},"properties":{"net":"out","o":5}},{"type":"Feature","geometry":{"type":"LineString","coordinates":[[-84.24901,35.70152],[-84.24908,35.70191],[-84.24922,35.70201],[-84.24936,35.7041],[-84.24923,35.70422],[-84.24933,35.7047]]},"properties":{"net":"out","o":7}},{"type":"Feature","geometry":{"type":"LineString","coordinates":[[-84.24681,35.72013],[-84.2465,35.72076],[-84.24641,35.72152],[-84.24558,35.72228]]},"properties":{"net":"out","o":7}},{"type":"Feature","geometry":{"type":"LineString","coordinates":[[-84.25674,35.74706],[-84.25889,35.74933],[-84.2642,35.75341],[-84.26428,35.75391]]},"properties":{"net":"out","o":7}},{"type":"Feature","geometry":{"type":"LineString","coordinates":[[-84.04673,35.5445],[-84.04715,35.54474]]},"properties":{"net":"out","o":7}},{"type":"Feature","geometry":{"type":"LineString","coordinates":[[-84.01515,35.65289],[-84.01601,35.65232],[-84.01628,35.65203],[-84.0163,35.6518],[-84.01615,35.65148]]},"properties":{"net":"out","o":4}},{"type":"Feature","geometry":{"type":"LineString","coordinates":[[-84.26756,35.3559],[-84.26769,35.3559]]},"properties":{"net":"out","o":5}},{"type":"Feature","geometry":{"type":"LineString","coordinates":[[-84.27481,35.38861],[-84.27463,35.38874]]},"properties":{"net":"out","o":5}},{"type":"Feature","geometry":{"type":"LineString","coordinates":[[-84.27172,35.41155],[-84.27135,35.41163],[-84.27102,35.41197],[-84.27079,35.41253],[-84.27079,35.41318],[-84.27047,35.41366],[-84.26933,35.4145],[-84.26804,35.41506],[-84.26726,35.41524],[-84.2666,35.41527],[-84.26487,35.41513],[-84.2601,35.41505],[-84.25915,35.41538],[-84.25882,35.41568],[-84.25859,35.4162],[-84.25843,35.41711],[-84.25884,35.41947],[-84.25905,35.42192],[-84.25948,35.42316],[-84.25978,35.42369],[-84.25997,35.42451],[-84.26056,35.42554],[-84.26082,35.42682],[-84.26162,35.42808]]},"properties":{"net":"out","o":5}},{"type":"Feature","geometry":{"type":"LineString","coordinates":[[-84.26809,35.45456],[-84.2694,35.45566],[-84.2712,35.45631],[-84.27219,35.45655],[-84.27274,35.45682]]},"properties":{"net":"out","o":5}},{"type":"Feature","geometry":{"type":"LineString","coordinates":[[-84.27227,35.51502],[-84.27197,35.51492],[-84.27167,35.51493],[-84.27142,35.51519],[-84.27145,35.5157],[-84.27166,35.51619],[-84.27167,35.51641],[-84.27155,35.51652],[-84.27133,35.51653],[-84.2702,35.51615],[-84.26896,35.51541],[-84.26817,35.51418],[-84.26794,35.51401],[-84.26763,35.51337],[-84.2674,35.5132],[-84.26723,35.51321],[-84.26679,35.51337],[-84.26635,35.51339],[-84.26525,35.51405],[-84.26378,35.51462],[-84.26329,35.51518],[-84.26298,35.51605]]},"properties":{"net":"out","o":4}},{"type":"Feature","geometry":{"type":"LineString","coordinates":[[-84.28187,35.6205],[-84.28123,35.62107],[-84.28093,35.62119],[-84.28074,35.62105],[-84.28068,35.62084],[-84.28044,35.62056],[-84.27933,35.61974],[-84.27889,35.61915]]},"properties":{"net":"out","o":4}},{"type":"Feature","geometry":{"type":"LineString","coordinates":[[-84.28491,35.65766],[-84.28451,35.6575],[-84.28404,35.65716],[-84.28374,35.65663],[-84.28351,35.65646],[-84.28329,35.65647],[-84.283,35.65673],[-84.28288,35.65768],[-84.28297,35.6584],[-84.28322,35.65875],[-84.28326,35.65936],[-84.28288,35.6597],[-84.28227,35.6598],[-84.28197,35.66003],[-84.28175,35.66004],[-84.28158,35.66019],[-84.28128,35.6602],[-84.28098,35.66036],[-84.28002,35.66123],[-84.27986,35.66153],[-84.27986,35.66229],[-84.27978,35.6624],[-84.27945,35.6627],[-84.27857,35.66285]]},"properties":{"net":"out","o":4}},{"type":"Feature","geometry":{"type":"LineString","coordinates":[[-84.28418,35.6756],[-84.284,35.67546],[-84.28183,35.67545]]},"properties":{"net":"out","o":4}},{"type":"Feature","geometry":{"type":"LineString","coordinates":[[-84.27178,35.67535],[-84.27132,35.67508]]},"properties":{"net":"out","o":5}},{"type":"Feature","geometry":{"type":"LineString","coordinates":[[-84.29137,35.36689],[-84.29161,35.3672]]},"properties":{"net":"out","o":5}},{"type":"Feature","geometry":{"type":"LineString","coordinates":[[-84.28955,35.41566],[-84.28837,35.41491],[-84.28762,35.41425],[-84.28704,35.4139],[-84.28478,35.41342],[-84.28325,35.4134],[-84.28284,35.41328],[-84.28204,35.41279],[-84.28008,35.41198],[-84.27948,35.41145],[-84.27853,35.41098],[-84.27816,35.41056],[-84.2778,35.41036],[-84.27737,35.4105],[-84.27706,35.41095],[-84.27613,35.41126],[-84.27612,35.41161],[-84.27657,35.41209],[-84.27658,35.41225],[-84.27553,35.41255],[-84.27497,35.41261],[-84.27421,35.41327]]},"properties":{"net":"out","o":4}},{"type":"Feature","geometry":{"type":"LineString","coordinates":[[-84.34594,35.58239],[-84.34536,35.5824],[-84.34509,35.58258],[-84.34504,35.5833],[-84.34546,35.58397],[-84.34499,35.58469],[-84.34427,35.58465],[-84.34362,35.58496],[-84.34309,35.58498],[-84.34268,35.58477],[-84.34237,35.58429]]},"properties":{"net":"out","o":4}},{"type":"Feature","geometry":{"type":"LineString","coordinates":[[-84.33524,35.59169],[-84.33504,35.59205],[-84.33472,35.59219],[-84.33434,35.59219],[-84.33381,35.59196],[-84.33361,35.59201],[-84.33352,35.59226],[-84.33355,35.59316],[-84.33335,35.59335],[-84.33311,35.59337]]},"properties":{"net":"out","o":4}},{"type":"Feature","geometry":{"type":"LineString","coordinates":[[-84.36055,35.5642],[-84.36061,35.56463]]},"properties":{"net":"out","o":4}},{"type":"Feature","geometry":{"type":"LineString","coordinates":[[-84.35193,35.57717],[-84.35163,35.57756],[-84.35064,35.57782],[-84.35013,35.57844],[-84.34924,35.57862],[-84.3489,35.57952]]},"properties":{"net":"out","o":4}},{"type":"Feature","geometry":{"type":"LineString","coordinates":[[-84.31175,35.61299],[-84.31076,35.61263],[-84.31045,35.61264],[-84.31039,35.6127],[-84.31057,35.61308],[-84.31044,35.61329],[-84.30999,35.61343],[-84.30852,35.61361],[-84.30795,35.61353],[-84.30672,35.61289],[-84.3059,35.61265],[-84.30515,35.61333],[-84.3042,35.6132],[-84.3035,35.61336],[-84.30287,35.61382],[-84.30273,35.61422],[-84.30317,35.61503],[-84.3038,35.6168],[-84.30351,35.61711],[-84.30284,35.61721]]},"properties":{"net":"out","o":4}},{"type":"Feature","geometry":{"type":"LineString","coordinates":[[-84.29167,35.51694],[-84.29154,35.5167],[-84.29149,35.51611],[-84.29123,35.51609],[-84.2905,35.51562],[-84.28911,35.51537]]},"properties":{"net":"out","o":4}},{"type":"Feature","geometry":{"type":"LineString","coordinates":[[-84.2527,35.4229],[-84.25292,35.42287],[-84.25324,35.42312],[-84.25416,35.42417],[-84.25468,35.42459],[-84.25466,35.42477],[-84.25433,35.42494]]},"properties":{"net":"out","o":4}},{"type":"Feature","geometry":{"type":"LineString","coordinates":[[-84.31381,35.64238],[-84.31365,35.64251],[-84.31346,35.64291]]},"properties":{"net":"out","o":4}},{"type":"Feature","geometry":{"type":"LineString","coordinates":[[-84.22443,35.61336],[-84.22601,35.61452],[-84.22699,35.61469],[-84.22736,35.61497],[-84.22767,35.61495],[-84.22957,35.61631],[-84.22984,35.6163]]},"properties":{"net":"out","o":7}},{"type":"Feature","geometry":{"type":"LineString","coordinates":[[-84.2363,35.64051],[-84.23525,35.64145],[-84.23533,35.64264],[-84.23454,35.64336],[-84.23479,35.64732],[-84.23408,35.64797]]},"properties":{"net":"out","o":7}},{"type":"Feature","geometry":{"type":"LineString","coordinates":[[-83.84069,35.45298],[-83.8421,35.45224],[-83.84232,35.45197]]},"properties":{"net":"NC3039","o":2}},{"type":"Feature","geometry":{"type":"LineString","coordinates":[[-83.84403,35.46588],[-83.84384,35.46515],[-83.84342,35.4644],[-83.84341,35.4638],[-83.843,35.4632],[-83.84246,35.46221],[-83.8424,35.46193],[-83.84204,35.46159],[-83.84145,35.46077],[-83.84111,35.45997],[-83.84003,35.45889],[-83.84,35.45855],[-83.83972,35.45784],[-83.83923,35.45749],[-83.83869,35.45662],[-83.83817,35.45604],[-83.83805,35.45574],[-83.83811,35.45549],[-83.83804,35.45521]]},"properties":{"net":"NC3039","o":1}},{"type":"Feature","geometry":{"type":"LineString","coordinates":[[-83.83124,35.45194],[-83.83122,35.45143]]},"properties":{"net":"NC3039","o":1}},{"type":"Feature","geometry":{"type":"LineString","coordinates":[[-83.82584,35.47975],[-83.82632,35.479],[-83.82639,35.47844],[-83.82677,35.47809],[-83.82689,35.47769],[-83.82685,35.47732],[-83.82642,35.47651],[-83.82631,35.47581],[-83.82555,35.47501],[-83.82535,35.47454],[-83.8254,35.47425],[-83.82598,35.47327],[-83.82612,35.47257],[-83.82603,35.47205],[-83.82572,35.47144],[-83.82571,35.46999],[-83.82557,35.46953],[-83.82565,35.46932]]},"properties":{"net":"NC3039","o":1}},{"type":"Feature","geometry":{"type":"LineString","coordinates":[[-83.83072,35.49613],[-83.83133,35.49616],[-83.83196,35.49663],[-83.83222,35.49669],[-83.83296,35.49632]]},"properties":{"net":"NC3039","o":2}},{"type":"Feature","geometry":{"type":"LineString","coordinates":[[-83.82834,35.49045],[-83.82938,35.48994],[-83.83062,35.48966],[-83.83129,35.48929],[-83.83157,35.48905],[-83.8318,35.48864],[-83.83189,35.48794],[-83.83218,35.48772]]},"properties":{"net":"NC3039","o":1}},{"type":"Feature","geometry":{"type":"LineString","coordinates":[[-83.82816,35.4949],[-83.82818,35.49524],[-83.82834,35.49537],[-83.82909,35.49563],[-83.82922,35.49576],[-83.83001,35.49588],[-83.83072,35.49613]]},"properties":{"net":"NC3039","o":2}},{"type":"Feature","geometry":{"type":"LineString","coordinates":[[-83.82605,35.48303],[-83.82716,35.4837],[-83.82784,35.48388],[-83.82838,35.48452],[-83.82878,35.48535],[-83.82937,35.48605],[-83.83028,35.48647],[-83.83072,35.48649],[-83.83106,35.48639],[-83.83232,35.48675],[-83.83288,35.48713],[-83.83372,35.48701]]},"properties":{"net":"NC3039","o":1}},{"type":"Feature","geometry":{"type":"LineString","coordinates":[[-84.15176,35.65786],[-84.15198,35.65758],[-84.15196,35.65729],[-84.15149,35.65688],[-84.15117,35.65675],[-84.15117,35.65664],[-84.15155,35.65637],[-84.15187,35.65592],[-84.15218,35.65591],[-84.15302,35.6566],[-84.1532,35.65659],[-84.15438,35.65559]]},"properties":{"net":"out","o":5}},{"type":"Feature","geometry":{"type":"LineString","coordinates":[[-84.14869,35.65803],[-84.15015,35.65867],[-84.15037,35.65866],[-84.15049,35.65854],[-84.15048,35.65829],[-84.15028,35.65798],[-84.15026,35.65772],[-84.15035,35.65765],[-84.15092,35.65766],[-84.15176,35.65786]]},"properties":{"net":"out","o":5}},{"type":"Feature","geometry":{"type":"LineString","coordinates":[[-84.21257,35.5163],[-84.21259,35.51671]]},"properties":{"net":"out","o":5}},{"type":"Feature","geometry":{"type":"LineString","coordinates":[[-84.20856,35.5227],[-84.20859,35.52309],[-84.20725,35.5243],[-84.20716,35.52492]]},"properties":{"net":"out","o":5}},{"type":"Feature","geometry":{"type":"LineString","coordinates":[[-84.2047,35.5299],[-84.2045,35.53008]]},"properties":{"net":"out","o":5}},{"type":"Feature","geometry":{"type":"LineString","coordinates":[[-84.20268,35.52251],[-84.20366,35.52272],[-84.2044,35.52327],[-84.2049,35.52339],[-84.20596,35.52414],[-84.20625,35.52425]]},"properties":{"net":"out","o":4}},{"type":"Feature","geometry":{"type":"LineString","coordinates":[[-84.22167,35.55547],[-84.22172,35.55693]]},"properties":{"net":"out","o":4}},{"type":"Feature","geometry":{"type":"LineString","coordinates":[[-84.13427,35.5509],[-84.13433,35.55068]]},"properties":{"net":"out","o":7}},{"type":"Feature","geometry":{"type":"LineString","coordinates":[[-84.11116,35.56545],[-84.11178,35.56542],[-84.11249,35.56561],[-84.11309,35.56598],[-84.11449,35.5665],[-84.11691,35.56762],[-84.11848,35.56868],[-84.11927,35.56868],[-84.11986,35.56822]]},"properties":{"net":"out","o":4}},{"type":"Feature","geometry":{"type":"LineString","coordinates":[[-84.10895,35.55633],[-84.10936,35.55661],[-84.10954,35.5566],[-84.10996,35.55691],[-84.11035,35.55685]]},"properties":{"net":"out","o":7}},{"type":"Feature","geometry":{"type":"LineString","coordinates":[[-84.1839,35.28689],[-84.18563,35.28766],[-84.18596,35.28804]]},"properties":{"net":"out","o":4}},{"type":"Feature","geometry":{"type":"LineString","coordinates":[[-84.18596,35.28804],[-84.18567,35.28851],[-84.18481,35.28906],[-84.18457,35.28963],[-84.18446,35.29031],[-84.18467,35.29084],[-84.18557,35.29131],[-84.18568,35.29181],[-84.18525,35.29218],[-84.18436,35.29196],[-84.18412,35.2921],[-84.18419,35.29235],[-84.18442,35.29255],[-84.18557,35.29319]]},"properties":{"net":"out","o":4}},{"type":"Feature","geometry":{"type":"LineString","coordinates":[[-84.15438,35.65559],[-84.15432,35.65538],[-84.15418,35.65528],[-84.15352,35.65535],[-84.15342,35.65528],[-84.15355,35.65509],[-84.15398,35.65493],[-84.15427,35.6547],[-84.15397,35.6541],[-84.15395,35.65381],[-84.15442,35.65347],[-84.15515,35.65322],[-84.15574,35.65273],[-84.1557,35.65204],[-84.15586,35.65185],[-84.15612,35.65181],[-84.157,35.65242],[-84.15753,35.65236],[-84.15778,35.65213],[-84.15779,35.65166],[-84.15791,35.65144],[-84.15816,35.65121],[-84.15864,35.65105],[-84.15906,35.65067],[-84.15966,35.65043],[-84.16034,35.64993],[-84.16107,35.64965],[-84.16246,35.64854],[-84.16249,35.64829],[-84.1627,35.64806],[-84.16353,35.64803]]},"properties":{"net":"out","o":5}},{"type":"Feature","geometry":{"type":"LineString","coordinates":[[-84.17761,35.3249],[-84.17755,35.32497]]},"properties":{"net":"out","o":4}},{"type":"Feature","geometry":{"type":"LineString","coordinates":[[-84.15873,35.33047],[-84.15943,35.33041],[-84.16026,35.33095]]},"properties":{"net":"out","o":4}},{"type":"Feature","geometry":{"type":"LineString","coordinates":[[-84.22297,35.59002],[-84.22251,35.59048],[-84.22189,35.59184],[-84.22044,35.59324],[-84.22037,35.59364],[-84.22013,35.59405],[-84.22016,35.59448],[-84.21991,35.59471],[-84.21973,35.59525],[-84.21903,35.59587]]},"properties":{"net":"out","o":5}},{"type":"Feature","geometry":{"type":"LineString","coordinates":[[-84.21903,35.59587],[-84.21533,35.59913],[-84.215,35.5995],[-84.21503,35.59986],[-84.21478,35.6002],[-84.21468,35.60067],[-84.21453,35.60089]]},"properties":{"net":"out","o":5}},{"type":"Feature","geometry":{"type":"LineString","coordinates":[[-84.20596,35.63773],[-84.20643,35.63753],[-84.20711,35.63707],[-84.20781,35.637],[-84.20817,35.63702],[-84.20835,35.63716],[-84.2087,35.63714],[-84.20889,35.63728],[-84.20956,35.6374],[-84.21011,35.63766],[-84.21077,35.63763],[-84.21112,35.63751],[-84.21284,35.63747],[-84.21391,35.63826],[-84.21397,35.63851],[-84.21461,35.63895],[-84.21507,35.63911],[-84.21577,35.63976],[-84.21657,35.63973],[-84.21694,35.64]]},"properties":{"net":"out","o":5}},{"type":"Feature","geometry":{"type":"LineString","coordinates":[[-84.20192,35.6335],[-84.20233,35.63366],[-84.20326,35.63427],[-84.20345,35.63448],[-84.20354,35.63531],[-84.20397,35.63569]]},"properties":{"net":"out","o":5}},{"type":"Feature","geometry":{"type":"LineString","coordinates":[[-83.84494,35.26183],[-83.84449,35.26263],[-83.84445,35.2629],[-83.84465,35.26381],[-83.84498,35.26447],[-83.84508,35.26497]]},"properties":{"net":"NC3038","o":1}},{"type":"Feature","geometry":{"type":"LineString","coordinates":[[-83.85246,35.2831],[-83.8518,35.28318],[-83.84878,35.28267],[-83.84749,35.28304],[-83.84686,35.28301]]},"properties":{"net":"NC3038","o":1}},{"type":"Feature","geometry":{"type":"LineString","coordinates":[[-83.85846,35.30926],[-83.85817,35.30822],[-83.85793,35.30791],[-83.85752,35.30778],[-83.85682,35.30781],[-83.85617,35.30805],[-83.85538,35.30877],[-83.8551,35.30925],[-83.85485,35.31014]]},"properties":{"net":"NC3038","o":5}},{"type":"Feature","geometry":{"type":"LineString","coordinates":[[-83.8645,35.32771],[-83.86448,35.32799]]},"properties":{"net":"NC3038","o":2}},{"type":"Feature","geometry":{"type":"LineString","coordinates":[[-84.17864,35.32547],[-84.18068,35.32643],[-84.18214,35.32723],[-84.18256,35.32758],[-84.18258,35.32794],[-84.1825,35.32805],[-84.18154,35.32877],[-84.18017,35.32948],[-84.17986,35.3295],[-84.17923,35.32999],[-84.17926,35.33042],[-84.17959,35.33081]]},"properties":{"net":"out","o":5}},{"type":"Feature","geometry":{"type":"LineString","coordinates":[[-84.19082,35.51114],[-84.19155,35.51147],[-84.19206,35.51185],[-84.19212,35.51282],[-84.1925,35.51324],[-84.19319,35.51375],[-84.19372,35.51445],[-84.19374,35.51463],[-84.19392,35.51476],[-84.19393,35.51491],[-84.19445,35.5155],[-84.1957,35.51631]]},"properties":{"net":"out","o":4}},{"type":"Feature","geometry":{"type":"LineString","coordinates":[[-83.82862,35.29858],[-83.82842,35.29883],[-83.82824,35.29888],[-83.82731,35.2989],[-83.82682,35.29882],[-83.82571,35.29902],[-83.82549,35.29891],[-83.82517,35.29854],[-83.82436,35.29871]]},"properties":{"net":"NC3038","o":3}},{"type":"Feature","geometry":{"type":"LineString","coordinates":[[-83.8318,35.30604],[-83.82882,35.30843],[-83.82804,35.30861],[-83.82712,35.30905],[-83.82611,35.30916],[-83.8254,35.30949],[-83.82484,35.30944],[-83.82466,35.30958],[-83.82456,35.31004],[-83.82414,35.3101]]},"properties":{"net":"NC3038","o":2}},{"type":"Feature","geometry":{"type":"LineString","coordinates":[[-83.84068,35.31913],[-83.84111,35.31912],[-83.84152,35.3194]]},"properties":{"net":"NC3038","o":1}},{"type":"Feature","geometry":{"type":"LineString","coordinates":[[-83.83984,35.32284],[-83.8401,35.32292],[-83.84074,35.3226],[-83.84104,35.32234]]},"properties":{"net":"NC3038","o":3}},{"type":"Feature","geometry":{"type":"LineString","coordinates":[[-83.83693,35.31589],[-83.83822,35.31703],[-83.83961,35.31859],[-83.84011,35.31894],[-83.84068,35.31913]]},"properties":{"net":"NC3038","o":1}},{"type":"Feature","geometry":{"type":"LineString","coordinates":[[-83.8346,35.31098],[-83.83384,35.31153],[-83.83336,35.31208],[-83.83343,35.31244],[-83.83375,35.31299],[-83.83435,35.3146],[-83.83436,35.31523]]},"properties":{"net":"NC3038","o":1}},{"type":"Feature","geometry":{"type":"LineString","coordinates":[[-83.82689,35.32763],[-83.82811,35.32975],[-83.82911,35.33084],[-83.82954,35.33179],[-83.83013,35.33222],[-83.83091,35.33259]]},"properties":{"net":"NC3038","o":1}},{"type":"Feature","geometry":{"type":"LineString","coordinates":[[-83.83735,35.50185],[-83.83612,35.50116],[-83.83511,35.50101],[-83.83469,35.50085],[-83.83398,35.50022],[-83.83386,35.50001]]},"properties":{"net":"NC3039","o":2}},{"type":"Feature","geometry":{"type":"LineString","coordinates":[[-83.8286,35.50609],[-83.82957,35.50607],[-83.83049,35.50567],[-83.83153,35.50576]]},"properties":{"net":"NC3039","o":1}},{"type":"Feature","geometry":{"type":"LineString","coordinates":[[-83.82535,35.51782],[-83.82458,35.51701],[-83.82431,35.51612],[-83.82413,35.51584],[-83.82319,35.51552],[-83.82235,35.51484],[-83.82167,35.51397],[-83.82129,35.5137]]},"properties":{"net":"NC3039","o":1}},{"type":"Feature","geometry":{"type":"LineString","coordinates":[[-84.21505,35.68322],[-84.21575,35.68355],[-84.21721,35.68488],[-84.21725,35.68521],[-84.21714,35.68556],[-84.21649,35.68631],[-84.2164,35.68678],[-84.21655,35.68715],[-84.21686,35.68753],[-84.21731,35.68786]]},"properties":{"net":"out","o":4}},{"type":"Feature","geometry":{"type":"LineString","coordinates":[[-83.83199,35.33342],[-83.83222,35.33406],[-83.83224,35.33439],[-83.83174,35.33484],[-83.83175,35.33498],[-83.83147,35.3355],[-83.83079,35.336]]},"properties":{"net":"NC3038","o":2}},{"type":"Feature","geometry":{"type":"LineString","coordinates":[[-84.17893,35.56701],[-84.18018,35.56828],[-84.18199,35.57062]]},"properties":{"net":"out","o":7}},{"type":"Feature","geometry":{"type":"LineString","coordinates":[[-84.20063,35.60308],[-84.20113,35.60306],[-84.20167,35.60256],[-84.20185,35.60224]]},"properties":{"net":"out","o":5}},{"type":"Feature","geometry":{"type":"LineString","coordinates":[[-84.18838,35.58567],[-84.18843,35.58634],[-84.18876,35.58658],[-84.18891,35.5869],[-84.18989,35.58769],[-84.19015,35.58802]]},"properties":{"net":"out","o":7}},{"type":"Feature","geometry":{"type":"LineString","coordinates":[[-84.19431,35.61104],[-84.19443,35.61093],[-84.19441,35.60999],[-84.19487,35.60957],[-84.1962,35.60951],[-84.19627,35.60944]]},"properties":{"net":"out","o":5}},{"type":"Feature","geometry":{"type":"LineString","coordinates":[[-84.19229,35.6121],[-84.19275,35.61179]]},"properties":{"net":"out","o":5}},{"type":"Feature","geometry":{"type":"LineString","coordinates":[[-84.19214,35.6121],[-84.19229,35.6121]]},"properties":{"net":"out","o":5}},{"type":"Feature","geometry":{"type":"LineString","coordinates":[[-84.18538,35.60629],[-84.18566,35.6065],[-84.18619,35.60727],[-84.1868,35.60771],[-84.18738,35.60794],[-84.18776,35.60825],[-84.18778,35.60857],[-84.18685,35.60934],[-84.18693,35.60977],[-84.18739,35.61011],[-84.18807,35.61033],[-84.18942,35.61147],[-84.19,35.61151],[-84.1904,35.61137]]},"properties":{"net":"out","o":5}},{"type":"Feature","geometry":{"type":"LineString","coordinates":[[-84.10097,35.42453],[-84.10235,35.42401],[-84.10292,35.42395],[-84.10343,35.42439],[-84.10382,35.42492],[-84.10547,35.42586],[-84.10615,35.42692],[-84.10657,35.42722],[-84.10793,35.42741]]},"properties":{"net":"out","o":4}},{"type":"Feature","geometry":{"type":"LineString","coordinates":[[-83.82521,35.32311],[-83.82432,35.32258],[-83.82357,35.32264],[-83.82278,35.32305],[-83.82211,35.32319],[-83.8216,35.32319],[-83.82054,35.3236],[-83.81988,35.32354],[-83.81737,35.32495]]},"properties":{"net":"NC3038","o":1}},{"type":"Feature","geometry":{"type":"LineString","coordinates":[[-84.15229,35.53484],[-84.15297,35.53551],[-84.15386,35.53564]]},"properties":{"net":"out","o":4}},{"type":"Feature","geometry":{"type":"LineString","coordinates":[[-84.20053,35.33915],[-84.20053,35.3385],[-84.20065,35.33832],[-84.20128,35.33775],[-84.20171,35.33759],[-84.2025,35.33697],[-84.20356,35.33693],[-84.20387,35.33702],[-84.20489,35.33702],[-84.20539,35.33732],[-84.20575,35.3381]]},"properties":{"net":"out","o":5}},{"type":"Feature","geometry":{"type":"LineString","coordinates":[[-84.20519,35.42027],[-84.2065,35.42092],[-84.20708,35.42146],[-84.20766,35.42227],[-84.20795,35.42236],[-84.20856,35.42235],[-84.20891,35.42212],[-84.20882,35.42109],[-84.20905,35.42075],[-84.20983,35.42026],[-84.21076,35.41923],[-84.21185,35.41891],[-84.2132,35.41801],[-84.21349,35.41806],[-84.21366,35.41823],[-84.214,35.41903],[-84.2145,35.41945],[-84.21485,35.4202],[-84.21603,35.42059]]},"properties":{"net":"out","o":4}},{"type":"Feature","geometry":{"type":"LineString","coordinates":[[-84.17278,35.55715],[-84.17638,35.55975],[-84.17761,35.56215],[-84.17893,35.56701]]},"properties":{"net":"out","o":4}},{"type":"Feature","geometry":{"type":"LineString","coordinates":[[-84.15772,35.54346],[-84.1587,35.54428],[-84.15887,35.54478],[-84.15947,35.54523],[-84.15976,35.54565],[-84.15979,35.54604],[-84.16002,35.54625],[-84.16013,35.54657],[-84.16104,35.54765],[-84.16141,35.54792],[-84.16153,35.54826]]},"properties":{"net":"out","o":4}},{"type":"Feature","geometry":{"type":"LineString","coordinates":[[-83.84367,35.33071],[-83.84218,35.33151],[-83.84065,35.33205],[-83.83985,35.33246]]},"properties":{"net":"NC3038","o":1}},{"type":"Feature","geometry":{"type":"LineString","coordinates":[[-83.82558,35.33873],[-83.82595,35.33828],[-83.82646,35.33798],[-83.82713,35.33737],[-83.82768,35.33706],[-83.82861,35.33627]]},"properties":{"net":"NC3038","o":5}},{"type":"Feature","geometry":{"type":"LineString","coordinates":[[-83.83291,35.35714],[-83.83291,35.35617],[-83.83311,35.35574],[-83.83461,35.35488],[-83.8349,35.35427],[-83.83569,35.3534],[-83.83622,35.35223]]},"properties":{"net":"NC3038","o":1}},{"type":"Feature","geometry":{"type":"LineString","coordinates":[[-83.83275,35.36375],[-83.83292,35.3636],[-83.83375,35.36357],[-83.835,35.36446],[-83.83605,35.36445]]},"properties":{"net":"NC3038","o":4}},{"type":"Feature","geometry":{"type":"LineString","coordinates":[[-83.82872,35.36746],[-83.82864,35.36717],[-83.82878,35.36607]]},"properties":{"net":"NC3038","o":2}},{"type":"Feature","geometry":{"type":"LineString","coordinates":[[-83.82312,35.36342],[-83.82414,35.36337],[-83.82489,35.36349],[-83.82558,35.36389],[-83.82615,35.36387],[-83.827,35.3634],[-83.82779,35.36337],[-83.82834,35.36371],[-83.82906,35.3639]]},"properties":{"net":"NC3038","o":4}},{"type":"Feature","geometry":{"type":"LineString","coordinates":[[-83.82158,35.35554],[-83.82212,35.35542],[-83.82404,35.35529],[-83.82507,35.35467],[-83.82588,35.35447]]},"properties":{"net":"NC3038","o":1}},{"type":"Feature","geometry":{"type":"LineString","coordinates":[[-84.15048,35.55698],[-84.1518,35.55801]]},"properties":{"net":"out","o":7}},{"type":"Feature","geometry":{"type":"LineString","coordinates":[[-84.14823,35.54834],[-84.14889,35.54979],[-84.14891,35.55009]]},"properties":{"net":"out","o":7}},{"type":"Feature","geometry":{"type":"LineString","coordinates":[[-84.13958,35.56699],[-84.14152,35.56519]]},"properties":{"net":"out","o":7}},{"type":"Feature","geometry":{"type":"LineString","coordinates":[[-83.82506,35.59207],[-83.82561,35.59158],[-83.82592,35.59167]]},"properties":{"net":"out","o":4}},{"type":"Feature","geometry":{"type":"LineString","coordinates":[[-84.0078,35.50222],[-84.00696,35.50266]]},"properties":{"net":"out","o":4}},{"type":"Feature","geometry":{"type":"LineString","coordinates":[[-84.00492,35.50645],[-84.00571,35.50729]]},"properties":{"net":"out","o":7}},{"type":"Feature","geometry":{"type":"LineString","coordinates":[[-83.97612,35.34799],[-83.97526,35.3479],[-83.97459,35.34755],[-83.97305,35.34718],[-83.9723,35.34669]]},"properties":{"net":"NC3217","o":4}},{"type":"Feature","geometry":{"type":"LineString","coordinates":[[-84.0881,35.67624],[-84.08843,35.67639],[-84.08879,35.67703],[-84.08901,35.67708],[-84.08932,35.67675],[-84.08999,35.67667],[-84.09017,35.67656],[-84.09019,35.67631],[-84.08991,35.67589],[-84.09046,35.67593],[-84.09103,35.67582],[-84.09187,35.67627],[-84.09292,35.67701],[-84.09327,35.67699],[-84.0933,35.67663],[-84.09338,35.67654],[-84.09361,35.67661],[-84.09386,35.67676],[-84.09417,35.67723],[-84.09447,35.67736],[-84.09514,35.67682],[-84.09509,35.67657],[-84.09477,35.67618],[-84.09482,35.67608],[-84.09602,35.6758],[-84.09635,35.67558],[-84.09661,35.67565],[-84.09712,35.67643],[-84.0974,35.67644],[-84.09735,35.67554],[-84.09782,35.67495],[-84.09741,35.67468],[-84.09738,35.67458],[-84.09753,35.6744],[-84.09789,35.67435],[-84.09822,35.67442],[-84.09886,35.67521],[-84.09939,35.67549],[-84.09962,35.67551],[-84.09987,35.6754],[-84.10037,35.67478],[-84.1007,35.67478],[-84.10103,35.67526],[-84.10109,35.67563],[-84.10136,35.67568],[-84.10231,35.67634]]},"properties":{"net":"out","o":5}},{"type":"Feature","geometry":{"type":"LineString","coordinates":[[-84.24292,35.50641],[-84.24293,35.50645]]},"properties":{"net":"out","o":5}},{"type":"Feature","geometry":{"type":"LineString","coordinates":[[-84.24132,35.51111],[-84.24091,35.5113],[-84.24055,35.51131],[-84.24028,35.51118]]},"properties":{"net":"out","o":5}},{"type":"Feature","geometry":{"type":"LineString","coordinates":[[-84.23995,35.50943],[-84.23974,35.50912]]},"properties":{"net":"out","o":5}},{"type":"Feature","geometry":{"type":"LineString","coordinates":[[-84.23249,35.50991],[-84.23133,35.51074],[-84.23068,35.51098],[-84.22831,35.51116],[-84.22756,35.51112]]},"properties":{"net":"out","o":5}},{"type":"Feature","geometry":{"type":"LineString","coordinates":[[-84.22366,35.5158],[-84.22286,35.51565],[-84.22227,35.51536]]},"properties":{"net":"out","o":5}},{"type":"Feature","geometry":{"type":"LineString","coordinates":[[-84.04992,35.54589],[-84.05042,35.54589],[-84.05105,35.54612],[-84.05261,35.54634],[-84.05341,35.54635],[-84.0549,35.54614],[-84.05603,35.54584],[-84.057,35.5458],[-84.05831,35.54553],[-84.05963,35.54548],[-84.06061,35.54561],[-84.06282,35.54559]]},"properties":{"net":"out","o":7}},{"type":"Feature","geometry":{"type":"LineString","coordinates":[[-84.06663,35.59621],[-84.06727,35.59621],[-84.06741,35.59592],[-84.06778,35.5957],[-84.0682,35.59519],[-84.06857,35.59448],[-84.06862,35.59395],[-84.06893,35.59367],[-84.06885,35.5935],[-84.06895,35.59326],[-84.06885,35.59311],[-84.06897,35.593],[-84.07148,35.59213],[-84.07424,35.59157],[-84.07481,35.59125],[-84.07529,35.59122],[-84.07568,35.59108]]},"properties":{"net":"out","o":4}},{"type":"Feature","geometry":{"type":"LineString","coordinates":[[-84.22554,35.56362],[-84.22557,35.56449],[-84.22587,35.56571],[-84.22614,35.56591],[-84.22644,35.56637],[-84.22723,35.56695],[-84.22737,35.56716],[-84.22741,35.56772]]},"properties":{"net":"out","o":5}},{"type":"Feature","geometry":{"type":"LineString","coordinates":[[-84.22549,35.56295],[-84.22554,35.56362]]},"properties":{"net":"out","o":5}},{"type":"Feature","geometry":{"type":"LineString","coordinates":[[-84.09582,35.54442],[-84.09568,35.54491],[-84.0957,35.54522]]},"properties":{"net":"out","o":4}},{"type":"Feature","geometry":{"type":"LineString","coordinates":[[-84.03129,35.54586],[-84.03314,35.54476]]},"properties":{"net":"out","o":7}},{"type":"Feature","geometry":{"type":"LineString","coordinates":[[-84.0248,35.54808],[-84.02591,35.5482],[-84.02737,35.54812]]},"properties":{"net":"out","o":7}},{"type":"Feature","geometry":{"type":"LineString","coordinates":[[-84.06805,35.62977],[-84.06807,35.62957],[-84.06761,35.62844],[-84.06643,35.62758],[-84.06637,35.62749],[-84.06642,35.62736],[-84.06675,35.6273],[-84.06789,35.6275],[-84.06894,35.62721],[-84.06937,35.6272],[-84.0697,35.62739],[-84.07008,35.62822],[-84.07032,35.6284],[-84.07064,35.62842],[-84.07101,35.62827],[-84.07118,35.62797],[-84.07115,35.62771],[-84.07079,35.62703],[-84.07098,35.6268]]},"properties":{"net":"out","o":5}},{"type":"Feature","geometry":{"type":"LineString","coordinates":[[-84.07797,35.59026],[-84.0786,35.59005]]},"properties":{"net":"out","o":4}},{"type":"Feature","geometry":{"type":"LineString","coordinates":[[-84.09644,35.60614],[-84.09639,35.60607]]},"properties":{"net":"out","o":5}},{"type":"Feature","geometry":{"type":"LineString","coordinates":[[-84.08458,35.61079],[-84.08491,35.61049],[-84.08601,35.61044],[-84.08767,35.61077],[-84.08923,35.61092],[-84.09004,35.61114],[-84.0903,35.61113],[-84.09043,35.61101],[-84.0904,35.61058],[-84.08833,35.60868],[-84.08792,35.60769],[-84.08793,35.60726]]},"properties":{"net":"out","o":5}},{"type":"Feature","geometry":{"type":"LineString","coordinates":[[-84.08786,35.61517],[-84.08798,35.61505],[-84.08813,35.61458],[-84.08813,35.61393],[-84.08722,35.61342],[-84.08659,35.61266],[-84.08591,35.61236],[-84.08579,35.61186],[-84.08482,35.61121],[-84.08458,35.61079]]},"properties":{"net":"out","o":5}},{"type":"Feature","geometry":{"type":"LineString","coordinates":[[-84.0794,35.61345],[-84.07959,35.61265]]},"properties":{"net":"out","o":5}},{"type":"Feature","geometry":{"type":"LineString","coordinates":[[-84.07602,35.62682],[-84.07648,35.62664],[-84.07698,35.62668],[-84.07809,35.628],[-84.07827,35.62808],[-84.07866,35.628],[-84.07897,35.62768],[-84.07902,35.62752],[-84.07892,35.62715],[-84.07838,35.62622],[-84.07851,35.62568],[-84.07869,35.62547],[-84.07902,35.6253],[-84.07937,35.62532],[-84.08055,35.62626],[-84.08086,35.62635],[-84.08103,35.6262],[-84.08107,35.626],[-84.08063,35.62467],[-84.08071,35.62451],[-84.08121,35.62446],[-84.08204,35.62467],[-84.08234,35.62464],[-84.08255,35.62459],[-84.08344,35.62396]]},"properties":{"net":"out","o":5}},{"type":"Feature","geometry":{"type":"LineString","coordinates":[[-84.01124,35.49565],[-84.0116,35.49663],[-84.01161,35.497],[-84.01121,35.49732],[-84.01146,35.49886]]},"properties":{"net":"out","o":4}},{"type":"Feature","geometry":{"type":"LineString","coordinates":[[-84.05524,35.64667],[-84.05504,35.64588],[-84.055,35.64531],[-84.05507,35.64471],[-84.05534,35.64389]]},"properties":{"net":"out","o":4}},{"type":"Feature","geometry":{"type":"LineString","coordinates":[[-84.05381,35.6565],[-84.05468,35.65611],[-84.05487,35.65595],[-84.05504,35.6561],[-84.05535,35.65602],[-84.05555,35.65587],[-84.05563,35.6556],[-84.05625,35.65533]]},"properties":{"net":"out","o":4}},{"type":"Feature","geometry":{"type":"LineString","coordinates":[[-84.11534,35.47831],[-84.11554,35.47855],[-84.11682,35.47929],[-84.11982,35.48144],[-84.12045,35.48231],[-84.12197,35.48329]]},"properties":{"net":"out","o":4}},{"type":"Feature","geometry":{"type":"LineString","coordinates":[[-84.03788,35.54256],[-84.04004,35.54194],[-84.04159,35.54199],[-84.04279,35.54227]]},"properties":{"net":"out","o":7}},{"type":"Feature","geometry":{"type":"LineString","coordinates":[[-84.08446,35.4096],[-84.08525,35.40916],[-84.08573,35.40925],[-84.08582,35.40939],[-84.08576,35.41007],[-84.08583,35.4105]]},"properties":{"net":"out","o":4}},{"type":"Feature","geometry":{"type":"LineString","coordinates":[[-84.0761,35.39403],[-84.07571,35.39404],[-84.07505,35.39455],[-84.07491,35.39484],[-84.07503,35.39524],[-84.07532,35.39569],[-84.07611,35.39663],[-84.07611,35.39695],[-84.07568,35.39741],[-84.07486,35.39778],[-84.07451,35.39809]]},"properties":{"net":"out","o":4}},{"type":"Feature","geometry":{"type":"LineString","coordinates":[[-84.0841,35.67804],[-84.0847,35.6775],[-84.08496,35.67773],[-84.08497,35.67842],[-84.08509,35.6785],[-84.08531,35.67843],[-84.08557,35.67824],[-84.08571,35.67795],[-84.08645,35.67752],[-84.08686,35.67739],[-84.08697,35.67711],[-84.08772,35.6771],[-84.08794,35.67645],[-84.0881,35.67624]]},"properties":{"net":"out","o":5}},{"type":"Feature","geometry":{"type":"LineString","coordinates":[[-84.04573,35.63682],[-84.04607,35.63641],[-84.04581,35.63531],[-84.04597,35.63511],[-84.04712,35.63496],[-84.04778,35.63544],[-84.04817,35.63604],[-84.049,35.63592],[-84.04906,35.6355],[-84.04839,35.63451],[-84.04831,35.63426],[-84.04841,35.63397],[-84.04876,35.6335],[-84.04888,35.63344],[-84.04911,35.63351]]},"properties":{"net":"out","o":5}},{"type":"Feature","geometry":{"type":"LineString","coordinates":[[-84.03733,35.64156],[-84.03776,35.64132],[-84.03812,35.64098],[-84.03812,35.64074],[-84.03794,35.64024],[-84.0381,35.63991],[-84.03838,35.63989],[-84.03908,35.6404],[-84.03936,35.64049],[-84.03952,35.64037],[-84.0397,35.63978]]},"properties":{"net":"out","o":4}},{"type":"Feature","geometry":{"type":"LineString","coordinates":[[-84.03239,35.34785],[-84.03099,35.34806],[-84.0291,35.3478],[-84.02827,35.34789],[-84.02717,35.34752]]},"properties":{"net":"sm756023","o":1}},{"type":"Feature","geometry":{"type":"LineString","coordinates":[[-83.89681,35.3859],[-83.8972,35.385],[-83.8969,35.38417],[-83.89695,35.38335],[-83.89701,35.38314],[-83.89748,35.38259]]},"properties":{"net":"NC3038","o":1}},{"type":"Feature","geometry":{"type":"LineString","coordinates":[[-83.89801,35.37469],[-83.89699,35.37493],[-83.89578,35.37547],[-83.89501,35.37556],[-83.8944,35.3755],[-83.89326,35.37557]]},"properties":{"net":"NC3038","o":1}},{"type":"Feature","geometry":{"type":"LineString","coordinates":[[-83.89303,35.3776],[-83.89292,35.37747],[-83.89289,35.377],[-83.89275,35.3769]]},"properties":{"net":"NC3038","o":1}},{"type":"Feature","geometry":{"type":"LineString","coordinates":[[-83.88675,35.40902],[-83.88695,35.40952],[-83.88769,35.41072],[-83.88904,35.41193],[-83.88906,35.41229],[-83.8889,35.41323],[-83.88885,35.41489]]},"properties":{"net":"out","o":6}},{"type":"Feature","geometry":{"type":"LineString","coordinates":[[-83.89543,35.42441],[-83.89582,35.42497],[-83.8961,35.42518],[-83.89677,35.4254],[-83.89748,35.42548]]},"properties":{"net":"out","o":6}},{"type":"Feature","geometry":{"type":"LineString","coordinates":[[-83.89196,35.4209],[-83.89308,35.42137]]},"properties":{"net":"out","o":6}},{"type":"Feature","geometry":{"type":"LineString","coordinates":[[-83.9025,35.44383],[-83.90219,35.44377],[-83.90134,35.44395],[-83.89975,35.44463],[-83.89846,35.4449],[-83.89764,35.44484],[-83.89315,35.44508]]},"properties":{"net":"NC3039","o":1}},{"type":"Feature","geometry":{"type":"LineString","coordinates":[[-83.97959,35.64764],[-83.98136,35.64723]]},"properties":{"net":"out","o":4}},{"type":"Feature","geometry":{"type":"LineString","coordinates":[[-83.91547,35.33187],[-83.91498,35.33136],[-83.91464,35.33077],[-83.91398,35.33023],[-83.91359,35.32942],[-83.91348,35.32866],[-83.91333,35.32832]]},"properties":{"net":"NC3038","o":1}},{"type":"Feature","geometry":{"type":"LineString","coordinates":[[-83.91593,35.30969],[-83.91425,35.30934],[-83.91272,35.30968]]},"properties":{"net":"NC3038","o":3}},{"type":"Feature","geometry":{"type":"LineString","coordinates":[[-83.91333,35.32832],[-83.91246,35.32792],[-83.91212,35.32764]]},"properties":{"net":"NC3038","o":2}},{"type":"Feature","geometry":{"type":"LineString","coordinates":[[-83.90765,35.31665],[-83.90838,35.31823],[-83.90836,35.31845],[-83.90816,35.31867],[-83.90758,35.31861],[-83.9056,35.31782],[-83.90507,35.31777],[-83.90449,35.31791]]},"properties":{"net":"NC3038","o":4}},{"type":"Feature","geometry":{"type":"LineString","coordinates":[[-83.92215,35.34428],[-83.92074,35.34474],[-83.91934,35.34494],[-83.91854,35.34493],[-83.9181,35.34481],[-83.91748,35.34487],[-83.91719,35.3451],[-83.91711,35.34528],[-83.91712,35.34615],[-83.91687,35.34637],[-83.91652,35.34639],[-83.91591,35.34583],[-83.91548,35.3452],[-83.91478,35.34465],[-83.91323,35.34385],[-83.91175,35.34333],[-83.91101,35.34282],[-83.91026,35.34195],[-83.90956,35.34133],[-83.90921,35.34073]]},"properties":{"net":"NC3217","o":4}},{"type":"Feature","geometry":{"type":"LineString","coordinates":[[-83.90879,35.34021],[-83.90835,35.33971],[-83.90801,35.33958],[-83.9075,35.33959],[-83.90693,35.33986],[-83.90675,35.34007],[-83.90664,35.34044],[-83.90675,35.34223]]},"properties":{"net":"NC3217","o":4}},{"type":"Feature","geometry":{"type":"LineString","coordinates":[[-83.90921,35.36762],[-83.90903,35.36767],[-83.90866,35.36804],[-83.90872,35.36902],[-83.90881,35.36908],[-83.909,35.37005]]},"properties":{"net":"NC3038","o":5}},{"type":"Feature","geometry":{"type":"LineString","coordinates":[[-83.89874,35.60645],[-83.89876,35.60679],[-83.8989,35.60713],[-83.89922,35.6075],[-83.89949,35.60758]]},"properties":{"net":"out","o":5}},{"type":"Feature","geometry":{"type":"LineString","coordinates":[[-83.89044,35.45287],[-83.89034,35.45319],[-83.89011,35.45347],[-83.88888,35.45443],[-83.88759,35.45443]]},"properties":{"net":"NC3039","o":1}},{"type":"Feature","geometry":{"type":"LineString","coordinates":[[-83.89919,35.47078],[-83.89901,35.4702],[-83.89905,35.4697],[-83.89925,35.46923],[-83.8995,35.46811],[-83.89973,35.46761],[-83.90103,35.46644]]},"properties":{"net":"NC3039","o":2}},{"type":"Feature","geometry":{"type":"LineString","coordinates":[[-83.89927,35.46146],[-83.89857,35.46279]]},"properties":{"net":"NC3039","o":1}},{"type":"Feature","geometry":{"type":"LineString","coordinates":[[-83.89857,35.46279],[-83.89991,35.46353]]},"properties":{"net":"NC3039","o":7}},{"type":"Feature","geometry":{"type":"LineString","coordinates":[[-83.89661,35.4621],[-83.89857,35.46279]]},"properties":{"net":"NC3039","o":7}},{"type":"Feature","geometry":{"type":"LineString","coordinates":[[-83.8926,35.47862],[-83.89304,35.47769],[-83.89358,35.47722],[-83.89452,35.47679],[-83.89569,35.47682],[-83.89633,35.47655],[-83.89676,35.4762],[-83.89828,35.47535],[-83.89879,35.47458],[-83.89916,35.47421],[-83.89962,35.47398],[-83.89973,35.4738]]},"properties":{"net":"NC3039","o":1}},{"type":"Feature","geometry":{"type":"LineString","coordinates":[[-83.89111,35.46497],[-83.89076,35.46468],[-83.89009,35.46356],[-83.88993,35.4635],[-83.88994,35.46332]]},"properties":{"net":"NC3039","o":1}},{"type":"Feature","geometry":{"type":"LineString","coordinates":[[-83.88794,35.48579],[-83.88754,35.48609],[-83.88731,35.48644],[-83.88699,35.48726],[-83.88663,35.48778],[-83.88652,35.48851],[-83.88634,35.48868],[-83.88585,35.48879]]},"properties":{"net":"NC3039","o":1}},{"type":"Feature","geometry":{"type":"LineString","coordinates":[[-83.94918,35.29132],[-83.94756,35.2907],[-83.94513,35.29016],[-83.94312,35.28874]]},"properties":{"net":"NC3038","o":1}},{"type":"Feature","geometry":{"type":"LineString","coordinates":[[-83.94454,35.30555],[-83.944,35.30582],[-83.94381,35.30605],[-83.942,35.30696]]},"properties":{"net":"NC3038","o":1}},{"type":"Feature","geometry":{"type":"LineString","coordinates":[[-83.94542,35.30803],[-83.94468,35.30806],[-83.9443,35.30795],[-83.94299,35.30731],[-83.942,35.30696]]},"properties":{"net":"NC3038","o":1}},{"type":"Feature","geometry":{"type":"LineString","coordinates":[[-83.97019,35.30963],[-83.97066,35.30899],[-83.97031,35.30847],[-83.97027,35.30744],[-83.97013,35.30711]]},"properties":{"net":"NC3038","o":1}},{"type":"Feature","geometry":{"type":"LineString","coordinates":[[-83.99133,35.47782],[-83.99086,35.4781],[-83.99026,35.47869],[-83.9897,35.4788]]},"properties":{"net":"out","o":4}},{"type":"Feature","geometry":{"type":"LineString","coordinates":[[-83.97313,35.50129],[-83.97508,35.50104],[-83.97571,35.50047],[-83.97703,35.49861],[-83.97836,35.49606],[-83.97929,35.49381],[-83.97963,35.4927]]},"properties":{"net":"out","o":7}},{"type":"Feature","geometry":{"type":"LineString","coordinates":[[-83.9639,35.30982],[-83.96486,35.30885],[-83.96566,35.30836],[-83.96662,35.30739],[-83.96809,35.30654],[-83.96892,35.30591]]},"properties":{"net":"NC3038","o":1}},{"type":"Feature","geometry":{"type":"LineString","coordinates":[[-83.96324,35.29337],[-83.96341,35.29414],[-83.964,35.29493],[-83.96474,35.29539],[-83.96623,35.29663],[-83.96686,35.29693],[-83.96715,35.29735]]},"properties":{"net":"NC3038","o":1}},{"type":"Feature","geometry":{"type":"LineString","coordinates":[[-83.95918,35.2983],[-83.95835,35.29895],[-83.95776,35.29921],[-83.95723,35.29922],[-83.95673,35.29907],[-83.95654,35.29912],[-83.95619,35.29958],[-83.95574,35.2999],[-83.95495,35.30031],[-83.95408,35.30059]]},"properties":{"net":"NC3038","o":3}},{"type":"Feature","geometry":{"type":"LineString","coordinates":[[-83.95342,35.29495],[-83.95271,35.2954],[-83.9523,35.29601],[-83.9518,35.29717],[-83.95106,35.29773],[-83.95039,35.29796]]},"properties":{"net":"NC3038","o":1}},{"type":"Feature","geometry":{"type":"LineString","coordinates":[[-83.9596,35.46397],[-83.96033,35.46372],[-83.96161,35.46363]]},"properties":{"net":"out","o":7}},{"type":"Feature","geometry":{"type":"LineString","coordinates":[[-83.90451,35.27353],[-83.90412,35.27368],[-83.904,35.27386]]},"properties":{"net":"NC6264","o":4}},{"type":"Feature","geometry":{"type":"LineString","coordinates":[[-83.89947,35.32987],[-83.89844,35.33001]]},"properties":{"net":"NC3038","o":2}},{"type":"Feature","geometry":{"type":"LineString","coordinates":[[-83.89795,35.32975],[-83.89756,35.33008],[-83.8969,35.33011],[-83.89601,35.32996],[-83.89587,35.32986]]},"properties":{"net":"NC3038","o":4}},{"type":"Feature","geometry":{"type":"LineString","coordinates":[[-83.92646,35.45194],[-83.9274,35.45105]]},"properties":{"net":"NC3039","o":7}},{"type":"Feature","geometry":{"type":"LineString","coordinates":[[-83.92203,35.45474],[-83.92233,35.45474],[-83.92315,35.45548]]},"properties":{"net":"NC3039","o":1}},{"type":"Feature","geometry":{"type":"LineString","coordinates":[[-83.92729,35.46291],[-83.92651,35.46255],[-83.92518,35.46216]]},"properties":{"net":"NC3090","o":4}},{"type":"Feature","geometry":{"type":"LineString","coordinates":[[-83.92398,35.46121],[-83.92382,35.4611],[-83.92379,35.4609],[-83.92303,35.46028]]},"properties":{"net":"NC3039","o":4}},{"type":"Feature","geometry":{"type":"LineString","coordinates":[[-83.95353,35.46061],[-83.95408,35.46102],[-83.9552,35.46227],[-83.95618,35.46309],[-83.95756,35.46373],[-83.9596,35.46397]]},"properties":{"net":"out","o":7}},{"type":"Feature","geometry":{"type":"LineString","coordinates":[[-83.95276,35.4769],[-83.95206,35.47736],[-83.95056,35.47804]]},"properties":{"net":"out","o":7}},{"type":"Feature","geometry":{"type":"LineString","coordinates":[[-83.9495,35.45721],[-83.95091,35.45816],[-83.95275,35.45964]]},"properties":{"net":"out","o":7}},{"type":"Feature","geometry":{"type":"LineString","coordinates":[[-83.96675,35.49635],[-83.96753,35.49693]]},"properties":{"net":"out","o":7}},{"type":"Feature","geometry":{"type":"LineString","coordinates":[[-83.94746,35.23277],[-83.94672,35.23233],[-83.94641,35.23237],[-83.94588,35.23266],[-83.94538,35.23269]]},"properties":{"net":"NC6264","o":4}},{"type":"Feature","geometry":{"type":"LineString","coordinates":[[-83.91993,35.24392],[-83.91953,35.244],[-83.91877,35.24393],[-83.91684,35.2431],[-83.91645,35.24282],[-83.91609,35.24234],[-83.91524,35.24166],[-83.91394,35.24119],[-83.91282,35.24062],[-83.91252,35.24068]]},"properties":{"net":"NC6264","o":4}},{"type":"Feature","geometry":{"type":"LineString","coordinates":[[-83.91152,35.24293],[-83.9111,35.2432],[-83.91054,35.24376]]},"properties":{"net":"NC6264","o":4}},{"type":"Feature","geometry":{"type":"LineString","coordinates":[[-83.88755,35.32838],[-83.88733,35.32851]]},"properties":{"net":"NC3038","o":1}},{"type":"Feature","geometry":{"type":"LineString","coordinates":[[-83.96704,35.22618],[-83.96675,35.22577],[-83.96644,35.22557],[-83.96583,35.22546],[-83.96525,35.22548],[-83.96477,35.22519],[-83.96314,35.22553],[-83.96289,35.22552],[-83.96252,35.22532],[-83.96227,35.22535]]},"properties":{"net":"NC6264","o":4}},{"type":"Feature","geometry":{"type":"LineString","coordinates":[[-83.92729,35.47214],[-83.92647,35.47222],[-83.92615,35.47215],[-83.92578,35.47175],[-83.92574,35.47128],[-83.92563,35.4711],[-83.92471,35.47062],[-83.92396,35.47065],[-83.92232,35.47048]]},"properties":{"net":"NC3039","o":1}},{"type":"Feature","geometry":{"type":"LineString","coordinates":[[-83.96845,35.4983],[-83.96939,35.49896]]},"properties":{"net":"out","o":7}},{"type":"Feature","geometry":{"type":"LineString","coordinates":[[-83.88684,35.32459],[-83.88813,35.32628],[-83.88807,35.32676],[-83.88764,35.32768],[-83.88764,35.32817],[-83.88755,35.32838]]},"properties":{"net":"NC3038","o":1}},{"type":"Feature","geometry":{"type":"LineString","coordinates":[[-83.88659,35.32117],[-83.88708,35.32139],[-83.8892,35.32141],[-83.89016,35.32164],[-83.89174,35.32178],[-83.89217,35.32193],[-83.89279,35.32234],[-83.89337,35.32242]]},"properties":{"net":"NC3038","o":1}},{"type":"Feature","geometry":{"type":"LineString","coordinates":[[-83.88733,35.32851],[-83.88697,35.32838],[-83.88653,35.3284],[-83.88632,35.32858],[-83.8861,35.33],[-83.88523,35.33094],[-83.88451,35.33147],[-83.88421,35.33152]]},"properties":{"net":"NC3038","o":4}},{"type":"Feature","geometry":{"type":"LineString","coordinates":[[-83.8926,35.34721],[-83.89323,35.34602],[-83.89288,35.34549],[-83.89234,35.34519],[-83.89189,35.34472],[-83.89133,35.34433],[-83.89048,35.344],[-83.8899,35.34392]]},"properties":{"net":"NC3038","o":1}},{"type":"Feature","geometry":{"type":"LineString","coordinates":[[-83.88753,35.36054],[-83.88726,35.36052]]},"properties":{"net":"NC3038","o":2}},{"type":"Feature","geometry":{"type":"LineString","coordinates":[[-83.92355,35.47342],[-83.92331,35.47251],[-83.92254,35.47136],[-83.92243,35.47062],[-83.92232,35.47048]]},"properties":{"net":"NC3039","o":1}},{"type":"Feature","geometry":{"type":"LineString","coordinates":[[-83.91988,35.46655],[-83.9197,35.46544],[-83.91978,35.4651],[-83.92003,35.4647],[-83.92002,35.46434]]},"properties":{"net":"NC3039","o":3}},{"type":"Feature","geometry":{"type":"LineString","coordinates":[[-83.91951,35.47177],[-83.91997,35.4716]]},"properties":{"net":"NC3039","o":1}},{"type":"Feature","geometry":{"type":"LineString","coordinates":[[-83.91169,35.469],[-83.91115,35.46891]]},"properties":{"net":"NC3039","o":2}},{"type":"Feature","geometry":{"type":"LineString","coordinates":[[-83.90901,35.46628],[-83.90967,35.46632]]},"properties":{"net":"NC3039","o":7}},{"type":"Feature","geometry":{"type":"LineString","coordinates":[[-83.90571,35.59293],[-83.90558,35.59331],[-83.90599,35.59428],[-83.90558,35.5947],[-83.90438,35.59462],[-83.90411,35.59446],[-83.90304,35.59416],[-83.90245,35.59428],[-83.90254,35.5948],[-83.90282,35.59519],[-83.90313,35.59533],[-83.90339,35.59528],[-83.90375,35.5955],[-83.90393,35.59587],[-83.90368,35.5962]]},"properties":{"net":"out","o":4}},{"type":"Feature","geometry":{"type":"LineString","coordinates":[[-83.94551,35.25887],[-83.94549,35.25905],[-83.9458,35.25977],[-83.94595,35.26052],[-83.94474,35.26222],[-83.94393,35.26286],[-83.94346,35.26308],[-83.94194,35.26349],[-83.94089,35.2636],[-83.93983,35.26426]]},"properties":{"net":"NC6264","o":4}},{"type":"Feature","geometry":{"type":"LineString","coordinates":[[-83.93787,35.26487],[-83.93677,35.2652],[-83.93559,35.26537],[-83.93417,35.26597],[-83.93345,35.26608],[-83.93306,35.26602]]},"properties":{"net":"NC6264","o":4}},{"type":"Feature","geometry":{"type":"LineString","coordinates":[[-83.90837,35.28298],[-83.90737,35.28402],[-83.907,35.28454],[-83.90655,35.28477],[-83.90579,35.28496],[-83.90494,35.28465],[-83.90435,35.28457],[-83.90348,35.28495]]},"properties":{"net":"NC6264","o":4}},{"type":"Feature","geometry":{"type":"LineString","coordinates":[[-83.92275,35.29547],[-83.92213,35.29588],[-83.9207,35.29648],[-83.91983,35.29698],[-83.91808,35.29753]]},"properties":{"net":"NC3038","o":3}},{"type":"Feature","geometry":{"type":"LineString","coordinates":[[-83.91808,35.29753],[-83.91772,35.29777],[-83.91736,35.29816],[-83.91722,35.29881],[-83.91723,35.29919],[-83.91736,35.29978],[-83.91812,35.3008],[-83.91835,35.30143]]},"properties":{"net":"NC3038","o":3}},{"type":"Feature","geometry":{"type":"LineString","coordinates":[[-83.92108,35.33011],[-83.91813,35.32892],[-83.91634,35.32888],[-83.91519,35.32861],[-83.91381,35.3285],[-83.91333,35.32832]]},"properties":{"net":"NC3038","o":1}},{"type":"Feature","geometry":{"type":"LineString","coordinates":[[-83.89748,35.38259],[-83.89726,35.38201],[-83.89714,35.38116]]},"properties":{"net":"NC3038","o":2}},{"type":"Feature","geometry":{"type":"LineString","coordinates":[[-83.9573,35.26341],[-83.95622,35.26301],[-83.95422,35.26311]]},"properties":{"net":"NC6264","o":4}},{"type":"Feature","geometry":{"type":"LineString","coordinates":[[-83.7783,35.28907],[-83.77894,35.28954],[-83.77904,35.29016],[-83.77957,35.29044],[-83.77982,35.29069],[-83.77994,35.2914],[-83.77944,35.29199],[-83.77868,35.29238],[-83.77835,35.29276],[-83.77778,35.29458],[-83.77782,35.29484],[-83.7782,35.2952],[-83.77843,35.29579],[-83.77861,35.296],[-83.77899,35.2963],[-83.77977,35.29662],[-83.78037,35.29701],[-83.7813,35.29785],[-83.78186,35.29848],[-83.78209,35.2989],[-83.78332,35.29926],[-83.78428,35.29932],[-83.78485,35.2995]]},"properties":{"net":"NC3038","o":1}},{"type":"Feature","geometry":{"type":"LineString","coordinates":[[-83.78873,35.31892],[-83.78895,35.31924],[-83.78898,35.31945],[-83.78851,35.31978],[-83.78839,35.32002],[-83.78858,35.3202],[-83.78916,35.32015],[-83.78929,35.32026],[-83.78913,35.32119],[-83.78926,35.32202],[-83.78907,35.32251]]},"properties":{"net":"NC3038","o":4}},{"type":"Feature","geometry":{"type":"LineString","coordinates":[[-83.78432,35.32497],[-83.78462,35.32465]]},"properties":{"net":"NC3038","o":2}},{"type":"Feature","geometry":{"type":"LineString","coordinates":[[-83.78979,35.34821],[-83.78979,35.34798]]},"properties":{"net":"NC3038","o":4}},{"type":"Feature","geometry":{"type":"LineString","coordinates":[[-83.78743,35.35009],[-83.78789,35.34965],[-83.78846,35.34931],[-83.78884,35.3489],[-83.78955,35.34871]]},"properties":{"net":"NC3038","o":4}},{"type":"Feature","geometry":{"type":"LineString","coordinates":[[-83.942,35.30696],[-83.94135,35.30705],[-83.94002,35.30697],[-83.9391,35.30708],[-83.93564,35.30806],[-83.93358,35.30895],[-83.9322,35.30908]]},"properties":{"net":"NC3038","o":2}},{"type":"Feature","geometry":{"type":"LineString","coordinates":[[-83.94931,35.32575],[-83.94881,35.32517],[-83.94832,35.32433],[-83.94736,35.32358],[-83.94741,35.32244],[-83.94728,35.32208],[-83.94707,35.32187]]},"properties":{"net":"NC3038","o":1}},{"type":"Feature","geometry":{"type":"LineString","coordinates":[[-83.9433,35.31887],[-83.94247,35.31888]]},"properties":{"net":"NC3038","o":2}},{"type":"Feature","geometry":{"type":"LineString","coordinates":[[-83.9322,35.30908],[-83.93164,35.30967],[-83.93014,35.31084],[-83.92946,35.31118],[-83.92867,35.31127],[-83.92665,35.31094],[-83.92339,35.31172]]},"properties":{"net":"NC3038","o":2}},{"type":"Feature","geometry":{"type":"LineString","coordinates":[[-83.94567,35.3393],[-83.94519,35.3397],[-83.9445,35.33994],[-83.94327,35.3406]]},"properties":{"net":"NC3217","o":4}},{"type":"Feature","geometry":{"type":"LineString","coordinates":[[-83.85476,35.31011],[-83.85485,35.31014]]},"properties":{"net":"NC3038","o":2}},{"type":"Feature","geometry":{"type":"LineString","coordinates":[[-83.84888,35.31075],[-83.84908,35.31093],[-83.84918,35.31122]]},"properties":{"net":"NC3038","o":2}},{"type":"Feature","geometry":{"type":"LineString","coordinates":[[-83.94256,35.42951],[-83.94096,35.43055],[-83.94072,35.43087],[-83.94079,35.43128],[-83.94072,35.43158],[-83.94021,35.43209],[-83.93972,35.43231],[-83.93942,35.43257],[-83.93862,35.43281],[-83.9377,35.43281],[-83.93698,35.43274],[-83.93597,35.43247],[-83.93544,35.43246],[-83.93462,35.43307],[-83.93389,35.43411],[-83.93353,35.43434],[-83.93158,35.43497],[-83.93131,35.43518],[-83.93104,35.43546],[-83.93103,35.43575],[-83.9314,35.43625],[-83.93136,35.43643],[-83.93066,35.43731],[-83.93062,35.43767],[-83.93077,35.43883],[-83.9314,35.44034]]},"properties":{"net":"out","o":4}},{"type":"Feature","geometry":{"type":"LineString","coordinates":[[-83.93451,35.45536],[-83.93434,35.45495],[-83.9344,35.45428],[-83.93372,35.45384]]},"properties":{"net":"NC3039","o":1}},{"type":"Feature","geometry":{"type":"LineString","coordinates":[[-83.93549,35.45835],[-83.93483,35.45807]]},"properties":{"net":"NC3039","o":1}},{"type":"Feature","geometry":{"type":"LineString","coordinates":[[-83.93463,35.45935],[-83.93378,35.45889],[-83.93219,35.45894]]},"properties":{"net":"NC3039","o":2}},{"type":"Feature","geometry":{"type":"LineString","coordinates":[[-83.9327,35.46057],[-83.93225,35.45991],[-83.93219,35.45894]]},"properties":{"net":"NC3039","o":1}},{"type":"Feature","geometry":{"type":"LineString","coordinates":[[-83.83927,35.41191],[-83.84,35.41228],[-83.84065,35.41217],[-83.84106,35.41191],[-83.84168,35.41221],[-83.8422,35.41231],[-83.84247,35.41214],[-83.84241,35.41188],[-83.84253,35.41184],[-83.84308,35.41233],[-83.84353,35.41242],[-83.84369,35.4126],[-83.8438,35.41258],[-83.84396,35.41233],[-83.84451,35.41255],[-83.84474,35.41278],[-83.84498,35.41261],[-83.84512,35.41271],[-83.84519,35.41301],[-83.84539,35.41315],[-83.84554,35.4131]]},"properties":{"net":"out","o":4}},{"type":"Feature","geometry":{"type":"LineString","coordinates":[[-83.85534,35.45107],[-83.85819,35.45005]]},"properties":{"net":"NC3039","o":7}},{"type":"Feature","geometry":{"type":"LineString","coordinates":[[-83.84704,35.45261],[-83.84737,35.45254]]},"properties":{"net":"NC3039","o":7}},{"type":"Feature","geometry":{"type":"LineString","coordinates":[[-83.84517,35.45472],[-83.84482,35.45397]]},"properties":{"net":"NC3039","o":2}},{"type":"Feature","geometry":{"type":"LineString","coordinates":[[-83.84455,35.45316],[-83.84591,35.45295],[-83.84704,35.45261]]},"properties":{"net":"NC3039","o":7}},{"type":"Feature","geometry":{"type":"LineString","coordinates":[[-83.88652,35.4082],[-83.88675,35.40902]]},"properties":{"net":"out","o":6}},{"type":"Feature","geometry":{"type":"LineString","coordinates":[[-83.88483,35.40354],[-83.88521,35.40392],[-83.88541,35.40514],[-83.88586,35.40675],[-83.88645,35.40804]]},"properties":{"net":"out","o":6}},{"type":"Feature","geometry":{"type":"LineString","coordinates":[[-83.88052,35.40048],[-83.88097,35.40095],[-83.88135,35.40158]]},"properties":{"net":"out","o":6}},{"type":"Feature","geometry":{"type":"LineString","coordinates":[[-83.88051,35.45034],[-83.88038,35.4507],[-83.88036,35.45146],[-83.88058,35.45202],[-83.88083,35.45217],[-83.88093,35.45256],[-83.88118,35.45284],[-83.8821,35.45324],[-83.88282,35.4534],[-83.8838,35.45384]]},"properties":{"net":"NC3039","o":1}},{"type":"Feature","geometry":{"type":"LineString","coordinates":[[-83.87004,35.43648],[-83.86777,35.43672],[-83.86649,35.43673],[-83.8658,35.43688]]},"properties":{"net":"NC3039","o":1}},{"type":"Feature","geometry":{"type":"LineString","coordinates":[[-83.87791,35.46332],[-83.87805,35.46296]]},"properties":{"net":"NC3039","o":1}},{"type":"Feature","geometry":{"type":"LineString","coordinates":[[-83.87614,35.46236],[-83.87698,35.46159]]},"properties":{"net":"NC3039","o":1}},{"type":"Feature","geometry":{"type":"LineString","coordinates":[[-83.87128,35.47081],[-83.87122,35.46995],[-83.87146,35.46928],[-83.87158,35.46918],[-83.87188,35.46908],[-83.87235,35.46919],[-83.87303,35.46894],[-83.87392,35.46889],[-83.87477,35.46868],[-83.87581,35.46858],[-83.8762,35.46833],[-83.87634,35.46778],[-83.87686,35.46687],[-83.87764,35.46674],[-83.87871,35.46696],[-83.87906,35.46694],[-83.87934,35.46679]]},"properties":{"net":"NC3039","o":5}},{"type":"Feature","geometry":{"type":"LineString","coordinates":[[-83.82213,35.25306],[-83.82134,35.25417],[-83.82108,35.25485],[-83.82048,35.25563],[-83.82017,35.25624],[-83.81999,35.25684]]},"properties":{"net":"NC3038","o":1}},{"type":"Feature","geometry":{"type":"LineString","coordinates":[[-83.81931,35.28094],[-83.81948,35.28146]]},"properties":{"net":"NC3038","o":4}},{"type":"Feature","geometry":{"type":"LineString","coordinates":[[-83.81659,35.28437],[-83.81732,35.28476],[-83.81865,35.28518],[-83.8192,35.28554]]},"properties":{"net":"NC3038","o":1}},{"type":"Feature","geometry":{"type":"LineString","coordinates":[[-83.80361,35.30211],[-83.80377,35.3033],[-83.80404,35.30376],[-83.8043,35.30454]]},"properties":{"net":"NC3038","o":1}},{"type":"Feature","geometry":{"type":"LineString","coordinates":[[-83.81112,35.32946],[-83.81109,35.3295]]},"properties":{"net":"NC3038","o":4}},{"type":"Feature","geometry":{"type":"LineString","coordinates":[[-83.81198,35.32628],[-83.81152,35.32716],[-83.81095,35.32778],[-83.81089,35.32842],[-83.81117,35.32932],[-83.81112,35.32946]]},"properties":{"net":"NC3038","o":4}},{"type":"Feature","geometry":{"type":"LineString","coordinates":[[-83.78902,35.35753],[-83.7884,35.35621],[-83.78815,35.35508],[-83.78775,35.35396],[-83.78778,35.35241],[-83.78745,35.35121],[-83.78743,35.35009]]},"properties":{"net":"NC3038","o":1}},{"type":"Feature","geometry":{"type":"LineString","coordinates":[[-83.78132,35.34234],[-83.78195,35.34244],[-83.78349,35.34297],[-83.78503,35.3429],[-83.78639,35.34241],[-83.78686,35.34214],[-83.78709,35.34183],[-83.78729,35.34108],[-83.78795,35.34118]]},"properties":{"net":"NC3038","o":1}},{"type":"Feature","geometry":{"type":"LineString","coordinates":[[-83.79956,35.37379],[-83.79966,35.37302],[-83.80032,35.37209],[-83.80043,35.37147],[-83.80097,35.37061],[-83.80088,35.37004],[-83.80088,35.36836],[-83.8007,35.36765]]},"properties":{"net":"NC3038","o":1}},{"type":"Feature","geometry":{"type":"LineString","coordinates":[[-83.7811,35.3511],[-83.78177,35.35214],[-83.78205,35.35237],[-83.78258,35.35252],[-83.7831,35.35234]]},"properties":{"net":"NC3038","o":2}},{"type":"Feature","geometry":{"type":"LineString","coordinates":[[-83.84006,35.28086],[-83.84084,35.28131],[-83.8417,35.28202],[-83.84293,35.28369],[-83.84344,35.284],[-83.84442,35.28486],[-83.84468,35.28532],[-83.84471,35.28568]]},"properties":{"net":"NC3038","o":1}},{"type":"Feature","geometry":{"type":"LineString","coordinates":[[-83.84478,35.48146],[-83.84472,35.48138],[-83.84479,35.48096],[-83.84503,35.48059],[-83.84625,35.48001]]},"properties":{"net":"NC3039","o":4}},{"type":"Feature","geometry":{"type":"LineString","coordinates":[[-83.85273,35.59059],[-83.85299,35.5908]]},"properties":{"net":"out","o":4}},{"type":"Feature","geometry":{"type":"LineString","coordinates":[[-83.84404,35.58427],[-83.8442,35.58449],[-83.84478,35.58486],[-83.84511,35.58483],[-83.84581,35.58506],[-83.84626,35.5854],[-83.84647,35.58581],[-83.84775,35.58623],[-83.8486,35.58682],[-83.84894,35.58679],[-83.84908,35.58692],[-83.84912,35.58714],[-83.84943,35.58738]]},"properties":{"net":"out","o":4}},{"type":"Feature","geometry":{"type":"LineString","coordinates":[[-83.9603,35.34237],[-83.95953,35.34203],[-83.95858,35.34179],[-83.95779,35.3418]]},"properties":{"net":"NC3217","o":4}},{"type":"Feature","geometry":{"type":"LineString","coordinates":[[-83.8797,35.4861],[-83.8787,35.48631],[-83.8784,35.48653],[-83.87687,35.48681],[-83.87648,35.48716],[-83.87617,35.48759],[-83.8756,35.48782]]},"properties":{"net":"NC3039","o":1}},{"type":"Feature","geometry":{"type":"LineString","coordinates":[[-83.87972,35.48965],[-83.87924,35.48948],[-83.87913,35.48909],[-83.87895,35.48896],[-83.87817,35.48877],[-83.87788,35.48835],[-83.87762,35.48818],[-83.87654,35.48789],[-83.87611,35.48798],[-83.8756,35.48782]]},"properties":{"net":"NC3039","o":3}},{"type":"Feature","geometry":{"type":"LineString","coordinates":[[-83.88223,35.48292],[-83.88188,35.48288],[-83.88122,35.48328],[-83.88057,35.48346],[-83.87923,35.4833],[-83.87822,35.48276],[-83.87741,35.48281],[-83.87667,35.4827],[-83.87637,35.4825],[-83.87603,35.48244],[-83.87538,35.48241],[-83.87465,35.48252],[-83.87228,35.48227],[-83.87199,35.48221],[-83.87153,35.48191],[-83.87118,35.48186],[-83.87053,35.48206],[-83.8693,35.48279]]},"properties":{"net":"NC3039","o":1}},{"type":"Feature","geometry":{"type":"LineString","coordinates":[[-83.8673,35.517],[-83.86734,35.51645],[-83.86722,35.51614],[-83.86721,35.5158],[-83.86664,35.51528],[-83.86629,35.51481],[-83.8663,35.51447],[-83.86617,35.51414],[-83.8662,35.51374],[-83.86635,35.51344],[-83.86608,35.51252],[-83.86587,35.51226],[-83.866,35.51179],[-83.86655,35.51135],[-83.86742,35.51106],[-83.86826,35.51064],[-83.8686,35.51026],[-83.86934,35.51018],[-83.86986,35.5099],[-83.87026,35.5096],[-83.87067,35.509],[-83.87123,35.50874],[-83.87144,35.50832],[-83.87139,35.50822]]},"properties":{"net":"NC3039","o":1}},{"type":"Feature","geometry":{"type":"LineString","coordinates":[[-83.81235,35.33259],[-83.81231,35.33258]]},"properties":{"net":"NC3038","o":1}},{"type":"Feature","geometry":{"type":"LineString","coordinates":[[-83.80266,35.33316],[-83.80296,35.33382],[-83.80393,35.33497],[-83.80404,35.33543],[-83.80387,35.33587]]},"properties":{"net":"NC3038","o":1}},{"type":"Feature","geometry":{"type":"LineString","coordinates":[[-83.82011,35.3521],[-83.82114,35.35229],[-83.82186,35.35271],[-83.82243,35.35291]]},"properties":{"net":"NC3038","o":1}},{"type":"Feature","geometry":{"type":"LineString","coordinates":[[-83.80589,35.60141],[-83.80708,35.60127],[-83.80742,35.60102],[-83.8087,35.60099]]},"properties":{"net":"out","o":4}},{"type":"Feature","geometry":{"type":"LineString","coordinates":[[-83.81638,35.37265],[-83.81718,35.37237],[-83.81759,35.37212],[-83.81787,35.3719],[-83.81822,35.37137]]},"properties":{"net":"NC3038","o":3}},{"type":"Feature","geometry":{"type":"LineString","coordinates":[[-83.814,35.36899],[-83.81425,35.36869],[-83.81476,35.36838],[-83.81489,35.36798],[-83.81548,35.36703],[-83.81572,35.36645],[-83.8166,35.36609],[-83.81782,35.36461]]},"properties":{"net":"NC3038","o":1}},{"type":"Feature","geometry":{"type":"LineString","coordinates":[[-83.81256,35.35676],[-83.8136,35.35734],[-83.8151,35.35754],[-83.81569,35.35771],[-83.81596,35.35793],[-83.81667,35.35889]]},"properties":{"net":"NC3038","o":1}},{"type":"Feature","geometry":{"type":"LineString","coordinates":[[-83.81061,35.36503],[-83.81077,35.36473]]},"properties":{"net":"NC3038","o":2}},{"type":"Feature","geometry":{"type":"LineString","coordinates":[[-83.80441,35.35667],[-83.80518,35.35817],[-83.80641,35.35923],[-83.80717,35.36029],[-83.80876,35.36182]]},"properties":{"net":"NC3038","o":1}},{"type":"Feature","geometry":{"type":"LineString","coordinates":[[-83.83427,35.27997],[-83.83455,35.28047],[-83.83461,35.28121],[-83.83561,35.28339],[-83.83729,35.28513],[-83.83738,35.2856],[-83.83733,35.28677],[-83.83789,35.28834],[-83.83776,35.28912]]},"properties":{"net":"NC3038","o":1}},{"type":"Feature","geometry":{"type":"LineString","coordinates":[[-83.83022,35.2782],[-83.82992,35.27833],[-83.82953,35.27879],[-83.82756,35.27981],[-83.8266,35.28002]]},"properties":{"net":"NC3038","o":1}},{"type":"Feature","geometry":{"type":"LineString","coordinates":[[-83.8245,35.28641],[-83.82407,35.28583],[-83.82202,35.28485],[-83.8216,35.28476],[-83.82063,35.2848]]},"properties":{"net":"NC3038","o":1}},{"type":"Feature","geometry":{"type":"LineString","coordinates":[[-83.83685,35.29115],[-83.83659,35.29152],[-83.83615,35.29178]]},"properties":{"net":"NC3038","o":3}},{"type":"Feature","geometry":{"type":"LineString","coordinates":[[-83.8259,35.29018],[-83.82785,35.29265],[-83.82834,35.29308],[-83.82901,35.29347],[-83.8307,35.29503]]},"properties":{"net":"NC3038","o":1}},{"type":"Feature","geometry":{"type":"LineString","coordinates":[[-83.92983,35.34039],[-83.92804,35.33974]]},"properties":{"net":"NC3217","o":4}},{"type":"Feature","geometry":{"type":"LineString","coordinates":[[-83.93063,35.45693],[-83.92998,35.45679],[-83.92964,35.45655],[-83.92883,35.45619],[-83.92832,35.45619],[-83.92794,35.45633],[-83.92743,35.45637],[-83.92664,35.45625]]},"properties":{"net":"NC3039","o":3}},{"type":"Feature","geometry":{"type":"LineString","coordinates":[[-83.94109,35.48312],[-83.94036,35.48408]]},"properties":{"net":"out","o":7}},{"type":"Feature","geometry":{"type":"LineString","coordinates":[[-83.80366,35.36635],[-83.80441,35.36628],[-83.80523,35.36593]]},"properties":{"net":"NC3038","o":3}},{"type":"Feature","geometry":{"type":"LineString","coordinates":[[-83.8237,35.45143],[-83.82368,35.45079]]},"properties":{"net":"NC3039","o":2}},{"type":"Feature","geometry":{"type":"LineString","coordinates":[[-83.81747,35.44905],[-83.81815,35.44996],[-83.81884,35.45032]]},"properties":{"net":"NC3039","o":7}},{"type":"Feature","geometry":{"type":"LineString","coordinates":[[-83.814,35.44566],[-83.81556,35.44616],[-83.8162,35.44663],[-83.81672,35.44722]]},"properties":{"net":"NC3039","o":7}},{"type":"Feature","geometry":{"type":"LineString","coordinates":[[-83.81073,35.44513],[-83.81098,35.4448]]},"properties":{"net":"NC3039","o":1}},{"type":"Feature","geometry":{"type":"LineString","coordinates":[[-83.8106,35.44591],[-83.81056,35.44556],[-83.81073,35.44513]]},"properties":{"net":"NC3039","o":1}},{"type":"Feature","geometry":{"type":"LineString","coordinates":[[-83.80673,35.44608],[-83.80643,35.44595]]},"properties":{"net":"NC3039","o":1}},{"type":"Feature","geometry":{"type":"LineString","coordinates":[[-83.81667,35.47172],[-83.81676,35.47127],[-83.81667,35.47096],[-83.8168,35.47046],[-83.81674,35.47006],[-83.8169,35.46965],[-83.81679,35.46932],[-83.81681,35.46862],[-83.81692,35.46826],[-83.81735,35.46785],[-83.81789,35.46708],[-83.81797,35.46678],[-83.81775,35.46644],[-83.81776,35.46625],[-83.81819,35.46577],[-83.81916,35.46542],[-83.81935,35.46482],[-83.81915,35.46428],[-83.81945,35.46363],[-83.81978,35.4631],[-83.82026,35.46275],[-83.82099,35.46191]]},"properties":{"net":"NC3039","o":2}},{"type":"Feature","geometry":{"type":"LineString","coordinates":[[-83.81416,35.47835],[-83.81518,35.47772],[-83.81594,35.4776],[-83.81628,35.47743],[-83.81649,35.47712],[-83.81702,35.47683],[-83.8174,35.47631],[-83.8169,35.47493],[-83.81668,35.47378],[-83.81641,35.47355],[-83.81623,35.4731]]},"properties":{"net":"NC3039","o":2}},{"type":"Feature","geometry":{"type":"LineString","coordinates":[[-83.78222,35.2834],[-83.78305,35.28575],[-83.78337,35.28608],[-83.78417,35.28648],[-83.7846,35.28681]]},"properties":{"net":"NC3038","o":2}},{"type":"Feature","geometry":{"type":"LineString","coordinates":[[-83.77946,35.27868],[-83.77958,35.27925],[-83.77982,35.27961],[-83.78113,35.28072],[-83.7818,35.28175],[-83.78182,35.28212],[-83.78164,35.28277],[-83.78222,35.2834]]},"properties":{"net":"NC3038","o":1}},{"type":"Feature","geometry":{"type":"LineString","coordinates":[[-83.95477,35.3222],[-83.95249,35.32211],[-83.95182,35.32187],[-83.94963,35.32177],[-83.94904,35.32183],[-83.94786,35.32163],[-83.94747,35.32167],[-83.94707,35.32187]]},"properties":{"net":"NC3038","o":1}},{"type":"Feature","geometry":{"type":"LineString","coordinates":[[-83.8855,35.29682],[-83.88429,35.29788],[-83.88356,35.29872]]},"properties":{"net":"NC6264","o":5}},{"type":"Feature","geometry":{"type":"LineString","coordinates":[[-83.87999,35.61046],[-83.88021,35.61113]]},"properties":{"net":"out","o":5}},{"type":"Feature","geometry":{"type":"LineString","coordinates":[[-83.87762,35.60518],[-83.87854,35.6055],[-83.87895,35.60585],[-83.87906,35.60634],[-83.87879,35.60695],[-83.87877,35.60722],[-83.87898,35.60755],[-83.87962,35.60785],[-83.87986,35.60808],[-83.87975,35.60949]]},"properties":{"net":"out","o":5}},{"type":"Feature","geometry":{"type":"LineString","coordinates":[[-83.86838,35.3085],[-83.86806,35.30869],[-83.86794,35.30888],[-83.86785,35.30953],[-83.86795,35.31057],[-83.8681,35.31089],[-83.86862,35.31149],[-83.86864,35.31174],[-83.86836,35.31233],[-83.86847,35.3134],[-83.86891,35.314],[-83.8696,35.31451],[-83.87146,35.31536]]},"properties":{"net":"NC6264","o":5}},{"type":"Feature","geometry":{"type":"LineString","coordinates":[[-83.8862,35.34459],[-83.88567,35.34342],[-83.88527,35.34299],[-83.8852,35.34276]]},"properties":{"net":"NC3038","o":2}},{"type":"Feature","geometry":{"type":"LineString","coordinates":[[-83.88598,35.33345],[-83.88468,35.33273],[-83.88447,35.33216]]},"properties":{"net":"NC3038","o":2}},{"type":"Feature","geometry":{"type":"LineString","coordinates":[[-83.87854,35.33247],[-83.87776,35.33341],[-83.87679,35.33348],[-83.87642,35.33389],[-83.87654,35.3345],[-83.87714,35.33563],[-83.87723,35.33632],[-83.87744,35.33692]]},"properties":{"net":"NC3038","o":4}},{"type":"Feature","geometry":{"type":"LineString","coordinates":[[-83.87202,35.35872],[-83.87299,35.35871],[-83.87462,35.36005],[-83.8747,35.36077],[-83.87373,35.36218],[-83.87381,35.36427],[-83.87409,35.36451],[-83.87429,35.36494],[-83.87485,35.36535],[-83.87562,35.36533],[-83.87668,35.36612],[-83.87668,35.36642]]},"properties":{"net":"NC3038","o":6}},{"type":"Feature","geometry":{"type":"LineString","coordinates":[[-83.87229,35.60645],[-83.87363,35.60728],[-83.87503,35.60796],[-83.87588,35.60858],[-83.87647,35.60876],[-83.87721,35.60875],[-83.87755,35.60861],[-83.87785,35.60833],[-83.87799,35.60799],[-83.87799,35.6077],[-83.87757,35.60683],[-83.87662,35.60586],[-83.87651,35.6055],[-83.87656,35.60532],[-83.87675,35.60522],[-83.87762,35.60518]]},"properties":{"net":"out","o":5}},{"type":"Feature","geometry":{"type":"LineString","coordinates":[[-83.82082,35.51463],[-83.82129,35.5137]]},"properties":{"net":"NC3039","o":2}},{"type":"Feature","geometry":{"type":"LineString","coordinates":[[-83.81051,35.51464],[-83.81099,35.51362],[-83.81121,35.51334],[-83.81141,35.51327],[-83.81228,35.51196],[-83.81267,35.51171],[-83.81303,35.51131],[-83.81337,35.51065],[-83.81384,35.51017],[-83.81457,35.50984],[-83.81467,35.50964],[-83.8157,35.50917],[-83.8173,35.50888],[-83.81972,35.5086],[-83.82068,35.50805],[-83.82145,35.50796]]},"properties":{"net":"NC3039","o":1}},{"type":"Feature","geometry":{"type":"LineString","coordinates":[[-83.78774,35.2945],[-83.78845,35.29598],[-83.78886,35.29802]]},"properties":{"net":"NC3038","o":3}},{"type":"Feature","geometry":{"type":"LineString","coordinates":[[-83.71569,35.35044],[-83.71741,35.34925],[-83.71802,35.34863],[-83.71897,35.34837],[-83.72153,35.34721],[-83.7219,35.34673],[-83.72201,35.34639],[-83.72205,35.34514],[-83.72194,35.34444]]},"properties":{"net":"NC3038","o":1}},{"type":"Feature","geometry":{"type":"LineString","coordinates":[[-83.71128,35.33914],[-83.71161,35.34003],[-83.71286,35.3417],[-83.7139,35.34239],[-83.71827,35.34436],[-83.72072,35.34456],[-83.72107,35.34468],[-83.72194,35.34444]]},"properties":{"net":"NC3038","o":1}},{"type":"Feature","geometry":{"type":"LineString","coordinates":[[-83.73044,35.35682],[-83.73112,35.35612],[-83.73199,35.35559],[-83.73231,35.35468]]},"properties":{"net":"NC3038","o":2}},{"type":"Feature","geometry":{"type":"LineString","coordinates":[[-83.74129,35.26673],[-83.74151,35.2673],[-83.74217,35.26823],[-83.74335,35.26954],[-83.74413,35.26999],[-83.74431,35.27042],[-83.74579,35.27082],[-83.74633,35.2712],[-83.74688,35.27179],[-83.74736,35.2719],[-83.7476,35.27214],[-83.74875,35.27251]]},"properties":{"net":"NC3038","o":1}},{"type":"Feature","geometry":{"type":"LineString","coordinates":[[-83.74926,35.27914],[-83.74954,35.27792],[-83.74955,35.27745],[-83.74871,35.27631],[-83.74852,35.27582],[-83.74886,35.27528],[-83.74882,35.27493],[-83.74931,35.27469],[-83.74919,35.27436],[-83.74951,35.27421]]},"properties":{"net":"NC3038","o":2}},{"type":"Feature","geometry":{"type":"LineString","coordinates":[[-83.74951,35.27421],[-83.74849,35.27315],[-83.74843,35.27282]]},"properties":{"net":"NC3038","o":2}},{"type":"Feature","geometry":{"type":"LineString","coordinates":[[-83.74764,35.27366],[-83.74843,35.27282]]},"properties":{"net":"NC3038","o":4}},{"type":"Feature","geometry":{"type":"LineString","coordinates":[[-83.75999,35.30952],[-83.75967,35.30891],[-83.75875,35.30802],[-83.75829,35.30774],[-83.75729,35.30745],[-83.75659,35.30653]]},"properties":{"net":"NC3038","o":1}},{"type":"Feature","geometry":{"type":"LineString","coordinates":[[-83.75722,35.30953],[-83.75719,35.30877],[-83.75658,35.30717],[-83.75659,35.30653]]},"properties":{"net":"NC3038","o":1}},{"type":"Feature","geometry":{"type":"LineString","coordinates":[[-83.75659,35.30653],[-83.75631,35.3063],[-83.75589,35.30564]]},"properties":{"net":"NC3038","o":2}},{"type":"Feature","geometry":{"type":"LineString","coordinates":[[-83.76434,35.26995],[-83.76239,35.27088],[-83.762,35.27123],[-83.76167,35.27205],[-83.76175,35.27295],[-83.7616,35.27372],[-83.76125,35.2742],[-83.76052,35.27488],[-83.76037,35.27516],[-83.76036,35.27542],[-83.76047,35.27566],[-83.76137,35.27613],[-83.76179,35.27656]]},"properties":{"net":"NC3038","o":1}},{"type":"Feature","geometry":{"type":"LineString","coordinates":[[-83.76724,35.29605],[-83.76767,35.29584],[-83.76795,35.29533],[-83.76856,35.29477],[-83.76956,35.29426],[-83.77108,35.29279],[-83.77139,35.29261],[-83.7721,35.29264],[-83.774,35.29313],[-83.77554,35.29303]]},"properties":{"net":"NC3038","o":1}},{"type":"Feature","geometry":{"type":"LineString","coordinates":[[-83.76519,35.30173],[-83.76582,35.30167],[-83.76654,35.30177]]},"properties":{"net":"NC3038","o":3}},{"type":"Feature","geometry":{"type":"LineString","coordinates":[[-83.76386,35.29183],[-83.7646,35.29209],[-83.76667,35.29218],[-83.76852,35.29106],[-83.76962,35.29053]]},"properties":{"net":"NC3038","o":1}},{"type":"Feature","geometry":{"type":"LineString","coordinates":[[-83.77642,35.34665],[-83.77702,35.34735],[-83.77761,35.34835],[-83.77838,35.34919],[-83.7811,35.3511]]},"properties":{"net":"NC3038","o":1}},{"type":"Feature","geometry":{"type":"LineString","coordinates":[[-83.71807,35.37065],[-83.71912,35.36925],[-83.71956,35.36792],[-83.72054,35.36702],[-83.72125,35.36657],[-83.72152,35.36594],[-83.72223,35.3654]]},"properties":{"net":"NC3038","o":1}},{"type":"Feature","geometry":{"type":"LineString","coordinates":[[-83.71109,35.26937],[-83.71244,35.2693]]},"properties":{"net":"NC3038","o":3}},{"type":"Feature","geometry":{"type":"LineString","coordinates":[[-83.70504,35.28567],[-83.7047,35.28496],[-83.70436,35.28471],[-83.70352,35.28426],[-83.70265,35.28413],[-83.70234,35.28395],[-83.70207,35.283],[-83.70227,35.28235],[-83.70224,35.28213]]},"properties":{"net":"NC3038","o":1}},{"type":"Feature","geometry":{"type":"LineString","coordinates":[[-83.70195,35.26963],[-83.70286,35.26987],[-83.70316,35.27015],[-83.70355,35.27084]]},"properties":{"net":"NC3038","o":1}},{"type":"Feature","geometry":{"type":"LineString","coordinates":[[-83.74583,35.3008],[-83.74659,35.30141],[-83.74811,35.30326],[-83.74866,35.3035],[-83.74964,35.30429],[-83.75094,35.3046],[-83.75187,35.30528],[-83.75249,35.30628]]},"properties":{"net":"NC3038","o":1}},{"type":"Feature","geometry":{"type":"LineString","coordinates":[[-83.75852,35.32206],[-83.7585,35.32259],[-83.75803,35.32347],[-83.75782,35.32417],[-83.75792,35.32583],[-83.75767,35.32657]]},"properties":{"net":"NC3038","o":1}},{"type":"Feature","geometry":{"type":"LineString","coordinates":[[-83.75498,35.32741],[-83.75683,35.32822],[-83.75827,35.32824]]},"properties":{"net":"NC3038","o":2}},{"type":"Feature","geometry":{"type":"LineString","coordinates":[[-83.75311,35.32233],[-83.75387,35.32272],[-83.75462,35.3234],[-83.75562,35.32393],[-83.75619,35.32438],[-83.75752,35.32618],[-83.75767,35.32657]]},"properties":{"net":"NC3038","o":1}},{"type":"Feature","geometry":{"type":"LineString","coordinates":[[-83.7515,35.31123],[-83.75031,35.31041],[-83.74989,35.30978],[-83.74943,35.30928]]},"properties":{"net":"NC3038","o":2}},{"type":"Feature","geometry":{"type":"LineString","coordinates":[[-83.7562,35.3352],[-83.75692,35.33447],[-83.75759,35.33415]]},"properties":{"net":"NC3038","o":4}},{"type":"Feature","geometry":{"type":"LineString","coordinates":[[-83.76758,35.33616],[-83.76767,35.33591],[-83.76752,35.33553],[-83.76839,35.33463],[-83.7685,35.33439],[-83.7685,35.33367],[-83.76832,35.33302],[-83.76831,35.3326],[-83.76919,35.33122]]},"properties":{"net":"NC3038","o":2}},{"type":"Feature","geometry":{"type":"LineString","coordinates":[[-83.77369,35.37491],[-83.77328,35.3746],[-83.7728,35.37393],[-83.77167,35.37337],[-83.77081,35.37218],[-83.77034,35.37184]]},"properties":{"net":"NC3038","o":1}},{"type":"Feature","geometry":{"type":"LineString","coordinates":[[-83.76434,35.35663],[-83.76631,35.35632],[-83.76759,35.35553],[-83.76847,35.35516],[-83.7703,35.35508],[-83.77088,35.35472]]},"properties":{"net":"NC3038","o":1}},{"type":"Feature","geometry":{"type":"LineString","coordinates":[[-83.7639,35.35368],[-83.76454,35.35375],[-83.76695,35.35349]]},"properties":{"net":"NC3038","o":1}},{"type":"Feature","geometry":{"type":"LineString","coordinates":[[-83.7576,35.3625],[-83.75948,35.36331],[-83.76042,35.36359],[-83.76086,35.36366],[-83.76146,35.36352],[-83.76327,35.36369]]},"properties":{"net":"NC3038","o":1}},{"type":"Feature","geometry":{"type":"LineString","coordinates":[[-83.70128,35.27985],[-83.70011,35.27777],[-83.69893,35.27652],[-83.69797,35.27578],[-83.69648,35.27499],[-83.69595,35.27495],[-83.69476,35.27532],[-83.69436,35.27534],[-83.69387,35.27523],[-83.69368,35.27484],[-83.69457,35.27353],[-83.6948,35.27336],[-83.69846,35.27194],[-83.69897,35.27163],[-83.69938,35.27109]]},"properties":{"net":"NC3038","o":2}},{"type":"Feature","geometry":{"type":"LineString","coordinates":[[-83.69803,35.30124],[-83.69896,35.30151],[-83.69961,35.30154],[-83.70024,35.30148],[-83.70128,35.30115],[-83.70276,35.3009],[-83.70471,35.30098],[-83.70614,35.3013]]},"properties":{"net":"NC3038","o":1}},{"type":"Feature","geometry":{"type":"LineString","coordinates":[[-83.71373,35.31177],[-83.7143,35.31247],[-83.7146,35.3133],[-83.71463,35.31422],[-83.71445,35.31521]]},"properties":{"net":"NC3038","o":2}},{"type":"Feature","geometry":{"type":"LineString","coordinates":[[-83.70621,35.3173],[-83.70666,35.31703],[-83.70789,35.31682],[-83.70839,35.31634],[-83.70876,35.31613],[-83.70934,35.3161]]},"properties":{"net":"NC3038","o":2}},{"type":"Feature","geometry":{"type":"LineString","coordinates":[[-83.70027,35.31431],[-83.70028,35.31506],[-83.70062,35.31626],[-83.70168,35.31701],[-83.70272,35.31721],[-83.70388,35.31699],[-83.70442,35.31701],[-83.70621,35.3173]]},"properties":{"net":"NC3038","o":1}},{"type":"Feature","geometry":{"type":"LineString","coordinates":[[-83.75999,35.33924],[-83.75946,35.33884],[-83.75915,35.33818],[-83.75873,35.33766],[-83.75789,35.33691],[-83.75661,35.33626],[-83.75625,35.33578],[-83.7562,35.3352]]},"properties":{"net":"NC3038","o":1}},{"type":"Feature","geometry":{"type":"LineString","coordinates":[[-83.75798,35.34404],[-83.75684,35.34351],[-83.75569,35.34326],[-83.75432,35.34218],[-83.75359,35.3419]]},"properties":{"net":"NC3038","o":1}},{"type":"Feature","geometry":{"type":"LineString","coordinates":[[-83.75816,35.35593],[-83.75784,35.35561],[-83.75719,35.3544],[-83.75583,35.35363],[-83.75485,35.35249]]},"properties":{"net":"NC3038","o":1}},{"type":"Feature","geometry":{"type":"LineString","coordinates":[[-83.75059,35.36001],[-83.75012,35.35925],[-83.74976,35.35824],[-83.74975,35.35636]]},"properties":{"net":"NC3038","o":1}},{"type":"Feature","geometry":{"type":"LineString","coordinates":[[-83.78055,35.25749],[-83.78136,35.2595],[-83.78182,35.26],[-83.78192,35.26057]]},"properties":{"net":"NC3038","o":1}},{"type":"Feature","geometry":{"type":"LineString","coordinates":[[-83.77889,35.25337],[-83.77851,35.25372],[-83.77715,35.25448],[-83.77686,35.25476],[-83.77664,35.25523]]},"properties":{"net":"NC3038","o":1}},{"type":"Feature","geometry":{"type":"LineString","coordinates":[[-83.72483,35.25383],[-83.72543,35.25471],[-83.72672,35.25598],[-83.72736,35.25644],[-83.72806,35.25711],[-83.72851,35.25778],[-83.72914,35.25798],[-83.72981,35.25848],[-83.73128,35.26078],[-83.73205,35.2615],[-83.73227,35.26208],[-83.73233,35.26283],[-83.73195,35.26324],[-83.73188,35.26371],[-83.73233,35.26472],[-83.73261,35.26614]]},"properties":{"net":"NC3038","o":1}},{"type":"Feature","geometry":{"type":"LineString","coordinates":[[-83.72203,35.308],[-83.72232,35.30864],[-83.72354,35.30952],[-83.72654,35.31071]]},"properties":{"net":"NC3038","o":1}},{"type":"Feature","geometry":{"type":"LineString","coordinates":[[-83.71923,35.29885],[-83.72016,35.29895],[-83.7207,35.29921],[-83.7214,35.30051],[-83.72193,35.30112]]},"properties":{"net":"NC3038","o":1}},{"type":"Feature","geometry":{"type":"LineString","coordinates":[[-83.72225,35.31602],[-83.72305,35.31573],[-83.72432,35.31561],[-83.72485,35.31547],[-83.72546,35.31447],[-83.72577,35.31427],[-83.72652,35.31403],[-83.72718,35.31353]]},"properties":{"net":"NC3038","o":3}},{"type":"Feature","geometry":{"type":"LineString","coordinates":[[-83.69138,35.28169],[-83.69196,35.28166],[-83.69284,35.28189],[-83.69373,35.282],[-83.69448,35.2819],[-83.69593,35.28132],[-83.69706,35.2814]]},"properties":{"net":"NC3038","o":2}},{"type":"Feature","geometry":{"type":"LineString","coordinates":[[-83.74765,35.26158],[-83.74774,35.26225],[-83.74803,35.26298],[-83.74811,35.26442],[-83.74829,35.26501],[-83.74826,35.2655],[-83.7485,35.26739],[-83.74836,35.26789],[-83.74837,35.26912]]},"properties":{"net":"NC3038","o":1}},{"type":"Feature","geometry":{"type":"LineString","coordinates":[[-83.77681,35.26106],[-83.77703,35.26247],[-83.77663,35.26309],[-83.77768,35.26531]]},"properties":{"net":"NC3038","o":1}},{"type":"Feature","geometry":{"type":"LineString","coordinates":[[-83.77111,35.25588],[-83.77047,35.25696],[-83.7694,35.25818]]},"properties":{"net":"NC3038","o":2}},{"type":"Feature","geometry":{"type":"LineString","coordinates":[[-83.77565,35.26748],[-83.77542,35.26786],[-83.77525,35.26846],[-83.77462,35.26904]]},"properties":{"net":"NC3038","o":2}},{"type":"Feature","geometry":{"type":"LineString","coordinates":[[-83.77462,35.26904],[-83.77408,35.2693],[-83.77336,35.2699],[-83.77238,35.27007],[-83.77144,35.27047],[-83.7708,35.27044]]},"properties":{"net":"NC3038","o":2}},{"type":"Feature","geometry":{"type":"LineString","coordinates":[[-83.77213,35.28468],[-83.7714,35.28499],[-83.77072,35.28608],[-83.7696,35.2869],[-83.76923,35.28809],[-83.76932,35.28872],[-83.77112,35.29002],[-83.77173,35.29034],[-83.77147,35.29074],[-83.7718,35.29118],[-83.77183,35.29148]]},"properties":{"net":"NC3038","o":2}},{"type":"Feature","geometry":{"type":"LineString","coordinates":[[-83.76514,35.28644],[-83.76543,35.28637],[-83.7657,35.28648],[-83.76619,35.28648],[-83.7665,35.28693],[-83.7667,35.28704]]},"properties":{"net":"NC3038","o":2}},{"type":"Feature","geometry":{"type":"LineString","coordinates":[[-83.76439,35.27438],[-83.76415,35.27457],[-83.76367,35.27469],[-83.76289,35.2758],[-83.76179,35.27656]]},"properties":{"net":"NC3038","o":2}},{"type":"Feature","geometry":{"type":"LineString","coordinates":[[-83.72283,35.33032],[-83.72296,35.33118],[-83.72343,35.33207],[-83.72381,35.33255],[-83.72528,35.33345],[-83.72641,35.334],[-83.72709,35.3345],[-83.7278,35.33483],[-83.72817,35.33536]]},"properties":{"net":"NC3038","o":1}},{"type":"Feature","geometry":{"type":"LineString","coordinates":[[-84.27463,35.38874],[-84.27438,35.38904],[-84.27441,35.38955],[-84.27451,35.38969],[-84.27591,35.39017],[-84.27637,35.39051],[-84.27694,35.39117],[-84.27719,35.39159],[-84.27736,35.39216],[-84.27745,35.3935],[-84.27718,35.39409],[-84.27645,35.39509],[-84.27647,35.39549],[-84.27669,35.39606],[-84.2766,35.39675],[-84.2744,35.3989],[-84.27326,35.39971],[-84.2722,35.40075]]},"properties":{"net":"out","o":5}},{"type":"Feature","geometry":{"type":"LineString","coordinates":[[-84.24927,35.52458],[-84.24911,35.52481],[-84.24906,35.52546],[-84.24815,35.52629],[-84.24746,35.52661]]},"properties":{"net":"out","o":4}},{"type":"Feature","geometry":{"type":"LineString","coordinates":[[-84.26084,35.4482],[-84.26067,35.44835],[-84.26052,35.44875],[-84.26061,35.44951],[-84.26083,35.45011],[-84.26128,35.45085],[-84.26169,35.4512],[-84.26201,35.45133],[-84.26267,35.45133],[-84.26293,35.45118],[-84.26409,35.44997],[-84.26443,35.44981],[-84.2658,35.44983],[-84.2662,35.44992],[-84.26671,35.45026],[-84.26695,35.45061],[-84.26717,35.45132],[-84.26718,35.45143],[-84.26689,35.45173],[-84.26674,35.45206],[-84.26676,35.45246],[-84.26716,35.45385],[-84.26809,35.45456]]},"properties":{"net":"out","o":5}},{"type":"Feature","geometry":{"type":"LineString","coordinates":[[-84.27707,35.51285],[-84.27718,35.51343],[-84.27691,35.51347],[-84.27671,35.51366],[-84.27654,35.51443],[-84.27633,35.51465],[-84.27493,35.5149],[-84.27396,35.51487],[-84.27317,35.51501],[-84.27227,35.51502]]},"properties":{"net":"out","o":4}},{"type":"Feature","geometry":{"type":"LineString","coordinates":[[-84.20872,35.52244],[-84.20856,35.5227]]},"properties":{"net":"out","o":5}},{"type":"Feature","geometry":{"type":"LineString","coordinates":[[-84.20726,35.52506],[-84.20756,35.5257],[-84.20798,35.52604],[-84.20789,35.52738]]},"properties":{"net":"out","o":5}},{"type":"Feature","geometry":{"type":"LineString","coordinates":[[-84.20716,35.52492],[-84.20726,35.52506]]},"properties":{"net":"out","o":5}},{"type":"Feature","geometry":{"type":"LineString","coordinates":[[-84.20268,35.53552],[-84.20338,35.5362],[-84.20417,35.53678],[-84.20486,35.53726],[-84.20536,35.53742],[-84.20624,35.53806],[-84.20639,35.53846]]},"properties":{"net":"out","o":5}},{"type":"Feature","geometry":{"type":"LineString","coordinates":[[-84.20324,35.53267],[-84.2025,35.53346],[-84.20251,35.53368]]},"properties":{"net":"out","o":5}},{"type":"Feature","geometry":{"type":"LineString","coordinates":[[-84.20233,35.53496],[-84.20244,35.53534]]},"properties":{"net":"out","o":5}},{"type":"Feature","geometry":{"type":"LineString","coordinates":[[-84.21353,35.54844],[-84.21412,35.54947]]},"properties":{"net":"out","o":5}},{"type":"Feature","geometry":{"type":"LineString","coordinates":[[-84.21267,35.54708],[-84.21291,35.54726]]},"properties":{"net":"out","o":5}},{"type":"Feature","geometry":{"type":"LineString","coordinates":[[-84.21945,35.61159],[-84.22252,35.61254]]},"properties":{"net":"out","o":7}},{"type":"Feature","geometry":{"type":"LineString","coordinates":[[-84.26049,35.66867],[-84.25922,35.66886]]},"properties":{"net":"out","o":5}},{"type":"Feature","geometry":{"type":"LineString","coordinates":[[-84.24875,35.69817],[-84.24886,35.70016]]},"properties":{"net":"out","o":7}},{"type":"Feature","geometry":{"type":"LineString","coordinates":[[-84.24924,35.70964],[-84.24926,35.7101],[-84.24905,35.71036],[-84.24909,35.71094],[-84.24884,35.71117],[-84.24883,35.71167],[-84.24845,35.71201],[-84.24845,35.71338]]},"properties":{"net":"out","o":7}},{"type":"Feature","geometry":{"type":"LineString","coordinates":[[-84.24845,35.71338],[-84.24845,35.71382]]},"properties":{"net":"out","o":7}},{"type":"Feature","geometry":{"type":"LineString","coordinates":[[-84.15452,35.53608],[-84.1549,35.53657],[-84.15501,35.53697],[-84.156,35.53783],[-84.1563,35.53843],[-84.15751,35.53942]]},"properties":{"net":"out","o":4}},{"type":"Feature","geometry":{"type":"LineString","coordinates":[[-84.15039,35.52477],[-84.15052,35.52499],[-84.15059,35.52548],[-84.15046,35.52636],[-84.15062,35.52691],[-84.15058,35.52747]]},"properties":{"net":"out","o":4}},{"type":"Feature","geometry":{"type":"LineString","coordinates":[[-84.21731,35.68786],[-84.2182,35.68787],[-84.21854,35.68797],[-84.21947,35.68861],[-84.22031,35.68851]]},"properties":{"net":"out","o":4}},{"type":"Feature","geometry":{"type":"LineString","coordinates":[[-84.1518,35.55801],[-84.1521,35.55822]]},"properties":{"net":"out","o":7}},{"type":"Feature","geometry":{"type":"LineString","coordinates":[[-84.14421,35.54486],[-84.14582,35.54599]]},"properties":{"net":"out","o":7}},{"type":"Feature","geometry":{"type":"LineString","coordinates":[[-84.13898,35.5449],[-84.14179,35.54476]]},"properties":{"net":"out","o":7}},{"type":"Feature","geometry":{"type":"LineString","coordinates":[[-84.14282,35.66115],[-84.14318,35.66113],[-84.14402,35.66178],[-84.14526,35.6618],[-84.1456,35.66164],[-84.14576,35.66142],[-84.14562,35.66124],[-84.14561,35.66103],[-84.14523,35.66068],[-84.14517,35.6605],[-84.1453,35.66039],[-84.14552,35.66038],[-84.14566,35.66048],[-84.1461,35.66046],[-84.1467,35.66011],[-84.14668,35.65979],[-84.14611,35.6592],[-84.14609,35.65891],[-84.14647,35.65868]]},"properties":{"net":"out","o":5}},{"type":"Feature","geometry":{"type":"LineString","coordinates":[[-84.26689,35.63086],[-84.26517,35.631],[-84.26467,35.63146],[-84.26454,35.63212],[-84.26383,35.63276],[-84.26335,35.63289],[-84.26314,35.63308],[-84.26283,35.63309],[-84.26199,35.63371],[-84.26124,35.63374],[-84.26111,35.63385],[-84.26089,35.63386],[-84.26068,35.63405],[-84.25971,35.63409],[-84.25926,35.63451],[-84.25926,35.63465],[-84.25755,35.63621],[-84.25707,35.63692],[-84.25705,35.63735],[-84.25641,35.63797]]},"properties":{"net":"out","o":4}},{"type":"Feature","geometry":{"type":"LineString","coordinates":[[-84.28001,35.67607],[-84.27982,35.67593],[-84.2796,35.67594],[-84.27923,35.67567],[-84.27892,35.67569],[-84.2786,35.67552],[-84.27793,35.67544],[-84.27674,35.67546],[-84.27635,35.67558],[-84.27547,35.67562],[-84.27503,35.67575],[-84.27376,35.67587]]},"properties":{"net":"out","o":5}},{"type":"Feature","geometry":{"type":"LineString","coordinates":[[-84.27132,35.67508],[-84.27061,35.67449],[-84.2706,35.67294],[-84.27041,35.67277],[-84.27033,35.67147],[-84.27014,35.67134],[-84.27009,35.67116],[-84.2699,35.67102],[-84.26989,35.67084],[-84.26937,35.67025],[-84.26825,35.6695],[-84.26728,35.6694],[-84.26644,35.66948],[-84.26623,35.66963],[-84.26473,35.66973],[-84.26443,35.66996],[-84.26364,35.66999],[-84.26334,35.66981]]},"properties":{"net":"out","o":5}},{"type":"Feature","geometry":{"type":"LineString","coordinates":[[-83.96021,35.47389],[-83.95885,35.47422],[-83.95807,35.47455]]},"properties":{"net":"out","o":7}},{"type":"Feature","geometry":{"type":"LineString","coordinates":[[-83.95807,35.47455],[-83.95793,35.47464]]},"properties":{"net":"out","o":7}},{"type":"Feature","geometry":{"type":"LineString","coordinates":[[-83.95321,35.46022],[-83.95353,35.46061]]},"properties":{"net":"out","o":7}},{"type":"Feature","geometry":{"type":"LineString","coordinates":[[-83.95275,35.45964],[-83.95321,35.46022]]},"properties":{"net":"out","o":7}},{"type":"Feature","geometry":{"type":"LineString","coordinates":[[-83.95821,35.48962],[-83.95848,35.48968],[-83.96041,35.49111]]},"properties":{"net":"out","o":7}},{"type":"Feature","geometry":{"type":"LineString","coordinates":[[-83.94375,35.48055],[-83.94285,35.48101]]},"properties":{"net":"out","o":7}},{"type":"Feature","geometry":{"type":"LineString","coordinates":[[-83.94285,35.48101],[-83.94192,35.48229],[-83.94109,35.48312]]},"properties":{"net":"out","o":7}},{"type":"Feature","geometry":{"type":"LineString","coordinates":[[-83.94027,35.48912],[-83.94148,35.48959],[-83.94357,35.49065]]},"properties":{"net":"out","o":7}},{"type":"Feature","geometry":{"type":"LineString","coordinates":[[-83.90987,35.32728],[-83.90953,35.32708],[-83.90932,35.3267],[-83.90862,35.32651],[-83.90775,35.32612],[-83.90691,35.32542],[-83.90606,35.32438],[-83.90547,35.32434]]},"properties":{"net":"NC3038","o":2}},{"type":"Feature","geometry":{"type":"LineString","coordinates":[[-83.92649,35.37455],[-83.92695,35.37376],[-83.92721,35.37236],[-83.92717,35.37165],[-83.92662,35.3706],[-83.9265,35.37017],[-83.92672,35.36944],[-83.9268,35.36844]]},"properties":{"net":"sm2628","o":1}},{"type":"Feature","geometry":{"type":"LineString","coordinates":[[-83.92491,35.3842],[-83.92449,35.38349],[-83.92428,35.38289],[-83.9235,35.38226],[-83.9227,35.38182]]},"properties":{"net":"NC3038","o":1}},{"type":"Feature","geometry":{"type":"LineString","coordinates":[[-83.91339,35.37911],[-83.91264,35.37799],[-83.91221,35.37702]]},"properties":{"net":"NC3038","o":2}},{"type":"Feature","geometry":{"type":"LineString","coordinates":[[-83.92241,35.45776],[-83.92171,35.45759],[-83.92153,35.45746]]},"properties":{"net":"NC3039","o":1}},{"type":"Feature","geometry":{"type":"LineString","coordinates":[[-83.91474,35.46149],[-83.91629,35.4621]]},"properties":{"net":"NC3039","o":2}},{"type":"Feature","geometry":{"type":"LineString","coordinates":[[-83.96892,35.30591],[-83.96852,35.30504],[-83.96816,35.30465]]},"properties":{"net":"NC3038","o":2}},{"type":"Feature","geometry":{"type":"LineString","coordinates":[[-83.95525,35.30801],[-83.95596,35.30607],[-83.95603,35.30542],[-83.95578,35.30463],[-83.95537,35.30394],[-83.95533,35.30324],[-83.95489,35.30164],[-83.95408,35.30059]]},"properties":{"net":"NC3038","o":1}},{"type":"Feature","geometry":{"type":"LineString","coordinates":[[-83.95271,35.30031],[-83.95191,35.29974],[-83.95105,35.29832],[-83.95039,35.29796]]},"properties":{"net":"NC3038","o":3}},{"type":"Feature","geometry":{"type":"LineString","coordinates":[[-83.91542,35.46721],[-83.91467,35.46681],[-83.91384,35.46601]]},"properties":{"net":"NC3039","o":1}},{"type":"Feature","geometry":{"type":"LineString","coordinates":[[-83.91115,35.46891],[-83.91091,35.4682],[-83.91067,35.46782],[-83.90996,35.46715]]},"properties":{"net":"NC3039","o":3}},{"type":"Feature","geometry":{"type":"LineString","coordinates":[[-84.32674,35.59351],[-84.3266,35.59441],[-84.32668,35.59454],[-84.32719,35.59451],[-84.32768,35.59471],[-84.32804,35.59519],[-84.32834,35.59527],[-84.32911,35.59593],[-84.32935,35.59596],[-84.32933,35.59618],[-84.32998,35.59648],[-84.33008,35.59662],[-84.32969,35.59699],[-84.32897,35.59704],[-84.32829,35.59731],[-84.32804,35.59775],[-84.32788,35.59787],[-84.32708,35.59701],[-84.32674,35.5963],[-84.32648,35.5962],[-84.3259,35.59733],[-84.32589,35.59791],[-84.32576,35.59838],[-84.3254,35.59867],[-84.32472,35.59889],[-84.32408,35.59897],[-84.3236,35.59929],[-84.32312,35.59946],[-84.32305,35.60032]]},"properties":{"net":"out","o":4}},{"type":"Feature","geometry":{"type":"LineString","coordinates":[[-84.28263,35.3633],[-84.28728,35.36512],[-84.28922,35.36568]]},"properties":{"net":"out","o":5}},{"type":"Feature","geometry":{"type":"LineString","coordinates":[[-83.95779,35.3418],[-83.95685,35.34239]]},"properties":{"net":"NC3217","o":4}},{"type":"Feature","geometry":{"type":"LineString","coordinates":[[-83.95685,35.34239],[-83.95619,35.3427]]},"properties":{"net":"NC3217","o":4}},{"type":"Feature","geometry":{"type":"LineString","coordinates":[[-83.95619,35.3427],[-83.95585,35.34272],[-83.95514,35.34256],[-83.95413,35.34212]]},"properties":{"net":"NC3217","o":4}},{"type":"Feature","geometry":{"type":"LineString","coordinates":[[-83.95208,35.34011],[-83.95185,35.33971],[-83.95097,35.33912]]},"properties":{"net":"NC3217","o":4}},{"type":"Feature","geometry":{"type":"LineString","coordinates":[[-83.90724,35.61499],[-83.90772,35.6153],[-83.90835,35.61541],[-83.90974,35.61426],[-83.91029,35.6141]]},"properties":{"net":"out","o":5}},{"type":"Feature","geometry":{"type":"LineString","coordinates":[[-83.96841,35.22807],[-83.96793,35.22747],[-83.9673,35.22694]]},"properties":{"net":"NC6264","o":4}},{"type":"Feature","geometry":{"type":"LineString","coordinates":[[-83.95569,35.22808],[-83.95558,35.22828],[-83.95546,35.22912],[-83.95553,35.22997],[-83.9557,35.23046],[-83.95615,35.23083],[-83.95636,35.23136],[-83.95637,35.232],[-83.95597,35.23242]]},"properties":{"net":"NC6264","o":4}},{"type":"Feature","geometry":{"type":"LineString","coordinates":[[-83.96045,35.66051],[-83.96095,35.66024],[-83.96095,35.65994],[-83.96081,35.65973],[-83.96069,35.65914],[-83.96081,35.6589]]},"properties":{"net":"out","o":4}},{"type":"Feature","geometry":{"type":"LineString","coordinates":[[-84.28877,35.4093],[-84.28841,35.40991],[-84.28879,35.41091],[-84.28888,35.41191],[-84.28912,35.41279],[-84.28919,35.41344],[-84.28908,35.41381],[-84.28912,35.41399],[-84.28954,35.41475],[-84.28972,35.4153],[-84.28974,35.41554],[-84.28955,35.41566]]},"properties":{"net":"out","o":4}},{"type":"Feature","geometry":{"type":"LineString","coordinates":[[-84.29602,35.51906],[-84.29552,35.51888],[-84.29543,35.51862],[-84.29495,35.51859],[-84.29486,35.51835],[-84.29447,35.51834],[-84.29406,35.51801],[-84.29375,35.51794],[-84.29336,35.518]]},"properties":{"net":"out","o":4}},{"type":"Feature","geometry":{"type":"LineString","coordinates":[[-83.96113,35.46043],[-83.96127,35.46168],[-83.96129,35.46339],[-83.96161,35.46363]]},"properties":{"net":"out","o":4}},{"type":"Feature","geometry":{"type":"LineString","coordinates":[[-83.93541,35.60133],[-83.93572,35.60085],[-83.9366,35.59987],[-83.93817,35.59949],[-83.93957,35.59897]]},"properties":{"net":"out","o":5}},{"type":"Feature","geometry":{"type":"LineString","coordinates":[[-83.9786,35.30281],[-83.97792,35.30274],[-83.97728,35.30303],[-83.97664,35.30316],[-83.97573,35.303]]},"properties":{"net":"NC3038","o":2}},{"type":"Feature","geometry":{"type":"LineString","coordinates":[[-83.97573,35.303],[-83.97467,35.30297],[-83.97377,35.30332],[-83.97311,35.30338],[-83.97245,35.30375],[-83.97129,35.30398],[-83.97038,35.30431],[-83.96966,35.30445],[-83.96906,35.30445],[-83.96816,35.30465]]},"properties":{"net":"NC3038","o":2}},{"type":"Feature","geometry":{"type":"LineString","coordinates":[[-83.97198,35.29813],[-83.97115,35.29811],[-83.96836,35.29724],[-83.9673,35.29724]]},"properties":{"net":"NC3038","o":1}},{"type":"Feature","geometry":{"type":"LineString","coordinates":[[-84.15968,35.56244],[-84.16242,35.56442]]},"properties":{"net":"out","o":7}},{"type":"Feature","geometry":{"type":"LineString","coordinates":[[-84.22724,35.33919],[-84.22797,35.34039],[-84.2284,35.34088],[-84.22877,35.34111],[-84.2299,35.34157],[-84.23087,35.34229]]},"properties":{"net":"out","o":5}},{"type":"Feature","geometry":{"type":"LineString","coordinates":[[-84.24028,35.51118],[-84.24007,35.51072],[-84.23995,35.50943]]},"properties":{"net":"out","o":5}},{"type":"Feature","geometry":{"type":"LineString","coordinates":[[-84.22984,35.6163],[-84.2303,35.61657],[-84.23133,35.61653]]},"properties":{"net":"out","o":7}},{"type":"Feature","geometry":{"type":"LineString","coordinates":[[-84.24379,35.35057],[-84.245,35.35096],[-84.24544,35.35086],[-84.24585,35.35045],[-84.24579,35.34951],[-84.24565,35.34941],[-84.24558,35.34902],[-84.24538,35.34866],[-84.24423,35.34785],[-84.24382,35.34768],[-84.24234,35.34652],[-84.24195,35.34603],[-84.24194,35.34574],[-84.24202,35.34563],[-84.24235,35.34533],[-84.24354,35.34528],[-84.24589,35.34619],[-84.24772,35.34661]]},"properties":{"net":"out","o":5}},{"type":"Feature","geometry":{"type":"LineString","coordinates":[[-84.1883,35.58472],[-84.18837,35.58562]]},"properties":{"net":"out","o":7}},{"type":"Feature","geometry":{"type":"LineString","coordinates":[[-84.19764,35.60784],[-84.19789,35.60764],[-84.19792,35.60749],[-84.19781,35.60645],[-84.19818,35.60607],[-84.19825,35.60567]]},"properties":{"net":"out","o":5}},{"type":"Feature","geometry":{"type":"LineString","coordinates":[[-84.18943,35.67934],[-84.18987,35.67944],[-84.19083,35.67994],[-84.19114,35.68002],[-84.19176,35.67969],[-84.19483,35.67855]]},"properties":{"net":"out","o":4}},{"type":"Feature","geometry":{"type":"LineString","coordinates":[[-84.32182,35.60361],[-84.32099,35.60301],[-84.32045,35.60293],[-84.32042,35.60324],[-84.3197,35.60427],[-84.31952,35.6047],[-84.31908,35.6049],[-84.31859,35.60465],[-84.3182,35.60473],[-84.31698,35.60583]]},"properties":{"net":"out","o":4}},{"type":"Feature","geometry":{"type":"LineString","coordinates":[[-84.30842,35.64436],[-84.30832,35.64426],[-84.30784,35.64424],[-84.3071,35.64388],[-84.30666,35.64386],[-84.30599,35.64439],[-84.30598,35.64486],[-84.30586,35.64509],[-84.30546,35.64517],[-84.30518,35.64493],[-84.30509,35.64418],[-84.3049,35.64404],[-84.30455,35.64406],[-84.30373,35.64435],[-84.30356,35.6445],[-84.30358,35.64482],[-84.3046,35.64612],[-84.30467,35.64647],[-84.3046,35.64687],[-84.30423,35.64729],[-84.30338,35.64779],[-84.30305,35.64817]]},"properties":{"net":"out","o":4}},{"type":"Feature","geometry":{"type":"LineString","coordinates":[[-84.22031,35.68851],[-84.22085,35.6882],[-84.2236,35.68812],[-84.22384,35.68796],[-84.22405,35.68759],[-84.22445,35.68741],[-84.22493,35.68741],[-84.22518,35.68758]]},"properties":{"net":"out","o":4}},{"type":"Feature","geometry":{"type":"LineString","coordinates":[[-84.24167,35.40817],[-84.24352,35.40891],[-84.24421,35.40954],[-84.24426,35.40984]]},"properties":{"net":"out","o":4}},{"type":"Feature","geometry":{"type":"LineString","coordinates":[[-84.26155,35.42812],[-84.26162,35.42808]]},"properties":{"net":"out","o":4}},{"type":"Feature","geometry":{"type":"LineString","coordinates":[[-84.19211,35.34125],[-84.19309,35.34207],[-84.19414,35.34268]]},"properties":{"net":"out","o":5}},{"type":"Feature","geometry":{"type":"LineString","coordinates":[[-84.31637,35.51272],[-84.31616,35.51302],[-84.31523,35.51319],[-84.31471,35.5134],[-84.31439,35.51383],[-84.31378,35.5138],[-84.31331,35.51392],[-84.31135,35.51492]]},"properties":{"net":"out","o":4}},{"type":"Feature","geometry":{"type":"LineString","coordinates":[[-84.18581,35.46731],[-84.18545,35.46824],[-84.18502,35.46868],[-84.18426,35.47024],[-84.1839,35.47143],[-84.18303,35.47238],[-84.18278,35.47357]]},"properties":{"net":"out","o":4}},{"type":"Feature","geometry":{"type":"LineString","coordinates":[[-84.18928,35.5059],[-84.1899,35.50638],[-84.1901,35.50677],[-84.19024,35.50839]]},"properties":{"net":"out","o":4}},{"type":"Feature","geometry":{"type":"LineString","coordinates":[[-84.28791,35.68113],[-84.28736,35.68091],[-84.28667,35.6804],[-84.28661,35.68023],[-84.28628,35.67995]]},"properties":{"net":"out","o":4}},{"type":"Feature","geometry":{"type":"LineString","coordinates":[[-84.18178,35.50022],[-84.18313,35.50136],[-84.18358,35.50149],[-84.1844,35.50192]]},"properties":{"net":"out","o":4}},{"type":"Feature","geometry":{"type":"LineString","coordinates":[[-83.74357,35.34218],[-83.74454,35.34191],[-83.74513,35.34196],[-83.74559,35.34181],[-83.74712,35.34197],[-83.7477,35.34192],[-83.75001,35.3412],[-83.75067,35.3407]]},"properties":{"net":"NC3038","o":3}},{"type":"Feature","geometry":{"type":"LineString","coordinates":[[-83.7499,35.37092],[-83.75085,35.37068],[-83.75204,35.36943]]},"properties":{"net":"NC3038","o":1}},{"type":"Feature","geometry":{"type":"LineString","coordinates":[[-84.06719,35.54628],[-84.06961,35.54621],[-84.07056,35.54589],[-84.07073,35.54573],[-84.07104,35.54572],[-84.07241,35.54509],[-84.07277,35.54507],[-84.07353,35.54461],[-84.07476,35.54452]]},"properties":{"net":"out","o":7}},{"type":"Feature","geometry":{"type":"LineString","coordinates":[[-84.1377,35.54493],[-84.13898,35.5449]]},"properties":{"net":"out","o":7}},{"type":"Feature","geometry":{"type":"LineString","coordinates":[[-84.13523,35.54824],[-84.13525,35.54716],[-84.1359,35.54646]]},"properties":{"net":"out","o":7}},{"type":"Feature","geometry":{"type":"LineString","coordinates":[[-84.12984,35.56771],[-84.13078,35.56796]]},"properties":{"net":"out","o":7}},{"type":"Feature","geometry":{"type":"LineString","coordinates":[[-84.12224,35.56601],[-84.12368,35.56709],[-84.125,35.56703],[-84.1279,35.56711],[-84.12984,35.56771]]},"properties":{"net":"out","o":7}},{"type":"Feature","geometry":{"type":"LineString","coordinates":[[-84.12105,35.56706],[-84.12224,35.56601]]},"properties":{"net":"out","o":4}},{"type":"Feature","geometry":{"type":"LineString","coordinates":[[-84.06241,35.70685],[-84.06268,35.70584],[-84.06316,35.70537],[-84.06406,35.7051],[-84.06464,35.70472],[-84.06575,35.70353],[-84.06574,35.70283],[-84.06534,35.70136]]},"properties":{"net":"out","o":4}},{"type":"Feature","geometry":{"type":"LineString","coordinates":[[-83.75883,35.26855],[-83.75883,35.26951],[-83.75825,35.27094],[-83.75837,35.27157],[-83.75831,35.27197],[-83.75712,35.27379],[-83.75644,35.2746],[-83.75601,35.275],[-83.75525,35.27535]]},"properties":{"net":"NC3038","o":3}},{"type":"Feature","geometry":{"type":"LineString","coordinates":[[-83.7364,35.27833],[-83.73711,35.27788],[-83.73775,35.2779],[-83.73861,35.27775],[-83.74006,35.27821],[-83.74076,35.27828],[-83.74156,35.27814],[-83.74446,35.27645],[-83.74505,35.27629],[-83.74589,35.27572],[-83.74632,35.27516],[-83.74694,35.27479],[-83.74717,35.27421],[-83.74764,35.27366]]},"properties":{"net":"NC3038","o":1}},{"type":"Feature","geometry":{"type":"LineString","coordinates":[[-84.13053,35.60914],[-84.13188,35.60972],[-84.13283,35.61001],[-84.13311,35.61025],[-84.13329,35.61083],[-84.13363,35.611],[-84.13441,35.61119],[-84.13462,35.61112]]},"properties":{"net":"out","o":5}},{"type":"Feature","geometry":{"type":"LineString","coordinates":[[-84.12237,35.60433],[-84.12255,35.6045],[-84.12263,35.60508],[-84.12293,35.6056],[-84.12298,35.60636],[-84.12327,35.60684],[-84.12326,35.60722],[-84.12301,35.6079],[-84.12309,35.60803],[-84.12392,35.60787],[-84.12464,35.60737],[-84.12535,35.60718],[-84.12612,35.60672],[-84.12664,35.60655],[-84.12701,35.60665],[-84.12778,35.6076]]},"properties":{"net":"out","o":5}},{"type":"Feature","geometry":{"type":"LineString","coordinates":[[-84.04992,35.70383],[-84.04995,35.70414],[-84.05032,35.70438],[-84.05112,35.70398],[-84.05242,35.70404],[-84.05291,35.70384],[-84.0538,35.70403],[-84.05446,35.7039],[-84.05549,35.7039],[-84.05692,35.70416],[-84.05748,35.70416],[-84.05896,35.7036]]},"properties":{"net":"out","o":4}},{"type":"Feature","geometry":{"type":"LineString","coordinates":[[-83.73428,35.27018],[-83.73476,35.2704],[-83.73517,35.27083],[-83.73553,35.27147],[-83.7362,35.27184],[-83.73656,35.27245],[-83.73688,35.27271],[-83.73787,35.27328],[-83.73885,35.27364],[-83.74027,35.27388],[-83.74115,35.27451],[-83.7417,35.27476],[-83.7459,35.27441],[-83.74691,35.27414],[-83.74764,35.27366]]},"properties":{"net":"NC3038","o":4}},{"type":"Feature","geometry":{"type":"LineString","coordinates":[[-83.75535,35.29553],[-83.75567,35.29602],[-83.75654,35.29655],[-83.75683,35.29664],[-83.75747,35.29658],[-83.75822,35.29681],[-83.75923,35.29787]]},"properties":{"net":"NC3038","o":1}},{"type":"Feature","geometry":{"type":"LineString","coordinates":[[-83.75189,35.30656],[-83.75249,35.30628]]},"properties":{"net":"NC3038","o":3}},{"type":"Feature","geometry":{"type":"LineString","coordinates":[[-83.75466,35.31126],[-83.75329,35.31011],[-83.7524,35.30903],[-83.75137,35.30819],[-83.75137,35.30764]]},"properties":{"net":"NC3038","o":1}},{"type":"Feature","geometry":{"type":"LineString","coordinates":[[-83.73377,35.30364],[-83.7346,35.30342],[-83.73564,35.30282],[-83.73634,35.30219],[-83.73718,35.30188],[-83.73785,35.30146],[-83.73809,35.30111],[-83.73845,35.30024],[-83.73901,35.29991],[-83.73919,35.2997],[-83.73938,35.29921],[-83.73942,35.29836],[-83.74005,35.29776],[-83.74058,35.2969],[-83.74105,35.2964]]},"properties":{"net":"NC3038","o":1}},{"type":"Feature","geometry":{"type":"LineString","coordinates":[[-84.07451,35.39809],[-84.07448,35.39834],[-84.0747,35.39898],[-84.07535,35.40014],[-84.07538,35.40056],[-84.0753,35.40097],[-84.0755,35.40195],[-84.07595,35.40278],[-84.07638,35.40322]]},"properties":{"net":"out","o":4}},{"type":"Feature","geometry":{"type":"LineString","coordinates":[[-83.75454,35.31366],[-83.75366,35.31302],[-83.75274,35.3119],[-83.7515,35.31123]]},"properties":{"net":"NC3038","o":1}},{"type":"Feature","geometry":{"type":"LineString","coordinates":[[-83.75095,35.32562],[-83.75178,35.32611],[-83.75411,35.32682],[-83.75474,35.32716],[-83.75498,35.32741]]},"properties":{"net":"NC3038","o":1}},{"type":"Feature","geometry":{"type":"LineString","coordinates":[[-83.75003,35.33567],[-83.75097,35.33634],[-83.7517,35.33714],[-83.75248,35.33746],[-83.753,35.33745],[-83.7538,35.33719],[-83.75441,35.33726],[-83.75515,35.33688]]},"properties":{"net":"NC3038","o":1}},{"type":"Feature","geometry":{"type":"LineString","coordinates":[[-83.75432,35.35781],[-83.75397,35.35759],[-83.75185,35.35686],[-83.75046,35.35616],[-83.74994,35.35576],[-83.74991,35.35545],[-83.75029,35.35454],[-83.75035,35.35395],[-83.74989,35.35308],[-83.74973,35.35255],[-83.7494,35.35058]]},"properties":{"net":"NC3038","o":1}},{"type":"Feature","geometry":{"type":"LineString","coordinates":[[-83.7494,35.35058],[-83.75003,35.34991],[-83.75062,35.34905],[-83.75054,35.34869],[-83.75012,35.34815],[-83.74929,35.34755],[-83.74921,35.34736],[-83.7496,35.34628],[-83.75067,35.34518]]},"properties":{"net":"NC3038","o":2}},{"type":"Feature","geometry":{"type":"LineString","coordinates":[[-84.01615,35.65148],[-84.01614,35.65121],[-84.01623,35.65109],[-84.0167,35.65103],[-84.01686,35.65086],[-84.01711,35.65088],[-84.01789,35.6513],[-84.01825,35.651],[-84.01835,35.65072],[-84.01854,35.65057],[-84.01878,35.65054],[-84.01913,35.65076],[-84.01942,35.65075],[-84.01965,35.65047],[-84.01975,35.65001],[-84.02031,35.6497],[-84.02021,35.64948],[-84.02027,35.64939],[-84.02074,35.64939],[-84.02105,35.64964],[-84.02133,35.64967],[-84.02244,35.64878],[-84.02326,35.6487],[-84.02337,35.64859],[-84.02338,35.64822],[-84.02312,35.64786],[-84.02312,35.64768],[-84.02321,35.64761],[-84.02378,35.64768],[-84.0241,35.64735],[-84.02444,35.64726]]},"properties":{"net":"out","o":4}},{"type":"Feature","geometry":{"type":"LineString","coordinates":[[-84.03361,35.6211],[-84.03439,35.6209],[-84.03506,35.62097],[-84.03579,35.62136]]},"properties":{"net":"out","o":4}},{"type":"Feature","geometry":{"type":"LineString","coordinates":[[-84.03716,35.6449],[-84.03717,35.64477],[-84.03681,35.64451],[-84.03695,35.64411],[-84.03688,35.64364],[-84.03714,35.64352],[-84.03757,35.64356],[-84.03768,35.64333],[-84.03718,35.64263],[-84.03714,35.64218]]},"properties":{"net":"out","o":4}},{"type":"Feature","geometry":{"type":"LineString","coordinates":[[-84.00755,35.52148],[-84.0067,35.52241],[-84.00583,35.52309],[-84.00462,35.52372],[-84.00284,35.52426]]},"properties":{"net":"out","o":7}},{"type":"Feature","geometry":{"type":"LineString","coordinates":[[-83.99409,35.5325],[-83.9946,35.53361],[-83.99531,35.53478]]},"properties":{"net":"out","o":7}},{"type":"Feature","geometry":{"type":"LineString","coordinates":[[-84.00068,35.55357],[-84.00186,35.55334],[-84.0038,35.55338],[-84.00678,35.55325]]},"properties":{"net":"out","o":7}},{"type":"Feature","geometry":{"type":"LineString","coordinates":[[-83.99521,35.54531],[-83.99424,35.54634],[-83.99357,35.5478],[-83.9937,35.5487],[-83.99414,35.54951],[-83.99528,35.55087],[-83.99618,35.55154],[-83.99743,35.55221],[-83.99972,35.55308],[-84.00068,35.55357]]},"properties":{"net":"out","o":7}},{"type":"Feature","geometry":{"type":"LineString","coordinates":[[-83.98136,35.64723],[-83.982,35.64697],[-83.9825,35.64691],[-83.98406,35.64605]]},"properties":{"net":"out","o":4}},{"type":"Feature","geometry":{"type":"LineString","coordinates":[[-83.99234,35.63625],[-83.99303,35.6357],[-83.99352,35.63549],[-83.99495,35.63556],[-83.99546,35.63536],[-83.99614,35.63483],[-83.99668,35.63374],[-83.99721,35.63344],[-83.99746,35.63304]]},"properties":{"net":"out","o":4}},{"type":"Feature","geometry":{"type":"LineString","coordinates":[[-84.00203,35.6605],[-84.00316,35.65951],[-84.00356,35.65843],[-84.00423,35.65778],[-84.00477,35.65741],[-84.00596,35.65681],[-84.00796,35.65683],[-84.0085,35.65675]]},"properties":{"net":"out","o":4}},{"type":"Feature","geometry":{"type":"LineString","coordinates":[[-83.94648,35.45264],[-83.94718,35.45346],[-83.94766,35.4551]]},"properties":{"net":"out","o":7}},{"type":"Feature","geometry":{"type":"LineString","coordinates":[[-83.93617,35.44834],[-83.93632,35.44832]]},"properties":{"net":"NC3039","o":7}},{"type":"Feature","geometry":{"type":"LineString","coordinates":[[-83.93632,35.44832],[-83.93677,35.44828]]},"properties":{"net":"out","o":7}},{"type":"Feature","geometry":{"type":"LineString","coordinates":[[-83.93429,35.45016],[-83.93419,35.4498]]},"properties":{"net":"NC3039","o":1}},{"type":"Feature","geometry":{"type":"LineString","coordinates":[[-83.92959,35.45268],[-83.92929,35.45236],[-83.92881,35.4521],[-83.92834,35.45167]]},"properties":{"net":"NC3039","o":1}},{"type":"Feature","geometry":{"type":"LineString","coordinates":[[-84.12197,35.48329],[-84.125,35.48523],[-84.12567,35.48584],[-84.1257,35.4862],[-84.1245,35.48705],[-84.1239,35.48729],[-84.12342,35.48731],[-84.12164,35.4871],[-84.12074,35.48681],[-84.12025,35.4868]]},"properties":{"net":"out","o":4}},{"type":"Feature","geometry":{"type":"LineString","coordinates":[[-83.93652,35.23191],[-83.93533,35.23213],[-83.93506,35.23226],[-83.93492,35.23271],[-83.93503,35.23355],[-83.93496,35.23413]]},"properties":{"net":"NC6264","o":4}},{"type":"Feature","geometry":{"type":"LineString","coordinates":[[-84.09861,35.52303],[-84.09896,35.52329],[-84.09908,35.52371],[-84.0987,35.5247],[-84.09833,35.52512],[-84.096,35.52597],[-84.09383,35.52644]]},"properties":{"net":"out","o":4}},{"type":"Feature","geometry":{"type":"LineString","coordinates":[[-84.09632,35.54798],[-84.09647,35.54827],[-84.09745,35.54906],[-84.0976,35.54937],[-84.10054,35.55185],[-84.10568,35.55564],[-84.10599,35.55563],[-84.10627,35.55583],[-84.10662,35.55589],[-84.10777,35.55584],[-84.10814,35.55612],[-84.10836,35.55611],[-84.10895,35.55633]]},"properties":{"net":"out","o":7}},{"type":"Feature","geometry":{"type":"LineString","coordinates":[[-84.10256,35.577],[-84.10286,35.57688],[-84.10316,35.57662],[-84.10351,35.57595],[-84.10384,35.57576]]},"properties":{"net":"out","o":4}},{"type":"Feature","geometry":{"type":"LineString","coordinates":[[-84.10538,35.60315],[-84.1061,35.60433],[-84.10707,35.60505]]},"properties":{"net":"out","o":5}},{"type":"Feature","geometry":{"type":"LineString","coordinates":[[-84.09644,35.60614],[-84.09731,35.60517]]},"properties":{"net":"out","o":5}},{"type":"Feature","geometry":{"type":"LineString","coordinates":[[-83.91368,35.27344],[-83.91262,35.27355],[-83.91223,35.27377],[-83.91201,35.27404],[-83.91209,35.27496],[-83.91191,35.27518],[-83.91172,35.27523],[-83.91074,35.27489],[-83.90973,35.2741],[-83.90887,35.27437],[-83.90821,35.27444],[-83.90677,35.27421],[-83.90574,35.27381]]},"properties":{"net":"NC6264","o":4}},{"type":"Feature","geometry":{"type":"LineString","coordinates":[[-83.92339,35.31172],[-83.9233,35.31108],[-83.92335,35.31026],[-83.9232,35.30984],[-83.92264,35.3093],[-83.92176,35.30903]]},"properties":{"net":"NC3038","o":3}},{"type":"Feature","geometry":{"type":"LineString","coordinates":[[-84.09424,35.42108],[-84.09537,35.42167],[-84.09613,35.42181],[-84.09917,35.42185],[-84.09928,35.42219],[-84.09906,35.42364],[-84.09919,35.42432],[-84.09983,35.42458],[-84.10097,35.42453]]},"properties":{"net":"out","o":4}},{"type":"Feature","geometry":{"type":"LineString","coordinates":[[-84.11452,35.66454],[-84.11551,35.66456],[-84.11606,35.66445]]},"properties":{"net":"out","o":5}},{"type":"Feature","geometry":{"type":"LineString","coordinates":[[-84.0786,35.59005],[-84.08021,35.58982],[-84.08044,35.5897],[-84.08133,35.58913],[-84.08156,35.58856],[-84.08462,35.58676]]},"properties":{"net":"out","o":4}},{"type":"Feature","geometry":{"type":"LineString","coordinates":[[-84.07934,35.61352],[-84.0794,35.61345]]},"properties":{"net":"out","o":5}},{"type":"Feature","geometry":{"type":"LineString","coordinates":[[-83.98964,35.4961],[-83.99002,35.49691],[-83.99096,35.49808]]},"properties":{"net":"out","o":7}},{"type":"Feature","geometry":{"type":"LineString","coordinates":[[-83.97963,35.4927],[-83.97969,35.49225]]},"properties":{"net":"out","o":7}},{"type":"Feature","geometry":{"type":"LineString","coordinates":[[-84.01041,35.49528],[-84.01124,35.49565]]},"properties":{"net":"out","o":4}},{"type":"Feature","geometry":{"type":"LineString","coordinates":[[-84.00948,35.48823],[-84.00954,35.48854],[-84.01051,35.48961],[-84.01057,35.49075],[-84.0104,35.49109],[-84.01018,35.49126],[-84.00857,35.49191],[-84.00846,35.49209],[-84.00847,35.49229],[-84.00867,35.49268]]},"properties":{"net":"out","o":4}},{"type":"Feature","geometry":{"type":"LineString","coordinates":[[-84.02737,35.54812],[-84.02784,35.54793],[-84.03129,35.54586]]},"properties":{"net":"out","o":7}},{"type":"Feature","geometry":{"type":"LineString","coordinates":[[-84.01989,35.62577],[-84.02003,35.62569]]},"properties":{"net":"out","o":4}},{"type":"Feature","geometry":{"type":"LineString","coordinates":[[-83.94971,35.31192],[-83.94876,35.31261],[-83.94757,35.31261],[-83.9469,35.31286],[-83.94659,35.31314],[-83.94622,35.3139],[-83.94596,35.31507],[-83.94561,35.31554],[-83.94518,35.31645],[-83.94464,35.31732],[-83.94361,35.31809],[-83.9433,35.31887]]},"properties":{"net":"NC3038","o":1}},{"type":"Feature","geometry":{"type":"LineString","coordinates":[[-83.93529,35.31656],[-83.93417,35.3167],[-83.93377,35.31666],[-83.93226,35.31551],[-83.93081,35.31531],[-83.92995,35.31503]]},"properties":{"net":"NC3038","o":3}},{"type":"Feature","geometry":{"type":"LineString","coordinates":[[-84.0134,35.62678],[-84.014,35.62668],[-84.01483,35.62676],[-84.01518,35.62668],[-84.01558,35.62632],[-84.01634,35.62529],[-84.01672,35.62515],[-84.0173,35.62514],[-84.01788,35.62558],[-84.0183,35.62567]]},"properties":{"net":"out","o":4}},{"type":"Feature","geometry":{"type":"LineString","coordinates":[[-83.83122,35.41171],[-83.8316,35.41181],[-83.83174,35.41169],[-83.83144,35.41134],[-83.83161,35.41137],[-83.83197,35.41164],[-83.8322,35.41165],[-83.83256,35.41131],[-83.83287,35.41132],[-83.83329,35.41183],[-83.83346,35.41187],[-83.8347,35.41165],[-83.83483,35.41145],[-83.83519,35.41161],[-83.83564,35.41133],[-83.83598,35.41167],[-83.83615,35.41165],[-83.83621,35.41156],[-83.8367,35.41181],[-83.83719,35.41174]]},"properties":{"net":"out","o":4}},{"type":"Feature","geometry":{"type":"LineString","coordinates":[[-83.81756,35.41106],[-83.81801,35.41085],[-83.81869,35.41086],[-83.81922,35.41093],[-83.82005,35.4113],[-83.82049,35.41131],[-83.82115,35.411],[-83.82216,35.41074],[-83.82253,35.41083],[-83.82315,35.41129],[-83.82341,35.41136],[-83.82537,35.41128],[-83.82593,35.41141],[-83.82647,35.41136],[-83.82697,35.41155],[-83.8276,35.41155],[-83.82877,35.41126],[-83.82948,35.4117],[-83.83024,35.4116],[-83.8305,35.41139],[-83.83071,35.41139],[-83.83122,35.41171]]},"properties":{"net":"out","o":4}},{"type":"Feature","geometry":{"type":"LineString","coordinates":[[-83.84033,35.43207],[-83.83988,35.43242],[-83.83925,35.43238],[-83.83917,35.43265],[-83.8388,35.433],[-83.83811,35.43306],[-83.83756,35.4333],[-83.836,35.43324],[-83.83489,35.43365],[-83.83417,35.43406],[-83.83367,35.43462],[-83.83299,35.43514],[-83.83199,35.43573],[-83.83098,35.43672],[-83.83065,35.43719]]},"properties":{"net":"sm54728","o":1}},{"type":"Feature","geometry":{"type":"LineString","coordinates":[[-83.83745,35.45573],[-83.83765,35.45569],[-83.83804,35.45521]]},"properties":{"net":"NC3039","o":2}},{"type":"Feature","geometry":{"type":"LineString","coordinates":[[-83.81834,35.27655],[-83.81827,35.27723],[-83.81891,35.27975]]},"properties":{"net":"NC3038","o":4}},{"type":"Feature","geometry":{"type":"LineString","coordinates":[[-83.81726,35.27979],[-83.81815,35.27964],[-83.81891,35.27975]]},"properties":{"net":"NC3038","o":2}},{"type":"Feature","geometry":{"type":"LineString","coordinates":[[-83.80652,35.28693],[-83.80613,35.2871],[-83.80551,35.28758],[-83.80541,35.28771],[-83.80529,35.28833],[-83.8044,35.28881],[-83.8038,35.28959],[-83.80367,35.29103],[-83.80369,35.29229],[-83.803,35.29343]]},"properties":{"net":"NC3038","o":1}},{"type":"Feature","geometry":{"type":"LineString","coordinates":[[-83.81705,35.30241],[-83.81757,35.30297],[-83.81766,35.3037],[-83.81787,35.3039],[-83.81876,35.30427],[-83.81966,35.30428],[-83.81993,35.30439]]},"properties":{"net":"NC3038","o":1}},{"type":"Feature","geometry":{"type":"LineString","coordinates":[[-83.81112,35.29215],[-83.81196,35.2914],[-83.81267,35.29096],[-83.81401,35.29042],[-83.81464,35.29036],[-83.81574,35.29065]]},"properties":{"net":"NC3038","o":1}},{"type":"Feature","geometry":{"type":"LineString","coordinates":[[-83.8829,35.60982],[-83.88343,35.60901],[-83.88468,35.60767],[-83.88508,35.60747],[-83.88556,35.60743]]},"properties":{"net":"out","o":5}},{"type":"Feature","geometry":{"type":"LineString","coordinates":[[-83.89327,35.47396],[-83.89351,35.47339],[-83.89386,35.47311],[-83.89434,35.47297],[-83.89581,35.47361],[-83.89647,35.47373],[-83.89697,35.47319],[-83.89738,35.47246],[-83.89798,35.47198],[-83.89843,35.47184],[-83.89919,35.47078]]},"properties":{"net":"NC3039","o":1}},{"type":"Feature","geometry":{"type":"LineString","coordinates":[[-83.89179,35.46329],[-83.89181,35.46311]]},"properties":{"net":"NC3039","o":1}},{"type":"Feature","geometry":{"type":"LineString","coordinates":[[-83.89993,35.48324],[-83.89996,35.48307],[-83.90037,35.48287],[-83.90066,35.48247],[-83.90102,35.48222],[-83.90118,35.48191],[-83.90103,35.48113],[-83.90124,35.4808],[-83.90135,35.47998],[-83.90165,35.47935],[-83.90154,35.47849]]},"properties":{"net":"NC3039","o":2}},{"type":"Feature","geometry":{"type":"LineString","coordinates":[[-83.89146,35.50002],[-83.89149,35.4996],[-83.89101,35.49898],[-83.89105,35.4984],[-83.89046,35.49613],[-83.89031,35.49491],[-83.89048,35.49409],[-83.89084,35.49344],[-83.89083,35.4929],[-83.89102,35.49262],[-83.89098,35.49231],[-83.89087,35.49221]]},"properties":{"net":"NC3039","o":1}},{"type":"Feature","geometry":{"type":"LineString","coordinates":[[-83.88237,35.50961],[-83.88253,35.50902],[-83.88256,35.50845],[-83.88243,35.50758],[-83.88285,35.50685],[-83.88334,35.50645],[-83.88425,35.50542],[-83.88489,35.50494],[-83.88525,35.50451],[-83.88686,35.5032],[-83.88767,35.50273],[-83.88786,35.50236],[-83.88782,35.50131],[-83.88768,35.50085],[-83.88785,35.5006],[-83.8879,35.49984],[-83.88778,35.49967],[-83.88777,35.49914],[-83.88733,35.49868],[-83.88721,35.49834],[-83.8874,35.4979],[-83.88737,35.49727],[-83.8869,35.49655],[-83.88695,35.49593],[-83.88683,35.49524],[-83.88748,35.49407],[-83.88752,35.49368],[-83.88776,35.49344],[-83.88799,35.49266],[-83.88781,35.49225],[-83.88696,35.49146],[-83.88649,35.49132],[-83.88592,35.4914],[-83.88557,35.4912]]},"properties":{"net":"NC3039","o":1}},{"type":"Feature","geometry":{"type":"LineString","coordinates":[[-83.83232,35.4512],[-83.83371,35.45022],[-83.83509,35.44944]]},"properties":{"net":"NC3039","o":7}},{"type":"Feature","geometry":{"type":"LineString","coordinates":[[-83.83242,35.45176],[-83.83232,35.4512]]},"properties":{"net":"NC3039","o":1}},{"type":"Feature","geometry":{"type":"LineString","coordinates":[[-83.83068,35.45184],[-83.83082,35.45141]]},"properties":{"net":"NC3039","o":1}},{"type":"Feature","geometry":{"type":"LineString","coordinates":[[-83.83289,35.47081],[-83.83252,35.47033],[-83.83149,35.46964],[-83.83129,35.46919],[-83.83053,35.46878],[-83.82995,35.46833],[-83.82946,35.46824],[-83.82852,35.46777],[-83.82715,35.46668],[-83.82601,35.46597]]},"properties":{"net":"NC3039","o":1}},{"type":"Feature","geometry":{"type":"LineString","coordinates":[[-83.8344,35.49522],[-83.83453,35.49518],[-83.83472,35.49489],[-83.83474,35.49467],[-83.83489,35.49458],[-83.83479,35.49422],[-83.83486,35.49402],[-83.83473,35.49381]]},"properties":{"net":"NC3039","o":3}},{"type":"Feature","geometry":{"type":"LineString","coordinates":[[-83.83372,35.48701],[-83.83383,35.48683],[-83.8342,35.48684]]},"properties":{"net":"NC3039","o":2}},{"type":"Feature","geometry":{"type":"LineString","coordinates":[[-83.84335,35.50249],[-83.8428,35.50222],[-83.84227,35.50218],[-83.84116,35.50172],[-83.8407,35.50178],[-83.84038,35.50204],[-83.83957,35.5024]]},"properties":{"net":"NC3039","o":1}},{"type":"Feature","geometry":{"type":"LineString","coordinates":[[-83.83249,35.50418],[-83.8322,35.50336],[-83.83216,35.5029],[-83.83259,35.50209],[-83.83289,35.50172],[-83.83317,35.50076],[-83.83386,35.50001]]},"properties":{"net":"NC3039","o":3}},{"type":"Feature","geometry":{"type":"LineString","coordinates":[[-83.82485,35.52016],[-83.82476,35.51926],[-83.82459,35.51893],[-83.82408,35.51834],[-83.82324,35.51802],[-83.82301,35.51782],[-83.82209,35.51664],[-83.82194,35.51614],[-83.82106,35.51507],[-83.82082,35.51463]]},"properties":{"net":"NC3039","o":1}},{"type":"Feature","geometry":{"type":"LineString","coordinates":[[-83.81023,35.30676],[-83.81086,35.30747],[-83.81125,35.30774],[-83.81153,35.30847],[-83.81175,35.30878],[-83.81293,35.3095],[-83.81348,35.30974],[-83.81393,35.31013],[-83.81462,35.31127],[-83.81569,35.31255],[-83.81621,35.31352],[-83.81671,35.31395],[-83.81759,35.31439],[-83.81869,35.3155]]},"properties":{"net":"NC3038","o":4}},{"type":"Feature","geometry":{"type":"LineString","coordinates":[[-83.82019,35.32782],[-83.81928,35.32692],[-83.81821,35.32539],[-83.81737,35.32495]]},"properties":{"net":"NC3038","o":1}},{"type":"Feature","geometry":{"type":"LineString","coordinates":[[-83.8191,35.32892],[-83.81802,35.32859],[-83.81723,35.32876],[-83.81645,35.32907],[-83.81623,35.32926],[-83.81578,35.3301],[-83.81568,35.33083],[-83.81502,35.33164],[-83.81453,35.33201],[-83.81338,35.33265],[-83.81308,35.33273],[-83.81235,35.33259]]},"properties":{"net":"NC3038","o":1}},{"type":"Feature","geometry":{"type":"LineString","coordinates":[[-83.82128,35.34342],[-83.82033,35.34298],[-83.81964,35.34289]]},"properties":{"net":"NC3038","o":2}},{"type":"Feature","geometry":{"type":"LineString","coordinates":[[-83.81964,35.34289],[-83.81962,35.34222],[-83.81936,35.34151]]},"properties":{"net":"NC3038","o":5}},{"type":"Feature","geometry":{"type":"LineString","coordinates":[[-83.81747,35.34501],[-83.81733,35.34451],[-83.81706,35.34431]]},"properties":{"net":"NC3038","o":1}},{"type":"Feature","geometry":{"type":"LineString","coordinates":[[-83.90285,35.61161],[-83.90318,35.61165]]},"properties":{"net":"out","o":5}},{"type":"Feature","geometry":{"type":"LineString","coordinates":[[-83.89724,35.60406],[-83.89792,35.60442],[-83.89861,35.60454],[-83.89882,35.6047],[-83.89874,35.60645]]},"properties":{"net":"out","o":5}},{"type":"Feature","geometry":{"type":"LineString","coordinates":[[-83.89723,35.60402],[-83.89724,35.60406]]},"properties":{"net":"out","o":4}},{"type":"Feature","geometry":{"type":"LineString","coordinates":[[-83.82417,35.52147],[-83.82367,35.52096],[-83.82303,35.5207],[-83.82207,35.51919],[-83.82123,35.51869],[-83.82058,35.51854]]},"properties":{"net":"NC3039","o":1}},{"type":"Feature","geometry":{"type":"LineString","coordinates":[[-83.84321,35.26472],[-83.84344,35.26505],[-83.8443,35.26585],[-83.84474,35.26707],[-83.84482,35.26819],[-83.84498,35.26869],[-83.84497,35.26912],[-83.84471,35.27013],[-83.84447,35.27049],[-83.84457,35.27096],[-83.8445,35.27158]]},"properties":{"net":"NC3038","o":1}},{"type":"Feature","geometry":{"type":"LineString","coordinates":[[-83.81466,35.3525],[-83.81553,35.35196],[-83.81598,35.35134],[-83.81603,35.35098],[-83.81568,35.34989],[-83.81567,35.34957],[-83.81611,35.34883],[-83.81637,35.34804],[-83.81691,35.34713],[-83.81752,35.34548],[-83.81747,35.34501]]},"properties":{"net":"NC3038","o":1}},{"type":"Feature","geometry":{"type":"LineString","coordinates":[[-83.81016,35.33225],[-83.81017,35.33219]]},"properties":{"net":"NC3038","o":5}},{"type":"Feature","geometry":{"type":"LineString","coordinates":[[-83.82255,35.37375],[-83.82091,35.37231],[-83.82024,35.37133],[-83.82022,35.37057],[-83.82038,35.37018],[-83.82088,35.36959],[-83.82097,35.36928],[-83.8209,35.36879]]},"properties":{"net":"NC3038","o":1}},{"type":"Feature","geometry":{"type":"LineString","coordinates":[[-83.81909,35.35336],[-83.82051,35.35299],[-83.82184,35.35313],[-83.82243,35.35291]]},"properties":{"net":"NC3038","o":1}},{"type":"Feature","geometry":{"type":"LineString","coordinates":[[-83.81644,35.36402],[-83.8168,35.36394],[-83.81718,35.3641]]},"properties":{"net":"NC3038","o":3}},{"type":"Feature","geometry":{"type":"LineString","coordinates":[[-83.80992,35.35856],[-83.80896,35.35926],[-83.80869,35.35971],[-83.80856,35.36044],[-83.80881,35.36134],[-83.80876,35.36182]]},"properties":{"net":"NC3038","o":1}},{"type":"Feature","geometry":{"type":"LineString","coordinates":[[-83.81158,35.37841],[-83.8118,35.37783],[-83.81208,35.37761],[-83.81241,35.37706],[-83.81359,35.37597],[-83.81411,35.37576],[-83.81492,35.37509],[-83.81537,35.37437],[-83.81585,35.37386],[-83.81638,35.37265]]},"properties":{"net":"NC3038","o":2}},{"type":"Feature","geometry":{"type":"LineString","coordinates":[[-83.82715,35.25906],[-83.82605,35.25981],[-83.82477,35.26101],[-83.82434,35.26121],[-83.82383,35.26122],[-83.82321,35.26098],[-83.82253,35.2611],[-83.82135,35.26104],[-83.81949,35.26159]]},"properties":{"net":"NC3038","o":1}},{"type":"Feature","geometry":{"type":"LineString","coordinates":[[-83.83185,35.28801],[-83.83287,35.28751],[-83.8335,35.28703],[-83.83411,35.28675]]},"properties":{"net":"NC3038","o":1}},{"type":"Feature","geometry":{"type":"LineString","coordinates":[[-83.83776,35.28912],[-83.83802,35.2895]]},"properties":{"net":"NC3038","o":2}},{"type":"Feature","geometry":{"type":"LineString","coordinates":[[-83.83338,35.30432],[-83.83278,35.30513],[-83.83216,35.30561],[-83.8318,35.30604]]},"properties":{"net":"NC3038","o":2}},{"type":"Feature","geometry":{"type":"LineString","coordinates":[[-83.83571,35.30771],[-83.83463,35.30758],[-83.83363,35.30758],[-83.83305,35.30741],[-83.8327,35.30718],[-83.8318,35.30604]]},"properties":{"net":"NC3038","o":1}},{"type":"Feature","geometry":{"type":"LineString","coordinates":[[-83.8221,35.29569],[-83.82386,35.29729],[-83.82439,35.29826]]},"properties":{"net":"NC3038","o":1}},{"type":"Feature","geometry":{"type":"LineString","coordinates":[[-83.82467,35.33669],[-83.82471,35.33736],[-83.82519,35.33806],[-83.82551,35.33834],[-83.82558,35.33873]]},"properties":{"net":"NC3038","o":1}},{"type":"Feature","geometry":{"type":"LineString","coordinates":[[-83.81936,35.34151],[-83.81926,35.34129],[-83.81926,35.34054],[-83.81934,35.34046],[-83.81939,35.33992],[-83.81988,35.33914],[-83.82047,35.33868],[-83.82166,35.33871],[-83.82252,35.33914],[-83.8227,35.33914],[-83.82311,35.33941],[-83.82412,35.33937],[-83.82508,35.33919],[-83.82558,35.33873]]},"properties":{"net":"NC3038","o":5}},{"type":"Feature","geometry":{"type":"LineString","coordinates":[[-83.81737,35.25659],[-83.81902,35.25795],[-83.81977,35.25832]]},"properties":{"net":"NC3038","o":1}},{"type":"Feature","geometry":{"type":"LineString","coordinates":[[-83.81681,35.26492],[-83.81856,35.26544],[-83.81901,35.26573]]},"properties":{"net":"NC3038","o":2}},{"type":"Feature","geometry":{"type":"LineString","coordinates":[[-83.81416,35.26283],[-83.81524,35.2635],[-83.81681,35.26492]]},"properties":{"net":"NC3038","o":2}},{"type":"Feature","geometry":{"type":"LineString","coordinates":[[-83.80426,35.26361],[-83.80522,35.2638],[-83.80715,35.26463],[-83.81054,35.26452],[-83.8109,35.26443],[-83.81192,35.26392],[-83.81287,35.26313],[-83.81416,35.26283]]},"properties":{"net":"NC3038","o":1}},{"type":"Feature","geometry":{"type":"LineString","coordinates":[[-83.82063,35.2848],[-83.81958,35.28513]]},"properties":{"net":"NC3038","o":2}},{"type":"Feature","geometry":{"type":"LineString","coordinates":[[-83.84185,35.35224],[-83.84071,35.35111]]},"properties":{"net":"NC3038","o":1}},{"type":"Feature","geometry":{"type":"LineString","coordinates":[[-83.83642,35.35758],[-83.83735,35.35716],[-83.83865,35.35612],[-83.83895,35.3562],[-83.8397,35.35674],[-83.84055,35.35692],[-83.8415,35.35727]]},"properties":{"net":"NC3038","o":1}},{"type":"Feature","geometry":{"type":"LineString","coordinates":[[-83.82791,35.35364],[-83.82847,35.35335]]},"properties":{"net":"NC3038","o":3}},{"type":"Feature","geometry":{"type":"LineString","coordinates":[[-83.82775,35.35354],[-83.82791,35.35364]]},"properties":{"net":"NC3038","o":2}},{"type":"Feature","geometry":{"type":"LineString","coordinates":[[-83.85989,35.59696],[-83.8607,35.59744],[-83.86205,35.59885],[-83.86211,35.59901],[-83.86336,35.60002],[-83.86406,35.60032],[-83.86475,35.60037],[-83.86528,35.6001],[-83.86526,35.59964],[-83.86504,35.59929],[-83.86432,35.59894],[-83.86386,35.59858],[-83.86378,35.59834],[-83.86387,35.59788],[-83.86447,35.59705],[-83.86499,35.59657],[-83.86565,35.59612]]},"properties":{"net":"out","o":5}},{"type":"Feature","geometry":{"type":"LineString","coordinates":[[-83.85036,35.58956],[-83.85065,35.58977],[-83.85086,35.59009],[-83.85112,35.59023],[-83.85169,35.5904],[-83.85258,35.59044],[-83.85273,35.59059]]},"properties":{"net":"out","o":4}},{"type":"Feature","geometry":{"type":"LineString","coordinates":[[-83.79071,35.31822],[-83.79043,35.31929],[-83.79081,35.32103],[-83.7902,35.32192],[-83.79013,35.3226],[-83.78989,35.3229]]},"properties":{"net":"NC3038","o":1}},{"type":"Feature","geometry":{"type":"LineString","coordinates":[[-83.7912,35.33769],[-83.79191,35.33809],[-83.7921,35.33885],[-83.79268,35.33915],[-83.79261,35.33944],[-83.79299,35.33951],[-83.79319,35.33926],[-83.79343,35.33921],[-83.79413,35.34001],[-83.79462,35.34018],[-83.79494,35.34051],[-83.79528,35.3404],[-83.79544,35.34048],[-83.79559,35.34065],[-83.79564,35.34123],[-83.79604,35.34137],[-83.79683,35.34072],[-83.79951,35.33998]]},"properties":{"net":"NC3038","o":4}},{"type":"Feature","geometry":{"type":"LineString","coordinates":[[-83.78955,35.34871],[-83.78975,35.34846],[-83.78979,35.34821]]},"properties":{"net":"NC3038","o":4}},{"type":"Feature","geometry":{"type":"LineString","coordinates":[[-83.79025,35.3536],[-83.78923,35.35277],[-83.78904,35.35251],[-83.78853,35.35152],[-83.78843,35.35064],[-83.78821,35.35027],[-83.78825,35.35012],[-83.78955,35.34871]]},"properties":{"net":"NC3038","o":1}},{"type":"Feature","geometry":{"type":"LineString","coordinates":[[-83.77479,35.35419],[-83.77581,35.35382],[-83.77669,35.35365],[-83.77763,35.35298]]},"properties":{"net":"NC3038","o":4}},{"type":"Feature","geometry":{"type":"LineString","coordinates":[[-83.76842,35.36457],[-83.76987,35.36386],[-83.77029,35.36345]]},"properties":{"net":"NC3038","o":4}},{"type":"Feature","geometry":{"type":"LineString","coordinates":[[-83.88449,35.34576],[-83.88543,35.34524],[-83.8862,35.34459]]},"properties":{"net":"NC3038","o":1}},{"type":"Feature","geometry":{"type":"LineString","coordinates":[[-83.88385,35.33242],[-83.88421,35.33239],[-83.88447,35.33216]]},"properties":{"net":"NC3038","o":1}},{"type":"Feature","geometry":{"type":"LineString","coordinates":[[-83.87827,35.34996],[-83.87829,35.35016],[-83.87843,35.35028],[-83.87933,35.35084],[-83.87977,35.35152]]},"properties":{"net":"NC3038","o":1}},{"type":"Feature","geometry":{"type":"LineString","coordinates":[[-83.78961,35.34567],[-83.78975,35.34544],[-83.79042,35.34494],[-83.79039,35.34436],[-83.79048,35.34391],[-83.79006,35.34301],[-83.78821,35.3415],[-83.78795,35.34118]]},"properties":{"net":"NC3038","o":4}},{"type":"Feature","geometry":{"type":"LineString","coordinates":[[-83.88715,35.35046],[-83.88625,35.35123],[-83.88494,35.35199],[-83.88369,35.35211],[-83.88217,35.35252],[-83.88131,35.35249],[-83.88074,35.35275]]},"properties":{"net":"NC3038","o":1}},{"type":"Feature","geometry":{"type":"LineString","coordinates":[[-83.90582,35.37069],[-83.90546,35.37045],[-83.90493,35.37043],[-83.9046,35.37019],[-83.90438,35.3702],[-83.90332,35.36938],[-83.90224,35.36895],[-83.90187,35.36868],[-83.90111,35.36853],[-83.90074,35.36829],[-83.89999,35.36821]]},"properties":{"net":"NC3038","o":5}},{"type":"Feature","geometry":{"type":"LineString","coordinates":[[-83.89231,35.36721],[-83.89439,35.36729],[-83.89491,35.3675]]},"properties":{"net":"NC3038","o":1}},{"type":"Feature","geometry":{"type":"LineString","coordinates":[[-83.76695,35.35349],[-83.76817,35.35419],[-83.76965,35.35411],[-83.77088,35.35472]]},"properties":{"net":"NC3038","o":2}},{"type":"Feature","geometry":{"type":"LineString","coordinates":[[-83.76622,35.36613],[-83.76646,35.36592]]},"properties":{"net":"NC3038","o":3}},{"type":"Feature","geometry":{"type":"LineString","coordinates":[[-83.76499,35.37047],[-83.76519,35.37004],[-83.76585,35.36975],[-83.76614,35.36949]]},"properties":{"net":"NC3038","o":2}},{"type":"Feature","geometry":{"type":"LineString","coordinates":[[-83.7604,35.35992],[-83.76231,35.36218],[-83.76327,35.36369]]},"properties":{"net":"NC3038","o":1}},{"type":"Feature","geometry":{"type":"LineString","coordinates":[[-83.78108,35.37698],[-83.78111,35.37622],[-83.78127,35.37572],[-83.78125,35.37509],[-83.78091,35.3738]]},"properties":{"net":"NC3038","o":2}},{"type":"Feature","geometry":{"type":"LineString","coordinates":[[-83.76003,35.3787],[-83.76051,35.37809],[-83.76133,35.3776],[-83.76155,35.37715],[-83.76269,35.37664],[-83.76294,35.3764],[-83.76307,35.37595]]},"properties":{"net":"NC3038","o":2}},{"type":"Feature","geometry":{"type":"LineString","coordinates":[[-83.87244,35.51982],[-83.87281,35.51944],[-83.87333,35.51812],[-83.8732,35.51746],[-83.87339,35.51689],[-83.87234,35.51567],[-83.87218,35.51525],[-83.87219,35.51482],[-83.87367,35.51312],[-83.87368,35.51284],[-83.87356,35.51273],[-83.87352,35.51237],[-83.87366,35.51216]]},"properties":{"net":"NC3039","o":1}},{"type":"Feature","geometry":{"type":"LineString","coordinates":[[-83.78384,35.34558],[-83.78413,35.34551],[-83.78478,35.34557],[-83.78625,35.34636],[-83.78693,35.34648],[-83.78782,35.34624],[-83.78838,35.3459],[-83.78922,35.34584],[-83.78961,35.34567]]},"properties":{"net":"NC3038","o":1}},{"type":"Feature","geometry":{"type":"LineString","coordinates":[[-83.79791,35.36866],[-83.79817,35.36849]]},"properties":{"net":"NC3038","o":3}},{"type":"Feature","geometry":{"type":"LineString","coordinates":[[-83.79773,35.36842],[-83.79817,35.36849]]},"properties":{"net":"NC3038","o":2}},{"type":"Feature","geometry":{"type":"LineString","coordinates":[[-83.78243,35.35311],[-83.78303,35.35285],[-83.7831,35.35234]]},"properties":{"net":"NC3038","o":4}},{"type":"Feature","geometry":{"type":"LineString","coordinates":[[-83.89697,35.37],[-83.89512,35.37148],[-83.89459,35.3715],[-83.89399,35.37181],[-83.89373,35.37182],[-83.89301,35.37243],[-83.89271,35.37244],[-83.89237,35.37275],[-83.89132,35.37282],[-83.88998,35.374],[-83.88867,35.37416],[-83.88804,35.37473],[-83.888,35.37487]]},"properties":{"net":"NC3038","o":5}},{"type":"Feature","geometry":{"type":"LineString","coordinates":[[-83.90449,35.38302],[-83.90234,35.38289],[-83.90045,35.38208],[-83.89783,35.38144],[-83.89714,35.38116]]},"properties":{"net":"NC3038","o":1}},{"type":"Feature","geometry":{"type":"LineString","coordinates":[[-83.89714,35.38116],[-83.89578,35.37934],[-83.8954,35.37834],[-83.89531,35.37769],[-83.89425,35.37683],[-83.89371,35.37671]]},"properties":{"net":"NC3038","o":2}},{"type":"Feature","geometry":{"type":"LineString","coordinates":[[-83.88979,35.38193],[-83.88934,35.38173],[-83.88913,35.38138],[-83.88887,35.38125],[-83.88876,35.38108],[-83.88895,35.38052],[-83.88886,35.37971],[-83.88853,35.37929],[-83.88818,35.37916]]},"properties":{"net":"NC3038","o":1}},{"type":"Feature","geometry":{"type":"LineString","coordinates":[[-83.89059,35.37544],[-83.89009,35.37528],[-83.88825,35.37546],[-83.88802,35.37529]]},"properties":{"net":"NC3038","o":2}},{"type":"Feature","geometry":{"type":"LineString","coordinates":[[-83.89028,35.43829],[-83.89077,35.44009],[-83.89105,35.44038],[-83.89095,35.44206],[-83.89025,35.44286],[-83.89019,35.44311],[-83.89029,35.44368],[-83.89085,35.44468],[-83.89084,35.44486],[-83.89048,35.44521]]},"properties":{"net":"NC3039","o":1}},{"type":"Feature","geometry":{"type":"LineString","coordinates":[[-83.90721,35.48156],[-83.90686,35.4811],[-83.90671,35.48054],[-83.90721,35.47905],[-83.9075,35.47864],[-83.90761,35.47824],[-83.90732,35.47763],[-83.90734,35.47731],[-83.90725,35.47716],[-83.90709,35.47705],[-83.90641,35.47701],[-83.90521,35.4771],[-83.90427,35.47675],[-83.903,35.47675],[-83.90165,35.47611]]},"properties":{"net":"NC3039","o":1}},{"type":"Feature","geometry":{"type":"LineString","coordinates":[[-83.90106,35.46655],[-83.90103,35.46644]]},"properties":{"net":"NC3039","o":2}},{"type":"Feature","geometry":{"type":"LineString","coordinates":[[-83.89957,35.47167],[-83.89962,35.47133],[-83.89919,35.47078]]},"properties":{"net":"NC3039","o":2}},{"type":"Feature","geometry":{"type":"LineString","coordinates":[[-83.89914,35.46399],[-83.89991,35.46353]]},"properties":{"net":"NC3039","o":1}},{"type":"Feature","geometry":{"type":"LineString","coordinates":[[-83.73516,35.25373],[-83.73566,35.25421],[-83.73682,35.25505],[-83.73739,35.25568],[-83.73773,35.25649],[-83.73812,35.25697],[-83.73862,35.2573],[-83.73929,35.25756],[-83.73957,35.2578],[-83.73983,35.25832],[-83.73991,35.25889]]},"properties":{"net":"NC3038","o":1}},{"type":"Feature","geometry":{"type":"LineString","coordinates":[[-83.72379,35.25912],[-83.72403,35.25959],[-83.72414,35.26026],[-83.72415,35.26123],[-83.72433,35.26161],[-83.72464,35.26194],[-83.72554,35.26256],[-83.72702,35.26294],[-83.72817,35.26305],[-83.72874,35.26325],[-83.72915,35.2635],[-83.72974,35.26429],[-83.73123,35.26518],[-83.73261,35.26614]]},"properties":{"net":"NC3038","o":1}},{"type":"Feature","geometry":{"type":"LineString","coordinates":[[-83.7335,35.27003],[-83.73428,35.27018]]},"properties":{"net":"NC3038","o":4}},{"type":"Feature","geometry":{"type":"LineString","coordinates":[[-83.87464,35.43976],[-83.87368,35.44277]]},"properties":{"net":"NC3039","o":1}},{"type":"Feature","geometry":{"type":"LineString","coordinates":[[-83.87368,35.44277],[-83.87395,35.44431],[-83.87384,35.44506],[-83.87386,35.44621],[-83.87435,35.44692]]},"properties":{"net":"NC3039","o":1}},{"type":"Feature","geometry":{"type":"LineString","coordinates":[[-83.90782,35.31144],[-83.90673,35.31148]]},"properties":{"net":"NC3038","o":4}},{"type":"Feature","geometry":{"type":"LineString","coordinates":[[-83.90524,35.32316],[-83.90538,35.32357]]},"properties":{"net":"NC3038","o":4}},{"type":"Feature","geometry":{"type":"LineString","coordinates":[[-83.72385,35.27204],[-83.72428,35.2723],[-83.7249,35.27308],[-83.72604,35.27334],[-83.72702,35.27377],[-83.72876,35.2751],[-83.73024,35.27601],[-83.73084,35.27615],[-83.73141,35.27595]]},"properties":{"net":"NC3038","o":4}},{"type":"Feature","geometry":{"type":"LineString","coordinates":[[-83.77664,35.25523],[-83.77618,35.2555]]},"properties":{"net":"NC3038","o":2}},{"type":"Feature","geometry":{"type":"LineString","coordinates":[[-83.77979,35.26756],[-83.77835,35.26695],[-83.77743,35.26681],[-83.77683,35.26696],[-83.77565,35.26748]]},"properties":{"net":"NC3038","o":1}},{"type":"Feature","geometry":{"type":"LineString","coordinates":[[-83.77594,35.25092],[-83.77551,35.25147],[-83.7741,35.25256],[-83.77333,35.2534],[-83.77299,35.25365],[-83.77269,35.25405],[-83.77226,35.25495],[-83.77111,35.25588]]},"properties":{"net":"NC3038","o":1}},{"type":"Feature","geometry":{"type":"LineString","coordinates":[[-83.77103,35.25225],[-83.77141,35.25299],[-83.77152,35.25344],[-83.77142,35.25424],[-83.77113,35.25535],[-83.77111,35.25588]]},"properties":{"net":"NC3038","o":1}},{"type":"Feature","geometry":{"type":"LineString","coordinates":[[-83.90117,35.31533],[-83.90154,35.31621],[-83.90174,35.31643],[-83.90254,35.3167],[-83.90325,35.3172],[-83.90408,35.31755],[-83.90449,35.31791]]},"properties":{"net":"NC3038","o":2}},{"type":"Feature","geometry":{"type":"LineString","coordinates":[[-83.89726,35.3195],[-83.89758,35.31974],[-83.89791,35.32015],[-83.89797,35.32086],[-83.89776,35.32126],[-83.89684,35.32219],[-83.89652,35.32352]]},"properties":{"net":"NC3038","o":1}},{"type":"Feature","geometry":{"type":"LineString","coordinates":[[-83.89337,35.32242],[-83.89493,35.32305],[-83.89557,35.32345],[-83.89616,35.32346],[-83.89636,35.3236]]},"properties":{"net":"NC3038","o":2}},{"type":"Feature","geometry":{"type":"LineString","coordinates":[[-83.77592,35.28316],[-83.77541,35.2833],[-83.7751,35.28356],[-83.77484,35.28397],[-83.77414,35.2843],[-83.77368,35.28447],[-83.77213,35.28468]]},"properties":{"net":"NC3038","o":1}},{"type":"Feature","geometry":{"type":"LineString","coordinates":[[-83.801,35.42622],[-83.80139,35.42673],[-83.80172,35.42743],[-83.80364,35.42967],[-83.80426,35.43108],[-83.80421,35.43182],[-83.80428,35.4325]]},"properties":{"net":"NC3039","o":1}},{"type":"Feature","geometry":{"type":"LineString","coordinates":[[-83.8197,35.45146],[-83.82003,35.45116]]},"properties":{"net":"NC3039","o":1}},{"type":"Feature","geometry":{"type":"LineString","coordinates":[[-83.81531,35.4486],[-83.81594,35.44794],[-83.81636,35.44771]]},"properties":{"net":"NC3039","o":1}},{"type":"Feature","geometry":{"type":"LineString","coordinates":[[-83.81098,35.4448],[-83.81206,35.44514]]},"properties":{"net":"NC3039","o":7}},{"type":"Feature","geometry":{"type":"LineString","coordinates":[[-83.80798,35.4442],[-83.80876,35.44403],[-83.8094,35.44409]]},"properties":{"net":"NC3039","o":7}},{"type":"Feature","geometry":{"type":"LineString","coordinates":[[-83.80806,35.44619],[-83.80708,35.44617],[-83.80673,35.44608]]},"properties":{"net":"NC3039","o":1}},{"type":"Feature","geometry":{"type":"LineString","coordinates":[[-83.80514,35.44236],[-83.80626,35.44261],[-83.80732,35.44329],[-83.80746,35.44343],[-83.80749,35.44365]]},"properties":{"net":"NC3039","o":2}},{"type":"Feature","geometry":{"type":"LineString","coordinates":[[-83.80969,35.45195],[-83.80921,35.45137],[-83.80758,35.45043],[-83.80728,35.45036],[-83.8065,35.45048],[-83.80625,35.45013],[-83.80623,35.44995],[-83.80608,35.44986],[-83.80545,35.4502],[-83.80466,35.45017]]},"properties":{"net":"NC3039","o":1}},{"type":"Feature","geometry":{"type":"LineString","coordinates":[[-83.80466,35.45017],[-83.80447,35.45016]]},"properties":{"net":"NC3039","o":1}},{"type":"Feature","geometry":{"type":"LineString","coordinates":[[-83.87621,35.45321],[-83.87712,35.4542],[-83.87728,35.45456],[-83.87708,35.45498],[-83.8768,35.45531],[-83.87665,35.45536],[-83.87453,35.45503],[-83.87332,35.45526],[-83.8719,35.45601],[-83.87056,35.45651],[-83.87039,35.45667]]},"properties":{"net":"NC3039","o":1}},{"type":"Feature","geometry":{"type":"LineString","coordinates":[[-83.88177,35.45965],[-83.8823,35.46002],[-83.88306,35.46027],[-83.8844,35.46012],[-83.88524,35.46025]]},"properties":{"net":"NC3039","o":1}},{"type":"Feature","geometry":{"type":"LineString","coordinates":[[-83.88249,35.47243],[-83.88206,35.47114],[-83.8818,35.47081],[-83.88156,35.47023],[-83.88104,35.46959],[-83.88072,35.4689],[-83.88068,35.46788],[-83.88086,35.46697],[-83.88068,35.46598]]},"properties":{"net":"NC3039","o":1}},{"type":"Feature","geometry":{"type":"LineString","coordinates":[[-83.87118,35.45862],[-83.87386,35.46032],[-83.87698,35.46159]]},"properties":{"net":"NC3039","o":7}},{"type":"Feature","geometry":{"type":"LineString","coordinates":[[-83.87075,35.47222],[-83.87084,35.47206],[-83.87083,35.47178],[-83.87128,35.47081]]},"properties":{"net":"NC3039","o":4}},{"type":"Feature","geometry":{"type":"LineString","coordinates":[[-83.86983,35.45734],[-83.87118,35.45862]]},"properties":{"net":"NC3039","o":7}},{"type":"Feature","geometry":{"type":"LineString","coordinates":[[-83.72121,35.292],[-83.72139,35.29113],[-83.72126,35.29013],[-83.72087,35.28933],[-83.72022,35.28851],[-83.7198,35.28722],[-83.71913,35.2863],[-83.71845,35.28461],[-83.71826,35.28341],[-83.71795,35.28275],[-83.71784,35.28213],[-83.71735,35.28164],[-83.71687,35.28137]]},"properties":{"net":"NC3038","o":1}},{"type":"Feature","geometry":{"type":"LineString","coordinates":[[-83.72657,35.33629],[-83.72724,35.33566],[-83.72817,35.33536]]},"properties":{"net":"NC3038","o":2}},{"type":"Feature","geometry":{"type":"LineString","coordinates":[[-83.72194,35.34444],[-83.72263,35.34421],[-83.72316,35.34392],[-83.72457,35.34253],[-83.7246,35.34217],[-83.72501,35.34176],[-83.72509,35.34157],[-83.72522,35.34018],[-83.72543,35.33965],[-83.72537,35.33945],[-83.72504,35.33912],[-83.72497,35.33817],[-83.72508,35.33799],[-83.72553,35.33771],[-83.72608,35.33685],[-83.72657,35.33629]]},"properties":{"net":"NC3038","o":2}},{"type":"Feature","geometry":{"type":"LineString","coordinates":[[-83.80737,35.48193],[-83.80769,35.48176],[-83.80808,35.48112],[-83.80932,35.48045],[-83.80983,35.47986]]},"properties":{"net":"NC3039","o":1}},{"type":"Feature","geometry":{"type":"LineString","coordinates":[[-83.84522,35.27693],[-83.84552,35.27945],[-83.84608,35.28041],[-83.8461,35.281],[-83.84588,35.28181],[-83.84581,35.2825],[-83.84591,35.2834]]},"properties":{"net":"NC3038","o":3}},{"type":"Feature","geometry":{"type":"LineString","coordinates":[[-83.89891,35.2635],[-83.89877,35.26364]]},"properties":{"net":"NC6264","o":4}},{"type":"Feature","geometry":{"type":"LineString","coordinates":[[-83.89309,35.26603],[-83.89217,35.2659],[-83.8913,35.26563],[-83.89061,35.26511],[-83.8897,35.26397],[-83.88829,35.26336]]},"properties":{"net":"NC6264","o":4}},{"type":"Feature","geometry":{"type":"LineString","coordinates":[[-83.87139,35.50822],[-83.87119,35.50807],[-83.87101,35.50751],[-83.87066,35.50713],[-83.87066,35.50682],[-83.87087,35.50648],[-83.87086,35.50634],[-83.87031,35.50583],[-83.86991,35.50489],[-83.86961,35.50467],[-83.86942,35.50428],[-83.86851,35.50333],[-83.86754,35.50189],[-83.86751,35.50176],[-83.86772,35.50153],[-83.86771,35.50141],[-83.86749,35.50113],[-83.86694,35.50079],[-83.86665,35.5001],[-83.8664,35.49977],[-83.86637,35.49928],[-83.86619,35.49909],[-83.86597,35.49826],[-83.86543,35.4972]]},"properties":{"net":"NC3039","o":2}},{"type":"Feature","geometry":{"type":"LineString","coordinates":[[-83.90104,35.33853],[-83.89951,35.33764],[-83.89907,35.33751],[-83.89857,35.33715],[-83.89763,35.33673],[-83.89698,35.33661],[-83.89611,35.33662],[-83.8955,35.3364],[-83.89498,35.33639],[-83.89278,35.3355],[-83.89219,35.33541],[-83.89146,35.33543]]},"properties":{"net":"NC3038","o":1}},{"type":"Feature","geometry":{"type":"LineString","coordinates":[[-83.73702,35.35993],[-83.73642,35.35928],[-83.73524,35.35857],[-83.73483,35.358],[-83.73447,35.35791],[-83.73419,35.35802]]},"properties":{"net":"NC3038","o":2}},{"type":"Feature","geometry":{"type":"LineString","coordinates":[[-83.76378,35.28776],[-83.76359,35.28755],[-83.7635,35.28704],[-83.76394,35.28705],[-83.76431,35.28671],[-83.76514,35.28644]]},"properties":{"net":"NC3038","o":2}},{"type":"Feature","geometry":{"type":"LineString","coordinates":[[-83.76179,35.27656],[-83.76159,35.27701],[-83.76122,35.27749]]},"properties":{"net":"NC3038","o":3}},{"type":"Feature","geometry":{"type":"LineString","coordinates":[[-83.77183,35.29148],[-83.77267,35.29198],[-83.77447,35.29252],[-83.77554,35.29303]]},"properties":{"net":"NC3038","o":4}},{"type":"Feature","geometry":{"type":"LineString","coordinates":[[-83.76767,35.30134],[-83.76811,35.30107],[-83.76817,35.3006],[-83.76843,35.30033],[-83.76859,35.29996],[-83.76931,35.2997]]},"properties":{"net":"NC3038","o":3}},{"type":"Feature","geometry":{"type":"LineString","coordinates":[[-83.76953,35.30588],[-83.76902,35.30546],[-83.76848,35.30482],[-83.76773,35.30432],[-83.76726,35.30387],[-83.76686,35.30296],[-83.7667,35.30214],[-83.76654,35.30177]]},"properties":{"net":"NC3038","o":1}},{"type":"Feature","geometry":{"type":"LineString","coordinates":[[-83.76292,35.30268],[-83.76304,35.30251],[-83.76379,35.3023],[-83.76427,35.3023],[-83.76478,35.30183],[-83.76519,35.30173]]},"properties":{"net":"NC3038","o":3}},{"type":"Feature","geometry":{"type":"LineString","coordinates":[[-83.84609,35.27032],[-83.84541,35.27102],[-83.8445,35.27158]]},"properties":{"net":"NC3038","o":2}},{"type":"Feature","geometry":{"type":"LineString","coordinates":[[-83.86341,35.38377],[-83.86387,35.38452],[-83.86399,35.38513],[-83.86406,35.38697]]},"properties":{"net":"out","o":6}},{"type":"Feature","geometry":{"type":"LineString","coordinates":[[-83.86182,35.44905],[-83.86453,35.44861]]},"properties":{"net":"NC3039","o":7}},{"type":"Feature","geometry":{"type":"LineString","coordinates":[[-83.85455,35.45131],[-83.85534,35.45107]]},"properties":{"net":"NC3039","o":7}},{"type":"Feature","geometry":{"type":"LineString","coordinates":[[-83.85401,35.44763],[-83.85442,35.44819],[-83.85467,35.44929],[-83.85504,35.45013]]},"properties":{"net":"NC3039","o":2}},{"type":"Feature","geometry":{"type":"LineString","coordinates":[[-83.84923,35.44725],[-83.84983,35.44731],[-83.85119,35.44703],[-83.85166,35.44704],[-83.85401,35.44763]]},"properties":{"net":"NC3039","o":1}},{"type":"Feature","geometry":{"type":"LineString","coordinates":[[-83.84705,35.44099],[-83.84698,35.44155],[-83.84715,35.44178],[-83.84733,35.44282],[-83.84682,35.44312],[-83.84645,35.44303],[-83.84619,35.44309],[-83.84537,35.44401],[-83.84428,35.44479],[-83.84417,35.44505]]},"properties":{"net":"NC3039","o":2}},{"type":"Feature","geometry":{"type":"LineString","coordinates":[[-83.79332,35.2667],[-83.79258,35.26779],[-83.79195,35.26841],[-83.79061,35.26933],[-83.78963,35.26978],[-83.78934,35.27007],[-83.78865,35.27028],[-83.78736,35.27027],[-83.78664,35.2707],[-83.78556,35.27175],[-83.78506,35.27196],[-83.78415,35.27198]]},"properties":{"net":"NC3038","o":1}},{"type":"Feature","geometry":{"type":"LineString","coordinates":[[-83.78898,35.28775],[-83.78902,35.28819],[-83.78892,35.28904],[-83.78919,35.2901],[-83.7897,35.2908],[-83.79069,35.29159]]},"properties":{"net":"NC3038","o":2}},{"type":"Feature","geometry":{"type":"LineString","coordinates":[[-83.75923,35.29787],[-83.75965,35.29791],[-83.76063,35.29823],[-83.76104,35.29855],[-83.7618,35.29865],[-83.76306,35.29862],[-83.76365,35.29891],[-83.76454,35.29968],[-83.76478,35.3002],[-83.76498,35.30167],[-83.76519,35.30173]]},"properties":{"net":"NC3038","o":2}},{"type":"Feature","geometry":{"type":"LineString","coordinates":[[-83.77234,35.32493],[-83.77261,35.32447],[-83.77329,35.32368]]},"properties":{"net":"NC3038","o":4}},{"type":"Feature","geometry":{"type":"LineString","coordinates":[[-83.85203,35.47293],[-83.85225,35.47284],[-83.85279,35.47292],[-83.85353,35.47358],[-83.85536,35.47369],[-83.85563,35.47363]]},"properties":{"net":"NC3039","o":4}},{"type":"Feature","geometry":{"type":"LineString","coordinates":[[-83.78485,35.2995],[-83.78532,35.29951]]},"properties":{"net":"NC3038","o":4}},{"type":"Feature","geometry":{"type":"LineString","coordinates":[[-83.802,35.31293],[-83.80212,35.31346],[-83.80188,35.31414],[-83.80059,35.31551],[-83.80008,35.31592]]},"properties":{"net":"NC3038","o":1}},{"type":"Feature","geometry":{"type":"LineString","coordinates":[[-83.79489,35.326],[-83.79564,35.32639],[-83.79642,35.32657],[-83.79786,35.3264]]},"properties":{"net":"NC3038","o":4}},{"type":"Feature","geometry":{"type":"LineString","coordinates":[[-83.79106,35.33014],[-83.79118,35.32955],[-83.79146,35.3291],[-83.79264,35.32781],[-83.79287,35.32728],[-83.79326,35.32676],[-83.79392,35.32634],[-83.79489,35.326]]},"properties":{"net":"NC3038","o":1}},{"type":"Feature","geometry":{"type":"LineString","coordinates":[[-83.87839,35.26228],[-83.87767,35.26355],[-83.87702,35.26402],[-83.87615,35.26484],[-83.87565,35.26497],[-83.8749,35.26475],[-83.87293,35.26522]]},"properties":{"net":"NC6264","o":4}},{"type":"Feature","geometry":{"type":"LineString","coordinates":[[-83.86953,35.26482],[-83.86899,35.26491]]},"properties":{"net":"NC6264","o":4}},{"type":"Feature","geometry":{"type":"LineString","coordinates":[[-83.86899,35.26491],[-83.86821,35.26522],[-83.86754,35.26562],[-83.8669,35.26639],[-83.86599,35.26715]]},"properties":{"net":"NC6264","o":4}},{"type":"Feature","geometry":{"type":"LineString","coordinates":[[-83.87976,35.30448],[-83.87945,35.30446],[-83.87904,35.30415],[-83.87875,35.30366],[-83.87829,35.30339],[-83.87745,35.30338],[-83.87693,35.30355],[-83.87645,35.30357],[-83.87564,35.30335],[-83.87466,35.30276],[-83.87414,35.30262]]},"properties":{"net":"NC6264","o":5}},{"type":"Feature","geometry":{"type":"LineString","coordinates":[[-83.85791,35.29818],[-83.85752,35.29848],[-83.85662,35.29882],[-83.85625,35.29918],[-83.85558,35.29957]]},"properties":{"net":"NC3038","o":1}},{"type":"Feature","geometry":{"type":"LineString","coordinates":[[-83.85326,35.30821],[-83.85328,35.30855],[-83.85347,35.30892],[-83.85422,35.30971],[-83.85476,35.31011]]},"properties":{"net":"NC3038","o":2}},{"type":"Feature","geometry":{"type":"LineString","coordinates":[[-83.85661,35.32432],[-83.85687,35.32374],[-83.85689,35.32294],[-83.85655,35.3224],[-83.85618,35.32204]]},"properties":{"net":"NC3038","o":1}},{"type":"Feature","geometry":{"type":"LineString","coordinates":[[-83.85527,35.31768],[-83.85567,35.31818],[-83.85791,35.31971],[-83.85831,35.32029],[-83.85846,35.32078]]},"properties":{"net":"NC3038","o":1}},{"type":"Feature","geometry":{"type":"LineString","coordinates":[[-83.77142,35.30964],[-83.77192,35.31061],[-83.77274,35.31123],[-83.77347,35.31137],[-83.77418,35.3113],[-83.77471,35.31145],[-83.77556,35.31188],[-83.77672,35.31285],[-83.77862,35.31387]]},"properties":{"net":"NC3038","o":1}},{"type":"Feature","geometry":{"type":"LineString","coordinates":[[-83.76339,35.3264],[-83.76426,35.3263],[-83.76574,35.32681],[-83.7672,35.32638],[-83.7687,35.32617],[-83.76924,35.32591],[-83.7698,35.32582],[-83.77015,35.32523],[-83.77048,35.32502],[-83.77133,35.32505],[-83.77234,35.32493]]},"properties":{"net":"NC3038","o":1}},{"type":"Feature","geometry":{"type":"LineString","coordinates":[[-83.77774,35.34597],[-83.77926,35.34704],[-83.77976,35.3477],[-83.78011,35.34835],[-83.78092,35.34917],[-83.78139,35.35005],[-83.78133,35.35074],[-83.7811,35.3511]]},"properties":{"net":"NC3038","o":1}},{"type":"Feature","geometry":{"type":"LineString","coordinates":[[-83.85472,35.31031],[-83.85443,35.3105],[-83.85273,35.31086],[-83.85149,35.31149],[-83.8505,35.31182],[-83.84932,35.31197],[-83.84905,35.31187]]},"properties":{"net":"NC3038","o":5}},{"type":"Feature","geometry":{"type":"LineString","coordinates":[[-83.84905,35.31187],[-83.8487,35.31192],[-83.84832,35.31226],[-83.84816,35.3126],[-83.84822,35.31355]]},"properties":{"net":"NC3038","o":5}},{"type":"Feature","geometry":{"type":"LineString","coordinates":[[-83.8492,35.31735],[-83.84864,35.3171],[-83.84783,35.31646],[-83.84764,35.31621]]},"properties":{"net":"NC3038","o":2}},{"type":"Feature","geometry":{"type":"LineString","coordinates":[[-83.85734,35.35999],[-83.85843,35.35984],[-83.86329,35.3577]]},"properties":{"net":"NC3038","o":4}},{"type":"Feature","geometry":{"type":"LineString","coordinates":[[-83.85903,35.52015],[-83.85797,35.51993],[-83.85741,35.51914],[-83.85728,35.51848],[-83.85755,35.51722],[-83.8574,35.51694],[-83.85738,35.51669],[-83.85702,35.51633],[-83.85695,35.51603]]},"properties":{"net":"NC3039","o":1}},{"type":"Feature","geometry":{"type":"LineString","coordinates":[[-83.71007,35.2611],[-83.70904,35.26243],[-83.70844,35.26382]]},"properties":{"net":"NC3038","o":1}},{"type":"Feature","geometry":{"type":"LineString","coordinates":[[-83.7039,35.26058],[-83.70431,35.26124],[-83.70574,35.26257],[-83.70816,35.26362],[-83.70844,35.26382]]},"properties":{"net":"NC3038","o":1}},{"type":"Feature","geometry":{"type":"LineString","coordinates":[[-83.71385,35.26942],[-83.7144,35.26962],[-83.71551,35.2698],[-83.71711,35.26965]]},"properties":{"net":"NC3038","o":3}},{"type":"Feature","geometry":{"type":"LineString","coordinates":[[-83.70647,35.31086],[-83.70721,35.31226],[-83.70774,35.3124],[-83.70823,35.3127],[-83.70883,35.3132],[-83.70988,35.31433],[-83.71044,35.31466],[-83.71106,35.31522],[-83.71216,35.31584]]},"properties":{"net":"NC3038","o":1}},{"type":"Feature","geometry":{"type":"LineString","coordinates":[[-83.69626,35.31902],[-83.69832,35.31931],[-83.70005,35.31901],[-83.70095,35.31868],[-83.70169,35.31879],[-83.70243,35.31845]]},"properties":{"net":"NC3038","o":1}},{"type":"Feature","geometry":{"type":"LineString","coordinates":[[-83.6885,35.28212],[-83.69138,35.28169]]},"properties":{"net":"NC3038","o":1}},{"type":"Feature","geometry":{"type":"LineString","coordinates":[[-83.71292,35.27468],[-83.71334,35.27383],[-83.71333,35.27351],[-83.71303,35.27285],[-83.71224,35.27174],[-83.71202,35.27066],[-83.71174,35.26999],[-83.71178,35.26975]]},"properties":{"net":"NC3038","o":1}},{"type":"Feature","geometry":{"type":"LineString","coordinates":[[-83.70606,35.27972],[-83.70418,35.27969],[-83.7028,35.28002],[-83.70128,35.27985]]},"properties":{"net":"NC3038","o":1}},{"type":"Feature","geometry":{"type":"LineString","coordinates":[[-83.70952,35.29573],[-83.70949,35.29541],[-83.70965,35.29503],[-83.70957,35.29374],[-83.71,35.29301],[-83.71007,35.29254],[-83.71024,35.2923]]},"properties":{"net":"NC3038","o":2}},{"type":"Feature","geometry":{"type":"LineString","coordinates":[[-83.71224,35.30437],[-83.71232,35.30347],[-83.71205,35.30273],[-83.71128,35.30189],[-83.71036,35.30108],[-83.70991,35.30041],[-83.7083,35.29862]]},"properties":{"net":"NC3038","o":1}},{"type":"Feature","geometry":{"type":"LineString","coordinates":[[-83.70461,35.29013],[-83.70561,35.28948],[-83.70722,35.28922],[-83.70899,35.28822],[-83.71055,35.28822]]},"properties":{"net":"NC3038","o":1}},{"type":"Feature","geometry":{"type":"LineString","coordinates":[[-83.69199,35.32104],[-83.69228,35.32143],[-83.6926,35.32242],[-83.69292,35.32292],[-83.69522,35.32432]]},"properties":{"net":"NC3038","o":1}},{"type":"Feature","geometry":{"type":"LineString","coordinates":[[-84.29161,35.3672],[-84.29171,35.36807],[-84.29129,35.36841]]},"properties":{"net":"out","o":5}},{"type":"Feature","geometry":{"type":"LineString","coordinates":[[-84.28922,35.36568],[-84.29015,35.36586],[-84.29052,35.36602],[-84.29112,35.3665],[-84.29137,35.36689]]},"properties":{"net":"out","o":5}},{"type":"Feature","geometry":{"type":"LineString","coordinates":[[-84.35342,35.62234],[-84.35329,35.62291],[-84.35384,35.62348],[-84.35379,35.62379],[-84.35358,35.62405]]},"properties":{"net":"out","o":4}},{"type":"Feature","geometry":{"type":"LineString","coordinates":[[-84.27222,35.4125],[-84.27172,35.41155]]},"properties":{"net":"out","o":4}},{"type":"Feature","geometry":{"type":"LineString","coordinates":[[-84.30932,35.40001],[-84.30809,35.39998],[-84.3068,35.40023],[-84.30646,35.40116],[-84.30646,35.40173],[-84.30629,35.40209],[-84.30617,35.40221],[-84.30566,35.40231],[-84.30531,35.40271],[-84.30527,35.40304],[-84.30547,35.40357],[-84.30471,35.40406]]},"properties":{"net":"out","o":4}},{"type":"Feature","geometry":{"type":"LineString","coordinates":[[-84.25027,35.34961],[-84.25073,35.34923],[-84.25101,35.34814],[-84.25142,35.34765],[-84.25225,35.34754],[-84.25296,35.34769],[-84.25357,35.34817],[-84.25359,35.34857],[-84.25331,35.34898],[-84.2535,35.3498],[-84.25412,35.35057],[-84.25578,35.35176],[-84.25915,35.35334],[-84.26064,35.35386],[-84.26233,35.35415],[-84.26436,35.35485],[-84.2657,35.35519],[-84.26756,35.3559]]},"properties":{"net":"out","o":5}},{"type":"Feature","geometry":{"type":"LineString","coordinates":[[-84.27295,35.3582],[-84.27455,35.35769]]},"properties":{"net":"out","o":5}},{"type":"Feature","geometry":{"type":"LineString","coordinates":[[-84.26769,35.3559],[-84.26863,35.35615],[-84.26998,35.35724],[-84.27075,35.35761],[-84.27295,35.3582]]},"properties":{"net":"out","o":5}},{"type":"Feature","geometry":{"type":"LineString","coordinates":[[-84.26198,35.43413],[-84.26199,35.43465],[-84.26228,35.43579],[-84.26239,35.43669],[-84.26219,35.43702],[-84.26212,35.43738],[-84.26224,35.4385],[-84.26246,35.43925],[-84.26333,35.44105],[-84.26336,35.44155],[-84.26324,35.44167]]},"properties":{"net":"out","o":5}},{"type":"Feature","geometry":{"type":"LineString","coordinates":[[-84.24759,35.50277],[-84.24742,35.50347],[-84.24684,35.50391]]},"properties":{"net":"out","o":5}},{"type":"Feature","geometry":{"type":"LineString","coordinates":[[-84.23632,35.65376],[-84.23854,35.65539],[-84.23921,35.65537],[-84.24185,35.65724],[-84.24266,35.65749],[-84.24395,35.65751],[-84.24474,35.65809],[-84.24487,35.65808],[-84.24766,35.66013]]},"properties":{"net":"out","o":7}},{"type":"Feature","geometry":{"type":"LineString","coordinates":[[-84.25202,35.42217],[-84.25224,35.42259]]},"properties":{"net":"out","o":4}},{"type":"Feature","geometry":{"type":"LineString","coordinates":[[-84.26324,35.44167],[-84.26334,35.44192],[-84.26322,35.44272],[-84.26292,35.44356],[-84.26241,35.44452],[-84.26248,35.4461]]},"properties":{"net":"out","o":5}},{"type":"Feature","geometry":{"type":"LineString","coordinates":[[-84.24543,35.49112],[-84.24566,35.49136],[-84.24579,35.49135],[-84.24644,35.4918],[-84.24697,35.49177],[-84.24905,35.49331]]},"properties":{"net":"out","o":5}},{"type":"Feature","geometry":{"type":"LineString","coordinates":[[-84.24905,35.49331],[-84.24924,35.49485],[-84.24891,35.49516],[-84.24808,35.49523],[-84.24795,35.49534],[-84.24623,35.49542],[-84.24607,35.49557],[-84.24527,35.4956],[-84.24452,35.49625],[-84.24436,35.49654],[-84.24438,35.49687],[-84.24463,35.49729],[-84.24584,35.49818],[-84.24604,35.4986],[-84.24669,35.49908],[-84.24678,35.49983]]},"properties":{"net":"out","o":5}},{"type":"Feature","geometry":{"type":"LineString","coordinates":[[-84.26318,35.51983],[-84.26131,35.51866],[-84.26046,35.51845],[-84.25944,35.51849],[-84.25876,35.51881],[-84.25855,35.519]]},"properties":{"net":"out","o":4}},{"type":"Feature","geometry":{"type":"LineString","coordinates":[[-84.24933,35.7047],[-84.24939,35.7067],[-84.24924,35.70703],[-84.24936,35.70822],[-84.24922,35.70877],[-84.24924,35.70964]]},"properties":{"net":"out","o":7}},{"type":"Feature","geometry":{"type":"LineString","coordinates":[[-84.24822,35.69469],[-84.24829,35.69564]]},"properties":{"net":"out","o":7}},{"type":"Feature","geometry":{"type":"LineString","coordinates":[[-84.21603,35.42059],[-84.21663,35.42052],[-84.21695,35.41967],[-84.21756,35.41933],[-84.21792,35.41943],[-84.21849,35.41985],[-84.22009,35.41989],[-84.22073,35.42044]]},"properties":{"net":"out","o":4}},{"type":"Feature","geometry":{"type":"LineString","coordinates":[[-84.22095,35.51395],[-84.22093,35.51373]]},"properties":{"net":"out","o":5}},{"type":"Feature","geometry":{"type":"LineString","coordinates":[[-84.2194,35.51235],[-84.21702,35.51063]]},"properties":{"net":"out","o":5}},{"type":"Feature","geometry":{"type":"LineString","coordinates":[[-84.21739,35.55416],[-84.21812,35.55456],[-84.21875,35.55475],[-84.22172,35.55693]]},"properties":{"net":"out","o":5}},{"type":"Feature","geometry":{"type":"LineString","coordinates":[[-84.21412,35.54947],[-84.2145,35.54981],[-84.21453,35.55028]]},"properties":{"net":"out","o":5}},{"type":"Feature","geometry":{"type":"LineString","coordinates":[[-84.21291,35.54726],[-84.21311,35.54741],[-84.21334,35.54827]]},"properties":{"net":"out","o":5}},{"type":"Feature","geometry":{"type":"LineString","coordinates":[[-84.20215,35.60118],[-84.20204,35.60078],[-84.20186,35.60052]]},"properties":{"net":"out","o":5}},{"type":"Feature","geometry":{"type":"LineString","coordinates":[[-84.21297,35.60425],[-84.2133,35.60467],[-84.21336,35.60488],[-84.21699,35.60761],[-84.21761,35.60837],[-84.21802,35.60926]]},"properties":{"net":"out","o":7}},{"type":"Feature","geometry":{"type":"LineString","coordinates":[[-84.20997,35.68542],[-84.21216,35.68557],[-84.2126,35.68546],[-84.21325,35.68486],[-84.21329,35.68456],[-84.21301,35.68419],[-84.21304,35.6839],[-84.21382,35.68341],[-84.21481,35.68321]]},"properties":{"net":"out","o":4}},{"type":"Feature","geometry":{"type":"LineString","coordinates":[[-84.20838,35.68297],[-84.20895,35.68343],[-84.20928,35.68385],[-84.20951,35.68501],[-84.20997,35.68542]]},"properties":{"net":"out","o":4}},{"type":"Feature","geometry":{"type":"LineString","coordinates":[[-84.20497,35.33412],[-84.20522,35.33397],[-84.20566,35.33395],[-84.2074,35.33424],[-84.20889,35.33479],[-84.21031,35.33577],[-84.2109,35.336],[-84.21157,35.33608],[-84.21196,35.33595],[-84.21229,35.33565],[-84.21251,35.33496],[-84.21292,35.33447],[-84.21339,35.33362],[-84.21366,35.33292],[-84.2137,35.33254]]},"properties":{"net":"out","o":5}},{"type":"Feature","geometry":{"type":"LineString","coordinates":[[-84.20575,35.3381],[-84.20599,35.33849],[-84.2065,35.33886],[-84.20704,35.33898],[-84.20765,35.33892],[-84.20807,35.3385],[-84.20805,35.33818],[-84.20816,35.33785],[-84.20806,35.3371],[-84.20788,35.33692],[-84.20699,35.33682],[-84.20582,35.3364],[-84.2049,35.33579],[-84.20456,35.33541],[-84.20453,35.33487],[-84.20472,35.33435],[-84.20497,35.33412]]},"properties":{"net":"out","o":5}},{"type":"Feature","geometry":{"type":"LineString","coordinates":[[-84.22164,35.57358],[-84.22149,35.57398],[-84.22148,35.57518],[-84.22123,35.5754],[-84.22124,35.57555],[-84.22037,35.57638],[-84.22042,35.57717],[-84.2206,35.57731],[-84.22064,35.57785],[-84.22082,35.57799],[-84.22097,35.57832]]},"properties":{"net":"out","o":5}},{"type":"Feature","geometry":{"type":"LineString","coordinates":[[-84.17118,35.55423],[-84.17146,35.55443],[-84.1718,35.55495],[-84.17246,35.55568],[-84.17248,35.55594],[-84.17268,35.55633],[-84.17278,35.55715]]},"properties":{"net":"out","o":4}},{"type":"Feature","geometry":{"type":"LineString","coordinates":[[-84.17239,35.6388],[-84.17301,35.63856],[-84.17352,35.63811],[-84.17379,35.63752]]},"properties":{"net":"out","o":5}},{"type":"Feature","geometry":{"type":"LineString","coordinates":[[-84.14647,35.65868],[-84.14683,35.6587],[-84.14761,35.65914],[-84.14786,35.65891],[-84.14792,35.65844],[-84.14809,35.65819],[-84.14869,35.65803]]},"properties":{"net":"out","o":5}},{"type":"Feature","geometry":{"type":"LineString","coordinates":[[-84.14152,35.56519],[-84.14188,35.5646],[-84.14184,35.56323],[-84.14163,35.56209],[-84.14103,35.56133]]},"properties":{"net":"out","o":7}},{"type":"Feature","geometry":{"type":"LineString","coordinates":[[-84.09762,35.54085],[-84.09782,35.54102]]},"properties":{"net":"out","o":4}},{"type":"Feature","geometry":{"type":"LineString","coordinates":[[-84.09751,35.54076],[-84.09762,35.54085]]},"properties":{"net":"out","o":4}},{"type":"Feature","geometry":{"type":"LineString","coordinates":[[-84.09784,35.54104],[-84.09782,35.54167],[-84.09716,35.54235],[-84.09694,35.54308],[-84.09617,35.54382],[-84.09597,35.5442]]},"properties":{"net":"out","o":4}},{"type":"Feature","geometry":{"type":"LineString","coordinates":[[-84.11523,35.60481],[-84.11685,35.60386]]},"properties":{"net":"out","o":5}},{"type":"Feature","geometry":{"type":"LineString","coordinates":[[-84.09639,35.60607],[-84.09543,35.60557],[-84.09545,35.60514],[-84.09564,35.60499],[-84.09637,35.60493],[-84.09722,35.60511]]},"properties":{"net":"out","o":5}},{"type":"Feature","geometry":{"type":"LineString","coordinates":[[-84.11654,35.66516],[-84.1168,35.66511],[-84.11733,35.66474],[-84.11654,35.66423]]},"properties":{"net":"out","o":5}},{"type":"Feature","geometry":{"type":"LineString","coordinates":[[-84.05466,35.63213],[-84.05488,35.63184],[-84.05534,35.6317]]},"properties":{"net":"out","o":5}},{"type":"Feature","geometry":{"type":"LineString","coordinates":[[-84.10833,35.44545],[-84.10885,35.4467],[-84.10919,35.44722],[-84.10914,35.44845],[-84.10948,35.44905]]},"properties":{"net":"out","o":4}},{"type":"Feature","geometry":{"type":"LineString","coordinates":[[-84.11523,35.47791],[-84.11534,35.47831]]},"properties":{"net":"out","o":4}},{"type":"Feature","geometry":{"type":"LineString","coordinates":[[-84.09731,35.60517],[-84.09814,35.60506],[-84.09954,35.60547],[-84.09984,35.60542],[-84.10001,35.60527],[-84.10011,35.60472],[-84.10007,35.60415],[-84.09986,35.60358],[-84.09986,35.6031]]},"properties":{"net":"out","o":5}},{"type":"Feature","geometry":{"type":"LineString","coordinates":[[-84.09722,35.60511],[-84.09731,35.60517]]},"properties":{"net":"out","o":5}},{"type":"Feature","geometry":{"type":"LineString","coordinates":[[-84.09955,35.61338],[-84.09948,35.61305],[-84.09892,35.61246],[-84.09817,35.61188],[-84.09741,35.61101],[-84.0973,35.61069],[-84.09729,35.60975],[-84.0975,35.60888],[-84.0975,35.60826],[-84.09782,35.60771],[-84.0978,35.60738],[-84.09756,35.60707],[-84.09644,35.60614]]},"properties":{"net":"out","o":5}},{"type":"Feature","geometry":{"type":"LineString","coordinates":[[-84.05922,35.62918],[-84.06028,35.62894],[-84.06052,35.62898],[-84.06103,35.6299],[-84.06241,35.63133],[-84.06278,35.63213],[-84.0631,35.63225],[-84.06338,35.63211],[-84.06349,35.6318],[-84.06388,35.62944],[-84.06386,35.62826],[-84.06398,35.62813],[-84.06427,35.62805],[-84.06467,35.62817],[-84.06508,35.62845]]},"properties":{"net":"out","o":5}},{"type":"Feature","geometry":{"type":"LineString","coordinates":[[-84.05896,35.7036],[-84.05962,35.70361],[-84.06047,35.70332],[-84.06206,35.70303],[-84.06247,35.70302],[-84.0628,35.70313],[-84.06345,35.70295],[-84.06409,35.70257],[-84.06534,35.70136]]},"properties":{"net":"out","o":4}},{"type":"Feature","geometry":{"type":"LineString","coordinates":[[-84.04455,35.63524],[-84.04465,35.63551],[-84.04444,35.63562],[-84.04446,35.63574],[-84.04472,35.63622],[-84.04509,35.63651],[-84.04525,35.63682]]},"properties":{"net":"out","o":4}},{"type":"Feature","geometry":{"type":"LineString","coordinates":[[-84.05047,35.65887],[-84.05086,35.6587],[-84.05143,35.65862],[-84.05314,35.657],[-84.05367,35.65669],[-84.05381,35.6565]]},"properties":{"net":"out","o":4}},{"type":"Feature","geometry":{"type":"LineString","coordinates":[[-83.89209,35.44878],[-83.8911,35.44845],[-83.8898,35.44735],[-83.88945,35.44665],[-83.88917,35.44545]]},"properties":{"net":"NC3039","o":1}},{"type":"Feature","geometry":{"type":"LineString","coordinates":[[-83.90789,35.46663],[-83.90791,35.46621]]},"properties":{"net":"NC3039","o":2}},{"type":"Feature","geometry":{"type":"LineString","coordinates":[[-83.90494,35.47182],[-83.90463,35.4712],[-83.90467,35.47077],[-83.90486,35.4704],[-83.90557,35.46969],[-83.90565,35.46949],[-83.90557,35.46923],[-83.90564,35.46881],[-83.90604,35.46842]]},"properties":{"net":"NC3039","o":1}},{"type":"Feature","geometry":{"type":"LineString","coordinates":[[-83.88977,35.46278],[-83.89146,35.46234]]},"properties":{"net":"NC3039","o":7}},{"type":"Feature","geometry":{"type":"LineString","coordinates":[[-83.88701,35.46314],[-83.88827,35.46307],[-83.88977,35.46278]]},"properties":{"net":"NC3039","o":7}},{"type":"Feature","geometry":{"type":"LineString","coordinates":[[-83.90038,35.48432],[-83.90003,35.48397],[-83.8999,35.48365],[-83.89993,35.48324]]},"properties":{"net":"NC3039","o":2}},{"type":"Feature","geometry":{"type":"LineString","coordinates":[[-83.88788,35.48898],[-83.8874,35.48906],[-83.88701,35.48895],[-83.88635,35.48898],[-83.88585,35.48879]]},"properties":{"net":"NC3039","o":2}},{"type":"Feature","geometry":{"type":"LineString","coordinates":[[-83.90106,35.58147],[-83.90175,35.5818],[-83.90195,35.58211],[-83.90192,35.58229],[-83.90173,35.58251],[-83.90115,35.58282],[-83.90078,35.5827],[-83.90068,35.58302],[-83.90086,35.58329],[-83.90084,35.58353],[-83.89971,35.58369],[-83.89952,35.58381],[-83.89964,35.58435],[-83.90046,35.58499],[-83.90057,35.5852],[-83.90006,35.58567],[-83.89914,35.58558],[-83.89871,35.58588],[-83.8986,35.5861],[-83.89869,35.58729]]},"properties":{"net":"out","o":4}},{"type":"Feature","geometry":{"type":"LineString","coordinates":[[-83.93957,35.59897],[-83.94031,35.5986],[-83.94112,35.59786],[-83.94135,35.59654],[-83.94186,35.59584],[-83.94216,35.59498],[-83.94219,35.59467],[-83.94162,35.59327],[-83.94154,35.59285]]},"properties":{"net":"out","o":5}},{"type":"Feature","geometry":{"type":"LineString","coordinates":[[-83.89701,35.28723],[-83.8964,35.28732],[-83.89616,35.28758],[-83.89614,35.28785],[-83.89638,35.28842],[-83.89709,35.28927],[-83.89751,35.29048],[-83.8977,35.2914],[-83.89756,35.29215]]},"properties":{"net":"NC6264","o":4}},{"type":"Feature","geometry":{"type":"LineString","coordinates":[[-83.88897,35.2966],[-83.8887,35.2967],[-83.88831,35.29664],[-83.88696,35.29593],[-83.88646,35.29577],[-83.886,35.29606],[-83.8855,35.29682]]},"properties":{"net":"NC6264","o":4}},{"type":"Feature","geometry":{"type":"LineString","coordinates":[[-83.89652,35.32352],[-83.89636,35.3236]]},"properties":{"net":"NC3038","o":4}},{"type":"Feature","geometry":{"type":"LineString","coordinates":[[-83.88894,35.3402],[-83.88953,35.34012],[-83.89032,35.33971],[-83.89088,35.33904],[-83.89115,35.33831],[-83.89189,35.33764],[-83.89198,35.33693],[-83.89146,35.33543]]},"properties":{"net":"NC3038","o":1}},{"type":"Feature","geometry":{"type":"LineString","coordinates":[[-83.89999,35.36821],[-83.89876,35.36834],[-83.89846,35.36846],[-83.89747,35.36954]]},"properties":{"net":"NC3038","o":5}},{"type":"Feature","geometry":{"type":"LineString","coordinates":[[-83.8834,35.33846],[-83.88253,35.33802],[-83.88197,35.33734],[-83.88131,35.33689],[-83.8803,35.33661],[-83.87943,35.33674]]},"properties":{"net":"NC3038","o":1}},{"type":"Feature","geometry":{"type":"LineString","coordinates":[[-83.87548,35.33108],[-83.87618,35.33145],[-83.87801,35.3317],[-83.87852,35.33211],[-83.87854,35.33247]]},"properties":{"net":"NC3038","o":1}},{"type":"Feature","geometry":{"type":"LineString","coordinates":[[-83.87977,35.35152],[-83.87987,35.35185],[-83.88074,35.35275]]},"properties":{"net":"NC3038","o":2}},{"type":"Feature","geometry":{"type":"LineString","coordinates":[[-83.87735,35.3763],[-83.87727,35.37738]]},"properties":{"net":"NC3038","o":6}},{"type":"Feature","geometry":{"type":"LineString","coordinates":[[-83.87727,35.37738],[-83.87727,35.37739]]},"properties":{"net":"out","o":6}},{"type":"Feature","geometry":{"type":"LineString","coordinates":[[-83.87368,35.44277],[-83.8727,35.44318],[-83.87224,35.44389],[-83.87105,35.4449],[-83.87058,35.44512],[-83.86988,35.44526],[-83.86954,35.44546],[-83.86877,35.44557],[-83.86817,35.4459]]},"properties":{"net":"NC3039","o":1}},{"type":"Feature","geometry":{"type":"LineString","coordinates":[[-83.86453,35.44861],[-83.86602,35.44853]]},"properties":{"net":"NC3039","o":7}},{"type":"Feature","geometry":{"type":"LineString","coordinates":[[-83.87798,35.47409],[-83.87762,35.47385],[-83.87563,35.47318],[-83.87419,35.47287],[-83.87345,35.47292]]},"properties":{"net":"NC3039","o":2}},{"type":"Feature","geometry":{"type":"LineString","coordinates":[[-83.90348,35.28495],[-83.90321,35.28543],[-83.90317,35.28587],[-83.90373,35.28755],[-83.90365,35.28782],[-83.90324,35.28844]]},"properties":{"net":"NC6264","o":4}},{"type":"Feature","geometry":{"type":"LineString","coordinates":[[-83.90324,35.28844],[-83.90276,35.28896],[-83.90196,35.28954],[-83.89952,35.28929],[-83.89876,35.28896],[-83.89767,35.28758],[-83.89744,35.28738],[-83.89701,35.28723]]},"properties":{"net":"NC6264","o":4}},{"type":"Feature","geometry":{"type":"LineString","coordinates":[[-83.90538,35.32357],[-83.9054,35.32428]]},"properties":{"net":"NC3038","o":4}},{"type":"Feature","geometry":{"type":"LineString","coordinates":[[-83.90673,35.31148],[-83.90612,35.31182],[-83.90589,35.31255],[-83.90509,35.31321],[-83.90483,35.31365],[-83.9048,35.31392],[-83.9056,35.31491],[-83.90679,35.31502],[-83.90732,35.31535],[-83.90752,35.31563],[-83.90765,35.31665]]},"properties":{"net":"NC3038","o":4}},{"type":"Feature","geometry":{"type":"LineString","coordinates":[[-83.89754,35.31564],[-83.90001,35.31503],[-83.90073,35.31511],[-83.90117,35.31533]]},"properties":{"net":"NC3038","o":1}},{"type":"Feature","geometry":{"type":"LineString","coordinates":[[-83.88925,35.41913],[-83.88934,35.41917]]},"properties":{"net":"out","o":4}},{"type":"Feature","geometry":{"type":"LineString","coordinates":[[-83.89781,35.45507],[-83.89749,35.45536],[-83.89713,35.45551],[-83.89679,35.45601],[-83.89623,35.45622],[-83.89539,35.45708],[-83.89464,35.45749]]},"properties":{"net":"NC3039","o":1}},{"type":"Feature","geometry":{"type":"LineString","coordinates":[[-83.84105,35.28746],[-83.84048,35.28787]]},"properties":{"net":"NC3038","o":3}},{"type":"Feature","geometry":{"type":"LineString","coordinates":[[-83.82483,35.2842],[-83.82358,35.28405],[-83.82194,35.28424],[-83.82112,35.28448],[-83.82063,35.2848]]},"properties":{"net":"NC3038","o":1}},{"type":"Feature","geometry":{"type":"LineString","coordinates":[[-83.84297,35.29736],[-83.8407,35.2964],[-83.83987,35.29582],[-83.83725,35.29476],[-83.83676,35.29479],[-83.83549,35.29425],[-83.83391,35.29412]]},"properties":{"net":"NC3038","o":1}},{"type":"Feature","geometry":{"type":"LineString","coordinates":[[-83.82439,35.29826],[-83.82436,35.29871]]},"properties":{"net":"NC3038","o":2}},{"type":"Feature","geometry":{"type":"LineString","coordinates":[[-83.82737,35.35827],[-83.82783,35.35783],[-83.82808,35.35709],[-83.82845,35.35645],[-83.82888,35.356],[-83.8298,35.3554],[-83.82994,35.35518],[-83.8299,35.35497],[-83.82949,35.35462],[-83.82886,35.35368],[-83.82847,35.35335]]},"properties":{"net":"NC3038","o":1}},{"type":"Feature","geometry":{"type":"LineString","coordinates":[[-83.82588,35.35447],[-83.82791,35.35364]]},"properties":{"net":"NC3038","o":2}},{"type":"Feature","geometry":{"type":"LineString","coordinates":[[-83.83308,35.42533],[-83.83269,35.42656],[-83.83216,35.42719],[-83.83174,35.42736],[-83.83141,35.42829],[-83.83057,35.42886],[-83.83014,35.43023]]},"properties":{"net":"sm54728","o":1}},{"type":"Feature","geometry":{"type":"LineString","coordinates":[[-83.82523,35.43327],[-83.82537,35.43397],[-83.82527,35.43439],[-83.82556,35.43467],[-83.82534,35.43511],[-83.82481,35.43716]]},"properties":{"net":"sm54728","o":2}},{"type":"Feature","geometry":{"type":"LineString","coordinates":[[-83.83105,35.45617],[-83.8308,35.45566],[-83.83091,35.45426],[-83.83168,35.4536],[-83.83174,35.453],[-83.83161,35.45264],[-83.83127,35.45219],[-83.83124,35.45194]]},"properties":{"net":"NC3039","o":1}},{"type":"Feature","geometry":{"type":"LineString","coordinates":[[-83.83011,35.45275],[-83.83068,35.45184]]},"properties":{"net":"NC3039","o":1}},{"type":"Feature","geometry":{"type":"LineString","coordinates":[[-83.82614,35.45051],[-83.82672,35.45057],[-83.82878,35.45109]]},"properties":{"net":"NC3039","o":7}},{"type":"Feature","geometry":{"type":"LineString","coordinates":[[-83.82588,35.44578],[-83.82637,35.44631],[-83.82753,35.44716],[-83.82784,35.4473],[-83.82912,35.44732],[-83.83004,35.44783]]},"properties":{"net":"NC3039","o":1}},{"type":"Feature","geometry":{"type":"LineString","coordinates":[[-83.82573,35.43939],[-83.82556,35.43958],[-83.82537,35.43956]]},"properties":{"net":"sm54728","o":3}},{"type":"Feature","geometry":{"type":"LineString","coordinates":[[-83.82537,35.43956],[-83.82506,35.4396],[-83.82492,35.43982],[-83.82422,35.44039],[-83.82394,35.4405],[-83.82326,35.44114],[-83.82292,35.44124],[-83.82259,35.44163],[-83.82183,35.44191],[-83.82167,35.44232],[-83.82104,35.44269],[-83.82061,35.44321],[-83.82026,35.44333],[-83.81968,35.44432],[-83.81965,35.44475],[-83.81992,35.44614],[-83.81975,35.44646],[-83.81945,35.44643],[-83.81863,35.44602],[-83.81815,35.44602],[-83.81782,35.44618]]},"properties":{"net":"sm54729","o":3}},{"type":"Feature","geometry":{"type":"LineString","coordinates":[[-83.81782,35.44618],[-83.81715,35.44679]]},"properties":{"net":"NC3039","o":3}},{"type":"Feature","geometry":{"type":"LineString","coordinates":[[-83.83392,35.49495],[-83.83452,35.49422],[-83.83473,35.49381]]},"properties":{"net":"NC3039","o":3}},{"type":"Feature","geometry":{"type":"LineString","coordinates":[[-83.87697,35.27622],[-83.87723,35.27725],[-83.87721,35.27829]]},"properties":{"net":"NC6264","o":4}},{"type":"Feature","geometry":{"type":"LineString","coordinates":[[-83.87542,35.32764],[-83.87509,35.32811],[-83.87429,35.3288],[-83.87422,35.32981],[-83.8744,35.33028],[-83.87548,35.33108]]},"properties":{"net":"NC3038","o":1}},{"type":"Feature","geometry":{"type":"LineString","coordinates":[[-83.86617,35.32767],[-83.86477,35.32792]]},"properties":{"net":"NC3038","o":2}},{"type":"Feature","geometry":{"type":"LineString","coordinates":[[-83.88147,35.33371],[-83.88385,35.33242]]},"properties":{"net":"NC3038","o":1}},{"type":"Feature","geometry":{"type":"LineString","coordinates":[[-83.88645,35.40804],[-83.88652,35.4082]]},"properties":{"net":"out","o":6}},{"type":"Feature","geometry":{"type":"LineString","coordinates":[[-83.87628,35.39769],[-83.87684,35.39751],[-83.87728,35.39749],[-83.87773,35.39765],[-83.87824,35.39803],[-83.87844,35.39918],[-83.87899,35.39959],[-83.88008,35.40012],[-83.88052,35.40048]]},"properties":{"net":"out","o":6}},{"type":"Feature","geometry":{"type":"LineString","coordinates":[[-83.8843,35.4491],[-83.88371,35.44767],[-83.88356,35.44694]]},"properties":{"net":"NC3039","o":1}},{"type":"Feature","geometry":{"type":"LineString","coordinates":[[-83.88217,35.45563],[-83.88244,35.45533],[-83.88254,35.45453],[-83.88344,35.4539],[-83.8838,35.45384]]},"properties":{"net":"NC3039","o":1}},{"type":"Feature","geometry":{"type":"LineString","coordinates":[[-83.88356,35.44694],[-83.88171,35.44686],[-83.8807,35.44706],[-83.8801,35.447],[-83.87967,35.44672]]},"properties":{"net":"NC3039","o":2}},{"type":"Feature","geometry":{"type":"LineString","coordinates":[[-83.87741,35.44927],[-83.87695,35.44911],[-83.87664,35.44877],[-83.87456,35.4482],[-83.87395,35.44761],[-83.87379,35.44726]]},"properties":{"net":"NC3039","o":1}},{"type":"Feature","geometry":{"type":"LineString","coordinates":[[-83.86812,35.48169],[-83.8678,35.48134],[-83.86752,35.48079],[-83.86757,35.48031],[-83.86766,35.47993],[-83.8682,35.47914],[-83.86854,35.47895],[-83.86903,35.47849],[-83.86905,35.47733],[-83.86864,35.47692],[-83.86848,35.47662],[-83.86937,35.4761]]},"properties":{"net":"NC3039","o":4}},{"type":"Feature","geometry":{"type":"LineString","coordinates":[[-83.88134,35.50373],[-83.88131,35.50307],[-83.881,35.50259],[-83.88099,35.50233],[-83.88119,35.50185],[-83.88219,35.50048],[-83.88222,35.49971],[-83.88307,35.49858],[-83.88311,35.49766],[-83.88333,35.4973],[-83.8835,35.49653],[-83.88397,35.49566],[-83.88382,35.49521],[-83.88389,35.49468],[-83.88333,35.49409],[-83.88316,35.49364]]},"properties":{"net":"NC3039","o":1}},{"type":"Feature","geometry":{"type":"LineString","coordinates":[[-83.86543,35.4972],[-83.86548,35.49651],[-83.86603,35.49593],[-83.86607,35.49512],[-83.86659,35.49466],[-83.86671,35.49389],[-83.86702,35.49357],[-83.86657,35.49228],[-83.86619,35.49197]]},"properties":{"net":"NC3039","o":3}},{"type":"Feature","geometry":{"type":"LineString","coordinates":[[-83.85302,35.50168],[-83.85312,35.50072],[-83.85324,35.50043],[-83.85382,35.50018],[-83.85454,35.49968],[-83.8556,35.49806],[-83.85625,35.49746],[-83.85635,35.49721],[-83.85673,35.49677],[-83.85738,35.49626],[-83.85816,35.49495],[-83.85849,35.49456],[-83.85904,35.4943],[-83.85943,35.49374],[-83.85964,35.4937],[-83.85994,35.49348],[-83.86028,35.49241],[-83.86032,35.492],[-83.86082,35.49084],[-83.86171,35.49042],[-83.86254,35.48977],[-83.86299,35.48962],[-83.86378,35.48967],[-83.86506,35.49037],[-83.86585,35.49006],[-83.86639,35.48962]]},"properties":{"net":"NC3039","o":1}},{"type":"Feature","geometry":{"type":"LineString","coordinates":[[-83.81993,35.30439],[-83.81998,35.30475],[-83.82047,35.3049],[-83.82073,35.30516],[-83.82207,35.30683],[-83.82234,35.30743],[-83.82293,35.30787],[-83.82333,35.30842],[-83.82418,35.30907],[-83.82438,35.30967],[-83.82414,35.3101]]},"properties":{"net":"NC3038","o":3}},{"type":"Feature","geometry":{"type":"LineString","coordinates":[[-83.83098,35.31515],[-83.83189,35.31535],[-83.83361,35.31504],[-83.83436,35.31523]]},"properties":{"net":"NC3038","o":1}},{"type":"Feature","geometry":{"type":"LineString","coordinates":[[-83.83234,35.3368],[-83.83306,35.33775],[-83.83326,35.33825],[-83.83332,35.33918],[-83.83307,35.33952],[-83.83312,35.34027],[-83.83301,35.3406],[-83.83316,35.34247]]},"properties":{"net":"NC3038","o":5}},{"type":"Feature","geometry":{"type":"LineString","coordinates":[[-83.83474,35.36877],[-83.83514,35.36835],[-83.83519,35.36766],[-83.83538,35.36711],[-83.83535,35.36675],[-83.83517,35.36662],[-83.83512,35.36579],[-83.83541,35.36549],[-83.8354,35.36531],[-83.83565,35.36508],[-83.83564,35.36483],[-83.83605,35.36445]]},"properties":{"net":"NC3038","o":2}},{"type":"Feature","geometry":{"type":"LineString","coordinates":[[-83.80907,35.33202],[-83.8091,35.33196]]},"properties":{"net":"NC3038","o":1}},{"type":"Feature","geometry":{"type":"LineString","coordinates":[[-83.79973,35.365],[-83.80094,35.36563],[-83.80366,35.36635]]},"properties":{"net":"NC3038","o":2}},{"type":"Feature","geometry":{"type":"LineString","coordinates":[[-83.79835,35.36145],[-83.79947,35.36229],[-83.80103,35.36419],[-83.80141,35.36483],[-83.80212,35.36528],[-83.80473,35.3653],[-83.8061,35.36566]]},"properties":{"net":"NC3038","o":1}},{"type":"Feature","geometry":{"type":"LineString","coordinates":[[-83.82526,35.26251],[-83.82477,35.26199],[-83.82436,35.26173],[-83.82353,35.26153],[-83.82269,35.26148],[-83.82113,35.26172],[-83.81959,35.26251]]},"properties":{"net":"NC3038","o":1}},{"type":"Feature","geometry":{"type":"LineString","coordinates":[[-83.80965,35.44468],[-83.81002,35.44423]]},"properties":{"net":"NC3039","o":1}},{"type":"Feature","geometry":{"type":"LineString","coordinates":[[-83.80951,35.44358],[-83.8094,35.44409]]},"properties":{"net":"NC3039","o":2}},{"type":"Feature","geometry":{"type":"LineString","coordinates":[[-83.80643,35.44595],[-83.80678,35.44522],[-83.80722,35.44464],[-83.80798,35.4442]]},"properties":{"net":"NC3039","o":7}},{"type":"Feature","geometry":{"type":"LineString","coordinates":[[-83.81018,35.47807],[-83.81139,35.47751],[-83.81192,35.47676],[-83.81252,35.47641],[-83.81283,35.47611],[-83.81342,35.47548],[-83.8141,35.47401],[-83.8145,35.47388],[-83.81479,35.47362],[-83.81553,35.47345],[-83.81623,35.4731]]},"properties":{"net":"NC3039","o":1}},{"type":"Feature","geometry":{"type":"LineString","coordinates":[[-83.81248,35.48388],[-83.81185,35.4834],[-83.81169,35.48296],[-83.81256,35.4815],[-83.81242,35.48102],[-83.81251,35.48052],[-83.81331,35.47949],[-83.81363,35.47875]]},"properties":{"net":"NC3039","o":1}},{"type":"Feature","geometry":{"type":"LineString","coordinates":[[-84.30284,35.61721],[-84.30186,35.61692],[-84.30147,35.61667],[-84.2994,35.61639],[-84.2985,35.6167],[-84.29815,35.61697],[-84.29784,35.61736]]},"properties":{"net":"out","o":4}},{"type":"Feature","geometry":{"type":"LineString","coordinates":[[-84.28728,35.61724],[-84.28743,35.61768],[-84.28731,35.61784],[-84.28719,35.61784],[-84.28666,35.61742],[-84.28645,35.61751],[-84.28637,35.61771],[-84.28654,35.61825],[-84.28718,35.61869],[-84.28738,35.61897],[-84.28698,35.62002],[-84.28675,35.62025],[-84.28605,35.62028],[-84.28533,35.62001],[-84.28508,35.62],[-84.28488,35.62027],[-84.28517,35.62068],[-84.28507,35.62093],[-84.28315,35.62191],[-84.28193,35.62238],[-84.28178,35.62223],[-84.28232,35.62165],[-84.28256,35.62076],[-84.28252,35.62047],[-84.28242,35.62037],[-84.28187,35.6205]]},"properties":{"net":"out","o":4}},{"type":"Feature","geometry":{"type":"LineString","coordinates":[[-84.28628,35.67995],[-84.28557,35.67919],[-84.28547,35.67836],[-84.28537,35.67826],[-84.28527,35.67667],[-84.28499,35.6764],[-84.28493,35.67615],[-84.28418,35.6756]]},"properties":{"net":"out","o":4}},{"type":"Feature","geometry":{"type":"LineString","coordinates":[[-83.79665,35.28399],[-83.79598,35.28459],[-83.79564,35.28472],[-83.79471,35.28546],[-83.79394,35.28624],[-83.79368,35.28692],[-83.79325,35.28754],[-83.79218,35.28864],[-83.79117,35.28927],[-83.79083,35.28993],[-83.79069,35.29159]]},"properties":{"net":"NC3038","o":1}},{"type":"Feature","geometry":{"type":"LineString","coordinates":[[-83.81999,35.25684],[-83.81995,35.25767],[-83.81977,35.25832]]},"properties":{"net":"NC3038","o":2}},{"type":"Feature","geometry":{"type":"LineString","coordinates":[[-83.81949,35.26159],[-83.81959,35.26251]]},"properties":{"net":"NC3038","o":2}},{"type":"Feature","geometry":{"type":"LineString","coordinates":[[-83.78989,35.3229],[-83.79046,35.32343],[-83.79112,35.32357],[-83.79166,35.32402],[-83.79246,35.32429],[-83.79333,35.32503],[-83.79409,35.32537],[-83.79489,35.326]]},"properties":{"net":"NC3038","o":4}},{"type":"Feature","geometry":{"type":"LineString","coordinates":[[-83.78474,35.31819],[-83.78683,35.31808],[-83.78873,35.31892]]},"properties":{"net":"NC3038","o":4}},{"type":"Feature","geometry":{"type":"LineString","coordinates":[[-83.78578,35.32672],[-83.78462,35.32465]]},"properties":{"net":"NC3038","o":1}},{"type":"Feature","geometry":{"type":"LineString","coordinates":[[-83.81959,35.26251],[-83.81939,35.26311],[-83.81942,35.26455],[-83.81901,35.26573]]},"properties":{"net":"NC3038","o":2}},{"type":"Feature","geometry":{"type":"LineString","coordinates":[[-83.80764,35.2678],[-83.80934,35.26759],[-83.81323,35.26654],[-83.81523,35.26585],[-83.81628,35.26516],[-83.81681,35.26492]]},"properties":{"net":"NC3038","o":1}},{"type":"Feature","geometry":{"type":"LineString","coordinates":[[-83.80059,35.2605],[-83.80098,35.26086],[-83.80141,35.26106],[-83.80253,35.26136],[-83.80363,35.26184],[-83.80598,35.26188],[-83.8083,35.26221],[-83.80979,35.2623],[-83.81244,35.26184]]},"properties":{"net":"NC3038","o":1}},{"type":"Feature","geometry":{"type":"LineString","coordinates":[[-83.82078,35.27025],[-83.82077,35.27149],[-83.82131,35.27224]]},"properties":{"net":"NC3038","o":3}},{"type":"Feature","geometry":{"type":"LineString","coordinates":[[-83.81948,35.28146],[-83.81992,35.28223],[-83.82021,35.28311]]},"properties":{"net":"NC3038","o":4}},{"type":"Feature","geometry":{"type":"LineString","coordinates":[[-83.81212,35.28309],[-83.81374,35.28245],[-83.81418,35.28177],[-83.81464,35.28162],[-83.81607,35.2814],[-83.81805,35.28158],[-83.81948,35.28146]]},"properties":{"net":"NC3038","o":1}},{"type":"Feature","geometry":{"type":"LineString","coordinates":[[-83.81125,35.27092],[-83.81277,35.27132],[-83.81356,35.27142],[-83.81596,35.27239],[-83.81731,35.27277],[-83.81892,35.27272],[-83.82016,35.27226],[-83.82129,35.2723]]},"properties":{"net":"NC3038","o":1}},{"type":"Feature","geometry":{"type":"LineString","coordinates":[[-83.81796,35.29038],[-83.81756,35.29088],[-83.81717,35.29118],[-83.8163,35.29157]]},"properties":{"net":"NC3038","o":4}},{"type":"Feature","geometry":{"type":"LineString","coordinates":[[-83.80772,35.30111],[-83.80847,35.30141],[-83.81009,35.30231]]},"properties":{"net":"NC3038","o":1}},{"type":"Feature","geometry":{"type":"LineString","coordinates":[[-83.80204,35.32725],[-83.80269,35.32787],[-83.80488,35.32905]]},"properties":{"net":"NC3038","o":5}},{"type":"Feature","geometry":{"type":"LineString","coordinates":[[-83.80334,35.31369],[-83.80328,35.31517],[-83.80259,35.31576],[-83.80238,35.31635],[-83.80138,35.31766],[-83.80087,35.31854]]},"properties":{"net":"NC3038","o":1}},{"type":"Feature","geometry":{"type":"LineString","coordinates":[[-83.82167,35.34562],[-83.82171,35.34536],[-83.82155,35.34465],[-83.82156,35.34419]]},"properties":{"net":"NC3038","o":1}},{"type":"Feature","geometry":{"type":"LineString","coordinates":[[-83.81715,35.44679],[-83.81672,35.44722]]},"properties":{"net":"NC3039","o":3}},{"type":"Feature","geometry":{"type":"LineString","coordinates":[[-83.81672,35.44722],[-83.8168,35.44738]]},"properties":{"net":"NC3039","o":7}},{"type":"Feature","geometry":{"type":"LineString","coordinates":[[-83.81636,35.44771],[-83.8168,35.44738]]},"properties":{"net":"NC3039","o":1}},{"type":"Feature","geometry":{"type":"LineString","coordinates":[[-83.81211,35.44812],[-83.81238,35.44759],[-83.81313,35.44679],[-83.81362,35.44611]]},"properties":{"net":"NC3039","o":2}},{"type":"Feature","geometry":{"type":"LineString","coordinates":[[-83.81206,35.44514],[-83.814,35.44566]]},"properties":{"net":"NC3039","o":7}},{"type":"Feature","geometry":{"type":"LineString","coordinates":[[-83.81133,35.45138],[-83.81091,35.45105],[-83.81099,35.45029],[-83.81109,35.45013],[-83.81183,35.44963],[-83.81226,35.44914],[-83.8123,35.44896],[-83.81211,35.44812]]},"properties":{"net":"NC3039","o":1}},{"type":"Feature","geometry":{"type":"LineString","coordinates":[[-84.30134,35.5162],[-84.30087,35.51598],[-84.30021,35.5162]]},"properties":{"net":"out","o":4}},{"type":"Feature","geometry":{"type":"LineString","coordinates":[[-84.27718,35.62525],[-84.27652,35.62528],[-84.27602,35.62577],[-84.27472,35.6255],[-84.27383,35.62612],[-84.27331,35.62614],[-84.27297,35.62637],[-84.2727,35.62638],[-84.27233,35.62676],[-84.27232,35.62726],[-84.27194,35.62761],[-84.27053,35.62767],[-84.2702,35.62797],[-84.27013,35.62833],[-84.26971,35.62871],[-84.26825,35.62863],[-84.26779,35.62905],[-84.26769,35.62956]]},"properties":{"net":"out","o":4}},{"type":"Feature","geometry":{"type":"LineString","coordinates":[[-84.28259,35.68698],[-84.28246,35.68656],[-84.28244,35.68509]]},"properties":{"net":"out","o":4}},{"type":"Feature","geometry":{"type":"LineString","coordinates":[[-84.26428,35.75391],[-84.26434,35.75488],[-84.26461,35.75556],[-84.26485,35.75591],[-84.26507,35.75936],[-84.26463,35.76],[-84.26015,35.76405],[-84.25538,35.76426],[-84.2545,35.76506],[-84.25452,35.76524],[-84.25406,35.76576],[-84.25396,35.76627],[-84.25407,35.76793],[-84.25394,35.76804],[-84.25396,35.76829],[-84.25363,35.7686],[-84.25365,35.76899],[-84.25319,35.76946]]},"properties":{"net":"out","o":7}},{"type":"Feature","geometry":{"type":"LineString","coordinates":[[-84.22413,35.55894],[-84.22433,35.5591],[-84.22439,35.55931],[-84.22481,35.55962],[-84.22483,35.5599],[-84.22534,35.56028],[-84.22535,35.5605],[-84.22582,35.56084],[-84.22591,35.56166]]},"properties":{"net":"out","o":5}},{"type":"Feature","geometry":{"type":"LineString","coordinates":[[-84.22239,35.55743],[-84.22348,35.55823],[-84.22349,35.55834],[-84.22391,35.55864],[-84.22396,35.55882],[-84.22413,35.55894]]},"properties":{"net":"out","o":5}},{"type":"Feature","geometry":{"type":"LineString","coordinates":[[-84.23133,35.61653],[-84.23167,35.61658],[-84.23893,35.61634]]},"properties":{"net":"out","o":7}},{"type":"Feature","geometry":{"type":"LineString","coordinates":[[-83.78461,35.27789],[-83.78484,35.27895],[-83.78556,35.2804]]},"properties":{"net":"NC3038","o":1}},{"type":"Feature","geometry":{"type":"LineString","coordinates":[[-83.79382,35.30828],[-83.79376,35.30857],[-83.79391,35.30923],[-83.79481,35.31172],[-83.79522,35.31251],[-83.79542,35.31382],[-83.79553,35.31402],[-83.79601,35.31447],[-83.79709,35.3146],[-83.79744,35.31479]]},"properties":{"net":"NC3038","o":4}},{"type":"Feature","geometry":{"type":"LineString","coordinates":[[-83.79096,35.29221],[-83.79117,35.29365],[-83.79119,35.29512],[-83.79147,35.29619],[-83.79083,35.29825],[-83.79175,35.29919],[-83.792,35.29961]]},"properties":{"net":"NC3038","o":2}},{"type":"Feature","geometry":{"type":"LineString","coordinates":[[-83.78179,35.29925],[-83.78289,35.29947],[-83.78485,35.2995]]},"properties":{"net":"NC3038","o":4}},{"type":"Feature","geometry":{"type":"LineString","coordinates":[[-83.75751,35.28355],[-83.75833,35.28388],[-83.75951,35.28406],[-83.75994,35.28428],[-83.76037,35.28474],[-83.76041,35.28527],[-83.76052,35.28556],[-83.7614,35.28605],[-83.76222,35.28607],[-83.76362,35.28534],[-83.76434,35.28519],[-83.76474,35.28558],[-83.76514,35.28644]]},"properties":{"net":"NC3038","o":2}},{"type":"Feature","geometry":{"type":"LineString","coordinates":[[-83.79417,35.3537],[-83.79436,35.35319],[-83.79437,35.35185],[-83.79409,35.35123],[-83.7938,35.35094],[-83.79328,35.35065],[-83.79283,35.34998],[-83.79218,35.34965],[-83.79195,35.34907],[-83.79181,35.34895],[-83.78979,35.34798]]},"properties":{"net":"NC3038","o":1}},{"type":"Feature","geometry":{"type":"LineString","coordinates":[[-83.78699,35.33311],[-83.78746,35.33372],[-83.78793,35.3341],[-83.78931,35.33492],[-83.78942,35.33527],[-83.79,35.33623],[-83.7912,35.33769]]},"properties":{"net":"NC3038","o":1}},{"type":"Feature","geometry":{"type":"LineString","coordinates":[[-83.78284,35.33318],[-83.78349,35.33361],[-83.78479,35.33515],[-83.78483,35.33541],[-83.78462,35.33594],[-83.78479,35.33638],[-83.78533,35.33713],[-83.78615,35.33775],[-83.78663,35.3385],[-83.78702,35.33862],[-83.7875,35.33862],[-83.78942,35.33825]]},"properties":{"net":"NC3038","o":1}},{"type":"Feature","geometry":{"type":"LineString","coordinates":[[-83.75917,35.30315],[-83.76064,35.30324],[-83.76137,35.30297],[-83.76213,35.30301],[-83.76292,35.30268]]},"properties":{"net":"NC3038","o":3}},{"type":"Feature","geometry":{"type":"LineString","coordinates":[[-83.77789,35.31085],[-83.78004,35.31259],[-83.78009,35.31301],[-83.78049,35.31372]]},"properties":{"net":"NC3038","o":1}},{"type":"Feature","geometry":{"type":"LineString","coordinates":[[-83.77491,35.33081],[-83.77417,35.33006],[-83.77388,35.32934],[-83.77364,35.32898],[-83.77284,35.32846],[-83.77241,35.32728]]},"properties":{"net":"NC3038","o":2}},{"type":"Feature","geometry":{"type":"LineString","coordinates":[[-83.76066,35.33025],[-83.76073,35.3306],[-83.76112,35.33076],[-83.762,35.33142],[-83.7625,35.33162],[-83.76393,35.33198],[-83.76432,35.33196],[-83.76513,35.33171],[-83.76538,35.33174]]},"properties":{"net":"NC3038","o":3}},{"type":"Feature","geometry":{"type":"LineString","coordinates":[[-83.77039,35.3749],[-83.77006,35.37424],[-83.76958,35.37265],[-83.76893,35.37211],[-83.76868,35.37154],[-83.7681,35.37091],[-83.76677,35.3701],[-83.76614,35.36949]]},"properties":{"net":"NC3038","o":1}},{"type":"Feature","geometry":{"type":"LineString","coordinates":[[-83.7588,35.36902],[-83.76143,35.3684],[-83.7621,35.36855],[-83.76268,35.36797],[-83.76475,35.36676]]},"properties":{"net":"NC3038","o":3}},{"type":"Feature","geometry":{"type":"LineString","coordinates":[[-83.75758,35.36409],[-83.75858,35.36457],[-83.76199,35.36512],[-83.76286,35.36539],[-83.76424,35.36611],[-83.76475,35.36676]]},"properties":{"net":"NC3038","o":1}},{"type":"Feature","geometry":{"type":"LineString","coordinates":[[-84.23834,35.34604],[-84.2389,35.34649],[-84.24027,35.34798],[-84.24066,35.34858],[-84.24068,35.3488],[-84.24112,35.34957],[-84.24155,35.34995],[-84.24218,35.35021],[-84.24293,35.35021],[-84.24379,35.35057]]},"properties":{"net":"out","o":5}},{"type":"Feature","geometry":{"type":"LineString","coordinates":[[-84.22244,35.42007],[-84.22787,35.41715],[-84.22819,35.4171]]},"properties":{"net":"out","o":4}},{"type":"Feature","geometry":{"type":"LineString","coordinates":[[-84.23344,35.50927],[-84.23337,35.50934]]},"properties":{"net":"out","o":5}},{"type":"Feature","geometry":{"type":"LineString","coordinates":[[-84.22756,35.51112],[-84.22735,35.51131],[-84.22696,35.51136],[-84.22623,35.51186]]},"properties":{"net":"out","o":5}},{"type":"Feature","geometry":{"type":"LineString","coordinates":[[-84.22513,35.51458],[-84.22484,35.51492],[-84.22486,35.51517],[-84.22428,35.5157],[-84.22389,35.51576]]},"properties":{"net":"out","o":5}},{"type":"Feature","geometry":{"type":"LineString","coordinates":[[-84.24251,35.52997],[-84.24184,35.53055]]},"properties":{"net":"out","o":4}},{"type":"Feature","geometry":{"type":"LineString","coordinates":[[-84.19627,35.60944],[-84.1969,35.6088],[-84.19698,35.60855]]},"properties":{"net":"out","o":5}},{"type":"Feature","geometry":{"type":"LineString","coordinates":[[-84.19275,35.61179],[-84.19327,35.61145],[-84.19383,35.61133]]},"properties":{"net":"out","o":5}},{"type":"Feature","geometry":{"type":"LineString","coordinates":[[-84.1904,35.61137],[-84.19053,35.61135]]},"properties":{"net":"out","o":5}},{"type":"Feature","geometry":{"type":"LineString","coordinates":[[-83.77135,35.24881],[-83.77048,35.24948],[-83.76903,35.24965],[-83.76814,35.2501],[-83.76683,35.25093],[-83.76621,35.2516],[-83.76596,35.25206],[-83.76464,35.25325],[-83.76408,35.25394],[-83.76432,35.25583],[-83.76573,35.25744],[-83.76599,35.25795],[-83.76644,35.25834],[-83.7666,35.25878],[-83.76662,35.25909],[-83.76613,35.26008],[-83.76617,35.26078]]},"properties":{"net":"NC3038","o":2}},{"type":"Feature","geometry":{"type":"LineString","coordinates":[[-83.77312,35.27492],[-83.77208,35.27445],[-83.77086,35.2737],[-83.77025,35.27302],[-83.76974,35.27272],[-83.76879,35.27295],[-83.76764,35.27288],[-83.76665,35.27318],[-83.76563,35.27329],[-83.76511,35.27355]]},"properties":{"net":"NC3038","o":1}},{"type":"Feature","geometry":{"type":"LineString","coordinates":[[-83.76122,35.27749],[-83.7615,35.27853],[-83.76236,35.28005],[-83.76277,35.28046],[-83.76335,35.28078],[-83.76441,35.28158],[-83.76494,35.28256],[-83.76591,35.28334],[-83.76635,35.28402]]},"properties":{"net":"NC3038","o":4}},{"type":"Feature","geometry":{"type":"LineString","coordinates":[[-83.75722,35.28081],[-83.75788,35.2804],[-83.75908,35.27985],[-83.75963,35.27974],[-83.76,35.27978],[-83.76124,35.28095],[-83.76185,35.28168],[-83.76329,35.28295],[-83.76385,35.28317],[-83.76462,35.28297],[-83.76524,35.28369],[-83.7658,35.28405],[-83.76585,35.28479],[-83.7662,35.28549],[-83.76597,35.28573],[-83.76598,35.28594],[-83.76664,35.28681]]},"properties":{"net":"NC3038","o":1}},{"type":"Feature","geometry":{"type":"LineString","coordinates":[[-83.76999,35.30491],[-83.76886,35.30425],[-83.76818,35.30399],[-83.76791,35.30376],[-83.76754,35.30241],[-83.76767,35.30134]]},"properties":{"net":"NC3038","o":1}},{"type":"Feature","geometry":{"type":"LineString","coordinates":[[-83.76521,35.30701],[-83.76408,35.30598],[-83.76361,35.30531],[-83.76357,35.305],[-83.76369,35.30427],[-83.76327,35.3032],[-83.76292,35.30268]]},"properties":{"net":"NC3038","o":1}},{"type":"Feature","geometry":{"type":"LineString","coordinates":[[-83.74603,35.32935],[-83.74623,35.33045],[-83.74549,35.33123],[-83.74542,35.33175],[-83.7446,35.33312],[-83.74456,35.33344],[-83.74474,35.33415],[-83.74426,35.33524],[-83.74337,35.3362],[-83.74318,35.33658]]},"properties":{"net":"NC3038","o":1}},{"type":"Feature","geometry":{"type":"LineString","coordinates":[[-83.77001,35.32392],[-83.77096,35.32401],[-83.77329,35.32368]]},"properties":{"net":"NC3038","o":2}},{"type":"Feature","geometry":{"type":"LineString","coordinates":[[-83.76738,35.3186],[-83.76773,35.31908],[-83.76789,35.32061],[-83.76847,35.3219],[-83.76875,35.32279],[-83.76925,35.32345],[-83.77001,35.32392]]},"properties":{"net":"NC3038","o":1}},{"type":"Feature","geometry":{"type":"LineString","coordinates":[[-83.76581,35.31234],[-83.76695,35.31244],[-83.76901,35.31188],[-83.77004,35.31223],[-83.77074,35.3127],[-83.77099,35.313]]},"properties":{"net":"NC3038","o":1}},{"type":"Feature","geometry":{"type":"LineString","coordinates":[[-83.76188,35.32352],[-83.76293,35.32323],[-83.76464,35.32357],[-83.76592,35.32335]]},"properties":{"net":"NC3038","o":1}},{"type":"Feature","geometry":{"type":"LineString","coordinates":[[-83.74296,35.36989],[-83.74181,35.36912],[-83.7412,35.3685],[-83.74059,35.36766],[-83.73994,35.36723],[-83.73957,35.36675],[-83.73912,35.3658],[-83.73852,35.36502],[-83.73824,35.36424],[-83.73787,35.3625],[-83.73736,35.36179],[-83.73726,35.36133],[-83.737,35.36082],[-83.73702,35.35993]]},"properties":{"net":"NC3038","o":1}},{"type":"Feature","geometry":{"type":"LineString","coordinates":[[-83.76002,35.32513],[-83.76021,35.32555],[-83.76086,35.32638],[-83.76159,35.32767],[-83.76235,35.32824],[-83.76266,35.3289],[-83.76279,35.32963],[-83.76368,35.33024],[-83.76467,35.33065],[-83.76538,35.33174]]},"properties":{"net":"NC3038","o":1}},{"type":"Feature","geometry":{"type":"LineString","coordinates":[[-83.77344,35.34285],[-83.77323,35.34221],[-83.77363,35.34075],[-83.77342,35.34022],[-83.77346,35.33996],[-83.77421,35.33895],[-83.77596,35.33798]]},"properties":{"net":"NC3038","o":1}},{"type":"Feature","geometry":{"type":"LineString","coordinates":[[-83.76667,35.34558],[-83.76631,35.3453]]},"properties":{"net":"NC3038","o":2}},{"type":"Feature","geometry":{"type":"LineString","coordinates":[[-83.76627,35.342],[-83.76659,35.34133],[-83.76719,35.34095],[-83.76831,35.33998],[-83.76855,35.33934],[-83.76834,35.3387],[-83.76751,35.33766],[-83.76741,35.33682],[-83.76758,35.33616]]},"properties":{"net":"NC3038","o":2}},{"type":"Feature","geometry":{"type":"LineString","coordinates":[[-83.76538,35.33174],[-83.76642,35.33154]]},"properties":{"net":"NC3038","o":3}},{"type":"Feature","geometry":{"type":"LineString","coordinates":[[-83.76329,35.34727],[-83.7642,35.34695],[-83.76499,35.34654],[-83.76575,35.34593],[-83.76631,35.3453]]},"properties":{"net":"NC3038","o":1}},{"type":"Feature","geometry":{"type":"LineString","coordinates":[[-83.75759,35.33415],[-83.75875,35.33411],[-83.75962,35.33372],[-83.76081,35.3339],[-83.76269,35.33351],[-83.76291,35.33323],[-83.76334,35.33317],[-83.76467,35.33261],[-83.76546,35.33248],[-83.76596,35.33215],[-83.76642,35.33154]]},"properties":{"net":"NC3038","o":4}},{"type":"Feature","geometry":{"type":"LineString","coordinates":[[-83.7752,35.35287],[-83.77537,35.35321],[-83.77579,35.35343],[-83.77618,35.3534],[-83.77707,35.35304],[-83.77763,35.35298]]},"properties":{"net":"NC3038","o":2}},{"type":"Feature","geometry":{"type":"LineString","coordinates":[[-83.77258,35.36146],[-83.77387,35.36057],[-83.77463,35.35996],[-83.77489,35.35961],[-83.77478,35.3592],[-83.77501,35.35543],[-83.77473,35.35465],[-83.77479,35.35419]]},"properties":{"net":"NC3038","o":4}},{"type":"Feature","geometry":{"type":"LineString","coordinates":[[-83.76646,35.36592],[-83.76713,35.36527],[-83.76842,35.36457]]},"properties":{"net":"NC3038","o":4}},{"type":"Feature","geometry":{"type":"LineString","coordinates":[[-84.18625,35.46604],[-84.18625,35.46637],[-84.18581,35.46731]]},"properties":{"net":"out","o":4}},{"type":"Feature","geometry":{"type":"LineString","coordinates":[[-84.1957,35.51631],[-84.19645,35.51704],[-84.19661,35.51743],[-84.19735,35.51797]]},"properties":{"net":"out","o":4}},{"type":"Feature","geometry":{"type":"LineString","coordinates":[[-84.19611,35.59254],[-84.1977,35.59371],[-84.19777,35.59403],[-84.19809,35.59427],[-84.19816,35.59459],[-84.19848,35.59483],[-84.19863,35.59508]]},"properties":{"net":"out","o":7}},{"type":"Feature","geometry":{"type":"LineString","coordinates":[[-84.19923,35.60314],[-84.20063,35.60308]]},"properties":{"net":"out","o":5}},{"type":"Feature","geometry":{"type":"LineString","coordinates":[[-84.19651,35.63662],[-84.19739,35.63582],[-84.19807,35.63547],[-84.19872,35.63526],[-84.20091,35.63351]]},"properties":{"net":"out","o":5}},{"type":"Feature","geometry":{"type":"LineString","coordinates":[[-84.18749,35.6363],[-84.18775,35.63584],[-84.18765,35.63501],[-84.18749,35.63469]]},"properties":{"net":"out","o":5}},{"type":"Feature","geometry":{"type":"LineString","coordinates":[[-83.74951,35.27421],[-83.75019,35.2739],[-83.75071,35.27313],[-83.75079,35.27271],[-83.75066,35.27207],[-83.75069,35.27152]]},"properties":{"net":"NC3038","o":2}},{"type":"Feature","geometry":{"type":"LineString","coordinates":[[-83.73633,35.28356],[-83.73653,35.28269],[-83.73674,35.28237],[-83.73774,35.28237],[-83.73897,35.2819],[-83.73918,35.28159],[-83.73934,35.28152],[-83.74042,35.28162],[-83.74095,35.28188],[-83.74139,35.28195],[-83.7428,35.28184],[-83.74426,35.28201],[-83.7453,35.28196],[-83.74596,35.28212],[-83.74702,35.28184],[-83.74806,35.28136],[-83.74876,35.28068],[-83.74926,35.27914]]},"properties":{"net":"NC3038","o":2}},{"type":"Feature","geometry":{"type":"LineString","coordinates":[[-83.75102,35.30105],[-83.75238,35.30104],[-83.75348,35.30058]]},"properties":{"net":"NC3038","o":1}},{"type":"Feature","geometry":{"type":"LineString","coordinates":[[-83.75294,35.31648],[-83.75215,35.31651],[-83.75108,35.31639],[-83.75054,35.31627],[-83.75005,35.31593],[-83.74981,35.31541],[-83.74936,35.31508],[-83.74885,35.31435],[-83.74846,35.31316],[-83.74861,35.31206],[-83.74833,35.31139]]},"properties":{"net":"NC3038","o":1}},{"type":"Feature","geometry":{"type":"LineString","coordinates":[[-83.75856,35.34131],[-83.75792,35.34059],[-83.7568,35.34015],[-83.75651,35.33981],[-83.75556,35.33909],[-83.75524,35.33861]]},"properties":{"net":"NC3038","o":1}},{"type":"Feature","geometry":{"type":"LineString","coordinates":[[-83.75524,35.33861],[-83.75522,35.33827]]},"properties":{"net":"NC3038","o":3}},{"type":"Feature","geometry":{"type":"LineString","coordinates":[[-83.74861,35.3517],[-83.74908,35.35087],[-83.7494,35.35058]]},"properties":{"net":"NC3038","o":2}},{"type":"Feature","geometry":{"type":"LineString","coordinates":[[-83.73825,35.34619],[-83.7391,35.34562],[-83.73961,35.34508],[-83.74059,35.34437]]},"properties":{"net":"NC3038","o":3}},{"type":"Feature","geometry":{"type":"LineString","coordinates":[[-83.74424,35.36308],[-83.74197,35.36226],[-83.74056,35.3616],[-83.73932,35.36127],[-83.73838,35.36074],[-83.73768,35.36017],[-83.73702,35.35993]]},"properties":{"net":"NC3038","o":1}},{"type":"Feature","geometry":{"type":"LineString","coordinates":[[-84.15059,35.52834],[-84.15075,35.52909],[-84.15071,35.52975],[-84.15083,35.53074],[-84.15117,35.53201],[-84.15104,35.53241],[-84.15112,35.5332],[-84.15168,35.53434],[-84.15229,35.53484]]},"properties":{"net":"out","o":4}},{"type":"Feature","geometry":{"type":"LineString","coordinates":[[-84.1521,35.55822],[-84.15455,35.56017]]},"properties":{"net":"out","o":7}},{"type":"Feature","geometry":{"type":"LineString","coordinates":[[-84.11775,35.45412],[-84.11799,35.45512],[-84.11842,35.45572],[-84.11858,35.45618],[-84.1191,35.45666],[-84.11964,35.45678],[-84.11996,35.45699],[-84.1201,35.45716],[-84.12014,35.45747]]},"properties":{"net":"out","o":4}},{"type":"Feature","geometry":{"type":"LineString","coordinates":[[-84.10948,35.44905],[-84.11053,35.45024],[-84.11136,35.45081],[-84.11303,35.45067],[-84.11447,35.45115],[-84.11557,35.45107],[-84.11673,35.45066],[-84.11735,35.45063],[-84.11842,35.45088],[-84.11909,35.45134]]},"properties":{"net":"out","o":4}},{"type":"Feature","geometry":{"type":"LineString","coordinates":[[-84.12014,35.45747],[-84.12005,35.45781],[-84.11976,35.45811],[-84.11915,35.45821],[-84.11851,35.45781],[-84.11813,35.45739],[-84.11765,35.45745],[-84.11735,35.45767],[-84.11716,35.45808],[-84.11718,35.4592],[-84.11729,35.45948],[-84.11781,35.45997],[-84.11787,35.46025],[-84.11811,35.46064],[-84.11878,35.46137],[-84.11923,35.4616],[-84.12025,35.46167],[-84.12084,35.46207]]},"properties":{"net":"out","o":4}},{"type":"Feature","geometry":{"type":"LineString","coordinates":[[-84.1204,35.66374],[-84.1203,35.6643],[-84.12014,35.6646],[-84.12031,35.66477],[-84.12069,35.6647],[-84.12107,35.66434],[-84.12174,35.66444],[-84.12196,35.66397],[-84.12219,35.6638],[-84.12239,35.66382],[-84.12263,35.66405]]},"properties":{"net":"out","o":5}},{"type":"Feature","geometry":{"type":"LineString","coordinates":[[-84.08461,35.38196],[-84.08508,35.38222],[-84.08545,35.3827]]},"properties":{"net":"out","o":4}},{"type":"Feature","geometry":{"type":"LineString","coordinates":[[-84.08545,35.3827],[-84.08526,35.38316],[-84.08467,35.38401],[-84.08465,35.38417],[-84.08474,35.3843],[-84.08554,35.3844],[-84.08564,35.38453],[-84.08563,35.38475],[-84.08544,35.38507],[-84.08457,35.38569],[-84.08456,35.38596]]},"properties":{"net":"out","o":4}},{"type":"Feature","geometry":{"type":"LineString","coordinates":[[-84.07638,35.40322],[-84.07681,35.40331],[-84.07716,35.40321],[-84.07774,35.40203],[-84.07803,35.40183],[-84.07849,35.40198],[-84.07921,35.403]]},"properties":{"net":"out","o":4}},{"type":"Feature","geometry":{"type":"LineString","coordinates":[[-84.09551,35.51699],[-84.09551,35.51751],[-84.09604,35.51828]]},"properties":{"net":"out","o":4}},{"type":"Feature","geometry":{"type":"LineString","coordinates":[[-84.09583,35.54722],[-84.09598,35.54756],[-84.09626,35.54781],[-84.09622,35.54788]]},"properties":{"net":"out","o":7}},{"type":"Feature","geometry":{"type":"LineString","coordinates":[[-84.07707,35.54399],[-84.0793,35.54216],[-84.07952,35.54212],[-84.07994,35.54177],[-84.08011,35.54177],[-84.08071,35.54145],[-84.08167,35.54116],[-84.08417,35.54102],[-84.08445,35.54112]]},"properties":{"net":"out","o":7}},{"type":"Feature","geometry":{"type":"LineString","coordinates":[[-84.00607,35.63243],[-84.0079,35.63211],[-84.00926,35.63203]]},"properties":{"net":"out","o":4}},{"type":"Feature","geometry":{"type":"LineString","coordinates":[[-84.00031,35.63344],[-84.00092,35.63334],[-84.00137,35.63257],[-84.00187,35.63237],[-84.00367,35.63235],[-84.00533,35.63249],[-84.00607,35.63243]]},"properties":{"net":"out","o":4}},{"type":"Feature","geometry":{"type":"LineString","coordinates":[[-84.01146,35.49886],[-84.0114,35.4993],[-84.01096,35.49925],[-84.00987,35.49965]]},"properties":{"net":"out","o":4}},{"type":"Feature","geometry":{"type":"LineString","coordinates":[[-83.99701,35.50225],[-83.99835,35.50282],[-83.99923,35.50333],[-83.99975,35.50377],[-84.00031,35.50458]]},"properties":{"net":"out","o":7}},{"type":"Feature","geometry":{"type":"LineString","coordinates":[[-84.00284,35.52426],[-84.00157,35.52459]]},"properties":{"net":"out","o":7}},{"type":"Feature","geometry":{"type":"LineString","coordinates":[[-83.99554,35.52656],[-83.99451,35.52802],[-83.99406,35.52888],[-83.99387,35.5295]]},"properties":{"net":"out","o":7}},{"type":"Feature","geometry":{"type":"LineString","coordinates":[[-83.98027,35.48825],[-83.98043,35.4882]]},"properties":{"net":"out","o":4}},{"type":"Feature","geometry":{"type":"LineString","coordinates":[[-83.97728,35.48569],[-83.97748,35.48609],[-83.97829,35.48705]]},"properties":{"net":"out","o":4}},{"type":"Feature","geometry":{"type":"LineString","coordinates":[[-84.00605,35.50419],[-84.00585,35.50465],[-84.00496,35.50575],[-84.00492,35.50645]]},"properties":{"net":"out","o":4}},{"type":"Feature","geometry":{"type":"LineString","coordinates":[[-83.98597,35.48701],[-83.98591,35.48713]]},"properties":{"net":"out","o":4}},{"type":"Feature","geometry":{"type":"LineString","coordinates":[[-83.98597,35.47904],[-83.98516,35.47915],[-83.985,35.47922],[-83.98491,35.47946],[-83.98538,35.48022],[-83.98563,35.48099],[-83.98573,35.48171],[-83.98651,35.4824]]},"properties":{"net":"out","o":4}},{"type":"Feature","geometry":{"type":"LineString","coordinates":[[-83.96372,35.49376],[-83.96453,35.49471]]},"properties":{"net":"out","o":7}},{"type":"Feature","geometry":{"type":"LineString","coordinates":[[-83.96935,35.58581],[-83.9697,35.586],[-83.9706,35.58615],[-83.97202,35.58613],[-83.97341,35.58653],[-83.97407,35.58641],[-83.97463,35.58605],[-83.9751,35.58535],[-83.97515,35.58486],[-83.97488,35.58431],[-83.97428,35.58372],[-83.97396,35.58326],[-83.97374,35.58266],[-83.97386,35.58219],[-83.97412,35.58199],[-83.97455,35.5819],[-83.97596,35.58216],[-83.97675,35.58215],[-83.9771,35.58196],[-83.9774,35.58143],[-83.97729,35.58109],[-83.9767,35.58021],[-83.97636,35.5799],[-83.97569,35.57955],[-83.97547,35.57931],[-83.97533,35.5789],[-83.9755,35.57842],[-83.97571,35.57826],[-83.97606,35.57818],[-83.97757,35.57833],[-83.97918,35.57917],[-83.97975,35.5793],[-83.98062,35.57904],[-83.9811,35.57866],[-83.9812,35.57842],[-83.98106,35.57788],[-83.98023,35.577],[-83.97923,35.57694],[-83.97858,35.57649],[-83.9781,35.5764],[-83.97735,35.57671],[-83.97703,35.57664],[-83.97638,35.57597],[-83.97583,35.57563],[-83.97555,35.57526],[-83.97556,35.5749],[-83.97586,35.57439],[-83.97609,35.57421],[-83.97656,35.57408],[-83.97823,35.57416],[-83.98177,35.57361],[-83.98264,35.57315],[-83.98317,35.57242],[-83.98346,35.57224]]},"properties":{"net":"out","o":5}},{"type":"Feature","geometry":{"type":"LineString","coordinates":[[-83.97131,35.65024],[-83.97211,35.64987],[-83.973,35.64923],[-83.97423,35.64901],[-83.97541,35.64838],[-83.97581,35.64799],[-83.97637,35.64786],[-83.97676,35.64764]]},"properties":{"net":"out","o":4}},{"type":"Feature","geometry":{"type":"LineString","coordinates":[[-83.91446,35.25505],[-83.91368,35.25557],[-83.9126,35.25586],[-83.91199,35.25616]]},"properties":{"net":"NC6264","o":4}},{"type":"Feature","geometry":{"type":"LineString","coordinates":[[-83.91199,35.25616],[-83.9113,35.25663],[-83.91055,35.25699]]},"properties":{"net":"NC6264","o":4}},{"type":"Feature","geometry":{"type":"LineString","coordinates":[[-83.91934,35.27278],[-83.91903,35.27268],[-83.9187,35.27269],[-83.91793,35.27329],[-83.91748,35.2734],[-83.9159,35.273],[-83.9149,35.27329],[-83.91368,35.27344]]},"properties":{"net":"NC6264","o":4}},{"type":"Feature","geometry":{"type":"LineString","coordinates":[[-83.69479,35.32432],[-83.69522,35.32432]]},"properties":{"net":"NC3038","o":2}},{"type":"Feature","geometry":{"type":"LineString","coordinates":[[-84.03337,35.64704],[-84.03381,35.6468]]},"properties":{"net":"out","o":4}},{"type":"Feature","geometry":{"type":"LineString","coordinates":[[-84.02444,35.64726],[-84.025,35.64734],[-84.02565,35.64698],[-84.02634,35.64683],[-84.02688,35.64649],[-84.02727,35.64638],[-84.02761,35.64655],[-84.02764,35.64732],[-84.02886,35.64685],[-84.02963,35.64681],[-84.02999,35.64687],[-84.03046,35.64726],[-84.03126,35.6473],[-84.03173,35.64767],[-84.03258,35.6471],[-84.03301,35.647],[-84.03337,35.64704]]},"properties":{"net":"out","o":4}},{"type":"Feature","geometry":{"type":"LineString","coordinates":[[-83.9927,35.63667],[-83.99277,35.63655],[-83.99234,35.63625]]},"properties":{"net":"out","o":4}},{"type":"Feature","geometry":{"type":"LineString","coordinates":[[-83.9673,35.22694],[-83.96704,35.22618]]},"properties":{"net":"NC6264","o":4}},{"type":"Feature","geometry":{"type":"LineString","coordinates":[[-83.96227,35.22535],[-83.96214,35.22593],[-83.96185,35.22626],[-83.96111,35.22631],[-83.95907,35.22718]]},"properties":{"net":"NC6264","o":4}},{"type":"Feature","geometry":{"type":"LineString","coordinates":[[-83.96003,35.2793],[-83.95895,35.28047],[-83.95847,35.28085],[-83.95687,35.28173],[-83.95593,35.28275]]},"properties":{"net":"NC3038","o":1}},{"type":"Feature","geometry":{"type":"LineString","coordinates":[[-83.96848,35.29524],[-83.96816,35.29566],[-83.96773,35.29675],[-83.9673,35.29724]]},"properties":{"net":"NC3038","o":2}},{"type":"Feature","geometry":{"type":"LineString","coordinates":[[-83.9673,35.29724],[-83.96715,35.29735]]},"properties":{"net":"NC3038","o":2}},{"type":"Feature","geometry":{"type":"LineString","coordinates":[[-83.97175,35.29342],[-83.9706,35.29433],[-83.96848,35.29524]]},"properties":{"net":"NC3038","o":2}},{"type":"Feature","geometry":{"type":"LineString","coordinates":[[-83.96226,35.28067],[-83.96102,35.28117],[-83.95981,35.28146],[-83.95819,35.28222]]},"properties":{"net":"NC3038","o":1}},{"type":"Feature","geometry":{"type":"LineString","coordinates":[[-83.94723,35.25901],[-83.94619,35.25859],[-83.94573,35.25861],[-83.94551,35.25887]]},"properties":{"net":"NC6264","o":4}},{"type":"Feature","geometry":{"type":"LineString","coordinates":[[-83.96816,35.30465],[-83.96765,35.3045],[-83.96626,35.30349],[-83.96496,35.30307],[-83.96298,35.30307]]},"properties":{"net":"NC3038","o":3}},{"type":"Feature","geometry":{"type":"LineString","coordinates":[[-83.96715,35.29735],[-83.96665,35.29777],[-83.96363,35.29957],[-83.96311,35.29981],[-83.9622,35.29997]]},"properties":{"net":"NC3038","o":2}},{"type":"Feature","geometry":{"type":"LineString","coordinates":[[-83.95839,35.29339],[-83.95849,35.29439],[-83.95926,35.29799],[-83.95918,35.2983]]},"properties":{"net":"NC3038","o":1}},{"type":"Feature","geometry":{"type":"LineString","coordinates":[[-83.94503,35.28768],[-83.94468,35.288],[-83.94312,35.28874]]},"properties":{"net":"NC3038","o":2}},{"type":"Feature","geometry":{"type":"LineString","coordinates":[[-83.95039,35.29796],[-83.94937,35.29773],[-83.94804,35.29804],[-83.94654,35.29778],[-83.94561,35.29777],[-83.94308,35.29823],[-83.94087,35.29762],[-83.93935,35.29694],[-83.93883,35.29684],[-83.93644,35.29733],[-83.93505,35.29722],[-83.93459,35.29729]]},"properties":{"net":"NC3038","o":3}},{"type":"Feature","geometry":{"type":"LineString","coordinates":[[-83.95939,35.3128],[-83.95875,35.31324],[-83.95737,35.31377],[-83.95711,35.31402],[-83.95686,35.31464],[-83.95682,35.31512],[-83.95632,35.31613],[-83.95609,35.31704],[-83.95557,35.31774]]},"properties":{"net":"NC3038","o":1}},{"type":"Feature","geometry":{"type":"LineString","coordinates":[[-83.96748,35.34573],[-83.96657,35.34558],[-83.96534,35.34507]]},"properties":{"net":"NC3217","o":4}},{"type":"Feature","geometry":{"type":"LineString","coordinates":[[-83.95413,35.34212],[-83.95225,35.34058],[-83.95208,35.34011]]},"properties":{"net":"NC3217","o":4}},{"type":"Feature","geometry":{"type":"LineString","coordinates":[[-83.95097,35.33912],[-83.94988,35.3386],[-83.9494,35.33866],[-83.94752,35.3396],[-83.94691,35.33963],[-83.94567,35.3393]]},"properties":{"net":"NC3217","o":4}},{"type":"Feature","geometry":{"type":"LineString","coordinates":[[-83.93042,35.37366],[-83.93032,35.3724],[-83.93004,35.37144],[-83.9298,35.37118],[-83.92951,35.37057],[-83.92887,35.3699]]},"properties":{"net":"sm2628","o":2}},{"type":"Feature","geometry":{"type":"LineString","coordinates":[[-83.93248,35.23523],[-83.93151,35.2362]]},"properties":{"net":"NC6264","o":4}},{"type":"Feature","geometry":{"type":"LineString","coordinates":[[-83.92819,35.23939],[-83.92807,35.23956],[-83.9281,35.23971],[-83.92866,35.24004],[-83.929,35.24058],[-83.9306,35.24152]]},"properties":{"net":"NC6264","o":4}},{"type":"Feature","geometry":{"type":"LineString","coordinates":[[-83.92232,35.47048],[-83.92203,35.47031],[-83.92152,35.46979],[-83.92137,35.46936],[-83.92093,35.46907]]},"properties":{"net":"NC3039","o":2}},{"type":"Feature","geometry":{"type":"LineString","coordinates":[[-83.92094,35.46011],[-83.92033,35.45989],[-83.91999,35.45958]]},"properties":{"net":"NC3039","o":4}},{"type":"Feature","geometry":{"type":"LineString","coordinates":[[-83.9211,35.47323],[-83.92079,35.47306],[-83.92045,35.47269],[-83.91997,35.4716]]},"properties":{"net":"NC3039","o":1}},{"type":"Feature","geometry":{"type":"LineString","coordinates":[[-83.94768,35.28586],[-83.94652,35.28677],[-83.94556,35.28727],[-83.94503,35.28768]]},"properties":{"net":"NC3038","o":2}},{"type":"Feature","geometry":{"type":"LineString","coordinates":[[-83.94312,35.28874],[-83.94267,35.28892]]},"properties":{"net":"NC3038","o":2}},{"type":"Feature","geometry":{"type":"LineString","coordinates":[[-83.9335,35.30509],[-83.93334,35.30541],[-83.93284,35.30578],[-83.93214,35.30713],[-83.93205,35.30772],[-83.9322,35.30908]]},"properties":{"net":"NC3038","o":1}},{"type":"Feature","geometry":{"type":"LineString","coordinates":[[-83.94707,35.32187],[-83.94514,35.32194],[-83.94324,35.32173]]},"properties":{"net":"NC3038","o":2}},{"type":"Feature","geometry":{"type":"LineString","coordinates":[[-83.94327,35.3406],[-83.94303,35.34112],[-83.94265,35.34141]]},"properties":{"net":"NC3217","o":4}},{"type":"Feature","geometry":{"type":"LineString","coordinates":[[-83.93441,35.37091],[-83.93349,35.37052],[-83.93297,35.37043],[-83.93136,35.37078],[-83.9307,35.37073],[-83.92965,35.37027],[-83.92919,35.36995],[-83.92887,35.3699]]},"properties":{"net":"sm2628","o":1}},{"type":"Feature","geometry":{"type":"LineString","coordinates":[[-83.94166,35.44986],[-83.94335,35.45042]]},"properties":{"net":"out","o":7}},{"type":"Feature","geometry":{"type":"LineString","coordinates":[[-83.93787,35.45605],[-83.93776,35.45544]]},"properties":{"net":"NC3039","o":1}},{"type":"Feature","geometry":{"type":"LineString","coordinates":[[-83.93759,35.44341],[-83.93798,35.44392]]},"properties":{"net":"out","o":6}},{"type":"Feature","geometry":{"type":"LineString","coordinates":[[-83.93304,35.45461],[-83.93318,35.45432],[-83.93372,35.45384]]},"properties":{"net":"NC3039","o":1}},{"type":"Feature","geometry":{"type":"LineString","coordinates":[[-83.9314,35.44034],[-83.93143,35.44039]]},"properties":{"net":"out","o":4}},{"type":"Feature","geometry":{"type":"LineString","coordinates":[[-83.9274,35.45105],[-83.92874,35.45002],[-83.92918,35.44987],[-83.93191,35.44973]]},"properties":{"net":"NC3039","o":7}},{"type":"Feature","geometry":{"type":"LineString","coordinates":[[-83.93726,35.4601],[-83.93648,35.46009],[-83.93593,35.4598],[-83.93463,35.45935]]},"properties":{"net":"NC3039","o":2}},{"type":"Feature","geometry":{"type":"LineString","coordinates":[[-83.93853,35.48623],[-83.9384,35.48695],[-83.9385,35.48756],[-83.93883,35.48822],[-83.93925,35.48862]]},"properties":{"net":"out","o":7}},{"type":"Feature","geometry":{"type":"LineString","coordinates":[[-83.92577,35.29514],[-83.92473,35.29532],[-83.92381,35.29517],[-83.92275,35.29547]]},"properties":{"net":"NC3038","o":3}},{"type":"Feature","geometry":{"type":"LineString","coordinates":[[-83.91323,35.31685],[-83.9118,35.31625],[-83.91107,35.31626],[-83.90918,35.31657],[-83.90799,35.31648],[-83.90765,35.31665]]},"properties":{"net":"NC3038","o":1}},{"type":"Feature","geometry":{"type":"LineString","coordinates":[[-83.92426,35.3426],[-83.92448,35.3429]]},"properties":{"net":"NC3217","o":4}},{"type":"Feature","geometry":{"type":"LineString","coordinates":[[-83.92887,35.3699],[-83.9268,35.36844]]},"properties":{"net":"sm2628","o":2}},{"type":"Feature","geometry":{"type":"LineString","coordinates":[[-83.91228,35.37596],[-83.9121,35.37577],[-83.912,35.37497],[-83.91147,35.37447],[-83.90968,35.37415],[-83.90882,35.37385]]},"properties":{"net":"NC3038","o":3}},{"type":"Feature","geometry":{"type":"LineString","coordinates":[[-83.91181,35.4325],[-83.91222,35.43286],[-83.91221,35.43333]]},"properties":{"net":"out","o":6}},{"type":"Feature","geometry":{"type":"LineString","coordinates":[[-83.90788,35.43181],[-83.90824,35.43191],[-83.90863,35.43186]]},"properties":{"net":"out","o":6}},{"type":"Feature","geometry":{"type":"LineString","coordinates":[[-83.92664,35.45625],[-83.92626,35.45602],[-83.92546,35.45531],[-83.92481,35.45493]]},"properties":{"net":"NC3039","o":3}},{"type":"Feature","geometry":{"type":"LineString","coordinates":[[-83.91867,35.46914],[-83.9191,35.46881],[-83.91954,35.46871],[-83.91993,35.46849]]},"properties":{"net":"NC3039","o":1}},{"type":"Feature","geometry":{"type":"LineString","coordinates":[[-83.91744,35.46161],[-83.91829,35.46129],[-83.91887,35.46084]]},"properties":{"net":"NC3039","o":7}},{"type":"Feature","geometry":{"type":"LineString","coordinates":[[-83.91557,35.46329],[-83.91629,35.4621]]},"properties":{"net":"NC3039","o":7}},{"type":"Feature","geometry":{"type":"LineString","coordinates":[[-83.90816,35.47104],[-83.90858,35.47081],[-83.90924,35.47073],[-83.9099,35.47037],[-83.91032,35.47037],[-83.91076,35.47023],[-83.91131,35.46968]]},"properties":{"net":"NC3039","o":1}},{"type":"Feature","geometry":{"type":"LineString","coordinates":[[-83.91739,35.61831],[-83.91807,35.61871],[-83.91875,35.61882],[-83.91926,35.61858],[-83.91943,35.61819],[-83.91937,35.61787],[-83.91918,35.61758],[-83.91843,35.61713],[-83.91808,35.61673],[-83.91782,35.61616],[-83.91737,35.61552],[-83.91725,35.61516],[-83.9174,35.61478],[-83.91843,35.61376],[-83.91851,35.61355],[-83.91827,35.6129],[-83.91742,35.61166],[-83.91745,35.6105],[-83.91767,35.61014],[-83.91845,35.60945],[-83.91892,35.6093],[-83.91991,35.60925]]},"properties":{"net":"out","o":5}},{"type":"Feature","geometry":{"type":"LineString","coordinates":[[-83.90927,35.36272],[-83.91021,35.36354],[-83.91049,35.36408],[-83.91088,35.36438],[-83.91128,35.36489],[-83.91188,35.36532]]},"properties":{"net":"NC3038","o":1}},{"type":"Feature","geometry":{"type":"LineString","coordinates":[[-83.91202,35.36538],[-83.91257,35.3664],[-83.9127,35.36705],[-83.91255,35.36752],[-83.91213,35.3679],[-83.91183,35.36802],[-83.91113,35.36805],[-83.90992,35.3677],[-83.90921,35.36762]]},"properties":{"net":"NC3038","o":5}},{"type":"Feature","geometry":{"type":"LineString","coordinates":[[-83.90838,35.37165],[-83.90842,35.3713],[-83.90805,35.37103],[-83.90769,35.37093]]},"properties":{"net":"NC3038","o":3}},{"type":"Feature","geometry":{"type":"LineString","coordinates":[[-83.9241,35.4545],[-83.92536,35.45306]]},"properties":{"net":"NC3039","o":7}},{"type":"Feature","geometry":{"type":"LineString","coordinates":[[-83.90765,35.45506],[-83.90804,35.45515],[-83.90849,35.4555],[-83.90926,35.4578],[-83.90926,35.45832],[-83.9091,35.45867],[-83.90873,35.45895]]},"properties":{"net":"NC3039","o":1}},{"type":"Feature","geometry":{"type":"LineString","coordinates":[[-83.92374,35.4579],[-83.92299,35.45791],[-83.92241,35.45776]]},"properties":{"net":"NC3039","o":1}},{"type":"Feature","geometry":{"type":"LineString","coordinates":[[-83.84692,35.26305],[-83.84628,35.2641],[-83.84571,35.2646],[-83.84508,35.26497]]},"properties":{"net":"NC3038","o":1}},{"type":"Feature","geometry":{"type":"LineString","coordinates":[[-83.84911,35.3117],[-83.84905,35.31187]]},"properties":{"net":"NC3038","o":2}},{"type":"Feature","geometry":{"type":"LineString","coordinates":[[-83.84098,35.34945],[-83.84141,35.34922],[-83.84259,35.34921],[-83.84295,35.34934],[-83.84492,35.34911],[-83.84565,35.34948],[-83.84772,35.3494],[-83.84887,35.35022],[-83.85027,35.35016],[-83.85046,35.3503],[-83.85072,35.35029],[-83.85122,35.35045],[-83.85522,35.3504],[-83.85562,35.35046],[-83.85595,35.35069],[-83.85682,35.35062],[-83.85838,35.35016]]},"properties":{"net":"NC3038","o":3}},{"type":"Feature","geometry":{"type":"LineString","coordinates":[[-83.86135,35.43347],[-83.86109,35.4345],[-83.86054,35.43543],[-83.86027,35.43572],[-83.86023,35.436],[-83.86029,35.43638],[-83.861,35.438],[-83.86071,35.43966],[-83.86079,35.44015],[-83.86111,35.44048],[-83.86136,35.44099],[-83.8615,35.4416],[-83.8614,35.44215],[-83.86106,35.44289],[-83.85993,35.44407],[-83.85794,35.44504],[-83.85734,35.44519]]},"properties":{"net":"NC3039","o":1}},{"type":"Feature","geometry":{"type":"LineString","coordinates":[[-83.86031,35.45727],[-83.86017,35.45635],[-83.86053,35.4548],[-83.86041,35.4541],[-83.86056,35.45369],[-83.86051,35.45307],[-83.86035,35.45279],[-83.86025,35.45207],[-83.85933,35.4506]]},"properties":{"net":"NC3039","o":1}},{"type":"Feature","geometry":{"type":"LineString","coordinates":[[-83.89025,35.61013],[-83.89053,35.61027],[-83.89095,35.61014],[-83.89245,35.60883]]},"properties":{"net":"out","o":5}},{"type":"Feature","geometry":{"type":"LineString","coordinates":[[-83.85277,35.28475],[-83.84963,35.28483],[-83.84858,35.28513],[-83.84803,35.28548],[-83.84732,35.28566],[-83.84526,35.28559]]},"properties":{"net":"NC3038","o":1}},{"type":"Feature","geometry":{"type":"LineString","coordinates":[[-83.84514,35.28556],[-83.84471,35.28568]]},"properties":{"net":"NC3038","o":3}},{"type":"Feature","geometry":{"type":"LineString","coordinates":[[-83.86215,35.30661],[-83.86143,35.3069],[-83.86001,35.30726],[-83.85959,35.30769],[-83.85918,35.30887],[-83.85851,35.30924]]},"properties":{"net":"NC3038","o":1}},{"type":"Feature","geometry":{"type":"LineString","coordinates":[[-83.85509,35.30684],[-83.85456,35.30751],[-83.85326,35.30821]]},"properties":{"net":"NC3038","o":2}},{"type":"Feature","geometry":{"type":"LineString","coordinates":[[-83.84961,35.31792],[-83.8493,35.31768],[-83.8492,35.31735]]},"properties":{"net":"NC3038","o":2}},{"type":"Feature","geometry":{"type":"LineString","coordinates":[[-83.84635,35.45162],[-83.84737,35.45254]]},"properties":{"net":"NC3039","o":2}},{"type":"Feature","geometry":{"type":"LineString","coordinates":[[-83.85522,35.48529],[-83.8556,35.48507],[-83.85573,35.48488],[-83.85562,35.48454],[-83.85534,35.48419],[-83.85543,35.48346],[-83.85536,35.4832],[-83.85518,35.48304],[-83.85489,35.48292],[-83.8542,35.48297],[-83.85364,35.48279],[-83.85318,35.48251],[-83.85248,35.48255],[-83.85165,35.48229],[-83.8511,35.48224],[-83.85058,35.48236],[-83.85023,35.48227],[-83.84955,35.48236],[-83.84892,35.48193],[-83.84859,35.48195],[-83.84816,35.48184],[-83.84798,35.48159],[-83.84671,35.48072],[-83.84658,35.48044],[-83.84626,35.48016],[-83.84625,35.48001]]},"properties":{"net":"NC3039","o":1}},{"type":"Feature","geometry":{"type":"LineString","coordinates":[[-83.85004,35.4999],[-83.85007,35.49959],[-83.8499,35.49916],[-83.84971,35.49903],[-83.84967,35.4988],[-83.84938,35.49862],[-83.84955,35.49781],[-83.84952,35.49737],[-83.84923,35.49699],[-83.84908,35.49631],[-83.84949,35.49546],[-83.84943,35.49444],[-83.84997,35.49301],[-83.84992,35.49251],[-83.85005,35.49212],[-83.85,35.49064],[-83.8496,35.49035],[-83.84932,35.4899],[-83.84914,35.48905],[-83.84836,35.48827],[-83.84833,35.48794],[-83.84815,35.48771],[-83.84768,35.48741],[-83.84637,35.4873],[-83.84597,35.48685],[-83.84526,35.48668],[-83.8445,35.48607],[-83.84397,35.48589],[-83.84331,35.48548],[-83.84334,35.48526],[-83.8431,35.48477]]},"properties":{"net":"NC3039","o":1}},{"type":"Feature","geometry":{"type":"LineString","coordinates":[[-83.84864,35.59319],[-83.84917,35.59305],[-83.84953,35.59286],[-83.85065,35.59268]]},"properties":{"net":"out","o":4}},{"type":"Feature","geometry":{"type":"LineString","coordinates":[[-83.83296,35.49632],[-83.83324,35.49579],[-83.83392,35.49495]]},"properties":{"net":"NC3039","o":3}},{"type":"Feature","geometry":{"type":"LineString","coordinates":[[-83.83218,35.48772],[-83.83228,35.48777],[-83.83336,35.4875],[-83.83372,35.48701]]},"properties":{"net":"NC3039","o":2}},{"type":"Feature","geometry":{"type":"LineString","coordinates":[[-83.81579,35.49969],[-83.81617,35.49892],[-83.81663,35.49869],[-83.81683,35.49847],[-83.81784,35.49789],[-83.81907,35.49742],[-83.82013,35.49689],[-83.82128,35.4965],[-83.8222,35.49645],[-83.82269,35.4966],[-83.82311,35.49654],[-83.82372,35.49627],[-83.82456,35.49562],[-83.8261,35.49472],[-83.82662,35.49473],[-83.82729,35.4949],[-83.82816,35.4949]]},"properties":{"net":"NC3039","o":1}},{"type":"Feature","geometry":{"type":"LineString","coordinates":[[-83.83188,35.52305],[-83.83171,35.5223],[-83.8313,35.5217],[-83.83145,35.52041],[-83.83142,35.51991],[-83.83076,35.51907],[-83.8308,35.51816],[-83.83053,35.5175],[-83.83052,35.51713],[-83.83086,35.51639],[-83.83117,35.51603],[-83.83128,35.51575],[-83.83201,35.51533],[-83.83217,35.51499],[-83.83264,35.51464],[-83.83343,35.5143],[-83.83373,35.51428]]},"properties":{"net":"NC3039","o":1}},{"type":"Feature","geometry":{"type":"LineString","coordinates":[[-83.77405,35.2484],[-83.77208,35.24878],[-83.77135,35.24881]]},"properties":{"net":"NC3038","o":1}},{"type":"Feature","geometry":{"type":"LineString","coordinates":[[-83.77227,35.26132],[-83.77122,35.26141],[-83.76952,35.26206]]},"properties":{"net":"NC3038","o":1}},{"type":"Feature","geometry":{"type":"LineString","coordinates":[[-83.75543,35.28217],[-83.75605,35.28239],[-83.75751,35.28355]]},"properties":{"net":"NC3038","o":1}},{"type":"Feature","geometry":{"type":"LineString","coordinates":[[-83.74959,35.27207],[-83.75069,35.27152]]},"properties":{"net":"NC3038","o":4}},{"type":"Feature","geometry":{"type":"LineString","coordinates":[[-83.7384,35.32044],[-83.73776,35.31934],[-83.73743,35.31895],[-83.73737,35.31826],[-83.73705,35.31749],[-83.73663,35.31681],[-83.73659,35.31633]]},"properties":{"net":"NC3038","o":1}},{"type":"Feature","geometry":{"type":"LineString","coordinates":[[-83.73409,35.31945],[-83.73495,35.31903],[-83.73517,35.31883],[-83.73534,35.31828],[-83.73615,35.31691],[-83.73659,35.31633]]},"properties":{"net":"NC3038","o":1}},{"type":"Feature","geometry":{"type":"LineString","coordinates":[[-83.73275,35.25053],[-83.7339,35.25129],[-83.73555,35.25186],[-83.73963,35.25267]]},"properties":{"net":"NC3038","o":1}},{"type":"Feature","geometry":{"type":"LineString","coordinates":[[-83.7305,35.25533],[-83.73129,35.25647],[-83.7318,35.25739],[-83.73224,35.25965],[-83.73276,35.26052],[-83.73272,35.26146],[-83.73368,35.26207],[-83.73457,35.26231],[-83.73536,35.26325]]},"properties":{"net":"NC3038","o":2}},{"type":"Feature","geometry":{"type":"LineString","coordinates":[[-83.72404,35.26607],[-83.72418,35.26621],[-83.72459,35.26739],[-83.72455,35.26853],[-83.72433,35.26889],[-83.72316,35.27008],[-83.7228,35.27073],[-83.72284,35.27105],[-83.7236,35.27189]]},"properties":{"net":"NC3038","o":1}},{"type":"Feature","geometry":{"type":"LineString","coordinates":[[-83.73344,35.28599],[-83.73347,35.28529],[-83.73366,35.28497],[-83.73633,35.28356]]},"properties":{"net":"NC3038","o":1}},{"type":"Feature","geometry":{"type":"LineString","coordinates":[[-83.71711,35.26965],[-83.71897,35.27004],[-83.71969,35.26988],[-83.72001,35.26992],[-83.7205,35.27026],[-83.72155,35.27138],[-83.72206,35.27157],[-83.7236,35.27189]]},"properties":{"net":"NC3038","o":3}},{"type":"Feature","geometry":{"type":"LineString","coordinates":[[-83.73237,35.34716],[-83.73375,35.34765],[-83.73415,35.34817],[-83.73462,35.34854]]},"properties":{"net":"NC3038","o":2}},{"type":"Feature","geometry":{"type":"LineString","coordinates":[[-84.17642,35.31919],[-84.17684,35.31964],[-84.17693,35.31989],[-84.17686,35.32014],[-84.17659,35.32036],[-84.17629,35.32043],[-84.17613,35.32036],[-84.17606,35.32011],[-84.17589,35.31996],[-84.17541,35.32001],[-84.17529,35.32036],[-84.17538,35.32104],[-84.17545,35.32123],[-84.1763,35.3221],[-84.17666,35.32296],[-84.17768,35.32399],[-84.17774,35.32456],[-84.17761,35.3249]]},"properties":{"net":"out","o":4}},{"type":"Feature","geometry":{"type":"LineString","coordinates":[[-84.15529,35.56071],[-84.15711,35.56154],[-84.15941,35.56227],[-84.15968,35.56244]]},"properties":{"net":"out","o":7}},{"type":"Feature","geometry":{"type":"LineString","coordinates":[[-84.14799,35.54802],[-84.14823,35.54834]]},"properties":{"net":"out","o":7}},{"type":"Feature","geometry":{"type":"LineString","coordinates":[[-84.13462,35.61112],[-84.13482,35.61075],[-84.13493,35.60833],[-84.13508,35.60793],[-84.13526,35.60795],[-84.13545,35.60813],[-84.13584,35.60876],[-84.13658,35.60954],[-84.13674,35.60963],[-84.13706,35.60961],[-84.13736,35.6094],[-84.13756,35.60865],[-84.13781,35.60842],[-84.14038,35.60785],[-84.14067,35.60751],[-84.1409,35.60649],[-84.14113,35.60625],[-84.14177,35.60613],[-84.14257,35.60613],[-84.14332,35.60554],[-84.14355,35.60547],[-84.14421,35.60548],[-84.14494,35.60578],[-84.14537,35.60568],[-84.1455,35.60554],[-84.14552,35.60512],[-84.1445,35.60446],[-84.14421,35.604],[-84.14428,35.60282]]},"properties":{"net":"out","o":5}},{"type":"Feature","geometry":{"type":"LineString","coordinates":[[-84.11741,35.47388],[-84.1171,35.47404],[-84.11575,35.47431],[-84.1155,35.47443],[-84.11525,35.47473],[-84.11521,35.47621],[-84.11557,35.47692],[-84.11526,35.47762],[-84.11523,35.47791]]},"properties":{"net":"out","o":4}},{"type":"Feature","geometry":{"type":"LineString","coordinates":[[-84.10454,35.53956],[-84.10308,35.53954],[-84.10163,35.53906],[-84.10098,35.53858],[-84.10092,35.53833],[-84.10105,35.53818],[-84.10103,35.53793],[-84.10066,35.53762],[-84.09955,35.53759],[-84.09831,35.53789]]},"properties":{"net":"out","o":4}},{"type":"Feature","geometry":{"type":"LineString","coordinates":[[-84.10024,35.578],[-84.10056,35.57797],[-84.10105,35.57758],[-84.10154,35.57746]]},"properties":{"net":"out","o":4}},{"type":"Feature","geometry":{"type":"LineString","coordinates":[[-84.09986,35.6031],[-84.10012,35.60281],[-84.10064,35.60257],[-84.10191,35.60245],[-84.10377,35.60251],[-84.10463,35.60276],[-84.10538,35.60315]]},"properties":{"net":"out","o":5}},{"type":"Feature","geometry":{"type":"LineString","coordinates":[[-84.1099,35.60629],[-84.11006,35.60611],[-84.11024,35.60556],[-84.11082,35.60496],[-84.11362,35.6047]]},"properties":{"net":"out","o":5}},{"type":"Feature","geometry":{"type":"LineString","coordinates":[[-84.11606,35.66445],[-84.11654,35.66423]]},"properties":{"net":"out","o":5}},{"type":"Feature","geometry":{"type":"LineString","coordinates":[[-84.11056,35.67002],[-84.11104,35.66977],[-84.11113,35.66958],[-84.11097,35.66951],[-84.11034,35.66963],[-84.11002,35.66946],[-84.11007,35.66929],[-84.11042,35.66901],[-84.11071,35.66903],[-84.11102,35.6692],[-84.11121,35.66913],[-84.11118,35.66859],[-84.11127,35.66831],[-84.11176,35.66792],[-84.11247,35.66757],[-84.11274,35.66708],[-84.11278,35.66676],[-84.1123,35.6668],[-84.11224,35.66673],[-84.11231,35.66651],[-84.11292,35.66635],[-84.11313,35.66591],[-84.11363,35.66582],[-84.11363,35.66571],[-84.11325,35.66543],[-84.11328,35.66531],[-84.11465,35.66537],[-84.11469,35.66494],[-84.11452,35.66454]]},"properties":{"net":"out","o":5}},{"type":"Feature","geometry":{"type":"LineString","coordinates":[[-84.10231,35.67634],[-84.1032,35.67636],[-84.10345,35.6762],[-84.10357,35.67556],[-84.1042,35.67463],[-84.10419,35.67444],[-84.10394,35.67401],[-84.104,35.67378],[-84.10441,35.67368],[-84.10479,35.67398],[-84.10531,35.67405],[-84.10624,35.67379],[-84.10663,35.67348],[-84.10671,35.67323],[-84.10696,35.67295],[-84.10756,35.67271],[-84.10823,35.67183],[-84.10893,35.67151],[-84.10894,35.67134],[-84.10867,35.67105],[-84.1088,35.67085],[-84.11016,35.67029],[-84.11056,35.67002]]},"properties":{"net":"out","o":5}},{"type":"Feature","geometry":{"type":"LineString","coordinates":[[-84.34237,35.58429],[-84.34205,35.58454],[-84.34174,35.58506],[-84.34171,35.58661],[-84.34144,35.58698],[-84.3408,35.58721],[-84.3396,35.58691],[-84.33876,35.58687]]},"properties":{"net":"out","o":4}},{"type":"Feature","geometry":{"type":"LineString","coordinates":[[-84.37235,35.60965],[-84.37206,35.60961],[-84.37188,35.60972],[-84.37148,35.61087],[-84.37049,35.61193],[-84.36959,35.61236],[-84.36906,35.61305],[-84.36844,35.61337],[-84.36817,35.61363]]},"properties":{"net":"out","o":4}},{"type":"Feature","geometry":{"type":"LineString","coordinates":[[-84.2577,35.52084],[-84.25743,35.52082]]},"properties":{"net":"out","o":4}},{"type":"Feature","geometry":{"type":"LineString","coordinates":[[-84.25547,35.52195],[-84.25472,35.5226],[-84.25398,35.52277]]},"properties":{"net":"out","o":4}},{"type":"Feature","geometry":{"type":"LineString","coordinates":[[-84.24886,35.70016],[-84.24886,35.70124],[-84.24905,35.70137],[-84.24901,35.70152]]},"properties":{"net":"out","o":7}},{"type":"Feature","geometry":{"type":"LineString","coordinates":[[-84.24772,35.34661],[-84.24832,35.34706],[-84.24852,35.34737],[-84.24868,35.34787],[-84.24885,35.34916],[-84.24915,35.34958]]},"properties":{"net":"out","o":5}},{"type":"Feature","geometry":{"type":"LineString","coordinates":[[-84.25508,35.42769],[-84.25562,35.42787],[-84.25621,35.42792],[-84.2573,35.42836],[-84.25881,35.42855],[-84.25962,35.42855],[-84.26032,35.42825],[-84.26079,35.42824],[-84.26128,35.42807],[-84.26155,35.42812]]},"properties":{"net":"out","o":4}},{"type":"Feature","geometry":{"type":"LineString","coordinates":[[-84.26489,35.46175],[-84.26349,35.46184],[-84.26312,35.46157],[-84.26271,35.46076],[-84.26206,35.46017],[-84.26199,35.45978],[-84.2616,35.45922],[-84.26077,35.45867],[-84.26,35.45842],[-84.25827,35.45831],[-84.25753,35.45842],[-84.25701,35.45862],[-84.25646,35.45901],[-84.2562,35.45932]]},"properties":{"net":"out","o":5}},{"type":"Feature","geometry":{"type":"LineString","coordinates":[[-84.22172,35.55693],[-84.22239,35.55743]]},"properties":{"net":"out","o":5}},{"type":"Feature","geometry":{"type":"LineString","coordinates":[[-84.20975,35.54257],[-84.21011,35.54331],[-84.21105,35.54418],[-84.21106,35.54432]]},"properties":{"net":"out","o":5}},{"type":"Feature","geometry":{"type":"LineString","coordinates":[[-84.251,35.66953],[-84.24906,35.66956],[-84.24889,35.66968]]},"properties":{"net":"out","o":5}},{"type":"Feature","geometry":{"type":"LineString","coordinates":[[-84.20439,35.68017],[-84.2047,35.68048],[-84.20506,35.68118],[-84.2066,35.68237],[-84.20731,35.68271],[-84.20838,35.68297]]},"properties":{"net":"out","o":4}},{"type":"Feature","geometry":{"type":"LineString","coordinates":[[-84.25308,35.74314],[-84.25674,35.74706]]},"properties":{"net":"out","o":7}},{"type":"Feature","geometry":{"type":"LineString","coordinates":[[-84.21746,35.33445],[-84.21823,35.33482],[-84.21911,35.33478],[-84.2193,35.33465]]},"properties":{"net":"out","o":5}},{"type":"Feature","geometry":{"type":"LineString","coordinates":[[-84.22227,35.51536],[-84.22188,35.51508]]},"properties":{"net":"out","o":5}},{"type":"Feature","geometry":{"type":"LineString","coordinates":[[-84.22102,35.51447],[-84.22095,35.51395]]},"properties":{"net":"out","o":5}},{"type":"Feature","geometry":{"type":"LineString","coordinates":[[-84.22093,35.51373],[-84.22082,35.51346],[-84.21986,35.5127]]},"properties":{"net":"out","o":5}},{"type":"Feature","geometry":{"type":"LineString","coordinates":[[-84.21702,35.51063],[-84.21565,35.51062],[-84.21491,35.51079],[-84.21333,35.51166],[-84.2127,35.51222],[-84.21236,35.51307],[-84.2124,35.51372],[-84.2123,35.51416],[-84.2121,35.51449],[-84.2121,35.51525]]},"properties":{"net":"out","o":5}},{"type":"Feature","geometry":{"type":"LineString","coordinates":[[-84.20639,35.53846],[-84.20644,35.53856]]},"properties":{"net":"out","o":5}},{"type":"Feature","geometry":{"type":"LineString","coordinates":[[-84.2045,35.53008],[-84.2042,35.53035],[-84.20393,35.53102],[-84.20336,35.53173],[-84.20341,35.53252],[-84.20324,35.53267]]},"properties":{"net":"out","o":5}},{"type":"Feature","geometry":{"type":"LineString","coordinates":[[-84.22168,35.57352],[-84.22164,35.57358]]},"properties":{"net":"out","o":5}},{"type":"Feature","geometry":{"type":"LineString","coordinates":[[-84.11958,35.49751],[-84.11936,35.49792],[-84.11869,35.49842],[-84.11636,35.49866],[-84.11403,35.5],[-84.11258,35.50119],[-84.11234,35.50157],[-84.11167,35.50217],[-84.11095,35.50263],[-84.1101,35.50383],[-84.10988,35.50437]]},"properties":{"net":"out","o":4}},{"type":"Feature","geometry":{"type":"LineString","coordinates":[[-84.12778,35.6076],[-84.12801,35.60797],[-84.12865,35.60842]]},"properties":{"net":"out","o":5}},{"type":"Feature","geometry":{"type":"LineString","coordinates":[[-84.07921,35.403],[-84.07948,35.40369],[-84.07949,35.40429],[-84.07939,35.4047],[-84.07922,35.40492],[-84.079,35.405],[-84.0783,35.40496],[-84.078,35.40504],[-84.07792,35.40523],[-84.07802,35.40547],[-84.07877,35.40593],[-84.07985,35.40632],[-84.08035,35.40703],[-84.0808,35.40732],[-84.08247,35.40758],[-84.08247,35.40799],[-84.08171,35.40856],[-84.08172,35.40893],[-84.08193,35.40918],[-84.08347,35.40974],[-84.08394,35.40974],[-84.08446,35.4096]]},"properties":{"net":"out","o":4}},{"type":"Feature","geometry":{"type":"LineString","coordinates":[[-84.09387,35.52649],[-84.09437,35.52702],[-84.09428,35.52753],[-84.09461,35.52789],[-84.09502,35.52807],[-84.09505,35.52824]]},"properties":{"net":"out","o":4}},{"type":"Feature","geometry":{"type":"LineString","coordinates":[[-84.0957,35.54522],[-84.09583,35.54722]]},"properties":{"net":"out","o":4}},{"type":"Feature","geometry":{"type":"LineString","coordinates":[[-84.07855,35.61277],[-84.07894,35.61261],[-84.07961,35.6126]]},"properties":{"net":"out","o":5}},{"type":"Feature","geometry":{"type":"LineString","coordinates":[[-84.07085,35.69256],[-84.07117,35.69226],[-84.07182,35.69231],[-84.07189,35.69209],[-84.07168,35.69162],[-84.07183,35.69158],[-84.07218,35.69172],[-84.07245,35.69163],[-84.07252,35.69134],[-84.07242,35.69086],[-84.0726,35.6908],[-84.07291,35.6909],[-84.07312,35.69042],[-84.07343,35.6904],[-84.07412,35.6899],[-84.07431,35.6899],[-84.07453,35.6901],[-84.07484,35.69005],[-84.07516,35.68995],[-84.07521,35.6897],[-84.07557,35.68979],[-84.07606,35.68949],[-84.07688,35.68934],[-84.07691,35.68926],[-84.0765,35.68852],[-84.0768,35.68845],[-84.07696,35.6886],[-84.07709,35.68859],[-84.07721,35.68851],[-84.0772,35.68826],[-84.0773,35.68817],[-84.07897,35.68745],[-84.07913,35.6863],[-84.07975,35.68568],[-84.08048,35.68521],[-84.08097,35.68426]]},"properties":{"net":"out","o":5}},{"type":"Feature","geometry":{"type":"LineString","coordinates":[[-83.98805,35.64342],[-83.98805,35.64291],[-83.98788,35.6425],[-83.98779,35.64237],[-83.98748,35.64229],[-83.98748,35.64215],[-83.98702,35.64154],[-83.98697,35.64097],[-83.98722,35.64087],[-83.98735,35.64093],[-83.98748,35.64124],[-83.98781,35.64128],[-83.98836,35.6412],[-83.98873,35.64088],[-83.9896,35.64094],[-83.99005,35.64083],[-83.99023,35.64059],[-83.99025,35.64029],[-83.9898,35.63876]]},"properties":{"net":"out","o":4}},{"type":"Feature","geometry":{"type":"LineString","coordinates":[[-84.0454,35.54375],[-84.04673,35.5445]]},"properties":{"net":"out","o":7}},{"type":"Feature","geometry":{"type":"LineString","coordinates":[[-84.03871,35.62304],[-84.03901,35.62393],[-84.0393,35.6243]]},"properties":{"net":"out","o":4}},{"type":"Feature","geometry":{"type":"LineString","coordinates":[[-84.0397,35.63978],[-84.03993,35.63958],[-84.0406,35.63939],[-84.04095,35.63897],[-84.04145,35.6387],[-84.04178,35.63822],[-84.04251,35.63794],[-84.04267,35.63795],[-84.04296,35.63816],[-84.04314,35.63813],[-84.04328,35.63802],[-84.04339,35.63772],[-84.04447,35.63713],[-84.04498,35.63708],[-84.04525,35.63682]]},"properties":{"net":"out","o":4}},{"type":"Feature","geometry":{"type":"LineString","coordinates":[[-84.03714,35.64218],[-84.03733,35.64156]]},"properties":{"net":"out","o":4}},{"type":"Feature","geometry":{"type":"LineString","coordinates":[[-83.96503,35.45663],[-83.96379,35.45658],[-83.96329,35.45697],[-83.96308,35.45754],[-83.96321,35.45824],[-83.96311,35.45854],[-83.96183,35.45918],[-83.9615,35.45946],[-83.96112,35.46001],[-83.96113,35.46043]]},"properties":{"net":"out","o":4}},{"type":"Feature","geometry":{"type":"LineString","coordinates":[[-83.98762,35.30924],[-83.98675,35.3085],[-83.98612,35.3083],[-83.98524,35.30781],[-83.98408,35.30769],[-83.98351,35.30753],[-83.98154,35.30598],[-83.98015,35.30549],[-83.97952,35.30485],[-83.97932,35.30389],[-83.9786,35.30281]]},"properties":{"net":"NC3038","o":1}},{"type":"Feature","geometry":{"type":"LineString","coordinates":[[-83.97117,35.45312],[-83.97115,35.45325],[-83.97169,35.45367],[-83.97192,35.45431],[-83.97185,35.45476],[-83.97162,35.45516]]},"properties":{"net":"out","o":4}},{"type":"Feature","geometry":{"type":"LineString","coordinates":[[-83.97162,35.45516],[-83.97101,35.45554],[-83.97051,35.45557],[-83.96972,35.45552],[-83.96811,35.45522],[-83.96727,35.45519]]},"properties":{"net":"out","o":4}},{"type":"Feature","geometry":{"type":"LineString","coordinates":[[-83.98591,35.48713],[-83.98678,35.4875],[-83.98845,35.48869],[-83.98902,35.48896]]},"properties":{"net":"out","o":7}},{"type":"Feature","geometry":{"type":"LineString","coordinates":[[-83.97994,35.4914],[-83.98029,35.49021],[-83.98043,35.4882]]},"properties":{"net":"out","o":7}},{"type":"Feature","geometry":{"type":"LineString","coordinates":[[-83.96081,35.6589],[-83.96157,35.65853],[-83.96253,35.65853],[-83.96293,35.65843],[-83.96331,35.6581],[-83.96341,35.65748],[-83.96335,35.65707]]},"properties":{"net":"out","o":4}},{"type":"Feature","geometry":{"type":"LineString","coordinates":[[-83.90932,35.28259],[-83.90874,35.28275],[-83.90837,35.28298]]},"properties":{"net":"NC6264","o":4}},{"type":"Feature","geometry":{"type":"LineString","coordinates":[[-83.92667,35.29488],[-83.92577,35.29514]]},"properties":{"net":"NC3038","o":2}},{"type":"Feature","geometry":{"type":"LineString","coordinates":[[-83.91616,35.29401],[-83.91705,35.29543],[-83.91779,35.29636],[-83.91796,35.29672],[-83.91808,35.29753]]},"properties":{"net":"NC3038","o":1}},{"type":"Feature","geometry":{"type":"LineString","coordinates":[[-83.91701,35.25156],[-83.91704,35.252],[-83.91693,35.25234],[-83.91651,35.25274],[-83.916,35.25293],[-83.91569,35.2529],[-83.91461,35.25211],[-83.91436,35.25206],[-83.91413,35.25216],[-83.91403,35.25237],[-83.91405,35.25269],[-83.91466,35.25437],[-83.9146,35.2548],[-83.91446,35.25505]]},"properties":{"net":"NC6264","o":4}},{"type":"Feature","geometry":{"type":"LineString","coordinates":[[-83.89989,35.42259],[-83.90033,35.42219],[-83.90081,35.42217],[-83.90175,35.42242],[-83.90239,35.42272],[-83.90471,35.42454],[-83.90575,35.425],[-83.90612,35.42528]]},"properties":{"net":"out","o":6}},{"type":"Feature","geometry":{"type":"LineString","coordinates":[[-83.88759,35.45443],[-83.88703,35.45529],[-83.88652,35.45574]]},"properties":{"net":"NC3039","o":2}},{"type":"Feature","geometry":{"type":"LineString","coordinates":[[-83.87293,35.26522],[-83.8719,35.26542],[-83.87098,35.2654],[-83.87056,35.26529],[-83.86953,35.26482]]},"properties":{"net":"NC6264","o":4}},{"type":"Feature","geometry":{"type":"LineString","coordinates":[[-83.87563,35.28386],[-83.8766,35.28407],[-83.87686,35.28424],[-83.87705,35.28504],[-83.8778,35.2862],[-83.87812,35.28661],[-83.87895,35.28725],[-83.87943,35.28744],[-83.88067,35.2876],[-83.88153,35.28815]]},"properties":{"net":"NC6264","o":4}},{"type":"Feature","geometry":{"type":"LineString","coordinates":[[-83.88353,35.28965],[-83.8838,35.29015],[-83.88387,35.29174],[-83.88377,35.29222],[-83.8834,35.2928],[-83.88335,35.29307],[-83.88376,35.29375],[-83.88384,35.29429],[-83.88447,35.29506],[-83.8846,35.29571],[-83.8848,35.29611],[-83.88536,35.29657],[-83.8855,35.29682]]},"properties":{"net":"NC6264","o":4}},{"type":"Feature","geometry":{"type":"LineString","coordinates":[[-83.90709,35.25884],[-83.90709,35.25888]]},"properties":{"net":"NC6264","o":4}},{"type":"Feature","geometry":{"type":"LineString","coordinates":[[-83.88829,35.26336],[-83.88786,35.26348],[-83.88764,35.26381],[-83.88772,35.26424],[-83.88823,35.265],[-83.88813,35.26582],[-83.88746,35.26663],[-83.88667,35.2673],[-83.88607,35.26764],[-83.88552,35.26719],[-83.88482,35.26688],[-83.88299,35.26493],[-83.88192,35.26465],[-83.88119,35.26416],[-83.88042,35.26384],[-83.879,35.26227]]},"properties":{"net":"NC6264","o":4}},{"type":"Feature","geometry":{"type":"LineString","coordinates":[[-83.90367,35.30606],[-83.90381,35.30672],[-83.90431,35.30784],[-83.90456,35.30875],[-83.90531,35.3099],[-83.90628,35.31081],[-83.90673,35.31148]]},"properties":{"net":"NC3038","o":1}},{"type":"Feature","geometry":{"type":"LineString","coordinates":[[-83.87668,35.36642],[-83.8767,35.36801]]},"properties":{"net":"NC3038","o":6}},{"type":"Feature","geometry":{"type":"LineString","coordinates":[[-83.9054,35.32428],[-83.90519,35.32443],[-83.90422,35.3244]]},"properties":{"net":"NC3038","o":4}},{"type":"Feature","geometry":{"type":"LineString","coordinates":[[-83.90273,35.34727],[-83.90513,35.34826],[-83.90558,35.34835]]},"properties":{"net":"NC3217","o":4}},{"type":"Feature","geometry":{"type":"LineString","coordinates":[[-83.90034,35.3333],[-83.9001,35.33297],[-83.89926,35.33226],[-83.89902,35.33164],[-83.89912,35.33099],[-83.89906,35.33066],[-83.89844,35.33001]]},"properties":{"net":"NC3038","o":1}},{"type":"Feature","geometry":{"type":"LineString","coordinates":[[-83.90599,35.37189],[-83.9059,35.3713],[-83.90598,35.37115],[-83.90596,35.37079],[-83.90582,35.37069]]},"properties":{"net":"NC3038","o":1}},{"type":"Feature","geometry":{"type":"LineString","coordinates":[[-83.88802,35.37529],[-83.88795,35.375],[-83.888,35.37487]]},"properties":{"net":"NC3038","o":2}},{"type":"Feature","geometry":{"type":"LineString","coordinates":[[-83.90786,35.46725],[-83.90789,35.46663]]},"properties":{"net":"NC3039","o":1}},{"type":"Feature","geometry":{"type":"LineString","coordinates":[[-83.90595,35.45923],[-83.90637,35.46062],[-83.90628,35.46146],[-83.90615,35.46205],[-83.90566,35.46246],[-83.90488,35.46435]]},"properties":{"net":"NC3039","o":1}},{"type":"Feature","geometry":{"type":"LineString","coordinates":[[-83.90462,35.46527],[-83.90528,35.46539],[-83.9062,35.46581],[-83.90791,35.46621]]},"properties":{"net":"NC3039","o":7}},{"type":"Feature","geometry":{"type":"LineString","coordinates":[[-83.90248,35.46791],[-83.90182,35.4674],[-83.90175,35.46704],[-83.90155,35.46688],[-83.90154,35.46656],[-83.90106,35.46655]]},"properties":{"net":"NC3039","o":1}},{"type":"Feature","geometry":{"type":"LineString","coordinates":[[-83.90165,35.47611],[-83.90163,35.47595],[-83.90106,35.47532],[-83.90049,35.47485]]},"properties":{"net":"NC3039","o":2}},{"type":"Feature","geometry":{"type":"LineString","coordinates":[[-83.88708,35.46215],[-83.88701,35.46314]]},"properties":{"net":"NC3039","o":2}},{"type":"Feature","geometry":{"type":"LineString","coordinates":[[-83.89271,35.4858],[-83.89206,35.48616],[-83.89127,35.48725],[-83.89072,35.48762],[-83.8903,35.48818],[-83.88995,35.48839],[-83.88907,35.48858],[-83.88854,35.48888],[-83.88788,35.48898]]},"properties":{"net":"NC3039","o":1}},{"type":"Feature","geometry":{"type":"LineString","coordinates":[[-83.87227,35.27246],[-83.87223,35.27285],[-83.87235,35.27363],[-83.87257,35.27411],[-83.87286,35.2742],[-83.87376,35.27418],[-83.8749,35.27447],[-83.87569,35.27497],[-83.87697,35.27622]]},"properties":{"net":"NC6264","o":4}},{"type":"Feature","geometry":{"type":"LineString","coordinates":[[-83.88348,35.30622],[-83.8828,35.30618],[-83.88211,35.3054],[-83.88191,35.30494],[-83.88194,35.30407],[-83.88176,35.30393],[-83.88101,35.30393],[-83.87976,35.30448]]},"properties":{"net":"NC6264","o":5}},{"type":"Feature","geometry":{"type":"LineString","coordinates":[[-83.88032,35.29852],[-83.88007,35.29851],[-83.87966,35.299],[-83.87968,35.29939],[-83.87978,35.29953],[-83.88042,35.30001],[-83.88151,35.30051],[-83.88192,35.30082],[-83.88273,35.30176],[-83.88434,35.30289],[-83.88467,35.30334],[-83.88518,35.30444],[-83.88531,35.30516],[-83.88511,35.30553],[-83.88456,35.30595],[-83.88348,35.30622]]},"properties":{"net":"NC6264","o":5}},{"type":"Feature","geometry":{"type":"LineString","coordinates":[[-83.8691,35.32437],[-83.86925,35.32514],[-83.86833,35.32652],[-83.86788,35.32697],[-83.86718,35.32743],[-83.86617,35.32767]]},"properties":{"net":"NC3038","o":1}},{"type":"Feature","geometry":{"type":"LineString","coordinates":[[-83.87474,35.32481],[-83.87352,35.32526],[-83.87318,35.32552],[-83.87247,35.32637],[-83.87204,35.3266],[-83.87096,35.32671],[-83.87,35.32719],[-83.86752,35.32786],[-83.86691,35.32785],[-83.86617,35.32767]]},"properties":{"net":"NC3038","o":2}},{"type":"Feature","geometry":{"type":"LineString","coordinates":[[-83.87058,35.31713],[-83.86948,35.31629],[-83.86917,35.31619],[-83.86847,35.31622],[-83.86782,35.31639],[-83.86676,35.31643],[-83.86609,35.31635]]},"properties":{"net":"NC6264","o":5}},{"type":"Feature","geometry":{"type":"LineString","coordinates":[[-83.87731,35.37798],[-83.87752,35.3786],[-83.8782,35.3794],[-83.8785,35.38015],[-83.87786,35.38192]]},"properties":{"net":"out","o":6}},{"type":"Feature","geometry":{"type":"LineString","coordinates":[[-83.8651,35.39273],[-83.8651,35.39332],[-83.86526,35.39382],[-83.86601,35.39523]]},"properties":{"net":"out","o":6}},{"type":"Feature","geometry":{"type":"LineString","coordinates":[[-83.87039,35.39801],[-83.87153,35.39765],[-83.87232,35.39761],[-83.875,35.3981],[-83.87563,35.39799],[-83.87628,35.39769]]},"properties":{"net":"out","o":6}},{"type":"Feature","geometry":{"type":"LineString","coordinates":[[-83.86395,35.41638],[-83.8644,35.41665],[-83.86452,35.41655],[-83.86474,35.41657],[-83.86485,35.41636],[-83.86507,35.41623],[-83.86487,35.41595],[-83.86527,35.41579],[-83.86559,35.41589],[-83.86614,35.41585],[-83.86721,35.41597],[-83.86747,35.41582],[-83.86737,35.41549],[-83.86742,35.41534]]},"properties":{"net":"out","o":4}},{"type":"Feature","geometry":{"type":"LineString","coordinates":[[-83.8838,35.45384],[-83.88417,35.45398],[-83.88565,35.4551],[-83.8862,35.45538],[-83.88652,35.45574]]},"properties":{"net":"NC3039","o":2}},{"type":"Feature","geometry":{"type":"LineString","coordinates":[[-83.87967,35.44672],[-83.8792,35.44669],[-83.87806,35.44684],[-83.87628,35.4466],[-83.87574,35.44661],[-83.87435,35.44692]]},"properties":{"net":"NC3039","o":2}},{"type":"Feature","geometry":{"type":"LineString","coordinates":[[-83.86696,35.45509],[-83.86812,35.45459]]},"properties":{"net":"NC3039","o":1}},{"type":"Feature","geometry":{"type":"LineString","coordinates":[[-83.86665,35.44748],[-83.86621,35.44796],[-83.86602,35.44853]]},"properties":{"net":"NC3039","o":2}},{"type":"Feature","geometry":{"type":"LineString","coordinates":[[-83.8658,35.43688],[-83.86535,35.43737],[-83.865,35.43797],[-83.86455,35.4392],[-83.86415,35.43968],[-83.86398,35.44018],[-83.86384,35.44153],[-83.86411,35.44173],[-83.86604,35.44239],[-83.86653,35.44266],[-83.86685,35.44298],[-83.86837,35.44517],[-83.86817,35.4459]]},"properties":{"net":"NC3039","o":2}},{"type":"Feature","geometry":{"type":"LineString","coordinates":[[-83.88388,35.4581],[-83.88448,35.45889],[-83.88524,35.46025]]},"properties":{"net":"NC3039","o":1}},{"type":"Feature","geometry":{"type":"LineString","coordinates":[[-83.87934,35.46679],[-83.87959,35.46662],[-83.87991,35.46606],[-83.88064,35.46572]]},"properties":{"net":"NC3039","o":5}},{"type":"Feature","geometry":{"type":"LineString","coordinates":[[-83.8791,35.45767],[-83.87861,35.45767],[-83.87814,35.45786],[-83.87727,35.45896],[-83.87711,35.45958],[-83.87721,35.45973],[-83.87707,35.46024],[-83.87688,35.46056]]},"properties":{"net":"NC3039","o":1}},{"type":"Feature","geometry":{"type":"LineString","coordinates":[[-83.87695,35.48009],[-83.87709,35.47971],[-83.877,35.47923],[-83.87641,35.47847],[-83.87584,35.47746],[-83.87536,35.47565],[-83.87422,35.47437],[-83.87396,35.47375],[-83.87369,35.47353],[-83.8737,35.47334],[-83.87345,35.47292]]},"properties":{"net":"NC3039","o":1}},{"type":"Feature","geometry":{"type":"LineString","coordinates":[[-83.86205,35.47469],[-83.86246,35.47464],[-83.86421,35.47545],[-83.86514,35.47564],[-83.86797,35.47578],[-83.86846,35.47591],[-83.8688,35.47587],[-83.86937,35.4761]]},"properties":{"net":"NC3039","o":1}},{"type":"Feature","geometry":{"type":"LineString","coordinates":[[-83.88557,35.4912],[-83.8847,35.49119],[-83.88416,35.49094],[-83.88364,35.49087]]},"properties":{"net":"NC3039","o":2}},{"type":"Feature","geometry":{"type":"LineString","coordinates":[[-83.86639,35.48962],[-83.86708,35.48853],[-83.86737,35.48822],[-83.86747,35.48751],[-83.86738,35.48719]]},"properties":{"net":"NC3039","o":3}},{"type":"Feature","geometry":{"type":"LineString","coordinates":[[-83.8043,35.30454],[-83.80529,35.3051],[-83.80607,35.30583],[-83.80656,35.30648],[-83.80687,35.30667],[-83.80841,35.30663],[-83.80998,35.30686],[-83.81023,35.30676]]},"properties":{"net":"NC3038","o":2}},{"type":"Feature","geometry":{"type":"LineString","coordinates":[[-83.81966,35.31585],[-83.81997,35.31605]]},"properties":{"net":"NC3038","o":4}},{"type":"Feature","geometry":{"type":"LineString","coordinates":[[-84.31489,35.60749],[-84.31408,35.6074],[-84.31265,35.60808],[-84.31199,35.60828],[-84.31108,35.60829],[-84.30984,35.60801],[-84.30953,35.60813]]},"properties":{"net":"out","o":4}},{"type":"Feature","geometry":{"type":"LineString","coordinates":[[-84.29376,35.65295],[-84.29359,35.65302],[-84.29356,35.6532],[-84.29335,35.65339],[-84.29304,35.65341],[-84.29222,35.65308],[-84.29191,35.65306],[-84.29179,35.65317],[-84.29178,35.65375],[-84.29226,35.65434],[-84.29224,35.65474],[-84.29208,35.65489],[-84.29111,35.65497],[-84.29071,35.65492],[-84.2903,35.65469]]},"properties":{"net":"out","o":4}},{"type":"Feature","geometry":{"type":"LineString","coordinates":[[-83.81891,35.27975],[-83.81931,35.28094]]},"properties":{"net":"NC3038","o":4}},{"type":"Feature","geometry":{"type":"LineString","coordinates":[[-83.82223,35.31169],[-83.82163,35.31213],[-83.8203,35.31272],[-83.82025,35.31308],[-83.81989,35.31302],[-83.81943,35.31336],[-83.81946,35.31387],[-83.81925,35.31415],[-83.81945,35.31528],[-83.81971,35.31568],[-83.81966,35.31585]]},"properties":{"net":"NC3038","o":3}},{"type":"Feature","geometry":{"type":"LineString","coordinates":[[-83.80488,35.32905],[-83.80537,35.32925],[-83.80706,35.32943],[-83.80793,35.32936],[-83.80871,35.32911],[-83.80995,35.32914],[-83.81044,35.32923],[-83.81109,35.3295]]},"properties":{"net":"NC3038","o":5}},{"type":"Feature","geometry":{"type":"LineString","coordinates":[[-83.81833,35.34131],[-83.81903,35.34127],[-83.81936,35.34151]]},"properties":{"net":"NC3038","o":1}},{"type":"Feature","geometry":{"type":"LineString","coordinates":[[-83.81231,35.33258],[-83.81218,35.3327],[-83.81179,35.33271],[-83.81016,35.33225]]},"properties":{"net":"NC3038","o":5}},{"type":"Feature","geometry":{"type":"LineString","coordinates":[[-83.80897,35.33185],[-83.80891,35.3319]]},"properties":{"net":"NC3038","o":5}},{"type":"Feature","geometry":{"type":"LineString","coordinates":[[-83.80895,35.34422],[-83.80895,35.34332],[-83.80918,35.343],[-83.80967,35.34266],[-83.81001,35.34211],[-83.81081,35.3417],[-83.81184,35.34151],[-83.8125,35.34108]]},"properties":{"net":"NC3038","o":1}},{"type":"Feature","geometry":{"type":"LineString","coordinates":[[-83.80903,35.35009],[-83.80885,35.34889],[-83.80832,35.34797],[-83.80756,35.34703],[-83.80681,35.34678]]},"properties":{"net":"NC3038","o":1}},{"type":"Feature","geometry":{"type":"LineString","coordinates":[[-83.80605,35.33579],[-83.80608,35.33604]]},"properties":{"net":"NC3038","o":5}},{"type":"Feature","geometry":{"type":"LineString","coordinates":[[-83.8228,35.36344],[-83.82312,35.36342]]},"properties":{"net":"NC3038","o":4}},{"type":"Feature","geometry":{"type":"LineString","coordinates":[[-83.78462,35.32465],[-83.78517,35.32391],[-83.78586,35.32385],[-83.78639,35.32339],[-83.788,35.32247],[-83.78847,35.32236],[-83.78907,35.32251]]},"properties":{"net":"NC3038","o":2}},{"type":"Feature","geometry":{"type":"LineString","coordinates":[[-84.31135,35.51492],[-84.31085,35.51479],[-84.31027,35.5143],[-84.3102,35.51406],[-84.30977,35.51398],[-84.30952,35.51378],[-84.3095,35.51359],[-84.30989,35.51347],[-84.30957,35.51275],[-84.3091,35.5125],[-84.30872,35.51271]]},"properties":{"net":"out","o":4}},{"type":"Feature","geometry":{"type":"LineString","coordinates":[[-84.3204,35.64332],[-84.31977,35.6432]]},"properties":{"net":"out","o":4}},{"type":"Feature","geometry":{"type":"LineString","coordinates":[[-84.32132,35.63174],[-84.32108,35.63166],[-84.32089,35.63179],[-84.32084,35.63209],[-84.32091,35.63227],[-84.32188,35.63309],[-84.32251,35.63394],[-84.32256,35.63426],[-84.32219,35.63441],[-84.32064,35.63453],[-84.32041,35.63465],[-84.3203,35.63488],[-84.32131,35.63577],[-84.32142,35.63603],[-84.32142,35.63649],[-84.32218,35.6367],[-84.32242,35.6369],[-84.32244,35.63733],[-84.32214,35.63754],[-84.32093,35.63742],[-84.31993,35.63695],[-84.31959,35.6369],[-84.31916,35.63702],[-84.31884,35.63749],[-84.31893,35.63774],[-84.32005,35.63882],[-84.32061,35.63957],[-84.32161,35.64022],[-84.32207,35.64102]]},"properties":{"net":"out","o":4}},{"type":"Feature","geometry":{"type":"LineString","coordinates":[[-84.28244,35.68509],[-84.28242,35.68327]]},"properties":{"net":"out","o":4}},{"type":"Feature","geometry":{"type":"LineString","coordinates":[[-84.28242,35.68327],[-84.28241,35.68232],[-84.2822,35.68186]]},"properties":{"net":"out","o":4}},{"type":"Feature","geometry":{"type":"LineString","coordinates":[[-84.27376,35.67587],[-84.27343,35.67563],[-84.27312,35.67565],[-84.27266,35.67538],[-84.27191,35.6753]]},"properties":{"net":"out","o":5}},{"type":"Feature","geometry":{"type":"LineString","coordinates":[[-84.29336,35.518],[-84.29321,35.51761],[-84.29272,35.51751],[-84.29245,35.51724],[-84.29194,35.51711],[-84.29167,35.51694]]},"properties":{"net":"out","o":4}},{"type":"Feature","geometry":{"type":"LineString","coordinates":[[-84.29458,35.61983],[-84.29344,35.61985],[-84.29245,35.61998],[-84.29206,35.62014]]},"properties":{"net":"out","o":4}},{"type":"Feature","geometry":{"type":"LineString","coordinates":[[-84.30189,35.68408],[-84.30093,35.6837],[-84.2992,35.68346],[-84.29734,35.68228],[-84.29681,35.68217],[-84.29642,35.68225]]},"properties":{"net":"out","o":4}},{"type":"Feature","geometry":{"type":"LineString","coordinates":[[-83.81901,35.26573],[-83.81967,35.26731],[-83.8202,35.26768],[-83.82057,35.26828],[-83.82072,35.26883],[-83.82068,35.26964],[-83.82078,35.27025]]},"properties":{"net":"NC3038","o":3}},{"type":"Feature","geometry":{"type":"LineString","coordinates":[[-83.81521,35.25805],[-83.81561,35.25821],[-83.81618,35.25827],[-83.81702,35.2586],[-83.81876,35.25954],[-83.81945,35.26056]]},"properties":{"net":"NC3038","o":1}},{"type":"Feature","geometry":{"type":"LineString","coordinates":[[-83.81958,35.28513],[-83.8192,35.28554]]},"properties":{"net":"NC3038","o":4}},{"type":"Feature","geometry":{"type":"LineString","coordinates":[[-83.8192,35.28554],[-83.81869,35.2871],[-83.81833,35.2879]]},"properties":{"net":"NC3038","o":4}},{"type":"Feature","geometry":{"type":"LineString","coordinates":[[-83.81007,35.28614],[-83.81209,35.28765],[-83.81369,35.28832],[-83.81493,35.28893],[-83.81547,35.28932],[-83.81621,35.29028],[-83.81625,35.29054],[-83.81612,35.2911]]},"properties":{"net":"NC3038","o":1}},{"type":"Feature","geometry":{"type":"LineString","coordinates":[[-83.81159,35.30206],[-83.8115,35.30254]]},"properties":{"net":"NC3038","o":4}},{"type":"Feature","geometry":{"type":"LineString","coordinates":[[-83.8105,35.30245],[-83.8115,35.30254]]},"properties":{"net":"NC3038","o":1}},{"type":"Feature","geometry":{"type":"LineString","coordinates":[[-83.81009,35.30231],[-83.81026,35.30248],[-83.8105,35.30245]]},"properties":{"net":"NC3038","o":1}},{"type":"Feature","geometry":{"type":"LineString","coordinates":[[-83.80887,35.2978],[-83.80998,35.29846],[-83.81051,35.29932],[-83.81146,35.30032],[-83.81162,35.30071],[-83.81152,35.30117],[-83.81156,35.3016],[-83.81144,35.30178],[-83.81159,35.30206]]},"properties":{"net":"NC3038","o":1}},{"type":"Feature","geometry":{"type":"LineString","coordinates":[[-83.7828,35.31389],[-83.78329,35.31399],[-83.78414,35.31441],[-83.78526,35.31511],[-83.78676,35.3163],[-83.78789,35.31762],[-83.78824,35.31833],[-83.78873,35.31892]]},"properties":{"net":"NC3038","o":2}},{"type":"Feature","geometry":{"type":"LineString","coordinates":[[-83.77736,35.31806],[-83.77878,35.3189],[-83.77961,35.31912],[-83.78013,35.31909],[-83.78137,35.31863],[-83.78174,35.31864],[-83.7822,35.3188]]},"properties":{"net":"NC3038","o":1}},{"type":"Feature","geometry":{"type":"LineString","coordinates":[[-83.78795,35.34118],[-83.78759,35.34054],[-83.78762,35.34039],[-83.78796,35.34025],[-83.788,35.3401],[-83.7879,35.33986],[-83.78821,35.33998],[-83.78832,35.33992],[-83.78844,35.33935],[-83.78885,35.33903],[-83.78905,35.33855],[-83.78942,35.33825]]},"properties":{"net":"NC3038","o":4}},{"type":"Feature","geometry":{"type":"LineString","coordinates":[[-83.79817,35.36849],[-83.80017,35.36789],[-83.8007,35.36765]]},"properties":{"net":"NC3038","o":3}},{"type":"Feature","geometry":{"type":"LineString","coordinates":[[-83.79625,35.37005],[-83.79771,35.36923],[-83.79788,35.36901],[-83.79791,35.36866]]},"properties":{"net":"NC3038","o":2}},{"type":"Feature","geometry":{"type":"LineString","coordinates":[[-84.27274,35.45682],[-84.27302,35.45702],[-84.27326,35.45737],[-84.2733,35.45806],[-84.27306,35.45839],[-84.27198,35.45938],[-84.27097,35.46018],[-84.26768,35.46119],[-84.26494,35.46173]]},"properties":{"net":"out","o":5}},{"type":"Feature","geometry":{"type":"LineString","coordinates":[[-84.2775,35.62487],[-84.27747,35.625],[-84.27718,35.62525]]},"properties":{"net":"out","o":4}},{"type":"Feature","geometry":{"type":"LineString","coordinates":[[-84.26769,35.62956],[-84.26769,35.63017],[-84.26689,35.63086]]},"properties":{"net":"out","o":4}},{"type":"Feature","geometry":{"type":"LineString","coordinates":[[-84.22623,35.51186],[-84.22598,35.51209]]},"properties":{"net":"out","o":5}},{"type":"Feature","geometry":{"type":"LineString","coordinates":[[-84.23946,35.53328],[-84.23854,35.53418],[-84.23798,35.53432],[-84.23762,35.53453]]},"properties":{"net":"out","o":4}},{"type":"Feature","geometry":{"type":"LineString","coordinates":[[-84.22591,35.56166],[-84.22579,35.56185],[-84.22575,35.56261],[-84.22568,35.56283],[-84.22549,35.56295]]},"properties":{"net":"out","o":5}},{"type":"Feature","geometry":{"type":"LineString","coordinates":[[-84.23089,35.68974],[-84.23126,35.68979],[-84.23224,35.69058],[-84.23301,35.69087],[-84.2335,35.69089],[-84.2341,35.69072],[-84.23561,35.69072],[-84.23651,35.6909],[-84.23733,35.69137],[-84.23887,35.69192]]},"properties":{"net":"out","o":4}},{"type":"Feature","geometry":{"type":"LineString","coordinates":[[-83.79134,35.27846],[-83.79062,35.27874],[-83.78949,35.27889],[-83.78862,35.27913],[-83.78709,35.27929],[-83.78662,35.2795],[-83.7857,35.28018]]},"properties":{"net":"NC3038","o":1}},{"type":"Feature","geometry":{"type":"LineString","coordinates":[[-83.78415,35.27198],[-83.78316,35.27272],[-83.78289,35.27301],[-83.78279,35.2733],[-83.78259,35.27663],[-83.7829,35.2779],[-83.78293,35.28056],[-83.78283,35.28157],[-83.78237,35.28262],[-83.78222,35.2834]]},"properties":{"net":"NC3038","o":2}},{"type":"Feature","geometry":{"type":"LineString","coordinates":[[-83.80035,35.29923],[-83.79963,35.30016],[-83.79934,35.30027],[-83.79813,35.30038],[-83.7968,35.3012],[-83.79631,35.30164],[-83.79546,35.30208],[-83.79511,35.3024],[-83.79524,35.30484],[-83.7949,35.30549],[-83.79417,35.30607]]},"properties":{"net":"NC3038","o":2}},{"type":"Feature","geometry":{"type":"LineString","coordinates":[[-83.79417,35.30607],[-83.79428,35.3075],[-83.79421,35.30776],[-83.79382,35.30828]]},"properties":{"net":"NC3038","o":4}},{"type":"Feature","geometry":{"type":"LineString","coordinates":[[-83.78191,35.30344],[-83.78348,35.30311],[-83.78376,35.30292],[-83.7851,35.30096],[-83.78532,35.29951]]},"properties":{"net":"NC3038","o":1}},{"type":"Feature","geometry":{"type":"LineString","coordinates":[[-83.80092,35.32322],[-83.80068,35.32373],[-83.80058,35.32424],[-83.80056,35.32529],[-83.80202,35.32722]]},"properties":{"net":"NC3038","o":4}},{"type":"Feature","geometry":{"type":"LineString","coordinates":[[-83.79948,35.31635],[-83.79986,35.3167],[-83.80027,35.3176],[-83.80072,35.31815],[-83.80087,35.31854]]},"properties":{"net":"NC3038","o":4}},{"type":"Feature","geometry":{"type":"LineString","coordinates":[[-83.79882,35.31255],[-83.79882,35.31255]]},"properties":{"net":"NC3038","o":1}},{"type":"Feature","geometry":{"type":"LineString","coordinates":[[-83.79828,35.31544],[-83.79883,35.31594],[-83.79948,35.31635]]},"properties":{"net":"NC3038","o":4}},{"type":"Feature","geometry":{"type":"LineString","coordinates":[[-83.79786,35.3264],[-83.79913,35.32615],[-83.79944,35.32633],[-83.79964,35.32698],[-83.79995,35.32716],[-83.80028,35.32726],[-83.80072,35.3272],[-83.80142,35.3275],[-83.80166,35.32746],[-83.80195,35.32726]]},"properties":{"net":"NC3038","o":4}},{"type":"Feature","geometry":{"type":"LineString","coordinates":[[-84.27324,35.40614],[-84.27356,35.40627],[-84.27518,35.40616],[-84.27596,35.40656],[-84.27606,35.4067],[-84.27608,35.40713],[-84.27559,35.40762],[-84.27419,35.40851],[-84.27377,35.40889],[-84.27341,35.40945],[-84.27331,35.41],[-84.27315,35.41022],[-84.27172,35.41155]]},"properties":{"net":"out","o":5}},{"type":"Feature","geometry":{"type":"LineString","coordinates":[[-84.23763,35.34562],[-84.23834,35.34604]]},"properties":{"net":"out","o":5}},{"type":"Feature","geometry":{"type":"LineString","coordinates":[[-84.24217,35.50969],[-84.24179,35.51053]]},"properties":{"net":"out","o":5}},{"type":"Feature","geometry":{"type":"LineString","coordinates":[[-84.24148,35.51095],[-84.24141,35.51102]]},"properties":{"net":"out","o":5}},{"type":"Feature","geometry":{"type":"LineString","coordinates":[[-84.21899,35.64226],[-84.21941,35.64261],[-84.21942,35.64279],[-84.22299,35.64541],[-84.22301,35.64631]]},"properties":{"net":"out","o":5}},{"type":"Feature","geometry":{"type":"LineString","coordinates":[[-84.17959,35.33081],[-84.18026,35.33085],[-84.18082,35.33068],[-84.18179,35.33064],[-84.18416,35.33126],[-84.18493,35.33163],[-84.18532,35.33222],[-84.18547,35.33319],[-84.18601,35.33404],[-84.18721,35.33489],[-84.18877,35.33652],[-84.18903,35.33712],[-84.18925,35.33852],[-84.18941,35.33887],[-84.18997,35.33935],[-84.19083,35.33975],[-84.19124,35.34006],[-84.19158,35.3404],[-84.19211,35.34125]]},"properties":{"net":"out","o":5}},{"type":"Feature","geometry":{"type":"LineString","coordinates":[[-84.19636,35.67794],[-84.19745,35.67733],[-84.19877,35.67716]]},"properties":{"net":"out","o":4}},{"type":"Feature","geometry":{"type":"LineString","coordinates":[[-83.75548,35.24811],[-83.75517,35.24752],[-83.75499,35.24677],[-83.75495,35.24584],[-83.75443,35.24466],[-83.75376,35.24432],[-83.75299,35.24435],[-83.75152,35.24499],[-83.75063,35.2455],[-83.7499,35.24636],[-83.74877,35.24739],[-83.74804,35.24852],[-83.7476,35.24896],[-83.74629,35.2496],[-83.74513,35.2504],[-83.74496,35.25067],[-83.74477,35.25137]]},"properties":{"net":"NC3038","o":1}},{"type":"Feature","geometry":{"type":"LineString","coordinates":[[-83.75614,35.2567],[-83.75572,35.25741]]},"properties":{"net":"NC3038","o":2}},{"type":"Feature","geometry":{"type":"LineString","coordinates":[[-83.74829,35.25567],[-83.74738,35.25616],[-83.74683,35.25627],[-83.74568,35.25577],[-83.74399,35.25599],[-83.74251,35.25593]]},"properties":{"net":"NC3038","o":1}},{"type":"Feature","geometry":{"type":"LineString","coordinates":[[-83.74193,35.24682],[-83.74238,35.24723],[-83.74284,35.24798],[-83.74297,35.24888],[-83.74319,35.24936],[-83.74445,35.25083],[-83.74477,35.25137]]},"properties":{"net":"NC3038","o":1}},{"type":"Feature","geometry":{"type":"LineString","coordinates":[[-83.75046,35.29899],[-83.75108,35.2995],[-83.7521,35.30012],[-83.75348,35.30058]]},"properties":{"net":"NC3038","o":1}},{"type":"Feature","geometry":{"type":"LineString","coordinates":[[-83.74943,35.30928],[-83.75029,35.30801],[-83.75137,35.30764]]},"properties":{"net":"NC3038","o":3}},{"type":"Feature","geometry":{"type":"LineString","coordinates":[[-83.75522,35.33827],[-83.75528,35.33725],[-83.75515,35.33688]]},"properties":{"net":"NC3038","o":4}},{"type":"Feature","geometry":{"type":"LineString","coordinates":[[-83.75067,35.3407],[-83.75126,35.34034],[-83.7523,35.33949],[-83.75405,35.33885],[-83.75522,35.33827]]},"properties":{"net":"NC3038","o":4}},{"type":"Feature","geometry":{"type":"LineString","coordinates":[[-83.74152,35.33591],[-83.74318,35.33658]]},"properties":{"net":"NC3038","o":3}},{"type":"Feature","geometry":{"type":"LineString","coordinates":[[-83.75581,35.37007],[-83.75804,35.36918],[-83.7588,35.36902]]},"properties":{"net":"NC3038","o":2}},{"type":"Feature","geometry":{"type":"LineString","coordinates":[[-83.75204,35.36943],[-83.75356,35.36927],[-83.75447,35.36972],[-83.75503,35.37013]]},"properties":{"net":"NC3038","o":2}},{"type":"Feature","geometry":{"type":"LineString","coordinates":[[-83.77178,35.24727],[-83.77189,35.24771],[-83.77184,35.24804],[-83.77166,35.24845],[-83.77135,35.24881]]},"properties":{"net":"NC3038","o":1}},{"type":"Feature","geometry":{"type":"LineString","coordinates":[[-83.76357,35.26497],[-83.76184,35.26587],[-83.76063,35.26608],[-83.7598,35.26646],[-83.75953,35.2668],[-83.75883,35.26855]]},"properties":{"net":"NC3038","o":3}},{"type":"Feature","geometry":{"type":"LineString","coordinates":[[-83.77699,35.27279],[-83.77481,35.27265],[-83.77419,35.27276],[-83.77311,35.27257]]},"properties":{"net":"NC3038","o":1}},{"type":"Feature","geometry":{"type":"LineString","coordinates":[[-83.77072,35.27841],[-83.77064,35.27895],[-83.77013,35.27988],[-83.77002,35.28039],[-83.76979,35.28075],[-83.76983,35.28128],[-83.76975,35.28147],[-83.76783,35.28291],[-83.76724,35.28353],[-83.76635,35.28402]]},"properties":{"net":"NC3038","o":1}},{"type":"Feature","geometry":{"type":"LineString","coordinates":[[-83.76635,35.28402],[-83.76656,35.28584],[-83.76678,35.28653],[-83.76664,35.28681]]},"properties":{"net":"NC3038","o":4}},{"type":"Feature","geometry":{"type":"LineString","coordinates":[[-83.76511,35.27355],[-83.76511,35.27369],[-83.76499,35.27381],[-83.76477,35.27386]]},"properties":{"net":"NC3038","o":1}},{"type":"Feature","geometry":{"type":"LineString","coordinates":[[-83.76477,35.27386],[-83.76439,35.27438]]},"properties":{"net":"NC3038","o":1}},{"type":"Feature","geometry":{"type":"LineString","coordinates":[[-83.77452,35.32246],[-83.77512,35.32181],[-83.77573,35.32164]]},"properties":{"net":"NC3038","o":4}},{"type":"Feature","geometry":{"type":"LineString","coordinates":[[-83.76872,35.3177],[-83.77043,35.31881],[-83.77095,35.31929],[-83.7718,35.31985],[-83.7722,35.32043],[-83.7724,35.32151],[-83.77307,35.32209],[-83.77327,35.32242],[-83.77452,35.32246]]},"properties":{"net":"NC3038","o":1}},{"type":"Feature","geometry":{"type":"LineString","coordinates":[[-83.76642,35.33154],[-83.76756,35.3309],[-83.76841,35.3312],[-83.76919,35.33122]]},"properties":{"net":"NC3038","o":4}},{"type":"Feature","geometry":{"type":"LineString","coordinates":[[-83.77185,35.36239],[-83.77258,35.36146]]},"properties":{"net":"NC3038","o":4}},{"type":"Feature","geometry":{"type":"LineString","coordinates":[[-83.76857,35.35733],[-83.77016,35.35624],[-83.77229,35.35541],[-83.77284,35.35489]]},"properties":{"net":"NC3038","o":1}},{"type":"Feature","geometry":{"type":"LineString","coordinates":[[-83.76695,35.3686],[-83.76708,35.3682],[-83.76656,35.3675],[-83.76632,35.36687],[-83.7665,35.36638],[-83.76646,35.36592]]},"properties":{"net":"NC3038","o":3}},{"type":"Feature","geometry":{"type":"LineString","coordinates":[[-83.76475,35.36676],[-83.76541,35.36662],[-83.76622,35.36613]]},"properties":{"net":"NC3038","o":3}},{"type":"Feature","geometry":{"type":"LineString","coordinates":[[-83.76327,35.36369],[-83.76441,35.36478],[-83.76547,35.36547],[-83.76622,35.36613]]},"properties":{"net":"NC3038","o":2}},{"type":"Feature","geometry":{"type":"LineString","coordinates":[[-83.77529,35.38245],[-83.77631,35.38151],[-83.77634,35.38077],[-83.7765,35.38022],[-83.77711,35.37947],[-83.77804,35.37881],[-83.77945,35.37847],[-83.78012,35.37762],[-83.78108,35.37698]]},"properties":{"net":"NC3038","o":1}},{"type":"Feature","geometry":{"type":"LineString","coordinates":[[-84.16353,35.64803],[-84.16384,35.6479],[-84.16442,35.64737],[-84.16436,35.64681],[-84.16469,35.64675],[-84.1651,35.64691],[-84.16555,35.64628],[-84.16599,35.64586]]},"properties":{"net":"out","o":5}},{"type":"Feature","geometry":{"type":"LineString","coordinates":[[-84.18941,35.45405],[-84.18891,35.45491],[-84.18877,35.45545],[-84.18879,35.45586],[-84.18857,35.45641],[-84.18843,35.45719],[-84.18796,35.45776],[-84.18776,35.45827],[-84.18717,35.45876],[-84.18713,35.45892],[-84.18728,35.45925],[-84.18723,35.45956],[-84.18687,35.46032],[-84.18631,35.46289],[-84.18635,35.46407],[-84.18616,35.46511],[-84.18625,35.46604]]},"properties":{"net":"out","o":4}},{"type":"Feature","geometry":{"type":"LineString","coordinates":[[-84.18487,35.48157],[-84.18496,35.48337],[-84.18477,35.48408]]},"properties":{"net":"out","o":4}},{"type":"Feature","geometry":{"type":"LineString","coordinates":[[-84.18577,35.50262],[-84.18695,35.5038],[-84.18725,35.50433],[-84.18928,35.5059]]},"properties":{"net":"out","o":4}},{"type":"Feature","geometry":{"type":"LineString","coordinates":[[-84.19213,35.63392],[-84.19289,35.63464],[-84.19291,35.635],[-84.19306,35.63529],[-84.19366,35.63569],[-84.19431,35.63606],[-84.19498,35.63618],[-84.19607,35.63664],[-84.19651,35.63662]]},"properties":{"net":"out","o":5}},{"type":"Feature","geometry":{"type":"LineString","coordinates":[[-84.18237,35.64366],[-84.18241,35.6432],[-84.18225,35.64254],[-84.18148,35.64167],[-84.18065,35.6404],[-84.18032,35.64005],[-84.17992,35.63931],[-84.17994,35.63902],[-84.18041,35.63864],[-84.18102,35.63862],[-84.18161,35.63884],[-84.18272,35.63959],[-84.18419,35.63971],[-84.18465,35.64005],[-84.1855,35.64153],[-84.18578,35.6417],[-84.18595,35.64166],[-84.18624,35.64128],[-84.18606,35.63992],[-84.18546,35.6389],[-84.18465,35.63792],[-84.18464,35.63774],[-84.18419,35.63689],[-84.18417,35.6366],[-84.18438,35.63645],[-84.18486,35.63643],[-84.18634,35.63666],[-84.18749,35.6363]]},"properties":{"net":"out","o":5}},{"type":"Feature","geometry":{"type":"LineString","coordinates":[[-83.75572,35.25741],[-83.75531,35.25834],[-83.75442,35.25915],[-83.75429,35.25955],[-83.75347,35.26086],[-83.75316,35.26169],[-83.75364,35.26333],[-83.75368,35.26409],[-83.75284,35.26677],[-83.75262,35.26763],[-83.75256,35.2686],[-83.75238,35.26909],[-83.75239,35.2693],[-83.75278,35.26962],[-83.75281,35.27079]]},"properties":{"net":"NC3038","o":2}},{"type":"Feature","geometry":{"type":"LineString","coordinates":[[-83.74293,35.25468],[-83.74282,35.25532],[-83.74251,35.25593]]},"properties":{"net":"NC3038","o":3}},{"type":"Feature","geometry":{"type":"LineString","coordinates":[[-83.73465,35.37014],[-83.73444,35.36939],[-83.73428,35.36819],[-83.73361,35.36704],[-83.73341,35.36634],[-83.73341,35.36471],[-83.73352,35.36414]]},"properties":{"net":"NC3038","o":1}},{"type":"Feature","geometry":{"type":"LineString","coordinates":[[-83.7338,35.37106],[-83.73269,35.36941],[-83.73255,35.36787],[-83.73229,35.36697],[-83.73248,35.36561],[-83.73298,35.36468],[-83.73352,35.36414]]},"properties":{"net":"NC3038","o":1}},{"type":"Feature","geometry":{"type":"LineString","coordinates":[[-83.72449,35.36249],[-83.72485,35.36222]]},"properties":{"net":"NC3038","o":2}},{"type":"Feature","geometry":{"type":"LineString","coordinates":[[-83.73939,35.30583],[-83.74016,35.30609],[-83.74183,35.30647],[-83.74271,35.30686],[-83.7443,35.30657],[-83.74607,35.30597]]},"properties":{"net":"NC3038","o":1}},{"type":"Feature","geometry":{"type":"LineString","coordinates":[[-83.75389,35.32898],[-83.75463,35.32965],[-83.75542,35.33019],[-83.75606,35.33129],[-83.75661,35.33188],[-83.75675,35.33227],[-83.75669,35.33301]]},"properties":{"net":"NC3038","o":1}},{"type":"Feature","geometry":{"type":"LineString","coordinates":[[-83.75197,35.36429],[-83.75332,35.36529],[-83.75439,35.36652],[-83.7554,35.36742],[-83.75696,35.36806],[-83.7588,35.36902]]},"properties":{"net":"NC3038","o":2}},{"type":"Feature","geometry":{"type":"LineString","coordinates":[[-83.75076,35.36286],[-83.75139,35.36379],[-83.75197,35.36429]]},"properties":{"net":"NC3038","o":1}},{"type":"Feature","geometry":{"type":"LineString","coordinates":[[-84.1683,35.54853],[-84.16877,35.54909],[-84.16942,35.54957],[-84.16945,35.55007],[-84.169,35.55052],[-84.16898,35.55099],[-84.16887,35.55125],[-84.16891,35.5519],[-84.16901,35.55208],[-84.16916,35.55312],[-84.16968,35.55353],[-84.17058,35.55382],[-84.17118,35.55423]]},"properties":{"net":"out","o":4}},{"type":"Feature","geometry":{"type":"LineString","coordinates":[[-84.16897,35.56536],[-84.17731,35.56662],[-84.17893,35.56701]]},"properties":{"net":"out","o":7}},{"type":"Feature","geometry":{"type":"LineString","coordinates":[[-84.16242,35.56442],[-84.16251,35.56448]]},"properties":{"net":"out","o":7}},{"type":"Feature","geometry":{"type":"LineString","coordinates":[[-84.16291,35.60544],[-84.16317,35.60399],[-84.16374,35.60324],[-84.16371,35.60274],[-84.16338,35.6025],[-84.16244,35.60225],[-84.16212,35.60201],[-84.1621,35.60176],[-84.16244,35.60149],[-84.16301,35.60147],[-84.16368,35.60166],[-84.16433,35.60203],[-84.16468,35.60201],[-84.16521,35.60134],[-84.16593,35.60145],[-84.16683,35.60181],[-84.1671,35.6018],[-84.16727,35.60169],[-84.16725,35.60143],[-84.16667,35.6007],[-84.1666,35.60023],[-84.16705,35.59971],[-84.16754,35.59969],[-84.16818,35.6001],[-84.16903,35.60093],[-84.16965,35.60133]]},"properties":{"net":"out","o":5}},{"type":"Feature","geometry":{"type":"LineString","coordinates":[[-84.17613,35.6403],[-84.17636,35.64033],[-84.17651,35.64023],[-84.17671,35.6397],[-84.17705,35.63944],[-84.17756,35.63973],[-84.1784,35.64046]]},"properties":{"net":"out","o":5}},{"type":"Feature","geometry":{"type":"LineString","coordinates":[[-84.12242,35.46392],[-84.12338,35.465],[-84.12421,35.46562],[-84.12448,35.4664],[-84.12544,35.46812]]},"properties":{"net":"out","o":4}},{"type":"Feature","geometry":{"type":"LineString","coordinates":[[-84.1344,35.55052],[-84.13451,35.55008],[-84.13531,35.54871],[-84.13523,35.54824]]},"properties":{"net":"out","o":7}},{"type":"Feature","geometry":{"type":"LineString","coordinates":[[-84.11035,35.55685],[-84.11077,35.55716],[-84.11244,35.55709],[-84.11558,35.55927],[-84.11689,35.56037],[-84.11696,35.56069],[-84.11728,35.56093],[-84.11739,35.56125],[-84.11846,35.56211],[-84.11852,35.56236],[-84.11917,35.56287],[-84.11924,35.56319],[-84.11961,35.5635],[-84.11962,35.56375],[-84.12,35.56406],[-84.12001,35.56432],[-84.12224,35.56601]]},"properties":{"net":"out","o":7}},{"type":"Feature","geometry":{"type":"LineString","coordinates":[[-84.13381,35.56846],[-84.13532,35.56842],[-84.13553,35.56823],[-84.13636,35.56819],[-84.13666,35.56793],[-84.13714,35.56794]]},"properties":{"net":"out","o":7}},{"type":"Feature","geometry":{"type":"LineString","coordinates":[[-84.11989,35.56817],[-84.11998,35.568],[-84.12105,35.56706]]},"properties":{"net":"out","o":4}},{"type":"Feature","geometry":{"type":"LineString","coordinates":[[-84.11654,35.66423],[-84.11668,35.66399],[-84.11708,35.6639],[-84.11767,35.66433],[-84.11805,35.6644],[-84.11823,35.66422],[-84.11801,35.66396],[-84.11803,35.66383],[-84.11819,35.66365],[-84.11847,35.66357],[-84.11869,35.66364],[-84.11926,35.66422],[-84.11946,35.66423],[-84.11957,35.66341],[-84.11983,35.66328],[-84.1204,35.66374]]},"properties":{"net":"out","o":5}},{"type":"Feature","geometry":{"type":"LineString","coordinates":[[-84.07098,35.6268],[-84.07154,35.62704],[-84.07304,35.62818],[-84.07328,35.6281],[-84.0734,35.62786],[-84.07341,35.6272],[-84.07327,35.62666],[-84.07332,35.62648],[-84.07362,35.62629],[-84.0742,35.62642]]},"properties":{"net":"out","o":5}},{"type":"Feature","geometry":{"type":"LineString","coordinates":[[-84.0172,35.54844],[-84.01889,35.5481],[-84.0201,35.54796],[-84.02125,35.54788],[-84.02239,35.54798]]},"properties":{"net":"out","o":7}},{"type":"Feature","geometry":{"type":"LineString","coordinates":[[-84.01403,35.54945],[-84.01438,35.54914],[-84.016,35.54859],[-84.0172,35.54844]]},"properties":{"net":"out","o":7}},{"type":"Feature","geometry":{"type":"LineString","coordinates":[[-84.00181,35.50496],[-84.00368,35.50549],[-84.00447,35.506],[-84.00492,35.50645]]},"properties":{"net":"out","o":7}},{"type":"Feature","geometry":{"type":"LineString","coordinates":[[-84.02669,35.62348],[-84.02692,35.62337],[-84.02745,35.62352],[-84.02765,35.62349],[-84.0279,35.62333],[-84.02806,35.62305],[-84.02827,35.62302],[-84.02878,35.6233],[-84.02913,35.62336],[-84.02959,35.62317],[-84.02995,35.62271],[-84.03039,35.62237],[-84.03088,35.6223],[-84.03183,35.62239],[-84.03361,35.6211]]},"properties":{"net":"out","o":4}},{"type":"Feature","geometry":{"type":"LineString","coordinates":[[-84.00924,35.51093],[-84.00967,35.5118],[-84.01029,35.51269]]},"properties":{"net":"out","o":7}},{"type":"Feature","geometry":{"type":"LineString","coordinates":[[-83.99239,35.49884],[-83.99354,35.4998],[-83.99375,35.50019],[-83.99372,35.50069]]},"properties":{"net":"out","o":7}},{"type":"Feature","geometry":{"type":"LineString","coordinates":[[-83.95819,35.28222],[-83.95593,35.28275]]},"properties":{"net":"NC3038","o":2}},{"type":"Feature","geometry":{"type":"LineString","coordinates":[[-83.96502,35.29145],[-83.96541,35.29204],[-83.96605,35.29232],[-83.967,35.29308],[-83.96729,35.2932],[-83.96816,35.2943],[-83.96839,35.29475],[-83.96848,35.29524]]},"properties":{"net":"NC3038","o":1}},{"type":"Feature","geometry":{"type":"LineString","coordinates":[[-83.96298,35.30307],[-83.96243,35.30289],[-83.9621,35.30249],[-83.96286,35.30166],[-83.96313,35.30093],[-83.96301,35.30063],[-83.9622,35.29997]]},"properties":{"net":"NC3038","o":3}},{"type":"Feature","geometry":{"type":"LineString","coordinates":[[-83.96754,35.31316],[-83.96681,35.31382],[-83.96614,35.31406],[-83.96515,35.31479],[-83.96414,35.3152],[-83.96265,35.31628],[-83.96118,35.31677],[-83.95863,35.31719],[-83.95669,35.31777],[-83.95557,35.31774]]},"properties":{"net":"NC3038","o":1}},{"type":"Feature","geometry":{"type":"LineString","coordinates":[[-83.95597,35.23242],[-83.95542,35.23234],[-83.95482,35.23246],[-83.95453,35.23225],[-83.95433,35.23183],[-83.95375,35.23169],[-83.95292,35.23132],[-83.95186,35.23145],[-83.95093,35.23115],[-83.95046,35.23128],[-83.94995,35.23129]]},"properties":{"net":"NC6264","o":4}},{"type":"Feature","geometry":{"type":"LineString","coordinates":[[-83.93483,35.45807],[-83.93279,35.45766],[-83.9326,35.45748],[-83.93173,35.45703],[-83.93102,35.45687],[-83.93063,35.45693]]},"properties":{"net":"NC3039","o":2}},{"type":"Feature","geometry":{"type":"LineString","coordinates":[[-83.95593,35.28275],[-83.95458,35.28291],[-83.95318,35.28327]]},"properties":{"net":"NC3038","o":2}},{"type":"Feature","geometry":{"type":"LineString","coordinates":[[-83.96242,35.28649],[-83.96191,35.28635],[-83.96039,35.28627],[-83.95996,35.28601],[-83.95865,35.28586],[-83.95805,35.28563],[-83.95719,35.28553],[-83.95599,35.28506],[-83.95434,35.28464],[-83.95409,35.28446],[-83.95318,35.28327]]},"properties":{"net":"NC3038","o":1}},{"type":"Feature","geometry":{"type":"LineString","coordinates":[[-83.95616,35.28814],[-83.95577,35.28793],[-83.95481,35.28771],[-83.9531,35.28776],[-83.95191,35.28716],[-83.95054,35.2862],[-83.94976,35.28629],[-83.94768,35.28586]]},"properties":{"net":"NC3038","o":1}},{"type":"Feature","geometry":{"type":"LineString","coordinates":[[-83.96519,35.46594],[-83.96549,35.46726],[-83.96555,35.46817],[-83.96552,35.47036],[-83.96523,35.47134]]},"properties":{"net":"out","o":7}},{"type":"Feature","geometry":{"type":"LineString","coordinates":[[-83.94267,35.28892],[-83.94182,35.28927],[-83.93916,35.28994],[-83.93777,35.29126],[-83.93641,35.29223],[-83.93554,35.29263],[-83.93489,35.29276],[-83.9337,35.29278],[-83.9327,35.29332],[-83.93153,35.29349],[-83.93012,35.29411],[-83.92855,35.29431],[-83.92667,35.29488]]},"properties":{"net":"NC3038","o":2}},{"type":"Feature","geometry":{"type":"LineString","coordinates":[[-83.93459,35.29729],[-83.9329,35.29727],[-83.93144,35.29688],[-83.93047,35.2964],[-83.92951,35.29572],[-83.92855,35.29523],[-83.92696,35.29506],[-83.92577,35.29514]]},"properties":{"net":"NC3038","o":3}},{"type":"Feature","geometry":{"type":"LineString","coordinates":[[-83.94324,35.32173],[-83.94313,35.32037],[-83.94301,35.31984],[-83.94247,35.31888]]},"properties":{"net":"NC3038","o":3}},{"type":"Feature","geometry":{"type":"LineString","coordinates":[[-83.93598,35.34022],[-83.93565,35.34009],[-83.93393,35.33994],[-83.93292,35.33998],[-83.92983,35.34039]]},"properties":{"net":"NC3217","o":4}},{"type":"Feature","geometry":{"type":"LineString","coordinates":[[-83.93061,35.35878],[-83.92959,35.35857],[-83.92892,35.35864],[-83.9285,35.3588],[-83.9283,35.35895],[-83.92792,35.35965],[-83.92692,35.36036],[-83.92373,35.36158],[-83.92284,35.36232],[-83.92225,35.36233],[-83.9206,35.3619],[-83.92016,35.36213],[-83.91987,35.36243]]},"properties":{"net":"NC3217","o":4}},{"type":"Feature","geometry":{"type":"LineString","coordinates":[[-83.93977,35.44879],[-83.9412,35.44968],[-83.94166,35.44986]]},"properties":{"net":"out","o":7}},{"type":"Feature","geometry":{"type":"LineString","coordinates":[[-83.93711,35.45576],[-83.93776,35.45544]]},"properties":{"net":"NC3039","o":1}},{"type":"Feature","geometry":{"type":"LineString","coordinates":[[-83.93419,35.4498],[-83.93397,35.44913]]},"properties":{"net":"NC3039","o":1}},{"type":"Feature","geometry":{"type":"LineString","coordinates":[[-83.93281,35.45239],[-83.93212,35.45187],[-83.93181,35.45077]]},"properties":{"net":"NC3039","o":3}},{"type":"Feature","geometry":{"type":"LineString","coordinates":[[-83.91987,35.4387],[-83.92078,35.43876],[-83.92169,35.43844],[-83.92243,35.4383],[-83.92424,35.43823],[-83.92536,35.43851],[-83.92599,35.4388],[-83.92821,35.44041],[-83.92874,35.44053],[-83.93143,35.44039]]},"properties":{"net":"out","o":6}},{"type":"Feature","geometry":{"type":"LineString","coordinates":[[-83.94036,35.48408],[-83.93892,35.48557],[-83.93853,35.48623]]},"properties":{"net":"out","o":7}},{"type":"Feature","geometry":{"type":"LineString","coordinates":[[-83.92053,35.32162],[-83.92004,35.32234],[-83.91968,35.32266],[-83.9186,35.3233],[-83.91778,35.32422],[-83.91594,35.3247],[-83.91526,35.32504],[-83.91367,35.32548],[-83.91249,35.32666],[-83.91212,35.32764]]},"properties":{"net":"NC3038","o":1}},{"type":"Feature","geometry":{"type":"LineString","coordinates":[[-83.91351,35.38386],[-83.91304,35.38313],[-83.91302,35.38242],[-83.91287,35.38181],[-83.91296,35.38074],[-83.9133,35.37963],[-83.91341,35.37954],[-83.91339,35.37911]]},"properties":{"net":"NC3038","o":1}},{"type":"Feature","geometry":{"type":"LineString","coordinates":[[-83.94538,35.23269],[-83.9443,35.23103],[-83.94408,35.23034],[-83.94317,35.22975],[-83.94221,35.22939],[-83.94091,35.22864]]},"properties":{"net":"NC6264","o":4}},{"type":"Feature","geometry":{"type":"LineString","coordinates":[[-83.92692,35.45719],[-83.92658,35.45664],[-83.92664,35.45625]]},"properties":{"net":"NC3039","o":2}},{"type":"Feature","geometry":{"type":"LineString","coordinates":[[-83.92534,35.46071],[-83.92398,35.46121]]},"properties":{"net":"NC3039","o":1}},{"type":"Feature","geometry":{"type":"LineString","coordinates":[[-83.92303,35.46028],[-83.92228,35.46019],[-83.92179,35.46],[-83.92094,35.46011]]},"properties":{"net":"NC3039","o":4}},{"type":"Feature","geometry":{"type":"LineString","coordinates":[[-83.91997,35.4716],[-83.92017,35.47128],[-83.92058,35.46995],[-83.92094,35.46962],[-83.92093,35.46907]]},"properties":{"net":"NC3039","o":2}},{"type":"Feature","geometry":{"type":"LineString","coordinates":[[-83.915,35.46508],[-83.91416,35.46457]]},"properties":{"net":"NC3039","o":1}},{"type":"Feature","geometry":{"type":"LineString","coordinates":[[-83.89593,35.57695],[-83.89703,35.57737],[-83.89755,35.57728],[-83.89821,35.57743],[-83.89834,35.57751],[-83.89842,35.57789],[-83.8983,35.57818],[-83.89798,35.57852],[-83.89726,35.57897],[-83.8969,35.57903],[-83.89645,35.57938],[-83.89619,35.57974],[-83.89626,35.58005],[-83.89676,35.58023],[-83.89801,35.58003],[-83.89863,35.58007],[-83.89911,35.58047],[-83.90106,35.58147]]},"properties":{"net":"out","o":4}},{"type":"Feature","geometry":{"type":"LineString","coordinates":[[-83.91307,35.4653],[-83.91416,35.46457]]},"properties":{"net":"NC3039","o":7}},{"type":"Feature","geometry":{"type":"LineString","coordinates":[[-83.9116,35.47032],[-83.91131,35.46968]]},"properties":{"net":"NC3039","o":2}},{"type":"Feature","geometry":{"type":"LineString","coordinates":[[-83.90996,35.46715],[-83.90967,35.46632]]},"properties":{"net":"NC3039","o":3}},{"type":"Feature","geometry":{"type":"LineString","coordinates":[[-83.90791,35.46621],[-83.90901,35.46628]]},"properties":{"net":"NC3039","o":7}},{"type":"Feature","geometry":{"type":"LineString","coordinates":[[-83.89949,35.60758],[-83.89966,35.60776]]},"properties":{"net":"out","o":5}},{"type":"Feature","geometry":{"type":"LineString","coordinates":[[-83.85558,35.29957],[-83.85554,35.30015],[-83.85525,35.30043],[-83.85477,35.30148],[-83.8539,35.30239],[-83.85349,35.30307]]},"properties":{"net":"NC3038","o":2}},{"type":"Feature","geometry":{"type":"LineString","coordinates":[[-83.84848,35.41399],[-83.8486,35.41431],[-83.84904,35.41486],[-83.84918,35.41489],[-83.85061,35.41423],[-83.8518,35.41414]]},"properties":{"net":"out","o":4}},{"type":"Feature","geometry":{"type":"LineString","coordinates":[[-83.879,35.26227],[-83.87867,35.26215],[-83.87839,35.26228]]},"properties":{"net":"NC6264","o":4}},{"type":"Feature","geometry":{"type":"LineString","coordinates":[[-83.86569,35.51859],[-83.86435,35.5165],[-83.86392,35.51632],[-83.86371,35.51613],[-83.86352,35.51577],[-83.86347,35.51542],[-83.86315,35.51512],[-83.863,35.51463],[-83.86186,35.51393],[-83.86147,35.51323],[-83.86099,35.513],[-83.86031,35.5124],[-83.85948,35.51214]]},"properties":{"net":"NC3039","o":1}},{"type":"Feature","geometry":{"type":"LineString","coordinates":[[-83.84593,35.28648],[-83.84567,35.28602],[-83.84526,35.28559]]},"properties":{"net":"NC3038","o":2}},{"type":"Feature","geometry":{"type":"LineString","coordinates":[[-83.84526,35.28559],[-83.84514,35.28556]]},"properties":{"net":"NC3038","o":2}},{"type":"Feature","geometry":{"type":"LineString","coordinates":[[-83.85237,35.29245],[-83.85172,35.29234],[-83.85126,35.29238],[-83.84953,35.29279],[-83.84789,35.29257],[-83.8475,35.29271],[-83.84722,35.29306],[-83.84737,35.29351],[-83.84758,35.29382],[-83.84836,35.29453],[-83.84883,35.29586],[-83.84926,35.2966],[-83.85099,35.29865],[-83.85276,35.30135],[-83.85349,35.30307]]},"properties":{"net":"NC3038","o":1}},{"type":"Feature","geometry":{"type":"LineString","coordinates":[[-83.85851,35.30924],[-83.85846,35.30926]]},"properties":{"net":"NC3038","o":1}},{"type":"Feature","geometry":{"type":"LineString","coordinates":[[-83.86076,35.32071],[-83.85957,35.3206],[-83.85846,35.32078]]},"properties":{"net":"NC3038","o":1}},{"type":"Feature","geometry":{"type":"LineString","coordinates":[[-83.84211,35.32118],[-83.84514,35.32319],[-83.84533,35.32347],[-83.84729,35.3253],[-83.84759,35.32587],[-83.84776,35.32647],[-83.84786,35.32885],[-83.84796,35.32917],[-83.84816,35.32945],[-83.8488,35.32997],[-83.84886,35.33015],[-83.8496,35.33077],[-83.85031,35.33085],[-83.851,35.33136],[-83.85152,35.33199],[-83.85154,35.33217],[-83.85172,35.33231],[-83.85188,35.3327],[-83.85224,35.33297],[-83.85226,35.33326],[-83.85258,35.3335],[-83.8526,35.33375],[-83.85361,35.33451],[-83.85367,35.33552],[-83.85377,35.33558]]},"properties":{"net":"NC3038","o":5}},{"type":"Feature","geometry":{"type":"LineString","coordinates":[[-83.84744,35.31595],[-83.84638,35.31584],[-83.84417,35.31503],[-83.84311,35.31493],[-83.8423,35.31467],[-83.84169,35.31473],[-83.8411,35.31533],[-83.8408,35.31621],[-83.84083,35.31668],[-83.84092,35.31675],[-83.84122,35.31793],[-83.84142,35.31835],[-83.84152,35.3194]]},"properties":{"net":"NC3038","o":5}},{"type":"Feature","geometry":{"type":"LineString","coordinates":[[-83.86447,35.44922],[-83.86453,35.44861]]},"properties":{"net":"NC3039","o":1}},{"type":"Feature","geometry":{"type":"LineString","coordinates":[[-83.85837,35.45101],[-83.85836,35.45069]]},"properties":{"net":"NC3039","o":1}},{"type":"Feature","geometry":{"type":"LineString","coordinates":[[-83.84809,35.47678],[-83.84837,35.47668],[-83.84875,35.47634],[-83.84929,35.47623],[-83.84957,35.47607],[-83.84979,35.47567],[-83.85015,35.47538],[-83.85053,35.47428],[-83.85147,35.47377],[-83.85203,35.47293]]},"properties":{"net":"NC3039","o":4}},{"type":"Feature","geometry":{"type":"LineString","coordinates":[[-83.83019,35.2846],[-83.83087,35.28569],[-83.83171,35.28644],[-83.83274,35.28666],[-83.83411,35.28675]]},"properties":{"net":"NC3038","o":1}},{"type":"Feature","geometry":{"type":"LineString","coordinates":[[-83.83615,35.29178],[-83.83601,35.29214],[-83.83555,35.29251],[-83.83521,35.293],[-83.83456,35.2933],[-83.83391,35.29412]]},"properties":{"net":"NC3038","o":3}},{"type":"Feature","geometry":{"type":"LineString","coordinates":[[-83.83622,35.35223],[-83.83629,35.35217],[-83.83626,35.35159],[-83.83638,35.35133],[-83.83634,35.35069],[-83.83663,35.35039]]},"properties":{"net":"NC3038","o":1}},{"type":"Feature","geometry":{"type":"LineString","coordinates":[[-83.83316,35.34247],[-83.83335,35.34265],[-83.83336,35.3429],[-83.83442,35.34369],[-83.83484,35.34403],[-83.83499,35.34428],[-83.83568,35.34479],[-83.83595,35.34485],[-83.83673,35.34479],[-83.83712,35.34463],[-83.83758,35.34425],[-83.83802,35.34416],[-83.83835,35.34385],[-83.83875,35.34384],[-83.83913,35.34353],[-83.84005,35.3435],[-83.84119,35.34259],[-83.84141,35.34258],[-83.84241,35.34167],[-83.84263,35.34166],[-83.84352,35.34105],[-83.84378,35.34104],[-83.84412,35.34074],[-83.84444,35.34067]]},"properties":{"net":"NC3038","o":5}},{"type":"Feature","geometry":{"type":"LineString","coordinates":[[-83.83079,35.336],[-83.8315,35.33601],[-83.83234,35.3368]]},"properties":{"net":"NC3038","o":5}},{"type":"Feature","geometry":{"type":"LineString","coordinates":[[-83.82861,35.33627],[-83.82878,35.33615],[-83.83067,35.33607],[-83.83079,35.336]]},"properties":{"net":"NC3038","o":5}},{"type":"Feature","geometry":{"type":"LineString","coordinates":[[-83.83065,35.36696],[-83.83096,35.36631],[-83.83172,35.36567],[-83.83188,35.36538],[-83.83189,35.36487],[-83.83201,35.36458],[-83.83221,35.36424],[-83.83275,35.36375]]},"properties":{"net":"NC3038","o":1}},{"type":"Feature","geometry":{"type":"LineString","coordinates":[[-83.83014,35.43023],[-83.82954,35.43051],[-83.82907,35.43058],[-83.82814,35.4309],[-83.82778,35.43111],[-83.82758,35.43173],[-83.82543,35.433],[-83.82523,35.43327]]},"properties":{"net":"sm54728","o":2}},{"type":"Feature","geometry":{"type":"LineString","coordinates":[[-83.8436,35.45291],[-83.84455,35.45316]]},"properties":{"net":"NC3039","o":7}},{"type":"Feature","geometry":{"type":"LineString","coordinates":[[-83.84355,35.45394],[-83.8436,35.45291]]},"properties":{"net":"NC3039","o":1}},{"type":"Feature","geometry":{"type":"LineString","coordinates":[[-83.83804,35.45521],[-83.8387,35.45458],[-83.83993,35.45437],[-83.84004,35.45382],[-83.84043,35.45346],[-83.84069,35.45298]]},"properties":{"net":"NC3039","o":2}},{"type":"Feature","geometry":{"type":"LineString","coordinates":[[-83.8352,35.44983],[-83.83509,35.44944]]},"properties":{"net":"NC3039","o":1}},{"type":"Feature","geometry":{"type":"LineString","coordinates":[[-83.83251,35.45202],[-83.83242,35.45176]]},"properties":{"net":"NC3039","o":1}},{"type":"Feature","geometry":{"type":"LineString","coordinates":[[-83.82878,35.45109],[-83.8302,35.45139],[-83.83082,35.45141]]},"properties":{"net":"NC3039","o":7}},{"type":"Feature","geometry":{"type":"LineString","coordinates":[[-83.82815,35.45305],[-83.82825,35.45203],[-83.8285,35.45146]]},"properties":{"net":"NC3039","o":1}},{"type":"Feature","geometry":{"type":"LineString","coordinates":[[-83.8272,35.45141],[-83.82634,35.4512]]},"properties":{"net":"NC3039","o":1}},{"type":"Feature","geometry":{"type":"LineString","coordinates":[[-83.82601,35.46597],[-83.8257,35.46458],[-83.82578,35.46389],[-83.82552,35.46322],[-83.82555,35.46264],[-83.82583,35.46197],[-83.82574,35.46163],[-83.82535,35.46129],[-83.82527,35.46105],[-83.82522,35.46083],[-83.82535,35.46042],[-83.82499,35.46017],[-83.82486,35.45992],[-83.82503,35.4595],[-83.82505,35.45914],[-83.82532,35.4589],[-83.82536,35.4587],[-83.82427,35.45761],[-83.82415,35.45706],[-83.82433,35.45678],[-83.82433,35.45648],[-83.82447,35.45626],[-83.8243,35.45606],[-83.8239,35.45506],[-83.82413,35.45454],[-83.82453,35.4541],[-83.82465,35.45379],[-83.82425,35.45345],[-83.82405,35.45307],[-83.8237,35.45274],[-83.8237,35.45143]]},"properties":{"net":"NC3039","o":2}},{"type":"Feature","geometry":{"type":"LineString","coordinates":[[-83.84206,35.48552],[-83.84241,35.48516]]},"properties":{"net":"NC3039","o":4}},{"type":"Feature","geometry":{"type":"LineString","coordinates":[[-83.83508,35.48549],[-83.83651,35.48627]]},"properties":{"net":"NC3039","o":1}},{"type":"Feature","geometry":{"type":"LineString","coordinates":[[-83.81616,35.48793],[-83.81654,35.48814],[-83.8173,35.48832],[-83.81815,35.48821],[-83.81905,35.48835],[-83.82064,35.48828],[-83.82226,35.48805],[-83.82361,35.4876],[-83.8258,35.48762],[-83.82728,35.48798],[-83.82922,35.48729],[-83.8306,35.4872],[-83.83181,35.4874],[-83.83218,35.48772]]},"properties":{"net":"NC3039","o":1}},{"type":"Feature","geometry":{"type":"LineString","coordinates":[[-83.83315,35.59191],[-83.83352,35.59231],[-83.83345,35.5926],[-83.83352,35.59306],[-83.83378,35.59327],[-83.83413,35.59334]]},"properties":{"net":"out","o":4}},{"type":"Feature","geometry":{"type":"LineString","coordinates":[[-83.82592,35.59167],[-83.82628,35.59173],[-83.82686,35.59135],[-83.82743,35.59116]]},"properties":{"net":"out","o":4}},{"type":"Feature","geometry":{"type":"LineString","coordinates":[[-83.82168,35.36558],[-83.8219,35.3652],[-83.82197,35.36429],[-83.82229,35.36385],[-83.8228,35.36344]]},"properties":{"net":"NC3038","o":3}},{"type":"Feature","geometry":{"type":"LineString","coordinates":[[-83.81718,35.3641],[-83.81749,35.36446],[-83.81782,35.36461]]},"properties":{"net":"NC3038","o":3}},{"type":"Feature","geometry":{"type":"LineString","coordinates":[[-83.80523,35.36593],[-83.8061,35.36566]]},"properties":{"net":"NC3038","o":3}},{"type":"Feature","geometry":{"type":"LineString","coordinates":[[-83.79519,35.38197],[-83.7959,35.38172],[-83.79649,35.38118],[-83.79698,35.3811],[-83.79804,35.38046],[-83.79933,35.37946],[-83.79962,35.37933],[-83.80014,35.37941],[-83.8021,35.37873],[-83.80252,35.37853],[-83.80342,35.37784],[-83.80394,35.37762],[-83.80601,35.37723],[-83.80641,35.37697],[-83.80713,35.37669],[-83.80911,35.37546],[-83.80969,35.37528],[-83.81065,35.37448],[-83.81233,35.37412],[-83.81454,35.37305]]},"properties":{"net":"NC3038","o":1}},{"type":"Feature","geometry":{"type":"LineString","coordinates":[[-83.83087,35.36924],[-83.8309,35.36887],[-83.83035,35.36798],[-83.83065,35.36696]]},"properties":{"net":"NC3038","o":1}},{"type":"Feature","geometry":{"type":"LineString","coordinates":[[-83.82116,35.47119],[-83.82096,35.47035],[-83.82105,35.46997],[-83.82093,35.46915],[-83.82096,35.46804],[-83.82116,35.46717],[-83.82117,35.46647],[-83.82171,35.46499],[-83.82156,35.46418],[-83.82175,35.46378],[-83.82143,35.46329],[-83.82141,35.46293],[-83.82107,35.46242],[-83.82099,35.46191]]},"properties":{"net":"NC3039","o":1}},{"type":"Feature","geometry":{"type":"LineString","coordinates":[[-83.81426,35.59792],[-83.81486,35.59779],[-83.81514,35.59746],[-83.81571,35.59728],[-83.81649,35.59667],[-83.81681,35.59656],[-83.81738,35.59606],[-83.81767,35.59566]]},"properties":{"net":"out","o":4}},{"type":"Feature","geometry":{"type":"LineString","coordinates":[[-83.79943,35.60186],[-83.79972,35.60181],[-83.80003,35.60201],[-83.80046,35.6021],[-83.80118,35.60194],[-83.80357,35.60186],[-83.80471,35.60152],[-83.80589,35.60141]]},"properties":{"net":"out","o":4}},{"type":"Feature","geometry":{"type":"LineString","coordinates":[[-83.81054,35.41079],[-83.8111,35.41075],[-83.81132,35.41086],[-83.8116,35.41132],[-83.81269,35.41159],[-83.8131,35.41156],[-83.81473,35.41112],[-83.81497,35.41083]]},"properties":{"net":"out","o":4}},{"type":"Feature","geometry":{"type":"LineString","coordinates":[[-83.80545,35.42724],[-83.8054,35.4275],[-83.80559,35.42882],[-83.80558,35.42932],[-83.8052,35.43011],[-83.8051,35.43052],[-83.80514,35.43099],[-83.80469,35.4315],[-83.80469,35.43206],[-83.80459,35.43237],[-83.80428,35.4325]]},"properties":{"net":"NC3039","o":1}},{"type":"Feature","geometry":{"type":"LineString","coordinates":[[-83.81353,35.44036],[-83.81345,35.4416],[-83.81314,35.44262],[-83.81264,35.44392],[-83.81199,35.44467]]},"properties":{"net":"NC3039","o":2}},{"type":"Feature","geometry":{"type":"LineString","coordinates":[[-83.81199,35.44467],[-83.81206,35.44514]]},"properties":{"net":"NC3039","o":2}},{"type":"Feature","geometry":{"type":"LineString","coordinates":[[-83.80447,35.45016],[-83.80468,35.44961],[-83.80538,35.44906],[-83.80572,35.44853],[-83.8061,35.44684],[-83.80643,35.44595]]},"properties":{"net":"NC3039","o":7}},{"type":"Feature","geometry":{"type":"LineString","coordinates":[[-83.79096,35.36836],[-83.79136,35.36857],[-83.7928,35.36892],[-83.79404,35.36911],[-83.7955,35.36916],[-83.79697,35.36876],[-83.79773,35.36842]]},"properties":{"net":"NC3038","o":1}},{"type":"Feature","geometry":{"type":"LineString","coordinates":[[-83.78448,35.38065],[-83.7838,35.3801],[-83.78332,35.37954],[-83.78318,35.37909],[-83.78292,35.37896],[-83.78217,35.37819],[-83.78208,35.37798],[-83.78142,35.37752],[-83.78108,35.37698]]},"properties":{"net":"NC3038","o":1}},{"type":"Feature","geometry":{"type":"LineString","coordinates":[[-83.78823,35.37751],[-83.7874,35.37693],[-83.78637,35.37555],[-83.78592,35.3753],[-83.78412,35.3745],[-83.78091,35.3738]]},"properties":{"net":"NC3038","o":1}},{"type":"Feature","geometry":{"type":"LineString","coordinates":[[-83.71666,35.28801],[-83.71636,35.28761],[-83.71569,35.28722],[-83.71439,35.28616],[-83.71389,35.28556],[-83.71353,35.28534],[-83.71304,35.28532]]},"properties":{"net":"NC3038","o":1}},{"type":"Feature","geometry":{"type":"LineString","coordinates":[[-83.70156,35.26966],[-83.70195,35.26963]]},"properties":{"net":"NC3038","o":1}},{"type":"Feature","geometry":{"type":"LineString","coordinates":[[-83.69706,35.2814],[-83.70224,35.28213]]},"properties":{"net":"NC3038","o":2}},{"type":"Feature","geometry":{"type":"LineString","coordinates":[[-83.70508,35.30318],[-83.70554,35.30262],[-83.70614,35.3013]]},"properties":{"net":"NC3038","o":2}},{"type":"Feature","geometry":{"type":"LineString","coordinates":[[-83.71791,35.27955],[-83.71817,35.27799],[-83.71812,35.27702],[-83.7182,35.27655],[-83.71838,35.27612],[-83.71893,35.27561],[-83.71915,35.27519],[-83.71877,35.27378],[-83.7189,35.27322],[-83.71929,35.27294],[-83.72095,35.27281],[-83.72328,35.27212],[-83.72385,35.27204]]},"properties":{"net":"NC3038","o":3}},{"type":"Feature","geometry":{"type":"LineString","coordinates":[[-83.72382,35.30722],[-83.72462,35.30775],[-83.72505,35.30816],[-83.72554,35.30893],[-83.72582,35.30999],[-83.72654,35.31071]]},"properties":{"net":"NC3038","o":1}},{"type":"Feature","geometry":{"type":"LineString","coordinates":[[-83.73659,35.31633],[-83.73659,35.3162]]},"properties":{"net":"NC3038","o":2}},{"type":"Feature","geometry":{"type":"LineString","coordinates":[[-83.73472,35.3096],[-83.73366,35.31043],[-83.73231,35.31096],[-83.73157,35.31163],[-83.73147,35.31203],[-83.73173,35.31277],[-83.73183,35.31383],[-83.73172,35.31439]]},"properties":{"net":"NC3038","o":1}},{"type":"Feature","geometry":{"type":"LineString","coordinates":[[-83.70433,35.3136],[-83.70467,35.31375],[-83.70532,35.31373],[-83.70582,35.31407],[-83.70609,35.31447],[-83.70615,35.315],[-83.70637,35.31542],[-83.70656,35.31556],[-83.70699,35.31564],[-83.70813,35.3155],[-83.70903,35.31584],[-83.70934,35.3161]]},"properties":{"net":"NC3038","o":1}},{"type":"Feature","geometry":{"type":"LineString","coordinates":[[-83.71687,35.28137],[-83.71753,35.28039],[-83.71791,35.27955]]},"properties":{"net":"NC3038","o":3}},{"type":"Feature","geometry":{"type":"LineString","coordinates":[[-83.70744,35.30704],[-83.70661,35.30567],[-83.70603,35.30505],[-83.70557,35.304],[-83.70514,35.30366],[-83.70508,35.30318]]},"properties":{"net":"NC3038","o":1}},{"type":"Feature","geometry":{"type":"LineString","coordinates":[[-83.70297,35.29302],[-83.70424,35.29289],[-83.70498,35.29303],[-83.70568,35.29301],[-83.70695,35.29273],[-83.70849,35.29207],[-83.70907,35.29209],[-83.70963,35.2923],[-83.71024,35.2923]]},"properties":{"net":"NC3038","o":1}},{"type":"Feature","geometry":{"type":"LineString","coordinates":[[-83.70934,35.3161],[-83.70989,35.31642],[-83.71096,35.31653]]},"properties":{"net":"NC3038","o":2}},{"type":"Feature","geometry":{"type":"LineString","coordinates":[[-83.69156,35.3259],[-83.69317,35.32485],[-83.69479,35.32432]]},"properties":{"net":"NC3038","o":1}},{"type":"Feature","geometry":{"type":"LineString","coordinates":[[-83.7017,35.32582],[-83.70476,35.32604],[-83.70546,35.32626],[-83.70649,35.32604],[-83.70712,35.32626],[-83.7074,35.32648],[-83.70845,35.32691],[-83.70965,35.32681],[-83.71139,35.3271],[-83.71204,35.32714],[-83.71254,35.32706],[-83.71333,35.32723],[-83.71402,35.3272]]},"properties":{"net":"NC3038","o":2}},{"type":"Feature","geometry":{"type":"LineString","coordinates":[[-84.29129,35.36841],[-84.29097,35.36889],[-84.29035,35.3695],[-84.29003,35.37005],[-84.28989,35.37057],[-84.28994,35.37201],[-84.28944,35.37253],[-84.28901,35.37266],[-84.28857,35.37265],[-84.28773,35.372],[-84.28737,35.37183],[-84.28684,35.37189],[-84.28534,35.3725],[-84.28394,35.37263],[-84.28289,35.3734],[-84.28207,35.37376],[-84.28169,35.37403],[-84.28006,35.37544]]},"properties":{"net":"out","o":5}},{"type":"Feature","geometry":{"type":"LineString","coordinates":[[-84.2984,35.40984],[-84.29681,35.40985]]},"properties":{"net":"out","o":4}},{"type":"Feature","geometry":{"type":"LineString","coordinates":[[-84.29681,35.40985],[-84.29669,35.40959],[-84.29635,35.40926],[-84.29609,35.40852],[-84.2958,35.40803],[-84.29543,35.40808],[-84.29472,35.40872],[-84.29448,35.40877],[-84.29358,35.40843],[-84.29234,35.40769],[-84.2921,35.40776],[-84.2912,35.40877],[-84.29083,35.40872],[-84.28984,35.40816],[-84.28926,35.40809]]},"properties":{"net":"out","o":4}},{"type":"Feature","geometry":{"type":"LineString","coordinates":[[-84.2631,35.51985],[-84.2624,35.51963],[-84.26188,35.51967],[-84.25933,35.52069],[-84.25843,35.52122],[-84.25767,35.52092]]},"properties":{"net":"out","o":4}},{"type":"Feature","geometry":{"type":"LineString","coordinates":[[-84.36075,35.55072],[-84.36078,35.55173],[-84.36104,35.55199],[-84.36159,35.55226]]},"properties":{"net":"out","o":4}},{"type":"Feature","geometry":{"type":"LineString","coordinates":[[-84.36256,35.61665],[-84.36106,35.61655],[-84.3603,35.6168],[-84.35975,35.61654],[-84.35932,35.61652],[-84.35917,35.61678],[-84.35916,35.6175],[-84.35957,35.61826],[-84.35968,35.61869],[-84.35952,35.61908],[-84.35913,35.61925],[-84.3587,35.61916],[-84.35799,35.6176],[-84.35777,35.61734],[-84.35748,35.61731],[-84.35708,35.61745],[-84.35636,35.61803],[-84.35597,35.61854],[-84.35607,35.61923],[-84.3557,35.62004],[-84.35605,35.62083]]},"properties":{"net":"out","o":4}},{"type":"Feature","geometry":{"type":"LineString","coordinates":[[-84.31698,35.60583],[-84.31607,35.60639],[-84.31549,35.60742],[-84.31489,35.60749]]},"properties":{"net":"out","o":4}},{"type":"Feature","geometry":{"type":"LineString","coordinates":[[-84.30953,35.60813],[-84.3097,35.60847],[-84.31149,35.61041],[-84.31193,35.61108],[-84.31227,35.61141],[-84.31237,35.6121],[-84.31275,35.61242],[-84.31276,35.61268],[-84.31257,35.61283],[-84.31175,35.61299]]},"properties":{"net":"out","o":4}},{"type":"Feature","geometry":{"type":"LineString","coordinates":[[-84.24426,35.40984],[-84.24462,35.41039],[-84.24504,35.41075],[-84.24555,35.41139],[-84.24639,35.41304],[-84.24678,35.4135],[-84.24684,35.41371],[-84.24864,35.415]]},"properties":{"net":"out","o":4}},{"type":"Feature","geometry":{"type":"LineString","coordinates":[[-84.25433,35.42494],[-84.25476,35.42557],[-84.255,35.42616],[-84.25494,35.42739],[-84.25508,35.42769]]},"properties":{"net":"out","o":4}},{"type":"Feature","geometry":{"type":"LineString","coordinates":[[-84.25268,35.42304],[-84.2527,35.4229]]},"properties":{"net":"out","o":4}},{"type":"Feature","geometry":{"type":"LineString","coordinates":[[-84.25132,35.46482],[-84.25022,35.46484],[-84.25001,35.46502],[-84.24999,35.46522]]},"properties":{"net":"out","o":5}},{"type":"Feature","geometry":{"type":"LineString","coordinates":[[-84.31987,35.51136],[-84.31912,35.51173],[-84.3184,35.5118],[-84.31806,35.51206],[-84.31741,35.51227],[-84.31695,35.51257],[-84.31637,35.51272]]},"properties":{"net":"out","o":4}},{"type":"Feature","geometry":{"type":"LineString","coordinates":[[-84.32755,35.59304],[-84.32674,35.59351]]},"properties":{"net":"out","o":4}},{"type":"Feature","geometry":{"type":"LineString","coordinates":[[-84.32305,35.60032],[-84.32257,35.60079],[-84.32243,35.60124],[-84.32216,35.60162],[-84.32214,35.60211],[-84.322,35.60248],[-84.32227,35.60294],[-84.32206,35.60349],[-84.32182,35.60361]]},"properties":{"net":"out","o":4}},{"type":"Feature","geometry":{"type":"LineString","coordinates":[[-84.313,35.63922],[-84.31255,35.6393],[-84.31245,35.63943],[-84.31249,35.63958],[-84.31348,35.64061],[-84.31459,35.64152],[-84.31456,35.64169],[-84.31381,35.64238]]},"properties":{"net":"out","o":4}},{"type":"Feature","geometry":{"type":"LineString","coordinates":[[-84.28006,35.37544],[-84.27798,35.3773],[-84.27783,35.3777],[-84.27788,35.37846],[-84.27796,35.37899],[-84.27811,35.37931],[-84.27923,35.38027],[-84.27928,35.38099],[-84.27915,35.38165],[-84.2792,35.38241],[-84.2794,35.38287],[-84.27993,35.38349],[-84.28093,35.38399],[-84.2813,35.38426],[-84.28155,35.38465],[-84.28161,35.3857],[-84.28112,35.38677]]},"properties":{"net":"out","o":5}},{"type":"Feature","geometry":{"type":"LineString","coordinates":[[-84.27421,35.41327],[-84.27318,35.41306],[-84.27222,35.4125]]},"properties":{"net":"out","o":4}},{"type":"Feature","geometry":{"type":"LineString","coordinates":[[-84.27191,35.6753],[-84.27178,35.67535]]},"properties":{"net":"out","o":5}},{"type":"Feature","geometry":{"type":"LineString","coordinates":[[-84.22558,35.58453],[-84.22573,35.58622],[-84.22554,35.58678]]},"properties":{"net":"out","o":5}},{"type":"Feature","geometry":{"type":"LineString","coordinates":[[-84.22301,35.64631],[-84.22403,35.64714],[-84.22553,35.64707],[-84.22627,35.64679],[-84.22673,35.64637],[-84.22676,35.64615],[-84.22704,35.64574],[-84.228,35.64487],[-84.22826,35.64479],[-84.23011,35.64471]]},"properties":{"net":"out","o":5}},{"type":"Feature","geometry":{"type":"LineString","coordinates":[[-84.18278,35.47357],[-84.18283,35.47438],[-84.18301,35.47486],[-84.18311,35.4761],[-84.1832,35.47769],[-84.18314,35.4785],[-84.18416,35.48001],[-84.18465,35.48053],[-84.18487,35.48157]]},"properties":{"net":"out","o":4}},{"type":"Feature","geometry":{"type":"LineString","coordinates":[[-84.19735,35.51797],[-84.19847,35.51883],[-84.19858,35.51922],[-84.19866,35.52055]]},"properties":{"net":"out","o":4}},{"type":"Feature","geometry":{"type":"LineString","coordinates":[[-84.18526,35.50232],[-84.18577,35.50262]]},"properties":{"net":"out","o":4}},{"type":"Feature","geometry":{"type":"LineString","coordinates":[[-84.24184,35.53055],[-84.24142,35.53092],[-84.24112,35.53097],[-84.24018,35.53183]]},"properties":{"net":"out","o":4}},{"type":"Feature","geometry":{"type":"LineString","coordinates":[[-84.23661,35.53528],[-84.23663,35.53543]]},"properties":{"net":"out","o":4}},{"type":"Feature","geometry":{"type":"LineString","coordinates":[[-84.23046,35.68979],[-84.23059,35.68971]]},"properties":{"net":"out","o":4}},{"type":"Feature","geometry":{"type":"LineString","coordinates":[[-84.17696,35.299],[-84.17669,35.29935],[-84.17603,35.29962],[-84.1753,35.29978],[-84.17476,35.30015],[-84.1743,35.30066],[-84.17381,35.30152]]},"properties":{"net":"out","o":4}},{"type":"Feature","geometry":{"type":"LineString","coordinates":[[-84.16641,35.5654],[-84.16897,35.56536]]},"properties":{"net":"out","o":7}},{"type":"Feature","geometry":{"type":"LineString","coordinates":[[-84.1785,35.29763],[-84.1777,35.29753],[-84.17725,35.29771],[-84.17684,35.29834],[-84.17696,35.299]]},"properties":{"net":"out","o":4}},{"type":"Feature","geometry":{"type":"LineString","coordinates":[[-84.18072,35.49681],[-84.18038,35.49753],[-84.18039,35.49803],[-84.18055,35.49844],[-84.18073,35.49958]]},"properties":{"net":"out","o":4}},{"type":"Feature","geometry":{"type":"LineString","coordinates":[[-84.16599,35.64586],[-84.16649,35.64519],[-84.16654,35.6445],[-84.16675,35.64435],[-84.16723,35.64422],[-84.16808,35.64364],[-84.16864,35.64348],[-84.16885,35.64332],[-84.16904,35.64274],[-84.16966,35.64217],[-84.16958,35.64152],[-84.1697,35.64134],[-84.17239,35.6388]]},"properties":{"net":"out","o":5}},{"type":"Feature","geometry":{"type":"LineString","coordinates":[[-84.11986,35.56822],[-84.11989,35.56817]]},"properties":{"net":"out","o":4}},{"type":"Feature","geometry":{"type":"LineString","coordinates":[[-83.92938,35.30383],[-83.92879,35.30465],[-83.92797,35.30484],[-83.92748,35.30512],[-83.92685,35.30575],[-83.92634,35.30646],[-83.9244,35.30742],[-83.92288,35.3084],[-83.9221,35.3087],[-83.92176,35.30903]]},"properties":{"net":"NC3038","o":1}},{"type":"Feature","geometry":{"type":"LineString","coordinates":[[-83.93678,35.37565],[-83.9354,35.37538],[-83.93472,35.37537],[-83.93408,35.37548],[-83.9329,35.3761]]},"properties":{"net":"sm2628","o":1}},{"type":"Feature","geometry":{"type":"LineString","coordinates":[[-83.91419,35.46714],[-83.91415,35.46682],[-83.91353,35.46629]]},"properties":{"net":"NC3039","o":1}},{"type":"Feature","geometry":{"type":"LineString","coordinates":[[-83.91384,35.46601],[-83.91307,35.4653]]},"properties":{"net":"NC3039","o":1}},{"type":"Feature","geometry":{"type":"LineString","coordinates":[[-83.91469,35.47058],[-83.9137,35.47027],[-83.91324,35.46972],[-83.91169,35.469]]},"properties":{"net":"NC3039","o":1}},{"type":"Feature","geometry":{"type":"LineString","coordinates":[[-83.91214,35.47106],[-83.91192,35.47086],[-83.9116,35.47032]]},"properties":{"net":"NC3039","o":1}},{"type":"Feature","geometry":{"type":"LineString","coordinates":[[-83.90916,35.4671],[-83.90901,35.46628]]},"properties":{"net":"NC3039","o":1}},{"type":"Feature","geometry":{"type":"LineString","coordinates":[[-83.96605,35.59038],[-83.96649,35.5906],[-83.96783,35.59094],[-83.96844,35.59091],[-83.96866,35.59069],[-83.96846,35.59036],[-83.96674,35.58891],[-83.96631,35.58744],[-83.96593,35.58687],[-83.96534,35.5855],[-83.96537,35.58501],[-83.96586,35.58469],[-83.96656,35.58467],[-83.96815,35.58521],[-83.96935,35.58581]]},"properties":{"net":"out","o":5}},{"type":"Feature","geometry":{"type":"LineString","coordinates":[[-83.92458,35.24337],[-83.92431,35.24392],[-83.92405,35.24406],[-83.92239,35.24392],[-83.92129,35.24371],[-83.92063,35.24371],[-83.91993,35.24392]]},"properties":{"net":"NC6264","o":4}},{"type":"Feature","geometry":{"type":"LineString","coordinates":[[-83.91252,35.24068],[-83.91244,35.24116],[-83.91282,35.24185],[-83.9128,35.24228],[-83.91219,35.24281],[-83.91152,35.24293]]},"properties":{"net":"NC6264","o":4}},{"type":"Feature","geometry":{"type":"LineString","coordinates":[[-83.93962,35.22867],[-83.93898,35.22917],[-83.93863,35.22998],[-83.93839,35.23122],[-83.93819,35.2317],[-83.93765,35.23194],[-83.93652,35.23191]]},"properties":{"net":"NC6264","o":4}},{"type":"Feature","geometry":{"type":"LineString","coordinates":[[-83.92693,35.45301],[-83.92686,35.45286]]},"properties":{"net":"NC3039","o":1}},{"type":"Feature","geometry":{"type":"LineString","coordinates":[[-83.92686,35.45286],[-83.92622,35.45216]]},"properties":{"net":"NC3039","o":1}},{"type":"Feature","geometry":{"type":"LineString","coordinates":[[-83.92536,35.45306],[-83.92622,35.45216]]},"properties":{"net":"NC3039","o":7}},{"type":"Feature","geometry":{"type":"LineString","coordinates":[[-83.92315,35.45548],[-83.9241,35.4545]]},"properties":{"net":"NC3039","o":7}},{"type":"Feature","geometry":{"type":"LineString","coordinates":[[-83.91136,35.45137],[-83.91327,35.45142],[-83.91598,35.45106],[-83.92115,35.45085],[-83.9231,35.45062],[-83.92437,35.45068],[-83.92514,35.45086]]},"properties":{"net":"NC3039","o":1}},{"type":"Feature","geometry":{"type":"LineString","coordinates":[[-83.92383,35.46016],[-83.92348,35.46015],[-83.92303,35.46028]]},"properties":{"net":"NC3039","o":1}},{"type":"Feature","geometry":{"type":"LineString","coordinates":[[-83.92259,35.46732],[-83.92213,35.46727],[-83.92169,35.46705],[-83.9209,35.46697],[-83.92024,35.46658],[-83.91988,35.46655]]},"properties":{"net":"NC3039","o":1}},{"type":"Feature","geometry":{"type":"LineString","coordinates":[[-83.91887,35.46084],[-83.91999,35.45958]]},"properties":{"net":"NC3039","o":7}},{"type":"Feature","geometry":{"type":"LineString","coordinates":[[-83.91986,35.46132],[-83.91887,35.46084]]},"properties":{"net":"NC3039","o":1}},{"type":"Feature","geometry":{"type":"LineString","coordinates":[[-83.92002,35.46434],[-83.91981,35.46387],[-83.91932,35.46361],[-83.91809,35.46228]]},"properties":{"net":"NC3039","o":3}},{"type":"Feature","geometry":{"type":"LineString","coordinates":[[-83.90624,35.45721],[-83.90744,35.45817],[-83.90848,35.45867],[-83.90873,35.45895]]},"properties":{"net":"NC3039","o":1}},{"type":"Feature","geometry":{"type":"LineString","coordinates":[[-83.90205,35.60959],[-83.9019,35.61008],[-83.90202,35.61052],[-83.90246,35.61122],[-83.90285,35.61161]]},"properties":{"net":"out","o":5}},{"type":"Feature","geometry":{"type":"LineString","coordinates":[[-83.90553,35.36143],[-83.90531,35.36286],[-83.90565,35.3642],[-83.90558,35.36452],[-83.90535,35.36491],[-83.90443,35.36554],[-83.90381,35.36575],[-83.90335,35.36574],[-83.90213,35.36639],[-83.90163,35.36675],[-83.90123,35.36718]]},"properties":{"net":"NC3038","o":1}},{"type":"Feature","geometry":{"type":"LineString","coordinates":[[-83.91054,35.24376],[-83.90968,35.24446],[-83.90915,35.24473],[-83.90885,35.24477]]},"properties":{"net":"NC6264","o":4}},{"type":"Feature","geometry":{"type":"LineString","coordinates":[[-83.90885,35.24477],[-83.90835,35.24494],[-83.90798,35.24522],[-83.90779,35.24593],[-83.90802,35.24631]]},"properties":{"net":"NC6264","o":4}},{"type":"Feature","geometry":{"type":"LineString","coordinates":[[-83.92618,35.27106],[-83.92539,35.27118],[-83.92521,35.27147],[-83.92572,35.27247],[-83.92581,35.27279],[-83.92573,35.27299],[-83.92511,35.27317],[-83.92365,35.27325]]},"properties":{"net":"NC6264","o":4}},{"type":"Feature","geometry":{"type":"LineString","coordinates":[[-83.89308,35.42137],[-83.89431,35.42178],[-83.89477,35.42216],[-83.89513,35.4237],[-83.89543,35.42441]]},"properties":{"net":"out","o":6}},{"type":"Feature","geometry":{"type":"LineString","coordinates":[[-83.9257,35.2895],[-83.92594,35.29037],[-83.92647,35.29149],[-83.92632,35.29284],[-83.92642,35.29377],[-83.92669,35.29444],[-83.92667,35.29488]]},"properties":{"net":"NC3038","o":1}},{"type":"Feature","geometry":{"type":"LineString","coordinates":[[-83.91965,35.313],[-83.91867,35.31291],[-83.91726,35.3123],[-83.91657,35.31183]]},"properties":{"net":"NC3038","o":1}},{"type":"Feature","geometry":{"type":"LineString","coordinates":[[-83.92176,35.30903],[-83.92112,35.30906],[-83.91759,35.30983],[-83.91593,35.30969]]},"properties":{"net":"NC3038","o":3}},{"type":"Feature","geometry":{"type":"LineString","coordinates":[[-83.91657,35.31183],[-83.916,35.31096],[-83.91593,35.30969]]},"properties":{"net":"NC3038","o":2}},{"type":"Feature","geometry":{"type":"LineString","coordinates":[[-83.91212,35.32764],[-83.9112,35.32764],[-83.90987,35.32728]]},"properties":{"net":"NC3038","o":2}},{"type":"Feature","geometry":{"type":"LineString","coordinates":[[-83.9273,35.34039],[-83.92639,35.34068],[-83.92568,35.3406]]},"properties":{"net":"NC3217","o":4}},{"type":"Feature","geometry":{"type":"LineString","coordinates":[[-83.92448,35.3429],[-83.92474,35.34327],[-83.92477,35.34367],[-83.92439,35.34401],[-83.92268,35.34412],[-83.92215,35.34428]]},"properties":{"net":"NC3217","o":4}},{"type":"Feature","geometry":{"type":"LineString","coordinates":[[-83.90049,35.47485],[-83.90001,35.47425],[-83.8998,35.47412],[-83.89973,35.4738]]},"properties":{"net":"NC3039","o":2}},{"type":"Feature","geometry":{"type":"LineString","coordinates":[[-83.89771,35.46554],[-83.89812,35.46512],[-83.89833,35.46473],[-83.89914,35.46399]]},"properties":{"net":"NC3039","o":1}},{"type":"Feature","geometry":{"type":"LineString","coordinates":[[-83.9077,35.3495],[-83.90846,35.35011],[-83.90899,35.35092],[-83.90903,35.35149],[-83.90883,35.35197],[-83.90885,35.35222],[-83.90914,35.35344],[-83.90939,35.35393],[-83.9094,35.35425],[-83.90929,35.3545]]},"properties":{"net":"NC3217","o":4}},{"type":"Feature","geometry":{"type":"LineString","coordinates":[[-83.91987,35.36243],[-83.91978,35.36244]]},"properties":{"net":"NC3217","o":4}},{"type":"Feature","geometry":{"type":"LineString","coordinates":[[-83.92414,35.3852],[-83.92373,35.38479],[-83.92366,35.38419],[-83.92314,35.38349],[-83.9227,35.38182]]},"properties":{"net":"NC3038","o":1}},{"type":"Feature","geometry":{"type":"LineString","coordinates":[[-83.91221,35.43333],[-83.91234,35.43344],[-83.91263,35.43447],[-83.91317,35.4355],[-83.91399,35.43658]]},"properties":{"net":"out","o":6}},{"type":"Feature","geometry":{"type":"LineString","coordinates":[[-83.904,35.27386],[-83.90398,35.2748],[-83.9037,35.2757]]},"properties":{"net":"NC6264","o":4}},{"type":"Feature","geometry":{"type":"LineString","coordinates":[[-83.89756,35.29215],[-83.89734,35.29243],[-83.89692,35.29269],[-83.89621,35.29282],[-83.89439,35.29192],[-83.89319,35.29157],[-83.8927,35.29164],[-83.89269,35.29191],[-83.89346,35.29342],[-83.89369,35.29472],[-83.89349,35.29568],[-83.89318,35.29596],[-83.89283,35.29611],[-83.8925,35.29608],[-83.89204,35.29576],[-83.89135,35.29446],[-83.89043,35.29326],[-83.89019,35.29317],[-83.88987,35.29323],[-83.8897,35.29363]]},"properties":{"net":"NC6264","o":4}},{"type":"Feature","geometry":{"type":"LineString","coordinates":[[-83.90564,35.33309],[-83.90468,35.33258],[-83.90449,35.33218],[-83.90183,35.33105],[-83.90064,35.3307],[-83.90031,35.33036],[-83.89947,35.32987]]},"properties":{"net":"NC3038","o":1}},{"type":"Feature","geometry":{"type":"LineString","coordinates":[[-83.89226,35.31905],[-83.89299,35.32018],[-83.89294,35.32077],[-83.89333,35.32139],[-83.89329,35.32199],[-83.89337,35.32242]]},"properties":{"net":"NC3038","o":1}},{"type":"Feature","geometry":{"type":"LineString","coordinates":[[-83.88708,35.34662],[-83.88706,35.34619],[-83.88673,35.34584],[-83.88659,35.34509],[-83.8862,35.34459]]},"properties":{"net":"NC3038","o":1}},{"type":"Feature","geometry":{"type":"LineString","coordinates":[[-83.8899,35.34392],[-83.88915,35.34366],[-83.88643,35.3431],[-83.8856,35.34276],[-83.8852,35.34276]]},"properties":{"net":"NC3038","o":2}},{"type":"Feature","geometry":{"type":"LineString","coordinates":[[-83.89304,35.36178],[-83.8924,35.36185],[-83.89161,35.36157],[-83.89028,35.36133]]},"properties":{"net":"NC3038","o":1}},{"type":"Feature","geometry":{"type":"LineString","coordinates":[[-83.89194,35.35124],[-83.89061,35.35233],[-83.89031,35.35275],[-83.8904,35.35462],[-83.89031,35.3551],[-83.89038,35.35657],[-83.8903,35.35684],[-83.88982,35.35736],[-83.88845,35.35855],[-83.88801,35.35879],[-83.88793,35.35998],[-83.88753,35.36054]]},"properties":{"net":"NC3038","o":1}},{"type":"Feature","geometry":{"type":"LineString","coordinates":[[-83.89326,35.37557],[-83.89256,35.37521],[-83.89168,35.37525],[-83.89121,35.37545],[-83.89059,35.37544]]},"properties":{"net":"NC3038","o":1}},{"type":"Feature","geometry":{"type":"LineString","coordinates":[[-83.89275,35.3769],[-83.89226,35.37689],[-83.89212,35.37678],[-83.89159,35.3767],[-83.89136,35.37652],[-83.89118,35.37653],[-83.89085,35.37618],[-83.89082,35.37561],[-83.89059,35.37544]]},"properties":{"net":"NC3038","o":2}},{"type":"Feature","geometry":{"type":"LineString","coordinates":[[-83.88934,35.41617],[-83.88964,35.41674],[-83.88968,35.41749],[-83.88938,35.41841],[-83.88934,35.41917]]},"properties":{"net":"out","o":6}},{"type":"Feature","geometry":{"type":"LineString","coordinates":[[-83.90604,35.46842],[-83.90663,35.46784],[-83.90707,35.46762],[-83.9073,35.46719]]},"properties":{"net":"NC3039","o":2}},{"type":"Feature","geometry":{"type":"LineString","coordinates":[[-83.90198,35.46478],[-83.90462,35.46527]]},"properties":{"net":"NC3039","o":7}},{"type":"Feature","geometry":{"type":"LineString","coordinates":[[-83.90154,35.47849],[-83.9015,35.4775],[-83.90172,35.47724],[-83.90176,35.47686],[-83.90165,35.47611]]},"properties":{"net":"NC3039","o":2}},{"type":"Feature","geometry":{"type":"LineString","coordinates":[[-83.90121,35.46596],[-83.90198,35.46478]]},"properties":{"net":"NC3039","o":3}},{"type":"Feature","geometry":{"type":"LineString","coordinates":[[-83.8961,35.48187],[-83.89693,35.482],[-83.89713,35.48195],[-83.89822,35.48128],[-83.89924,35.48108],[-83.89992,35.48056],[-83.90008,35.47898],[-83.90071,35.47804],[-83.90073,35.4777],[-83.90122,35.47691],[-83.90129,35.47661],[-83.90098,35.47583],[-83.90075,35.47561],[-83.90049,35.47485]]},"properties":{"net":"NC3039","o":1}},{"type":"Feature","geometry":{"type":"LineString","coordinates":[[-83.89424,35.46167],[-83.8955,35.46161],[-83.89598,35.46176],[-83.89661,35.4621]]},"properties":{"net":"NC3039","o":7}},{"type":"Feature","geometry":{"type":"LineString","coordinates":[[-83.89328,35.46178],[-83.89424,35.46167]]},"properties":{"net":"NC3039","o":7}},{"type":"Feature","geometry":{"type":"LineString","coordinates":[[-83.89165,35.47072],[-83.8919,35.47069],[-83.89287,35.47017],[-83.89354,35.46956],[-83.89413,35.46952],[-83.89509,35.46928],[-83.89562,35.46902],[-83.89623,35.46848],[-83.89676,35.46832],[-83.89716,35.46798],[-83.89787,35.46794],[-83.89833,35.46772],[-83.89903,35.46715],[-83.8994,35.46657],[-83.89951,35.46622],[-83.90027,35.46543]]},"properties":{"net":"NC3039","o":1}},{"type":"Feature","geometry":{"type":"LineString","coordinates":[[-83.89181,35.46311],[-83.89146,35.46234]]},"properties":{"net":"NC3039","o":1}},{"type":"Feature","geometry":{"type":"LineString","coordinates":[[-83.88895,35.48389],[-83.88852,35.48344],[-83.88801,35.48255],[-83.88833,35.4817],[-83.88781,35.4802],[-83.88762,35.47914],[-83.88787,35.47847],[-83.88812,35.4781],[-83.88826,35.47754],[-83.88799,35.4767],[-83.88783,35.47648],[-83.88772,35.47599],[-83.88735,35.47565],[-83.88756,35.47495],[-83.88704,35.47438],[-83.8864,35.47329],[-83.88658,35.47291],[-83.8866,35.47212]]},"properties":{"net":"NC3039","o":1}},{"type":"Feature","geometry":{"type":"LineString","coordinates":[[-83.8866,35.47212],[-83.88653,35.47193],[-83.88623,35.47177],[-83.88604,35.47146],[-83.88604,35.47104],[-83.88623,35.4703],[-83.88603,35.46981],[-83.88623,35.46938],[-83.88629,35.46887],[-83.88622,35.46858],[-83.88636,35.46804],[-83.88667,35.46772],[-83.88746,35.46591],[-83.88747,35.46487],[-83.88733,35.46443]]},"properties":{"net":"NC3039","o":2}},{"type":"Feature","geometry":{"type":"LineString","coordinates":[[-83.88249,35.46305],[-83.88701,35.46314]]},"properties":{"net":"NC3039","o":7}},{"type":"Feature","geometry":{"type":"LineString","coordinates":[[-83.89979,35.49664],[-83.89995,35.49615],[-83.8997,35.49538],[-83.89882,35.49473],[-83.89858,35.49424],[-83.89818,35.49395],[-83.89783,35.49344],[-83.89736,35.49325],[-83.89722,35.49304],[-83.89676,35.49275],[-83.89616,35.49259],[-83.89433,35.49255],[-83.8933,35.49209],[-83.89087,35.49221]]},"properties":{"net":"NC3039","o":1}},{"type":"Feature","geometry":{"type":"LineString","coordinates":[[-83.8694,35.44781],[-83.869,35.44779],[-83.86789,35.44804],[-83.86715,35.44807],[-83.86681,35.44838],[-83.86678,35.44852],[-83.86686,35.44974]]},"properties":{"net":"NC3039","o":2}},{"type":"Feature","geometry":{"type":"LineString","coordinates":[[-83.87852,35.46221],[-83.87934,35.46252],[-83.88076,35.46285],[-83.88249,35.46305]]},"properties":{"net":"NC3039","o":7}},{"type":"Feature","geometry":{"type":"LineString","coordinates":[[-83.86937,35.4761],[-83.86968,35.47594],[-83.8699,35.47565],[-83.87011,35.47498],[-83.87057,35.4748],[-83.87085,35.47443],[-83.87048,35.47341],[-83.87049,35.47256],[-83.87075,35.47222]]},"properties":{"net":"NC3039","o":4}},{"type":"Feature","geometry":{"type":"LineString","coordinates":[[-83.86675,35.46959],[-83.86761,35.46997],[-83.8686,35.47019],[-83.86916,35.47072],[-83.86978,35.47092],[-83.87025,35.47125],[-83.87055,35.4712],[-83.87128,35.47081]]},"properties":{"net":"NC3039","o":4}},{"type":"Feature","geometry":{"type":"LineString","coordinates":[[-83.85943,35.47105],[-83.86068,35.47077],[-83.86169,35.47039],[-83.86371,35.47088],[-83.86438,35.4706],[-83.86483,35.47067],[-83.8658,35.47052],[-83.86614,35.47035],[-83.86632,35.4699],[-83.86675,35.46959]]},"properties":{"net":"NC3039","o":4}},{"type":"Feature","geometry":{"type":"LineString","coordinates":[[-83.85737,35.46337],[-83.85872,35.4637],[-83.86071,35.46488],[-83.86229,35.46607],[-83.86263,35.46649],[-83.86275,35.46688],[-83.86353,35.4677],[-83.86474,35.46832],[-83.8653,35.46876],[-83.86546,35.46921],[-83.8661,35.46956],[-83.86659,35.46952],[-83.86675,35.46959]]},"properties":{"net":"NC3039","o":1}},{"type":"Feature","geometry":{"type":"LineString","coordinates":[[-83.8693,35.48279],[-83.86905,35.48234],[-83.86812,35.48169]]},"properties":{"net":"NC3039","o":4}},{"type":"Feature","geometry":{"type":"LineString","coordinates":[[-83.86619,35.49197],[-83.86613,35.49147],[-83.8663,35.49095],[-83.86624,35.4905],[-83.86642,35.48985],[-83.86639,35.48962]]},"properties":{"net":"NC3039","o":3}},{"type":"Feature","geometry":{"type":"LineString","coordinates":[[-83.87366,35.51216],[-83.87362,35.51178],[-83.87399,35.51127],[-83.87407,35.5101],[-83.87377,35.50974],[-83.87339,35.50899],[-83.8735,35.50875],[-83.87301,35.50853],[-83.87269,35.50859],[-83.87139,35.50822]]},"properties":{"net":"NC3039","o":2}},{"type":"Feature","geometry":{"type":"LineString","coordinates":[[-83.82058,35.51854],[-83.82047,35.51819],[-83.82019,35.51791],[-83.82003,35.51756],[-83.8198,35.51739],[-83.81971,35.51698],[-83.81989,35.51644],[-83.82073,35.51547],[-83.82069,35.51491],[-83.82082,35.51463]]},"properties":{"net":"NC3039","o":2}},{"type":"Feature","geometry":{"type":"LineString","coordinates":[[-84.33311,35.59337],[-84.3325,35.5928],[-84.33211,35.59259]]},"properties":{"net":"out","o":4}},{"type":"Feature","geometry":{"type":"LineString","coordinates":[[-83.8744,35.28324],[-83.87459,35.2834],[-83.87563,35.28386]]},"properties":{"net":"NC6264","o":4}},{"type":"Feature","geometry":{"type":"LineString","coordinates":[[-83.88153,35.28815],[-83.88289,35.28909],[-83.88353,35.28965]]},"properties":{"net":"NC6264","o":4}},{"type":"Feature","geometry":{"type":"LineString","coordinates":[[-83.88312,35.32897],[-83.88296,35.32941],[-83.883,35.32984]]},"properties":{"net":"NC3038","o":2}},{"type":"Feature","geometry":{"type":"LineString","coordinates":[[-83.87146,35.31536],[-83.8719,35.3155],[-83.87245,35.31588],[-83.8725,35.31617],[-83.87242,35.31657],[-83.87182,35.3171],[-83.87153,35.31721],[-83.87086,35.31728],[-83.87058,35.31713]]},"properties":{"net":"NC6264","o":5}},{"type":"Feature","geometry":{"type":"LineString","coordinates":[[-83.88421,35.33152],[-83.88295,35.3311]]},"properties":{"net":"NC3038","o":4}},{"type":"Feature","geometry":{"type":"LineString","coordinates":[[-83.8852,35.34276],[-83.88222,35.34181],[-83.87996,35.34135],[-83.87967,35.34121],[-83.87942,35.34095],[-83.87813,35.34052],[-83.87734,35.34001]]},"properties":{"net":"NC3038","o":3}},{"type":"Feature","geometry":{"type":"LineString","coordinates":[[-83.88665,35.35996],[-83.88633,35.36025]]},"properties":{"net":"NC3038","o":1}},{"type":"Feature","geometry":{"type":"LineString","coordinates":[[-83.88633,35.36025],[-83.88536,35.36025]]},"properties":{"net":"NC3038","o":2}},{"type":"Feature","geometry":{"type":"LineString","coordinates":[[-83.8853,35.35662],[-83.88519,35.35716],[-83.88484,35.35798],[-83.88483,35.35874],[-83.88501,35.35921],[-83.88566,35.35956]]},"properties":{"net":"NC3038","o":1}},{"type":"Feature","geometry":{"type":"LineString","coordinates":[[-83.87727,35.37739],[-83.87731,35.37798]]},"properties":{"net":"out","o":6}},{"type":"Feature","geometry":{"type":"LineString","coordinates":[[-83.86601,35.39523],[-83.86619,35.39541],[-83.86621,35.39559],[-83.86639,35.39572],[-83.86662,35.39662],[-83.86681,35.39682],[-83.86698,35.39747],[-83.86731,35.39789],[-83.86748,35.39846],[-83.8678,35.3987]]},"properties":{"net":"out","o":6}},{"type":"Feature","geometry":{"type":"LineString","coordinates":[[-83.86609,35.43473],[-83.86601,35.43553],[-83.86605,35.43629],[-83.8658,35.43688]]},"properties":{"net":"NC3039","o":1}},{"type":"Feature","geometry":{"type":"LineString","coordinates":[[-83.87435,35.44692],[-83.87379,35.44726]]},"properties":{"net":"NC3039","o":2}},{"type":"Feature","geometry":{"type":"LineString","coordinates":[[-83.86812,35.45459],[-83.86866,35.45597],[-83.86909,35.45663],[-83.86983,35.45734]]},"properties":{"net":"NC3039","o":7}},{"type":"Feature","geometry":{"type":"LineString","coordinates":[[-83.86967,35.48451],[-83.86987,35.48406],[-83.8693,35.48279]]},"properties":{"net":"NC3039","o":4}},{"type":"Feature","geometry":{"type":"LineString","coordinates":[[-83.81163,35.32163],[-83.81127,35.32211],[-83.81122,35.32253],[-83.81133,35.32327],[-83.81104,35.32388],[-83.81092,35.32445],[-83.81111,35.32488],[-83.81187,35.32577],[-83.81198,35.32628]]},"properties":{"net":"NC3038","o":4}},{"type":"Feature","geometry":{"type":"LineString","coordinates":[[-83.82396,35.34321],[-83.82302,35.34315],[-83.82237,35.34333],[-83.82195,35.34328]]},"properties":{"net":"NC3038","o":1}},{"type":"Feature","geometry":{"type":"LineString","coordinates":[[-83.8125,35.34108],[-83.81284,35.34076],[-83.81272,35.34022]]},"properties":{"net":"NC3038","o":1}},{"type":"Feature","geometry":{"type":"LineString","coordinates":[[-83.8103,35.33875],[-83.8105,35.3385],[-83.81053,35.33821]]},"properties":{"net":"NC3038","o":1}},{"type":"Feature","geometry":{"type":"LineString","coordinates":[[-83.81782,35.36461],[-83.81865,35.36455],[-83.81915,35.36435],[-83.81947,35.36411],[-83.82025,35.36429],[-83.82081,35.3642],[-83.82136,35.36395],[-83.82157,35.36353],[-83.82179,35.36336]]},"properties":{"net":"NC3038","o":3}},{"type":"Feature","geometry":{"type":"LineString","coordinates":[[-83.84032,35.28499],[-83.84044,35.28586],[-83.84087,35.2867],[-83.84105,35.28746]]},"properties":{"net":"NC3038","o":1}},{"type":"Feature","geometry":{"type":"LineString","coordinates":[[-83.83616,35.30653],[-83.83552,35.30648],[-83.83502,35.30628],[-83.8341,35.30516],[-83.83377,35.30451],[-83.83338,35.30432]]},"properties":{"net":"NC3038","o":1}},{"type":"Feature","geometry":{"type":"LineString","coordinates":[[-84.34468,35.625],[-84.34427,35.62465],[-84.34373,35.62444],[-84.34345,35.624],[-84.34314,35.62392],[-84.3428,35.62396],[-84.34247,35.62422],[-84.34243,35.62451],[-84.34267,35.62488],[-84.34264,35.62501],[-84.34169,35.62489],[-84.34116,35.62452],[-84.34092,35.62447],[-84.34025,35.62449],[-84.33874,35.62475],[-84.33814,35.62442],[-84.33724,35.62352],[-84.3368,35.62342],[-84.33651,35.62361],[-84.33631,35.62396],[-84.33651,35.62447],[-84.3371,35.62508],[-84.33726,35.6255],[-84.3368,35.62576],[-84.33612,35.62579],[-84.33584,35.62591],[-84.33573,35.62673],[-84.33527,35.62726],[-84.33512,35.62805],[-84.33474,35.62839]]},"properties":{"net":"out","o":4}},{"type":"Feature","geometry":{"type":"LineString","coordinates":[[-84.33474,35.62839],[-84.33423,35.62868],[-84.33401,35.629],[-84.33422,35.62925],[-84.3351,35.62979],[-84.33515,35.63],[-84.33475,35.63057],[-84.33286,35.63193],[-84.33246,35.6325]]},"properties":{"net":"out","o":4}},{"type":"Feature","geometry":{"type":"LineString","coordinates":[[-83.82131,35.27224],[-83.82129,35.2723]]},"properties":{"net":"NC3038","o":4}},{"type":"Feature","geometry":{"type":"LineString","coordinates":[[-83.81428,35.28525],[-83.81499,35.2859],[-83.81634,35.28627],[-83.81749,35.28786],[-83.81772,35.28855]]},"properties":{"net":"NC3038","o":1}},{"type":"Feature","geometry":{"type":"LineString","coordinates":[[-83.81109,35.3295],[-83.81265,35.33091],[-83.81267,35.33127],[-83.81231,35.33258]]},"properties":{"net":"NC3038","o":5}},{"type":"Feature","geometry":{"type":"LineString","coordinates":[[-83.81351,35.33645],[-83.81313,35.33647],[-83.81244,35.33625],[-83.81136,35.33538],[-83.81011,35.33454],[-83.80913,35.33311],[-83.809,35.33261],[-83.80907,35.33202]]},"properties":{"net":"NC3038","o":1}},{"type":"Feature","geometry":{"type":"LineString","coordinates":[[-83.8062,35.35141],[-83.80645,35.34997],[-83.80674,35.34914],[-83.80672,35.34874],[-83.8064,35.34799],[-83.80639,35.34771],[-83.80681,35.34678]]},"properties":{"net":"NC3038","o":1}},{"type":"Feature","geometry":{"type":"LineString","coordinates":[[-83.80186,35.33599],[-83.80315,35.33575],[-83.80387,35.33587]]},"properties":{"net":"NC3038","o":4}},{"type":"Feature","geometry":{"type":"LineString","coordinates":[[-83.79182,35.37432],[-83.79256,35.37263],[-83.79296,35.37205],[-83.79381,35.3712],[-83.79566,35.37022],[-83.79625,35.37005]]},"properties":{"net":"NC3038","o":1}},{"type":"Feature","geometry":{"type":"LineString","coordinates":[[-83.78756,35.37438],[-83.78899,35.3739],[-83.79019,35.37321],[-83.79079,35.37273],[-83.79125,35.37217],[-83.79232,35.37164],[-83.79307,35.37087]]},"properties":{"net":"NC3038","o":1}},{"type":"Feature","geometry":{"type":"LineString","coordinates":[[-83.81355,35.35452],[-83.81421,35.35495],[-83.81467,35.35562],[-83.81506,35.35592],[-83.8161,35.35721],[-83.81648,35.3575],[-83.81679,35.35827],[-83.81667,35.35889]]},"properties":{"net":"NC3038","o":1}},{"type":"Feature","geometry":{"type":"LineString","coordinates":[[-83.81163,35.35952],[-83.81173,35.35999],[-83.81138,35.36074],[-83.81148,35.36142],[-83.812,35.36234],[-83.8122,35.36288],[-83.81274,35.3634],[-83.8129,35.36411],[-83.81319,35.36467]]},"properties":{"net":"NC3038","o":1}},{"type":"Feature","geometry":{"type":"LineString","coordinates":[[-83.80941,35.36384],[-83.80947,35.36411],[-83.80967,35.36432]]},"properties":{"net":"NC3038","o":2}},{"type":"Feature","geometry":{"type":"LineString","coordinates":[[-83.80642,35.3694],[-83.80664,35.36876],[-83.80711,35.3682],[-83.80723,35.36737],[-83.80785,35.36626],[-83.8083,35.36588],[-83.80958,35.36524],[-83.81061,35.36503]]},"properties":{"net":"NC3038","o":1}},{"type":"Feature","geometry":{"type":"LineString","coordinates":[[-83.80185,35.35726],[-83.80247,35.35808],[-83.80451,35.35976],[-83.8063,35.36058],[-83.80675,35.36089],[-83.80716,35.36174],[-83.80729,35.36263],[-83.80754,35.36292],[-83.80898,35.36378],[-83.80941,35.36384]]},"properties":{"net":"NC3038","o":1}},{"type":"Feature","geometry":{"type":"LineString","coordinates":[[-83.79628,35.35964],[-83.79696,35.35986],[-83.79887,35.3602],[-83.79989,35.36083],[-83.80246,35.36171],[-83.80348,35.36183],[-83.80448,35.3621],[-83.8051,35.36246],[-83.80551,35.36282],[-83.80593,35.36378],[-83.80637,35.36423],[-83.80664,35.36438],[-83.80741,35.36438],[-83.80785,35.36458]]},"properties":{"net":"NC3038","o":1}},{"type":"Feature","geometry":{"type":"LineString","coordinates":[[-83.81497,35.41083],[-83.81529,35.4108],[-83.81555,35.41099],[-83.81682,35.41126],[-83.81756,35.41106]]},"properties":{"net":"out","o":4}},{"type":"Feature","geometry":{"type":"LineString","coordinates":[[-83.81069,35.42886],[-83.81098,35.42939],[-83.81114,35.43012],[-83.8116,35.43065],[-83.81229,35.43216],[-83.81265,35.43262],[-83.81324,35.43397],[-83.81383,35.43711],[-83.81405,35.43767],[-83.81393,35.43807],[-83.81358,35.43844],[-83.81323,35.43922],[-83.81314,35.43971],[-83.81342,35.44032],[-83.81353,35.44036]]},"properties":{"net":"NC3039","o":1}},{"type":"Feature","geometry":{"type":"LineString","coordinates":[[-83.82099,35.46191],[-83.82125,35.46149],[-83.82101,35.46091],[-83.82102,35.46055],[-83.82083,35.4602],[-83.82151,35.45975],[-83.82149,35.45951],[-83.82067,35.4588],[-83.82054,35.45795],[-83.82027,35.45767],[-83.8198,35.4574],[-83.81945,35.45697],[-83.81905,35.45611],[-83.81919,35.45541]]},"properties":{"net":"NC3039","o":2}},{"type":"Feature","geometry":{"type":"LineString","coordinates":[[-83.81566,35.45235],[-83.81638,35.4524],[-83.81715,35.45268],[-83.81733,35.4526]]},"properties":{"net":"NC3039","o":1}},{"type":"Feature","geometry":{"type":"LineString","coordinates":[[-83.79729,35.43626],[-83.79757,35.43766],[-83.79797,35.43819],[-83.79806,35.43847],[-83.79793,35.43972],[-83.79818,35.44017],[-83.79868,35.44066],[-83.79961,35.4411],[-83.80011,35.44212],[-83.80063,35.44265],[-83.80144,35.44317],[-83.80195,35.44334],[-83.80266,35.44331],[-83.80336,35.44312],[-83.80514,35.44236]]},"properties":{"net":"NC3039","o":1}},{"type":"Feature","geometry":{"type":"LineString","coordinates":[[-83.81363,35.47875],[-83.81379,35.47851],[-83.81416,35.47835]]},"properties":{"net":"NC3039","o":2}},{"type":"Feature","geometry":{"type":"LineString","coordinates":[[-83.80738,35.48063],[-83.80887,35.47996],[-83.80983,35.47986]]},"properties":{"net":"NC3039","o":1}},{"type":"Feature","geometry":{"type":"LineString","coordinates":[[-83.82279,35.5241],[-83.82276,35.52345],[-83.82247,35.52291],[-83.82224,35.5227],[-83.82158,35.52163],[-83.82098,35.52096],[-83.82047,35.51992],[-83.82039,35.51902],[-83.82058,35.51854]]},"properties":{"net":"NC3039","o":1}},{"type":"Feature","geometry":{"type":"LineString","coordinates":[[-83.83506,35.30088],[-83.83449,35.30115],[-83.83371,35.30133],[-83.83326,35.30169],[-83.83319,35.30205],[-83.83367,35.30326],[-83.83338,35.30432]]},"properties":{"net":"NC3038","o":1}},{"type":"Feature","geometry":{"type":"LineString","coordinates":[[-83.83391,35.29412],[-83.83341,35.29452],[-83.8327,35.29449],[-83.83215,35.29459],[-83.83178,35.29479],[-83.83168,35.29514],[-83.83138,35.29531],[-83.83113,35.2953],[-83.83088,35.29507],[-83.8307,35.29503]]},"properties":{"net":"NC3038","o":3}},{"type":"Feature","geometry":{"type":"LineString","coordinates":[[-83.8307,35.29503],[-83.83058,35.29513],[-83.8301,35.29519],[-83.83018,35.29555],[-83.83003,35.29589],[-83.8301,35.29646],[-83.82931,35.29728],[-83.82872,35.29824],[-83.82862,35.29858]]},"properties":{"net":"NC3038","o":3}},{"type":"Feature","geometry":{"type":"LineString","coordinates":[[-84.26334,35.66981],[-84.2616,35.66853],[-84.26049,35.66867]]},"properties":{"net":"out","o":5}},{"type":"Feature","geometry":{"type":"LineString","coordinates":[[-84.2443,35.68269],[-84.24469,35.68325],[-84.24473,35.68387],[-84.24509,35.68475],[-84.24514,35.68555],[-84.2471,35.68943]]},"properties":{"net":"out","o":7}},{"type":"Feature","geometry":{"type":"LineString","coordinates":[[-84.2903,35.65469],[-84.29003,35.65473],[-84.28996,35.65495],[-84.29157,35.65593],[-84.29152,35.65654],[-84.29083,35.65748],[-84.29026,35.65757],[-84.28918,35.65722],[-84.28861,35.65671],[-84.28832,35.65628],[-84.28771,35.65581],[-84.28726,35.65557],[-84.28669,35.65574],[-84.28589,35.65632],[-84.28561,35.65676],[-84.28547,35.65738],[-84.28526,35.65757],[-84.28491,35.65766]]},"properties":{"net":"out","o":4}},{"type":"Feature","geometry":{"type":"LineString","coordinates":[[-84.24845,35.71494],[-84.24845,35.71678],[-84.24764,35.71855],[-84.24759,35.71913],[-84.24681,35.72013]]},"properties":{"net":"out","o":7}},{"type":"Feature","geometry":{"type":"LineString","coordinates":[[-84.24572,35.72372],[-84.24568,35.7239],[-84.24547,35.72409]]},"properties":{"net":"out","o":7}},{"type":"Feature","geometry":{"type":"LineString","coordinates":[[-83.79237,35.26175],[-83.79144,35.26218],[-83.79062,35.26218],[-83.7892,35.26243],[-83.78853,35.26282],[-83.78781,35.2635],[-83.78745,35.2642],[-83.78657,35.26527],[-83.78611,35.26616],[-83.78579,35.26709],[-83.78602,35.26784],[-83.78597,35.26842],[-83.78514,35.27001],[-83.78478,35.27104],[-83.78415,35.27198]]},"properties":{"net":"NC3038","o":1}},{"type":"Feature","geometry":{"type":"LineString","coordinates":[[-83.79809,35.27398],[-83.79769,35.27498],[-83.79712,35.27693],[-83.79689,35.27729],[-83.79476,35.27888],[-83.79421,35.27945],[-83.79367,35.28025],[-83.79238,35.28146],[-83.79197,35.28172],[-83.79089,35.28209],[-83.78955,35.28299],[-83.78876,35.28552],[-83.78877,35.28705],[-83.78898,35.28775]]},"properties":{"net":"NC3038","o":1}},{"type":"Feature","geometry":{"type":"LineString","coordinates":[[-83.79353,35.27125],[-83.79268,35.27151],[-83.7912,35.2723],[-83.791,35.27261],[-83.7906,35.27435],[-83.7904,35.27477],[-83.7896,35.27547],[-83.78799,35.27654],[-83.78701,35.27745]]},"properties":{"net":"NC3038","o":1}},{"type":"Feature","geometry":{"type":"LineString","coordinates":[[-83.78701,35.27745],[-83.78632,35.27836],[-83.78619,35.27902],[-83.7857,35.28018]]},"properties":{"net":"NC3038","o":2}},{"type":"Feature","geometry":{"type":"LineString","coordinates":[[-83.79069,35.29159],[-83.79096,35.29221]]},"properties":{"net":"NC3038","o":2}},{"type":"Feature","geometry":{"type":"LineString","coordinates":[[-83.80157,35.3227],[-83.80092,35.32322]]},"properties":{"net":"NC3038","o":4}},{"type":"Feature","geometry":{"type":"LineString","coordinates":[[-83.78341,35.32807],[-83.78344,35.32781],[-83.78332,35.32758]]},"properties":{"net":"NC3038","o":1}},{"type":"Feature","geometry":{"type":"LineString","coordinates":[[-83.7822,35.3188],[-83.78332,35.31839],[-83.78474,35.31819]]},"properties":{"net":"NC3038","o":4}},{"type":"Feature","geometry":{"type":"LineString","coordinates":[[-83.77946,35.32733],[-83.77954,35.32686],[-83.77995,35.32629],[-83.78112,35.32595],[-83.78256,35.32576],[-83.78353,35.32543],[-83.78432,35.32497]]},"properties":{"net":"NC3038","o":1}},{"type":"Feature","geometry":{"type":"LineString","coordinates":[[-83.79935,35.36469],[-83.79973,35.365]]},"properties":{"net":"NC3038","o":1}},{"type":"Feature","geometry":{"type":"LineString","coordinates":[[-83.78049,35.35923],[-83.78142,35.35806]]},"properties":{"net":"NC3038","o":2}},{"type":"Feature","geometry":{"type":"LineString","coordinates":[[-83.78882,35.3635],[-83.78778,35.36317],[-83.78645,35.36289],[-83.78592,35.36261],[-83.78364,35.36003],[-83.78338,35.35951],[-83.78142,35.35806]]},"properties":{"net":"NC3038","o":1}},{"type":"Feature","geometry":{"type":"LineString","coordinates":[[-84.24889,35.66968],[-84.24843,35.6701],[-84.24846,35.67049],[-84.24767,35.67121],[-84.2477,35.67179],[-84.24582,35.67349],[-84.24543,35.6742],[-84.24509,35.6745],[-84.24481,35.67495],[-84.24467,35.67546],[-84.2447,35.67592],[-84.24414,35.67826]]},"properties":{"net":"out","o":7}},{"type":"Feature","geometry":{"type":"LineString","coordinates":[[-84.25179,35.73903],[-84.25197,35.73971],[-84.25246,35.74045],[-84.25259,35.74236],[-84.25286,35.74256],[-84.25308,35.74314]]},"properties":{"net":"out","o":7}},{"type":"Feature","geometry":{"type":"LineString","coordinates":[[-84.25319,35.76946],[-84.2534,35.77268]]},"properties":{"net":"out","o":7}},{"type":"Feature","geometry":{"type":"LineString","coordinates":[[-83.76378,35.28776],[-83.76448,35.28777],[-83.76524,35.28798],[-83.76701,35.28786]]},"properties":{"net":"NC3038","o":2}},{"type":"Feature","geometry":{"type":"LineString","coordinates":[[-83.77433,35.30246],[-83.77422,35.30185],[-83.77458,35.3006],[-83.77464,35.29931],[-83.77453,35.29891],[-83.77412,35.29828],[-83.774,35.29791]]},"properties":{"net":"NC3038","o":1}},{"type":"Feature","geometry":{"type":"LineString","coordinates":[[-83.77154,35.30272],[-83.77085,35.30164],[-83.76982,35.30094],[-83.76959,35.30014],[-83.76931,35.2997]]},"properties":{"net":"NC3038","o":1}},{"type":"Feature","geometry":{"type":"LineString","coordinates":[[-83.77099,35.313],[-83.77216,35.31297],[-83.77378,35.31374],[-83.77523,35.3142],[-83.7771,35.31409],[-83.77862,35.31387]]},"properties":{"net":"NC3038","o":2}},{"type":"Feature","geometry":{"type":"LineString","coordinates":[[-83.76919,35.33122],[-83.76996,35.33117],[-83.77104,35.33128],[-83.77168,35.33097],[-83.77186,35.33059],[-83.77192,35.33017],[-83.7716,35.32946],[-83.77165,35.32898],[-83.77138,35.32847],[-83.7714,35.32778],[-83.77158,35.32761],[-83.77212,35.32754],[-83.77241,35.32728]]},"properties":{"net":"NC3038","o":4}},{"type":"Feature","geometry":{"type":"LineString","coordinates":[[-83.7676,35.34852],[-83.76688,35.34728],[-83.76686,35.34681],[-83.76657,35.34608],[-83.76667,35.34558]]},"properties":{"net":"NC3038","o":1}},{"type":"Feature","geometry":{"type":"LineString","coordinates":[[-83.77255,35.365],[-83.77216,35.36414],[-83.77213,35.3636],[-83.77184,35.36288],[-83.77185,35.36239]]},"properties":{"net":"NC3038","o":1}},{"type":"Feature","geometry":{"type":"LineString","coordinates":[[-84.18587,35.57615],[-84.18699,35.57777]]},"properties":{"net":"out","o":7}},{"type":"Feature","geometry":{"type":"LineString","coordinates":[[-84.19383,35.61133],[-84.19431,35.61104]]},"properties":{"net":"out","o":5}},{"type":"Feature","geometry":{"type":"LineString","coordinates":[[-84.19103,35.63389],[-84.19204,35.63385],[-84.19213,35.63392]]},"properties":{"net":"out","o":5}},{"type":"Feature","geometry":{"type":"LineString","coordinates":[[-84.18749,35.63469],[-84.18778,35.63436],[-84.19016,35.63422],[-84.19072,35.63394],[-84.19103,35.63389]]},"properties":{"net":"out","o":5}},{"type":"Feature","geometry":{"type":"LineString","coordinates":[[-84.2121,35.51525],[-84.2122,35.51532],[-84.21216,35.51546]]},"properties":{"net":"out","o":5}},{"type":"Feature","geometry":{"type":"LineString","coordinates":[[-84.20975,35.60298],[-84.2102,35.60314],[-84.21109,35.60324],[-84.21141,35.60348],[-84.21159,35.60348]]},"properties":{"net":"out","o":7}},{"type":"Feature","geometry":{"type":"LineString","coordinates":[[-84.20671,35.59774],[-84.20724,35.59774],[-84.20774,35.5979],[-84.2083,35.59835],[-84.20837,35.59939],[-84.20821,35.59965],[-84.20834,35.60181],[-84.20872,35.60223],[-84.2095,35.6028]]},"properties":{"net":"out","o":7}},{"type":"Feature","geometry":{"type":"LineString","coordinates":[[-84.2119,35.60345],[-84.21159,35.60348]]},"properties":{"net":"out","o":5}},{"type":"Feature","geometry":{"type":"LineString","coordinates":[[-84.20397,35.63569],[-84.20457,35.63617],[-84.20469,35.63663],[-84.20483,35.63677],[-84.20499,35.63723],[-84.20564,35.63771],[-84.20596,35.63773]]},"properties":{"net":"out","o":5}},{"type":"Feature","geometry":{"type":"LineString","coordinates":[[-83.78192,35.26057],[-83.78091,35.26225],[-83.78077,35.26286],[-83.78042,35.26367]]},"properties":{"net":"NC3038","o":2}},{"type":"Feature","geometry":{"type":"LineString","coordinates":[[-83.7694,35.25818],[-83.76865,35.25895],[-83.76729,35.25958],[-83.76662,35.26039],[-83.76617,35.26078]]},"properties":{"net":"NC3038","o":2}},{"type":"Feature","geometry":{"type":"LineString","coordinates":[[-83.77401,35.27183],[-83.77311,35.27257]]},"properties":{"net":"NC3038","o":1}},{"type":"Feature","geometry":{"type":"LineString","coordinates":[[-83.76701,35.28786],[-83.76748,35.28862],[-83.76877,35.28951],[-83.76939,35.29034],[-83.76962,35.29053]]},"properties":{"net":"NC3038","o":4}},{"type":"Feature","geometry":{"type":"LineString","coordinates":[[-83.75067,35.34518],[-83.75165,35.34414],[-83.75199,35.34355],[-83.75276,35.34309]]},"properties":{"net":"NC3038","o":3}},{"type":"Feature","geometry":{"type":"LineString","coordinates":[[-83.75485,35.35249],[-83.75472,35.35193],[-83.75485,35.35088],[-83.75418,35.35062],[-83.75326,35.35007],[-83.75229,35.34913],[-83.75218,35.3489],[-83.75216,35.34826],[-83.75072,35.3466],[-83.75067,35.34623],[-83.75093,35.3455],[-83.75067,35.34518]]},"properties":{"net":"NC3038","o":2}},{"type":"Feature","geometry":{"type":"LineString","coordinates":[[-83.74059,35.34437],[-83.74122,35.34338],[-83.74177,35.34313],[-83.74213,35.34276],[-83.74265,35.34248],[-83.74357,35.34218]]},"properties":{"net":"NC3038","o":3}},{"type":"Feature","geometry":{"type":"LineString","coordinates":[[-83.74841,35.37218],[-83.74903,35.37247],[-83.7497,35.37263],[-83.75053,35.37255],[-83.75227,35.37161],[-83.75411,35.37046],[-83.75503,35.37013]]},"properties":{"net":"NC3038","o":1}},{"type":"Feature","geometry":{"type":"LineString","coordinates":[[-84.15297,35.32505],[-84.15407,35.32569],[-84.15449,35.32603],[-84.1555,35.32747],[-84.15571,35.32865],[-84.1562,35.32946],[-84.15621,35.32968],[-84.15602,35.33012],[-84.15614,35.33065],[-84.15674,35.33099],[-84.15718,35.33097],[-84.15812,35.33053],[-84.15873,35.33047]]},"properties":{"net":"out","o":4}},{"type":"Feature","geometry":{"type":"LineString","coordinates":[[-84.14925,35.55497],[-84.14942,35.55536],[-84.15048,35.55698]]},"properties":{"net":"out","o":7}},{"type":"Feature","geometry":{"type":"LineString","coordinates":[[-84.14908,35.55419],[-84.14925,35.55497]]},"properties":{"net":"out","o":7}},{"type":"Feature","geometry":{"type":"LineString","coordinates":[[-84.14428,35.60282],[-84.14472,35.60258],[-84.14518,35.60259],[-84.14571,35.60267],[-84.14671,35.60303],[-84.14758,35.60361],[-84.14789,35.60359],[-84.14828,35.6034],[-84.14854,35.60342],[-84.14861,35.60374],[-84.1485,35.60411],[-84.14859,35.60475],[-84.1487,35.60515],[-84.14905,35.60575],[-84.14952,35.60569],[-84.15082,35.60517],[-84.15131,35.60514],[-84.15166,35.60531],[-84.15254,35.60612]]},"properties":{"net":"out","o":5}},{"type":"Feature","geometry":{"type":"LineString","coordinates":[[-84.15254,35.60612],[-84.15312,35.6063],[-84.15385,35.60612],[-84.15402,35.60594],[-84.15415,35.60531],[-84.1543,35.60518]]},"properties":{"net":"out","o":5}},{"type":"Feature","geometry":{"type":"LineString","coordinates":[[-84.12263,35.66405],[-84.12276,35.66486],[-84.12344,35.66519],[-84.12419,35.66578],[-84.12441,35.66577],[-84.12453,35.66565],[-84.12454,35.66507],[-84.12487,35.66474],[-84.12537,35.66498],[-84.12555,35.66498],[-84.12589,35.66467],[-84.12594,35.66409],[-84.12619,35.6639],[-84.12654,35.66382],[-84.12778,35.66384],[-84.12795,35.66376],[-84.12884,35.66307],[-84.1288,35.66249],[-84.12897,35.66234],[-84.12957,35.66214],[-84.13141,35.66105],[-84.13214,35.6608],[-84.13254,35.66078],[-84.1329,35.66095],[-84.13291,35.66106],[-84.13258,35.66136],[-84.13107,35.66207],[-84.13069,35.66238],[-84.13075,35.66256],[-84.13131,35.663],[-84.13179,35.6636],[-84.13276,35.66431],[-84.13313,35.66448],[-84.13335,35.66447],[-84.13417,35.66406],[-84.13542,35.66369],[-84.13644,35.66362],[-84.13693,35.66367],[-84.13739,35.66397],[-84.13745,35.66429],[-84.13685,35.66519],[-84.13677,35.66533],[-84.13682,35.66548],[-84.13793,35.66554],[-84.13847,35.6657]]},"properties":{"net":"out","o":5}},{"type":"Feature","geometry":{"type":"LineString","coordinates":[[-84.11026,35.56794],[-84.1108,35.56748],[-84.11108,35.56697],[-84.11113,35.56639],[-84.11098,35.5661],[-84.11095,35.56564],[-84.11116,35.56545]]},"properties":{"net":"out","o":4}},{"type":"Feature","geometry":{"type":"LineString","coordinates":[[-84.10893,35.57146],[-84.10909,35.57113],[-84.10918,35.57055],[-84.10934,35.57029],[-84.10947,35.56953],[-84.10988,35.56904],[-84.11003,35.56853],[-84.11001,35.56824],[-84.11026,35.56794]]},"properties":{"net":"out","o":4}},{"type":"Feature","geometry":{"type":"LineString","coordinates":[[-84.05534,35.64389],[-84.05523,35.64299],[-84.05469,35.6412],[-84.05485,35.64056],[-84.05456,35.63941],[-84.0546,35.63899],[-84.05436,35.63883],[-84.0543,35.63862],[-84.05448,35.63824],[-84.05428,35.63802],[-84.0543,35.63763],[-84.05449,35.63723],[-84.05491,35.63689],[-84.05526,35.63629],[-84.05492,35.63572],[-84.05497,35.63504],[-84.05471,35.6338],[-84.05438,35.63362],[-84.05438,35.63341],[-84.05424,35.63318],[-84.05461,35.63257],[-84.05466,35.63213]]},"properties":{"net":"out","o":4}},{"type":"Feature","geometry":{"type":"LineString","coordinates":[[-84.05625,35.65533],[-84.05704,35.65502],[-84.05739,35.65371],[-84.05738,35.6531],[-84.05727,35.65265],[-84.05647,35.652],[-84.05555,35.65076],[-84.05542,35.64994],[-84.05519,35.64949],[-84.05508,35.64883],[-84.05525,35.64748],[-84.05524,35.64667]]},"properties":{"net":"out","o":4}},{"type":"Feature","geometry":{"type":"LineString","coordinates":[[-84.10548,35.50731],[-84.10271,35.50988],[-84.10129,35.51052],[-84.10071,35.51101],[-84.10026,35.51164],[-84.0996,35.51304],[-84.09887,35.51415],[-84.09775,35.51518],[-84.09645,35.51563],[-84.09583,35.5163],[-84.09551,35.51699]]},"properties":{"net":"out","o":4}},{"type":"Feature","geometry":{"type":"LineString","coordinates":[[-84.09744,35.5398],[-84.09714,35.54004],[-84.09715,35.54014]]},"properties":{"net":"out","o":4}},{"type":"Feature","geometry":{"type":"LineString","coordinates":[[-84.0951,35.52829],[-84.09594,35.52789],[-84.09663,35.52768],[-84.09876,35.52781],[-84.10025,35.52695],[-84.1011,35.52679],[-84.1015,35.52684]]},"properties":{"net":"out","o":4}},{"type":"Feature","geometry":{"type":"LineString","coordinates":[[-84.0978,35.61342],[-84.09903,35.61351],[-84.09942,35.61349],[-84.09955,35.61338]]},"properties":{"net":"out","o":5}},{"type":"Feature","geometry":{"type":"LineString","coordinates":[[-83.99531,35.53478],[-83.99796,35.53847]]},"properties":{"net":"out","o":7}},{"type":"Feature","geometry":{"type":"LineString","coordinates":[[-84.03381,35.54445],[-84.03481,35.54383],[-84.03633,35.54309],[-84.03788,35.54256]]},"properties":{"net":"out","o":7}},{"type":"Feature","geometry":{"type":"LineString","coordinates":[[-84.03834,35.62196],[-84.03867,35.62265],[-84.03871,35.62304]]},"properties":{"net":"out","o":4}},{"type":"Feature","geometry":{"type":"LineString","coordinates":[[-84.04911,35.63351],[-84.04972,35.63399],[-84.0503,35.63382],[-84.05118,35.63402],[-84.05156,35.63375],[-84.05151,35.63356],[-84.05123,35.6333],[-84.05123,35.63316],[-84.05134,35.63307],[-84.05197,35.6329],[-84.05298,35.63283],[-84.05395,35.63263],[-84.05466,35.63213]]},"properties":{"net":"out","o":5}},{"type":"Feature","geometry":{"type":"LineString","coordinates":[[-83.98918,35.55797],[-83.99046,35.55846],[-83.99248,35.55899],[-83.99332,35.55908],[-83.99398,35.55902],[-83.9945,35.55878],[-83.99547,35.5581],[-83.99772,35.5562],[-83.99852,35.55576],[-83.99884,35.55546]]},"properties":{"net":"out","o":5}},{"type":"Feature","geometry":{"type":"LineString","coordinates":[[-84.00867,35.49268],[-84.0091,35.49333],[-84.00931,35.49417],[-84.00953,35.49464],[-84.01041,35.49528]]},"properties":{"net":"out","o":4}},{"type":"Feature","geometry":{"type":"LineString","coordinates":[[-84.00696,35.50266],[-84.00583,35.50349],[-84.00594,35.50385]]},"properties":{"net":"out","o":4}},{"type":"Feature","geometry":{"type":"LineString","coordinates":[[-83.99096,35.49808],[-83.99165,35.49828],[-83.99239,35.49884]]},"properties":{"net":"out","o":7}},{"type":"Feature","geometry":{"type":"LineString","coordinates":[[-83.92983,35.34039],[-83.92915,35.34042],[-83.92875,35.34033],[-83.9273,35.34039]]},"properties":{"net":"NC3217","o":4}},{"type":"Feature","geometry":{"type":"LineString","coordinates":[[-83.97293,35.44729],[-83.97246,35.44742],[-83.97237,35.44768]]},"properties":{"net":"out","o":4}},{"type":"Feature","geometry":{"type":"LineString","coordinates":[[-83.98921,35.4902],[-83.98917,35.49056],[-83.98938,35.49197],[-83.98925,35.49235],[-83.98931,35.49356],[-83.98924,35.49405],[-83.98935,35.49496],[-83.98964,35.4961]]},"properties":{"net":"out","o":7}},{"type":"Feature","geometry":{"type":"LineString","coordinates":[[-83.97676,35.64764],[-83.97699,35.64784],[-83.97898,35.64777],[-83.97959,35.64764]]},"properties":{"net":"out","o":4}},{"type":"Feature","geometry":{"type":"LineString","coordinates":[[-84.08187,35.38934],[-84.08113,35.38965],[-84.08041,35.39062],[-84.07963,35.39092],[-84.07883,35.39144],[-84.0777,35.39188],[-84.07762,35.39202],[-84.0775,35.39329],[-84.07724,35.39381],[-84.07707,35.39403],[-84.07662,35.3942],[-84.0761,35.39403]]},"properties":{"net":"out","o":4}},{"type":"Feature","geometry":{"type":"LineString","coordinates":[[-84.08456,35.38596],[-84.08429,35.3866],[-84.08378,35.38699],[-84.08323,35.38692],[-84.08259,35.38658],[-84.08237,35.38668],[-84.08219,35.38705],[-84.08214,35.38743],[-84.08276,35.38842],[-84.08279,35.38874],[-84.08266,35.38892],[-84.08187,35.38934]]},"properties":{"net":"out","o":4}},{"type":"Feature","geometry":{"type":"LineString","coordinates":[[-84.07897,35.6152],[-84.07905,35.61427],[-84.07954,35.61368],[-84.07934,35.61352]]},"properties":{"net":"out","o":5}},{"type":"Feature","geometry":{"type":"LineString","coordinates":[[-84.08214,35.68353],[-84.08329,35.68244],[-84.08388,35.68221],[-84.08399,35.68208],[-84.08379,35.68171],[-84.08348,35.68146],[-84.08326,35.68143],[-84.08254,35.68166],[-84.08242,35.68158],[-84.08271,35.68129],[-84.08339,35.68096],[-84.08362,35.68073],[-84.08373,35.67978],[-84.08424,35.67862],[-84.08426,35.67835],[-84.0841,35.67804]]},"properties":{"net":"out","o":5}},{"type":"Feature","geometry":{"type":"LineString","coordinates":[[-84.06678,35.69985],[-84.06723,35.69929],[-84.0671,35.69889],[-84.06726,35.69864],[-84.06762,35.69854],[-84.06809,35.69876],[-84.06836,35.69878],[-84.06868,35.69845],[-84.0693,35.6985],[-84.06942,35.69832],[-84.06917,35.698],[-84.06913,35.69781],[-84.06972,35.69771],[-84.07032,35.69685],[-84.07163,35.69631],[-84.07249,35.69608]]},"properties":{"net":"out","o":5}},{"type":"Feature","geometry":{"type":"LineString","coordinates":[[-84.0085,35.65675],[-84.00967,35.6565],[-84.01214,35.65618],[-84.01236,35.65595],[-84.01273,35.65577],[-84.01297,35.65543],[-84.01369,35.65556],[-84.01403,35.65547],[-84.01459,35.65468],[-84.01449,35.65409],[-84.01456,35.65362],[-84.01503,35.65327],[-84.01515,35.65289]]},"properties":{"net":"out","o":4}},{"type":"Feature","geometry":{"type":"LineString","coordinates":[[-84.02239,35.54798],[-84.0248,35.54808]]},"properties":{"net":"out","o":7}},{"type":"Feature","geometry":{"type":"LineString","coordinates":[[-84.02605,35.62551],[-84.02655,35.62602],[-84.02759,35.62672],[-84.02786,35.62659],[-84.02823,35.62597],[-84.02829,35.62561],[-84.02808,35.625],[-84.0271,35.62408],[-84.02671,35.62383],[-84.02669,35.62348]]},"properties":{"net":"out","o":4}},{"type":"Feature","geometry":{"type":"LineString","coordinates":[[-84.02003,35.62569],[-84.02043,35.6254],[-84.02071,35.62535],[-84.02204,35.6256],[-84.02233,35.62532],[-84.02219,35.62468],[-84.02225,35.62449],[-84.02267,35.62433],[-84.02308,35.62436],[-84.024,35.62475],[-84.02455,35.62449],[-84.02476,35.62408],[-84.02493,35.62402],[-84.02582,35.62508],[-84.02605,35.62551]]},"properties":{"net":"out","o":4}},{"type":"Feature","geometry":{"type":"LineString","coordinates":[[-84.01175,35.62794],[-84.01176,35.62756],[-84.01201,35.62729],[-84.0134,35.62678]]},"properties":{"net":"out","o":4}},{"type":"Feature","geometry":{"type":"LineString","coordinates":[[-83.95907,35.22718],[-83.95845,35.22707]]},"properties":{"net":"NC6264","o":4}},{"type":"Feature","geometry":{"type":"LineString","coordinates":[[-83.95964,35.25455],[-83.95903,35.25385],[-83.95852,35.25374],[-83.95594,35.25465],[-83.95569,35.25508],[-83.95571,35.2564],[-83.95561,35.25677],[-83.95537,35.25722],[-83.95472,35.25785],[-83.95461,35.25816],[-83.95464,35.2587],[-83.95505,35.25912],[-83.95556,35.25927],[-83.95721,35.25938],[-83.95764,35.25963],[-83.95788,35.25989],[-83.95828,35.26087],[-83.95829,35.26136],[-83.95805,35.26232],[-83.95774,35.26304],[-83.95754,35.26333],[-83.9573,35.26341]]},"properties":{"net":"NC6264","o":4}},{"type":"Feature","geometry":{"type":"LineString","coordinates":[[-83.95422,35.26311],[-83.95323,35.26308],[-83.95242,35.26284],[-83.95192,35.26248],[-83.95123,35.26154],[-83.95017,35.26063],[-83.94936,35.26006],[-83.94793,35.25946],[-83.94723,35.25901]]},"properties":{"net":"NC6264","o":4}},{"type":"Feature","geometry":{"type":"LineString","coordinates":[[-83.95137,35.2843],[-83.95093,35.28466],[-83.94905,35.285],[-83.94768,35.28586]]},"properties":{"net":"NC3038","o":2}},{"type":"Feature","geometry":{"type":"LineString","coordinates":[[-83.93208,35.38031],[-83.93191,35.3801],[-83.93172,35.37958],[-83.9314,35.37841],[-83.92988,35.3756],[-83.92978,35.37492],[-83.92994,35.37433],[-83.93005,35.37407],[-83.93042,35.37366]]},"properties":{"net":"sm2628","o":1}},{"type":"Feature","geometry":{"type":"LineString","coordinates":[[-83.93677,35.44828],[-83.93851,35.4485]]},"properties":{"net":"out","o":7}},{"type":"Feature","geometry":{"type":"LineString","coordinates":[[-83.93663,35.45349],[-83.93571,35.45283],[-83.93487,35.45249],[-83.93474,35.45255],[-83.93458,35.45243],[-83.93422,35.45239],[-83.9334,35.45259],[-83.93304,35.45254]]},"properties":{"net":"NC3039","o":2}},{"type":"Feature","geometry":{"type":"LineString","coordinates":[[-83.92899,35.46023],[-83.92922,35.45956],[-83.92893,35.45867],[-83.92837,35.45795],[-83.92771,35.45782]]},"properties":{"net":"NC3039","o":1}},{"type":"Feature","geometry":{"type":"LineString","coordinates":[[-83.94986,35.47829],[-83.94901,35.47859],[-83.94777,35.47886],[-83.94583,35.47961],[-83.9452,35.47999],[-83.94414,35.48041]]},"properties":{"net":"out","o":7}},{"type":"Feature","geometry":{"type":"LineString","coordinates":[[-83.92763,35.61384],[-83.92797,35.61369],[-83.9285,35.61286],[-83.9286,35.61224],[-83.92822,35.6115],[-83.9286,35.61083],[-83.92895,35.61062],[-83.92948,35.61053],[-83.931,35.61004],[-83.93154,35.61001],[-83.93386,35.61066],[-83.93428,35.61098],[-83.93448,35.61155],[-83.93481,35.61178],[-83.93533,35.61166],[-83.93591,35.61124],[-83.93599,35.61103],[-83.93594,35.61078],[-83.93527,35.61009],[-83.93502,35.60957],[-83.93466,35.60774],[-83.93454,35.6062],[-83.93419,35.60591],[-83.93388,35.60549],[-83.93323,35.60501],[-83.9331,35.6046],[-83.9332,35.60437],[-83.93336,35.60429],[-83.93507,35.60414],[-83.93565,35.60392],[-83.93585,35.60372],[-83.93581,35.60348],[-83.93529,35.60299],[-83.93504,35.60254],[-83.93504,35.60219],[-83.93541,35.60133]]},"properties":{"net":"out","o":5}},{"type":"Feature","geometry":{"type":"LineString","coordinates":[[-83.91991,35.60925],[-83.92077,35.60947],[-83.92152,35.60999],[-83.92204,35.61023],[-83.92235,35.61061],[-83.92247,35.61111],[-83.92292,35.61185],[-83.92341,35.61231],[-83.92507,35.61308],[-83.92637,35.61338],[-83.927,35.61374],[-83.92763,35.61384]]},"properties":{"net":"out","o":5}},{"type":"Feature","geometry":{"type":"LineString","coordinates":[[-83.86361,35.38138],[-83.86323,35.38199],[-83.86301,35.38265],[-83.86308,35.38311],[-83.86341,35.38377]]},"properties":{"net":"out","o":6}},{"type":"Feature","geometry":{"type":"LineString","coordinates":[[-83.84417,35.44505],[-83.84449,35.4455],[-83.84487,35.44569],[-83.84506,35.44657],[-83.84538,35.44702],[-83.84592,35.44845],[-83.84599,35.44904],[-83.84591,35.45032],[-83.84619,35.45148],[-83.84635,35.45162]]},"properties":{"net":"NC3039","o":2}},{"type":"Feature","geometry":{"type":"LineString","coordinates":[[-83.8445,35.27158],[-83.84417,35.272],[-83.84418,35.27237],[-83.84469,35.27291],[-83.84527,35.27333],[-83.84549,35.27391],[-83.84556,35.27601],[-83.84525,35.27661],[-83.84522,35.27693]]},"properties":{"net":"NC3038","o":2}},{"type":"Feature","geometry":{"type":"LineString","coordinates":[[-83.86477,35.32792],[-83.86448,35.32799]]},"properties":{"net":"NC3038","o":2}},{"type":"Feature","geometry":{"type":"LineString","coordinates":[[-83.86097,35.32481],[-83.86163,35.32503],[-83.86271,35.32582],[-83.864,35.3269],[-83.86451,35.32755]]},"properties":{"net":"NC3038","o":1}},{"type":"Feature","geometry":{"type":"LineString","coordinates":[[-83.85567,35.31467],[-83.85629,35.3139],[-83.85636,35.31364],[-83.8548,35.31036]]},"properties":{"net":"NC3038","o":1}},{"type":"Feature","geometry":{"type":"LineString","coordinates":[[-83.86406,35.38697],[-83.86424,35.38852],[-83.86459,35.38922],[-83.86574,35.39077],[-83.86574,35.39149],[-83.8651,35.39273]]},"properties":{"net":"out","o":6}},{"type":"Feature","geometry":{"type":"LineString","coordinates":[[-83.86128,35.41599],[-83.86127,35.41624],[-83.8614,35.41639],[-83.86185,35.41653],[-83.86206,35.41654],[-83.86225,35.4164],[-83.86246,35.41606],[-83.86305,35.4161],[-83.86341,35.41642],[-83.86395,35.41638]]},"properties":{"net":"out","o":4}},{"type":"Feature","geometry":{"type":"LineString","coordinates":[[-83.84491,35.43206],[-83.84516,35.43278],[-83.84519,35.43368],[-83.84503,35.43448],[-83.84477,35.43496],[-83.84504,35.43541],[-83.84502,35.43627],[-83.84544,35.43671],[-83.84566,35.43713],[-83.84567,35.43738],[-83.84509,35.43809],[-83.84474,35.43871],[-83.84458,35.43943],[-83.84469,35.43983]]},"properties":{"net":"NC3039","o":1}},{"type":"Feature","geometry":{"type":"LineString","coordinates":[[-83.86387,35.45014],[-83.86442,35.4495],[-83.86447,35.44922]]},"properties":{"net":"NC3039","o":1}},{"type":"Feature","geometry":{"type":"LineString","coordinates":[[-83.85734,35.44519],[-83.857,35.44539],[-83.8566,35.44601],[-83.85749,35.44798],[-83.85786,35.44918]]},"properties":{"net":"NC3039","o":2}},{"type":"Feature","geometry":{"type":"LineString","coordinates":[[-83.85392,35.44234],[-83.85377,35.44345],[-83.85398,35.44421],[-83.85398,35.44472],[-83.85379,35.44529],[-83.85403,35.44622],[-83.85401,35.44763]]},"properties":{"net":"NC3039","o":1}},{"type":"Feature","geometry":{"type":"LineString","coordinates":[[-83.84737,35.45254],[-83.84822,35.4523]]},"properties":{"net":"NC3039","o":7}},{"type":"Feature","geometry":{"type":"LineString","coordinates":[[-83.8474,35.45325],[-83.84704,35.45261]]},"properties":{"net":"NC3039","o":1}},{"type":"Feature","geometry":{"type":"LineString","coordinates":[[-83.83082,35.45141],[-83.83122,35.45143]]},"properties":{"net":"NC3039","o":7}},{"type":"Feature","geometry":{"type":"LineString","coordinates":[[-83.82368,35.45079],[-83.82462,35.45051],[-83.82614,35.45051]]},"properties":{"net":"NC3039","o":7}},{"type":"Feature","geometry":{"type":"LineString","coordinates":[[-83.84875,35.50941],[-83.84841,35.50921],[-83.84764,35.50902],[-83.84722,35.50863],[-83.84618,35.50815],[-83.84586,35.50785],[-83.84573,35.50757],[-83.84506,35.50699],[-83.84472,35.50611],[-83.84468,35.50575],[-83.84477,35.50534],[-83.84468,35.50465],[-83.84433,35.50402],[-83.84373,35.50378],[-83.84271,35.50381],[-83.8417,35.50352],[-83.84127,35.50313],[-83.841,35.50264],[-83.84066,35.50248],[-83.84024,35.50254]]},"properties":{"net":"NC3039","o":1}},{"type":"Feature","geometry":{"type":"LineString","coordinates":[[-83.8465,35.51867],[-83.84487,35.51891],[-83.84294,35.5187],[-83.84219,35.51892],[-83.84194,35.5189],[-83.84185,35.51877],[-83.84184,35.51819],[-83.84169,35.51785],[-83.84065,35.51697],[-83.84,35.51668],[-83.83918,35.51654],[-83.83861,35.51619],[-83.83725,35.51602],[-83.83686,35.51573],[-83.83576,35.51544],[-83.83519,35.51501],[-83.8346,35.51483],[-83.83395,35.51393]]},"properties":{"net":"NC3039","o":1}},{"type":"Feature","geometry":{"type":"LineString","coordinates":[[-83.84104,35.32234],[-83.84125,35.32154],[-83.84159,35.32123],[-83.84211,35.32118]]},"properties":{"net":"NC3038","o":3}},{"type":"Feature","geometry":{"type":"LineString","coordinates":[[-83.83165,35.32262],[-83.83205,35.32227],[-83.83243,35.32175],[-83.83306,35.32155],[-83.8339,35.32108],[-83.83427,35.32104]]},"properties":{"net":"NC3038","o":1}},{"type":"Feature","geometry":{"type":"LineString","coordinates":[[-83.83101,35.31788],[-83.83141,35.31823],[-83.83267,35.31891],[-83.8333,35.3194],[-83.83407,35.31973],[-83.83535,35.32096]]},"properties":{"net":"NC3038","o":1}},{"type":"Feature","geometry":{"type":"LineString","coordinates":[[-83.82859,35.3204],[-83.82908,35.32048],[-83.82998,35.32083],[-83.83132,35.32088],[-83.83182,35.3208],[-83.83236,35.32043],[-83.83267,35.32038],[-83.83377,35.32074],[-83.83427,35.32104]]},"properties":{"net":"NC3038","o":1}},{"type":"Feature","geometry":{"type":"LineString","coordinates":[[-83.82858,35.32388],[-83.82903,35.32434],[-83.82979,35.32483],[-83.83099,35.32533],[-83.83233,35.32612],[-83.8347,35.32728],[-83.8355,35.32781],[-83.83622,35.32861],[-83.83688,35.33014],[-83.83709,35.3304],[-83.83842,35.33107],[-83.83985,35.33246]]},"properties":{"net":"NC3038","o":1}},{"type":"Feature","geometry":{"type":"LineString","coordinates":[[-83.83985,35.33246],[-83.83997,35.3328],[-83.83995,35.33307],[-83.83962,35.33406],[-83.83936,35.33441],[-83.83787,35.33505],[-83.83616,35.33522]]},"properties":{"net":"NC3038","o":2}},{"type":"Feature","geometry":{"type":"LineString","coordinates":[[-83.83153,35.333],[-83.83199,35.33342]]},"properties":{"net":"NC3038","o":2}},{"type":"Feature","geometry":{"type":"LineString","coordinates":[[-83.83675,35.37346],[-83.83643,35.3732],[-83.83533,35.37272],[-83.83491,35.37214],[-83.83411,35.37188],[-83.83328,35.37144]]},"properties":{"net":"NC3038","o":1}},{"type":"Feature","geometry":{"type":"LineString","coordinates":[[-83.82906,35.3639],[-83.82985,35.36394],[-83.83063,35.36362],[-83.83116,35.3636],[-83.83197,35.364],[-83.83232,35.36399],[-83.83266,35.36372],[-83.83275,35.36375]]},"properties":{"net":"NC3038","o":4}},{"type":"Feature","geometry":{"type":"LineString","coordinates":[[-83.82878,35.36607],[-83.82881,35.36557],[-83.82848,35.36529],[-83.82846,35.36493],[-83.82859,35.36424],[-83.82906,35.3639]]},"properties":{"net":"NC3038","o":2}},{"type":"Feature","geometry":{"type":"LineString","coordinates":[[-83.82492,35.37152],[-83.82466,35.37137],[-83.82427,35.37084],[-83.82417,35.3706],[-83.82418,35.36996],[-83.82356,35.36959],[-83.82339,35.36916],[-83.82299,35.36882],[-83.82286,35.36806],[-83.82243,35.36752],[-83.82236,35.36691],[-83.82204,35.3665],[-83.82201,35.36589],[-83.82168,35.36558]]},"properties":{"net":"NC3038","o":1}},{"type":"Feature","geometry":{"type":"LineString","coordinates":[[-83.81923,35.42544],[-83.81911,35.42588],[-83.81956,35.42688],[-83.81964,35.42787],[-83.81925,35.42866],[-83.81936,35.42993],[-83.82005,35.43161],[-83.82047,35.43228],[-83.82053,35.43268],[-83.82032,35.43386],[-83.82088,35.43471],[-83.82248,35.43654],[-83.82365,35.43685],[-83.82391,35.43705],[-83.82481,35.43716]]},"properties":{"net":"sm54728","o":1}},{"type":"Feature","geometry":{"type":"LineString","coordinates":[[-83.83487,35.45695],[-83.83568,35.45662],[-83.83619,35.45622],[-83.83653,35.45615],[-83.83659,35.45591],[-83.83745,35.45573]]},"properties":{"net":"NC3039","o":2}},{"type":"Feature","geometry":{"type":"LineString","coordinates":[[-83.83186,35.4788],[-83.83264,35.47891],[-83.83377,35.47888],[-83.83449,35.47854],[-83.8358,35.47844],[-83.83645,35.47802],[-83.8374,35.47802],[-83.83757,35.47795],[-83.83939,35.47686],[-83.83977,35.47651],[-83.84058,35.47623],[-83.84095,35.47578],[-83.84131,35.47555],[-83.84134,35.47529],[-83.84164,35.47473],[-83.84223,35.47444]]},"properties":{"net":"NC3039","o":1}},{"type":"Feature","geometry":{"type":"LineString","coordinates":[[-83.83067,35.47549],[-83.83042,35.47478],[-83.83002,35.47422],[-83.82989,35.47381],[-83.82911,35.47334],[-83.82889,35.47274],[-83.82776,35.47173],[-83.82719,35.47094],[-83.82604,35.47011],[-83.8258,35.46978],[-83.82565,35.46932]]},"properties":{"net":"NC3039","o":1}},{"type":"Feature","geometry":{"type":"LineString","coordinates":[[-83.83153,35.50576],[-83.83234,35.50465],[-83.83249,35.50418]]},"properties":{"net":"NC3039","o":2}},{"type":"Feature","geometry":{"type":"LineString","coordinates":[[-83.82869,35.50942],[-83.82935,35.50877],[-83.82958,35.508],[-83.82994,35.50752],[-83.83064,35.50671],[-83.83108,35.50641],[-83.83153,35.50576]]},"properties":{"net":"NC3039","o":1}},{"type":"Feature","geometry":{"type":"LineString","coordinates":[[-83.81388,35.50195],[-83.81516,35.50269],[-83.81614,35.50379],[-83.81692,35.50418],[-83.81833,35.50464],[-83.82015,35.50469],[-83.82079,35.50445],[-83.82132,35.50438],[-83.82152,35.50423],[-83.82219,35.50403],[-83.82324,35.50411],[-83.82388,35.50398],[-83.82485,35.50402]]},"properties":{"net":"NC3039","o":1}},{"type":"Feature","geometry":{"type":"LineString","coordinates":[[-83.84203,35.5939],[-83.84228,35.59361]]},"properties":{"net":"out","o":4}},{"type":"Feature","geometry":{"type":"LineString","coordinates":[[-83.84188,35.59446],[-83.84159,35.59425],[-83.84203,35.5939]]},"properties":{"net":"out","o":4}},{"type":"Feature","geometry":{"type":"LineString","coordinates":[[-83.75457,35.2976],[-83.75523,35.29745],[-83.75561,35.29749],[-83.75661,35.29778],[-83.75742,35.29821]]},"properties":{"net":"NC3038","o":1}},{"type":"Feature","geometry":{"type":"LineString","coordinates":[[-83.72437,35.29155],[-83.7249,35.29108],[-83.72567,35.29009],[-83.7263,35.28909],[-83.72754,35.28787],[-83.72777,35.28734],[-83.72821,35.28689],[-83.72916,35.28529],[-83.72939,35.28466],[-83.73086,35.28347]]},"properties":{"net":"NC3038","o":1}},{"type":"Feature","geometry":{"type":"LineString","coordinates":[[-83.74251,35.25593],[-83.74195,35.25655],[-83.74131,35.25701],[-83.74119,35.25729]]},"properties":{"net":"NC3038","o":3}},{"type":"Feature","geometry":{"type":"LineString","coordinates":[[-83.74119,35.25729],[-83.73991,35.25889]]},"properties":{"net":"NC3038","o":3}},{"type":"Feature","geometry":{"type":"LineString","coordinates":[[-83.74875,35.27251],[-83.74959,35.27207]]},"properties":{"net":"NC3038","o":4}},{"type":"Feature","geometry":{"type":"LineString","coordinates":[[-83.72654,35.31071],[-83.72716,35.31146],[-83.72726,35.31236],[-83.72787,35.31314]]},"properties":{"net":"NC3038","o":2}},{"type":"Feature","geometry":{"type":"LineString","coordinates":[[-83.72641,35.31346],[-83.7265,35.3136]]},"properties":{"net":"NC3038","o":1}},{"type":"Feature","geometry":{"type":"LineString","coordinates":[[-83.72628,35.31323],[-83.72639,35.3133],[-83.72641,35.31346]]},"properties":{"net":"NC3038","o":1}},{"type":"Feature","geometry":{"type":"LineString","coordinates":[[-83.74113,35.30829],[-83.7417,35.3084],[-83.74287,35.30887],[-83.74344,35.30886],[-83.74444,35.30913],[-83.74559,35.30904],[-83.74712,35.30945],[-83.74943,35.30928]]},"properties":{"net":"NC3038","o":1}},{"type":"Feature","geometry":{"type":"LineString","coordinates":[[-83.75085,35.32954],[-83.7517,35.32983],[-83.7525,35.32998],[-83.75293,35.33019],[-83.75378,35.3309],[-83.75408,35.33135],[-83.7552,35.3325],[-83.75561,35.33276],[-83.75669,35.33301]]},"properties":{"net":"NC3038","o":1}},{"type":"Feature","geometry":{"type":"LineString","coordinates":[[-83.73455,35.32747],[-83.73541,35.32792],[-83.73574,35.32825],[-83.73631,35.32857],[-83.73665,35.32906],[-83.73705,35.33013],[-83.73813,35.33119],[-83.73859,35.3318],[-83.73899,35.33332],[-83.74024,35.33437],[-83.74081,35.33469],[-83.74094,35.33498],[-83.74096,35.3354],[-83.74152,35.33591]]},"properties":{"net":"NC3038","o":2}},{"type":"Feature","geometry":{"type":"LineString","coordinates":[[-83.75747,35.33006],[-83.76066,35.33025]]},"properties":{"net":"NC3038","o":1}},{"type":"Feature","geometry":{"type":"LineString","coordinates":[[-83.73261,35.26614],[-83.73295,35.26659],[-83.73308,35.26709],[-83.73308,35.26752],[-83.73287,35.26816],[-83.73287,35.2687],[-83.73318,35.26953],[-83.7335,35.27003]]},"properties":{"net":"NC3038","o":2}},{"type":"Feature","geometry":{"type":"LineString","coordinates":[[-83.72651,35.2528],[-83.72897,35.25397],[-83.73,35.25479],[-83.7305,35.25533]]},"properties":{"net":"NC3038","o":1}},{"type":"Feature","geometry":{"type":"LineString","coordinates":[[-83.72943,35.28996],[-83.72956,35.28869],[-83.72997,35.28795],[-83.73005,35.28701],[-83.73088,35.28629],[-83.73101,35.28606],[-83.73118,35.28426],[-83.73086,35.28347]]},"properties":{"net":"NC3038","o":2}},{"type":"Feature","geometry":{"type":"LineString","coordinates":[[-83.72897,35.28293],[-83.72925,35.2827],[-83.72936,35.28236],[-83.72924,35.28157],[-83.72932,35.28121],[-83.73008,35.28037],[-83.73016,35.28018],[-83.73015,35.27975],[-83.72979,35.27872],[-83.72992,35.27795],[-83.73063,35.27677],[-83.73148,35.27631]]},"properties":{"net":"NC3038","o":1}},{"type":"Feature","geometry":{"type":"LineString","coordinates":[[-83.72762,35.30799],[-83.72799,35.30872],[-83.72867,35.30964],[-83.72915,35.31057],[-83.72926,35.31109],[-83.7295,35.3115],[-83.72989,35.31301],[-83.73091,35.31442]]},"properties":{"net":"NC3038","o":2}},{"type":"Feature","geometry":{"type":"LineString","coordinates":[[-83.72052,35.30865],[-83.72091,35.31013],[-83.72111,35.31056],[-83.72153,35.31102],[-83.72258,35.31172],[-83.72315,35.31193],[-83.72455,35.31208],[-83.72567,35.31239],[-83.72593,35.31262],[-83.72628,35.31323]]},"properties":{"net":"NC3038","o":1}},{"type":"Feature","geometry":{"type":"LineString","coordinates":[[-83.72801,35.32486],[-83.72862,35.32497],[-83.72978,35.32558],[-83.73109,35.32573],[-83.73175,35.32622],[-83.73292,35.32645],[-83.73455,35.32747]]},"properties":{"net":"NC3038","o":2}},{"type":"Feature","geometry":{"type":"LineString","coordinates":[[-83.73245,35.35448],[-83.73277,35.35376],[-83.73267,35.35242],[-83.73276,35.35126],[-83.73301,35.35085],[-83.73406,35.35022],[-83.73442,35.34934],[-83.73439,35.34915],[-83.73421,35.34893],[-83.73462,35.34854]]},"properties":{"net":"NC3038","o":3}},{"type":"Feature","geometry":{"type":"LineString","coordinates":[[-83.73225,35.33952],[-83.73219,35.33856],[-83.73229,35.33793],[-83.73208,35.33707],[-83.73204,35.3361],[-83.73192,35.33565],[-83.73214,35.33469]]},"properties":{"net":"NC3038","o":1}},{"type":"Feature","geometry":{"type":"LineString","coordinates":[[-83.72817,35.33536],[-83.72953,35.33501],[-83.73102,35.33505],[-83.73174,35.33474],[-83.73214,35.33469]]},"properties":{"net":"NC3038","o":2}},{"type":"Feature","geometry":{"type":"LineString","coordinates":[[-83.72493,35.34978],[-83.72581,35.34953],[-83.72747,35.34857],[-83.73041,35.34815],[-83.73117,35.3478],[-83.73197,35.34726],[-83.73237,35.34716]]},"properties":{"net":"NC3038","o":1}},{"type":"Feature","geometry":{"type":"LineString","coordinates":[[-83.70892,35.27822],[-83.70848,35.27792],[-83.70805,35.27746],[-83.70777,35.27667],[-83.70765,35.27605],[-83.70777,35.27565],[-83.70777,35.27516],[-83.70825,35.27406],[-83.70828,35.27374],[-83.70747,35.27248],[-83.70744,35.27207],[-83.70772,35.27178],[-83.70911,35.27109],[-83.70986,35.27058],[-83.71081,35.27033],[-83.71178,35.26975]]},"properties":{"net":"NC3038","o":1}},{"type":"Feature","geometry":{"type":"LineString","coordinates":[[-83.70224,35.28213],[-83.7025,35.28211],[-83.70262,35.28199],[-83.70257,35.28158],[-83.70167,35.28056],[-83.70128,35.27985]]},"properties":{"net":"NC3038","o":2}},{"type":"Feature","geometry":{"type":"LineString","coordinates":[[-83.69938,35.27109],[-83.69989,35.27068],[-83.70036,35.27054],[-83.70163,35.2706],[-83.70267,35.27091],[-83.70355,35.27084]]},"properties":{"net":"NC3038","o":2}},{"type":"Feature","geometry":{"type":"LineString","coordinates":[[-83.71291,35.3195],[-83.71404,35.31881],[-83.71524,35.31777],[-83.71557,35.31764],[-83.71703,35.31747],[-83.71821,35.3169],[-83.71862,35.31644],[-83.71877,35.31599]]},"properties":{"net":"NC3038","o":1}},{"type":"Feature","geometry":{"type":"LineString","coordinates":[[-83.71096,35.31653],[-83.71122,35.31629],[-83.71179,35.3161],[-83.71216,35.31584]]},"properties":{"net":"NC3038","o":2}},{"type":"Feature","geometry":{"type":"LineString","coordinates":[[-83.70844,35.26382],[-83.70874,35.26445],[-83.70876,35.26568],[-83.70947,35.26648],[-83.70976,35.26754],[-83.71024,35.26858],[-83.71109,35.26937]]},"properties":{"net":"NC3038","o":2}},{"type":"Feature","geometry":{"type":"LineString","coordinates":[[-83.70229,35.26497],[-83.70316,35.26683],[-83.70343,35.26712],[-83.70418,35.26735],[-83.70505,35.26799],[-83.70535,35.26854],[-83.70564,35.26954],[-83.70599,35.2699]]},"properties":{"net":"NC3038","o":1}},{"type":"Feature","geometry":{"type":"LineString","coordinates":[[-83.71244,35.2693],[-83.71336,35.2693],[-83.71385,35.26942]]},"properties":{"net":"NC3038","o":3}},{"type":"Feature","geometry":{"type":"LineString","coordinates":[[-83.71178,35.26975],[-83.71244,35.2693]]},"properties":{"net":"NC3038","o":2}},{"type":"Feature","geometry":{"type":"LineString","coordinates":[[-83.71405,35.30826],[-83.71422,35.31075],[-83.71412,35.31104],[-83.71375,35.31146],[-83.71373,35.31177]]},"properties":{"net":"NC3038","o":1}},{"type":"Feature","geometry":{"type":"LineString","coordinates":[[-83.71361,35.30431],[-83.71496,35.30258],[-83.71495,35.30205],[-83.71467,35.30126],[-83.71467,35.30105],[-83.71542,35.30015],[-83.71542,35.29974],[-83.71479,35.29913],[-83.71221,35.29774],[-83.71162,35.29712],[-83.71091,35.29655],[-83.70952,35.29573]]},"properties":{"net":"NC3038","o":1}},{"type":"Feature","geometry":{"type":"LineString","coordinates":[[-83.71493,35.31552],[-83.71613,35.31614],[-83.71655,35.31623],[-83.71739,35.31604],[-83.71817,35.3161],[-83.71877,35.31599]]},"properties":{"net":"NC3038","o":3}},{"type":"Feature","geometry":{"type":"LineString","coordinates":[[-83.72974,35.25124],[-83.7302,35.25225],[-83.73033,35.25276],[-83.7303,35.25319],[-83.73063,35.25395],[-83.73072,35.25469],[-83.7305,35.25533]]},"properties":{"net":"NC3038","o":1}},{"type":"Feature","geometry":{"type":"LineString","coordinates":[[-83.72914,35.29112],[-83.72935,35.29059],[-83.72943,35.28996]]},"properties":{"net":"NC3038","o":2}},{"type":"Feature","geometry":{"type":"LineString","coordinates":[[-83.73952,35.3242],[-83.73837,35.32472],[-83.73712,35.32503],[-83.73537,35.32595],[-83.7351,35.32624],[-83.73495,35.3269],[-83.73455,35.32747]]},"properties":{"net":"NC3038","o":1}},{"type":"Feature","geometry":{"type":"LineString","coordinates":[[-83.72787,35.31314],[-83.72832,35.31311],[-83.72868,35.3132],[-83.73033,35.31442],[-83.73091,35.31442]]},"properties":{"net":"NC3038","o":3}},{"type":"Feature","geometry":{"type":"LineString","coordinates":[[-83.69447,35.32743],[-83.6958,35.32757],[-83.69669,35.32748],[-83.69747,35.32717],[-83.69875,35.32605],[-83.69962,35.32591],[-83.70132,35.32591],[-83.7017,35.32582]]},"properties":{"net":"NC3038","o":1}},{"type":"Feature","geometry":{"type":"LineString","coordinates":[[-84.35358,35.62405],[-84.35095,35.62456],[-84.3505,35.6248]]},"properties":{"net":"out","o":4}},{"type":"Feature","geometry":{"type":"LineString","coordinates":[[-84.36061,35.56463],[-84.36024,35.56487],[-84.35937,35.5647],[-84.35884,35.56485],[-84.35826,35.56469],[-84.3582,35.56474],[-84.35831,35.56506],[-84.35822,35.56584],[-84.35768,35.56589],[-84.35746,35.56617],[-84.35668,35.56629]]},"properties":{"net":"out","o":4}},{"type":"Feature","geometry":{"type":"LineString","coordinates":[[-84.33246,35.6325],[-84.33216,35.63253],[-84.33197,35.63242],[-84.33174,35.63197],[-84.33136,35.63165],[-84.33127,35.63113],[-84.3309,35.63119],[-84.33043,35.63102],[-84.3299,35.63112],[-84.32966,35.63101],[-84.3296,35.63069],[-84.32998,35.62997]]},"properties":{"net":"out","o":4}},{"type":"Feature","geometry":{"type":"LineString","coordinates":[[-84.32998,35.62997],[-84.32969,35.62985],[-84.32933,35.63024],[-84.32859,35.63041],[-84.32856,35.63056],[-84.32895,35.63181],[-84.32924,35.63214],[-84.32922,35.6323],[-84.32901,35.63245],[-84.32827,35.63236],[-84.3271,35.63189],[-84.32701,35.63161],[-84.32712,35.63084],[-84.32704,35.63055],[-84.32596,35.63068],[-84.32492,35.63029],[-84.3246,35.63042],[-84.32434,35.63099],[-84.32436,35.63134],[-84.32452,35.63169],[-84.32444,35.63204],[-84.3245,35.63232],[-84.32442,35.63253],[-84.32416,35.63277],[-84.32392,35.63276],[-84.32348,35.63224],[-84.32169,35.63213],[-84.32132,35.63174]]},"properties":{"net":"out","o":4}},{"type":"Feature","geometry":{"type":"LineString","coordinates":[[-84.33762,35.58968],[-84.33737,35.58983],[-84.3364,35.59003],[-84.33564,35.5898],[-84.33552,35.58991],[-84.33541,35.59056]]},"properties":{"net":"out","o":4}},{"type":"Feature","geometry":{"type":"LineString","coordinates":[[-84.28638,35.51433],[-84.28603,35.51435],[-84.28565,35.51479],[-84.2849,35.51449],[-84.28497,35.51409],[-84.28483,35.51394],[-84.28449,35.51403],[-84.28443,35.51432],[-84.28384,35.51446],[-84.28253,35.51415],[-84.28211,35.5142],[-84.28193,35.51444],[-84.28178,35.51445],[-84.2814,35.51395],[-84.28074,35.51376],[-84.28051,35.51279],[-84.28032,35.51256],[-84.28029,35.51216],[-84.28011,35.51212],[-84.2798,35.51229],[-84.27956,35.51213],[-84.27956,35.51187],[-84.2798,35.51162],[-84.27975,35.51141]]},"properties":{"net":"out","o":4}},{"type":"Feature","geometry":{"type":"LineString","coordinates":[[-84.29784,35.61736],[-84.29651,35.6188],[-84.29529,35.61965],[-84.29458,35.61983]]},"properties":{"net":"out","o":4}},{"type":"Feature","geometry":{"type":"LineString","coordinates":[[-84.29054,35.6173],[-84.29014,35.61693],[-84.28925,35.61697],[-84.28837,35.61676],[-84.28799,35.61682],[-84.28728,35.61724]]},"properties":{"net":"out","o":4}},{"type":"Feature","geometry":{"type":"LineString","coordinates":[[-84.2462,35.50409],[-84.24502,35.50458],[-84.24292,35.50641]]},"properties":{"net":"out","o":5}},{"type":"Feature","geometry":{"type":"LineString","coordinates":[[-84.26318,35.51983],[-84.2631,35.51985]]},"properties":{"net":"out","o":4}},{"type":"Feature","geometry":{"type":"LineString","coordinates":[[-84.25398,35.52277],[-84.25367,35.52275],[-84.25313,35.52324],[-84.25242,35.52324]]},"properties":{"net":"out","o":4}},{"type":"Feature","geometry":{"type":"LineString","coordinates":[[-84.24746,35.52661],[-84.24676,35.52698]]},"properties":{"net":"out","o":4}},{"type":"Feature","geometry":{"type":"LineString","coordinates":[[-84.30471,35.40406],[-84.30431,35.40432],[-84.30409,35.40475],[-84.30415,35.40511],[-84.30466,35.40596],[-84.30465,35.40608],[-84.30442,35.40625],[-84.30403,35.4062],[-84.30336,35.40578],[-84.30281,35.40513],[-84.30258,35.40509],[-84.30236,35.40522],[-84.30226,35.40585],[-84.30241,35.40621],[-84.30329,35.40699],[-84.30352,35.40733],[-84.30343,35.40858],[-84.303,35.40904],[-84.30235,35.41013],[-84.30206,35.41015],[-84.3014,35.40981],[-84.30051,35.40889],[-84.30035,35.40883],[-84.29966,35.40921],[-84.29893,35.40942],[-84.2984,35.40984]]},"properties":{"net":"out","o":4}},{"type":"Feature","geometry":{"type":"LineString","coordinates":[[-84.29041,35.61644],[-84.29024,35.61629],[-84.28986,35.61629],[-84.28924,35.61666],[-84.28896,35.61667],[-84.28859,35.61641],[-84.28794,35.61567],[-84.2875,35.61551],[-84.28721,35.61576],[-84.28698,35.61635],[-84.28704,35.61684],[-84.28728,35.61724]]},"properties":{"net":"out","o":4}},{"type":"Feature","geometry":{"type":"LineString","coordinates":[[-84.29555,35.6513],[-84.29505,35.65166],[-84.29502,35.65188],[-84.29591,35.6526],[-84.2959,35.65314],[-84.29569,35.65333],[-84.29543,35.65334],[-84.29519,35.65317],[-84.29504,35.65281],[-84.29463,35.65262],[-84.29384,35.65272],[-84.29367,35.65287],[-84.29376,35.65295]]},"properties":{"net":"out","o":4}},{"type":"Feature","geometry":{"type":"LineString","coordinates":[[-84.24915,35.34958],[-84.24967,35.34949],[-84.25027,35.34961]]},"properties":{"net":"out","o":5}},{"type":"Feature","geometry":{"type":"LineString","coordinates":[[-84.25268,35.42304],[-84.25408,35.42456],[-84.25433,35.42494]]},"properties":{"net":"out","o":4}},{"type":"Feature","geometry":{"type":"LineString","coordinates":[[-84.24864,35.415],[-84.24839,35.41538],[-84.24832,35.41583],[-84.24873,35.41696],[-84.24957,35.41742],[-84.24992,35.41745],[-84.25024,35.4176],[-84.25115,35.41813]]},"properties":{"net":"out","o":4}},{"type":"Feature","geometry":{"type":"LineString","coordinates":[[-84.24018,35.53183],[-84.2398,35.5324],[-84.23983,35.5329],[-84.23946,35.53328]]},"properties":{"net":"out","o":4}},{"type":"Feature","geometry":{"type":"LineString","coordinates":[[-84.24915,35.34958],[-84.24911,35.34966],[-84.24943,35.3499],[-84.25,35.34983],[-84.25027,35.34961]]},"properties":{"net":"out","o":5}},{"type":"Feature","geometry":{"type":"LineString","coordinates":[[-84.23011,35.64471],[-84.23025,35.64481],[-84.23105,35.64481],[-84.23133,35.64502],[-84.23177,35.645],[-84.23209,35.64524],[-84.23267,35.64521],[-84.23392,35.64613],[-84.23408,35.64797]]},"properties":{"net":"out","o":5}},{"type":"Feature","geometry":{"type":"LineString","coordinates":[[-84.24177,35.47149],[-84.2419,35.47282],[-84.24213,35.47299],[-84.24215,35.47324],[-84.24248,35.47348],[-84.24269,35.47401],[-84.24286,35.47458],[-84.24281,35.47524],[-84.24292,35.47556],[-84.24319,35.47572],[-84.24346,35.47575],[-84.24518,35.47567],[-84.24545,35.47577],[-84.24637,35.47645]]},"properties":{"net":"out","o":5}},{"type":"Feature","geometry":{"type":"LineString","coordinates":[[-84.24703,35.50092],[-84.24761,35.50155],[-84.24765,35.50221]]},"properties":{"net":"out","o":5}},{"type":"Feature","geometry":{"type":"LineString","coordinates":[[-84.24684,35.50391],[-84.2462,35.50409]]},"properties":{"net":"out","o":5}},{"type":"Feature","geometry":{"type":"LineString","coordinates":[[-84.25155,35.62372],[-84.25004,35.62494],[-84.2491,35.62912],[-84.24846,35.63092],[-84.24794,35.63153],[-84.24614,35.63337],[-84.24572,35.63367],[-84.24559,35.63368],[-84.24492,35.63429],[-84.24457,35.63434],[-84.2429,35.63582],[-84.23676,35.64005],[-84.2363,35.64051]]},"properties":{"net":"out","o":7}},{"type":"Feature","geometry":{"type":"LineString","coordinates":[[-84.25268,35.66949],[-84.25259,35.66942],[-84.251,35.66953]]},"properties":{"net":"out","o":5}},{"type":"Feature","geometry":{"type":"LineString","coordinates":[[-84.24414,35.67826],[-84.24428,35.67966],[-84.2443,35.68269]]},"properties":{"net":"out","o":7}},{"type":"Feature","geometry":{"type":"LineString","coordinates":[[-84.2471,35.68943],[-84.24744,35.69025],[-84.2477,35.69352],[-84.24821,35.6939],[-84.24822,35.69469]]},"properties":{"net":"out","o":7}},{"type":"Feature","geometry":{"type":"LineString","coordinates":[[-84.2347,35.40715],[-84.23644,35.40774],[-84.23699,35.40823],[-84.23726,35.4082],[-84.23869,35.40742],[-84.23889,35.40741],[-84.24051,35.40746],[-84.24167,35.40817]]},"properties":{"net":"out","o":4}},{"type":"Feature","geometry":{"type":"LineString","coordinates":[[-84.24293,35.50645],[-84.24291,35.50657]]},"properties":{"net":"out","o":5}},{"type":"Feature","geometry":{"type":"LineString","coordinates":[[-84.23378,35.50907],[-84.23344,35.50927]]},"properties":{"net":"out","o":5}},{"type":"Feature","geometry":{"type":"LineString","coordinates":[[-84.23585,35.53694],[-84.23507,35.53711],[-84.23423,35.53784],[-84.23448,35.541],[-84.2331,35.54225],[-84.23246,35.54257],[-84.23184,35.5426],[-84.23151,35.5429],[-84.23107,35.54292],[-84.23032,35.5436]]},"properties":{"net":"out","o":4}},{"type":"Feature","geometry":{"type":"LineString","coordinates":[[-84.23032,35.5436],[-84.22999,35.54408],[-84.22993,35.54441],[-84.22955,35.54475],[-84.22956,35.54493],[-84.22856,35.54584],[-84.22829,35.54643],[-84.2283,35.54665],[-84.22781,35.5471]]},"properties":{"net":"out","o":4}},{"type":"Feature","geometry":{"type":"LineString","coordinates":[[-84.23059,35.68971],[-84.23089,35.68974]]},"properties":{"net":"out","o":4}},{"type":"Feature","geometry":{"type":"LineString","coordinates":[[-84.32207,35.64102],[-84.32227,35.64135],[-84.32213,35.64179],[-84.32125,35.64244],[-84.32069,35.64316],[-84.3204,35.64332]]},"properties":{"net":"out","o":4}},{"type":"Feature","geometry":{"type":"LineString","coordinates":[[-83.83719,35.41174],[-83.83758,35.41184],[-83.83766,35.41205],[-83.83781,35.41205],[-83.83796,35.41188],[-83.83865,35.41197],[-83.83927,35.41191]]},"properties":{"net":"out","o":4}},{"type":"Feature","geometry":{"type":"LineString","coordinates":[[-83.8245,35.42699],[-83.82511,35.42836],[-83.82516,35.4289],[-83.82443,35.43034],[-83.82419,35.431],[-83.82434,35.4313],[-83.82401,35.4318],[-83.82385,35.43254],[-83.82395,35.43273],[-83.82523,35.43327]]},"properties":{"net":"sm54728","o":1}},{"type":"Feature","geometry":{"type":"LineString","coordinates":[[-83.83483,35.44433],[-83.83358,35.44569],[-83.8332,35.44592],[-83.83238,35.44619],[-83.83133,35.44635],[-83.83098,35.44651],[-83.83012,35.44738],[-83.83004,35.44783]]},"properties":{"net":"NC3039","o":1}},{"type":"Feature","geometry":{"type":"LineString","coordinates":[[-83.83004,35.44783],[-83.83011,35.44836],[-83.831,35.44979],[-83.83116,35.45036]]},"properties":{"net":"NC3039","o":2}},{"type":"Feature","geometry":{"type":"LineString","coordinates":[[-83.82634,35.4512],[-83.82621,35.45108],[-83.82614,35.45051]]},"properties":{"net":"NC3039","o":1}},{"type":"Feature","geometry":{"type":"LineString","coordinates":[[-83.83651,35.48627],[-83.83675,35.48612],[-83.83766,35.48596],[-83.83803,35.48574],[-83.83905,35.48571],[-83.83913,35.48558],[-83.83936,35.48554],[-83.83976,35.48517],[-83.83997,35.48509],[-83.84054,35.48502],[-83.84093,35.48511],[-83.84241,35.48516]]},"properties":{"net":"NC3039","o":2}},{"type":"Feature","geometry":{"type":"LineString","coordinates":[[-83.83083,35.48436],[-83.83268,35.48518],[-83.83299,35.48563],[-83.83323,35.48571],[-83.83397,35.48647],[-83.8342,35.48684]]},"properties":{"net":"NC3039","o":1}},{"type":"Feature","geometry":{"type":"LineString","coordinates":[[-83.83506,35.52234],[-83.83524,35.52201],[-83.8352,35.52123],[-83.83458,35.52016],[-83.8344,35.51957],[-83.83436,35.51885],[-83.83373,35.5178],[-83.83379,35.51709],[-83.83358,35.51649],[-83.8334,35.51513],[-83.83346,35.51469],[-83.83373,35.51428]]},"properties":{"net":"NC3039","o":1}},{"type":"Feature","geometry":{"type":"LineString","coordinates":[[-83.83395,35.51393],[-83.83361,35.51254],[-83.83305,35.51219],[-83.83267,35.51167],[-83.83275,35.51101],[-83.83303,35.51065],[-83.83294,35.51029],[-83.83328,35.50981],[-83.83332,35.50922],[-83.83321,35.50833],[-83.83334,35.50792],[-83.83314,35.50748],[-83.83316,35.5072],[-83.833,35.50703],[-83.83306,35.50658],[-83.83279,35.50628],[-83.83248,35.50536],[-83.83247,35.5052],[-83.83284,35.50477],[-83.8329,35.50449],[-83.83249,35.50418]]},"properties":{"net":"NC3039","o":2}},{"type":"Feature","geometry":{"type":"LineString","coordinates":[[-83.8466,35.26951],[-83.84609,35.27032]]},"properties":{"net":"NC3038","o":1}},{"type":"Feature","geometry":{"type":"LineString","coordinates":[[-83.84649,35.29009],[-83.84631,35.28895],[-83.84643,35.28833],[-83.84633,35.28743],[-83.84593,35.28648]]},"properties":{"net":"NC3038","o":1}},{"type":"Feature","geometry":{"type":"LineString","coordinates":[[-83.84686,35.28301],[-83.84637,35.28313],[-83.84591,35.2834]]},"properties":{"net":"NC3038","o":2}},{"type":"Feature","geometry":{"type":"LineString","coordinates":[[-83.84591,35.2834],[-83.84597,35.28415],[-83.84582,35.2847],[-83.84554,35.28527],[-83.84514,35.28556]]},"properties":{"net":"NC3038","o":3}},{"type":"Feature","geometry":{"type":"LineString","coordinates":[[-83.84149,35.30415],[-83.84187,35.30495],[-83.84411,35.30749],[-83.84716,35.30978],[-83.84888,35.31075]]},"properties":{"net":"NC3038","o":1}},{"type":"Feature","geometry":{"type":"LineString","coordinates":[[-83.85485,35.31014],[-83.85472,35.31031]]},"properties":{"net":"NC3038","o":5}},{"type":"Feature","geometry":{"type":"LineString","coordinates":[[-83.8548,35.31036],[-83.85472,35.31031]]},"properties":{"net":"NC3038","o":1}},{"type":"Feature","geometry":{"type":"LineString","coordinates":[[-83.86448,35.32799],[-83.8628,35.32966],[-83.86272,35.32992],[-83.86222,35.33037],[-83.86161,35.33054],[-83.86024,35.33114],[-83.85871,35.33127],[-83.85846,35.3315],[-83.85802,35.33151],[-83.85768,35.33182],[-83.85711,35.33184],[-83.85678,35.33214],[-83.85651,35.33215],[-83.85639,35.33227],[-83.85561,35.33248],[-83.85376,35.33407],[-83.85384,35.33529],[-83.85377,35.33558]]},"properties":{"net":"NC3038","o":3}},{"type":"Feature","geometry":{"type":"LineString","coordinates":[[-83.85278,35.3165],[-83.85194,35.31718],[-83.85073,35.31786],[-83.85028,35.31802],[-83.84962,35.31799]]},"properties":{"net":"NC3038","o":1}},{"type":"Feature","geometry":{"type":"LineString","coordinates":[[-83.84764,35.31621],[-83.84762,35.31608],[-83.84744,35.31595]]},"properties":{"net":"NC3038","o":2}},{"type":"Feature","geometry":{"type":"LineString","coordinates":[[-83.84158,35.30937],[-83.84257,35.30986],[-83.8441,35.31029],[-83.84544,35.31056],[-83.84757,35.31067],[-83.84868,35.31113],[-83.84918,35.31122]]},"properties":{"net":"NC3038","o":1}},{"type":"Feature","geometry":{"type":"LineString","coordinates":[[-83.86312,35.4505],[-83.86263,35.45017],[-83.86224,35.44967]]},"properties":{"net":"NC3039","o":1}},{"type":"Feature","geometry":{"type":"LineString","coordinates":[[-83.85933,35.4506],[-83.85895,35.44987]]},"properties":{"net":"NC3039","o":1}},{"type":"Feature","geometry":{"type":"LineString","coordinates":[[-83.85591,35.44009],[-83.85665,35.44079],[-83.85753,35.44193],[-83.85772,35.4428],[-83.85727,35.44377],[-83.85734,35.44519]]},"properties":{"net":"NC3039","o":1}},{"type":"Feature","geometry":{"type":"LineString","coordinates":[[-83.85504,35.45013],[-83.85534,35.45107]]},"properties":{"net":"NC3039","o":2}},{"type":"Feature","geometry":{"type":"LineString","coordinates":[[-83.84822,35.4523],[-83.84974,35.45199],[-83.85053,35.45197],[-83.85157,35.45209],[-83.85247,35.45193],[-83.85455,35.45131]]},"properties":{"net":"NC3039","o":7}},{"type":"Feature","geometry":{"type":"LineString","coordinates":[[-83.8479,35.46436],[-83.84739,35.46322],[-83.84695,35.46277],[-83.84663,35.46189],[-83.8462,35.46133],[-83.84533,35.46055],[-83.8453,35.46027],[-83.84486,35.4597],[-83.84474,35.45915],[-83.84451,35.45893],[-83.84386,35.45858],[-83.84364,35.45803],[-83.84317,35.45753],[-83.84339,35.45697],[-83.84339,35.4565],[-83.84382,35.45622],[-83.84393,35.45588],[-83.84446,35.45584],[-83.84493,35.45558],[-83.84522,35.45504],[-83.84517,35.45472]]},"properties":{"net":"NC3039","o":1}},{"type":"Feature","geometry":{"type":"LineString","coordinates":[[-83.85065,35.59268],[-83.85165,35.59254],[-83.85201,35.59241],[-83.85239,35.59219],[-83.85296,35.59167],[-83.85319,35.5916],[-83.85323,35.59141],[-83.85348,35.59127]]},"properties":{"net":"out","o":4}},{"type":"Feature","geometry":{"type":"LineString","coordinates":[[-84.31346,35.64291],[-84.313,35.64333],[-84.31207,35.64333],[-84.31103,35.64298],[-84.31056,35.64268],[-84.31023,35.64226],[-84.31001,35.64227],[-84.30963,35.64254],[-84.30951,35.64276],[-84.30952,35.64366],[-84.30942,35.6441],[-84.30921,35.64425],[-84.30842,35.64436]]},"properties":{"net":"out","o":4}},{"type":"Feature","geometry":{"type":"LineString","coordinates":[[-84.2822,35.68186],[-84.28193,35.68043],[-84.28179,35.68029],[-84.28167,35.67983],[-84.28117,35.67898],[-84.28116,35.6788],[-84.28081,35.6782],[-84.28058,35.67803],[-84.28044,35.67652],[-84.28001,35.67607]]},"properties":{"net":"out","o":4}},{"type":"Feature","geometry":{"type":"LineString","coordinates":[[-83.81445,35.49742],[-83.81495,35.49705],[-83.81543,35.49685],[-83.81634,35.49672],[-83.81672,35.49654],[-83.81789,35.49633],[-83.81865,35.49604],[-83.81953,35.49548],[-83.82177,35.49486],[-83.82279,35.49447],[-83.8236,35.49454],[-83.82453,35.49435],[-83.8249,35.49454],[-83.82548,35.49465],[-83.8265,35.49443],[-83.82696,35.49475],[-83.82816,35.4949]]},"properties":{"net":"NC3039","o":1}},{"type":"Feature","geometry":{"type":"LineString","coordinates":[[-83.83957,35.5024],[-83.83845,35.50217],[-83.83774,35.50178],[-83.83735,35.50185]]},"properties":{"net":"NC3039","o":2}},{"type":"Feature","geometry":{"type":"LineString","coordinates":[[-83.83373,35.51428],[-83.83395,35.51393]]},"properties":{"net":"NC3039","o":2}},{"type":"Feature","geometry":{"type":"LineString","coordinates":[[-83.82159,35.45133],[-83.82177,35.45094]]},"properties":{"net":"NC3039","o":1}},{"type":"Feature","geometry":{"type":"LineString","coordinates":[[-83.82003,35.45116],[-83.82048,35.45075]]},"properties":{"net":"NC3039","o":1}},{"type":"Feature","geometry":{"type":"LineString","coordinates":[[-83.81884,35.45032],[-83.82048,35.45075]]},"properties":{"net":"NC3039","o":7}},{"type":"Feature","geometry":{"type":"LineString","coordinates":[[-83.80456,35.4527],[-83.80448,35.45183]]},"properties":{"net":"NC3023","o":7}},{"type":"Feature","geometry":{"type":"LineString","coordinates":[[-83.80448,35.45183],[-83.80448,35.45183]]},"properties":{"net":"NC3039","o":7}},{"type":"Feature","geometry":{"type":"LineString","coordinates":[[-83.80385,35.43938],[-83.8042,35.43982],[-83.8042,35.44025],[-83.80439,35.44053],[-83.80469,35.44139],[-83.80508,35.442],[-83.80514,35.44236]]},"properties":{"net":"NC3039","o":1}},{"type":"Feature","geometry":{"type":"LineString","coordinates":[[-83.81623,35.4731],[-83.81628,35.47277],[-83.8166,35.47231],[-83.81667,35.47172]]},"properties":{"net":"NC3039","o":2}},{"type":"Feature","geometry":{"type":"LineString","coordinates":[[-83.82831,35.59122],[-83.82868,35.59129],[-83.82898,35.5912],[-83.82924,35.59108],[-83.82935,35.59085],[-83.82946,35.59092],[-83.82979,35.59084],[-83.82991,35.59101],[-83.83015,35.59102]]},"properties":{"net":"out","o":4}},{"type":"Feature","geometry":{"type":"LineString","coordinates":[[-83.76952,35.26206],[-83.76857,35.26219],[-83.76731,35.26261],[-83.76582,35.2624]]},"properties":{"net":"NC3038","o":2}},{"type":"Feature","geometry":{"type":"LineString","coordinates":[[-83.7755,35.27915],[-83.775,35.27999],[-83.77503,35.28129],[-83.77514,35.2818],[-83.77502,35.28215],[-83.77468,35.28253],[-83.77351,35.28313],[-83.77251,35.28405],[-83.77213,35.28468]]},"properties":{"net":"NC3038","o":1}},{"type":"Feature","geometry":{"type":"LineString","coordinates":[[-83.7708,35.27044],[-83.76983,35.27096]]},"properties":{"net":"NC3038","o":2}},{"type":"Feature","geometry":{"type":"LineString","coordinates":[[-83.76791,35.27586],[-83.76705,35.27543],[-83.76565,35.2744],[-83.76522,35.27433],[-83.76439,35.27438]]},"properties":{"net":"NC3038","o":1}},{"type":"Feature","geometry":{"type":"LineString","coordinates":[[-83.75193,35.2893],[-83.75222,35.28928],[-83.75298,35.28894],[-83.75431,35.289],[-83.75474,35.28893],[-83.75614,35.28801],[-83.75644,35.28793],[-83.75694,35.28798],[-83.75851,35.28778],[-83.76028,35.28799],[-83.7608,35.28784],[-83.76289,35.2879],[-83.76378,35.28776]]},"properties":{"net":"NC3038","o":2}},{"type":"Feature","geometry":{"type":"LineString","coordinates":[[-84.27842,35.619],[-84.27812,35.62023],[-84.27822,35.62109],[-84.27742,35.6217],[-84.27713,35.62258],[-84.27651,35.62329],[-84.27653,35.62358],[-84.27691,35.62403],[-84.27697,35.62432],[-84.27744,35.62466],[-84.2775,35.62487]]},"properties":{"net":"out","o":4}},{"type":"Feature","geometry":{"type":"LineString","coordinates":[[-84.27857,35.66285],[-84.27731,35.66254],[-84.27586,35.6626],[-84.27527,35.66313],[-84.27528,35.66328],[-84.27504,35.66369],[-84.27463,35.66407],[-84.27388,35.66421],[-84.27319,35.66369],[-84.27318,35.66359],[-84.2729,35.66335],[-84.27274,35.66296],[-84.27212,35.66233],[-84.27212,35.66222],[-84.27161,35.66185],[-84.2709,35.66184],[-84.27006,35.6626],[-84.27002,35.66329],[-84.27018,35.66368],[-84.27107,35.66444],[-84.27108,35.66462],[-84.27122,35.66479],[-84.27128,35.66562],[-84.27057,35.66626],[-84.27,35.66647],[-84.26946,35.66696],[-84.26816,35.66734],[-84.2676,35.66724],[-84.26639,35.66675],[-84.26534,35.66659],[-84.26466,35.66669],[-84.2634,35.66704],[-84.26049,35.66867]]},"properties":{"net":"out","o":4}},{"type":"Feature","geometry":{"type":"LineString","coordinates":[[-84.28183,35.67545],[-84.28157,35.67561],[-84.28109,35.67563],[-84.28075,35.67593],[-84.28031,35.67595],[-84.28001,35.67607]]},"properties":{"net":"out","o":4}},{"type":"Feature","geometry":{"type":"LineString","coordinates":[[-83.81566,35.4842],[-83.81582,35.48349],[-83.81565,35.48257],[-83.81519,35.48165],[-83.81474,35.4811],[-83.81427,35.47988],[-83.8143,35.4787],[-83.81416,35.47835]]},"properties":{"net":"NC3039","o":1}},{"type":"Feature","geometry":{"type":"LineString","coordinates":[[-83.82129,35.5137],[-83.82135,35.51342],[-83.82127,35.51296],[-83.82074,35.51156],[-83.82086,35.51127],[-83.82133,35.51086],[-83.82149,35.5105],[-83.82159,35.51002],[-83.82097,35.50865],[-83.82105,35.50827],[-83.82145,35.50796]]},"properties":{"net":"NC3039","o":2}},{"type":"Feature","geometry":{"type":"LineString","coordinates":[[-83.77768,35.26531],[-83.77616,35.26652],[-83.77583,35.26695],[-83.77565,35.26748]]},"properties":{"net":"NC3038","o":2}},{"type":"Feature","geometry":{"type":"LineString","coordinates":[[-83.76836,35.25495],[-83.7691,35.25696],[-83.7694,35.25818]]},"properties":{"net":"NC3038","o":1}},{"type":"Feature","geometry":{"type":"LineString","coordinates":[[-84.2534,35.77268],[-84.25569,35.77314],[-84.25779,35.77391],[-84.25852,35.77475],[-84.25953,35.77618],[-84.25979,35.77792]]},"properties":{"net":"out","o":7}},{"type":"Feature","geometry":{"type":"LineString","coordinates":[[-83.75939,35.26096],[-83.75977,35.26248],[-83.75975,35.26334],[-83.75926,35.26487],[-83.75907,35.26519],[-83.75856,35.26552],[-83.75828,35.26636],[-83.75843,35.26724],[-83.75838,35.26799],[-83.75849,35.26823],[-83.75883,35.26855]]},"properties":{"net":"NC3038","o":1}},{"type":"Feature","geometry":{"type":"LineString","coordinates":[[-83.75896,35.25316],[-83.75856,35.25369],[-83.75747,35.25434],[-83.75659,35.25511],[-83.75637,35.25569],[-83.7564,35.25631]]},"properties":{"net":"NC3038","o":1}},{"type":"Feature","geometry":{"type":"LineString","coordinates":[[-84.11606,35.66445],[-84.11626,35.66491],[-84.11654,35.66516]]},"properties":{"net":"out","o":5}},{"type":"Feature","geometry":{"type":"LineString","coordinates":[[-84.19414,35.34268],[-84.19531,35.34299],[-84.19689,35.34288],[-84.19822,35.34239],[-84.19958,35.3423],[-84.20058,35.34197],[-84.20128,35.34132],[-84.20144,35.34103],[-84.20135,35.34027],[-84.20078,35.33961],[-84.20053,35.33915]]},"properties":{"net":"out","o":5}},{"type":"Feature","geometry":{"type":"LineString","coordinates":[[-83.75281,35.27079],[-83.75363,35.27119],[-83.75398,35.2715],[-83.75409,35.27184],[-83.75419,35.27329],[-83.75441,35.27371],[-83.75456,35.27426],[-83.75525,35.27535]]},"properties":{"net":"NC3038","o":4}},{"type":"Feature","geometry":{"type":"LineString","coordinates":[[-83.75742,35.29821],[-83.75923,35.29787]]},"properties":{"net":"NC3038","o":2}},{"type":"Feature","geometry":{"type":"LineString","coordinates":[[-83.75249,35.30628],[-83.75413,35.30597],[-83.75482,35.30567],[-83.75589,35.30564]]},"properties":{"net":"NC3038","o":3}},{"type":"Feature","geometry":{"type":"LineString","coordinates":[[-83.74989,35.29209],[-83.7506,35.29157],[-83.7509,35.29117],[-83.75172,35.29042],[-83.7519,35.28998],[-83.75193,35.2893]]},"properties":{"net":"NC3038","o":1}},{"type":"Feature","geometry":{"type":"LineString","coordinates":[[-83.77868,35.30094],[-83.77888,35.30001],[-83.77927,35.29955],[-83.77975,35.29943],[-83.78073,35.29948],[-83.78179,35.29925]]},"properties":{"net":"NC3038","o":1}},{"type":"Feature","geometry":{"type":"LineString","coordinates":[[-84.20644,35.53856],[-84.20653,35.53881]]},"properties":{"net":"out","o":5}},{"type":"Feature","geometry":{"type":"LineString","coordinates":[[-84.20637,35.52434],[-84.20716,35.52492]]},"properties":{"net":"out","o":4}},{"type":"Feature","geometry":{"type":"LineString","coordinates":[[-84.20625,35.52425],[-84.20637,35.52434]]},"properties":{"net":"out","o":4}},{"type":"Feature","geometry":{"type":"LineString","coordinates":[[-84.2023,35.53462],[-84.20233,35.53496]]},"properties":{"net":"out","o":5}},{"type":"Feature","geometry":{"type":"LineString","coordinates":[[-84.20251,35.53368],[-84.20228,35.53426],[-84.2023,35.53462]]},"properties":{"net":"out","o":5}},{"type":"Feature","geometry":{"type":"LineString","coordinates":[[-84.20094,35.5223],[-84.20213,35.52228],[-84.20268,35.52251]]},"properties":{"net":"out","o":4}},{"type":"Feature","geometry":{"type":"LineString","coordinates":[[-84.21453,35.55028],[-84.21461,35.55048]]},"properties":{"net":"out","o":5}},{"type":"Feature","geometry":{"type":"LineString","coordinates":[[-84.21802,35.60926],[-84.21842,35.60994]]},"properties":{"net":"out","o":7}},{"type":"Feature","geometry":{"type":"LineString","coordinates":[[-84.18477,35.48408],[-84.18485,35.4846],[-84.18564,35.48553],[-84.18574,35.48581],[-84.18583,35.48674],[-84.18602,35.48733],[-84.186,35.48807],[-84.1859,35.48839],[-84.18526,35.48871],[-84.1847,35.48912],[-84.18454,35.48951],[-84.18593,35.49178],[-84.18703,35.49302],[-84.18731,35.49374],[-84.1873,35.49403],[-84.18688,35.49424],[-84.18588,35.49437],[-84.18483,35.49438],[-84.18416,35.49428],[-84.18151,35.49504],[-84.18118,35.49558],[-84.18135,35.49636],[-84.18072,35.49681]]},"properties":{"net":"out","o":4}},{"type":"Feature","geometry":{"type":"LineString","coordinates":[[-84.17416,35.60683],[-84.1745,35.60694],[-84.17593,35.60796],[-84.17652,35.60804],[-84.17664,35.60793],[-84.17663,35.60779],[-84.17636,35.607],[-84.17633,35.60657],[-84.17654,35.60638],[-84.17712,35.60647],[-84.17734,35.60646],[-84.17747,35.60634],[-84.17728,35.60541],[-84.17749,35.60526],[-84.17789,35.60528],[-84.17807,35.60541],[-84.17837,35.60591],[-84.17878,35.60611],[-84.17918,35.60609],[-84.17956,35.60586],[-84.1798,35.60552],[-84.17981,35.60419],[-84.18023,35.60362],[-84.18098,35.60327],[-84.18105,35.6028],[-84.18097,35.60233],[-84.18112,35.60213],[-84.18155,35.60199],[-84.18188,35.602],[-84.18228,35.60213],[-84.18279,35.60247],[-84.18346,35.60262],[-84.1839,35.6026],[-84.18437,35.60233],[-84.18487,35.6018],[-84.18485,35.60151],[-84.18443,35.60114],[-84.18442,35.60103],[-84.18459,35.60088],[-84.18547,35.60087],[-84.18591,35.60078],[-84.18605,35.60089],[-84.18606,35.6011],[-84.18558,35.60192],[-84.18538,35.60355],[-84.18523,35.60395],[-84.18481,35.6043],[-84.18362,35.60442],[-84.18329,35.60469],[-84.1834,35.60515],[-84.18373,35.60539],[-84.18495,35.60584],[-84.18538,35.60629]]},"properties":{"net":"out","o":5}},{"type":"Feature","geometry":{"type":"LineString","coordinates":[[-84.19698,35.60855],[-84.19705,35.60832],[-84.19764,35.60784]]},"properties":{"net":"out","o":5}},{"type":"Feature","geometry":{"type":"LineString","coordinates":[[-84.18201,35.64399],[-84.18218,35.64395],[-84.18237,35.64366]]},"properties":{"net":"out","o":5}},{"type":"Feature","geometry":{"type":"LineString","coordinates":[[-84.15386,35.53564],[-84.15452,35.53608]]},"properties":{"net":"out","o":4}},{"type":"Feature","geometry":{"type":"LineString","coordinates":[[-84.14891,35.55009],[-84.14908,35.55419]]},"properties":{"net":"out","o":7}},{"type":"Feature","geometry":{"type":"LineString","coordinates":[[-84.10988,35.50437],[-84.10968,35.50489],[-84.10869,35.50591],[-84.10718,35.50651],[-84.10639,35.50662],[-84.10548,35.50731]]},"properties":{"net":"out","o":4}},{"type":"Feature","geometry":{"type":"LineString","coordinates":[[-84.1015,35.52684],[-84.10231,35.5273],[-84.10278,35.52775],[-84.10341,35.52866],[-84.10366,35.52923],[-84.1037,35.5298],[-84.10313,35.53131],[-84.10311,35.5316],[-84.1032,35.53235],[-84.10354,35.53295]]},"properties":{"net":"out","o":4}},{"type":"Feature","geometry":{"type":"LineString","coordinates":[[-84.10166,35.5775],[-84.10179,35.57732],[-84.10227,35.57719],[-84.10256,35.577]]},"properties":{"net":"out","o":4}},{"type":"Feature","geometry":{"type":"LineString","coordinates":[[-84.09586,35.5809],[-84.09637,35.58047],[-84.09716,35.57957],[-84.09748,35.57938]]},"properties":{"net":"out","o":4}},{"type":"Feature","geometry":{"type":"LineString","coordinates":[[-84.15751,35.53942],[-84.1576,35.53949],[-84.15764,35.54003],[-84.15788,35.54031],[-84.15824,35.54109],[-84.15828,35.5417],[-84.15774,35.5423],[-84.15763,35.5426],[-84.15772,35.54346]]},"properties":{"net":"out","o":4}},{"type":"Feature","geometry":{"type":"LineString","coordinates":[[-84.14103,35.56133],[-84.141,35.56129]]},"properties":{"net":"out","o":7}},{"type":"Feature","geometry":{"type":"LineString","coordinates":[[-84.13714,35.56794],[-84.13806,35.56769],[-84.13861,35.56734],[-84.13909,35.56732],[-84.13958,35.56699]]},"properties":{"net":"out","o":7}},{"type":"Feature","geometry":{"type":"LineString","coordinates":[[-84.11233,35.44294],[-84.11307,35.44367],[-84.11317,35.44388],[-84.11329,35.44499]]},"properties":{"net":"out","o":4}},{"type":"Feature","geometry":{"type":"LineString","coordinates":[[-84.10707,35.60505],[-84.10796,35.6058],[-84.10818,35.60651],[-84.10841,35.60672],[-84.10894,35.60666],[-84.1099,35.60629]]},"properties":{"net":"out","o":5}},{"type":"Feature","geometry":{"type":"LineString","coordinates":[[-84.08561,35.58636],[-84.08735,35.58536],[-84.08755,35.58513],[-84.08797,35.58494],[-84.08895,35.58421],[-84.08969,35.58417],[-84.09313,35.58234]]},"properties":{"net":"out","o":4}},{"type":"Feature","geometry":{"type":"LineString","coordinates":[[-84.07959,35.61265],[-84.07961,35.6126]]},"properties":{"net":"out","o":5}},{"type":"Feature","geometry":{"type":"LineString","coordinates":[[-84.08344,35.62396],[-84.0837,35.62363],[-84.08368,35.62333],[-84.0829,35.62258],[-84.08201,35.62126],[-84.08165,35.6203],[-84.08161,35.61936],[-84.08148,35.61888],[-84.08124,35.61851],[-84.08076,35.61824],[-84.08053,35.61824],[-84.08024,35.61788],[-84.07963,35.6179],[-84.07948,35.61782],[-84.07894,35.61711],[-84.07877,35.61674],[-84.07895,35.61539]]},"properties":{"net":"out","o":5}},{"type":"Feature","geometry":{"type":"LineString","coordinates":[[-84.07934,35.61352],[-84.07904,35.61348],[-84.07854,35.61317],[-84.07847,35.61285],[-84.07855,35.61277]]},"properties":{"net":"out","o":5}},{"type":"Feature","geometry":{"type":"LineString","coordinates":[[-84.04525,35.63682],[-84.04573,35.63682]]},"properties":{"net":"out","o":5}},{"type":"Feature","geometry":{"type":"LineString","coordinates":[[-84.0393,35.6243],[-84.03941,35.62462],[-84.03984,35.62524]]},"properties":{"net":"out","o":4}},{"type":"Feature","geometry":{"type":"LineString","coordinates":[[-84.06508,35.62845],[-84.06705,35.62984],[-84.06763,35.62998],[-84.06805,35.62977]]},"properties":{"net":"out","o":5}},{"type":"Feature","geometry":{"type":"LineString","coordinates":[[-84.05974,35.63083],[-84.0599,35.6305],[-84.05992,35.63014],[-84.05919,35.6299],[-84.05898,35.62969],[-84.05906,35.62937],[-84.05922,35.62918]]},"properties":{"net":"out","o":5}},{"type":"Feature","geometry":{"type":"LineString","coordinates":[[-84.06534,35.70136],[-84.06678,35.69985]]},"properties":{"net":"out","o":5}},{"type":"Feature","geometry":{"type":"LineString","coordinates":[[-84.09505,35.52824],[-84.0951,35.52829]]},"properties":{"net":"out","o":4}},{"type":"Feature","geometry":{"type":"LineString","coordinates":[[-84.09076,35.54562],[-84.09163,35.54601],[-84.09286,35.54672],[-84.09583,35.54722]]},"properties":{"net":"out","o":7}},{"type":"Feature","geometry":{"type":"LineString","coordinates":[[-84.03928,35.63154],[-84.03932,35.63267],[-84.04001,35.63403],[-84.04029,35.63415],[-84.04107,35.63411],[-84.04149,35.6346],[-84.04183,35.63469],[-84.04209,35.63464],[-84.04224,35.63473],[-84.0419,35.63517],[-84.0416,35.63537],[-84.04162,35.63549],[-84.04207,35.63565],[-84.0427,35.63614],[-84.04292,35.63617],[-84.04378,35.63588],[-84.04429,35.63525],[-84.04446,35.63518],[-84.04455,35.63524]]},"properties":{"net":"out","o":4}},{"type":"Feature","geometry":{"type":"LineString","coordinates":[[-84.07249,35.69608],[-84.07251,35.69587],[-84.07199,35.6955],[-84.07255,35.69518],[-84.07309,35.69506],[-84.07307,35.69495],[-84.07269,35.69463],[-84.07272,35.69417],[-84.072,35.69346],[-84.07085,35.69256]]},"properties":{"net":"out","o":5}},{"type":"Feature","geometry":{"type":"LineString","coordinates":[[-84.00954,35.55268],[-84.01076,35.55209],[-84.01225,35.55107],[-84.01403,35.54945]]},"properties":{"net":"out","o":7}},{"type":"Feature","geometry":{"type":"LineString","coordinates":[[-83.98651,35.4824],[-83.9868,35.48316],[-83.98683,35.48376],[-83.98636,35.48479],[-83.98644,35.4854],[-83.98623,35.48603],[-83.98654,35.48661],[-83.98646,35.48671],[-83.98612,35.48671],[-83.98597,35.48701]]},"properties":{"net":"out","o":4}},{"type":"Feature","geometry":{"type":"LineString","coordinates":[[-83.99746,35.63304],[-83.99772,35.63277],[-83.9979,35.63277],[-83.99847,35.63331],[-83.99848,35.63365],[-83.99936,35.63369],[-83.9997,35.63434],[-84.00005,35.63444]]},"properties":{"net":"out","o":4}},{"type":"Feature","geometry":{"type":"LineString","coordinates":[[-84.03314,35.54476],[-84.03381,35.54445]]},"properties":{"net":"out","o":7}},{"type":"Feature","geometry":{"type":"LineString","coordinates":[[-83.9723,35.34669],[-83.97151,35.34616],[-83.97019,35.34579],[-83.96939,35.34572],[-83.96792,35.34578]]},"properties":{"net":"NC3217","o":4}},{"type":"Feature","geometry":{"type":"LineString","coordinates":[[-83.98796,35.47837],[-83.98705,35.47884],[-83.98656,35.479],[-83.98597,35.47904]]},"properties":{"net":"out","o":4}},{"type":"Feature","geometry":{"type":"LineString","coordinates":[[-83.97829,35.48705],[-83.97863,35.48742],[-83.97871,35.48779],[-83.97903,35.48827],[-83.97916,35.48835],[-83.98027,35.48825]]},"properties":{"net":"out","o":4}},{"type":"Feature","geometry":{"type":"LineString","coordinates":[[-83.96335,35.65707],[-83.96402,35.6562],[-83.96436,35.65611],[-83.9646,35.65617],[-83.96562,35.65516],[-83.96609,35.65489],[-83.96643,35.65484],[-83.9676,35.6551],[-83.96793,35.65526],[-83.9684,35.65517]]},"properties":{"net":"out","o":4}},{"type":"Feature","geometry":{"type":"LineString","coordinates":[[-83.9622,35.29997],[-83.96113,35.29914],[-83.95994,35.29844],[-83.95951,35.29829],[-83.95918,35.2983]]},"properties":{"net":"NC3038","o":3}},{"type":"Feature","geometry":{"type":"LineString","coordinates":[[-83.94992,35.30477],[-83.95025,35.30429],[-83.95049,35.30361],[-83.95067,35.30338],[-83.95083,35.30257],[-83.95127,35.30219],[-83.95193,35.30183],[-83.95209,35.30114],[-83.95271,35.30031]]},"properties":{"net":"NC3038","o":1}},{"type":"Feature","geometry":{"type":"LineString","coordinates":[[-83.94995,35.23129],[-83.9496,35.23146]]},"properties":{"net":"NC6264","o":4}},{"type":"Feature","geometry":{"type":"LineString","coordinates":[[-83.9496,35.23146],[-83.94859,35.23203],[-83.94807,35.23252],[-83.94746,35.23277]]},"properties":{"net":"NC6264","o":4}},{"type":"Feature","geometry":{"type":"LineString","coordinates":[[-83.9306,35.24152],[-83.93061,35.24173],[-83.93045,35.2418],[-83.92984,35.24192],[-83.92913,35.24191]]},"properties":{"net":"NC6264","o":4}},{"type":"Feature","geometry":{"type":"LineString","coordinates":[[-83.93592,35.45544],[-83.93602,35.45427],[-83.93663,35.45349]]},"properties":{"net":"NC3039","o":1}},{"type":"Feature","geometry":{"type":"LineString","coordinates":[[-83.93214,35.45436],[-83.93225,35.45327],[-83.93263,35.45292],[-83.93281,35.45239]]},"properties":{"net":"NC3039","o":1}},{"type":"Feature","geometry":{"type":"LineString","coordinates":[[-83.95318,35.28327],[-83.95216,35.28371],[-83.95137,35.2843]]},"properties":{"net":"NC3038","o":2}},{"type":"Feature","geometry":{"type":"LineString","coordinates":[[-83.96534,35.34507],[-83.965,35.34474],[-83.96297,35.34349],[-83.96228,35.34316],[-83.9612,35.34286],[-83.9603,35.34237]]},"properties":{"net":"NC3217","o":4}},{"type":"Feature","geometry":{"type":"LineString","coordinates":[[-83.96727,35.45519],[-83.96665,35.45515],[-83.9655,35.4545]]},"properties":{"net":"out","o":4}},{"type":"Feature","geometry":{"type":"LineString","coordinates":[[-83.96453,35.49471],[-83.96675,35.49635]]},"properties":{"net":"out","o":7}},{"type":"Feature","geometry":{"type":"LineString","coordinates":[[-83.90616,35.45201],[-83.9056,35.45214],[-83.90454,35.45268],[-83.90296,35.45327],[-83.90292,35.45357],[-83.90253,35.45385],[-83.90239,35.4542],[-83.90178,35.45481],[-83.90119,35.45595],[-83.90121,35.45657],[-83.90172,35.45739],[-83.90168,35.45803],[-83.90107,35.45849],[-83.90092,35.45921],[-83.9002,35.46018],[-83.89965,35.46071],[-83.89927,35.46146]]},"properties":{"net":"NC3039","o":1}},{"type":"Feature","geometry":{"type":"LineString","coordinates":[[-83.89048,35.44521],[-83.89023,35.44532],[-83.88917,35.44545]]},"properties":{"net":"NC3039","o":2}},{"type":"Feature","geometry":{"type":"LineString","coordinates":[[-83.88917,35.44545],[-83.88711,35.44561],[-83.88612,35.44605]]},"properties":{"net":"NC3039","o":2}},{"type":"Feature","geometry":{"type":"LineString","coordinates":[[-83.90107,35.46985],[-83.90157,35.4687],[-83.90165,35.46822],[-83.90146,35.46724],[-83.90103,35.46676],[-83.90106,35.46655]]},"properties":{"net":"NC3039","o":1}},{"type":"Feature","geometry":{"type":"LineString","coordinates":[[-83.89991,35.46353],[-83.90129,35.46453]]},"properties":{"net":"NC3039","o":7}},{"type":"Feature","geometry":{"type":"LineString","coordinates":[[-83.89407,35.4599],[-83.89389,35.46018]]},"properties":{"net":"NC3039","o":2}},{"type":"Feature","geometry":{"type":"LineString","coordinates":[[-83.89378,35.46259],[-83.89328,35.46178]]},"properties":{"net":"NC3039","o":1}},{"type":"Feature","geometry":{"type":"LineString","coordinates":[[-83.89047,35.4729],[-83.89008,35.47289],[-83.88924,35.47259],[-83.88879,35.4727],[-83.88831,35.47268],[-83.88785,35.47247],[-83.88729,35.47246],[-83.8866,35.47212]]},"properties":{"net":"NC3039","o":1}},{"type":"Feature","geometry":{"type":"LineString","coordinates":[[-83.94091,35.22864],[-83.93962,35.22867]]},"properties":{"net":"NC6264","o":4}},{"type":"Feature","geometry":{"type":"LineString","coordinates":[[-83.92983,35.2383],[-83.92887,35.2388],[-83.92819,35.23939]]},"properties":{"net":"NC6264","o":4}},{"type":"Feature","geometry":{"type":"LineString","coordinates":[[-83.94023,35.32361],[-83.94171,35.32312],[-83.94217,35.32272],[-83.94285,35.32238],[-83.94324,35.32173]]},"properties":{"net":"NC3038","o":2}},{"type":"Feature","geometry":{"type":"LineString","coordinates":[[-83.93706,35.32351],[-83.93807,35.32328],[-83.93991,35.32349],[-83.94023,35.32361]]},"properties":{"net":"NC3038","o":1}},{"type":"Feature","geometry":{"type":"LineString","coordinates":[[-83.94247,35.31888],[-83.94107,35.31855],[-83.93995,35.31841],[-83.93898,35.31805],[-83.93684,35.31764],[-83.93644,35.31744],[-83.93597,35.31698],[-83.93529,35.31656]]},"properties":{"net":"NC3038","o":3}},{"type":"Feature","geometry":{"type":"LineString","coordinates":[[-83.94325,35.3115],[-83.94148,35.3115],[-83.9405,35.31206],[-83.93897,35.31258],[-83.93823,35.3132],[-83.93759,35.3136],[-83.93742,35.31389],[-83.93706,35.31421],[-83.93587,35.31491],[-83.93516,35.31563],[-83.93509,35.31599],[-83.93529,35.31656]]},"properties":{"net":"NC3038","o":1}},{"type":"Feature","geometry":{"type":"LineString","coordinates":[[-83.92669,35.31951],[-83.92802,35.31852],[-83.92831,35.31763],[-83.92826,35.31709],[-83.92875,35.31651],[-83.9292,35.31573],[-83.92948,35.3155],[-83.92991,35.31536],[-83.92995,35.31503]]},"properties":{"net":"NC3038","o":1}},{"type":"Feature","geometry":{"type":"LineString","coordinates":[[-83.92995,35.31503],[-83.92919,35.3146],[-83.92815,35.3144],[-83.92735,35.31439],[-83.92686,35.31422],[-83.92597,35.31356],[-83.92532,35.31328],[-83.92501,35.31299],[-83.92381,35.31229],[-83.92354,35.31205],[-83.92339,35.31172]]},"properties":{"net":"NC3038","o":3}},{"type":"Feature","geometry":{"type":"LineString","coordinates":[[-83.94265,35.34141],[-83.94235,35.34155],[-83.9415,35.34169],[-83.94108,35.34167],[-83.94042,35.34144]]},"properties":{"net":"NC3217","o":4}},{"type":"Feature","geometry":{"type":"LineString","coordinates":[[-83.94042,35.34144],[-83.93922,35.34077],[-83.93832,35.34052],[-83.93748,35.34044],[-83.93628,35.34017],[-83.93598,35.34022]]},"properties":{"net":"NC3217","o":4}},{"type":"Feature","geometry":{"type":"LineString","coordinates":[[-83.94335,35.45042],[-83.94434,35.45086],[-83.94648,35.45264]]},"properties":{"net":"out","o":7}},{"type":"Feature","geometry":{"type":"LineString","coordinates":[[-83.93974,35.44822],[-83.93977,35.44879]]},"properties":{"net":"out","o":6}},{"type":"Feature","geometry":{"type":"LineString","coordinates":[[-83.9388,35.45991],[-83.93865,35.46016],[-83.93815,35.46036],[-83.93726,35.4601]]},"properties":{"net":"NC3039","o":1}},{"type":"Feature","geometry":{"type":"LineString","coordinates":[[-83.94414,35.48041],[-83.94375,35.48055]]},"properties":{"net":"out","o":7}},{"type":"Feature","geometry":{"type":"LineString","coordinates":[[-83.94357,35.49065],[-83.94487,35.49086]]},"properties":{"net":"out","o":7}},{"type":"Feature","geometry":{"type":"LineString","coordinates":[[-83.88737,35.35621],[-83.88686,35.35711],[-83.8871,35.35768],[-83.88708,35.35828],[-83.88728,35.35868],[-83.88727,35.35901],[-83.88706,35.35947],[-83.88665,35.35996]]},"properties":{"net":"NC3038","o":1}},{"type":"Feature","geometry":{"type":"LineString","coordinates":[[-83.888,35.37487],[-83.88795,35.37466],[-83.88744,35.37428],[-83.88516,35.37444],[-83.88475,35.37432],[-83.8844,35.37433],[-83.88399,35.37406],[-83.88384,35.37381],[-83.88352,35.37357],[-83.88346,35.3726],[-83.88318,35.37236],[-83.88314,35.37171],[-83.88296,35.37157],[-83.88292,35.37096],[-83.88264,35.37072],[-83.88254,35.37047],[-83.8767,35.36801]]},"properties":{"net":"NC3038","o":5}},{"type":"Feature","geometry":{"type":"LineString","coordinates":[[-83.89371,35.37671],[-83.89275,35.3769]]},"properties":{"net":"NC3038","o":2}},{"type":"Feature","geometry":{"type":"LineString","coordinates":[[-83.88818,35.37916],[-83.88794,35.37901],[-83.8876,35.37852],[-83.88757,35.37794],[-83.88746,35.37769],[-83.88728,35.37756],[-83.88701,35.37753],[-83.88655,35.37715],[-83.8865,35.37632],[-83.88721,35.37561],[-83.88769,35.37559],[-83.88802,35.37529]]},"properties":{"net":"NC3038","o":1}},{"type":"Feature","geometry":{"type":"LineString","coordinates":[[-83.90612,35.42528],[-83.90645,35.4257],[-83.90656,35.42602],[-83.90675,35.42778],[-83.90621,35.42899],[-83.90624,35.42957],[-83.9064,35.43],[-83.90674,35.43049],[-83.90788,35.43181]]},"properties":{"net":"out","o":6}},{"type":"Feature","geometry":{"type":"LineString","coordinates":[[-83.90443,35.48848],[-83.90454,35.48821],[-83.90426,35.48794],[-83.90403,35.48713],[-83.90402,35.48652],[-83.90353,35.48556],[-83.90209,35.48519],[-83.90038,35.48432]]},"properties":{"net":"NC3039","o":1}},{"type":"Feature","geometry":{"type":"LineString","coordinates":[[-83.90195,35.48966],[-83.90161,35.48977],[-83.90125,35.48975],[-83.90061,35.48944],[-83.9003,35.48897],[-83.90025,35.48851],[-83.9004,35.48777],[-83.90065,35.48743],[-83.90085,35.48664],[-83.90071,35.48595],[-83.9005,35.48546],[-83.90053,35.48494],[-83.90038,35.48432]]},"properties":{"net":"NC3039","o":1}},{"type":"Feature","geometry":{"type":"LineString","coordinates":[[-83.88356,35.29872],[-83.88308,35.29955],[-83.88283,35.29977],[-83.88248,35.29982],[-83.88153,35.29943],[-83.88032,35.29852]]},"properties":{"net":"NC6264","o":5}},{"type":"Feature","geometry":{"type":"LineString","coordinates":[[-83.87414,35.30262],[-83.8737,35.30287],[-83.87314,35.30379],[-83.873,35.30434],[-83.87293,35.30543],[-83.87227,35.30588]]},"properties":{"net":"NC6264","o":5}},{"type":"Feature","geometry":{"type":"LineString","coordinates":[[-83.87227,35.30588],[-83.87183,35.30627],[-83.87156,35.30678],[-83.87154,35.30725],[-83.87174,35.30768],[-83.87234,35.30812],[-83.87289,35.30839],[-83.87406,35.30881],[-83.87457,35.30922],[-83.87517,35.31019],[-83.87538,35.31072],[-83.87534,35.31113]]},"properties":{"net":"NC6264","o":5}},{"type":"Feature","geometry":{"type":"LineString","coordinates":[[-83.87534,35.31113],[-83.87511,35.31135],[-83.87471,35.31143],[-83.87395,35.31142],[-83.87368,35.31132],[-83.87254,35.31068],[-83.87148,35.30985],[-83.86952,35.30878],[-83.86893,35.30851],[-83.86838,35.3085]]},"properties":{"net":"NC6264","o":5}},{"type":"Feature","geometry":{"type":"LineString","coordinates":[[-83.88074,35.35275],[-83.88052,35.3532],[-83.87992,35.35379],[-83.87807,35.35477],[-83.87771,35.35508],[-83.87651,35.35555]]},"properties":{"net":"NC3038","o":2}},{"type":"Feature","geometry":{"type":"LineString","coordinates":[[-83.90228,35.26231],[-83.90141,35.26215],[-83.90089,35.2622],[-83.89984,35.26297],[-83.89891,35.2635]]},"properties":{"net":"NC6264","o":4}},{"type":"Feature","geometry":{"type":"LineString","coordinates":[[-83.90574,35.27381],[-83.90506,35.27359],[-83.90451,35.27353]]},"properties":{"net":"NC6264","o":4}},{"type":"Feature","geometry":{"type":"LineString","coordinates":[[-83.8897,35.29363],[-83.8896,35.29449],[-83.88938,35.29506],[-83.88917,35.29619],[-83.88897,35.2966]]},"properties":{"net":"NC6264","o":4}},{"type":"Feature","geometry":{"type":"LineString","coordinates":[[-83.90419,35.32445],[-83.90422,35.3244]]},"properties":{"net":"NC3038","o":1}},{"type":"Feature","geometry":{"type":"LineString","coordinates":[[-83.90393,35.32749],[-83.9035,35.32714],[-83.90339,35.32683],[-83.90368,35.32654],[-83.90376,35.32617],[-83.90363,35.32552],[-83.90367,35.32531],[-83.90409,35.32489],[-83.90419,35.32445]]},"properties":{"net":"NC3038","o":1}},{"type":"Feature","geometry":{"type":"LineString","coordinates":[[-83.89844,35.33001],[-83.89798,35.32977]]},"properties":{"net":"NC3038","o":2}},{"type":"Feature","geometry":{"type":"LineString","coordinates":[[-83.90422,35.3244],[-83.90408,35.32426],[-83.90404,35.32364],[-83.90389,35.3234],[-83.90357,35.32309],[-83.90297,35.32291],[-83.90236,35.32285],[-83.90043,35.32289],[-83.89982,35.32309],[-83.89911,35.32366],[-83.89811,35.32388],[-83.89754,35.32391],[-83.89695,35.32361],[-83.89652,35.32352]]},"properties":{"net":"NC3038","o":4}},{"type":"Feature","geometry":{"type":"LineString","coordinates":[[-83.89519,35.3317],[-83.89495,35.33144],[-83.89483,35.3308],[-83.89511,35.33043],[-83.89577,35.32993]]},"properties":{"net":"NC3038","o":1}},{"type":"Feature","geometry":{"type":"LineString","coordinates":[[-83.89535,35.32811],[-83.89392,35.32817],[-83.89259,35.32877],[-83.89033,35.32936],[-83.88905,35.32931],[-83.88733,35.32851]]},"properties":{"net":"NC3038","o":4}},{"type":"Feature","geometry":{"type":"LineString","coordinates":[[-83.90169,35.34602],[-83.90163,35.34641],[-83.90169,35.34677],[-83.90273,35.34727]]},"properties":{"net":"NC3217","o":4}},{"type":"Feature","geometry":{"type":"LineString","coordinates":[[-83.88912,35.34723],[-83.88958,35.34677],[-83.88991,35.34624],[-83.89003,35.34444],[-83.8899,35.34392]]},"properties":{"net":"NC3038","o":1}},{"type":"Feature","geometry":{"type":"LineString","coordinates":[[-83.89973,35.36247],[-83.89973,35.36261],[-83.89953,35.36284],[-83.89894,35.36309],[-83.89848,35.36356],[-83.89777,35.36387],[-83.89745,35.36415],[-83.8974,35.36441],[-83.89757,35.3651],[-83.89696,35.36631],[-83.89713,35.36671]]},"properties":{"net":"NC3038","o":1}},{"type":"Feature","geometry":{"type":"LineString","coordinates":[[-83.87975,35.60949],[-83.87981,35.61003],[-83.87999,35.61046]]},"properties":{"net":"out","o":5}},{"type":"Feature","geometry":{"type":"LineString","coordinates":[[-83.87721,35.27829],[-83.87671,35.28022],[-83.87661,35.28119],[-83.87615,35.2814],[-83.8751,35.28152],[-83.87474,35.28176],[-83.87442,35.2823],[-83.8744,35.28324]]},"properties":{"net":"NC6264","o":4}},{"type":"Feature","geometry":{"type":"LineString","coordinates":[[-83.84207,35.27517],[-83.84335,35.27566],[-83.84474,35.2765],[-83.84522,35.27693]]},"properties":{"net":"NC3038","o":2}},{"type":"Feature","geometry":{"type":"LineString","coordinates":[[-83.88295,35.3311],[-83.88216,35.33117],[-83.88167,35.33105],[-83.88088,35.33112],[-83.88059,35.33138],[-83.88046,35.33218],[-83.88,35.33259],[-83.87921,35.33266],[-83.87902,35.33253],[-83.87854,35.33247]]},"properties":{"net":"NC3038","o":4}},{"type":"Feature","geometry":{"type":"LineString","coordinates":[[-83.87744,35.33692],[-83.87698,35.33734],[-83.87606,35.33741]]},"properties":{"net":"NC3038","o":4}},{"type":"Feature","geometry":{"type":"LineString","coordinates":[[-83.88566,35.35956],[-83.88536,35.36025]]},"properties":{"net":"NC3038","o":1}},{"type":"Feature","geometry":{"type":"LineString","coordinates":[[-83.8767,35.36801],[-83.87674,35.37157],[-83.87685,35.37193],[-83.87722,35.37224],[-83.87724,35.37249],[-83.87761,35.3728],[-83.87762,35.37305],[-83.87799,35.37336],[-83.87811,35.37533],[-83.87735,35.3763]]},"properties":{"net":"NC3038","o":6}},{"type":"Feature","geometry":{"type":"LineString","coordinates":[[-83.86558,35.34081],[-83.86489,35.34106],[-83.86392,35.34189],[-83.86392,35.34254],[-83.8641,35.34268],[-83.86418,35.34322],[-83.86457,35.34389],[-83.86462,35.34464],[-83.86424,35.34498],[-83.8639,35.34514],[-83.86333,35.34516],[-83.86279,35.34576],[-83.86276,35.34602],[-83.86297,35.34655],[-83.86321,35.34907],[-83.86266,35.34952],[-83.85986,35.3496]]},"properties":{"net":"NC3038","o":4}},{"type":"Feature","geometry":{"type":"LineString","coordinates":[[-83.84444,35.34067],[-83.84526,35.34065],[-83.84599,35.3412],[-83.84634,35.34184],[-83.84636,35.34209],[-83.84668,35.34233],[-83.84674,35.34265],[-83.84711,35.34296],[-83.84713,35.34321],[-83.8475,35.34352],[-83.84751,35.34378],[-83.84788,35.34409],[-83.8479,35.34434],[-83.84822,35.34458],[-83.84837,35.3449],[-83.84976,35.34596],[-83.85007,35.34595],[-83.8508,35.3465],[-83.85256,35.34643],[-83.85293,35.3467],[-83.85328,35.34669],[-83.85365,35.34696],[-83.85647,35.34685],[-83.8578,35.34784],[-83.85843,35.3481],[-83.85885,35.34841],[-83.85986,35.3496]]},"properties":{"net":"NC3038","o":6}},{"type":"Feature","geometry":{"type":"LineString","coordinates":[[-83.84773,35.41367],[-83.84848,35.41399]]},"properties":{"net":"out","o":4}},{"type":"Feature","geometry":{"type":"LineString","coordinates":[[-83.84554,35.4131],[-83.84618,35.41281],[-83.8472,35.41297],[-83.84757,35.41316],[-83.84773,35.41367]]},"properties":{"net":"out","o":4}},{"type":"Feature","geometry":{"type":"LineString","coordinates":[[-83.87162,35.41612],[-83.87222,35.41621],[-83.87257,35.41677],[-83.87289,35.41703],[-83.87369,35.41742],[-83.87393,35.41743]]},"properties":{"net":"out","o":4}},{"type":"Feature","geometry":{"type":"LineString","coordinates":[[-83.87379,35.44726],[-83.87195,35.44724],[-83.87166,35.44731],[-83.87109,35.44786],[-83.87075,35.448],[-83.8694,35.44781]]},"properties":{"net":"NC3039","o":2}},{"type":"Feature","geometry":{"type":"LineString","coordinates":[[-83.86686,35.44974],[-83.86776,35.45266],[-83.86778,35.45393],[-83.86787,35.45425],[-83.86812,35.45459]]},"properties":{"net":"NC3039","o":7}},{"type":"Feature","geometry":{"type":"LineString","coordinates":[[-83.88068,35.46598],[-83.88064,35.46572]]},"properties":{"net":"NC3039","o":1}},{"type":"Feature","geometry":{"type":"LineString","coordinates":[[-83.87805,35.46296],[-83.87852,35.46221]]},"properties":{"net":"NC3039","o":1}},{"type":"Feature","geometry":{"type":"LineString","coordinates":[[-83.87388,35.46503],[-83.87418,35.46458],[-83.87466,35.46417],[-83.8756,35.46291],[-83.87614,35.46236]]},"properties":{"net":"NC3039","o":1}},{"type":"Feature","geometry":{"type":"LineString","coordinates":[[-83.84738,35.46632],[-83.84755,35.46665],[-83.84746,35.46724],[-83.84754,35.46751],[-83.84725,35.46808],[-83.84748,35.46862],[-83.84824,35.46939],[-83.84846,35.46977],[-83.84904,35.47001],[-83.84947,35.47069],[-83.85035,35.47108],[-83.85143,35.47262],[-83.85203,35.47293]]},"properties":{"net":"NC3039","o":1}},{"type":"Feature","geometry":{"type":"LineString","coordinates":[[-83.8431,35.48477],[-83.84366,35.4847],[-83.84413,35.48435],[-83.84452,35.48387],[-83.84495,35.48295],[-83.84505,35.4823],[-83.84508,35.4819],[-83.84478,35.48146]]},"properties":{"net":"NC3039","o":4}},{"type":"Feature","geometry":{"type":"LineString","coordinates":[[-83.87345,35.47292],[-83.87328,35.47279],[-83.87269,35.47272],[-83.872,35.47244],[-83.87148,35.47242],[-83.87075,35.47222]]},"properties":{"net":"NC3039","o":2}},{"type":"Feature","geometry":{"type":"LineString","coordinates":[[-83.88316,35.49364],[-83.88324,35.49328],[-83.88309,35.49273],[-83.88311,35.49227],[-83.88342,35.4914],[-83.88368,35.49109],[-83.88364,35.49087]]},"properties":{"net":"NC3039","o":2}},{"type":"Feature","geometry":{"type":"LineString","coordinates":[[-83.88585,35.48879],[-83.88549,35.48864],[-83.8848,35.48877],[-83.88444,35.48861],[-83.88229,35.48835],[-83.88037,35.48893],[-83.87972,35.48965]]},"properties":{"net":"NC3039","o":2}},{"type":"Feature","geometry":{"type":"LineString","coordinates":[[-83.87985,35.48968],[-83.87972,35.48965]]},"properties":{"net":"NC3039","o":3}},{"type":"Feature","geometry":{"type":"LineString","coordinates":[[-83.87986,35.50588],[-83.87894,35.50564],[-83.87812,35.50487],[-83.87799,35.50408],[-83.87804,35.50288],[-83.87775,35.50178],[-83.87767,35.49983],[-83.87856,35.49841],[-83.87904,35.49738],[-83.8799,35.49663],[-83.88019,35.49617],[-83.88105,35.49561],[-83.88144,35.49553],[-83.88184,35.49521],[-83.88196,35.49473],[-83.88286,35.49413],[-83.88316,35.49364]]},"properties":{"net":"NC3039","o":1}},{"type":"Feature","geometry":{"type":"LineString","coordinates":[[-83.87456,35.50124],[-83.8747,35.50101],[-83.87472,35.50049],[-83.87454,35.49992],[-83.87427,35.49958],[-83.87442,35.49908],[-83.87542,35.49875],[-83.87598,35.49819],[-83.87665,35.49787],[-83.87702,35.49748],[-83.87748,35.49668],[-83.87776,35.49596],[-83.87785,35.49495],[-83.87893,35.49412],[-83.87923,35.49369],[-83.87956,35.49352],[-83.88016,35.492],[-83.88068,35.49158],[-83.88074,35.49119],[-83.88058,35.49079],[-83.88052,35.49016],[-83.88019,35.48984],[-83.87985,35.48968]]},"properties":{"net":"NC3039","o":1}},{"type":"Feature","geometry":{"type":"LineString","coordinates":[[-84.19877,35.67716],[-84.19931,35.67728],[-84.19982,35.67758],[-84.20187,35.67926],[-84.20251,35.67962],[-84.20346,35.68005],[-84.20439,35.68017]]},"properties":{"net":"out","o":4}},{"type":"Feature","geometry":{"type":"LineString","coordinates":[[-84.16251,35.56448],[-84.16301,35.56469]]},"properties":{"net":"out","o":7}},{"type":"Feature","geometry":{"type":"LineString","coordinates":[[-84.16965,35.60133],[-84.17062,35.60165],[-84.17132,35.60209],[-84.17142,35.60234],[-84.17135,35.60267],[-84.17141,35.6035],[-84.17169,35.60385],[-84.17214,35.60386],[-84.17292,35.60361],[-84.17322,35.6036],[-84.17336,35.6037],[-84.17335,35.60414],[-84.17301,35.60509],[-84.17223,35.60581]]},"properties":{"net":"out","o":5}},{"type":"Feature","geometry":{"type":"LineString","coordinates":[[-84.17379,35.63752],[-84.174,35.63736],[-84.17476,35.63747],[-84.17518,35.63778],[-84.1752,35.63818],[-84.17534,35.63828],[-84.17619,35.63839],[-84.17674,35.63869],[-84.17669,35.63892],[-84.17597,35.63919],[-84.17585,35.63934],[-84.17595,35.64013],[-84.17613,35.6403]]},"properties":{"net":"out","o":5}},{"type":"Feature","geometry":{"type":"LineString","coordinates":[[-84.12025,35.4868],[-84.12001,35.48724],[-84.12008,35.48828],[-84.12027,35.4886],[-84.12126,35.4895],[-84.12283,35.49066],[-84.12316,35.49101],[-84.12342,35.49149]]},"properties":{"net":"out","o":4}},{"type":"Feature","geometry":{"type":"LineString","coordinates":[[-84.12224,35.60427],[-84.12237,35.60433]]},"properties":{"net":"out","o":5}},{"type":"Feature","geometry":{"type":"LineString","coordinates":[[-84.06282,35.54559],[-84.06501,35.54612]]},"properties":{"net":"out","o":7}},{"type":"Feature","geometry":{"type":"LineString","coordinates":[[-83.99706,35.32631],[-83.99871,35.32691],[-84.00116,35.32822],[-84.00246,35.32875],[-84.00435,35.33001],[-84.00699,35.33075],[-84.00802,35.33083],[-84.00931,35.33066]]},"properties":{"net":"sm756030","o":1}},{"type":"Feature","geometry":{"type":"LineString","coordinates":[[-83.98406,35.64605],[-83.98426,35.64581],[-83.98523,35.64528],[-83.98627,35.64494],[-83.9867,35.64444],[-83.98725,35.64418],[-83.98789,35.64408],[-83.98805,35.64342]]},"properties":{"net":"out","o":4}},{"type":"Feature","geometry":{"type":"LineString","coordinates":[[-83.99387,35.5295],[-83.99362,35.53034],[-83.99363,35.53075],[-83.99409,35.5325]]},"properties":{"net":"out","o":7}},{"type":"Feature","geometry":{"type":"LineString","coordinates":[[-83.96939,35.49896],[-83.9704,35.5],[-83.97161,35.50078],[-83.97313,35.50129]]},"properties":{"net":"out","o":7}},{"type":"Feature","geometry":{"type":"LineString","coordinates":[[-83.72193,35.30112],[-83.72316,35.30112],[-83.72416,35.30127],[-83.72641,35.30097],[-83.72735,35.30057],[-83.72886,35.29971],[-83.73047,35.29846],[-83.73162,35.29795],[-83.73299,35.29776],[-83.73577,35.29571],[-83.73625,35.29546],[-83.73713,35.29523],[-83.73774,35.29518],[-83.73825,35.29525],[-83.73937,35.29567],[-83.74021,35.29613],[-83.74105,35.2964]]},"properties":{"net":"NC3038","o":2}},{"type":"Feature","geometry":{"type":"LineString","coordinates":[[-83.75403,35.31453],[-83.75328,35.31402],[-83.75184,35.31264],[-83.75169,35.31241],[-83.7515,35.31123]]},"properties":{"net":"NC3038","o":1}},{"type":"Feature","geometry":{"type":"LineString","coordinates":[[-83.75359,35.3419],[-83.75362,35.34096],[-83.75402,35.34038],[-83.75423,35.33974],[-83.75524,35.33861]]},"properties":{"net":"NC3038","o":3}},{"type":"Feature","geometry":{"type":"LineString","coordinates":[[-83.73876,35.33512],[-83.74056,35.33583],[-83.74152,35.33591]]},"properties":{"net":"NC3038","o":2}},{"type":"Feature","geometry":{"type":"LineString","coordinates":[[-83.74036,35.34929],[-83.73979,35.34855],[-83.7396,35.34801],[-83.73917,35.34733],[-83.73825,35.34619]]},"properties":{"net":"NC3038","o":1}},{"type":"Feature","geometry":{"type":"LineString","coordinates":[[-83.90941,35.3674],[-83.90921,35.36762]]},"properties":{"net":"NC3038","o":1}},{"type":"Feature","geometry":{"type":"LineString","coordinates":[[-83.90882,35.37385],[-83.90833,35.37348],[-83.90783,35.37263],[-83.90812,35.37197],[-83.90838,35.37165]]},"properties":{"net":"NC3038","o":3}},{"type":"Feature","geometry":{"type":"LineString","coordinates":[[-83.92514,35.45086],[-83.92585,35.45105],[-83.9264,35.45146],[-83.92646,35.45194]]},"properties":{"net":"NC3039","o":1}},{"type":"Feature","geometry":{"type":"LineString","coordinates":[[-83.91399,35.43658],[-83.91487,35.43723],[-83.91624,35.43801],[-83.91799,35.43844],[-83.91987,35.4387]]},"properties":{"net":"out","o":6}},{"type":"Feature","geometry":{"type":"LineString","coordinates":[[-83.91271,35.46554],[-83.91307,35.4653]]},"properties":{"net":"NC3039","o":7}},{"type":"Feature","geometry":{"type":"LineString","coordinates":[[-83.73905,35.34063],[-83.7396,35.3409],[-83.73999,35.34092],[-83.74129,35.34127],[-83.74253,35.34174],[-83.74287,35.34198],[-83.74347,35.34207],[-83.74357,35.34218]]},"properties":{"net":"NC3038","o":1}},{"type":"Feature","geometry":{"type":"LineString","coordinates":[[-83.90462,35.27756],[-83.90504,35.27827],[-83.90557,35.27876],[-83.9063,35.27903],[-83.90713,35.27966],[-83.90818,35.28],[-83.91006,35.28084],[-83.91036,35.28106],[-83.91046,35.28131],[-83.91009,35.28201],[-83.90973,35.2824],[-83.90932,35.28259]]},"properties":{"net":"NC6264","o":4}},{"type":"Feature","geometry":{"type":"LineString","coordinates":[[-83.91008,35.33177],[-83.91014,35.33101],[-83.91005,35.33058],[-83.90936,35.32952],[-83.90929,35.32909],[-83.90946,35.32851],[-83.90947,35.32802],[-83.90987,35.32728]]},"properties":{"net":"NC3038","o":1}},{"type":"Feature","geometry":{"type":"LineString","coordinates":[[-83.9273,35.34039],[-83.92653,35.34024],[-83.92584,35.34046],[-83.92568,35.3406]]},"properties":{"net":"NC3217","o":4}},{"type":"Feature","geometry":{"type":"LineString","coordinates":[[-83.90921,35.34073],[-83.90879,35.34021]]},"properties":{"net":"NC3217","o":4}},{"type":"Feature","geometry":{"type":"LineString","coordinates":[[-83.91693,35.35621],[-83.91714,35.35662],[-83.918,35.35774],[-83.91803,35.35824],[-83.91787,35.35854],[-83.91686,35.35937],[-83.91653,35.35978],[-83.91636,35.36058],[-83.91644,35.36108],[-83.91676,35.36136],[-83.91738,35.36137],[-83.91917,35.36184],[-83.91963,35.36215],[-83.91978,35.36244]]},"properties":{"net":"NC3217","o":4}},{"type":"Feature","geometry":{"type":"LineString","coordinates":[[-83.91253,35.35424],[-83.91363,35.35433],[-83.91413,35.35426],[-83.91446,35.35404],[-83.91453,35.35387],[-83.91448,35.3534]]},"properties":{"net":"NC3217","o":4}},{"type":"Feature","geometry":{"type":"LineString","coordinates":[[-83.91188,35.36532],[-83.91202,35.36538]]},"properties":{"net":"NC3038","o":1}},{"type":"Feature","geometry":{"type":"LineString","coordinates":[[-83.90766,35.36384],[-83.9087,35.36433],[-83.90943,35.36497],[-83.90967,35.36542],[-83.91038,35.3659],[-83.91037,35.36611],[-83.90963,35.36695],[-83.90941,35.3674]]},"properties":{"net":"NC3038","o":1}},{"type":"Feature","geometry":{"type":"LineString","coordinates":[[-83.91587,35.38215],[-83.91544,35.3818],[-83.91534,35.3813],[-83.91455,35.37991],[-83.91409,35.37951],[-83.91339,35.37911]]},"properties":{"net":"NC3038","o":1}},{"type":"Feature","geometry":{"type":"LineString","coordinates":[[-83.9227,35.38182],[-83.9224,35.3814],[-83.92224,35.38096],[-83.92085,35.37987],[-83.91989,35.37894],[-83.91876,35.37869],[-83.91835,35.37887],[-83.91765,35.37861],[-83.91689,35.37858],[-83.91282,35.37616],[-83.91228,35.37596]]},"properties":{"net":"NC3038","o":2}},{"type":"Feature","geometry":{"type":"LineString","coordinates":[[-83.90726,35.37653],[-83.90773,35.37616],[-83.9083,35.37544],[-83.90871,35.37463],[-83.90882,35.37385]]},"properties":{"net":"NC3038","o":2}},{"type":"Feature","geometry":{"type":"LineString","coordinates":[[-83.90841,35.38068],[-83.90866,35.37964],[-83.90832,35.37905],[-83.90789,35.37778],[-83.90771,35.37764],[-83.90726,35.37653]]},"properties":{"net":"NC3038","o":1}},{"type":"Feature","geometry":{"type":"LineString","coordinates":[[-83.90863,35.43186],[-83.91013,35.4319],[-83.91118,35.43237],[-83.91181,35.4325]]},"properties":{"net":"out","o":6}},{"type":"Feature","geometry":{"type":"LineString","coordinates":[[-83.89741,35.60311],[-83.89722,35.60355],[-83.89723,35.60402]]},"properties":{"net":"out","o":4}},{"type":"Feature","geometry":{"type":"LineString","coordinates":[[-83.92314,35.46603],[-83.92213,35.46511],[-83.92101,35.46481],[-83.92048,35.46447],[-83.92002,35.46434]]},"properties":{"net":"NC3039","o":1}},{"type":"Feature","geometry":{"type":"LineString","coordinates":[[-83.92206,35.46295],[-83.92145,35.46267],[-83.92096,35.46155],[-83.91986,35.46132]]},"properties":{"net":"NC3039","o":1}},{"type":"Feature","geometry":{"type":"LineString","coordinates":[[-83.91626,35.4634],[-83.91557,35.46329]]},"properties":{"net":"NC3039","o":1}},{"type":"Feature","geometry":{"type":"LineString","coordinates":[[-83.91029,35.6141],[-83.91191,35.61639],[-83.91283,35.6171],[-83.91413,35.61788]]},"properties":{"net":"out","o":5}},{"type":"Feature","geometry":{"type":"LineString","coordinates":[[-83.72657,35.32881],[-83.7277,35.32639],[-83.72801,35.32486]]},"properties":{"net":"NC3038","o":1}},{"type":"Feature","geometry":{"type":"LineString","coordinates":[[-83.7265,35.3136],[-83.72718,35.31353]]},"properties":{"net":"NC3038","o":2}},{"type":"Feature","geometry":{"type":"LineString","coordinates":[[-83.73447,35.33904],[-83.73548,35.33768],[-83.73636,35.33677],[-83.73737,35.33602],[-83.73821,35.3357],[-83.73876,35.33512]]},"properties":{"net":"NC3038","o":1}},{"type":"Feature","geometry":{"type":"LineString","coordinates":[[-83.89087,35.49221],[-83.88869,35.49177],[-83.8881,35.49175],[-83.88759,35.49137],[-83.88557,35.4912]]},"properties":{"net":"NC3039","o":2}},{"type":"Feature","geometry":{"type":"LineString","coordinates":[[-83.90368,35.5962],[-83.90324,35.59689],[-83.90313,35.59759],[-83.90287,35.59844]]},"properties":{"net":"out","o":4}},{"type":"Feature","geometry":{"type":"LineString","coordinates":[[-83.90554,35.61123],[-83.90604,35.61115]]},"properties":{"net":"out","o":5}},{"type":"Feature","geometry":{"type":"LineString","coordinates":[[-83.83545,35.27663],[-83.83686,35.27612],[-83.83778,35.27594],[-83.83836,35.27596],[-83.83935,35.27581],[-83.84036,35.27555],[-83.84115,35.27554],[-83.84207,35.27517]]},"properties":{"net":"NC3038","o":1}},{"type":"Feature","geometry":{"type":"LineString","coordinates":[[-83.83133,35.28345],[-83.83232,35.28435],[-83.83242,35.28465],[-83.83435,35.2867]]},"properties":{"net":"NC3038","o":1}},{"type":"Feature","geometry":{"type":"LineString","coordinates":[[-83.83436,35.31523],[-83.83497,35.31608]]},"properties":{"net":"NC3038","o":2}},{"type":"Feature","geometry":{"type":"LineString","coordinates":[[-83.82414,35.3101],[-83.82223,35.31169]]},"properties":{"net":"NC3038","o":3}},{"type":"Feature","geometry":{"type":"LineString","coordinates":[[-83.82021,35.28311],[-83.82015,35.28352],[-83.81972,35.28425],[-83.81958,35.28513]]},"properties":{"net":"NC3038","o":4}},{"type":"Feature","geometry":{"type":"LineString","coordinates":[[-83.81683,35.26943],[-83.81911,35.26992],[-83.81973,35.27017],[-83.82036,35.27015],[-83.82078,35.27025]]},"properties":{"net":"NC3038","o":1}},{"type":"Feature","geometry":{"type":"LineString","coordinates":[[-83.81737,35.32495],[-83.81496,35.32577],[-83.81419,35.32583],[-83.8135,35.32562],[-83.81322,35.32582],[-83.81198,35.32628]]},"properties":{"net":"NC3038","o":2}},{"type":"Feature","geometry":{"type":"LineString","coordinates":[[-83.81997,35.31605],[-83.82019,35.3178],[-83.8201,35.3181],[-83.81956,35.31862],[-83.81941,35.31945],[-83.81924,35.31972],[-83.81827,35.32019],[-83.81771,35.32077],[-83.81671,35.32117],[-83.81481,35.32166],[-83.81425,35.32165],[-83.81378,35.32122],[-83.81344,35.3211],[-83.81248,35.3212],[-83.81163,35.32163]]},"properties":{"net":"NC3038","o":4}},{"type":"Feature","geometry":{"type":"LineString","coordinates":[[-83.82842,35.27728],[-83.82803,35.27756],[-83.82795,35.27807],[-83.82781,35.2783],[-83.82702,35.27907],[-83.8266,35.28002]]},"properties":{"net":"NC3038","o":1}},{"type":"Feature","geometry":{"type":"LineString","coordinates":[[-83.8266,35.28002],[-83.82539,35.28006],[-83.82401,35.28077],[-83.82292,35.28112],[-83.82208,35.28172],[-83.82149,35.28229],[-83.82061,35.28254],[-83.82021,35.28311]]},"properties":{"net":"NC3038","o":2}},{"type":"Feature","geometry":{"type":"LineString","coordinates":[[-83.82438,35.29534],[-83.82468,35.29592],[-83.82481,35.29654],[-83.82476,35.29756],[-83.82439,35.29826]]},"properties":{"net":"NC3038","o":1}},{"type":"Feature","geometry":{"type":"LineString","coordinates":[[-83.81706,35.34431],[-83.81792,35.34402],[-83.81853,35.34392],[-83.81964,35.34289]]},"properties":{"net":"NC3038","o":5}},{"type":"Feature","geometry":{"type":"LineString","coordinates":[[-83.81053,35.33821],[-83.81196,35.33938],[-83.81272,35.34022]]},"properties":{"net":"NC3038","o":5}},{"type":"Feature","geometry":{"type":"LineString","coordinates":[[-83.81016,35.33225],[-83.8091,35.33196]]},"properties":{"net":"NC3038","o":5}},{"type":"Feature","geometry":{"type":"LineString","coordinates":[[-83.80891,35.3319],[-83.80836,35.33179],[-83.80752,35.33205],[-83.80638,35.33289],[-83.80563,35.33361],[-83.80551,35.33386],[-83.80554,35.33437],[-83.80605,35.33579]]},"properties":{"net":"NC3038","o":5}},{"type":"Feature","geometry":{"type":"LineString","coordinates":[[-83.80387,35.33587],[-83.80484,35.33622],[-83.80535,35.33626]]},"properties":{"net":"NC3038","o":4}},{"type":"Feature","geometry":{"type":"LineString","coordinates":[[-83.81667,35.35889],[-83.81709,35.35959],[-83.81729,35.36018],[-83.81771,35.36097],[-83.81787,35.36168],[-83.8177,35.36251],[-83.81697,35.36341],[-83.81718,35.3641]]},"properties":{"net":"NC3038","o":2}},{"type":"Feature","geometry":{"type":"LineString","coordinates":[[-83.82469,35.31843],[-83.82334,35.31791],[-83.82268,35.3175],[-83.82085,35.31669],[-83.8202,35.31611],[-83.81997,35.31605]]},"properties":{"net":"NC3038","o":1}},{"type":"Feature","geometry":{"type":"LineString","coordinates":[[-83.84071,35.35111],[-83.84051,35.35048],[-83.84052,35.34994],[-83.84098,35.34945]]},"properties":{"net":"NC3038","o":1}},{"type":"Feature","geometry":{"type":"LineString","coordinates":[[-83.83616,35.33522],[-83.83584,35.33536],[-83.83559,35.33566]]},"properties":{"net":"NC3038","o":2}},{"type":"Feature","geometry":{"type":"LineString","coordinates":[[-83.82345,35.3485],[-83.82399,35.34798],[-83.82431,35.34748],[-83.82501,35.34691],[-83.82666,35.34607],[-83.82774,35.34522],[-83.82885,35.34465],[-83.82984,35.34434]]},"properties":{"net":"NC3038","o":1}},{"type":"Feature","geometry":{"type":"LineString","coordinates":[[-83.82692,35.36905],[-83.82732,35.36882],[-83.82815,35.36781],[-83.82872,35.36746]]},"properties":{"net":"NC3038","o":1}},{"type":"Feature","geometry":{"type":"LineString","coordinates":[[-83.82243,35.35291],[-83.82343,35.35299],[-83.82439,35.35276],[-83.82652,35.35318],[-83.82775,35.35354]]},"properties":{"net":"NC3038","o":2}},{"type":"Feature","geometry":{"type":"LineString","coordinates":[[-83.80985,35.36962],[-83.81045,35.36856],[-83.8102,35.3675],[-83.81061,35.36503]]},"properties":{"net":"NC3038","o":1}},{"type":"Feature","geometry":{"type":"LineString","coordinates":[[-83.81977,35.25832],[-83.81999,35.25931],[-83.81979,35.2599]]},"properties":{"net":"NC3038","o":2}},{"type":"Feature","geometry":{"type":"LineString","coordinates":[[-83.81979,35.2599],[-83.8196,35.26012],[-83.81945,35.26056]]},"properties":{"net":"NC3038","o":2}},{"type":"Feature","geometry":{"type":"LineString","coordinates":[[-83.81945,35.26056],[-83.81949,35.26159]]},"properties":{"net":"NC3038","o":2}},{"type":"Feature","geometry":{"type":"LineString","coordinates":[[-83.81751,35.25472],[-83.81832,35.25518],[-83.81923,35.25589],[-83.81999,35.25684]]},"properties":{"net":"NC3038","o":1}},{"type":"Feature","geometry":{"type":"LineString","coordinates":[[-83.80104,35.28489],[-83.80164,35.2854],[-83.802,35.28637],[-83.80262,35.28748],[-83.80237,35.28861],[-83.80136,35.28962],[-83.8014,35.29081],[-83.8022,35.29256],[-83.80288,35.29319],[-83.803,35.29343]]},"properties":{"net":"NC3038","o":1}},{"type":"Feature","geometry":{"type":"LineString","coordinates":[[-83.80748,35.29225],[-83.80706,35.29343],[-83.80701,35.29473],[-83.80675,35.29535],[-83.80552,35.29623],[-83.80437,35.29647],[-83.8035,35.2976],[-83.80188,35.29824],[-83.80082,35.29892],[-83.80072,35.29921],[-83.80035,35.29923]]},"properties":{"net":"NC3038","o":1}},{"type":"Feature","geometry":{"type":"LineString","coordinates":[[-83.7863,35.27542],[-83.78692,35.27698],[-83.78701,35.27745]]},"properties":{"net":"NC3038","o":1}},{"type":"Feature","geometry":{"type":"LineString","coordinates":[[-83.7857,35.28018],[-83.78556,35.2804]]},"properties":{"net":"NC3038","o":2}},{"type":"Feature","geometry":{"type":"LineString","coordinates":[[-83.80527,35.30994],[-83.80663,35.31086],[-83.80746,35.31156],[-83.80832,35.31287],[-83.80882,35.31509],[-83.80991,35.3166],[-83.81016,35.31734],[-83.81058,35.3178],[-83.81126,35.31922],[-83.81172,35.32088],[-83.81149,35.3214],[-83.81163,35.32163]]},"properties":{"net":"NC3038","o":1}},{"type":"Feature","geometry":{"type":"LineString","coordinates":[[-83.80416,35.31586],[-83.80371,35.31645],[-83.80338,35.31727],[-83.80325,35.31805],[-83.80281,35.31878],[-83.80265,35.31971],[-83.80247,35.31993],[-83.80217,35.32001]]},"properties":{"net":"NC3038","o":1}},{"type":"Feature","geometry":{"type":"LineString","coordinates":[[-83.77998,35.31],[-83.78102,35.30984],[-83.78169,35.30927],[-83.78239,35.30891],[-83.78282,35.3088],[-83.78326,35.30884],[-83.78373,35.30904],[-83.7839,35.30924],[-83.78422,35.30987],[-83.78431,35.31028],[-83.78453,35.31054],[-83.78546,35.31094],[-83.78681,35.31193],[-83.78834,35.31228],[-83.78896,35.3123],[-83.79286,35.31197],[-83.7939,35.31243],[-83.7944,35.31352],[-83.79477,35.31411],[-83.79516,35.31446],[-83.79572,35.31468],[-83.79597,35.31498],[-83.79661,35.31504],[-83.79705,35.31484],[-83.79744,35.31479]]},"properties":{"net":"NC3038","o":1}},{"type":"Feature","geometry":{"type":"LineString","coordinates":[[-83.80217,35.32001],[-83.80217,35.32027]]},"properties":{"net":"NC3038","o":4}},{"type":"Feature","geometry":{"type":"LineString","coordinates":[[-83.81319,35.36467],[-83.81375,35.36496],[-83.81431,35.36466],[-83.81618,35.36457],[-83.81635,35.36436],[-83.81617,35.36422],[-83.81646,35.36413],[-83.81644,35.36402]]},"properties":{"net":"NC3038","o":3}},{"type":"Feature","geometry":{"type":"LineString","coordinates":[[-83.81171,35.35731],[-83.81256,35.35796],[-83.81351,35.35923],[-83.81397,35.36045],[-83.81442,35.36216],[-83.81503,35.36278],[-83.81559,35.36312],[-83.81619,35.36386],[-83.81644,35.36402]]},"properties":{"net":"NC3038","o":1}},{"type":"Feature","geometry":{"type":"LineString","coordinates":[[-83.81077,35.36473],[-83.81224,35.36488],[-83.81319,35.36467]]},"properties":{"net":"NC3038","o":3}},{"type":"Feature","geometry":{"type":"LineString","coordinates":[[-83.78907,35.32251],[-83.78921,35.32266],[-83.78989,35.3229]]},"properties":{"net":"NC3038","o":4}},{"type":"Feature","geometry":{"type":"LineString","coordinates":[[-83.78391,35.3295],[-83.78341,35.32807]]},"properties":{"net":"NC3038","o":1}},{"type":"Feature","geometry":{"type":"LineString","coordinates":[[-83.78212,35.31381],[-83.7828,35.31389]]},"properties":{"net":"NC3038","o":2}},{"type":"Feature","geometry":{"type":"LineString","coordinates":[[-83.78132,35.32222],[-83.78125,35.32101],[-83.78139,35.32066],[-83.7827,35.31971],[-83.78321,35.31906],[-83.78448,35.31854],[-83.78471,35.31836],[-83.78474,35.31819]]},"properties":{"net":"NC3038","o":1}},{"type":"Feature","geometry":{"type":"LineString","coordinates":[[-83.80876,35.36182],[-83.8093,35.36307],[-83.80941,35.36384]]},"properties":{"net":"NC3038","o":2}},{"type":"Feature","geometry":{"type":"LineString","coordinates":[[-83.80785,35.36458],[-83.80868,35.36439],[-83.80967,35.36432]]},"properties":{"net":"NC3038","o":3}},{"type":"Feature","geometry":{"type":"LineString","coordinates":[[-83.804,35.37181],[-83.80426,35.37135],[-83.80429,35.37097],[-83.80405,35.37012],[-83.8037,35.36942],[-83.80376,35.36888],[-83.80484,35.36706],[-83.80523,35.36593]]},"properties":{"net":"NC3038","o":1}},{"type":"Feature","geometry":{"type":"LineString","coordinates":[[-83.81053,35.37294],[-83.8112,35.37281],[-83.81206,35.37286],[-83.81347,35.37278],[-83.81454,35.37305]]},"properties":{"net":"NC3038","o":1}},{"type":"Feature","geometry":{"type":"LineString","coordinates":[[-83.82177,35.45094],[-83.82239,35.45097],[-83.82368,35.45079]]},"properties":{"net":"NC3039","o":7}},{"type":"Feature","geometry":{"type":"LineString","coordinates":[[-83.78556,35.2804],[-83.78556,35.28083],[-83.78569,35.28112],[-83.78508,35.28201],[-83.78503,35.28287],[-83.7853,35.28366],[-83.78573,35.28412],[-83.78574,35.28428],[-83.78541,35.28549],[-83.7846,35.28681]]},"properties":{"net":"NC3038","o":2}},{"type":"Feature","geometry":{"type":"LineString","coordinates":[[-83.79929,35.29624],[-83.7991,35.29679],[-83.79917,35.29721],[-83.7995,35.29787],[-83.80045,35.29881],[-83.80051,35.29901],[-83.80035,35.29923]]},"properties":{"net":"NC3038","o":2}},{"type":"Feature","geometry":{"type":"LineString","coordinates":[[-83.79668,35.28917],[-83.79647,35.28967],[-83.79582,35.29025],[-83.79517,35.29041],[-83.79224,35.29164],[-83.7914,35.29183],[-83.79096,35.29221]]},"properties":{"net":"NC3038","o":1}},{"type":"Feature","geometry":{"type":"LineString","coordinates":[[-83.78091,35.3738],[-83.78057,35.37299],[-83.78043,35.372],[-83.78004,35.37136],[-83.77992,35.37069],[-83.77964,35.3699],[-83.77961,35.36791],[-83.77846,35.36583],[-83.77819,35.36379],[-83.77825,35.36287],[-83.77863,35.3619],[-83.77949,35.36073],[-83.78,35.35965],[-83.78049,35.35923]]},"properties":{"net":"NC3038","o":2}},{"type":"Feature","geometry":{"type":"LineString","coordinates":[[-83.80202,35.32722],[-83.80204,35.32725]]},"properties":{"net":"NC3038","o":4}},{"type":"Feature","geometry":{"type":"LineString","coordinates":[[-83.80217,35.32027],[-83.80195,35.3205],[-83.80205,35.32073]]},"properties":{"net":"NC3038","o":4}},{"type":"Feature","geometry":{"type":"LineString","coordinates":[[-83.80086,35.32313],[-83.80092,35.32322]]},"properties":{"net":"NC3038","o":1}},{"type":"Feature","geometry":{"type":"LineString","coordinates":[[-83.79744,35.31479],[-83.79828,35.31544]]},"properties":{"net":"NC3038","o":4}},{"type":"Feature","geometry":{"type":"LineString","coordinates":[[-83.795,35.31798],[-83.79591,35.31834],[-83.79703,35.31944],[-83.79761,35.3204],[-83.79805,35.32146],[-83.79827,35.32171],[-83.79892,35.32202],[-83.79976,35.32221],[-83.80016,35.32255],[-83.80028,35.32295],[-83.80086,35.32313]]},"properties":{"net":"NC3038","o":1}},{"type":"Feature","geometry":{"type":"LineString","coordinates":[[-83.77081,35.38284],[-83.77018,35.3821],[-83.76962,35.3809],[-83.76907,35.38016],[-83.7686,35.37995],[-83.76809,35.37949],[-83.76764,35.3789],[-83.76565,35.37743],[-83.76432,35.37696],[-83.76384,35.3765],[-83.76331,35.37625],[-83.76307,35.37595]]},"properties":{"net":"NC3038","o":1}},{"type":"Feature","geometry":{"type":"LineString","coordinates":[[-83.80198,35.35318],[-83.80148,35.35214],[-83.80052,35.35112],[-83.80057,35.34983],[-83.80035,35.34837],[-83.80014,35.34751],[-83.79977,35.34698],[-83.80027,35.34572],[-83.80032,35.34432],[-83.80057,35.34374],[-83.80047,35.34339],[-83.80062,35.34305],[-83.80069,35.34258]]},"properties":{"net":"NC3038","o":1}},{"type":"Feature","geometry":{"type":"LineString","coordinates":[[-83.78942,35.33825],[-83.79066,35.33807],[-83.7912,35.33769]]},"properties":{"net":"NC3038","o":4}},{"type":"Feature","geometry":{"type":"LineString","coordinates":[[-83.7831,35.35234],[-83.78342,35.35196],[-83.78404,35.35158],[-83.78605,35.35093],[-83.78743,35.35009]]},"properties":{"net":"NC3038","o":4}},{"type":"Feature","geometry":{"type":"LineString","coordinates":[[-83.77956,35.3455],[-83.78061,35.34646],[-83.78216,35.34737],[-83.78315,35.34781],[-83.7837,35.34792],[-83.7858,35.348],[-83.78655,35.34824],[-83.78846,35.34792],[-83.78979,35.34821]]},"properties":{"net":"NC3038","o":1}},{"type":"Feature","geometry":{"type":"LineString","coordinates":[[-83.8007,35.36765],[-83.80224,35.36682]]},"properties":{"net":"NC3038","o":3}},{"type":"Feature","geometry":{"type":"LineString","coordinates":[[-83.79387,35.37473],[-83.79465,35.37322],[-83.79505,35.37295],[-83.79572,35.37208],[-83.79575,35.37075],[-83.79625,35.37005]]},"properties":{"net":"NC3038","o":1}},{"type":"Feature","geometry":{"type":"LineString","coordinates":[[-83.79381,35.36415],[-83.79525,35.36464],[-83.79767,35.3664],[-83.79891,35.36701],[-83.79978,35.36708],[-83.80059,35.3665],[-83.80224,35.36682]]},"properties":{"net":"NC3038","o":1}},{"type":"Feature","geometry":{"type":"LineString","coordinates":[[-83.7768,35.29593],[-83.77757,35.29638],[-83.7783,35.29718],[-83.77927,35.29788],[-83.7806,35.29844],[-83.78179,35.29925]]},"properties":{"net":"NC3038","o":4}},{"type":"Feature","geometry":{"type":"LineString","coordinates":[[-83.77276,35.31728],[-83.77361,35.31804],[-83.77395,35.31847],[-83.77434,35.31922],[-83.77462,35.32038],[-83.77528,35.32137],[-83.77573,35.32164]]},"properties":{"net":"NC3038","o":1}},{"type":"Feature","geometry":{"type":"LineString","coordinates":[[-83.76592,35.32335],[-83.76656,35.32338],[-83.76889,35.32409],[-83.77001,35.32392]]},"properties":{"net":"NC3038","o":2}},{"type":"Feature","geometry":{"type":"LineString","coordinates":[[-83.77398,35.33429],[-83.77449,35.33348],[-83.77523,35.33321],[-83.77517,35.33254],[-83.77572,35.33217]]},"properties":{"net":"NC3038","o":1}},{"type":"Feature","geometry":{"type":"LineString","coordinates":[[-83.76614,35.36949],[-83.76695,35.3686]]},"properties":{"net":"NC3038","o":2}},{"type":"Feature","geometry":{"type":"LineString","coordinates":[[-83.76092,35.35875],[-83.76352,35.36078],[-83.76459,35.36196],[-83.76641,35.36336],[-83.76715,35.36416],[-83.76768,35.36443],[-83.76842,35.36457]]},"properties":{"net":"NC3038","o":1}},{"type":"Feature","geometry":{"type":"LineString","coordinates":[[-83.7573,35.37486],[-83.75891,35.37379],[-83.75987,35.37342],[-83.76076,35.3728],[-83.76288,35.37195],[-83.76331,35.37157],[-83.76393,35.37132],[-83.76427,35.37072],[-83.76499,35.37047]]},"properties":{"net":"NC3038","o":1}},{"type":"Feature","geometry":{"type":"LineString","coordinates":[[-83.78332,35.32758],[-83.78322,35.32629],[-83.78331,35.32594],[-83.78344,35.32571],[-83.78432,35.32497]]},"properties":{"net":"NC3038","o":1}},{"type":"Feature","geometry":{"type":"LineString","coordinates":[[-83.77573,35.32164],[-83.77627,35.32128],[-83.77691,35.3211],[-83.77708,35.32072],[-83.77762,35.32046],[-83.77844,35.32037],[-83.77901,35.32004],[-83.7796,35.32006],[-83.7799,35.31988],[-83.78047,35.31995],[-83.78091,35.31974],[-83.78123,35.31973],[-83.78126,35.31924],[-83.78186,35.31908],[-83.7822,35.3188]]},"properties":{"net":"NC3038","o":4}},{"type":"Feature","geometry":{"type":"LineString","coordinates":[[-83.79307,35.37087],[-83.7937,35.37032],[-83.79466,35.37012],[-83.79595,35.36938],[-83.79736,35.3691],[-83.79791,35.36866]]},"properties":{"net":"NC3038","o":2}},{"type":"Feature","geometry":{"type":"LineString","coordinates":[[-83.78817,35.37039],[-83.78953,35.37089],[-83.7913,35.37124],[-83.79307,35.37087]]},"properties":{"net":"NC3038","o":1}},{"type":"Feature","geometry":{"type":"LineString","coordinates":[[-83.78142,35.35806],[-83.78171,35.35728],[-83.7821,35.35665],[-83.78227,35.35599],[-83.78225,35.35523],[-83.78201,35.3546],[-83.78198,35.35428],[-83.78225,35.35332],[-83.78243,35.35311]]},"properties":{"net":"NC3038","o":2}},{"type":"Feature","geometry":{"type":"LineString","coordinates":[[-83.774,35.29791],[-83.77411,35.29778],[-83.7739,35.29758],[-83.77387,35.29743],[-83.77444,35.29693],[-83.77486,35.29669],[-83.7768,35.29593]]},"properties":{"net":"NC3038","o":3}},{"type":"Feature","geometry":{"type":"LineString","coordinates":[[-83.76962,35.29053],[-83.77079,35.29115],[-83.77183,35.29148]]},"properties":{"net":"NC3038","o":4}},{"type":"Feature","geometry":{"type":"LineString","coordinates":[[-83.76269,35.30791],[-83.76138,35.30599],[-83.76101,35.30562],[-83.76002,35.30506],[-83.75954,35.30456],[-83.75918,35.30391],[-83.75917,35.30315]]},"properties":{"net":"NC3038","o":1}},{"type":"Feature","geometry":{"type":"LineString","coordinates":[[-83.77862,35.31387],[-83.77954,35.31386],[-83.78049,35.31372]]},"properties":{"net":"NC3038","o":2}},{"type":"Feature","geometry":{"type":"LineString","coordinates":[[-83.7632,35.33858],[-83.7648,35.33777],[-83.76561,35.33703],[-83.76758,35.33616]]},"properties":{"net":"NC3038","o":1}},{"type":"Feature","geometry":{"type":"LineString","coordinates":[[-83.7612,35.35191],[-83.76092,35.35142],[-83.76069,35.35072],[-83.75917,35.3494],[-83.75906,35.34899],[-83.7592,35.34855],[-83.7586,35.34827],[-83.75744,35.34805],[-83.75634,35.34742],[-83.75575,35.34647],[-83.75467,35.34581],[-83.75441,35.34524],[-83.75426,35.34452],[-83.75306,35.34377],[-83.75276,35.34309]]},"properties":{"net":"NC3038","o":1}},{"type":"Feature","geometry":{"type":"LineString","coordinates":[[-83.77284,35.35489],[-83.77479,35.35419]]},"properties":{"net":"NC3038","o":2}},{"type":"Feature","geometry":{"type":"LineString","coordinates":[[-83.77034,35.37184],[-83.76949,35.37166],[-83.76834,35.37071],[-83.76748,35.3703],[-83.76694,35.36955],[-83.76691,35.36918],[-83.76705,35.36879],[-83.76695,35.3686]]},"properties":{"net":"NC3038","o":2}},{"type":"Feature","geometry":{"type":"LineString","coordinates":[[-83.76532,35.35218],[-83.76695,35.35349]]},"properties":{"net":"NC3038","o":1}},{"type":"Feature","geometry":{"type":"LineString","coordinates":[[-83.77726,35.25207],[-83.77669,35.25288],[-83.77637,35.25365],[-83.77618,35.2555]]},"properties":{"net":"NC3038","o":1}},{"type":"Feature","geometry":{"type":"LineString","coordinates":[[-83.77164,35.2648],[-83.77137,35.26565],[-83.77127,35.26634],[-83.77145,35.2677],[-83.77079,35.26995],[-83.7708,35.27044]]},"properties":{"net":"NC3038","o":1}},{"type":"Feature","geometry":{"type":"LineString","coordinates":[[-83.76869,35.26567],[-83.76727,35.26633],[-83.76577,35.26637],[-83.76531,35.26623],[-83.76357,35.26497]]},"properties":{"net":"NC3038","o":1}},{"type":"Feature","geometry":{"type":"LineString","coordinates":[[-83.77827,35.27002],[-83.77797,35.27],[-83.77673,35.26939],[-83.77564,35.26903],[-83.77462,35.26904]]},"properties":{"net":"NC3038","o":1}},{"type":"Feature","geometry":{"type":"LineString","coordinates":[[-83.77311,35.27257],[-83.77108,35.27194],[-83.77057,35.27162],[-83.76983,35.27096]]},"properties":{"net":"NC3038","o":2}},{"type":"Feature","geometry":{"type":"LineString","coordinates":[[-83.76983,35.27096],[-83.76928,35.27096],[-83.76888,35.2711],[-83.76726,35.27127],[-83.76679,35.27143],[-83.76501,35.27284],[-83.76437,35.27316],[-83.76318,35.27405],[-83.76259,35.27472],[-83.76253,35.27525]]},"properties":{"net":"NC3038","o":3}},{"type":"Feature","geometry":{"type":"LineString","coordinates":[[-83.75525,35.27535],[-83.75542,35.27567],[-83.7555,35.27612],[-83.75603,35.27649],[-83.75825,35.27629],[-83.75909,35.2766],[-83.76069,35.2769],[-83.76122,35.27749]]},"properties":{"net":"NC3038","o":4}},{"type":"Feature","geometry":{"type":"LineString","coordinates":[[-83.77554,35.29303],[-83.77594,35.29342],[-83.77621,35.29388],[-83.7768,35.29593]]},"properties":{"net":"NC3038","o":4}},{"type":"Feature","geometry":{"type":"LineString","coordinates":[[-83.77597,35.34179],[-83.77561,35.34125],[-83.77544,35.34038],[-83.77596,35.33798]]},"properties":{"net":"NC3038","o":1}},{"type":"Feature","geometry":{"type":"LineString","coordinates":[[-83.77847,35.33078],[-83.77803,35.33058],[-83.77758,35.33053],[-83.77623,35.33091],[-83.77491,35.33081]]},"properties":{"net":"NC3038","o":1}},{"type":"Feature","geometry":{"type":"LineString","coordinates":[[-83.76929,35.34611],[-83.76847,35.34621],[-83.76809,35.34617],[-83.76744,35.34574],[-83.76667,35.34558]]},"properties":{"net":"NC3038","o":1}},{"type":"Feature","geometry":{"type":"LineString","coordinates":[[-83.78697,35.25477],[-83.78667,35.25535],[-83.78598,35.25593],[-83.7854,35.25661],[-83.78378,35.25766],[-83.78293,35.25857],[-83.78244,35.25929],[-83.78238,35.25991],[-83.78192,35.26057]]},"properties":{"net":"NC3038","o":1}},{"type":"Feature","geometry":{"type":"LineString","coordinates":[[-83.80026,35.25618],[-83.80407,35.25595],[-83.8053,35.25575],[-83.80584,35.25537],[-83.80694,35.25415],[-83.80791,35.2533],[-83.80814,35.25319],[-83.80865,35.25324],[-83.80896,35.25343],[-83.80958,35.25426],[-83.80994,35.25562],[-83.81034,35.25801],[-83.81092,35.25924],[-83.81134,35.26052],[-83.81178,35.26126],[-83.81244,35.26184]]},"properties":{"net":"NC3038","o":1}},{"type":"Feature","geometry":{"type":"LineString","coordinates":[[-83.79782,35.28186],[-83.79656,35.28232],[-83.79579,35.28297],[-83.79425,35.28402],[-83.79339,35.28444],[-83.79307,35.28482],[-83.79281,35.28556],[-83.79253,35.28578],[-83.7922,35.28592],[-83.79154,35.28594],[-83.79084,35.28615],[-83.79003,35.28701],[-83.78924,35.28746],[-83.78898,35.28775]]},"properties":{"net":"NC3038","o":1}},{"type":"Feature","geometry":{"type":"LineString","coordinates":[[-83.798,35.29438],[-83.79836,35.29518],[-83.79929,35.29624]]},"properties":{"net":"NC3038","o":1}},{"type":"Feature","geometry":{"type":"LineString","coordinates":[[-83.792,35.29961],[-83.79309,35.30097],[-83.79374,35.30323],[-83.79402,35.30345],[-83.79368,35.30435],[-83.79411,35.30556],[-83.79417,35.30607]]},"properties":{"net":"NC3038","o":4}},{"type":"Feature","geometry":{"type":"LineString","coordinates":[[-83.84471,35.28568],[-83.84271,35.28623],[-83.84105,35.28746]]},"properties":{"net":"NC3038","o":3}},{"type":"Feature","geometry":{"type":"LineString","coordinates":[[-83.84048,35.28787],[-83.83975,35.28818],[-83.83947,35.2884],[-83.83919,35.2888],[-83.83848,35.28912],[-83.83802,35.2895]]},"properties":{"net":"NC3038","o":3}},{"type":"Feature","geometry":{"type":"LineString","coordinates":[[-83.83435,35.2867],[-83.83672,35.28789],[-83.83712,35.28825],[-83.83776,35.28912]]},"properties":{"net":"NC3038","o":2}},{"type":"Feature","geometry":{"type":"LineString","coordinates":[[-83.83411,35.28675],[-83.83435,35.2867]]},"properties":{"net":"NC3038","o":2}},{"type":"Feature","geometry":{"type":"LineString","coordinates":[[-83.81833,35.2879],[-83.81772,35.28855]]},"properties":{"net":"NC3038","o":4}},{"type":"Feature","geometry":{"type":"LineString","coordinates":[[-83.75258,35.35949],[-83.75179,35.35894],[-83.75032,35.35729],[-83.74975,35.35636]]},"properties":{"net":"NC3038","o":1}},{"type":"Feature","geometry":{"type":"LineString","coordinates":[[-83.75696,35.382],[-83.75785,35.38107],[-83.7587,35.38047],[-83.75942,35.37936],[-83.76003,35.3787]]},"properties":{"net":"NC3038","o":1}},{"type":"Feature","geometry":{"type":"LineString","coordinates":[[-83.79057,35.25812],[-83.78912,35.25857],[-83.78806,35.25912],[-83.78713,35.25927],[-83.78562,35.25986],[-83.78446,35.2608],[-83.78302,35.2624],[-83.78239,35.26294],[-83.78042,35.26367]]},"properties":{"net":"NC3038","o":1}},{"type":"Feature","geometry":{"type":"LineString","coordinates":[[-83.78737,35.29397],[-83.78774,35.2945]]},"properties":{"net":"NC3038","o":3}},{"type":"Feature","geometry":{"type":"LineString","coordinates":[[-83.78532,35.29951],[-83.78628,35.29929],[-83.78735,35.29855],[-83.78813,35.29836],[-83.78886,35.29802]]},"properties":{"net":"NC3038","o":4}},{"type":"Feature","geometry":{"type":"LineString","coordinates":[[-83.79415,35.33077],[-83.7947,35.33007],[-83.79502,35.32907],[-83.79585,35.32804],[-83.7962,35.32792],[-83.79658,35.32809],[-83.79704,35.32811],[-83.79749,35.32795],[-83.79782,35.32795],[-83.79795,35.32785],[-83.79793,35.32769],[-83.79757,35.32726],[-83.79786,35.3264]]},"properties":{"net":"NC3038","o":1}},{"type":"Feature","geometry":{"type":"LineString","coordinates":[[-83.8236,35.30275],[-83.82291,35.303],[-83.8223,35.30338],[-83.82159,35.30343],[-83.82022,35.30374]]},"properties":{"net":"NC3038","o":1}},{"type":"Feature","geometry":{"type":"LineString","coordinates":[[-83.82022,35.30374],[-83.81976,35.30396],[-83.81991,35.30416],[-83.81993,35.30439]]},"properties":{"net":"NC3038","o":3}},{"type":"Feature","geometry":{"type":"LineString","coordinates":[[-83.81612,35.2911],[-83.8163,35.29157]]},"properties":{"net":"NC3038","o":2}},{"type":"Feature","geometry":{"type":"LineString","coordinates":[[-83.80072,35.30379],[-83.80132,35.30397],[-83.80302,35.30416],[-83.8043,35.30454]]},"properties":{"net":"NC3038","o":1}},{"type":"Feature","geometry":{"type":"LineString","coordinates":[[-83.803,35.29343],[-83.80275,35.29386],[-83.80133,35.29462],[-83.80097,35.29499],[-83.7998,35.2957],[-83.79929,35.29624]]},"properties":{"net":"NC3038","o":2}},{"type":"Feature","geometry":{"type":"LineString","coordinates":[[-83.82156,35.34419],[-83.82151,35.3437],[-83.82128,35.34342]]},"properties":{"net":"NC3038","o":1}},{"type":"Feature","geometry":{"type":"LineString","coordinates":[[-83.72037,35.25423],[-83.71998,35.25512],[-83.71976,35.25592],[-83.71968,35.25726],[-83.7195,35.25774],[-83.71794,35.25861],[-83.7164,35.25993],[-83.71489,35.26177],[-83.71457,35.26281],[-83.7146,35.2635],[-83.71407,35.26408],[-83.7141,35.26429],[-83.71448,35.26476],[-83.71472,35.26534],[-83.71478,35.26609],[-83.7144,35.2681],[-83.71418,35.26868],[-83.71385,35.26917],[-83.71385,35.26942]]},"properties":{"net":"NC3038","o":1}},{"type":"Feature","geometry":{"type":"LineString","coordinates":[[-83.72734,35.29391],[-83.72736,35.29358],[-83.72777,35.29246],[-83.72823,35.29191],[-83.72914,35.29112]]},"properties":{"net":"NC3038","o":1}},{"type":"Feature","geometry":{"type":"LineString","coordinates":[[-83.73091,35.31442],[-83.73172,35.31439]]},"properties":{"net":"NC3038","o":3}},{"type":"Feature","geometry":{"type":"LineString","coordinates":[[-83.71877,35.31599],[-83.71933,35.31591],[-83.72023,35.31612],[-83.72125,35.31588],[-83.72225,35.31602]]},"properties":{"net":"NC3038","o":3}},{"type":"Feature","geometry":{"type":"LineString","coordinates":[[-83.71402,35.3272],[-83.71587,35.3266],[-83.71625,35.32631],[-83.71708,35.3261],[-83.71773,35.32615],[-83.71853,35.326],[-83.71878,35.32609],[-83.71903,35.32634],[-83.71937,35.32638],[-83.72051,35.32579],[-83.72169,35.32547],[-83.72235,35.32545],[-83.72348,35.32519],[-83.72378,35.32501],[-83.72391,35.32461],[-83.72453,35.32437],[-83.72499,35.32439],[-83.72558,35.32468],[-83.72801,35.32486]]},"properties":{"net":"NC3038","o":2}},{"type":"Feature","geometry":{"type":"LineString","coordinates":[[-83.73214,35.33469],[-83.73317,35.33461],[-83.73439,35.33423],[-83.73523,35.33417],[-83.73551,35.33428],[-83.73586,35.3346],[-83.73633,35.33474],[-83.73731,35.33491],[-83.73842,35.33495],[-83.73876,35.33512]]},"properties":{"net":"NC3038","o":2}},{"type":"Feature","geometry":{"type":"LineString","coordinates":[[-83.73419,35.35802],[-83.73401,35.35775],[-83.73387,35.35697],[-83.73323,35.35638],[-83.73309,35.35583],[-83.73285,35.35552],[-83.73245,35.35448]]},"properties":{"net":"NC3038","o":3}},{"type":"Feature","geometry":{"type":"LineString","coordinates":[[-83.72884,35.37229],[-83.72844,35.37166],[-83.72743,35.37051],[-83.72709,35.36992],[-83.72692,35.36926],[-83.7269,35.36823],[-83.72651,35.36721],[-83.7263,35.36564],[-83.72577,35.36466],[-83.72544,35.36368],[-83.72506,35.36298],[-83.72485,35.36222]]},"properties":{"net":"NC3038","o":1}},{"type":"Feature","geometry":{"type":"LineString","coordinates":[[-83.72498,35.37241],[-83.7239,35.37074],[-83.72334,35.37016],[-83.72275,35.36893],[-83.72272,35.36851],[-83.72283,35.36821],[-83.72281,35.36789],[-83.7224,35.36655],[-83.72247,35.36581],[-83.72223,35.3654]]},"properties":{"net":"NC3038","o":1}},{"type":"Feature","geometry":{"type":"LineString","coordinates":[[-83.72223,35.3654],[-83.72233,35.36474],[-83.72271,35.36427],[-83.72335,35.36381],[-83.72449,35.36249]]},"properties":{"net":"NC3038","o":2}},{"type":"Feature","geometry":{"type":"LineString","coordinates":[[-83.72069,35.35965],[-83.72202,35.35997],[-83.72283,35.36113],[-83.72382,35.3618],[-83.72449,35.36249]]},"properties":{"net":"NC3038","o":1}},{"type":"Feature","geometry":{"type":"LineString","coordinates":[[-83.69692,35.26601],[-83.69669,35.26641],[-83.69648,35.26721],[-83.69611,35.2678],[-83.69619,35.26902],[-83.69645,35.26937],[-83.69689,35.26969],[-83.69763,35.27008],[-83.69842,35.27037],[-83.69938,35.27109]]},"properties":{"net":"NC3038","o":1}},{"type":"Feature","geometry":{"type":"LineString","coordinates":[[-83.71304,35.28532],[-83.71308,35.28507],[-83.71327,35.2848],[-83.71412,35.284],[-83.71512,35.28345],[-83.7153,35.28285],[-83.71565,35.28248],[-83.71617,35.28216],[-83.71687,35.28137]]},"properties":{"net":"NC3038","o":3}},{"type":"Feature","geometry":{"type":"LineString","coordinates":[[-83.71502,35.29588],[-83.71456,35.2956],[-83.71405,35.29511],[-83.7133,35.29394],[-83.71311,35.29269],[-83.71318,35.29182]]},"properties":{"net":"NC3038","o":1}},{"type":"Feature","geometry":{"type":"LineString","coordinates":[[-83.71111,35.29037],[-83.71046,35.28894],[-83.7104,35.28858],[-83.71055,35.28822]]},"properties":{"net":"NC3038","o":3}},{"type":"Feature","geometry":{"type":"LineString","coordinates":[[-83.71024,35.2923],[-83.71065,35.29195],[-83.71104,35.29143],[-83.71111,35.29037]]},"properties":{"net":"NC3038","o":2}},{"type":"Feature","geometry":{"type":"LineString","coordinates":[[-83.70614,35.3013],[-83.7073,35.30047],[-83.70755,35.30001],[-83.7081,35.29943],[-83.7083,35.29862]]},"properties":{"net":"NC3038","o":2}},{"type":"Feature","geometry":{"type":"LineString","coordinates":[[-83.69891,35.29803],[-83.69949,35.29771],[-83.7003,35.29747],[-83.70167,35.29743],[-83.70295,35.29757],[-83.70368,35.29743],[-83.70558,35.29682],[-83.70686,35.2963],[-83.709,35.29644]]},"properties":{"net":"NC3038","o":1}},{"type":"Feature","geometry":{"type":"LineString","coordinates":[[-83.69383,35.31351],[-83.69484,35.31277],[-83.69561,35.31138],[-83.69706,35.31016],[-83.69899,35.30975],[-83.70047,35.30894],[-83.70076,35.3075],[-83.70212,35.30566],[-83.70239,35.30515],[-83.70299,35.30467],[-83.70367,35.30391],[-83.70508,35.30318]]},"properties":{"net":"NC3038","o":1}},{"type":"Feature","geometry":{"type":"LineString","coordinates":[[-83.71118,35.30929],[-83.7115,35.30965],[-83.71225,35.31017],[-83.71275,35.31088],[-83.71339,35.31154],[-83.71373,35.31177]]},"properties":{"net":"NC3038","o":1}},{"type":"Feature","geometry":{"type":"LineString","coordinates":[[-83.70243,35.31845],[-83.70279,35.31852],[-83.70325,35.31891],[-83.70356,35.31889],[-83.70457,35.3185],[-83.7053,35.31835],[-83.70572,35.31813],[-83.70599,35.31783],[-83.70621,35.3173]]},"properties":{"net":"NC3038","o":2}},{"type":"Feature","geometry":{"type":"LineString","coordinates":[[-83.68856,35.32325],[-83.68984,35.32332],[-83.69095,35.32314],[-83.69193,35.32316],[-83.69292,35.32346],[-83.69369,35.32392],[-83.69479,35.32432]]},"properties":{"net":"NC3038","o":1}},{"type":"Feature","geometry":{"type":"LineString","coordinates":[[-83.85838,35.35016],[-83.8568,35.35164],[-83.85681,35.35265],[-83.85907,35.35432],[-83.85909,35.35458],[-83.86329,35.3577]]},"properties":{"net":"NC3038","o":6}},{"type":"Feature","geometry":{"type":"LineString","coordinates":[[-83.85377,35.33558],[-83.85392,35.33666],[-83.85392,35.33738],[-83.85383,35.33746],[-83.85388,35.33821],[-83.85338,35.33867],[-83.85308,35.33879],[-83.85255,35.33881],[-83.85066,35.33737],[-83.85042,35.33713],[-83.85033,35.3363],[-83.85009,35.33606],[-83.85008,35.33577],[-83.84953,35.33543],[-83.84825,35.33544],[-83.848,35.33567],[-83.84769,35.33568],[-83.84736,35.33598],[-83.84701,35.336],[-83.84667,35.3363],[-83.84614,35.33632],[-83.8456,35.33681],[-83.84544,35.33711],[-83.84544,35.33779],[-83.84595,35.33817],[-83.84609,35.33842],[-83.84697,35.33907],[-83.84705,35.33975],[-83.84638,35.34036],[-83.84617,35.34044],[-83.84444,35.34067]]},"properties":{"net":"NC3038","o":5}},{"type":"Feature","geometry":{"type":"LineString","coordinates":[[-83.8415,35.35727],[-83.84238,35.35745],[-83.84278,35.35743],[-83.84447,35.3578],[-83.84537,35.35816],[-83.84656,35.35807],[-83.8467,35.35818],[-83.84731,35.35815],[-83.84741,35.35822],[-83.84894,35.35816],[-83.84913,35.3583],[-83.84935,35.35829],[-83.84976,35.3586],[-83.85007,35.35858],[-83.85044,35.35882],[-83.85093,35.35898],[-83.85137,35.359],[-83.8517,35.35924],[-83.85307,35.35929],[-83.85362,35.3597],[-83.8563,35.35963],[-83.85676,35.35987],[-83.85734,35.35999]]},"properties":{"net":"NC3038","o":1}},{"type":"Feature","geometry":{"type":"LineString","coordinates":[[-83.85564,35.46351],[-83.85549,35.46175],[-83.85494,35.46097],[-83.85458,35.46069],[-83.85429,35.46016],[-83.85367,35.45986],[-83.85256,35.45866],[-83.85219,35.45803],[-83.85187,35.45778],[-83.8517,35.45737],[-83.85131,35.45705],[-83.85053,35.456],[-83.84949,35.45585],[-83.84898,35.45589],[-83.84769,35.45553],[-83.84698,35.45562],[-83.84676,35.45546],[-83.84641,35.45543],[-83.84606,35.45506],[-83.84517,35.45472]]},"properties":{"net":"NC3039","o":1}},{"type":"Feature","geometry":{"type":"LineString","coordinates":[[-83.83663,35.35039],[-83.83761,35.34991],[-83.83845,35.34988],[-83.83912,35.35007],[-83.84,35.35],[-83.84043,35.34984],[-83.84098,35.34945]]},"properties":{"net":"NC3038","o":3}},{"type":"Feature","geometry":{"type":"LineString","coordinates":[[-83.84962,35.31799],[-83.84961,35.31792]]},"properties":{"net":"NC3038","o":2}},{"type":"Feature","geometry":{"type":"LineString","coordinates":[[-83.85618,35.32204],[-83.85514,35.32231],[-83.85462,35.32228],[-83.85407,35.32205],[-83.85349,35.32161],[-83.85266,35.32127],[-83.85183,35.32064],[-83.85098,35.31972],[-83.84995,35.31881],[-83.84968,35.31846],[-83.84962,35.31799]]},"properties":{"net":"NC3038","o":2}},{"type":"Feature","geometry":{"type":"LineString","coordinates":[[-83.84918,35.31122],[-83.84911,35.3117]]},"properties":{"net":"NC3038","o":2}},{"type":"Feature","geometry":{"type":"LineString","coordinates":[[-83.84822,35.31355],[-83.84814,35.31433],[-83.84847,35.31471],[-83.84854,35.31514],[-83.84812,35.31559],[-83.84744,35.31595]]},"properties":{"net":"NC3038","o":5}},{"type":"Feature","geometry":{"type":"LineString","coordinates":[[-83.83478,35.47272],[-83.83546,35.47301],[-83.83624,35.47356],[-83.83723,35.47394],[-83.83854,35.47401],[-83.83914,35.47393],[-83.83946,35.47401],[-83.83969,35.47427],[-83.84039,35.47439],[-83.84064,35.4746],[-83.84144,35.47442],[-83.84223,35.47444]]},"properties":{"net":"NC3039","o":1}},{"type":"Feature","geometry":{"type":"LineString","coordinates":[[-83.86224,35.44967],[-83.86182,35.44905]]},"properties":{"net":"NC3039","o":1}},{"type":"Feature","geometry":{"type":"LineString","coordinates":[[-83.84888,35.45399],[-83.84847,35.45284]]},"properties":{"net":"NC3039","o":1}},{"type":"Feature","geometry":{"type":"LineString","coordinates":[[-83.84847,35.45284],[-83.84822,35.4523]]},"properties":{"net":"NC3039","o":1}},{"type":"Feature","geometry":{"type":"LineString","coordinates":[[-83.84744,35.45375],[-83.8474,35.45325]]},"properties":{"net":"NC3039","o":1}},{"type":"Feature","geometry":{"type":"LineString","coordinates":[[-83.82485,35.50402],[-83.82561,35.50322],[-83.82648,35.5026],[-83.82658,35.50216],[-83.8274,35.50167],[-83.82794,35.50091],[-83.82862,35.50051],[-83.82896,35.50001],[-83.82947,35.49969],[-83.82994,35.49888],[-83.83125,35.49797],[-83.83227,35.49766],[-83.83276,35.49737],[-83.83311,35.49677],[-83.83296,35.49632]]},"properties":{"net":"NC3039","o":2}},{"type":"Feature","geometry":{"type":"LineString","coordinates":[[-83.84024,35.50254],[-83.83957,35.5024]]},"properties":{"net":"NC3039","o":2}},{"type":"Feature","geometry":{"type":"LineString","coordinates":[[-83.84469,35.43983],[-83.84521,35.44025],[-83.84655,35.44056],[-83.84705,35.44099]]},"properties":{"net":"NC3039","o":2}},{"type":"Feature","geometry":{"type":"LineString","coordinates":[[-83.85563,35.47363],[-83.85607,35.47345],[-83.85625,35.47244],[-83.85645,35.47201],[-83.85701,35.47196],[-83.85753,35.47165],[-83.85943,35.47105]]},"properties":{"net":"NC3039","o":4}},{"type":"Feature","geometry":{"type":"LineString","coordinates":[[-83.85693,35.48353],[-83.85685,35.48219],[-83.85727,35.48171],[-83.85725,35.48137],[-83.85784,35.48036],[-83.85794,35.47992],[-83.8582,35.47953],[-83.85819,35.47892],[-83.85792,35.4785],[-83.85806,35.47823],[-83.85806,35.47795],[-83.85785,35.47761],[-83.85765,35.47696],[-83.8572,35.47675],[-83.85701,35.47676],[-83.85662,35.47653],[-83.85646,35.47625],[-83.85644,35.4759],[-83.85591,35.47515],[-83.85578,35.4745],[-83.85563,35.47423],[-83.85563,35.47363]]},"properties":{"net":"NC3039","o":1}},{"type":"Feature","geometry":{"type":"LineString","coordinates":[[-83.84625,35.48001],[-83.84691,35.47927],[-83.84742,35.4775],[-83.84775,35.47725],[-83.84809,35.47678]]},"properties":{"net":"NC3039","o":4}},{"type":"Feature","geometry":{"type":"LineString","coordinates":[[-83.83885,35.59483],[-83.83923,35.59498],[-83.83936,35.59516],[-83.84055,35.59493],[-83.84083,35.59497],[-83.841,35.59508],[-83.84105,35.59534],[-83.84139,35.59543],[-83.84153,35.5954],[-83.84164,35.59515],[-83.84195,35.59529],[-83.84208,35.59524],[-83.84194,35.59497],[-83.84188,35.59446]]},"properties":{"net":"out","o":4}},{"type":"Feature","geometry":{"type":"LineString","coordinates":[[-83.83015,35.59102],[-83.83041,35.5911],[-83.8314,35.59102],[-83.83288,35.59112],[-83.83324,35.59158],[-83.83315,35.59191]]},"properties":{"net":"out","o":4}},{"type":"Feature","geometry":{"type":"LineString","coordinates":[[-83.84564,35.4961],[-83.8452,35.49601],[-83.845,35.49586],[-83.84457,35.49506],[-83.84404,35.49438],[-83.84386,35.49431],[-83.84325,35.49372],[-83.84278,35.49257],[-83.84248,35.49232],[-83.84232,35.49186],[-83.84172,35.49133],[-83.84165,35.49107],[-83.84102,35.49053],[-83.84031,35.49036],[-83.83986,35.48999],[-83.8398,35.48953],[-83.8395,35.48911],[-83.83941,35.48753]]},"properties":{"net":"NC3039","o":1}},{"type":"Feature","geometry":{"type":"LineString","coordinates":[[-83.84593,35.50063],[-83.84554,35.50055],[-83.84471,35.50078],[-83.844,35.50063],[-83.84299,35.50074],[-83.84276,35.50065],[-83.84251,35.50039],[-83.84202,35.50028],[-83.8417,35.50002],[-83.84105,35.49984],[-83.84068,35.49955],[-83.83891,35.49928],[-83.83756,35.49825],[-83.8368,35.49812],[-83.83639,35.49789],[-83.83614,35.49747],[-83.83542,35.49699],[-83.83508,35.49663],[-83.83501,35.49639],[-83.8346,35.49585],[-83.83451,35.49555],[-83.83436,35.49541],[-83.8344,35.49522]]},"properties":{"net":"NC3039","o":1}},{"type":"Feature","geometry":{"type":"LineString","coordinates":[[-83.85695,35.51603],[-83.85738,35.51536],[-83.85752,35.51487],[-83.8577,35.51478],[-83.85795,35.51438],[-83.85908,35.51344],[-83.85921,35.51312],[-83.85956,35.51277],[-83.8596,35.51238],[-83.85948,35.51214]]},"properties":{"net":"NC3039","o":2}},{"type":"Feature","geometry":{"type":"LineString","coordinates":[[-83.85449,35.52049],[-83.85422,35.51967],[-83.85391,35.51935],[-83.85379,35.51897],[-83.85395,35.51869],[-83.85407,35.51795],[-83.85452,35.5172],[-83.8549,35.51686],[-83.85539,35.51672],[-83.8556,35.51649],[-83.85595,35.51645],[-83.85648,35.51616],[-83.85695,35.51603]]},"properties":{"net":"NC3039","o":1}},{"type":"Feature","geometry":{"type":"LineString","coordinates":[[-83.8599,35.59485],[-83.86017,35.59498],[-83.86026,35.59539],[-83.86016,35.59599],[-83.85981,35.59659],[-83.85989,35.59696]]},"properties":{"net":"out","o":5}},{"type":"Feature","geometry":{"type":"LineString","coordinates":[[-83.84541,35.5932],[-83.84575,35.59317],[-83.84633,35.59337],[-83.8468,35.59321],[-83.84681,35.59301],[-83.84693,35.59291],[-83.84718,35.59319],[-83.8477,35.5934],[-83.84864,35.59319]]},"properties":{"net":"out","o":4}},{"type":"Feature","geometry":{"type":"LineString","coordinates":[[-83.82572,35.35097],[-83.8262,35.35187],[-83.82677,35.35239],[-83.82775,35.35354]]},"properties":{"net":"NC3038","o":1}},{"type":"Feature","geometry":{"type":"LineString","coordinates":[[-83.82361,35.33028],[-83.82422,35.33099],[-83.82528,35.33255],[-83.82547,35.33298],[-83.82547,35.33341],[-83.82616,35.33364],[-83.82763,35.33479],[-83.82793,35.33513]]},"properties":{"net":"NC3038","o":1}},{"type":"Feature","geometry":{"type":"LineString","coordinates":[[-83.84482,35.45397],[-83.84455,35.45316]]},"properties":{"net":"NC3039","o":2}},{"type":"Feature","geometry":{"type":"LineString","coordinates":[[-83.84232,35.45197],[-83.84306,35.45262],[-83.8436,35.45291]]},"properties":{"net":"NC3039","o":7}},{"type":"Feature","geometry":{"type":"LineString","coordinates":[[-83.83509,35.44944],[-83.83577,35.44918],[-83.83705,35.44891],[-83.83875,35.44907],[-83.83936,35.44934],[-83.83997,35.44978],[-83.84232,35.45197]]},"properties":{"net":"NC3039","o":7}},{"type":"Feature","geometry":{"type":"LineString","coordinates":[[-83.83116,35.45036],[-83.83122,35.45143]]},"properties":{"net":"NC3039","o":2}},{"type":"Feature","geometry":{"type":"LineString","coordinates":[[-83.83671,35.43896],[-83.83662,35.43834],[-83.83637,35.43798],[-83.83556,35.43737],[-83.83514,35.4373],[-83.8336,35.43774],[-83.83239,35.4379],[-83.83206,35.43785],[-83.83116,35.43734],[-83.83065,35.43719]]},"properties":{"net":"sm54728","o":1}},{"type":"Feature","geometry":{"type":"LineString","coordinates":[[-83.8274,35.45157],[-83.8272,35.45141]]},"properties":{"net":"NC3039","o":1}},{"type":"Feature","geometry":{"type":"LineString","coordinates":[[-83.82481,35.43716],[-83.82502,35.43861],[-83.82573,35.43939]]},"properties":{"net":"sm54728","o":2}},{"type":"Feature","geometry":{"type":"LineString","coordinates":[[-83.81733,35.4526],[-83.81757,35.45239],[-83.81755,35.45198],[-83.81766,35.45167],[-83.81793,35.45139],[-83.818,35.45098],[-83.8183,35.45066]]},"properties":{"net":"NC3039","o":2}},{"type":"Feature","geometry":{"type":"LineString","coordinates":[[-83.83427,35.46863],[-83.83414,35.46767],[-83.83424,35.46692],[-83.83429,35.46673],[-83.83455,35.46651],[-83.83487,35.46565],[-83.83498,35.46484],[-83.83491,35.46355],[-83.83453,35.46222],[-83.83461,35.46197],[-83.83445,35.46167],[-83.83439,35.46116],[-83.83459,35.45989],[-83.83373,35.45811],[-83.83416,35.45748],[-83.83487,35.45695]]},"properties":{"net":"NC3039","o":1}},{"type":"Feature","geometry":{"type":"LineString","coordinates":[[-83.82565,35.46932],[-83.82567,35.46897],[-83.826,35.46795],[-83.82598,35.46702],[-83.82614,35.46656],[-83.82601,35.46597]]},"properties":{"net":"NC3039","o":2}},{"type":"Feature","geometry":{"type":"LineString","coordinates":[[-83.83941,35.48753],[-83.83991,35.48715],[-83.84018,35.48625],[-83.84064,35.48616],[-83.84134,35.48557],[-83.84206,35.48552]]},"properties":{"net":"NC3039","o":4}},{"type":"Feature","geometry":{"type":"LineString","coordinates":[[-83.83473,35.49381],[-83.83518,35.49306],[-83.83583,35.4926],[-83.83582,35.49239],[-83.83526,35.4915],[-83.83533,35.49121],[-83.83585,35.49063],[-83.83666,35.49004],[-83.83697,35.48942],[-83.83737,35.48909],[-83.8388,35.48836],[-83.83899,35.48795],[-83.83941,35.48753]]},"properties":{"net":"NC3039","o":4}},{"type":"Feature","geometry":{"type":"LineString","coordinates":[[-83.8342,35.48684],[-83.83473,35.48695],[-83.83548,35.48689],[-83.83651,35.48627]]},"properties":{"net":"NC3039","o":2}},{"type":"Feature","geometry":{"type":"LineString","coordinates":[[-83.83386,35.50001],[-83.83434,35.4988],[-83.83445,35.49823],[-83.8342,35.4977],[-83.83394,35.49674],[-83.83397,35.4957],[-83.83423,35.49531],[-83.8344,35.49522]]},"properties":{"net":"NC3039","o":3}},{"type":"Feature","geometry":{"type":"LineString","coordinates":[[-83.84077,35.50778],[-83.84051,35.50696],[-83.84054,35.50638],[-83.83993,35.50591],[-83.83936,35.50507],[-83.83891,35.50475],[-83.83836,35.50333],[-83.83771,35.50259],[-83.83735,35.50185]]},"properties":{"net":"NC3039","o":1}},{"type":"Feature","geometry":{"type":"LineString","coordinates":[[-83.82145,35.50796],[-83.82245,35.5075],[-83.82267,35.5073],[-83.82325,35.50613],[-83.82346,35.50527],[-83.8241,35.50472],[-83.82457,35.50451],[-83.82485,35.50402]]},"properties":{"net":"NC3039","o":2}},{"type":"Feature","geometry":{"type":"LineString","coordinates":[[-83.82743,35.59116],[-83.82831,35.59122]]},"properties":{"net":"out","o":4}},{"type":"Feature","geometry":{"type":"LineString","coordinates":[[-83.81759,35.43987],[-83.81672,35.43982],[-83.816,35.43954],[-83.81548,35.4396],[-83.81498,35.4397],[-83.81428,35.44013],[-83.81353,35.44036]]},"properties":{"net":"NC3039","o":1}},{"type":"Feature","geometry":{"type":"LineString","coordinates":[[-83.81063,35.44914],[-83.81137,35.44887],[-83.81211,35.44812]]},"properties":{"net":"NC3039","o":1}},{"type":"Feature","geometry":{"type":"LineString","coordinates":[[-83.80749,35.44365],[-83.80798,35.4442]]},"properties":{"net":"NC3039","o":2}},{"type":"Feature","geometry":{"type":"LineString","coordinates":[[-83.82277,35.47981],[-83.82266,35.47816],[-83.82296,35.47749],[-83.82284,35.47689],[-83.82259,35.47634],[-83.82212,35.47589],[-83.82204,35.47565],[-83.82184,35.47543],[-83.82154,35.47521],[-83.82092,35.47497],[-83.8203,35.47413],[-83.82001,35.47389],[-83.81962,35.47375],[-83.81957,35.47348],[-83.81932,35.47318],[-83.81872,35.47283],[-83.81812,35.4727],[-83.81667,35.47172]]},"properties":{"net":"NC3039","o":1}},{"type":"Feature","geometry":{"type":"LineString","coordinates":[[-83.73536,35.26325],[-83.73523,35.26368],[-83.73452,35.26442],[-83.73362,35.26714],[-83.73365,35.2681],[-83.73379,35.26888],[-83.73428,35.27018]]},"properties":{"net":"NC3038","o":3}},{"type":"Feature","geometry":{"type":"LineString","coordinates":[[-83.71905,35.32049],[-83.72032,35.32022],[-83.72167,35.31934],[-83.72181,35.31901],[-83.72186,35.31853],[-83.7217,35.31787],[-83.72196,35.31724],[-83.72199,35.3166],[-83.72225,35.31602]]},"properties":{"net":"NC3038","o":1}},{"type":"Feature","geometry":{"type":"LineString","coordinates":[[-83.74477,35.25137],[-83.74446,35.25219],[-83.74357,35.2532],[-83.74293,35.25468]]},"properties":{"net":"NC3038","o":2}},{"type":"Feature","geometry":{"type":"LineString","coordinates":[[-83.75474,35.28468],[-83.75551,35.28467],[-83.75672,35.28428],[-83.75692,35.28415],[-83.75716,35.28379],[-83.75751,35.28355]]},"properties":{"net":"NC3038","o":1}},{"type":"Feature","geometry":{"type":"LineString","coordinates":[[-83.75187,35.27961],[-83.75096,35.27965],[-83.74926,35.27914]]},"properties":{"net":"NC3038","o":1}},{"type":"Feature","geometry":{"type":"LineString","coordinates":[[-83.74843,35.27282],[-83.74875,35.27251]]},"properties":{"net":"NC3038","o":4}},{"type":"Feature","geometry":{"type":"LineString","coordinates":[[-83.75767,35.32657],[-83.75795,35.32764],[-83.75827,35.32824]]},"properties":{"net":"NC3038","o":2}},{"type":"Feature","geometry":{"type":"LineString","coordinates":[[-83.74833,35.31139],[-83.74891,35.31037],[-83.74901,35.3098],[-83.74943,35.30928]]},"properties":{"net":"NC3038","o":3}},{"type":"Feature","geometry":{"type":"LineString","coordinates":[[-83.74609,35.32152],[-83.74551,35.31953],[-83.74533,35.31657],[-83.74516,35.31625],[-83.7448,35.31593],[-83.74438,35.31511]]},"properties":{"net":"NC3038","o":1}},{"type":"Feature","geometry":{"type":"LineString","coordinates":[[-83.73659,35.3162],[-83.73704,35.31617],[-83.73802,35.31573],[-83.74003,35.31587],[-83.74131,35.3155],[-83.74356,35.31534],[-83.74438,35.31511]]},"properties":{"net":"NC3038","o":3}},{"type":"Feature","geometry":{"type":"LineString","coordinates":[[-83.75276,35.34309],[-83.75324,35.3426],[-83.75359,35.3419]]},"properties":{"net":"NC3038","o":3}},{"type":"Feature","geometry":{"type":"LineString","coordinates":[[-83.74262,35.34815],[-83.74211,35.34701],[-83.74126,35.34587],[-83.74059,35.34437]]},"properties":{"net":"NC3038","o":1}},{"type":"Feature","geometry":{"type":"LineString","coordinates":[[-83.75503,35.37013],[-83.75549,35.37016],[-83.75581,35.37007]]},"properties":{"net":"NC3038","o":2}},{"type":"Feature","geometry":{"type":"LineString","coordinates":[[-83.75482,35.37323],[-83.75516,35.37159],[-83.75578,35.37039],[-83.75581,35.37007]]},"properties":{"net":"NC3038","o":1}},{"type":"Feature","geometry":{"type":"LineString","coordinates":[[-83.93306,35.26602],[-83.93234,35.26597],[-83.93162,35.26609],[-83.9307,35.26687],[-83.92958,35.26719],[-83.9288,35.26801],[-83.92803,35.26844],[-83.92783,35.26884],[-83.92775,35.27037]]},"properties":{"net":"NC6264","o":4}},{"type":"Feature","geometry":{"type":"LineString","coordinates":[[-83.98235,35.29447],[-83.98179,35.294],[-83.98053,35.2933],[-83.97964,35.29308],[-83.97782,35.29209],[-83.97742,35.29203],[-83.97637,35.29202],[-83.97447,35.29232],[-83.97348,35.29277],[-83.97234,35.29307],[-83.97175,35.29342]]},"properties":{"net":"NC3038","o":1}},{"type":"Feature","geometry":{"type":"LineString","coordinates":[[-83.97237,35.44768],[-83.97305,35.44887],[-83.97294,35.44989],[-83.97313,35.4511],[-83.97323,35.45295]]},"properties":{"net":"out","o":4}},{"type":"Feature","geometry":{"type":"LineString","coordinates":[[-83.9897,35.4788],[-83.9888,35.4787],[-83.98796,35.47837]]},"properties":{"net":"out","o":4}},{"type":"Feature","geometry":{"type":"LineString","coordinates":[[-83.98043,35.4882],[-83.98071,35.48771],[-83.98141,35.48715],[-83.98254,35.48686],[-83.98486,35.48684],[-83.98591,35.48713]]},"properties":{"net":"out","o":7}},{"type":"Feature","geometry":{"type":"LineString","coordinates":[[-83.93623,35.32538],[-83.93904,35.32428],[-83.94023,35.32361]]},"properties":{"net":"NC3038","o":1}},{"type":"Feature","geometry":{"type":"LineString","coordinates":[[-83.94567,35.3393],[-83.945,35.339],[-83.94447,35.33899],[-83.94398,35.33915],[-83.94357,35.33946],[-83.94336,35.33981],[-83.94327,35.3406]]},"properties":{"net":"NC3217","o":4}},{"type":"Feature","geometry":{"type":"LineString","coordinates":[[-83.93634,35.38141],[-83.93595,35.38064],[-83.9355,35.38023],[-83.93484,35.37915],[-83.93438,35.37781],[-83.93406,35.37739]]},"properties":{"net":"sm2628","o":1}},{"type":"Feature","geometry":{"type":"LineString","coordinates":[[-83.9329,35.3761],[-83.93128,35.37478],[-83.93042,35.37366]]},"properties":{"net":"sm2628","o":2}},{"type":"Feature","geometry":{"type":"LineString","coordinates":[[-83.92519,35.30119],[-83.92423,35.30104],[-83.92366,35.30118],[-83.92304,35.3015],[-83.92271,35.30152],[-83.92139,35.30136],[-83.9198,35.30131],[-83.91835,35.30143]]},"properties":{"net":"NC3038","o":1}},{"type":"Feature","geometry":{"type":"LineString","coordinates":[[-83.91272,35.30968],[-83.91246,35.31023],[-83.91184,35.31113],[-83.91121,35.31153],[-83.91051,35.31171],[-83.90985,35.31176],[-83.90912,35.31171],[-83.90782,35.31144]]},"properties":{"net":"NC3038","o":4}},{"type":"Feature","geometry":{"type":"LineString","coordinates":[[-83.91253,35.35424],[-83.91297,35.35404],[-83.91346,35.35341],[-83.91429,35.35334],[-83.91448,35.3534]]},"properties":{"net":"NC3217","o":4}},{"type":"Feature","geometry":{"type":"LineString","coordinates":[[-83.90929,35.3545],[-83.90923,35.35481],[-83.90936,35.35491],[-83.91103,35.3547],[-83.91189,35.35434],[-83.91253,35.35424]]},"properties":{"net":"NC3217","o":4}},{"type":"Feature","geometry":{"type":"LineString","coordinates":[[-83.909,35.37005],[-83.90903,35.37045],[-83.90865,35.37075],[-83.90769,35.37093]]},"properties":{"net":"NC3038","o":5}},{"type":"Feature","geometry":{"type":"LineString","coordinates":[[-83.93496,35.23413],[-83.93422,35.23471],[-83.93356,35.23501]]},"properties":{"net":"NC6264","o":4}},{"type":"Feature","geometry":{"type":"LineString","coordinates":[[-83.93356,35.23501],[-83.93299,35.23505],[-83.93248,35.23523]]},"properties":{"net":"NC6264","o":4}},{"type":"Feature","geometry":{"type":"LineString","coordinates":[[-83.92645,35.45811],[-83.92692,35.45719]]},"properties":{"net":"NC3039","o":1}},{"type":"Feature","geometry":{"type":"LineString","coordinates":[[-83.92439,35.46149],[-83.92439,35.46149]]},"properties":{"net":"NC3090","o":4}},{"type":"Feature","geometry":{"type":"LineString","coordinates":[[-83.92439,35.46149],[-83.92423,35.46125],[-83.92398,35.46121]]},"properties":{"net":"NC3039","o":4}},{"type":"Feature","geometry":{"type":"LineString","coordinates":[[-83.91999,35.45958],[-83.92153,35.45746]]},"properties":{"net":"NC3039","o":7}},{"type":"Feature","geometry":{"type":"LineString","coordinates":[[-83.9483,35.58884],[-83.94878,35.58838],[-83.94931,35.58808],[-83.95041,35.58782],[-83.95092,35.58786],[-83.95339,35.5889],[-83.95636,35.5892],[-83.95707,35.58915],[-83.95863,35.5888],[-83.95989,35.58902],[-83.96058,35.58902],[-83.9611,35.5889],[-83.96191,35.58847],[-83.96263,35.58834],[-83.96307,35.58848],[-83.96476,35.58968],[-83.96605,35.59038]]},"properties":{"net":"out","o":5}},{"type":"Feature","geometry":{"type":"LineString","coordinates":[[-83.90908,35.24685],[-83.91037,35.24735],[-83.91081,35.2474],[-83.91125,35.24733],[-83.91195,35.24702],[-83.91323,35.24688],[-83.91437,35.24649],[-83.91487,35.24643],[-83.91521,35.24657],[-83.91592,35.24786],[-83.91691,35.24865],[-83.91707,35.24898],[-83.91693,35.2506],[-83.91701,35.25156]]},"properties":{"net":"NC6264","o":4}},{"type":"Feature","geometry":{"type":"LineString","coordinates":[[-83.90802,35.24631],[-83.90908,35.24685]]},"properties":{"net":"NC6264","o":4}},{"type":"Feature","geometry":{"type":"LineString","coordinates":[[-83.92365,35.27325],[-83.92303,35.27322],[-83.92223,35.27347]]},"properties":{"net":"NC6264","o":4}},{"type":"Feature","geometry":{"type":"LineString","coordinates":[[-83.91923,35.2923],[-83.91966,35.29305],[-83.92061,35.2941],[-83.92206,35.29476],[-83.92256,35.29513],[-83.92275,35.29547]]},"properties":{"net":"NC3038","o":1}},{"type":"Feature","geometry":{"type":"LineString","coordinates":[[-83.89617,35.4859],[-83.89659,35.48561],[-83.89674,35.48524],[-83.89725,35.48467],[-83.89813,35.48419],[-83.89827,35.48394],[-83.89864,35.48377],[-83.8992,35.48374],[-83.89946,35.48355],[-83.89969,35.48352],[-83.89993,35.48324]]},"properties":{"net":"NC3039","o":1}},{"type":"Feature","geometry":{"type":"LineString","coordinates":[[-83.89521,35.48982],[-83.89456,35.49001],[-83.8934,35.49],[-83.89296,35.49017],[-83.89257,35.48989],[-83.89213,35.48935],[-83.8912,35.48878],[-83.8906,35.48882],[-83.88993,35.48916],[-83.88863,35.48912],[-83.88788,35.48898]]},"properties":{"net":"NC3039","o":1}},{"type":"Feature","geometry":{"type":"LineString","coordinates":[[-83.9268,35.36844],[-83.92569,35.36777],[-83.92514,35.36723],[-83.92466,35.3665],[-83.92463,35.36629],[-83.9248,35.36607],[-83.92462,35.36578],[-83.92373,35.36544],[-83.92303,35.36501],[-83.92255,35.365]]},"properties":{"net":"sm2628","o":2}},{"type":"Feature","geometry":{"type":"LineString","coordinates":[[-83.91978,35.36244],[-83.91973,35.36304],[-83.91916,35.36386],[-83.91917,35.36401],[-83.91882,35.36474],[-83.91894,35.36572]]},"properties":{"net":"NC3217","o":5}},{"type":"Feature","geometry":{"type":"LineString","coordinates":[[-83.91448,35.3534],[-83.91535,35.3534],[-83.91567,35.35357],[-83.91596,35.35399],[-83.91644,35.35524],[-83.91693,35.35621]]},"properties":{"net":"NC3217","o":4}},{"type":"Feature","geometry":{"type":"LineString","coordinates":[[-83.89869,35.58729],[-83.89878,35.58763],[-83.89868,35.58805],[-83.89793,35.58812],[-83.89744,35.58838],[-83.89766,35.58898],[-83.89793,35.58931],[-83.89881,35.58972],[-83.89941,35.58973],[-83.90008,35.58991],[-83.90119,35.59142],[-83.90155,35.5916],[-83.90272,35.59176],[-83.9028,35.592],[-83.90232,35.59239],[-83.90232,35.59256],[-83.90246,35.59266],[-83.90279,35.59268],[-83.90317,35.59233],[-83.90339,35.59225],[-83.90448,35.59248],[-83.90558,35.59227],[-83.90576,35.59245],[-83.90571,35.59293]]},"properties":{"net":"out","o":4}},{"type":"Feature","geometry":{"type":"LineString","coordinates":[[-83.91221,35.37702],[-83.91211,35.37641],[-83.91228,35.37596]]},"properties":{"net":"NC3038","o":2}},{"type":"Feature","geometry":{"type":"LineString","coordinates":[[-83.9095,35.38257],[-83.91056,35.38196],[-83.91099,35.38133],[-83.91221,35.38026],[-83.91223,35.3796],[-83.91171,35.37806],[-83.91194,35.37727],[-83.91221,35.37702]]},"properties":{"net":"NC3038","o":1}},{"type":"Feature","geometry":{"type":"LineString","coordinates":[[-83.92834,35.45167],[-83.9274,35.45105]]},"properties":{"net":"NC3039","o":1}},{"type":"Feature","geometry":{"type":"LineString","coordinates":[[-83.92748,35.45441],[-83.92628,35.45399],[-83.92587,35.45371]]},"properties":{"net":"NC3039","o":1}},{"type":"Feature","geometry":{"type":"LineString","coordinates":[[-83.92766,35.46005],[-83.9274,35.45916],[-83.92766,35.45841],[-83.92771,35.45782]]},"properties":{"net":"NC3039","o":1}},{"type":"Feature","geometry":{"type":"LineString","coordinates":[[-83.92771,35.45782],[-83.92692,35.45719]]},"properties":{"net":"NC3039","o":2}},{"type":"Feature","geometry":{"type":"LineString","coordinates":[[-83.91993,35.46849],[-83.91982,35.46811],[-83.91988,35.46655]]},"properties":{"net":"NC3039","o":3}},{"type":"Feature","geometry":{"type":"LineString","coordinates":[[-83.91468,35.46409],[-83.91529,35.46367],[-83.91557,35.46329]]},"properties":{"net":"NC3039","o":7}},{"type":"Feature","geometry":{"type":"LineString","coordinates":[[-83.91567,35.46427],[-83.91468,35.46409]]},"properties":{"net":"NC3039","o":1}},{"type":"Feature","geometry":{"type":"LineString","coordinates":[[-83.9091,35.4674],[-83.90916,35.4671]]},"properties":{"net":"NC3039","o":1}},{"type":"Feature","geometry":{"type":"LineString","coordinates":[[-83.90908,35.47678],[-83.90977,35.47665],[-83.9104,35.47633],[-83.91052,35.47609],[-83.911,35.47571],[-83.91116,35.47534],[-83.91096,35.47491],[-83.91078,35.47414],[-83.91093,35.47381],[-83.9108,35.47326],[-83.9108,35.47242],[-83.91071,35.47229],[-83.91083,35.47204],[-83.91084,35.47171],[-83.91101,35.47156]]},"properties":{"net":"NC3039","o":1}},{"type":"Feature","geometry":{"type":"LineString","coordinates":[[-83.88885,35.41489],[-83.88894,35.4155],[-83.88934,35.41617]]},"properties":{"net":"out","o":6}},{"type":"Feature","geometry":{"type":"LineString","coordinates":[[-83.89315,35.44508],[-83.89254,35.44501]]},"properties":{"net":"NC3039","o":2}},{"type":"Feature","geometry":{"type":"LineString","coordinates":[[-83.9073,35.46719],[-83.90789,35.46663]]},"properties":{"net":"NC3039","o":2}},{"type":"Feature","geometry":{"type":"LineString","coordinates":[[-83.9073,35.47021],[-83.90752,35.46931],[-83.90782,35.46904],[-83.90776,35.46798],[-83.90791,35.46743],[-83.90786,35.46725]]},"properties":{"net":"NC3039","o":1}},{"type":"Feature","geometry":{"type":"LineString","coordinates":[[-83.90447,35.46894],[-83.90604,35.46842]]},"properties":{"net":"NC3039","o":1}},{"type":"Feature","geometry":{"type":"LineString","coordinates":[[-83.89973,35.4738],[-83.89952,35.47325],[-83.89963,35.47199],[-83.89957,35.47167]]},"properties":{"net":"NC3039","o":2}},{"type":"Feature","geometry":{"type":"LineString","coordinates":[[-83.89359,35.45979],[-83.89389,35.46018]]},"properties":{"net":"NC3039","o":3}},{"type":"Feature","geometry":{"type":"LineString","coordinates":[[-83.89146,35.46234],[-83.89257,35.46193],[-83.89328,35.46178]]},"properties":{"net":"NC3039","o":7}},{"type":"Feature","geometry":{"type":"LineString","coordinates":[[-83.88994,35.46332],[-83.88977,35.46278]]},"properties":{"net":"NC3039","o":1}},{"type":"Feature","geometry":{"type":"LineString","coordinates":[[-83.90604,35.61115],[-83.90667,35.6113],[-83.90697,35.61164],[-83.90646,35.61355],[-83.90651,35.61389],[-83.90677,35.61446],[-83.90724,35.61499]]},"properties":{"net":"out","o":5}},{"type":"Feature","geometry":{"type":"LineString","coordinates":[[-83.90318,35.61165],[-83.9039,35.61176],[-83.90554,35.61123]]},"properties":{"net":"out","o":5}},{"type":"Feature","geometry":{"type":"LineString","coordinates":[[-83.89966,35.60776],[-83.90035,35.6082],[-83.9012,35.6084],[-83.90158,35.60861],[-83.90191,35.60901],[-83.90205,35.60959]]},"properties":{"net":"out","o":5}},{"type":"Feature","geometry":{"type":"LineString","coordinates":[[-83.89245,35.60883],[-83.89282,35.60806],[-83.89294,35.60755],[-83.89315,35.6073],[-83.89606,35.60464],[-83.89662,35.60426],[-83.89724,35.60406]]},"properties":{"net":"out","o":5}},{"type":"Feature","geometry":{"type":"LineString","coordinates":[[-83.91413,35.61788],[-83.91483,35.61799],[-83.91657,35.61762],[-83.91731,35.61813],[-83.91739,35.61831]]},"properties":{"net":"out","o":5}},{"type":"Feature","geometry":{"type":"LineString","coordinates":[[-83.89877,35.26364],[-83.89786,35.26435],[-83.89632,35.26512],[-83.89512,35.26545],[-83.89386,35.26545],[-83.8935,35.26567]]},"properties":{"net":"NC6264","o":4}},{"type":"Feature","geometry":{"type":"LineString","coordinates":[[-83.9037,35.2757],[-83.90411,35.27658],[-83.90457,35.27714],[-83.90462,35.27756]]},"properties":{"net":"NC6264","o":4}},{"type":"Feature","geometry":{"type":"LineString","coordinates":[[-83.90542,35.32351],[-83.90538,35.32357]]},"properties":{"net":"NC3038","o":1}},{"type":"Feature","geometry":{"type":"LineString","coordinates":[[-83.90223,35.32924],[-83.90114,35.32893],[-83.90095,35.32895],[-83.90004,35.32975],[-83.89947,35.32987]]},"properties":{"net":"NC3038","o":1}},{"type":"Feature","geometry":{"type":"LineString","coordinates":[[-83.89798,35.32977],[-83.89795,35.32975]]},"properties":{"net":"NC3038","o":2}},{"type":"Feature","geometry":{"type":"LineString","coordinates":[[-83.89778,35.31338],[-83.89882,35.31323],[-83.89927,35.31345],[-83.89996,35.31412],[-83.90052,35.31387],[-83.90075,35.3142],[-83.90117,35.31533]]},"properties":{"net":"NC3038","o":1}},{"type":"Feature","geometry":{"type":"LineString","coordinates":[[-83.89636,35.3236],[-83.89647,35.32442],[-83.89596,35.32545],[-83.89602,35.32581],[-83.8963,35.32612],[-83.89842,35.32766],[-83.89853,35.32795],[-83.89856,35.32842],[-83.89841,35.32889],[-83.89795,35.32975]]},"properties":{"net":"NC3038","o":4}},{"type":"Feature","geometry":{"type":"LineString","coordinates":[[-83.90295,35.37428],[-83.90516,35.37288],[-83.90593,35.37256],[-83.90608,35.37232],[-83.90599,35.37189]]},"properties":{"net":"NC3038","o":1}},{"type":"Feature","geometry":{"type":"LineString","coordinates":[[-83.89747,35.36954],[-83.89697,35.37]]},"properties":{"net":"NC3038","o":5}},{"type":"Feature","geometry":{"type":"LineString","coordinates":[[-83.89654,35.35805],[-83.89591,35.35836],[-83.89541,35.35881],[-83.89449,35.35912],[-83.89388,35.35945],[-83.89297,35.35961],[-83.89175,35.36036],[-83.89104,35.36051],[-83.89079,35.36078],[-83.89049,35.36088],[-83.89028,35.36133]]},"properties":{"net":"NC3038","o":1}},{"type":"Feature","geometry":{"type":"LineString","coordinates":[[-83.90522,35.37808],[-83.906,35.37783],[-83.90726,35.37653]]},"properties":{"net":"NC3038","o":1}},{"type":"Feature","geometry":{"type":"LineString","coordinates":[[-83.90058,35.38552],[-83.89986,35.38468],[-83.89824,35.38354],[-83.89748,35.38259]]},"properties":{"net":"NC3038","o":1}},{"type":"Feature","geometry":{"type":"LineString","coordinates":[[-83.89748,35.42548],[-83.8983,35.42516],[-83.89906,35.42459],[-83.89959,35.42377],[-83.89989,35.42259]]},"properties":{"net":"out","o":6}},{"type":"Feature","geometry":{"type":"LineString","coordinates":[[-83.88021,35.61113],[-83.88054,35.61136],[-83.88097,35.61128],[-83.88159,35.61065],[-83.88256,35.6101],[-83.8829,35.60982]]},"properties":{"net":"out","o":5}},{"type":"Feature","geometry":{"type":"LineString","coordinates":[[-83.86705,35.60323],[-83.87229,35.60645]]},"properties":{"net":"out","o":5}},{"type":"Feature","geometry":{"type":"LineString","coordinates":[[-84.38029,35.6002],[-84.38002,35.6005],[-84.37921,35.6006],[-84.37856,35.60143],[-84.3783,35.60156],[-84.37785,35.60158],[-84.37679,35.60125],[-84.37645,35.60135],[-84.37456,35.60301],[-84.37448,35.6032],[-84.37467,35.60349],[-84.37462,35.60358],[-84.37406,35.60357],[-84.37373,35.60373],[-84.37333,35.60366],[-84.37328,35.60388],[-84.3735,35.60432],[-84.37402,35.60464],[-84.37414,35.60482],[-84.37407,35.60521],[-84.3739,35.60544],[-84.37214,35.60565],[-84.37159,35.60548]]},"properties":{"net":"out","o":4}},{"type":"Feature","geometry":{"type":"LineString","coordinates":[[-84.29206,35.62014],[-84.2915,35.62035],[-84.29113,35.62018],[-84.29107,35.61996],[-84.2913,35.61923],[-84.29129,35.61894],[-84.29054,35.6173]]},"properties":{"net":"out","o":4}},{"type":"Feature","geometry":{"type":"LineString","coordinates":[[-84.29054,35.6173],[-84.29041,35.61644]]},"properties":{"net":"out","o":4}},{"type":"Feature","geometry":{"type":"LineString","coordinates":[[-84.29137,35.36689],[-84.29131,35.36733],[-84.29111,35.3677],[-84.29115,35.36824],[-84.29129,35.36841]]},"properties":{"net":"out","o":5}},{"type":"Feature","geometry":{"type":"LineString","coordinates":[[-84.28926,35.40809],[-84.28881,35.40834],[-84.28884,35.40914],[-84.28877,35.4093]]},"properties":{"net":"out","o":4}},{"type":"Feature","geometry":{"type":"LineString","coordinates":[[-84.2137,35.33254],[-84.21405,35.33225],[-84.21448,35.33209],[-84.21554,35.33201],[-84.216,35.33242],[-84.21656,35.33355],[-84.21713,35.33421],[-84.21746,35.33445]]},"properties":{"net":"out","o":5}},{"type":"Feature","geometry":{"type":"LineString","coordinates":[[-84.24466,35.48891],[-84.24466,35.4896],[-84.24501,35.49012],[-84.24524,35.4903],[-84.24527,35.49073],[-84.24536,35.4908],[-84.24543,35.49112]]},"properties":{"net":"out","o":5}},{"type":"Feature","geometry":{"type":"LineString","coordinates":[[-84.20716,35.53933],[-84.20775,35.53959],[-84.20863,35.54024],[-84.20874,35.54052],[-84.20922,35.54111],[-84.20924,35.54144],[-84.20973,35.54221],[-84.20975,35.54257]]},"properties":{"net":"out","o":5}},{"type":"Feature","geometry":{"type":"LineString","coordinates":[[-84.20653,35.53881],[-84.20716,35.53933]]},"properties":{"net":"out","o":5}},{"type":"Feature","geometry":{"type":"LineString","coordinates":[[-84.25767,35.52092],[-84.2577,35.52084]]},"properties":{"net":"out","o":4}},{"type":"Feature","geometry":{"type":"LineString","coordinates":[[-84.24676,35.52698],[-84.24639,35.52716],[-84.24587,35.52726],[-84.24425,35.52861]]},"properties":{"net":"out","o":4}},{"type":"Feature","geometry":{"type":"LineString","coordinates":[[-84.26476,35.73784],[-84.2644,35.73816],[-84.2641,35.7389],[-84.26364,35.73932],[-84.26365,35.73957],[-84.26353,35.73968],[-84.26357,35.74037],[-84.26346,35.7407],[-84.26258,35.74138],[-84.26196,35.74145],[-84.2615,35.74186],[-84.26144,35.74237],[-84.26123,35.74256],[-84.26125,35.74278],[-84.25961,35.74415],[-84.25938,35.74466],[-84.25674,35.74706]]},"properties":{"net":"out","o":4}},{"type":"Feature","geometry":{"type":"LineString","coordinates":[[-84.27975,35.51141],[-84.27894,35.5113],[-84.27849,35.51106],[-84.27833,35.51155],[-84.27792,35.5121],[-84.27762,35.5123],[-84.27739,35.51263],[-84.27713,35.5127]]},"properties":{"net":"out","o":4}},{"type":"Feature","geometry":{"type":"LineString","coordinates":[[-84.26298,35.51605],[-84.26306,35.51642],[-84.2632,35.51656],[-84.26396,35.51667],[-84.26398,35.51692],[-84.26382,35.51715],[-84.26396,35.51732],[-84.26454,35.51744],[-84.26511,35.51738],[-84.2653,35.51755],[-84.2653,35.51817],[-84.26549,35.51845],[-84.26551,35.5187],[-84.2653,35.51885],[-84.26534,35.51946],[-84.26587,35.51951],[-84.26601,35.51962],[-84.26604,35.52005],[-84.2657,35.52039],[-84.26532,35.52055],[-84.26488,35.52057],[-84.26407,35.52035],[-84.26318,35.51983]]},"properties":{"net":"out","o":4}},{"type":"Feature","geometry":{"type":"LineString","coordinates":[[-84.17639,35.30768],[-84.1765,35.30783],[-84.17644,35.30798],[-84.17605,35.30812],[-84.1757,35.30856],[-84.17496,35.30905],[-84.17434,35.30897],[-84.17394,35.30909],[-84.17309,35.30907],[-84.17289,35.30893],[-84.17281,35.30873],[-84.17292,35.30844],[-84.17276,35.30839],[-84.17243,35.30853],[-84.17218,35.30878],[-84.17025,35.30933],[-84.1681,35.31053],[-84.16737,35.31066],[-84.16693,35.31085]]},"properties":{"net":"out","o":4}},{"type":"Feature","geometry":{"type":"LineString","coordinates":[[-84.20789,35.52738],[-84.20771,35.52796],[-84.20717,35.52849],[-84.20626,35.52878],[-84.20601,35.52901],[-84.20528,35.52937],[-84.2047,35.5299]]},"properties":{"net":"out","o":5}},{"type":"Feature","geometry":{"type":"LineString","coordinates":[[-84.20249,35.53538],[-84.20268,35.53552]]},"properties":{"net":"out","o":5}},{"type":"Feature","geometry":{"type":"LineString","coordinates":[[-84.21524,35.55165],[-84.21737,35.55326],[-84.21739,35.55416]]},"properties":{"net":"out","o":5}},{"type":"Feature","geometry":{"type":"LineString","coordinates":[[-84.21334,35.54827],[-84.21353,35.54844]]},"properties":{"net":"out","o":5}},{"type":"Feature","geometry":{"type":"LineString","coordinates":[[-84.21145,35.54495],[-84.21174,35.54534],[-84.21177,35.54577],[-84.2121,35.54612],[-84.21214,35.54669],[-84.21267,35.54708]]},"properties":{"net":"out","o":5}},{"type":"Feature","geometry":{"type":"LineString","coordinates":[[-84.21453,35.60089],[-84.21429,35.60152],[-84.21404,35.60175],[-84.21405,35.60193],[-84.21373,35.60237],[-84.21258,35.6034]]},"properties":{"net":"out","o":5}},{"type":"Feature","geometry":{"type":"LineString","coordinates":[[-84.21159,35.60348],[-84.21227,35.6037],[-84.21297,35.60425]]},"properties":{"net":"out","o":7}},{"type":"Feature","geometry":{"type":"LineString","coordinates":[[-84.21481,35.68321],[-84.21505,35.68322]]},"properties":{"net":"out","o":4}},{"type":"Feature","geometry":{"type":"LineString","coordinates":[[-84.17381,35.30152],[-84.17441,35.30219],[-84.17448,35.30239],[-84.17438,35.30263],[-84.17415,35.3028],[-84.17355,35.30288],[-84.17369,35.30339],[-84.17418,35.30388],[-84.17427,35.30434],[-84.1742,35.30526],[-84.1739,35.3057],[-84.1731,35.30584],[-84.17295,35.306],[-84.17295,35.30616],[-84.17354,35.30652],[-84.17434,35.30731],[-84.17503,35.30732],[-84.17639,35.30768]]},"properties":{"net":"out","o":4}},{"type":"Feature","geometry":{"type":"LineString","coordinates":[[-84.16153,35.54826],[-84.16185,35.54837]]},"properties":{"net":"out","o":4}},{"type":"Feature","geometry":{"type":"LineString","coordinates":[[-84.16301,35.56469],[-84.16351,35.56488],[-84.16462,35.56504],[-84.16575,35.56536],[-84.16641,35.5654]]},"properties":{"net":"out","o":7}},{"type":"Feature","geometry":{"type":"LineString","coordinates":[[-84.17223,35.60581],[-84.17232,35.60602],[-84.17356,35.60664],[-84.17416,35.60683]]},"properties":{"net":"out","o":5}},{"type":"Feature","geometry":{"type":"LineString","coordinates":[[-84.09715,35.54014],[-84.09717,35.54047],[-84.09735,35.54062]]},"properties":{"net":"out","o":4}},{"type":"Feature","geometry":{"type":"LineString","coordinates":[[-84.15058,35.52747],[-84.15059,35.52834]]},"properties":{"net":"out","o":4}},{"type":"Feature","geometry":{"type":"LineString","coordinates":[[-84.14179,35.54476],[-84.1438,35.54466],[-84.14421,35.54486]]},"properties":{"net":"out","o":7}},{"type":"Feature","geometry":{"type":"LineString","coordinates":[[-84.141,35.56129],[-84.14077,35.561]]},"properties":{"net":"out","o":7}},{"type":"Feature","geometry":{"type":"LineString","coordinates":[[-84.14077,35.561],[-84.13885,35.55948]]},"properties":{"net":"out","o":7}},{"type":"Feature","geometry":{"type":"LineString","coordinates":[[-84.11329,35.44499],[-84.11313,35.44532],[-84.11263,35.44581],[-84.11173,35.44621],[-84.1112,35.4462],[-84.11079,35.44604],[-84.10977,35.4451],[-84.10902,35.44517],[-84.10833,35.44545]]},"properties":{"net":"out","o":4}},{"type":"Feature","geometry":{"type":"LineString","coordinates":[[-84.09604,35.51828],[-84.09646,35.51927],[-84.09725,35.52065],[-84.0975,35.52179],[-84.0977,35.52222],[-84.09809,35.52282],[-84.09861,35.52303]]},"properties":{"net":"out","o":4}},{"type":"Feature","geometry":{"type":"LineString","coordinates":[[-84.10663,35.53708],[-84.10657,35.53744],[-84.10604,35.53815],[-84.10535,35.5384],[-84.1051,35.53866],[-84.10499,35.53913],[-84.10454,35.53956]]},"properties":{"net":"out","o":4}},{"type":"Feature","geometry":{"type":"LineString","coordinates":[[-84.09782,35.54102],[-84.09784,35.54104]]},"properties":{"net":"out","o":4}},{"type":"Feature","geometry":{"type":"LineString","coordinates":[[-84.09748,35.57938],[-84.0993,35.5783],[-84.10024,35.578]]},"properties":{"net":"out","o":4}},{"type":"Feature","geometry":{"type":"LineString","coordinates":[[-84.11362,35.6047],[-84.11501,35.60471],[-84.11523,35.60481]]},"properties":{"net":"out","o":5}},{"type":"Feature","geometry":{"type":"LineString","coordinates":[[-84.09383,35.52644],[-84.09387,35.52649]]},"properties":{"net":"out","o":4}},{"type":"Feature","geometry":{"type":"LineString","coordinates":[[-84.09622,35.54788],[-84.09632,35.54798]]},"properties":{"net":"out","o":7}},{"type":"Feature","geometry":{"type":"LineString","coordinates":[[-84.08462,35.58676],[-84.08507,35.5865],[-84.08561,35.58636]]},"properties":{"net":"out","o":4}},{"type":"Feature","geometry":{"type":"LineString","coordinates":[[-84.07961,35.6126],[-84.08063,35.61272],[-84.08421,35.6142],[-84.08505,35.61416],[-84.08537,35.61426],[-84.08565,35.61446],[-84.08571,35.61479],[-84.08542,35.61505],[-84.0849,35.61513],[-84.08486,35.61529],[-84.08504,35.61539],[-84.08614,35.61535],[-84.08701,35.61509],[-84.08786,35.61517]]},"properties":{"net":"out","o":5}},{"type":"Feature","geometry":{"type":"LineString","coordinates":[[-84.07513,35.62725],[-84.07602,35.62682]]},"properties":{"net":"out","o":5}},{"type":"Feature","geometry":{"type":"LineString","coordinates":[[-84.03984,35.62524],[-84.04022,35.62621],[-84.04063,35.62641],[-84.04146,35.62643],[-84.04172,35.62718],[-84.04171,35.6281],[-84.04158,35.6286],[-84.04119,35.62897],[-84.04069,35.62908],[-84.04023,35.62946]]},"properties":{"net":"out","o":4}},{"type":"Feature","geometry":{"type":"LineString","coordinates":[[-84.04608,35.69904],[-84.04665,35.69889],[-84.04692,35.6986],[-84.04707,35.69866],[-84.04711,35.69906],[-84.04727,35.69943],[-84.04837,35.70034],[-84.04944,35.7019],[-84.04972,35.7027],[-84.04966,35.70332],[-84.04992,35.70383]]},"properties":{"net":"out","o":4}},{"type":"Feature","geometry":{"type":"LineString","coordinates":[[-84.31613,35.39271],[-84.3147,35.39338],[-84.31369,35.39459],[-84.31362,35.39484],[-84.31402,35.39581],[-84.314,35.39595],[-84.31359,35.39615],[-84.31335,35.3968],[-84.31173,35.39917],[-84.3112,35.39948],[-84.31024,35.39959],[-84.30932,35.40001]]},"properties":{"net":"out","o":4}},{"type":"Feature","geometry":{"type":"LineString","coordinates":[[-84.23087,35.34229],[-84.23174,35.34276],[-84.23277,35.34304],[-84.23403,35.34414],[-84.23483,35.34428],[-84.23763,35.34562]]},"properties":{"net":"out","o":5}},{"type":"Feature","geometry":{"type":"LineString","coordinates":[[-84.2193,35.33465],[-84.22045,35.33508],[-84.22078,35.33543],[-84.22105,35.33625],[-84.22113,35.3374],[-84.22152,35.33796],[-84.2227,35.33795],[-84.22375,35.33772],[-84.22528,35.33762],[-84.22596,35.33784],[-84.22683,35.33838],[-84.22707,35.33873],[-84.22724,35.33919]]},"properties":{"net":"out","o":5}},{"type":"Feature","geometry":{"type":"LineString","coordinates":[[-84.23974,35.50912],[-84.23923,35.50866],[-84.23894,35.50824],[-84.23887,35.50774],[-84.2378,35.50692],[-84.23703,35.50663],[-84.2361,35.50667],[-84.23562,35.5068],[-84.23517,35.50721],[-84.2351,35.50754],[-84.23481,35.50784],[-84.23474,35.50806],[-84.23378,35.50907]]},"properties":{"net":"out","o":5}},{"type":"Feature","geometry":{"type":"LineString","coordinates":[[-84.23337,35.50934],[-84.23269,35.50988],[-84.23249,35.50991]]},"properties":{"net":"out","o":5}},{"type":"Feature","geometry":{"type":"LineString","coordinates":[[-84.22389,35.51576],[-84.22366,35.5158]]},"properties":{"net":"out","o":5}},{"type":"Feature","geometry":{"type":"LineString","coordinates":[[-84.24381,35.52886],[-84.24251,35.52997]]},"properties":{"net":"out","o":4}},{"type":"Feature","geometry":{"type":"LineString","coordinates":[[-84.22819,35.4171],[-84.22892,35.41688],[-84.22929,35.41651],[-84.22982,35.41622],[-84.23139,35.41583],[-84.23179,35.41563],[-84.23273,35.41432],[-84.23274,35.41366],[-84.23264,35.41338],[-84.2331,35.41309],[-84.23365,35.41308],[-84.2337,35.4129],[-84.23412,35.41262],[-84.23436,35.41215],[-84.23494,35.41174],[-84.23499,35.4116],[-84.23489,35.41096],[-84.23399,35.40938],[-84.23385,35.40891],[-84.23384,35.40792],[-84.23394,35.40734],[-84.23409,35.40715],[-84.2347,35.40715]]},"properties":{"net":"out","o":4}},{"type":"Feature","geometry":{"type":"LineString","coordinates":[[-84.24291,35.50657],[-84.24216,35.50752],[-84.24193,35.508],[-84.24194,35.5088],[-84.24217,35.50969]]},"properties":{"net":"out","o":5}},{"type":"Feature","geometry":{"type":"LineString","coordinates":[[-84.24179,35.51053],[-84.24179,35.51065],[-84.24148,35.51095]]},"properties":{"net":"out","o":5}},{"type":"Feature","geometry":{"type":"LineString","coordinates":[[-84.24141,35.51102],[-84.24132,35.51111]]},"properties":{"net":"out","o":5}},{"type":"Feature","geometry":{"type":"LineString","coordinates":[[-84.22548,35.54906],[-84.22504,35.54946],[-84.22472,35.55002],[-84.22468,35.5507],[-84.22443,35.55097],[-84.22444,35.55256],[-84.22173,35.55506],[-84.22167,35.55547]]},"properties":{"net":"out","o":4}},{"type":"Feature","geometry":{"type":"LineString","coordinates":[[-84.22554,35.58678],[-84.22523,35.58744],[-84.22326,35.58911],[-84.2233,35.58972],[-84.22297,35.59002]]},"properties":{"net":"out","o":5}},{"type":"Feature","geometry":{"type":"LineString","coordinates":[[-84.18699,35.57777],[-84.18758,35.57862],[-84.18816,35.58012],[-84.18821,35.58099],[-84.18811,35.5834],[-84.18821,35.5835],[-84.18827,35.58436]]},"properties":{"net":"out","o":7}},{"type":"Feature","geometry":{"type":"LineString","coordinates":[[-84.20186,35.60052],[-84.20161,35.60015],[-84.20156,35.59943],[-84.20169,35.5987],[-84.20161,35.59816]]},"properties":{"net":"out","o":5}},{"type":"Feature","geometry":{"type":"LineString","coordinates":[[-84.19053,35.61135],[-84.19059,35.61136]]},"properties":{"net":"out","o":5}},{"type":"Feature","geometry":{"type":"LineString","coordinates":[[-84.20091,35.63351],[-84.20192,35.6335]]},"properties":{"net":"out","o":5}},{"type":"Feature","geometry":{"type":"LineString","coordinates":[[-84.19018,35.5107],[-84.19082,35.51114]]},"properties":{"net":"out","o":4}},{"type":"Feature","geometry":{"type":"LineString","coordinates":[[-84.19005,35.50975],[-84.19007,35.51041],[-84.19018,35.5107]]},"properties":{"net":"out","o":4}},{"type":"Feature","geometry":{"type":"LineString","coordinates":[[-84.14558,35.32819],[-84.14655,35.32799],[-84.14695,35.32801],[-84.14821,35.3285],[-84.14878,35.32848],[-84.14903,35.32828],[-84.14925,35.32759],[-84.14921,35.32698],[-84.14905,35.32641],[-84.14885,35.32605],[-84.14775,35.32538],[-84.14772,35.32495],[-84.1478,35.3248],[-84.14826,35.32445],[-84.14865,35.3244],[-84.14991,35.32471],[-84.15053,35.32475],[-84.15198,35.32469],[-84.15297,35.32505]]},"properties":{"net":"out","o":4}},{"type":"Feature","geometry":{"type":"LineString","coordinates":[[-83.8267,35.27529],[-83.82586,35.27586],[-83.82461,35.27645],[-83.82364,35.2777]]},"properties":{"net":"NC3038","o":1}},{"type":"Feature","geometry":{"type":"LineString","coordinates":[[-83.83249,35.28971],[-83.83548,35.29164],[-83.83615,35.29178]]},"properties":{"net":"NC3038","o":1}},{"type":"Feature","geometry":{"type":"LineString","coordinates":[[-83.83971,35.32712],[-83.84073,35.32689],[-83.84273,35.32692],[-83.84315,35.32668],[-83.84366,35.32609],[-83.84373,35.32567],[-83.84356,35.32523],[-83.84315,35.3246],[-83.84221,35.32365]]},"properties":{"net":"NC3038","o":1}},{"type":"Feature","geometry":{"type":"LineString","coordinates":[[-83.83741,35.32197],[-83.83808,35.32232],[-83.83911,35.32253],[-83.83984,35.32284]]},"properties":{"net":"NC3038","o":3}},{"type":"Feature","geometry":{"type":"LineString","coordinates":[[-83.83427,35.32104],[-83.83535,35.32096]]},"properties":{"net":"NC3038","o":2}},{"type":"Feature","geometry":{"type":"LineString","coordinates":[[-83.83088,35.31677],[-83.83161,35.31675],[-83.83228,35.31687],[-83.83497,35.31608]]},"properties":{"net":"NC3038","o":1}},{"type":"Feature","geometry":{"type":"LineString","coordinates":[[-83.8269,35.3154],[-83.82588,35.31478],[-83.82528,35.31428],[-83.82498,35.31389],[-83.82473,35.31331],[-83.82426,35.31286],[-83.82332,35.31222],[-83.82223,35.31169]]},"properties":{"net":"NC3038","o":1}},{"type":"Feature","geometry":{"type":"LineString","coordinates":[[-84.12342,35.49149],[-84.1242,35.49266],[-84.12534,35.49345],[-84.12554,35.49444],[-84.12534,35.49498],[-84.12506,35.49532],[-84.12473,35.49553],[-84.12429,35.49557],[-84.1215,35.49545],[-84.12052,35.49536],[-84.11958,35.49509],[-84.11879,35.49513],[-84.11841,35.49547],[-84.11819,35.49613],[-84.1182,35.49634],[-84.1195,35.49733],[-84.11958,35.49751]]},"properties":{"net":"out","o":4}},{"type":"Feature","geometry":{"type":"LineString","coordinates":[[-84.13438,35.55058],[-84.1344,35.55052]]},"properties":{"net":"out","o":7}},{"type":"Feature","geometry":{"type":"LineString","coordinates":[[-84.13433,35.55068],[-84.13438,35.55058]]},"properties":{"net":"out","o":7}},{"type":"Feature","geometry":{"type":"LineString","coordinates":[[-84.13078,35.56796],[-84.13136,35.56804],[-84.13249,35.56839],[-84.13381,35.56846]]},"properties":{"net":"out","o":7}},{"type":"Feature","geometry":{"type":"LineString","coordinates":[[-83.80707,35.34097],[-83.80804,35.34049],[-83.80884,35.33955],[-83.80998,35.33903],[-83.8103,35.33875]]},"properties":{"net":"NC3038","o":1}},{"type":"Feature","geometry":{"type":"LineString","coordinates":[[-83.80608,35.33604],[-83.80648,35.33686],[-83.80667,35.3371],[-83.80713,35.33741],[-83.80785,35.33763],[-83.80957,35.3376],[-83.81053,35.33821]]},"properties":{"net":"NC3038","o":5}},{"type":"Feature","geometry":{"type":"LineString","coordinates":[[-83.80535,35.33626],[-83.80583,35.33623],[-83.80608,35.33604]]},"properties":{"net":"NC3038","o":4}},{"type":"Feature","geometry":{"type":"LineString","coordinates":[[-83.80681,35.34678],[-83.80578,35.3461],[-83.80432,35.34459],[-83.804,35.34412],[-83.8033,35.34347],[-83.80268,35.34314],[-83.8017,35.34301],[-83.80069,35.34258]]},"properties":{"net":"NC3038","o":2}},{"type":"Feature","geometry":{"type":"LineString","coordinates":[[-83.82054,35.36085],[-83.82028,35.3611],[-83.82016,35.36139],[-83.82029,35.36233],[-83.82079,35.36283],[-83.82151,35.36314],[-83.82179,35.36336]]},"properties":{"net":"NC3038","o":1}},{"type":"Feature","geometry":{"type":"LineString","coordinates":[[-83.81822,35.37137],[-83.81879,35.37079],[-83.81895,35.3703],[-83.81981,35.36988],[-83.82051,35.36906],[-83.8209,35.36879]]},"properties":{"net":"NC3038","o":3}},{"type":"Feature","geometry":{"type":"LineString","coordinates":[[-83.80224,35.36682],[-83.80289,35.3665],[-83.80366,35.36635]]},"properties":{"net":"NC3038","o":3}},{"type":"Feature","geometry":{"type":"LineString","coordinates":[[-83.81454,35.37305],[-83.81638,35.37265]]},"properties":{"net":"NC3038","o":2}},{"type":"Feature","geometry":{"type":"LineString","coordinates":[[-84.11909,35.45134],[-84.11983,35.45219],[-84.11996,35.45276],[-84.1195,35.45321],[-84.1191,35.45327],[-84.11816,35.45363],[-84.11775,35.45412]]},"properties":{"net":"out","o":4}},{"type":"Feature","geometry":{"type":"LineString","coordinates":[[-84.12865,35.60842],[-84.13053,35.60914]]},"properties":{"net":"out","o":5}},{"type":"Feature","geometry":{"type":"LineString","coordinates":[[-84.08583,35.4105],[-84.08588,35.41097],[-84.0861,35.41107],[-84.08656,35.41092],[-84.0869,35.41067],[-84.08708,35.41068],[-84.08726,35.41138],[-84.08816,35.41267],[-84.08797,35.41349],[-84.0881,35.41394],[-84.08854,35.41413],[-84.08912,35.41416],[-84.08931,35.41437],[-84.08937,35.41462],[-84.0894,35.41532],[-84.08916,35.41589],[-84.08726,35.41739],[-84.08643,35.41837],[-84.08645,35.41866],[-84.08731,35.41922]]},"properties":{"net":"out","o":4}},{"type":"Feature","geometry":{"type":"LineString","coordinates":[[-84.08731,35.41922],[-84.08751,35.4191]]},"properties":{"net":"out","o":4}},{"type":"Feature","geometry":{"type":"LineString","coordinates":[[-84.05534,35.6317],[-84.05589,35.63195],[-84.05615,35.63197],[-84.05653,35.63127],[-84.05694,35.63107],[-84.05765,35.63119],[-84.05871,35.63071],[-84.05943,35.63088],[-84.05974,35.63083]]},"properties":{"net":"out","o":5}},{"type":"Feature","geometry":{"type":"LineString","coordinates":[[-84.00729,35.50875],[-84.00779,35.50946],[-84.0087,35.51022],[-84.00924,35.51093]]},"properties":{"net":"out","o":7}},{"type":"Feature","geometry":{"type":"LineString","coordinates":[[-84.0085,35.51985],[-84.00793,35.52096],[-84.00755,35.52148]]},"properties":{"net":"out","o":7}},{"type":"Feature","geometry":{"type":"LineString","coordinates":[[-84.00157,35.52459],[-83.99895,35.52506],[-83.99719,35.52556],[-83.99605,35.52601],[-83.99554,35.52656]]},"properties":{"net":"out","o":7}},{"type":"Feature","geometry":{"type":"LineString","coordinates":[[-84.00678,35.55325],[-84.00865,35.55303],[-84.00954,35.55268]]},"properties":{"net":"out","o":7}},{"type":"Feature","geometry":{"type":"LineString","coordinates":[[-83.95845,35.22707],[-83.95718,35.22722],[-83.9566,35.22763],[-83.95569,35.22808]]},"properties":{"net":"NC6264","o":4}},{"type":"Feature","geometry":{"type":"LineString","coordinates":[[-83.96041,35.49111],[-83.96215,35.4924]]},"properties":{"net":"out","o":7}},{"type":"Feature","geometry":{"type":"LineString","coordinates":[[-83.95112,35.49007],[-83.95207,35.48977],[-83.95439,35.48953],[-83.95821,35.48962]]},"properties":{"net":"out","o":7}},{"type":"Feature","geometry":{"type":"LineString","coordinates":[[-83.94766,35.4551],[-83.948,35.45601],[-83.94833,35.45637],[-83.9495,35.45721]]},"properties":{"net":"out","o":7}},{"type":"Feature","geometry":{"type":"LineString","coordinates":[[-83.93658,35.44108],[-83.93703,35.44189],[-83.93759,35.44341]]},"properties":{"net":"out","o":6}},{"type":"Feature","geometry":{"type":"LineString","coordinates":[[-83.93372,35.45384],[-83.9336,35.45374],[-83.93344,35.45324],[-83.93304,35.45254]]},"properties":{"net":"NC3039","o":2}},{"type":"Feature","geometry":{"type":"LineString","coordinates":[[-83.93191,35.44973],[-83.93279,35.4496],[-83.93397,35.44913]]},"properties":{"net":"NC3039","o":7}},{"type":"Feature","geometry":{"type":"LineString","coordinates":[[-83.93181,35.45077],[-83.93191,35.44973]]},"properties":{"net":"NC3039","o":3}},{"type":"Feature","geometry":{"type":"LineString","coordinates":[[-83.96348,35.28385],[-83.96213,35.28324],[-83.96167,35.2832],[-83.95971,35.28229],[-83.95865,35.28236],[-83.95819,35.28222]]},"properties":{"net":"NC3038","o":1}},{"type":"Feature","geometry":{"type":"LineString","coordinates":[[-83.95557,35.31774],[-83.95405,35.31803],[-83.95235,35.31851],[-83.95016,35.31861],[-83.94806,35.31832],[-83.94773,35.31837],[-83.94667,35.31882],[-83.94415,35.31878],[-83.9433,35.31887]]},"properties":{"net":"NC3038","o":2}},{"type":"Feature","geometry":{"type":"LineString","coordinates":[[-83.96792,35.34578],[-83.96748,35.34573]]},"properties":{"net":"NC3217","o":4}},{"type":"Feature","geometry":{"type":"LineString","coordinates":[[-83.9655,35.4545],[-83.96489,35.45424],[-83.96466,35.45425],[-83.96434,35.4546],[-83.96449,35.45524],[-83.9654,35.45549],[-83.96561,35.45565],[-83.96575,35.45615],[-83.96566,35.45638],[-83.96503,35.45663]]},"properties":{"net":"out","o":4}},{"type":"Feature","geometry":{"type":"LineString","coordinates":[[-83.93788,35.45914],[-83.93745,35.46001],[-83.93726,35.4601]]},"properties":{"net":"NC3039","o":1}},{"type":"Feature","geometry":{"type":"LineString","coordinates":[[-83.94407,35.59008],[-83.94475,35.58972],[-83.94561,35.58947]]},"properties":{"net":"out","o":5}},{"type":"Feature","geometry":{"type":"LineString","coordinates":[[-83.87734,35.34001],[-83.8769,35.33965],[-83.87683,35.33922],[-83.87648,35.33851],[-83.87629,35.33762],[-83.87606,35.33741]]},"properties":{"net":"NC3038","o":3}},{"type":"Feature","geometry":{"type":"LineString","coordinates":[[-83.87651,35.35555],[-83.87596,35.35561],[-83.87553,35.35577],[-83.87524,35.35604],[-83.87429,35.35609],[-83.87358,35.35674],[-83.87349,35.35735],[-83.87202,35.35872]]},"properties":{"net":"NC3038","o":2}},{"type":"Feature","geometry":{"type":"LineString","coordinates":[[-83.86329,35.3577],[-83.86384,35.3581],[-83.86419,35.35809],[-83.86456,35.35836],[-83.86627,35.35829],[-83.86779,35.35939],[-83.86819,35.35937],[-83.86833,35.35948],[-83.87061,35.35931],[-83.87128,35.35878],[-83.87202,35.35872]]},"properties":{"net":"NC3038","o":6}},{"type":"Feature","geometry":{"type":"LineString","coordinates":[[-83.88064,35.46572],[-83.88122,35.4653],[-83.88114,35.46494],[-83.88091,35.46462],[-83.88102,35.46423],[-83.88249,35.46305]]},"properties":{"net":"NC3039","o":5}},{"type":"Feature","geometry":{"type":"LineString","coordinates":[[-83.87786,35.38192],[-83.87754,35.38275],[-83.87675,35.3835],[-83.87559,35.38402],[-83.875,35.38416],[-83.87394,35.38419],[-83.87263,35.38367],[-83.87094,35.38334],[-83.86898,35.38223],[-83.8673,35.38153],[-83.86584,35.38065],[-83.86544,35.38056],[-83.86465,35.38063],[-83.86422,35.38083],[-83.86361,35.38138]]},"properties":{"net":"out","o":6}},{"type":"Feature","geometry":{"type":"LineString","coordinates":[[-83.88135,35.40158],[-83.88288,35.40271],[-83.88483,35.40354]]},"properties":{"net":"out","o":6}},{"type":"Feature","geometry":{"type":"LineString","coordinates":[[-83.87939,35.41969],[-83.87998,35.41951],[-83.8804,35.41917],[-83.87993,35.41889],[-83.8793,35.41876],[-83.87919,35.41864],[-83.87929,35.41847],[-83.87981,35.41831],[-83.88008,35.41816],[-83.88043,35.41778],[-83.88057,35.41778],[-83.88122,35.41828],[-83.88161,35.41905],[-83.88186,35.41928],[-83.88287,35.41913],[-83.88413,35.41846],[-83.88484,35.41859],[-83.88551,35.41906],[-83.8859,35.42053]]},"properties":{"net":"out","o":4}},{"type":"Feature","geometry":{"type":"LineString","coordinates":[[-83.87393,35.41743],[-83.8749,35.41739],[-83.87632,35.41768],[-83.87786,35.41852],[-83.87889,35.41957],[-83.87939,35.41969]]},"properties":{"net":"out","o":4}},{"type":"Feature","geometry":{"type":"LineString","coordinates":[[-83.85956,35.46079],[-83.86081,35.46032],[-83.86096,35.4601],[-83.86167,35.45966],[-83.86203,35.45936],[-83.86308,35.4578],[-83.86403,35.45739],[-83.86487,35.45636],[-83.86528,35.45619],[-83.86555,35.4559],[-83.86609,35.45576],[-83.86696,35.45509]]},"properties":{"net":"NC3039","o":1}},{"type":"Feature","geometry":{"type":"LineString","coordinates":[[-83.88142,35.48077],[-83.88136,35.47993],[-83.88116,35.47952],[-83.8803,35.47858],[-83.87985,35.47831],[-83.87894,35.47694],[-83.87891,35.47639],[-83.87859,35.47559],[-83.87856,35.47523],[-83.87823,35.47446],[-83.87798,35.47409]]},"properties":{"net":"NC3039","o":1}},{"type":"Feature","geometry":{"type":"LineString","coordinates":[[-83.87698,35.46159],[-83.87852,35.46221]]},"properties":{"net":"NC3039","o":7}},{"type":"Feature","geometry":{"type":"LineString","coordinates":[[-83.87067,35.45922],[-83.87118,35.45862]]},"properties":{"net":"NC3039","o":1}},{"type":"Feature","geometry":{"type":"LineString","coordinates":[[-83.88364,35.49087],[-83.88329,35.49034],[-83.88258,35.49033],[-83.88226,35.49013],[-83.88192,35.49005],[-83.88089,35.49017],[-83.88023,35.48973],[-83.87985,35.48968]]},"properties":{"net":"NC3039","o":3}},{"type":"Feature","geometry":{"type":"LineString","coordinates":[[-83.8739,35.49807],[-83.87419,35.49776],[-83.87426,35.49724],[-83.87412,35.49562],[-83.87396,35.49536],[-83.87369,35.4952],[-83.87173,35.49456],[-83.87067,35.49458],[-83.86904,35.49399],[-83.86818,35.49311],[-83.86762,35.4929],[-83.86661,35.49213],[-83.86619,35.49197]]},"properties":{"net":"NC3039","o":1}},{"type":"Feature","geometry":{"type":"LineString","coordinates":[[-83.883,35.32984],[-83.88316,35.33091],[-83.88295,35.3311]]},"properties":{"net":"NC3038","o":2}},{"type":"Feature","geometry":{"type":"LineString","coordinates":[[-83.86759,35.32438],[-83.8671,35.32539],[-83.86665,35.32607],[-83.86554,35.32666],[-83.86451,35.32755]]},"properties":{"net":"NC3038","o":1}},{"type":"Feature","geometry":{"type":"LineString","coordinates":[[-83.87943,35.33674],[-83.87887,35.33661],[-83.87804,35.33664],[-83.87765,35.33673],[-83.87744,35.33692]]},"properties":{"net":"NC3038","o":1}},{"type":"Feature","geometry":{"type":"LineString","coordinates":[[-84.3505,35.6248],[-84.3491,35.62532],[-84.34818,35.62539],[-84.34785,35.62505],[-84.34747,35.62503],[-84.34686,35.62547],[-84.34599,35.62565],[-84.34523,35.62566],[-84.34498,35.62524],[-84.34468,35.625]]},"properties":{"net":"out","o":4}},{"type":"Feature","geometry":{"type":"LineString","coordinates":[[-84.35668,35.56629],[-84.35575,35.56733]]},"properties":{"net":"out","o":4}},{"type":"Feature","geometry":{"type":"LineString","coordinates":[[-84.35306,35.57575],[-84.35293,35.57599]]},"properties":{"net":"out","o":4}},{"type":"Feature","geometry":{"type":"LineString","coordinates":[[-84.30872,35.51271],[-84.30845,35.51313],[-84.30816,35.51321],[-84.30797,35.5134],[-84.30745,35.51331],[-84.30729,35.51339],[-84.30665,35.51327]]},"properties":{"net":"out","o":4}},{"type":"Feature","geometry":{"type":"LineString","coordinates":[[-83.96753,35.49693],[-83.96845,35.4983]]},"properties":{"net":"out","o":7}},{"type":"Feature","geometry":{"type":"LineString","coordinates":[[-83.8678,35.3987],[-83.86829,35.39875],[-83.86916,35.39854],[-83.87039,35.39801]]},"properties":{"net":"out","o":6}},{"type":"Feature","geometry":{"type":"LineString","coordinates":[[-83.91353,35.46629],[-83.91271,35.46554]]},"properties":{"net":"NC3039","o":1}},{"type":"Feature","geometry":{"type":"LineString","coordinates":[[-83.85459,35.29583],[-83.85441,35.29598],[-83.85439,35.29619],[-83.85477,35.297],[-83.85525,35.29886],[-83.85558,35.29957]]},"properties":{"net":"NC3038","o":1}},{"type":"Feature","geometry":{"type":"LineString","coordinates":[[-84.25855,35.519],[-84.25838,35.51915],[-84.2584,35.51951],[-84.2587,35.51993],[-84.25872,35.52029],[-84.25813,35.52072],[-84.2577,35.52084]]},"properties":{"net":"out","o":4}},{"type":"Feature","geometry":{"type":"LineString","coordinates":[[-84.21461,35.55048],[-84.21507,35.55115],[-84.21524,35.55165]]},"properties":{"net":"out","o":5}},{"type":"Feature","geometry":{"type":"LineString","coordinates":[[-84.1844,35.50192],[-84.18526,35.50232]]},"properties":{"net":"out","o":4}},{"type":"Feature","geometry":{"type":"LineString","coordinates":[[-84.00926,35.63203],[-84.0106,35.63116],[-84.01303,35.63091],[-84.01346,35.63036],[-84.01348,35.63018],[-84.01295,35.62977],[-84.01227,35.62902],[-84.01175,35.62794]]},"properties":{"net":"out","o":4}},{"type":"Feature","geometry":{"type":"LineString","coordinates":[[-84.25224,35.42259],[-84.25268,35.42304]]},"properties":{"net":"out","o":4}},{"type":"Feature","geometry":{"type":"LineString","coordinates":[[-84.19059,35.61136],[-84.19176,35.61209],[-84.19214,35.6121]]},"properties":{"net":"out","o":5}},{"type":"Feature","geometry":{"type":"LineString","coordinates":[[-84.35324,35.57474],[-84.35294,35.57524],[-84.35306,35.57575]]},"properties":{"net":"out","o":4}},{"type":"Feature","geometry":{"type":"LineString","coordinates":[[-83.73556,35.29002],[-83.73572,35.288],[-83.73621,35.28696],[-83.7368,35.28654],[-83.73693,35.28624],[-83.73684,35.28537],[-83.73656,35.28441],[-83.73662,35.28403],[-83.73633,35.28356]]},"properties":{"net":"NC3038","o":1}},{"type":"Feature","geometry":{"type":"LineString","coordinates":[[-84.10354,35.53295],[-84.10379,35.53341],[-84.10417,35.53372],[-84.10511,35.534],[-84.10557,35.53424],[-84.10559,35.53463],[-84.10537,35.53533],[-84.1054,35.5358],[-84.10569,35.53622],[-84.10648,35.53683],[-84.10663,35.53708]]},"properties":{"net":"out","o":4}},{"type":"Feature","geometry":{"type":"LineString","coordinates":[[-83.8405,35.43743],[-83.84066,35.4379],[-83.84181,35.43896],[-83.84265,35.43936],[-83.84332,35.43944],[-83.84398,35.43969],[-83.84433,35.43969],[-83.84469,35.43983]]},"properties":{"net":"NC3039","o":1}},{"type":"Feature","geometry":{"type":"LineString","coordinates":[[-84.22755,35.54733],[-84.22684,35.54797]]},"properties":{"net":"out","o":4}},{"type":"Feature","geometry":{"type":"LineString","coordinates":[[-83.98902,35.48896],[-83.98902,35.48952],[-83.98923,35.48997],[-83.98921,35.4902]]},"properties":{"net":"out","o":7}},{"type":"Feature","geometry":{"type":"LineString","coordinates":[[-83.82048,35.45075],[-83.82177,35.45094]]},"properties":{"net":"NC3039","o":7}},{"type":"Feature","geometry":{"type":"LineString","coordinates":[[-83.76507,35.38546],[-83.76467,35.38529],[-83.76386,35.38464],[-83.7626,35.38339],[-83.76116,35.38121],[-83.76059,35.3799],[-83.76023,35.37936],[-83.76003,35.3787]]},"properties":{"net":"NC3038","o":1}},{"type":"Feature","geometry":{"type":"LineString","coordinates":[[-83.89491,35.3675],[-83.89578,35.36781],[-83.89683,35.36849],[-83.89697,35.37]]},"properties":{"net":"NC3038","o":1}},{"type":"Feature","geometry":{"type":"LineString","coordinates":[[-84.24829,35.69564],[-84.24844,35.69753],[-84.24877,35.69777],[-84.24875,35.69817]]},"properties":{"net":"out","o":7}},{"type":"Feature","geometry":{"type":"LineString","coordinates":[[-84.28112,35.38677],[-84.28005,35.38739],[-84.27922,35.3876],[-84.27854,35.38792],[-84.27795,35.38838],[-84.27748,35.38858],[-84.27695,35.38857],[-84.27618,35.38828],[-84.2757,35.3883],[-84.27481,35.38861]]},"properties":{"net":"out","o":5}},{"type":"Feature","geometry":{"type":"LineString","coordinates":[[-84.30307,35.64889],[-84.30288,35.64898],[-84.30195,35.649],[-84.30126,35.64919],[-84.30105,35.64938],[-84.30107,35.64974],[-84.30137,35.65019],[-84.30138,35.65041],[-84.30122,35.65056],[-84.30091,35.65057],[-84.29964,35.65016],[-84.29853,35.64945],[-84.29769,35.64869],[-84.29696,35.64833],[-84.2966,35.64831],[-84.29631,35.64861],[-84.2961,35.64948],[-84.29624,35.65085],[-84.29603,35.65107],[-84.29555,35.6513]]},"properties":{"net":"out","o":4}},{"type":"Feature","geometry":{"type":"LineString","coordinates":[[-84.23981,35.48414],[-84.23992,35.48515]]},"properties":{"net":"out","o":5}},{"type":"Feature","geometry":{"type":"LineString","coordinates":[[-84.09313,35.58234],[-84.09586,35.5809]]},"properties":{"net":"out","o":4}},{"type":"Feature","geometry":{"type":"LineString","coordinates":[[-84.19483,35.67855],[-84.19636,35.67794]]},"properties":{"net":"out","o":4}},{"type":"Feature","geometry":{"type":"LineString","coordinates":[[-83.85507,35.4519],[-83.85455,35.45131]]},"properties":{"net":"NC3039","o":1}},{"type":"Feature","geometry":{"type":"LineString","coordinates":[[-83.7455,35.2585],[-83.74431,35.25783],[-83.74292,35.25767],[-83.74235,35.25734],[-83.74181,35.25721],[-83.74119,35.25729]]},"properties":{"net":"NC3038","o":1}},{"type":"Feature","geometry":{"type":"LineString","coordinates":[[-83.80087,35.31854],[-83.80135,35.31926],[-83.80217,35.32001]]},"properties":{"net":"NC3038","o":4}},{"type":"Feature","geometry":{"type":"LineString","coordinates":[[-84.1359,35.54646],[-84.13758,35.54493],[-84.1377,35.54493]]},"properties":{"net":"out","o":7}},{"type":"Feature","geometry":{"type":"LineString","coordinates":[[-83.83328,35.37144],[-83.8333,35.37106]]},"properties":{"net":"NC3038","o":2}},{"type":"Feature","geometry":{"type":"LineString","coordinates":[[-83.80428,35.4325],[-83.80444,35.43386],[-83.80459,35.43421],[-83.80492,35.43454],[-83.80557,35.43557],[-83.80616,35.43604],[-83.80694,35.4369],[-83.80738,35.43721],[-83.80854,35.43942],[-83.80929,35.44138],[-83.80971,35.44219],[-83.80967,35.44315],[-83.80951,35.44358]]},"properties":{"net":"NC3039","o":2}},{"type":"Feature","geometry":{"type":"LineString","coordinates":[[-84.30305,35.64817],[-84.30307,35.64889]]},"properties":{"net":"out","o":4}},{"type":"Feature","geometry":{"type":"LineString","coordinates":[[-84.20244,35.53534],[-84.20249,35.53538]]},"properties":{"net":"out","o":5}},{"type":"Feature","geometry":{"type":"LineString","coordinates":[[-83.91894,35.36572],[-83.91892,35.36636],[-83.91876,35.36666],[-83.9183,35.36707],[-83.91795,35.36723],[-83.91729,35.36722],[-83.9154,35.36675]]},"properties":{"net":"NC3217","o":5}},{"type":"Feature","geometry":{"type":"LineString","coordinates":[[-83.9154,35.36675],[-83.91397,35.36613],[-83.91309,35.36552],[-83.91255,35.36525],[-83.91219,35.36519],[-83.91202,35.36538]]},"properties":{"net":"NC3038","o":5}},{"type":"Feature","geometry":{"type":"LineString","coordinates":[[-84.17313,35.28475],[-84.17374,35.28521],[-84.17499,35.28553],[-84.17564,35.2861],[-84.17647,35.28611],[-84.17859,35.28652],[-84.17877,35.28648],[-84.17903,35.28618],[-84.17931,35.28529],[-84.17958,35.28517],[-84.17991,35.2852],[-84.1805,35.28549],[-84.18209,35.28668],[-84.18264,35.28679],[-84.18347,35.28674],[-84.1839,35.28689]]},"properties":{"net":"out","o":4}},{"type":"Feature","geometry":{"type":"LineString","coordinates":[[-84.07513,35.62725],[-84.07503,35.6275],[-84.07434,35.62827],[-84.07431,35.62841],[-84.07453,35.62863],[-84.07546,35.62902],[-84.07561,35.62918],[-84.07571,35.62958],[-84.07591,35.62961],[-84.07631,35.62927],[-84.07647,35.6288],[-84.07636,35.62797],[-84.07602,35.62682]]},"properties":{"net":"out","o":5}},{"type":"Feature","geometry":{"type":"LineString","coordinates":[[-83.83202,35.29875],[-83.83152,35.29876],[-83.83064,35.29852],[-83.82975,35.29875],[-83.82862,35.29858]]},"properties":{"net":"NC3038","o":1}},{"type":"Feature","geometry":{"type":"LineString","coordinates":[[-84.21216,35.51546],[-84.21235,35.51567],[-84.21257,35.5163]]},"properties":{"net":"out","o":5}},{"type":"Feature","geometry":{"type":"LineString","coordinates":[[-84.20185,35.60224],[-84.20215,35.60179],[-84.20215,35.60118]]},"properties":{"net":"out","o":5}},{"type":"Feature","geometry":{"type":"LineString","coordinates":[[-83.81432,35.46335],[-83.81526,35.46233],[-83.81537,35.46175],[-83.81551,35.46154],[-83.81533,35.46085],[-83.81492,35.46035],[-83.81454,35.46011],[-83.81464,35.45967],[-83.81407,35.45856],[-83.81369,35.45729],[-83.81373,35.45704],[-83.81435,35.45646],[-83.81465,35.45604],[-83.81592,35.45544],[-83.81614,35.45542],[-83.81673,35.45574],[-83.81738,35.45593],[-83.81809,35.45598],[-83.81845,35.45587],[-83.81889,35.45549],[-83.81919,35.45541]]},"properties":{"net":"NC3039","o":1}},{"type":"Feature","geometry":{"type":"LineString","coordinates":[[-83.86451,35.32755],[-83.8645,35.32771]]},"properties":{"net":"NC3038","o":2}},{"type":"Feature","geometry":{"type":"LineString","coordinates":[[-83.84354,35.45409],[-83.84355,35.45394]]},"properties":{"net":"NC3039","o":1}},{"type":"Feature","geometry":{"type":"LineString","coordinates":[[-83.92093,35.46907],[-83.92084,35.46895]]},"properties":{"net":"NC3039","o":3}},{"type":"Feature","geometry":{"type":"LineString","coordinates":[[-84.33876,35.58687],[-84.33841,35.58712],[-84.33829,35.58747],[-84.33854,35.58831],[-84.3388,35.58875],[-84.3388,35.58894],[-84.33826,35.58956],[-84.33762,35.58968]]},"properties":{"net":"out","o":4}},{"type":"Feature","geometry":{"type":"LineString","coordinates":[[-84.1543,35.60518],[-84.15524,35.60507],[-84.15558,35.60417],[-84.1559,35.60372],[-84.15668,35.60367],[-84.1571,35.60374],[-84.15733,35.60391],[-84.15731,35.60428],[-84.15706,35.6045],[-84.15641,35.60482],[-84.15609,35.60523],[-84.15602,35.60549],[-84.15606,35.60621],[-84.15558,35.60695],[-84.15568,35.6072],[-84.15596,35.60733],[-84.15639,35.60728],[-84.15716,35.60674],[-84.15812,35.60662],[-84.15819,35.60637],[-84.15799,35.60598],[-84.15797,35.60558],[-84.15809,35.60547],[-84.15844,35.60546],[-84.15908,35.60572],[-84.15943,35.60567],[-84.15964,35.6054],[-84.16016,35.60397],[-84.16041,35.60371],[-84.16068,35.6037],[-84.1612,35.60422],[-84.16127,35.60476],[-84.16116,35.60512],[-84.16132,35.60541],[-84.16252,35.60561],[-84.16279,35.6056],[-84.16291,35.60544]]},"properties":{"net":"out","o":5}},{"type":"Feature","geometry":{"type":"LineString","coordinates":[[-83.81767,35.59566],[-83.81778,35.59545],[-83.81838,35.59538],[-83.81862,35.59519],[-83.81904,35.59469],[-83.81904,35.59436],[-83.81922,35.59418],[-83.81979,35.5942],[-83.82055,35.59359],[-83.82084,35.59352],[-83.82128,35.59364],[-83.82154,35.59332],[-83.82202,35.59318],[-83.82252,35.59327],[-83.82289,35.59306],[-83.82413,35.59301],[-83.82439,35.59256],[-83.82506,35.59207]]},"properties":{"net":"out","o":4}},{"type":"Feature","geometry":{"type":"LineString","coordinates":[[-83.74837,35.26912],[-83.74893,35.27013],[-83.74932,35.27055],[-83.74917,35.27127],[-83.74933,35.27171],[-83.74959,35.27207]]},"properties":{"net":"NC3038","o":2}},{"type":"Feature","geometry":{"type":"LineString","coordinates":[[-83.73231,35.35468],[-83.73245,35.35448]]},"properties":{"net":"NC3038","o":2}},{"type":"Feature","geometry":{"type":"LineString","coordinates":[[-84.30021,35.5162],[-84.29963,35.51639],[-84.29967,35.51652],[-84.29947,35.51669],[-84.29943,35.51693],[-84.29953,35.51734],[-84.29907,35.51735],[-84.29844,35.51799],[-84.29791,35.5182],[-84.29752,35.51827],[-84.297,35.51811],[-84.29663,35.51834],[-84.29643,35.51867],[-84.29602,35.51906]]},"properties":{"net":"out","o":4}},{"type":"Feature","geometry":{"type":"LineString","coordinates":[[-84.18199,35.57062],[-84.18213,35.57076],[-84.18215,35.57101],[-84.18252,35.57132]]},"properties":{"net":"out","o":7}},{"type":"Feature","geometry":{"type":"LineString","coordinates":[[-84.23762,35.53453],[-84.23746,35.53455],[-84.23661,35.53528]]},"properties":{"net":"out","o":4}},{"type":"Feature","geometry":{"type":"LineString","coordinates":[[-84.21258,35.6034],[-84.2119,35.60345]]},"properties":{"net":"out","o":5}},{"type":"Feature","geometry":{"type":"LineString","coordinates":[[-83.80838,35.38036],[-83.80949,35.37991],[-83.81061,35.37879],[-83.81158,35.37841]]},"properties":{"net":"NC3038","o":1}},{"type":"Feature","geometry":{"type":"LineString","coordinates":[[-83.97323,35.45295],[-83.97147,35.45301],[-83.97117,35.45312]]},"properties":{"net":"out","o":4}},{"type":"Feature","geometry":{"type":"LineString","coordinates":[[-84.01029,35.51269],[-84.01074,35.51401],[-84.01077,35.51477],[-84.01048,35.51621],[-84.00994,35.51757]]},"properties":{"net":"out","o":7}},{"type":"Feature","geometry":{"type":"LineString","coordinates":[[-83.72071,35.35716],[-83.72142,35.35696],[-83.72286,35.35729],[-83.72333,35.3573],[-83.72453,35.35722],[-83.72575,35.35698],[-83.72684,35.35689],[-83.72746,35.35699],[-83.7282,35.35738],[-83.72845,35.35742],[-83.72902,35.35735],[-83.73044,35.35682]]},"properties":{"net":"NC3038","o":1}},{"type":"Feature","geometry":{"type":"LineString","coordinates":[[-84.36817,35.61363],[-84.36741,35.6143],[-84.36583,35.61391],[-84.36472,35.61412],[-84.36454,35.61427],[-84.36438,35.61486],[-84.36454,35.6156],[-84.3645,35.61583],[-84.36378,35.61616],[-84.36346,35.61653],[-84.36256,35.61665]]},"properties":{"net":"out","o":4}},{"type":"Feature","geometry":{"type":"LineString","coordinates":[[-83.73991,35.25889],[-83.73929,35.25984],[-83.73792,35.26134],[-83.7377,35.26146],[-83.73679,35.26163],[-83.73619,35.2619],[-83.73601,35.26217],[-83.73579,35.26286],[-83.73536,35.26325]]},"properties":{"net":"NC3038","o":3}},{"type":"Feature","geometry":{"type":"LineString","coordinates":[[-83.77617,35.37371],[-83.77557,35.37288],[-83.77511,35.37262],[-83.77342,35.37224],[-83.77034,35.37184]]},"properties":{"net":"NC3038","o":1}},{"type":"Feature","geometry":{"type":"LineString","coordinates":[[-83.83548,35.45037],[-83.8352,35.44983]]},"properties":{"net":"NC3039","o":1}},{"type":"Feature","geometry":{"type":"LineString","coordinates":[[-83.7846,35.28681],[-83.78526,35.28817],[-83.78537,35.28874],[-83.78534,35.28944],[-83.78546,35.28984],[-83.78689,35.29172],[-83.78693,35.29231],[-83.7872,35.29287],[-83.7872,35.29337],[-83.78739,35.29374],[-83.78737,35.29397]]},"properties":{"net":"NC3038","o":3}},{"type":"Feature","geometry":{"type":"LineString","coordinates":[[-83.90873,35.45895],[-83.90909,35.45938],[-83.90923,35.45987],[-83.90958,35.46047],[-83.90999,35.46091],[-83.91099,35.46115],[-83.91171,35.46108],[-83.91454,35.4614],[-83.91474,35.46149]]},"properties":{"net":"NC3039","o":2}},{"type":"Feature","geometry":{"type":"LineString","coordinates":[[-83.95408,35.30059],[-83.95335,35.30057],[-83.95271,35.30031]]},"properties":{"net":"NC3038","o":3}},{"type":"Feature","geometry":{"type":"LineString","coordinates":[[-83.90123,35.36718],[-83.90029,35.36817],[-83.89999,35.36821]]},"properties":{"net":"NC3038","o":1}},{"type":"Feature","geometry":{"type":"LineString","coordinates":[[-83.72493,35.29351],[-83.72639,35.29221],[-83.72757,35.29177],[-83.72807,35.29106],[-83.72943,35.28996]]},"properties":{"net":"NC3038","o":1}},{"type":"Feature","geometry":{"type":"LineString","coordinates":[[-84.19825,35.60567],[-84.19825,35.60495],[-84.19837,35.60419],[-84.19856,35.60371],[-84.19923,35.60314]]},"properties":{"net":"out","o":5}},{"type":"Feature","geometry":{"type":"LineString","coordinates":[[-83.93304,35.45254],[-83.93281,35.45239]]},"properties":{"net":"NC3039","o":3}},{"type":"Feature","geometry":{"type":"LineString","coordinates":[[-83.89613,35.463],[-83.89661,35.4621]]},"properties":{"net":"NC3039","o":1}},{"type":"Feature","geometry":{"type":"LineString","coordinates":[[-83.71445,35.31521],[-83.71493,35.31552]]},"properties":{"net":"NC3038","o":2}},{"type":"Feature","geometry":{"type":"LineString","coordinates":[[-83.74852,35.36453],[-83.7508,35.36424],[-83.75197,35.36429]]},"properties":{"net":"NC3038","o":1}},{"type":"Feature","geometry":{"type":"LineString","coordinates":[[-83.85798,35.46018],[-83.85746,35.4595],[-83.85712,35.45885],[-83.85592,35.45752],[-83.85564,35.45623],[-83.8556,35.4554],[-83.85581,35.4549],[-83.85594,35.45384],[-83.85555,35.4525],[-83.85507,35.4519]]},"properties":{"net":"NC3039","o":1}},{"type":"Feature","geometry":{"type":"LineString","coordinates":[[-83.71169,35.33074],[-83.71205,35.33038],[-83.71334,35.32802],[-83.71402,35.3272]]},"properties":{"net":"NC3038","o":1}},{"type":"Feature","geometry":{"type":"LineString","coordinates":[[-83.69328,35.29477],[-83.69398,35.29331],[-83.6942,35.29239],[-83.69402,35.29201],[-83.69355,35.29152],[-83.69347,35.29128],[-83.69329,35.28927],[-83.69285,35.2875],[-83.69244,35.28627],[-83.69249,35.28557],[-83.69242,35.28516],[-83.69209,35.28428],[-83.69138,35.28169]]},"properties":{"net":"NC3038","o":1}},{"type":"Feature","geometry":{"type":"LineString","coordinates":[[-83.96866,35.28896],[-83.96932,35.28943],[-83.96983,35.29],[-83.97038,35.29088],[-83.97101,35.29226],[-83.97175,35.29342]]},"properties":{"net":"NC3038","o":1}},{"type":"Feature","geometry":{"type":"LineString","coordinates":[[-83.88447,35.33216],[-83.88448,35.33173],[-83.88421,35.33152]]},"properties":{"net":"NC3038","o":2}},{"type":"Feature","geometry":{"type":"LineString","coordinates":[[-84.01322,35.5238],[-84.0124,35.52392]]},"properties":{"net":"out","o":4}},{"type":"Feature","geometry":{"type":"LineString","coordinates":[[-83.85846,35.32078],[-83.85788,35.32139],[-83.85702,35.32181],[-83.85618,35.32204]]},"properties":{"net":"NC3038","o":2}},{"type":"Feature","geometry":{"type":"LineString","coordinates":[[-84.00994,35.51757],[-84.0085,35.51985]]},"properties":{"net":"out","o":7}},{"type":"Feature","geometry":{"type":"LineString","coordinates":[[-83.82005,35.37973],[-83.82062,35.37928],[-83.82136,35.37904],[-83.82176,35.37869],[-83.82248,35.379],[-83.8228,35.37895],[-83.82295,35.37879],[-83.82329,35.37888],[-83.82451,35.37868],[-83.82506,35.37855],[-83.82547,35.37823],[-83.82563,35.37799],[-83.82616,35.37774],[-83.82763,35.37769],[-83.82985,35.37741],[-83.83107,35.37702],[-83.83243,35.37576],[-83.83314,35.37528],[-83.83345,35.37474],[-83.83361,35.37415],[-83.83362,35.37372],[-83.83328,35.37144]]},"properties":{"net":"NC3038","o":1}},{"type":"Feature","geometry":{"type":"LineString","coordinates":[[-83.99884,35.55546],[-83.99894,35.55515],[-84.00068,35.55357]]},"properties":{"net":"out","o":5}},{"type":"Feature","geometry":{"type":"LineString","coordinates":[[-83.84304,35.28998],[-83.84196,35.28886],[-83.84083,35.28818],[-83.84048,35.28787]]},"properties":{"net":"NC3038","o":1}},{"type":"Feature","geometry":{"type":"LineString","coordinates":[[-83.80195,35.32726],[-83.80204,35.32725]]},"properties":{"net":"NC3038","o":4}},{"type":"Feature","geometry":{"type":"LineString","coordinates":[[-83.81002,35.44423],[-83.81098,35.4448]]},"properties":{"net":"NC3039","o":7}},{"type":"Feature","geometry":{"type":"LineString","coordinates":[[-83.84588,35.30178],[-83.84621,35.30216],[-83.84743,35.30292],[-83.84896,35.3041],[-83.84986,35.30511],[-83.85139,35.30626],[-83.85326,35.30821]]},"properties":{"net":"NC3038","o":1}},{"type":"Feature","geometry":{"type":"LineString","coordinates":[[-84.21842,35.60994],[-84.21908,35.61131],[-84.21945,35.61159]]},"properties":{"net":"out","o":7}},{"type":"Feature","geometry":{"type":"LineString","coordinates":[[-83.84019,35.46906],[-83.84021,35.46884],[-83.83992,35.46848],[-83.83959,35.4677],[-83.83959,35.46718],[-83.83976,35.46674],[-83.83966,35.46638],[-83.83957,35.46522],[-83.83885,35.46406],[-83.83903,35.4624],[-83.83862,35.46141],[-83.83859,35.46031],[-83.83838,35.46015],[-83.83837,35.45975],[-83.83809,35.45921],[-83.83804,35.45881],[-83.83771,35.45831],[-83.83755,35.45775],[-83.83736,35.45752],[-83.83723,35.45695],[-83.83722,35.45668],[-83.83746,35.45644],[-83.83745,35.45573]]},"properties":{"net":"NC3039","o":1}},{"type":"Feature","geometry":{"type":"LineString","coordinates":[[-83.85178,35.2804],[-83.8503,35.28107],[-83.84954,35.28157],[-83.84903,35.28202],[-83.84783,35.28242],[-83.84686,35.28301]]},"properties":{"net":"NC3038","o":1}},{"type":"Feature","geometry":{"type":"LineString","coordinates":[[-83.87548,35.32313],[-83.87489,35.32403],[-83.87474,35.32481]]},"properties":{"net":"NC3038","o":1}},{"type":"Feature","geometry":{"type":"LineString","coordinates":[[-83.87918,35.34869],[-83.87928,35.34913],[-83.87965,35.34952],[-83.88015,35.35065],[-83.87977,35.35152]]},"properties":{"net":"NC3038","o":1}},{"type":"Feature","geometry":{"type":"LineString","coordinates":[[-84.04715,35.54474],[-84.0485,35.54551],[-84.04992,35.54589]]},"properties":{"net":"out","o":7}},{"type":"Feature","geometry":{"type":"LineString","coordinates":[[-83.89577,35.32993],[-83.89587,35.32986]]},"properties":{"net":"NC3038","o":1}},{"type":"Feature","geometry":{"type":"LineString","coordinates":[[-83.87688,35.46056],[-83.87669,35.46105],[-83.87698,35.46159]]},"properties":{"net":"NC3039","o":1}},{"type":"Feature","geometry":{"type":"LineString","coordinates":[[-83.8168,35.44738],[-83.81747,35.44905]]},"properties":{"net":"NC3039","o":7}},{"type":"Feature","geometry":{"type":"LineString","coordinates":[[-83.98346,35.57224],[-83.9841,35.57211],[-83.98551,35.57225]]},"properties":{"net":"out","o":5}},{"type":"Feature","geometry":{"type":"LineString","coordinates":[[-84.33541,35.59056],[-84.33551,35.59077],[-84.33552,35.59118],[-84.33524,35.59169]]},"properties":{"net":"out","o":4}},{"type":"Feature","geometry":{"type":"LineString","coordinates":[[-83.7393,35.3098],[-83.74043,35.31077],[-83.7407,35.31123],[-83.74095,35.3114],[-83.74267,35.31197],[-83.74393,35.31226],[-83.74583,35.31382],[-83.74679,35.31418]]},"properties":{"net":"NC3038","o":1}},{"type":"Feature","geometry":{"type":"LineString","coordinates":[[-84.13436,35.55247],[-84.13427,35.5509]]},"properties":{"net":"out","o":7}},{"type":"Feature","geometry":{"type":"LineString","coordinates":[[-84.18073,35.49958],[-84.18146,35.49957],[-84.18174,35.49978],[-84.18178,35.50022]]},"properties":{"net":"out","o":4}},{"type":"Feature","geometry":{"type":"LineString","coordinates":[[-84.19863,35.59508],[-84.19864,35.59522],[-84.19892,35.59546],[-84.19898,35.59571],[-84.19963,35.59623],[-84.19983,35.59654],[-84.20053,35.59709],[-84.20161,35.59816]]},"properties":{"net":"out","o":7}},{"type":"Feature","geometry":{"type":"LineString","coordinates":[[-83.83119,35.3302],[-83.83091,35.33187],[-83.83091,35.33259]]},"properties":{"net":"NC3038","o":1}},{"type":"Feature","geometry":{"type":"LineString","coordinates":[[-83.82364,35.2777],[-83.82195,35.27917],[-83.81931,35.28094]]},"properties":{"net":"NC3038","o":2}},{"type":"Feature","geometry":{"type":"LineString","coordinates":[[-83.82855,35.36979],[-83.82873,35.36936],[-83.82871,35.36841],[-83.82895,35.36777],[-83.82872,35.36746]]},"properties":{"net":"NC3038","o":1}},{"type":"Feature","geometry":{"type":"LineString","coordinates":[[-83.89587,35.32986],[-83.89573,35.32976],[-83.89571,35.32943],[-83.89591,35.3291],[-83.89589,35.32867],[-83.89569,35.32828],[-83.89535,35.32811]]},"properties":{"net":"NC3038","o":4}},{"type":"Feature","geometry":{"type":"LineString","coordinates":[[-83.92223,35.27347],[-83.92149,35.27383],[-83.92104,35.27388],[-83.91934,35.27278]]},"properties":{"net":"NC6264","o":4}},{"type":"Feature","geometry":{"type":"LineString","coordinates":[[-83.82069,35.50008],[-83.82114,35.49967],[-83.82185,35.49955],[-83.82312,35.49901],[-83.82454,35.49871],[-83.82544,35.49805],[-83.82642,35.49768],[-83.82755,35.4977],[-83.82907,35.49753],[-83.82939,35.4969],[-83.82935,35.49658],[-83.82947,35.49636],[-83.83072,35.49613]]},"properties":{"net":"NC3039","o":1}},{"type":"Feature","geometry":{"type":"LineString","coordinates":[[-83.89526,35.38544],[-83.89516,35.38505],[-83.89488,35.38459],[-83.89496,35.38429],[-83.8948,35.38356],[-83.89482,35.38266],[-83.89459,35.38163],[-83.89469,35.38127],[-83.89472,35.38031],[-83.89407,35.37879],[-83.89303,35.3776]]},"properties":{"net":"NC3038","o":1}},{"type":"Feature","geometry":{"type":"LineString","coordinates":[[-83.76582,35.2624],[-83.76538,35.26303],[-83.76516,35.26356],[-83.7645,35.26407],[-83.76428,35.26449],[-83.76357,35.26497]]},"properties":{"net":"NC3038","o":3}},{"type":"Feature","geometry":{"type":"LineString","coordinates":[[-83.91835,35.30143],[-83.91802,35.30174],[-83.91752,35.30188],[-83.91559,35.30182],[-83.91233,35.30222],[-83.912,35.30236],[-83.91195,35.30268],[-83.91206,35.30306],[-83.91228,35.3034],[-83.91269,35.30375],[-83.91286,35.30417],[-83.9127,35.30451],[-83.91208,35.30483],[-83.91199,35.30498],[-83.91203,35.30536],[-83.91236,35.30636],[-83.91218,35.30732],[-83.91241,35.30758],[-83.91332,35.30792],[-83.91361,35.3082],[-83.91353,35.3084],[-83.91291,35.30889],[-83.91272,35.30968]]},"properties":{"net":"NC3038","o":3}},{"type":"Feature","geometry":{"type":"LineString","coordinates":[[-83.85819,35.45005],[-83.85895,35.44987]]},"properties":{"net":"NC3039","o":7}},{"type":"Feature","geometry":{"type":"LineString","coordinates":[[-83.93406,35.37739],[-83.93339,35.3765],[-83.9329,35.3761]]},"properties":{"net":"sm2628","o":2}},{"type":"Feature","geometry":{"type":"LineString","coordinates":[[-83.75177,35.25487],[-83.75265,35.25525],[-83.75348,35.25586],[-83.755,35.25644],[-83.75532,35.25677],[-83.75572,35.25741]]},"properties":{"net":"NC3038","o":1}},{"type":"Feature","geometry":{"type":"LineString","coordinates":[[-83.85348,35.59127],[-83.8555,35.59169],[-83.85629,35.59213],[-83.8568,35.59269],[-83.85703,35.59354],[-83.85751,35.59465],[-83.85787,35.59504],[-83.85845,35.59509],[-83.8599,35.59485]]},"properties":{"net":"out","o":5}},{"type":"Feature","geometry":{"type":"LineString","coordinates":[[-83.85986,35.3496],[-83.85939,35.34962],[-83.85838,35.35016]]},"properties":{"net":"NC3038","o":6}},{"type":"Feature","geometry":{"type":"LineString","coordinates":[[-83.85836,35.45069],[-83.85819,35.45005]]},"properties":{"net":"NC3039","o":1}},{"type":"Feature","geometry":{"type":"LineString","coordinates":[[-84.14289,35.66509],[-84.14389,35.66463],[-84.14448,35.66447],[-84.14507,35.66407],[-84.14578,35.66383],[-84.14721,35.66255],[-84.14719,35.66229],[-84.14696,35.66212],[-84.14616,35.66212],[-84.14482,35.66265],[-84.14432,35.66234],[-84.14347,35.6622],[-84.14287,35.66175],[-84.14277,35.66161],[-84.14274,35.66118],[-84.14282,35.66115]]},"properties":{"net":"out","o":5}},{"type":"Feature","geometry":{"type":"LineString","coordinates":[[-84.09831,35.53789],[-84.09808,35.53805],[-84.09781,35.53861],[-84.09782,35.53889],[-84.09764,35.53955],[-84.09744,35.5398]]},"properties":{"net":"out","o":4}},{"type":"Feature","geometry":{"type":"LineString","coordinates":[[-84.09383,35.52644],[-84.09307,35.52653],[-84.09282,35.52676],[-84.09298,35.52852],[-84.09335,35.52879],[-84.09387,35.52877],[-84.0951,35.52829]]},"properties":{"net":"out","o":4}},{"type":"Feature","geometry":{"type":"LineString","coordinates":[[-84.26494,35.46173],[-84.26489,35.46175]]},"properties":{"net":"out","o":5}},{"type":"Feature","geometry":{"type":"LineString","coordinates":[[-84.34721,35.58052],[-84.34626,35.5816],[-84.34619,35.58214],[-84.34594,35.58239]]},"properties":{"net":"out","o":4}},{"type":"Feature","geometry":{"type":"LineString","coordinates":[[-83.90428,35.47346],[-83.90295,35.47307],[-83.90156,35.4723],[-83.89984,35.47184],[-83.89957,35.47167]]},"properties":{"net":"NC3039","o":1}},{"type":"Feature","geometry":{"type":"LineString","coordinates":[[-83.88565,35.43944],[-83.88574,35.44022],[-83.88516,35.44145],[-83.88501,35.4426],[-83.88504,35.44284],[-83.88523,35.44317],[-83.88608,35.44397],[-83.8863,35.44449],[-83.88634,35.44467],[-83.88593,35.44544],[-83.88612,35.44605]]},"properties":{"net":"NC3039","o":1}},{"type":"Feature","geometry":{"type":"LineString","coordinates":[[-83.9684,35.65517],[-83.96842,35.65488],[-83.96877,35.65449],[-83.96932,35.65358],[-83.96947,35.65342],[-83.96996,35.65332],[-83.97016,35.65318],[-83.97089,35.65248],[-83.97107,35.65183],[-83.97133,35.65171],[-83.97131,35.65024]]},"properties":{"net":"out","o":4}},{"type":"Feature","geometry":{"type":"LineString","coordinates":[[-83.73338,35.31488],[-83.73437,35.31488],[-83.73489,35.31504],[-83.7356,35.3155],[-83.73613,35.31598],[-83.73659,35.3162]]},"properties":{"net":"NC3038","o":3}},{"type":"Feature","geometry":{"type":"LineString","coordinates":[[-84.04279,35.54227],[-84.0454,35.54375]]},"properties":{"net":"out","o":7}},{"type":"Feature","geometry":{"type":"LineString","coordinates":[[-84.11685,35.60386],[-84.11889,35.60256],[-84.11942,35.6025],[-84.11969,35.60256],[-84.12015,35.60287],[-84.12044,35.60387],[-84.12067,35.60411],[-84.12224,35.60427]]},"properties":{"net":"out","o":5}},{"type":"Feature","geometry":{"type":"LineString","coordinates":[[-83.96201,35.30696],[-83.96281,35.30631],[-83.9634,35.30565],[-83.96326,35.30397],[-83.96298,35.30307]]},"properties":{"net":"NC3038","o":1}},{"type":"Feature","geometry":{"type":"LineString","coordinates":[[-84.04597,35.66374],[-84.04538,35.66321],[-84.04543,35.6631],[-84.04598,35.66287],[-84.04598,35.6625],[-84.04566,35.66194],[-84.0457,35.66176],[-84.04606,35.66148],[-84.04649,35.66146],[-84.04714,35.66088],[-84.04808,35.66073],[-84.04892,35.66032],[-84.04927,35.6603],[-84.04932,35.66017],[-84.04907,35.66008],[-84.04909,35.65997],[-84.04989,35.65934],[-84.04991,35.65913]]},"properties":{"net":"out","o":4}},{"type":"Feature","geometry":{"type":"LineString","coordinates":[[-83.92775,35.27037],[-83.92763,35.27068],[-83.92736,35.27092],[-83.92618,35.27106]]},"properties":{"net":"NC6264","o":4}},{"type":"Feature","geometry":{"type":"LineString","coordinates":[[-83.97957,35.44822],[-83.97857,35.44812],[-83.97828,35.448],[-83.97766,35.44744],[-83.97722,35.44723],[-83.97613,35.44697],[-83.97586,35.44701],[-83.97533,35.44767],[-83.97483,35.44793],[-83.97397,35.44782],[-83.97334,35.4474],[-83.97293,35.44729]]},"properties":{"net":"out","o":4}},{"type":"Feature","geometry":{"type":"LineString","coordinates":[[-84.37159,35.60548],[-84.37146,35.60555],[-84.37146,35.60579],[-84.37163,35.60625],[-84.37248,35.60661],[-84.37298,35.60724],[-84.37369,35.60753],[-84.37376,35.60765],[-84.37321,35.60932],[-84.37284,35.60957],[-84.37235,35.60965]]},"properties":{"net":"out","o":4}},{"type":"Feature","geometry":{"type":"LineString","coordinates":[[-84.23887,35.69192],[-84.23914,35.69194],[-84.23947,35.69218],[-84.23967,35.69261],[-84.24032,35.69312],[-84.24138,35.693],[-84.24177,35.69284],[-84.24234,35.69282],[-84.24455,35.69351],[-84.24536,35.69362],[-84.24668,35.69357],[-84.24822,35.69469]]},"properties":{"net":"out","o":4}},{"type":"Feature","geometry":{"type":"LineString","coordinates":[[-83.89593,35.44899],[-83.89596,35.44865],[-83.89582,35.4481],[-83.89516,35.44737],[-83.89447,35.44686],[-83.89315,35.44508]]},"properties":{"net":"NC3039","o":1}},{"type":"Feature","geometry":{"type":"LineString","coordinates":[[-83.93143,35.44039],[-83.93517,35.44034],[-83.93603,35.44067],[-83.93658,35.44108]]},"properties":{"net":"out","o":6}},{"type":"Feature","geometry":{"type":"LineString","coordinates":[[-83.76253,35.27525],[-83.76179,35.27656]]},"properties":{"net":"NC3038","o":3}},{"type":"Feature","geometry":{"type":"LineString","coordinates":[[-83.9279,35.46305],[-83.92729,35.46291]]},"properties":{"net":"NC3090","o":4}},{"type":"Feature","geometry":{"type":"LineString","coordinates":[[-83.89321,35.44053],[-83.89333,35.44119],[-83.89295,35.44219],[-83.89307,35.44242],[-83.89285,35.4426],[-83.89283,35.44287],[-83.893,35.44351],[-83.89288,35.44372],[-83.89292,35.44454],[-83.89254,35.44501]]},"properties":{"net":"NC3039","o":1}},{"type":"Feature","geometry":{"type":"LineString","coordinates":[[-84.27713,35.5127],[-84.27707,35.51285]]},"properties":{"net":"out","o":4}},{"type":"Feature","geometry":{"type":"LineString","coordinates":[[-83.88201,35.47868],[-83.88192,35.47759],[-83.88164,35.47717],[-83.88172,35.47681],[-83.88148,35.47638],[-83.88139,35.47594],[-83.88103,35.47555],[-83.88049,35.47445],[-83.88019,35.47418],[-83.87953,35.474],[-83.87798,35.47409]]},"properties":{"net":"NC3039","o":1}},{"type":"Feature","geometry":{"type":"LineString","coordinates":[[-84.09735,35.54062],[-84.09751,35.54076]]},"properties":{"net":"out","o":4}},{"type":"Feature","geometry":{"type":"LineString","coordinates":[[-83.87606,35.33741],[-83.87537,35.3369],[-83.87486,35.3369],[-83.87458,35.3367],[-83.87424,35.33617],[-83.87383,35.33586],[-83.87365,35.33576],[-83.87329,35.33577],[-83.87228,35.33506],[-83.87157,35.33494],[-83.871,35.33496],[-83.87046,35.3348],[-83.86844,35.33489],[-83.86815,35.33515],[-83.86779,35.33516],[-83.86733,35.33558],[-83.86714,35.33595],[-83.86703,35.33639],[-83.86709,35.33743],[-83.86693,35.33758],[-83.86694,35.33776],[-83.86652,35.33821],[-83.86664,35.34019],[-83.86606,35.34072],[-83.86558,35.34081]]},"properties":{"net":"NC3038","o":4}},{"type":"Feature","geometry":{"type":"LineString","coordinates":[[-83.90879,35.34021],[-83.90838,35.34],[-83.90816,35.34001],[-83.90799,35.34016],[-83.90785,35.34071],[-83.90743,35.34109],[-83.90729,35.34174],[-83.90675,35.34223]]},"properties":{"net":"NC3217","o":4}},{"type":"Feature","geometry":{"type":"LineString","coordinates":[[-84.12084,35.46207],[-84.1216,35.4628],[-84.12182,35.46341],[-84.12242,35.46392]]},"properties":{"net":"out","o":4}},{"type":"Feature","geometry":{"type":"LineString","coordinates":[[-83.84152,35.3194],[-83.84178,35.32079],[-83.84188,35.32101],[-83.84211,35.32118]]},"properties":{"net":"NC3038","o":5}},{"type":"Feature","geometry":{"type":"LineString","coordinates":[[-83.82129,35.2723],[-83.82131,35.27259],[-83.82117,35.27309],[-83.82031,35.27467],[-83.81875,35.27603],[-83.81834,35.27655]]},"properties":{"net":"NC3038","o":4}},{"type":"Feature","geometry":{"type":"LineString","coordinates":[[-84.07476,35.54452],[-84.07573,35.54448],[-84.07707,35.54399]]},"properties":{"net":"out","o":7}},{"type":"Feature","geometry":{"type":"LineString","coordinates":[[-83.78308,35.36308],[-83.78254,35.36282],[-83.78149,35.36211],[-83.78068,35.36106],[-83.78048,35.36025],[-83.78049,35.35923]]},"properties":{"net":"NC3038","o":1}},{"type":"Feature","geometry":{"type":"LineString","coordinates":[[-83.85238,35.28773],[-83.84946,35.28646],[-83.84895,35.28614],[-83.84593,35.28648]]},"properties":{"net":"NC3038","o":1}},{"type":"Feature","geometry":{"type":"LineString","coordinates":[[-83.82847,35.35335],[-83.82918,35.35281],[-83.82953,35.35267]]},"properties":{"net":"NC3038","o":3}},{"type":"Feature","geometry":{"type":"LineString","coordinates":[[-83.81919,35.45541],[-83.81947,35.45503],[-83.81954,35.45432],[-83.81856,35.45394],[-83.81798,35.45317],[-83.81746,35.45289],[-83.81733,35.4526]]},"properties":{"net":"NC3039","o":2}}]}